iso_time,elapsed_s,mission_id,run_mode,event,hw_mode,lat,lng,yaw_deg,gps_fix,gps_ready,lidar_min_front_m,lidar_obstacle,pwm_l,pwm_r,enc_l,enc_r,wheel_speed_l_kph,wheel_speed_r_kph,wheel_speed_avg_kph,wp_idx,path_len,target_lat,target_lng,dist_to_target_m,battery_soc_pct,battery_voltage_v,battery_current_a,battery_temp_c,battery_status,num_sats,segment,follow_status,follow_debug
2026-07-16T22:34:46.045,0.046,mission_20260716_223446_manual,MANUAL,MISSION_START,0,13.330268859863281,100.99790954589844,150.56410266749245,4,True,0.6802499890327454,1,0,0,1,0,0.0,0.0,0.0,0,0,nan,nan,nan,,nan,nan,nan,2,27,-,READY owner=Surnn refs=24,"{""cmd"": ""STOP"", ""status"": ""READY"", ""detector"": ""yolo"", ""state"": ""IDLE"", ""owner"": ""Surnn"", ""score"": null, ""match_max"": 0.5, ""refs"": 24, ""match_mode"": ""none"", ""steer_zones"": 41, ""people"": 0, ""track_id"": null, ""target_ex"": 0.0, ""target_cx_vel_px_s"": 0.0, ""target_age_s"": null, ""lidar_min_m"": 0.27, ""target_lidar_m"": null, ""target_lidar_deg"": null, ""camera_range_m"
2026-07-16T22:34:48.051,2.052,mission_20260716_223446_manual,MANUAL,,0,13.330269813537598,100.99790954589844,150.57565934756812,4,True,0.6797500252723694,1,0,0,1,0,0.0,0.0,0.0,0,0,nan,nan,nan,,nan,nan,nan,2,27,-,READY owner=Surnn refs=24,"{""cmd"": ""STOP"", ""status"": ""READY"", ""detector"": ""yolo"", ""state"": ""IDLE"", ""owner"": ""Surnn"", ""score"": null, ""match_max"": 0.5, ""refs"": 24, ""match_mode"": ""none"", ""steer_zones"": 41, ""people"": 0, ""track_id"": null, ""target_ex"": 0.0, ""target_cx_vel_px_s"": 0.0, ""target_age_s"": null, ""lidar_min_m"": 0.28, ""target_lidar_m"": null, ""target_lidar_deg"": null, ""camera_range_m"
2026-07-16T22:34:50.052,4.053,mission_20260716_223446_manual,MANUAL,,0,13.330270767211914,100.99790954589844,150.57755814015738,4,True,0.6804999709129333,1,0,0,1,0,0.0,0.0,0.0,0,0,nan,nan,nan,,nan,nan,nan,2,27,-,READY owner=Surnn refs=24,"{""cmd"": ""STOP"", ""status"": ""READY"", ""detector"": ""yolo"", ""state"": ""IDLE"", ""owner"": ""Surnn"", ""score"": null, ""match_max"": 0.5, ""refs"": 24, ""match_mode"": ""none"", ""steer_zones"": 41, ""people"": 0, ""track_id"": null, ""target_ex"": 0.0, ""target_cx_vel_px_s"": 0.0, ""target_age_s"": null, ""lidar_min_m"": 0.27, ""target_lidar_m"": null, ""target_lidar_deg"": null, ""camera_range_m"
2026-07-16T22:34:52.062,6.062,mission_20260716_223446_manual,MANUAL,,0,13.330270767211914,100.99790954589844,150.58311791414178,4,True,0.6807500123977661,1,0,0,1,0,0.0,0.0,0.0,0,0,nan,nan,nan,,nan,nan,nan,2,26,-,READY owner=Surnn refs=24,"{""cmd"": ""STOP"", ""status"": ""READY"", ""detector"": ""yolo"", ""state"": ""IDLE"", ""owner"": ""Surnn"", ""score"": null, ""match_max"": 0.5, ""refs"": 24, ""match_mode"": ""none"", ""steer_zones"": 41, ""people"": 0, ""track_id"": null, ""target_ex"": 0.0, ""target_cx_vel_px_s"": 0.0, ""target_age_s"": null, ""lidar_min_m"": 0.28, ""target_lidar_m"": null, ""target_lidar_deg"": null, ""camera_range_m"
2026-07-16T22:34:54.063,8.064,mission_20260716_223446_manual,MANUAL,,0,13.33027172088623,100.99790954589844,150.57996236674524,4,True,0.6804999709129333,1,0,0,1,0,0.0,0.0,0.0,0,0,nan,nan,nan,,nan,nan,nan,2,27,-,READY owner=Surnn refs=24,"{""cmd"": ""STOP"", ""status"": ""READY"", ""detector"": ""yolo"", ""state"": ""IDLE"", ""owner"": ""Surnn"", ""score"": null, ""match_max"": 0.5, ""refs"": 24, ""match_mode"": ""none"", ""steer_zones"": 41, ""people"": 0, ""track_id"": null, ""target_ex"": 0.0, ""target_cx_vel_px_s"": 0.0, ""target_age_s"": null, ""lidar_min_m"": 0.26, ""target_lidar_m"": null, ""target_lidar_deg"": null, ""camera_range_m"
2026-07-16T22:34:56.122,10.122,mission_20260716_223446_manual,MANUAL,,0,13.330272674560547,100.99790954589844,150.5716295359578,4,True,0.6815000176429749,1,0,0,1,0,0.0,0.0,0.0,0,0,nan,nan,nan,,nan,nan,nan,2,27,-,READY owner=Surnn refs=24,"{""cmd"": ""STOP"", ""status"": ""READY"", ""detector"": ""yolo"", ""state"": ""IDLE"", ""owner"": ""Surnn"", ""score"": null, ""match_max"": 0.5, ""refs"": 24, ""match_mode"": ""none"", ""steer_zones"": 41, ""people"": 0, ""track_id"": null, ""target_ex"": 0.0, ""target_cx_vel_px_s"": 0.0, ""target_age_s"": null, ""lidar_min_m"": 0.28, ""target_lidar_m"": null, ""target_lidar_deg"": null, ""camera_range_m"
2026-07-16T22:34:58.202,12.202,mission_20260716_223446_manual,MANUAL,,0,13.33027458190918,100.99790954589844,150.56929361126168,4,True,0.6792500019073486,1,0,0,1,0,0.0,0.0,0.0,0,0,nan,nan,nan,,nan,nan,nan,2,27,-,READY owner=Surnn refs=24,"{""cmd"": ""STOP"", ""status"": ""READY"", ""detector"": ""yolo"", ""state"": ""IDLE"", ""owner"": ""Surnn"", ""score"": null, ""match_max"": 0.5, ""refs"": 24, ""match_mode"": ""none"", ""steer_zones"": 41, ""people"": 0, ""track_id"": null, ""target_ex"": 0.0, ""target_cx_vel_px_s"": 0.0, ""target_age_s"": null, ""lidar_min_m"": 0.26, ""target_lidar_m"": null, ""target_lidar_deg"": null, ""camera_range_m"
2026-07-16T22:35:00.237,14.237,mission_20260716_223446_manual,MANUAL,,0,13.330276489257812,100.99790954589844,150.57845972512783,4,True,0.6804999709129333,1,0,0,1,0,0.0,0.0,0.0,0,0,nan,nan,nan,,nan,nan,nan,2,27,-,READY owner=Surnn refs=24,"{""cmd"": ""STOP"", ""status"": ""READY"", ""detector"": ""yolo"", ""state"": ""IDLE"", ""owner"": ""Surnn"", ""score"": null, ""match_max"": 0.5, ""refs"": 24, ""match_mode"": ""none"", ""steer_zones"": 41, ""people"": 0, ""track_id"": null, ""target_ex"": 0.0, ""target_cx_vel_px_s"": 0.0, ""target_age_s"": null, ""lidar_min_m"": 0.27, ""target_lidar_m"": null, ""target_lidar_deg"": null, ""camera_range_m"
2026-07-16T22:35:02.268,16.268,mission_20260716_223446_manual,MANUAL,,0,13.330278396606445,100.99790954589844,150.57845972512783,4,True,0.6797500252723694,1,0,0,1,0,0.0,0.0,0.0,0,0,nan,nan,nan,,nan,nan,nan,2,27,-,READY owner=Surnn refs=24,"{""cmd"": ""STOP"", ""status"": ""READY"", ""detector"": ""yolo"", ""state"": ""IDLE"", ""owner"": ""Surnn"", ""score"": null, ""match_max"": 0.5, ""refs"": 24, ""match_mode"": ""none"", ""steer_zones"": 41, ""people"": 0, ""track_id"": null, ""target_ex"": 0.0, ""target_cx_vel_px_s"": 0.0, ""target_age_s"": null, ""lidar_min_m"": 0.27, ""target_lidar_m"": null, ""target_lidar_deg"": null, ""camera_range_m"
2026-07-16T22:35:04.308,18.309,mission_20260716_223446_manual,MANUAL,,0,13.330280303955078,100.99790954589844,150.57378787573555,4,True,0.6779999732971191,1,0,0,1,0,0.0,0.0,0.0,0,0,nan,nan,nan,,nan,nan,nan,2,27,-,READY owner=Surnn refs=24,"{""cmd"": ""STOP"", ""status"": ""READY"", ""detector"": ""yolo"", ""state"": ""IDLE"", ""owner"": ""Surnn"", ""score"": null, ""match_max"": 0.5, ""refs"": 24, ""match_mode"": ""none"", ""steer_zones"": 41, ""people"": 0, ""track_id"": null, ""target_ex"": 0.0, ""target_cx_vel_px_s"": 0.0, ""target_age_s"": null, ""lidar_min_m"": 0.26, ""target_lidar_m"": null, ""target_lidar_deg"": null, ""camera_range_m"
2026-07-16T22:35:06.328,20.329,mission_20260716_223446_manual,MANUAL,,0,13.330282211303711,100.99790954589844,150.56856961120965,4,True,0.6802499890327454,1,0,0,1,0,0.0,0.0,0.0,0,0,nan,nan,nan,,nan,nan,nan,2,28,-,READY owner=Surnn refs=24,"{""cmd"": ""STOP"", ""status"": ""READY"", ""detector"": ""yolo"", ""state"": ""IDLE"", ""owner"": ""Surnn"", ""score"": null, ""match_max"": 0.5, ""refs"": 24, ""match_mode"": ""none"", ""steer_zones"": 41, ""people"": 0, ""track_id"": null, ""target_ex"": 0.0, ""target_cx_vel_px_s"": 0.0, ""target_age_s"": null, ""lidar_min_m"": 0.27, ""target_lidar_m"": null, ""target_lidar_deg"": null, ""camera_range_m"
2026-07-16T22:35:08.358,22.359,mission_20260716_223446_manual,MANUAL,,0,13.330284118652344,100.99791717529297,150.57341904552035,4,True,0.6804999709129333,1,0,0,1,0,0.0,0.0,0.0,0,0,nan,nan,nan,,nan,nan,nan,2,26,-,READY owner=Surnn refs=24,"{""cmd"": ""STOP"", ""status"": ""READY"", ""detector"": ""yolo"", ""state"": ""IDLE"", ""owner"": ""Surnn"", ""score"": null, ""match_max"": 0.5, ""refs"": 24, ""match_mode"": ""none"", ""steer_zones"": 41, ""people"": 0, ""track_id"": null, ""target_ex"": 0.0, ""target_cx_vel_px_s"": 0.0, ""target_age_s"": null, ""lidar_min_m"": 0.28, ""target_lidar_m"": null, ""target_lidar_deg"": null, ""camera_range_m"
2026-07-16T22:35:10.391,24.391,mission_20260716_223446_manual,MANUAL,,0,13.33028507232666,100.99791717529297,150.57586425324322,4,True,0.6800000071525574,1,0,0,1,0,0.0,0.0,0.0,0,0,nan,nan,nan,,nan,nan,nan,2,28,-,READY owner=Surnn refs=24,"{""cmd"": ""STOP"", ""status"": ""READY"", ""detector"": ""yolo"", ""state"": ""IDLE"", ""owner"": ""Surnn"", ""score"": null, ""match_max"": 0.5, ""refs"": 24, ""match_mode"": ""none"", ""steer_zones"": 41, ""people"": 0, ""track_id"": null, ""target_ex"": 0.0, ""target_cx_vel_px_s"": 0.0, ""target_age_s"": null, ""lidar_min_m"": 0.27, ""target_lidar_m"": null, ""target_lidar_deg"": null, ""camera_range_m"
2026-07-16T22:35:12.415,26.416,mission_20260716_223446_manual,MANUAL,,0,13.330286026000977,100.99791717529297,150.5836370085187,4,True,0.6779999732971191,1,0,0,1,0,0.0,0.0,0.0,0,0,nan,nan,nan,,nan,nan,nan,2,28,-,READY owner=Surnn refs=24,"{""cmd"": ""STOP"", ""status"": ""READY"", ""detector"": ""yolo"", ""state"": ""IDLE"", ""owner"": ""Surnn"", ""score"": null, ""match_max"": 0.5, ""refs"": 24, ""match_mode"": ""none"", ""steer_zones"": 41, ""people"": 0, ""track_id"": null, ""target_ex"": 0.0, ""target_cx_vel_px_s"": 0.0, ""target_age_s"": null, ""lidar_min_m"": 0.28, ""target_lidar_m"": null, ""target_lidar_deg"": null, ""camera_range_m"
2026-07-16T22:35:14.441,28.442,mission_20260716_223446_manual,MANUAL,,0,13.33028793334961,100.99791717529297,150.5809049328507,4,True,0.6804999709129333,1,0,0,1,0,0.0,0.0,0.0,0,0,nan,nan,nan,,nan,nan,nan,2,27,-,READY owner=Surnn refs=24,"{""cmd"": ""STOP"", ""status"": ""READY"", ""detector"": ""yolo"", ""state"": ""IDLE"", ""owner"": ""Surnn"", ""score"": null, ""match_max"": 0.5, ""refs"": 24, ""match_mode"": ""none"", ""steer_zones"": 41, ""people"": 0, ""track_id"": null, ""target_ex"": 0.0, ""target_cx_vel_px_s"": 0.0, ""target_age_s"": null, ""lidar_min_m"": 0.27, ""target_lidar_m"": null, ""target_lidar_deg"": null, ""camera_range_m"
2026-07-16T22:35:16.478,30.478,mission_20260716_223446_manual,MANUAL,,0,13.33028793334961,100.99791717529297,150.58086395171568,4,True,0.6807500123977661,1,0,0,1,0,0.0,0.0,0.0,0,0,nan,nan,nan,,nan,nan,nan,2,28,-,READY owner=Surnn refs=24,"{""cmd"": ""STOP"", ""status"": ""READY"", ""detector"": ""yolo"", ""state"": ""IDLE"", ""owner"": ""Surnn"", ""score"": null, ""match_max"": 0.5, ""refs"": 24, ""match_mode"": ""none"", ""steer_zones"": 41, ""people"": 0, ""track_id"": null, ""target_ex"": 0.0, ""target_cx_vel_px_s"": 0.0, ""target_age_s"": null, ""lidar_min_m"": 0.29, ""target_lidar_m"": null, ""target_lidar_deg"": null, ""camera_range_m"
2026-07-16T22:35:18.547,32.548,mission_20260716_223446_manual,MANUAL,,0,13.330289840698242,100.99791717529297,150.57713466842884,4,True,0.6802499890327454,1,0,0,1,0,0.0,0.0,0.0,0,0,nan,nan,nan,,nan,nan,nan,2,27,-,READY owner=Surnn refs=24,"{""cmd"": ""STOP"", ""status"": ""READY"", ""detector"": ""yolo"", ""state"": ""IDLE"", ""owner"": ""Surnn"", ""score"": null, ""match_max"": 0.5, ""refs"": 24, ""match_mode"": ""none"", ""steer_zones"": 41, ""people"": 0, ""track_id"": null, ""target_ex"": 0.0, ""target_cx_vel_px_s"": 0.0, ""target_age_s"": null, ""lidar_min_m"": 0.28, ""target_lidar_m"": null, ""target_lidar_deg"": null, ""camera_range_m"
2026-07-16T22:35:20.639,34.639,mission_20260716_223446_manual,MANUAL,,0,13.330291748046875,100.99791717529297,150.5777357250758,4,True,0.6790000200271606,1,0,0,1,0,0.0,0.0,0.0,0,0,nan,nan,nan,,nan,nan,nan,2,26,-,READY owner=Surnn refs=24,"{""cmd"": ""STOP"", ""status"": ""READY"", ""detector"": ""yolo"", ""state"": ""IDLE"", ""owner"": ""Surnn"", ""score"": null, ""match_max"": 0.5, ""refs"": 24, ""match_mode"": ""none"", ""steer_zones"": 41, ""people"": 0, ""track_id"": null, ""target_ex"": 0.0, ""target_cx_vel_px_s"": 0.0, ""target_age_s"": null, ""lidar_min_m"": 0.27, ""target_lidar_m"": null, ""target_lidar_deg"": null, ""camera_range_m"
2026-07-16T22:35:22.667,36.667,mission_20260716_223446_manual,MANUAL,,0,13.330294609069824,100.9979248046875,150.57621942308006,4,True,0.6797500252723694,1,0,0,1,0,0.0,0.0,0.0,0,0,nan,nan,nan,,nan,nan,nan,2,28,-,READY owner=Surnn refs=24,"{""cmd"": ""STOP"", ""status"": ""READY"", ""detector"": ""yolo"", ""state"": ""IDLE"", ""owner"": ""Surnn"", ""score"": null, ""match_max"": 0.5, ""refs"": 24, ""match_mode"": ""none"", ""steer_zones"": 41, ""people"": 0, ""track_id"": null, ""target_ex"": 0.0, ""target_cx_vel_px_s"": 0.0, ""target_age_s"": null, ""lidar_min_m"": 0.28, ""target_lidar_m"": null, ""target_lidar_deg"": null, ""camera_range_m"
2026-07-16T22:35:24.688,38.688,mission_20260716_223446_manual,MANUAL,,0,13.330296516418457,100.9979248046875,150.58005798939362,4,True,0.6777499914169312,1,0,0,1,0,0.0,0.0,0.0,0,0,nan,nan,nan,,nan,nan,nan,2,25,-,READY owner=Surnn refs=24,"{""cmd"": ""STOP"", ""status"": ""READY"", ""detector"": ""yolo"", ""state"": ""IDLE"", ""owner"": ""Surnn"", ""score"": null, ""match_max"": 0.5, ""refs"": 24, ""match_mode"": ""none"", ""steer_zones"": 41, ""people"": 0, ""track_id"": null, ""target_ex"": 0.0, ""target_cx_vel_px_s"": 0.0, ""target_age_s"": null, ""lidar_min_m"": 0.28, ""target_lidar_m"": null, ""target_lidar_deg"": null, ""camera_range_m"
2026-07-16T22:35:26.744,40.744,mission_20260716_223446_manual,MANUAL,,0,13.330297470092773,100.9979248046875,150.5925708959531,4,True,0.6815000176429749,1,0,0,1,0,0.0,0.0,0.0,0,0,nan,nan,nan,,nan,nan,nan,2,25,-,READY owner=Surnn refs=24,"{""cmd"": ""STOP"", ""status"": ""READY"", ""detector"": ""yolo"", ""state"": ""IDLE"", ""owner"": ""Surnn"", ""score"": null, ""match_max"": 0.5, ""refs"": 24, ""match_mode"": ""none"", ""steer_zones"": 41, ""people"": 0, ""track_id"": null, ""target_ex"": 0.0, ""target_cx_vel_px_s"": 0.0, ""target_age_s"": null, ""lidar_min_m"": 0.28, ""target_lidar_m"": null, ""target_lidar_deg"": null, ""camera_range_m"
2026-07-16T22:35:28.769,42.77,mission_20260716_223446_manual,MANUAL,,0,13.330299377441406,100.9979248046875,150.5999884813917,4,True,0.6794999837875366,1,0,0,1,0,0.0,0.0,0.0,0,0,nan,nan,nan,,nan,nan,nan,2,26,-,READY owner=Surnn refs=24,"{""cmd"": ""STOP"", ""status"": ""READY"", ""detector"": ""yolo"", ""state"": ""IDLE"", ""owner"": ""Surnn"", ""score"": null, ""match_max"": 0.5, ""refs"": 24, ""match_mode"": ""none"", ""steer_zones"": 41, ""people"": 0, ""track_id"": null, ""target_ex"": 0.0, ""target_cx_vel_px_s"": 0.0, ""target_age_s"": null, ""lidar_min_m"": 0.29, ""target_lidar_m"": null, ""target_lidar_deg"": null, ""camera_range_m"
2026-07-16T22:35:30.785,44.786,mission_20260716_223446_manual,MANUAL,,0,13.330301284790039,100.9979248046875,150.59604063205143,4,True,0.6790000200271606,1,0,0,1,0,0.0,0.0,0.0,0,0,nan,nan,nan,,nan,nan,nan,2,26,-,READY owner=Surnn refs=24,"{""cmd"": ""STOP"", ""status"": ""READY"", ""detector"": ""yolo"", ""state"": ""IDLE"", ""owner"": ""Surnn"", ""score"": null, ""match_max"": 0.5, ""refs"": 24, ""match_mode"": ""none"", ""steer_zones"": 41, ""people"": 0, ""track_id"": null, ""target_ex"": 0.0, ""target_cx_vel_px_s"": 0.0, ""target_age_s"": null, ""lidar_min_m"": 0.29, ""target_lidar_m"": null, ""target_lidar_deg"": null, ""camera_range_m"
2026-07-16T22:35:32.811,46.811,mission_20260716_223446_manual,MANUAL,,0,13.330303192138672,100.99793243408203,150.60168236830586,4,True,0.6809999942779541,1,0,0,1,0,0.0,0.0,0.0,0,0,nan,nan,nan,,nan,nan,nan,2,26,-,READY owner=Surnn refs=24,"{""cmd"": ""STOP"", ""status"": ""READY"", ""detector"": ""yolo"", ""state"": ""IDLE"", ""owner"": ""Surnn"", ""score"": null, ""match_max"": 0.5, ""refs"": 24, ""match_mode"": ""none"", ""steer_zones"": 41, ""people"": 0, ""track_id"": null, ""target_ex"": 0.0, ""target_cx_vel_px_s"": 0.0, ""target_age_s"": null, ""lidar_min_m"": 0.27, ""target_lidar_m"": null, ""target_lidar_deg"": null, ""camera_range_m"
2026-07-16T22:35:34.836,48.836,mission_20260716_223446_manual,MANUAL,,0,13.330305099487305,100.99793243408203,150.61587550140115,4,True,0.6792500019073486,1,0,0,1,0,0.0,0.0,0.0,0,0,nan,nan,nan,,nan,nan,nan,2,26,-,READY owner=Surnn refs=24,"{""cmd"": ""STOP"", ""status"": ""READY"", ""detector"": ""yolo"", ""state"": ""IDLE"", ""owner"": ""Surnn"", ""score"": null, ""match_max"": 0.5, ""refs"": 24, ""match_mode"": ""none"", ""steer_zones"": 41, ""people"": 0, ""track_id"": null, ""target_ex"": 0.0, ""target_cx_vel_px_s"": 0.0, ""target_age_s"": null, ""lidar_min_m"": 0.28, ""target_lidar_m"": null, ""target_lidar_deg"": null, ""camera_range_m"
2026-07-16T22:35:36.854,50.855,mission_20260716_223446_manual,MANUAL,,0,13.330306053161621,100.99793243408203,150.61236478416777,4,True,0.6784999966621399,1,0,0,1,0,0.0,0.0,0.0,0,0,nan,nan,nan,,nan,nan,nan,2,26,-,READY owner=Surnn refs=24,"{""cmd"": ""STOP"", ""status"": ""READY"", ""detector"": ""yolo"", ""state"": ""IDLE"", ""owner"": ""Surnn"", ""score"": null, ""match_max"": 0.5, ""refs"": 24, ""match_mode"": ""none"", ""steer_zones"": 41, ""people"": 0, ""track_id"": null, ""target_ex"": 0.0, ""target_cx_vel_px_s"": 0.0, ""target_age_s"": null, ""lidar_min_m"": 0.27, ""target_lidar_m"": null, ""target_lidar_deg"": null, ""camera_range_m"
2026-07-16T22:35:38.892,52.893,mission_20260716_223446_manual,MANUAL,,0,13.330307006835938,100.99793243408203,150.60127255695568,4,True,0.6802499890327454,1,0,0,1,0,0.0,0.0,0.0,0,0,nan,nan,nan,,nan,nan,nan,2,26,-,READY owner=Surnn refs=24,"{""cmd"": ""STOP"", ""status"": ""READY"", ""detector"": ""yolo"", ""state"": ""IDLE"", ""owner"": ""Surnn"", ""score"": null, ""match_max"": 0.5, ""refs"": 24, ""match_mode"": ""none"", ""steer_zones"": 41, ""people"": 0, ""track_id"": null, ""target_ex"": 0.0, ""target_cx_vel_px_s"": 0.0, ""target_age_s"": null, ""lidar_min_m"": 0.27, ""target_lidar_m"": null, ""target_lidar_deg"": null, ""camera_range_m"
2026-07-16T22:35:40.913,54.913,mission_20260716_223446_manual,MANUAL,,0,13.330307006835938,100.99793243408203,150.6073241045603,4,True,0.6794999837875366,1,0,0,1,0,0.0,0.0,0.0,0,0,nan,nan,nan,,nan,nan,nan,2,26,-,READY owner=Surnn refs=24,"{""cmd"": ""STOP"", ""status"": ""READY"", ""detector"": ""yolo"", ""state"": ""IDLE"", ""owner"": ""Surnn"", ""score"": null, ""match_max"": 0.5, ""refs"": 24, ""match_mode"": ""none"", ""steer_zones"": 41, ""people"": 0, ""track_id"": null, ""target_ex"": 0.0, ""target_cx_vel_px_s"": 0.0, ""target_age_s"": null, ""lidar_min_m"": 0.28, ""target_lidar_m"": null, ""target_lidar_deg"": null, ""camera_range_m"
2026-07-16T22:35:42.995,56.995,mission_20260716_223446_manual,MANUAL,,0,13.33030891418457,100.99793243408203,150.61207791622263,4,True,0.6790000200271606,1,0,0,1,0,0.0,0.0,0.0,0,0,nan,nan,nan,,nan,nan,nan,2,26,-,READY owner=Surnn refs=24,"{""cmd"": ""STOP"", ""status"": ""READY"", ""detector"": ""yolo"", ""state"": ""IDLE"", ""owner"": ""Surnn"", ""score"": null, ""match_max"": 0.5, ""refs"": 24, ""match_mode"": ""none"", ""steer_zones"": 41, ""people"": 0, ""track_id"": null, ""target_ex"": 0.0, ""target_cx_vel_px_s"": 0.0, ""target_age_s"": null, ""lidar_min_m"": 0.28, ""target_lidar_m"": null, ""target_lidar_deg"": null, ""camera_range_m"
2026-07-16T22:35:45.107,59.108,mission_20260716_223446_manual,MANUAL,,0,13.330310821533203,100.99793243408203,150.62822448342055,4,True,0.6790000200271606,1,0,0,1,0,0.0,0.0,0.0,0,0,nan,nan,nan,,nan,nan,nan,2,26,-,READY owner=Surnn refs=24,"{""cmd"": ""STOP"", ""status"": ""READY"", ""detector"": ""yolo"", ""state"": ""IDLE"", ""owner"": ""Surnn"", ""score"": null, ""match_max"": 0.5, ""refs"": 24, ""match_mode"": ""none"", ""steer_zones"": 41, ""people"": 0, ""track_id"": null, ""target_ex"": 0.0, ""target_cx_vel_px_s"": 0.0, ""target_age_s"": null, ""lidar_min_m"": 0.27, ""target_lidar_m"": null, ""target_lidar_deg"": null, ""camera_range_m"
2026-07-16T22:35:47.187,61.188,mission_20260716_223446_manual,MANUAL,,0,13.330312728881836,100.99793243408203,150.6299866722264,4,True,0.6797500252723694,1,0,0,1,0,0.0,0.0,0.0,0,0,nan,nan,nan,,nan,nan,nan,2,26,-,READY owner=Surnn refs=24,"{""cmd"": ""STOP"", ""status"": ""READY"", ""detector"": ""yolo"", ""state"": ""IDLE"", ""owner"": ""Surnn"", ""score"": null, ""match_max"": 0.5, ""refs"": 24, ""match_mode"": ""none"", ""steer_zones"": 41, ""people"": 0, ""track_id"": null, ""target_ex"": 0.0, ""target_cx_vel_px_s"": 0.0, ""target_age_s"": null, ""lidar_min_m"": 0.29, ""target_lidar_m"": null, ""target_lidar_deg"": null, ""camera_range_m"
2026-07-16T22:35:49.233,63.233,mission_20260716_223446_manual,MANUAL,,0,13.330313682556152,100.99793243408203,150.62694040785658,4,True,0.6777499914169312,1,0,0,1,0,0.0,0.0,0.0,0,0,nan,nan,nan,,nan,nan,nan,2,26,-,READY owner=Surnn refs=24,"{""cmd"": ""STOP"", ""status"": ""READY"", ""detector"": ""yolo"", ""state"": ""IDLE"", ""owner"": ""Surnn"", ""score"": null, ""match_max"": 0.5, ""refs"": 24, ""match_mode"": ""none"", ""steer_zones"": 41, ""people"": 0, ""track_id"": null, ""target_ex"": 0.0, ""target_cx_vel_px_s"": 0.0, ""target_age_s"": null, ""lidar_min_m"": 0.26, ""target_lidar_m"": null, ""target_lidar_deg"": null, ""camera_range_m"
2026-07-16T22:35:51.310,65.311,mission_20260716_223446_manual,MANUAL,,0,13.330315589904785,100.99794006347656,150.61870319971754,4,True,0.6782500147819519,1,0,0,1,0,0.0,0.0,0.0,0,0,nan,nan,nan,,nan,nan,nan,2,26,-,READY owner=Surnn refs=24,"{""cmd"": ""STOP"", ""status"": ""READY"", ""detector"": ""yolo"", ""state"": ""IDLE"", ""owner"": ""Surnn"", ""score"": null, ""match_max"": 0.5, ""refs"": 24, ""match_mode"": ""none"", ""steer_zones"": 41, ""people"": 0, ""track_id"": null, ""target_ex"": 0.0, ""target_cx_vel_px_s"": 0.0, ""target_age_s"": null, ""lidar_min_m"": 0.29, ""target_lidar_m"": null, ""target_lidar_deg"": null, ""camera_range_m"
2026-07-16T22:35:53.352,67.353,mission_20260716_223446_manual,MANUAL,,0,13.330316543579102,100.99794006347656,150.62900312498593,4,True,0.6794999837875366,1,0,0,1,0,0.0,0.0,0.0,0,0,nan,nan,nan,,nan,nan,nan,2,26,-,READY owner=Surnn refs=24,"{""cmd"": ""STOP"", ""status"": ""READY"", ""detector"": ""yolo"", ""state"": ""IDLE"", ""owner"": ""Surnn"", ""score"": null, ""match_max"": 0.5, ""refs"": 24, ""match_mode"": ""none"", ""steer_zones"": 41, ""people"": 0, ""track_id"": null, ""target_ex"": 0.0, ""target_cx_vel_px_s"": 0.0, ""target_age_s"": null, ""lidar_min_m"": 0.27, ""target_lidar_m"": null, ""target_lidar_deg"": null, ""camera_range_m"
2026-07-16T22:35:55.384,69.384,mission_20260716_223446_manual,MANUAL,,0,13.330316543579102,100.99794006347656,150.63214501200412,4,True,0.6802499890327454,1,0,0,1,0,0.0,0.0,0.0,0,0,nan,nan,nan,,nan,nan,nan,2,26,-,READY owner=Surnn refs=24,"{""cmd"": ""STOP"", ""status"": ""READY"", ""detector"": ""yolo"", ""state"": ""IDLE"", ""owner"": ""Surnn"", ""score"": null, ""match_max"": 0.5, ""refs"": 24, ""match_mode"": ""none"", ""steer_zones"": 41, ""people"": 0, ""track_id"": null, ""target_ex"": 0.0, ""target_cx_vel_px_s"": 0.0, ""target_age_s"": null, ""lidar_min_m"": 0.28, ""target_lidar_m"": null, ""target_lidar_deg"": null, ""camera_range_m"
2026-07-16T22:35:57.422,71.423,mission_20260716_223446_manual,MANUAL,,0,13.330315589904785,100.99794006347656,150.6408056918717,4,True,0.6804999709129333,1,0,0,1,0,0.0,0.0,0.0,0,0,nan,nan,nan,,nan,nan,nan,2,27,-,READY owner=Surnn refs=24,"{""cmd"": ""STOP"", ""status"": ""READY"", ""detector"": ""yolo"", ""state"": ""IDLE"", ""owner"": ""Surnn"", ""score"": null, ""match_max"": 0.5, ""refs"": 24, ""match_mode"": ""none"", ""steer_zones"": 41, ""people"": 0, ""track_id"": null, ""target_ex"": 0.0, ""target_cx_vel_px_s"": 0.0, ""target_age_s"": null, ""lidar_min_m"": 0.28, ""target_lidar_m"": null, ""target_lidar_deg"": null, ""camera_range_m"
2026-07-16T22:35:59.441,73.442,mission_20260716_223446_manual,MANUAL,,0,13.330315589904785,100.99794006347656,150.6411198805735,4,True,0.6790000200271606,1,0,0,1,0,0.0,0.0,0.0,0,0,nan,nan,nan,,nan,nan,nan,2,27,-,READY owner=Surnn refs=24,"{""cmd"": ""STOP"", ""status"": ""READY"", ""detector"": ""yolo"", ""state"": ""IDLE"", ""owner"": ""Surnn"", ""score"": null, ""match_max"": 0.5, ""refs"": 24, ""match_mode"": ""none"", ""steer_zones"": 41, ""people"": 0, ""track_id"": null, ""target_ex"": 0.0, ""target_cx_vel_px_s"": 0.0, ""target_age_s"": null, ""lidar_min_m"": 0.27, ""target_lidar_m"": null, ""target_lidar_deg"": null, ""camera_range_m"
2026-07-16T22:36:01.471,75.471,mission_20260716_223446_manual,MANUAL,,0,13.330314636230469,100.99794006347656,150.6325138422193,4,True,0.6790000200271606,1,0,0,1,0,0.0,0.0,0.0,0,0,nan,nan,nan,,nan,nan,nan,2,27,-,READY owner=Surnn refs=24,"{""cmd"": ""STOP"", ""status"": ""READY"", ""detector"": ""yolo"", ""state"": ""IDLE"", ""owner"": ""Surnn"", ""score"": null, ""match_max"": 0.5, ""refs"": 24, ""match_mode"": ""none"", ""steer_zones"": 41, ""people"": 0, ""track_id"": null, ""target_ex"": 0.0, ""target_cx_vel_px_s"": 0.0, ""target_age_s"": null, ""lidar_min_m"": 0.3, ""target_lidar_m"": null, ""target_lidar_deg"": null, ""camera_range_m"""
2026-07-16T22:36:03.498,77.498,mission_20260716_223446_manual,MANUAL,,0,13.330312728881836,100.99794006347656,150.62198169051914,4,True,0.6797500252723694,1,0,0,1,0,0.0,0.0,0.0,0,0,nan,nan,nan,,nan,nan,nan,2,26,-,READY owner=Surnn refs=24,"{""cmd"": ""STOP"", ""status"": ""READY"", ""detector"": ""yolo"", ""state"": ""IDLE"", ""owner"": ""Surnn"", ""score"": null, ""match_max"": 0.5, ""refs"": 24, ""match_mode"": ""none"", ""steer_zones"": 41, ""people"": 0, ""track_id"": null, ""target_ex"": 0.0, ""target_cx_vel_px_s"": 0.0, ""target_age_s"": null, ""lidar_min_m"": 0.28, ""target_lidar_m"": null, ""target_lidar_deg"": null, ""camera_range_m"
2026-07-16T22:36:05.510,79.51,mission_20260716_223446_manual,MANUAL,,0,13.330310821533203,100.99794006347656,150.60915459525788,4,True,0.6777499914169312,1,0,0,1,0,0.0,0.0,0.0,0,0,nan,nan,nan,,nan,nan,nan,2,26,-,READY owner=Surnn refs=24,"{""cmd"": ""STOP"", ""status"": ""READY"", ""detector"": ""yolo"", ""state"": ""IDLE"", ""owner"": ""Surnn"", ""score"": null, ""match_max"": 0.5, ""refs"": 24, ""match_mode"": ""none"", ""steer_zones"": 41, ""people"": 0, ""track_id"": null, ""target_ex"": 0.0, ""target_cx_vel_px_s"": 0.0, ""target_age_s"": null, ""lidar_min_m"": 0.27, ""target_lidar_m"": null, ""target_lidar_deg"": null, ""camera_range_m"
2026-07-16T22:36:07.552,81.552,mission_20260716_223446_manual,MANUAL,,0,13.33030891418457,100.99794006347656,150.6099195764449,4,True,0.6784999966621399,1,0,0,1,0,0.0,0.0,0.0,0,0,nan,nan,nan,,nan,nan,nan,2,26,-,READY owner=Surnn refs=24,"{""cmd"": ""STOP"", ""status"": ""READY"", ""detector"": ""yolo"", ""state"": ""IDLE"", ""owner"": ""Surnn"", ""score"": null, ""match_max"": 0.5, ""refs"": 24, ""match_mode"": ""none"", ""steer_zones"": 41, ""people"": 0, ""track_id"": null, ""target_ex"": 0.0, ""target_cx_vel_px_s"": 0.0, ""target_age_s"": null, ""lidar_min_m"": 0.29, ""target_lidar_m"": null, ""target_lidar_deg"": null, ""camera_range_m"
2026-07-16T22:36:09.656,83.656,mission_20260716_223446_manual,MANUAL,,0,13.330307006835938,100.99794006347656,150.61348493519165,4,True,0.6782500147819519,1,0,0,1,0,0.0,0.0,0.0,0,0,nan,nan,nan,,nan,nan,nan,2,25,-,READY owner=Surnn refs=24,"{""cmd"": ""STOP"", ""status"": ""READY"", ""detector"": ""yolo"", ""state"": ""IDLE"", ""owner"": ""Surnn"", ""score"": null, ""match_max"": 0.5, ""refs"": 24, ""match_mode"": ""none"", ""steer_zones"": 41, ""people"": 0, ""track_id"": null, ""target_ex"": 0.0, ""target_cx_vel_px_s"": 0.0, ""target_age_s"": null, ""lidar_min_m"": 0.27, ""target_lidar_m"": null, ""target_lidar_deg"": null, ""camera_range_m"
2026-07-16T22:36:11.672,85.673,mission_20260716_223446_manual,MANUAL,,0,13.330304145812988,100.99794006347656,150.60830765180077,4,True,0.6800000071525574,1,0,0,1,0,0.0,0.0,0.0,0,0,nan,nan,nan,,nan,nan,nan,2,25,-,READY owner=Surnn refs=24,"{""cmd"": ""STOP"", ""status"": ""READY"", ""detector"": ""yolo"", ""state"": ""IDLE"", ""owner"": ""Surnn"", ""score"": null, ""match_max"": 0.5, ""refs"": 24, ""match_mode"": ""none"", ""steer_zones"": 41, ""people"": 0, ""track_id"": null, ""target_ex"": 0.0, ""target_cx_vel_px_s"": 0.0, ""target_age_s"": null, ""lidar_min_m"": 0.28, ""target_lidar_m"": null, ""target_lidar_deg"": null, ""camera_range_m"
2026-07-16T22:36:13.714,87.714,mission_20260716_223446_manual,MANUAL,,0,13.330301284790039,100.99794006347656,150.60546629310605,4,True,0.6792500019073486,1,0,0,1,0,0.0,0.0,0.0,0,0,nan,nan,nan,,nan,nan,nan,2,25,-,READY owner=Surnn refs=24,"{""cmd"": ""STOP"", ""status"": ""READY"", ""detector"": ""yolo"", ""state"": ""IDLE"", ""owner"": ""Surnn"", ""score"": null, ""match_max"": 0.5, ""refs"": 24, ""match_mode"": ""none"", ""steer_zones"": 41, ""people"": 0, ""track_id"": null, ""target_ex"": 0.0, ""target_cx_vel_px_s"": 0.0, ""target_age_s"": null, ""lidar_min_m"": 0.28, ""target_lidar_m"": null, ""target_lidar_deg"": null, ""camera_range_m"
2026-07-16T22:36:15.733,89.733,mission_20260716_223446_manual,MANUAL,,0,13.33029842376709,100.99794006347656,150.60601270823966,4,True,0.6792500019073486,1,0,0,1,0,0.0,0.0,0.0,0,0,nan,nan,nan,,nan,nan,nan,2,26,-,READY owner=Surnn refs=24,"{""cmd"": ""STOP"", ""status"": ""READY"", ""detector"": ""yolo"", ""state"": ""IDLE"", ""owner"": ""Surnn"", ""score"": null, ""match_max"": 0.5, ""refs"": 24, ""match_mode"": ""none"", ""steer_zones"": 41, ""people"": 0, ""track_id"": null, ""target_ex"": 0.0, ""target_cx_vel_px_s"": 0.0, ""target_age_s"": null, ""lidar_min_m"": 0.27, ""target_lidar_m"": null, ""target_lidar_deg"": null, ""camera_range_m"
2026-07-16T22:36:17.753,91.753,mission_20260716_223446_manual,MANUAL,,0,13.33029556274414,100.99794006347656,150.61024742552507,4,True,0.6784999966621399,1,0,0,1,0,0.0,0.0,0.0,0,0,nan,nan,nan,,nan,nan,nan,2,26,-,READY owner=Surnn refs=24,"{""cmd"": ""STOP"", ""status"": ""READY"", ""detector"": ""yolo"", ""state"": ""IDLE"", ""owner"": ""Surnn"", ""score"": null, ""match_max"": 0.5, ""refs"": 24, ""match_mode"": ""none"", ""steer_zones"": 41, ""people"": 0, ""track_id"": null, ""target_ex"": 0.0, ""target_cx_vel_px_s"": 0.0, ""target_age_s"": null, ""lidar_min_m"": 0.27, ""target_lidar_m"": null, ""target_lidar_deg"": null, ""camera_range_m"
2026-07-16T22:36:19.777,93.777,mission_20260716_223446_manual,MANUAL,,0,13.330293655395508,100.99794006347656,150.6062312742931,4,True,0.6797500252723694,1,0,0,1,0,0.0,0.0,0.0,0,0,nan,nan,nan,,nan,nan,nan,2,26,-,READY owner=Surnn refs=24,"{""cmd"": ""STOP"", ""status"": ""READY"", ""detector"": ""yolo"", ""state"": ""IDLE"", ""owner"": ""Surnn"", ""score"": null, ""match_max"": 0.5, ""refs"": 24, ""match_mode"": ""none"", ""steer_zones"": 41, ""people"": 0, ""track_id"": null, ""target_ex"": 0.0, ""target_cx_vel_px_s"": 0.0, ""target_age_s"": null, ""lidar_min_m"": 0.27, ""target_lidar_m"": null, ""target_lidar_deg"": null, ""camera_range_m"
2026-07-16T22:36:21.809,95.81,mission_20260716_223446_manual,MANUAL,,0,13.330290794372559,100.99794006347656,150.60109497203726,4,True,0.6802499890327454,1,0,0,1,0,0.0,0.0,0.0,0,0,nan,nan,nan,,nan,nan,nan,2,25,-,READY owner=Surnn refs=24,"{""cmd"": ""STOP"", ""status"": ""READY"", ""detector"": ""yolo"", ""state"": ""IDLE"", ""owner"": ""Surnn"", ""score"": null, ""match_max"": 0.5, ""refs"": 24, ""match_mode"": ""none"", ""steer_zones"": 41, ""people"": 0, ""track_id"": null, ""target_ex"": 0.0, ""target_cx_vel_px_s"": 0.0, ""target_age_s"": null, ""lidar_min_m"": 0.28, ""target_lidar_m"": null, ""target_lidar_deg"": null, ""camera_range_m"
2026-07-16T22:36:23.810,97.811,mission_20260716_223446_manual,MANUAL,,0,13.330288887023926,100.99794006347656,150.61460508621553,4,True,0.6802499890327454,1,0,0,1,0,0.0,0.0,0.0,0,0,nan,nan,nan,,nan,nan,nan,2,25,-,READY owner=Surnn refs=24,"{""cmd"": ""STOP"", ""status"": ""READY"", ""detector"": ""yolo"", ""state"": ""IDLE"", ""owner"": ""Surnn"", ""score"": null, ""match_max"": 0.5, ""refs"": 24, ""match_mode"": ""none"", ""steer_zones"": 41, ""people"": 0, ""track_id"": null, ""target_ex"": 0.0, ""target_cx_vel_px_s"": 0.0, ""target_age_s"": null, ""lidar_min_m"": 0.27, ""target_lidar_m"": null, ""target_lidar_deg"": null, ""camera_range_m"
2026-07-16T22:36:25.827,99.827,mission_20260716_223446_manual,MANUAL,,0,13.33028793334961,100.99794006347656,150.6241810114319,4,True,0.6812499761581421,1,0,0,1,0,0.0,0.0,0.0,0,0,nan,nan,nan,,nan,nan,nan,2,26,-,READY owner=Surnn refs=24,"{""cmd"": ""STOP"", ""status"": ""READY"", ""detector"": ""yolo"", ""state"": ""IDLE"", ""owner"": ""Surnn"", ""score"": null, ""match_max"": 0.5, ""refs"": 24, ""match_mode"": ""none"", ""steer_zones"": 41, ""people"": 0, ""track_id"": null, ""target_ex"": 0.0, ""target_cx_vel_px_s"": 0.0, ""target_age_s"": null, ""lidar_min_m"": 0.28, ""target_lidar_m"": null, ""target_lidar_deg"": null, ""camera_range_m"
2026-07-16T22:36:27.858,101.858,mission_20260716_223446_manual,MANUAL,,0,13.330286979675293,100.99794006347656,150.6244952001337,4,True,0.6777499914169312,1,0,0,1,0,0.0,0.0,0.0,0,0,nan,nan,nan,,nan,nan,nan,2,26,-,READY owner=Surnn refs=24,"{""cmd"": ""STOP"", ""status"": ""READY"", ""detector"": ""yolo"", ""state"": ""IDLE"", ""owner"": ""Surnn"", ""score"": null, ""match_max"": 0.5, ""refs"": 24, ""match_mode"": ""none"", ""steer_zones"": 41, ""people"": 0, ""track_id"": null, ""target_ex"": 0.0, ""target_cx_vel_px_s"": 0.0, ""target_age_s"": null, ""lidar_min_m"": 0.28, ""target_lidar_m"": null, ""target_lidar_deg"": null, ""camera_range_m"
2026-07-16T22:36:29.887,103.888,mission_20260716_223446_manual,MANUAL,,0,13.330286026000977,100.99793243408203,150.62587489834607,4,True,0.6775000095367432,1,0,0,1,0,0.0,0.0,0.0,0,0,nan,nan,nan,,nan,nan,nan,2,26,-,READY owner=Surnn refs=24,"{""cmd"": ""STOP"", ""status"": ""READY"", ""detector"": ""yolo"", ""state"": ""IDLE"", ""owner"": ""Surnn"", ""score"": null, ""match_max"": 0.5, ""refs"": 24, ""match_mode"": ""none"", ""steer_zones"": 41, ""people"": 0, ""track_id"": null, ""target_ex"": 0.0, ""target_cx_vel_px_s"": 0.0, ""target_age_s"": null, ""lidar_min_m"": 0.28, ""target_lidar_m"": null, ""target_lidar_deg"": null, ""camera_range_m"
2026-07-16T22:36:31.889,105.889,mission_20260716_223446_manual,MANUAL,,0,13.330286026000977,100.99793243408203,150.63323784227134,4,True,0.6790000200271606,1,0,0,1,0,0.0,0.0,0.0,0,0,nan,nan,nan,,nan,nan,nan,2,26,-,READY owner=Surnn refs=24,"{""cmd"": ""STOP"", ""status"": ""READY"", ""detector"": ""yolo"", ""state"": ""IDLE"", ""owner"": ""Surnn"", ""score"": null, ""match_max"": 0.5, ""refs"": 24, ""match_mode"": ""none"", ""steer_zones"": 41, ""people"": 0, ""track_id"": null, ""target_ex"": 0.0, ""target_cx_vel_px_s"": 0.0, ""target_age_s"": null, ""lidar_min_m"": 0.29, ""target_lidar_m"": null, ""target_lidar_deg"": null, ""camera_range_m"
2026-07-16T22:36:33.899,107.9,mission_20260716_223446_manual,MANUAL,,0,13.330284118652344,100.99793243408203,150.62853867212237,4,True,0.6797500252723694,1,0,0,1,0,0.0,0.0,0.0,0,0,nan,nan,nan,,nan,nan,nan,2,26,-,READY owner=Surnn refs=24,"{""cmd"": ""STOP"", ""status"": ""READY"", ""detector"": ""yolo"", ""state"": ""IDLE"", ""owner"": ""Surnn"", ""score"": null, ""match_max"": 0.5, ""refs"": 24, ""match_mode"": ""none"", ""steer_zones"": 41, ""people"": 0, ""track_id"": null, ""target_ex"": 0.0, ""target_cx_vel_px_s"": 0.0, ""target_age_s"": null, ""lidar_min_m"": 0.27, ""target_lidar_m"": null, ""target_lidar_deg"": null, ""camera_range_m"
2026-07-16T22:36:35.955,109.956,mission_20260716_223446_manual,MANUAL,,0,13.330282211303711,100.99793243408203,150.62769172866527,4,True,0.6819999814033508,1,0,0,1,0,0.0,0.0,0.0,0,0,nan,nan,nan,,nan,nan,nan,2,26,-,READY owner=Surnn refs=24,"{""cmd"": ""STOP"", ""status"": ""READY"", ""detector"": ""yolo"", ""state"": ""IDLE"", ""owner"": ""Surnn"", ""score"": null, ""match_max"": 0.5, ""refs"": 24, ""match_mode"": ""none"", ""steer_zones"": 41, ""people"": 0, ""track_id"": null, ""target_ex"": 0.0, ""target_cx_vel_px_s"": 0.0, ""target_age_s"": null, ""lidar_min_m"": 0.27, ""target_lidar_m"": null, ""target_lidar_deg"": null, ""camera_range_m"
2026-07-16T22:36:38.008,112.008,mission_20260716_223446_manual,MANUAL,,0,13.330280303955078,100.99793243408203,150.61717323734345,4,True,0.6779999732971191,1,0,0,1,0,0.0,0.0,0.0,0,0,nan,nan,nan,,nan,nan,nan,2,26,-,READY owner=Surnn refs=24,"{""cmd"": ""STOP"", ""status"": ""READY"", ""detector"": ""yolo"", ""state"": ""IDLE"", ""owner"": ""Surnn"", ""score"": null, ""match_max"": 0.5, ""refs"": 24, ""match_mode"": ""none"", ""steer_zones"": 41, ""people"": 0, ""track_id"": null, ""target_ex"": 0.0, ""target_cx_vel_px_s"": 0.0, ""target_age_s"": null, ""lidar_min_m"": 0.29, ""target_lidar_m"": null, ""target_lidar_deg"": null, ""camera_range_m"
2026-07-16T22:36:40.055,114.056,mission_20260716_223446_manual,MANUAL,,0,13.330278396606445,100.99793243408203,150.61118999163054,4,True,0.6800000071525574,1,0,0,1,0,0.0,0.0,0.0,0,0,nan,nan,nan,,nan,nan,nan,2,26,-,READY owner=Surnn refs=24,"{""cmd"": ""STOP"", ""status"": ""READY"", ""detector"": ""yolo"", ""state"": ""IDLE"", ""owner"": ""Surnn"", ""score"": null, ""match_max"": 0.5, ""refs"": 24, ""match_mode"": ""none"", ""steer_zones"": 41, ""people"": 0, ""track_id"": null, ""target_ex"": 0.0, ""target_cx_vel_px_s"": 0.0, ""target_age_s"": null, ""lidar_min_m"": 0.27, ""target_lidar_m"": null, ""target_lidar_deg"": null, ""camera_range_m"
2026-07-16T22:36:42.083,116.084,mission_20260716_223446_manual,MANUAL,,0,13.330277442932129,100.99793243408203,150.62200901127582,4,True,0.6807500123977661,1,0,0,1,0,0.0,0.0,0.0,0,0,nan,nan,nan,,nan,nan,nan,2,26,-,READY owner=Surnn refs=24,"{""cmd"": ""STOP"", ""status"": ""READY"", ""detector"": ""yolo"", ""state"": ""IDLE"", ""owner"": ""Surnn"", ""score"": null, ""match_max"": 0.5, ""refs"": 24, ""match_mode"": ""none"", ""steer_zones"": 41, ""people"": 0, ""track_id"": null, ""target_ex"": 0.0, ""target_cx_vel_px_s"": 0.0, ""target_age_s"": null, ""lidar_min_m"": 0.28, ""target_lidar_m"": null, ""target_lidar_deg"": null, ""camera_range_m"
2026-07-16T22:36:44.109,118.109,mission_20260716_223446_manual,MANUAL,,0,13.330276489257812,100.99793243408203,150.6328143705428,4,True,0.6790000200271606,1,0,0,1,0,0.0,0.0,0.0,0,0,nan,nan,nan,,nan,nan,nan,2,25,-,READY owner=Surnn refs=24,"{""cmd"": ""STOP"", ""status"": ""READY"", ""detector"": ""yolo"", ""state"": ""IDLE"", ""owner"": ""Surnn"", ""score"": null, ""match_max"": 0.5, ""refs"": 24, ""match_mode"": ""none"", ""steer_zones"": 41, ""people"": 0, ""track_id"": null, ""target_ex"": 0.0, ""target_cx_vel_px_s"": 0.0, ""target_age_s"": null, ""lidar_min_m"": 0.29, ""target_lidar_m"": null, ""target_lidar_deg"": null, ""camera_range_m"
2026-07-16T22:36:46.171,120.171,mission_20260716_223446_manual,MANUAL,,0,13.330276489257812,100.99793243408203,150.6297817665513,4,True,0.6804999709129333,1,0,0,1,0,0.0,0.0,0.0,0,0,nan,nan,nan,,nan,nan,nan,2,25,-,READY owner=Surnn refs=24,"{""cmd"": ""STOP"", ""status"": ""READY"", ""detector"": ""yolo"", ""state"": ""IDLE"", ""owner"": ""Surnn"", ""score"": null, ""match_max"": 0.5, ""refs"": 24, ""match_mode"": ""none"", ""steer_zones"": 41, ""people"": 0, ""track_id"": null, ""target_ex"": 0.0, ""target_cx_vel_px_s"": 0.0, ""target_age_s"": null, ""lidar_min_m"": 0.26, ""target_lidar_m"": null, ""target_lidar_deg"": null, ""camera_range_m"
2026-07-16T22:36:48.221,122.222,mission_20260716_223446_manual,MANUAL,,0,13.330275535583496,100.99793243408203,150.61414063335198,4,True,0.6772500276565552,1,0,0,1,0,0.0,0.0,0.0,0,0,nan,nan,nan,,nan,nan,nan,2,23,-,READY owner=Surnn refs=24,"{""cmd"": ""STOP"", ""status"": ""READY"", ""detector"": ""yolo"", ""state"": ""IDLE"", ""owner"": ""Surnn"", ""score"": null, ""match_max"": 0.5, ""refs"": 24, ""match_mode"": ""none"", ""steer_zones"": 41, ""people"": 0, ""track_id"": null, ""target_ex"": 0.0, ""target_cx_vel_px_s"": 0.0, ""target_age_s"": null, ""lidar_min_m"": 0.27, ""target_lidar_m"": null, ""target_lidar_deg"": null, ""camera_range_m"
2026-07-16T22:36:50.230,124.23,mission_20260716_223446_manual,MANUAL,,0,13.330275535583496,100.9979248046875,150.61243308605947,4,True,0.6800000071525574,1,0,0,1,0,0.0,0.0,0.0,0,0,nan,nan,nan,,nan,nan,nan,2,25,-,READY owner=Surnn refs=24,"{""cmd"": ""STOP"", ""status"": ""READY"", ""detector"": ""yolo"", ""state"": ""IDLE"", ""owner"": ""Surnn"", ""score"": null, ""match_max"": 0.5, ""refs"": 24, ""match_mode"": ""none"", ""steer_zones"": 41, ""people"": 0, ""track_id"": null, ""target_ex"": 0.0, ""target_cx_vel_px_s"": 0.0, ""target_age_s"": null, ""lidar_min_m"": 0.29, ""target_lidar_m"": null, ""target_lidar_deg"": null, ""camera_range_m"
2026-07-16T22:36:52.243,126.244,mission_20260716_223446_manual,MANUAL,,0,13.330276489257812,100.9979248046875,150.61628531275136,4,True,0.6797500252723694,1,0,0,1,0,0.0,0.0,0.0,0,0,nan,nan,nan,,nan,nan,nan,2,23,-,READY owner=Surnn refs=24,"{""cmd"": ""STOP"", ""status"": ""READY"", ""detector"": ""yolo"", ""state"": ""IDLE"", ""owner"": ""Surnn"", ""score"": null, ""match_max"": 0.5, ""refs"": 24, ""match_mode"": ""none"", ""steer_zones"": 41, ""people"": 0, ""track_id"": null, ""target_ex"": 0.0, ""target_cx_vel_px_s"": 0.0, ""target_age_s"": null, ""lidar_min_m"": 0.29, ""target_lidar_m"": null, ""target_lidar_deg"": null, ""camera_range_m"
2026-07-16T22:36:54.251,128.252,mission_20260716_223446_manual,MANUAL,,0,13.330277442932129,100.9979248046875,150.61885346387928,4,True,0.6797500252723694,1,0,0,1,0,0.0,0.0,0.0,0,0,nan,nan,nan,,nan,nan,nan,2,22,-,READY owner=Surnn refs=24,"{""cmd"": ""STOP"", ""status"": ""READY"", ""detector"": ""yolo"", ""state"": ""IDLE"", ""owner"": ""Surnn"", ""score"": null, ""match_max"": 0.5, ""refs"": 24, ""match_mode"": ""none"", ""steer_zones"": 41, ""people"": 0, ""track_id"": null, ""target_ex"": 0.0, ""target_cx_vel_px_s"": 0.0, ""target_age_s"": null, ""lidar_min_m"": 0.28, ""target_lidar_m"": null, ""target_lidar_deg"": null, ""camera_range_m"
2026-07-16T22:36:56.272,130.272,mission_20260716_223446_manual,MANUAL,,0,13.330277442932129,100.9979248046875,150.61543836929428,4,True,0.6792500019073486,1,0,0,1,0,0.0,0.0,0.0,0,0,nan,nan,nan,,nan,nan,nan,2,22,-,READY owner=Surnn refs=24,"{""cmd"": ""STOP"", ""status"": ""READY"", ""detector"": ""yolo"", ""state"": ""IDLE"", ""owner"": ""Surnn"", ""score"": null, ""match_max"": 0.5, ""refs"": 24, ""match_mode"": ""none"", ""steer_zones"": 41, ""people"": 0, ""track_id"": null, ""target_ex"": 0.0, ""target_cx_vel_px_s"": 0.0, ""target_age_s"": null, ""lidar_min_m"": 0.28, ""target_lidar_m"": null, ""target_lidar_deg"": null, ""camera_range_m"
2026-07-16T22:36:58.348,132.348,mission_20260716_223446_manual,MANUAL,,0,13.330278396606445,100.9979248046875,150.6178016147471,4,True,0.6809999942779541,1,0,0,1,0,0.0,0.0,0.0,0,0,nan,nan,nan,,nan,nan,nan,2,22,-,READY owner=Surnn refs=24,"{""cmd"": ""STOP"", ""status"": ""READY"", ""detector"": ""yolo"", ""state"": ""IDLE"", ""owner"": ""Surnn"", ""score"": null, ""match_max"": 0.5, ""refs"": 24, ""match_mode"": ""none"", ""steer_zones"": 41, ""people"": 0, ""track_id"": null, ""target_ex"": 0.0, ""target_cx_vel_px_s"": 0.0, ""target_age_s"": null, ""lidar_min_m"": 0.29, ""target_lidar_m"": null, ""target_lidar_deg"": null, ""camera_range_m"
2026-07-16T22:37:00.376,134.376,mission_20260716_223446_manual,MANUAL,,0,13.330278396606445,100.9979248046875,150.61761036945035,4,True,0.6794999837875366,1,0,0,1,0,0.0,0.0,0.0,0,0,nan,nan,nan,,nan,nan,nan,2,22,-,READY owner=Surnn refs=24,"{""cmd"": ""STOP"", ""status"": ""READY"", ""detector"": ""yolo"", ""state"": ""IDLE"", ""owner"": ""Surnn"", ""score"": null, ""match_max"": 0.5, ""refs"": 24, ""match_mode"": ""none"", ""steer_zones"": 41, ""people"": 0, ""track_id"": null, ""target_ex"": 0.0, ""target_cx_vel_px_s"": 0.0, ""target_age_s"": null, ""lidar_min_m"": 0.26, ""target_lidar_m"": null, ""target_lidar_deg"": null, ""camera_range_m"
2026-07-16T22:37:02.389,136.39,mission_20260716_223446_manual,MANUAL,,0,13.330279350280762,100.9979248046875,150.60770659515381,4,True,0.6782500147819519,1,0,0,1,0,0.0,0.0,0.0,0,0,nan,nan,nan,,nan,nan,nan,2,23,-,READY owner=Surnn refs=24,"{""cmd"": ""STOP"", ""status"": ""READY"", ""detector"": ""yolo"", ""state"": ""IDLE"", ""owner"": ""Surnn"", ""score"": null, ""match_max"": 0.5, ""refs"": 24, ""match_mode"": ""none"", ""steer_zones"": 41, ""people"": 0, ""track_id"": null, ""target_ex"": 0.0, ""target_cx_vel_px_s"": 0.0, ""target_age_s"": null, ""lidar_min_m"": 0.28, ""target_lidar_m"": null, ""target_lidar_deg"": null, ""camera_range_m"
2026-07-16T22:37:04.470,138.47,mission_20260716_223446_manual,MANUAL,,0,13.330279350280762,100.9979248046875,150.60966002925645,4,True,0.6809999942779541,1,0,0,1,0,0.0,0.0,0.0,0,0,nan,nan,nan,,nan,nan,nan,2,23,-,READY owner=Surnn refs=24,"{""cmd"": ""STOP"", ""status"": ""READY"", ""detector"": ""yolo"", ""state"": ""IDLE"", ""owner"": ""Surnn"", ""score"": null, ""match_max"": 0.5, ""refs"": 24, ""match_mode"": ""none"", ""steer_zones"": 41, ""people"": 0, ""track_id"": null, ""target_ex"": 0.0, ""target_cx_vel_px_s"": 0.0, ""target_age_s"": null, ""lidar_min_m"": 0.27, ""target_lidar_m"": null, ""target_lidar_deg"": null, ""camera_range_m"
2026-07-16T22:37:06.527,140.528,mission_20260716_223446_manual,MANUAL,,0,13.330280303955078,100.9979248046875,150.61110802936048,4,True,0.6812499761581421,1,0,0,1,0,0.0,0.0,0.0,0,0,nan,nan,nan,,nan,nan,nan,2,22,-,READY owner=Surnn refs=24,"{""cmd"": ""STOP"", ""status"": ""READY"", ""detector"": ""yolo"", ""state"": ""IDLE"", ""owner"": ""Surnn"", ""score"": null, ""match_max"": 0.5, ""refs"": 24, ""match_mode"": ""none"", ""steer_zones"": 41, ""people"": 0, ""track_id"": null, ""target_ex"": 0.0, ""target_cx_vel_px_s"": 0.0, ""target_age_s"": null, ""lidar_min_m"": 0.28, ""target_lidar_m"": null, ""target_lidar_deg"": null, ""camera_range_m"
2026-07-16T22:37:08.572,142.572,mission_20260716_223446_manual,MANUAL,,0,13.330280303955078,100.9979248046875,150.61744644491026,4,True,0.6779999732971191,1,0,0,1,0,0.0,0.0,0.0,0,0,nan,nan,nan,,nan,nan,nan,2,23,-,READY owner=Surnn refs=24,"{""cmd"": ""STOP"", ""status"": ""READY"", ""detector"": ""yolo"", ""state"": ""IDLE"", ""owner"": ""Surnn"", ""score"": null, ""match_max"": 0.5, ""refs"": 24, ""match_mode"": ""none"", ""steer_zones"": 41, ""people"": 0, ""track_id"": null, ""target_ex"": 0.0, ""target_cx_vel_px_s"": 0.0, ""target_age_s"": null, ""lidar_min_m"": 0.27, ""target_lidar_m"": null, ""target_lidar_deg"": null, ""camera_range_m"
2026-07-16T22:37:10.588,144.589,mission_20260716_223446_manual,MANUAL,,0,13.330280303955078,100.9979248046875,150.62504161526732,4,True,0.6779999732971191,1,0,0,1,0,0.0,0.0,0.0,0,0,nan,nan,nan,,nan,nan,nan,2,23,-,READY owner=Surnn refs=24,"{""cmd"": ""STOP"", ""status"": ""READY"", ""detector"": ""yolo"", ""state"": ""IDLE"", ""owner"": ""Surnn"", ""score"": null, ""match_max"": 0.5, ""refs"": 24, ""match_mode"": ""none"", ""steer_zones"": 41, ""people"": 0, ""track_id"": null, ""target_ex"": 0.0, ""target_cx_vel_px_s"": 0.0, ""target_age_s"": null, ""lidar_min_m"": 0.28, ""target_lidar_m"": null, ""target_lidar_deg"": null, ""camera_range_m"
2026-07-16T22:37:12.624,146.624,mission_20260716_223446_manual,MANUAL,,0,13.330281257629395,100.9979248046875,150.62207731316752,4,True,0.6775000095367432,1,0,0,1,0,0.0,0.0,0.0,0,0,nan,nan,nan,,nan,nan,nan,2,23,-,READY owner=Surnn refs=24,"{""cmd"": ""STOP"", ""status"": ""READY"", ""detector"": ""yolo"", ""state"": ""IDLE"", ""owner"": ""Surnn"", ""score"": null, ""match_max"": 0.5, ""refs"": 24, ""match_mode"": ""none"", ""steer_zones"": 41, ""people"": 0, ""track_id"": null, ""target_ex"": 0.0, ""target_cx_vel_px_s"": 0.0, ""target_age_s"": null, ""lidar_min_m"": 0.27, ""target_lidar_m"": null, ""target_lidar_deg"": null, ""camera_range_m"
2026-07-16T22:37:14.642,148.643,mission_20260716_223446_manual,MANUAL,,0,13.330282211303711,100.9979248046875,150.61808848269223,4,True,0.6804999709129333,1,0,0,1,0,0.0,0.0,0.0,0,0,nan,nan,nan,,nan,nan,nan,2,22,-,READY owner=Surnn refs=24,"{""cmd"": ""STOP"", ""status"": ""READY"", ""detector"": ""yolo"", ""state"": ""IDLE"", ""owner"": ""Surnn"", ""score"": null, ""match_max"": 0.5, ""refs"": 24, ""match_mode"": ""none"", ""steer_zones"": 41, ""people"": 0, ""track_id"": null, ""target_ex"": 0.0, ""target_cx_vel_px_s"": 0.0, ""target_age_s"": null, ""lidar_min_m"": 0.28, ""target_lidar_m"": null, ""target_lidar_deg"": null, ""camera_range_m"
2026-07-16T22:37:16.672,150.672,mission_20260716_223446_manual,MANUAL,,0,13.330283164978027,100.9979248046875,150.62571097380598,4,True,0.6792500019073486,1,0,0,1,0,0.0,0.0,0.0,0,0,nan,nan,nan,,nan,nan,nan,2,23,-,READY owner=Surnn refs=24,"{""cmd"": ""STOP"", ""status"": ""READY"", ""detector"": ""yolo"", ""state"": ""IDLE"", ""owner"": ""Surnn"", ""score"": null, ""match_max"": 0.5, ""refs"": 24, ""match_mode"": ""none"", ""steer_zones"": 41, ""people"": 0, ""track_id"": null, ""target_ex"": 0.0, ""target_cx_vel_px_s"": 0.0, ""target_age_s"": null, ""lidar_min_m"": 0.28, ""target_lidar_m"": null, ""target_lidar_deg"": null, ""camera_range_m"
2026-07-16T22:37:18.717,152.718,mission_20260716_223446_manual,MANUAL,,0,13.330283164978027,100.9979248046875,150.6233613887315,4,True,0.6792500019073486,1,0,0,1,0,0.0,0.0,0.0,0,0,nan,nan,nan,,nan,nan,nan,2,22,-,READY owner=Surnn refs=24,"{""cmd"": ""STOP"", ""status"": ""READY"", ""detector"": ""yolo"", ""state"": ""IDLE"", ""owner"": ""Surnn"", ""score"": null, ""match_max"": 0.5, ""refs"": 24, ""match_mode"": ""none"", ""steer_zones"": 41, ""people"": 0, ""track_id"": null, ""target_ex"": 0.0, ""target_cx_vel_px_s"": 0.0, ""target_age_s"": null, ""lidar_min_m"": 0.27, ""target_lidar_m"": null, ""target_lidar_deg"": null, ""camera_range_m"
2026-07-16T22:37:20.748,154.748,mission_20260716_223446_manual,MANUAL,,0,13.33028507232666,100.9979248046875,150.61653119956148,4,True,0.6790000200271606,1,0,0,1,0,0.0,0.0,0.0,0,0,nan,nan,nan,,nan,nan,nan,2,22,-,READY owner=Surnn refs=24,"{""cmd"": ""STOP"", ""status"": ""READY"", ""detector"": ""yolo"", ""state"": ""IDLE"", ""owner"": ""Surnn"", ""score"": null, ""match_max"": 0.5, ""refs"": 24, ""match_mode"": ""none"", ""steer_zones"": 41, ""people"": 0, ""track_id"": null, ""target_ex"": 0.0, ""target_cx_vel_px_s"": 0.0, ""target_age_s"": null, ""lidar_min_m"": 0.28, ""target_lidar_m"": null, ""target_lidar_deg"": null, ""camera_range_m"
2026-07-16T22:37:22.804,156.804,mission_20260716_223446_manual,MANUAL,,0,13.330286026000977,100.99793243408203,150.602611274033,4,True,0.6777499914169312,1,0,0,1,0,0.0,0.0,0.0,0,0,nan,nan,nan,,nan,nan,nan,2,23,-,READY owner=Surnn refs=24,"{""cmd"": ""STOP"", ""status"": ""READY"", ""detector"": ""yolo"", ""state"": ""IDLE"", ""owner"": ""Surnn"", ""score"": null, ""match_max"": 0.5, ""refs"": 24, ""match_mode"": ""none"", ""steer_zones"": 41, ""people"": 0, ""track_id"": null, ""target_ex"": 0.0, ""target_cx_vel_px_s"": 0.0, ""target_age_s"": null, ""lidar_min_m"": 0.29, ""target_lidar_m"": null, ""target_lidar_deg"": null, ""camera_range_m"
2026-07-16T22:37:24.831,158.832,mission_20260716_223446_manual,MANUAL,,0,13.330288887023926,100.99793243408203,150.60243368911458,4,True,0.6809999942779541,1,0,0,1,0,0.0,0.0,0.0,0,0,nan,nan,nan,,nan,nan,nan,2,23,-,READY owner=Surnn refs=24,"{""cmd"": ""STOP"", ""status"": ""READY"", ""detector"": ""yolo"", ""state"": ""IDLE"", ""owner"": ""Surnn"", ""score"": null, ""match_max"": 0.5, ""refs"": 24, ""match_mode"": ""none"", ""steer_zones"": 41, ""people"": 0, ""track_id"": null, ""target_ex"": 0.0, ""target_cx_vel_px_s"": 0.0, ""target_age_s"": null, ""lidar_min_m"": 0.28, ""target_lidar_m"": null, ""target_lidar_deg"": null, ""camera_range_m"
2026-07-16T22:37:26.835,160.835,mission_20260716_223446_manual,MANUAL,,0,13.330290794372559,100.99793243408203,150.6075973121271,4,True,0.6782500147819519,1,0,0,1,0,0.0,0.0,0.0,0,0,nan,nan,nan,,nan,nan,nan,2,23,-,READY owner=Surnn refs=24,"{""cmd"": ""STOP"", ""status"": ""READY"", ""detector"": ""yolo"", ""state"": ""IDLE"", ""owner"": ""Surnn"", ""score"": null, ""match_max"": 0.5, ""refs"": 24, ""match_mode"": ""none"", ""steer_zones"": 41, ""people"": 0, ""track_id"": null, ""target_ex"": 0.0, ""target_cx_vel_px_s"": 0.0, ""target_age_s"": null, ""lidar_min_m"": 0.28, ""target_lidar_m"": null, ""target_lidar_deg"": null, ""camera_range_m"
2026-07-16T22:37:28.855,162.855,mission_20260716_223446_manual,MANUAL,,0,13.330292701721191,100.99793243408203,150.61371716162344,4,True,0.6800000071525574,1,0,0,1,0,0.0,0.0,0.0,0,0,nan,nan,nan,,nan,nan,nan,2,23,-,READY owner=Surnn refs=24,"{""cmd"": ""STOP"", ""status"": ""READY"", ""detector"": ""yolo"", ""state"": ""IDLE"", ""owner"": ""Surnn"", ""score"": null, ""match_max"": 0.5, ""refs"": 24, ""match_mode"": ""none"", ""steer_zones"": 41, ""people"": 0, ""track_id"": null, ""target_ex"": 0.0, ""target_cx_vel_px_s"": 0.0, ""target_age_s"": null, ""lidar_min_m"": 0.29, ""target_lidar_m"": null, ""target_lidar_deg"": null, ""camera_range_m"
2026-07-16T22:37:30.910,164.911,mission_20260716_223446_manual,MANUAL,,0,13.330294609069824,100.99793243408203,150.62139429425054,4,True,0.6787499785423279,1,0,0,1,0,0.0,0.0,0.0,0,0,nan,nan,nan,,nan,nan,nan,2,23,-,READY owner=Surnn refs=24,"{""cmd"": ""STOP"", ""status"": ""READY"", ""detector"": ""yolo"", ""state"": ""IDLE"", ""owner"": ""Surnn"", ""score"": null, ""match_max"": 0.5, ""refs"": 24, ""match_mode"": ""none"", ""steer_zones"": 41, ""people"": 0, ""track_id"": null, ""target_ex"": 0.0, ""target_cx_vel_px_s"": 0.0, ""target_age_s"": null, ""lidar_min_m"": 0.27, ""target_lidar_m"": null, ""target_lidar_deg"": null, ""camera_range_m"
2026-07-16T22:37:32.949,166.949,mission_20260716_223446_manual,MANUAL,,0,13.33029556274414,100.99793243408203,150.6270496908833,4,True,0.6809999942779541,1,0,0,1,0,0.0,0.0,0.0,0,0,nan,nan,nan,,nan,nan,nan,2,23,-,READY owner=Surnn refs=24,"{""cmd"": ""STOP"", ""status"": ""READY"", ""detector"": ""yolo"", ""state"": ""IDLE"", ""owner"": ""Surnn"", ""score"": null, ""match_max"": 0.5, ""refs"": 24, ""match_mode"": ""none"", ""steer_zones"": 41, ""people"": 0, ""track_id"": null, ""target_ex"": 0.0, ""target_cx_vel_px_s"": 0.0, ""target_age_s"": null, ""lidar_min_m"": 0.27, ""target_lidar_m"": null, ""target_lidar_deg"": null, ""camera_range_m"
2026-07-16T22:37:34.976,168.976,mission_20260716_223446_manual,MANUAL,,0,13.330297470092773,100.99793243408203,150.6335656913515,4,True,0.6787499785423279,1,0,0,1,0,0.0,0.0,0.0,0,0,nan,nan,nan,,nan,nan,nan,2,23,-,READY owner=Surnn refs=24,"{""cmd"": ""STOP"", ""status"": ""READY"", ""detector"": ""yolo"", ""state"": ""IDLE"", ""owner"": ""Surnn"", ""score"": null, ""match_max"": 0.5, ""refs"": 24, ""match_mode"": ""none"", ""steer_zones"": 41, ""people"": 0, ""track_id"": null, ""target_ex"": 0.0, ""target_cx_vel_px_s"": 0.0, ""target_age_s"": null, ""lidar_min_m"": 0.26, ""target_lidar_m"": null, ""target_lidar_deg"": null, ""camera_range_m"
2026-07-16T22:37:37.022,171.023,mission_20260716_223446_manual,MANUAL,,0,13.33029842376709,100.99793243408203,150.64262252219092,4,True,0.6804999709129333,1,0,0,1,0,0.0,0.0,0.0,0,0,nan,nan,nan,,nan,nan,nan,2,23,-,READY owner=Surnn refs=24,"{""cmd"": ""STOP"", ""status"": ""READY"", ""detector"": ""yolo"", ""state"": ""IDLE"", ""owner"": ""Surnn"", ""score"": null, ""match_max"": 0.5, ""refs"": 24, ""match_mode"": ""none"", ""steer_zones"": 41, ""people"": 0, ""track_id"": null, ""target_ex"": 0.0, ""target_cx_vel_px_s"": 0.0, ""target_age_s"": null, ""lidar_min_m"": 0.27, ""target_lidar_m"": null, ""target_lidar_deg"": null, ""camera_range_m"
2026-07-16T22:37:39.040,173.04,mission_20260716_223446_manual,MANUAL,,0,13.330299377441406,100.99793243408203,150.6467752772063,4,True,0.6775000095367432,1,0,0,1,0,0.0,0.0,0.0,0,0,nan,nan,nan,,nan,nan,nan,2,23,-,READY owner=Surnn refs=24,"{""cmd"": ""STOP"", ""status"": ""READY"", ""detector"": ""yolo"", ""state"": ""IDLE"", ""owner"": ""Surnn"", ""score"": null, ""match_max"": 0.5, ""refs"": 24, ""match_mode"": ""none"", ""steer_zones"": 41, ""people"": 0, ""track_id"": null, ""target_ex"": 0.0, ""target_cx_vel_px_s"": 0.0, ""target_age_s"": null, ""lidar_min_m"": 0.27, ""target_lidar_m"": null, ""target_lidar_deg"": null, ""camera_range_m"
2026-07-16T22:37:41.064,175.064,mission_20260716_223446_manual,MANUAL,,0,13.330300331115723,100.99793243408203,150.6552720325338,4,True,0.6775000095367432,1,0,0,1,0,0.0,0.0,0.0,0,0,nan,nan,nan,,nan,nan,nan,2,24,-,READY owner=Surnn refs=24,"{""cmd"": ""STOP"", ""status"": ""READY"", ""detector"": ""yolo"", ""state"": ""IDLE"", ""owner"": ""Surnn"", ""score"": null, ""match_max"": 0.5, ""refs"": 24, ""match_mode"": ""none"", ""steer_zones"": 41, ""people"": 0, ""track_id"": null, ""target_ex"": 0.0, ""target_cx_vel_px_s"": 0.0, ""target_age_s"": null, ""lidar_min_m"": 0.28, ""target_lidar_m"": null, ""target_lidar_deg"": null, ""camera_range_m"
2026-07-16T22:37:43.073,177.074,mission_20260716_223446_manual,MANUAL,,0,13.330300331115723,100.99793243408203,150.6604356555463,4,True,0.6779999732971191,1,0,0,1,0,0.0,0.0,0.0,0,0,nan,nan,nan,,nan,nan,nan,2,24,-,READY owner=Surnn refs=24,"{""cmd"": ""STOP"", ""status"": ""READY"", ""detector"": ""yolo"", ""state"": ""IDLE"", ""owner"": ""Surnn"", ""score"": null, ""match_max"": 0.5, ""refs"": 24, ""match_mode"": ""none"", ""steer_zones"": 41, ""people"": 0, ""track_id"": null, ""target_ex"": 0.0, ""target_cx_vel_px_s"": 0.0, ""target_age_s"": null, ""lidar_min_m"": 0.27, ""target_lidar_m"": null, ""target_lidar_deg"": null, ""camera_range_m"
2026-07-16T22:37:45.132,179.133,mission_20260716_223446_manual,MANUAL,,0,13.330300331115723,100.99794006347656,150.6519252398405,4,True,0.6772500276565552,1,0,0,1,0,0.0,0.0,0.0,0,0,nan,nan,nan,,nan,nan,nan,2,25,-,READY owner=Surnn refs=24,"{""cmd"": ""STOP"", ""status"": ""READY"", ""detector"": ""yolo"", ""state"": ""IDLE"", ""owner"": ""Surnn"", ""score"": null, ""match_max"": 0.5, ""refs"": 24, ""match_mode"": ""none"", ""steer_zones"": 41, ""people"": 0, ""track_id"": null, ""target_ex"": 0.0, ""target_cx_vel_px_s"": 0.0, ""target_age_s"": null, ""lidar_min_m"": 0.28, ""target_lidar_m"": null, ""target_lidar_deg"": null, ""camera_range_m"
2026-07-16T22:37:47.247,181.248,mission_20260716_223446_manual,MANUAL,,0,13.330300331115723,100.99794006347656,150.64305965429782,4,True,0.6792500019073486,1,0,0,1,0,0.0,0.0,0.0,0,0,nan,nan,nan,,nan,nan,nan,2,25,-,READY owner=Surnn refs=24,"{""cmd"": ""STOP"", ""status"": ""READY"", ""detector"": ""yolo"", ""state"": ""IDLE"", ""owner"": ""Surnn"", ""score"": null, ""match_max"": 0.5, ""refs"": 24, ""match_mode"": ""none"", ""steer_zones"": 41, ""people"": 0, ""track_id"": null, ""target_ex"": 0.0, ""target_cx_vel_px_s"": 0.0, ""target_age_s"": null, ""lidar_min_m"": 0.28, ""target_lidar_m"": null, ""target_lidar_deg"": null, ""camera_range_m"
2026-07-16T22:37:49.281,183.282,mission_20260716_223446_manual,MANUAL,,0,13.330300331115723,100.99794006347656,150.64159799381542,4,True,0.6802499890327454,1,0,0,1,0,0.0,0.0,0.0,0,0,nan,nan,nan,,nan,nan,nan,2,25,-,READY owner=Surnn refs=24,"{""cmd"": ""STOP"", ""status"": ""READY"", ""detector"": ""yolo"", ""state"": ""IDLE"", ""owner"": ""Surnn"", ""score"": null, ""match_max"": 0.5, ""refs"": 24, ""match_mode"": ""none"", ""steer_zones"": 41, ""people"": 0, ""track_id"": null, ""target_ex"": 0.0, ""target_cx_vel_px_s"": 0.0, ""target_age_s"": null, ""lidar_min_m"": 0.27, ""target_lidar_m"": null, ""target_lidar_deg"": null, ""camera_range_m"
2026-07-16T22:37:51.291,185.291,mission_20260716_223446_manual,MANUAL,,0,13.330300331115723,100.99794006347656,150.63904350306584,4,True,0.6777499914169312,1,0,0,1,0,0.0,0.0,0.0,0,0,nan,nan,nan,,nan,nan,nan,2,25,-,READY owner=Surnn refs=24,"{""cmd"": ""STOP"", ""status"": ""READY"", ""detector"": ""yolo"", ""state"": ""IDLE"", ""owner"": ""Surnn"", ""score"": null, ""match_max"": 0.5, ""refs"": 24, ""match_mode"": ""none"", ""steer_zones"": 41, ""people"": 0, ""track_id"": null, ""target_ex"": 0.0, ""target_cx_vel_px_s"": 0.0, ""target_age_s"": null, ""lidar_min_m"": 0.27, ""target_lidar_m"": null, ""target_lidar_deg"": null, ""camera_range_m"
2026-07-16T22:37:53.321,187.321,mission_20260716_223446_manual,MANUAL,,0,13.330301284790039,100.99794006347656,150.64161165419375,4,True,0.6802499890327454,1,0,0,1,0,0.0,0.0,0.0,0,0,nan,nan,nan,,nan,nan,nan,2,25,-,READY owner=Surnn refs=24,"{""cmd"": ""STOP"", ""status"": ""READY"", ""detector"": ""yolo"", ""state"": ""IDLE"", ""owner"": ""Surnn"", ""score"": null, ""match_max"": 0.5, ""refs"": 24, ""match_mode"": ""none"", ""steer_zones"": 41, ""people"": 0, ""track_id"": null, ""target_ex"": 0.0, ""target_cx_vel_px_s"": 0.0, ""target_age_s"": null, ""lidar_min_m"": 0.28, ""target_lidar_m"": null, ""target_lidar_deg"": null, ""camera_range_m"
2026-07-16T22:37:55.364,189.365,mission_20260716_223446_manual,MANUAL,,0,13.330301284790039,100.9979476928711,150.63799165393365,4,True,0.6807500123977661,1,0,0,1,0,0.0,0.0,0.0,0,0,nan,nan,nan,,nan,nan,nan,2,25,-,READY owner=Surnn refs=24,"{""cmd"": ""STOP"", ""status"": ""READY"", ""detector"": ""yolo"", ""state"": ""IDLE"", ""owner"": ""Surnn"", ""score"": null, ""match_max"": 0.5, ""refs"": 24, ""match_mode"": ""none"", ""steer_zones"": 41, ""people"": 0, ""track_id"": null, ""target_ex"": 0.0, ""target_cx_vel_px_s"": 0.0, ""target_age_s"": null, ""lidar_min_m"": 0.29, ""target_lidar_m"": null, ""target_lidar_deg"": null, ""camera_range_m"
2026-07-16T22:37:57.402,191.402,mission_20260716_223446_manual,MANUAL,,0,13.330301284790039,100.9979476928711,150.63195376670737,4,True,0.6797500252723694,1,0,0,1,0,0.0,0.0,0.0,0,0,nan,nan,nan,,nan,nan,nan,2,25,-,READY owner=Surnn refs=24,"{""cmd"": ""STOP"", ""status"": ""READY"", ""detector"": ""yolo"", ""state"": ""IDLE"", ""owner"": ""Surnn"", ""score"": null, ""match_max"": 0.5, ""refs"": 24, ""match_mode"": ""none"", ""steer_zones"": 41, ""people"": 0, ""track_id"": null, ""target_ex"": 0.0, ""target_cx_vel_px_s"": 0.0, ""target_age_s"": null, ""lidar_min_m"": 0.27, ""target_lidar_m"": null, ""target_lidar_deg"": null, ""camera_range_m"
2026-07-16T22:37:59.463,193.463,mission_20260716_223446_manual,MANUAL,,0,13.330301284790039,100.9979476928711,150.64081935225005,4,True,0.6767500042915344,1,0,0,1,0,0.0,0.0,0.0,0,0,nan,nan,nan,,nan,nan,nan,2,25,-,READY owner=Surnn refs=24,"{""cmd"": ""STOP"", ""status"": ""READY"", ""detector"": ""yolo"", ""state"": ""IDLE"", ""owner"": ""Surnn"", ""score"": null, ""match_max"": 0.5, ""refs"": 24, ""match_mode"": ""none"", ""steer_zones"": 41, ""people"": 0, ""track_id"": null, ""target_ex"": 0.0, ""target_cx_vel_px_s"": 0.0, ""target_age_s"": null, ""lidar_min_m"": 0.27, ""target_lidar_m"": null, ""target_lidar_deg"": null, ""camera_range_m"
2026-07-16T22:38:01.521,195.521,mission_20260716_223446_manual,MANUAL,,0,13.330301284790039,100.9979476928711,150.64610591866764,4,True,0.6782500147819519,1,0,0,1,0,0.0,0.0,0.0,0,0,nan,nan,nan,,nan,nan,nan,2,25,-,READY owner=Surnn refs=24,"{""cmd"": ""STOP"", ""status"": ""READY"", ""detector"": ""yolo"", ""state"": ""IDLE"", ""owner"": ""Surnn"", ""score"": null, ""match_max"": 0.5, ""refs"": 24, ""match_mode"": ""none"", ""steer_zones"": 41, ""people"": 0, ""track_id"": null, ""target_ex"": 0.0, ""target_cx_vel_px_s"": 0.0, ""target_age_s"": null, ""lidar_min_m"": 0.28, ""target_lidar_m"": null, ""target_lidar_deg"": null, ""camera_range_m"
2026-07-16T22:38:03.533,197.534,mission_20260716_223446_manual,MANUAL,,0,13.330301284790039,100.9979476928711,150.6621022217038,4,True,0.6802499890327454,1,0,0,1,0,0.0,0.0,0.0,0,0,nan,nan,nan,,nan,nan,nan,2,24,-,READY owner=Surnn refs=24,"{""cmd"": ""STOP"", ""status"": ""READY"", ""detector"": ""yolo"", ""state"": ""IDLE"", ""owner"": ""Surnn"", ""score"": null, ""match_max"": 0.5, ""refs"": 24, ""match_mode"": ""none"", ""steer_zones"": 41, ""people"": 0, ""track_id"": null, ""target_ex"": 0.0, ""target_cx_vel_px_s"": 0.0, ""target_age_s"": null, ""lidar_min_m"": 0.29, ""target_lidar_m"": null, ""target_lidar_deg"": null, ""camera_range_m"
2026-07-16T22:38:05.591,199.592,mission_20260716_223446_manual,MANUAL,,0,13.330300331115723,100.9979476928711,150.66446546715662,4,True,0.6812499761581421,1,0,0,1,0,0.0,0.0,0.0,0,0,nan,nan,nan,,nan,nan,nan,2,25,-,READY owner=Surnn refs=24,"{""cmd"": ""STOP"", ""status"": ""READY"", ""detector"": ""yolo"", ""state"": ""IDLE"", ""owner"": ""Surnn"", ""score"": null, ""match_max"": 0.5, ""refs"": 24, ""match_mode"": ""none"", ""steer_zones"": 41, ""people"": 0, ""track_id"": null, ""target_ex"": 0.0, ""target_cx_vel_px_s"": 0.0, ""target_age_s"": null, ""lidar_min_m"": 0.29, ""target_lidar_m"": null, ""target_lidar_deg"": null, ""camera_range_m"
2026-07-16T22:38:07.633,201.633,mission_20260716_223446_manual,MANUAL,,0,13.330300331115723,100.9979476928711,150.67416433577804,4,True,0.6787499785423279,1,0,0,1,0,0.0,0.0,0.0,0,0,nan,nan,nan,,nan,nan,nan,2,25,-,READY owner=Surnn refs=24,"{""cmd"": ""STOP"", ""status"": ""READY"", ""detector"": ""yolo"", ""state"": ""IDLE"", ""owner"": ""Surnn"", ""score"": null, ""match_max"": 0.5, ""refs"": 24, ""match_mode"": ""none"", ""steer_zones"": 41, ""people"": 0, ""track_id"": null, ""target_ex"": 0.0, ""target_cx_vel_px_s"": 0.0, ""target_age_s"": null, ""lidar_min_m"": 0.27, ""target_lidar_m"": null, ""target_lidar_deg"": null, ""camera_range_m"
2026-07-16T22:38:09.653,203.654,mission_20260716_223446_manual,MANUAL,,0,13.330299377441406,100.9979476928711,150.6838768647778,4,True,0.6802499890327454,1,0,0,1,0,0.0,0.0,0.0,0,0,nan,nan,nan,,nan,nan,nan,2,24,-,READY owner=Surnn refs=24,"{""cmd"": ""STOP"", ""status"": ""READY"", ""detector"": ""yolo"", ""state"": ""IDLE"", ""owner"": ""Surnn"", ""score"": null, ""match_max"": 0.5, ""refs"": 24, ""match_mode"": ""none"", ""steer_zones"": 41, ""people"": 0, ""track_id"": null, ""target_ex"": 0.0, ""target_cx_vel_px_s"": 0.0, ""target_age_s"": null, ""lidar_min_m"": 0.27, ""target_lidar_m"": null, ""target_lidar_deg"": null, ""camera_range_m"
2026-07-16T22:38:11.670,205.67,mission_20260716_223446_manual,MANUAL,,0,13.33029842376709,100.9979476928711,150.69540622409679,4,True,0.6797500252723694,1,0,0,1,0,0.0,0.0,0.0,0,0,nan,nan,nan,,nan,nan,nan,2,24,-,READY owner=Surnn refs=24,"{""cmd"": ""STOP"", ""status"": ""READY"", ""detector"": ""yolo"", ""state"": ""IDLE"", ""owner"": ""Surnn"", ""score"": null, ""match_max"": 0.5, ""refs"": 24, ""match_mode"": ""none"", ""steer_zones"": 41, ""people"": 0, ""track_id"": null, ""target_ex"": 0.0, ""target_cx_vel_px_s"": 0.0, ""target_age_s"": null, ""lidar_min_m"": 0.28, ""target_lidar_m"": null, ""target_lidar_deg"": null, ""camera_range_m"
2026-07-16T22:38:13.807,207.808,mission_20260716_223446_manual,MANUAL,,0,13.330296516418457,100.9979476928711,150.69316592204902,4,True,0.6782500147819519,1,0,0,1,0,0.0,0.0,0.0,0,0,nan,nan,nan,,nan,nan,nan,2,25,-,READY owner=Surnn refs=24,"{""cmd"": ""STOP"", ""status"": ""READY"", ""detector"": ""yolo"", ""state"": ""IDLE"", ""owner"": ""Surnn"", ""score"": null, ""match_max"": 0.5, ""refs"": 24, ""match_mode"": ""none"", ""steer_zones"": 41, ""people"": 0, ""track_id"": null, ""target_ex"": 0.0, ""target_cx_vel_px_s"": 0.0, ""target_age_s"": null, ""lidar_min_m"": 0.26, ""target_lidar_m"": null, ""target_lidar_deg"": null, ""camera_range_m"
2026-07-16T22:38:15.835,209.835,mission_20260716_223446_manual,MANUAL,,0,13.33029556274414,100.9979476928711,150.68003829846427,4,True,0.6787499785423279,1,0,0,1,0,0.0,0.0,0.0,0,0,nan,nan,nan,,nan,nan,nan,2,25,-,READY owner=Surnn refs=24,"{""cmd"": ""STOP"", ""status"": ""READY"", ""detector"": ""yolo"", ""state"": ""IDLE"", ""owner"": ""Surnn"", ""score"": null, ""match_max"": 0.5, ""refs"": 24, ""match_mode"": ""none"", ""steer_zones"": 41, ""people"": 0, ""track_id"": null, ""target_ex"": 0.0, ""target_cx_vel_px_s"": 0.0, ""target_age_s"": null, ""lidar_min_m"": 0.26, ""target_lidar_m"": null, ""target_lidar_deg"": null, ""camera_range_m"
2026-07-16T22:38:17.933,211.934,mission_20260716_223446_manual,MANUAL,,0,13.330293655395508,100.9979476928711,150.67755210960638,4,True,0.6779999732971191,1,0,0,1,0,0.0,0.0,0.0,0,0,nan,nan,nan,,nan,nan,nan,2,22,-,READY owner=Surnn refs=24,"{""cmd"": ""STOP"", ""status"": ""READY"", ""detector"": ""yolo"", ""state"": ""IDLE"", ""owner"": ""Surnn"", ""score"": null, ""match_max"": 0.5, ""refs"": 24, ""match_mode"": ""none"", ""steer_zones"": 41, ""people"": 0, ""track_id"": null, ""target_ex"": 0.0, ""target_cx_vel_px_s"": 0.0, ""target_age_s"": null, ""lidar_min_m"": 0.27, ""target_lidar_m"": null, ""target_lidar_deg"": null, ""camera_range_m"
2026-07-16T22:38:19.953,213.953,mission_20260716_223446_manual,MANUAL,,0,13.330293655395508,100.99794006347656,150.6838358836428,4,True,0.6782500147819519,1,0,0,1,0,0.0,0.0,0.0,0,0,nan,nan,nan,,nan,nan,nan,2,23,-,READY owner=Surnn refs=24,"{""cmd"": ""STOP"", ""status"": ""READY"", ""detector"": ""yolo"", ""state"": ""IDLE"", ""owner"": ""Surnn"", ""score"": null, ""match_max"": 0.5, ""refs"": 24, ""match_mode"": ""none"", ""steer_zones"": 41, ""people"": 0, ""track_id"": null, ""target_ex"": 0.0, ""target_cx_vel_px_s"": 0.0, ""target_age_s"": null, ""lidar_min_m"": 0.27, ""target_lidar_m"": null, ""target_lidar_deg"": null, ""camera_range_m"
2026-07-16T22:38:22.026,216.026,mission_20260716_223446_manual,MANUAL,,0,13.330292701721191,100.99794006347656,150.67063995816633,4,True,0.6782500147819519,1,0,0,1,0,0.0,0.0,0.0,0,0,nan,nan,nan,,nan,nan,nan,2,23,-,READY owner=Surnn refs=24,"{""cmd"": ""STOP"", ""status"": ""READY"", ""detector"": ""yolo"", ""state"": ""IDLE"", ""owner"": ""Surnn"", ""score"": null, ""match_max"": 0.5, ""refs"": 24, ""match_mode"": ""none"", ""steer_zones"": 41, ""people"": 0, ""track_id"": null, ""target_ex"": 0.0, ""target_cx_vel_px_s"": 0.0, ""target_age_s"": null, ""lidar_min_m"": 0.28, ""target_lidar_m"": null, ""target_lidar_deg"": null, ""camera_range_m"
2026-07-16T22:38:24.123,218.124,mission_20260716_223446_manual,MANUAL,,0,13.330291748046875,100.99794006347656,150.66658282579934,4,True,0.6807500123977661,1,0,0,1,0,0.0,0.0,0.0,0,0,nan,nan,nan,,nan,nan,nan,2,24,-,READY owner=Surnn refs=24,"{""cmd"": ""STOP"", ""status"": ""READY"", ""detector"": ""yolo"", ""state"": ""IDLE"", ""owner"": ""Surnn"", ""score"": null, ""match_max"": 0.5, ""refs"": 24, ""match_mode"": ""none"", ""steer_zones"": 41, ""people"": 0, ""track_id"": null, ""target_ex"": 0.0, ""target_cx_vel_px_s"": 0.0, ""target_age_s"": null, ""lidar_min_m"": 0.27, ""target_lidar_m"": null, ""target_lidar_deg"": null, ""camera_range_m"
2026-07-16T22:38:26.158,220.159,mission_20260716_223446_manual,MANUAL,,0,13.330289840698242,100.99794006347656,150.66159678770524,4,True,0.6790000200271606,1,0,0,1,0,0.0,0.0,0.0,0,0,nan,nan,nan,,nan,nan,nan,2,24,-,READY owner=Surnn refs=24,"{""cmd"": ""STOP"", ""status"": ""READY"", ""detector"": ""yolo"", ""state"": ""IDLE"", ""owner"": ""Surnn"", ""score"": null, ""match_max"": 0.5, ""refs"": 24, ""match_mode"": ""none"", ""steer_zones"": 41, ""people"": 0, ""track_id"": null, ""target_ex"": 0.0, ""target_cx_vel_px_s"": 0.0, ""target_age_s"": null, ""lidar_min_m"": 0.28, ""target_lidar_m"": null, ""target_lidar_deg"": null, ""camera_range_m"
2026-07-16T22:38:28.189,222.19,mission_20260716_223446_manual,MANUAL,,0,13.330288887023926,100.99794006347656,150.66301746705258,4,True,0.6779999732971191,1,0,0,1,0,0.0,0.0,0.0,0,0,nan,nan,nan,,nan,nan,nan,2,24,-,READY owner=Surnn refs=24,"{""cmd"": ""STOP"", ""status"": ""READY"", ""detector"": ""yolo"", ""state"": ""IDLE"", ""owner"": ""Surnn"", ""score"": null, ""match_max"": 0.5, ""refs"": 24, ""match_mode"": ""none"", ""steer_zones"": 41, ""people"": 0, ""track_id"": null, ""target_ex"": 0.0, ""target_cx_vel_px_s"": 0.0, ""target_age_s"": null, ""lidar_min_m"": 0.28, ""target_lidar_m"": null, ""target_lidar_deg"": null, ""camera_range_m"
2026-07-16T22:38:30.219,224.22,mission_20260716_223446_manual,MANUAL,,0,13.33028793334961,100.99794006347656,150.6577992025267,4,True,0.6800000071525574,1,0,0,1,0,0.0,0.0,0.0,0,0,nan,nan,nan,,nan,nan,nan,2,23,-,READY owner=Surnn refs=24,"{""cmd"": ""STOP"", ""status"": ""READY"", ""detector"": ""yolo"", ""state"": ""IDLE"", ""owner"": ""Surnn"", ""score"": null, ""match_max"": 0.5, ""refs"": 24, ""match_mode"": ""none"", ""steer_zones"": 41, ""people"": 0, ""track_id"": null, ""target_ex"": 0.0, ""target_cx_vel_px_s"": 0.0, ""target_age_s"": null, ""lidar_min_m"": 0.28, ""target_lidar_m"": null, ""target_lidar_deg"": null, ""camera_range_m"
2026-07-16T22:38:32.249,226.25,mission_20260716_223446_manual,MANUAL,,0,13.330286979675293,100.99793243408203,150.6477998055818,4,True,0.6794999837875366,1,0,0,1,0,0.0,0.0,0.0,0,0,nan,nan,nan,,nan,nan,nan,2,24,-,READY owner=Surnn refs=24,"{""cmd"": ""STOP"", ""status"": ""READY"", ""detector"": ""yolo"", ""state"": ""IDLE"", ""owner"": ""Surnn"", ""score"": null, ""match_max"": 0.5, ""refs"": 24, ""match_mode"": ""none"", ""steer_zones"": 41, ""people"": 0, ""track_id"": null, ""target_ex"": 0.0, ""target_cx_vel_px_s"": 0.0, ""target_age_s"": null, ""lidar_min_m"": 0.27, ""target_lidar_m"": null, ""target_lidar_deg"": null, ""camera_range_m"
2026-07-16T22:38:34.287,228.288,mission_20260716_223446_manual,MANUAL,,0,13.330286026000977,100.99793243408203,150.63846976717556,4,True,0.6787499785423279,1,0,0,1,0,0.0,0.0,0.0,0,0,nan,nan,nan,,nan,nan,nan,2,23,-,READY owner=Surnn refs=24,"{""cmd"": ""STOP"", ""status"": ""READY"", ""detector"": ""yolo"", ""state"": ""IDLE"", ""owner"": ""Surnn"", ""score"": null, ""match_max"": 0.5, ""refs"": 24, ""match_mode"": ""none"", ""steer_zones"": 41, ""people"": 0, ""track_id"": null, ""target_ex"": 0.0, ""target_cx_vel_px_s"": 0.0, ""target_age_s"": null, ""lidar_min_m"": 0.28, ""target_lidar_m"": null, ""target_lidar_deg"": null, ""camera_range_m"
2026-07-16T22:38:36.362,230.363,mission_20260716_223446_manual,MANUAL,,0,13.33028507232666,100.99793243408203,150.64304599391946,4,True,0.6804999709129333,1,0,0,1,0,0.0,0.0,0.0,0,0,nan,nan,nan,,nan,nan,nan,2,23,-,READY owner=Surnn refs=24,"{""cmd"": ""STOP"", ""status"": ""READY"", ""detector"": ""yolo"", ""state"": ""IDLE"", ""owner"": ""Surnn"", ""score"": null, ""match_max"": 0.5, ""refs"": 24, ""match_mode"": ""none"", ""steer_zones"": 41, ""people"": 0, ""track_id"": null, ""target_ex"": 0.0, ""target_cx_vel_px_s"": 0.0, ""target_age_s"": null, ""lidar_min_m"": 0.28, ""target_lidar_m"": null, ""target_lidar_deg"": null, ""camera_range_m"
2026-07-16T22:38:38.411,232.412,mission_20260716_223446_manual,MANUAL,,0,13.330283164978027,100.99793243408203,150.6540425984832,4,True,0.6792500019073486,1,0,0,1,0,0.0,0.0,0.0,0,0,nan,nan,nan,,nan,nan,nan,2,23,-,READY owner=Surnn refs=24,"{""cmd"": ""STOP"", ""status"": ""READY"", ""detector"": ""yolo"", ""state"": ""IDLE"", ""owner"": ""Surnn"", ""score"": null, ""match_max"": 0.5, ""refs"": 24, ""match_mode"": ""none"", ""steer_zones"": 41, ""people"": 0, ""track_id"": null, ""target_ex"": 0.0, ""target_cx_vel_px_s"": 0.0, ""target_age_s"": null, ""lidar_min_m"": 0.26, ""target_lidar_m"": null, ""target_lidar_deg"": null, ""camera_range_m"
2026-07-16T22:38:40.449,234.45,mission_20260716_223446_manual,MANUAL,,0,13.330283164978027,100.99793243408203,150.65267656064918,4,True,0.6800000071525574,1,0,0,1,0,0.0,0.0,0.0,0,0,nan,nan,nan,,nan,nan,nan,2,23,-,READY owner=Surnn refs=24,"{""cmd"": ""STOP"", ""status"": ""READY"", ""detector"": ""yolo"", ""state"": ""IDLE"", ""owner"": ""Surnn"", ""score"": null, ""match_max"": 0.5, ""refs"": 24, ""match_mode"": ""none"", ""steer_zones"": 41, ""people"": 0, ""track_id"": null, ""target_ex"": 0.0, ""target_cx_vel_px_s"": 0.0, ""target_age_s"": null, ""lidar_min_m"": 0.27, ""target_lidar_m"": null, ""target_lidar_deg"": null, ""camera_range_m"
2026-07-16T22:38:42.503,236.503,mission_20260716_223446_manual,MANUAL,,0,13.330282211303711,100.99793243408203,150.65621459863925,4,True,0.6767500042915344,1,0,0,1,0,0.0,0.0,0.0,0,0,nan,nan,nan,,nan,nan,nan,2,23,-,READY owner=Surnn refs=24,"{""cmd"": ""STOP"", ""status"": ""READY"", ""detector"": ""yolo"", ""state"": ""IDLE"", ""owner"": ""Surnn"", ""score"": null, ""match_max"": 0.5, ""refs"": 24, ""match_mode"": ""none"", ""steer_zones"": 41, ""people"": 0, ""track_id"": null, ""target_ex"": 0.0, ""target_cx_vel_px_s"": 0.0, ""target_age_s"": null, ""lidar_min_m"": 0.28, ""target_lidar_m"": null, ""target_lidar_deg"": null, ""camera_range_m"
2026-07-16T22:38:44.680,238.681,mission_20260716_223446_manual,MANUAL,,0,13.330282211303711,100.99793243408203,150.6501220698996,4,True,0.6777499914169312,1,0,0,1,0,0.0,0.0,0.0,0,0,nan,nan,nan,,nan,nan,nan,2,23,-,READY owner=Surnn refs=24,"{""cmd"": ""STOP"", ""status"": ""READY"", ""detector"": ""yolo"", ""state"": ""IDLE"", ""owner"": ""Surnn"", ""score"": null, ""match_max"": 0.5, ""refs"": 24, ""match_mode"": ""none"", ""steer_zones"": 41, ""people"": 0, ""track_id"": null, ""target_ex"": 0.0, ""target_cx_vel_px_s"": 0.0, ""target_age_s"": null, ""lidar_min_m"": 0.29, ""target_lidar_m"": null, ""target_lidar_deg"": null, ""camera_range_m"
2026-07-16T22:38:46.709,240.71,mission_20260716_223446_manual,MANUAL,,0,13.330282211303711,100.99793243408203,150.63785505015025,4,True,0.6777499914169312,1,0,0,1,0,0.0,0.0,0.0,0,0,nan,nan,nan,,nan,nan,nan,2,23,-,READY owner=Surnn refs=24,"{""cmd"": ""STOP"", ""status"": ""READY"", ""detector"": ""yolo"", ""state"": ""IDLE"", ""owner"": ""Surnn"", ""score"": null, ""match_max"": 0.5, ""refs"": 24, ""match_mode"": ""none"", ""steer_zones"": 41, ""people"": 0, ""track_id"": null, ""target_ex"": 0.0, ""target_cx_vel_px_s"": 0.0, ""target_age_s"": null, ""lidar_min_m"": 0.28, ""target_lidar_m"": null, ""target_lidar_deg"": null, ""camera_range_m"
2026-07-16T22:38:48.777,242.777,mission_20260716_223446_manual,MANUAL,,0,13.330282211303711,100.9979248046875,150.62767806828694,4,True,0.6787499785423279,1,0,0,1,0,0.0,0.0,0.0,0,0,nan,nan,nan,,nan,nan,nan,2,24,-,READY owner=Surnn refs=24,"{""cmd"": ""STOP"", ""status"": ""READY"", ""detector"": ""yolo"", ""state"": ""IDLE"", ""owner"": ""Surnn"", ""score"": null, ""match_max"": 0.5, ""refs"": 24, ""match_mode"": ""none"", ""steer_zones"": 41, ""people"": 0, ""track_id"": null, ""target_ex"": 0.0, ""target_cx_vel_px_s"": 0.0, ""target_age_s"": null, ""lidar_min_m"": 0.26, ""target_lidar_m"": null, ""target_lidar_deg"": null, ""camera_range_m"
2026-07-16T22:38:50.855,244.855,mission_20260716_223446_manual,MANUAL,,0,13.330283164978027,100.9979248046875,150.62560169077926,4,True,0.6787499785423279,1,0,0,1,0,0.0,0.0,0.0,0,0,nan,nan,nan,,nan,nan,nan,2,24,-,READY owner=Surnn refs=24,"{""cmd"": ""STOP"", ""status"": ""READY"", ""detector"": ""yolo"", ""state"": ""IDLE"", ""owner"": ""Surnn"", ""score"": null, ""match_max"": 0.5, ""refs"": 24, ""match_mode"": ""none"", ""steer_zones"": 41, ""people"": 0, ""track_id"": null, ""target_ex"": 0.0, ""target_cx_vel_px_s"": 0.0, ""target_age_s"": null, ""lidar_min_m"": 0.27, ""target_lidar_m"": null, ""target_lidar_deg"": null, ""camera_range_m"
2026-07-16T22:38:52.875,246.875,mission_20260716_223446_manual,MANUAL,,0,13.330283164978027,100.9979248046875,150.62102546403534,4,True,0.6790000200271606,1,0,0,1,0,0.0,0.0,0.0,0,0,nan,nan,nan,,nan,nan,nan,2,24,-,READY owner=Surnn refs=24,"{""cmd"": ""STOP"", ""status"": ""READY"", ""detector"": ""yolo"", ""state"": ""IDLE"", ""owner"": ""Surnn"", ""score"": null, ""match_max"": 0.5, ""refs"": 24, ""match_mode"": ""none"", ""steer_zones"": 41, ""people"": 0, ""track_id"": null, ""target_ex"": 0.0, ""target_cx_vel_px_s"": 0.0, ""target_age_s"": null, ""lidar_min_m"": 0.28, ""target_lidar_m"": null, ""target_lidar_deg"": null, ""camera_range_m"
2026-07-16T22:38:54.883,248.884,mission_20260716_223446_manual,MANUAL,,0,13.330283164978027,100.9979248046875,150.61311610497648,4,True,0.6787499785423279,1,0,0,1,0,0.0,0.0,0.0,0,0,nan,nan,nan,,nan,nan,nan,2,24,-,READY owner=Surnn refs=24,"{""cmd"": ""STOP"", ""status"": ""READY"", ""detector"": ""yolo"", ""state"": ""IDLE"", ""owner"": ""Surnn"", ""score"": null, ""match_max"": 0.5, ""refs"": 24, ""match_mode"": ""none"", ""steer_zones"": 41, ""people"": 0, ""track_id"": null, ""target_ex"": 0.0, ""target_cx_vel_px_s"": 0.0, ""target_age_s"": null, ""lidar_min_m"": 0.27, ""target_lidar_m"": null, ""target_lidar_deg"": null, ""camera_range_m"
2026-07-16T22:38:56.890,250.89,mission_20260716_223446_manual,MANUAL,,0,13.330284118652344,100.9979248046875,150.61211889735765,4,True,0.6800000071525574,1,0,0,1,0,0.0,0.0,0.0,0,0,nan,nan,nan,,nan,nan,nan,2,25,-,READY owner=Surnn refs=24,"{""cmd"": ""STOP"", ""status"": ""READY"", ""detector"": ""yolo"", ""state"": ""IDLE"", ""owner"": ""Surnn"", ""score"": null, ""match_max"": 0.5, ""refs"": 24, ""match_mode"": ""none"", ""steer_zones"": 41, ""people"": 0, ""track_id"": null, ""target_ex"": 0.0, ""target_cx_vel_px_s"": 0.0, ""target_age_s"": null, ""lidar_min_m"": 0.27, ""target_lidar_m"": null, ""target_lidar_deg"": null, ""camera_range_m"
2026-07-16T22:38:58.987,252.987,mission_20260716_223446_manual,MANUAL,,0,13.33028507232666,100.9979248046875,150.61296584081472,4,True,0.6790000200271606,1,0,0,1,0,0.0,0.0,0.0,0,0,nan,nan,nan,,nan,nan,nan,2,25,-,READY owner=Surnn refs=24,"{""cmd"": ""STOP"", ""status"": ""READY"", ""detector"": ""yolo"", ""state"": ""IDLE"", ""owner"": ""Surnn"", ""score"": null, ""match_max"": 0.5, ""refs"": 24, ""match_mode"": ""none"", ""steer_zones"": 41, ""people"": 0, ""track_id"": null, ""target_ex"": 0.0, ""target_cx_vel_px_s"": 0.0, ""target_age_s"": null, ""lidar_min_m"": 0.26, ""target_lidar_m"": null, ""target_lidar_deg"": null, ""camera_range_m"
2026-07-16T22:39:01.026,255.026,mission_20260716_223446_manual,MANUAL,,0,13.330286026000977,100.9979248046875,150.61235112378944,4,True,0.6804999709129333,1,0,0,1,0,0.0,0.0,0.0,0,0,nan,nan,nan,,nan,nan,nan,2,25,-,READY owner=Surnn refs=24,"{""cmd"": ""STOP"", ""status"": ""READY"", ""detector"": ""yolo"", ""state"": ""IDLE"", ""owner"": ""Surnn"", ""score"": null, ""match_max"": 0.5, ""refs"": 24, ""match_mode"": ""none"", ""steer_zones"": 41, ""people"": 0, ""track_id"": null, ""target_ex"": 0.0, ""target_cx_vel_px_s"": 0.0, ""target_age_s"": null, ""lidar_min_m"": 0.27, ""target_lidar_m"": null, ""target_lidar_deg"": null, ""camera_range_m"
2026-07-16T22:39:03.104,257.104,mission_20260716_223446_manual,MANUAL,,0,13.330286979675293,100.9979248046875,150.60393633073198,4,True,0.6809999942779541,1,0,0,1,0,0.0,0.0,0.0,0,0,nan,nan,nan,,nan,nan,nan,2,25,-,READY owner=Surnn refs=24,"{""cmd"": ""STOP"", ""status"": ""READY"", ""detector"": ""yolo"", ""state"": ""IDLE"", ""owner"": ""Surnn"", ""score"": null, ""match_max"": 0.5, ""refs"": 24, ""match_mode"": ""none"", ""steer_zones"": 41, ""people"": 0, ""track_id"": null, ""target_ex"": 0.0, ""target_cx_vel_px_s"": 0.0, ""target_age_s"": null, ""lidar_min_m"": 0.27, ""target_lidar_m"": null, ""target_lidar_deg"": null, ""camera_range_m"
2026-07-16T22:39:05.171,259.171,mission_20260716_223446_manual,MANUAL,,0,13.330286979675293,100.9979248046875,150.5990322549079,4,True,0.6784999966621399,1,0,0,1,0,0.0,0.0,0.0,0,0,nan,nan,nan,,nan,nan,nan,2,25,-,READY owner=Surnn refs=24,"{""cmd"": ""STOP"", ""status"": ""READY"", ""detector"": ""yolo"", ""state"": ""IDLE"", ""owner"": ""Surnn"", ""score"": null, ""match_max"": 0.5, ""refs"": 24, ""match_mode"": ""none"", ""steer_zones"": 41, ""people"": 0, ""track_id"": null, ""target_ex"": 0.0, ""target_cx_vel_px_s"": 0.0, ""target_age_s"": null, ""lidar_min_m"": 0.27, ""target_lidar_m"": null, ""target_lidar_deg"": null, ""camera_range_m"
2026-07-16T22:39:07.258,261.258,mission_20260716_223446_manual,MANUAL,,0,13.330286979675293,100.9979248046875,150.60177799095425,4,True,0.6794999837875366,1,0,0,1,0,0.0,0.0,0.0,0,0,nan,nan,nan,,nan,nan,nan,2,25,-,READY owner=Surnn refs=24,"{""cmd"": ""STOP"", ""status"": ""READY"", ""detector"": ""yolo"", ""state"": ""IDLE"", ""owner"": ""Surnn"", ""score"": null, ""match_max"": 0.5, ""refs"": 24, ""match_mode"": ""none"", ""steer_zones"": 41, ""people"": 0, ""track_id"": null, ""target_ex"": 0.0, ""target_cx_vel_px_s"": 0.0, ""target_age_s"": null, ""lidar_min_m"": 0.28, ""target_lidar_m"": null, ""target_lidar_deg"": null, ""camera_range_m"
2026-07-16T22:39:09.314,263.314,mission_20260716_223446_manual,MANUAL,,0,13.330286979675293,100.99791717529297,150.6078022178022,4,True,0.6777499914169312,1,0,0,1,0,0.0,0.0,0.0,0,0,nan,nan,nan,,nan,nan,nan,2,25,-,READY owner=Surnn refs=24,"{""cmd"": ""STOP"", ""status"": ""READY"", ""detector"": ""yolo"", ""state"": ""IDLE"", ""owner"": ""Surnn"", ""score"": null, ""match_max"": 0.5, ""refs"": 24, ""match_mode"": ""none"", ""steer_zones"": 41, ""people"": 0, ""track_id"": null, ""target_ex"": 0.0, ""target_cx_vel_px_s"": 0.0, ""target_age_s"": null, ""lidar_min_m"": 0.27, ""target_lidar_m"": null, ""target_lidar_deg"": null, ""camera_range_m"
2026-07-16T22:39:11.342,265.343,mission_20260716_223446_manual,MANUAL,,0,13.330286979675293,100.99791717529297,150.60378606657022,4,True,0.6792500019073486,1,0,0,1,0,0.0,0.0,0.0,0,0,nan,nan,nan,,nan,nan,nan,2,25,-,READY owner=Surnn refs=24,"{""cmd"": ""STOP"", ""status"": ""READY"", ""detector"": ""yolo"", ""state"": ""IDLE"", ""owner"": ""Surnn"", ""score"": null, ""match_max"": 0.5, ""refs"": 24, ""match_mode"": ""none"", ""steer_zones"": 41, ""people"": 0, ""track_id"": null, ""target_ex"": 0.0, ""target_cx_vel_px_s"": 0.0, ""target_age_s"": null, ""lidar_min_m"": 0.27, ""target_lidar_m"": null, ""target_lidar_deg"": null, ""camera_range_m"
2026-07-16T22:39:13.366,267.366,mission_20260716_223446_manual,MANUAL,,0,13.330286979675293,100.99791717529297,150.60441444397387,4,True,0.6777499914169312,1,0,0,1,0,0.0,0.0,0.0,0,0,nan,nan,nan,,nan,nan,nan,2,25,-,READY owner=Surnn refs=24,"{""cmd"": ""STOP"", ""status"": ""READY"", ""detector"": ""yolo"", ""state"": ""IDLE"", ""owner"": ""Surnn"", ""score"": null, ""match_max"": 0.5, ""refs"": 24, ""match_mode"": ""none"", ""steer_zones"": 41, ""people"": 0, ""track_id"": null, ""target_ex"": 0.0, ""target_cx_vel_px_s"": 0.0, ""target_age_s"": null, ""lidar_min_m"": 0.28, ""target_lidar_m"": null, ""target_lidar_deg"": null, ""camera_range_m"
2026-07-16T22:39:15.401,269.401,mission_20260716_223446_manual,MANUAL,,0,13.33028793334961,100.99791717529297,150.6004939153903,4,True,0.6790000200271606,1,0,0,1,0,0.0,0.0,0.0,0,0,nan,nan,nan,,nan,nan,nan,2,25,-,READY owner=Surnn refs=24,"{""cmd"": ""STOP"", ""status"": ""READY"", ""detector"": ""yolo"", ""state"": ""IDLE"", ""owner"": ""Surnn"", ""score"": null, ""match_max"": 0.5, ""refs"": 24, ""match_mode"": ""none"", ""steer_zones"": 41, ""people"": 0, ""track_id"": null, ""target_ex"": 0.0, ""target_cx_vel_px_s"": 0.0, ""target_age_s"": null, ""lidar_min_m"": 0.27, ""target_lidar_m"": null, ""target_lidar_deg"": null, ""camera_range_m"
2026-07-16T22:39:17.457,271.458,mission_20260716_223446_manual,MANUAL,,0,13.33028793334961,100.99791717529297,150.59501610367593,4,True,0.6794999837875366,1,0,0,1,0,0.0,0.0,0.0,0,0,nan,nan,nan,,nan,nan,nan,2,25,-,READY owner=Surnn refs=24,"{""cmd"": ""STOP"", ""status"": ""READY"", ""detector"": ""yolo"", ""state"": ""IDLE"", ""owner"": ""Surnn"", ""score"": null, ""match_max"": 0.5, ""refs"": 24, ""match_mode"": ""none"", ""steer_zones"": 41, ""people"": 0, ""track_id"": null, ""target_ex"": 0.0, ""target_cx_vel_px_s"": 0.0, ""target_age_s"": null, ""lidar_min_m"": 0.27, ""target_lidar_m"": null, ""target_lidar_deg"": null, ""camera_range_m"
2026-07-16T22:39:19.476,273.477,mission_20260716_223446_manual,MANUAL,,0,13.330286979675293,100.99791717529297,150.5882132352626,4,True,0.6782500147819519,1,0,0,1,0,0.0,0.0,0.0,0,0,nan,nan,nan,,nan,nan,nan,2,24,-,READY owner=Surnn refs=24,"{""cmd"": ""STOP"", ""status"": ""READY"", ""detector"": ""yolo"", ""state"": ""IDLE"", ""owner"": ""Surnn"", ""score"": null, ""match_max"": 0.5, ""refs"": 24, ""match_mode"": ""none"", ""steer_zones"": 41, ""people"": 0, ""track_id"": null, ""target_ex"": 0.0, ""target_cx_vel_px_s"": 0.0, ""target_age_s"": null, ""lidar_min_m"": 0.28, ""target_lidar_m"": null, ""target_lidar_deg"": null, ""camera_range_m"
2026-07-16T22:39:21.492,275.493,mission_20260716_223446_manual,MANUAL,,0,13.33028793334961,100.99791717529297,150.5860958766199,4,True,0.6769999861717224,1,0,0,1,0,0.0,0.0,0.0,0,0,nan,nan,nan,,nan,nan,nan,2,25,-,READY owner=Surnn refs=24,"{""cmd"": ""STOP"", ""status"": ""READY"", ""detector"": ""yolo"", ""state"": ""IDLE"", ""owner"": ""Surnn"", ""score"": null, ""match_max"": 0.5, ""refs"": 24, ""match_mode"": ""none"", ""steer_zones"": 41, ""people"": 0, ""track_id"": null, ""target_ex"": 0.0, ""target_cx_vel_px_s"": 0.0, ""target_age_s"": null, ""lidar_min_m"": 0.28, ""target_lidar_m"": null, ""target_lidar_deg"": null, ""camera_range_m"
2026-07-16T22:39:23.509,277.509,mission_20260716_223446_manual,MANUAL,,0,13.33028793334961,100.99791717529297,150.5852079520278,4,True,0.6792500019073486,1,0,0,1,0,0.0,0.0,0.0,0,0,nan,nan,nan,,nan,nan,nan,2,25,-,READY owner=Surnn refs=24,"{""cmd"": ""STOP"", ""status"": ""READY"", ""detector"": ""yolo"", ""state"": ""IDLE"", ""owner"": ""Surnn"", ""score"": null, ""match_max"": 0.5, ""refs"": 24, ""match_mode"": ""none"", ""steer_zones"": 41, ""people"": 0, ""track_id"": null, ""target_ex"": 0.0, ""target_cx_vel_px_s"": 0.0, ""target_age_s"": null, ""lidar_min_m"": 0.28, ""target_lidar_m"": null, ""target_lidar_deg"": null, ""camera_range_m"
2026-07-16T22:39:25.535,279.535,mission_20260716_223446_manual,MANUAL,,0,13.33028793334961,100.99791717529297,150.58829519753266,4,True,0.6807500123977661,1,0,0,1,0,0.0,0.0,0.0,0,0,nan,nan,nan,,nan,nan,nan,2,25,-,READY owner=Surnn refs=24,"{""cmd"": ""STOP"", ""status"": ""READY"", ""detector"": ""yolo"", ""state"": ""IDLE"", ""owner"": ""Surnn"", ""score"": null, ""match_max"": 0.5, ""refs"": 24, ""match_mode"": ""none"", ""steer_zones"": 41, ""people"": 0, ""track_id"": null, ""target_ex"": 0.0, ""target_cx_vel_px_s"": 0.0, ""target_age_s"": null, ""lidar_min_m"": 0.29, ""target_lidar_m"": null, ""target_lidar_deg"": null, ""camera_range_m"
2026-07-16T22:39:27.548,281.548,mission_20260716_223446_manual,MANUAL,,0,13.33028793334961,100.99791717529297,150.58004432901527,4,True,0.6790000200271606,1,0,0,1,0,0.0,0.0,0.0,0,0,nan,nan,nan,,nan,nan,nan,2,25,-,READY owner=Surnn refs=24,"{""cmd"": ""STOP"", ""status"": ""READY"", ""detector"": ""yolo"", ""state"": ""IDLE"", ""owner"": ""Surnn"", ""score"": null, ""match_max"": 0.5, ""refs"": 24, ""match_mode"": ""none"", ""steer_zones"": 41, ""people"": 0, ""track_id"": null, ""target_ex"": 0.0, ""target_cx_vel_px_s"": 0.0, ""target_age_s"": null, ""lidar_min_m"": 0.28, ""target_lidar_m"": null, ""target_lidar_deg"": null, ""camera_range_m"
2026-07-16T22:39:29.585,283.586,mission_20260716_223446_manual,MANUAL,,0,13.33028793334961,100.99791717529297,150.5702908188805,4,True,0.6784999966621399,1,0,0,1,0,0.0,0.0,0.0,0,0,nan,nan,nan,,nan,nan,nan,2,25,-,READY owner=Surnn refs=24,"{""cmd"": ""STOP"", ""status"": ""READY"", ""detector"": ""yolo"", ""state"": ""IDLE"", ""owner"": ""Surnn"", ""score"": null, ""match_max"": 0.5, ""refs"": 24, ""match_mode"": ""none"", ""steer_zones"": 41, ""people"": 0, ""track_id"": null, ""target_ex"": 0.0, ""target_cx_vel_px_s"": 0.0, ""target_age_s"": null, ""lidar_min_m"": 0.28, ""target_lidar_m"": null, ""target_lidar_deg"": null, ""camera_range_m"
2026-07-16T22:39:31.623,285.623,mission_20260716_223446_manual,MANUAL,,0,13.33028793334961,100.99791717529297,150.57306387568352,4,True,0.6794999837875366,1,0,0,1,0,0.0,0.0,0.0,0,0,nan,nan,nan,,nan,nan,nan,2,25,-,READY owner=Surnn refs=24,"{""cmd"": ""STOP"", ""status"": ""READY"", ""detector"": ""yolo"", ""state"": ""IDLE"", ""owner"": ""Surnn"", ""score"": null, ""match_max"": 0.5, ""refs"": 24, ""match_mode"": ""none"", ""steer_zones"": 41, ""people"": 0, ""track_id"": null, ""target_ex"": 0.0, ""target_cx_vel_px_s"": 0.0, ""target_age_s"": null, ""lidar_min_m"": 0.28, ""target_lidar_m"": null, ""target_lidar_deg"": null, ""camera_range_m"
2026-07-16T22:39:33.666,287.666,mission_20260716_223446_manual,MANUAL,,0,13.33028793334961,100.99791717529297,150.58020825355536,4,True,0.6797500252723694,1,0,0,1,0,0.0,0.0,0.0,0,0,nan,nan,nan,,nan,nan,nan,2,25,-,READY owner=Surnn refs=24,"{""cmd"": ""STOP"", ""status"": ""READY"", ""detector"": ""yolo"", ""state"": ""IDLE"", ""owner"": ""Surnn"", ""score"": null, ""match_max"": 0.5, ""refs"": 24, ""match_mode"": ""none"", ""steer_zones"": 41, ""people"": 0, ""track_id"": null, ""target_ex"": 0.0, ""target_cx_vel_px_s"": 0.0, ""target_age_s"": null, ""lidar_min_m"": 0.27, ""target_lidar_m"": null, ""target_lidar_deg"": null, ""camera_range_m"
2026-07-16T22:39:35.774,289.775,mission_20260716_223446_manual,MANUAL,,0,13.33028507232666,100.99791717529297,150.58463421613752,4,True,0.6797500252723694,1,0,0,1,0,0.0,0.0,0.0,0,0,nan,nan,nan,,nan,nan,nan,2,25,-,READY owner=Surnn refs=24,"{""cmd"": ""STOP"", ""status"": ""READY"", ""detector"": ""yolo"", ""state"": ""IDLE"", ""owner"": ""Surnn"", ""score"": null, ""match_max"": 0.5, ""refs"": 24, ""match_mode"": ""none"", ""steer_zones"": 41, ""people"": 0, ""track_id"": null, ""target_ex"": 0.0, ""target_cx_vel_px_s"": 0.0, ""target_age_s"": null, ""lidar_min_m"": 0.27, ""target_lidar_m"": null, ""target_lidar_deg"": null, ""camera_range_m"
2026-07-16T22:39:37.817,291.817,mission_20260716_223446_manual,MANUAL,,0,13.330284118652344,100.9979248046875,150.57888319685637,4,True,0.6792500019073486,1,0,0,1,0,0.0,0.0,0.0,0,0,nan,nan,nan,,nan,nan,nan,2,25,-,READY owner=Surnn refs=24,"{""cmd"": ""STOP"", ""status"": ""READY"", ""detector"": ""yolo"", ""state"": ""IDLE"", ""owner"": ""Surnn"", ""score"": null, ""match_max"": 0.5, ""refs"": 24, ""match_mode"": ""none"", ""steer_zones"": 41, ""people"": 0, ""track_id"": null, ""target_ex"": 0.0, ""target_cx_vel_px_s"": 0.0, ""target_age_s"": null, ""lidar_min_m"": 0.27, ""target_lidar_m"": null, ""target_lidar_deg"": null, ""camera_range_m"
2026-07-16T22:39:39.897,293.897,mission_20260716_223446_manual,MANUAL,,0,13.330283164978027,100.9979248046875,150.58207972538793,4,True,0.6804999709129333,1,0,0,1,0,0.0,0.0,0.0,0,0,nan,nan,nan,,nan,nan,nan,2,26,-,READY owner=Surnn refs=24,"{""cmd"": ""STOP"", ""status"": ""READY"", ""detector"": ""yolo"", ""state"": ""IDLE"", ""owner"": ""Surnn"", ""score"": null, ""match_max"": 0.5, ""refs"": 24, ""match_mode"": ""none"", ""steer_zones"": 41, ""people"": 0, ""track_id"": null, ""target_ex"": 0.0, ""target_cx_vel_px_s"": 0.0, ""target_age_s"": null, ""lidar_min_m"": 0.28, ""target_lidar_m"": null, ""target_lidar_deg"": null, ""camera_range_m"
2026-07-16T22:39:41.920,295.92,mission_20260716_223446_manual,MANUAL,,0,13.330282211303711,100.9979248046875,150.57746251750902,4,True,0.6794999837875366,1,0,0,1,0,0.0,0.0,0.0,0,0,nan,nan,nan,,nan,nan,nan,2,26,-,READY owner=Surnn refs=24,"{""cmd"": ""STOP"", ""status"": ""READY"", ""detector"": ""yolo"", ""state"": ""IDLE"", ""owner"": ""Surnn"", ""score"": null, ""match_max"": 0.5, ""refs"": 24, ""match_mode"": ""none"", ""steer_zones"": 41, ""people"": 0, ""track_id"": null, ""target_ex"": 0.0, ""target_cx_vel_px_s"": 0.0, ""target_age_s"": null, ""lidar_min_m"": 0.27, ""target_lidar_m"": null, ""target_lidar_deg"": null, ""camera_range_m"
2026-07-16T22:39:44.032,298.033,mission_20260716_223446_manual,MANUAL,,0,13.330281257629395,100.9979248046875,150.58641006532173,4,True,0.6802499890327454,1,0,0,1,0,0.0,0.0,0.0,0,0,nan,nan,nan,,nan,nan,nan,2,26,-,READY owner=Surnn refs=24,"{""cmd"": ""STOP"", ""status"": ""READY"", ""detector"": ""yolo"", ""state"": ""IDLE"", ""owner"": ""Surnn"", ""score"": null, ""match_max"": 0.5, ""refs"": 24, ""match_mode"": ""none"", ""steer_zones"": 41, ""people"": 0, ""track_id"": null, ""target_ex"": 0.0, ""target_cx_vel_px_s"": 0.0, ""target_age_s"": null, ""lidar_min_m"": 0.28, ""target_lidar_m"": null, ""target_lidar_deg"": null, ""camera_range_m"
2026-07-16T22:39:46.066,300.067,mission_20260716_223446_manual,MANUAL,,0,13.330279350280762,100.9979248046875,150.5989229718812,4,True,0.6802499890327454,1,0,0,1,0,0.0,0.0,0.0,0,0,nan,nan,nan,,nan,nan,nan,2,26,-,READY owner=Surnn refs=24,"{""cmd"": ""STOP"", ""status"": ""READY"", ""detector"": ""yolo"", ""state"": ""IDLE"", ""owner"": ""Surnn"", ""score"": null, ""match_max"": 0.5, ""refs"": 24, ""match_mode"": ""none"", ""steer_zones"": 41, ""people"": 0, ""track_id"": null, ""target_ex"": 0.0, ""target_cx_vel_px_s"": 0.0, ""target_age_s"": null, ""lidar_min_m"": 0.28, ""target_lidar_m"": null, ""target_lidar_deg"": null, ""camera_range_m"
2026-07-16T22:39:48.108,302.108,mission_20260716_223446_manual,MANUAL,,0,13.330277442932129,100.9979248046875,150.602611274033,4,True,0.6782500147819519,1,0,0,1,0,0.0,0.0,0.0,0,0,nan,nan,nan,,nan,nan,nan,2,25,-,READY owner=Surnn refs=24,"{""cmd"": ""STOP"", ""status"": ""READY"", ""detector"": ""yolo"", ""state"": ""IDLE"", ""owner"": ""Surnn"", ""score"": null, ""match_max"": 0.5, ""refs"": 24, ""match_mode"": ""none"", ""steer_zones"": 41, ""people"": 0, ""track_id"": null, ""target_ex"": 0.0, ""target_cx_vel_px_s"": 0.0, ""target_age_s"": null, ""lidar_min_m"": 0.29, ""target_lidar_m"": null, ""target_lidar_deg"": null, ""camera_range_m"
2026-07-16T22:39:50.186,304.187,mission_20260716_223446_manual,MANUAL,,0,13.330276489257812,100.9979248046875,150.60858085936758,4,True,0.6790000200271606,1,0,0,1,0,0.0,0.0,0.0,0,0,nan,nan,nan,,nan,nan,nan,2,25,-,READY owner=Surnn refs=24,"{""cmd"": ""STOP"", ""status"": ""READY"", ""detector"": ""yolo"", ""state"": ""IDLE"", ""owner"": ""Surnn"", ""score"": null, ""match_max"": 0.5, ""refs"": 24, ""match_mode"": ""none"", ""steer_zones"": 41, ""people"": 0, ""track_id"": null, ""target_ex"": 0.0, ""target_cx_vel_px_s"": 0.0, ""target_age_s"": null, ""lidar_min_m"": 0.29, ""target_lidar_m"": null, ""target_lidar_deg"": null, ""camera_range_m"
2026-07-16T22:39:52.186,306.187,mission_20260716_223446_manual,MANUAL,,0,13.33027458190918,100.9979248046875,150.61392206729855,4,True,0.6800000071525574,1,0,0,1,0,0.0,0.0,0.0,0,0,nan,nan,nan,,nan,nan,nan,2,25,-,READY owner=Surnn refs=24,"{""cmd"": ""STOP"", ""status"": ""READY"", ""detector"": ""yolo"", ""state"": ""IDLE"", ""owner"": ""Surnn"", ""score"": null, ""match_max"": 0.5, ""refs"": 24, ""match_mode"": ""none"", ""steer_zones"": 41, ""people"": 0, ""track_id"": null, ""target_ex"": 0.0, ""target_cx_vel_px_s"": 0.0, ""target_age_s"": null, ""lidar_min_m"": 0.28, ""target_lidar_m"": null, ""target_lidar_deg"": null, ""camera_range_m"
2026-07-16T22:39:54.281,308.281,mission_20260716_223446_manual,MANUAL,,0,13.330272674560547,100.9979248046875,150.61231014265442,4,True,0.6777499914169312,1,0,0,1,0,0.0,0.0,0.0,0,0,nan,nan,nan,,nan,nan,nan,2,25,-,READY owner=Surnn refs=24,"{""cmd"": ""STOP"", ""status"": ""READY"", ""detector"": ""yolo"", ""state"": ""IDLE"", ""owner"": ""Surnn"", ""score"": null, ""match_max"": 0.5, ""refs"": 24, ""match_mode"": ""none"", ""steer_zones"": 41, ""people"": 0, ""track_id"": null, ""target_ex"": 0.0, ""target_cx_vel_px_s"": 0.0, ""target_age_s"": null, ""lidar_min_m"": 0.28, ""target_lidar_m"": null, ""target_lidar_deg"": null, ""camera_range_m"
2026-07-16T22:39:56.345,310.346,mission_20260716_223446_manual,MANUAL,,0,13.33027172088623,100.9979248046875,150.604660330784,4,True,0.6802499890327454,1,0,0,1,0,0.0,0.0,0.0,0,0,nan,nan,nan,,nan,nan,nan,2,25,-,READY owner=Surnn refs=24,"{""cmd"": ""STOP"", ""status"": ""READY"", ""detector"": ""yolo"", ""state"": ""IDLE"", ""owner"": ""Surnn"", ""score"": null, ""match_max"": 0.5, ""refs"": 24, ""match_mode"": ""none"", ""steer_zones"": 41, ""people"": 0, ""track_id"": null, ""target_ex"": 0.0, ""target_cx_vel_px_s"": 0.0, ""target_age_s"": null, ""lidar_min_m"": 0.28, ""target_lidar_m"": null, ""target_lidar_deg"": null, ""camera_range_m"
2026-07-16T22:39:58.382,312.382,mission_20260716_223446_manual,MANUAL,,0,13.330269813537598,100.9979248046875,150.60955074622973,4,True,0.6782500147819519,1,0,0,1,0,0.0,0.0,0.0,0,0,nan,nan,nan,,nan,nan,nan,2,25,-,READY owner=Surnn refs=24,"{""cmd"": ""STOP"", ""status"": ""READY"", ""detector"": ""yolo"", ""state"": ""IDLE"", ""owner"": ""Surnn"", ""score"": null, ""match_max"": 0.5, ""refs"": 24, ""match_mode"": ""none"", ""steer_zones"": 41, ""people"": 0, ""track_id"": null, ""target_ex"": 0.0, ""target_cx_vel_px_s"": 0.0, ""target_age_s"": null, ""lidar_min_m"": 0.27, ""target_lidar_m"": null, ""target_lidar_deg"": null, ""camera_range_m"
2026-07-16T22:40:00.390,314.391,mission_20260716_223446_manual,MANUAL,,0,13.330267906188965,100.9979248046875,150.61266531249126,4,True,0.6809999942779541,1,0,0,1,0,0.0,0.0,0.0,0,0,nan,nan,nan,,nan,nan,nan,2,24,-,READY owner=Surnn refs=24,"{""cmd"": ""STOP"", ""status"": ""READY"", ""detector"": ""yolo"", ""state"": ""IDLE"", ""owner"": ""Surnn"", ""score"": null, ""match_max"": 0.5, ""refs"": 24, ""match_mode"": ""none"", ""steer_zones"": 41, ""people"": 0, ""track_id"": null, ""target_ex"": 0.0, ""target_cx_vel_px_s"": 0.0, ""target_age_s"": null, ""lidar_min_m"": 0.28, ""target_lidar_m"": null, ""target_lidar_deg"": null, ""camera_range_m"
2026-07-16T22:40:02.501,316.502,mission_20260716_223446_manual,MANUAL,,0,13.330266952514648,100.9979248046875,150.61378546351514,4,True,0.6797500252723694,1,0,0,1,0,0.0,0.0,0.0,0,0,nan,nan,nan,,nan,nan,nan,2,23,-,READY owner=Surnn refs=24,"{""cmd"": ""STOP"", ""status"": ""READY"", ""detector"": ""yolo"", ""state"": ""IDLE"", ""owner"": ""Surnn"", ""score"": null, ""match_max"": 0.5, ""refs"": 24, ""match_mode"": ""none"", ""steer_zones"": 41, ""people"": 0, ""track_id"": null, ""target_ex"": 0.0, ""target_cx_vel_px_s"": 0.0, ""target_age_s"": null, ""lidar_min_m"": 0.27, ""target_lidar_m"": null, ""target_lidar_deg"": null, ""camera_range_m"
2026-07-16T22:40:04.508,318.508,mission_20260716_223446_manual,MANUAL,,0,13.330265045166016,100.99791717529297,150.61542470891592,4,True,0.6772500276565552,1,0,0,1,0,0.0,0.0,0.0,0,0,nan,nan,nan,,nan,nan,nan,2,23,-,READY owner=Surnn refs=24,"{""cmd"": ""STOP"", ""status"": ""READY"", ""detector"": ""yolo"", ""state"": ""IDLE"", ""owner"": ""Surnn"", ""score"": null, ""match_max"": 0.5, ""refs"": 24, ""match_mode"": ""none"", ""steer_zones"": 41, ""people"": 0, ""track_id"": null, ""target_ex"": 0.0, ""target_cx_vel_px_s"": 0.0, ""target_age_s"": null, ""lidar_min_m"": 0.27, ""target_lidar_m"": null, ""target_lidar_deg"": null, ""camera_range_m"
2026-07-16T22:40:06.519,320.52,mission_20260716_223446_manual,MANUAL,,0,13.3302640914917,100.99791717529297,150.6175284071803,4,True,0.6800000071525574,1,0,0,1,0,0.0,0.0,0.0,0,0,nan,nan,nan,,nan,nan,nan,2,24,-,READY owner=Surnn refs=24,"{""cmd"": ""STOP"", ""status"": ""READY"", ""detector"": ""yolo"", ""state"": ""IDLE"", ""owner"": ""Surnn"", ""score"": null, ""match_max"": 0.5, ""refs"": 24, ""match_mode"": ""none"", ""steer_zones"": 41, ""people"": 0, ""track_id"": null, ""target_ex"": 0.0, ""target_cx_vel_px_s"": 0.0, ""target_age_s"": null, ""lidar_min_m"": 0.27, ""target_lidar_m"": null, ""target_lidar_deg"": null, ""camera_range_m"
2026-07-16T22:40:08.531,322.531,mission_20260716_223446_manual,MANUAL,,0,13.3302640914917,100.99791717529297,150.62836108720393,4,True,0.6779999732971191,1,0,0,1,0,0.0,0.0,0.0,0,0,nan,nan,nan,,nan,nan,nan,2,23,-,READY owner=Surnn refs=24,"{""cmd"": ""STOP"", ""status"": ""READY"", ""detector"": ""yolo"", ""state"": ""IDLE"", ""owner"": ""Surnn"", ""score"": null, ""match_max"": 0.5, ""refs"": 24, ""match_mode"": ""none"", ""steer_zones"": 41, ""people"": 0, ""track_id"": null, ""target_ex"": 0.0, ""target_cx_vel_px_s"": 0.0, ""target_age_s"": null, ""lidar_min_m"": 0.27, ""target_lidar_m"": null, ""target_lidar_deg"": null, ""camera_range_m"
2026-07-16T22:40:10.536,324.537,mission_20260716_223446_manual,MANUAL,,0,13.330263137817383,100.99791717529297,150.63471316313206,4,True,0.6804999709129333,1,0,0,1,0,0.0,0.0,0.0,0,0,nan,nan,nan,,nan,nan,nan,2,23,-,READY owner=Surnn refs=24,"{""cmd"": ""STOP"", ""status"": ""READY"", ""detector"": ""yolo"", ""state"": ""IDLE"", ""owner"": ""Surnn"", ""score"": null, ""match_max"": 0.5, ""refs"": 24, ""match_mode"": ""none"", ""steer_zones"": 41, ""people"": 0, ""track_id"": null, ""target_ex"": 0.0, ""target_cx_vel_px_s"": 0.0, ""target_age_s"": null, ""lidar_min_m"": 0.27, ""target_lidar_m"": null, ""target_lidar_deg"": null, ""camera_range_m"
2026-07-16T22:40:12.548,326.548,mission_20260716_223446_manual,MANUAL,,0,13.330262184143066,100.99791717529297,150.6255470492659,4,True,0.6809999942779541,1,0,0,1,0,0.0,0.0,0.0,0,0,nan,nan,nan,,nan,nan,nan,2,23,-,READY owner=Surnn refs=24,"{""cmd"": ""STOP"", ""status"": ""READY"", ""detector"": ""yolo"", ""state"": ""IDLE"", ""owner"": ""Surnn"", ""score"": null, ""match_max"": 0.5, ""refs"": 24, ""match_mode"": ""none"", ""steer_zones"": 41, ""people"": 0, ""track_id"": null, ""target_ex"": 0.0, ""target_cx_vel_px_s"": 0.0, ""target_age_s"": null, ""lidar_min_m"": 0.28, ""target_lidar_m"": null, ""target_lidar_deg"": null, ""camera_range_m"
2026-07-16T22:40:14.548,328.549,mission_20260716_223446_manual,MANUAL,,0,13.33026123046875,100.99791717529297,150.60690063283175,4,True,0.6794999837875366,1,0,0,1,0,0.0,0.0,0.0,0,0,nan,nan,nan,,nan,nan,nan,2,25,-,READY owner=Surnn refs=24,"{""cmd"": ""STOP"", ""status"": ""READY"", ""detector"": ""yolo"", ""state"": ""IDLE"", ""owner"": ""Surnn"", ""score"": null, ""match_max"": 0.5, ""refs"": 24, ""match_mode"": ""none"", ""steer_zones"": 41, ""people"": 0, ""track_id"": null, ""target_ex"": 0.0, ""target_cx_vel_px_s"": 0.0, ""target_age_s"": null, ""lidar_min_m"": 0.27, ""target_lidar_m"": null, ""target_lidar_deg"": null, ""camera_range_m"
2026-07-16T22:40:16.676,330.677,mission_20260716_223446_manual,MANUAL,,0,13.330260276794434,100.99791717529297,150.58860938623448,4,True,0.6804999709129333,1,0,0,1,0,0.0,0.0,0.0,0,0,nan,nan,nan,,nan,nan,nan,2,25,-,READY owner=Surnn refs=24,"{""cmd"": ""STOP"", ""status"": ""READY"", ""detector"": ""yolo"", ""state"": ""IDLE"", ""owner"": ""Surnn"", ""score"": null, ""match_max"": 0.5, ""refs"": 24, ""match_mode"": ""none"", ""steer_zones"": 41, ""people"": 0, ""track_id"": null, ""target_ex"": 0.0, ""target_cx_vel_px_s"": 0.0, ""target_age_s"": null, ""lidar_min_m"": 0.27, ""target_lidar_m"": null, ""target_lidar_deg"": null, ""camera_range_m"
2026-07-16T22:40:18.677,332.677,mission_20260716_223446_manual,MANUAL,,0,13.330260276794434,100.99791717529297,150.5819704423612,4,True,0.6787499785423279,1,0,0,1,0,0.0,0.0,0.0,0,0,nan,nan,nan,,nan,nan,nan,2,25,-,READY owner=Surnn refs=24,"{""cmd"": ""STOP"", ""status"": ""READY"", ""detector"": ""yolo"", ""state"": ""IDLE"", ""owner"": ""Surnn"", ""score"": null, ""match_max"": 0.5, ""refs"": 24, ""match_mode"": ""none"", ""steer_zones"": 41, ""people"": 0, ""track_id"": null, ""target_ex"": 0.0, ""target_cx_vel_px_s"": 0.0, ""target_age_s"": null, ""lidar_min_m"": 0.28, ""target_lidar_m"": null, ""target_lidar_deg"": null, ""camera_range_m"
2026-07-16T22:40:20.686,334.686,mission_20260716_223446_manual,MANUAL,,0,13.330259323120117,100.99791717529297,150.5818338385778,4,True,0.6782500147819519,1,0,0,1,0,0.0,0.0,0.0,0,0,nan,nan,nan,,nan,nan,nan,2,24,-,READY owner=Surnn refs=24,"{""cmd"": ""STOP"", ""status"": ""READY"", ""detector"": ""yolo"", ""state"": ""IDLE"", ""owner"": ""Surnn"", ""score"": null, ""match_max"": 0.5, ""refs"": 24, ""match_mode"": ""none"", ""steer_zones"": 41, ""people"": 0, ""track_id"": null, ""target_ex"": 0.0, ""target_cx_vel_px_s"": 0.0, ""target_age_s"": null, ""lidar_min_m"": 0.27, ""target_lidar_m"": null, ""target_lidar_deg"": null, ""camera_range_m"
2026-07-16T22:40:22.687,336.688,mission_20260716_223446_manual,MANUAL,,0,13.3302583694458,100.99791717529297,150.57765376280577,4,True,0.6797500252723694,1,0,0,1,0,0.0,0.0,0.0,0,0,nan,nan,nan,,nan,nan,nan,2,25,-,READY owner=Surnn refs=24,"{""cmd"": ""STOP"", ""status"": ""READY"", ""detector"": ""yolo"", ""state"": ""IDLE"", ""owner"": ""Surnn"", ""score"": null, ""match_max"": 0.5, ""refs"": 24, ""match_mode"": ""none"", ""steer_zones"": 41, ""people"": 0, ""track_id"": null, ""target_ex"": 0.0, ""target_cx_vel_px_s"": 0.0, ""target_age_s"": null, ""lidar_min_m"": 0.27, ""target_lidar_m"": null, ""target_lidar_deg"": null, ""camera_range_m"
2026-07-16T22:40:24.698,338.698,mission_20260716_223446_manual,MANUAL,,0,13.330257415771484,100.99790954589844,150.56721723375398,4,True,0.6779999732971191,1,0,0,1,0,0.0,0.0,0.0,0,0,nan,nan,nan,,nan,nan,nan,2,25,-,READY owner=Surnn refs=24,"{""cmd"": ""STOP"", ""status"": ""READY"", ""detector"": ""yolo"", ""state"": ""IDLE"", ""owner"": ""Surnn"", ""score"": null, ""match_max"": 0.5, ""refs"": 24, ""match_mode"": ""none"", ""steer_zones"": 41, ""people"": 0, ""track_id"": null, ""target_ex"": 0.0, ""target_cx_vel_px_s"": 0.0, ""target_age_s"": null, ""lidar_min_m"": 0.28, ""target_lidar_m"": null, ""target_lidar_deg"": null, ""camera_range_m"
2026-07-16T22:40:26.714,340.714,mission_20260716_223446_manual,MANUAL,,0,13.330255508422852,100.99790954589844,150.56984002639527,4,True,0.6790000200271606,1,0,0,1,0,0.0,0.0,0.0,0,0,nan,nan,nan,,nan,nan,nan,2,24,-,READY owner=Surnn refs=24,"{""cmd"": ""STOP"", ""status"": ""READY"", ""detector"": ""yolo"", ""state"": ""IDLE"", ""owner"": ""Surnn"", ""score"": null, ""match_max"": 0.5, ""refs"": 24, ""match_mode"": ""none"", ""steer_zones"": 41, ""people"": 0, ""track_id"": null, ""target_ex"": 0.0, ""target_cx_vel_px_s"": 0.0, ""target_age_s"": null, ""lidar_min_m"": 0.27, ""target_lidar_m"": null, ""target_lidar_deg"": null, ""camera_range_m"
2026-07-16T22:40:28.830,342.83,mission_20260716_223446_manual,MANUAL,,0,13.330254554748535,100.99790954589844,150.574730441841,4,True,0.6804999709129333,1,0,0,1,0,0.0,0.0,0.0,0,0,nan,nan,nan,,nan,nan,nan,2,24,-,READY owner=Surnn refs=24,"{""cmd"": ""STOP"", ""status"": ""READY"", ""detector"": ""yolo"", ""state"": ""IDLE"", ""owner"": ""Surnn"", ""score"": null, ""match_max"": 0.5, ""refs"": 24, ""match_mode"": ""none"", ""steer_zones"": 41, ""people"": 0, ""track_id"": null, ""target_ex"": 0.0, ""target_cx_vel_px_s"": 0.0, ""target_age_s"": null, ""lidar_min_m"": 0.27, ""target_lidar_m"": null, ""target_lidar_deg"": null, ""camera_range_m"
2026-07-16T22:40:30.907,344.907,mission_20260716_223446_manual,MANUAL,,0,13.330253601074219,100.99790954589844,150.5712470453643,4,True,0.6792500019073486,1,0,0,1,0,0.0,0.0,0.0,0,0,nan,nan,nan,,nan,nan,nan,2,24,-,READY owner=Surnn refs=24,"{""cmd"": ""STOP"", ""status"": ""READY"", ""detector"": ""yolo"", ""state"": ""IDLE"", ""owner"": ""Surnn"", ""score"": null, ""match_max"": 0.5, ""refs"": 24, ""match_mode"": ""none"", ""steer_zones"": 41, ""people"": 0, ""track_id"": null, ""target_ex"": 0.0, ""target_cx_vel_px_s"": 0.0, ""target_age_s"": null, ""lidar_min_m"": 0.27, ""target_lidar_m"": null, ""target_lidar_deg"": null, ""camera_range_m"
2026-07-16T22:40:32.979,346.98,mission_20260716_223446_manual,MANUAL,,0,13.330252647399902,100.99790954589844,150.5608378370692,4,True,0.6807500123977661,1,0,0,1,0,0.0,0.0,0.0,0,0,nan,nan,nan,,nan,nan,nan,2,24,-,READY owner=Surnn refs=24,"{""cmd"": ""STOP"", ""status"": ""READY"", ""detector"": ""yolo"", ""state"": ""IDLE"", ""owner"": ""Surnn"", ""score"": null, ""match_max"": 0.5, ""refs"": 24, ""match_mode"": ""none"", ""steer_zones"": 41, ""people"": 0, ""track_id"": null, ""target_ex"": 0.0, ""target_cx_vel_px_s"": 0.0, ""target_age_s"": null, ""lidar_min_m"": 0.27, ""target_lidar_m"": null, ""target_lidar_deg"": null, ""camera_range_m"
2026-07-16T22:40:35.016,349.017,mission_20260716_223446_manual,MANUAL,,0,13.330251693725586,100.99790954589844,150.57339172476367,4,True,0.6792500019073486,1,0,0,1,0,0.0,0.0,0.0,0,0,nan,nan,nan,,nan,nan,nan,2,24,-,READY owner=Surnn refs=24,"{""cmd"": ""STOP"", ""status"": ""READY"", ""detector"": ""yolo"", ""state"": ""IDLE"", ""owner"": ""Surnn"", ""score"": null, ""match_max"": 0.5, ""refs"": 24, ""match_mode"": ""none"", ""steer_zones"": 41, ""people"": 0, ""track_id"": null, ""target_ex"": 0.0, ""target_cx_vel_px_s"": 0.0, ""target_age_s"": null, ""lidar_min_m"": 0.28, ""target_lidar_m"": null, ""target_lidar_deg"": null, ""camera_range_m"
2026-07-16T22:40:37.087,351.087,mission_20260716_223446_manual,MANUAL,,0,13.330249786376953,100.99790954589844,150.56952583769345,4,True,0.6792500019073486,1,0,0,1,0,0.0,0.0,0.0,0,0,nan,nan,nan,,nan,nan,nan,2,24,-,READY owner=Surnn refs=24,"{""cmd"": ""STOP"", ""status"": ""READY"", ""detector"": ""yolo"", ""state"": ""IDLE"", ""owner"": ""Surnn"", ""score"": null, ""match_max"": 0.5, ""refs"": 24, ""match_mode"": ""none"", ""steer_zones"": 41, ""people"": 0, ""track_id"": null, ""target_ex"": 0.0, ""target_cx_vel_px_s"": 0.0, ""target_age_s"": null, ""lidar_min_m"": 0.27, ""target_lidar_m"": null, ""target_lidar_deg"": null, ""camera_range_m"
2026-07-16T22:40:39.107,353.107,mission_20260716_223446_manual,MANUAL,,0,13.330248832702637,100.99790954589844,150.5705640264473,4,True,0.6779999732971191,1,0,0,1,0,0.0,0.0,0.0,0,0,nan,nan,nan,,nan,nan,nan,2,25,-,READY owner=Surnn refs=24,"{""cmd"": ""STOP"", ""status"": ""READY"", ""detector"": ""yolo"", ""state"": ""IDLE"", ""owner"": ""Surnn"", ""score"": null, ""match_max"": 0.5, ""refs"": 24, ""match_mode"": ""none"", ""steer_zones"": 41, ""people"": 0, ""track_id"": null, ""target_ex"": 0.0, ""target_cx_vel_px_s"": 0.0, ""target_age_s"": null, ""lidar_min_m"": 0.27, ""target_lidar_m"": null, ""target_lidar_deg"": null, ""camera_range_m"
2026-07-16T22:40:41.108,355.108,mission_20260716_223446_manual,MANUAL,,0,13.330248832702637,100.99790954589844,150.57672485707863,4,True,0.6809999942779541,1,0,0,1,0,0.0,0.0,0.0,0,0,nan,nan,nan,,nan,nan,nan,2,25,-,READY owner=Surnn refs=24,"{""cmd"": ""STOP"", ""status"": ""READY"", ""detector"": ""yolo"", ""state"": ""IDLE"", ""owner"": ""Surnn"", ""score"": null, ""match_max"": 0.5, ""refs"": 24, ""match_mode"": ""none"", ""steer_zones"": 41, ""people"": 0, ""track_id"": null, ""target_ex"": 0.0, ""target_cx_vel_px_s"": 0.0, ""target_age_s"": null, ""lidar_min_m"": 0.28, ""target_lidar_m"": null, ""target_lidar_deg"": null, ""camera_range_m"
2026-07-16T22:40:43.234,357.235,mission_20260716_223446_manual,MANUAL,,0,13.330249786376953,100.99790954589844,150.58236659333306,4,True,0.6782500147819519,1,0,0,1,0,0.0,0.0,0.0,0,0,nan,nan,nan,,nan,nan,nan,2,25,-,READY owner=Surnn refs=24,"{""cmd"": ""STOP"", ""status"": ""READY"", ""detector"": ""yolo"", ""state"": ""IDLE"", ""owner"": ""Surnn"", ""score"": null, ""match_max"": 0.5, ""refs"": 24, ""match_mode"": ""none"", ""steer_zones"": 41, ""people"": 0, ""track_id"": null, ""target_ex"": 0.0, ""target_cx_vel_px_s"": 0.0, ""target_age_s"": null, ""lidar_min_m"": 0.28, ""target_lidar_m"": null, ""target_lidar_deg"": null, ""camera_range_m"
2026-07-16T22:40:45.238,359.238,mission_20260716_223446_manual,MANUAL,,0,13.33025074005127,100.99790954589844,150.5810415366341,4,True,0.6800000071525574,1,0,0,1,0,0.0,0.0,0.0,0,0,nan,nan,nan,,nan,nan,nan,2,24,-,READY owner=Surnn refs=24,"{""cmd"": ""STOP"", ""status"": ""READY"", ""detector"": ""yolo"", ""state"": ""IDLE"", ""owner"": ""Surnn"", ""score"": null, ""match_max"": 0.5, ""refs"": 24, ""match_mode"": ""none"", ""steer_zones"": 41, ""people"": 0, ""track_id"": null, ""target_ex"": 0.0, ""target_cx_vel_px_s"": 0.0, ""target_age_s"": null, ""lidar_min_m"": 0.29, ""target_lidar_m"": null, ""target_lidar_deg"": null, ""camera_range_m"
2026-07-16T22:40:47.240,361.241,mission_20260716_223446_manual,MANUAL,,0,13.33025074005127,100.99790954589844,150.57601451740496,4,True,0.6784999966621399,1,0,0,1,0,0.0,0.0,0.0,0,0,nan,nan,nan,,nan,nan,nan,2,24,-,READY owner=Surnn refs=24,"{""cmd"": ""STOP"", ""status"": ""READY"", ""detector"": ""yolo"", ""state"": ""IDLE"", ""owner"": ""Surnn"", ""score"": null, ""match_max"": 0.5, ""refs"": 24, ""match_mode"": ""none"", ""steer_zones"": 41, ""people"": 0, ""track_id"": null, ""target_ex"": 0.0, ""target_cx_vel_px_s"": 0.0, ""target_age_s"": null, ""lidar_min_m"": 0.28, ""target_lidar_m"": null, ""target_lidar_deg"": null, ""camera_range_m"
2026-07-16T22:40:49.362,363.363,mission_20260716_223446_manual,MANUAL,,0,13.33024787902832,100.99790954589844,150.55829700669796,4,True,0.6809999942779541,1,0,0,1,0,0.0,0.0,0.0,0,0,nan,nan,nan,,nan,nan,nan,2,25,-,READY owner=Surnn refs=24,"{""cmd"": ""STOP"", ""status"": ""READY"", ""detector"": ""yolo"", ""state"": ""IDLE"", ""owner"": ""Surnn"", ""score"": null, ""match_max"": 0.5, ""refs"": 24, ""match_mode"": ""none"", ""steer_zones"": 41, ""people"": 0, ""track_id"": null, ""target_ex"": 0.0, ""target_cx_vel_px_s"": 0.0, ""target_age_s"": null, ""lidar_min_m"": 0.28, ""target_lidar_m"": null, ""target_lidar_deg"": null, ""camera_range_m"
2026-07-16T22:40:51.490,365.49,mission_20260716_223446_manual,MANUAL,,0,13.330245971679688,100.99790954589844,150.539336401562,4,True,0.6807500123977661,1,0,0,1,0,0.0,0.0,0.0,0,0,nan,nan,nan,,nan,nan,nan,2,24,-,READY owner=Surnn refs=24,"{""cmd"": ""STOP"", ""status"": ""READY"", ""detector"": ""yolo"", ""state"": ""IDLE"", ""owner"": ""Surnn"", ""score"": null, ""match_max"": 0.5, ""refs"": 24, ""match_mode"": ""none"", ""steer_zones"": 41, ""people"": 0, ""track_id"": null, ""target_ex"": 0.0, ""target_cx_vel_px_s"": 0.0, ""target_age_s"": null, ""lidar_min_m"": 0.28, ""target_lidar_m"": null, ""target_lidar_deg"": null, ""camera_range_m"
2026-07-16T22:40:53.499,367.499,mission_20260716_223446_manual,MANUAL,,0,13.330244064331055,100.99790954589844,150.54503277932977,4,True,0.6790000200271606,1,0,0,1,0,0.0,0.0,0.0,0,0,nan,nan,nan,,nan,nan,nan,2,24,-,READY owner=Surnn refs=24,"{""cmd"": ""STOP"", ""status"": ""READY"", ""detector"": ""yolo"", ""state"": ""IDLE"", ""owner"": ""Surnn"", ""score"": null, ""match_max"": 0.5, ""refs"": 24, ""match_mode"": ""none"", ""steer_zones"": 41, ""people"": 0, ""track_id"": null, ""target_ex"": 0.0, ""target_cx_vel_px_s"": 0.0, ""target_age_s"": null, ""lidar_min_m"": 0.26, ""target_lidar_m"": null, ""target_lidar_deg"": null, ""camera_range_m"
2026-07-16T22:40:55.510,369.511,mission_20260716_223446_manual,MANUAL,,0,13.330241203308105,100.99790954589844,150.5623814598216,4,True,0.6787499785423279,1,0,0,1,0,0.0,0.0,0.0,0,0,nan,nan,nan,,nan,nan,nan,2,24,-,READY owner=Surnn refs=24,"{""cmd"": ""STOP"", ""status"": ""READY"", ""detector"": ""yolo"", ""state"": ""IDLE"", ""owner"": ""Surnn"", ""score"": null, ""match_max"": 0.5, ""refs"": 24, ""match_mode"": ""none"", ""steer_zones"": 41, ""people"": 0, ""track_id"": null, ""target_ex"": 0.0, ""target_cx_vel_px_s"": 0.0, ""target_age_s"": null, ""lidar_min_m"": 0.27, ""target_lidar_m"": null, ""target_lidar_deg"": null, ""camera_range_m"
2026-07-16T22:40:57.628,371.628,mission_20260716_223446_manual,MANUAL,,0,13.330239295959473,100.99790954589844,150.56322840327869,4,True,0.6787499785423279,1,0,0,1,0,0.0,0.0,0.0,0,0,nan,nan,nan,,nan,nan,nan,2,23,-,READY owner=Surnn refs=24,"{""cmd"": ""STOP"", ""status"": ""READY"", ""detector"": ""yolo"", ""state"": ""IDLE"", ""owner"": ""Surnn"", ""score"": null, ""match_max"": 0.5, ""refs"": 24, ""match_mode"": ""none"", ""steer_zones"": 41, ""people"": 0, ""track_id"": null, ""target_ex"": 0.0, ""target_cx_vel_px_s"": 0.0, ""target_age_s"": null, ""lidar_min_m"": 0.27, ""target_lidar_m"": null, ""target_lidar_deg"": null, ""camera_range_m"
2026-07-16T22:40:59.641,373.642,mission_20260716_223446_manual,MANUAL,,0,13.330235481262207,100.99790954589844,150.56768168661756,4,True,0.6792500019073486,1,0,0,1,0,0.0,0.0,0.0,0,0,nan,nan,nan,,nan,nan,nan,2,22,-,READY owner=Surnn refs=24,"{""cmd"": ""STOP"", ""status"": ""READY"", ""detector"": ""yolo"", ""state"": ""IDLE"", ""owner"": ""Surnn"", ""score"": null, ""match_max"": 0.5, ""refs"": 24, ""match_mode"": ""none"", ""steer_zones"": 41, ""people"": 0, ""track_id"": null, ""target_ex"": 0.0, ""target_cx_vel_px_s"": 0.0, ""target_age_s"": null, ""lidar_min_m"": 0.28, ""target_lidar_m"": null, ""target_lidar_deg"": null, ""camera_range_m"
2026-07-16T22:41:01.756,375.757,mission_20260716_223446_manual,MANUAL,,0,13.330230712890625,100.99790954589844,150.5681734602378,4,True,0.6792500019073486,1,0,0,1,0,0.0,0.0,0.0,0,0,nan,nan,nan,,nan,nan,nan,2,21,-,READY owner=Surnn refs=24,"{""cmd"": ""STOP"", ""status"": ""READY"", ""detector"": ""yolo"", ""state"": ""IDLE"", ""owner"": ""Surnn"", ""score"": null, ""match_max"": 0.5, ""refs"": 24, ""match_mode"": ""none"", ""steer_zones"": 41, ""people"": 0, ""track_id"": null, ""target_ex"": 0.0, ""target_cx_vel_px_s"": 0.0, ""target_age_s"": null, ""lidar_min_m"": 0.27, ""target_lidar_m"": null, ""target_lidar_deg"": null, ""camera_range_m"
2026-07-16T22:41:03.759,377.759,mission_20260716_223446_manual,MANUAL,,0,13.33022689819336,100.99790954589844,150.5726540643333,4,True,0.6804999709129333,1,0,0,1,0,0.0,0.0,0.0,0,0,nan,nan,nan,,nan,nan,nan,2,22,-,READY owner=Surnn refs=24,"{""cmd"": ""STOP"", ""status"": ""READY"", ""detector"": ""yolo"", ""state"": ""IDLE"", ""owner"": ""Surnn"", ""score"": null, ""match_max"": 0.5, ""refs"": 24, ""match_mode"": ""none"", ""steer_zones"": 41, ""people"": 0, ""track_id"": null, ""target_ex"": 0.0, ""target_cx_vel_px_s"": 0.0, ""target_age_s"": null, ""lidar_min_m"": 0.29, ""target_lidar_m"": null, ""target_lidar_deg"": null, ""camera_range_m"
2026-07-16T22:41:05.772,379.773,mission_20260716_223446_manual,MANUAL,,0,13.330223083496094,100.99790954589844,150.567900252671,4,True,0.6807500123977661,1,0,0,1,0,0.0,0.0,0.0,0,0,nan,nan,nan,,nan,nan,nan,2,22,-,READY owner=Surnn refs=24,"{""cmd"": ""STOP"", ""status"": ""READY"", ""detector"": ""yolo"", ""state"": ""IDLE"", ""owner"": ""Surnn"", ""score"": null, ""match_max"": 0.5, ""refs"": 24, ""match_mode"": ""none"", ""steer_zones"": 41, ""people"": 0, ""track_id"": null, ""target_ex"": 0.0, ""target_cx_vel_px_s"": 0.0, ""target_age_s"": null, ""lidar_min_m"": 0.29, ""target_lidar_m"": null, ""target_lidar_deg"": null, ""camera_range_m"
2026-07-16T22:41:07.803,381.803,mission_20260716_223446_manual,MANUAL,,0,13.330220222473145,100.9979019165039,150.56938923391004,4,True,0.6777499914169312,1,0,0,1,0,0.0,0.0,0.0,0,0,nan,nan,nan,,nan,nan,nan,2,22,-,READY owner=Surnn refs=24,"{""cmd"": ""STOP"", ""status"": ""READY"", ""detector"": ""yolo"", ""state"": ""IDLE"", ""owner"": ""Surnn"", ""score"": null, ""match_max"": 0.5, ""refs"": 24, ""match_mode"": ""none"", ""steer_zones"": 41, ""people"": 0, ""track_id"": null, ""target_ex"": 0.0, ""target_cx_vel_px_s"": 0.0, ""target_age_s"": null, ""lidar_min_m"": 0.27, ""target_lidar_m"": null, ""target_lidar_deg"": null, ""camera_range_m"
2026-07-16T22:41:09.815,383.816,mission_20260716_223446_manual,MANUAL,,0,13.330218315124512,100.9979019165039,150.57497632865113,4,True,0.6782500147819519,1,0,0,1,0,0.0,0.0,0.0,0,0,nan,nan,nan,,nan,nan,nan,2,22,-,READY owner=Surnn refs=24,"{""cmd"": ""STOP"", ""status"": ""READY"", ""detector"": ""yolo"", ""state"": ""IDLE"", ""owner"": ""Surnn"", ""score"": null, ""match_max"": 0.5, ""refs"": 24, ""match_mode"": ""none"", ""steer_zones"": 41, ""people"": 0, ""track_id"": null, ""target_ex"": 0.0, ""target_cx_vel_px_s"": 0.0, ""target_age_s"": null, ""lidar_min_m"": 0.27, ""target_lidar_m"": null, ""target_lidar_deg"": null, ""camera_range_m"
2026-07-16T22:41:11.845,385.845,mission_20260716_223446_manual,MANUAL,,0,13.330215454101562,100.9979019165039,150.58470251802922,4,True,0.6797500252723694,1,0,0,1,0,0.0,0.0,0.0,0,0,nan,nan,nan,,nan,nan,nan,2,22,-,READY owner=Surnn refs=24,"{""cmd"": ""STOP"", ""status"": ""READY"", ""detector"": ""yolo"", ""state"": ""IDLE"", ""owner"": ""Surnn"", ""score"": null, ""match_max"": 0.5, ""refs"": 24, ""match_mode"": ""none"", ""steer_zones"": 41, ""people"": 0, ""track_id"": null, ""target_ex"": 0.0, ""target_cx_vel_px_s"": 0.0, ""target_age_s"": null, ""lidar_min_m"": 0.28, ""target_lidar_m"": null, ""target_lidar_deg"": null, ""camera_range_m"
2026-07-16T22:41:13.859,387.859,mission_20260716_223446_manual,MANUAL,,0,13.33021354675293,100.9979019165039,150.59136878265915,4,True,0.6797500252723694,1,0,0,1,0,0.0,0.0,0.0,0,0,nan,nan,nan,,nan,nan,nan,2,21,-,READY owner=Surnn refs=24,"{""cmd"": ""STOP"", ""status"": ""READY"", ""detector"": ""yolo"", ""state"": ""IDLE"", ""owner"": ""Surnn"", ""score"": null, ""match_max"": 0.5, ""refs"": 24, ""match_mode"": ""none"", ""steer_zones"": 41, ""people"": 0, ""track_id"": null, ""target_ex"": 0.0, ""target_cx_vel_px_s"": 0.0, ""target_age_s"": null, ""lidar_min_m"": 0.28, ""target_lidar_m"": null, ""target_lidar_deg"": null, ""camera_range_m"
2026-07-16T22:41:15.872,389.872,mission_20260716_223446_manual,MANUAL,,0,13.330211639404297,100.9979019165039,150.581560631011,4,True,0.6772500276565552,1,0,0,1,0,0.0,0.0,0.0,0,0,nan,nan,nan,,nan,nan,nan,2,21,-,READY owner=Surnn refs=24,"{""cmd"": ""STOP"", ""status"": ""READY"", ""detector"": ""yolo"", ""state"": ""IDLE"", ""owner"": ""Surnn"", ""score"": null, ""match_max"": 0.5, ""refs"": 24, ""match_mode"": ""none"", ""steer_zones"": 41, ""people"": 0, ""track_id"": null, ""target_ex"": 0.0, ""target_cx_vel_px_s"": 0.0, ""target_age_s"": null, ""lidar_min_m"": 0.27, ""target_lidar_m"": null, ""target_lidar_deg"": null, ""camera_range_m"
2026-07-16T22:41:17.895,391.896,mission_20260716_223446_manual,MANUAL,,0,13.330209732055664,100.9979019165039,150.58248953673814,4,True,0.6792500019073486,1,0,0,1,0,0.0,0.0,0.0,0,0,nan,nan,nan,,nan,nan,nan,2,20,-,READY owner=Surnn refs=24,"{""cmd"": ""STOP"", ""status"": ""READY"", ""detector"": ""yolo"", ""state"": ""IDLE"", ""owner"": ""Surnn"", ""score"": null, ""match_max"": 0.5, ""refs"": 24, ""match_mode"": ""none"", ""steer_zones"": 41, ""people"": 0, ""track_id"": null, ""target_ex"": 0.0, ""target_cx_vel_px_s"": 0.0, ""target_age_s"": null, ""lidar_min_m"": 0.28, ""target_lidar_m"": null, ""target_lidar_deg"": null, ""camera_range_m"
2026-07-16T22:41:19.900,393.901,mission_20260716_223446_manual,MANUAL,,0,13.330208778381348,100.9979019165039,150.58045414036548,4,True,0.6790000200271606,1,0,0,1,0,0.0,0.0,0.0,0,0,nan,nan,nan,,nan,nan,nan,2,21,-,READY owner=Surnn refs=24,"{""cmd"": ""STOP"", ""status"": ""READY"", ""detector"": ""yolo"", ""state"": ""IDLE"", ""owner"": ""Surnn"", ""score"": null, ""match_max"": 0.5, ""refs"": 24, ""match_mode"": ""none"", ""steer_zones"": 41, ""people"": 0, ""track_id"": null, ""target_ex"": 0.0, ""target_cx_vel_px_s"": 0.0, ""target_age_s"": null, ""lidar_min_m"": 0.27, ""target_lidar_m"": null, ""target_lidar_deg"": null, ""camera_range_m"
2026-07-16T22:41:21.901,395.901,mission_20260716_223446_manual,MANUAL,,0,13.330207824707031,100.9979019165039,150.57863731004625,4,True,0.6797500252723694,1,0,0,1,0,0.0,0.0,0.0,0,0,nan,nan,nan,,nan,nan,nan,2,21,-,READY owner=Surnn refs=24,"{""cmd"": ""STOP"", ""status"": ""READY"", ""detector"": ""yolo"", ""state"": ""IDLE"", ""owner"": ""Surnn"", ""score"": null, ""match_max"": 0.5, ""refs"": 24, ""match_mode"": ""none"", ""steer_zones"": 41, ""people"": 0, ""track_id"": null, ""target_ex"": 0.0, ""target_cx_vel_px_s"": 0.0, ""target_age_s"": null, ""lidar_min_m"": 0.27, ""target_lidar_m"": null, ""target_lidar_deg"": null, ""camera_range_m"
2026-07-16T22:41:24.026,398.026,mission_20260716_223446_manual,MANUAL,,0,13.330206871032715,100.9979019165039,150.58029021582539,4,True,0.6792500019073486,1,0,0,1,0,0.0,0.0,0.0,0,0,nan,nan,nan,,nan,nan,nan,2,21,-,READY owner=Surnn refs=24,"{""cmd"": ""STOP"", ""status"": ""READY"", ""detector"": ""yolo"", ""state"": ""IDLE"", ""owner"": ""Surnn"", ""score"": null, ""match_max"": 0.5, ""refs"": 24, ""match_mode"": ""none"", ""steer_zones"": 41, ""people"": 0, ""track_id"": null, ""target_ex"": 0.0, ""target_cx_vel_px_s"": 0.0, ""target_age_s"": null, ""lidar_min_m"": 0.27, ""target_lidar_m"": null, ""target_lidar_deg"": null, ""camera_range_m"
2026-07-16T22:41:26.029,400.029,mission_20260716_223446_manual,MANUAL,,0,13.330204963684082,100.9979019165039,150.57492168713776,4,True,0.6804999709129333,1,0,0,1,0,0.0,0.0,0.0,0,0,nan,nan,nan,,nan,nan,nan,2,23,-,READY owner=Surnn refs=24,"{""cmd"": ""STOP"", ""status"": ""READY"", ""detector"": ""yolo"", ""state"": ""IDLE"", ""owner"": ""Surnn"", ""score"": null, ""match_max"": 0.5, ""refs"": 24, ""match_mode"": ""none"", ""steer_zones"": 41, ""people"": 0, ""track_id"": null, ""target_ex"": 0.0, ""target_cx_vel_px_s"": 0.0, ""target_age_s"": null, ""lidar_min_m"": 0.27, ""target_lidar_m"": null, ""target_lidar_deg"": null, ""camera_range_m"
2026-07-16T22:41:28.144,402.145,mission_20260716_223446_manual,MANUAL,,0,13.330204010009766,100.9979019165039,150.56900674331652,4,True,0.6807500123977661,1,0,0,1,0,0.0,0.0,0.0,0,0,nan,nan,nan,,nan,nan,nan,2,23,-,READY owner=Surnn refs=24,"{""cmd"": ""STOP"", ""status"": ""READY"", ""detector"": ""yolo"", ""state"": ""IDLE"", ""owner"": ""Surnn"", ""score"": null, ""match_max"": 0.5, ""refs"": 24, ""match_mode"": ""none"", ""steer_zones"": 41, ""people"": 0, ""track_id"": null, ""target_ex"": 0.0, ""target_cx_vel_px_s"": 0.0, ""target_age_s"": null, ""lidar_min_m"": 0.27, ""target_lidar_m"": null, ""target_lidar_deg"": null, ""camera_range_m"
2026-07-16T22:41:30.147,404.148,mission_20260716_223446_manual,MANUAL,,0,13.330202102661133,100.9979019165039,150.56791391304932,4,True,0.6782500147819519,1,0,0,1,0,0.0,0.0,0.0,0,0,nan,nan,nan,,nan,nan,nan,2,23,-,READY owner=Surnn refs=24,"{""cmd"": ""STOP"", ""status"": ""READY"", ""detector"": ""yolo"", ""state"": ""IDLE"", ""owner"": ""Surnn"", ""score"": null, ""match_max"": 0.5, ""refs"": 24, ""match_mode"": ""none"", ""steer_zones"": 41, ""people"": 0, ""track_id"": null, ""target_ex"": 0.0, ""target_cx_vel_px_s"": 0.0, ""target_age_s"": null, ""lidar_min_m"": 0.28, ""target_lidar_m"": null, ""target_lidar_deg"": null, ""camera_range_m"
2026-07-16T22:41:32.149,406.149,mission_20260716_223446_manual,MANUAL,,0,13.3302001953125,100.9979019165039,150.57560470605478,4,True,0.6807500123977661,1,0,0,1,0,0.0,0.0,0.0,0,0,nan,nan,nan,,nan,nan,nan,2,21,-,READY owner=Surnn refs=24,"{""cmd"": ""STOP"", ""status"": ""READY"", ""detector"": ""yolo"", ""state"": ""IDLE"", ""owner"": ""Surnn"", ""score"": null, ""match_max"": 0.5, ""refs"": 24, ""match_mode"": ""none"", ""steer_zones"": 41, ""people"": 0, ""track_id"": null, ""target_ex"": 0.0, ""target_cx_vel_px_s"": 0.0, ""target_age_s"": null, ""lidar_min_m"": 0.28, ""target_lidar_m"": null, ""target_lidar_deg"": null, ""camera_range_m"
2026-07-16T22:41:34.258,408.258,mission_20260716_223446_manual,MANUAL,,0,13.3302001953125,100.9979019165039,150.5855494614863,4,True,0.6790000200271606,1,0,0,1,0,0.0,0.0,0.0,0,0,nan,nan,nan,,nan,nan,nan,2,22,-,READY owner=Surnn refs=24,"{""cmd"": ""STOP"", ""status"": ""READY"", ""detector"": ""yolo"", ""state"": ""IDLE"", ""owner"": ""Surnn"", ""score"": null, ""match_max"": 0.5, ""refs"": 24, ""match_mode"": ""none"", ""steer_zones"": 41, ""people"": 0, ""track_id"": null, ""target_ex"": 0.0, ""target_cx_vel_px_s"": 0.0, ""target_age_s"": null, ""lidar_min_m"": 0.29, ""target_lidar_m"": null, ""target_lidar_deg"": null, ""camera_range_m"
2026-07-16T22:41:36.260,410.261,mission_20260716_223446_manual,MANUAL,,0,13.3302001953125,100.9979019165039,150.58717504650878,4,True,0.6784999966621399,1,0,0,1,0,0.0,0.0,0.0,0,0,nan,nan,nan,,nan,nan,nan,2,21,-,READY owner=Surnn refs=24,"{""cmd"": ""STOP"", ""status"": ""READY"", ""detector"": ""yolo"", ""state"": ""IDLE"", ""owner"": ""Surnn"", ""score"": null, ""match_max"": 0.5, ""refs"": 24, ""match_mode"": ""none"", ""steer_zones"": 41, ""people"": 0, ""track_id"": null, ""target_ex"": 0.0, ""target_cx_vel_px_s"": 0.0, ""target_age_s"": null, ""lidar_min_m"": 0.27, ""target_lidar_m"": null, ""target_lidar_deg"": null, ""camera_range_m"
2026-07-16T22:41:38.274,412.275,mission_20260716_223446_manual,MANUAL,,0,13.330201148986816,100.9979019165039,150.5911775373624,4,True,0.6794999837875366,1,0,0,1,0,0.0,0.0,0.0,0,0,nan,nan,nan,,nan,nan,nan,2,21,-,READY owner=Surnn refs=24,"{""cmd"": ""STOP"", ""status"": ""READY"", ""detector"": ""yolo"", ""state"": ""IDLE"", ""owner"": ""Surnn"", ""score"": null, ""match_max"": 0.5, ""refs"": 24, ""match_mode"": ""none"", ""steer_zones"": 41, ""people"": 0, ""track_id"": null, ""target_ex"": 0.0, ""target_cx_vel_px_s"": 0.0, ""target_age_s"": null, ""lidar_min_m"": 0.29, ""target_lidar_m"": null, ""target_lidar_deg"": null, ""camera_range_m"
2026-07-16T22:41:40.385,414.386,mission_20260716_223446_manual,MANUAL,,0,13.3302001953125,100.9979019165039,150.5967099905901,4,True,0.6812499761581421,1,0,0,1,0,0.0,0.0,0.0,0,0,nan,nan,nan,,nan,nan,nan,2,23,-,READY owner=Surnn refs=24,"{""cmd"": ""STOP"", ""status"": ""READY"", ""detector"": ""yolo"", ""state"": ""IDLE"", ""owner"": ""Surnn"", ""score"": null, ""match_max"": 0.5, ""refs"": 24, ""match_mode"": ""none"", ""steer_zones"": 41, ""people"": 0, ""track_id"": null, ""target_ex"": 0.0, ""target_cx_vel_px_s"": 0.0, ""target_age_s"": null, ""lidar_min_m"": 0.28, ""target_lidar_m"": null, ""target_lidar_deg"": null, ""camera_range_m"
2026-07-16T22:41:42.391,416.392,mission_20260716_223446_manual,MANUAL,,0,13.330199241638184,100.9979019165039,150.59914153793463,4,True,0.6784999966621399,1,0,0,1,0,0.0,0.0,0.0,0,0,nan,nan,nan,,nan,nan,nan,2,22,-,READY owner=Surnn refs=24,"{""cmd"": ""STOP"", ""status"": ""READY"", ""detector"": ""yolo"", ""state"": ""IDLE"", ""owner"": ""Surnn"", ""score"": null, ""match_max"": 0.5, ""refs"": 24, ""match_mode"": ""none"", ""steer_zones"": 41, ""people"": 0, ""track_id"": null, ""target_ex"": 0.0, ""target_cx_vel_px_s"": 0.0, ""target_age_s"": null, ""lidar_min_m"": 0.28, ""target_lidar_m"": null, ""target_lidar_deg"": null, ""camera_range_m"
2026-07-16T22:41:44.393,418.393,mission_20260716_223446_manual,MANUAL,,0,13.330199241638184,100.9979019165039,150.60209217965607,4,True,0.6802499890327454,1,0,0,1,0,0.0,0.0,0.0,0,0,nan,nan,nan,,nan,nan,nan,2,22,-,READY owner=Surnn refs=24,"{""cmd"": ""STOP"", ""status"": ""READY"", ""detector"": ""yolo"", ""state"": ""IDLE"", ""owner"": ""Surnn"", ""score"": null, ""match_max"": 0.5, ""refs"": 24, ""match_mode"": ""none"", ""steer_zones"": 41, ""people"": 0, ""track_id"": null, ""target_ex"": 0.0, ""target_cx_vel_px_s"": 0.0, ""target_age_s"": null, ""lidar_min_m"": 0.27, ""target_lidar_m"": null, ""target_lidar_deg"": null, ""camera_range_m"
2026-07-16T22:41:46.523,420.523,mission_20260716_223446_manual,MANUAL,,0,13.330199241638184,100.99789428710938,150.60586244407793,4,True,0.6802499890327454,1,0,0,1,0,0.0,0.0,0.0,0,0,nan,nan,nan,,nan,nan,nan,2,22,-,READY owner=Surnn refs=24,"{""cmd"": ""STOP"", ""status"": ""READY"", ""detector"": ""yolo"", ""state"": ""IDLE"", ""owner"": ""Surnn"", ""score"": null, ""match_max"": 0.5, ""refs"": 24, ""match_mode"": ""none"", ""steer_zones"": 41, ""people"": 0, ""track_id"": null, ""target_ex"": 0.0, ""target_cx_vel_px_s"": 0.0, ""target_age_s"": null, ""lidar_min_m"": 0.28, ""target_lidar_m"": null, ""target_lidar_deg"": null, ""camera_range_m"
2026-07-16T22:41:48.527,422.528,mission_20260716_223446_manual,MANUAL,,0,13.33019733428955,100.99789428710938,150.61467338810724,4,True,0.6802499890327454,1,0,0,1,0,0.0,0.0,0.0,0,0,nan,nan,nan,,nan,nan,nan,2,23,-,READY owner=Surnn refs=24,"{""cmd"": ""STOP"", ""status"": ""READY"", ""detector"": ""yolo"", ""state"": ""IDLE"", ""owner"": ""Surnn"", ""score"": null, ""match_max"": 0.5, ""refs"": 24, ""match_mode"": ""none"", ""steer_zones"": 41, ""people"": 0, ""track_id"": null, ""target_ex"": 0.0, ""target_cx_vel_px_s"": 0.0, ""target_age_s"": null, ""lidar_min_m"": 0.27, ""target_lidar_m"": null, ""target_lidar_deg"": null, ""camera_range_m"
2026-07-16T22:41:50.651,424.652,mission_20260716_223446_manual,MANUAL,,0,13.33019733428955,100.99789428710938,150.60048025501195,4,True,0.6804999709129333,1,0,0,1,0,0.0,0.0,0.0,0,0,nan,nan,nan,,nan,nan,nan,2,22,-,READY owner=Surnn refs=24,"{""cmd"": ""STOP"", ""status"": ""READY"", ""detector"": ""yolo"", ""state"": ""IDLE"", ""owner"": ""Surnn"", ""score"": null, ""match_max"": 0.5, ""refs"": 24, ""match_mode"": ""none"", ""steer_zones"": 41, ""people"": 0, ""track_id"": null, ""target_ex"": 0.0, ""target_cx_vel_px_s"": 0.0, ""target_age_s"": null, ""lidar_min_m"": 0.28, ""target_lidar_m"": null, ""target_lidar_deg"": null, ""camera_range_m"
2026-07-16T22:41:52.658,426.658,mission_20260716_223446_manual,MANUAL,,0,13.33019733428955,100.99789428710938,150.5943877262723,4,True,0.6804999709129333,1,0,0,1,0,0.0,0.0,0.0,0,0,nan,nan,nan,,nan,nan,nan,2,21,-,READY owner=Surnn refs=24,"{""cmd"": ""STOP"", ""status"": ""READY"", ""detector"": ""yolo"", ""state"": ""IDLE"", ""owner"": ""Surnn"", ""score"": null, ""match_max"": 0.5, ""refs"": 24, ""match_mode"": ""none"", ""steer_zones"": 41, ""people"": 0, ""track_id"": null, ""target_ex"": 0.0, ""target_cx_vel_px_s"": 0.0, ""target_age_s"": null, ""lidar_min_m"": 0.29, ""target_lidar_m"": null, ""target_lidar_deg"": null, ""camera_range_m"
2026-07-16T22:41:54.778,428.779,mission_20260716_223446_manual,MANUAL,,0,13.33019733428955,100.99789428710938,150.58620515964662,4,True,0.6777499914169312,1,0,0,1,0,0.0,0.0,0.0,0,0,nan,nan,nan,,nan,nan,nan,2,23,-,READY owner=Surnn refs=24,"{""cmd"": ""STOP"", ""status"": ""READY"", ""detector"": ""yolo"", ""state"": ""IDLE"", ""owner"": ""Surnn"", ""score"": null, ""match_max"": 0.5, ""refs"": 24, ""match_mode"": ""none"", ""steer_zones"": 41, ""people"": 0, ""track_id"": null, ""target_ex"": 0.0, ""target_cx_vel_px_s"": 0.0, ""target_age_s"": null, ""lidar_min_m"": 0.27, ""target_lidar_m"": null, ""target_lidar_deg"": null, ""camera_range_m"
2026-07-16T22:41:56.906,430.907,mission_20260716_223446_manual,MANUAL,,0,13.330198287963867,100.99789428710938,150.56846032818294,4,True,0.6792500019073486,1,0,0,1,0,0.0,0.0,0.0,0,0,nan,nan,nan,,nan,nan,nan,2,22,-,READY owner=Surnn refs=24,"{""cmd"": ""STOP"", ""status"": ""READY"", ""detector"": ""yolo"", ""state"": ""IDLE"", ""owner"": ""Surnn"", ""score"": null, ""match_max"": 0.5, ""refs"": 24, ""match_mode"": ""none"", ""steer_zones"": 41, ""people"": 0, ""track_id"": null, ""target_ex"": 0.0, ""target_cx_vel_px_s"": 0.0, ""target_age_s"": null, ""lidar_min_m"": 0.28, ""target_lidar_m"": null, ""target_lidar_deg"": null, ""camera_range_m"
2026-07-16T22:41:58.907,432.907,mission_20260716_223446_manual,MANUAL,,0,13.330198287963867,100.99789428710938,150.56731285640237,4,True,0.6787499785423279,1,0,0,1,0,0.0,0.0,0.0,0,0,nan,nan,nan,,nan,nan,nan,2,22,-,READY owner=Surnn refs=24,"{""cmd"": ""STOP"", ""status"": ""READY"", ""detector"": ""yolo"", ""state"": ""IDLE"", ""owner"": ""Surnn"", ""score"": null, ""match_max"": 0.5, ""refs"": 24, ""match_mode"": ""none"", ""steer_zones"": 41, ""people"": 0, ""track_id"": null, ""target_ex"": 0.0, ""target_cx_vel_px_s"": 0.0, ""target_age_s"": null, ""lidar_min_m"": 0.28, ""target_lidar_m"": null, ""target_lidar_deg"": null, ""camera_range_m"
2026-07-16T22:42:00.910,434.91,mission_20260716_223446_manual,MANUAL,,0,13.330199241638184,100.99789428710938,150.5650998751113,4,True,0.6782500147819519,1,0,0,1,0,0.0,0.0,0.0,0,0,nan,nan,nan,,nan,nan,nan,2,22,-,READY owner=Surnn refs=24,"{""cmd"": ""STOP"", ""status"": ""READY"", ""detector"": ""yolo"", ""state"": ""IDLE"", ""owner"": ""Surnn"", ""score"": null, ""match_max"": 0.5, ""refs"": 24, ""match_mode"": ""none"", ""steer_zones"": 41, ""people"": 0, ""track_id"": null, ""target_ex"": 0.0, ""target_cx_vel_px_s"": 0.0, ""target_age_s"": null, ""lidar_min_m"": 0.28, ""target_lidar_m"": null, ""target_lidar_deg"": null, ""camera_range_m"
2026-07-16T22:42:02.914,436.915,mission_20260716_223446_manual,MANUAL,,0,13.330199241638184,100.99789428710938,150.5623404786866,4,True,0.6782500147819519,1,0,0,1,0,0.0,0.0,0.0,0,0,nan,nan,nan,,nan,nan,nan,2,22,-,READY owner=Surnn refs=24,"{""cmd"": ""STOP"", ""status"": ""READY"", ""detector"": ""yolo"", ""state"": ""IDLE"", ""owner"": ""Surnn"", ""score"": null, ""match_max"": 0.5, ""refs"": 24, ""match_mode"": ""none"", ""steer_zones"": 41, ""people"": 0, ""track_id"": null, ""target_ex"": 0.0, ""target_cx_vel_px_s"": 0.0, ""target_age_s"": null, ""lidar_min_m"": 0.28, ""target_lidar_m"": null, ""target_lidar_deg"": null, ""camera_range_m"
2026-07-16T22:42:04.916,438.917,mission_20260716_223446_manual,MANUAL,,0,13.3302001953125,100.99788665771484,150.56260002587507,4,True,0.6784999966621399,1,0,0,1,0,0.0,0.0,0.0,0,0,nan,nan,nan,,nan,nan,nan,2,23,-,READY owner=Surnn refs=24,"{""cmd"": ""STOP"", ""status"": ""READY"", ""detector"": ""yolo"", ""state"": ""IDLE"", ""owner"": ""Surnn"", ""score"": null, ""match_max"": 0.5, ""refs"": 24, ""match_mode"": ""none"", ""steer_zones"": 41, ""people"": 0, ""track_id"": null, ""target_ex"": 0.0, ""target_cx_vel_px_s"": 0.0, ""target_age_s"": null, ""lidar_min_m"": 0.27, ""target_lidar_m"": null, ""target_lidar_deg"": null, ""camera_range_m"
2026-07-16T22:42:06.917,440.917,mission_20260716_223446_manual,MANUAL,,0,13.330201148986816,100.99788665771484,150.5671899129973,4,True,0.6784999966621399,1,0,0,1,0,0.0,0.0,0.0,0,0,nan,nan,nan,,nan,nan,nan,2,23,-,READY owner=Surnn refs=24,"{""cmd"": ""STOP"", ""status"": ""READY"", ""detector"": ""yolo"", ""state"": ""IDLE"", ""owner"": ""Surnn"", ""score"": null, ""match_max"": 0.5, ""refs"": 24, ""match_mode"": ""none"", ""steer_zones"": 41, ""people"": 0, ""track_id"": null, ""target_ex"": 0.0, ""target_cx_vel_px_s"": 0.0, ""target_age_s"": null, ""lidar_min_m"": 0.28, ""target_lidar_m"": null, ""target_lidar_deg"": null, ""camera_range_m"
2026-07-16T22:42:08.931,442.931,mission_20260716_223446_manual,MANUAL,,0,13.33020305633545,100.99788665771484,150.57526319659627,4,True,0.6804999709129333,1,0,0,1,0,0.0,0.0,0.0,0,0,nan,nan,nan,,nan,nan,nan,2,23,-,READY owner=Surnn refs=24,"{""cmd"": ""STOP"", ""status"": ""READY"", ""detector"": ""yolo"", ""state"": ""IDLE"", ""owner"": ""Surnn"", ""score"": null, ""match_max"": 0.5, ""refs"": 24, ""match_mode"": ""none"", ""steer_zones"": 41, ""people"": 0, ""track_id"": null, ""target_ex"": 0.0, ""target_cx_vel_px_s"": 0.0, ""target_age_s"": null, ""lidar_min_m"": 0.28, ""target_lidar_m"": null, ""target_lidar_deg"": null, ""camera_range_m"
2026-07-16T22:42:10.938,444.938,mission_20260716_223446_manual,MANUAL,,0,13.330205917358398,100.99789428710938,150.58314523489847,4,True,0.6800000071525574,1,0,0,1,0,0.0,0.0,0.0,0,0,nan,nan,nan,,nan,nan,nan,2,23,-,READY owner=Surnn refs=24,"{""cmd"": ""STOP"", ""status"": ""READY"", ""detector"": ""yolo"", ""state"": ""IDLE"", ""owner"": ""Surnn"", ""score"": null, ""match_max"": 0.5, ""refs"": 24, ""match_mode"": ""none"", ""steer_zones"": 41, ""people"": 0, ""track_id"": null, ""target_ex"": 0.0, ""target_cx_vel_px_s"": 0.0, ""target_age_s"": null, ""lidar_min_m"": 0.27, ""target_lidar_m"": null, ""target_lidar_deg"": null, ""camera_range_m"
2026-07-16T22:42:12.946,446.947,mission_20260716_223446_manual,MANUAL,,0,13.330207824707031,100.99789428710938,150.5874619144539,4,True,0.6802499890327454,1,0,0,1,0,0.0,0.0,0.0,0,0,nan,nan,nan,,nan,nan,nan,2,24,-,READY owner=Surnn refs=24,"{""cmd"": ""STOP"", ""status"": ""READY"", ""detector"": ""yolo"", ""state"": ""IDLE"", ""owner"": ""Surnn"", ""score"": null, ""match_max"": 0.5, ""refs"": 24, ""match_mode"": ""none"", ""steer_zones"": 41, ""people"": 0, ""track_id"": null, ""target_ex"": 0.0, ""target_cx_vel_px_s"": 0.0, ""target_age_s"": null, ""lidar_min_m"": 0.27, ""target_lidar_m"": null, ""target_lidar_deg"": null, ""camera_range_m"
2026-07-16T22:42:15.074,449.075,mission_20260716_223446_manual,MANUAL,,0,13.330208778381348,100.99789428710938,150.5726130831983,4,True,0.6802499890327454,1,0,0,1,0,0.0,0.0,0.0,0,0,nan,nan,nan,,nan,nan,nan,2,24,-,READY owner=Surnn refs=24,"{""cmd"": ""STOP"", ""status"": ""READY"", ""detector"": ""yolo"", ""state"": ""IDLE"", ""owner"": ""Surnn"", ""score"": null, ""match_max"": 0.5, ""refs"": 24, ""match_mode"": ""none"", ""steer_zones"": 41, ""people"": 0, ""track_id"": null, ""target_ex"": 0.0, ""target_cx_vel_px_s"": 0.0, ""target_age_s"": null, ""lidar_min_m"": 0.27, ""target_lidar_m"": null, ""target_lidar_deg"": null, ""camera_range_m"
2026-07-16T22:42:17.077,451.078,mission_20260716_223446_manual,MANUAL,,0,13.330211639404297,100.99789428710938,150.57079625287906,4,True,0.6812499761581421,1,0,0,1,0,0.0,0.0,0.0,0,0,nan,nan,nan,,nan,nan,nan,2,24,-,READY owner=Surnn refs=24,"{""cmd"": ""STOP"", ""status"": ""READY"", ""detector"": ""yolo"", ""state"": ""IDLE"", ""owner"": ""Surnn"", ""score"": null, ""match_max"": 0.5, ""refs"": 24, ""match_mode"": ""none"", ""steer_zones"": 41, ""people"": 0, ""track_id"": null, ""target_ex"": 0.0, ""target_cx_vel_px_s"": 0.0, ""target_age_s"": null, ""lidar_min_m"": 0.26, ""target_lidar_m"": null, ""target_lidar_deg"": null, ""camera_range_m"
2026-07-16T22:42:19.080,453.08,mission_20260716_223446_manual,MANUAL,,0,13.330215454101562,100.99789428710938,150.55587911973177,4,True,0.6777499914169312,1,0,0,1,0,0.0,0.0,0.0,0,0,nan,nan,nan,,nan,nan,nan,2,24,-,READY owner=Surnn refs=24,"{""cmd"": ""STOP"", ""status"": ""READY"", ""detector"": ""yolo"", ""state"": ""IDLE"", ""owner"": ""Surnn"", ""score"": null, ""match_max"": 0.5, ""refs"": 24, ""match_mode"": ""none"", ""steer_zones"": 41, ""people"": 0, ""track_id"": null, ""target_ex"": 0.0, ""target_cx_vel_px_s"": 0.0, ""target_age_s"": null, ""lidar_min_m"": 0.27, ""target_lidar_m"": null, ""target_lidar_deg"": null, ""camera_range_m"
2026-07-16T22:42:21.099,455.099,mission_20260716_223446_manual,MANUAL,,0,13.330218315124512,100.99789428710938,150.567941233806,4,True,0.6777499914169312,1,0,0,1,0,0.0,0.0,0.0,0,0,nan,nan,nan,,nan,nan,nan,2,23,-,READY owner=Surnn refs=24,"{""cmd"": ""STOP"", ""status"": ""READY"", ""detector"": ""yolo"", ""state"": ""IDLE"", ""owner"": ""Surnn"", ""score"": null, ""match_max"": 0.5, ""refs"": 24, ""match_mode"": ""none"", ""steer_zones"": 41, ""people"": 0, ""track_id"": null, ""target_ex"": 0.0, ""target_cx_vel_px_s"": 0.0, ""target_age_s"": null, ""lidar_min_m"": 0.27, ""target_lidar_m"": null, ""target_lidar_deg"": null, ""camera_range_m"
2026-07-16T22:42:23.226,457.226,mission_20260716_223446_manual,MANUAL,,0,13.330221176147461,100.99789428710938,150.58273542354826,4,True,0.6817499995231628,1,0,0,1,0,0.0,0.0,0.0,0,0,nan,nan,nan,,nan,nan,nan,2,24,-,READY owner=Surnn refs=24,"{""cmd"": ""STOP"", ""status"": ""READY"", ""detector"": ""yolo"", ""state"": ""IDLE"", ""owner"": ""Surnn"", ""score"": null, ""match_max"": 0.5, ""refs"": 24, ""match_mode"": ""none"", ""steer_zones"": 41, ""people"": 0, ""track_id"": null, ""target_ex"": 0.0, ""target_cx_vel_px_s"": 0.0, ""target_age_s"": null, ""lidar_min_m"": 0.28, ""target_lidar_m"": null, ""target_lidar_deg"": null, ""camera_range_m"
2026-07-16T22:42:25.243,459.244,mission_20260716_223446_manual,MANUAL,,0,13.33022403717041,100.99789428710938,150.59259821670975,4,True,0.6807500123977661,1,0,0,1,0,0.0,0.0,0.0,0,0,nan,nan,nan,,nan,nan,nan,2,23,-,READY owner=Surnn refs=24,"{""cmd"": ""STOP"", ""status"": ""READY"", ""detector"": ""yolo"", ""state"": ""IDLE"", ""owner"": ""Surnn"", ""score"": null, ""match_max"": 0.5, ""refs"": 24, ""match_mode"": ""none"", ""steer_zones"": 41, ""people"": 0, ""track_id"": null, ""target_ex"": 0.0, ""target_cx_vel_px_s"": 0.0, ""target_age_s"": null, ""lidar_min_m"": 0.28, ""target_lidar_m"": null, ""target_lidar_deg"": null, ""camera_range_m"
2026-07-16T22:42:27.259,461.26,mission_20260716_223446_manual,MANUAL,,0,13.33022689819336,100.99789428710938,150.5973930095071,4,True,0.6772500276565552,1,0,0,1,0,0.0,0.0,0.0,0,0,nan,nan,nan,,nan,nan,nan,2,24,-,READY owner=Surnn refs=24,"{""cmd"": ""STOP"", ""status"": ""READY"", ""detector"": ""yolo"", ""state"": ""IDLE"", ""owner"": ""Surnn"", ""score"": null, ""match_max"": 0.5, ""refs"": 24, ""match_mode"": ""none"", ""steer_zones"": 41, ""people"": 0, ""track_id"": null, ""target_ex"": 0.0, ""target_cx_vel_px_s"": 0.0, ""target_age_s"": null, ""lidar_min_m"": 0.28, ""target_lidar_m"": null, ""target_lidar_deg"": null, ""camera_range_m"
2026-07-16T22:42:29.259,463.26,mission_20260716_223446_manual,MANUAL,,0,13.330229759216309,100.9979019165039,150.59699685853525,4,True,0.6787499785423279,1,0,0,1,0,0.0,0.0,0.0,0,0,nan,nan,nan,,nan,nan,nan,2,24,-,READY owner=Surnn refs=24,"{""cmd"": ""STOP"", ""status"": ""READY"", ""detector"": ""yolo"", ""state"": ""IDLE"", ""owner"": ""Surnn"", ""score"": null, ""match_max"": 0.5, ""refs"": 24, ""match_mode"": ""none"", ""steer_zones"": 41, ""people"": 0, ""track_id"": null, ""target_ex"": 0.0, ""target_cx_vel_px_s"": 0.0, ""target_age_s"": null, ""lidar_min_m"": 0.27, ""target_lidar_m"": null, ""target_lidar_deg"": null, ""camera_range_m"
2026-07-16T22:42:31.272,465.273,mission_20260716_223446_manual,MANUAL,,0,13.330233573913574,100.9979019165039,150.59966063231155,4,True,0.6809999942779541,1,0,0,1,0,0.0,0.0,0.0,0,0,nan,nan,nan,,nan,nan,nan,2,24,-,READY owner=Surnn refs=24,"{""cmd"": ""STOP"", ""status"": ""READY"", ""detector"": ""yolo"", ""state"": ""IDLE"", ""owner"": ""Surnn"", ""score"": null, ""match_max"": 0.5, ""refs"": 24, ""match_mode"": ""none"", ""steer_zones"": 41, ""people"": 0, ""track_id"": null, ""target_ex"": 0.0, ""target_cx_vel_px_s"": 0.0, ""target_age_s"": null, ""lidar_min_m"": 0.27, ""target_lidar_m"": null, ""target_lidar_deg"": null, ""camera_range_m"
2026-07-16T22:42:33.289,467.29,mission_20260716_223446_manual,MANUAL,,0,13.33023738861084,100.9979019165039,150.61706395431673,4,True,0.6767500042915344,1,0,0,1,0,0.0,0.0,0.0,0,0,nan,nan,nan,,nan,nan,nan,2,24,-,READY owner=Surnn refs=24,"{""cmd"": ""STOP"", ""status"": ""READY"", ""detector"": ""yolo"", ""state"": ""IDLE"", ""owner"": ""Surnn"", ""score"": null, ""match_max"": 0.5, ""refs"": 24, ""match_mode"": ""none"", ""steer_zones"": 41, ""people"": 0, ""track_id"": null, ""target_ex"": 0.0, ""target_cx_vel_px_s"": 0.0, ""target_age_s"": null, ""lidar_min_m"": 0.27, ""target_lidar_m"": null, ""target_lidar_deg"": null, ""camera_range_m"
2026-07-16T22:42:35.293,469.294,mission_20260716_223446_manual,MANUAL,,0,13.330240249633789,100.9979019165039,150.6155203315643,4,True,0.6792500019073486,1,0,0,1,0,0.0,0.0,0.0,0,0,nan,nan,nan,,nan,nan,nan,2,23,-,READY owner=Surnn refs=24,"{""cmd"": ""STOP"", ""status"": ""READY"", ""detector"": ""yolo"", ""state"": ""IDLE"", ""owner"": ""Surnn"", ""score"": null, ""match_max"": 0.5, ""refs"": 24, ""match_mode"": ""none"", ""steer_zones"": 41, ""people"": 0, ""track_id"": null, ""target_ex"": 0.0, ""target_cx_vel_px_s"": 0.0, ""target_age_s"": null, ""lidar_min_m"": 0.28, ""target_lidar_m"": null, ""target_lidar_deg"": null, ""camera_range_m"
2026-07-16T22:42:37.426,471.426,mission_20260716_223446_manual,MANUAL,,0,13.330242156982422,100.9979019165039,150.61463240697222,4,True,0.6792500019073486,1,0,0,1,0,0.0,0.0,0.0,0,0,nan,nan,nan,,nan,nan,nan,2,25,-,READY owner=Surnn refs=24,"{""cmd"": ""STOP"", ""status"": ""READY"", ""detector"": ""yolo"", ""state"": ""IDLE"", ""owner"": ""Surnn"", ""score"": null, ""match_max"": 0.5, ""refs"": 24, ""match_mode"": ""none"", ""steer_zones"": 41, ""people"": 0, ""track_id"": null, ""target_ex"": 0.0, ""target_cx_vel_px_s"": 0.0, ""target_age_s"": null, ""lidar_min_m"": 0.27, ""target_lidar_m"": null, ""target_lidar_deg"": null, ""camera_range_m"
2026-07-16T22:42:39.436,473.437,mission_20260716_223446_manual,MANUAL,,0,13.330243110656738,100.9979019165039,150.61562961459103,4,True,0.6792500019073486,1,0,0,1,0,0.0,0.0,0.0,0,0,nan,nan,nan,,nan,nan,nan,2,23,-,READY owner=Surnn refs=24,"{""cmd"": ""STOP"", ""status"": ""READY"", ""detector"": ""yolo"", ""state"": ""IDLE"", ""owner"": ""Surnn"", ""score"": null, ""match_max"": 0.5, ""refs"": 24, ""match_mode"": ""none"", ""steer_zones"": 41, ""people"": 0, ""track_id"": null, ""target_ex"": 0.0, ""target_cx_vel_px_s"": 0.0, ""target_age_s"": null, ""lidar_min_m"": 0.27, ""target_lidar_m"": null, ""target_lidar_deg"": null, ""camera_range_m"
2026-07-16T22:42:41.450,475.45,mission_20260716_223446_manual,MANUAL,,0,13.330245018005371,100.9979019165039,150.6248640303489,4,True,0.6792500019073486,1,0,0,1,0,0.0,0.0,0.0,0,0,nan,nan,nan,,nan,nan,nan,2,25,-,READY owner=Surnn refs=24,"{""cmd"": ""STOP"", ""status"": ""READY"", ""detector"": ""yolo"", ""state"": ""IDLE"", ""owner"": ""Surnn"", ""score"": null, ""match_max"": 0.5, ""refs"": 24, ""match_mode"": ""none"", ""steer_zones"": 41, ""people"": 0, ""track_id"": null, ""target_ex"": 0.0, ""target_cx_vel_px_s"": 0.0, ""target_age_s"": null, ""lidar_min_m"": 0.27, ""target_lidar_m"": null, ""target_lidar_deg"": null, ""camera_range_m"
2026-07-16T22:42:43.470,477.471,mission_20260716_223446_manual,MANUAL,,0,13.330246925354004,100.9979019165039,150.6280059173671,4,True,0.6797500252723694,1,0,0,1,0,0.0,0.0,0.0,0,0,nan,nan,nan,,nan,nan,nan,2,26,-,READY owner=Surnn refs=24,"{""cmd"": ""STOP"", ""status"": ""READY"", ""detector"": ""yolo"", ""state"": ""IDLE"", ""owner"": ""Surnn"", ""score"": null, ""match_max"": 0.5, ""refs"": 24, ""match_mode"": ""none"", ""steer_zones"": 41, ""people"": 0, ""track_id"": null, ""target_ex"": 0.0, ""target_cx_vel_px_s"": 0.0, ""target_age_s"": null, ""lidar_min_m"": 0.27, ""target_lidar_m"": null, ""target_lidar_deg"": null, ""camera_range_m"
2026-07-16T22:42:45.473,479.473,mission_20260716_223446_manual,MANUAL,,0,13.33024787902832,100.99790954589844,150.6338388989183,4,True,0.6790000200271606,1,0,0,1,0,0.0,0.0,0.0,0,0,nan,nan,nan,,nan,nan,nan,2,26,-,READY owner=Surnn refs=24,"{""cmd"": ""STOP"", ""status"": ""READY"", ""detector"": ""yolo"", ""state"": ""IDLE"", ""owner"": ""Surnn"", ""score"": null, ""match_max"": 0.5, ""refs"": 24, ""match_mode"": ""none"", ""steer_zones"": 41, ""people"": 0, ""track_id"": null, ""target_ex"": 0.0, ""target_cx_vel_px_s"": 0.0, ""target_age_s"": null, ""lidar_min_m"": 0.28, ""target_lidar_m"": null, ""target_lidar_deg"": null, ""camera_range_m"
2026-07-16T22:42:47.475,481.476,mission_20260716_223446_manual,MANUAL,,0,13.330249786376953,100.99790954589844,150.63683052177475,4,True,0.6800000071525574,1,0,0,1,0,0.0,0.0,0.0,0,0,nan,nan,nan,,nan,nan,nan,2,26,-,READY owner=Surnn refs=24,"{""cmd"": ""STOP"", ""status"": ""READY"", ""detector"": ""yolo"", ""state"": ""IDLE"", ""owner"": ""Surnn"", ""score"": null, ""match_max"": 0.5, ""refs"": 24, ""match_mode"": ""none"", ""steer_zones"": 41, ""people"": 0, ""track_id"": null, ""target_ex"": 0.0, ""target_cx_vel_px_s"": 0.0, ""target_age_s"": null, ""lidar_min_m"": 0.26, ""target_lidar_m"": null, ""target_lidar_deg"": null, ""camera_range_m"
2026-07-16T22:42:49.599,483.599,mission_20260716_223446_manual,MANUAL,,0,13.330251693725586,100.99790954589844,150.6410105975468,4,True,0.6779999732971191,1,0,0,1,0,0.0,0.0,0.0,0,0,nan,nan,nan,,nan,nan,nan,2,25,-,READY owner=Surnn refs=24,"{""cmd"": ""STOP"", ""status"": ""READY"", ""detector"": ""yolo"", ""state"": ""IDLE"", ""owner"": ""Surnn"", ""score"": null, ""match_max"": 0.5, ""refs"": 24, ""match_mode"": ""none"", ""steer_zones"": 41, ""people"": 0, ""track_id"": null, ""target_ex"": 0.0, ""target_cx_vel_px_s"": 0.0, ""target_age_s"": null, ""lidar_min_m"": 0.28, ""target_lidar_m"": null, ""target_lidar_deg"": null, ""camera_range_m"
2026-07-16T22:42:51.602,485.602,mission_20260716_223446_manual,MANUAL,,0,13.330252647399902,100.99790954589844,150.64385195624152,4,True,0.6797500252723694,1,0,0,1,0,0.0,0.0,0.0,0,0,nan,nan,nan,,nan,nan,nan,2,24,-,READY owner=Surnn refs=24,"{""cmd"": ""STOP"", ""status"": ""READY"", ""detector"": ""yolo"", ""state"": ""IDLE"", ""owner"": ""Surnn"", ""score"": null, ""match_max"": 0.5, ""refs"": 24, ""match_mode"": ""none"", ""steer_zones"": 41, ""people"": 0, ""track_id"": null, ""target_ex"": 0.0, ""target_cx_vel_px_s"": 0.0, ""target_age_s"": null, ""lidar_min_m"": 0.28, ""target_lidar_m"": null, ""target_lidar_deg"": null, ""camera_range_m"
2026-07-16T22:42:53.719,487.72,mission_20260716_223446_manual,MANUAL,,0,13.330253601074219,100.99790954589844,150.63740425766503,4,True,0.6802499890327454,1,0,0,1,0,0.0,0.0,0.0,0,0,nan,nan,nan,,nan,nan,nan,2,25,-,READY owner=Surnn refs=24,"{""cmd"": ""STOP"", ""status"": ""READY"", ""detector"": ""yolo"", ""state"": ""IDLE"", ""owner"": ""Surnn"", ""score"": null, ""match_max"": 0.5, ""refs"": 24, ""match_mode"": ""none"", ""steer_zones"": 41, ""people"": 0, ""track_id"": null, ""target_ex"": 0.0, ""target_cx_vel_px_s"": 0.0, ""target_age_s"": null, ""lidar_min_m"": 0.28, ""target_lidar_m"": null, ""target_lidar_deg"": null, ""camera_range_m"
2026-07-16T22:42:55.838,489.838,mission_20260716_223446_manual,MANUAL,,0,13.330254554748535,100.99790954589844,150.63403014421505,4,True,0.6787499785423279,1,0,0,1,0,0.0,0.0,0.0,0,0,nan,nan,nan,,nan,nan,nan,2,24,-,READY owner=Surnn refs=24,"{""cmd"": ""STOP"", ""status"": ""READY"", ""detector"": ""yolo"", ""state"": ""IDLE"", ""owner"": ""Surnn"", ""score"": null, ""match_max"": 0.5, ""refs"": 24, ""match_mode"": ""none"", ""steer_zones"": 41, ""people"": 0, ""track_id"": null, ""target_ex"": 0.0, ""target_cx_vel_px_s"": 0.0, ""target_age_s"": null, ""lidar_min_m"": 0.26, ""target_lidar_m"": null, ""target_lidar_deg"": null, ""camera_range_m"
2026-07-16T22:42:57.842,491.842,mission_20260716_223446_manual,MANUAL,,0,13.330255508422852,100.99790954589844,150.6242902944586,4,True,0.6782500147819519,1,0,0,1,0,0.0,0.0,0.0,0,0,nan,nan,nan,,nan,nan,nan,2,23,-,READY owner=Surnn refs=24,"{""cmd"": ""STOP"", ""status"": ""READY"", ""detector"": ""yolo"", ""state"": ""IDLE"", ""owner"": ""Surnn"", ""score"": null, ""match_max"": 0.5, ""refs"": 24, ""match_mode"": ""none"", ""steer_zones"": 41, ""people"": 0, ""track_id"": null, ""target_ex"": 0.0, ""target_cx_vel_px_s"": 0.0, ""target_age_s"": null, ""lidar_min_m"": 0.27, ""target_lidar_m"": null, ""target_lidar_deg"": null, ""camera_range_m"
2026-07-16T22:42:59.953,493.953,mission_20260716_223446_manual,MANUAL,,0,13.330255508422852,100.99790954589844,150.61374448238013,4,True,0.6792500019073486,1,0,0,1,0,0.0,0.0,0.0,0,0,nan,nan,nan,,nan,nan,nan,2,25,-,READY owner=Surnn refs=24,"{""cmd"": ""STOP"", ""status"": ""READY"", ""detector"": ""yolo"", ""state"": ""IDLE"", ""owner"": ""Surnn"", ""score"": null, ""match_max"": 0.5, ""refs"": 24, ""match_mode"": ""none"", ""steer_zones"": 41, ""people"": 0, ""track_id"": null, ""target_ex"": 0.0, ""target_cx_vel_px_s"": 0.0, ""target_age_s"": null, ""lidar_min_m"": 0.27, ""target_lidar_m"": null, ""target_lidar_deg"": null, ""camera_range_m"
2026-07-16T22:43:02.075,496.075,mission_20260716_223446_manual,MANUAL,,0,13.330255508422852,100.99790954589844,150.61222818038436,4,True,0.6800000071525574,1,0,0,1,0,0.0,0.0,0.0,0,0,nan,nan,nan,,nan,nan,nan,2,24,-,READY owner=Surnn refs=24,"{""cmd"": ""STOP"", ""status"": ""READY"", ""detector"": ""yolo"", ""state"": ""IDLE"", ""owner"": ""Surnn"", ""score"": null, ""match_max"": 0.5, ""refs"": 24, ""match_mode"": ""none"", ""steer_zones"": 41, ""people"": 0, ""track_id"": null, ""target_ex"": 0.0, ""target_cx_vel_px_s"": 0.0, ""target_age_s"": null, ""lidar_min_m"": 0.28, ""target_lidar_m"": null, ""target_lidar_deg"": null, ""camera_range_m"
2026-07-16T22:43:04.109,498.11,mission_20260716_223446_manual,MANUAL,,0,13.330255508422852,100.99790954589844,150.6049745194858,4,True,0.6784999966621399,1,0,0,1,0,0.0,0.0,0.0,0,0,nan,nan,nan,,nan,nan,nan,2,25,-,READY owner=Surnn refs=24,"{""cmd"": ""STOP"", ""status"": ""READY"", ""detector"": ""yolo"", ""state"": ""IDLE"", ""owner"": ""Surnn"", ""score"": null, ""match_max"": 0.5, ""refs"": 24, ""match_mode"": ""none"", ""steer_zones"": 41, ""people"": 0, ""track_id"": null, ""target_ex"": 0.0, ""target_cx_vel_px_s"": 0.0, ""target_age_s"": null, ""lidar_min_m"": 0.27, ""target_lidar_m"": null, ""target_lidar_deg"": null, ""camera_range_m"
2026-07-16T22:43:06.120,500.121,mission_20260716_223446_manual,MANUAL,,0,13.330255508422852,100.99790954589844,150.6023790476012,4,True,0.6777499914169312,1,0,0,1,0,0.0,0.0,0.0,0,0,nan,nan,nan,,nan,nan,nan,2,25,-,READY owner=Surnn refs=24,"{""cmd"": ""STOP"", ""status"": ""READY"", ""detector"": ""yolo"", ""state"": ""IDLE"", ""owner"": ""Surnn"", ""score"": null, ""match_max"": 0.5, ""refs"": 24, ""match_mode"": ""none"", ""steer_zones"": 41, ""people"": 0, ""track_id"": null, ""target_ex"": 0.0, ""target_cx_vel_px_s"": 0.0, ""target_age_s"": null, ""lidar_min_m"": 0.27, ""target_lidar_m"": null, ""target_lidar_deg"": null, ""camera_range_m"
2026-07-16T22:43:08.214,502.214,mission_20260716_223446_manual,MANUAL,,0,13.330255508422852,100.99790954589844,150.59970161344657,4,True,0.6784999966621399,1,0,0,1,0,0.0,0.0,0.0,0,0,nan,nan,nan,,nan,nan,nan,2,24,-,READY owner=Surnn refs=24,"{""cmd"": ""STOP"", ""status"": ""READY"", ""detector"": ""yolo"", ""state"": ""IDLE"", ""owner"": ""Surnn"", ""score"": null, ""match_max"": 0.5, ""refs"": 24, ""match_mode"": ""none"", ""steer_zones"": 41, ""people"": 0, ""track_id"": null, ""target_ex"": 0.0, ""target_cx_vel_px_s"": 0.0, ""target_age_s"": null, ""lidar_min_m"": 0.26, ""target_lidar_m"": null, ""target_lidar_deg"": null, ""camera_range_m"
2026-07-16T22:43:10.238,504.239,mission_20260716_223446_manual,MANUAL,,0,13.330255508422852,100.99790954589844,150.59863610393606,4,True,0.6800000071525574,1,0,0,1,0,0.0,0.0,0.0,0,0,nan,nan,nan,,nan,nan,nan,2,25,-,READY owner=Surnn refs=24,"{""cmd"": ""STOP"", ""status"": ""READY"", ""detector"": ""yolo"", ""state"": ""IDLE"", ""owner"": ""Surnn"", ""score"": null, ""match_max"": 0.5, ""refs"": 24, ""match_mode"": ""none"", ""steer_zones"": 41, ""people"": 0, ""track_id"": null, ""target_ex"": 0.0, ""target_cx_vel_px_s"": 0.0, ""target_age_s"": null, ""lidar_min_m"": 0.28, ""target_lidar_m"": null, ""target_lidar_deg"": null, ""camera_range_m"
2026-07-16T22:43:12.248,506.248,mission_20260716_223446_manual,MANUAL,,0,13.330254554748535,100.99790954589844,150.60199655700768,4,True,0.6802499890327454,1,0,0,1,0,0.0,0.0,0.0,0,0,nan,nan,nan,,nan,nan,nan,2,25,-,READY owner=Surnn refs=24,"{""cmd"": ""STOP"", ""status"": ""READY"", ""detector"": ""yolo"", ""state"": ""IDLE"", ""owner"": ""Surnn"", ""score"": null, ""match_max"": 0.5, ""refs"": 24, ""match_mode"": ""none"", ""steer_zones"": 41, ""people"": 0, ""track_id"": null, ""target_ex"": 0.0, ""target_cx_vel_px_s"": 0.0, ""target_age_s"": null, ""lidar_min_m"": 0.27, ""target_lidar_m"": null, ""target_lidar_deg"": null, ""camera_range_m"
2026-07-16T22:43:14.257,508.257,mission_20260716_223446_manual,MANUAL,,0,13.330254554748535,100.99790954589844,150.6114222180623,4,True,0.6777499914169312,1,0,0,1,0,0.0,0.0,0.0,0,0,nan,nan,nan,,nan,nan,nan,2,25,-,READY owner=Surnn refs=24,"{""cmd"": ""STOP"", ""status"": ""READY"", ""detector"": ""yolo"", ""state"": ""IDLE"", ""owner"": ""Surnn"", ""score"": null, ""match_max"": 0.5, ""refs"": 24, ""match_mode"": ""none"", ""steer_zones"": 41, ""people"": 0, ""track_id"": null, ""target_ex"": 0.0, ""target_cx_vel_px_s"": 0.0, ""target_age_s"": null, ""lidar_min_m"": 0.28, ""target_lidar_m"": null, ""target_lidar_deg"": null, ""camera_range_m"
2026-07-16T22:43:16.385,510.385,mission_20260716_223446_manual,MANUAL,,0,13.330253601074219,100.99790954589844,150.61117633125218,4,True,0.6800000071525574,1,0,0,1,0,0.0,0.0,0.0,0,0,nan,nan,nan,,nan,nan,nan,2,25,-,READY owner=Surnn refs=24,"{""cmd"": ""STOP"", ""status"": ""READY"", ""detector"": ""yolo"", ""state"": ""IDLE"", ""owner"": ""Surnn"", ""score"": null, ""match_max"": 0.5, ""refs"": 24, ""match_mode"": ""none"", ""steer_zones"": 41, ""people"": 0, ""track_id"": null, ""target_ex"": 0.0, ""target_cx_vel_px_s"": 0.0, ""target_age_s"": null, ""lidar_min_m"": 0.27, ""target_lidar_m"": null, ""target_lidar_deg"": null, ""camera_range_m"
2026-07-16T22:43:18.389,512.39,mission_20260716_223446_manual,MANUAL,,0,13.330253601074219,100.99790954589844,150.61852561479913,4,True,0.6790000200271606,1,0,0,1,0,0.0,0.0,0.0,0,0,nan,nan,nan,,nan,nan,nan,2,25,-,READY owner=Surnn refs=24,"{""cmd"": ""STOP"", ""status"": ""READY"", ""detector"": ""yolo"", ""state"": ""IDLE"", ""owner"": ""Surnn"", ""score"": null, ""match_max"": 0.5, ""refs"": 24, ""match_mode"": ""none"", ""steer_zones"": 41, ""people"": 0, ""track_id"": null, ""target_ex"": 0.0, ""target_cx_vel_px_s"": 0.0, ""target_age_s"": null, ""lidar_min_m"": 0.27, ""target_lidar_m"": null, ""target_lidar_deg"": null, ""camera_range_m"
2026-07-16T22:43:20.395,514.395,mission_20260716_223446_manual,MANUAL,,0,13.330253601074219,100.99790954589844,150.62028780360498,4,True,0.6790000200271606,1,0,0,1,0,0.0,0.0,0.0,0,0,nan,nan,nan,,nan,nan,nan,2,25,-,READY owner=Surnn refs=24,"{""cmd"": ""STOP"", ""status"": ""READY"", ""detector"": ""yolo"", ""state"": ""IDLE"", ""owner"": ""Surnn"", ""score"": null, ""match_max"": 0.5, ""refs"": 24, ""match_mode"": ""none"", ""steer_zones"": 41, ""people"": 0, ""track_id"": null, ""target_ex"": 0.0, ""target_cx_vel_px_s"": 0.0, ""target_age_s"": null, ""lidar_min_m"": 0.27, ""target_lidar_m"": null, ""target_lidar_deg"": null, ""camera_range_m"
2026-07-16T22:43:22.396,516.396,mission_20260716_223446_manual,MANUAL,,0,13.330253601074219,100.99790954589844,150.6074607083437,4,True,0.6777499914169312,1,0,0,1,0,0.0,0.0,0.0,0,0,nan,nan,nan,,nan,nan,nan,2,26,-,READY owner=Surnn refs=24,"{""cmd"": ""STOP"", ""status"": ""READY"", ""detector"": ""yolo"", ""state"": ""IDLE"", ""owner"": ""Surnn"", ""score"": null, ""match_max"": 0.5, ""refs"": 24, ""match_mode"": ""none"", ""steer_zones"": 41, ""people"": 0, ""track_id"": null, ""target_ex"": 0.0, ""target_cx_vel_px_s"": 0.0, ""target_age_s"": null, ""lidar_min_m"": 0.28, ""target_lidar_m"": null, ""target_lidar_deg"": null, ""camera_range_m"
2026-07-16T22:43:24.514,518.515,mission_20260716_223446_manual,MANUAL,,0,13.330253601074219,100.99790954589844,150.60476961381073,4,True,0.6800000071525574,1,0,0,1,0,0.0,0.0,0.0,0,0,nan,nan,nan,,nan,nan,nan,2,26,-,READY owner=Surnn refs=24,"{""cmd"": ""STOP"", ""status"": ""READY"", ""detector"": ""yolo"", ""state"": ""IDLE"", ""owner"": ""Surnn"", ""score"": null, ""match_max"": 0.5, ""refs"": 24, ""match_mode"": ""none"", ""steer_zones"": 41, ""people"": 0, ""track_id"": null, ""target_ex"": 0.0, ""target_cx_vel_px_s"": 0.0, ""target_age_s"": null, ""lidar_min_m"": 0.28, ""target_lidar_m"": null, ""target_lidar_deg"": null, ""camera_range_m"
2026-07-16T22:43:26.516,520.516,mission_20260716_223446_manual,MANUAL,,0,13.330253601074219,100.99790954589844,150.59888199074618,4,True,0.6797500252723694,1,0,0,1,0,0.0,0.0,0.0,0,0,nan,nan,nan,,nan,nan,nan,2,25,-,READY owner=Surnn refs=24,"{""cmd"": ""STOP"", ""status"": ""READY"", ""detector"": ""yolo"", ""state"": ""IDLE"", ""owner"": ""Surnn"", ""score"": null, ""match_max"": 0.5, ""refs"": 24, ""match_mode"": ""none"", ""steer_zones"": 41, ""people"": 0, ""track_id"": null, ""target_ex"": 0.0, ""target_cx_vel_px_s"": 0.0, ""target_age_s"": null, ""lidar_min_m"": 0.28, ""target_lidar_m"": null, ""target_lidar_deg"": null, ""camera_range_m"
2026-07-16T22:43:28.527,522.528,mission_20260716_223446_manual,MANUAL,,0,13.330253601074219,100.99790954589844,150.59873172658442,4,True,0.6784999966621399,1,0,0,1,0,0.0,0.0,0.0,0,0,nan,nan,nan,,nan,nan,nan,2,25,-,READY owner=Surnn refs=24,"{""cmd"": ""STOP"", ""status"": ""READY"", ""detector"": ""yolo"", ""state"": ""IDLE"", ""owner"": ""Surnn"", ""score"": null, ""match_max"": 0.5, ""refs"": 24, ""match_mode"": ""none"", ""steer_zones"": 41, ""people"": 0, ""track_id"": null, ""target_ex"": 0.0, ""target_cx_vel_px_s"": 0.0, ""target_age_s"": null, ""lidar_min_m"": 0.28, ""target_lidar_m"": null, ""target_lidar_deg"": null, ""camera_range_m"
2026-07-16T22:43:30.655,524.655,mission_20260716_223446_manual,MANUAL,,0,13.330253601074219,100.99790954589844,150.5997562549599,4,True,0.6797500252723694,1,0,0,1,0,0.0,0.0,0.0,0,0,nan,nan,nan,,nan,nan,nan,2,24,-,READY owner=Surnn refs=24,"{""cmd"": ""STOP"", ""status"": ""READY"", ""detector"": ""yolo"", ""state"": ""IDLE"", ""owner"": ""Surnn"", ""score"": null, ""match_max"": 0.5, ""refs"": 24, ""match_mode"": ""none"", ""steer_zones"": 41, ""people"": 0, ""track_id"": null, ""target_ex"": 0.0, ""target_cx_vel_px_s"": 0.0, ""target_age_s"": null, ""lidar_min_m"": 0.27, ""target_lidar_m"": null, ""target_lidar_deg"": null, ""camera_range_m"
2026-07-16T22:43:32.664,526.665,mission_20260716_223446_manual,MANUAL,,0,13.330253601074219,100.99790954589844,150.59996116063502,4,True,0.6800000071525574,1,0,0,1,0,0.0,0.0,0.0,0,0,nan,nan,nan,,nan,nan,nan,2,23,-,READY owner=Surnn refs=24,"{""cmd"": ""STOP"", ""status"": ""READY"", ""detector"": ""yolo"", ""state"": ""IDLE"", ""owner"": ""Surnn"", ""score"": null, ""match_max"": 0.5, ""refs"": 24, ""match_mode"": ""none"", ""steer_zones"": 41, ""people"": 0, ""track_id"": null, ""target_ex"": 0.0, ""target_cx_vel_px_s"": 0.0, ""target_age_s"": null, ""lidar_min_m"": 0.26, ""target_lidar_m"": null, ""target_lidar_deg"": null, ""camera_range_m"
2026-07-16T22:43:34.664,528.665,mission_20260716_223446_manual,MANUAL,,0,13.330255508422852,100.99790954589844,150.5971198019403,4,True,0.6804999709129333,1,0,0,1,0,0.0,0.0,0.0,0,0,nan,nan,nan,,nan,nan,nan,2,23,-,READY owner=Surnn refs=24,"{""cmd"": ""STOP"", ""status"": ""READY"", ""detector"": ""yolo"", ""state"": ""IDLE"", ""owner"": ""Surnn"", ""score"": null, ""match_max"": 0.5, ""refs"": 24, ""match_mode"": ""none"", ""steer_zones"": 41, ""people"": 0, ""track_id"": null, ""target_ex"": 0.0, ""target_cx_vel_px_s"": 0.0, ""target_age_s"": null, ""lidar_min_m"": 0.27, ""target_lidar_m"": null, ""target_lidar_deg"": null, ""camera_range_m"
2026-07-16T22:43:36.684,530.684,mission_20260716_223446_manual,MANUAL,,0,13.330255508422852,100.99790954589844,150.60716018002023,4,True,0.6797500252723694,1,0,0,1,0,0.0,0.0,0.0,0,0,nan,nan,nan,,nan,nan,nan,2,23,-,READY owner=Surnn refs=24,"{""cmd"": ""STOP"", ""status"": ""READY"", ""detector"": ""yolo"", ""state"": ""IDLE"", ""owner"": ""Surnn"", ""score"": null, ""match_max"": 0.5, ""refs"": 24, ""match_mode"": ""none"", ""steer_zones"": 41, ""people"": 0, ""track_id"": null, ""target_ex"": 0.0, ""target_cx_vel_px_s"": 0.0, ""target_age_s"": null, ""lidar_min_m"": 0.27, ""target_lidar_m"": null, ""target_lidar_deg"": null, ""camera_range_m"
2026-07-16T22:43:38.686,532.686,mission_20260716_223446_manual,MANUAL,,0,13.330256462097168,100.99790954589844,150.61741912415357,4,True,0.6779999732971191,1,0,0,1,0,0.0,0.0,0.0,0,0,nan,nan,nan,,nan,nan,nan,2,23,-,READY owner=Surnn refs=24,"{""cmd"": ""STOP"", ""status"": ""READY"", ""detector"": ""yolo"", ""state"": ""IDLE"", ""owner"": ""Surnn"", ""score"": null, ""match_max"": 0.5, ""refs"": 24, ""match_mode"": ""none"", ""steer_zones"": 41, ""people"": 0, ""track_id"": null, ""target_ex"": 0.0, ""target_cx_vel_px_s"": 0.0, ""target_age_s"": null, ""lidar_min_m"": 0.28, ""target_lidar_m"": null, ""target_lidar_deg"": null, ""camera_range_m"
2026-07-16T22:43:40.815,534.815,mission_20260716_223446_manual,MANUAL,,0,13.330257415771484,100.99790954589844,150.6127882558963,4,True,0.6790000200271606,1,0,0,1,0,0.0,0.0,0.0,0,0,nan,nan,nan,,nan,nan,nan,2,22,-,READY owner=Surnn refs=24,"{""cmd"": ""STOP"", ""status"": ""READY"", ""detector"": ""yolo"", ""state"": ""IDLE"", ""owner"": ""Surnn"", ""score"": null, ""match_max"": 0.5, ""refs"": 24, ""match_mode"": ""none"", ""steer_zones"": 41, ""people"": 0, ""track_id"": null, ""target_ex"": 0.0, ""target_cx_vel_px_s"": 0.0, ""target_age_s"": null, ""lidar_min_m"": 0.27, ""target_lidar_m"": null, ""target_lidar_deg"": null, ""camera_range_m"
2026-07-16T22:43:42.946,536.947,mission_20260716_223446_manual,MANUAL,,0,13.3302583694458,100.99790954589844,150.6084852367192,4,True,0.6802499890327454,1,0,0,1,0,0.0,0.0,0.0,0,0,nan,nan,nan,,nan,nan,nan,2,23,-,READY owner=Surnn refs=24,"{""cmd"": ""STOP"", ""status"": ""READY"", ""detector"": ""yolo"", ""state"": ""IDLE"", ""owner"": ""Surnn"", ""score"": null, ""match_max"": 0.5, ""refs"": 24, ""match_mode"": ""none"", ""steer_zones"": 41, ""people"": 0, ""track_id"": null, ""target_ex"": 0.0, ""target_cx_vel_px_s"": 0.0, ""target_age_s"": null, ""lidar_min_m"": 0.27, ""target_lidar_m"": null, ""target_lidar_deg"": null, ""camera_range_m"
2026-07-16T22:43:44.951,538.951,mission_20260716_223446_manual,MANUAL,,0,13.330259323120117,100.99790954589844,150.61539738815927,4,True,0.6794999837875366,1,0,0,1,0,0.0,0.0,0.0,0,0,nan,nan,nan,,nan,nan,nan,2,23,-,READY owner=Surnn refs=24,"{""cmd"": ""STOP"", ""status"": ""READY"", ""detector"": ""yolo"", ""state"": ""IDLE"", ""owner"": ""Surnn"", ""score"": null, ""match_max"": 0.5, ""refs"": 24, ""match_mode"": ""none"", ""steer_zones"": 41, ""people"": 0, ""track_id"": null, ""target_ex"": 0.0, ""target_cx_vel_px_s"": 0.0, ""target_age_s"": null, ""lidar_min_m"": 0.28, ""target_lidar_m"": null, ""target_lidar_deg"": null, ""camera_range_m"
2026-07-16T22:43:46.955,540.956,mission_20260716_223446_manual,MANUAL,,0,13.330259323120117,100.99790954589844,150.6224051622477,4,True,0.6782500147819519,1,0,0,1,0,0.0,0.0,0.0,0,0,nan,nan,nan,,nan,nan,nan,2,23,-,READY owner=Surnn refs=24,"{""cmd"": ""STOP"", ""status"": ""READY"", ""detector"": ""yolo"", ""state"": ""IDLE"", ""owner"": ""Surnn"", ""score"": null, ""match_max"": 0.5, ""refs"": 24, ""match_mode"": ""none"", ""steer_zones"": 41, ""people"": 0, ""track_id"": null, ""target_ex"": 0.0, ""target_cx_vel_px_s"": 0.0, ""target_age_s"": null, ""lidar_min_m"": 0.26, ""target_lidar_m"": null, ""target_lidar_deg"": null, ""camera_range_m"
2026-07-16T22:43:48.956,542.957,mission_20260716_223446_manual,MANUAL,,0,13.330260276794434,100.99791717529297,150.61157248222406,4,True,0.6790000200271606,1,0,0,1,0,0.0,0.0,0.0,0,0,nan,nan,nan,,nan,nan,nan,2,23,-,READY owner=Surnn refs=24,"{""cmd"": ""STOP"", ""status"": ""READY"", ""detector"": ""yolo"", ""state"": ""IDLE"", ""owner"": ""Surnn"", ""score"": null, ""match_max"": 0.5, ""refs"": 24, ""match_mode"": ""none"", ""steer_zones"": 41, ""people"": 0, ""track_id"": null, ""target_ex"": 0.0, ""target_cx_vel_px_s"": 0.0, ""target_age_s"": null, ""lidar_min_m"": 0.27, ""target_lidar_m"": null, ""target_lidar_deg"": null, ""camera_range_m"
2026-07-16T22:43:50.959,544.959,mission_20260716_223446_manual,MANUAL,,0,13.330260276794434,100.99791717529297,150.60709187812853,4,True,0.6790000200271606,1,0,0,1,0,0.0,0.0,0.0,0,0,nan,nan,nan,,nan,nan,nan,2,23,-,READY owner=Surnn refs=24,"{""cmd"": ""STOP"", ""status"": ""READY"", ""detector"": ""yolo"", ""state"": ""IDLE"", ""owner"": ""Surnn"", ""score"": null, ""match_max"": 0.5, ""refs"": 24, ""match_mode"": ""none"", ""steer_zones"": 41, ""people"": 0, ""track_id"": null, ""target_ex"": 0.0, ""target_cx_vel_px_s"": 0.0, ""target_age_s"": null, ""lidar_min_m"": 0.27, ""target_lidar_m"": null, ""target_lidar_deg"": null, ""camera_range_m"
2026-07-16T22:43:53.087,547.088,mission_20260716_223446_manual,MANUAL,,0,13.33026123046875,100.99791717529297,150.5945926319474,4,True,0.6784999966621399,1,0,0,1,0,0.0,0.0,0.0,0,0,nan,nan,nan,,nan,nan,nan,2,23,-,READY owner=Surnn refs=24,"{""cmd"": ""STOP"", ""status"": ""READY"", ""detector"": ""yolo"", ""state"": ""IDLE"", ""owner"": ""Surnn"", ""score"": null, ""match_max"": 0.5, ""refs"": 24, ""match_mode"": ""none"", ""steer_zones"": 41, ""people"": 0, ""track_id"": null, ""target_ex"": 0.0, ""target_cx_vel_px_s"": 0.0, ""target_age_s"": null, ""lidar_min_m"": 0.27, ""target_lidar_m"": null, ""target_lidar_deg"": null, ""camera_range_m"
2026-07-16T22:43:55.100,549.101,mission_20260716_223446_manual,MANUAL,,0,13.330262184143066,100.99791717529297,150.58901919758466,4,True,0.6787499785423279,1,0,0,1,0,0.0,0.0,0.0,0,0,nan,nan,nan,,nan,nan,nan,2,22,-,READY owner=Surnn refs=24,"{""cmd"": ""STOP"", ""status"": ""READY"", ""detector"": ""yolo"", ""state"": ""IDLE"", ""owner"": ""Surnn"", ""score"": null, ""match_max"": 0.5, ""refs"": 24, ""match_mode"": ""none"", ""steer_zones"": 41, ""people"": 0, ""track_id"": null, ""target_ex"": 0.0, ""target_cx_vel_px_s"": 0.0, ""target_age_s"": null, ""lidar_min_m"": 0.28, ""target_lidar_m"": null, ""target_lidar_deg"": null, ""camera_range_m"
2026-07-16T22:43:57.105,551.105,mission_20260716_223446_manual,MANUAL,,0,13.3302640914917,100.99791717529297,150.58955195233992,4,True,0.6792500019073486,1,0,0,1,0,0.0,0.0,0.0,0,0,nan,nan,nan,,nan,nan,nan,2,24,-,READY owner=Surnn refs=24,"{""cmd"": ""STOP"", ""status"": ""READY"", ""detector"": ""yolo"", ""state"": ""IDLE"", ""owner"": ""Surnn"", ""score"": null, ""match_max"": 0.5, ""refs"": 24, ""match_mode"": ""none"", ""steer_zones"": 41, ""people"": 0, ""track_id"": null, ""target_ex"": 0.0, ""target_cx_vel_px_s"": 0.0, ""target_age_s"": null, ""lidar_min_m"": 0.27, ""target_lidar_m"": null, ""target_lidar_deg"": null, ""camera_range_m"
2026-07-16T22:43:59.238,553.238,mission_20260716_223446_manual,MANUAL,,0,13.330265045166016,100.99791717529297,150.59859512280102,4,True,0.6809999942779541,1,0,0,1,0,0.0,0.0,0.0,0,0,nan,nan,nan,,nan,nan,nan,2,23,-,READY owner=Surnn refs=24,"{""cmd"": ""STOP"", ""status"": ""READY"", ""detector"": ""yolo"", ""state"": ""IDLE"", ""owner"": ""Surnn"", ""score"": null, ""match_max"": 0.5, ""refs"": 24, ""match_mode"": ""none"", ""steer_zones"": 41, ""people"": 0, ""track_id"": null, ""target_ex"": 0.0, ""target_cx_vel_px_s"": 0.0, ""target_age_s"": null, ""lidar_min_m"": 0.29, ""target_lidar_m"": null, ""target_lidar_deg"": null, ""camera_range_m"
2026-07-16T22:44:01.376,555.377,mission_20260716_223446_manual,MANUAL,,0,13.330265998840332,100.99791717529297,150.60194191549434,4,True,0.6784999966621399,1,0,0,1,0,0.0,0.0,0.0,0,0,nan,nan,nan,,nan,nan,nan,2,23,-,READY owner=Surnn refs=24,"{""cmd"": ""STOP"", ""status"": ""READY"", ""detector"": ""yolo"", ""state"": ""IDLE"", ""owner"": ""Surnn"", ""score"": null, ""match_max"": 0.5, ""refs"": 24, ""match_mode"": ""none"", ""steer_zones"": 41, ""people"": 0, ""track_id"": null, ""target_ex"": 0.0, ""target_cx_vel_px_s"": 0.0, ""target_age_s"": null, ""lidar_min_m"": 0.29, ""target_lidar_m"": null, ""target_lidar_deg"": null, ""camera_range_m"
2026-07-16T22:44:03.392,557.392,mission_20260716_223446_manual,MANUAL,,0,13.330266952514648,100.99791717529297,150.60461934964897,4,True,0.6777499914169312,1,0,0,1,0,0.0,0.0,0.0,0,0,nan,nan,nan,,nan,nan,nan,2,23,-,READY owner=Surnn refs=24,"{""cmd"": ""STOP"", ""status"": ""READY"", ""detector"": ""yolo"", ""state"": ""IDLE"", ""owner"": ""Surnn"", ""score"": null, ""match_max"": 0.5, ""refs"": 24, ""match_mode"": ""none"", ""steer_zones"": 41, ""people"": 0, ""track_id"": null, ""target_ex"": 0.0, ""target_cx_vel_px_s"": 0.0, ""target_age_s"": null, ""lidar_min_m"": 0.28, ""target_lidar_m"": null, ""target_lidar_deg"": null, ""camera_range_m"
2026-07-16T22:44:05.412,559.413,mission_20260716_223446_manual,MANUAL,,0,13.330266952514648,100.99791717529297,150.617596709072,4,True,0.6792500019073486,1,0,0,1,0,0.0,0.0,0.0,0,0,nan,nan,nan,,nan,nan,nan,2,23,-,READY owner=Surnn refs=24,"{""cmd"": ""STOP"", ""status"": ""READY"", ""detector"": ""yolo"", ""state"": ""IDLE"", ""owner"": ""Surnn"", ""score"": null, ""match_max"": 0.5, ""refs"": 24, ""match_mode"": ""none"", ""steer_zones"": 41, ""people"": 0, ""track_id"": null, ""target_ex"": 0.0, ""target_cx_vel_px_s"": 0.0, ""target_age_s"": null, ""lidar_min_m"": 0.28, ""target_lidar_m"": null, ""target_lidar_deg"": null, ""camera_range_m"
2026-07-16T22:44:07.536,561.537,mission_20260716_223446_manual,MANUAL,,0,13.330267906188965,100.99791717529297,150.61879882236593,4,True,0.6800000071525574,1,0,0,1,0,0.0,0.0,0.0,0,0,nan,nan,nan,,nan,nan,nan,2,23,-,READY owner=Surnn refs=24,"{""cmd"": ""STOP"", ""status"": ""READY"", ""detector"": ""yolo"", ""state"": ""IDLE"", ""owner"": ""Surnn"", ""score"": null, ""match_max"": 0.5, ""refs"": 24, ""match_mode"": ""none"", ""steer_zones"": 41, ""people"": 0, ""track_id"": null, ""target_ex"": 0.0, ""target_cx_vel_px_s"": 0.0, ""target_age_s"": null, ""lidar_min_m"": 0.28, ""target_lidar_m"": null, ""target_lidar_deg"": null, ""camera_range_m"
2026-07-16T22:44:09.552,563.552,mission_20260716_223446_manual,MANUAL,,0,13.330267906188965,100.99791717529297,150.6207659168469,4,True,0.6790000200271606,1,0,0,1,0,0.0,0.0,0.0,0,0,nan,nan,nan,,nan,nan,nan,2,23,-,READY owner=Surnn refs=24,"{""cmd"": ""STOP"", ""status"": ""READY"", ""detector"": ""yolo"", ""state"": ""IDLE"", ""owner"": ""Surnn"", ""score"": null, ""match_max"": 0.5, ""refs"": 24, ""match_mode"": ""none"", ""steer_zones"": 41, ""people"": 0, ""track_id"": null, ""target_ex"": 0.0, ""target_cx_vel_px_s"": 0.0, ""target_age_s"": null, ""lidar_min_m"": 0.27, ""target_lidar_m"": null, ""target_lidar_deg"": null, ""camera_range_m"
2026-07-16T22:44:11.554,565.555,mission_20260716_223446_manual,MANUAL,,0,13.330266952514648,100.99791717529297,150.6254787473742,4,True,0.6790000200271606,1,0,0,1,0,0.0,0.0,0.0,0,0,nan,nan,nan,,nan,nan,nan,2,23,-,READY owner=Surnn refs=24,"{""cmd"": ""STOP"", ""status"": ""READY"", ""detector"": ""yolo"", ""state"": ""IDLE"", ""owner"": ""Surnn"", ""score"": null, ""match_max"": 0.5, ""refs"": 24, ""match_mode"": ""none"", ""steer_zones"": 41, ""people"": 0, ""track_id"": null, ""target_ex"": 0.0, ""target_cx_vel_px_s"": 0.0, ""target_age_s"": null, ""lidar_min_m"": 0.27, ""target_lidar_m"": null, ""target_lidar_deg"": null, ""camera_range_m"
2026-07-16T22:44:13.561,567.562,mission_20260716_223446_manual,MANUAL,,0,13.330265998840332,100.99791717529297,150.6288528608242,4,True,0.6777499914169312,1,0,0,1,0,0.0,0.0,0.0,0,0,nan,nan,nan,,nan,nan,nan,2,23,-,READY owner=Surnn refs=24,"{""cmd"": ""STOP"", ""status"": ""READY"", ""detector"": ""yolo"", ""state"": ""IDLE"", ""owner"": ""Surnn"", ""score"": null, ""match_max"": 0.5, ""refs"": 24, ""match_mode"": ""none"", ""steer_zones"": 41, ""people"": 0, ""track_id"": null, ""target_ex"": 0.0, ""target_cx_vel_px_s"": 0.0, ""target_age_s"": null, ""lidar_min_m"": 0.28, ""target_lidar_m"": null, ""target_lidar_deg"": null, ""camera_range_m"
2026-07-16T22:44:15.562,569.563,mission_20260716_223446_manual,MANUAL,,0,13.330265045166016,100.99791717529297,150.62898946460757,4,True,0.6782500147819519,1,0,0,1,0,0.0,0.0,0.0,0,0,nan,nan,nan,,nan,nan,nan,2,23,-,READY owner=Surnn refs=24,"{""cmd"": ""STOP"", ""status"": ""READY"", ""detector"": ""yolo"", ""state"": ""IDLE"", ""owner"": ""Surnn"", ""score"": null, ""match_max"": 0.5, ""refs"": 24, ""match_mode"": ""none"", ""steer_zones"": 41, ""people"": 0, ""track_id"": null, ""target_ex"": 0.0, ""target_cx_vel_px_s"": 0.0, ""target_age_s"": null, ""lidar_min_m"": 0.28, ""target_lidar_m"": null, ""target_lidar_deg"": null, ""camera_range_m"
2026-07-16T22:44:17.690,571.69,mission_20260716_223446_manual,MANUAL,,0,13.3302640914917,100.99791717529297,150.6402182956031,4,True,0.6797500252723694,1,0,0,1,0,0.0,0.0,0.0,0,0,nan,nan,nan,,nan,nan,nan,2,23,-,READY owner=Surnn refs=24,"{""cmd"": ""STOP"", ""status"": ""READY"", ""detector"": ""yolo"", ""state"": ""IDLE"", ""owner"": ""Surnn"", ""score"": null, ""match_max"": 0.5, ""refs"": 24, ""match_mode"": ""none"", ""steer_zones"": 41, ""people"": 0, ""track_id"": null, ""target_ex"": 0.0, ""target_cx_vel_px_s"": 0.0, ""target_age_s"": null, ""lidar_min_m"": 0.28, ""target_lidar_m"": null, ""target_lidar_deg"": null, ""camera_range_m"
2026-07-16T22:44:19.824,573.825,mission_20260716_223446_manual,MANUAL,,0,13.330263137817383,100.99791717529297,150.64489014499537,4,True,0.6794999837875366,1,0,0,1,0,0.0,0.0,0.0,0,0,nan,nan,nan,,nan,nan,nan,2,23,-,READY owner=Surnn refs=24,"{""cmd"": ""STOP"", ""status"": ""READY"", ""detector"": ""yolo"", ""state"": ""IDLE"", ""owner"": ""Surnn"", ""score"": null, ""match_max"": 0.5, ""refs"": 24, ""match_mode"": ""none"", ""steer_zones"": 41, ""people"": 0, ""track_id"": null, ""target_ex"": 0.0, ""target_cx_vel_px_s"": 0.0, ""target_age_s"": null, ""lidar_min_m"": 0.28, ""target_lidar_m"": null, ""target_lidar_deg"": null, ""camera_range_m"
2026-07-16T22:44:21.833,575.833,mission_20260716_223446_manual,MANUAL,,0,13.330262184143066,100.99791717529297,150.6463381450994,4,True,0.6775000095367432,1,0,0,1,0,0.0,0.0,0.0,0,0,nan,nan,nan,,nan,nan,nan,2,23,-,READY owner=Surnn refs=24,"{""cmd"": ""STOP"", ""status"": ""READY"", ""detector"": ""yolo"", ""state"": ""IDLE"", ""owner"": ""Surnn"", ""score"": null, ""match_max"": 0.5, ""refs"": 24, ""match_mode"": ""none"", ""steer_zones"": 41, ""people"": 0, ""track_id"": null, ""target_ex"": 0.0, ""target_cx_vel_px_s"": 0.0, ""target_age_s"": null, ""lidar_min_m"": 0.28, ""target_lidar_m"": null, ""target_lidar_deg"": null, ""camera_range_m"
2026-07-16T22:44:23.835,577.836,mission_20260716_223446_manual,MANUAL,,0,13.33026123046875,100.99791717529297,150.6415843334371,4,True,0.6800000071525574,1,0,0,1,0,0.0,0.0,0.0,0,0,nan,nan,nan,,nan,nan,nan,2,24,-,READY owner=Surnn refs=24,"{""cmd"": ""STOP"", ""status"": ""READY"", ""detector"": ""yolo"", ""state"": ""IDLE"", ""owner"": ""Surnn"", ""score"": null, ""match_max"": 0.5, ""refs"": 24, ""match_mode"": ""none"", ""steer_zones"": 41, ""people"": 0, ""track_id"": null, ""target_ex"": 0.0, ""target_cx_vel_px_s"": 0.0, ""target_age_s"": null, ""lidar_min_m"": 0.28, ""target_lidar_m"": null, ""target_lidar_deg"": null, ""camera_range_m"
2026-07-16T22:44:25.946,579.947,mission_20260716_223446_manual,MANUAL,,0,13.330259323120117,100.99791717529297,150.64542289975063,4,True,0.6767500042915344,1,0,0,1,0,0.0,0.0,0.0,0,0,nan,nan,nan,,nan,nan,nan,2,24,-,READY owner=Surnn refs=24,"{""cmd"": ""STOP"", ""status"": ""READY"", ""detector"": ""yolo"", ""state"": ""IDLE"", ""owner"": ""Surnn"", ""score"": null, ""match_max"": 0.5, ""refs"": 24, ""match_mode"": ""none"", ""steer_zones"": 41, ""people"": 0, ""track_id"": null, ""target_ex"": 0.0, ""target_cx_vel_px_s"": 0.0, ""target_age_s"": null, ""lidar_min_m"": 0.27, ""target_lidar_m"": null, ""target_lidar_deg"": null, ""camera_range_m"
2026-07-16T22:44:28.079,582.079,mission_20260716_223446_manual,MANUAL,,0,13.3302583694458,100.99791717529297,150.62810154001548,4,True,0.6792500019073486,1,0,0,1,0,0.0,0.0,0.0,0,0,nan,nan,nan,,nan,nan,nan,2,24,-,READY owner=Surnn refs=24,"{""cmd"": ""STOP"", ""status"": ""READY"", ""detector"": ""yolo"", ""state"": ""IDLE"", ""owner"": ""Surnn"", ""score"": null, ""match_max"": 0.5, ""refs"": 24, ""match_mode"": ""none"", ""steer_zones"": 41, ""people"": 0, ""track_id"": null, ""target_ex"": 0.0, ""target_cx_vel_px_s"": 0.0, ""target_age_s"": null, ""lidar_min_m"": 0.27, ""target_lidar_m"": null, ""target_lidar_deg"": null, ""camera_range_m"
2026-07-16T22:44:30.210,584.211,mission_20260716_223446_manual,MANUAL,,0,13.330257415771484,100.99791717529297,150.6206293130635,4,True,0.6792500019073486,1,0,0,1,0,0.0,0.0,0.0,0,0,nan,nan,nan,,nan,nan,nan,2,21,-,READY owner=Surnn refs=24,"{""cmd"": ""STOP"", ""status"": ""READY"", ""detector"": ""yolo"", ""state"": ""IDLE"", ""owner"": ""Surnn"", ""score"": null, ""match_max"": 0.5, ""refs"": 24, ""match_mode"": ""none"", ""steer_zones"": 41, ""people"": 0, ""track_id"": null, ""target_ex"": 0.0, ""target_cx_vel_px_s"": 0.0, ""target_age_s"": null, ""lidar_min_m"": 0.27, ""target_lidar_m"": null, ""target_lidar_deg"": null, ""camera_range_m"
2026-07-16T22:44:32.346,586.347,mission_20260716_223446_manual,MANUAL,,0,13.330256462097168,100.99791717529297,150.60207851927774,4,True,0.6794999837875366,1,0,0,1,0,0.0,0.0,0.0,0,0,nan,nan,nan,,nan,nan,nan,2,23,-,READY owner=Surnn refs=24,"{""cmd"": ""STOP"", ""status"": ""READY"", ""detector"": ""yolo"", ""state"": ""IDLE"", ""owner"": ""Surnn"", ""score"": null, ""match_max"": 0.5, ""refs"": 24, ""match_mode"": ""none"", ""steer_zones"": 41, ""people"": 0, ""track_id"": null, ""target_ex"": 0.0, ""target_cx_vel_px_s"": 0.0, ""target_age_s"": null, ""lidar_min_m"": 0.28, ""target_lidar_m"": null, ""target_lidar_deg"": null, ""camera_range_m"
2026-07-16T22:44:34.363,588.364,mission_20260716_223446_manual,MANUAL,,0,13.330254554748535,100.99791717529297,150.58850010320774,4,True,0.6809999942779541,1,0,0,1,0,0.0,0.0,0.0,0,0,nan,nan,nan,,nan,nan,nan,2,23,-,READY owner=Surnn refs=24,"{""cmd"": ""STOP"", ""status"": ""READY"", ""detector"": ""yolo"", ""state"": ""IDLE"", ""owner"": ""Surnn"", ""score"": null, ""match_max"": 0.5, ""refs"": 24, ""match_mode"": ""none"", ""steer_zones"": 41, ""people"": 0, ""track_id"": null, ""target_ex"": 0.0, ""target_cx_vel_px_s"": 0.0, ""target_age_s"": null, ""lidar_min_m"": 0.27, ""target_lidar_m"": null, ""target_lidar_deg"": null, ""camera_range_m"
2026-07-16T22:44:36.381,590.382,mission_20260716_223446_manual,MANUAL,,0,13.330253601074219,100.99791717529297,150.57523587583958,4,True,0.6794999837875366,1,0,0,1,0,0.0,0.0,0.0,0,0,nan,nan,nan,,nan,nan,nan,2,23,-,READY owner=Surnn refs=24,"{""cmd"": ""STOP"", ""status"": ""READY"", ""detector"": ""yolo"", ""state"": ""IDLE"", ""owner"": ""Surnn"", ""score"": null, ""match_max"": 0.5, ""refs"": 24, ""match_mode"": ""none"", ""steer_zones"": 41, ""people"": 0, ""track_id"": null, ""target_ex"": 0.0, ""target_cx_vel_px_s"": 0.0, ""target_age_s"": null, ""lidar_min_m"": 0.28, ""target_lidar_m"": null, ""target_lidar_deg"": null, ""camera_range_m"
2026-07-16T22:44:38.394,592.395,mission_20260716_223446_manual,MANUAL,,0,13.33025074005127,100.99791717529297,150.57369225308716,4,True,0.6800000071525574,1,0,0,1,0,0.0,0.0,0.0,0,0,nan,nan,nan,,nan,nan,nan,2,24,-,READY owner=Surnn refs=24,"{""cmd"": ""STOP"", ""status"": ""READY"", ""detector"": ""yolo"", ""state"": ""IDLE"", ""owner"": ""Surnn"", ""score"": null, ""match_max"": 0.5, ""refs"": 24, ""match_mode"": ""none"", ""steer_zones"": 41, ""people"": 0, ""track_id"": null, ""target_ex"": 0.0, ""target_cx_vel_px_s"": 0.0, ""target_age_s"": null, ""lidar_min_m"": 0.28, ""target_lidar_m"": null, ""target_lidar_deg"": null, ""camera_range_m"
2026-07-16T22:44:40.414,594.415,mission_20260716_223446_manual,MANUAL,,0,13.33025074005127,100.99791717529297,150.57102847931085,4,True,0.6775000095367432,1,0,0,1,0,0.0,0.0,0.0,0,0,nan,nan,nan,,nan,nan,nan,2,25,-,READY owner=Surnn refs=24,"{""cmd"": ""STOP"", ""status"": ""READY"", ""detector"": ""yolo"", ""state"": ""IDLE"", ""owner"": ""Surnn"", ""score"": null, ""match_max"": 0.5, ""refs"": 24, ""match_mode"": ""none"", ""steer_zones"": 41, ""people"": 0, ""track_id"": null, ""target_ex"": 0.0, ""target_cx_vel_px_s"": 0.0, ""target_age_s"": null, ""lidar_min_m"": 0.27, ""target_lidar_m"": null, ""target_lidar_deg"": null, ""camera_range_m"
2026-07-16T22:44:42.434,596.435,mission_20260716_223446_manual,MANUAL,,0,13.330249786376953,100.99791717529297,150.5784460647495,4,True,0.6779999732971191,1,0,0,1,0,0.0,0.0,0.0,0,0,nan,nan,nan,,nan,nan,nan,2,25,-,READY owner=Surnn refs=24,"{""cmd"": ""STOP"", ""status"": ""READY"", ""detector"": ""yolo"", ""state"": ""IDLE"", ""owner"": ""Surnn"", ""score"": null, ""match_max"": 0.5, ""refs"": 24, ""match_mode"": ""none"", ""steer_zones"": 41, ""people"": 0, ""track_id"": null, ""target_ex"": 0.0, ""target_cx_vel_px_s"": 0.0, ""target_age_s"": null, ""lidar_min_m"": 0.27, ""target_lidar_m"": null, ""target_lidar_deg"": null, ""camera_range_m"
2026-07-16T22:44:44.455,598.456,mission_20260716_223446_manual,MANUAL,,0,13.330249786376953,100.99791717529297,150.57515391356955,4,True,0.6784999966621399,1,0,0,1,0,0.0,0.0,0.0,0,0,nan,nan,nan,,nan,nan,nan,2,25,-,READY owner=Surnn refs=24,"{""cmd"": ""STOP"", ""status"": ""READY"", ""detector"": ""yolo"", ""state"": ""IDLE"", ""owner"": ""Surnn"", ""score"": null, ""match_max"": 0.5, ""refs"": 24, ""match_mode"": ""none"", ""steer_zones"": 41, ""people"": 0, ""track_id"": null, ""target_ex"": 0.0, ""target_cx_vel_px_s"": 0.0, ""target_age_s"": null, ""lidar_min_m"": 0.27, ""target_lidar_m"": null, ""target_lidar_deg"": null, ""camera_range_m"
2026-07-16T22:44:46.469,600.469,mission_20260716_223446_manual,MANUAL,,0,13.330248832702637,100.99791717529297,150.57755814015738,4,True,0.6792500019073486,1,0,0,1,0,0.0,0.0,0.0,0,0,nan,nan,nan,,nan,nan,nan,2,26,-,READY owner=Surnn refs=24,"{""cmd"": ""STOP"", ""status"": ""READY"", ""detector"": ""yolo"", ""state"": ""IDLE"", ""owner"": ""Surnn"", ""score"": null, ""match_max"": 0.5, ""refs"": 24, ""match_mode"": ""none"", ""steer_zones"": 41, ""people"": 0, ""track_id"": null, ""target_ex"": 0.0, ""target_cx_vel_px_s"": 0.0, ""target_age_s"": null, ""lidar_min_m"": 0.27, ""target_lidar_m"": null, ""target_lidar_deg"": null, ""camera_range_m"
2026-07-16T22:44:48.509,602.51,mission_20260716_223446_manual,MANUAL,,0,13.330248832702637,100.99791717529297,150.57783134772419,4,True,0.6790000200271606,1,0,0,1,0,0.0,0.0,0.0,0,0,nan,nan,nan,,nan,nan,nan,2,25,-,READY owner=Surnn refs=24,"{""cmd"": ""STOP"", ""status"": ""READY"", ""detector"": ""yolo"", ""state"": ""IDLE"", ""owner"": ""Surnn"", ""score"": null, ""match_max"": 0.5, ""refs"": 24, ""match_mode"": ""none"", ""steer_zones"": 41, ""people"": 0, ""track_id"": null, ""target_ex"": 0.0, ""target_cx_vel_px_s"": 0.0, ""target_age_s"": null, ""lidar_min_m"": 0.27, ""target_lidar_m"": null, ""target_lidar_deg"": null, ""camera_range_m"
2026-07-16T22:44:50.517,604.517,mission_20260716_223446_manual,MANUAL,,0,13.33024787902832,100.99791717529297,150.5947702168658,4,True,0.6807500123977661,1,0,0,1,0,0.0,0.0,0.0,0,0,nan,nan,nan,,nan,nan,nan,2,26,-,READY owner=Surnn refs=24,"{""cmd"": ""STOP"", ""status"": ""READY"", ""detector"": ""yolo"", ""state"": ""IDLE"", ""owner"": ""Surnn"", ""score"": null, ""match_max"": 0.5, ""refs"": 24, ""match_mode"": ""none"", ""steer_zones"": 41, ""people"": 0, ""track_id"": null, ""target_ex"": 0.0, ""target_cx_vel_px_s"": 0.0, ""target_age_s"": null, ""lidar_min_m"": 0.26, ""target_lidar_m"": null, ""target_lidar_deg"": null, ""camera_range_m"
2026-07-16T22:44:52.622,606.623,mission_20260716_223446_manual,MANUAL,,0,13.330246925354004,100.99791717529297,150.59395059416542,4,True,0.6790000200271606,1,0,0,1,0,0.0,0.0,0.0,0,0,nan,nan,nan,,nan,nan,nan,2,24,-,READY owner=Surnn refs=24,"{""cmd"": ""STOP"", ""status"": ""READY"", ""detector"": ""yolo"", ""state"": ""IDLE"", ""owner"": ""Surnn"", ""score"": null, ""match_max"": 0.5, ""refs"": 24, ""match_mode"": ""none"", ""steer_zones"": 41, ""people"": 0, ""track_id"": null, ""target_ex"": 0.0, ""target_cx_vel_px_s"": 0.0, ""target_age_s"": null, ""lidar_min_m"": 0.26, ""target_lidar_m"": null, ""target_lidar_deg"": null, ""camera_range_m"
2026-07-16T22:44:54.624,608.625,mission_20260716_223446_manual,MANUAL,,0,13.330245971679688,100.99791717529297,150.58900553720633,4,True,0.6782500147819519,1,0,0,1,0,0.0,0.0,0.0,0,0,nan,nan,nan,,nan,nan,nan,2,25,-,READY owner=Surnn refs=24,"{""cmd"": ""STOP"", ""status"": ""READY"", ""detector"": ""yolo"", ""state"": ""IDLE"", ""owner"": ""Surnn"", ""score"": null, ""match_max"": 0.5, ""refs"": 24, ""match_mode"": ""none"", ""steer_zones"": 41, ""people"": 0, ""track_id"": null, ""target_ex"": 0.0, ""target_cx_vel_px_s"": 0.0, ""target_age_s"": null, ""lidar_min_m"": 0.29, ""target_lidar_m"": null, ""target_lidar_deg"": null, ""camera_range_m"
2026-07-16T22:44:56.743,610.744,mission_20260716_223446_manual,MANUAL,,0,13.330243110656738,100.99791717529297,150.58535821618955,4,True,0.6759999990463257,1,0,0,1,0,0.0,0.0,0.0,0,0,nan,nan,nan,,nan,nan,nan,2,25,-,READY owner=Surnn refs=24,"{""cmd"": ""STOP"", ""status"": ""READY"", ""detector"": ""yolo"", ""state"": ""IDLE"", ""owner"": ""Surnn"", ""score"": null, ""match_max"": 0.5, ""refs"": 24, ""match_mode"": ""none"", ""steer_zones"": 41, ""people"": 0, ""track_id"": null, ""target_ex"": 0.0, ""target_cx_vel_px_s"": 0.0, ""target_age_s"": null, ""lidar_min_m"": 0.27, ""target_lidar_m"": null, ""target_lidar_deg"": null, ""camera_range_m"
2026-07-16T22:44:58.747,612.748,mission_20260716_223446_manual,MANUAL,,0,13.330242156982422,100.99791717529297,150.58792636731746,4,True,0.6769999861717224,1,0,0,1,0,0.0,0.0,0.0,0,0,nan,nan,nan,,nan,nan,nan,2,25,-,READY owner=Surnn refs=24,"{""cmd"": ""STOP"", ""status"": ""READY"", ""detector"": ""yolo"", ""state"": ""IDLE"", ""owner"": ""Surnn"", ""score"": null, ""match_max"": 0.5, ""refs"": 24, ""match_mode"": ""none"", ""steer_zones"": 41, ""people"": 0, ""track_id"": null, ""target_ex"": 0.0, ""target_cx_vel_px_s"": 0.0, ""target_age_s"": null, ""lidar_min_m"": 0.28, ""target_lidar_m"": null, ""target_lidar_deg"": null, ""camera_range_m"
2026-07-16T22:45:00.751,614.751,mission_20260716_223446_manual,MANUAL,,0,13.330241203308105,100.99791717529297,150.59160100909094,4,True,0.6790000200271606,1,0,0,1,0,0.0,0.0,0.0,0,0,nan,nan,nan,,nan,nan,nan,2,26,-,READY owner=Surnn refs=24,"{""cmd"": ""STOP"", ""status"": ""READY"", ""detector"": ""yolo"", ""state"": ""IDLE"", ""owner"": ""Surnn"", ""score"": null, ""match_max"": 0.5, ""refs"": 24, ""match_mode"": ""none"", ""steer_zones"": 41, ""people"": 0, ""track_id"": null, ""target_ex"": 0.0, ""target_cx_vel_px_s"": 0.0, ""target_age_s"": null, ""lidar_min_m"": 0.27, ""target_lidar_m"": null, ""target_lidar_deg"": null, ""camera_range_m"
2026-07-16T22:45:02.886,616.886,mission_20260716_223446_manual,MANUAL,,0,13.330241203308105,100.99791717529297,150.5928167827632,4,True,0.6790000200271606,1,0,0,1,0,0.0,0.0,0.0,0,0,nan,nan,nan,,nan,nan,nan,2,27,-,READY owner=Surnn refs=24,"{""cmd"": ""STOP"", ""status"": ""READY"", ""detector"": ""yolo"", ""state"": ""IDLE"", ""owner"": ""Surnn"", ""score"": null, ""match_max"": 0.5, ""refs"": 24, ""match_mode"": ""none"", ""steer_zones"": 41, ""people"": 0, ""track_id"": null, ""target_ex"": 0.0, ""target_cx_vel_px_s"": 0.0, ""target_age_s"": null, ""lidar_min_m"": 0.27, ""target_lidar_m"": null, ""target_lidar_deg"": null, ""camera_range_m"
2026-07-16T22:45:04.896,618.896,mission_20260716_223446_manual,MANUAL,,0,13.330240249633789,100.99791717529297,150.60385436846192,4,True,0.6784999966621399,1,0,0,1,0,0.0,0.0,0.0,0,0,nan,nan,nan,,nan,nan,nan,2,26,-,READY owner=Surnn refs=24,"{""cmd"": ""STOP"", ""status"": ""READY"", ""detector"": ""yolo"", ""state"": ""IDLE"", ""owner"": ""Surnn"", ""score"": null, ""match_max"": 0.5, ""refs"": 24, ""match_mode"": ""none"", ""steer_zones"": 41, ""people"": 0, ""track_id"": null, ""target_ex"": 0.0, ""target_cx_vel_px_s"": 0.0, ""target_age_s"": null, ""lidar_min_m"": 0.27, ""target_lidar_m"": null, ""target_lidar_deg"": null, ""camera_range_m"
2026-07-16T22:45:06.904,620.904,mission_20260716_223446_manual,MANUAL,,0,13.330240249633789,100.99791717529297,150.6193042563645,4,True,0.6792500019073486,1,0,0,1,0,0.0,0.0,0.0,0,0,nan,nan,nan,,nan,nan,nan,2,25,-,READY owner=Surnn refs=24,"{""cmd"": ""STOP"", ""status"": ""READY"", ""detector"": ""yolo"", ""state"": ""IDLE"", ""owner"": ""Surnn"", ""score"": null, ""match_max"": 0.5, ""refs"": 24, ""match_mode"": ""none"", ""steer_zones"": 41, ""people"": 0, ""track_id"": null, ""target_ex"": 0.0, ""target_cx_vel_px_s"": 0.0, ""target_age_s"": null, ""lidar_min_m"": 0.28, ""target_lidar_m"": null, ""target_lidar_deg"": null, ""camera_range_m"
2026-07-16T22:45:08.916,622.917,mission_20260716_223446_manual,MANUAL,,0,13.330239295959473,100.99791717529297,150.62771904942196,4,True,0.6797500252723694,1,0,0,1,0,0.0,0.0,0.0,0,0,nan,nan,nan,,nan,nan,nan,2,25,-,READY owner=Surnn refs=24,"{""cmd"": ""STOP"", ""status"": ""READY"", ""detector"": ""yolo"", ""state"": ""IDLE"", ""owner"": ""Surnn"", ""score"": null, ""match_max"": 0.5, ""refs"": 24, ""match_mode"": ""none"", ""steer_zones"": 41, ""people"": 0, ""track_id"": null, ""target_ex"": 0.0, ""target_cx_vel_px_s"": 0.0, ""target_age_s"": null, ""lidar_min_m"": 0.28, ""target_lidar_m"": null, ""target_lidar_deg"": null, ""camera_range_m"
2026-07-16T22:45:11.037,625.037,mission_20260716_223446_manual,MANUAL,,0,13.330239295959473,100.99791717529297,150.64066908808832,4,True,0.6772500276565552,1,0,0,1,0,0.0,0.0,0.0,0,0,nan,nan,nan,,nan,nan,nan,2,25,-,READY owner=Surnn refs=24,"{""cmd"": ""STOP"", ""status"": ""READY"", ""detector"": ""yolo"", ""state"": ""IDLE"", ""owner"": ""Surnn"", ""score"": null, ""match_max"": 0.5, ""refs"": 24, ""match_mode"": ""none"", ""steer_zones"": 41, ""people"": 0, ""track_id"": null, ""target_ex"": 0.0, ""target_cx_vel_px_s"": 0.0, ""target_age_s"": null, ""lidar_min_m"": 0.28, ""target_lidar_m"": null, ""target_lidar_deg"": null, ""camera_range_m"
2026-07-16T22:45:13.037,627.038,mission_20260716_223446_manual,MANUAL,,0,13.330241203308105,100.99791717529297,150.656405843936,4,True,0.6782500147819519,1,0,0,1,0,0.0,0.0,0.0,0,0,nan,nan,nan,,nan,nan,nan,2,25,-,READY owner=Surnn refs=24,"{""cmd"": ""STOP"", ""status"": ""READY"", ""detector"": ""yolo"", ""state"": ""IDLE"", ""owner"": ""Surnn"", ""score"": null, ""match_max"": 0.5, ""refs"": 24, ""match_mode"": ""none"", ""steer_zones"": 41, ""people"": 0, ""track_id"": null, ""target_ex"": 0.0, ""target_cx_vel_px_s"": 0.0, ""target_age_s"": null, ""lidar_min_m"": 0.27, ""target_lidar_m"": null, ""target_lidar_deg"": null, ""camera_range_m"
2026-07-16T22:45:15.165,629.165,mission_20260716_223446_manual,MANUAL,,0,13.330244064331055,100.99791717529297,150.65513542875038,4,True,0.6782500147819519,1,0,0,1,0,0.0,0.0,0.0,0,0,nan,nan,nan,,nan,nan,nan,2,25,-,READY owner=Surnn refs=24,"{""cmd"": ""STOP"", ""status"": ""READY"", ""detector"": ""yolo"", ""state"": ""IDLE"", ""owner"": ""Surnn"", ""score"": null, ""match_max"": 0.5, ""refs"": 24, ""match_mode"": ""none"", ""steer_zones"": 41, ""people"": 0, ""track_id"": null, ""target_ex"": 0.0, ""target_cx_vel_px_s"": 0.0, ""target_age_s"": null, ""lidar_min_m"": 0.29, ""target_lidar_m"": null, ""target_lidar_deg"": null, ""camera_range_m"
2026-07-16T22:45:17.297,631.297,mission_20260716_223446_manual,MANUAL,,0,13.330246925354004,100.99791717529297,150.65751233458155,4,True,0.6784999966621399,1,0,0,1,0,0.0,0.0,0.0,0,0,nan,nan,nan,,nan,nan,nan,2,25,-,READY owner=Surnn refs=24,"{""cmd"": ""STOP"", ""status"": ""READY"", ""detector"": ""yolo"", ""state"": ""IDLE"", ""owner"": ""Surnn"", ""score"": null, ""match_max"": 0.5, ""refs"": 24, ""match_mode"": ""none"", ""steer_zones"": 41, ""people"": 0, ""track_id"": null, ""target_ex"": 0.0, ""target_cx_vel_px_s"": 0.0, ""target_age_s"": null, ""lidar_min_m"": 0.27, ""target_lidar_m"": null, ""target_lidar_deg"": null, ""camera_range_m"
2026-07-16T22:45:19.416,633.417,mission_20260716_223446_manual,MANUAL,,0,13.330248832702637,100.99791717529297,150.65607799485585,4,True,0.6779999732971191,1,0,0,1,0,0.0,0.0,0.0,0,0,nan,nan,nan,,nan,nan,nan,2,25,-,READY owner=Surnn refs=24,"{""cmd"": ""STOP"", ""status"": ""READY"", ""detector"": ""yolo"", ""state"": ""IDLE"", ""owner"": ""Surnn"", ""score"": null, ""match_max"": 0.5, ""refs"": 24, ""match_mode"": ""none"", ""steer_zones"": 41, ""people"": 0, ""track_id"": null, ""target_ex"": 0.0, ""target_cx_vel_px_s"": 0.0, ""target_age_s"": null, ""lidar_min_m"": 0.28, ""target_lidar_m"": null, ""target_lidar_deg"": null, ""camera_range_m"
2026-07-16T22:45:21.428,635.428,mission_20260716_223446_manual,MANUAL,,0,13.33025074005127,100.9979248046875,150.6451770129405,4,True,0.6809999942779541,1,0,0,1,0,0.0,0.0,0.0,0,0,nan,nan,nan,,nan,nan,nan,2,25,-,READY owner=Surnn refs=24,"{""cmd"": ""STOP"", ""status"": ""READY"", ""detector"": ""yolo"", ""state"": ""IDLE"", ""owner"": ""Surnn"", ""score"": null, ""match_max"": 0.5, ""refs"": 24, ""match_mode"": ""none"", ""steer_zones"": 41, ""people"": 0, ""track_id"": null, ""target_ex"": 0.0, ""target_cx_vel_px_s"": 0.0, ""target_age_s"": null, ""lidar_min_m"": 0.28, ""target_lidar_m"": null, ""target_lidar_deg"": null, ""camera_range_m"
2026-07-16T22:45:23.429,637.43,mission_20260716_223446_manual,MANUAL,,0,13.330251693725586,100.9979248046875,150.65344154183623,4,True,0.6794999837875366,1,0,0,1,0,0.0,0.0,0.0,0,0,nan,nan,nan,,nan,nan,nan,2,24,-,READY owner=Surnn refs=24,"{""cmd"": ""STOP"", ""status"": ""READY"", ""detector"": ""yolo"", ""state"": ""IDLE"", ""owner"": ""Surnn"", ""score"": null, ""match_max"": 0.5, ""refs"": 24, ""match_mode"": ""none"", ""steer_zones"": 41, ""people"": 0, ""track_id"": null, ""target_ex"": 0.0, ""target_cx_vel_px_s"": 0.0, ""target_age_s"": null, ""lidar_min_m"": 0.29, ""target_lidar_m"": null, ""target_lidar_deg"": null, ""camera_range_m"
2026-07-16T22:45:25.534,639.534,mission_20260716_223446_manual,MANUAL,,0,13.330252647399902,100.9979248046875,150.65864614598377,4,True,0.6790000200271606,1,0,0,1,0,0.0,0.0,0.0,0,0,nan,nan,nan,,nan,nan,nan,2,26,-,READY owner=Surnn refs=24,"{""cmd"": ""STOP"", ""status"": ""READY"", ""detector"": ""yolo"", ""state"": ""IDLE"", ""owner"": ""Surnn"", ""score"": null, ""match_max"": 0.5, ""refs"": 24, ""match_mode"": ""none"", ""steer_zones"": 41, ""people"": 0, ""track_id"": null, ""target_ex"": 0.0, ""target_cx_vel_px_s"": 0.0, ""target_age_s"": null, ""lidar_min_m"": 0.28, ""target_lidar_m"": null, ""target_lidar_deg"": null, ""camera_range_m"
2026-07-16T22:45:27.552,641.553,mission_20260716_223446_manual,MANUAL,,0,13.330253601074219,100.9979248046875,150.66202025943377,4,True,0.6794999837875366,1,0,0,1,0,0.0,0.0,0.0,0,0,nan,nan,nan,,nan,nan,nan,2,27,-,READY owner=Surnn refs=24,"{""cmd"": ""STOP"", ""status"": ""READY"", ""detector"": ""yolo"", ""state"": ""IDLE"", ""owner"": ""Surnn"", ""score"": null, ""match_max"": 0.5, ""refs"": 24, ""match_mode"": ""none"", ""steer_zones"": 41, ""people"": 0, ""track_id"": null, ""target_ex"": 0.0, ""target_cx_vel_px_s"": 0.0, ""target_age_s"": null, ""lidar_min_m"": 0.27, ""target_lidar_m"": null, ""target_lidar_deg"": null, ""camera_range_m"
2026-07-16T22:45:29.572,643.572,mission_20260716_223446_manual,MANUAL,,0,13.330255508422852,100.9979248046875,150.65945210830583,4,True,0.6800000071525574,1,0,0,1,0,0.0,0.0,0.0,0,0,nan,nan,nan,,nan,nan,nan,2,27,-,READY owner=Surnn refs=24,"{""cmd"": ""STOP"", ""status"": ""READY"", ""detector"": ""yolo"", ""state"": ""IDLE"", ""owner"": ""Surnn"", ""score"": null, ""match_max"": 0.5, ""refs"": 24, ""match_mode"": ""none"", ""steer_zones"": 41, ""people"": 0, ""track_id"": null, ""target_ex"": 0.0, ""target_cx_vel_px_s"": 0.0, ""target_age_s"": null, ""lidar_min_m"": 0.28, ""target_lidar_m"": null, ""target_lidar_deg"": null, ""camera_range_m"
2026-07-16T22:45:31.580,645.581,mission_20260716_223446_manual,MANUAL,,0,13.330256462097168,100.99793243408203,150.67748380771468,4,True,0.6784999966621399,1,0,0,1,0,0.0,0.0,0.0,0,0,nan,nan,nan,,nan,nan,nan,2,28,-,READY owner=Surnn refs=24,"{""cmd"": ""STOP"", ""status"": ""READY"", ""detector"": ""yolo"", ""state"": ""IDLE"", ""owner"": ""Surnn"", ""score"": null, ""match_max"": 0.5, ""refs"": 24, ""match_mode"": ""none"", ""steer_zones"": 41, ""people"": 0, ""track_id"": null, ""target_ex"": 0.0, ""target_cx_vel_px_s"": 0.0, ""target_age_s"": null, ""lidar_min_m"": 0.27, ""target_lidar_m"": null, ""target_lidar_deg"": null, ""camera_range_m"
2026-07-16T22:45:33.593,647.594,mission_20260716_223446_manual,MANUAL,,0,13.330257415771484,100.99793243408203,150.68502433655837,4,True,0.6779999732971191,1,0,0,1,0,0.0,0.0,0.0,0,0,nan,nan,nan,,nan,nan,nan,2,28,-,READY owner=Surnn refs=24,"{""cmd"": ""STOP"", ""status"": ""READY"", ""detector"": ""yolo"", ""state"": ""IDLE"", ""owner"": ""Surnn"", ""score"": null, ""match_max"": 0.5, ""refs"": 24, ""match_mode"": ""none"", ""steer_zones"": 41, ""people"": 0, ""track_id"": null, ""target_ex"": 0.0, ""target_cx_vel_px_s"": 0.0, ""target_age_s"": null, ""lidar_min_m"": 0.27, ""target_lidar_m"": null, ""target_lidar_deg"": null, ""camera_range_m"
2026-07-16T22:45:35.596,649.596,mission_20260716_223446_manual,MANUAL,,0,13.330259323120117,100.99793243408203,150.68599422342052,4,True,0.6790000200271606,1,0,0,1,0,0.0,0.0,0.0,0,0,nan,nan,nan,,nan,nan,nan,2,28,-,READY owner=Surnn refs=24,"{""cmd"": ""STOP"", ""status"": ""READY"", ""detector"": ""yolo"", ""state"": ""IDLE"", ""owner"": ""Surnn"", ""score"": null, ""match_max"": 0.5, ""refs"": 24, ""match_mode"": ""none"", ""steer_zones"": 41, ""people"": 0, ""track_id"": null, ""target_ex"": 0.0, ""target_cx_vel_px_s"": 0.0, ""target_age_s"": null, ""lidar_min_m"": 0.27, ""target_lidar_m"": null, ""target_lidar_deg"": null, ""camera_range_m"
2026-07-16T22:45:37.611,651.612,mission_20260716_223446_manual,MANUAL,,0,13.33026123046875,100.99793243408203,150.69108954454134,4,True,0.6812499761581421,1,0,0,1,0,0.0,0.0,0.0,0,0,nan,nan,nan,,nan,nan,nan,2,28,-,READY owner=Surnn refs=24,"{""cmd"": ""STOP"", ""status"": ""READY"", ""detector"": ""yolo"", ""state"": ""IDLE"", ""owner"": ""Surnn"", ""score"": null, ""match_max"": 0.5, ""refs"": 24, ""match_mode"": ""none"", ""steer_zones"": 41, ""people"": 0, ""track_id"": null, ""target_ex"": 0.0, ""target_cx_vel_px_s"": 0.0, ""target_age_s"": null, ""lidar_min_m"": 0.28, ""target_lidar_m"": null, ""target_lidar_deg"": null, ""camera_range_m"
2026-07-16T22:45:39.612,653.613,mission_20260716_223446_manual,MANUAL,,0,13.330263137817383,100.99793243408203,150.70917588546354,4,True,0.6775000095367432,1,0,0,1,0,0.0,0.0,0.0,0,0,nan,nan,nan,,nan,nan,nan,2,27,-,READY owner=Surnn refs=24,"{""cmd"": ""STOP"", ""status"": ""READY"", ""detector"": ""yolo"", ""state"": ""IDLE"", ""owner"": ""Surnn"", ""score"": null, ""match_max"": 0.5, ""refs"": 24, ""match_mode"": ""none"", ""steer_zones"": 41, ""people"": 0, ""track_id"": null, ""target_ex"": 0.0, ""target_cx_vel_px_s"": 0.0, ""target_age_s"": null, ""lidar_min_m"": 0.27, ""target_lidar_m"": null, ""target_lidar_deg"": null, ""camera_range_m"
2026-07-16T22:45:41.739,655.739,mission_20260716_223446_manual,MANUAL,,0,13.3302640914917,100.99793243408203,150.72024079191894,4,True,0.6787499785423279,1,0,0,1,0,0.0,0.0,0.0,0,0,nan,nan,nan,,nan,nan,nan,2,27,-,READY owner=Surnn refs=24,"{""cmd"": ""STOP"", ""status"": ""READY"", ""detector"": ""yolo"", ""state"": ""IDLE"", ""owner"": ""Surnn"", ""score"": null, ""match_max"": 0.5, ""refs"": 24, ""match_mode"": ""none"", ""steer_zones"": 41, ""people"": 0, ""track_id"": null, ""target_ex"": 0.0, ""target_cx_vel_px_s"": 0.0, ""target_age_s"": null, ""lidar_min_m"": 0.27, ""target_lidar_m"": null, ""target_lidar_deg"": null, ""camera_range_m"
2026-07-16T22:45:43.756,657.756,mission_20260716_223446_manual,MANUAL,,0,13.330265045166016,100.99794006347656,150.72259037699342,4,True,0.6792500019073486,1,0,0,1,0,0.0,0.0,0.0,0,0,nan,nan,nan,,nan,nan,nan,2,26,-,READY owner=Surnn refs=24,"{""cmd"": ""STOP"", ""status"": ""READY"", ""detector"": ""yolo"", ""state"": ""IDLE"", ""owner"": ""Surnn"", ""score"": null, ""match_max"": 0.5, ""refs"": 24, ""match_mode"": ""none"", ""steer_zones"": 41, ""people"": 0, ""track_id"": null, ""target_ex"": 0.0, ""target_cx_vel_px_s"": 0.0, ""target_age_s"": null, ""lidar_min_m"": 0.28, ""target_lidar_m"": null, ""target_lidar_deg"": null, ""camera_range_m"
2026-07-16T22:45:45.870,659.871,mission_20260716_223446_manual,MANUAL,,0,13.330265998840332,100.99794006347656,150.7313466795094,4,True,0.6769999861717224,1,0,0,1,0,0.0,0.0,0.0,0,0,nan,nan,nan,,nan,nan,nan,2,26,-,READY owner=Surnn refs=24,"{""cmd"": ""STOP"", ""status"": ""READY"", ""detector"": ""yolo"", ""state"": ""IDLE"", ""owner"": ""Surnn"", ""score"": null, ""match_max"": 0.5, ""refs"": 24, ""match_mode"": ""none"", ""steer_zones"": 41, ""people"": 0, ""track_id"": null, ""target_ex"": 0.0, ""target_cx_vel_px_s"": 0.0, ""target_age_s"": null, ""lidar_min_m"": 0.28, ""target_lidar_m"": null, ""target_lidar_deg"": null, ""camera_range_m"
2026-07-16T22:45:47.885,661.885,mission_20260716_223446_manual,MANUAL,,0,13.330267906188965,100.99794006347656,150.73533550998468,4,True,0.6790000200271606,1,0,0,1,0,0.0,0.0,0.0,0,0,nan,nan,nan,,nan,nan,nan,2,27,-,READY owner=Surnn refs=24,"{""cmd"": ""STOP"", ""status"": ""READY"", ""detector"": ""yolo"", ""state"": ""IDLE"", ""owner"": ""Surnn"", ""score"": null, ""match_max"": 0.5, ""refs"": 24, ""match_mode"": ""none"", ""steer_zones"": 41, ""people"": 0, ""track_id"": null, ""target_ex"": 0.0, ""target_cx_vel_px_s"": 0.0, ""target_age_s"": null, ""lidar_min_m"": 0.27, ""target_lidar_m"": null, ""target_lidar_deg"": null, ""camera_range_m"
2026-07-16T22:45:50.002,664.003,mission_20260716_223446_manual,MANUAL,,0,13.330268859863281,100.99794006347656,150.72487166017623,4,True,0.6790000200271606,1,0,0,1,0,0.0,0.0,0.0,0,0,nan,nan,nan,,nan,nan,nan,2,28,-,READY owner=Surnn refs=24,"{""cmd"": ""STOP"", ""status"": ""READY"", ""detector"": ""yolo"", ""state"": ""IDLE"", ""owner"": ""Surnn"", ""score"": null, ""match_max"": 0.5, ""refs"": 24, ""match_mode"": ""none"", ""steer_zones"": 41, ""people"": 0, ""track_id"": null, ""target_ex"": 0.0, ""target_cx_vel_px_s"": 0.0, ""target_age_s"": null, ""lidar_min_m"": 0.28, ""target_lidar_m"": null, ""target_lidar_deg"": null, ""camera_range_m"
2026-07-16T22:45:52.013,666.013,mission_20260716_223446_manual,MANUAL,,0,13.330269813537598,100.99794006347656,150.72137460332118,4,True,0.6787499785423279,1,0,0,1,0,0.0,0.0,0.0,0,0,nan,nan,nan,,nan,nan,nan,2,28,-,READY owner=Surnn refs=24,"{""cmd"": ""STOP"", ""status"": ""READY"", ""detector"": ""yolo"", ""state"": ""IDLE"", ""owner"": ""Surnn"", ""score"": null, ""match_max"": 0.5, ""refs"": 24, ""match_mode"": ""none"", ""steer_zones"": 41, ""people"": 0, ""track_id"": null, ""target_ex"": 0.0, ""target_cx_vel_px_s"": 0.0, ""target_age_s"": null, ""lidar_min_m"": 0.27, ""target_lidar_m"": null, ""target_lidar_deg"": null, ""camera_range_m"
2026-07-16T22:45:54.024,668.024,mission_20260716_223446_manual,MANUAL,,0,13.330267906188965,100.99794006347656,150.7201178485139,4,True,0.6775000095367432,1,0,0,1,0,0.0,0.0,0.0,0,0,nan,nan,nan,,nan,nan,nan,2,26,-,READY owner=Surnn refs=24,"{""cmd"": ""STOP"", ""status"": ""READY"", ""detector"": ""yolo"", ""state"": ""IDLE"", ""owner"": ""Surnn"", ""score"": null, ""match_max"": 0.5, ""refs"": 24, ""match_mode"": ""none"", ""steer_zones"": 41, ""people"": 0, ""track_id"": null, ""target_ex"": 0.0, ""target_cx_vel_px_s"": 0.0, ""target_age_s"": null, ""lidar_min_m"": 0.27, ""target_lidar_m"": null, ""target_lidar_deg"": null, ""camera_range_m"
2026-07-16T22:45:56.143,670.143,mission_20260716_223446_manual,MANUAL,,0,13.330266952514648,100.9979476928711,150.70985890438052,4,True,0.6777499914169312,1,0,0,1,0,0.0,0.0,0.0,0,0,nan,nan,nan,,nan,nan,nan,2,26,-,READY owner=Surnn refs=24,"{""cmd"": ""STOP"", ""status"": ""READY"", ""detector"": ""yolo"", ""state"": ""IDLE"", ""owner"": ""Surnn"", ""score"": null, ""match_max"": 0.5, ""refs"": 24, ""match_mode"": ""none"", ""steer_zones"": 41, ""people"": 0, ""track_id"": null, ""target_ex"": 0.0, ""target_cx_vel_px_s"": 0.0, ""target_age_s"": null, ""lidar_min_m"": 0.27, ""target_lidar_m"": null, ""target_lidar_deg"": null, ""camera_range_m"
2026-07-16T22:45:58.150,672.151,mission_20260716_223446_manual,MANUAL,,0,13.330265045166016,100.9979476928711,150.72110139575437,4,True,0.6784999966621399,1,0,0,1,0,0.0,0.0,0.0,0,0,nan,nan,nan,,nan,nan,nan,2,27,-,READY owner=Surnn refs=24,"{""cmd"": ""STOP"", ""status"": ""READY"", ""detector"": ""yolo"", ""state"": ""IDLE"", ""owner"": ""Surnn"", ""score"": null, ""match_max"": 0.5, ""refs"": 24, ""match_mode"": ""none"", ""steer_zones"": 41, ""people"": 0, ""track_id"": null, ""target_ex"": 0.0, ""target_cx_vel_px_s"": 0.0, ""target_age_s"": null, ""lidar_min_m"": 0.29, ""target_lidar_m"": null, ""target_lidar_deg"": null, ""camera_range_m"
2026-07-16T22:46:00.280,674.281,mission_20260716_223446_manual,MANUAL,,0,13.330263137817383,100.9979476928711,150.71464003679955,4,True,0.6802499890327454,1,0,0,1,0,0.0,0.0,0.0,0,0,nan,nan,nan,,nan,nan,nan,2,26,-,READY owner=Surnn refs=24,"{""cmd"": ""STOP"", ""status"": ""READY"", ""detector"": ""yolo"", ""state"": ""IDLE"", ""owner"": ""Surnn"", ""score"": null, ""match_max"": 0.5, ""refs"": 24, ""match_mode"": ""none"", ""steer_zones"": 41, ""people"": 0, ""track_id"": null, ""target_ex"": 0.0, ""target_cx_vel_px_s"": 0.0, ""target_age_s"": null, ""lidar_min_m"": 0.28, ""target_lidar_m"": null, ""target_lidar_deg"": null, ""camera_range_m"
2026-07-16T22:46:02.289,676.29,mission_20260716_223446_manual,MANUAL,,0,13.330260276794434,100.9979476928711,150.710077470434,4,True,0.6812499761581421,1,0,0,1,0,0.0,0.0,0.0,0,0,nan,nan,nan,,nan,nan,nan,2,26,-,READY owner=Surnn refs=24,"{""cmd"": ""STOP"", ""status"": ""READY"", ""detector"": ""yolo"", ""state"": ""IDLE"", ""owner"": ""Surnn"", ""score"": null, ""match_max"": 0.5, ""refs"": 24, ""match_mode"": ""none"", ""steer_zones"": 41, ""people"": 0, ""track_id"": null, ""target_ex"": 0.0, ""target_cx_vel_px_s"": 0.0, ""target_age_s"": null, ""lidar_min_m"": 0.28, ""target_lidar_m"": null, ""target_lidar_deg"": null, ""camera_range_m"
2026-07-16T22:46:04.290,678.29,mission_20260716_223446_manual,MANUAL,,0,13.330259323120117,100.9979476928711,150.72062328251246,4,True,0.6767500042915344,1,0,0,1,0,0.0,0.0,0.0,0,0,nan,nan,nan,,nan,nan,nan,2,27,-,READY owner=Surnn refs=24,"{""cmd"": ""STOP"", ""status"": ""READY"", ""detector"": ""yolo"", ""state"": ""IDLE"", ""owner"": ""Surnn"", ""score"": null, ""match_max"": 0.5, ""refs"": 24, ""match_mode"": ""none"", ""steer_zones"": 41, ""people"": 0, ""track_id"": null, ""target_ex"": 0.0, ""target_cx_vel_px_s"": 0.0, ""target_age_s"": null, ""lidar_min_m"": 0.28, ""target_lidar_m"": null, ""target_lidar_deg"": null, ""camera_range_m"
2026-07-16T22:46:06.296,680.296,mission_20260716_223446_manual,MANUAL,,0,13.3302583694458,100.9979476928711,150.7228772449386,4,True,0.6787499785423279,1,0,0,1,0,0.0,0.0,0.0,0,0,nan,nan,nan,,nan,nan,nan,2,27,-,READY owner=Surnn refs=24,"{""cmd"": ""STOP"", ""status"": ""READY"", ""detector"": ""yolo"", ""state"": ""IDLE"", ""owner"": ""Surnn"", ""score"": null, ""match_max"": 0.5, ""refs"": 24, ""match_mode"": ""none"", ""steer_zones"": 41, ""people"": 0, ""track_id"": null, ""target_ex"": 0.0, ""target_cx_vel_px_s"": 0.0, ""target_age_s"": null, ""lidar_min_m"": 0.28, ""target_lidar_m"": null, ""target_lidar_deg"": null, ""camera_range_m"
2026-07-16T22:46:08.298,682.299,mission_20260716_223446_manual,MANUAL,,0,13.330255508422852,100.99795532226562,150.71160743280805,4,True,0.6787499785423279,1,0,0,1,0,0.0,0.0,0.0,0,0,nan,nan,nan,,nan,nan,nan,2,27,-,READY owner=Surnn refs=24,"{""cmd"": ""STOP"", ""status"": ""READY"", ""detector"": ""yolo"", ""state"": ""IDLE"", ""owner"": ""Surnn"", ""score"": null, ""match_max"": 0.5, ""refs"": 24, ""match_mode"": ""none"", ""steer_zones"": 41, ""people"": 0, ""track_id"": null, ""target_ex"": 0.0, ""target_cx_vel_px_s"": 0.0, ""target_age_s"": null, ""lidar_min_m"": 0.28, ""target_lidar_m"": null, ""target_lidar_deg"": null, ""camera_range_m"
2026-07-16T22:46:10.302,684.302,mission_20260716_223446_manual,MANUAL,,0,13.330253601074219,100.99795532226562,150.7102550553524,4,True,0.6797500252723694,1,0,0,1,0,0.0,0.0,0.0,0,0,nan,nan,nan,,nan,nan,nan,2,26,-,READY owner=Surnn refs=24,"{""cmd"": ""STOP"", ""status"": ""READY"", ""detector"": ""yolo"", ""state"": ""IDLE"", ""owner"": ""Surnn"", ""score"": null, ""match_max"": 0.5, ""refs"": 24, ""match_mode"": ""none"", ""steer_zones"": 41, ""people"": 0, ""track_id"": null, ""target_ex"": 0.0, ""target_cx_vel_px_s"": 0.0, ""target_age_s"": null, ""lidar_min_m"": 0.28, ""target_lidar_m"": null, ""target_lidar_deg"": null, ""camera_range_m"
2026-07-16T22:46:12.307,686.308,mission_20260716_223446_manual,MANUAL,,0,13.330252647399902,100.99795532226562,150.71685301809063,4,True,0.6772500276565552,1,0,0,1,0,0.0,0.0,0.0,0,0,nan,nan,nan,,nan,nan,nan,2,26,-,READY owner=Surnn refs=24,"{""cmd"": ""STOP"", ""status"": ""READY"", ""detector"": ""yolo"", ""state"": ""IDLE"", ""owner"": ""Surnn"", ""score"": null, ""match_max"": 0.5, ""refs"": 24, ""match_mode"": ""none"", ""steer_zones"": 41, ""people"": 0, ""track_id"": null, ""target_ex"": 0.0, ""target_cx_vel_px_s"": 0.0, ""target_age_s"": null, ""lidar_min_m"": 0.27, ""target_lidar_m"": null, ""target_lidar_deg"": null, ""camera_range_m"
2026-07-16T22:46:14.438,688.438,mission_20260716_223446_manual,MANUAL,,0,13.330252647399902,100.99795532226562,150.7029194321838,4,True,0.6797500252723694,1,0,0,1,0,0.0,0.0,0.0,0,0,nan,nan,nan,,nan,nan,nan,2,25,-,READY owner=Surnn refs=24,"{""cmd"": ""STOP"", ""status"": ""READY"", ""detector"": ""yolo"", ""state"": ""IDLE"", ""owner"": ""Surnn"", ""score"": null, ""match_max"": 0.5, ""refs"": 24, ""match_mode"": ""none"", ""steer_zones"": 41, ""people"": 0, ""track_id"": null, ""target_ex"": 0.0, ""target_cx_vel_px_s"": 0.0, ""target_age_s"": null, ""lidar_min_m"": 0.27, ""target_lidar_m"": null, ""target_lidar_deg"": null, ""camera_range_m"
2026-07-16T22:46:16.469,690.47,mission_20260716_223446_manual,MANUAL,,0,13.330252647399902,100.99795532226562,150.69614388452715,4,True,0.6775000095367432,1,0,0,1,0,0.0,0.0,0.0,0,0,nan,nan,nan,,nan,nan,nan,2,25,-,READY owner=Surnn refs=24,"{""cmd"": ""STOP"", ""status"": ""READY"", ""detector"": ""yolo"", ""state"": ""IDLE"", ""owner"": ""Surnn"", ""score"": null, ""match_max"": 0.5, ""refs"": 24, ""match_mode"": ""none"", ""steer_zones"": 41, ""people"": 0, ""track_id"": null, ""target_ex"": 0.0, ""target_cx_vel_px_s"": 0.0, ""target_age_s"": null, ""lidar_min_m"": 0.27, ""target_lidar_m"": null, ""target_lidar_deg"": null, ""camera_range_m"
2026-07-16T22:46:18.483,692.483,mission_20260716_223446_manual,MANUAL,,0,13.330251693725586,100.99795532226562,150.69470954480144,4,True,0.6792500019073486,1,0,0,1,0,0.0,0.0,0.0,0,0,nan,nan,nan,,nan,nan,nan,2,25,-,READY owner=Surnn refs=24,"{""cmd"": ""STOP"", ""status"": ""READY"", ""detector"": ""yolo"", ""state"": ""IDLE"", ""owner"": ""Surnn"", ""score"": null, ""match_max"": 0.5, ""refs"": 24, ""match_mode"": ""none"", ""steer_zones"": 41, ""people"": 0, ""track_id"": null, ""target_ex"": 0.0, ""target_cx_vel_px_s"": 0.0, ""target_age_s"": null, ""lidar_min_m"": 0.27, ""target_lidar_m"": null, ""target_lidar_deg"": null, ""camera_range_m"
2026-07-16T22:46:20.488,694.489,mission_20260716_223446_manual,MANUAL,,0,13.330252647399902,100.99795532226562,150.68462818558652,4,True,0.6787499785423279,1,0,0,1,0,0.0,0.0,0.0,0,0,nan,nan,nan,,nan,nan,nan,2,26,-,READY owner=Surnn refs=24,"{""cmd"": ""STOP"", ""status"": ""READY"", ""detector"": ""yolo"", ""state"": ""IDLE"", ""owner"": ""Surnn"", ""score"": null, ""match_max"": 0.5, ""refs"": 24, ""match_mode"": ""none"", ""steer_zones"": 41, ""people"": 0, ""track_id"": null, ""target_ex"": 0.0, ""target_cx_vel_px_s"": 0.0, ""target_age_s"": null, ""lidar_min_m"": 0.28, ""target_lidar_m"": null, ""target_lidar_deg"": null, ""camera_range_m"
2026-07-16T22:46:22.497,696.497,mission_20260716_223446_manual,MANUAL,,0,13.330255508422852,100.99795532226562,150.67083120346308,4,True,0.6779999732971191,1,0,0,1,0,0.0,0.0,0.0,0,0,nan,nan,nan,,nan,nan,nan,2,27,-,READY owner=Surnn refs=24,"{""cmd"": ""STOP"", ""status"": ""READY"", ""detector"": ""yolo"", ""state"": ""IDLE"", ""owner"": ""Surnn"", ""score"": null, ""match_max"": 0.5, ""refs"": 24, ""match_mode"": ""none"", ""steer_zones"": 41, ""people"": 0, ""track_id"": null, ""target_ex"": 0.0, ""target_cx_vel_px_s"": 0.0, ""target_age_s"": null, ""lidar_min_m"": 0.28, ""target_lidar_m"": null, ""target_lidar_deg"": null, ""camera_range_m"
2026-07-16T22:46:24.502,698.503,mission_20260716_223446_manual,MANUAL,,0,13.330256462097168,100.99795532226562,150.6570205609613,4,True,0.6775000095367432,1,0,0,1,0,0.0,0.0,0.0,0,0,nan,nan,nan,,nan,nan,nan,2,26,-,READY owner=Surnn refs=24,"{""cmd"": ""STOP"", ""status"": ""READY"", ""detector"": ""yolo"", ""state"": ""IDLE"", ""owner"": ""Surnn"", ""score"": null, ""match_max"": 0.5, ""refs"": 24, ""match_mode"": ""none"", ""steer_zones"": 41, ""people"": 0, ""track_id"": null, ""target_ex"": 0.0, ""target_cx_vel_px_s"": 0.0, ""target_age_s"": null, ""lidar_min_m"": 0.27, ""target_lidar_m"": null, ""target_lidar_deg"": null, ""camera_range_m"
2026-07-16T22:46:26.517,700.517,mission_20260716_223446_manual,MANUAL,,0,13.330256462097168,100.99795532226562,150.65077776805992,4,True,0.6790000200271606,1,0,0,1,0,0.0,0.0,0.0,0,0,nan,nan,nan,,nan,nan,nan,2,26,-,READY owner=Surnn refs=24,"{""cmd"": ""STOP"", ""status"": ""READY"", ""detector"": ""yolo"", ""state"": ""IDLE"", ""owner"": ""Surnn"", ""score"": null, ""match_max"": 0.5, ""refs"": 24, ""match_mode"": ""none"", ""steer_zones"": 41, ""people"": 0, ""track_id"": null, ""target_ex"": 0.0, ""target_cx_vel_px_s"": 0.0, ""target_age_s"": null, ""lidar_min_m"": 0.28, ""target_lidar_m"": null, ""target_lidar_deg"": null, ""camera_range_m"
2026-07-16T22:46:28.529,702.529,mission_20260716_223446_manual,MANUAL,,0,13.330256462097168,100.99795532226562,150.64297769202776,4,True,0.6772500276565552,1,0,0,1,0,0.0,0.0,0.0,0,0,nan,nan,nan,,nan,nan,nan,2,26,-,READY owner=Surnn refs=24,"{""cmd"": ""STOP"", ""status"": ""READY"", ""detector"": ""yolo"", ""state"": ""IDLE"", ""owner"": ""Surnn"", ""score"": null, ""match_max"": 0.5, ""refs"": 24, ""match_mode"": ""none"", ""steer_zones"": 41, ""people"": 0, ""track_id"": null, ""target_ex"": 0.0, ""target_cx_vel_px_s"": 0.0, ""target_age_s"": null, ""lidar_min_m"": 0.28, ""target_lidar_m"": null, ""target_lidar_deg"": null, ""camera_range_m"
2026-07-16T22:46:30.657,704.657,mission_20260716_223446_manual,MANUAL,,0,13.330256462097168,100.99795532226562,150.64442569213182,4,True,0.6797500252723694,1,0,0,1,0,0.0,0.0,0.0,0,0,nan,nan,nan,,nan,nan,nan,2,28,-,READY owner=Surnn refs=24,"{""cmd"": ""STOP"", ""status"": ""READY"", ""detector"": ""yolo"", ""state"": ""IDLE"", ""owner"": ""Surnn"", ""score"": null, ""match_max"": 0.5, ""refs"": 24, ""match_mode"": ""none"", ""steer_zones"": 41, ""people"": 0, ""track_id"": null, ""target_ex"": 0.0, ""target_cx_vel_px_s"": 0.0, ""target_age_s"": null, ""lidar_min_m"": 0.27, ""target_lidar_m"": null, ""target_lidar_deg"": null, ""camera_range_m"
2026-07-16T22:46:32.662,706.663,mission_20260716_223446_manual,MANUAL,,0,13.330256462097168,100.99795532226562,150.63162591762722,4,True,0.6790000200271606,1,0,0,1,0,0.0,0.0,0.0,0,0,nan,nan,nan,,nan,nan,nan,2,29,-,READY owner=Surnn refs=24,"{""cmd"": ""STOP"", ""status"": ""READY"", ""detector"": ""yolo"", ""state"": ""IDLE"", ""owner"": ""Surnn"", ""score"": null, ""match_max"": 0.5, ""refs"": 24, ""match_mode"": ""none"", ""steer_zones"": 41, ""people"": 0, ""track_id"": null, ""target_ex"": 0.0, ""target_cx_vel_px_s"": 0.0, ""target_age_s"": null, ""lidar_min_m"": 0.27, ""target_lidar_m"": null, ""target_lidar_deg"": null, ""camera_range_m"
2026-07-16T22:46:34.667,708.667,mission_20260716_223446_manual,MANUAL,,0,13.330259323120117,100.99795532226562,150.62385316235174,4,True,0.6787499785423279,1,0,0,1,0,0.0,0.0,0.0,0,0,nan,nan,nan,,nan,nan,nan,2,28,-,READY owner=Surnn refs=24,"{""cmd"": ""STOP"", ""status"": ""READY"", ""detector"": ""yolo"", ""state"": ""IDLE"", ""owner"": ""Surnn"", ""score"": null, ""match_max"": 0.5, ""refs"": 24, ""match_mode"": ""none"", ""steer_zones"": 41, ""people"": 0, ""track_id"": null, ""target_ex"": 0.0, ""target_cx_vel_px_s"": 0.0, ""target_age_s"": null, ""lidar_min_m"": 0.27, ""target_lidar_m"": null, ""target_lidar_deg"": null, ""camera_range_m"
2026-07-16T22:46:36.681,710.682,mission_20260716_223446_manual,MANUAL,,0,13.33026123046875,100.99795532226562,150.6193315771212,4,True,0.6804999709129333,1,0,0,1,0,0.0,0.0,0.0,0,0,nan,nan,nan,,nan,nan,nan,2,29,-,READY owner=Surnn refs=24,"{""cmd"": ""STOP"", ""status"": ""READY"", ""detector"": ""yolo"", ""state"": ""IDLE"", ""owner"": ""Surnn"", ""score"": null, ""match_max"": 0.5, ""refs"": 24, ""match_mode"": ""none"", ""steer_zones"": 41, ""people"": 0, ""track_id"": null, ""target_ex"": 0.0, ""target_cx_vel_px_s"": 0.0, ""target_age_s"": null, ""lidar_min_m"": 0.29, ""target_lidar_m"": null, ""target_lidar_deg"": null, ""camera_range_m"
2026-07-16T22:46:38.682,712.683,mission_20260716_223446_manual,MANUAL,,0,13.330262184143066,100.99795532226562,150.62706335126163,4,True,0.6777499914169312,1,0,0,1,0,0.0,0.0,0.0,0,0,nan,nan,nan,,nan,nan,nan,2,28,-,READY owner=Surnn refs=24,"{""cmd"": ""STOP"", ""status"": ""READY"", ""detector"": ""yolo"", ""state"": ""IDLE"", ""owner"": ""Surnn"", ""score"": null, ""match_max"": 0.5, ""refs"": 24, ""match_mode"": ""none"", ""steer_zones"": 41, ""people"": 0, ""track_id"": null, ""target_ex"": 0.0, ""target_cx_vel_px_s"": 0.0, ""target_age_s"": null, ""lidar_min_m"": 0.27, ""target_lidar_m"": null, ""target_lidar_deg"": null, ""camera_range_m"
2026-07-16T22:46:40.689,714.689,mission_20260716_223446_manual,MANUAL,,0,13.330262184143066,100.99795532226562,150.61859391669083,4,True,0.6802499890327454,1,0,0,1,0,0.0,0.0,0.0,0,0,nan,nan,nan,,nan,nan,nan,2,28,-,READY owner=Surnn refs=24,"{""cmd"": ""STOP"", ""status"": ""READY"", ""detector"": ""yolo"", ""state"": ""IDLE"", ""owner"": ""Surnn"", ""score"": null, ""match_max"": 0.5, ""refs"": 24, ""match_mode"": ""none"", ""steer_zones"": 41, ""people"": 0, ""track_id"": null, ""target_ex"": 0.0, ""target_cx_vel_px_s"": 0.0, ""target_age_s"": null, ""lidar_min_m"": 0.27, ""target_lidar_m"": null, ""target_lidar_deg"": null, ""camera_range_m"
2026-07-16T22:46:42.691,716.692,mission_20260716_223446_manual,MANUAL,,0,13.330262184143066,100.99795532226562,150.62762342677357,4,True,0.6790000200271606,1,0,0,1,0,0.0,0.0,0.0,0,0,nan,nan,nan,,nan,nan,nan,2,29,-,READY owner=Surnn refs=24,"{""cmd"": ""STOP"", ""status"": ""READY"", ""detector"": ""yolo"", ""state"": ""IDLE"", ""owner"": ""Surnn"", ""score"": null, ""match_max"": 0.5, ""refs"": 24, ""match_mode"": ""none"", ""steer_zones"": 41, ""people"": 0, ""track_id"": null, ""target_ex"": 0.0, ""target_cx_vel_px_s"": 0.0, ""target_age_s"": null, ""lidar_min_m"": 0.28, ""target_lidar_m"": null, ""target_lidar_deg"": null, ""camera_range_m"
2026-07-16T22:46:44.720,718.721,mission_20260716_223446_manual,MANUAL,,0,13.330263137817383,100.99795532226562,150.63717203123326,4,True,0.6792500019073486,1,0,0,1,0,0.0,0.0,0.0,0,0,nan,nan,nan,,nan,nan,nan,2,29,-,READY owner=Surnn refs=24,"{""cmd"": ""STOP"", ""status"": ""READY"", ""detector"": ""yolo"", ""state"": ""IDLE"", ""owner"": ""Surnn"", ""score"": null, ""match_max"": 0.5, ""refs"": 24, ""match_mode"": ""none"", ""steer_zones"": 41, ""people"": 0, ""track_id"": null, ""target_ex"": 0.0, ""target_cx_vel_px_s"": 0.0, ""target_age_s"": null, ""lidar_min_m"": 0.28, ""target_lidar_m"": null, ""target_lidar_deg"": null, ""camera_range_m"
2026-07-16T22:46:46.740,720.74,mission_20260716_223446_manual,MANUAL,,0,13.330263137817383,100.99795532226562,150.62584757758938,4,True,0.6790000200271606,1,0,0,1,0,0.0,0.0,0.0,0,0,nan,nan,nan,,nan,nan,nan,2,30,-,READY owner=Surnn refs=24,"{""cmd"": ""STOP"", ""status"": ""READY"", ""detector"": ""yolo"", ""state"": ""IDLE"", ""owner"": ""Surnn"", ""score"": null, ""match_max"": 0.5, ""refs"": 24, ""match_mode"": ""none"", ""steer_zones"": 41, ""people"": 0, ""track_id"": null, ""target_ex"": 0.0, ""target_cx_vel_px_s"": 0.0, ""target_age_s"": null, ""lidar_min_m"": 0.27, ""target_lidar_m"": null, ""target_lidar_deg"": null, ""camera_range_m"
2026-07-16T22:46:48.740,722.741,mission_20260716_223446_manual,MANUAL,,0,13.3302640914917,100.99795532226562,150.6261207851562,4,True,0.6775000095367432,1,0,0,1,0,0.0,0.0,0.0,0,0,nan,nan,nan,,nan,nan,nan,2,29,-,READY owner=Surnn refs=24,"{""cmd"": ""STOP"", ""status"": ""READY"", ""detector"": ""yolo"", ""state"": ""IDLE"", ""owner"": ""Surnn"", ""score"": null, ""match_max"": 0.5, ""refs"": 24, ""match_mode"": ""none"", ""steer_zones"": 41, ""people"": 0, ""track_id"": null, ""target_ex"": 0.0, ""target_cx_vel_px_s"": 0.0, ""target_age_s"": null, ""lidar_min_m"": 0.27, ""target_lidar_m"": null, ""target_lidar_deg"": null, ""camera_range_m"
2026-07-16T22:46:50.748,724.748,mission_20260716_223446_manual,MANUAL,,0,13.330265045166016,100.99795532226562,150.6206702941985,4,True,0.6802499890327454,1,0,0,1,0,0.0,0.0,0.0,0,0,nan,nan,nan,,nan,nan,nan,2,27,-,READY owner=Surnn refs=24,"{""cmd"": ""STOP"", ""status"": ""READY"", ""detector"": ""yolo"", ""state"": ""IDLE"", ""owner"": ""Surnn"", ""score"": null, ""match_max"": 0.5, ""refs"": 24, ""match_mode"": ""none"", ""steer_zones"": 41, ""people"": 0, ""track_id"": null, ""target_ex"": 0.0, ""target_cx_vel_px_s"": 0.0, ""target_age_s"": null, ""lidar_min_m"": 0.26, ""target_lidar_m"": null, ""target_lidar_deg"": null, ""camera_range_m"
2026-07-16T22:46:52.751,726.752,mission_20260716_223446_manual,MANUAL,,0,13.330266952514648,100.99795532226562,150.61894908652766,4,True,0.6790000200271606,1,0,0,1,0,0.0,0.0,0.0,0,0,nan,nan,nan,,nan,nan,nan,2,26,-,READY owner=Surnn refs=24,"{""cmd"": ""STOP"", ""status"": ""READY"", ""detector"": ""yolo"", ""state"": ""IDLE"", ""owner"": ""Surnn"", ""score"": null, ""match_max"": 0.5, ""refs"": 24, ""match_mode"": ""none"", ""steer_zones"": 41, ""people"": 0, ""track_id"": null, ""target_ex"": 0.0, ""target_cx_vel_px_s"": 0.0, ""target_age_s"": null, ""lidar_min_m"": 0.27, ""target_lidar_m"": null, ""target_lidar_deg"": null, ""camera_range_m"
2026-07-16T22:46:54.755,728.755,mission_20260716_223446_manual,MANUAL,,0,13.330267906188965,100.99795532226562,150.61892176577098,4,True,0.6777499914169312,1,0,0,1,0,0.0,0.0,0.0,0,0,nan,nan,nan,,nan,nan,nan,2,26,-,READY owner=Surnn refs=24,"{""cmd"": ""STOP"", ""status"": ""READY"", ""detector"": ""yolo"", ""state"": ""IDLE"", ""owner"": ""Surnn"", ""score"": null, ""match_max"": 0.5, ""refs"": 24, ""match_mode"": ""none"", ""steer_zones"": 41, ""people"": 0, ""track_id"": null, ""target_ex"": 0.0, ""target_cx_vel_px_s"": 0.0, ""target_age_s"": null, ""lidar_min_m"": 0.27, ""target_lidar_m"": null, ""target_lidar_deg"": null, ""camera_range_m"
2026-07-16T22:46:56.864,730.865,mission_20260716_223446_manual,MANUAL,,0,13.330269813537598,100.99795532226562,150.61366252011007,4,True,0.6794999837875366,1,0,0,1,0,0.0,0.0,0.0,0,0,nan,nan,nan,,nan,nan,nan,2,27,-,READY owner=Surnn refs=24,"{""cmd"": ""STOP"", ""status"": ""READY"", ""detector"": ""yolo"", ""state"": ""IDLE"", ""owner"": ""Surnn"", ""score"": null, ""match_max"": 0.5, ""refs"": 24, ""match_mode"": ""none"", ""steer_zones"": 41, ""people"": 0, ""track_id"": null, ""target_ex"": 0.0, ""target_cx_vel_px_s"": 0.0, ""target_age_s"": null, ""lidar_min_m"": 0.27, ""target_lidar_m"": null, ""target_lidar_deg"": null, ""camera_range_m"
2026-07-16T22:46:58.870,732.87,mission_20260716_223446_manual,MANUAL,,0,13.330270767211914,100.99795532226562,150.61487829378234,4,True,0.6777499914169312,1,0,0,1,0,0.0,0.0,0.0,0,0,nan,nan,nan,,nan,nan,nan,2,28,-,READY owner=Surnn refs=24,"{""cmd"": ""STOP"", ""status"": ""READY"", ""detector"": ""yolo"", ""state"": ""IDLE"", ""owner"": ""Surnn"", ""score"": null, ""match_max"": 0.5, ""refs"": 24, ""match_mode"": ""none"", ""steer_zones"": 41, ""people"": 0, ""track_id"": null, ""target_ex"": 0.0, ""target_cx_vel_px_s"": 0.0, ""target_age_s"": null, ""lidar_min_m"": 0.27, ""target_lidar_m"": null, ""target_lidar_deg"": null, ""camera_range_m"
2026-07-16T22:47:00.879,734.879,mission_20260716_223446_manual,MANUAL,,0,13.330270767211914,100.99795532226562,150.61590282215784,4,True,0.6794999837875366,1,0,0,1,0,0.0,0.0,0.0,0,0,nan,nan,nan,,nan,nan,nan,2,28,-,READY owner=Surnn refs=24,"{""cmd"": ""STOP"", ""status"": ""READY"", ""detector"": ""yolo"", ""state"": ""IDLE"", ""owner"": ""Surnn"", ""score"": null, ""match_max"": 0.5, ""refs"": 24, ""match_mode"": ""none"", ""steer_zones"": 41, ""people"": 0, ""track_id"": null, ""target_ex"": 0.0, ""target_cx_vel_px_s"": 0.0, ""target_age_s"": null, ""lidar_min_m"": 0.27, ""target_lidar_m"": null, ""target_lidar_deg"": null, ""camera_range_m"
2026-07-16T22:47:02.993,736.994,mission_20260716_223446_manual,MANUAL,,0,13.330270767211914,100.99795532226562,150.62334772835314,4,True,0.6790000200271606,1,0,0,1,0,0.0,0.0,0.0,0,0,nan,nan,nan,,nan,nan,nan,2,28,-,READY owner=Surnn refs=24,"{""cmd"": ""STOP"", ""status"": ""READY"", ""detector"": ""yolo"", ""state"": ""IDLE"", ""owner"": ""Surnn"", ""score"": null, ""match_max"": 0.5, ""refs"": 24, ""match_mode"": ""none"", ""steer_zones"": 41, ""people"": 0, ""track_id"": null, ""target_ex"": 0.0, ""target_cx_vel_px_s"": 0.0, ""target_age_s"": null, ""lidar_min_m"": 0.28, ""target_lidar_m"": null, ""target_lidar_deg"": null, ""camera_range_m"
2026-07-16T22:47:05.001,739.002,mission_20260716_223446_manual,MANUAL,,0,13.330270767211914,100.99795532226562,150.62935829482277,4,True,0.6804999709129333,1,0,0,1,0,0.0,0.0,0.0,0,0,nan,nan,nan,,nan,nan,nan,2,28,-,READY owner=Surnn refs=24,"{""cmd"": ""STOP"", ""status"": ""READY"", ""detector"": ""yolo"", ""state"": ""IDLE"", ""owner"": ""Surnn"", ""score"": null, ""match_max"": 0.5, ""refs"": 24, ""match_mode"": ""none"", ""steer_zones"": 41, ""people"": 0, ""track_id"": null, ""target_ex"": 0.0, ""target_cx_vel_px_s"": 0.0, ""target_age_s"": null, ""lidar_min_m"": 0.27, ""target_lidar_m"": null, ""target_lidar_deg"": null, ""camera_range_m"
2026-07-16T22:47:07.009,741.01,mission_20260716_223446_manual,MANUAL,,0,13.33027172088623,100.99795532226562,150.6281835022855,4,True,0.6790000200271606,1,0,0,1,0,0.0,0.0,0.0,0,0,nan,nan,nan,,nan,nan,nan,2,28,-,READY owner=Surnn refs=24,"{""cmd"": ""STOP"", ""status"": ""READY"", ""detector"": ""yolo"", ""state"": ""IDLE"", ""owner"": ""Surnn"", ""score"": null, ""match_max"": 0.5, ""refs"": 24, ""match_mode"": ""none"", ""steer_zones"": 41, ""people"": 0, ""track_id"": null, ""target_ex"": 0.0, ""target_cx_vel_px_s"": 0.0, ""target_age_s"": null, ""lidar_min_m"": 0.27, ""target_lidar_m"": null, ""target_lidar_deg"": null, ""camera_range_m"
2026-07-16T22:47:09.022,743.022,mission_20260716_223446_manual,MANUAL,,0,13.330272674560547,100.99795532226562,150.62724093618007,4,True,0.6777499914169312,1,0,0,1,0,0.0,0.0,0.0,0,0,nan,nan,nan,,nan,nan,nan,2,28,-,READY owner=Surnn refs=24,"{""cmd"": ""STOP"", ""status"": ""READY"", ""detector"": ""yolo"", ""state"": ""IDLE"", ""owner"": ""Surnn"", ""score"": null, ""match_max"": 0.5, ""refs"": 24, ""match_mode"": ""none"", ""steer_zones"": 41, ""people"": 0, ""track_id"": null, ""target_ex"": 0.0, ""target_cx_vel_px_s"": 0.0, ""target_age_s"": null, ""lidar_min_m"": 0.27, ""target_lidar_m"": null, ""target_lidar_deg"": null, ""camera_range_m"
2026-07-16T22:47:11.155,745.156,mission_20260716_223446_manual,MANUAL,,0,13.330273628234863,100.99795532226562,150.63158493649217,4,True,0.6807500123977661,1,0,0,1,0,0.0,0.0,0.0,0,0,nan,nan,nan,,nan,nan,nan,2,28,-,READY owner=Surnn refs=24,"{""cmd"": ""STOP"", ""status"": ""READY"", ""detector"": ""yolo"", ""state"": ""IDLE"", ""owner"": ""Surnn"", ""score"": null, ""match_max"": 0.5, ""refs"": 24, ""match_mode"": ""none"", ""steer_zones"": 41, ""people"": 0, ""track_id"": null, ""target_ex"": 0.0, ""target_cx_vel_px_s"": 0.0, ""target_age_s"": null, ""lidar_min_m"": 0.27, ""target_lidar_m"": null, ""target_lidar_deg"": null, ""camera_range_m"
2026-07-16T22:47:13.166,747.166,mission_20260716_223446_manual,MANUAL,,0,13.33027458190918,100.99795532226562,150.64707580552977,4,True,0.6775000095367432,1,0,0,1,0,0.0,0.0,0.0,0,0,nan,nan,nan,,nan,nan,nan,2,29,-,READY owner=Surnn refs=24,"{""cmd"": ""STOP"", ""status"": ""READY"", ""detector"": ""yolo"", ""state"": ""IDLE"", ""owner"": ""Surnn"", ""score"": null, ""match_max"": 0.5, ""refs"": 24, ""match_mode"": ""none"", ""steer_zones"": 41, ""people"": 0, ""track_id"": null, ""target_ex"": 0.0, ""target_cx_vel_px_s"": 0.0, ""target_age_s"": null, ""lidar_min_m"": 0.28, ""target_lidar_m"": null, ""target_lidar_deg"": null, ""camera_range_m"
2026-07-16T22:47:15.262,749.262,mission_20260716_223446_manual,MANUAL,,0,13.330276489257812,100.99795532226562,150.64320991845955,4,True,0.6784999966621399,1,0,0,1,0,0.0,0.0,0.0,0,0,nan,nan,nan,,nan,nan,nan,2,29,-,READY owner=Surnn refs=24,"{""cmd"": ""STOP"", ""status"": ""READY"", ""detector"": ""yolo"", ""state"": ""IDLE"", ""owner"": ""Surnn"", ""score"": null, ""match_max"": 0.5, ""refs"": 24, ""match_mode"": ""none"", ""steer_zones"": 41, ""people"": 0, ""track_id"": null, ""target_ex"": 0.0, ""target_cx_vel_px_s"": 0.0, ""target_age_s"": null, ""lidar_min_m"": 0.27, ""target_lidar_m"": null, ""target_lidar_deg"": null, ""camera_range_m"
2026-07-16T22:47:17.393,751.393,mission_20260716_223446_manual,MANUAL,,0,13.330277442932129,100.99795532226562,150.64245859765086,4,True,0.6804999709129333,1,0,0,1,0,0.0,0.0,0.0,0,0,nan,nan,nan,,nan,nan,nan,2,28,-,READY owner=Surnn refs=24,"{""cmd"": ""STOP"", ""status"": ""READY"", ""detector"": ""yolo"", ""state"": ""IDLE"", ""owner"": ""Surnn"", ""score"": null, ""match_max"": 0.5, ""refs"": 24, ""match_mode"": ""none"", ""steer_zones"": 41, ""people"": 0, ""track_id"": null, ""target_ex"": 0.0, ""target_cx_vel_px_s"": 0.0, ""target_age_s"": null, ""lidar_min_m"": 0.28, ""target_lidar_m"": null, ""target_lidar_deg"": null, ""camera_range_m"
2026-07-16T22:47:19.472,753.472,mission_20260716_223446_manual,MANUAL,,0,13.330278396606445,100.99795532226562,150.6476632017984,4,True,0.6777499914169312,1,0,0,1,0,0.0,0.0,0.0,0,0,nan,nan,nan,,nan,nan,nan,2,29,-,READY owner=Surnn refs=24,"{""cmd"": ""STOP"", ""status"": ""READY"", ""detector"": ""yolo"", ""state"": ""IDLE"", ""owner"": ""Surnn"", ""score"": null, ""match_max"": 0.5, ""refs"": 24, ""match_mode"": ""none"", ""steer_zones"": 41, ""people"": 0, ""track_id"": null, ""target_ex"": 0.0, ""target_cx_vel_px_s"": 0.0, ""target_age_s"": null, ""lidar_min_m"": 0.28, ""target_lidar_m"": null, ""target_lidar_deg"": null, ""camera_range_m"
2026-07-16T22:47:21.600,755.6,mission_20260716_223446_manual,MANUAL,,0,13.330279350280762,100.99795532226562,150.64972591892774,4,True,0.6787499785423279,1,0,0,1,0,0.0,0.0,0.0,0,0,nan,nan,nan,,nan,nan,nan,2,29,-,READY owner=Surnn refs=24,"{""cmd"": ""STOP"", ""status"": ""READY"", ""detector"": ""yolo"", ""state"": ""IDLE"", ""owner"": ""Surnn"", ""score"": null, ""match_max"": 0.5, ""refs"": 24, ""match_mode"": ""none"", ""steer_zones"": 41, ""people"": 0, ""track_id"": null, ""target_ex"": 0.0, ""target_cx_vel_px_s"": 0.0, ""target_age_s"": null, ""lidar_min_m"": 0.28, ""target_lidar_m"": null, ""target_lidar_deg"": null, ""camera_range_m"
2026-07-16T22:47:23.735,757.735,mission_20260716_223446_manual,MANUAL,,0,13.330280303955078,100.99795532226562,150.64099693716847,4,True,0.6812499761581421,1,0,0,1,0,0.0,0.0,0.0,0,0,nan,nan,nan,,nan,nan,nan,2,29,-,READY owner=Surnn refs=24,"{""cmd"": ""STOP"", ""status"": ""READY"", ""detector"": ""yolo"", ""state"": ""IDLE"", ""owner"": ""Surnn"", ""score"": null, ""match_max"": 0.5, ""refs"": 24, ""match_mode"": ""none"", ""steer_zones"": 41, ""people"": 0, ""track_id"": null, ""target_ex"": 0.0, ""target_cx_vel_px_s"": 0.0, ""target_age_s"": null, ""lidar_min_m"": 0.27, ""target_lidar_m"": null, ""target_lidar_deg"": null, ""camera_range_m"
2026-07-16T22:47:25.865,759.866,mission_20260716_223446_manual,MANUAL,,0,13.330279350280762,100.99795532226562,150.64532727710224,4,True,0.6779999732971191,1,0,0,1,0,0.0,0.0,0.0,0,0,nan,nan,nan,,nan,nan,nan,2,28,-,READY owner=Surnn refs=24,"{""cmd"": ""STOP"", ""status"": ""READY"", ""detector"": ""yolo"", ""state"": ""IDLE"", ""owner"": ""Surnn"", ""score"": null, ""match_max"": 0.5, ""refs"": 24, ""match_mode"": ""none"", ""steer_zones"": 41, ""people"": 0, ""track_id"": null, ""target_ex"": 0.0, ""target_cx_vel_px_s"": 0.0, ""target_age_s"": null, ""lidar_min_m"": 0.27, ""target_lidar_m"": null, ""target_lidar_deg"": null, ""camera_range_m"
2026-07-16T22:47:27.867,761.867,mission_20260716_223446_manual,MANUAL,,0,13.330280303955078,100.99795532226562,150.6464747488828,4,True,0.6775000095367432,1,0,0,1,0,0.0,0.0,0.0,0,0,nan,nan,nan,,nan,nan,nan,2,28,-,READY owner=Surnn refs=24,"{""cmd"": ""STOP"", ""status"": ""READY"", ""detector"": ""yolo"", ""state"": ""IDLE"", ""owner"": ""Surnn"", ""score"": null, ""match_max"": 0.5, ""refs"": 24, ""match_mode"": ""none"", ""steer_zones"": 41, ""people"": 0, ""track_id"": null, ""target_ex"": 0.0, ""target_cx_vel_px_s"": 0.0, ""target_age_s"": null, ""lidar_min_m"": 0.28, ""target_lidar_m"": null, ""target_lidar_deg"": null, ""camera_range_m"
2026-07-16T22:47:29.869,763.869,mission_20260716_223446_manual,MANUAL,,0,13.330279350280762,100.99795532226562,150.63831950301383,4,True,0.6775000095367432,1,0,0,1,0,0.0,0.0,0.0,0,0,nan,nan,nan,,nan,nan,nan,2,27,-,READY owner=Surnn refs=24,"{""cmd"": ""STOP"", ""status"": ""READY"", ""detector"": ""yolo"", ""state"": ""IDLE"", ""owner"": ""Surnn"", ""score"": null, ""match_max"": 0.5, ""refs"": 24, ""match_mode"": ""none"", ""steer_zones"": 41, ""people"": 0, ""track_id"": null, ""target_ex"": 0.0, ""target_cx_vel_px_s"": 0.0, ""target_age_s"": null, ""lidar_min_m"": 0.26, ""target_lidar_m"": null, ""target_lidar_deg"": null, ""camera_range_m"
2026-07-16T22:47:31.994,765.994,mission_20260716_223446_manual,MANUAL,,0,13.330277442932129,100.99795532226562,150.64687089985466,4,True,0.6782500147819519,1,0,0,1,0,0.0,0.0,0.0,0,0,nan,nan,nan,,nan,nan,nan,2,27,-,READY owner=Surnn refs=24,"{""cmd"": ""STOP"", ""status"": ""READY"", ""detector"": ""yolo"", ""state"": ""IDLE"", ""owner"": ""Surnn"", ""score"": null, ""match_max"": 0.5, ""refs"": 24, ""match_mode"": ""none"", ""steer_zones"": 41, ""people"": 0, ""track_id"": null, ""target_ex"": 0.0, ""target_cx_vel_px_s"": 0.0, ""target_age_s"": null, ""lidar_min_m"": 0.28, ""target_lidar_m"": null, ""target_lidar_deg"": null, ""camera_range_m"
2026-07-16T22:47:33.995,767.996,mission_20260716_223446_manual,MANUAL,,0,13.330275535583496,100.99795532226562,150.64051882392656,4,True,0.6800000071525574,1,0,0,1,0,0.0,0.0,0.0,0,0,nan,nan,nan,,nan,nan,nan,2,28,-,READY owner=Surnn refs=24,"{""cmd"": ""STOP"", ""status"": ""READY"", ""detector"": ""yolo"", ""state"": ""IDLE"", ""owner"": ""Surnn"", ""score"": null, ""match_max"": 0.5, ""refs"": 24, ""match_mode"": ""none"", ""steer_zones"": 41, ""people"": 0, ""track_id"": null, ""target_ex"": 0.0, ""target_cx_vel_px_s"": 0.0, ""target_age_s"": null, ""lidar_min_m"": 0.26, ""target_lidar_m"": null, ""target_lidar_deg"": null, ""camera_range_m"
2026-07-16T22:47:35.996,769.997,mission_20260716_223446_manual,MANUAL,,0,13.33027458190918,100.99795532226562,150.63280071016445,4,True,0.6777499914169312,1,0,0,1,0,0.0,0.0,0.0,0,0,nan,nan,nan,,nan,nan,nan,2,28,-,READY owner=Surnn refs=24,"{""cmd"": ""STOP"", ""status"": ""READY"", ""detector"": ""yolo"", ""state"": ""IDLE"", ""owner"": ""Surnn"", ""score"": null, ""match_max"": 0.5, ""refs"": 24, ""match_mode"": ""none"", ""steer_zones"": 41, ""people"": 0, ""track_id"": null, ""target_ex"": 0.0, ""target_cx_vel_px_s"": 0.0, ""target_age_s"": null, ""lidar_min_m"": 0.27, ""target_lidar_m"": null, ""target_lidar_deg"": null, ""camera_range_m"
2026-07-16T22:47:38.126,772.126,mission_20260716_223446_manual,MANUAL,,0,13.330275535583496,100.9979476928711,150.63289633281283,4,True,0.6800000071525574,1,0,0,1,0,0.0,0.0,0.0,0,0,nan,nan,nan,,nan,nan,nan,2,29,-,READY owner=Surnn refs=24,"{""cmd"": ""STOP"", ""status"": ""READY"", ""detector"": ""yolo"", ""state"": ""IDLE"", ""owner"": ""Surnn"", ""score"": null, ""match_max"": 0.5, ""refs"": 24, ""match_mode"": ""none"", ""steer_zones"": 41, ""people"": 0, ""track_id"": null, ""target_ex"": 0.0, ""target_cx_vel_px_s"": 0.0, ""target_age_s"": null, ""lidar_min_m"": 0.28, ""target_lidar_m"": null, ""target_lidar_deg"": null, ""camera_range_m"
2026-07-16T22:47:40.249,774.249,mission_20260716_223446_manual,MANUAL,,0,13.330275535583496,100.9979476928711,150.63036916281993,4,True,0.6779999732971191,1,0,0,1,0,0.0,0.0,0.0,0,0,nan,nan,nan,,nan,nan,nan,2,29,-,READY owner=Surnn refs=24,"{""cmd"": ""STOP"", ""status"": ""READY"", ""detector"": ""yolo"", ""state"": ""IDLE"", ""owner"": ""Surnn"", ""score"": null, ""match_max"": 0.5, ""refs"": 24, ""match_mode"": ""none"", ""steer_zones"": 41, ""people"": 0, ""track_id"": null, ""target_ex"": 0.0, ""target_cx_vel_px_s"": 0.0, ""target_age_s"": null, ""lidar_min_m"": 0.28, ""target_lidar_m"": null, ""target_lidar_deg"": null, ""camera_range_m"
2026-07-16T22:47:42.277,776.278,mission_20260716_223446_manual,MANUAL,,0,13.330276489257812,100.9979476928711,150.63092923833187,4,True,0.6790000200271606,1,0,0,1,0,0.0,0.0,0.0,0,0,nan,nan,nan,,nan,nan,nan,2,28,-,READY owner=Surnn refs=24,"{""cmd"": ""STOP"", ""status"": ""READY"", ""detector"": ""yolo"", ""state"": ""IDLE"", ""owner"": ""Surnn"", ""score"": null, ""match_max"": 0.5, ""refs"": 24, ""match_mode"": ""none"", ""steer_zones"": 41, ""people"": 0, ""track_id"": null, ""target_ex"": 0.0, ""target_cx_vel_px_s"": 0.0, ""target_age_s"": null, ""lidar_min_m"": 0.27, ""target_lidar_m"": null, ""target_lidar_deg"": null, ""camera_range_m"
2026-07-16T22:47:44.284,778.285,mission_20260716_223446_manual,MANUAL,,0,13.330277442932129,100.9979476928711,150.63556010658914,4,True,0.6794999837875366,1,0,0,1,0,0.0,0.0,0.0,0,0,nan,nan,nan,,nan,nan,nan,2,29,-,READY owner=Surnn refs=24,"{""cmd"": ""STOP"", ""status"": ""READY"", ""detector"": ""yolo"", ""state"": ""IDLE"", ""owner"": ""Surnn"", ""score"": null, ""match_max"": 0.5, ""refs"": 24, ""match_mode"": ""none"", ""steer_zones"": 41, ""people"": 0, ""track_id"": null, ""target_ex"": 0.0, ""target_cx_vel_px_s"": 0.0, ""target_age_s"": null, ""lidar_min_m"": 0.29, ""target_lidar_m"": null, ""target_lidar_deg"": null, ""camera_range_m"
2026-07-16T22:47:46.294,780.295,mission_20260716_223446_manual,MANUAL,,0,13.330278396606445,100.9979476928711,150.64596931488424,4,True,0.6784999966621399,1,0,0,1,0,0.0,0.0,0.0,0,0,nan,nan,nan,,nan,nan,nan,2,29,-,READY owner=Surnn refs=24,"{""cmd"": ""STOP"", ""status"": ""READY"", ""detector"": ""yolo"", ""state"": ""IDLE"", ""owner"": ""Surnn"", ""score"": null, ""match_max"": 0.5, ""refs"": 24, ""match_mode"": ""none"", ""steer_zones"": 41, ""people"": 0, ""track_id"": null, ""target_ex"": 0.0, ""target_cx_vel_px_s"": 0.0, ""target_age_s"": null, ""lidar_min_m"": 0.26, ""target_lidar_m"": null, ""target_lidar_deg"": null, ""camera_range_m"
2026-07-16T22:47:48.298,782.298,mission_20260716_223446_manual,MANUAL,,0,13.330279350280762,100.9979476928711,150.63647535193792,4,True,0.6779999732971191,1,0,0,1,0,0.0,0.0,0.0,0,0,nan,nan,nan,,nan,nan,nan,2,29,-,READY owner=Surnn refs=24,"{""cmd"": ""STOP"", ""status"": ""READY"", ""detector"": ""yolo"", ""state"": ""IDLE"", ""owner"": ""Surnn"", ""score"": null, ""match_max"": 0.5, ""refs"": 24, ""match_mode"": ""none"", ""steer_zones"": 41, ""people"": 0, ""track_id"": null, ""target_ex"": 0.0, ""target_cx_vel_px_s"": 0.0, ""target_age_s"": null, ""lidar_min_m"": 0.28, ""target_lidar_m"": null, ""target_lidar_deg"": null, ""camera_range_m"
2026-07-16T22:47:50.430,784.43,mission_20260716_223446_manual,MANUAL,,0,13.330280303955078,100.9979476928711,150.63475414426708,4,True,0.6794999837875366,1,0,0,1,0,0.0,0.0,0.0,0,0,nan,nan,nan,,nan,nan,nan,2,29,-,READY owner=Surnn refs=24,"{""cmd"": ""STOP"", ""status"": ""READY"", ""detector"": ""yolo"", ""state"": ""IDLE"", ""owner"": ""Surnn"", ""score"": null, ""match_max"": 0.5, ""refs"": 24, ""match_mode"": ""none"", ""steer_zones"": 41, ""people"": 0, ""track_id"": null, ""target_ex"": 0.0, ""target_cx_vel_px_s"": 0.0, ""target_age_s"": null, ""lidar_min_m"": 0.27, ""target_lidar_m"": null, ""target_lidar_deg"": null, ""camera_range_m"
2026-07-16T22:47:52.441,786.442,mission_20260716_223446_manual,MANUAL,,0,13.330281257629395,100.9979476928711,150.64016365408972,4,True,0.6775000095367432,1,0,0,1,0,0.0,0.0,0.0,0,0,nan,nan,nan,,nan,nan,nan,2,29,-,READY owner=Surnn refs=24,"{""cmd"": ""STOP"", ""status"": ""READY"", ""detector"": ""yolo"", ""state"": ""IDLE"", ""owner"": ""Surnn"", ""score"": null, ""match_max"": 0.5, ""refs"": 24, ""match_mode"": ""none"", ""steer_zones"": 41, ""people"": 0, ""track_id"": null, ""target_ex"": 0.0, ""target_cx_vel_px_s"": 0.0, ""target_age_s"": null, ""lidar_min_m"": 0.27, ""target_lidar_m"": null, ""target_lidar_deg"": null, ""camera_range_m"
2026-07-16T22:47:54.451,788.452,mission_20260716_223446_manual,MANUAL,,0,13.330281257629395,100.9979476928711,150.64644742812612,4,True,0.6794999837875366,1,0,0,1,0,0.0,0.0,0.0,0,0,nan,nan,nan,,nan,nan,nan,2,27,-,READY owner=Surnn refs=24,"{""cmd"": ""STOP"", ""status"": ""READY"", ""detector"": ""yolo"", ""state"": ""IDLE"", ""owner"": ""Surnn"", ""score"": null, ""match_max"": 0.5, ""refs"": 24, ""match_mode"": ""none"", ""steer_zones"": 41, ""people"": 0, ""track_id"": null, ""target_ex"": 0.0, ""target_cx_vel_px_s"": 0.0, ""target_age_s"": null, ""lidar_min_m"": 0.28, ""target_lidar_m"": null, ""target_lidar_deg"": null, ""camera_range_m"
2026-07-16T22:47:56.460,790.46,mission_20260716_223446_manual,MANUAL,,0,13.330282211303711,100.9979476928711,150.646843579098,4,True,0.6784999966621399,1,0,0,1,0,0.0,0.0,0.0,0,0,nan,nan,nan,,nan,nan,nan,2,29,-,READY owner=Surnn refs=24,"{""cmd"": ""STOP"", ""status"": ""READY"", ""detector"": ""yolo"", ""state"": ""IDLE"", ""owner"": ""Surnn"", ""score"": null, ""match_max"": 0.5, ""refs"": 24, ""match_mode"": ""none"", ""steer_zones"": 41, ""people"": 0, ""track_id"": null, ""target_ex"": 0.0, ""target_cx_vel_px_s"": 0.0, ""target_age_s"": null, ""lidar_min_m"": 0.27, ""target_lidar_m"": null, ""target_lidar_deg"": null, ""camera_range_m"
2026-07-16T22:47:58.474,792.475,mission_20260716_223446_manual,MANUAL,,0,13.330283164978027,100.9979476928711,150.64293671089274,4,True,0.6790000200271606,1,0,0,1,0,0.0,0.0,0.0,0,0,nan,nan,nan,,nan,nan,nan,2,28,-,READY owner=Surnn refs=24,"{""cmd"": ""STOP"", ""status"": ""READY"", ""detector"": ""yolo"", ""state"": ""IDLE"", ""owner"": ""Surnn"", ""score"": null, ""match_max"": 0.5, ""refs"": 24, ""match_mode"": ""none"", ""steer_zones"": 41, ""people"": 0, ""track_id"": null, ""target_ex"": 0.0, ""target_cx_vel_px_s"": 0.0, ""target_age_s"": null, ""lidar_min_m"": 0.27, ""target_lidar_m"": null, ""target_lidar_deg"": null, ""camera_range_m"
2026-07-16T22:48:00.606,794.607,mission_20260716_223446_manual,MANUAL,,0,13.33028507232666,100.9979476928711,150.62853867212237,4,True,0.6790000200271606,1,0,0,1,0,0.0,0.0,0.0,0,0,nan,nan,nan,,nan,nan,nan,2,28,-,READY owner=Surnn refs=24,"{""cmd"": ""STOP"", ""status"": ""READY"", ""detector"": ""yolo"", ""state"": ""IDLE"", ""owner"": ""Surnn"", ""score"": null, ""match_max"": 0.5, ""refs"": 24, ""match_mode"": ""none"", ""steer_zones"": 41, ""people"": 0, ""track_id"": null, ""target_ex"": 0.0, ""target_cx_vel_px_s"": 0.0, ""target_age_s"": null, ""lidar_min_m"": 0.27, ""target_lidar_m"": null, ""target_lidar_deg"": null, ""camera_range_m"
2026-07-16T22:48:02.729,796.73,mission_20260716_223446_manual,MANUAL,,0,13.33028507232666,100.99794006347656,150.63352471021648,4,True,0.6772500276565552,1,0,0,1,0,0.0,0.0,0.0,0,0,nan,nan,nan,,nan,nan,nan,2,28,-,READY owner=Surnn refs=24,"{""cmd"": ""STOP"", ""status"": ""READY"", ""detector"": ""yolo"", ""state"": ""IDLE"", ""owner"": ""Surnn"", ""score"": null, ""match_max"": 0.5, ""refs"": 24, ""match_mode"": ""none"", ""steer_zones"": 41, ""people"": 0, ""track_id"": null, ""target_ex"": 0.0, ""target_cx_vel_px_s"": 0.0, ""target_age_s"": null, ""lidar_min_m"": 0.27, ""target_lidar_m"": null, ""target_lidar_deg"": null, ""camera_range_m"
2026-07-16T22:48:04.850,798.851,mission_20260716_223446_manual,MANUAL,,0,13.330286979675293,100.99794006347656,150.631899125194,4,True,0.6794999837875366,1,0,0,1,0,0.0,0.0,0.0,0,0,nan,nan,nan,,nan,nan,nan,2,26,-,READY owner=Surnn refs=24,"{""cmd"": ""STOP"", ""status"": ""READY"", ""detector"": ""yolo"", ""state"": ""IDLE"", ""owner"": ""Surnn"", ""score"": null, ""match_max"": 0.5, ""refs"": 24, ""match_mode"": ""none"", ""steer_zones"": 41, ""people"": 0, ""track_id"": null, ""target_ex"": 0.0, ""target_cx_vel_px_s"": 0.0, ""target_age_s"": null, ""lidar_min_m"": 0.27, ""target_lidar_m"": null, ""target_lidar_deg"": null, ""camera_range_m"
2026-07-16T22:48:06.868,800.868,mission_20260716_223446_manual,MANUAL,,0,13.330286979675293,100.99794006347656,150.6244952001337,4,True,0.6797500252723694,1,0,0,1,0,0.0,0.0,0.0,0,0,nan,nan,nan,,nan,nan,nan,2,26,-,READY owner=Surnn refs=24,"{""cmd"": ""STOP"", ""status"": ""READY"", ""detector"": ""yolo"", ""state"": ""IDLE"", ""owner"": ""Surnn"", ""score"": null, ""match_max"": 0.5, ""refs"": 24, ""match_mode"": ""none"", ""steer_zones"": 41, ""people"": 0, ""track_id"": null, ""target_ex"": 0.0, ""target_cx_vel_px_s"": 0.0, ""target_age_s"": null, ""lidar_min_m"": 0.27, ""target_lidar_m"": null, ""target_lidar_deg"": null, ""camera_range_m"
2026-07-16T22:48:08.868,802.869,mission_20260716_223446_manual,MANUAL,,0,13.330286026000977,100.99794006347656,150.6138401050285,4,True,0.6782500147819519,1,0,0,1,0,0.0,0.0,0.0,0,0,nan,nan,nan,,nan,nan,nan,2,26,-,READY owner=Surnn refs=24,"{""cmd"": ""STOP"", ""status"": ""READY"", ""detector"": ""yolo"", ""state"": ""IDLE"", ""owner"": ""Surnn"", ""score"": null, ""match_max"": 0.5, ""refs"": 24, ""match_mode"": ""none"", ""steer_zones"": 41, ""people"": 0, ""track_id"": null, ""target_ex"": 0.0, ""target_cx_vel_px_s"": 0.0, ""target_age_s"": null, ""lidar_min_m"": 0.27, ""target_lidar_m"": null, ""target_lidar_deg"": null, ""camera_range_m"
2026-07-16T22:48:11.003,805.003,mission_20260716_223446_manual,MANUAL,,0,13.330286026000977,100.99794006347656,150.6173918033969,4,True,0.6784999966621399,1,0,0,1,0,0.0,0.0,0.0,0,0,nan,nan,nan,,nan,nan,nan,2,26,-,READY owner=Surnn refs=24,"{""cmd"": ""STOP"", ""status"": ""READY"", ""detector"": ""yolo"", ""state"": ""IDLE"", ""owner"": ""Surnn"", ""score"": null, ""match_max"": 0.5, ""refs"": 24, ""match_mode"": ""none"", ""steer_zones"": 41, ""people"": 0, ""track_id"": null, ""target_ex"": 0.0, ""target_cx_vel_px_s"": 0.0, ""target_age_s"": null, ""lidar_min_m"": 0.27, ""target_lidar_m"": null, ""target_lidar_deg"": null, ""camera_range_m"
2026-07-16T22:48:13.020,807.02,mission_20260716_223446_manual,MANUAL,,0,13.330286026000977,100.99794006347656,150.61090312368538,4,True,0.6804999709129333,1,0,0,1,0,0.0,0.0,0.0,0,0,nan,nan,nan,,nan,nan,nan,2,27,-,READY owner=Surnn refs=24,"{""cmd"": ""STOP"", ""status"": ""READY"", ""detector"": ""yolo"", ""state"": ""IDLE"", ""owner"": ""Surnn"", ""score"": null, ""match_max"": 0.5, ""refs"": 24, ""match_mode"": ""none"", ""steer_zones"": 41, ""people"": 0, ""track_id"": null, ""target_ex"": 0.0, ""target_cx_vel_px_s"": 0.0, ""target_age_s"": null, ""lidar_min_m"": 0.29, ""target_lidar_m"": null, ""target_lidar_deg"": null, ""camera_range_m"
2026-07-16T22:48:15.024,809.024,mission_20260716_223446_manual,MANUAL,,0,13.33028507232666,100.99794006347656,150.61475535037727,4,True,0.6775000095367432,1,0,0,1,0,0.0,0.0,0.0,0,0,nan,nan,nan,,nan,nan,nan,2,27,-,READY owner=Surnn refs=24,"{""cmd"": ""STOP"", ""status"": ""READY"", ""detector"": ""yolo"", ""state"": ""IDLE"", ""owner"": ""Surnn"", ""score"": null, ""match_max"": 0.5, ""refs"": 24, ""match_mode"": ""none"", ""steer_zones"": 41, ""people"": 0, ""track_id"": null, ""target_ex"": 0.0, ""target_cx_vel_px_s"": 0.0, ""target_age_s"": null, ""lidar_min_m"": 0.27, ""target_lidar_m"": null, ""target_lidar_deg"": null, ""camera_range_m"
2026-07-16T22:48:17.033,811.034,mission_20260716_223446_manual,MANUAL,,0,13.330284118652344,100.99794006347656,150.61934523749952,4,True,0.6782500147819519,1,0,0,1,0,0.0,0.0,0.0,0,0,nan,nan,nan,,nan,nan,nan,2,26,-,READY owner=Surnn refs=24,"{""cmd"": ""STOP"", ""status"": ""READY"", ""detector"": ""yolo"", ""state"": ""IDLE"", ""owner"": ""Surnn"", ""score"": null, ""match_max"": 0.5, ""refs"": 24, ""match_mode"": ""none"", ""steer_zones"": 41, ""people"": 0, ""track_id"": null, ""target_ex"": 0.0, ""target_cx_vel_px_s"": 0.0, ""target_age_s"": null, ""lidar_min_m"": 0.27, ""target_lidar_m"": null, ""target_lidar_deg"": null, ""camera_range_m"
2026-07-16T22:48:19.034,813.034,mission_20260716_223446_manual,MANUAL,,0,13.330283164978027,100.99794006347656,150.60105399090224,4,True,0.6790000200271606,1,0,0,1,0,0.0,0.0,0.0,0,0,nan,nan,nan,,nan,nan,nan,2,27,-,READY owner=Surnn refs=24,"{""cmd"": ""STOP"", ""status"": ""READY"", ""detector"": ""yolo"", ""state"": ""IDLE"", ""owner"": ""Surnn"", ""score"": null, ""match_max"": 0.5, ""refs"": 24, ""match_mode"": ""none"", ""steer_zones"": 41, ""people"": 0, ""track_id"": null, ""target_ex"": 0.0, ""target_cx_vel_px_s"": 0.0, ""target_age_s"": null, ""lidar_min_m"": 0.27, ""target_lidar_m"": null, ""target_lidar_deg"": null, ""camera_range_m"
2026-07-16T22:48:21.163,815.163,mission_20260716_223446_manual,MANUAL,,0,13.330282211303711,100.99793243408203,150.59505708481095,4,True,0.6779999732971191,1,0,0,1,0,0.0,0.0,0.0,0,0,nan,nan,nan,,nan,nan,nan,2,27,-,READY owner=Surnn refs=24,"{""cmd"": ""STOP"", ""status"": ""READY"", ""detector"": ""yolo"", ""state"": ""IDLE"", ""owner"": ""Surnn"", ""score"": null, ""match_max"": 0.5, ""refs"": 24, ""match_mode"": ""none"", ""steer_zones"": 41, ""people"": 0, ""track_id"": null, ""target_ex"": 0.0, ""target_cx_vel_px_s"": 0.0, ""target_age_s"": null, ""lidar_min_m"": 0.27, ""target_lidar_m"": null, ""target_lidar_deg"": null, ""camera_range_m"
2026-07-16T22:48:23.173,817.173,mission_20260716_223446_manual,MANUAL,,0,13.330283164978027,100.99793243408203,150.5939779149221,4,True,0.6790000200271606,1,0,0,1,0,0.0,0.0,0.0,0,0,nan,nan,nan,,nan,nan,nan,2,29,-,READY owner=Surnn refs=24,"{""cmd"": ""STOP"", ""status"": ""READY"", ""detector"": ""yolo"", ""state"": ""IDLE"", ""owner"": ""Surnn"", ""score"": null, ""match_max"": 0.5, ""refs"": 24, ""match_mode"": ""none"", ""steer_zones"": 41, ""people"": 0, ""track_id"": null, ""target_ex"": 0.0, ""target_cx_vel_px_s"": 0.0, ""target_age_s"": null, ""lidar_min_m"": 0.28, ""target_lidar_m"": null, ""target_lidar_deg"": null, ""camera_range_m"
2026-07-16T22:48:25.188,819.189,mission_20260716_223446_manual,MANUAL,,0,13.330282211303711,100.99793243408203,150.58456591424581,4,True,0.6769999861717224,1,0,0,1,0,0.0,0.0,0.0,0,0,nan,nan,nan,,nan,nan,nan,2,29,-,READY owner=Surnn refs=24,"{""cmd"": ""STOP"", ""status"": ""READY"", ""detector"": ""yolo"", ""state"": ""IDLE"", ""owner"": ""Surnn"", ""score"": null, ""match_max"": 0.5, ""refs"": 24, ""match_mode"": ""none"", ""steer_zones"": 41, ""people"": 0, ""track_id"": null, ""target_ex"": 0.0, ""target_cx_vel_px_s"": 0.0, ""target_age_s"": null, ""lidar_min_m"": 0.27, ""target_lidar_m"": null, ""target_lidar_deg"": null, ""camera_range_m"
2026-07-16T22:48:27.197,821.197,mission_20260716_223446_manual,MANUAL,,0,13.330283164978027,100.99793243408203,150.5745528569226,4,True,0.6809999942779541,1,0,0,1,0,0.0,0.0,0.0,0,0,nan,nan,nan,,nan,nan,nan,2,29,-,READY owner=Surnn refs=24,"{""cmd"": ""STOP"", ""status"": ""READY"", ""detector"": ""yolo"", ""state"": ""IDLE"", ""owner"": ""Surnn"", ""score"": null, ""match_max"": 0.5, ""refs"": 24, ""match_mode"": ""none"", ""steer_zones"": 41, ""people"": 0, ""track_id"": null, ""target_ex"": 0.0, ""target_cx_vel_px_s"": 0.0, ""target_age_s"": null, ""lidar_min_m"": 0.27, ""target_lidar_m"": null, ""target_lidar_deg"": null, ""camera_range_m"
2026-07-16T22:48:29.198,823.199,mission_20260716_223446_manual,MANUAL,,0,13.330283164978027,100.99793243408203,150.57865097042458,4,True,0.6779999732971191,1,0,0,1,0,0.0,0.0,0.0,0,0,nan,nan,nan,,nan,nan,nan,2,28,-,READY owner=Surnn refs=24,"{""cmd"": ""STOP"", ""status"": ""READY"", ""detector"": ""yolo"", ""state"": ""IDLE"", ""owner"": ""Surnn"", ""score"": null, ""match_max"": 0.5, ""refs"": 24, ""match_mode"": ""none"", ""steer_zones"": 41, ""people"": 0, ""track_id"": null, ""target_ex"": 0.0, ""target_cx_vel_px_s"": 0.0, ""target_age_s"": null, ""lidar_min_m"": 0.29, ""target_lidar_m"": null, ""target_lidar_deg"": null, ""camera_range_m"
2026-07-16T22:48:31.333,825.333,mission_20260716_223446_manual,MANUAL,,0,13.330283164978027,100.99793243408203,150.55955376150524,4,True,0.6790000200271606,1,0,0,1,0,0.0,0.0,0.0,0,0,nan,nan,nan,,nan,nan,nan,2,30,-,READY owner=Surnn refs=24,"{""cmd"": ""STOP"", ""status"": ""READY"", ""detector"": ""yolo"", ""state"": ""IDLE"", ""owner"": ""Surnn"", ""score"": null, ""match_max"": 0.5, ""refs"": 24, ""match_mode"": ""none"", ""steer_zones"": 41, ""people"": 0, ""track_id"": null, ""target_ex"": 0.0, ""target_cx_vel_px_s"": 0.0, ""target_age_s"": null, ""lidar_min_m"": 0.28, ""target_lidar_m"": null, ""target_lidar_deg"": null, ""camera_range_m"
2026-07-16T22:48:33.335,827.335,mission_20260716_223446_manual,MANUAL,,0,13.330283164978027,100.99793243408203,150.57351466816874,4,True,0.6777499914169312,1,0,0,1,0,0.0,0.0,0.0,0,0,nan,nan,nan,,nan,nan,nan,2,29,-,READY owner=Surnn refs=24,"{""cmd"": ""STOP"", ""status"": ""READY"", ""detector"": ""yolo"", ""state"": ""IDLE"", ""owner"": ""Surnn"", ""score"": null, ""match_max"": 0.5, ""refs"": 24, ""match_mode"": ""none"", ""steer_zones"": 41, ""people"": 0, ""track_id"": null, ""target_ex"": 0.0, ""target_cx_vel_px_s"": 0.0, ""target_age_s"": null, ""lidar_min_m"": 0.27, ""target_lidar_m"": null, ""target_lidar_deg"": null, ""camera_range_m"
2026-07-16T22:48:35.337,829.338,mission_20260716_223446_manual,MANUAL,,0,13.330284118652344,100.99793243408203,150.56861059234467,4,True,0.6777499914169312,1,0,0,1,0,0.0,0.0,0.0,0,0,nan,nan,nan,,nan,nan,nan,2,29,-,READY owner=Surnn refs=24,"{""cmd"": ""STOP"", ""status"": ""READY"", ""detector"": ""yolo"", ""state"": ""IDLE"", ""owner"": ""Surnn"", ""score"": null, ""match_max"": 0.5, ""refs"": 24, ""match_mode"": ""none"", ""steer_zones"": 41, ""people"": 0, ""track_id"": null, ""target_ex"": 0.0, ""target_cx_vel_px_s"": 0.0, ""target_age_s"": null, ""lidar_min_m"": 0.27, ""target_lidar_m"": null, ""target_lidar_deg"": null, ""camera_range_m"
2026-07-16T22:48:37.345,831.346,mission_20260716_223446_manual,MANUAL,,0,13.33028507232666,100.99793243408203,150.5635425919805,4,True,0.6794999837875366,1,0,0,1,0,0.0,0.0,0.0,0,0,nan,nan,nan,,nan,nan,nan,2,29,-,READY owner=Surnn refs=24,"{""cmd"": ""STOP"", ""status"": ""READY"", ""detector"": ""yolo"", ""state"": ""IDLE"", ""owner"": ""Surnn"", ""score"": null, ""match_max"": 0.5, ""refs"": 24, ""match_mode"": ""none"", ""steer_zones"": 41, ""people"": 0, ""track_id"": null, ""target_ex"": 0.0, ""target_cx_vel_px_s"": 0.0, ""target_age_s"": null, ""lidar_min_m"": 0.28, ""target_lidar_m"": null, ""target_lidar_deg"": null, ""camera_range_m"
2026-07-16T22:48:39.350,833.351,mission_20260716_223446_manual,MANUAL,,0,13.330286026000977,100.99793243408203,150.57217595109142,4,True,0.6779999732971191,1,0,0,1,0,0.0,0.0,0.0,0,0,nan,nan,nan,,nan,nan,nan,2,29,-,READY owner=Surnn refs=24,"{""cmd"": ""STOP"", ""status"": ""READY"", ""detector"": ""yolo"", ""state"": ""IDLE"", ""owner"": ""Surnn"", ""score"": null, ""match_max"": 0.5, ""refs"": 24, ""match_mode"": ""none"", ""steer_zones"": 41, ""people"": 0, ""track_id"": null, ""target_ex"": 0.0, ""target_cx_vel_px_s"": 0.0, ""target_age_s"": null, ""lidar_min_m"": 0.26, ""target_lidar_m"": null, ""target_lidar_deg"": null, ""camera_range_m"
2026-07-16T22:48:41.473,835.473,mission_20260716_223446_manual,MANUAL,,0,13.33028793334961,100.99793243408203,150.57549542302803,4,True,0.6790000200271606,1,0,0,1,0,0.0,0.0,0.0,0,0,nan,nan,nan,,nan,nan,nan,2,29,-,READY owner=Surnn refs=24,"{""cmd"": ""STOP"", ""status"": ""READY"", ""detector"": ""yolo"", ""state"": ""IDLE"", ""owner"": ""Surnn"", ""score"": null, ""match_max"": 0.5, ""refs"": 24, ""match_mode"": ""none"", ""steer_zones"": 41, ""people"": 0, ""track_id"": null, ""target_ex"": 0.0, ""target_cx_vel_px_s"": 0.0, ""target_age_s"": null, ""lidar_min_m"": 0.28, ""target_lidar_m"": null, ""target_lidar_deg"": null, ""camera_range_m"
2026-07-16T22:48:43.481,837.482,mission_20260716_223446_manual,MANUAL,,0,13.33028793334961,100.99793243408203,150.575413460758,4,True,0.6797500252723694,1,0,0,1,0,0.0,0.0,0.0,0,0,nan,nan,nan,,nan,nan,nan,2,29,-,READY owner=Surnn refs=24,"{""cmd"": ""STOP"", ""status"": ""READY"", ""detector"": ""yolo"", ""state"": ""IDLE"", ""owner"": ""Surnn"", ""score"": null, ""match_max"": 0.5, ""refs"": 24, ""match_mode"": ""none"", ""steer_zones"": 41, ""people"": 0, ""track_id"": null, ""target_ex"": 0.0, ""target_cx_vel_px_s"": 0.0, ""target_age_s"": null, ""lidar_min_m"": 0.27, ""target_lidar_m"": null, ""target_lidar_deg"": null, ""camera_range_m"
2026-07-16T22:48:45.486,839.486,mission_20260716_223446_manual,MANUAL,,0,13.330288887023926,100.99793243408203,150.5897431976367,4,True,0.6794999837875366,1,0,0,1,0,0.0,0.0,0.0,0,0,nan,nan,nan,,nan,nan,nan,2,29,-,READY owner=Surnn refs=24,"{""cmd"": ""STOP"", ""status"": ""READY"", ""detector"": ""yolo"", ""state"": ""IDLE"", ""owner"": ""Surnn"", ""score"": null, ""match_max"": 0.5, ""refs"": 24, ""match_mode"": ""none"", ""steer_zones"": 41, ""people"": 0, ""track_id"": null, ""target_ex"": 0.0, ""target_cx_vel_px_s"": 0.0, ""target_age_s"": null, ""lidar_min_m"": 0.27, ""target_lidar_m"": null, ""target_lidar_deg"": null, ""camera_range_m"
2026-07-16T22:48:47.603,841.604,mission_20260716_223446_manual,MANUAL,,0,13.330289840698242,100.99793243408203,150.5953439527561,4,True,0.6797500252723694,1,0,0,1,0,0.0,0.0,0.0,0,0,nan,nan,nan,,nan,nan,nan,2,28,-,READY owner=Surnn refs=24,"{""cmd"": ""STOP"", ""status"": ""READY"", ""detector"": ""yolo"", ""state"": ""IDLE"", ""owner"": ""Surnn"", ""score"": null, ""match_max"": 0.5, ""refs"": 24, ""match_mode"": ""none"", ""steer_zones"": 41, ""people"": 0, ""track_id"": null, ""target_ex"": 0.0, ""target_cx_vel_px_s"": 0.0, ""target_age_s"": null, ""lidar_min_m"": 0.28, ""target_lidar_m"": null, ""target_lidar_deg"": null, ""camera_range_m"
2026-07-16T22:48:49.631,843.631,mission_20260716_223446_manual,MANUAL,,0,13.330290794372559,100.99793243408203,150.58250319711647,4,True,0.6809999942779541,1,0,0,1,0,0.0,0.0,0.0,0,0,nan,nan,nan,,nan,nan,nan,2,27,-,READY owner=Surnn refs=24,"{""cmd"": ""STOP"", ""status"": ""READY"", ""detector"": ""yolo"", ""state"": ""IDLE"", ""owner"": ""Surnn"", ""score"": null, ""match_max"": 0.5, ""refs"": 24, ""match_mode"": ""none"", ""steer_zones"": 41, ""people"": 0, ""track_id"": null, ""target_ex"": 0.0, ""target_cx_vel_px_s"": 0.0, ""target_age_s"": null, ""lidar_min_m"": 0.28, ""target_lidar_m"": null, ""target_lidar_deg"": null, ""camera_range_m"
2026-07-16T22:48:51.632,845.632,mission_20260716_223446_manual,MANUAL,,0,13.330290794372559,100.99793243408203,150.5870111219687,4,True,0.6782500147819519,1,0,0,1,0,0.0,0.0,0.0,0,0,nan,nan,nan,,nan,nan,nan,2,27,-,READY owner=Surnn refs=24,"{""cmd"": ""STOP"", ""status"": ""READY"", ""detector"": ""yolo"", ""state"": ""IDLE"", ""owner"": ""Surnn"", ""score"": null, ""match_max"": 0.5, ""refs"": 24, ""match_mode"": ""none"", ""steer_zones"": 41, ""people"": 0, ""track_id"": null, ""target_ex"": 0.0, ""target_cx_vel_px_s"": 0.0, ""target_age_s"": null, ""lidar_min_m"": 0.26, ""target_lidar_m"": null, ""target_lidar_deg"": null, ""camera_range_m"
2026-07-16T22:48:53.757,847.758,mission_20260716_223446_manual,MANUAL,,0,13.330290794372559,100.99793243408203,150.58901919758466,4,True,0.6802499890327454,1,0,0,1,0,0.0,0.0,0.0,0,0,nan,nan,nan,,nan,nan,nan,2,28,-,READY owner=Surnn refs=24,"{""cmd"": ""STOP"", ""status"": ""READY"", ""detector"": ""yolo"", ""state"": ""IDLE"", ""owner"": ""Surnn"", ""score"": null, ""match_max"": 0.5, ""refs"": 24, ""match_mode"": ""none"", ""steer_zones"": 41, ""people"": 0, ""track_id"": null, ""target_ex"": 0.0, ""target_cx_vel_px_s"": 0.0, ""target_age_s"": null, ""lidar_min_m"": 0.28, ""target_lidar_m"": null, ""target_lidar_deg"": null, ""camera_range_m"
2026-07-16T22:48:55.891,849.891,mission_20260716_223446_manual,MANUAL,,0,13.330289840698242,100.99793243408203,150.57854168739786,4,True,0.6787499785423279,1,0,0,1,0,0.0,0.0,0.0,0,0,nan,nan,nan,,nan,nan,nan,2,27,-,READY owner=Surnn refs=24,"{""cmd"": ""STOP"", ""status"": ""READY"", ""detector"": ""yolo"", ""state"": ""IDLE"", ""owner"": ""Surnn"", ""score"": null, ""match_max"": 0.5, ""refs"": 24, ""match_mode"": ""none"", ""steer_zones"": 41, ""people"": 0, ""track_id"": null, ""target_ex"": 0.0, ""target_cx_vel_px_s"": 0.0, ""target_age_s"": null, ""lidar_min_m"": 0.29, ""target_lidar_m"": null, ""target_lidar_deg"": null, ""camera_range_m"
2026-07-16T22:48:57.895,851.895,mission_20260716_223446_manual,MANUAL,,0,13.330289840698242,100.99793243408203,150.5765745929169,4,True,0.6804999709129333,1,0,0,1,0,0.0,0.0,0.0,0,0,nan,nan,nan,,nan,nan,nan,2,24,-,READY owner=Surnn refs=24,"{""cmd"": ""STOP"", ""status"": ""READY"", ""detector"": ""yolo"", ""state"": ""IDLE"", ""owner"": ""Surnn"", ""score"": null, ""match_max"": 0.5, ""refs"": 24, ""match_mode"": ""none"", ""steer_zones"": 41, ""people"": 0, ""track_id"": null, ""target_ex"": 0.0, ""target_cx_vel_px_s"": 0.0, ""target_age_s"": null, ""lidar_min_m"": 0.29, ""target_lidar_m"": null, ""target_lidar_deg"": null, ""camera_range_m"
2026-07-16T22:48:59.898,853.899,mission_20260716_223446_manual,MANUAL,,0,13.330290794372559,100.99793243408203,150.5742523285991,4,True,0.6809999942779541,1,0,0,1,0,0.0,0.0,0.0,0,0,nan,nan,nan,,nan,nan,nan,2,24,-,READY owner=Surnn refs=24,"{""cmd"": ""STOP"", ""status"": ""READY"", ""detector"": ""yolo"", ""state"": ""IDLE"", ""owner"": ""Surnn"", ""score"": null, ""match_max"": 0.5, ""refs"": 24, ""match_mode"": ""none"", ""steer_zones"": 41, ""people"": 0, ""track_id"": null, ""target_ex"": 0.0, ""target_cx_vel_px_s"": 0.0, ""target_age_s"": null, ""lidar_min_m"": 0.27, ""target_lidar_m"": null, ""target_lidar_deg"": null, ""camera_range_m"
2026-07-16T22:49:02.015,856.015,mission_20260716_223446_manual,MANUAL,,0,13.330291748046875,100.99793243408203,150.56296885609024,4,True,0.6784999966621399,1,0,0,1,0,0.0,0.0,0.0,0,0,nan,nan,nan,,nan,nan,nan,2,22,-,READY owner=Surnn refs=24,"{""cmd"": ""STOP"", ""status"": ""READY"", ""detector"": ""yolo"", ""state"": ""IDLE"", ""owner"": ""Surnn"", ""score"": null, ""match_max"": 0.5, ""refs"": 24, ""match_mode"": ""none"", ""steer_zones"": 41, ""people"": 0, ""track_id"": null, ""target_ex"": 0.0, ""target_cx_vel_px_s"": 0.0, ""target_age_s"": null, ""lidar_min_m"": 0.26, ""target_lidar_m"": null, ""target_lidar_deg"": null, ""camera_range_m"
2026-07-16T22:49:04.020,858.021,mission_20260716_223446_manual,MANUAL,,0,13.330291748046875,100.99793243408203,150.5654413845698,4,True,0.6784999966621399,1,0,0,1,0,0.0,0.0,0.0,0,0,nan,nan,nan,,nan,nan,nan,2,22,-,READY owner=Surnn refs=24,"{""cmd"": ""STOP"", ""status"": ""READY"", ""detector"": ""yolo"", ""state"": ""IDLE"", ""owner"": ""Surnn"", ""score"": null, ""match_max"": 0.5, ""refs"": 24, ""match_mode"": ""none"", ""steer_zones"": 41, ""people"": 0, ""track_id"": null, ""target_ex"": 0.0, ""target_cx_vel_px_s"": 0.0, ""target_age_s"": null, ""lidar_min_m"": 0.27, ""target_lidar_m"": null, ""target_lidar_deg"": null, ""camera_range_m"
2026-07-16T22:49:06.139,860.139,mission_20260716_223446_manual,MANUAL,,0,13.330293655395508,100.99793243408203,150.5702225169888,4,True,0.6802499890327454,1,0,0,1,0,0.0,0.0,0.0,0,0,nan,nan,nan,,nan,nan,nan,2,22,-,READY owner=Surnn refs=24,"{""cmd"": ""STOP"", ""status"": ""READY"", ""detector"": ""yolo"", ""state"": ""IDLE"", ""owner"": ""Surnn"", ""score"": null, ""match_max"": 0.5, ""refs"": 24, ""match_mode"": ""none"", ""steer_zones"": 41, ""people"": 0, ""track_id"": null, ""target_ex"": 0.0, ""target_cx_vel_px_s"": 0.0, ""target_age_s"": null, ""lidar_min_m"": 0.27, ""target_lidar_m"": null, ""target_lidar_deg"": null, ""camera_range_m"
2026-07-16T22:49:08.253,862.254,mission_20260716_223446_manual,MANUAL,,0,13.330296516418457,100.99793243408203,150.56761338472586,4,True,0.6782500147819519,1,0,0,1,0,0.0,0.0,0.0,0,0,nan,nan,nan,,nan,nan,nan,2,23,-,READY owner=Surnn refs=24,"{""cmd"": ""STOP"", ""status"": ""READY"", ""detector"": ""yolo"", ""state"": ""IDLE"", ""owner"": ""Surnn"", ""score"": null, ""match_max"": 0.5, ""refs"": 24, ""match_mode"": ""none"", ""steer_zones"": 41, ""people"": 0, ""track_id"": null, ""target_ex"": 0.0, ""target_cx_vel_px_s"": 0.0, ""target_age_s"": null, ""lidar_min_m"": 0.29, ""target_lidar_m"": null, ""target_lidar_deg"": null, ""camera_range_m"
2026-07-16T22:49:10.254,864.255,mission_20260716_223446_manual,MANUAL,,0,13.33029842376709,100.99793243408203,150.58024923469037,4,True,0.6797500252723694,1,0,0,1,0,0.0,0.0,0.0,0,0,nan,nan,nan,,nan,nan,nan,2,23,-,READY owner=Surnn refs=24,"{""cmd"": ""STOP"", ""status"": ""READY"", ""detector"": ""yolo"", ""state"": ""IDLE"", ""owner"": ""Surnn"", ""score"": null, ""match_max"": 0.5, ""refs"": 24, ""match_mode"": ""none"", ""steer_zones"": 41, ""people"": 0, ""track_id"": null, ""target_ex"": 0.0, ""target_cx_vel_px_s"": 0.0, ""target_age_s"": null, ""lidar_min_m"": 0.27, ""target_lidar_m"": null, ""target_lidar_deg"": null, ""camera_range_m"
2026-07-16T22:49:12.255,866.255,mission_20260716_223446_manual,MANUAL,,0,13.33029842376709,100.99793243408203,150.56874719612807,4,True,0.6790000200271606,1,0,0,1,0,0.0,0.0,0.0,0,0,nan,nan,nan,,nan,nan,nan,2,23,-,READY owner=Surnn refs=24,"{""cmd"": ""STOP"", ""status"": ""READY"", ""detector"": ""yolo"", ""state"": ""IDLE"", ""owner"": ""Surnn"", ""score"": null, ""match_max"": 0.5, ""refs"": 24, ""match_mode"": ""none"", ""steer_zones"": 41, ""people"": 0, ""track_id"": null, ""target_ex"": 0.0, ""target_cx_vel_px_s"": 0.0, ""target_age_s"": null, ""lidar_min_m"": 0.27, ""target_lidar_m"": null, ""target_lidar_deg"": null, ""camera_range_m"
2026-07-16T22:49:14.256,868.257,mission_20260716_223446_manual,MANUAL,,0,13.330299377441406,100.99793243408203,150.5561933084336,4,True,0.6777499914169312,1,0,0,1,0,0.0,0.0,0.0,0,0,nan,nan,nan,,nan,nan,nan,2,23,-,READY owner=Surnn refs=24,"{""cmd"": ""STOP"", ""status"": ""READY"", ""detector"": ""yolo"", ""state"": ""IDLE"", ""owner"": ""Surnn"", ""score"": null, ""match_max"": 0.5, ""refs"": 24, ""match_mode"": ""none"", ""steer_zones"": 41, ""people"": 0, ""track_id"": null, ""target_ex"": 0.0, ""target_cx_vel_px_s"": 0.0, ""target_age_s"": null, ""lidar_min_m"": 0.27, ""target_lidar_m"": null, ""target_lidar_deg"": null, ""camera_range_m"
2026-07-16T22:49:16.382,870.382,mission_20260716_223446_manual,MANUAL,,0,13.330300331115723,100.99793243408203,150.52488372127826,4,True,0.6777499914169312,1,0,0,1,0,0.0,0.0,0.0,0,0,nan,nan,nan,,nan,nan,nan,2,24,-,READY owner=Surnn refs=24,"{""cmd"": ""STOP"", ""status"": ""READY"", ""detector"": ""yolo"", ""state"": ""IDLE"", ""owner"": ""Surnn"", ""score"": null, ""match_max"": 0.5, ""refs"": 24, ""match_mode"": ""none"", ""steer_zones"": 41, ""people"": 0, ""track_id"": null, ""target_ex"": 0.0, ""target_cx_vel_px_s"": 0.0, ""target_age_s"": null, ""lidar_min_m"": 0.27, ""target_lidar_m"": null, ""target_lidar_deg"": null, ""camera_range_m"
2026-07-16T22:49:18.391,872.391,mission_20260716_223446_manual,MANUAL,,0,13.330300331115723,100.99793243408203,150.49324628504274,4,True,0.6790000200271606,1,0,0,1,0,0.0,0.0,0.0,0,0,nan,nan,nan,,nan,nan,nan,2,24,-,READY owner=Surnn refs=24,"{""cmd"": ""STOP"", ""status"": ""READY"", ""detector"": ""yolo"", ""state"": ""IDLE"", ""owner"": ""Surnn"", ""score"": null, ""match_max"": 0.5, ""refs"": 24, ""match_mode"": ""none"", ""steer_zones"": 41, ""people"": 0, ""track_id"": null, ""target_ex"": 0.0, ""target_cx_vel_px_s"": 0.0, ""target_age_s"": null, ""lidar_min_m"": 0.27, ""target_lidar_m"": null, ""target_lidar_deg"": null, ""camera_range_m"
2026-07-16T22:49:20.391,874.391,mission_20260716_223446_manual,MANUAL,,0,13.330301284790039,100.99793243408203,150.47841111416548,4,True,0.6784999966621399,1,0,0,1,0,0.0,0.0,0.0,0,0,nan,nan,nan,,nan,nan,nan,2,25,-,READY owner=Surnn refs=24,"{""cmd"": ""STOP"", ""status"": ""READY"", ""detector"": ""yolo"", ""state"": ""IDLE"", ""owner"": ""Surnn"", ""score"": null, ""match_max"": 0.5, ""refs"": 24, ""match_mode"": ""none"", ""steer_zones"": 41, ""people"": 0, ""track_id"": null, ""target_ex"": 0.0, ""target_cx_vel_px_s"": 0.0, ""target_age_s"": null, ""lidar_min_m"": 0.28, ""target_lidar_m"": null, ""target_lidar_deg"": null, ""camera_range_m"
2026-07-16T22:49:22.518,876.519,mission_20260716_223446_manual,MANUAL,,0,13.330302238464355,100.9979248046875,150.45748341454856,4,True,0.6777499914169312,1,0,0,1,0,0.0,0.0,0.0,0,0,nan,nan,nan,,nan,nan,nan,2,25,-,READY owner=Surnn refs=24,"{""cmd"": ""STOP"", ""status"": ""READY"", ""detector"": ""yolo"", ""state"": ""IDLE"", ""owner"": ""Surnn"", ""score"": null, ""match_max"": 0.5, ""refs"": 24, ""match_mode"": ""none"", ""steer_zones"": 41, ""people"": 0, ""track_id"": null, ""target_ex"": 0.0, ""target_cx_vel_px_s"": 0.0, ""target_age_s"": null, ""lidar_min_m"": 0.28, ""target_lidar_m"": null, ""target_lidar_deg"": null, ""camera_range_m"
2026-07-16T22:49:24.653,878.654,mission_20260716_223446_manual,MANUAL,,0,13.330302238464355,100.99793243408203,150.4346979034774,4,True,0.6809999942779541,1,0,0,1,0,0.0,0.0,0.0,0,0,nan,nan,nan,,nan,nan,nan,2,24,-,READY owner=Surnn refs=24,"{""cmd"": ""STOP"", ""status"": ""READY"", ""detector"": ""yolo"", ""state"": ""IDLE"", ""owner"": ""Surnn"", ""score"": null, ""match_max"": 0.5, ""refs"": 24, ""match_mode"": ""none"", ""steer_zones"": 41, ""people"": 0, ""track_id"": null, ""target_ex"": 0.0, ""target_cx_vel_px_s"": 0.0, ""target_age_s"": null, ""lidar_min_m"": 0.27, ""target_lidar_m"": null, ""target_lidar_deg"": null, ""camera_range_m"
2026-07-16T22:49:26.779,880.78,mission_20260716_223446_manual,MANUAL,,0,13.330302238464355,100.9979248046875,150.41993103449184,4,True,0.6807500123977661,1,0,0,1,0,0.0,0.0,0.0,0,0,nan,nan,nan,,nan,nan,nan,2,24,-,READY owner=Surnn refs=24,"{""cmd"": ""STOP"", ""status"": ""READY"", ""detector"": ""yolo"", ""state"": ""IDLE"", ""owner"": ""Surnn"", ""score"": null, ""match_max"": 0.5, ""refs"": 24, ""match_mode"": ""none"", ""steer_zones"": 41, ""people"": 0, ""track_id"": null, ""target_ex"": 0.0, ""target_cx_vel_px_s"": 0.0, ""target_age_s"": null, ""lidar_min_m"": 0.28, ""target_lidar_m"": null, ""target_lidar_deg"": null, ""camera_range_m"
2026-07-16T22:49:28.900,882.9,mission_20260716_223446_manual,MANUAL,,0,13.330303192138672,100.9979248046875,150.3973231083391,4,True,0.6790000200271606,1,0,0,1,0,0.0,0.0,0.0,0,0,nan,nan,nan,,nan,nan,nan,2,24,-,READY owner=Surnn refs=24,"{""cmd"": ""STOP"", ""status"": ""READY"", ""detector"": ""yolo"", ""state"": ""IDLE"", ""owner"": ""Surnn"", ""score"": null, ""match_max"": 0.5, ""refs"": 24, ""match_mode"": ""none"", ""steer_zones"": 41, ""people"": 0, ""track_id"": null, ""target_ex"": 0.0, ""target_cx_vel_px_s"": 0.0, ""target_age_s"": null, ""lidar_min_m"": 0.28, ""target_lidar_m"": null, ""target_lidar_deg"": null, ""camera_range_m"
2026-07-16T22:49:31.032,885.033,mission_20260716_223446_manual,MANUAL,,0,13.330303192138672,100.9979248046875,150.39072514560087,4,True,0.6779999732971191,1,0,0,1,0,0.0,0.0,0.0,0,0,nan,nan,nan,,nan,nan,nan,2,23,-,READY owner=Surnn refs=24,"{""cmd"": ""STOP"", ""status"": ""READY"", ""detector"": ""yolo"", ""state"": ""IDLE"", ""owner"": ""Surnn"", ""score"": null, ""match_max"": 0.5, ""refs"": 24, ""match_mode"": ""none"", ""steer_zones"": 41, ""people"": 0, ""track_id"": null, ""target_ex"": 0.0, ""target_cx_vel_px_s"": 0.0, ""target_age_s"": null, ""lidar_min_m"": 0.28, ""target_lidar_m"": null, ""target_lidar_deg"": null, ""camera_range_m"
2026-07-16T22:49:33.043,887.044,mission_20260716_223446_manual,MANUAL,,0,13.330303192138672,100.9979248046875,150.3742507293228,4,True,0.6790000200271606,1,0,0,1,0,0.0,0.0,0.0,0,0,nan,nan,nan,,nan,nan,nan,2,24,-,READY owner=Surnn refs=24,"{""cmd"": ""STOP"", ""status"": ""READY"", ""detector"": ""yolo"", ""state"": ""IDLE"", ""owner"": ""Surnn"", ""score"": null, ""match_max"": 0.5, ""refs"": 24, ""match_mode"": ""none"", ""steer_zones"": 41, ""people"": 0, ""track_id"": null, ""target_ex"": 0.0, ""target_cx_vel_px_s"": 0.0, ""target_age_s"": null, ""lidar_min_m"": 0.28, ""target_lidar_m"": null, ""target_lidar_deg"": null, ""camera_range_m"
2026-07-16T22:49:35.048,889.048,mission_20260716_223446_manual,MANUAL,,0,13.330304145812988,100.9979248046875,150.36429231351292,4,True,0.6782500147819519,1,0,0,1,0,0.0,0.0,0.0,0,0,nan,nan,nan,,nan,nan,nan,2,24,-,READY owner=Surnn refs=24,"{""cmd"": ""STOP"", ""status"": ""READY"", ""detector"": ""yolo"", ""state"": ""IDLE"", ""owner"": ""Surnn"", ""score"": null, ""match_max"": 0.5, ""refs"": 24, ""match_mode"": ""none"", ""steer_zones"": 41, ""people"": 0, ""track_id"": null, ""target_ex"": 0.0, ""target_cx_vel_px_s"": 0.0, ""target_age_s"": null, ""lidar_min_m"": 0.29, ""target_lidar_m"": null, ""target_lidar_deg"": null, ""camera_range_m"
2026-07-16T22:49:37.048,891.049,mission_20260716_223446_manual,MANUAL,,0,13.330305099487305,100.9979248046875,150.35542672797024,4,True,0.6777499914169312,1,0,0,1,0,0.0,0.0,0.0,0,0,nan,nan,nan,,nan,nan,nan,2,24,-,READY owner=Surnn refs=24,"{""cmd"": ""STOP"", ""status"": ""READY"", ""detector"": ""yolo"", ""state"": ""IDLE"", ""owner"": ""Surnn"", ""score"": null, ""match_max"": 0.5, ""refs"": 24, ""match_mode"": ""none"", ""steer_zones"": 41, ""people"": 0, ""track_id"": null, ""target_ex"": 0.0, ""target_cx_vel_px_s"": 0.0, ""target_age_s"": null, ""lidar_min_m"": 0.27, ""target_lidar_m"": null, ""target_lidar_deg"": null, ""camera_range_m"
2026-07-16T22:49:39.172,893.172,mission_20260716_223446_manual,MANUAL,,0,13.330306053161621,100.9979248046875,150.34638355750914,4,True,0.6794999837875366,1,0,0,1,0,0.0,0.0,0.0,0,0,nan,nan,nan,,nan,nan,nan,2,24,-,READY owner=Surnn refs=24,"{""cmd"": ""STOP"", ""status"": ""READY"", ""detector"": ""yolo"", ""state"": ""IDLE"", ""owner"": ""Surnn"", ""score"": null, ""match_max"": 0.5, ""refs"": 24, ""match_mode"": ""none"", ""steer_zones"": 41, ""people"": 0, ""track_id"": null, ""target_ex"": 0.0, ""target_cx_vel_px_s"": 0.0, ""target_age_s"": null, ""lidar_min_m"": 0.28, ""target_lidar_m"": null, ""target_lidar_deg"": null, ""camera_range_m"
2026-07-16T22:49:41.178,895.179,mission_20260716_223446_manual,MANUAL,,0,13.330306053161621,100.9979248046875,150.3328597829525,4,True,0.6792500019073486,1,0,0,1,0,0.0,0.0,0.0,0,0,nan,nan,nan,,nan,nan,nan,2,24,-,READY owner=Surnn refs=24,"{""cmd"": ""STOP"", ""status"": ""READY"", ""detector"": ""yolo"", ""state"": ""IDLE"", ""owner"": ""Surnn"", ""score"": null, ""match_max"": 0.5, ""refs"": 24, ""match_mode"": ""none"", ""steer_zones"": 41, ""people"": 0, ""track_id"": null, ""target_ex"": 0.0, ""target_cx_vel_px_s"": 0.0, ""target_age_s"": null, ""lidar_min_m"": 0.27, ""target_lidar_m"": null, ""target_lidar_deg"": null, ""camera_range_m"
2026-07-16T22:49:43.310,897.31,mission_20260716_223446_manual,MANUAL,,0,13.330305099487305,100.9979248046875,150.34094672692981,4,True,0.6759999990463257,1,0,0,1,0,0.0,0.0,0.0,0,0,nan,nan,nan,,nan,nan,nan,2,24,-,READY owner=Surnn refs=24,"{""cmd"": ""STOP"", ""status"": ""READY"", ""detector"": ""yolo"", ""state"": ""IDLE"", ""owner"": ""Surnn"", ""score"": null, ""match_max"": 0.5, ""refs"": 24, ""match_mode"": ""none"", ""steer_zones"": 41, ""people"": 0, ""track_id"": null, ""target_ex"": 0.0, ""target_cx_vel_px_s"": 0.0, ""target_age_s"": null, ""lidar_min_m"": 0.28, ""target_lidar_m"": null, ""target_lidar_deg"": null, ""camera_range_m"
2026-07-16T22:49:45.444,899.444,mission_20260716_223446_manual,MANUAL,,0,13.330305099487305,100.9979248046875,150.3304009148513,4,True,0.6817499995231628,1,0,0,1,0,0.0,0.0,0.0,0,0,nan,nan,nan,,nan,nan,nan,2,25,-,READY owner=Surnn refs=24,"{""cmd"": ""STOP"", ""status"": ""READY"", ""detector"": ""yolo"", ""state"": ""IDLE"", ""owner"": ""Surnn"", ""score"": null, ""match_max"": 0.5, ""refs"": 24, ""match_mode"": ""none"", ""steer_zones"": 41, ""people"": 0, ""track_id"": null, ""target_ex"": 0.0, ""target_cx_vel_px_s"": 0.0, ""target_age_s"": null, ""lidar_min_m"": 0.28, ""target_lidar_m"": null, ""target_lidar_deg"": null, ""camera_range_m"
2026-07-16T22:49:47.572,901.573,mission_20260716_223446_manual,MANUAL,,0,13.330304145812988,100.9979248046875,150.33719012288628,4,True,0.6807500123977661,1,0,0,1,0,0.0,0.0,0.0,0,0,nan,nan,nan,,nan,nan,nan,2,25,-,READY owner=Surnn refs=24,"{""cmd"": ""STOP"", ""status"": ""READY"", ""detector"": ""yolo"", ""state"": ""IDLE"", ""owner"": ""Surnn"", ""score"": null, ""match_max"": 0.5, ""refs"": 24, ""match_mode"": ""none"", ""steer_zones"": 41, ""people"": 0, ""track_id"": null, ""target_ex"": 0.0, ""target_cx_vel_px_s"": 0.0, ""target_age_s"": null, ""lidar_min_m"": 0.28, ""target_lidar_m"": null, ""target_lidar_deg"": null, ""camera_range_m"
2026-07-16T22:49:49.702,903.702,mission_20260716_223446_manual,MANUAL,,0,13.330301284790039,100.99793243408203,150.34859653880022,4,True,0.6772500276565552,1,0,0,1,0,0.0,0.0,0.0,0,0,nan,nan,nan,,nan,nan,nan,2,26,-,READY owner=Surnn refs=24,"{""cmd"": ""STOP"", ""status"": ""READY"", ""detector"": ""yolo"", ""state"": ""IDLE"", ""owner"": ""Surnn"", ""score"": null, ""match_max"": 0.5, ""refs"": 24, ""match_mode"": ""none"", ""steer_zones"": 41, ""people"": 0, ""track_id"": null, ""target_ex"": 0.0, ""target_cx_vel_px_s"": 0.0, ""target_age_s"": null, ""lidar_min_m"": 0.27, ""target_lidar_m"": null, ""target_lidar_deg"": null, ""camera_range_m"
2026-07-16T22:49:51.834,905.835,mission_20260716_223446_manual,MANUAL,,0,13.330299377441406,100.99793243408203,150.35660152050747,4,True,0.6794999837875366,1,0,0,1,0,0.0,0.0,0.0,0,0,nan,nan,nan,,nan,nan,nan,2,26,-,READY owner=Surnn refs=24,"{""cmd"": ""STOP"", ""status"": ""READY"", ""detector"": ""yolo"", ""state"": ""IDLE"", ""owner"": ""Surnn"", ""score"": null, ""match_max"": 0.5, ""refs"": 24, ""match_mode"": ""none"", ""steer_zones"": 41, ""people"": 0, ""track_id"": null, ""target_ex"": 0.0, ""target_cx_vel_px_s"": 0.0, ""target_age_s"": null, ""lidar_min_m"": 0.27, ""target_lidar_m"": null, ""target_lidar_deg"": null, ""camera_range_m"
2026-07-16T22:49:53.948,907.949,mission_20260716_223446_manual,MANUAL,,0,13.330296516418457,100.99793243408203,150.38330756016222,4,True,0.6772500276565552,1,0,0,1,0,0.0,0.0,0.0,0,0,nan,nan,nan,,nan,nan,nan,2,26,-,READY owner=Surnn refs=24,"{""cmd"": ""STOP"", ""status"": ""READY"", ""detector"": ""yolo"", ""state"": ""IDLE"", ""owner"": ""Surnn"", ""score"": null, ""match_max"": 0.5, ""refs"": 24, ""match_mode"": ""none"", ""steer_zones"": 41, ""people"": 0, ""track_id"": null, ""target_ex"": 0.0, ""target_cx_vel_px_s"": 0.0, ""target_age_s"": null, ""lidar_min_m"": 0.27, ""target_lidar_m"": null, ""target_lidar_deg"": null, ""camera_range_m"
2026-07-16T22:49:55.953,909.953,mission_20260716_223446_manual,MANUAL,,0,13.330293655395508,100.99793243408203,150.40296484459353,4,True,0.6777499914169312,1,0,0,1,0,0.0,0.0,0.0,0,0,nan,nan,nan,,nan,nan,nan,2,27,-,READY owner=Surnn refs=24,"{""cmd"": ""STOP"", ""status"": ""READY"", ""detector"": ""yolo"", ""state"": ""IDLE"", ""owner"": ""Surnn"", ""score"": null, ""match_max"": 0.5, ""refs"": 24, ""match_mode"": ""none"", ""steer_zones"": 41, ""people"": 0, ""track_id"": null, ""target_ex"": 0.0, ""target_cx_vel_px_s"": 0.0, ""target_age_s"": null, ""lidar_min_m"": 0.26, ""target_lidar_m"": null, ""target_lidar_deg"": null, ""camera_range_m"
2026-07-16T22:49:58.079,912.079,mission_20260716_223446_manual,MANUAL,,0,13.330291748046875,100.99793243408203,150.43252590332133,4,True,0.6784999966621399,1,0,0,1,0,0.0,0.0,0.0,0,0,nan,nan,nan,,nan,nan,nan,2,27,-,READY owner=Surnn refs=24,"{""cmd"": ""STOP"", ""status"": ""READY"", ""detector"": ""yolo"", ""state"": ""IDLE"", ""owner"": ""Surnn"", ""score"": null, ""match_max"": 0.5, ""refs"": 24, ""match_mode"": ""none"", ""steer_zones"": 41, ""people"": 0, ""track_id"": null, ""target_ex"": 0.0, ""target_cx_vel_px_s"": 0.0, ""target_age_s"": null, ""lidar_min_m"": 0.27, ""target_lidar_m"": null, ""target_lidar_deg"": null, ""camera_range_m"
2026-07-16T22:50:00.206,914.206,mission_20260716_223446_manual,MANUAL,,0,13.330288887023926,100.99793243408203,150.44184228134924,4,True,0.6802499890327454,1,0,0,1,0,0.0,0.0,0.0,0,0,nan,nan,nan,,nan,nan,nan,2,27,-,READY owner=Surnn refs=24,"{""cmd"": ""STOP"", ""status"": ""READY"", ""detector"": ""yolo"", ""state"": ""IDLE"", ""owner"": ""Surnn"", ""score"": null, ""match_max"": 0.5, ""refs"": 24, ""match_mode"": ""none"", ""steer_zones"": 41, ""people"": 0, ""track_id"": null, ""target_ex"": 0.0, ""target_cx_vel_px_s"": 0.0, ""target_age_s"": null, ""lidar_min_m"": 0.27, ""target_lidar_m"": null, ""target_lidar_deg"": null, ""camera_range_m"
2026-07-16T22:50:02.213,916.214,mission_20260716_223446_manual,MANUAL,,0,13.330286979675293,100.99793243408203,150.4501614517583,4,True,0.6794999837875366,1,0,0,1,0,0.0,0.0,0.0,0,0,nan,nan,nan,,nan,nan,nan,2,27,-,READY owner=Surnn refs=24,"{""cmd"": ""STOP"", ""status"": ""READY"", ""detector"": ""yolo"", ""state"": ""IDLE"", ""owner"": ""Surnn"", ""score"": null, ""match_max"": 0.5, ""refs"": 24, ""match_mode"": ""none"", ""steer_zones"": 41, ""people"": 0, ""track_id"": null, ""target_ex"": 0.0, ""target_cx_vel_px_s"": 0.0, ""target_age_s"": null, ""lidar_min_m"": 0.29, ""target_lidar_m"": null, ""target_lidar_deg"": null, ""camera_range_m"
2026-07-16T22:50:04.326,918.327,mission_20260716_223446_manual,MANUAL,,0,13.33028507232666,100.99793243408203,150.47479111390538,4,True,0.6779999732971191,1,0,0,1,0,0.0,0.0,0.0,0,0,nan,nan,nan,,nan,nan,nan,2,26,-,READY owner=Surnn refs=24,"{""cmd"": ""STOP"", ""status"": ""READY"", ""detector"": ""yolo"", ""state"": ""IDLE"", ""owner"": ""Surnn"", ""score"": null, ""match_max"": 0.5, ""refs"": 24, ""match_mode"": ""none"", ""steer_zones"": 41, ""people"": 0, ""track_id"": null, ""target_ex"": 0.0, ""target_cx_vel_px_s"": 0.0, ""target_age_s"": null, ""lidar_min_m"": 0.27, ""target_lidar_m"": null, ""target_lidar_deg"": null, ""camera_range_m"
2026-07-16T22:50:06.452,920.453,mission_20260716_223446_manual,MANUAL,,0,13.330284118652344,100.99793243408203,150.47450424596025,4,True,0.6800000071525574,1,0,0,1,0,0.0,0.0,0.0,0,0,nan,nan,nan,,nan,nan,nan,2,26,-,READY owner=Surnn refs=24,"{""cmd"": ""STOP"", ""status"": ""READY"", ""detector"": ""yolo"", ""state"": ""IDLE"", ""owner"": ""Surnn"", ""score"": null, ""match_max"": 0.5, ""refs"": 24, ""match_mode"": ""none"", ""steer_zones"": 41, ""people"": 0, ""track_id"": null, ""target_ex"": 0.0, ""target_cx_vel_px_s"": 0.0, ""target_age_s"": null, ""lidar_min_m"": 0.29, ""target_lidar_m"": null, ""target_lidar_deg"": null, ""camera_range_m"
2026-07-16T22:50:08.582,922.582,mission_20260716_223446_manual,MANUAL,,0,13.330283164978027,100.99793243408203,150.47625277438775,4,True,0.6800000071525574,1,0,0,1,0,0.0,0.0,0.0,0,0,nan,nan,nan,,nan,nan,nan,2,26,-,READY owner=Surnn refs=24,"{""cmd"": ""STOP"", ""status"": ""READY"", ""detector"": ""yolo"", ""state"": ""IDLE"", ""owner"": ""Surnn"", ""score"": null, ""match_max"": 0.5, ""refs"": 24, ""match_mode"": ""none"", ""steer_zones"": 41, ""people"": 0, ""track_id"": null, ""target_ex"": 0.0, ""target_cx_vel_px_s"": 0.0, ""target_age_s"": null, ""lidar_min_m"": 0.27, ""target_lidar_m"": null, ""target_lidar_deg"": null, ""camera_range_m"
2026-07-16T22:50:10.700,924.701,mission_20260716_223446_manual,MANUAL,,0,13.330282211303711,100.99793243408203,150.4824409257758,4,True,0.6790000200271606,1,0,0,1,0,0.0,0.0,0.0,0,0,nan,nan,nan,,nan,nan,nan,2,28,-,READY owner=Surnn refs=24,"{""cmd"": ""STOP"", ""status"": ""READY"", ""detector"": ""yolo"", ""state"": ""IDLE"", ""owner"": ""Surnn"", ""score"": null, ""match_max"": 0.5, ""refs"": 24, ""match_mode"": ""none"", ""steer_zones"": 41, ""people"": 0, ""track_id"": null, ""target_ex"": 0.0, ""target_cx_vel_px_s"": 0.0, ""target_age_s"": null, ""lidar_min_m"": 0.26, ""target_lidar_m"": null, ""target_lidar_deg"": null, ""camera_range_m"
2026-07-16T22:50:12.835,926.836,mission_20260716_223446_manual,MANUAL,,0,13.330282211303711,100.99793243408203,150.502617304584,4,True,0.6787499785423279,1,0,0,1,0,0.0,0.0,0.0,0,0,nan,nan,nan,,nan,nan,nan,2,29,-,READY owner=Surnn refs=24,"{""cmd"": ""STOP"", ""status"": ""READY"", ""detector"": ""yolo"", ""state"": ""IDLE"", ""owner"": ""Surnn"", ""score"": null, ""match_max"": 0.5, ""refs"": 24, ""match_mode"": ""none"", ""steer_zones"": 41, ""people"": 0, ""track_id"": null, ""target_ex"": 0.0, ""target_cx_vel_px_s"": 0.0, ""target_age_s"": null, ""lidar_min_m"": 0.27, ""target_lidar_m"": null, ""target_lidar_deg"": null, ""camera_range_m"
2026-07-16T22:50:14.962,928.962,mission_20260716_223446_manual,MANUAL,,0,13.330282211303711,100.99793243408203,150.51272598455563,4,True,0.6779999732971191,1,0,0,1,0,0.0,0.0,0.0,0,0,nan,nan,nan,,nan,nan,nan,2,29,-,READY owner=Surnn refs=24,"{""cmd"": ""STOP"", ""status"": ""READY"", ""detector"": ""yolo"", ""state"": ""IDLE"", ""owner"": ""Surnn"", ""score"": null, ""match_max"": 0.5, ""refs"": 24, ""match_mode"": ""none"", ""steer_zones"": 41, ""people"": 0, ""track_id"": null, ""target_ex"": 0.0, ""target_cx_vel_px_s"": 0.0, ""target_age_s"": null, ""lidar_min_m"": 0.28, ""target_lidar_m"": null, ""target_lidar_deg"": null, ""camera_range_m"
2026-07-16T22:50:16.981,930.982,mission_20260716_223446_manual,MANUAL,,0,13.330281257629395,100.99793243408203,150.52174183426004,4,True,0.6797500252723694,1,0,0,1,0,0.0,0.0,0.0,0,0,nan,nan,nan,,nan,nan,nan,2,29,-,READY owner=Surnn refs=24,"{""cmd"": ""STOP"", ""status"": ""READY"", ""detector"": ""yolo"", ""state"": ""IDLE"", ""owner"": ""Surnn"", ""score"": null, ""match_max"": 0.5, ""refs"": 24, ""match_mode"": ""none"", ""steer_zones"": 41, ""people"": 0, ""track_id"": null, ""target_ex"": 0.0, ""target_cx_vel_px_s"": 0.0, ""target_age_s"": null, ""lidar_min_m"": 0.27, ""target_lidar_m"": null, ""target_lidar_deg"": null, ""camera_range_m"
2026-07-16T22:50:18.988,932.989,mission_20260716_223446_manual,MANUAL,,0,13.330281257629395,100.99793243408203,150.54081172242272,4,True,0.6802499890327454,1,0,0,1,0,0.0,0.0,0.0,0,0,nan,nan,nan,,nan,nan,nan,2,29,-,READY owner=Surnn refs=24,"{""cmd"": ""STOP"", ""status"": ""READY"", ""detector"": ""yolo"", ""state"": ""IDLE"", ""owner"": ""Surnn"", ""score"": null, ""match_max"": 0.5, ""refs"": 24, ""match_mode"": ""none"", ""steer_zones"": 41, ""people"": 0, ""track_id"": null, ""target_ex"": 0.0, ""target_cx_vel_px_s"": 0.0, ""target_age_s"": null, ""lidar_min_m"": 0.29, ""target_lidar_m"": null, ""target_lidar_deg"": null, ""camera_range_m"
2026-07-16T22:50:21.113,935.114,mission_20260716_223446_manual,MANUAL,,0,13.330280303955078,100.9979248046875,150.55007345893725,4,True,0.6807500123977661,1,0,0,1,0,0.0,0.0,0.0,0,0,nan,nan,nan,,nan,nan,nan,2,29,-,READY owner=Surnn refs=24,"{""cmd"": ""STOP"", ""status"": ""READY"", ""detector"": ""yolo"", ""state"": ""IDLE"", ""owner"": ""Surnn"", ""score"": null, ""match_max"": 0.5, ""refs"": 24, ""match_mode"": ""none"", ""steer_zones"": 41, ""people"": 0, ""track_id"": null, ""target_ex"": 0.0, ""target_cx_vel_px_s"": 0.0, ""target_age_s"": null, ""lidar_min_m"": 0.27, ""target_lidar_m"": null, ""target_lidar_deg"": null, ""camera_range_m"
2026-07-16T22:50:23.240,937.241,mission_20260716_223446_manual,MANUAL,,0,13.330278396606445,100.9979248046875,150.55673972356718,4,True,0.6779999732971191,1,0,0,1,0,0.0,0.0,0.0,0,0,nan,nan,nan,,nan,nan,nan,2,29,-,READY owner=Surnn refs=24,"{""cmd"": ""STOP"", ""status"": ""READY"", ""detector"": ""yolo"", ""state"": ""IDLE"", ""owner"": ""Surnn"", ""score"": null, ""match_max"": 0.5, ""refs"": 24, ""match_mode"": ""none"", ""steer_zones"": 41, ""people"": 0, ""track_id"": null, ""target_ex"": 0.0, ""target_cx_vel_px_s"": 0.0, ""target_age_s"": null, ""lidar_min_m"": 0.29, ""target_lidar_m"": null, ""target_lidar_deg"": null, ""camera_range_m"
2026-07-16T22:50:25.365,939.365,mission_20260716_223446_manual,MANUAL,,0,13.330277442932129,100.9979248046875,150.55914395015503,4,True,0.6797500252723694,1,0,0,1,0,0.0,0.0,0.0,0,0,nan,nan,nan,,nan,nan,nan,2,28,-,READY owner=Surnn refs=24,"{""cmd"": ""STOP"", ""status"": ""READY"", ""detector"": ""yolo"", ""state"": ""IDLE"", ""owner"": ""Surnn"", ""score"": null, ""match_max"": 0.5, ""refs"": 24, ""match_mode"": ""none"", ""steer_zones"": 41, ""people"": 0, ""track_id"": null, ""target_ex"": 0.0, ""target_cx_vel_px_s"": 0.0, ""target_age_s"": null, ""lidar_min_m"": 0.28, ""target_lidar_m"": null, ""target_lidar_deg"": null, ""camera_range_m"
2026-07-16T22:50:27.381,941.382,mission_20260716_223446_manual,MANUAL,,0,13.330277442932129,100.9979248046875,150.56870621499306,4,True,0.6772500276565552,1,0,0,1,0,0.0,0.0,0.0,0,0,nan,nan,nan,,nan,nan,nan,2,29,-,READY owner=Surnn refs=24,"{""cmd"": ""STOP"", ""status"": ""READY"", ""detector"": ""yolo"", ""state"": ""IDLE"", ""owner"": ""Surnn"", ""score"": null, ""match_max"": 0.5, ""refs"": 24, ""match_mode"": ""none"", ""steer_zones"": 41, ""people"": 0, ""track_id"": null, ""target_ex"": 0.0, ""target_cx_vel_px_s"": 0.0, ""target_age_s"": null, ""lidar_min_m"": 0.26, ""target_lidar_m"": null, ""target_lidar_deg"": null, ""camera_range_m"
2026-07-16T22:50:29.389,943.39,mission_20260716_223446_manual,MANUAL,,0,13.330276489257812,100.9979248046875,150.58131474420088,4,True,0.6777499914169312,1,0,0,1,0,0.0,0.0,0.0,0,0,nan,nan,nan,,nan,nan,nan,2,29,-,READY owner=Surnn refs=24,"{""cmd"": ""STOP"", ""status"": ""READY"", ""detector"": ""yolo"", ""state"": ""IDLE"", ""owner"": ""Surnn"", ""score"": null, ""match_max"": 0.5, ""refs"": 24, ""match_mode"": ""none"", ""steer_zones"": 41, ""people"": 0, ""track_id"": null, ""target_ex"": 0.0, ""target_cx_vel_px_s"": 0.0, ""target_age_s"": null, ""lidar_min_m"": 0.28, ""target_lidar_m"": null, ""target_lidar_deg"": null, ""camera_range_m"
2026-07-16T22:50:31.520,945.52,mission_20260716_223446_manual,MANUAL,,0,13.330276489257812,100.9979248046875,150.5882132352626,4,True,0.6804999709129333,1,0,0,1,0,0.0,0.0,0.0,0,0,nan,nan,nan,,nan,nan,nan,2,29,-,READY owner=Surnn refs=24,"{""cmd"": ""STOP"", ""status"": ""READY"", ""detector"": ""yolo"", ""state"": ""IDLE"", ""owner"": ""Surnn"", ""score"": null, ""match_max"": 0.5, ""refs"": 24, ""match_mode"": ""none"", ""steer_zones"": 41, ""people"": 0, ""track_id"": null, ""target_ex"": 0.0, ""target_cx_vel_px_s"": 0.0, ""target_age_s"": null, ""lidar_min_m"": 0.28, ""target_lidar_m"": null, ""target_lidar_deg"": null, ""camera_range_m"
2026-07-16T22:50:33.648,947.648,mission_20260716_223446_manual,MANUAL,,0,13.330276489257812,100.9979248046875,150.5925708959531,4,True,0.6775000095367432,1,0,0,1,0,0.0,0.0,0.0,0,0,nan,nan,nan,,nan,nan,nan,2,29,-,READY owner=Surnn refs=24,"{""cmd"": ""STOP"", ""status"": ""READY"", ""detector"": ""yolo"", ""state"": ""IDLE"", ""owner"": ""Surnn"", ""score"": null, ""match_max"": 0.5, ""refs"": 24, ""match_mode"": ""none"", ""steer_zones"": 41, ""people"": 0, ""track_id"": null, ""target_ex"": 0.0, ""target_cx_vel_px_s"": 0.0, ""target_age_s"": null, ""lidar_min_m"": 0.27, ""target_lidar_m"": null, ""target_lidar_deg"": null, ""camera_range_m"
2026-07-16T22:50:35.654,949.655,mission_20260716_223446_manual,MANUAL,,0,13.330276489257812,100.9979248046875,150.5901530089869,4,True,0.6809999942779541,1,0,0,1,0,0.0,0.0,0.0,0,0,nan,nan,nan,,nan,nan,nan,2,28,-,READY owner=Surnn refs=24,"{""cmd"": ""STOP"", ""status"": ""READY"", ""detector"": ""yolo"", ""state"": ""IDLE"", ""owner"": ""Surnn"", ""score"": null, ""match_max"": 0.5, ""refs"": 24, ""match_mode"": ""none"", ""steer_zones"": 41, ""people"": 0, ""track_id"": null, ""target_ex"": 0.0, ""target_cx_vel_px_s"": 0.0, ""target_age_s"": null, ""lidar_min_m"": 0.29, ""target_lidar_m"": null, ""target_lidar_deg"": null, ""camera_range_m"
2026-07-16T22:50:37.656,951.656,mission_20260716_223446_manual,MANUAL,,0,13.330276489257812,100.9979248046875,150.59687391513017,4,True,0.6797500252723694,1,0,0,1,0,0.0,0.0,0.0,0,0,nan,nan,nan,,nan,nan,nan,2,29,-,READY owner=Surnn refs=24,"{""cmd"": ""STOP"", ""status"": ""READY"", ""detector"": ""yolo"", ""state"": ""IDLE"", ""owner"": ""Surnn"", ""score"": null, ""match_max"": 0.5, ""refs"": 24, ""match_mode"": ""none"", ""steer_zones"": 41, ""people"": 0, ""track_id"": null, ""target_ex"": 0.0, ""target_cx_vel_px_s"": 0.0, ""target_age_s"": null, ""lidar_min_m"": 0.27, ""target_lidar_m"": null, ""target_lidar_deg"": null, ""camera_range_m"
2026-07-16T22:50:39.780,953.781,mission_20260716_223446_manual,MANUAL,,0,13.330276489257812,100.9979248046875,150.60437346283885,4,True,0.6790000200271606,1,0,0,1,0,0.0,0.0,0.0,0,0,nan,nan,nan,,nan,nan,nan,2,29,-,READY owner=Surnn refs=24,"{""cmd"": ""STOP"", ""status"": ""READY"", ""detector"": ""yolo"", ""state"": ""IDLE"", ""owner"": ""Surnn"", ""score"": null, ""match_max"": 0.5, ""refs"": 24, ""match_mode"": ""none"", ""steer_zones"": 41, ""people"": 0, ""track_id"": null, ""target_ex"": 0.0, ""target_cx_vel_px_s"": 0.0, ""target_age_s"": null, ""lidar_min_m"": 0.29, ""target_lidar_m"": null, ""target_lidar_deg"": null, ""camera_range_m"
2026-07-16T22:50:41.909,955.91,mission_20260716_223446_manual,MANUAL,,0,13.330275535583496,100.9979248046875,150.60112229279392,4,True,0.6802499890327454,1,0,0,1,0,0.0,0.0,0.0,0,0,nan,nan,nan,,nan,nan,nan,2,29,-,READY owner=Surnn refs=24,"{""cmd"": ""STOP"", ""status"": ""READY"", ""detector"": ""yolo"", ""state"": ""IDLE"", ""owner"": ""Surnn"", ""score"": null, ""match_max"": 0.5, ""refs"": 24, ""match_mode"": ""none"", ""steer_zones"": 41, ""people"": 0, ""track_id"": null, ""target_ex"": 0.0, ""target_cx_vel_px_s"": 0.0, ""target_age_s"": null, ""lidar_min_m"": 0.27, ""target_lidar_m"": null, ""target_lidar_deg"": null, ""camera_range_m"
2026-07-16T22:50:44.041,958.041,mission_20260716_223446_manual,MANUAL,,0,13.330275535583496,100.9979248046875,150.60564387802447,4,True,0.6794999837875366,1,0,0,1,0,0.0,0.0,0.0,0,0,nan,nan,nan,,nan,nan,nan,2,29,-,READY owner=Surnn refs=24,"{""cmd"": ""STOP"", ""status"": ""READY"", ""detector"": ""yolo"", ""state"": ""IDLE"", ""owner"": ""Surnn"", ""score"": null, ""match_max"": 0.5, ""refs"": 24, ""match_mode"": ""none"", ""steer_zones"": 41, ""people"": 0, ""track_id"": null, ""target_ex"": 0.0, ""target_cx_vel_px_s"": 0.0, ""target_age_s"": null, ""lidar_min_m"": 0.28, ""target_lidar_m"": null, ""target_lidar_deg"": null, ""camera_range_m"
2026-07-16T22:50:46.057,960.057,mission_20260716_223446_manual,MANUAL,,0,13.330275535583496,100.9979248046875,150.61228282189774,4,True,0.6777499914169312,1,0,0,1,0,0.0,0.0,0.0,0,0,nan,nan,nan,,nan,nan,nan,2,29,-,READY owner=Surnn refs=24,"{""cmd"": ""STOP"", ""status"": ""READY"", ""detector"": ""yolo"", ""state"": ""IDLE"", ""owner"": ""Surnn"", ""score"": null, ""match_max"": 0.5, ""refs"": 24, ""match_mode"": ""none"", ""steer_zones"": 41, ""people"": 0, ""track_id"": null, ""target_ex"": 0.0, ""target_cx_vel_px_s"": 0.0, ""target_age_s"": null, ""lidar_min_m"": 0.28, ""target_lidar_m"": null, ""target_lidar_deg"": null, ""camera_range_m"
2026-07-16T22:50:48.060,962.06,mission_20260716_223446_manual,MANUAL,,0,13.330276489257812,100.9979248046875,150.6184163317724,4,True,0.6775000095367432,1,0,0,1,0,0.0,0.0,0.0,0,0,nan,nan,nan,,nan,nan,nan,2,29,-,READY owner=Surnn refs=24,"{""cmd"": ""STOP"", ""status"": ""READY"", ""detector"": ""yolo"", ""state"": ""IDLE"", ""owner"": ""Surnn"", ""score"": null, ""match_max"": 0.5, ""refs"": 24, ""match_mode"": ""none"", ""steer_zones"": 41, ""people"": 0, ""track_id"": null, ""target_ex"": 0.0, ""target_cx_vel_px_s"": 0.0, ""target_age_s"": null, ""lidar_min_m"": 0.3, ""target_lidar_m"": null, ""target_lidar_deg"": null, ""camera_range_m"""
2026-07-16T22:50:50.173,964.173,mission_20260716_223446_manual,MANUAL,,0,13.330276489257812,100.9979248046875,150.61240576530278,4,True,0.6784999966621399,1,0,0,1,0,0.0,0.0,0.0,0,0,nan,nan,nan,,nan,nan,nan,2,29,-,READY owner=Surnn refs=24,"{""cmd"": ""STOP"", ""status"": ""READY"", ""detector"": ""yolo"", ""state"": ""IDLE"", ""owner"": ""Surnn"", ""score"": null, ""match_max"": 0.5, ""refs"": 24, ""match_mode"": ""none"", ""steer_zones"": 41, ""people"": 0, ""track_id"": null, ""target_ex"": 0.0, ""target_cx_vel_px_s"": 0.0, ""target_age_s"": null, ""lidar_min_m"": 0.27, ""target_lidar_m"": null, ""target_lidar_deg"": null, ""camera_range_m"
2026-07-16T22:50:52.289,966.289,mission_20260716_223446_manual,MANUAL,,0,13.330277442932129,100.9979248046875,150.61348493519165,4,True,0.6782500147819519,1,0,0,1,0,0.0,0.0,0.0,0,0,nan,nan,nan,,nan,nan,nan,2,29,-,READY owner=Surnn refs=24,"{""cmd"": ""STOP"", ""status"": ""READY"", ""detector"": ""yolo"", ""state"": ""IDLE"", ""owner"": ""Surnn"", ""score"": null, ""match_max"": 0.5, ""refs"": 24, ""match_mode"": ""none"", ""steer_zones"": 41, ""people"": 0, ""track_id"": null, ""target_ex"": 0.0, ""target_cx_vel_px_s"": 0.0, ""target_age_s"": null, ""lidar_min_m"": 0.27, ""target_lidar_m"": null, ""target_lidar_deg"": null, ""camera_range_m"
2026-07-16T22:50:54.409,968.41,mission_20260716_223446_manual,MANUAL,,0,13.330278396606445,100.99791717529297,150.61740546377524,4,True,0.6777499914169312,1,0,0,1,0,0.0,0.0,0.0,0,0,nan,nan,nan,,nan,nan,nan,2,29,-,READY owner=Surnn refs=24,"{""cmd"": ""STOP"", ""status"": ""READY"", ""detector"": ""yolo"", ""state"": ""IDLE"", ""owner"": ""Surnn"", ""score"": null, ""match_max"": 0.5, ""refs"": 24, ""match_mode"": ""none"", ""steer_zones"": 41, ""people"": 0, ""track_id"": null, ""target_ex"": 0.0, ""target_cx_vel_px_s"": 0.0, ""target_age_s"": null, ""lidar_min_m"": 0.28, ""target_lidar_m"": null, ""target_lidar_deg"": null, ""camera_range_m"
2026-07-16T22:50:56.541,970.541,mission_20260716_223446_manual,MANUAL,,0,13.330278396606445,100.99791717529297,150.6184846336641,4,True,0.6790000200271606,1,0,0,1,0,0.0,0.0,0.0,0,0,nan,nan,nan,,nan,nan,nan,2,29,-,READY owner=Surnn refs=24,"{""cmd"": ""STOP"", ""status"": ""READY"", ""detector"": ""yolo"", ""state"": ""IDLE"", ""owner"": ""Surnn"", ""score"": null, ""match_max"": 0.5, ""refs"": 24, ""match_mode"": ""none"", ""steer_zones"": 41, ""people"": 0, ""track_id"": null, ""target_ex"": 0.0, ""target_cx_vel_px_s"": 0.0, ""target_age_s"": null, ""lidar_min_m"": 0.28, ""target_lidar_m"": null, ""target_lidar_deg"": null, ""camera_range_m"
2026-07-16T22:50:58.548,972.549,mission_20260716_223446_manual,MANUAL,,0,13.330279350280762,100.99791717529297,150.61102606709045,4,True,0.6802499890327454,1,0,0,1,0,0.0,0.0,0.0,0,0,nan,nan,nan,,nan,nan,nan,2,29,-,READY owner=Surnn refs=24,"{""cmd"": ""STOP"", ""status"": ""READY"", ""detector"": ""yolo"", ""state"": ""IDLE"", ""owner"": ""Surnn"", ""score"": null, ""match_max"": 0.5, ""refs"": 24, ""match_mode"": ""none"", ""steer_zones"": 41, ""people"": 0, ""track_id"": null, ""target_ex"": 0.0, ""target_cx_vel_px_s"": 0.0, ""target_age_s"": null, ""lidar_min_m"": 0.27, ""target_lidar_m"": null, ""target_lidar_deg"": null, ""camera_range_m"
2026-07-16T22:51:00.552,974.553,mission_20260716_223446_manual,MANUAL,,0,13.330279350280762,100.9979248046875,150.6049745194858,4,True,0.6777499914169312,1,0,0,1,0,0.0,0.0,0.0,0,0,nan,nan,nan,,nan,nan,nan,2,29,-,READY owner=Surnn refs=24,"{""cmd"": ""STOP"", ""status"": ""READY"", ""detector"": ""yolo"", ""state"": ""IDLE"", ""owner"": ""Surnn"", ""score"": null, ""match_max"": 0.5, ""refs"": 24, ""match_mode"": ""none"", ""steer_zones"": 41, ""people"": 0, ""track_id"": null, ""target_ex"": 0.0, ""target_cx_vel_px_s"": 0.0, ""target_age_s"": null, ""lidar_min_m"": 0.28, ""target_lidar_m"": null, ""target_lidar_deg"": null, ""camera_range_m"
2026-07-16T22:51:02.553,976.553,mission_20260716_223446_manual,MANUAL,,0,13.330280303955078,100.9979248046875,150.60870380277265,4,True,0.6779999732971191,1,0,0,1,0,0.0,0.0,0.0,0,0,nan,nan,nan,,nan,nan,nan,2,28,-,READY owner=Surnn refs=24,"{""cmd"": ""STOP"", ""status"": ""READY"", ""detector"": ""yolo"", ""state"": ""IDLE"", ""owner"": ""Surnn"", ""score"": null, ""match_max"": 0.5, ""refs"": 24, ""match_mode"": ""none"", ""steer_zones"": 41, ""people"": 0, ""track_id"": null, ""target_ex"": 0.0, ""target_cx_vel_px_s"": 0.0, ""target_age_s"": null, ""lidar_min_m"": 0.27, ""target_lidar_m"": null, ""target_lidar_deg"": null, ""camera_range_m"
2026-07-16T22:51:04.556,978.556,mission_20260716_223446_manual,MANUAL,,0,13.330281257629395,100.9979248046875,150.61118999163054,4,True,0.6782500147819519,1,0,0,1,0,0.0,0.0,0.0,0,0,nan,nan,nan,,nan,nan,nan,2,28,-,READY owner=Surnn refs=24,"{""cmd"": ""STOP"", ""status"": ""READY"", ""detector"": ""yolo"", ""state"": ""IDLE"", ""owner"": ""Surnn"", ""score"": null, ""match_max"": 0.5, ""refs"": 24, ""match_mode"": ""none"", ""steer_zones"": 41, ""people"": 0, ""track_id"": null, ""target_ex"": 0.0, ""target_cx_vel_px_s"": 0.0, ""target_age_s"": null, ""lidar_min_m"": 0.28, ""target_lidar_m"": null, ""target_lidar_deg"": null, ""camera_range_m"
2026-07-16T22:51:06.663,980.663,mission_20260716_223446_manual,MANUAL,,0,13.330282211303711,100.9979248046875,150.61170908600744,4,True,0.6782500147819519,1,0,0,1,0,0.0,0.0,0.0,0,0,nan,nan,nan,,nan,nan,nan,2,28,-,READY owner=Surnn refs=24,"{""cmd"": ""STOP"", ""status"": ""READY"", ""detector"": ""yolo"", ""state"": ""IDLE"", ""owner"": ""Surnn"", ""score"": null, ""match_max"": 0.5, ""refs"": 24, ""match_mode"": ""none"", ""steer_zones"": 41, ""people"": 0, ""track_id"": null, ""target_ex"": 0.0, ""target_cx_vel_px_s"": 0.0, ""target_age_s"": null, ""lidar_min_m"": 0.27, ""target_lidar_m"": null, ""target_lidar_deg"": null, ""camera_range_m"
2026-07-16T22:51:08.677,982.677,mission_20260716_223446_manual,MANUAL,,0,13.330282211303711,100.9979248046875,150.61012448212,4,True,0.6775000095367432,1,0,0,1,0,0.0,0.0,0.0,0,0,nan,nan,nan,,nan,nan,nan,2,28,-,READY owner=Surnn refs=24,"{""cmd"": ""STOP"", ""status"": ""READY"", ""detector"": ""yolo"", ""state"": ""IDLE"", ""owner"": ""Surnn"", ""score"": null, ""match_max"": 0.5, ""refs"": 24, ""match_mode"": ""none"", ""steer_zones"": 41, ""people"": 0, ""track_id"": null, ""target_ex"": 0.0, ""target_cx_vel_px_s"": 0.0, ""target_age_s"": null, ""lidar_min_m"": 0.29, ""target_lidar_m"": null, ""target_lidar_deg"": null, ""camera_range_m"
2026-07-16T22:51:10.686,984.687,mission_20260716_223446_manual,MANUAL,,0,13.330283164978027,100.9979248046875,150.60694161396677,4,True,0.6794999837875366,1,0,0,1,0,0.0,0.0,0.0,0,0,nan,nan,nan,,nan,nan,nan,2,28,-,READY owner=Surnn refs=24,"{""cmd"": ""STOP"", ""status"": ""READY"", ""detector"": ""yolo"", ""state"": ""IDLE"", ""owner"": ""Surnn"", ""score"": null, ""match_max"": 0.5, ""refs"": 24, ""match_mode"": ""none"", ""steer_zones"": 41, ""people"": 0, ""track_id"": null, ""target_ex"": 0.0, ""target_cx_vel_px_s"": 0.0, ""target_age_s"": null, ""lidar_min_m"": 0.28, ""target_lidar_m"": null, ""target_lidar_deg"": null, ""camera_range_m"
2026-07-16T22:51:12.808,986.809,mission_20260716_223446_manual,MANUAL,,0,13.330284118652344,100.9979248046875,150.597871122749,4,True,0.6797500252723694,1,0,0,1,0,0.0,0.0,0.0,0,0,nan,nan,nan,,nan,nan,nan,2,28,-,READY owner=Surnn refs=24,"{""cmd"": ""STOP"", ""status"": ""READY"", ""detector"": ""yolo"", ""state"": ""IDLE"", ""owner"": ""Surnn"", ""score"": null, ""match_max"": 0.5, ""refs"": 24, ""match_mode"": ""none"", ""steer_zones"": 41, ""people"": 0, ""track_id"": null, ""target_ex"": 0.0, ""target_cx_vel_px_s"": 0.0, ""target_age_s"": null, ""lidar_min_m"": 0.27, ""target_lidar_m"": null, ""target_lidar_deg"": null, ""camera_range_m"
2026-07-16T22:51:14.930,988.93,mission_20260716_223446_manual,MANUAL,,0,13.33028507232666,100.9979248046875,150.61530176551088,4,True,0.6772500276565552,1,0,0,1,0,0.0,0.0,0.0,0,0,nan,nan,nan,,nan,nan,nan,2,28,-,READY owner=Surnn refs=24,"{""cmd"": ""STOP"", ""status"": ""READY"", ""detector"": ""yolo"", ""state"": ""IDLE"", ""owner"": ""Surnn"", ""score"": null, ""match_max"": 0.5, ""refs"": 24, ""match_mode"": ""none"", ""steer_zones"": 41, ""people"": 0, ""track_id"": null, ""target_ex"": 0.0, ""target_cx_vel_px_s"": 0.0, ""target_age_s"": null, ""lidar_min_m"": 0.28, ""target_lidar_m"": null, ""target_lidar_deg"": null, ""camera_range_m"
2026-07-16T22:51:16.946,990.947,mission_20260716_223446_manual,MANUAL,,0,13.33028507232666,100.9979248046875,150.6293719552011,4,True,0.6794999837875366,1,0,0,1,0,0.0,0.0,0.0,0,0,nan,nan,nan,,nan,nan,nan,2,28,-,READY owner=Surnn refs=24,"{""cmd"": ""STOP"", ""status"": ""READY"", ""detector"": ""yolo"", ""state"": ""IDLE"", ""owner"": ""Surnn"", ""score"": null, ""match_max"": 0.5, ""refs"": 24, ""match_mode"": ""none"", ""steer_zones"": 41, ""people"": 0, ""track_id"": null, ""target_ex"": 0.0, ""target_cx_vel_px_s"": 0.0, ""target_age_s"": null, ""lidar_min_m"": 0.29, ""target_lidar_m"": null, ""target_lidar_deg"": null, ""camera_range_m"
2026-07-16T22:51:18.956,992.957,mission_20260716_223446_manual,MANUAL,,0,13.330286026000977,100.9979248046875,150.63392086118833,4,True,0.6792500019073486,1,0,0,1,0,0.0,0.0,0.0,0,0,nan,nan,nan,,nan,nan,nan,2,27,-,READY owner=Surnn refs=24,"{""cmd"": ""STOP"", ""status"": ""READY"", ""detector"": ""yolo"", ""state"": ""IDLE"", ""owner"": ""Surnn"", ""score"": null, ""match_max"": 0.5, ""refs"": 24, ""match_mode"": ""none"", ""steer_zones"": 41, ""people"": 0, ""track_id"": null, ""target_ex"": 0.0, ""target_cx_vel_px_s"": 0.0, ""target_age_s"": null, ""lidar_min_m"": 0.28, ""target_lidar_m"": null, ""target_lidar_deg"": null, ""camera_range_m"
2026-07-16T22:51:21.085,995.086,mission_20260716_223446_manual,MANUAL,,0,13.330286979675293,100.9979248046875,150.6449994280221,4,True,0.6784999966621399,1,0,0,1,0,0.0,0.0,0.0,0,0,nan,nan,nan,,nan,nan,nan,2,28,-,READY owner=Surnn refs=24,"{""cmd"": ""STOP"", ""status"": ""READY"", ""detector"": ""yolo"", ""state"": ""IDLE"", ""owner"": ""Surnn"", ""score"": null, ""match_max"": 0.5, ""refs"": 24, ""match_mode"": ""none"", ""steer_zones"": 41, ""people"": 0, ""track_id"": null, ""target_ex"": 0.0, ""target_cx_vel_px_s"": 0.0, ""target_age_s"": null, ""lidar_min_m"": 0.28, ""target_lidar_m"": null, ""target_lidar_deg"": null, ""camera_range_m"
2026-07-16T22:51:23.213,997.214,mission_20260716_223446_manual,MANUAL,,0,13.33028793334961,100.9979248046875,150.63517761599562,4,True,0.6777499914169312,1,0,0,1,0,0.0,0.0,0.0,0,0,nan,nan,nan,,nan,nan,nan,2,28,-,READY owner=Surnn refs=24,"{""cmd"": ""STOP"", ""status"": ""READY"", ""detector"": ""yolo"", ""state"": ""IDLE"", ""owner"": ""Surnn"", ""score"": null, ""match_max"": 0.5, ""refs"": 24, ""match_mode"": ""none"", ""steer_zones"": 41, ""people"": 0, ""track_id"": null, ""target_ex"": 0.0, ""target_cx_vel_px_s"": 0.0, ""target_age_s"": null, ""lidar_min_m"": 0.28, ""target_lidar_m"": null, ""target_lidar_deg"": null, ""camera_range_m"
2026-07-16T22:51:25.220,999.22,mission_20260716_223446_manual,MANUAL,,0,13.33028793334961,100.9979248046875,150.6370490878282,4,True,0.6794999837875366,1,0,0,1,0,0.0,0.0,0.0,0,0,nan,nan,nan,,nan,nan,nan,2,28,-,READY owner=Surnn refs=24,"{""cmd"": ""STOP"", ""status"": ""READY"", ""detector"": ""yolo"", ""state"": ""IDLE"", ""owner"": ""Surnn"", ""score"": null, ""match_max"": 0.5, ""refs"": 24, ""match_mode"": ""none"", ""steer_zones"": 41, ""people"": 0, ""track_id"": null, ""target_ex"": 0.0, ""target_cx_vel_px_s"": 0.0, ""target_age_s"": null, ""lidar_min_m"": 0.3, ""target_lidar_m"": null, ""target_lidar_deg"": null, ""camera_range_m"""
2026-07-16T22:51:27.230,1001.23,mission_20260716_223446_manual,MANUAL,,0,13.330288887023926,100.9979248046875,150.64323723921623,4,True,0.6800000071525574,1,0,0,1,0,0.0,0.0,0.0,0,0,nan,nan,nan,,nan,nan,nan,2,28,-,READY owner=Surnn refs=24,"{""cmd"": ""STOP"", ""status"": ""READY"", ""detector"": ""yolo"", ""state"": ""IDLE"", ""owner"": ""Surnn"", ""score"": null, ""match_max"": 0.5, ""refs"": 24, ""match_mode"": ""none"", ""steer_zones"": 41, ""people"": 0, ""track_id"": null, ""target_ex"": 0.0, ""target_cx_vel_px_s"": 0.0, ""target_age_s"": null, ""lidar_min_m"": 0.28, ""target_lidar_m"": null, ""target_lidar_deg"": null, ""camera_range_m"
2026-07-16T22:51:29.243,1003.244,mission_20260716_223446_manual,MANUAL,,0,13.330288887023926,100.9979248046875,150.6380736162037,4,True,0.6779999732971191,1,0,0,1,0,0.0,0.0,0.0,0,0,nan,nan,nan,,nan,nan,nan,2,28,-,READY owner=Surnn refs=24,"{""cmd"": ""STOP"", ""status"": ""READY"", ""detector"": ""yolo"", ""state"": ""IDLE"", ""owner"": ""Surnn"", ""score"": null, ""match_max"": 0.5, ""refs"": 24, ""match_mode"": ""none"", ""steer_zones"": 41, ""people"": 0, ""track_id"": null, ""target_ex"": 0.0, ""target_cx_vel_px_s"": 0.0, ""target_age_s"": null, ""lidar_min_m"": 0.27, ""target_lidar_m"": null, ""target_lidar_deg"": null, ""camera_range_m"
2026-07-16T22:51:31.371,1005.371,mission_20260716_223446_manual,MANUAL,,0,13.330289840698242,100.9979248046875,150.63519127637394,4,True,0.6809999942779541,1,0,0,1,0,0.0,0.0,0.0,0,0,nan,nan,nan,,nan,nan,nan,2,28,-,READY owner=Surnn refs=24,"{""cmd"": ""STOP"", ""status"": ""READY"", ""detector"": ""yolo"", ""state"": ""IDLE"", ""owner"": ""Surnn"", ""score"": null, ""match_max"": 0.5, ""refs"": 24, ""match_mode"": ""none"", ""steer_zones"": 41, ""people"": 0, ""track_id"": null, ""target_ex"": 0.0, ""target_cx_vel_px_s"": 0.0, ""target_age_s"": null, ""lidar_min_m"": 0.28, ""target_lidar_m"": null, ""target_lidar_deg"": null, ""camera_range_m"
2026-07-16T22:51:33.373,1007.373,mission_20260716_223446_manual,MANUAL,,0,13.330289840698242,100.9979248046875,150.6361611632361,4,True,0.6794999837875366,1,0,0,1,0,0.0,0.0,0.0,0,0,nan,nan,nan,,nan,nan,nan,2,28,-,READY owner=Surnn refs=24,"{""cmd"": ""STOP"", ""status"": ""READY"", ""detector"": ""yolo"", ""state"": ""IDLE"", ""owner"": ""Surnn"", ""score"": null, ""match_max"": 0.5, ""refs"": 24, ""match_mode"": ""none"", ""steer_zones"": 41, ""people"": 0, ""track_id"": null, ""target_ex"": 0.0, ""target_cx_vel_px_s"": 0.0, ""target_age_s"": null, ""lidar_min_m"": 0.28, ""target_lidar_m"": null, ""target_lidar_deg"": null, ""camera_range_m"
2026-07-16T22:51:35.497,1009.497,mission_20260716_223446_manual,MANUAL,,0,13.330289840698242,100.99793243408203,150.6323362573009,4,True,0.6775000095367432,1,0,0,1,0,0.0,0.0,0.0,0,0,nan,nan,nan,,nan,nan,nan,2,28,-,READY owner=Surnn refs=24,"{""cmd"": ""STOP"", ""status"": ""READY"", ""detector"": ""yolo"", ""state"": ""IDLE"", ""owner"": ""Surnn"", ""score"": null, ""match_max"": 0.5, ""refs"": 24, ""match_mode"": ""none"", ""steer_zones"": 41, ""people"": 0, ""track_id"": null, ""target_ex"": 0.0, ""target_cx_vel_px_s"": 0.0, ""target_age_s"": null, ""lidar_min_m"": 0.27, ""target_lidar_m"": null, ""target_lidar_deg"": null, ""camera_range_m"
2026-07-16T22:51:37.509,1011.509,mission_20260716_223446_manual,MANUAL,,0,13.330289840698242,100.99793243408203,150.63181716292397,4,True,0.6779999732971191,1,0,0,1,0,0.0,0.0,0.0,0,0,nan,nan,nan,,nan,nan,nan,2,29,-,READY owner=Surnn refs=24,"{""cmd"": ""STOP"", ""status"": ""READY"", ""detector"": ""yolo"", ""state"": ""IDLE"", ""owner"": ""Surnn"", ""score"": null, ""match_max"": 0.5, ""refs"": 24, ""match_mode"": ""none"", ""steer_zones"": 41, ""people"": 0, ""track_id"": null, ""target_ex"": 0.0, ""target_cx_vel_px_s"": 0.0, ""target_age_s"": null, ""lidar_min_m"": 0.26, ""target_lidar_m"": null, ""target_lidar_deg"": null, ""camera_range_m"
2026-07-16T22:51:39.541,1013.541,mission_20260716_223446_manual,MANUAL,,0,13.330289840698242,100.99793243408203,150.63833316339216,4,True,0.6777499914169312,1,0,0,1,0,0.0,0.0,0.0,0,0,nan,nan,nan,,nan,nan,nan,2,29,-,READY owner=Surnn refs=24,"{""cmd"": ""STOP"", ""status"": ""READY"", ""detector"": ""yolo"", ""state"": ""IDLE"", ""owner"": ""Surnn"", ""score"": null, ""match_max"": 0.5, ""refs"": 24, ""match_mode"": ""none"", ""steer_zones"": 41, ""people"": 0, ""track_id"": null, ""target_ex"": 0.0, ""target_cx_vel_px_s"": 0.0, ""target_age_s"": null, ""lidar_min_m"": 0.27, ""target_lidar_m"": null, ""target_lidar_deg"": null, ""camera_range_m"
2026-07-16T22:51:41.551,1015.551,mission_20260716_223446_manual,MANUAL,,0,13.330290794372559,100.99793243408203,150.65161105113867,4,True,0.6802499890327454,1,0,0,1,0,0.0,0.0,0.0,0,0,nan,nan,nan,,nan,nan,nan,2,30,-,READY owner=Surnn refs=24,"{""cmd"": ""STOP"", ""status"": ""READY"", ""detector"": ""yolo"", ""state"": ""IDLE"", ""owner"": ""Surnn"", ""score"": null, ""match_max"": 0.5, ""refs"": 24, ""match_mode"": ""none"", ""steer_zones"": 41, ""people"": 0, ""track_id"": null, ""target_ex"": 0.0, ""target_cx_vel_px_s"": 0.0, ""target_age_s"": null, ""lidar_min_m"": 0.29, ""target_lidar_m"": null, ""target_lidar_deg"": null, ""camera_range_m"
2026-07-16T22:51:43.552,1017.553,mission_20260716_223446_manual,MANUAL,,0,13.330290794372559,100.99793243408203,150.64723973006986,4,True,0.6775000095367432,1,0,0,1,0,0.0,0.0,0.0,0,0,nan,nan,nan,,nan,nan,nan,2,29,-,READY owner=Surnn refs=24,"{""cmd"": ""STOP"", ""status"": ""READY"", ""detector"": ""yolo"", ""state"": ""IDLE"", ""owner"": ""Surnn"", ""score"": null, ""match_max"": 0.5, ""refs"": 24, ""match_mode"": ""none"", ""steer_zones"": 41, ""people"": 0, ""track_id"": null, ""target_ex"": 0.0, ""target_cx_vel_px_s"": 0.0, ""target_age_s"": null, ""lidar_min_m"": 0.27, ""target_lidar_m"": null, ""target_lidar_deg"": null, ""camera_range_m"
2026-07-16T22:51:45.681,1019.682,mission_20260716_223446_manual,MANUAL,,0,13.330290794372559,100.99794006347656,150.6656539200722,4,True,0.6797500252723694,1,0,0,1,0,0.0,0.0,0.0,0,0,nan,nan,nan,,nan,nan,nan,2,29,-,READY owner=Surnn refs=24,"{""cmd"": ""STOP"", ""status"": ""READY"", ""detector"": ""yolo"", ""state"": ""IDLE"", ""owner"": ""Surnn"", ""score"": null, ""match_max"": 0.5, ""refs"": 24, ""match_mode"": ""none"", ""steer_zones"": 41, ""people"": 0, ""track_id"": null, ""target_ex"": 0.0, ""target_cx_vel_px_s"": 0.0, ""target_age_s"": null, ""lidar_min_m"": 0.28, ""target_lidar_m"": null, ""target_lidar_deg"": null, ""camera_range_m"
2026-07-16T22:51:47.800,1021.801,mission_20260716_223446_manual,MANUAL,,0,13.330290794372559,100.99794006347656,150.67096780724648,4,True,0.6794999837875366,1,0,0,1,0,0.0,0.0,0.0,0,0,nan,nan,nan,,nan,nan,nan,2,29,-,READY owner=Surnn refs=24,"{""cmd"": ""STOP"", ""status"": ""READY"", ""detector"": ""yolo"", ""state"": ""IDLE"", ""owner"": ""Surnn"", ""score"": null, ""match_max"": 0.5, ""refs"": 24, ""match_mode"": ""none"", ""steer_zones"": 41, ""people"": 0, ""track_id"": null, ""target_ex"": 0.0, ""target_cx_vel_px_s"": 0.0, ""target_age_s"": null, ""lidar_min_m"": 0.27, ""target_lidar_m"": null, ""target_lidar_deg"": null, ""camera_range_m"
2026-07-16T22:51:49.810,1023.81,mission_20260716_223446_manual,MANUAL,,0,13.330290794372559,100.99794006347656,150.68083060040797,4,True,0.6769999861717224,1,0,0,1,0,0.0,0.0,0.0,0,0,nan,nan,nan,,nan,nan,nan,2,29,-,READY owner=Surnn refs=24,"{""cmd"": ""STOP"", ""status"": ""READY"", ""detector"": ""yolo"", ""state"": ""IDLE"", ""owner"": ""Surnn"", ""score"": null, ""match_max"": 0.5, ""refs"": 24, ""match_mode"": ""none"", ""steer_zones"": 41, ""people"": 0, ""track_id"": null, ""target_ex"": 0.0, ""target_cx_vel_px_s"": 0.0, ""target_age_s"": null, ""lidar_min_m"": 0.28, ""target_lidar_m"": null, ""target_lidar_deg"": null, ""camera_range_m"
2026-07-16T22:51:51.816,1025.816,mission_20260716_223446_manual,MANUAL,,0,13.330289840698242,100.99794006347656,150.6725387507556,4,True,0.6787499785423279,1,0,0,1,0,0.0,0.0,0.0,0,0,nan,nan,nan,,nan,nan,nan,2,29,-,READY owner=Surnn refs=24,"{""cmd"": ""STOP"", ""status"": ""READY"", ""detector"": ""yolo"", ""state"": ""IDLE"", ""owner"": ""Surnn"", ""score"": null, ""match_max"": 0.5, ""refs"": 24, ""match_mode"": ""none"", ""steer_zones"": 41, ""people"": 0, ""track_id"": null, ""target_ex"": 0.0, ""target_cx_vel_px_s"": 0.0, ""target_age_s"": null, ""lidar_min_m"": 0.28, ""target_lidar_m"": null, ""target_lidar_deg"": null, ""camera_range_m"
2026-07-16T22:51:53.944,1027.944,mission_20260716_223446_manual,MANUAL,,0,13.330290794372559,100.9979476928711,150.67849467571185,4,True,0.6777499914169312,1,0,0,1,0,0.0,0.0,0.0,0,0,nan,nan,nan,,nan,nan,nan,2,29,-,READY owner=Surnn refs=24,"{""cmd"": ""STOP"", ""status"": ""READY"", ""detector"": ""yolo"", ""state"": ""IDLE"", ""owner"": ""Surnn"", ""score"": null, ""match_max"": 0.5, ""refs"": 24, ""match_mode"": ""none"", ""steer_zones"": 41, ""people"": 0, ""track_id"": null, ""target_ex"": 0.0, ""target_cx_vel_px_s"": 0.0, ""target_age_s"": null, ""lidar_min_m"": 0.27, ""target_lidar_m"": null, ""target_lidar_deg"": null, ""camera_range_m"
2026-07-16T22:51:55.999,1030.0,mission_20260716_223446_manual,MANUAL,,0,13.330289840698242,100.9979476928711,150.68159558159502,4,True,0.6794999837875366,1,0,0,1,0,0.0,0.0,0.0,0,0,nan,nan,nan,,nan,nan,nan,2,29,-,READY owner=Surnn refs=24,"{""cmd"": ""STOP"", ""status"": ""READY"", ""detector"": ""yolo"", ""state"": ""IDLE"", ""owner"": ""Surnn"", ""score"": null, ""match_max"": 0.5, ""refs"": 24, ""match_mode"": ""none"", ""steer_zones"": 41, ""people"": 0, ""track_id"": null, ""target_ex"": 0.0, ""target_cx_vel_px_s"": 0.0, ""target_age_s"": null, ""lidar_min_m"": 0.27, ""target_lidar_m"": null, ""target_lidar_deg"": null, ""camera_range_m"
2026-07-16T22:51:58.068,1032.069,mission_20260716_223446_manual,MANUAL,,0,13.330288887023926,100.9979476928711,150.67177376956855,4,True,0.6802499890327454,1,0,0,1,0,0.0,0.0,0.0,0,0,nan,nan,nan,,nan,nan,nan,2,29,-,READY owner=Surnn refs=24,"{""cmd"": ""STOP"", ""status"": ""READY"", ""detector"": ""yolo"", ""state"": ""IDLE"", ""owner"": ""Surnn"", ""score"": null, ""match_max"": 0.5, ""refs"": 24, ""match_mode"": ""none"", ""steer_zones"": 41, ""people"": 0, ""track_id"": null, ""target_ex"": 0.0, ""target_cx_vel_px_s"": 0.0, ""target_age_s"": null, ""lidar_min_m"": 0.27, ""target_lidar_m"": null, ""target_lidar_deg"": null, ""camera_range_m"
2026-07-16T22:52:00.188,1034.188,mission_20260716_223446_manual,MANUAL,,0,13.330286979675293,100.9979476928711,150.66391905202303,4,True,0.6792500019073486,1,0,0,1,0,0.0,0.0,0.0,0,0,nan,nan,nan,,nan,nan,nan,2,28,-,READY owner=Surnn refs=24,"{""cmd"": ""STOP"", ""status"": ""READY"", ""detector"": ""yolo"", ""state"": ""IDLE"", ""owner"": ""Surnn"", ""score"": null, ""match_max"": 0.5, ""refs"": 24, ""match_mode"": ""none"", ""steer_zones"": 41, ""people"": 0, ""track_id"": null, ""target_ex"": 0.0, ""target_cx_vel_px_s"": 0.0, ""target_age_s"": null, ""lidar_min_m"": 0.28, ""target_lidar_m"": null, ""target_lidar_deg"": null, ""camera_range_m"
2026-07-16T22:52:02.310,1036.31,mission_20260716_223446_manual,MANUAL,,0,13.330286026000977,100.9979476928711,150.67145958086672,4,True,0.6797500252723694,1,0,0,1,0,0.0,0.0,0.0,0,0,nan,nan,nan,,nan,nan,nan,2,29,-,READY owner=Surnn refs=24,"{""cmd"": ""STOP"", ""status"": ""READY"", ""detector"": ""yolo"", ""state"": ""IDLE"", ""owner"": ""Surnn"", ""score"": null, ""match_max"": 0.5, ""refs"": 24, ""match_mode"": ""none"", ""steer_zones"": 41, ""people"": 0, ""track_id"": null, ""target_ex"": 0.0, ""target_cx_vel_px_s"": 0.0, ""target_age_s"": null, ""lidar_min_m"": 0.27, ""target_lidar_m"": null, ""target_lidar_deg"": null, ""camera_range_m"
2026-07-16T22:52:04.316,1038.316,mission_20260716_223446_manual,MANUAL,,0,13.330286026000977,100.9979476928711,150.66514848607363,4,True,0.6784999966621399,1,0,0,1,0,0.0,0.0,0.0,0,0,nan,nan,nan,,nan,nan,nan,2,29,-,READY owner=Surnn refs=24,"{""cmd"": ""STOP"", ""status"": ""READY"", ""detector"": ""yolo"", ""state"": ""IDLE"", ""owner"": ""Surnn"", ""score"": null, ""match_max"": 0.5, ""refs"": 24, ""match_mode"": ""none"", ""steer_zones"": 41, ""people"": 0, ""track_id"": null, ""target_ex"": 0.0, ""target_cx_vel_px_s"": 0.0, ""target_age_s"": null, ""lidar_min_m"": 0.27, ""target_lidar_m"": null, ""target_lidar_deg"": null, ""camera_range_m"
2026-07-16T22:52:06.435,1040.436,mission_20260716_223446_manual,MANUAL,,0,13.330286026000977,100.9979476928711,150.6604356555463,4,True,0.6797500252723694,1,0,0,1,0,0.0,0.0,0.0,0,0,nan,nan,nan,,nan,nan,nan,2,29,-,READY owner=Surnn refs=24,"{""cmd"": ""STOP"", ""status"": ""READY"", ""detector"": ""yolo"", ""state"": ""IDLE"", ""owner"": ""Surnn"", ""score"": null, ""match_max"": 0.5, ""refs"": 24, ""match_mode"": ""none"", ""steer_zones"": 41, ""people"": 0, ""track_id"": null, ""target_ex"": 0.0, ""target_cx_vel_px_s"": 0.0, ""target_age_s"": null, ""lidar_min_m"": 0.28, ""target_lidar_m"": null, ""target_lidar_deg"": null, ""camera_range_m"
2026-07-16T22:52:08.497,1042.498,mission_20260716_223446_manual,MANUAL,,0,13.330286026000977,100.9979476928711,150.66487527850683,4,True,0.6784999966621399,1,0,0,1,0,0.0,0.0,0.0,0,0,nan,nan,nan,,nan,nan,nan,2,29,-,READY owner=Surnn refs=24,"{""cmd"": ""STOP"", ""status"": ""READY"", ""detector"": ""yolo"", ""state"": ""IDLE"", ""owner"": ""Surnn"", ""score"": null, ""match_max"": 0.5, ""refs"": 24, ""match_mode"": ""none"", ""steer_zones"": 41, ""people"": 0, ""track_id"": null, ""target_ex"": 0.0, ""target_cx_vel_px_s"": 0.0, ""target_age_s"": null, ""lidar_min_m"": 0.26, ""target_lidar_m"": null, ""target_lidar_deg"": null, ""camera_range_m"
2026-07-16T22:52:10.538,1044.539,mission_20260716_223446_manual,MANUAL,,0,13.33028507232666,100.9979476928711,150.65592773069412,4,True,0.6775000095367432,1,0,0,1,0,0.0,0.0,0.0,0,0,nan,nan,nan,,nan,nan,nan,2,29,-,READY owner=Surnn refs=24,"{""cmd"": ""STOP"", ""status"": ""READY"", ""detector"": ""yolo"", ""state"": ""IDLE"", ""owner"": ""Surnn"", ""score"": null, ""match_max"": 0.5, ""refs"": 24, ""match_mode"": ""none"", ""steer_zones"": 41, ""people"": 0, ""track_id"": null, ""target_ex"": 0.0, ""target_cx_vel_px_s"": 0.0, ""target_age_s"": null, ""lidar_min_m"": 0.29, ""target_lidar_m"": null, ""target_lidar_deg"": null, ""camera_range_m"
2026-07-16T22:52:12.543,1046.543,mission_20260716_223446_manual,MANUAL,,0,13.330284118652344,100.9979476928711,150.6540425984832,4,True,0.6769999861717224,1,0,0,1,0,0.0,0.0,0.0,0,0,nan,nan,nan,,nan,nan,nan,2,29,-,READY owner=Surnn refs=24,"{""cmd"": ""STOP"", ""status"": ""READY"", ""detector"": ""yolo"", ""state"": ""IDLE"", ""owner"": ""Surnn"", ""score"": null, ""match_max"": 0.5, ""refs"": 24, ""match_mode"": ""none"", ""steer_zones"": 41, ""people"": 0, ""track_id"": null, ""target_ex"": 0.0, ""target_cx_vel_px_s"": 0.0, ""target_age_s"": null, ""lidar_min_m"": 0.29, ""target_lidar_m"": null, ""target_lidar_deg"": null, ""camera_range_m"
2026-07-16T22:52:14.545,1048.546,mission_20260716_223446_manual,MANUAL,,0,13.330283164978027,100.99794006347656,150.66473867472342,4,True,0.6790000200271606,1,0,0,1,0,0.0,0.0,0.0,0,0,nan,nan,nan,,nan,nan,nan,2,29,-,READY owner=Surnn refs=24,"{""cmd"": ""STOP"", ""status"": ""READY"", ""detector"": ""yolo"", ""state"": ""IDLE"", ""owner"": ""Surnn"", ""score"": null, ""match_max"": 0.5, ""refs"": 24, ""match_mode"": ""none"", ""steer_zones"": 41, ""people"": 0, ""track_id"": null, ""target_ex"": 0.0, ""target_cx_vel_px_s"": 0.0, ""target_age_s"": null, ""lidar_min_m"": 0.28, ""target_lidar_m"": null, ""target_lidar_deg"": null, ""camera_range_m"
2026-07-16T22:52:16.673,1050.673,mission_20260716_223446_manual,MANUAL,,0,13.330281257629395,100.99794006347656,150.66411029731978,4,True,0.6802499890327454,1,0,0,1,0,0.0,0.0,0.0,0,0,nan,nan,nan,,nan,nan,nan,2,29,-,READY owner=Surnn refs=24,"{""cmd"": ""STOP"", ""status"": ""READY"", ""detector"": ""yolo"", ""state"": ""IDLE"", ""owner"": ""Surnn"", ""score"": null, ""match_max"": 0.5, ""refs"": 24, ""match_mode"": ""none"", ""steer_zones"": 41, ""people"": 0, ""track_id"": null, ""target_ex"": 0.0, ""target_cx_vel_px_s"": 0.0, ""target_age_s"": null, ""lidar_min_m"": 0.28, ""target_lidar_m"": null, ""target_lidar_deg"": null, ""camera_range_m"
2026-07-16T22:52:18.687,1052.688,mission_20260716_223446_manual,MANUAL,,0,13.330280303955078,100.99794006347656,150.65635120242266,4,True,0.6797500252723694,1,0,0,1,0,0.0,0.0,0.0,0,0,nan,nan,nan,,nan,nan,nan,2,29,-,READY owner=Surnn refs=24,"{""cmd"": ""STOP"", ""status"": ""READY"", ""detector"": ""yolo"", ""state"": ""IDLE"", ""owner"": ""Surnn"", ""score"": null, ""match_max"": 0.5, ""refs"": 24, ""match_mode"": ""none"", ""steer_zones"": 41, ""people"": 0, ""track_id"": null, ""target_ex"": 0.0, ""target_cx_vel_px_s"": 0.0, ""target_age_s"": null, ""lidar_min_m"": 0.28, ""target_lidar_m"": null, ""target_lidar_deg"": null, ""camera_range_m"
2026-07-16T22:52:20.805,1054.805,mission_20260716_223446_manual,MANUAL,,0,13.330278396606445,100.99794006347656,150.6519252398405,4,True,0.6769999861717224,1,0,0,1,0,0.0,0.0,0.0,0,0,nan,nan,nan,,nan,nan,nan,2,29,-,READY owner=Surnn refs=24,"{""cmd"": ""STOP"", ""status"": ""READY"", ""detector"": ""yolo"", ""state"": ""IDLE"", ""owner"": ""Surnn"", ""score"": null, ""match_max"": 0.5, ""refs"": 24, ""match_mode"": ""none"", ""steer_zones"": 41, ""people"": 0, ""track_id"": null, ""target_ex"": 0.0, ""target_cx_vel_px_s"": 0.0, ""target_age_s"": null, ""lidar_min_m"": 0.27, ""target_lidar_m"": null, ""target_lidar_deg"": null, ""camera_range_m"
2026-07-16T22:52:22.813,1056.813,mission_20260716_223446_manual,MANUAL,,0,13.330277442932129,100.99794006347656,150.63990410690127,4,True,0.6790000200271606,1,0,0,1,0,0.0,0.0,0.0,0,0,nan,nan,nan,,nan,nan,nan,2,29,-,READY owner=Surnn refs=24,"{""cmd"": ""STOP"", ""status"": ""READY"", ""detector"": ""yolo"", ""state"": ""IDLE"", ""owner"": ""Surnn"", ""score"": null, ""match_max"": 0.5, ""refs"": 24, ""match_mode"": ""none"", ""steer_zones"": 41, ""people"": 0, ""track_id"": null, ""target_ex"": 0.0, ""target_cx_vel_px_s"": 0.0, ""target_age_s"": null, ""lidar_min_m"": 0.29, ""target_lidar_m"": null, ""target_lidar_deg"": null, ""camera_range_m"
2026-07-16T22:52:24.943,1058.944,mission_20260716_223446_manual,MANUAL,,0,13.330276489257812,100.99794006347656,150.64060078619661,4,True,0.6782500147819519,1,0,0,1,0,0.0,0.0,0.0,0,0,nan,nan,nan,,nan,nan,nan,2,29,-,READY owner=Surnn refs=24,"{""cmd"": ""STOP"", ""status"": ""READY"", ""detector"": ""yolo"", ""state"": ""IDLE"", ""owner"": ""Surnn"", ""score"": null, ""match_max"": 0.5, ""refs"": 24, ""match_mode"": ""none"", ""steer_zones"": 41, ""people"": 0, ""track_id"": null, ""target_ex"": 0.0, ""target_cx_vel_px_s"": 0.0, ""target_age_s"": null, ""lidar_min_m"": 0.28, ""target_lidar_m"": null, ""target_lidar_deg"": null, ""camera_range_m"
2026-07-16T22:52:26.955,1060.956,mission_20260716_223446_manual,MANUAL,,0,13.330275535583496,100.99794006347656,150.63554644621078,4,True,0.6800000071525574,1,0,0,1,0,0.0,0.0,0.0,0,0,nan,nan,nan,,nan,nan,nan,2,29,-,READY owner=Surnn refs=24,"{""cmd"": ""STOP"", ""status"": ""READY"", ""detector"": ""yolo"", ""state"": ""IDLE"", ""owner"": ""Surnn"", ""score"": null, ""match_max"": 0.5, ""refs"": 24, ""match_mode"": ""none"", ""steer_zones"": 41, ""people"": 0, ""track_id"": null, ""target_ex"": 0.0, ""target_cx_vel_px_s"": 0.0, ""target_age_s"": null, ""lidar_min_m"": 0.27, ""target_lidar_m"": null, ""target_lidar_deg"": null, ""camera_range_m"
2026-07-16T22:52:29.080,1063.08,mission_20260716_223446_manual,MANUAL,,0,13.330272674560547,100.99794006347656,150.625068936024,4,True,0.6777499914169312,1,0,0,1,0,0.0,0.0,0.0,0,0,nan,nan,nan,,nan,nan,nan,2,28,-,READY owner=Surnn refs=24,"{""cmd"": ""STOP"", ""status"": ""READY"", ""detector"": ""yolo"", ""state"": ""IDLE"", ""owner"": ""Surnn"", ""score"": null, ""match_max"": 0.5, ""refs"": 24, ""match_mode"": ""none"", ""steer_zones"": 41, ""people"": 0, ""track_id"": null, ""target_ex"": 0.0, ""target_cx_vel_px_s"": 0.0, ""target_age_s"": null, ""lidar_min_m"": 0.28, ""target_lidar_m"": null, ""target_lidar_deg"": null, ""camera_range_m"
2026-07-16T22:52:31.084,1065.084,mission_20260716_223446_manual,MANUAL,,0,13.33027172088623,100.99794006347656,150.62114840744042,4,True,0.6807500123977661,1,0,0,1,0,0.0,0.0,0.0,0,0,nan,nan,nan,,nan,nan,nan,2,28,-,READY owner=Surnn refs=24,"{""cmd"": ""STOP"", ""status"": ""READY"", ""detector"": ""yolo"", ""state"": ""IDLE"", ""owner"": ""Surnn"", ""score"": null, ""match_max"": 0.5, ""refs"": 24, ""match_mode"": ""none"", ""steer_zones"": 41, ""people"": 0, ""track_id"": null, ""target_ex"": 0.0, ""target_cx_vel_px_s"": 0.0, ""target_age_s"": null, ""lidar_min_m"": 0.28, ""target_lidar_m"": null, ""target_lidar_deg"": null, ""camera_range_m"
2026-07-16T22:52:33.099,1067.099,mission_20260716_223446_manual,MANUAL,,0,13.330270767211914,100.99794006347656,150.61008350098498,4,True,0.6804999709129333,1,0,0,1,0,0.0,0.0,0.0,0,0,nan,nan,nan,,nan,nan,nan,2,27,-,READY owner=Surnn refs=24,"{""cmd"": ""STOP"", ""status"": ""READY"", ""detector"": ""yolo"", ""state"": ""IDLE"", ""owner"": ""Surnn"", ""score"": null, ""match_max"": 0.5, ""refs"": 24, ""match_mode"": ""none"", ""steer_zones"": 41, ""people"": 0, ""track_id"": null, ""target_ex"": 0.0, ""target_cx_vel_px_s"": 0.0, ""target_age_s"": null, ""lidar_min_m"": 0.27, ""target_lidar_m"": null, ""target_lidar_deg"": null, ""camera_range_m"
2026-07-16T22:52:35.103,1069.104,mission_20260716_223446_manual,MANUAL,,0,13.330270767211914,100.99794006347656,150.60086274560547,4,True,0.6800000071525574,1,0,0,1,0,0.0,0.0,0.0,0,0,nan,nan,nan,,nan,nan,nan,2,27,-,READY owner=Surnn refs=24,"{""cmd"": ""STOP"", ""status"": ""READY"", ""detector"": ""yolo"", ""state"": ""IDLE"", ""owner"": ""Surnn"", ""score"": null, ""match_max"": 0.5, ""refs"": 24, ""match_mode"": ""none"", ""steer_zones"": 41, ""people"": 0, ""track_id"": null, ""target_ex"": 0.0, ""target_cx_vel_px_s"": 0.0, ""target_age_s"": null, ""lidar_min_m"": 0.29, ""target_lidar_m"": null, ""target_lidar_deg"": null, ""camera_range_m"
2026-07-16T22:52:37.217,1071.217,mission_20260716_223446_manual,MANUAL,,0,13.33027172088623,100.99794006347656,150.59901859452955,4,True,0.6767500042915344,1,0,0,1,0,0.0,0.0,0.0,0,0,nan,nan,nan,,nan,nan,nan,2,26,-,READY owner=Surnn refs=24,"{""cmd"": ""STOP"", ""status"": ""READY"", ""detector"": ""yolo"", ""state"": ""IDLE"", ""owner"": ""Surnn"", ""score"": null, ""match_max"": 0.5, ""refs"": 24, ""match_mode"": ""none"", ""steer_zones"": 41, ""people"": 0, ""track_id"": null, ""target_ex"": 0.0, ""target_cx_vel_px_s"": 0.0, ""target_age_s"": null, ""lidar_min_m"": 0.26, ""target_lidar_m"": null, ""target_lidar_deg"": null, ""camera_range_m"
2026-07-16T22:52:39.219,1073.219,mission_20260716_223446_manual,MANUAL,,0,13.33027172088623,100.99794006347656,150.59031693352696,4,True,0.6802499890327454,1,0,0,1,0,0.0,0.0,0.0,0,0,nan,nan,nan,,nan,nan,nan,2,26,-,READY owner=Surnn refs=24,"{""cmd"": ""STOP"", ""status"": ""READY"", ""detector"": ""yolo"", ""state"": ""IDLE"", ""owner"": ""Surnn"", ""score"": null, ""match_max"": 0.5, ""refs"": 24, ""match_mode"": ""none"", ""steer_zones"": 41, ""people"": 0, ""track_id"": null, ""target_ex"": 0.0, ""target_cx_vel_px_s"": 0.0, ""target_age_s"": null, ""lidar_min_m"": 0.28, ""target_lidar_m"": null, ""target_lidar_deg"": null, ""camera_range_m"
2026-07-16T22:52:41.226,1075.227,mission_20260716_223446_manual,MANUAL,,0,13.330270767211914,100.9979476928711,150.57900614026144,4,True,0.6804999709129333,1,0,0,1,0,0.0,0.0,0.0,0,0,nan,nan,nan,,nan,nan,nan,2,26,-,READY owner=Surnn refs=24,"{""cmd"": ""STOP"", ""status"": ""READY"", ""detector"": ""yolo"", ""state"": ""IDLE"", ""owner"": ""Surnn"", ""score"": null, ""match_max"": 0.5, ""refs"": 24, ""match_mode"": ""none"", ""steer_zones"": 41, ""people"": 0, ""track_id"": null, ""target_ex"": 0.0, ""target_cx_vel_px_s"": 0.0, ""target_age_s"": null, ""lidar_min_m"": 0.29, ""target_lidar_m"": null, ""target_lidar_deg"": null, ""camera_range_m"
2026-07-16T22:52:43.352,1077.353,mission_20260716_223446_manual,MANUAL,,0,13.330269813537598,100.9979476928711,150.59153270719924,4,True,0.6797500252723694,1,0,0,1,0,0.0,0.0,0.0,0,0,nan,nan,nan,,nan,nan,nan,2,26,-,READY owner=Surnn refs=24,"{""cmd"": ""STOP"", ""status"": ""READY"", ""detector"": ""yolo"", ""state"": ""IDLE"", ""owner"": ""Surnn"", ""score"": null, ""match_max"": 0.5, ""refs"": 24, ""match_mode"": ""none"", ""steer_zones"": 41, ""people"": 0, ""track_id"": null, ""target_ex"": 0.0, ""target_cx_vel_px_s"": 0.0, ""target_age_s"": null, ""lidar_min_m"": 0.29, ""target_lidar_m"": null, ""target_lidar_deg"": null, ""camera_range_m"
2026-07-16T22:52:45.453,1079.454,mission_20260716_223446_manual,MANUAL,,0,13.330268859863281,100.9979476928711,150.60726946304695,4,True,0.6790000200271606,1,0,0,1,0,0.0,0.0,0.0,0,0,nan,nan,nan,,nan,nan,nan,2,26,-,READY owner=Surnn refs=24,"{""cmd"": ""STOP"", ""status"": ""READY"", ""detector"": ""yolo"", ""state"": ""IDLE"", ""owner"": ""Surnn"", ""score"": null, ""match_max"": 0.5, ""refs"": 24, ""match_mode"": ""none"", ""steer_zones"": 41, ""people"": 0, ""track_id"": null, ""target_ex"": 0.0, ""target_cx_vel_px_s"": 0.0, ""target_age_s"": null, ""lidar_min_m"": 0.26, ""target_lidar_m"": null, ""target_lidar_deg"": null, ""camera_range_m"
2026-07-16T22:52:47.478,1081.478,mission_20260716_223446_manual,MANUAL,,0,13.330266952514648,100.9979476928711,150.6064361799682,4,True,0.6802499890327454,1,0,0,1,0,0.0,0.0,0.0,0,0,nan,nan,nan,,nan,nan,nan,2,26,-,READY owner=Surnn refs=24,"{""cmd"": ""STOP"", ""status"": ""READY"", ""detector"": ""yolo"", ""state"": ""IDLE"", ""owner"": ""Surnn"", ""score"": null, ""match_max"": 0.5, ""refs"": 24, ""match_mode"": ""none"", ""steer_zones"": 41, ""people"": 0, ""track_id"": null, ""target_ex"": 0.0, ""target_cx_vel_px_s"": 0.0, ""target_age_s"": null, ""lidar_min_m"": 0.27, ""target_lidar_m"": null, ""target_lidar_deg"": null, ""camera_range_m"
2026-07-16T22:52:49.480,1083.481,mission_20260716_223446_manual,MANUAL,,0,13.330265998840332,100.9979476928711,150.6147280296206,4,True,0.6772500276565552,1,0,0,1,0,0.0,0.0,0.0,0,0,nan,nan,nan,,nan,nan,nan,2,26,-,READY owner=Surnn refs=24,"{""cmd"": ""STOP"", ""status"": ""READY"", ""detector"": ""yolo"", ""state"": ""IDLE"", ""owner"": ""Surnn"", ""score"": null, ""match_max"": 0.5, ""refs"": 24, ""match_mode"": ""none"", ""steer_zones"": 41, ""people"": 0, ""track_id"": null, ""target_ex"": 0.0, ""target_cx_vel_px_s"": 0.0, ""target_age_s"": null, ""lidar_min_m"": 0.29, ""target_lidar_m"": null, ""target_lidar_deg"": null, ""camera_range_m"
2026-07-16T22:52:51.590,1085.59,mission_20260716_223446_manual,MANUAL,,0,13.330265045166016,100.99794006347656,150.62032878474,4,True,0.6790000200271606,1,0,0,1,0,0.0,0.0,0.0,0,0,nan,nan,nan,,nan,nan,nan,2,26,-,READY owner=Surnn refs=24,"{""cmd"": ""STOP"", ""status"": ""READY"", ""detector"": ""yolo"", ""state"": ""IDLE"", ""owner"": ""Surnn"", ""score"": null, ""match_max"": 0.5, ""refs"": 24, ""match_mode"": ""none"", ""steer_zones"": 41, ""people"": 0, ""track_id"": null, ""target_ex"": 0.0, ""target_cx_vel_px_s"": 0.0, ""target_age_s"": null, ""lidar_min_m"": 0.28, ""target_lidar_m"": null, ""target_lidar_deg"": null, ""camera_range_m"
2026-07-16T22:52:53.623,1087.623,mission_20260716_223446_manual,MANUAL,,0,13.330265045166016,100.99794006347656,150.61975504884973,4,True,0.6777499914169312,1,0,0,1,0,0.0,0.0,0.0,0,0,nan,nan,nan,,nan,nan,nan,2,26,-,READY owner=Surnn refs=24,"{""cmd"": ""STOP"", ""status"": ""READY"", ""detector"": ""yolo"", ""state"": ""IDLE"", ""owner"": ""Surnn"", ""score"": null, ""match_max"": 0.5, ""refs"": 24, ""match_mode"": ""none"", ""steer_zones"": 41, ""people"": 0, ""track_id"": null, ""target_ex"": 0.0, ""target_cx_vel_px_s"": 0.0, ""target_age_s"": null, ""lidar_min_m"": 0.28, ""target_lidar_m"": null, ""target_lidar_deg"": null, ""camera_range_m"
2026-07-16T22:52:55.629,1089.629,mission_20260716_223446_manual,MANUAL,,0,13.330265998840332,100.99794006347656,150.62934463444444,4,True,0.6787499785423279,1,0,0,1,0,0.0,0.0,0.0,0,0,nan,nan,nan,,nan,nan,nan,2,26,-,READY owner=Surnn refs=24,"{""cmd"": ""STOP"", ""status"": ""READY"", ""detector"": ""yolo"", ""state"": ""IDLE"", ""owner"": ""Surnn"", ""score"": null, ""match_max"": 0.5, ""refs"": 24, ""match_mode"": ""none"", ""steer_zones"": 41, ""people"": 0, ""track_id"": null, ""target_ex"": 0.0, ""target_cx_vel_px_s"": 0.0, ""target_age_s"": null, ""lidar_min_m"": 0.27, ""target_lidar_m"": null, ""target_lidar_deg"": null, ""camera_range_m"
2026-07-16T22:52:57.761,1091.761,mission_20260716_223446_manual,MANUAL,,0,13.330266952514648,100.99794006347656,150.62959052125456,4,True,0.6807500123977661,1,0,0,1,0,0.0,0.0,0.0,0,0,nan,nan,nan,,nan,nan,nan,2,26,-,READY owner=Surnn refs=24,"{""cmd"": ""STOP"", ""status"": ""READY"", ""detector"": ""yolo"", ""state"": ""IDLE"", ""owner"": ""Surnn"", ""score"": null, ""match_max"": 0.5, ""refs"": 24, ""match_mode"": ""none"", ""steer_zones"": 41, ""people"": 0, ""track_id"": null, ""target_ex"": 0.0, ""target_cx_vel_px_s"": 0.0, ""target_age_s"": null, ""lidar_min_m"": 0.28, ""target_lidar_m"": null, ""target_lidar_deg"": null, ""camera_range_m"
2026-07-16T22:52:59.772,1093.772,mission_20260716_223446_manual,MANUAL,,0,13.330266952514648,100.99794006347656,150.63331980454137,4,True,0.6800000071525574,1,0,0,1,0,0.0,0.0,0.0,0,0,nan,nan,nan,,nan,nan,nan,2,26,-,READY owner=Surnn refs=24,"{""cmd"": ""STOP"", ""status"": ""READY"", ""detector"": ""yolo"", ""state"": ""IDLE"", ""owner"": ""Surnn"", ""score"": null, ""match_max"": 0.5, ""refs"": 24, ""match_mode"": ""none"", ""steer_zones"": 41, ""people"": 0, ""track_id"": null, ""target_ex"": 0.0, ""target_cx_vel_px_s"": 0.0, ""target_age_s"": null, ""lidar_min_m"": 0.26, ""target_lidar_m"": null, ""target_lidar_deg"": null, ""camera_range_m"
2026-07-16T22:53:01.896,1095.897,mission_20260716_223446_manual,MANUAL,,0,13.330266952514648,100.99794006347656,150.64856478676884,4,True,0.6794999837875366,1,0,0,1,0,0.0,0.0,0.0,0,0,nan,nan,nan,,nan,nan,nan,2,26,-,READY owner=Surnn refs=24,"{""cmd"": ""STOP"", ""status"": ""READY"", ""detector"": ""yolo"", ""state"": ""IDLE"", ""owner"": ""Surnn"", ""score"": null, ""match_max"": 0.5, ""refs"": 24, ""match_mode"": ""none"", ""steer_zones"": 41, ""people"": 0, ""track_id"": null, ""target_ex"": 0.0, ""target_cx_vel_px_s"": 0.0, ""target_age_s"": null, ""lidar_min_m"": 0.27, ""target_lidar_m"": null, ""target_lidar_deg"": null, ""camera_range_m"
2026-07-16T22:53:04.011,1098.012,mission_20260716_223446_manual,MANUAL,,0,13.330266952514648,100.99794006347656,150.63409844610675,4,True,0.6775000095367432,1,0,0,1,0,0.0,0.0,0.0,0,0,nan,nan,nan,,nan,nan,nan,2,26,-,READY owner=Surnn refs=24,"{""cmd"": ""STOP"", ""status"": ""READY"", ""detector"": ""yolo"", ""state"": ""IDLE"", ""owner"": ""Surnn"", ""score"": null, ""match_max"": 0.5, ""refs"": 24, ""match_mode"": ""none"", ""steer_zones"": 41, ""people"": 0, ""track_id"": null, ""target_ex"": 0.0, ""target_cx_vel_px_s"": 0.0, ""target_age_s"": null, ""lidar_min_m"": 0.28, ""target_lidar_m"": null, ""target_lidar_deg"": null, ""camera_range_m"
2026-07-16T22:53:06.033,1100.034,mission_20260716_223446_manual,MANUAL,,0,13.330267906188965,100.99794006347656,150.6309019175752,4,True,0.6782500147819519,1,0,0,1,0,0.0,0.0,0.0,0,0,nan,nan,nan,,nan,nan,nan,2,26,-,READY owner=Surnn refs=24,"{""cmd"": ""STOP"", ""status"": ""READY"", ""detector"": ""yolo"", ""state"": ""IDLE"", ""owner"": ""Surnn"", ""score"": null, ""match_max"": 0.5, ""refs"": 24, ""match_mode"": ""none"", ""steer_zones"": 41, ""people"": 0, ""track_id"": null, ""target_ex"": 0.0, ""target_cx_vel_px_s"": 0.0, ""target_age_s"": null, ""lidar_min_m"": 0.29, ""target_lidar_m"": null, ""target_lidar_deg"": null, ""camera_range_m"
2026-07-16T22:53:08.161,1102.162,mission_20260716_223446_manual,MANUAL,,0,13.330266952514648,100.99794006347656,150.64096961641178,4,True,0.6807500123977661,1,0,0,1,0,0.0,0.0,0.0,0,0,nan,nan,nan,,nan,nan,nan,2,26,-,READY owner=Surnn refs=24,"{""cmd"": ""STOP"", ""status"": ""READY"", ""detector"": ""yolo"", ""state"": ""IDLE"", ""owner"": ""Surnn"", ""score"": null, ""match_max"": 0.5, ""refs"": 24, ""match_mode"": ""none"", ""steer_zones"": 41, ""people"": 0, ""track_id"": null, ""target_ex"": 0.0, ""target_cx_vel_px_s"": 0.0, ""target_age_s"": null, ""lidar_min_m"": 0.27, ""target_lidar_m"": null, ""target_lidar_deg"": null, ""camera_range_m"
2026-07-16T22:53:10.293,1104.293,mission_20260716_223446_manual,MANUAL,,0,13.330265998840332,100.99794006347656,150.6234706717582,4,True,0.6782500147819519,1,0,0,1,0,0.0,0.0,0.0,0,0,nan,nan,nan,,nan,nan,nan,2,25,-,READY owner=Surnn refs=24,"{""cmd"": ""STOP"", ""status"": ""READY"", ""detector"": ""yolo"", ""state"": ""IDLE"", ""owner"": ""Surnn"", ""score"": null, ""match_max"": 0.5, ""refs"": 24, ""match_mode"": ""none"", ""steer_zones"": 41, ""people"": 0, ""track_id"": null, ""target_ex"": 0.0, ""target_cx_vel_px_s"": 0.0, ""target_age_s"": null, ""lidar_min_m"": 0.3, ""target_lidar_m"": null, ""target_lidar_deg"": null, ""camera_range_m"""
2026-07-16T22:53:12.423,1106.423,mission_20260716_223446_manual,MANUAL,,0,13.330263137817383,100.99794006347656,150.6231291622997,4,True,0.6777499914169312,1,0,0,1,0,0.0,0.0,0.0,0,0,nan,nan,nan,,nan,nan,nan,2,25,-,READY owner=Surnn refs=24,"{""cmd"": ""STOP"", ""status"": ""READY"", ""detector"": ""yolo"", ""state"": ""IDLE"", ""owner"": ""Surnn"", ""score"": null, ""match_max"": 0.5, ""refs"": 24, ""match_mode"": ""none"", ""steer_zones"": 41, ""people"": 0, ""track_id"": null, ""target_ex"": 0.0, ""target_cx_vel_px_s"": 0.0, ""target_age_s"": null, ""lidar_min_m"": 0.27, ""target_lidar_m"": null, ""target_lidar_deg"": null, ""camera_range_m"
2026-07-16T22:53:14.445,1108.445,mission_20260716_223446_manual,MANUAL,,0,13.330262184143066,100.99794006347656,150.61318440686819,4,True,0.6797500252723694,1,0,0,1,0,0.0,0.0,0.0,0,0,nan,nan,nan,,nan,nan,nan,2,25,-,READY owner=Surnn refs=24,"{""cmd"": ""STOP"", ""status"": ""READY"", ""detector"": ""yolo"", ""state"": ""IDLE"", ""owner"": ""Surnn"", ""score"": null, ""match_max"": 0.5, ""refs"": 24, ""match_mode"": ""none"", ""steer_zones"": 41, ""people"": 0, ""track_id"": null, ""target_ex"": 0.0, ""target_cx_vel_px_s"": 0.0, ""target_age_s"": null, ""lidar_min_m"": 0.28, ""target_lidar_m"": null, ""target_lidar_deg"": null, ""camera_range_m"
2026-07-16T22:53:16.449,1110.449,mission_20260716_223446_manual,MANUAL,,0,13.33026123046875,100.99793243408203,150.60904531223113,4,True,0.6790000200271606,1,0,0,1,0,0.0,0.0,0.0,0,0,nan,nan,nan,,nan,nan,nan,2,25,-,READY owner=Surnn refs=24,"{""cmd"": ""STOP"", ""status"": ""READY"", ""detector"": ""yolo"", ""state"": ""IDLE"", ""owner"": ""Surnn"", ""score"": null, ""match_max"": 0.5, ""refs"": 24, ""match_mode"": ""none"", ""steer_zones"": 41, ""people"": 0, ""track_id"": null, ""target_ex"": 0.0, ""target_cx_vel_px_s"": 0.0, ""target_age_s"": null, ""lidar_min_m"": 0.27, ""target_lidar_m"": null, ""target_lidar_deg"": null, ""camera_range_m"
2026-07-16T22:53:18.461,1112.461,mission_20260716_223446_manual,MANUAL,,0,13.330260276794434,100.99793243408203,150.61139489730562,4,True,0.6779999732971191,1,0,0,1,0,0.0,0.0,0.0,0,0,nan,nan,nan,,nan,nan,nan,2,26,-,READY owner=Surnn refs=24,"{""cmd"": ""STOP"", ""status"": ""READY"", ""detector"": ""yolo"", ""state"": ""IDLE"", ""owner"": ""Surnn"", ""score"": null, ""match_max"": 0.5, ""refs"": 24, ""match_mode"": ""none"", ""steer_zones"": 41, ""people"": 0, ""track_id"": null, ""target_ex"": 0.0, ""target_cx_vel_px_s"": 0.0, ""target_age_s"": null, ""lidar_min_m"": 0.27, ""target_lidar_m"": null, ""target_lidar_deg"": null, ""camera_range_m"
2026-07-16T22:53:20.467,1114.468,mission_20260716_223446_manual,MANUAL,,0,13.330260276794434,100.99793243408203,150.60964636887812,4,True,0.6809999942779541,1,0,0,1,0,0.0,0.0,0.0,0,0,nan,nan,nan,,nan,nan,nan,2,25,-,READY owner=Surnn refs=24,"{""cmd"": ""STOP"", ""status"": ""READY"", ""detector"": ""yolo"", ""state"": ""IDLE"", ""owner"": ""Surnn"", ""score"": null, ""match_max"": 0.5, ""refs"": 24, ""match_mode"": ""none"", ""steer_zones"": 41, ""people"": 0, ""track_id"": null, ""target_ex"": 0.0, ""target_cx_vel_px_s"": 0.0, ""target_age_s"": null, ""lidar_min_m"": 0.28, ""target_lidar_m"": null, ""target_lidar_deg"": null, ""camera_range_m"
2026-07-16T22:53:22.593,1116.593,mission_20260716_223446_manual,MANUAL,,0,13.330259323120117,100.99793243408203,150.59478387724417,4,True,0.6787499785423279,1,0,0,1,0,0.0,0.0,0.0,0,0,nan,nan,nan,,nan,nan,nan,2,25,-,READY owner=Surnn refs=24,"{""cmd"": ""STOP"", ""status"": ""READY"", ""detector"": ""yolo"", ""state"": ""IDLE"", ""owner"": ""Surnn"", ""score"": null, ""match_max"": 0.5, ""refs"": 24, ""match_mode"": ""none"", ""steer_zones"": 41, ""people"": 0, ""track_id"": null, ""target_ex"": 0.0, ""target_cx_vel_px_s"": 0.0, ""target_age_s"": null, ""lidar_min_m"": 0.27, ""target_lidar_m"": null, ""target_lidar_deg"": null, ""camera_range_m"
2026-07-16T22:53:24.606,1118.606,mission_20260716_223446_manual,MANUAL,,0,13.3302583694458,100.99793243408203,150.59430576400226,4,True,0.6800000071525574,1,0,0,1,0,0.0,0.0,0.0,0,0,nan,nan,nan,,nan,nan,nan,2,26,-,READY owner=Surnn refs=24,"{""cmd"": ""STOP"", ""status"": ""READY"", ""detector"": ""yolo"", ""state"": ""IDLE"", ""owner"": ""Surnn"", ""score"": null, ""match_max"": 0.5, ""refs"": 24, ""match_mode"": ""none"", ""steer_zones"": 41, ""people"": 0, ""track_id"": null, ""target_ex"": 0.0, ""target_cx_vel_px_s"": 0.0, ""target_age_s"": null, ""lidar_min_m"": 0.28, ""target_lidar_m"": null, ""target_lidar_deg"": null, ""camera_range_m"
2026-07-16T22:53:26.613,1120.614,mission_20260716_223446_manual,MANUAL,,0,13.3302583694458,100.99793243408203,150.57386983800558,4,True,0.6819999814033508,1,0,0,1,0,0.0,0.0,0.0,0,0,nan,nan,nan,,nan,nan,nan,2,26,-,READY owner=Surnn refs=24,"{""cmd"": ""STOP"", ""status"": ""READY"", ""detector"": ""yolo"", ""state"": ""IDLE"", ""owner"": ""Surnn"", ""score"": null, ""match_max"": 0.5, ""refs"": 24, ""match_mode"": ""none"", ""steer_zones"": 41, ""people"": 0, ""track_id"": null, ""target_ex"": 0.0, ""target_cx_vel_px_s"": 0.0, ""target_age_s"": null, ""lidar_min_m"": 0.27, ""target_lidar_m"": null, ""target_lidar_deg"": null, ""camera_range_m"
2026-07-16T22:53:28.724,1122.725,mission_20260716_223446_manual,MANUAL,,0,13.330257415771484,100.9979248046875,150.56116568614937,4,True,0.6802499890327454,1,0,0,1,0,0.0,0.0,0.0,0,0,nan,nan,nan,,nan,nan,nan,2,26,-,READY owner=Surnn refs=24,"{""cmd"": ""STOP"", ""status"": ""READY"", ""detector"": ""yolo"", ""state"": ""IDLE"", ""owner"": ""Surnn"", ""score"": null, ""match_max"": 0.5, ""refs"": 24, ""match_mode"": ""none"", ""steer_zones"": 41, ""people"": 0, ""track_id"": null, ""target_ex"": 0.0, ""target_cx_vel_px_s"": 0.0, ""target_age_s"": null, ""lidar_min_m"": 0.28, ""target_lidar_m"": null, ""target_lidar_deg"": null, ""camera_range_m"
2026-07-16T22:53:30.858,1124.858,mission_20260716_223446_manual,MANUAL,,0,13.330256462097168,100.9979248046875,150.56164379939125,4,True,0.6815000176429749,1,0,0,1,0,0.0,0.0,0.0,0,0,nan,nan,nan,,nan,nan,nan,2,26,-,READY owner=Surnn refs=24,"{""cmd"": ""STOP"", ""status"": ""READY"", ""detector"": ""yolo"", ""state"": ""IDLE"", ""owner"": ""Surnn"", ""score"": null, ""match_max"": 0.5, ""refs"": 24, ""match_mode"": ""none"", ""steer_zones"": 41, ""people"": 0, ""track_id"": null, ""target_ex"": 0.0, ""target_cx_vel_px_s"": 0.0, ""target_age_s"": null, ""lidar_min_m"": 0.27, ""target_lidar_m"": null, ""target_lidar_deg"": null, ""camera_range_m"
2026-07-16T22:53:32.866,1126.866,mission_20260716_223446_manual,MANUAL,,0,13.330255508422852,100.9979248046875,150.54750530780933,4,True,0.6787499785423279,1,0,0,1,0,0.0,0.0,0.0,0,0,nan,nan,nan,,nan,nan,nan,2,26,-,READY owner=Surnn refs=24,"{""cmd"": ""STOP"", ""status"": ""READY"", ""detector"": ""yolo"", ""state"": ""IDLE"", ""owner"": ""Surnn"", ""score"": null, ""match_max"": 0.5, ""refs"": 24, ""match_mode"": ""none"", ""steer_zones"": 41, ""people"": 0, ""track_id"": null, ""target_ex"": 0.0, ""target_cx_vel_px_s"": 0.0, ""target_age_s"": null, ""lidar_min_m"": 0.27, ""target_lidar_m"": null, ""target_lidar_deg"": null, ""camera_range_m"
2026-07-16T22:53:34.959,1128.959,mission_20260716_223446_manual,MANUAL,,0,13.330255508422852,100.9979248046875,150.5437077226308,4,True,0.6782500147819519,1,0,0,1,0,0.0,0.0,0.0,0,0,nan,nan,nan,,nan,nan,nan,2,27,-,READY owner=Surnn refs=24,"{""cmd"": ""STOP"", ""status"": ""READY"", ""detector"": ""yolo"", ""state"": ""IDLE"", ""owner"": ""Surnn"", ""score"": null, ""match_max"": 0.5, ""refs"": 24, ""match_mode"": ""none"", ""steer_zones"": 41, ""people"": 0, ""track_id"": null, ""target_ex"": 0.0, ""target_cx_vel_px_s"": 0.0, ""target_age_s"": null, ""lidar_min_m"": 0.27, ""target_lidar_m"": null, ""target_lidar_deg"": null, ""camera_range_m"
2026-07-16T22:53:36.981,1130.981,mission_20260716_223446_manual,MANUAL,,0,13.330255508422852,100.9979248046875,150.54413119435935,4,True,0.6787499785423279,1,0,0,1,0,0.0,0.0,0.0,0,0,nan,nan,nan,,nan,nan,nan,2,26,-,READY owner=Surnn refs=24,"{""cmd"": ""STOP"", ""status"": ""READY"", ""detector"": ""yolo"", ""state"": ""IDLE"", ""owner"": ""Surnn"", ""score"": null, ""match_max"": 0.5, ""refs"": 24, ""match_mode"": ""none"", ""steer_zones"": 41, ""people"": 0, ""track_id"": null, ""target_ex"": 0.0, ""target_cx_vel_px_s"": 0.0, ""target_age_s"": null, ""lidar_min_m"": 0.27, ""target_lidar_m"": null, ""target_lidar_deg"": null, ""camera_range_m"
2026-07-16T22:53:38.992,1132.992,mission_20260716_223446_manual,MANUAL,,0,13.330257415771484,100.9979248046875,150.53476017481808,4,True,0.6787499785423279,1,0,0,1,0,0.0,0.0,0.0,0,0,nan,nan,nan,,nan,nan,nan,2,27,-,READY owner=Surnn refs=24,"{""cmd"": ""STOP"", ""status"": ""READY"", ""detector"": ""yolo"", ""state"": ""IDLE"", ""owner"": ""Surnn"", ""score"": null, ""match_max"": 0.5, ""refs"": 24, ""match_mode"": ""none"", ""steer_zones"": 41, ""people"": 0, ""track_id"": null, ""target_ex"": 0.0, ""target_cx_vel_px_s"": 0.0, ""target_age_s"": null, ""lidar_min_m"": 0.27, ""target_lidar_m"": null, ""target_lidar_deg"": null, ""camera_range_m"
2026-07-16T22:53:40.992,1134.993,mission_20260716_223446_manual,MANUAL,,0,13.330259323120117,100.9979248046875,150.53486945784482,4,True,0.6807500123977661,1,0,0,1,0,0.0,0.0,0.0,0,0,nan,nan,nan,,nan,nan,nan,2,27,-,READY owner=Surnn refs=24,"{""cmd"": ""STOP"", ""status"": ""READY"", ""detector"": ""yolo"", ""state"": ""IDLE"", ""owner"": ""Surnn"", ""score"": null, ""match_max"": 0.5, ""refs"": 24, ""match_mode"": ""none"", ""steer_zones"": 41, ""people"": 0, ""track_id"": null, ""target_ex"": 0.0, ""target_cx_vel_px_s"": 0.0, ""target_age_s"": null, ""lidar_min_m"": 0.27, ""target_lidar_m"": null, ""target_lidar_deg"": null, ""camera_range_m"
2026-07-16T22:53:42.994,1136.995,mission_20260716_223446_manual,MANUAL,,0,13.33026123046875,100.9979248046875,150.53902221286017,4,True,0.6790000200271606,1,0,0,1,0,0.0,0.0,0.0,0,0,nan,nan,nan,,nan,nan,nan,2,27,-,READY owner=Surnn refs=24,"{""cmd"": ""STOP"", ""status"": ""READY"", ""detector"": ""yolo"", ""state"": ""IDLE"", ""owner"": ""Surnn"", ""score"": null, ""match_max"": 0.5, ""refs"": 24, ""match_mode"": ""none"", ""steer_zones"": 41, ""people"": 0, ""track_id"": null, ""target_ex"": 0.0, ""target_cx_vel_px_s"": 0.0, ""target_age_s"": null, ""lidar_min_m"": 0.27, ""target_lidar_m"": null, ""target_lidar_deg"": null, ""camera_range_m"
2026-07-16T22:53:45.117,1139.117,mission_20260716_223446_manual,MANUAL,,0,13.330263137817383,100.9979248046875,150.54146742058305,4,True,0.6797500252723694,1,0,0,1,0,0.0,0.0,0.0,0,0,nan,nan,nan,,nan,nan,nan,2,27,-,READY owner=Surnn refs=24,"{""cmd"": ""STOP"", ""status"": ""READY"", ""detector"": ""yolo"", ""state"": ""IDLE"", ""owner"": ""Surnn"", ""score"": null, ""match_max"": 0.5, ""refs"": 24, ""match_mode"": ""none"", ""steer_zones"": 41, ""people"": 0, ""track_id"": null, ""target_ex"": 0.0, ""target_cx_vel_px_s"": 0.0, ""target_age_s"": null, ""lidar_min_m"": 0.28, ""target_lidar_m"": null, ""target_lidar_deg"": null, ""camera_range_m"
2026-07-16T22:53:47.238,1141.238,mission_20260716_223446_manual,MANUAL,,0,13.330265045166016,100.9979248046875,150.5598542898287,4,True,0.6779999732971191,1,0,0,1,0,0.0,0.0,0.0,0,0,nan,nan,nan,,nan,nan,nan,2,27,-,READY owner=Surnn refs=24,"{""cmd"": ""STOP"", ""status"": ""READY"", ""detector"": ""yolo"", ""state"": ""IDLE"", ""owner"": ""Surnn"", ""score"": null, ""match_max"": 0.5, ""refs"": 24, ""match_mode"": ""none"", ""steer_zones"": 41, ""people"": 0, ""track_id"": null, ""target_ex"": 0.0, ""target_cx_vel_px_s"": 0.0, ""target_age_s"": null, ""lidar_min_m"": 0.29, ""target_lidar_m"": null, ""target_lidar_deg"": null, ""camera_range_m"
2026-07-16T22:53:49.364,1143.365,mission_20260716_223446_manual,MANUAL,,0,13.330267906188965,100.9979248046875,150.57690244199708,4,True,0.6767500042915344,1,0,0,1,0,0.0,0.0,0.0,0,0,nan,nan,nan,,nan,nan,nan,2,26,-,READY owner=Surnn refs=24,"{""cmd"": ""STOP"", ""status"": ""READY"", ""detector"": ""yolo"", ""state"": ""IDLE"", ""owner"": ""Surnn"", ""score"": null, ""match_max"": 0.5, ""refs"": 24, ""match_mode"": ""none"", ""steer_zones"": 41, ""people"": 0, ""track_id"": null, ""target_ex"": 0.0, ""target_cx_vel_px_s"": 0.0, ""target_age_s"": null, ""lidar_min_m"": 0.27, ""target_lidar_m"": null, ""target_lidar_deg"": null, ""camera_range_m"
2026-07-16T22:53:51.494,1145.495,mission_20260716_223446_manual,MANUAL,,0,13.330269813537598,100.9979248046875,150.5653047807864,4,True,0.6777499914169312,1,0,0,1,0,0.0,0.0,0.0,0,0,nan,nan,nan,,nan,nan,nan,2,27,-,READY owner=Surnn refs=24,"{""cmd"": ""STOP"", ""status"": ""READY"", ""detector"": ""yolo"", ""state"": ""IDLE"", ""owner"": ""Surnn"", ""score"": null, ""match_max"": 0.5, ""refs"": 24, ""match_mode"": ""none"", ""steer_zones"": 41, ""people"": 0, ""track_id"": null, ""target_ex"": 0.0, ""target_cx_vel_px_s"": 0.0, ""target_age_s"": null, ""lidar_min_m"": 0.28, ""target_lidar_m"": null, ""target_lidar_deg"": null, ""camera_range_m"
2026-07-16T22:53:53.620,1147.621,mission_20260716_223446_manual,MANUAL,,0,13.330272674560547,100.9979248046875,150.5623404786866,4,True,0.6775000095367432,1,0,0,1,0,0.0,0.0,0.0,0,0,nan,nan,nan,,nan,nan,nan,2,26,-,READY owner=Surnn refs=24,"{""cmd"": ""STOP"", ""status"": ""READY"", ""detector"": ""yolo"", ""state"": ""IDLE"", ""owner"": ""Surnn"", ""score"": null, ""match_max"": 0.5, ""refs"": 24, ""match_mode"": ""none"", ""steer_zones"": 41, ""people"": 0, ""track_id"": null, ""target_ex"": 0.0, ""target_cx_vel_px_s"": 0.0, ""target_age_s"": null, ""lidar_min_m"": 0.29, ""target_lidar_m"": null, ""target_lidar_deg"": null, ""camera_range_m"
2026-07-16T22:53:55.733,1149.734,mission_20260716_223446_manual,MANUAL,,0,13.33027458190918,100.9979248046875,150.57341904552035,4,True,0.6784999966621399,1,0,0,1,0,0.0,0.0,0.0,0,0,nan,nan,nan,,nan,nan,nan,2,26,-,READY owner=Surnn refs=24,"{""cmd"": ""STOP"", ""status"": ""READY"", ""detector"": ""yolo"", ""state"": ""IDLE"", ""owner"": ""Surnn"", ""score"": null, ""match_max"": 0.5, ""refs"": 24, ""match_mode"": ""none"", ""steer_zones"": 41, ""people"": 0, ""track_id"": null, ""target_ex"": 0.0, ""target_cx_vel_px_s"": 0.0, ""target_age_s"": null, ""lidar_min_m"": 0.27, ""target_lidar_m"": null, ""target_lidar_deg"": null, ""camera_range_m"
2026-07-16T22:53:57.735,1151.736,mission_20260716_223446_manual,MANUAL,,0,13.330277442932129,100.9979248046875,150.56975806412524,4,True,0.6775000095367432,1,0,0,1,0,0.0,0.0,0.0,0,0,nan,nan,nan,,nan,nan,nan,2,27,-,READY owner=Surnn refs=24,"{""cmd"": ""STOP"", ""status"": ""READY"", ""detector"": ""yolo"", ""state"": ""IDLE"", ""owner"": ""Surnn"", ""score"": null, ""match_max"": 0.5, ""refs"": 24, ""match_mode"": ""none"", ""steer_zones"": 41, ""people"": 0, ""track_id"": null, ""target_ex"": 0.0, ""target_cx_vel_px_s"": 0.0, ""target_age_s"": null, ""lidar_min_m"": 0.27, ""target_lidar_m"": null, ""target_lidar_deg"": null, ""camera_range_m"
2026-07-16T22:53:59.865,1153.865,mission_20260716_223446_manual,MANUAL,,0,13.330279350280762,100.9979248046875,150.57806357415598,4,True,0.6807500123977661,1,0,0,1,0,0.0,0.0,0.0,0,0,nan,nan,nan,,nan,nan,nan,2,25,-,READY owner=Surnn refs=24,"{""cmd"": ""STOP"", ""status"": ""READY"", ""detector"": ""yolo"", ""state"": ""IDLE"", ""owner"": ""Surnn"", ""score"": null, ""match_max"": 0.5, ""refs"": 24, ""match_mode"": ""none"", ""steer_zones"": 41, ""people"": 0, ""track_id"": null, ""target_ex"": 0.0, ""target_cx_vel_px_s"": 0.0, ""target_age_s"": null, ""lidar_min_m"": 0.28, ""target_lidar_m"": null, ""target_lidar_deg"": null, ""camera_range_m"
2026-07-16T22:54:01.867,1155.868,mission_20260716_223446_manual,MANUAL,,0,13.330281257629395,100.9979248046875,150.5887596503962,4,True,0.6800000071525574,1,0,0,1,0,0.0,0.0,0.0,0,0,nan,nan,nan,,nan,nan,nan,2,25,-,READY owner=Surnn refs=24,"{""cmd"": ""STOP"", ""status"": ""READY"", ""detector"": ""yolo"", ""state"": ""IDLE"", ""owner"": ""Surnn"", ""score"": null, ""match_max"": 0.5, ""refs"": 24, ""match_mode"": ""none"", ""steer_zones"": 41, ""people"": 0, ""track_id"": null, ""target_ex"": 0.0, ""target_cx_vel_px_s"": 0.0, ""target_age_s"": null, ""lidar_min_m"": 0.27, ""target_lidar_m"": null, ""target_lidar_deg"": null, ""camera_range_m"
2026-07-16T22:54:03.966,1157.967,mission_20260716_223446_manual,MANUAL,,0,13.330283164978027,100.9979248046875,150.58959293347496,4,True,0.6800000071525574,1,0,0,1,0,0.0,0.0,0.0,0,0,nan,nan,nan,,nan,nan,nan,2,26,-,READY owner=Surnn refs=24,"{""cmd"": ""STOP"", ""status"": ""READY"", ""detector"": ""yolo"", ""state"": ""IDLE"", ""owner"": ""Surnn"", ""score"": null, ""match_max"": 0.5, ""refs"": 24, ""match_mode"": ""none"", ""steer_zones"": 41, ""people"": 0, ""track_id"": null, ""target_ex"": 0.0, ""target_cx_vel_px_s"": 0.0, ""target_age_s"": null, ""lidar_min_m"": 0.27, ""target_lidar_m"": null, ""target_lidar_deg"": null, ""camera_range_m"
2026-07-16T22:54:05.968,1159.968,mission_20260716_223446_manual,MANUAL,,0,13.33028507232666,100.9979248046875,150.60280251932974,4,True,0.6782500147819519,1,0,0,1,0,0.0,0.0,0.0,0,0,nan,nan,nan,,nan,nan,nan,2,26,-,READY owner=Surnn refs=24,"{""cmd"": ""STOP"", ""status"": ""READY"", ""detector"": ""yolo"", ""state"": ""IDLE"", ""owner"": ""Surnn"", ""score"": null, ""match_max"": 0.5, ""refs"": 24, ""match_mode"": ""none"", ""steer_zones"": 41, ""people"": 0, ""track_id"": null, ""target_ex"": 0.0, ""target_cx_vel_px_s"": 0.0, ""target_age_s"": null, ""lidar_min_m"": 0.27, ""target_lidar_m"": null, ""target_lidar_deg"": null, ""camera_range_m"
2026-07-16T22:54:07.974,1161.974,mission_20260716_223446_manual,MANUAL,,0,13.330286026000977,100.9979248046875,150.60058953803866,4,True,0.6800000071525574,1,0,0,1,0,0.0,0.0,0.0,0,0,nan,nan,nan,,nan,nan,nan,2,26,-,READY owner=Surnn refs=24,"{""cmd"": ""STOP"", ""status"": ""READY"", ""detector"": ""yolo"", ""state"": ""IDLE"", ""owner"": ""Surnn"", ""score"": null, ""match_max"": 0.5, ""refs"": 24, ""match_mode"": ""none"", ""steer_zones"": 41, ""people"": 0, ""track_id"": null, ""target_ex"": 0.0, ""target_cx_vel_px_s"": 0.0, ""target_age_s"": null, ""lidar_min_m"": 0.29, ""target_lidar_m"": null, ""target_lidar_deg"": null, ""camera_range_m"
2026-07-16T22:54:10.096,1164.096,mission_20260716_223446_manual,MANUAL,,0,13.330286979675293,100.99793243408203,150.59880002847612,4,True,0.6775000095367432,1,0,0,1,0,0.0,0.0,0.0,0,0,nan,nan,nan,,nan,nan,nan,2,26,-,READY owner=Surnn refs=24,"{""cmd"": ""STOP"", ""status"": ""READY"", ""detector"": ""yolo"", ""state"": ""IDLE"", ""owner"": ""Surnn"", ""score"": null, ""match_max"": 0.5, ""refs"": 24, ""match_mode"": ""none"", ""steer_zones"": 41, ""people"": 0, ""track_id"": null, ""target_ex"": 0.0, ""target_cx_vel_px_s"": 0.0, ""target_age_s"": null, ""lidar_min_m"": 0.29, ""target_lidar_m"": null, ""target_lidar_deg"": null, ""camera_range_m"
2026-07-16T22:54:12.104,1166.105,mission_20260716_223446_manual,MANUAL,,0,13.33028793334961,100.99793243408203,150.60696893472345,4,True,0.6797500252723694,1,0,0,1,0,0.0,0.0,0.0,0,0,nan,nan,nan,,nan,nan,nan,2,26,-,READY owner=Surnn refs=24,"{""cmd"": ""STOP"", ""status"": ""READY"", ""detector"": ""yolo"", ""state"": ""IDLE"", ""owner"": ""Surnn"", ""score"": null, ""match_max"": 0.5, ""refs"": 24, ""match_mode"": ""none"", ""steer_zones"": 41, ""people"": 0, ""track_id"": null, ""target_ex"": 0.0, ""target_cx_vel_px_s"": 0.0, ""target_age_s"": null, ""lidar_min_m"": 0.29, ""target_lidar_m"": null, ""target_lidar_deg"": null, ""camera_range_m"
2026-07-16T22:54:14.228,1168.229,mission_20260716_223446_manual,MANUAL,,0,13.330288887023926,100.99793243408203,150.60941414244633,4,True,0.6809999942779541,1,0,0,1,0,0.0,0.0,0.0,0,0,nan,nan,nan,,nan,nan,nan,2,26,-,READY owner=Surnn refs=24,"{""cmd"": ""STOP"", ""status"": ""READY"", ""detector"": ""yolo"", ""state"": ""IDLE"", ""owner"": ""Surnn"", ""score"": null, ""match_max"": 0.5, ""refs"": 24, ""match_mode"": ""none"", ""steer_zones"": 41, ""people"": 0, ""track_id"": null, ""target_ex"": 0.0, ""target_cx_vel_px_s"": 0.0, ""target_age_s"": null, ""lidar_min_m"": 0.28, ""target_lidar_m"": null, ""target_lidar_deg"": null, ""camera_range_m"
2026-07-16T22:54:16.228,1170.229,mission_20260716_223446_manual,MANUAL,,0,13.33028793334961,100.99793243408203,150.6234023698665,4,True,0.6792500019073486,1,0,0,1,0,0.0,0.0,0.0,0,0,nan,nan,nan,,nan,nan,nan,2,26,-,READY owner=Surnn refs=24,"{""cmd"": ""STOP"", ""status"": ""READY"", ""detector"": ""yolo"", ""state"": ""IDLE"", ""owner"": ""Surnn"", ""score"": null, ""match_max"": 0.5, ""refs"": 24, ""match_mode"": ""none"", ""steer_zones"": 41, ""people"": 0, ""track_id"": null, ""target_ex"": 0.0, ""target_cx_vel_px_s"": 0.0, ""target_age_s"": null, ""lidar_min_m"": 0.27, ""target_lidar_m"": null, ""target_lidar_deg"": null, ""camera_range_m"
2026-07-16T22:54:18.235,1172.235,mission_20260716_223446_manual,MANUAL,,0,13.33028793334961,100.99793243408203,150.63610652172272,4,True,0.6800000071525574,1,0,0,1,0,0.0,0.0,0.0,0,0,nan,nan,nan,,nan,nan,nan,2,26,-,READY owner=Surnn refs=24,"{""cmd"": ""STOP"", ""status"": ""READY"", ""detector"": ""yolo"", ""state"": ""IDLE"", ""owner"": ""Surnn"", ""score"": null, ""match_max"": 0.5, ""refs"": 24, ""match_mode"": ""none"", ""steer_zones"": 41, ""people"": 0, ""track_id"": null, ""target_ex"": 0.0, ""target_cx_vel_px_s"": 0.0, ""target_age_s"": null, ""lidar_min_m"": 0.27, ""target_lidar_m"": null, ""target_lidar_deg"": null, ""camera_range_m"
2026-07-16T22:54:20.355,1174.356,mission_20260716_223446_manual,MANUAL,,0,13.330286979675293,100.99793243408203,150.64327822035125,4,True,0.6779999732971191,1,0,0,1,0,0.0,0.0,0.0,0,0,nan,nan,nan,,nan,nan,nan,2,27,-,READY owner=Surnn refs=24,"{""cmd"": ""STOP"", ""status"": ""READY"", ""detector"": ""yolo"", ""state"": ""IDLE"", ""owner"": ""Surnn"", ""score"": null, ""match_max"": 0.5, ""refs"": 24, ""match_mode"": ""none"", ""steer_zones"": 41, ""people"": 0, ""track_id"": null, ""target_ex"": 0.0, ""target_cx_vel_px_s"": 0.0, ""target_age_s"": null, ""lidar_min_m"": 0.28, ""target_lidar_m"": null, ""target_lidar_deg"": null, ""camera_range_m"
2026-07-16T22:54:22.360,1176.361,mission_20260716_223446_manual,MANUAL,,0,13.330286026000977,100.99793243408203,150.6469118809897,4,True,0.6782500147819519,1,0,0,1,0,0.0,0.0,0.0,0,0,nan,nan,nan,,nan,nan,nan,2,28,-,READY owner=Surnn refs=24,"{""cmd"": ""STOP"", ""status"": ""READY"", ""detector"": ""yolo"", ""state"": ""IDLE"", ""owner"": ""Surnn"", ""score"": null, ""match_max"": 0.5, ""refs"": 24, ""match_mode"": ""none"", ""steer_zones"": 41, ""people"": 0, ""track_id"": null, ""target_ex"": 0.0, ""target_cx_vel_px_s"": 0.0, ""target_age_s"": null, ""lidar_min_m"": 0.28, ""target_lidar_m"": null, ""target_lidar_deg"": null, ""camera_range_m"
2026-07-16T22:54:24.484,1178.485,mission_20260716_223446_manual,MANUAL,,0,13.33028507232666,100.99793243408203,150.64963029627935,4,True,0.6782500147819519,1,0,0,1,0,0.0,0.0,0.0,0,0,nan,nan,nan,,nan,nan,nan,2,28,-,READY owner=Surnn refs=24,"{""cmd"": ""STOP"", ""status"": ""READY"", ""detector"": ""yolo"", ""state"": ""IDLE"", ""owner"": ""Surnn"", ""score"": null, ""match_max"": 0.5, ""refs"": 24, ""match_mode"": ""none"", ""steer_zones"": 41, ""people"": 0, ""track_id"": null, ""target_ex"": 0.0, ""target_cx_vel_px_s"": 0.0, ""target_age_s"": null, ""lidar_min_m"": 0.27, ""target_lidar_m"": null, ""target_lidar_deg"": null, ""camera_range_m"
2026-07-16T22:54:26.608,1180.608,mission_20260716_223446_manual,MANUAL,,0,13.330284118652344,100.9979248046875,150.6490019188757,4,True,0.6767500042915344,1,0,0,1,0,0.0,0.0,0.0,0,0,nan,nan,nan,,nan,nan,nan,2,28,-,READY owner=Surnn refs=24,"{""cmd"": ""STOP"", ""status"": ""READY"", ""detector"": ""yolo"", ""state"": ""IDLE"", ""owner"": ""Surnn"", ""score"": null, ""match_max"": 0.5, ""refs"": 24, ""match_mode"": ""none"", ""steer_zones"": 41, ""people"": 0, ""track_id"": null, ""target_ex"": 0.0, ""target_cx_vel_px_s"": 0.0, ""target_age_s"": null, ""lidar_min_m"": 0.29, ""target_lidar_m"": null, ""target_lidar_deg"": null, ""camera_range_m"
2026-07-16T22:54:28.729,1182.73,mission_20260716_223446_manual,MANUAL,,0,13.330283164978027,100.9979248046875,150.64211708819235,4,True,0.6767500042915344,1,0,0,1,0,0.0,0.0,0.0,0,0,nan,nan,nan,,nan,nan,nan,2,28,-,READY owner=Surnn refs=24,"{""cmd"": ""STOP"", ""status"": ""READY"", ""detector"": ""yolo"", ""state"": ""IDLE"", ""owner"": ""Surnn"", ""score"": null, ""match_max"": 0.5, ""refs"": 24, ""match_mode"": ""none"", ""steer_zones"": 41, ""people"": 0, ""track_id"": null, ""target_ex"": 0.0, ""target_cx_vel_px_s"": 0.0, ""target_age_s"": null, ""lidar_min_m"": 0.29, ""target_lidar_m"": null, ""target_lidar_deg"": null, ""camera_range_m"
2026-07-16T22:54:30.861,1184.862,mission_20260716_223446_manual,MANUAL,,0,13.330282211303711,100.99793243408203,150.64170727684214,4,True,0.6769999861717224,1,0,0,1,0,0.0,0.0,0.0,0,0,nan,nan,nan,,nan,nan,nan,2,28,-,READY owner=Surnn refs=24,"{""cmd"": ""STOP"", ""status"": ""READY"", ""detector"": ""yolo"", ""state"": ""IDLE"", ""owner"": ""Surnn"", ""score"": null, ""match_max"": 0.5, ""refs"": 24, ""match_mode"": ""none"", ""steer_zones"": 41, ""people"": 0, ""track_id"": null, ""target_ex"": 0.0, ""target_cx_vel_px_s"": 0.0, ""target_age_s"": null, ""lidar_min_m"": 0.29, ""target_lidar_m"": null, ""target_lidar_deg"": null, ""camera_range_m"
2026-07-16T22:54:32.866,1186.866,mission_20260716_223446_manual,MANUAL,,0,13.330282211303711,100.9979248046875,150.6512149001668,4,True,0.6772500276565552,1,0,0,1,0,0.0,0.0,0.0,0,0,nan,nan,nan,,nan,nan,nan,2,28,-,READY owner=Surnn refs=24,"{""cmd"": ""STOP"", ""status"": ""READY"", ""detector"": ""yolo"", ""state"": ""IDLE"", ""owner"": ""Surnn"", ""score"": null, ""match_max"": 0.5, ""refs"": 24, ""match_mode"": ""none"", ""steer_zones"": 41, ""people"": 0, ""track_id"": null, ""target_ex"": 0.0, ""target_cx_vel_px_s"": 0.0, ""target_age_s"": null, ""lidar_min_m"": 0.28, ""target_lidar_m"": null, ""target_lidar_deg"": null, ""camera_range_m"
2026-07-16T22:54:34.988,1188.989,mission_20260716_223446_manual,MANUAL,,0,13.330281257629395,100.9979248046875,150.64512237142716,4,True,0.6812499761581421,1,0,0,1,0,0.0,0.0,0.0,0,0,nan,nan,nan,,nan,nan,nan,2,28,-,READY owner=Surnn refs=24,"{""cmd"": ""STOP"", ""status"": ""READY"", ""detector"": ""yolo"", ""state"": ""IDLE"", ""owner"": ""Surnn"", ""score"": null, ""match_max"": 0.5, ""refs"": 24, ""match_mode"": ""none"", ""steer_zones"": 41, ""people"": 0, ""track_id"": null, ""target_ex"": 0.0, ""target_cx_vel_px_s"": 0.0, ""target_age_s"": null, ""lidar_min_m"": 0.27, ""target_lidar_m"": null, ""target_lidar_deg"": null, ""camera_range_m"
2026-07-16T22:54:36.992,1190.993,mission_20260716_223446_manual,MANUAL,,0,13.330281257629395,100.99793243408203,150.6389205596608,4,True,0.6779999732971191,1,0,0,1,0,0.0,0.0,0.0,0,0,nan,nan,nan,,nan,nan,nan,2,28,-,READY owner=Surnn refs=24,"{""cmd"": ""STOP"", ""status"": ""READY"", ""detector"": ""yolo"", ""state"": ""IDLE"", ""owner"": ""Surnn"", ""score"": null, ""match_max"": 0.5, ""refs"": 24, ""match_mode"": ""none"", ""steer_zones"": 41, ""people"": 0, ""track_id"": null, ""target_ex"": 0.0, ""target_cx_vel_px_s"": 0.0, ""target_age_s"": null, ""lidar_min_m"": 0.29, ""target_lidar_m"": null, ""target_lidar_deg"": null, ""camera_range_m"
2026-07-16T22:54:39.077,1193.077,mission_20260716_223446_manual,MANUAL,,0,13.330281257629395,100.99793243408203,150.6321723327608,4,True,0.6802499890327454,1,0,0,1,0,0.0,0.0,0.0,0,0,nan,nan,nan,,nan,nan,nan,2,28,-,READY owner=Surnn refs=24,"{""cmd"": ""STOP"", ""status"": ""READY"", ""detector"": ""yolo"", ""state"": ""IDLE"", ""owner"": ""Surnn"", ""score"": null, ""match_max"": 0.5, ""refs"": 24, ""match_mode"": ""none"", ""steer_zones"": 41, ""people"": 0, ""track_id"": null, ""target_ex"": 0.0, ""target_cx_vel_px_s"": 0.0, ""target_age_s"": null, ""lidar_min_m"": 0.28, ""target_lidar_m"": null, ""target_lidar_deg"": null, ""camera_range_m"
2026-07-16T22:54:41.192,1195.193,mission_20260716_223446_manual,MANUAL,,0,13.330280303955078,100.99793243408203,150.63176252141062,4,True,0.6784999966621399,1,0,0,1,0,0.0,0.0,0.0,0,0,nan,nan,nan,,nan,nan,nan,2,28,-,READY owner=Surnn refs=24,"{""cmd"": ""STOP"", ""status"": ""READY"", ""detector"": ""yolo"", ""state"": ""IDLE"", ""owner"": ""Surnn"", ""score"": null, ""match_max"": 0.5, ""refs"": 24, ""match_mode"": ""none"", ""steer_zones"": 41, ""people"": 0, ""track_id"": null, ""target_ex"": 0.0, ""target_cx_vel_px_s"": 0.0, ""target_age_s"": null, ""lidar_min_m"": 0.28, ""target_lidar_m"": null, ""target_lidar_deg"": null, ""camera_range_m"
2026-07-16T22:54:43.289,1197.29,mission_20260716_223446_manual,MANUAL,,0,13.330279350280762,100.99793243408203,150.61901738841937,4,True,0.6777499914169312,1,0,0,1,0,0.0,0.0,0.0,0,0,nan,nan,nan,,nan,nan,nan,2,29,-,READY owner=Surnn refs=24,"{""cmd"": ""STOP"", ""status"": ""READY"", ""detector"": ""yolo"", ""state"": ""IDLE"", ""owner"": ""Surnn"", ""score"": null, ""match_max"": 0.5, ""refs"": 24, ""match_mode"": ""none"", ""steer_zones"": 41, ""people"": 0, ""track_id"": null, ""target_ex"": 0.0, ""target_cx_vel_px_s"": 0.0, ""target_age_s"": null, ""lidar_min_m"": 0.29, ""target_lidar_m"": null, ""target_lidar_deg"": null, ""camera_range_m"
2026-07-16T22:54:45.290,1199.29,mission_20260716_223446_manual,MANUAL,,0,13.330279350280762,100.9979248046875,150.62207731316752,4,True,0.6804999709129333,1,0,0,1,0,0.0,0.0,0.0,0,0,nan,nan,nan,,nan,nan,nan,2,28,-,READY owner=Surnn refs=24,"{""cmd"": ""STOP"", ""status"": ""READY"", ""detector"": ""yolo"", ""state"": ""IDLE"", ""owner"": ""Surnn"", ""score"": null, ""match_max"": 0.5, ""refs"": 24, ""match_mode"": ""none"", ""steer_zones"": 41, ""people"": 0, ""track_id"": null, ""target_ex"": 0.0, ""target_cx_vel_px_s"": 0.0, ""target_age_s"": null, ""lidar_min_m"": 0.28, ""target_lidar_m"": null, ""target_lidar_deg"": null, ""camera_range_m"
2026-07-16T22:54:47.417,1201.417,mission_20260716_223446_manual,MANUAL,,0,13.330279350280762,100.9979248046875,150.61729618074853,4,True,0.6782500147819519,1,0,0,1,0,0.0,0.0,0.0,0,0,nan,nan,nan,,nan,nan,nan,2,29,-,READY owner=Surnn refs=24,"{""cmd"": ""STOP"", ""status"": ""READY"", ""detector"": ""yolo"", ""state"": ""IDLE"", ""owner"": ""Surnn"", ""score"": null, ""match_max"": 0.5, ""refs"": 24, ""match_mode"": ""none"", ""steer_zones"": 41, ""people"": 0, ""track_id"": null, ""target_ex"": 0.0, ""target_cx_vel_px_s"": 0.0, ""target_age_s"": null, ""lidar_min_m"": 0.27, ""target_lidar_m"": null, ""target_lidar_deg"": null, ""camera_range_m"
2026-07-16T22:54:49.427,1203.428,mission_20260716_223446_manual,MANUAL,,0,13.330278396606445,100.9979248046875,150.61776063361208,4,True,0.6772500276565552,1,0,0,1,0,0.0,0.0,0.0,0,0,nan,nan,nan,,nan,nan,nan,2,29,-,READY owner=Surnn refs=24,"{""cmd"": ""STOP"", ""status"": ""READY"", ""detector"": ""yolo"", ""state"": ""IDLE"", ""owner"": ""Surnn"", ""score"": null, ""match_max"": 0.5, ""refs"": 24, ""match_mode"": ""none"", ""steer_zones"": 41, ""people"": 0, ""track_id"": null, ""target_ex"": 0.0, ""target_cx_vel_px_s"": 0.0, ""target_age_s"": null, ""lidar_min_m"": 0.27, ""target_lidar_m"": null, ""target_lidar_deg"": null, ""camera_range_m"
2026-07-16T22:54:51.436,1205.436,mission_20260716_223446_manual,MANUAL,,0,13.330277442932129,100.9979248046875,150.6281425211505,4,True,0.6787499785423279,1,0,0,1,0,0.0,0.0,0.0,0,0,nan,nan,nan,,nan,nan,nan,2,28,-,READY owner=Surnn refs=24,"{""cmd"": ""STOP"", ""status"": ""READY"", ""detector"": ""yolo"", ""state"": ""IDLE"", ""owner"": ""Surnn"", ""score"": null, ""match_max"": 0.5, ""refs"": 24, ""match_mode"": ""none"", ""steer_zones"": 41, ""people"": 0, ""track_id"": null, ""target_ex"": 0.0, ""target_cx_vel_px_s"": 0.0, ""target_age_s"": null, ""lidar_min_m"": 0.28, ""target_lidar_m"": null, ""target_lidar_deg"": null, ""camera_range_m"
2026-07-16T22:54:53.437,1207.438,mission_20260716_223446_manual,MANUAL,,0,13.330276489257812,100.9979248046875,150.62256908678776,4,True,0.6812499761581421,1,0,0,1,0,0.0,0.0,0.0,0,0,nan,nan,nan,,nan,nan,nan,2,29,-,READY owner=Surnn refs=24,"{""cmd"": ""STOP"", ""status"": ""READY"", ""detector"": ""yolo"", ""state"": ""IDLE"", ""owner"": ""Surnn"", ""score"": null, ""match_max"": 0.5, ""refs"": 24, ""match_mode"": ""none"", ""steer_zones"": 41, ""people"": 0, ""track_id"": null, ""target_ex"": 0.0, ""target_cx_vel_px_s"": 0.0, ""target_age_s"": null, ""lidar_min_m"": 0.27, ""target_lidar_m"": null, ""target_lidar_deg"": null, ""camera_range_m"
2026-07-16T22:54:55.440,1209.44,mission_20260716_223446_manual,MANUAL,,0,13.33027458190918,100.9979248046875,150.62064297344182,4,True,0.6779999732971191,1,0,0,1,0,0.0,0.0,0.0,0,0,nan,nan,nan,,nan,nan,nan,2,29,-,READY owner=Surnn refs=24,"{""cmd"": ""STOP"", ""status"": ""READY"", ""detector"": ""yolo"", ""state"": ""IDLE"", ""owner"": ""Surnn"", ""score"": null, ""match_max"": 0.5, ""refs"": 24, ""match_mode"": ""none"", ""steer_zones"": 41, ""people"": 0, ""track_id"": null, ""target_ex"": 0.0, ""target_cx_vel_px_s"": 0.0, ""target_age_s"": null, ""lidar_min_m"": 0.28, ""target_lidar_m"": null, ""target_lidar_deg"": null, ""camera_range_m"
2026-07-16T22:54:57.444,1211.444,mission_20260716_223446_manual,MANUAL,,0,13.33027458190918,100.9979248046875,150.62536946434747,4,True,0.6779999732971191,1,0,0,1,0,0.0,0.0,0.0,0,0,nan,nan,nan,,nan,nan,nan,2,29,-,READY owner=Surnn refs=24,"{""cmd"": ""STOP"", ""status"": ""READY"", ""detector"": ""yolo"", ""state"": ""IDLE"", ""owner"": ""Surnn"", ""score"": null, ""match_max"": 0.5, ""refs"": 24, ""match_mode"": ""none"", ""steer_zones"": 41, ""people"": 0, ""track_id"": null, ""target_ex"": 0.0, ""target_cx_vel_px_s"": 0.0, ""target_age_s"": null, ""lidar_min_m"": 0.27, ""target_lidar_m"": null, ""target_lidar_deg"": null, ""camera_range_m"
2026-07-16T22:54:59.560,1213.56,mission_20260716_223446_manual,MANUAL,,0,13.330273628234863,100.9979248046875,150.62538312472583,4,True,0.6792500019073486,1,0,0,1,0,0.0,0.0,0.0,0,0,nan,nan,nan,,nan,nan,nan,2,28,-,READY owner=Surnn refs=24,"{""cmd"": ""STOP"", ""status"": ""READY"", ""detector"": ""yolo"", ""state"": ""IDLE"", ""owner"": ""Surnn"", ""score"": null, ""match_max"": 0.5, ""refs"": 24, ""match_mode"": ""none"", ""steer_zones"": 41, ""people"": 0, ""track_id"": null, ""target_ex"": 0.0, ""target_cx_vel_px_s"": 0.0, ""target_age_s"": null, ""lidar_min_m"": 0.27, ""target_lidar_m"": null, ""target_lidar_deg"": null, ""camera_range_m"
2026-07-16T22:55:01.563,1215.564,mission_20260716_223446_manual,MANUAL,,0,13.33027172088623,100.9979248046875,150.637322295395,4,True,0.6800000071525574,1,0,0,1,0,0.0,0.0,0.0,0,0,nan,nan,nan,,nan,nan,nan,2,28,-,READY owner=Surnn refs=24,"{""cmd"": ""STOP"", ""status"": ""READY"", ""detector"": ""yolo"", ""state"": ""IDLE"", ""owner"": ""Surnn"", ""score"": null, ""match_max"": 0.5, ""refs"": 24, ""match_mode"": ""none"", ""steer_zones"": 41, ""people"": 0, ""track_id"": null, ""target_ex"": 0.0, ""target_cx_vel_px_s"": 0.0, ""target_age_s"": null, ""lidar_min_m"": 0.27, ""target_lidar_m"": null, ""target_lidar_deg"": null, ""camera_range_m"
2026-07-16T22:55:03.679,1217.68,mission_20260716_223446_manual,MANUAL,,0,13.33027172088623,100.9979248046875,150.63931671063264,4,True,0.6802499890327454,1,0,0,1,0,0.0,0.0,0.0,0,0,nan,nan,nan,,nan,nan,nan,2,28,-,READY owner=Surnn refs=24,"{""cmd"": ""STOP"", ""status"": ""READY"", ""detector"": ""yolo"", ""state"": ""IDLE"", ""owner"": ""Surnn"", ""score"": null, ""match_max"": 0.5, ""refs"": 24, ""match_mode"": ""none"", ""steer_zones"": 41, ""people"": 0, ""track_id"": null, ""target_ex"": 0.0, ""target_cx_vel_px_s"": 0.0, ""target_age_s"": null, ""lidar_min_m"": 0.27, ""target_lidar_m"": null, ""target_lidar_deg"": null, ""camera_range_m"
2026-07-16T22:55:05.691,1219.691,mission_20260716_223446_manual,MANUAL,,0,13.330269813537598,100.9979248046875,150.63169421951892,4,True,0.6779999732971191,1,0,0,1,0,0.0,0.0,0.0,0,0,nan,nan,nan,,nan,nan,nan,2,27,-,READY owner=Surnn refs=24,"{""cmd"": ""STOP"", ""status"": ""READY"", ""detector"": ""yolo"", ""state"": ""IDLE"", ""owner"": ""Surnn"", ""score"": null, ""match_max"": 0.5, ""refs"": 24, ""match_mode"": ""none"", ""steer_zones"": 41, ""people"": 0, ""track_id"": null, ""target_ex"": 0.0, ""target_cx_vel_px_s"": 0.0, ""target_age_s"": null, ""lidar_min_m"": 0.28, ""target_lidar_m"": null, ""target_lidar_deg"": null, ""camera_range_m"
2026-07-16T22:55:07.812,1221.812,mission_20260716_223446_manual,MANUAL,,0,13.330268859863281,100.9979248046875,150.63408478572842,4,True,0.6777499914169312,1,0,0,1,0,0.0,0.0,0.0,0,0,nan,nan,nan,,nan,nan,nan,2,27,-,READY owner=Surnn refs=24,"{""cmd"": ""STOP"", ""status"": ""READY"", ""detector"": ""yolo"", ""state"": ""IDLE"", ""owner"": ""Surnn"", ""score"": null, ""match_max"": 0.5, ""refs"": 24, ""match_mode"": ""none"", ""steer_zones"": 41, ""people"": 0, ""track_id"": null, ""target_ex"": 0.0, ""target_cx_vel_px_s"": 0.0, ""target_age_s"": null, ""lidar_min_m"": 0.26, ""target_lidar_m"": null, ""target_lidar_deg"": null, ""camera_range_m"
2026-07-16T22:55:09.925,1223.926,mission_20260716_223446_manual,MANUAL,,0,13.330267906188965,100.9979248046875,150.63286901205615,4,True,0.6792500019073486,1,0,0,1,0,0.0,0.0,0.0,0,0,nan,nan,nan,,nan,nan,nan,2,27,-,READY owner=Surnn refs=24,"{""cmd"": ""STOP"", ""status"": ""READY"", ""detector"": ""yolo"", ""state"": ""IDLE"", ""owner"": ""Surnn"", ""score"": null, ""match_max"": 0.5, ""refs"": 24, ""match_mode"": ""none"", ""steer_zones"": 41, ""people"": 0, ""track_id"": null, ""target_ex"": 0.0, ""target_cx_vel_px_s"": 0.0, ""target_age_s"": null, ""lidar_min_m"": 0.28, ""target_lidar_m"": null, ""target_lidar_deg"": null, ""camera_range_m"
2026-07-16T22:55:12.042,1226.043,mission_20260716_223446_manual,MANUAL,,0,13.330266952514648,100.9979248046875,150.62587489834607,4,True,0.6790000200271606,1,0,0,1,0,0.0,0.0,0.0,0,0,nan,nan,nan,,nan,nan,nan,2,27,-,READY owner=Surnn refs=24,"{""cmd"": ""STOP"", ""status"": ""READY"", ""detector"": ""yolo"", ""state"": ""IDLE"", ""owner"": ""Surnn"", ""score"": null, ""match_max"": 0.5, ""refs"": 24, ""match_mode"": ""none"", ""steer_zones"": 41, ""people"": 0, ""track_id"": null, ""target_ex"": 0.0, ""target_cx_vel_px_s"": 0.0, ""target_age_s"": null, ""lidar_min_m"": 0.28, ""target_lidar_m"": null, ""target_lidar_deg"": null, ""camera_range_m"
2026-07-16T22:55:14.057,1228.058,mission_20260716_223446_manual,MANUAL,,0,13.330266952514648,100.9979248046875,150.61478267113395,4,True,0.6794999837875366,1,0,0,1,0,0.0,0.0,0.0,0,0,nan,nan,nan,,nan,nan,nan,2,27,-,READY owner=Surnn refs=24,"{""cmd"": ""STOP"", ""status"": ""READY"", ""detector"": ""yolo"", ""state"": ""IDLE"", ""owner"": ""Surnn"", ""score"": null, ""match_max"": 0.5, ""refs"": 24, ""match_mode"": ""none"", ""steer_zones"": 41, ""people"": 0, ""track_id"": null, ""target_ex"": 0.0, ""target_cx_vel_px_s"": 0.0, ""target_age_s"": null, ""lidar_min_m"": 0.28, ""target_lidar_m"": null, ""target_lidar_deg"": null, ""camera_range_m"
2026-07-16T22:55:16.181,1230.181,mission_20260716_223446_manual,MANUAL,,0,13.330265998840332,100.9979248046875,150.61344395405663,4,True,0.6784999966621399,1,0,0,1,0,0.0,0.0,0.0,0,0,nan,nan,nan,,nan,nan,nan,2,27,-,READY owner=Surnn refs=24,"{""cmd"": ""STOP"", ""status"": ""READY"", ""detector"": ""yolo"", ""state"": ""IDLE"", ""owner"": ""Surnn"", ""score"": null, ""match_max"": 0.5, ""refs"": 24, ""match_mode"": ""none"", ""steer_zones"": 41, ""people"": 0, ""track_id"": null, ""target_ex"": 0.0, ""target_cx_vel_px_s"": 0.0, ""target_age_s"": null, ""lidar_min_m"": 0.28, ""target_lidar_m"": null, ""target_lidar_deg"": null, ""camera_range_m"
2026-07-16T22:55:18.182,1232.182,mission_20260716_223446_manual,MANUAL,,0,13.330265998840332,100.9979248046875,150.6158891617795,4,True,0.6775000095367432,1,0,0,1,0,0.0,0.0,0.0,0,0,nan,nan,nan,,nan,nan,nan,2,27,-,READY owner=Surnn refs=24,"{""cmd"": ""STOP"", ""status"": ""READY"", ""detector"": ""yolo"", ""state"": ""IDLE"", ""owner"": ""Surnn"", ""score"": null, ""match_max"": 0.5, ""refs"": 24, ""match_mode"": ""none"", ""steer_zones"": 41, ""people"": 0, ""track_id"": null, ""target_ex"": 0.0, ""target_cx_vel_px_s"": 0.0, ""target_age_s"": null, ""lidar_min_m"": 0.28, ""target_lidar_m"": null, ""target_lidar_deg"": null, ""camera_range_m"
2026-07-16T22:55:20.185,1234.185,mission_20260716_223446_manual,MANUAL,,0,13.330265045166016,100.9979248046875,150.62388048310842,4,True,0.6797500252723694,1,0,0,1,0,0.0,0.0,0.0,0,0,nan,nan,nan,,nan,nan,nan,2,27,-,READY owner=Surnn refs=24,"{""cmd"": ""STOP"", ""status"": ""READY"", ""detector"": ""yolo"", ""state"": ""IDLE"", ""owner"": ""Surnn"", ""score"": null, ""match_max"": 0.5, ""refs"": 24, ""match_mode"": ""none"", ""steer_zones"": 41, ""people"": 0, ""track_id"": null, ""target_ex"": 0.0, ""target_cx_vel_px_s"": 0.0, ""target_age_s"": null, ""lidar_min_m"": 0.28, ""target_lidar_m"": null, ""target_lidar_deg"": null, ""camera_range_m"
2026-07-16T22:55:22.314,1236.315,mission_20260716_223446_manual,MANUAL,,0,13.330265045166016,100.9979248046875,150.61297950119308,4,True,0.6787499785423279,1,0,0,1,0,0.0,0.0,0.0,0,0,nan,nan,nan,,nan,nan,nan,2,28,-,READY owner=Surnn refs=24,"{""cmd"": ""STOP"", ""status"": ""READY"", ""detector"": ""yolo"", ""state"": ""IDLE"", ""owner"": ""Surnn"", ""score"": null, ""match_max"": 0.5, ""refs"": 24, ""match_mode"": ""none"", ""steer_zones"": 41, ""people"": 0, ""track_id"": null, ""target_ex"": 0.0, ""target_cx_vel_px_s"": 0.0, ""target_age_s"": null, ""lidar_min_m"": 0.28, ""target_lidar_m"": null, ""target_lidar_deg"": null, ""camera_range_m"
2026-07-16T22:55:24.325,1238.325,mission_20260716_223446_manual,MANUAL,,0,13.330265045166016,100.9979248046875,150.61102606709045,4,True,0.6787499785423279,1,0,0,1,0,0.0,0.0,0.0,0,0,nan,nan,nan,,nan,nan,nan,2,28,-,READY owner=Surnn refs=24,"{""cmd"": ""STOP"", ""status"": ""READY"", ""detector"": ""yolo"", ""state"": ""IDLE"", ""owner"": ""Surnn"", ""score"": null, ""match_max"": 0.5, ""refs"": 24, ""match_mode"": ""none"", ""steer_zones"": 41, ""people"": 0, ""track_id"": null, ""target_ex"": 0.0, ""target_cx_vel_px_s"": 0.0, ""target_age_s"": null, ""lidar_min_m"": 0.27, ""target_lidar_m"": null, ""target_lidar_deg"": null, ""camera_range_m"
2026-07-16T22:55:26.325,1240.325,mission_20260716_223446_manual,MANUAL,,0,13.330265998840332,100.9979248046875,150.6071875007769,4,True,0.6782500147819519,1,0,0,1,0,0.0,0.0,0.0,0,0,nan,nan,nan,,nan,nan,nan,2,26,-,READY owner=Surnn refs=24,"{""cmd"": ""STOP"", ""status"": ""READY"", ""detector"": ""yolo"", ""state"": ""IDLE"", ""owner"": ""Surnn"", ""score"": null, ""match_max"": 0.5, ""refs"": 24, ""match_mode"": ""none"", ""steer_zones"": 41, ""people"": 0, ""track_id"": null, ""target_ex"": 0.0, ""target_cx_vel_px_s"": 0.0, ""target_age_s"": null, ""lidar_min_m"": 0.26, ""target_lidar_m"": null, ""target_lidar_deg"": null, ""camera_range_m"
2026-07-16T22:55:28.333,1242.333,mission_20260716_223446_manual,MANUAL,,0,13.3302640914917,100.9979248046875,150.59640946226662,4,True,0.6787499785423279,1,0,0,1,0,0.0,0.0,0.0,0,0,nan,nan,nan,,nan,nan,nan,2,26,-,READY owner=Surnn refs=24,"{""cmd"": ""STOP"", ""status"": ""READY"", ""detector"": ""yolo"", ""state"": ""IDLE"", ""owner"": ""Surnn"", ""score"": null, ""match_max"": 0.5, ""refs"": 24, ""match_mode"": ""none"", ""steer_zones"": 41, ""people"": 0, ""track_id"": null, ""target_ex"": 0.0, ""target_cx_vel_px_s"": 0.0, ""target_age_s"": null, ""lidar_min_m"": 0.29, ""target_lidar_m"": null, ""target_lidar_deg"": null, ""camera_range_m"
2026-07-16T22:55:30.442,1244.443,mission_20260716_223446_manual,MANUAL,,0,13.330263137817383,100.9979248046875,150.59952402852815,4,True,0.6782500147819519,1,0,0,1,0,0.0,0.0,0.0,0,0,nan,nan,nan,,nan,nan,nan,2,25,-,READY owner=Surnn refs=24,"{""cmd"": ""STOP"", ""status"": ""READY"", ""detector"": ""yolo"", ""state"": ""IDLE"", ""owner"": ""Surnn"", ""score"": null, ""match_max"": 0.5, ""refs"": 24, ""match_mode"": ""none"", ""steer_zones"": 41, ""people"": 0, ""track_id"": null, ""target_ex"": 0.0, ""target_cx_vel_px_s"": 0.0, ""target_age_s"": null, ""lidar_min_m"": 0.27, ""target_lidar_m"": null, ""target_lidar_deg"": null, ""camera_range_m"
2026-07-16T22:55:32.444,1246.445,mission_20260716_223446_manual,MANUAL,,0,13.330265045166016,100.9979248046875,150.6088950480694,4,True,0.6819999814033508,1,0,0,1,0,0.0,0.0,0.0,0,0,nan,nan,nan,,nan,nan,nan,2,25,-,READY owner=Surnn refs=24,"{""cmd"": ""STOP"", ""status"": ""READY"", ""detector"": ""yolo"", ""state"": ""IDLE"", ""owner"": ""Surnn"", ""score"": null, ""match_max"": 0.5, ""refs"": 24, ""match_mode"": ""none"", ""steer_zones"": 41, ""people"": 0, ""track_id"": null, ""target_ex"": 0.0, ""target_cx_vel_px_s"": 0.0, ""target_age_s"": null, ""lidar_min_m"": 0.28, ""target_lidar_m"": null, ""target_lidar_deg"": null, ""camera_range_m"
2026-07-16T22:55:34.563,1248.564,mission_20260716_223446_manual,MANUAL,,0,13.330265998840332,100.9979248046875,150.60888138769107,4,True,0.6797500252723694,1,0,0,1,0,0.0,0.0,0.0,0,0,nan,nan,nan,,nan,nan,nan,2,25,-,READY owner=Surnn refs=24,"{""cmd"": ""STOP"", ""status"": ""READY"", ""detector"": ""yolo"", ""state"": ""IDLE"", ""owner"": ""Surnn"", ""score"": null, ""match_max"": 0.5, ""refs"": 24, ""match_mode"": ""none"", ""steer_zones"": 41, ""people"": 0, ""track_id"": null, ""target_ex"": 0.0, ""target_cx_vel_px_s"": 0.0, ""target_age_s"": null, ""lidar_min_m"": 0.29, ""target_lidar_m"": null, ""target_lidar_deg"": null, ""camera_range_m"
2026-07-16T22:55:36.578,1250.579,mission_20260716_223446_manual,MANUAL,,0,13.330267906188965,100.9979248046875,150.60695527434513,4,True,0.6804999709129333,1,0,0,1,0,0.0,0.0,0.0,0,0,nan,nan,nan,,nan,nan,nan,2,26,-,READY owner=Surnn refs=24,"{""cmd"": ""STOP"", ""status"": ""READY"", ""detector"": ""yolo"", ""state"": ""IDLE"", ""owner"": ""Surnn"", ""score"": null, ""match_max"": 0.5, ""refs"": 24, ""match_mode"": ""none"", ""steer_zones"": 41, ""people"": 0, ""track_id"": null, ""target_ex"": 0.0, ""target_cx_vel_px_s"": 0.0, ""target_age_s"": null, ""lidar_min_m"": 0.29, ""target_lidar_m"": null, ""target_lidar_deg"": null, ""camera_range_m"
2026-07-16T22:55:38.592,1252.592,mission_20260716_223446_manual,MANUAL,,0,13.330269813537598,100.9979248046875,150.60605368937468,4,True,0.6807500123977661,1,0,0,1,0,0.0,0.0,0.0,0,0,nan,nan,nan,,nan,nan,nan,2,27,-,READY owner=Surnn refs=24,"{""cmd"": ""STOP"", ""status"": ""READY"", ""detector"": ""yolo"", ""state"": ""IDLE"", ""owner"": ""Surnn"", ""score"": null, ""match_max"": 0.5, ""refs"": 24, ""match_mode"": ""none"", ""steer_zones"": 41, ""people"": 0, ""track_id"": null, ""target_ex"": 0.0, ""target_cx_vel_px_s"": 0.0, ""target_age_s"": null, ""lidar_min_m"": 0.27, ""target_lidar_m"": null, ""target_lidar_deg"": null, ""camera_range_m"
2026-07-16T22:55:40.607,1254.608,mission_20260716_223446_manual,MANUAL,,0,13.330270767211914,100.9979248046875,150.5961908962132,4,True,0.6800000071525574,1,0,0,1,0,0.0,0.0,0.0,0,0,nan,nan,nan,,nan,nan,nan,2,27,-,READY owner=Surnn refs=24,"{""cmd"": ""STOP"", ""status"": ""READY"", ""detector"": ""yolo"", ""state"": ""IDLE"", ""owner"": ""Surnn"", ""score"": null, ""match_max"": 0.5, ""refs"": 24, ""match_mode"": ""none"", ""steer_zones"": 41, ""people"": 0, ""track_id"": null, ""target_ex"": 0.0, ""target_cx_vel_px_s"": 0.0, ""target_age_s"": null, ""lidar_min_m"": 0.28, ""target_lidar_m"": null, ""target_lidar_deg"": null, ""camera_range_m"
2026-07-16T22:55:42.611,1256.611,mission_20260716_223446_manual,MANUAL,,0,13.330272674560547,100.9979248046875,150.59416916021885,4,True,0.6779999732971191,1,0,0,1,0,0.0,0.0,0.0,0,0,nan,nan,nan,,nan,nan,nan,2,26,-,READY owner=Surnn refs=24,"{""cmd"": ""STOP"", ""status"": ""READY"", ""detector"": ""yolo"", ""state"": ""IDLE"", ""owner"": ""Surnn"", ""score"": null, ""match_max"": 0.5, ""refs"": 24, ""match_mode"": ""none"", ""steer_zones"": 41, ""people"": 0, ""track_id"": null, ""target_ex"": 0.0, ""target_cx_vel_px_s"": 0.0, ""target_age_s"": null, ""lidar_min_m"": 0.27, ""target_lidar_m"": null, ""target_lidar_deg"": null, ""camera_range_m"
2026-07-16T22:55:44.623,1258.624,mission_20260716_223446_manual,MANUAL,,0,13.330272674560547,100.9979248046875,150.5967099905901,4,True,0.6812499761581421,1,0,0,1,0,0.0,0.0,0.0,0,0,nan,nan,nan,,nan,nan,nan,2,28,-,READY owner=Surnn refs=24,"{""cmd"": ""STOP"", ""status"": ""READY"", ""detector"": ""yolo"", ""state"": ""IDLE"", ""owner"": ""Surnn"", ""score"": null, ""match_max"": 0.5, ""refs"": 24, ""match_mode"": ""none"", ""steer_zones"": 41, ""people"": 0, ""track_id"": null, ""target_ex"": 0.0, ""target_cx_vel_px_s"": 0.0, ""target_age_s"": null, ""lidar_min_m"": 0.29, ""target_lidar_m"": null, ""target_lidar_deg"": null, ""camera_range_m"
2026-07-16T22:55:46.752,1260.752,mission_20260716_223446_manual,MANUAL,,0,13.330273628234863,100.9979248046875,150.60180531171093,4,True,0.6797500252723694,1,0,0,1,0,0.0,0.0,0.0,0,0,nan,nan,nan,,nan,nan,nan,2,26,-,READY owner=Surnn refs=24,"{""cmd"": ""STOP"", ""status"": ""READY"", ""detector"": ""yolo"", ""state"": ""IDLE"", ""owner"": ""Surnn"", ""score"": null, ""match_max"": 0.5, ""refs"": 24, ""match_mode"": ""none"", ""steer_zones"": 41, ""people"": 0, ""track_id"": null, ""target_ex"": 0.0, ""target_cx_vel_px_s"": 0.0, ""target_age_s"": null, ""lidar_min_m"": 0.27, ""target_lidar_m"": null, ""target_lidar_deg"": null, ""camera_range_m"
2026-07-16T22:55:48.762,1262.762,mission_20260716_223446_manual,MANUAL,,0,13.330273628234863,100.9979248046875,150.61259701059956,4,True,0.6797500252723694,1,0,0,1,0,0.0,0.0,0.0,0,0,nan,nan,nan,,nan,nan,nan,2,27,-,READY owner=Surnn refs=24,"{""cmd"": ""STOP"", ""status"": ""READY"", ""detector"": ""yolo"", ""state"": ""IDLE"", ""owner"": ""Surnn"", ""score"": null, ""match_max"": 0.5, ""refs"": 24, ""match_mode"": ""none"", ""steer_zones"": 41, ""people"": 0, ""track_id"": null, ""target_ex"": 0.0, ""target_cx_vel_px_s"": 0.0, ""target_age_s"": null, ""lidar_min_m"": 0.28, ""target_lidar_m"": null, ""target_lidar_deg"": null, ""camera_range_m"
2026-07-16T22:55:50.888,1264.888,mission_20260716_223446_manual,MANUAL,,0,13.33027458190918,100.9979248046875,150.6202604828483,4,True,0.6782500147819519,1,0,0,1,0,0.0,0.0,0.0,0,0,nan,nan,nan,,nan,nan,nan,2,27,-,READY owner=Surnn refs=24,"{""cmd"": ""STOP"", ""status"": ""READY"", ""detector"": ""yolo"", ""state"": ""IDLE"", ""owner"": ""Surnn"", ""score"": null, ""match_max"": 0.5, ""refs"": 24, ""match_mode"": ""none"", ""steer_zones"": 41, ""people"": 0, ""track_id"": null, ""target_ex"": 0.0, ""target_cx_vel_px_s"": 0.0, ""target_age_s"": null, ""lidar_min_m"": 0.27, ""target_lidar_m"": null, ""target_lidar_deg"": null, ""camera_range_m"
2026-07-16T22:55:52.917,1266.917,mission_20260716_223446_manual,MANUAL,,0,13.330275535583496,100.9979248046875,150.62968614390292,4,True,0.6802499890327454,1,0,0,1,0,0.0,0.0,0.0,0,0,nan,nan,nan,,nan,nan,nan,2,27,-,READY owner=Surnn refs=24,"{""cmd"": ""STOP"", ""status"": ""READY"", ""detector"": ""yolo"", ""state"": ""IDLE"", ""owner"": ""Surnn"", ""score"": null, ""match_max"": 0.5, ""refs"": 24, ""match_mode"": ""none"", ""steer_zones"": 41, ""people"": 0, ""track_id"": null, ""target_ex"": 0.0, ""target_cx_vel_px_s"": 0.0, ""target_age_s"": null, ""lidar_min_m"": 0.27, ""target_lidar_m"": null, ""target_lidar_deg"": null, ""camera_range_m"
2026-07-16T22:55:55.033,1269.034,mission_20260716_223446_manual,MANUAL,,0,13.330278396606445,100.9979248046875,150.62259640754445,4,True,0.6797500252723694,1,0,0,1,0,0.0,0.0,0.0,0,0,nan,nan,nan,,nan,nan,nan,2,28,-,READY owner=Surnn refs=24,"{""cmd"": ""STOP"", ""status"": ""READY"", ""detector"": ""yolo"", ""state"": ""IDLE"", ""owner"": ""Surnn"", ""score"": null, ""match_max"": 0.5, ""refs"": 24, ""match_mode"": ""none"", ""steer_zones"": 41, ""people"": 0, ""track_id"": null, ""target_ex"": 0.0, ""target_cx_vel_px_s"": 0.0, ""target_age_s"": null, ""lidar_min_m"": 0.27, ""target_lidar_m"": null, ""target_lidar_deg"": null, ""camera_range_m"
2026-07-16T22:55:57.154,1271.155,mission_20260716_223446_manual,MANUAL,,0,13.330280303955078,100.9979248046875,150.61427723713538,4,True,0.6765000224113464,1,0,0,1,0,0.0,0.0,0.0,0,0,nan,nan,nan,,nan,nan,nan,2,29,-,READY owner=Surnn refs=24,"{""cmd"": ""STOP"", ""status"": ""READY"", ""detector"": ""yolo"", ""state"": ""IDLE"", ""owner"": ""Surnn"", ""score"": null, ""match_max"": 0.5, ""refs"": 24, ""match_mode"": ""none"", ""steer_zones"": 41, ""people"": 0, ""track_id"": null, ""target_ex"": 0.0, ""target_cx_vel_px_s"": 0.0, ""target_age_s"": null, ""lidar_min_m"": 0.27, ""target_lidar_m"": null, ""target_lidar_deg"": null, ""camera_range_m"
2026-07-16T22:55:59.281,1273.281,mission_20260716_223446_manual,MANUAL,,0,13.330282211303711,100.9979248046875,150.61456410508052,4,True,0.6794999837875366,1,0,0,1,0,0.0,0.0,0.0,0,0,nan,nan,nan,,nan,nan,nan,2,29,-,READY owner=Surnn refs=24,"{""cmd"": ""STOP"", ""status"": ""READY"", ""detector"": ""yolo"", ""state"": ""IDLE"", ""owner"": ""Surnn"", ""score"": null, ""match_max"": 0.5, ""refs"": 24, ""match_mode"": ""none"", ""steer_zones"": 41, ""people"": 0, ""track_id"": null, ""target_ex"": 0.0, ""target_cx_vel_px_s"": 0.0, ""target_age_s"": null, ""lidar_min_m"": 0.28, ""target_lidar_m"": null, ""target_lidar_deg"": null, ""camera_range_m"
2026-07-16T22:56:01.284,1275.285,mission_20260716_223446_manual,MANUAL,,0,13.330284118652344,100.9979248046875,150.61307512384144,4,True,0.6775000095367432,1,0,0,1,0,0.0,0.0,0.0,0,0,nan,nan,nan,,nan,nan,nan,2,29,-,READY owner=Surnn refs=24,"{""cmd"": ""STOP"", ""status"": ""READY"", ""detector"": ""yolo"", ""state"": ""IDLE"", ""owner"": ""Surnn"", ""score"": null, ""match_max"": 0.5, ""refs"": 24, ""match_mode"": ""none"", ""steer_zones"": 41, ""people"": 0, ""track_id"": null, ""target_ex"": 0.0, ""target_cx_vel_px_s"": 0.0, ""target_age_s"": null, ""lidar_min_m"": 0.28, ""target_lidar_m"": null, ""target_lidar_deg"": null, ""camera_range_m"
2026-07-16T22:56:03.290,1277.29,mission_20260716_223446_manual,MANUAL,,0,13.330286026000977,100.9979248046875,150.6048652364591,4,True,0.6792500019073486,1,0,0,1,0,0.0,0.0,0.0,0,0,nan,nan,nan,,nan,nan,nan,2,29,-,READY owner=Surnn refs=24,"{""cmd"": ""STOP"", ""status"": ""READY"", ""detector"": ""yolo"", ""state"": ""IDLE"", ""owner"": ""Surnn"", ""score"": null, ""match_max"": 0.5, ""refs"": 24, ""match_mode"": ""none"", ""steer_zones"": 41, ""people"": 0, ""track_id"": null, ""target_ex"": 0.0, ""target_cx_vel_px_s"": 0.0, ""target_age_s"": null, ""lidar_min_m"": 0.27, ""target_lidar_m"": null, ""target_lidar_deg"": null, ""camera_range_m"
2026-07-16T22:56:05.307,1279.308,mission_20260716_223446_manual,MANUAL,,0,13.330288887023926,100.9979248046875,150.60058953803866,4,True,0.6769999861717224,1,0,0,1,0,0.0,0.0,0.0,0,0,nan,nan,nan,,nan,nan,nan,2,28,-,READY owner=Surnn refs=24,"{""cmd"": ""STOP"", ""status"": ""READY"", ""detector"": ""yolo"", ""state"": ""IDLE"", ""owner"": ""Surnn"", ""score"": null, ""match_max"": 0.5, ""refs"": 24, ""match_mode"": ""none"", ""steer_zones"": 41, ""people"": 0, ""track_id"": null, ""target_ex"": 0.0, ""target_cx_vel_px_s"": 0.0, ""target_age_s"": null, ""lidar_min_m"": 0.28, ""target_lidar_m"": null, ""target_lidar_deg"": null, ""camera_range_m"
2026-07-16T22:56:07.325,1281.325,mission_20260716_223446_manual,MANUAL,,0,13.330290794372559,100.9979248046875,150.59348614130187,4,True,0.6800000071525574,1,0,0,1,0,0.0,0.0,0.0,0,0,nan,nan,nan,,nan,nan,nan,2,29,-,READY owner=Surnn refs=24,"{""cmd"": ""STOP"", ""status"": ""READY"", ""detector"": ""yolo"", ""state"": ""IDLE"", ""owner"": ""Surnn"", ""score"": null, ""match_max"": 0.5, ""refs"": 24, ""match_mode"": ""none"", ""steer_zones"": 41, ""people"": 0, ""track_id"": null, ""target_ex"": 0.0, ""target_cx_vel_px_s"": 0.0, ""target_age_s"": null, ""lidar_min_m"": 0.27, ""target_lidar_m"": null, ""target_lidar_deg"": null, ""camera_range_m"
2026-07-16T22:56:09.374,1283.374,mission_20260716_223446_manual,MANUAL,,0,13.330292701721191,100.9979248046875,150.5941828205972,4,True,0.6800000071525574,1,0,0,1,0,0.0,0.0,0.0,0,0,nan,nan,nan,,nan,nan,nan,2,29,-,READY owner=Surnn refs=24,"{""cmd"": ""STOP"", ""status"": ""READY"", ""detector"": ""yolo"", ""state"": ""IDLE"", ""owner"": ""Surnn"", ""score"": null, ""match_max"": 0.5, ""refs"": 24, ""match_mode"": ""none"", ""steer_zones"": 41, ""people"": 0, ""track_id"": null, ""target_ex"": 0.0, ""target_cx_vel_px_s"": 0.0, ""target_age_s"": null, ""lidar_min_m"": 0.28, ""target_lidar_m"": null, ""target_lidar_deg"": null, ""camera_range_m"
2026-07-16T22:56:11.387,1285.388,mission_20260716_223446_manual,MANUAL,,0,13.330297470092773,100.9979248046875,150.58646470683507,4,True,0.6787499785423279,1,0,0,1,0,0.0,0.0,0.0,0,0,nan,nan,nan,,nan,nan,nan,2,29,-,READY owner=Surnn refs=24,"{""cmd"": ""STOP"", ""status"": ""READY"", ""detector"": ""yolo"", ""state"": ""IDLE"", ""owner"": ""Surnn"", ""score"": null, ""match_max"": 0.5, ""refs"": 24, ""match_mode"": ""none"", ""steer_zones"": 41, ""people"": 0, ""track_id"": null, ""target_ex"": 0.0, ""target_cx_vel_px_s"": 0.0, ""target_age_s"": null, ""lidar_min_m"": 0.27, ""target_lidar_m"": null, ""target_lidar_deg"": null, ""camera_range_m"
2026-07-16T22:56:13.410,1287.411,mission_20260716_223446_manual,MANUAL,,0,13.33029842376709,100.9979248046875,150.5780089326426,4,True,0.6802499890327454,1,0,0,1,0,0.0,0.0,0.0,0,0,nan,nan,nan,,nan,nan,nan,2,29,-,READY owner=Surnn refs=24,"{""cmd"": ""STOP"", ""status"": ""READY"", ""detector"": ""yolo"", ""state"": ""IDLE"", ""owner"": ""Surnn"", ""score"": null, ""match_max"": 0.5, ""refs"": 24, ""match_mode"": ""none"", ""steer_zones"": 41, ""people"": 0, ""track_id"": null, ""target_ex"": 0.0, ""target_cx_vel_px_s"": 0.0, ""target_age_s"": null, ""lidar_min_m"": 0.27, ""target_lidar_m"": null, ""target_lidar_deg"": null, ""camera_range_m"
2026-07-16T22:56:15.421,1289.422,mission_20260716_223446_manual,MANUAL,,0,13.330299377441406,100.9979248046875,150.57859632891123,4,True,0.6800000071525574,1,0,0,1,0,0.0,0.0,0.0,0,0,nan,nan,nan,,nan,nan,nan,2,28,-,READY owner=Surnn refs=24,"{""cmd"": ""STOP"", ""status"": ""READY"", ""detector"": ""yolo"", ""state"": ""IDLE"", ""owner"": ""Surnn"", ""score"": null, ""match_max"": 0.5, ""refs"": 24, ""match_mode"": ""none"", ""steer_zones"": 41, ""people"": 0, ""track_id"": null, ""target_ex"": 0.0, ""target_cx_vel_px_s"": 0.0, ""target_age_s"": null, ""lidar_min_m"": 0.28, ""target_lidar_m"": null, ""target_lidar_deg"": null, ""camera_range_m"
2026-07-16T22:56:17.440,1291.44,mission_20260716_223446_manual,MANUAL,,0,13.330300331115723,100.9979248046875,150.5714246302827,4,True,0.6787499785423279,1,0,0,1,0,0.0,0.0,0.0,0,0,nan,nan,nan,,nan,nan,nan,2,28,-,READY owner=Surnn refs=24,"{""cmd"": ""STOP"", ""status"": ""READY"", ""detector"": ""yolo"", ""state"": ""IDLE"", ""owner"": ""Surnn"", ""score"": null, ""match_max"": 0.5, ""refs"": 24, ""match_mode"": ""none"", ""steer_zones"": 41, ""people"": 0, ""track_id"": null, ""target_ex"": 0.0, ""target_cx_vel_px_s"": 0.0, ""target_age_s"": null, ""lidar_min_m"": 0.27, ""target_lidar_m"": null, ""target_lidar_deg"": null, ""camera_range_m"
2026-07-16T22:56:19.458,1293.458,mission_20260716_223446_manual,MANUAL,,0,13.330300331115723,100.9979248046875,150.5716978378495,4,True,0.6792500019073486,1,0,0,1,0,0.0,0.0,0.0,0,0,nan,nan,nan,,nan,nan,nan,2,29,-,READY owner=Surnn refs=24,"{""cmd"": ""STOP"", ""status"": ""READY"", ""detector"": ""yolo"", ""state"": ""IDLE"", ""owner"": ""Surnn"", ""score"": null, ""match_max"": 0.5, ""refs"": 24, ""match_mode"": ""none"", ""steer_zones"": 41, ""people"": 0, ""track_id"": null, ""target_ex"": 0.0, ""target_cx_vel_px_s"": 0.0, ""target_age_s"": null, ""lidar_min_m"": 0.28, ""target_lidar_m"": null, ""target_lidar_deg"": null, ""camera_range_m"
2026-07-16T22:56:21.460,1295.461,mission_20260716_223446_manual,MANUAL,,0,13.330301284790039,100.9979248046875,150.58304961225008,4,True,0.6775000095367432,1,0,0,1,0,0.0,0.0,0.0,0,0,nan,nan,nan,,nan,nan,nan,2,28,-,READY owner=Surnn refs=24,"{""cmd"": ""STOP"", ""status"": ""READY"", ""detector"": ""yolo"", ""state"": ""IDLE"", ""owner"": ""Surnn"", ""score"": null, ""match_max"": 0.5, ""refs"": 24, ""match_mode"": ""none"", ""steer_zones"": 41, ""people"": 0, ""track_id"": null, ""target_ex"": 0.0, ""target_cx_vel_px_s"": 0.0, ""target_age_s"": null, ""lidar_min_m"": 0.28, ""target_lidar_m"": null, ""target_lidar_deg"": null, ""camera_range_m"
2026-07-16T22:56:23.580,1297.58,mission_20260716_223446_manual,MANUAL,,0,13.330301284790039,100.9979248046875,150.58641006532173,4,True,0.6765000224113464,1,0,0,1,0,0.0,0.0,0.0,0,0,nan,nan,nan,,nan,nan,nan,2,28,-,READY owner=Surnn refs=24,"{""cmd"": ""STOP"", ""status"": ""READY"", ""detector"": ""yolo"", ""state"": ""IDLE"", ""owner"": ""Surnn"", ""score"": null, ""match_max"": 0.5, ""refs"": 24, ""match_mode"": ""none"", ""steer_zones"": 41, ""people"": 0, ""track_id"": null, ""target_ex"": 0.0, ""target_cx_vel_px_s"": 0.0, ""target_age_s"": null, ""lidar_min_m"": 0.26, ""target_lidar_m"": null, ""target_lidar_deg"": null, ""camera_range_m"
2026-07-16T22:56:25.599,1299.599,mission_20260716_223446_manual,MANUAL,,0,13.330301284790039,100.9979248046875,150.59767987745224,4,True,0.6804999709129333,1,0,0,1,0,0.0,0.0,0.0,0,0,nan,nan,nan,,nan,nan,nan,2,28,-,READY owner=Surnn refs=24,"{""cmd"": ""STOP"", ""status"": ""READY"", ""detector"": ""yolo"", ""state"": ""IDLE"", ""owner"": ""Surnn"", ""score"": null, ""match_max"": 0.5, ""refs"": 24, ""match_mode"": ""none"", ""steer_zones"": 41, ""people"": 0, ""track_id"": null, ""target_ex"": 0.0, ""target_cx_vel_px_s"": 0.0, ""target_age_s"": null, ""lidar_min_m"": 0.28, ""target_lidar_m"": null, ""target_lidar_deg"": null, ""camera_range_m"
2026-07-16T22:56:27.613,1301.614,mission_20260716_223446_manual,MANUAL,,0,13.330302238464355,100.9979248046875,150.58642372570006,4,True,0.6802499890327454,1,0,0,1,0,0.0,0.0,0.0,0,0,nan,nan,nan,,nan,nan,nan,2,29,-,READY owner=Surnn refs=24,"{""cmd"": ""STOP"", ""status"": ""READY"", ""detector"": ""yolo"", ""state"": ""IDLE"", ""owner"": ""Surnn"", ""score"": null, ""match_max"": 0.5, ""refs"": 24, ""match_mode"": ""none"", ""steer_zones"": 41, ""people"": 0, ""track_id"": null, ""target_ex"": 0.0, ""target_cx_vel_px_s"": 0.0, ""target_age_s"": null, ""lidar_min_m"": 0.28, ""target_lidar_m"": null, ""target_lidar_deg"": null, ""camera_range_m"
2026-07-16T22:56:29.739,1303.74,mission_20260716_223446_manual,MANUAL,,0,13.330303192138672,100.9979248046875,150.5851396501361,4,True,0.6784999966621399,1,0,0,1,0,0.0,0.0,0.0,0,0,nan,nan,nan,,nan,nan,nan,2,29,-,READY owner=Surnn refs=24,"{""cmd"": ""STOP"", ""status"": ""READY"", ""detector"": ""yolo"", ""state"": ""IDLE"", ""owner"": ""Surnn"", ""score"": null, ""match_max"": 0.5, ""refs"": 24, ""match_mode"": ""none"", ""steer_zones"": 41, ""people"": 0, ""track_id"": null, ""target_ex"": 0.0, ""target_cx_vel_px_s"": 0.0, ""target_age_s"": null, ""lidar_min_m"": 0.28, ""target_lidar_m"": null, ""target_lidar_deg"": null, ""camera_range_m"
2026-07-16T22:56:31.868,1305.869,mission_20260716_223446_manual,MANUAL,,0,13.330303192138672,100.99793243408203,150.58034485733876,4,True,0.6779999732971191,1,0,0,1,0,0.0,0.0,0.0,0,0,nan,nan,nan,,nan,nan,nan,2,28,-,READY owner=Surnn refs=24,"{""cmd"": ""STOP"", ""status"": ""READY"", ""detector"": ""yolo"", ""state"": ""IDLE"", ""owner"": ""Surnn"", ""score"": null, ""match_max"": 0.5, ""refs"": 24, ""match_mode"": ""none"", ""steer_zones"": 41, ""people"": 0, ""track_id"": null, ""target_ex"": 0.0, ""target_cx_vel_px_s"": 0.0, ""target_age_s"": null, ""lidar_min_m"": 0.27, ""target_lidar_m"": null, ""target_lidar_deg"": null, ""camera_range_m"
2026-07-16T22:56:33.870,1307.871,mission_20260716_223446_manual,MANUAL,,0,13.330301284790039,100.99793243408203,150.59688757550853,4,True,0.6782500147819519,1,0,0,1,0,0.0,0.0,0.0,0,0,nan,nan,nan,,nan,nan,nan,2,27,-,READY owner=Surnn refs=24,"{""cmd"": ""STOP"", ""status"": ""READY"", ""detector"": ""yolo"", ""state"": ""IDLE"", ""owner"": ""Surnn"", ""score"": null, ""match_max"": 0.5, ""refs"": 24, ""match_mode"": ""none"", ""steer_zones"": 41, ""people"": 0, ""track_id"": null, ""target_ex"": 0.0, ""target_cx_vel_px_s"": 0.0, ""target_age_s"": null, ""lidar_min_m"": 0.27, ""target_lidar_m"": null, ""target_lidar_deg"": null, ""camera_range_m"
2026-07-16T22:56:35.875,1309.876,mission_20260716_223446_manual,MANUAL,,0,13.330299377441406,100.99793243408203,150.60955074622973,4,True,0.6772500276565552,1,0,0,1,0,0.0,0.0,0.0,0,0,nan,nan,nan,,nan,nan,nan,2,27,-,READY owner=Surnn refs=24,"{""cmd"": ""STOP"", ""status"": ""READY"", ""detector"": ""yolo"", ""state"": ""IDLE"", ""owner"": ""Surnn"", ""score"": null, ""match_max"": 0.5, ""refs"": 24, ""match_mode"": ""none"", ""steer_zones"": 41, ""people"": 0, ""track_id"": null, ""target_ex"": 0.0, ""target_cx_vel_px_s"": 0.0, ""target_age_s"": null, ""lidar_min_m"": 0.27, ""target_lidar_m"": null, ""target_lidar_deg"": null, ""camera_range_m"
2026-07-16T22:56:37.885,1311.885,mission_20260716_223446_manual,MANUAL,,0,13.33029842376709,100.99793243408203,150.61747376566694,4,True,0.6809999942779541,1,0,0,1,0,0.0,0.0,0.0,0,0,nan,nan,nan,,nan,nan,nan,2,27,-,READY owner=Surnn refs=24,"{""cmd"": ""STOP"", ""status"": ""READY"", ""detector"": ""yolo"", ""state"": ""IDLE"", ""owner"": ""Surnn"", ""score"": null, ""match_max"": 0.5, ""refs"": 24, ""match_mode"": ""none"", ""steer_zones"": 41, ""people"": 0, ""track_id"": null, ""target_ex"": 0.0, ""target_cx_vel_px_s"": 0.0, ""target_age_s"": null, ""lidar_min_m"": 0.29, ""target_lidar_m"": null, ""target_lidar_deg"": null, ""camera_range_m"
2026-07-16T22:56:39.894,1313.894,mission_20260716_223446_manual,MANUAL,,0,13.330296516418457,100.99793243408203,150.61771965247706,4,True,0.6807500123977661,1,0,0,1,0,0.0,0.0,0.0,0,0,nan,nan,nan,,nan,nan,nan,2,27,-,READY owner=Surnn refs=24,"{""cmd"": ""STOP"", ""status"": ""READY"", ""detector"": ""yolo"", ""state"": ""IDLE"", ""owner"": ""Surnn"", ""score"": null, ""match_max"": 0.5, ""refs"": 24, ""match_mode"": ""none"", ""steer_zones"": 41, ""people"": 0, ""track_id"": null, ""target_ex"": 0.0, ""target_cx_vel_px_s"": 0.0, ""target_age_s"": null, ""lidar_min_m"": 0.29, ""target_lidar_m"": null, ""target_lidar_deg"": null, ""camera_range_m"
2026-07-16T22:56:41.903,1315.903,mission_20260716_223446_manual,MANUAL,,0,13.330294609069824,100.99793243408203,150.61512418059246,4,True,0.6784999966621399,1,0,0,1,0,0.0,0.0,0.0,0,0,nan,nan,nan,,nan,nan,nan,2,26,-,READY owner=Surnn refs=24,"{""cmd"": ""STOP"", ""status"": ""READY"", ""detector"": ""yolo"", ""state"": ""IDLE"", ""owner"": ""Surnn"", ""score"": null, ""match_max"": 0.5, ""refs"": 24, ""match_mode"": ""none"", ""steer_zones"": 41, ""people"": 0, ""track_id"": null, ""target_ex"": 0.0, ""target_cx_vel_px_s"": 0.0, ""target_age_s"": null, ""lidar_min_m"": 0.28, ""target_lidar_m"": null, ""target_lidar_deg"": null, ""camera_range_m"
2026-07-16T22:56:43.908,1317.909,mission_20260716_223446_manual,MANUAL,,0,13.330291748046875,100.99793243408203,150.61355323708335,4,True,0.6779999732971191,1,0,0,1,0,0.0,0.0,0.0,0,0,nan,nan,nan,,nan,nan,nan,2,26,-,READY owner=Surnn refs=24,"{""cmd"": ""STOP"", ""status"": ""READY"", ""detector"": ""yolo"", ""state"": ""IDLE"", ""owner"": ""Surnn"", ""score"": null, ""match_max"": 0.5, ""refs"": 24, ""match_mode"": ""none"", ""steer_zones"": 41, ""people"": 0, ""track_id"": null, ""target_ex"": 0.0, ""target_cx_vel_px_s"": 0.0, ""target_age_s"": null, ""lidar_min_m"": 0.27, ""target_lidar_m"": null, ""target_lidar_deg"": null, ""camera_range_m"
2026-07-16T22:56:46.013,1320.014,mission_20260716_223446_manual,MANUAL,,0,13.330290794372559,100.99793243408203,150.61795187890885,4,True,0.6777499914169312,1,0,0,1,0,0.0,0.0,0.0,0,0,nan,nan,nan,,nan,nan,nan,2,26,-,READY owner=Surnn refs=24,"{""cmd"": ""STOP"", ""status"": ""READY"", ""detector"": ""yolo"", ""state"": ""IDLE"", ""owner"": ""Surnn"", ""score"": null, ""match_max"": 0.5, ""refs"": 24, ""match_mode"": ""none"", ""steer_zones"": 41, ""people"": 0, ""track_id"": null, ""target_ex"": 0.0, ""target_cx_vel_px_s"": 0.0, ""target_age_s"": null, ""lidar_min_m"": 0.27, ""target_lidar_m"": null, ""target_lidar_deg"": null, ""camera_range_m"
2026-07-16T22:56:48.036,1322.037,mission_20260716_223446_manual,MANUAL,,0,13.330288887023926,100.99793243408203,150.63187180443734,4,True,0.6809999942779541,1,0,0,1,0,0.0,0.0,0.0,0,0,nan,nan,nan,,nan,nan,nan,2,26,-,READY owner=Surnn refs=24,"{""cmd"": ""STOP"", ""status"": ""READY"", ""detector"": ""yolo"", ""state"": ""IDLE"", ""owner"": ""Surnn"", ""score"": null, ""match_max"": 0.5, ""refs"": 24, ""match_mode"": ""none"", ""steer_zones"": 41, ""people"": 0, ""track_id"": null, ""target_ex"": 0.0, ""target_cx_vel_px_s"": 0.0, ""target_age_s"": null, ""lidar_min_m"": 0.29, ""target_lidar_m"": null, ""target_lidar_deg"": null, ""camera_range_m"
2026-07-16T22:56:50.044,1324.044,mission_20260716_223446_manual,MANUAL,,0,13.330286026000977,100.99793243408203,150.64296403164943,4,True,0.6812499761581421,1,0,0,1,0,0.0,0.0,0.0,0,0,nan,nan,nan,,nan,nan,nan,2,26,-,READY owner=Surnn refs=24,"{""cmd"": ""STOP"", ""status"": ""READY"", ""detector"": ""yolo"", ""state"": ""IDLE"", ""owner"": ""Surnn"", ""score"": null, ""match_max"": 0.5, ""refs"": 24, ""match_mode"": ""none"", ""steer_zones"": 41, ""people"": 0, ""track_id"": null, ""target_ex"": 0.0, ""target_cx_vel_px_s"": 0.0, ""target_age_s"": null, ""lidar_min_m"": 0.29, ""target_lidar_m"": null, ""target_lidar_deg"": null, ""camera_range_m"
2026-07-16T22:56:52.170,1326.171,mission_20260716_223446_manual,MANUAL,,0,13.330284118652344,100.99793243408203,150.63706274820655,4,True,0.6784999966621399,1,0,0,1,0,0.0,0.0,0.0,0,0,nan,nan,nan,,nan,nan,nan,2,26,-,READY owner=Surnn refs=24,"{""cmd"": ""STOP"", ""status"": ""READY"", ""detector"": ""yolo"", ""state"": ""IDLE"", ""owner"": ""Surnn"", ""score"": null, ""match_max"": 0.5, ""refs"": 24, ""match_mode"": ""none"", ""steer_zones"": 41, ""people"": 0, ""track_id"": null, ""target_ex"": 0.0, ""target_cx_vel_px_s"": 0.0, ""target_age_s"": null, ""lidar_min_m"": 0.28, ""target_lidar_m"": null, ""target_lidar_deg"": null, ""camera_range_m"
2026-07-16T22:56:54.295,1328.296,mission_20260716_223446_manual,MANUAL,,0,13.330283164978027,100.99793243408203,150.62640765310132,4,True,0.6802499890327454,1,0,0,1,0,0.0,0.0,0.0,0,0,nan,nan,nan,,nan,nan,nan,2,26,-,READY owner=Surnn refs=24,"{""cmd"": ""STOP"", ""status"": ""READY"", ""detector"": ""yolo"", ""state"": ""IDLE"", ""owner"": ""Surnn"", ""score"": null, ""match_max"": 0.5, ""refs"": 24, ""match_mode"": ""none"", ""steer_zones"": 41, ""people"": 0, ""track_id"": null, ""target_ex"": 0.0, ""target_cx_vel_px_s"": 0.0, ""target_age_s"": null, ""lidar_min_m"": 0.28, ""target_lidar_m"": null, ""target_lidar_deg"": null, ""camera_range_m"
2026-07-16T22:56:56.303,1330.303,mission_20260716_223446_manual,MANUAL,,0,13.330283164978027,100.99793243408203,150.62232319997764,4,True,0.6779999732971191,1,0,0,1,0,0.0,0.0,0.0,0,0,nan,nan,nan,,nan,nan,nan,2,26,-,READY owner=Surnn refs=24,"{""cmd"": ""STOP"", ""status"": ""READY"", ""detector"": ""yolo"", ""state"": ""IDLE"", ""owner"": ""Surnn"", ""score"": null, ""match_max"": 0.5, ""refs"": 24, ""match_mode"": ""none"", ""steer_zones"": 41, ""people"": 0, ""track_id"": null, ""target_ex"": 0.0, ""target_cx_vel_px_s"": 0.0, ""target_age_s"": null, ""lidar_min_m"": 0.27, ""target_lidar_m"": null, ""target_lidar_deg"": null, ""camera_range_m"
2026-07-16T22:56:58.309,1332.309,mission_20260716_223446_manual,MANUAL,,0,13.330283164978027,100.99793243408203,150.62487769072723,4,True,0.6784999966621399,1,0,0,1,0,0.0,0.0,0.0,0,0,nan,nan,nan,,nan,nan,nan,2,26,-,READY owner=Surnn refs=24,"{""cmd"": ""STOP"", ""status"": ""READY"", ""detector"": ""yolo"", ""state"": ""IDLE"", ""owner"": ""Surnn"", ""score"": null, ""match_max"": 0.5, ""refs"": 24, ""match_mode"": ""none"", ""steer_zones"": 41, ""people"": 0, ""track_id"": null, ""target_ex"": 0.0, ""target_cx_vel_px_s"": 0.0, ""target_age_s"": null, ""lidar_min_m"": 0.27, ""target_lidar_m"": null, ""target_lidar_deg"": null, ""camera_range_m"
2026-07-16T22:57:00.323,1334.323,mission_20260716_223446_manual,MANUAL,,0,13.330282211303711,100.99793243408203,150.63154395535716,4,True,0.6782500147819519,1,0,0,1,0,0.0,0.0,0.0,0,0,nan,nan,nan,,nan,nan,nan,2,27,-,READY owner=Surnn refs=24,"{""cmd"": ""STOP"", ""status"": ""READY"", ""detector"": ""yolo"", ""state"": ""IDLE"", ""owner"": ""Surnn"", ""score"": null, ""match_max"": 0.5, ""refs"": 24, ""match_mode"": ""none"", ""steer_zones"": 41, ""people"": 0, ""track_id"": null, ""target_ex"": 0.0, ""target_cx_vel_px_s"": 0.0, ""target_age_s"": null, ""lidar_min_m"": 0.27, ""target_lidar_m"": null, ""target_lidar_deg"": null, ""camera_range_m"
2026-07-16T22:57:02.451,1336.452,mission_20260716_223446_manual,MANUAL,,0,13.330280303955078,100.99793243408203,150.63521859713063,4,True,0.6817499995231628,1,0,0,1,0,0.0,0.0,0.0,0,0,nan,nan,nan,,nan,nan,nan,2,27,-,READY owner=Surnn refs=24,"{""cmd"": ""STOP"", ""status"": ""READY"", ""detector"": ""yolo"", ""state"": ""IDLE"", ""owner"": ""Surnn"", ""score"": null, ""match_max"": 0.5, ""refs"": 24, ""match_mode"": ""none"", ""steer_zones"": 41, ""people"": 0, ""track_id"": null, ""target_ex"": 0.0, ""target_cx_vel_px_s"": 0.0, ""target_age_s"": null, ""lidar_min_m"": 0.27, ""target_lidar_m"": null, ""target_lidar_deg"": null, ""camera_range_m"
2026-07-16T22:57:04.462,1338.463,mission_20260716_223446_manual,MANUAL,,0,13.330278396606445,100.99793243408203,150.63972652198285,4,True,0.6787499785423279,1,0,0,1,0,0.0,0.0,0.0,0,0,nan,nan,nan,,nan,nan,nan,2,27,-,READY owner=Surnn refs=24,"{""cmd"": ""STOP"", ""status"": ""READY"", ""detector"": ""yolo"", ""state"": ""IDLE"", ""owner"": ""Surnn"", ""score"": null, ""match_max"": 0.5, ""refs"": 24, ""match_mode"": ""none"", ""steer_zones"": 41, ""people"": 0, ""track_id"": null, ""target_ex"": 0.0, ""target_cx_vel_px_s"": 0.0, ""target_age_s"": null, ""lidar_min_m"": 0.28, ""target_lidar_m"": null, ""target_lidar_deg"": null, ""camera_range_m"
2026-07-16T22:57:06.467,1340.467,mission_20260716_223446_manual,MANUAL,,0,13.330277442932129,100.99793243408203,150.6435377675397,4,True,0.6790000200271606,1,0,0,1,0,0.0,0.0,0.0,0,0,nan,nan,nan,,nan,nan,nan,2,27,-,READY owner=Surnn refs=24,"{""cmd"": ""STOP"", ""status"": ""READY"", ""detector"": ""yolo"", ""state"": ""IDLE"", ""owner"": ""Surnn"", ""score"": null, ""match_max"": 0.5, ""refs"": 24, ""match_mode"": ""none"", ""steer_zones"": 41, ""people"": 0, ""track_id"": null, ""target_ex"": 0.0, ""target_cx_vel_px_s"": 0.0, ""target_age_s"": null, ""lidar_min_m"": 0.29, ""target_lidar_m"": null, ""target_lidar_deg"": null, ""camera_range_m"
2026-07-16T22:57:08.473,1342.474,mission_20260716_223446_manual,MANUAL,,0,13.330275535583496,100.9979248046875,150.64457595629355,4,True,0.6809999942779541,1,0,0,1,0,0.0,0.0,0.0,0,0,nan,nan,nan,,nan,nan,nan,2,26,-,READY owner=Surnn refs=24,"{""cmd"": ""STOP"", ""status"": ""READY"", ""detector"": ""yolo"", ""state"": ""IDLE"", ""owner"": ""Surnn"", ""score"": null, ""match_max"": 0.5, ""refs"": 24, ""match_mode"": ""none"", ""steer_zones"": 41, ""people"": 0, ""track_id"": null, ""target_ex"": 0.0, ""target_cx_vel_px_s"": 0.0, ""target_age_s"": null, ""lidar_min_m"": 0.28, ""target_lidar_m"": null, ""target_lidar_deg"": null, ""camera_range_m"
2026-07-16T22:57:10.476,1344.476,mission_20260716_223446_manual,MANUAL,,0,13.33027458190918,100.9979248046875,150.63295097432618,4,True,0.6790000200271606,1,0,0,1,0,0.0,0.0,0.0,0,0,nan,nan,nan,,nan,nan,nan,2,26,-,READY owner=Surnn refs=24,"{""cmd"": ""STOP"", ""status"": ""READY"", ""detector"": ""yolo"", ""state"": ""IDLE"", ""owner"": ""Surnn"", ""score"": null, ""match_max"": 0.5, ""refs"": 24, ""match_mode"": ""none"", ""steer_zones"": 41, ""people"": 0, ""track_id"": null, ""target_ex"": 0.0, ""target_cx_vel_px_s"": 0.0, ""target_age_s"": null, ""lidar_min_m"": 0.29, ""target_lidar_m"": null, ""target_lidar_deg"": null, ""camera_range_m"
2026-07-16T22:57:12.483,1346.483,mission_20260716_223446_manual,MANUAL,,0,13.330272674560547,100.9979248046875,150.6282518041772,4,True,0.6802499890327454,1,0,0,1,0,0.0,0.0,0.0,0,0,nan,nan,nan,,nan,nan,nan,2,26,-,READY owner=Surnn refs=24,"{""cmd"": ""STOP"", ""status"": ""READY"", ""detector"": ""yolo"", ""state"": ""IDLE"", ""owner"": ""Surnn"", ""score"": null, ""match_max"": 0.5, ""refs"": 24, ""match_mode"": ""none"", ""steer_zones"": 41, ""people"": 0, ""track_id"": null, ""target_ex"": 0.0, ""target_cx_vel_px_s"": 0.0, ""target_age_s"": null, ""lidar_min_m"": 0.27, ""target_lidar_m"": null, ""target_lidar_deg"": null, ""camera_range_m"
2026-07-16T22:57:14.615,1348.616,mission_20260716_223446_manual,MANUAL,,0,13.330270767211914,100.9979248046875,150.62490501148392,4,True,0.6784999966621399,1,0,0,1,0,0.0,0.0,0.0,0,0,nan,nan,nan,,nan,nan,nan,2,27,-,READY owner=Surnn refs=24,"{""cmd"": ""STOP"", ""status"": ""READY"", ""detector"": ""yolo"", ""state"": ""IDLE"", ""owner"": ""Surnn"", ""score"": null, ""match_max"": 0.5, ""refs"": 24, ""match_mode"": ""none"", ""steer_zones"": 41, ""people"": 0, ""track_id"": null, ""target_ex"": 0.0, ""target_cx_vel_px_s"": 0.0, ""target_age_s"": null, ""lidar_min_m"": 0.28, ""target_lidar_m"": null, ""target_lidar_deg"": null, ""camera_range_m"
2026-07-16T22:57:16.617,1350.618,mission_20260716_223446_manual,MANUAL,,0,13.330267906188965,100.9979248046875,150.61377180313679,4,True,0.6782500147819519,1,0,0,1,0,0.0,0.0,0.0,0,0,nan,nan,nan,,nan,nan,nan,2,26,-,READY owner=Surnn refs=24,"{""cmd"": ""STOP"", ""status"": ""READY"", ""detector"": ""yolo"", ""state"": ""IDLE"", ""owner"": ""Surnn"", ""score"": null, ""match_max"": 0.5, ""refs"": 24, ""match_mode"": ""none"", ""steer_zones"": 41, ""people"": 0, ""track_id"": null, ""target_ex"": 0.0, ""target_cx_vel_px_s"": 0.0, ""target_age_s"": null, ""lidar_min_m"": 0.26, ""target_lidar_m"": null, ""target_lidar_deg"": null, ""camera_range_m"
2026-07-16T22:57:18.733,1352.734,mission_20260716_223446_manual,MANUAL,,0,13.330265045166016,100.9979248046875,150.6050018402425,4,True,0.6784999966621399,1,0,0,1,0,0.0,0.0,0.0,0,0,nan,nan,nan,,nan,nan,nan,2,28,-,READY owner=Surnn refs=24,"{""cmd"": ""STOP"", ""status"": ""READY"", ""detector"": ""yolo"", ""state"": ""IDLE"", ""owner"": ""Surnn"", ""score"": null, ""match_max"": 0.5, ""refs"": 24, ""match_mode"": ""none"", ""steer_zones"": 41, ""people"": 0, ""track_id"": null, ""target_ex"": 0.0, ""target_cx_vel_px_s"": 0.0, ""target_age_s"": null, ""lidar_min_m"": 0.27, ""target_lidar_m"": null, ""target_lidar_deg"": null, ""camera_range_m"
2026-07-16T22:57:20.737,1354.737,mission_20260716_223446_manual,MANUAL,,0,13.3302640914917,100.9979248046875,150.605343349701,4,True,0.6765000224113464,1,0,0,1,0,0.0,0.0,0.0,0,0,nan,nan,nan,,nan,nan,nan,2,28,-,READY owner=Surnn refs=24,"{""cmd"": ""STOP"", ""status"": ""READY"", ""detector"": ""yolo"", ""state"": ""IDLE"", ""owner"": ""Surnn"", ""score"": null, ""match_max"": 0.5, ""refs"": 24, ""match_mode"": ""none"", ""steer_zones"": 41, ""people"": 0, ""track_id"": null, ""target_ex"": 0.0, ""target_cx_vel_px_s"": 0.0, ""target_age_s"": null, ""lidar_min_m"": 0.28, ""target_lidar_m"": null, ""target_lidar_deg"": null, ""camera_range_m"
2026-07-16T22:57:22.867,1356.867,mission_20260716_223446_manual,MANUAL,,0,13.330263137817383,100.9979248046875,150.59915519831296,4,True,0.6797500252723694,1,0,0,1,0,0.0,0.0,0.0,0,0,nan,nan,nan,,nan,nan,nan,2,26,-,READY owner=Surnn refs=24,"{""cmd"": ""STOP"", ""status"": ""READY"", ""detector"": ""yolo"", ""state"": ""IDLE"", ""owner"": ""Surnn"", ""score"": null, ""match_max"": 0.5, ""refs"": 24, ""match_mode"": ""none"", ""steer_zones"": 41, ""people"": 0, ""track_id"": null, ""target_ex"": 0.0, ""target_cx_vel_px_s"": 0.0, ""target_age_s"": null, ""lidar_min_m"": 0.28, ""target_lidar_m"": null, ""target_lidar_deg"": null, ""camera_range_m"
2026-07-16T22:57:24.873,1358.873,mission_20260716_223446_manual,MANUAL,,0,13.330263137817383,100.9979248046875,150.553638817684,4,True,0.6787499785423279,1,0,0,1,0,0.0,0.0,0.0,0,0,nan,nan,nan,,nan,nan,nan,2,25,-,READY owner=Surnn refs=24,"{""cmd"": ""STOP"", ""status"": ""READY"", ""detector"": ""yolo"", ""state"": ""IDLE"", ""owner"": ""Surnn"", ""score"": null, ""match_max"": 0.5, ""refs"": 24, ""match_mode"": ""none"", ""steer_zones"": 41, ""people"": 0, ""track_id"": null, ""target_ex"": 0.0, ""target_cx_vel_px_s"": 0.0, ""target_age_s"": null, ""lidar_min_m"": 0.28, ""target_lidar_m"": null, ""target_lidar_deg"": null, ""camera_range_m"
2026-07-16T22:57:26.978,1360.978,mission_20260716_223446_manual,MANUAL,,0,13.330263137817383,100.99791717529297,150.51883217367362,4,True,0.6792500019073486,1,0,0,1,0,0.0,0.0,0.0,0,0,nan,nan,nan,,nan,nan,nan,2,25,-,READY owner=Surnn refs=24,"{""cmd"": ""STOP"", ""status"": ""READY"", ""detector"": ""yolo"", ""state"": ""IDLE"", ""owner"": ""Surnn"", ""score"": null, ""match_max"": 0.5, ""refs"": 24, ""match_mode"": ""none"", ""steer_zones"": 41, ""people"": 0, ""track_id"": null, ""target_ex"": 0.0, ""target_cx_vel_px_s"": 0.0, ""target_age_s"": null, ""lidar_min_m"": 0.27, ""target_lidar_m"": null, ""target_lidar_deg"": null, ""camera_range_m"
2026-07-16T22:57:28.980,1362.98,mission_20260716_223446_manual,MANUAL,,0,13.330263137817383,100.99791717529297,150.481484699292,4,True,0.6800000071525574,1,0,0,1,0,0.0,0.0,0.0,0,0,nan,nan,nan,,nan,nan,nan,2,26,-,READY owner=Surnn refs=24,"{""cmd"": ""STOP"", ""status"": ""READY"", ""detector"": ""yolo"", ""state"": ""IDLE"", ""owner"": ""Surnn"", ""score"": null, ""match_max"": 0.5, ""refs"": 24, ""match_mode"": ""none"", ""steer_zones"": 41, ""people"": 0, ""track_id"": null, ""target_ex"": 0.0, ""target_cx_vel_px_s"": 0.0, ""target_age_s"": null, ""lidar_min_m"": 0.27, ""target_lidar_m"": null, ""target_lidar_deg"": null, ""camera_range_m"
2026-07-16T22:57:30.991,1364.992,mission_20260716_223446_manual,MANUAL,,0,13.330263137817383,100.99791717529297,150.45346726331658,4,True,0.6772500276565552,1,0,0,1,0,0.0,0.0,0.0,0,0,nan,nan,nan,,nan,nan,nan,2,27,-,READY owner=Surnn refs=24,"{""cmd"": ""STOP"", ""status"": ""READY"", ""detector"": ""yolo"", ""state"": ""IDLE"", ""owner"": ""Surnn"", ""score"": null, ""match_max"": 0.5, ""refs"": 24, ""match_mode"": ""none"", ""steer_zones"": 41, ""people"": 0, ""track_id"": null, ""target_ex"": 0.0, ""target_cx_vel_px_s"": 0.0, ""target_age_s"": null, ""lidar_min_m"": 0.26, ""target_lidar_m"": null, ""target_lidar_deg"": null, ""camera_range_m"
2026-07-16T22:57:33.106,1367.106,mission_20260716_223446_manual,MANUAL,,0,13.3302640914917,100.99791717529297,150.4165432606635,4,True,0.6790000200271606,1,0,0,1,0,0.0,0.0,0.0,0,0,nan,nan,nan,,nan,nan,nan,2,27,-,READY owner=Surnn refs=24,"{""cmd"": ""STOP"", ""status"": ""READY"", ""detector"": ""yolo"", ""state"": ""IDLE"", ""owner"": ""Surnn"", ""score"": null, ""match_max"": 0.5, ""refs"": 24, ""match_mode"": ""none"", ""steer_zones"": 41, ""people"": 0, ""track_id"": null, ""target_ex"": 0.0, ""target_cx_vel_px_s"": 0.0, ""target_age_s"": null, ""lidar_min_m"": 0.27, ""target_lidar_m"": null, ""target_lidar_deg"": null, ""camera_range_m"
2026-07-16T22:57:35.123,1369.124,mission_20260716_223446_manual,MANUAL,,0,13.330265045166016,100.99791717529297,150.38911322095674,4,True,0.6787499785423279,1,0,0,1,0,0.0,0.0,0.0,0,0,nan,nan,nan,,nan,nan,nan,2,27,-,READY owner=Surnn refs=24,"{""cmd"": ""STOP"", ""status"": ""READY"", ""detector"": ""yolo"", ""state"": ""IDLE"", ""owner"": ""Surnn"", ""score"": null, ""match_max"": 0.5, ""refs"": 24, ""match_mode"": ""none"", ""steer_zones"": 41, ""people"": 0, ""track_id"": null, ""target_ex"": 0.0, ""target_cx_vel_px_s"": 0.0, ""target_age_s"": null, ""lidar_min_m"": 0.27, ""target_lidar_m"": null, ""target_lidar_deg"": null, ""camera_range_m"
2026-07-16T22:57:37.134,1371.135,mission_20260716_223446_manual,MANUAL,,0,13.330265998840332,100.99791717529297,150.371327408358,4,True,0.6802499890327454,1,0,0,1,0,0.0,0.0,0.0,0,0,nan,nan,nan,,nan,nan,nan,2,27,-,READY owner=Surnn refs=24,"{""cmd"": ""STOP"", ""status"": ""READY"", ""detector"": ""yolo"", ""state"": ""IDLE"", ""owner"": ""Surnn"", ""score"": null, ""match_max"": 0.5, ""refs"": 24, ""match_mode"": ""none"", ""steer_zones"": 41, ""people"": 0, ""track_id"": null, ""target_ex"": 0.0, ""target_cx_vel_px_s"": 0.0, ""target_age_s"": null, ""lidar_min_m"": 0.28, ""target_lidar_m"": null, ""target_lidar_deg"": null, ""camera_range_m"
2026-07-16T22:57:39.150,1373.15,mission_20260716_223446_manual,MANUAL,,0,13.330265045166016,100.99791717529297,150.34993525587754,4,True,0.6772500276565552,1,0,0,1,0,0.0,0.0,0.0,0,0,nan,nan,nan,,nan,nan,nan,2,27,-,READY owner=Surnn refs=24,"{""cmd"": ""STOP"", ""status"": ""READY"", ""detector"": ""yolo"", ""state"": ""IDLE"", ""owner"": ""Surnn"", ""score"": null, ""match_max"": 0.5, ""refs"": 24, ""match_mode"": ""none"", ""steer_zones"": 41, ""people"": 0, ""track_id"": null, ""target_ex"": 0.0, ""target_cx_vel_px_s"": 0.0, ""target_age_s"": null, ""lidar_min_m"": 0.28, ""target_lidar_m"": null, ""target_lidar_deg"": null, ""camera_range_m"
2026-07-16T22:57:41.161,1375.161,mission_20260716_223446_manual,MANUAL,,0,13.330265045166016,100.99791717529297,150.33788680218163,4,True,0.6787499785423279,1,0,0,1,0,0.0,0.0,0.0,0,0,nan,nan,nan,,nan,nan,nan,2,27,-,READY owner=Surnn refs=24,"{""cmd"": ""STOP"", ""status"": ""READY"", ""detector"": ""yolo"", ""state"": ""IDLE"", ""owner"": ""Surnn"", ""score"": null, ""match_max"": 0.5, ""refs"": 24, ""match_mode"": ""none"", ""steer_zones"": 41, ""people"": 0, ""track_id"": null, ""target_ex"": 0.0, ""target_cx_vel_px_s"": 0.0, ""target_age_s"": null, ""lidar_min_m"": 0.27, ""target_lidar_m"": null, ""target_lidar_deg"": null, ""camera_range_m"
2026-07-16T22:57:43.175,1377.176,mission_20260716_223446_manual,MANUAL,,0,13.330265045166016,100.99790954589844,150.32693117875294,4,True,0.6790000200271606,1,0,0,1,0,0.0,0.0,0.0,0,0,nan,nan,nan,,nan,nan,nan,2,27,-,READY owner=Surnn refs=24,"{""cmd"": ""STOP"", ""status"": ""READY"", ""detector"": ""yolo"", ""state"": ""IDLE"", ""owner"": ""Surnn"", ""score"": null, ""match_max"": 0.5, ""refs"": 24, ""match_mode"": ""none"", ""steer_zones"": 41, ""people"": 0, ""track_id"": null, ""target_ex"": 0.0, ""target_cx_vel_px_s"": 0.0, ""target_age_s"": null, ""lidar_min_m"": 0.27, ""target_lidar_m"": null, ""target_lidar_deg"": null, ""camera_range_m"
2026-07-16T22:57:45.302,1379.302,mission_20260716_223446_manual,MANUAL,,0,13.330265045166016,100.99790954589844,150.313475706088,4,True,0.6779999732971191,1,0,0,1,0,0.0,0.0,0.0,0,0,nan,nan,nan,,nan,nan,nan,2,27,-,READY owner=Surnn refs=24,"{""cmd"": ""STOP"", ""status"": ""READY"", ""detector"": ""yolo"", ""state"": ""IDLE"", ""owner"": ""Surnn"", ""score"": null, ""match_max"": 0.5, ""refs"": 24, ""match_mode"": ""none"", ""steer_zones"": 41, ""people"": 0, ""track_id"": null, ""target_ex"": 0.0, ""target_cx_vel_px_s"": 0.0, ""target_age_s"": null, ""lidar_min_m"": 0.28, ""target_lidar_m"": null, ""target_lidar_deg"": null, ""camera_range_m"
2026-07-16T22:57:47.327,1381.328,mission_20260716_223446_manual,MANUAL,,0,13.330265998840332,100.99790954589844,150.300498346665,4,True,0.6807500123977661,1,0,0,1,0,0.0,0.0,0.0,0,0,nan,nan,nan,,nan,nan,nan,2,27,-,READY owner=Surnn refs=24,"{""cmd"": ""STOP"", ""status"": ""READY"", ""detector"": ""yolo"", ""state"": ""IDLE"", ""owner"": ""Surnn"", ""score"": null, ""match_max"": 0.5, ""refs"": 24, ""match_mode"": ""none"", ""steer_zones"": 41, ""people"": 0, ""track_id"": null, ""target_ex"": 0.0, ""target_cx_vel_px_s"": 0.0, ""target_age_s"": null, ""lidar_min_m"": 0.28, ""target_lidar_m"": null, ""target_lidar_deg"": null, ""camera_range_m"
2026-07-16T22:57:49.335,1383.336,mission_20260716_223446_manual,MANUAL,,0,13.3302640914917,100.99790954589844,150.29619532748788,4,True,0.6794999837875366,1,0,0,1,0,0.0,0.0,0.0,0,0,nan,nan,nan,,nan,nan,nan,2,28,-,READY owner=Surnn refs=24,"{""cmd"": ""STOP"", ""status"": ""READY"", ""detector"": ""yolo"", ""state"": ""IDLE"", ""owner"": ""Surnn"", ""score"": null, ""match_max"": 0.5, ""refs"": 24, ""match_mode"": ""none"", ""steer_zones"": 41, ""people"": 0, ""track_id"": null, ""target_ex"": 0.0, ""target_cx_vel_px_s"": 0.0, ""target_age_s"": null, ""lidar_min_m"": 0.28, ""target_lidar_m"": null, ""target_lidar_deg"": null, ""camera_range_m"
2026-07-16T22:57:51.356,1385.356,mission_20260716_223446_manual,MANUAL,,0,13.3302640914917,100.99790954589844,150.27514468446591,4,True,0.6792500019073486,1,0,0,1,0,0.0,0.0,0.0,0,0,nan,nan,nan,,nan,nan,nan,2,29,-,READY owner=Surnn refs=24,"{""cmd"": ""STOP"", ""status"": ""READY"", ""detector"": ""yolo"", ""state"": ""IDLE"", ""owner"": ""Surnn"", ""score"": null, ""match_max"": 0.5, ""refs"": 24, ""match_mode"": ""none"", ""steer_zones"": 41, ""people"": 0, ""track_id"": null, ""target_ex"": 0.0, ""target_cx_vel_px_s"": 0.0, ""target_age_s"": null, ""lidar_min_m"": 0.26, ""target_lidar_m"": null, ""target_lidar_deg"": null, ""camera_range_m"
2026-07-16T22:57:53.358,1387.358,mission_20260716_223446_manual,MANUAL,,0,13.3302640914917,100.99790954589844,150.27194815593433,4,True,0.6782500147819519,1,0,0,1,0,0.0,0.0,0.0,0,0,nan,nan,nan,,nan,nan,nan,2,28,-,READY owner=Surnn refs=24,"{""cmd"": ""STOP"", ""status"": ""READY"", ""detector"": ""yolo"", ""state"": ""IDLE"", ""owner"": ""Surnn"", ""score"": null, ""match_max"": 0.5, ""refs"": 24, ""match_mode"": ""none"", ""steer_zones"": 41, ""people"": 0, ""track_id"": null, ""target_ex"": 0.0, ""target_cx_vel_px_s"": 0.0, ""target_age_s"": null, ""lidar_min_m"": 0.27, ""target_lidar_m"": null, ""target_lidar_deg"": null, ""camera_range_m"
2026-07-16T22:57:55.359,1389.359,mission_20260716_223446_manual,MANUAL,,0,13.3302583694458,100.99790954589844,150.29441947830367,4,True,0.6794999837875366,1,0,0,1,0,0.0,0.0,0.0,0,0,nan,nan,nan,,nan,nan,nan,2,29,-,READY owner=Surnn refs=24,"{""cmd"": ""STOP"", ""status"": ""READY"", ""detector"": ""yolo"", ""state"": ""IDLE"", ""owner"": ""Surnn"", ""score"": null, ""match_max"": 0.5, ""refs"": 24, ""match_mode"": ""none"", ""steer_zones"": 41, ""people"": 0, ""track_id"": null, ""target_ex"": 0.0, ""target_cx_vel_px_s"": 0.0, ""target_age_s"": null, ""lidar_min_m"": 0.28, ""target_lidar_m"": null, ""target_lidar_deg"": null, ""camera_range_m"
2026-07-16T22:57:57.371,1391.372,mission_20260716_223446_manual,MANUAL,,0,13.330254554748535,100.99790954589844,150.3210845368234,4,True,0.6787499785423279,1,0,0,1,0,0.0,0.0,0.0,0,0,nan,nan,nan,,nan,nan,nan,2,31,-,READY owner=Surnn refs=24,"{""cmd"": ""STOP"", ""status"": ""READY"", ""detector"": ""yolo"", ""state"": ""IDLE"", ""owner"": ""Surnn"", ""score"": null, ""match_max"": 0.5, ""refs"": 24, ""match_mode"": ""none"", ""steer_zones"": 41, ""people"": 0, ""track_id"": null, ""target_ex"": 0.0, ""target_cx_vel_px_s"": 0.0, ""target_age_s"": null, ""lidar_min_m"": 0.27, ""target_lidar_m"": null, ""target_lidar_deg"": null, ""camera_range_m"
2026-07-16T22:57:59.401,1393.402,mission_20260716_223446_manual,MANUAL,,0,13.330251693725586,100.99790954589844,150.33478589629846,4,True,0.6802499890327454,1,0,0,1,0,0.0,0.0,0.0,0,0,nan,nan,nan,,nan,nan,nan,2,31,-,READY owner=Surnn refs=24,"{""cmd"": ""STOP"", ""status"": ""READY"", ""detector"": ""yolo"", ""state"": ""IDLE"", ""owner"": ""Surnn"", ""score"": null, ""match_max"": 0.5, ""refs"": 24, ""match_mode"": ""none"", ""steer_zones"": 41, ""people"": 0, ""track_id"": null, ""target_ex"": 0.0, ""target_cx_vel_px_s"": 0.0, ""target_age_s"": null, ""lidar_min_m"": 0.27, ""target_lidar_m"": null, ""target_lidar_deg"": null, ""camera_range_m"
2026-07-16T22:58:01.411,1395.412,mission_20260716_223446_manual,MANUAL,,0,13.330248832702637,100.99790954589844,150.34781789723485,4,True,0.6800000071525574,1,0,0,1,0,0.0,0.0,0.0,0,0,nan,nan,nan,,nan,nan,nan,2,30,-,READY owner=Surnn refs=24,"{""cmd"": ""STOP"", ""status"": ""READY"", ""detector"": ""yolo"", ""state"": ""IDLE"", ""owner"": ""Surnn"", ""score"": null, ""match_max"": 0.5, ""refs"": 24, ""match_mode"": ""none"", ""steer_zones"": 41, ""people"": 0, ""track_id"": null, ""target_ex"": 0.0, ""target_cx_vel_px_s"": 0.0, ""target_age_s"": null, ""lidar_min_m"": 0.27, ""target_lidar_m"": null, ""target_lidar_deg"": null, ""camera_range_m"
2026-07-16T22:58:03.419,1397.419,mission_20260716_223446_manual,MANUAL,,0,13.330246925354004,100.99790954589844,150.35396506748785,4,True,0.6787499785423279,1,0,0,1,0,0.0,0.0,0.0,0,0,nan,nan,nan,,nan,nan,nan,2,30,-,READY owner=Surnn refs=24,"{""cmd"": ""STOP"", ""status"": ""READY"", ""detector"": ""yolo"", ""state"": ""IDLE"", ""owner"": ""Surnn"", ""score"": null, ""match_max"": 0.5, ""refs"": 24, ""match_mode"": ""none"", ""steer_zones"": 41, ""people"": 0, ""track_id"": null, ""target_ex"": 0.0, ""target_cx_vel_px_s"": 0.0, ""target_age_s"": null, ""lidar_min_m"": 0.27, ""target_lidar_m"": null, ""target_lidar_deg"": null, ""camera_range_m"
2026-07-16T22:58:05.422,1399.422,mission_20260716_223446_manual,MANUAL,,0,13.330245971679688,100.99790954589844,150.36892318177019,4,True,0.6797500252723694,1,0,0,1,0,0.0,0.0,0.0,0,0,nan,nan,nan,,nan,nan,nan,2,30,-,READY owner=Surnn refs=24,"{""cmd"": ""STOP"", ""status"": ""READY"", ""detector"": ""yolo"", ""state"": ""IDLE"", ""owner"": ""Surnn"", ""score"": null, ""match_max"": 0.5, ""refs"": 24, ""match_mode"": ""none"", ""steer_zones"": 41, ""people"": 0, ""track_id"": null, ""target_ex"": 0.0, ""target_cx_vel_px_s"": 0.0, ""target_age_s"": null, ""lidar_min_m"": 0.28, ""target_lidar_m"": null, ""target_lidar_deg"": null, ""camera_range_m"
2026-07-16T22:58:07.546,1401.546,mission_20260716_223446_manual,MANUAL,,0,13.330245018005371,100.99790954589844,150.38594401318184,4,True,0.6790000200271606,1,0,0,1,0,0.0,0.0,0.0,0,0,nan,nan,nan,,nan,nan,nan,2,29,-,READY owner=Surnn refs=24,"{""cmd"": ""STOP"", ""status"": ""READY"", ""detector"": ""yolo"", ""state"": ""IDLE"", ""owner"": ""Surnn"", ""score"": null, ""match_max"": 0.5, ""refs"": 24, ""match_mode"": ""none"", ""steer_zones"": 41, ""people"": 0, ""track_id"": null, ""target_ex"": 0.0, ""target_cx_vel_px_s"": 0.0, ""target_age_s"": null, ""lidar_min_m"": 0.28, ""target_lidar_m"": null, ""target_lidar_deg"": null, ""camera_range_m"
2026-07-16T22:58:09.667,1403.668,mission_20260716_223446_manual,MANUAL,,0,13.330244064331055,100.99790954589844,150.4024730709733,4,True,0.6800000071525574,1,0,0,1,0,0.0,0.0,0.0,0,0,nan,nan,nan,,nan,nan,nan,2,29,-,READY owner=Surnn refs=24,"{""cmd"": ""STOP"", ""status"": ""READY"", ""detector"": ""yolo"", ""state"": ""IDLE"", ""owner"": ""Surnn"", ""score"": null, ""match_max"": 0.5, ""refs"": 24, ""match_mode"": ""none"", ""steer_zones"": 41, ""people"": 0, ""track_id"": null, ""target_ex"": 0.0, ""target_cx_vel_px_s"": 0.0, ""target_age_s"": null, ""lidar_min_m"": 0.27, ""target_lidar_m"": null, ""target_lidar_deg"": null, ""camera_range_m"
2026-07-16T22:58:11.675,1405.676,mission_20260716_223446_manual,MANUAL,,0,13.330242156982422,100.99790954589844,150.4214200157309,4,True,0.6777499914169312,1,0,0,1,0,0.0,0.0,0.0,0,0,nan,nan,nan,,nan,nan,nan,2,27,-,READY owner=Surnn refs=24,"{""cmd"": ""STOP"", ""status"": ""READY"", ""detector"": ""yolo"", ""state"": ""IDLE"", ""owner"": ""Surnn"", ""score"": null, ""match_max"": 0.5, ""refs"": 24, ""match_mode"": ""none"", ""steer_zones"": 41, ""people"": 0, ""track_id"": null, ""target_ex"": 0.0, ""target_cx_vel_px_s"": 0.0, ""target_age_s"": null, ""lidar_min_m"": 0.28, ""target_lidar_m"": null, ""target_lidar_deg"": null, ""camera_range_m"
2026-07-16T22:58:13.802,1407.803,mission_20260716_223446_manual,MANUAL,,0,13.330241203308105,100.99790954589844,150.4320068089444,4,True,0.6817499995231628,1,0,0,1,0,0.0,0.0,0.0,0,0,nan,nan,nan,,nan,nan,nan,2,27,-,READY owner=Surnn refs=24,"{""cmd"": ""STOP"", ""status"": ""READY"", ""detector"": ""yolo"", ""state"": ""IDLE"", ""owner"": ""Surnn"", ""score"": null, ""match_max"": 0.5, ""refs"": 24, ""match_mode"": ""none"", ""steer_zones"": 41, ""people"": 0, ""track_id"": null, ""target_ex"": 0.0, ""target_cx_vel_px_s"": 0.0, ""target_age_s"": null, ""lidar_min_m"": 0.29, ""target_lidar_m"": null, ""target_lidar_deg"": null, ""camera_range_m"
2026-07-16T22:58:15.814,1409.815,mission_20260716_223446_manual,MANUAL,,0,13.330241203308105,100.99790954589844,150.44201986626766,4,True,0.6792500019073486,1,0,0,1,0,0.0,0.0,0.0,0,0,nan,nan,nan,,nan,nan,nan,2,27,-,READY owner=Surnn refs=24,"{""cmd"": ""STOP"", ""status"": ""READY"", ""detector"": ""yolo"", ""state"": ""IDLE"", ""owner"": ""Surnn"", ""score"": null, ""match_max"": 0.5, ""refs"": 24, ""match_mode"": ""none"", ""steer_zones"": 41, ""people"": 0, ""track_id"": null, ""target_ex"": 0.0, ""target_cx_vel_px_s"": 0.0, ""target_age_s"": null, ""lidar_min_m"": 0.28, ""target_lidar_m"": null, ""target_lidar_deg"": null, ""camera_range_m"
2026-07-16T22:58:17.938,1411.939,mission_20260716_223446_manual,MANUAL,,0,13.330240249633789,100.99790954589844,150.45003850835326,4,True,0.6779999732971191,1,0,0,1,0,0.0,0.0,0.0,0,0,nan,nan,nan,,nan,nan,nan,2,26,-,READY owner=Surnn refs=24,"{""cmd"": ""STOP"", ""status"": ""READY"", ""detector"": ""yolo"", ""state"": ""IDLE"", ""owner"": ""Surnn"", ""score"": null, ""match_max"": 0.5, ""refs"": 24, ""match_mode"": ""none"", ""steer_zones"": 41, ""people"": 0, ""track_id"": null, ""target_ex"": 0.0, ""target_cx_vel_px_s"": 0.0, ""target_age_s"": null, ""lidar_min_m"": 0.26, ""target_lidar_m"": null, ""target_lidar_deg"": null, ""camera_range_m"
2026-07-16T22:58:19.953,1413.953,mission_20260716_223446_manual,MANUAL,,0,13.330240249633789,100.99790954589844,150.46610311328112,4,True,0.6784999966621399,1,0,0,1,0,0.0,0.0,0.0,0,0,nan,nan,nan,,nan,nan,nan,2,27,-,READY owner=Surnn refs=24,"{""cmd"": ""STOP"", ""status"": ""READY"", ""detector"": ""yolo"", ""state"": ""IDLE"", ""owner"": ""Surnn"", ""score"": null, ""match_max"": 0.5, ""refs"": 24, ""match_mode"": ""none"", ""steer_zones"": 41, ""people"": 0, ""track_id"": null, ""target_ex"": 0.0, ""target_cx_vel_px_s"": 0.0, ""target_age_s"": null, ""lidar_min_m"": 0.29, ""target_lidar_m"": null, ""target_lidar_deg"": null, ""camera_range_m"
2026-07-16T22:58:22.074,1416.075,mission_20260716_223446_manual,MANUAL,,0,13.330239295959473,100.99790954589844,150.48819194505694,4,True,0.6800000071525574,1,0,0,1,0,0.0,0.0,0.0,0,0,nan,nan,nan,,nan,nan,nan,2,29,-,READY owner=Surnn refs=24,"{""cmd"": ""STOP"", ""status"": ""READY"", ""detector"": ""yolo"", ""state"": ""IDLE"", ""owner"": ""Surnn"", ""score"": null, ""match_max"": 0.5, ""refs"": 24, ""match_mode"": ""none"", ""steer_zones"": 41, ""people"": 0, ""track_id"": null, ""target_ex"": 0.0, ""target_cx_vel_px_s"": 0.0, ""target_age_s"": null, ""lidar_min_m"": 0.27, ""target_lidar_m"": null, ""target_lidar_deg"": null, ""camera_range_m"
2026-07-16T22:58:24.190,1418.19,mission_20260716_223446_manual,MANUAL,,0,13.330238342285156,100.99790954589844,150.49666137962777,4,True,0.6809999942779541,1,0,0,1,0,0.0,0.0,0.0,0,0,nan,nan,nan,,nan,nan,nan,2,29,-,READY owner=Surnn refs=24,"{""cmd"": ""STOP"", ""status"": ""READY"", ""detector"": ""yolo"", ""state"": ""IDLE"", ""owner"": ""Surnn"", ""score"": null, ""match_max"": 0.5, ""refs"": 24, ""match_mode"": ""none"", ""steer_zones"": 41, ""people"": 0, ""track_id"": null, ""target_ex"": 0.0, ""target_cx_vel_px_s"": 0.0, ""target_age_s"": null, ""lidar_min_m"": 0.27, ""target_lidar_m"": null, ""target_lidar_deg"": null, ""camera_range_m"
2026-07-16T22:58:26.266,1420.267,mission_20260716_223446_manual,MANUAL,,0,13.33023738861084,100.99790954589844,150.49847820994697,4,True,0.6809999942779541,1,0,0,1,0,0.0,0.0,0.0,0,0,nan,nan,nan,,nan,nan,nan,2,29,-,READY owner=Surnn refs=24,"{""cmd"": ""STOP"", ""status"": ""READY"", ""detector"": ""yolo"", ""state"": ""IDLE"", ""owner"": ""Surnn"", ""score"": null, ""match_max"": 0.5, ""refs"": 24, ""match_mode"": ""none"", ""steer_zones"": 41, ""people"": 0, ""track_id"": null, ""target_ex"": 0.0, ""target_cx_vel_px_s"": 0.0, ""target_age_s"": null, ""lidar_min_m"": 0.27, ""target_lidar_m"": null, ""target_lidar_deg"": null, ""camera_range_m"
2026-07-16T22:58:28.376,1422.377,mission_20260716_223446_manual,MANUAL,,0,13.330236434936523,100.9979019165039,150.50291783290749,4,True,0.6787499785423279,1,0,0,1,0,0.0,0.0,0.0,0,0,nan,nan,nan,,nan,nan,nan,2,29,-,READY owner=Surnn refs=24,"{""cmd"": ""STOP"", ""status"": ""READY"", ""detector"": ""yolo"", ""state"": ""IDLE"", ""owner"": ""Surnn"", ""score"": null, ""match_max"": 0.5, ""refs"": 24, ""match_mode"": ""none"", ""steer_zones"": 41, ""people"": 0, ""track_id"": null, ""target_ex"": 0.0, ""target_cx_vel_px_s"": 0.0, ""target_age_s"": null, ""lidar_min_m"": 0.28, ""target_lidar_m"": null, ""target_lidar_deg"": null, ""camera_range_m"
2026-07-16T22:58:30.505,1424.505,mission_20260716_223446_manual,MANUAL,,0,13.330236434936523,100.9979019165039,150.5099802485093,4,True,0.6782500147819519,1,0,0,1,0,0.0,0.0,0.0,0,0,nan,nan,nan,,nan,nan,nan,2,30,-,READY owner=Surnn refs=24,"{""cmd"": ""STOP"", ""status"": ""READY"", ""detector"": ""yolo"", ""state"": ""IDLE"", ""owner"": ""Surnn"", ""score"": null, ""match_max"": 0.5, ""refs"": 24, ""match_mode"": ""none"", ""steer_zones"": 41, ""people"": 0, ""track_id"": null, ""target_ex"": 0.0, ""target_cx_vel_px_s"": 0.0, ""target_age_s"": null, ""lidar_min_m"": 0.28, ""target_lidar_m"": null, ""target_lidar_deg"": null, ""camera_range_m"
2026-07-16T22:58:32.635,1426.635,mission_20260716_223446_manual,MANUAL,,0,13.330235481262207,100.9979019165039,150.52432364576632,4,True,0.6797500252723694,1,0,0,1,0,0.0,0.0,0.0,0,0,nan,nan,nan,,nan,nan,nan,2,31,-,READY owner=Surnn refs=24,"{""cmd"": ""STOP"", ""status"": ""READY"", ""detector"": ""yolo"", ""state"": ""IDLE"", ""owner"": ""Surnn"", ""score"": null, ""match_max"": 0.5, ""refs"": 24, ""match_mode"": ""none"", ""steer_zones"": 41, ""people"": 0, ""track_id"": null, ""target_ex"": 0.0, ""target_cx_vel_px_s"": 0.0, ""target_age_s"": null, ""lidar_min_m"": 0.29, ""target_lidar_m"": null, ""target_lidar_deg"": null, ""camera_range_m"
2026-07-16T22:58:34.635,1428.636,mission_20260716_223446_manual,MANUAL,,0,13.330235481262207,100.9979019165039,150.53178221233995,4,True,0.6787499785423279,1,0,0,1,0,0.0,0.0,0.0,0,0,nan,nan,nan,,nan,nan,nan,2,30,-,READY owner=Surnn refs=24,"{""cmd"": ""STOP"", ""status"": ""READY"", ""detector"": ""yolo"", ""state"": ""IDLE"", ""owner"": ""Surnn"", ""score"": null, ""match_max"": 0.5, ""refs"": 24, ""match_mode"": ""none"", ""steer_zones"": 41, ""people"": 0, ""track_id"": null, ""target_ex"": 0.0, ""target_cx_vel_px_s"": 0.0, ""target_age_s"": null, ""lidar_min_m"": 0.29, ""target_lidar_m"": null, ""target_lidar_deg"": null, ""camera_range_m"
2026-07-16T22:58:36.758,1430.758,mission_20260716_223446_manual,MANUAL,,0,13.33023452758789,100.9979019165039,150.5480380625646,4,True,0.6782500147819519,1,0,0,1,0,0.0,0.0,0.0,0,0,nan,nan,nan,,nan,nan,nan,2,30,-,READY owner=Surnn refs=24,"{""cmd"": ""STOP"", ""status"": ""READY"", ""detector"": ""yolo"", ""state"": ""IDLE"", ""owner"": ""Surnn"", ""score"": null, ""match_max"": 0.5, ""refs"": 24, ""match_mode"": ""none"", ""steer_zones"": 41, ""people"": 0, ""track_id"": null, ""target_ex"": 0.0, ""target_cx_vel_px_s"": 0.0, ""target_age_s"": null, ""lidar_min_m"": 0.28, ""target_lidar_m"": null, ""target_lidar_deg"": null, ""camera_range_m"
2026-07-16T22:58:38.878,1432.878,mission_20260716_223446_manual,MANUAL,,0,13.330235481262207,100.9979019165039,150.5479424399162,4,True,0.6794999837875366,1,0,0,1,0,0.0,0.0,0.0,0,0,nan,nan,nan,,nan,nan,nan,2,30,-,READY owner=Surnn refs=24,"{""cmd"": ""STOP"", ""status"": ""READY"", ""detector"": ""yolo"", ""state"": ""IDLE"", ""owner"": ""Surnn"", ""score"": null, ""match_max"": 0.5, ""refs"": 24, ""match_mode"": ""none"", ""steer_zones"": 41, ""people"": 0, ""track_id"": null, ""target_ex"": 0.0, ""target_cx_vel_px_s"": 0.0, ""target_age_s"": null, ""lidar_min_m"": 0.28, ""target_lidar_m"": null, ""target_lidar_deg"": null, ""camera_range_m"
2026-07-16T22:58:40.988,1434.988,mission_20260716_223446_manual,MANUAL,,0,13.330235481262207,100.9979019165039,150.54454100570953,4,True,0.6797500252723694,1,0,0,1,0,0.0,0.0,0.0,0,0,nan,nan,nan,,nan,nan,nan,2,28,-,READY owner=Surnn refs=24,"{""cmd"": ""STOP"", ""status"": ""READY"", ""detector"": ""yolo"", ""state"": ""IDLE"", ""owner"": ""Surnn"", ""score"": null, ""match_max"": 0.5, ""refs"": 24, ""match_mode"": ""none"", ""steer_zones"": 41, ""people"": 0, ""track_id"": null, ""target_ex"": 0.0, ""target_cx_vel_px_s"": 0.0, ""target_age_s"": null, ""lidar_min_m"": 0.27, ""target_lidar_m"": null, ""target_lidar_deg"": null, ""camera_range_m"
2026-07-16T22:58:43.112,1437.112,mission_20260716_223446_manual,MANUAL,,0,13.33023452758789,100.9979019165039,150.55710855378237,4,True,0.6784999966621399,1,0,0,1,0,0.0,0.0,0.0,0,0,nan,nan,nan,,nan,nan,nan,2,28,-,READY owner=Surnn refs=24,"{""cmd"": ""STOP"", ""status"": ""READY"", ""detector"": ""yolo"", ""state"": ""IDLE"", ""owner"": ""Surnn"", ""score"": null, ""match_max"": 0.5, ""refs"": 24, ""match_mode"": ""none"", ""steer_zones"": 41, ""people"": 0, ""track_id"": null, ""target_ex"": 0.0, ""target_cx_vel_px_s"": 0.0, ""target_age_s"": null, ""lidar_min_m"": 0.27, ""target_lidar_m"": null, ""target_lidar_deg"": null, ""camera_range_m"
2026-07-16T22:58:45.113,1439.113,mission_20260716_223446_manual,MANUAL,,0,13.33023452758789,100.9979019165039,150.56583753554165,4,True,0.6800000071525574,1,0,0,1,0,0.0,0.0,0.0,0,0,nan,nan,nan,,nan,nan,nan,2,28,-,READY owner=Surnn refs=24,"{""cmd"": ""STOP"", ""status"": ""READY"", ""detector"": ""yolo"", ""state"": ""IDLE"", ""owner"": ""Surnn"", ""score"": null, ""match_max"": 0.5, ""refs"": 24, ""match_mode"": ""none"", ""steer_zones"": 41, ""people"": 0, ""track_id"": null, ""target_ex"": 0.0, ""target_cx_vel_px_s"": 0.0, ""target_age_s"": null, ""lidar_min_m"": 0.28, ""target_lidar_m"": null, ""target_lidar_deg"": null, ""camera_range_m"
2026-07-16T22:58:47.115,1441.115,mission_20260716_223446_manual,MANUAL,,0,13.33023452758789,100.99790954589844,150.57695708351042,4,True,0.6804999709129333,1,0,0,1,0,0.0,0.0,0.0,0,0,nan,nan,nan,,nan,nan,nan,2,28,-,READY owner=Surnn refs=24,"{""cmd"": ""STOP"", ""status"": ""READY"", ""detector"": ""yolo"", ""state"": ""IDLE"", ""owner"": ""Surnn"", ""score"": null, ""match_max"": 0.5, ""refs"": 24, ""match_mode"": ""none"", ""steer_zones"": 41, ""people"": 0, ""track_id"": null, ""target_ex"": 0.0, ""target_cx_vel_px_s"": 0.0, ""target_age_s"": null, ""lidar_min_m"": 0.26, ""target_lidar_m"": null, ""target_lidar_deg"": null, ""camera_range_m"
2026-07-16T22:58:49.116,1443.117,mission_20260716_223446_manual,MANUAL,,0,13.330233573913574,100.99790954589844,150.5798121025835,4,True,0.6794999837875366,1,0,0,1,0,0.0,0.0,0.0,0,0,nan,nan,nan,,nan,nan,nan,2,28,-,READY owner=Surnn refs=24,"{""cmd"": ""STOP"", ""status"": ""READY"", ""detector"": ""yolo"", ""state"": ""IDLE"", ""owner"": ""Surnn"", ""score"": null, ""match_max"": 0.5, ""refs"": 24, ""match_mode"": ""none"", ""steer_zones"": 41, ""people"": 0, ""track_id"": null, ""target_ex"": 0.0, ""target_cx_vel_px_s"": 0.0, ""target_age_s"": null, ""lidar_min_m"": 0.28, ""target_lidar_m"": null, ""target_lidar_deg"": null, ""camera_range_m"
2026-07-16T22:58:51.227,1445.228,mission_20260716_223446_manual,MANUAL,,0,13.330231666564941,100.99790954589844,150.59339051865348,4,True,0.6794999837875366,1,0,0,1,0,0.0,0.0,0.0,0,0,nan,nan,nan,,nan,nan,nan,2,27,-,READY owner=Surnn refs=24,"{""cmd"": ""STOP"", ""status"": ""READY"", ""detector"": ""yolo"", ""state"": ""IDLE"", ""owner"": ""Surnn"", ""score"": null, ""match_max"": 0.5, ""refs"": 24, ""match_mode"": ""none"", ""steer_zones"": 41, ""people"": 0, ""track_id"": null, ""target_ex"": 0.0, ""target_cx_vel_px_s"": 0.0, ""target_age_s"": null, ""lidar_min_m"": 0.27, ""target_lidar_m"": null, ""target_lidar_deg"": null, ""camera_range_m"
2026-07-16T22:58:53.340,1447.341,mission_20260716_223446_manual,MANUAL,,0,13.330229759216309,100.99790954589844,150.60716018002023,4,True,0.6794999837875366,1,0,0,1,0,0.0,0.0,0.0,0,0,nan,nan,nan,,nan,nan,nan,2,29,-,READY owner=Surnn refs=24,"{""cmd"": ""STOP"", ""status"": ""READY"", ""detector"": ""yolo"", ""state"": ""IDLE"", ""owner"": ""Surnn"", ""score"": null, ""match_max"": 0.5, ""refs"": 24, ""match_mode"": ""none"", ""steer_zones"": 41, ""people"": 0, ""track_id"": null, ""target_ex"": 0.0, ""target_cx_vel_px_s"": 0.0, ""target_age_s"": null, ""lidar_min_m"": 0.27, ""target_lidar_m"": null, ""target_lidar_deg"": null, ""camera_range_m"
2026-07-16T22:58:55.437,1449.438,mission_20260716_223446_manual,MANUAL,,0,13.330229759216309,100.99790954589844,150.6268447852082,4,True,0.6792500019073486,1,0,0,1,0,0.0,0.0,0.0,0,0,nan,nan,nan,,nan,nan,nan,2,29,-,READY owner=Surnn refs=24,"{""cmd"": ""STOP"", ""status"": ""READY"", ""detector"": ""yolo"", ""state"": ""IDLE"", ""owner"": ""Surnn"", ""score"": null, ""match_max"": 0.5, ""refs"": 24, ""match_mode"": ""none"", ""steer_zones"": 41, ""people"": 0, ""track_id"": null, ""target_ex"": 0.0, ""target_cx_vel_px_s"": 0.0, ""target_age_s"": null, ""lidar_min_m"": 0.29, ""target_lidar_m"": null, ""target_lidar_deg"": null, ""camera_range_m"
2026-07-16T22:58:57.449,1451.449,mission_20260716_223446_manual,MANUAL,,0,13.330230712890625,100.99790954589844,150.62495965299726,4,True,0.6772500276565552,1,0,0,1,0,0.0,0.0,0.0,0,0,nan,nan,nan,,nan,nan,nan,2,30,-,READY owner=Surnn refs=24,"{""cmd"": ""STOP"", ""status"": ""READY"", ""detector"": ""yolo"", ""state"": ""IDLE"", ""owner"": ""Surnn"", ""score"": null, ""match_max"": 0.5, ""refs"": 24, ""match_mode"": ""none"", ""steer_zones"": 41, ""people"": 0, ""track_id"": null, ""target_ex"": 0.0, ""target_cx_vel_px_s"": 0.0, ""target_age_s"": null, ""lidar_min_m"": 0.28, ""target_lidar_m"": null, ""target_lidar_deg"": null, ""camera_range_m"
2026-07-16T22:58:59.558,1453.558,mission_20260716_223446_manual,MANUAL,,0,13.330231666564941,100.99790954589844,150.6208068979819,4,True,0.6797500252723694,1,0,0,1,0,0.0,0.0,0.0,0,0,nan,nan,nan,,nan,nan,nan,2,30,-,READY owner=Surnn refs=24,"{""cmd"": ""STOP"", ""status"": ""READY"", ""detector"": ""yolo"", ""state"": ""IDLE"", ""owner"": ""Surnn"", ""score"": null, ""match_max"": 0.5, ""refs"": 24, ""match_mode"": ""none"", ""steer_zones"": 41, ""people"": 0, ""track_id"": null, ""target_ex"": 0.0, ""target_cx_vel_px_s"": 0.0, ""target_age_s"": null, ""lidar_min_m"": 0.29, ""target_lidar_m"": null, ""target_lidar_deg"": null, ""camera_range_m"
2026-07-16T22:59:01.562,1455.563,mission_20260716_223446_manual,MANUAL,,0,13.330231666564941,100.99790954589844,150.61728252037017,4,True,0.6775000095367432,1,0,0,1,0,0.0,0.0,0.0,0,0,nan,nan,nan,,nan,nan,nan,2,30,-,READY owner=Surnn refs=24,"{""cmd"": ""STOP"", ""status"": ""READY"", ""detector"": ""yolo"", ""state"": ""IDLE"", ""owner"": ""Surnn"", ""score"": null, ""match_max"": 0.5, ""refs"": 24, ""match_mode"": ""none"", ""steer_zones"": 41, ""people"": 0, ""track_id"": null, ""target_ex"": 0.0, ""target_cx_vel_px_s"": 0.0, ""target_age_s"": null, ""lidar_min_m"": 0.28, ""target_lidar_m"": null, ""target_lidar_deg"": null, ""camera_range_m"
2026-07-16T22:59:03.679,1457.68,mission_20260716_223446_manual,MANUAL,,0,13.330230712890625,100.99790954589844,150.6168453882633,4,True,0.6787499785423279,1,0,0,1,0,0.0,0.0,0.0,0,0,nan,nan,nan,,nan,nan,nan,2,30,-,READY owner=Surnn refs=24,"{""cmd"": ""STOP"", ""status"": ""READY"", ""detector"": ""yolo"", ""state"": ""IDLE"", ""owner"": ""Surnn"", ""score"": null, ""match_max"": 0.5, ""refs"": 24, ""match_mode"": ""none"", ""steer_zones"": 41, ""people"": 0, ""track_id"": null, ""target_ex"": 0.0, ""target_cx_vel_px_s"": 0.0, ""target_age_s"": null, ""lidar_min_m"": 0.29, ""target_lidar_m"": null, ""target_lidar_deg"": null, ""camera_range_m"
2026-07-16T22:59:05.686,1459.687,mission_20260716_223446_manual,MANUAL,,0,13.330230712890625,100.99790954589844,150.62261006792278,4,True,0.6790000200271606,1,0,0,1,0,0.0,0.0,0.0,0,0,nan,nan,nan,,nan,nan,nan,2,30,-,READY owner=Surnn refs=24,"{""cmd"": ""STOP"", ""status"": ""READY"", ""detector"": ""yolo"", ""state"": ""IDLE"", ""owner"": ""Surnn"", ""score"": null, ""match_max"": 0.5, ""refs"": 24, ""match_mode"": ""none"", ""steer_zones"": 41, ""people"": 0, ""track_id"": null, ""target_ex"": 0.0, ""target_cx_vel_px_s"": 0.0, ""target_age_s"": null, ""lidar_min_m"": 0.28, ""target_lidar_m"": null, ""target_lidar_deg"": null, ""camera_range_m"
2026-07-16T22:59:07.688,1461.689,mission_20260716_223446_manual,MANUAL,,0,13.330229759216309,100.99790954589844,150.61744644491026,4,True,0.6784999966621399,1,0,0,1,0,0.0,0.0,0.0,0,0,nan,nan,nan,,nan,nan,nan,2,30,-,READY owner=Surnn refs=24,"{""cmd"": ""STOP"", ""status"": ""READY"", ""detector"": ""yolo"", ""state"": ""IDLE"", ""owner"": ""Surnn"", ""score"": null, ""match_max"": 0.5, ""refs"": 24, ""match_mode"": ""none"", ""steer_zones"": 41, ""people"": 0, ""track_id"": null, ""target_ex"": 0.0, ""target_cx_vel_px_s"": 0.0, ""target_age_s"": null, ""lidar_min_m"": 0.28, ""target_lidar_m"": null, ""target_lidar_deg"": null, ""camera_range_m"
2026-07-16T22:59:09.693,1463.693,mission_20260716_223446_manual,MANUAL,,0,13.330230712890625,100.99790954589844,150.614222595622,4,True,0.6787499785423279,1,0,0,1,0,0.0,0.0,0.0,0,0,nan,nan,nan,,nan,nan,nan,2,29,-,READY owner=Surnn refs=24,"{""cmd"": ""STOP"", ""status"": ""READY"", ""detector"": ""yolo"", ""state"": ""IDLE"", ""owner"": ""Surnn"", ""score"": null, ""match_max"": 0.5, ""refs"": 24, ""match_mode"": ""none"", ""steer_zones"": 41, ""people"": 0, ""track_id"": null, ""target_ex"": 0.0, ""target_cx_vel_px_s"": 0.0, ""target_age_s"": null, ""lidar_min_m"": 0.27, ""target_lidar_m"": null, ""target_lidar_deg"": null, ""camera_range_m"
2026-07-16T22:59:11.703,1465.703,mission_20260716_223446_manual,MANUAL,,0,13.330230712890625,100.99790954589844,150.61405867108192,4,True,0.6802499890327454,1,0,0,1,0,0.0,0.0,0.0,0,0,nan,nan,nan,,nan,nan,nan,2,28,-,READY owner=Surnn refs=24,"{""cmd"": ""STOP"", ""status"": ""READY"", ""detector"": ""yolo"", ""state"": ""IDLE"", ""owner"": ""Surnn"", ""score"": null, ""match_max"": 0.5, ""refs"": 24, ""match_mode"": ""none"", ""steer_zones"": 41, ""people"": 0, ""track_id"": null, ""target_ex"": 0.0, ""target_cx_vel_px_s"": 0.0, ""target_age_s"": null, ""lidar_min_m"": 0.28, ""target_lidar_m"": null, ""target_lidar_deg"": null, ""camera_range_m"
2026-07-16T22:59:13.816,1467.816,mission_20260716_223446_manual,MANUAL,,0,13.330231666564941,100.99790954589844,150.60920923677122,4,True,0.6792500019073486,1,0,0,1,0,0.0,0.0,0.0,0,0,nan,nan,nan,,nan,nan,nan,2,29,-,READY owner=Surnn refs=24,"{""cmd"": ""STOP"", ""status"": ""READY"", ""detector"": ""yolo"", ""state"": ""IDLE"", ""owner"": ""Surnn"", ""score"": null, ""match_max"": 0.5, ""refs"": 24, ""match_mode"": ""none"", ""steer_zones"": 41, ""people"": 0, ""track_id"": null, ""target_ex"": 0.0, ""target_cx_vel_px_s"": 0.0, ""target_age_s"": null, ""lidar_min_m"": 0.28, ""target_lidar_m"": null, ""target_lidar_deg"": null, ""camera_range_m"
2026-07-16T22:59:15.817,1469.818,mission_20260716_223446_manual,MANUAL,,0,13.330231666564941,100.99790954589844,150.61291119930138,4,True,0.6792500019073486,1,0,0,1,0,0.0,0.0,0.0,0,0,nan,nan,nan,,nan,nan,nan,2,30,-,READY owner=Surnn refs=24,"{""cmd"": ""STOP"", ""status"": ""READY"", ""detector"": ""yolo"", ""state"": ""IDLE"", ""owner"": ""Surnn"", ""score"": null, ""match_max"": 0.5, ""refs"": 24, ""match_mode"": ""none"", ""steer_zones"": 41, ""people"": 0, ""track_id"": null, ""target_ex"": 0.0, ""target_cx_vel_px_s"": 0.0, ""target_age_s"": null, ""lidar_min_m"": 0.27, ""target_lidar_m"": null, ""target_lidar_deg"": null, ""camera_range_m"
2026-07-16T22:59:17.888,1471.889,mission_20260716_223446_manual,MANUAL,,0,13.330232620239258,100.99790954589844,150.6361338424794,4,True,0.6812499761581421,1,0,0,1,0,0.0,0.0,0.0,0,0,nan,nan,nan,,nan,nan,nan,2,29,-,READY owner=Surnn refs=24,"{""cmd"": ""STOP"", ""status"": ""READY"", ""detector"": ""yolo"", ""state"": ""IDLE"", ""owner"": ""Surnn"", ""score"": null, ""match_max"": 0.5, ""refs"": 24, ""match_mode"": ""none"", ""steer_zones"": 41, ""people"": 0, ""track_id"": null, ""target_ex"": 0.0, ""target_cx_vel_px_s"": 0.0, ""target_age_s"": null, ""lidar_min_m"": 0.27, ""target_lidar_m"": null, ""target_lidar_deg"": null, ""camera_range_m"
2026-07-16T22:59:19.954,1473.955,mission_20260716_223446_manual,MANUAL,,0,13.330233573913574,100.99790954589844,150.64769052255508,4,True,0.6769999861717224,1,0,0,1,0,0.0,0.0,0.0,0,0,nan,nan,nan,,nan,nan,nan,2,28,-,READY owner=Surnn refs=24,"{""cmd"": ""STOP"", ""status"": ""READY"", ""detector"": ""yolo"", ""state"": ""IDLE"", ""owner"": ""Surnn"", ""score"": null, ""match_max"": 0.5, ""refs"": 24, ""match_mode"": ""none"", ""steer_zones"": 41, ""people"": 0, ""track_id"": null, ""target_ex"": 0.0, ""target_cx_vel_px_s"": 0.0, ""target_age_s"": null, ""lidar_min_m"": 0.27, ""target_lidar_m"": null, ""target_lidar_deg"": null, ""camera_range_m"
2026-07-16T22:59:21.975,1475.976,mission_20260716_223446_manual,MANUAL,,0,13.33023452758789,100.99790954589844,150.65722546663642,4,True,0.6800000071525574,1,0,0,1,0,0.0,0.0,0.0,0,0,nan,nan,nan,,nan,nan,nan,2,28,-,READY owner=Surnn refs=24,"{""cmd"": ""STOP"", ""status"": ""READY"", ""detector"": ""yolo"", ""state"": ""IDLE"", ""owner"": ""Surnn"", ""score"": null, ""match_max"": 0.5, ""refs"": 24, ""match_mode"": ""none"", ""steer_zones"": 41, ""people"": 0, ""track_id"": null, ""target_ex"": 0.0, ""target_cx_vel_px_s"": 0.0, ""target_age_s"": null, ""lidar_min_m"": 0.27, ""target_lidar_m"": null, ""target_lidar_deg"": null, ""camera_range_m"
2026-07-16T22:59:23.988,1477.988,mission_20260716_223446_manual,MANUAL,,0,13.33023738861084,100.99790954589844,150.6545616928601,4,True,0.6807500123977661,1,0,0,1,0,0.0,0.0,0.0,0,0,nan,nan,nan,,nan,nan,nan,2,28,-,READY owner=Surnn refs=24,"{""cmd"": ""STOP"", ""status"": ""READY"", ""detector"": ""yolo"", ""state"": ""IDLE"", ""owner"": ""Surnn"", ""score"": null, ""match_max"": 0.5, ""refs"": 24, ""match_mode"": ""none"", ""steer_zones"": 41, ""people"": 0, ""track_id"": null, ""target_ex"": 0.0, ""target_cx_vel_px_s"": 0.0, ""target_age_s"": null, ""lidar_min_m"": 0.28, ""target_lidar_m"": null, ""target_lidar_deg"": null, ""camera_range_m"
2026-07-16T22:59:25.997,1479.998,mission_20260716_223446_manual,MANUAL,,0,13.330240249633789,100.99790954589844,150.64420712607838,4,True,0.6772500276565552,1,0,0,1,0,0.0,0.0,0.0,0,0,nan,nan,nan,,nan,nan,nan,2,28,-,READY owner=Surnn refs=24,"{""cmd"": ""STOP"", ""status"": ""READY"", ""detector"": ""yolo"", ""state"": ""IDLE"", ""owner"": ""Surnn"", ""score"": null, ""match_max"": 0.5, ""refs"": 24, ""match_mode"": ""none"", ""steer_zones"": 41, ""people"": 0, ""track_id"": null, ""target_ex"": 0.0, ""target_cx_vel_px_s"": 0.0, ""target_age_s"": null, ""lidar_min_m"": 0.29, ""target_lidar_m"": null, ""target_lidar_deg"": null, ""camera_range_m"
2026-07-16T22:59:28.006,1482.006,mission_20260716_223446_manual,MANUAL,,0,13.330242156982422,100.99790954589844,150.63531421977902,4,True,0.6777499914169312,1,0,0,1,0,0.0,0.0,0.0,0,0,nan,nan,nan,,nan,nan,nan,2,29,-,READY owner=Surnn refs=24,"{""cmd"": ""STOP"", ""status"": ""READY"", ""detector"": ""yolo"", ""state"": ""IDLE"", ""owner"": ""Surnn"", ""score"": null, ""match_max"": 0.5, ""refs"": 24, ""match_mode"": ""none"", ""steer_zones"": 41, ""people"": 0, ""track_id"": null, ""target_ex"": 0.0, ""target_cx_vel_px_s"": 0.0, ""target_age_s"": null, ""lidar_min_m"": 0.27, ""target_lidar_m"": null, ""target_lidar_deg"": null, ""camera_range_m"
2026-07-16T22:59:30.131,1484.132,mission_20260716_223446_manual,MANUAL,,0,13.330245018005371,100.99791717529297,150.63148931384382,4,True,0.6784999966621399,1,0,0,1,0,0.0,0.0,0.0,0,0,nan,nan,nan,,nan,nan,nan,2,29,-,READY owner=Surnn refs=24,"{""cmd"": ""STOP"", ""status"": ""READY"", ""detector"": ""yolo"", ""state"": ""IDLE"", ""owner"": ""Surnn"", ""score"": null, ""match_max"": 0.5, ""refs"": 24, ""match_mode"": ""none"", ""steer_zones"": 41, ""people"": 0, ""track_id"": null, ""target_ex"": 0.0, ""target_cx_vel_px_s"": 0.0, ""target_age_s"": null, ""lidar_min_m"": 0.27, ""target_lidar_m"": null, ""target_lidar_deg"": null, ""camera_range_m"
2026-07-16T22:59:32.255,1486.255,mission_20260716_223446_manual,MANUAL,,0,13.330246925354004,100.99791717529297,150.63371595551322,4,True,0.6787499785423279,1,0,0,1,0,0.0,0.0,0.0,0,0,nan,nan,nan,,nan,nan,nan,2,28,-,READY owner=Surnn refs=24,"{""cmd"": ""STOP"", ""status"": ""READY"", ""detector"": ""yolo"", ""state"": ""IDLE"", ""owner"": ""Surnn"", ""score"": null, ""match_max"": 0.5, ""refs"": 24, ""match_mode"": ""none"", ""steer_zones"": 41, ""people"": 0, ""track_id"": null, ""target_ex"": 0.0, ""target_cx_vel_px_s"": 0.0, ""target_age_s"": null, ""lidar_min_m"": 0.27, ""target_lidar_m"": null, ""target_lidar_deg"": null, ""camera_range_m"
2026-07-16T22:59:34.256,1488.256,mission_20260716_223446_manual,MANUAL,,0,13.330248832702637,100.99791717529297,150.6416526353288,4,True,0.6797500252723694,1,0,0,1,0,0.0,0.0,0.0,0,0,nan,nan,nan,,nan,nan,nan,2,27,-,READY owner=Surnn refs=24,"{""cmd"": ""STOP"", ""status"": ""READY"", ""detector"": ""yolo"", ""state"": ""IDLE"", ""owner"": ""Surnn"", ""score"": null, ""match_max"": 0.5, ""refs"": 24, ""match_mode"": ""none"", ""steer_zones"": 41, ""people"": 0, ""track_id"": null, ""target_ex"": 0.0, ""target_cx_vel_px_s"": 0.0, ""target_age_s"": null, ""lidar_min_m"": 0.28, ""target_lidar_m"": null, ""target_lidar_deg"": null, ""camera_range_m"
2026-07-16T22:59:36.342,1490.342,mission_20260716_223446_manual,MANUAL,,0,13.330251693725586,100.99791717529297,150.65917890073905,4,True,0.6815000176429749,1,0,0,1,0,0.0,0.0,0.0,0,0,nan,nan,nan,,nan,nan,nan,2,28,-,READY owner=Surnn refs=24,"{""cmd"": ""STOP"", ""status"": ""READY"", ""detector"": ""yolo"", ""state"": ""IDLE"", ""owner"": ""Surnn"", ""score"": null, ""match_max"": 0.5, ""refs"": 24, ""match_mode"": ""none"", ""steer_zones"": 41, ""people"": 0, ""track_id"": null, ""target_ex"": 0.0, ""target_cx_vel_px_s"": 0.0, ""target_age_s"": null, ""lidar_min_m"": 0.28, ""target_lidar_m"": null, ""target_lidar_deg"": null, ""camera_range_m"
2026-07-16T22:59:38.443,1492.443,mission_20260716_223446_manual,MANUAL,,0,13.330253601074219,100.99791717529297,150.66594078801734,4,True,0.6787499785423279,1,0,0,1,0,0.0,0.0,0.0,0,0,nan,nan,nan,,nan,nan,nan,2,29,-,READY owner=Surnn refs=24,"{""cmd"": ""STOP"", ""status"": ""READY"", ""detector"": ""yolo"", ""state"": ""IDLE"", ""owner"": ""Surnn"", ""score"": null, ""match_max"": 0.5, ""refs"": 24, ""match_mode"": ""none"", ""steer_zones"": 41, ""people"": 0, ""track_id"": null, ""target_ex"": 0.0, ""target_cx_vel_px_s"": 0.0, ""target_age_s"": null, ""lidar_min_m"": 0.28, ""target_lidar_m"": null, ""target_lidar_deg"": null, ""camera_range_m"
2026-07-16T22:59:40.449,1494.45,mission_20260716_223446_manual,MANUAL,,0,13.330256462097168,100.99791717529297,150.65736207041982,4,True,0.6782500147819519,1,0,0,1,0,0.0,0.0,0.0,0,0,nan,nan,nan,,nan,nan,nan,2,29,-,READY owner=Surnn refs=24,"{""cmd"": ""STOP"", ""status"": ""READY"", ""detector"": ""yolo"", ""state"": ""IDLE"", ""owner"": ""Surnn"", ""score"": null, ""match_max"": 0.5, ""refs"": 24, ""match_mode"": ""none"", ""steer_zones"": 41, ""people"": 0, ""track_id"": null, ""target_ex"": 0.0, ""target_cx_vel_px_s"": 0.0, ""target_age_s"": null, ""lidar_min_m"": 0.28, ""target_lidar_m"": null, ""target_lidar_deg"": null, ""camera_range_m"
2026-07-16T22:59:42.467,1496.467,mission_20260716_223446_manual,MANUAL,,0,13.3302583694458,100.99791717529297,150.65497150421032,4,True,0.6819999814033508,1,0,0,1,0,0.0,0.0,0.0,0,0,nan,nan,nan,,nan,nan,nan,2,28,-,READY owner=Surnn refs=24,"{""cmd"": ""STOP"", ""status"": ""READY"", ""detector"": ""yolo"", ""state"": ""IDLE"", ""owner"": ""Surnn"", ""score"": null, ""match_max"": 0.5, ""refs"": 24, ""match_mode"": ""none"", ""steer_zones"": 41, ""people"": 0, ""track_id"": null, ""target_ex"": 0.0, ""target_cx_vel_px_s"": 0.0, ""target_age_s"": null, ""lidar_min_m"": 0.29, ""target_lidar_m"": null, ""target_lidar_deg"": null, ""camera_range_m"
2026-07-16T22:59:44.467,1498.468,mission_20260716_223446_manual,MANUAL,,0,13.33026123046875,100.99791717529297,150.64006803144133,4,True,0.6794999837875366,1,0,0,1,0,0.0,0.0,0.0,0,0,nan,nan,nan,,nan,nan,nan,2,29,-,READY owner=Surnn refs=24,"{""cmd"": ""STOP"", ""status"": ""READY"", ""detector"": ""yolo"", ""state"": ""IDLE"", ""owner"": ""Surnn"", ""score"": null, ""match_max"": 0.5, ""refs"": 24, ""match_mode"": ""none"", ""steer_zones"": 41, ""people"": 0, ""track_id"": null, ""target_ex"": 0.0, ""target_cx_vel_px_s"": 0.0, ""target_age_s"": null, ""lidar_min_m"": 0.28, ""target_lidar_m"": null, ""target_lidar_deg"": null, ""camera_range_m"
2026-07-16T22:59:46.480,1500.48,mission_20260716_223446_manual,MANUAL,,0,13.3302640914917,100.99791717529297,150.6307379930351,4,True,0.6784999966621399,1,0,0,1,0,0.0,0.0,0.0,0,0,nan,nan,nan,,nan,nan,nan,2,30,-,READY owner=Surnn refs=24,"{""cmd"": ""STOP"", ""status"": ""READY"", ""detector"": ""yolo"", ""state"": ""IDLE"", ""owner"": ""Surnn"", ""score"": null, ""match_max"": 0.5, ""refs"": 24, ""match_mode"": ""none"", ""steer_zones"": 41, ""people"": 0, ""track_id"": null, ""target_ex"": 0.0, ""target_cx_vel_px_s"": 0.0, ""target_age_s"": null, ""lidar_min_m"": 0.27, ""target_lidar_m"": null, ""target_lidar_deg"": null, ""camera_range_m"
2026-07-16T22:59:48.587,1502.587,mission_20260716_223446_manual,MANUAL,,0,13.330265998840332,100.99791717529297,150.6354781443191,4,True,0.6787499785423279,1,0,0,1,0,0.0,0.0,0.0,0,0,nan,nan,nan,,nan,nan,nan,2,31,-,READY owner=Surnn refs=24,"{""cmd"": ""STOP"", ""status"": ""READY"", ""detector"": ""yolo"", ""state"": ""IDLE"", ""owner"": ""Surnn"", ""score"": null, ""match_max"": 0.5, ""refs"": 24, ""match_mode"": ""none"", ""steer_zones"": 41, ""people"": 0, ""track_id"": null, ""target_ex"": 0.0, ""target_cx_vel_px_s"": 0.0, ""target_age_s"": null, ""lidar_min_m"": 0.27, ""target_lidar_m"": null, ""target_lidar_deg"": null, ""camera_range_m"
2026-07-16T22:59:50.588,1504.589,mission_20260716_223446_manual,MANUAL,,0,13.330266952514648,100.99791717529297,150.64316893732453,4,True,0.6782500147819519,1,0,0,1,0,0.0,0.0,0.0,0,0,nan,nan,nan,,nan,nan,nan,2,31,-,READY owner=Surnn refs=24,"{""cmd"": ""STOP"", ""status"": ""READY"", ""detector"": ""yolo"", ""state"": ""IDLE"", ""owner"": ""Surnn"", ""score"": null, ""match_max"": 0.5, ""refs"": 24, ""match_mode"": ""none"", ""steer_zones"": 41, ""people"": 0, ""track_id"": null, ""target_ex"": 0.0, ""target_cx_vel_px_s"": 0.0, ""target_age_s"": null, ""lidar_min_m"": 0.26, ""target_lidar_m"": null, ""target_lidar_deg"": null, ""camera_range_m"
2026-07-16T22:59:52.604,1506.604,mission_20260716_223446_manual,MANUAL,,0,13.330268859863281,100.99791717529297,150.63454923859197,4,True,0.6809999942779541,1,0,0,1,0,0.0,0.0,0.0,0,0,nan,nan,nan,,nan,nan,nan,2,31,-,READY owner=Surnn refs=24,"{""cmd"": ""STOP"", ""status"": ""READY"", ""detector"": ""yolo"", ""state"": ""IDLE"", ""owner"": ""Surnn"", ""score"": null, ""match_max"": 0.5, ""refs"": 24, ""match_mode"": ""none"", ""steer_zones"": 41, ""people"": 0, ""track_id"": null, ""target_ex"": 0.0, ""target_cx_vel_px_s"": 0.0, ""target_age_s"": null, ""lidar_min_m"": 0.27, ""target_lidar_m"": null, ""target_lidar_deg"": null, ""camera_range_m"
2026-07-16T22:59:54.621,1508.621,mission_20260716_223446_manual,MANUAL,,0,13.330270767211914,100.99790954589844,150.63041014395495,4,True,0.6790000200271606,1,0,0,1,0,0.0,0.0,0.0,0,0,nan,nan,nan,,nan,nan,nan,2,31,-,READY owner=Surnn refs=24,"{""cmd"": ""STOP"", ""status"": ""READY"", ""detector"": ""yolo"", ""state"": ""IDLE"", ""owner"": ""Surnn"", ""score"": null, ""match_max"": 0.5, ""refs"": 24, ""match_mode"": ""none"", ""steer_zones"": 41, ""people"": 0, ""track_id"": null, ""target_ex"": 0.0, ""target_cx_vel_px_s"": 0.0, ""target_age_s"": null, ""lidar_min_m"": 0.29, ""target_lidar_m"": null, ""target_lidar_deg"": null, ""camera_range_m"
2026-07-16T22:59:56.631,1510.632,mission_20260716_223446_manual,MANUAL,,0,13.330272674560547,100.99790954589844,150.62557437002258,4,True,0.6794999837875366,1,0,0,1,0,0.0,0.0,0.0,0,0,nan,nan,nan,88,26.299999237060547,0.0,29.0,0,31,-,READY owner=Surnn refs=24,"{""cmd"": ""STOP"", ""status"": ""READY"", ""detector"": ""yolo"", ""state"": ""IDLE"", ""owner"": ""Surnn"", ""score"": null, ""match_max"": 0.5, ""refs"": 24, ""match_mode"": ""none"", ""steer_zones"": 41, ""people"": 0, ""track_id"": null, ""target_ex"": 0.0, ""target_cx_vel_px_s"": 0.0, ""target_age_s"": null, ""lidar_min_m"": 0.27, ""target_lidar_m"": null, ""target_lidar_deg"": null, ""camera_range_m"
2026-07-16T22:59:58.636,1512.636,mission_20260716_223446_manual,MANUAL,,0,13.330273628234863,100.99790954589844,150.62837474758228,4,True,0.6787499785423279,1,0,0,1,0,0.0,0.0,0.0,0,0,nan,nan,nan,88,26.299999237060547,0.0,29.0,0,31,-,READY owner=Surnn refs=24,"{""cmd"": ""STOP"", ""status"": ""READY"", ""detector"": ""yolo"", ""state"": ""IDLE"", ""owner"": ""Surnn"", ""score"": null, ""match_max"": 0.5, ""refs"": 24, ""match_mode"": ""none"", ""steer_zones"": 41, ""people"": 0, ""track_id"": null, ""target_ex"": 0.0, ""target_cx_vel_px_s"": 0.0, ""target_age_s"": null, ""lidar_min_m"": 0.27, ""target_lidar_m"": null, ""target_lidar_deg"": null, ""camera_range_m"
2026-07-16T23:00:00.756,1514.757,mission_20260716_223446_manual,MANUAL,,0,13.330273628234863,100.99790954589844,150.63454923859197,4,True,0.6800000071525574,1,0,0,1,0,0.0,0.0,0.0,0,0,nan,nan,nan,88,26.299999237060547,0.0,29.0,0,31,-,READY owner=Surnn refs=24,"{""cmd"": ""STOP"", ""status"": ""READY"", ""detector"": ""yolo"", ""state"": ""IDLE"", ""owner"": ""Surnn"", ""score"": null, ""match_max"": 0.5, ""refs"": 24, ""match_mode"": ""none"", ""steer_zones"": 41, ""people"": 0, ""track_id"": null, ""target_ex"": 0.0, ""target_cx_vel_px_s"": 0.0, ""target_age_s"": null, ""lidar_min_m"": 0.29, ""target_lidar_m"": null, ""target_lidar_deg"": null, ""camera_range_m"
2026-07-16T23:00:02.767,1516.767,mission_20260716_223446_manual,MANUAL,,0,13.330273628234863,100.99790954589844,150.6567473533945,4,True,0.6792500019073486,1,0,0,1,0,0.0,0.0,0.0,0,0,nan,nan,nan,88,26.299999237060547,0.0,29.0,0,31,-,READY owner=Surnn refs=24,"{""cmd"": ""STOP"", ""status"": ""READY"", ""detector"": ""yolo"", ""state"": ""IDLE"", ""owner"": ""Surnn"", ""score"": null, ""match_max"": 0.5, ""refs"": 24, ""match_mode"": ""none"", ""steer_zones"": 41, ""people"": 0, ""track_id"": null, ""target_ex"": 0.0, ""target_cx_vel_px_s"": 0.0, ""target_age_s"": null, ""lidar_min_m"": 0.27, ""target_lidar_m"": null, ""target_lidar_deg"": null, ""camera_range_m"
2026-07-16T23:00:04.770,1518.771,mission_20260716_223446_manual,MANUAL,,0,13.330273628234863,100.99790954589844,150.65085973032996,4,True,0.6779999732971191,1,0,0,1,0,0.0,0.0,0.0,0,0,nan,nan,nan,88,26.299999237060547,0.0,29.0,0,31,-,READY owner=Surnn refs=24,"{""cmd"": ""STOP"", ""status"": ""READY"", ""detector"": ""yolo"", ""state"": ""IDLE"", ""owner"": ""Surnn"", ""score"": null, ""match_max"": 0.5, ""refs"": 24, ""match_mode"": ""none"", ""steer_zones"": 41, ""people"": 0, ""track_id"": null, ""target_ex"": 0.0, ""target_cx_vel_px_s"": 0.0, ""target_age_s"": null, ""lidar_min_m"": 0.28, ""target_lidar_m"": null, ""target_lidar_deg"": null, ""camera_range_m"
2026-07-16T23:00:06.772,1520.772,mission_20260716_223446_manual,MANUAL,,0,13.330272674560547,100.99790954589844,150.6524443342174,4,True,0.6782500147819519,1,0,0,1,0,0.0,0.0,0.0,0,0,nan,nan,nan,88,26.299999237060547,0.0,29.0,0,31,-,READY owner=Surnn refs=24,"{""cmd"": ""STOP"", ""status"": ""READY"", ""detector"": ""yolo"", ""state"": ""IDLE"", ""owner"": ""Surnn"", ""score"": null, ""match_max"": 0.5, ""refs"": 24, ""match_mode"": ""none"", ""steer_zones"": 41, ""people"": 0, ""track_id"": null, ""target_ex"": 0.0, ""target_cx_vel_px_s"": 0.0, ""target_age_s"": null, ""lidar_min_m"": 0.27, ""target_lidar_m"": null, ""target_lidar_deg"": null, ""camera_range_m"
2026-07-16T23:00:08.772,1522.773,mission_20260716_223446_manual,MANUAL,,0,13.330270767211914,100.99790954589844,150.64995814535953,4,True,0.6797500252723694,1,0,0,1,0,0.0,0.0,0.0,0,0,nan,nan,nan,88,26.299999237060547,0.0,29.0,0,31,-,READY owner=Surnn refs=24,"{""cmd"": ""STOP"", ""status"": ""READY"", ""detector"": ""yolo"", ""state"": ""IDLE"", ""owner"": ""Surnn"", ""score"": null, ""match_max"": 0.5, ""refs"": 24, ""match_mode"": ""none"", ""steer_zones"": 41, ""people"": 0, ""track_id"": null, ""target_ex"": 0.0, ""target_cx_vel_px_s"": 0.0, ""target_age_s"": null, ""lidar_min_m"": 0.28, ""target_lidar_m"": null, ""target_lidar_deg"": null, ""camera_range_m"
2026-07-16T23:00:10.895,1524.895,mission_20260716_223446_manual,MANUAL,,0,13.330269813537598,100.99790954589844,150.64091497489844,4,True,0.6775000095367432,1,0,0,1,0,0.0,0.0,0.0,0,0,nan,nan,nan,88,26.299999237060547,0.0,29.0,0,31,-,READY owner=Surnn refs=24,"{""cmd"": ""STOP"", ""status"": ""READY"", ""detector"": ""yolo"", ""state"": ""IDLE"", ""owner"": ""Surnn"", ""score"": null, ""match_max"": 0.5, ""refs"": 24, ""match_mode"": ""none"", ""steer_zones"": 41, ""people"": 0, ""track_id"": null, ""target_ex"": 0.0, ""target_cx_vel_px_s"": 0.0, ""target_age_s"": null, ""lidar_min_m"": 0.28, ""target_lidar_m"": null, ""target_lidar_deg"": null, ""camera_range_m"
2026-07-16T23:00:13.025,1527.026,mission_20260716_223446_manual,MANUAL,,0,13.330266952514648,100.99790954589844,150.6417619183555,4,True,0.6792500019073486,1,0,0,1,0,0.0,0.0,0.0,0,0,nan,nan,nan,88,26.299999237060547,0.0,29.0,0,31,-,READY owner=Surnn refs=24,"{""cmd"": ""STOP"", ""status"": ""READY"", ""detector"": ""yolo"", ""state"": ""IDLE"", ""owner"": ""Surnn"", ""score"": null, ""match_max"": 0.5, ""refs"": 24, ""match_mode"": ""none"", ""steer_zones"": 41, ""people"": 0, ""track_id"": null, ""target_ex"": 0.0, ""target_cx_vel_px_s"": 0.0, ""target_age_s"": null, ""lidar_min_m"": 0.27, ""target_lidar_m"": null, ""target_lidar_deg"": null, ""camera_range_m"
2026-07-16T23:00:15.027,1529.027,mission_20260716_223446_manual,MANUAL,,0,13.330265998840332,100.9979019165039,150.63487708767212,4,True,0.6779999732971191,1,0,0,1,0,0.0,0.0,0.0,0,0,nan,nan,nan,88,26.299999237060547,0.0,29.0,0,31,-,READY owner=Surnn refs=24,"{""cmd"": ""STOP"", ""status"": ""READY"", ""detector"": ""yolo"", ""state"": ""IDLE"", ""owner"": ""Surnn"", ""score"": null, ""match_max"": 0.5, ""refs"": 24, ""match_mode"": ""none"", ""steer_zones"": 41, ""people"": 0, ""track_id"": null, ""target_ex"": 0.0, ""target_cx_vel_px_s"": 0.0, ""target_age_s"": null, ""lidar_min_m"": 0.27, ""target_lidar_m"": null, ""target_lidar_deg"": null, ""camera_range_m"
2026-07-16T23:00:17.030,1531.03,mission_20260716_223446_manual,MANUAL,,0,13.330265045166016,100.9979019165039,150.65241701346073,4,True,0.6775000095367432,1,0,0,1,0,0.0,0.0,0.0,0,0,nan,nan,nan,88,26.299999237060547,0.0,29.0,0,31,-,READY owner=Surnn refs=24,"{""cmd"": ""STOP"", ""status"": ""READY"", ""detector"": ""yolo"", ""state"": ""IDLE"", ""owner"": ""Surnn"", ""score"": null, ""match_max"": 0.5, ""refs"": 24, ""match_mode"": ""none"", ""steer_zones"": 41, ""people"": 0, ""track_id"": null, ""target_ex"": 0.0, ""target_cx_vel_px_s"": 0.0, ""target_age_s"": null, ""lidar_min_m"": 0.27, ""target_lidar_m"": null, ""target_lidar_deg"": null, ""camera_range_m"
2026-07-16T23:00:19.141,1533.142,mission_20260716_223446_manual,MANUAL,,0,13.3302640914917,100.9979019165039,150.6571161836097,4,True,0.6797500252723694,1,0,0,1,0,0.0,0.0,0.0,0,0,nan,nan,nan,88,26.299999237060547,0.0,29.0,0,31,-,READY owner=Surnn refs=24,"{""cmd"": ""STOP"", ""status"": ""READY"", ""detector"": ""yolo"", ""state"": ""IDLE"", ""owner"": ""Surnn"", ""score"": null, ""match_max"": 0.5, ""refs"": 24, ""match_mode"": ""none"", ""steer_zones"": 41, ""people"": 0, ""track_id"": null, ""target_ex"": 0.0, ""target_cx_vel_px_s"": 0.0, ""target_age_s"": null, ""lidar_min_m"": 0.27, ""target_lidar_m"": null, ""target_lidar_deg"": null, ""camera_range_m"
2026-07-16T23:00:21.154,1535.155,mission_20260716_223446_manual,MANUAL,,0,13.330262184143066,100.9979019165039,150.66320871234936,4,True,0.6782500147819519,1,0,0,1,0,0.0,0.0,0.0,0,0,nan,nan,nan,88,26.299999237060547,0.0,29.0,0,31,-,READY owner=Surnn refs=24,"{""cmd"": ""STOP"", ""status"": ""READY"", ""detector"": ""yolo"", ""state"": ""IDLE"", ""owner"": ""Surnn"", ""score"": null, ""match_max"": 0.5, ""refs"": 24, ""match_mode"": ""none"", ""steer_zones"": 41, ""people"": 0, ""track_id"": null, ""target_ex"": 0.0, ""target_cx_vel_px_s"": 0.0, ""target_age_s"": null, ""lidar_min_m"": 0.27, ""target_lidar_m"": null, ""target_lidar_deg"": null, ""camera_range_m"
2026-07-16T23:00:23.157,1537.158,mission_20260716_223446_manual,MANUAL,,0,13.330260276794434,100.9979019165039,150.65230773043402,4,True,0.6775000095367432,1,0,0,1,0,0.0,0.0,0.0,0,0,nan,nan,nan,88,26.299999237060547,0.0,29.0,0,31,-,READY owner=Surnn refs=24,"{""cmd"": ""STOP"", ""status"": ""READY"", ""detector"": ""yolo"", ""state"": ""IDLE"", ""owner"": ""Surnn"", ""score"": null, ""match_max"": 0.5, ""refs"": 24, ""match_mode"": ""none"", ""steer_zones"": 41, ""people"": 0, ""track_id"": null, ""target_ex"": 0.0, ""target_cx_vel_px_s"": 0.0, ""target_age_s"": null, ""lidar_min_m"": 0.27, ""target_lidar_m"": null, ""target_lidar_deg"": null, ""camera_range_m"
2026-07-16T23:00:25.163,1539.163,mission_20260716_223446_manual,MANUAL,,0,13.330259323120117,100.9979019165039,150.6526902210275,4,True,0.6790000200271606,1,0,0,1,0,0.0,0.0,0.0,0,0,nan,nan,nan,88,26.299999237060547,0.0,29.0,0,31,-,READY owner=Surnn refs=24,"{""cmd"": ""STOP"", ""status"": ""READY"", ""detector"": ""yolo"", ""state"": ""IDLE"", ""owner"": ""Surnn"", ""score"": null, ""match_max"": 0.5, ""refs"": 24, ""match_mode"": ""none"", ""steer_zones"": 41, ""people"": 0, ""track_id"": null, ""target_ex"": 0.0, ""target_cx_vel_px_s"": 0.0, ""target_age_s"": null, ""lidar_min_m"": 0.29, ""target_lidar_m"": null, ""target_lidar_deg"": null, ""camera_range_m"
2026-07-16T23:00:27.165,1541.165,mission_20260716_223446_manual,MANUAL,,0,13.3302583694458,100.9979019165039,150.64792274898684,4,True,0.6787499785423279,1,0,0,1,0,0.0,0.0,0.0,0,0,nan,nan,nan,88,26.299999237060547,0.0,29.0,0,31,-,READY owner=Surnn refs=24,"{""cmd"": ""STOP"", ""status"": ""READY"", ""detector"": ""yolo"", ""state"": ""IDLE"", ""owner"": ""Surnn"", ""score"": null, ""match_max"": 0.5, ""refs"": 24, ""match_mode"": ""none"", ""steer_zones"": 41, ""people"": 0, ""track_id"": null, ""target_ex"": 0.0, ""target_cx_vel_px_s"": 0.0, ""target_age_s"": null, ""lidar_min_m"": 0.29, ""target_lidar_m"": null, ""target_lidar_deg"": null, ""camera_range_m"
2026-07-16T23:00:29.285,1543.286,mission_20260716_223446_manual,MANUAL,,0,13.330257415771484,100.9979019165039,150.64113354095187,4,True,0.6782500147819519,1,0,0,1,0,0.0,0.0,0.0,0,0,nan,nan,nan,88,26.299999237060547,0.0,29.0,0,31,-,READY owner=Surnn refs=24,"{""cmd"": ""STOP"", ""status"": ""READY"", ""detector"": ""yolo"", ""state"": ""IDLE"", ""owner"": ""Surnn"", ""score"": null, ""match_max"": 0.5, ""refs"": 24, ""match_mode"": ""none"", ""steer_zones"": 41, ""people"": 0, ""track_id"": null, ""target_ex"": 0.0, ""target_cx_vel_px_s"": 0.0, ""target_age_s"": null, ""lidar_min_m"": 0.28, ""target_lidar_m"": null, ""target_lidar_deg"": null, ""camera_range_m"
2026-07-16T23:00:31.415,1545.415,mission_20260716_223446_manual,MANUAL,,0,13.330256462097168,100.9979019165039,150.6398904465229,4,True,0.6792500019073486,1,0,0,1,0,0.0,0.0,0.0,0,0,nan,nan,nan,88,26.299999237060547,0.0,29.0,0,31,-,READY owner=Surnn refs=24,"{""cmd"": ""STOP"", ""status"": ""READY"", ""detector"": ""yolo"", ""state"": ""IDLE"", ""owner"": ""Surnn"", ""score"": null, ""match_max"": 0.5, ""refs"": 24, ""match_mode"": ""none"", ""steer_zones"": 41, ""people"": 0, ""track_id"": null, ""target_ex"": 0.0, ""target_cx_vel_px_s"": 0.0, ""target_age_s"": null, ""lidar_min_m"": 0.28, ""target_lidar_m"": null, ""target_lidar_deg"": null, ""camera_range_m"
2026-07-16T23:00:33.547,1547.547,mission_20260716_223446_manual,MANUAL,,0,13.330255508422852,100.9979019165039,150.63075165341345,4,True,0.6807500123977661,1,0,0,1,0,0.0,0.0,0.0,0,0,nan,nan,nan,88,26.299999237060547,0.0,29.0,0,30,-,READY owner=Surnn refs=24,"{""cmd"": ""STOP"", ""status"": ""READY"", ""detector"": ""yolo"", ""state"": ""IDLE"", ""owner"": ""Surnn"", ""score"": null, ""match_max"": 0.5, ""refs"": 24, ""match_mode"": ""none"", ""steer_zones"": 41, ""people"": 0, ""track_id"": null, ""target_ex"": 0.0, ""target_cx_vel_px_s"": 0.0, ""target_age_s"": null, ""lidar_min_m"": 0.27, ""target_lidar_m"": null, ""target_lidar_deg"": null, ""camera_range_m"
2026-07-16T23:00:35.557,1549.557,mission_20260716_223446_manual,MANUAL,,0,13.330254554748535,100.9979019165039,150.63069701190008,4,True,0.6772500276565552,1,0,0,1,0,0.0,0.0,0.0,0,0,nan,nan,nan,88,26.299999237060547,0.0,29.0,0,29,-,READY owner=Surnn refs=24,"{""cmd"": ""STOP"", ""status"": ""READY"", ""detector"": ""yolo"", ""state"": ""IDLE"", ""owner"": ""Surnn"", ""score"": null, ""match_max"": 0.5, ""refs"": 24, ""match_mode"": ""none"", ""steer_zones"": 41, ""people"": 0, ""track_id"": null, ""target_ex"": 0.0, ""target_cx_vel_px_s"": 0.0, ""target_age_s"": null, ""lidar_min_m"": 0.28, ""target_lidar_m"": null, ""target_lidar_deg"": null, ""camera_range_m"
2026-07-16T23:00:37.678,1551.679,mission_20260716_223446_manual,MANUAL,,0,13.330252647399902,100.9979019165039,150.6310795024936,4,True,0.6782500147819519,1,0,0,1,0,0.0,0.0,0.0,0,0,nan,nan,nan,88,26.299999237060547,0.0,29.0,0,28,-,READY owner=Surnn refs=24,"{""cmd"": ""STOP"", ""status"": ""READY"", ""detector"": ""yolo"", ""state"": ""IDLE"", ""owner"": ""Surnn"", ""score"": null, ""match_max"": 0.5, ""refs"": 24, ""match_mode"": ""none"", ""steer_zones"": 41, ""people"": 0, ""track_id"": null, ""target_ex"": 0.0, ""target_cx_vel_px_s"": 0.0, ""target_age_s"": null, ""lidar_min_m"": 0.29, ""target_lidar_m"": null, ""target_lidar_deg"": null, ""camera_range_m"
2026-07-16T23:00:39.790,1553.791,mission_20260716_223446_manual,MANUAL,,0,13.330251693725586,100.9979019165039,150.63207671011241,4,True,0.6797500252723694,1,0,0,1,0,0.0,0.0,0.0,0,0,nan,nan,nan,88,26.299999237060547,0.0,29.0,0,28,-,READY owner=Surnn refs=24,"{""cmd"": ""STOP"", ""status"": ""READY"", ""detector"": ""yolo"", ""state"": ""IDLE"", ""owner"": ""Surnn"", ""score"": null, ""match_max"": 0.5, ""refs"": 24, ""match_mode"": ""none"", ""steer_zones"": 41, ""people"": 0, ""track_id"": null, ""target_ex"": 0.0, ""target_cx_vel_px_s"": 0.0, ""target_age_s"": null, ""lidar_min_m"": 0.27, ""target_lidar_m"": null, ""target_lidar_deg"": null, ""camera_range_m"
2026-07-16T23:00:41.795,1555.796,mission_20260716_223446_manual,MANUAL,,0,13.330251693725586,100.99790954589844,150.63092923833187,4,True,0.6765000224113464,1,0,0,1,0,0.0,0.0,0.0,0,0,nan,nan,nan,88,26.299999237060547,0.0,29.0,0,28,-,READY owner=Surnn refs=24,"{""cmd"": ""STOP"", ""status"": ""READY"", ""detector"": ""yolo"", ""state"": ""IDLE"", ""owner"": ""Surnn"", ""score"": null, ""match_max"": 0.5, ""refs"": 24, ""match_mode"": ""none"", ""steer_zones"": 41, ""people"": 0, ""track_id"": null, ""target_ex"": 0.0, ""target_cx_vel_px_s"": 0.0, ""target_age_s"": null, ""lidar_min_m"": 0.27, ""target_lidar_m"": null, ""target_lidar_deg"": null, ""camera_range_m"
2026-07-16T23:00:43.796,1557.797,mission_20260716_223446_manual,MANUAL,,0,13.330251693725586,100.99790954589844,150.61382644465016,4,True,0.6782500147819519,1,0,0,1,0,0.0,0.0,0.0,0,0,nan,nan,nan,88,26.299999237060547,0.0,29.0,0,30,-,READY owner=Surnn refs=24,"{""cmd"": ""STOP"", ""status"": ""READY"", ""detector"": ""yolo"", ""state"": ""IDLE"", ""owner"": ""Surnn"", ""score"": null, ""match_max"": 0.5, ""refs"": 24, ""match_mode"": ""none"", ""steer_zones"": 41, ""people"": 0, ""track_id"": null, ""target_ex"": 0.0, ""target_cx_vel_px_s"": 0.0, ""target_age_s"": null, ""lidar_min_m"": 0.28, ""target_lidar_m"": null, ""target_lidar_deg"": null, ""camera_range_m"
2026-07-16T23:00:45.908,1559.908,mission_20260716_223446_manual,MANUAL,,0,13.330252647399902,100.99790954589844,150.61762402982868,4,True,0.6784999966621399,1,0,0,1,0,0.0,0.0,0.0,0,0,nan,nan,nan,88,26.299999237060547,0.0,29.0,0,30,-,READY owner=Surnn refs=24,"{""cmd"": ""STOP"", ""status"": ""READY"", ""detector"": ""yolo"", ""state"": ""IDLE"", ""owner"": ""Surnn"", ""score"": null, ""match_max"": 0.5, ""refs"": 24, ""match_mode"": ""none"", ""steer_zones"": 41, ""people"": 0, ""track_id"": null, ""target_ex"": 0.0, ""target_cx_vel_px_s"": 0.0, ""target_age_s"": null, ""lidar_min_m"": 0.28, ""target_lidar_m"": null, ""target_lidar_deg"": null, ""camera_range_m"
2026-07-16T23:00:47.912,1561.912,mission_20260716_223446_manual,MANUAL,,0,13.330253601074219,100.99790954589844,150.61965942620134,4,True,0.6787499785423279,1,0,0,1,0,0.0,0.0,0.0,0,0,nan,nan,nan,88,26.299999237060547,0.0,29.0,0,30,-,READY owner=Surnn refs=24,"{""cmd"": ""STOP"", ""status"": ""READY"", ""detector"": ""yolo"", ""state"": ""IDLE"", ""owner"": ""Surnn"", ""score"": null, ""match_max"": 0.5, ""refs"": 24, ""match_mode"": ""none"", ""steer_zones"": 41, ""people"": 0, ""track_id"": null, ""target_ex"": 0.0, ""target_cx_vel_px_s"": 0.0, ""target_age_s"": null, ""lidar_min_m"": 0.28, ""target_lidar_m"": null, ""target_lidar_deg"": null, ""camera_range_m"
2026-07-16T23:00:50.031,1564.031,mission_20260716_223446_manual,MANUAL,,0,13.330253601074219,100.99790954589844,150.63937135214601,4,True,0.6794999837875366,1,0,0,1,0,0.0,0.0,0.0,0,0,nan,nan,nan,88,26.299999237060547,0.0,29.0,0,30,-,READY owner=Surnn refs=24,"{""cmd"": ""STOP"", ""status"": ""READY"", ""detector"": ""yolo"", ""state"": ""IDLE"", ""owner"": ""Surnn"", ""score"": null, ""match_max"": 0.5, ""refs"": 24, ""match_mode"": ""none"", ""steer_zones"": 41, ""people"": 0, ""track_id"": null, ""target_ex"": 0.0, ""target_cx_vel_px_s"": 0.0, ""target_age_s"": null, ""lidar_min_m"": 0.28, ""target_lidar_m"": null, ""target_lidar_deg"": null, ""camera_range_m"
2026-07-16T23:00:52.032,1566.032,mission_20260716_223446_manual,MANUAL,,0,13.330254554748535,100.99790954589844,150.65191157946214,4,True,0.6790000200271606,1,0,0,1,0,0.0,0.0,0.0,0,0,nan,nan,nan,88,26.299999237060547,0.0,29.0,0,30,-,READY owner=Surnn refs=24,"{""cmd"": ""STOP"", ""status"": ""READY"", ""detector"": ""yolo"", ""state"": ""IDLE"", ""owner"": ""Surnn"", ""score"": null, ""match_max"": 0.5, ""refs"": 24, ""match_mode"": ""none"", ""steer_zones"": 41, ""people"": 0, ""track_id"": null, ""target_ex"": 0.0, ""target_cx_vel_px_s"": 0.0, ""target_age_s"": null, ""lidar_min_m"": 0.27, ""target_lidar_m"": null, ""target_lidar_deg"": null, ""camera_range_m"
2026-07-16T23:00:54.037,1568.037,mission_20260716_223446_manual,MANUAL,,0,13.330254554748535,100.99790954589844,150.65994388192607,4,True,0.6802499890327454,1,0,0,1,0,0.0,0.0,0.0,0,0,nan,nan,nan,88,26.299999237060547,0.0,29.0,0,30,-,READY owner=Surnn refs=24,"{""cmd"": ""STOP"", ""status"": ""READY"", ""detector"": ""yolo"", ""state"": ""IDLE"", ""owner"": ""Surnn"", ""score"": null, ""match_max"": 0.5, ""refs"": 24, ""match_mode"": ""none"", ""steer_zones"": 41, ""people"": 0, ""track_id"": null, ""target_ex"": 0.0, ""target_cx_vel_px_s"": 0.0, ""target_age_s"": null, ""lidar_min_m"": 0.27, ""target_lidar_m"": null, ""target_lidar_deg"": null, ""camera_range_m"
2026-07-16T23:00:56.161,1570.161,mission_20260716_223446_manual,MANUAL,,0,13.330255508422852,100.99790954589844,150.6686455429287,4,True,0.6779999732971191,1,0,0,1,0,0.0,0.0,0.0,0,0,nan,nan,nan,88,26.299999237060547,0.0,29.0,0,29,-,READY owner=Surnn refs=24,"{""cmd"": ""STOP"", ""status"": ""READY"", ""detector"": ""yolo"", ""state"": ""IDLE"", ""owner"": ""Surnn"", ""score"": null, ""match_max"": 0.5, ""refs"": 24, ""match_mode"": ""none"", ""steer_zones"": 41, ""people"": 0, ""track_id"": null, ""target_ex"": 0.0, ""target_cx_vel_px_s"": 0.0, ""target_age_s"": null, ""lidar_min_m"": 0.28, ""target_lidar_m"": null, ""target_lidar_deg"": null, ""camera_range_m"
2026-07-16T23:00:58.275,1572.275,mission_20260716_223446_manual,MANUAL,,0,13.330255508422852,100.99790954589844,150.67021648643777,4,True,0.6794999837875366,1,0,0,1,0,0.0,0.0,0.0,0,0,nan,nan,nan,88,26.299999237060547,0.0,29.0,0,29,-,READY owner=Surnn refs=24,"{""cmd"": ""STOP"", ""status"": ""READY"", ""detector"": ""yolo"", ""state"": ""IDLE"", ""owner"": ""Surnn"", ""score"": null, ""match_max"": 0.5, ""refs"": 24, ""match_mode"": ""none"", ""steer_zones"": 41, ""people"": 0, ""track_id"": null, ""target_ex"": 0.0, ""target_cx_vel_px_s"": 0.0, ""target_age_s"": null, ""lidar_min_m"": 0.26, ""target_lidar_m"": null, ""target_lidar_deg"": null, ""camera_range_m"
2026-07-16T23:01:00.284,1574.285,mission_20260716_223446_manual,MANUAL,,0,13.330255508422852,100.99791717529297,150.6692329391973,4,True,0.6794999837875366,1,0,0,1,0,0.0,0.0,0.0,0,0,nan,nan,nan,88,26.299999237060547,0.0,29.0,0,29,-,READY owner=Surnn refs=24,"{""cmd"": ""STOP"", ""status"": ""READY"", ""detector"": ""yolo"", ""state"": ""IDLE"", ""owner"": ""Surnn"", ""score"": null, ""match_max"": 0.5, ""refs"": 24, ""match_mode"": ""none"", ""steer_zones"": 41, ""people"": 0, ""track_id"": null, ""target_ex"": 0.0, ""target_cx_vel_px_s"": 0.0, ""target_age_s"": null, ""lidar_min_m"": 0.28, ""target_lidar_m"": null, ""target_lidar_deg"": null, ""camera_range_m"
2026-07-16T23:01:02.287,1576.288,mission_20260716_223446_manual,MANUAL,,0,13.330256462097168,100.99791717529297,150.66361852369954,4,True,0.6815000176429749,1,0,0,1,0,0.0,0.0,0.0,0,0,nan,nan,nan,88,26.299999237060547,0.0,29.0,0,29,-,READY owner=Surnn refs=24,"{""cmd"": ""STOP"", ""status"": ""READY"", ""detector"": ""yolo"", ""state"": ""IDLE"", ""owner"": ""Surnn"", ""score"": null, ""match_max"": 0.5, ""refs"": 24, ""match_mode"": ""none"", ""steer_zones"": 41, ""people"": 0, ""track_id"": null, ""target_ex"": 0.0, ""target_cx_vel_px_s"": 0.0, ""target_age_s"": null, ""lidar_min_m"": 0.26, ""target_lidar_m"": null, ""target_lidar_deg"": null, ""camera_range_m"
2026-07-16T23:01:04.288,1578.288,mission_20260716_223446_manual,MANUAL,,0,13.330257415771484,100.99791717529297,150.65221210778563,4,True,0.6802499890327454,1,0,0,1,0,0.0,0.0,0.0,0,0,nan,nan,nan,88,26.299999237060547,0.0,29.0,0,28,-,READY owner=Surnn refs=24,"{""cmd"": ""STOP"", ""status"": ""READY"", ""detector"": ""yolo"", ""state"": ""IDLE"", ""owner"": ""Surnn"", ""score"": null, ""match_max"": 0.5, ""refs"": 24, ""match_mode"": ""none"", ""steer_zones"": 41, ""people"": 0, ""track_id"": null, ""target_ex"": 0.0, ""target_cx_vel_px_s"": 0.0, ""target_age_s"": null, ""lidar_min_m"": 0.27, ""target_lidar_m"": null, ""target_lidar_deg"": null, ""camera_range_m"
2026-07-16T23:01:06.403,1580.403,mission_20260716_223446_manual,MANUAL,,0,13.3302583694458,100.99791717529297,150.63897520117413,4,True,0.6790000200271606,1,0,0,1,0,0.0,0.0,0.0,0,0,nan,nan,nan,88,26.299999237060547,0.0,29.0,0,28,-,READY owner=Surnn refs=24,"{""cmd"": ""STOP"", ""status"": ""READY"", ""detector"": ""yolo"", ""state"": ""IDLE"", ""owner"": ""Surnn"", ""score"": null, ""match_max"": 0.5, ""refs"": 24, ""match_mode"": ""none"", ""steer_zones"": 41, ""people"": 0, ""track_id"": null, ""target_ex"": 0.0, ""target_cx_vel_px_s"": 0.0, ""target_age_s"": null, ""lidar_min_m"": 0.27, ""target_lidar_m"": null, ""target_lidar_deg"": null, ""camera_range_m"
2026-07-16T23:01:08.416,1582.417,mission_20260716_223446_manual,MANUAL,,0,13.3302583694458,100.99791717529297,150.6372539935033,4,True,0.6812499761581421,1,0,0,1,0,0.0,0.0,0.0,0,0,nan,nan,nan,88,26.299999237060547,0.0,29.0,0,28,-,READY owner=Surnn refs=24,"{""cmd"": ""STOP"", ""status"": ""READY"", ""detector"": ""yolo"", ""state"": ""IDLE"", ""owner"": ""Surnn"", ""score"": null, ""match_max"": 0.5, ""refs"": 24, ""match_mode"": ""none"", ""steer_zones"": 41, ""people"": 0, ""track_id"": null, ""target_ex"": 0.0, ""target_cx_vel_px_s"": 0.0, ""target_age_s"": null, ""lidar_min_m"": 0.28, ""target_lidar_m"": null, ""target_lidar_deg"": null, ""camera_range_m"
2026-07-16T23:01:10.420,1584.42,mission_20260716_223446_manual,MANUAL,,0,13.330259323120117,100.99791717529297,150.63942599365936,4,True,0.6777499914169312,1,0,0,1,0,0.0,0.0,0.0,0,0,nan,nan,nan,88,26.299999237060547,0.0,29.0,0,28,-,READY owner=Surnn refs=24,"{""cmd"": ""STOP"", ""status"": ""READY"", ""detector"": ""yolo"", ""state"": ""IDLE"", ""owner"": ""Surnn"", ""score"": null, ""match_max"": 0.5, ""refs"": 24, ""match_mode"": ""none"", ""steer_zones"": 41, ""people"": 0, ""track_id"": null, ""target_ex"": 0.0, ""target_cx_vel_px_s"": 0.0, ""target_age_s"": null, ""lidar_min_m"": 0.28, ""target_lidar_m"": null, ""target_lidar_deg"": null, ""camera_range_m"
2026-07-16T23:01:12.542,1586.543,mission_20260716_223446_manual,MANUAL,,0,13.330260276794434,100.99791717529297,150.64038222014315,4,True,0.6800000071525574,1,0,0,1,0,0.0,0.0,0.0,0,0,nan,nan,nan,88,26.299999237060547,0.0,29.0,0,28,-,READY owner=Surnn refs=24,"{""cmd"": ""STOP"", ""status"": ""READY"", ""detector"": ""yolo"", ""state"": ""IDLE"", ""owner"": ""Surnn"", ""score"": null, ""match_max"": 0.5, ""refs"": 24, ""match_mode"": ""none"", ""steer_zones"": 41, ""people"": 0, ""track_id"": null, ""target_ex"": 0.0, ""target_cx_vel_px_s"": 0.0, ""target_age_s"": null, ""lidar_min_m"": 0.28, ""target_lidar_m"": null, ""target_lidar_deg"": null, ""camera_range_m"
2026-07-16T23:01:14.662,1588.662,mission_20260716_223446_manual,MANUAL,,0,13.33026123046875,100.99791717529297,150.64831889995872,4,True,0.6797500252723694,1,0,0,1,0,0.0,0.0,0.0,0,0,nan,nan,nan,88,26.299999237060547,0.0,29.0,0,28,-,READY owner=Surnn refs=24,"{""cmd"": ""STOP"", ""status"": ""READY"", ""detector"": ""yolo"", ""state"": ""IDLE"", ""owner"": ""Surnn"", ""score"": null, ""match_max"": 0.5, ""refs"": 24, ""match_mode"": ""none"", ""steer_zones"": 41, ""people"": 0, ""track_id"": null, ""target_ex"": 0.0, ""target_cx_vel_px_s"": 0.0, ""target_age_s"": null, ""lidar_min_m"": 0.28, ""target_lidar_m"": null, ""target_lidar_deg"": null, ""camera_range_m"
2026-07-16T23:01:16.668,1590.668,mission_20260716_223446_manual,MANUAL,,0,13.330262184143066,100.99791717529297,150.64344214489134,4,True,0.6794999837875366,1,0,0,1,0,0.0,0.0,0.0,0,0,nan,nan,nan,88,26.299999237060547,0.0,29.0,0,27,-,READY owner=Surnn refs=24,"{""cmd"": ""STOP"", ""status"": ""READY"", ""detector"": ""yolo"", ""state"": ""IDLE"", ""owner"": ""Surnn"", ""score"": null, ""match_max"": 0.5, ""refs"": 24, ""match_mode"": ""none"", ""steer_zones"": 41, ""people"": 0, ""track_id"": null, ""target_ex"": 0.0, ""target_cx_vel_px_s"": 0.0, ""target_age_s"": null, ""lidar_min_m"": 0.27, ""target_lidar_m"": null, ""target_lidar_deg"": null, ""camera_range_m"
2026-07-16T23:01:18.751,1592.751,mission_20260716_223446_manual,MANUAL,,0,13.330262184143066,100.99791717529297,150.64908388114577,4,True,0.6779999732971191,1,0,0,1,0,0.0,0.0,0.0,0,0,nan,nan,nan,88,26.299999237060547,0.0,29.0,0,28,-,READY owner=Surnn refs=24,"{""cmd"": ""STOP"", ""status"": ""READY"", ""detector"": ""yolo"", ""state"": ""IDLE"", ""owner"": ""Surnn"", ""score"": null, ""match_max"": 0.5, ""refs"": 24, ""match_mode"": ""none"", ""steer_zones"": 41, ""people"": 0, ""track_id"": null, ""target_ex"": 0.0, ""target_cx_vel_px_s"": 0.0, ""target_age_s"": null, ""lidar_min_m"": 0.28, ""target_lidar_m"": null, ""target_lidar_deg"": null, ""camera_range_m"
2026-07-16T23:01:20.760,1594.76,mission_20260716_223446_manual,MANUAL,,0,13.3302640914917,100.99791717529297,150.64920682455082,4,True,0.6775000095367432,1,0,0,1,0,0.0,0.0,0.0,0,0,nan,nan,nan,88,26.299999237060547,0.0,29.0,0,27,-,READY owner=Surnn refs=24,"{""cmd"": ""STOP"", ""status"": ""READY"", ""detector"": ""yolo"", ""state"": ""IDLE"", ""owner"": ""Surnn"", ""score"": null, ""match_max"": 0.5, ""refs"": 24, ""match_mode"": ""none"", ""steer_zones"": 41, ""people"": 0, ""track_id"": null, ""target_ex"": 0.0, ""target_cx_vel_px_s"": 0.0, ""target_age_s"": null, ""lidar_min_m"": 0.27, ""target_lidar_m"": null, ""target_lidar_deg"": null, ""camera_range_m"
2026-07-16T23:01:22.763,1596.763,mission_20260716_223446_manual,MANUAL,,0,13.3302640914917,100.99791717529297,150.64549120164233,4,True,0.6775000095367432,1,0,0,1,0,0.0,0.0,0.0,0,0,nan,nan,nan,88,26.299999237060547,0.0,29.0,0,28,-,READY owner=Surnn refs=24,"{""cmd"": ""STOP"", ""status"": ""READY"", ""detector"": ""yolo"", ""state"": ""IDLE"", ""owner"": ""Surnn"", ""score"": null, ""match_max"": 0.5, ""refs"": 24, ""match_mode"": ""none"", ""steer_zones"": 41, ""people"": 0, ""track_id"": null, ""target_ex"": 0.0, ""target_cx_vel_px_s"": 0.0, ""target_age_s"": null, ""lidar_min_m"": 0.27, ""target_lidar_m"": null, ""target_lidar_deg"": null, ""camera_range_m"
2026-07-16T23:01:24.771,1598.772,mission_20260716_223446_manual,MANUAL,,0,13.330265045166016,100.99791717529297,150.64579172996582,4,True,0.6792500019073486,1,0,0,1,0,0.0,0.0,0.0,0,0,nan,nan,nan,88,26.299999237060547,0.0,29.0,0,28,-,READY owner=Surnn refs=24,"{""cmd"": ""STOP"", ""status"": ""READY"", ""detector"": ""yolo"", ""state"": ""IDLE"", ""owner"": ""Surnn"", ""score"": null, ""match_max"": 0.5, ""refs"": 24, ""match_mode"": ""none"", ""steer_zones"": 41, ""people"": 0, ""track_id"": null, ""target_ex"": 0.0, ""target_cx_vel_px_s"": 0.0, ""target_age_s"": null, ""lidar_min_m"": 0.28, ""target_lidar_m"": null, ""target_lidar_deg"": null, ""camera_range_m"
2026-07-16T23:01:26.771,1600.772,mission_20260716_223446_manual,MANUAL,,0,13.330265045166016,100.99791717529297,150.63954893706443,4,True,0.6777499914169312,1,0,0,1,0,0.0,0.0,0.0,0,0,nan,nan,nan,88,26.299999237060547,0.0,29.0,0,28,-,READY owner=Surnn refs=24,"{""cmd"": ""STOP"", ""status"": ""READY"", ""detector"": ""yolo"", ""state"": ""IDLE"", ""owner"": ""Surnn"", ""score"": null, ""match_max"": 0.5, ""refs"": 24, ""match_mode"": ""none"", ""steer_zones"": 41, ""people"": 0, ""track_id"": null, ""target_ex"": 0.0, ""target_cx_vel_px_s"": 0.0, ""target_age_s"": null, ""lidar_min_m"": 0.28, ""target_lidar_m"": null, ""target_lidar_deg"": null, ""camera_range_m"
2026-07-16T23:01:28.781,1602.782,mission_20260716_223446_manual,MANUAL,,0,13.330265998840332,100.99791717529297,150.63407112535006,4,True,0.6797500252723694,1,0,0,1,0,0.0,0.0,0.0,0,0,nan,nan,nan,88,26.299999237060547,0.0,29.0,0,28,-,READY owner=Surnn refs=24,"{""cmd"": ""STOP"", ""status"": ""READY"", ""detector"": ""yolo"", ""state"": ""IDLE"", ""owner"": ""Surnn"", ""score"": null, ""match_max"": 0.5, ""refs"": 24, ""match_mode"": ""none"", ""steer_zones"": 41, ""people"": 0, ""track_id"": null, ""target_ex"": 0.0, ""target_cx_vel_px_s"": 0.0, ""target_age_s"": null, ""lidar_min_m"": 0.27, ""target_lidar_m"": null, ""target_lidar_deg"": null, ""camera_range_m"
2026-07-16T23:01:30.894,1604.895,mission_20260716_223446_manual,MANUAL,,0,13.330265998840332,100.99791717529297,150.61905836955438,4,True,0.6802499890327454,1,0,0,1,0,0.0,0.0,0.0,0,0,nan,nan,nan,88,26.299999237060547,0.0,29.0,0,28,-,READY owner=Surnn refs=24,"{""cmd"": ""STOP"", ""status"": ""READY"", ""detector"": ""yolo"", ""state"": ""IDLE"", ""owner"": ""Surnn"", ""score"": null, ""match_max"": 0.5, ""refs"": 24, ""match_mode"": ""none"", ""steer_zones"": 41, ""people"": 0, ""track_id"": null, ""target_ex"": 0.0, ""target_cx_vel_px_s"": 0.0, ""target_age_s"": null, ""lidar_min_m"": 0.27, ""target_lidar_m"": null, ""target_lidar_deg"": null, ""camera_range_m"
2026-07-16T23:01:32.895,1606.895,mission_20260716_223446_manual,MANUAL,,0,13.330265045166016,100.99791717529297,150.60410025527204,4,True,0.6775000095367432,1,0,0,1,0,0.0,0.0,0.0,0,0,nan,nan,nan,88,26.299999237060547,0.0,29.0,0,27,-,READY owner=Surnn refs=24,"{""cmd"": ""STOP"", ""status"": ""READY"", ""detector"": ""yolo"", ""state"": ""IDLE"", ""owner"": ""Surnn"", ""score"": null, ""match_max"": 0.5, ""refs"": 24, ""match_mode"": ""none"", ""steer_zones"": 41, ""people"": 0, ""track_id"": null, ""target_ex"": 0.0, ""target_cx_vel_px_s"": 0.0, ""target_age_s"": null, ""lidar_min_m"": 0.27, ""target_lidar_m"": null, ""target_lidar_deg"": null, ""camera_range_m"
2026-07-16T23:01:35.023,1609.024,mission_20260716_223446_manual,MANUAL,,0,13.330265045166016,100.99791717529297,150.59295338654658,4,True,0.6790000200271606,1,0,0,1,0,0.0,0.0,0.0,0,0,nan,nan,nan,88,26.299999237060547,0.0,29.0,0,27,-,READY owner=Surnn refs=24,"{""cmd"": ""STOP"", ""status"": ""READY"", ""detector"": ""yolo"", ""state"": ""IDLE"", ""owner"": ""Surnn"", ""score"": null, ""match_max"": 0.5, ""refs"": 24, ""match_mode"": ""none"", ""steer_zones"": 41, ""people"": 0, ""track_id"": null, ""target_ex"": 0.0, ""target_cx_vel_px_s"": 0.0, ""target_age_s"": null, ""lidar_min_m"": 0.28, ""target_lidar_m"": null, ""target_lidar_deg"": null, ""camera_range_m"
2026-07-16T23:01:37.025,1611.026,mission_20260716_223446_manual,MANUAL,,0,13.3302640914917,100.99791717529297,150.5882132352626,4,True,0.6779999732971191,1,0,0,1,0,0.0,0.0,0.0,0,0,nan,nan,nan,88,26.299999237060547,0.0,29.0,0,27,-,READY owner=Surnn refs=24,"{""cmd"": ""STOP"", ""status"": ""READY"", ""detector"": ""yolo"", ""state"": ""IDLE"", ""owner"": ""Surnn"", ""score"": null, ""match_max"": 0.5, ""refs"": 24, ""match_mode"": ""none"", ""steer_zones"": 41, ""people"": 0, ""track_id"": null, ""target_ex"": 0.0, ""target_cx_vel_px_s"": 0.0, ""target_age_s"": null, ""lidar_min_m"": 0.29, ""target_lidar_m"": null, ""target_lidar_deg"": null, ""camera_range_m"
2026-07-16T23:01:39.029,1613.03,mission_20260716_223446_manual,MANUAL,,0,13.3302640914917,100.99791717529297,150.59143708455085,4,True,0.6784999966621399,1,0,0,1,0,0.0,0.0,0.0,0,0,nan,nan,nan,88,26.299999237060547,0.0,29.0,0,27,-,READY owner=Surnn refs=24,"{""cmd"": ""STOP"", ""status"": ""READY"", ""detector"": ""yolo"", ""state"": ""IDLE"", ""owner"": ""Surnn"", ""score"": null, ""match_max"": 0.5, ""refs"": 24, ""match_mode"": ""none"", ""steer_zones"": 41, ""people"": 0, ""track_id"": null, ""target_ex"": 0.0, ""target_cx_vel_px_s"": 0.0, ""target_age_s"": null, ""lidar_min_m"": 0.28, ""target_lidar_m"": null, ""target_lidar_deg"": null, ""camera_range_m"
2026-07-16T23:01:41.030,1615.031,mission_20260716_223446_manual,MANUAL,,0,13.330263137817383,100.99791717529297,150.5899890844468,4,True,0.6784999966621399,1,0,0,1,0,0.0,0.0,0.0,0,0,nan,nan,nan,88,26.299999237060547,0.0,29.0,0,28,-,READY owner=Surnn refs=24,"{""cmd"": ""STOP"", ""status"": ""READY"", ""detector"": ""yolo"", ""state"": ""IDLE"", ""owner"": ""Surnn"", ""score"": null, ""match_max"": 0.5, ""refs"": 24, ""match_mode"": ""none"", ""steer_zones"": 41, ""people"": 0, ""track_id"": null, ""target_ex"": 0.0, ""target_cx_vel_px_s"": 0.0, ""target_age_s"": null, ""lidar_min_m"": 0.29, ""target_lidar_m"": null, ""target_lidar_deg"": null, ""camera_range_m"
2026-07-16T23:01:43.047,1617.047,mission_20260716_223446_manual,MANUAL,,0,13.330263137817383,100.9979248046875,150.58467519727253,4,True,0.6782500147819519,1,0,0,1,0,0.0,0.0,0.0,0,0,nan,nan,nan,88,26.299999237060547,0.0,29.0,0,27,-,READY owner=Surnn refs=24,"{""cmd"": ""STOP"", ""status"": ""READY"", ""detector"": ""yolo"", ""state"": ""IDLE"", ""owner"": ""Surnn"", ""score"": null, ""match_max"": 0.5, ""refs"": 24, ""match_mode"": ""none"", ""steer_zones"": 41, ""people"": 0, ""track_id"": null, ""target_ex"": 0.0, ""target_cx_vel_px_s"": 0.0, ""target_age_s"": null, ""lidar_min_m"": 0.29, ""target_lidar_m"": null, ""target_lidar_deg"": null, ""camera_range_m"
2026-07-16T23:01:45.173,1619.173,mission_20260716_223446_manual,MANUAL,,0,13.330262184143066,100.9979248046875,150.57616478156672,4,True,0.6815000176429749,1,0,0,1,0,0.0,0.0,0.0,0,0,nan,nan,nan,88,26.299999237060547,0.0,29.0,0,28,-,READY owner=Surnn refs=24,"{""cmd"": ""STOP"", ""status"": ""READY"", ""detector"": ""yolo"", ""state"": ""IDLE"", ""owner"": ""Surnn"", ""score"": null, ""match_max"": 0.5, ""refs"": 24, ""match_mode"": ""none"", ""steer_zones"": 41, ""people"": 0, ""track_id"": null, ""target_ex"": 0.0, ""target_cx_vel_px_s"": 0.0, ""target_age_s"": null, ""lidar_min_m"": 0.28, ""target_lidar_m"": null, ""target_lidar_deg"": null, ""camera_range_m"
2026-07-16T23:01:47.179,1621.179,mission_20260716_223446_manual,MANUAL,,0,13.330262184143066,100.9979248046875,150.57201202655133,4,True,0.6772500276565552,1,0,0,1,0,0.0,0.0,0.0,0,0,nan,nan,nan,88,26.299999237060547,0.0,29.0,0,28,-,READY owner=Surnn refs=24,"{""cmd"": ""STOP"", ""status"": ""READY"", ""detector"": ""yolo"", ""state"": ""IDLE"", ""owner"": ""Surnn"", ""score"": null, ""match_max"": 0.5, ""refs"": 24, ""match_mode"": ""none"", ""steer_zones"": 41, ""people"": 0, ""track_id"": null, ""target_ex"": 0.0, ""target_cx_vel_px_s"": 0.0, ""target_age_s"": null, ""lidar_min_m"": 0.27, ""target_lidar_m"": null, ""target_lidar_deg"": null, ""camera_range_m"
2026-07-16T23:01:49.299,1623.3,mission_20260716_223446_manual,MANUAL,,0,13.33026123046875,100.9979248046875,150.59255723557473,4,True,0.6777499914169312,1,0,0,1,0,0.0,0.0,0.0,0,0,nan,nan,nan,88,26.299999237060547,0.0,29.0,0,28,-,READY owner=Surnn refs=24,"{""cmd"": ""STOP"", ""status"": ""READY"", ""detector"": ""yolo"", ""state"": ""IDLE"", ""owner"": ""Surnn"", ""score"": null, ""match_max"": 0.5, ""refs"": 24, ""match_mode"": ""none"", ""steer_zones"": 41, ""people"": 0, ""track_id"": null, ""target_ex"": 0.0, ""target_cx_vel_px_s"": 0.0, ""target_age_s"": null, ""lidar_min_m"": 0.27, ""target_lidar_m"": null, ""target_lidar_deg"": null, ""camera_range_m"
2026-07-16T23:01:51.425,1625.426,mission_20260716_223446_manual,MANUAL,,0,13.330260276794434,100.9979248046875,150.60532968932264,4,True,0.6812499761581421,1,0,0,1,0,0.0,0.0,0.0,0,0,nan,nan,nan,88,26.299999237060547,0.0,29.0,0,28,-,READY owner=Surnn refs=24,"{""cmd"": ""STOP"", ""status"": ""READY"", ""detector"": ""yolo"", ""state"": ""IDLE"", ""owner"": ""Surnn"", ""score"": null, ""match_max"": 0.5, ""refs"": 24, ""match_mode"": ""none"", ""steer_zones"": 41, ""people"": 0, ""track_id"": null, ""target_ex"": 0.0, ""target_cx_vel_px_s"": 0.0, ""target_age_s"": null, ""lidar_min_m"": 0.27, ""target_lidar_m"": null, ""target_lidar_deg"": null, ""camera_range_m"
2026-07-16T23:01:53.545,1627.546,mission_20260716_223446_manual,MANUAL,,0,13.330259323120117,100.9979248046875,150.6018599532243,4,True,0.6800000071525574,1,0,0,1,0,0.0,0.0,0.0,0,0,nan,nan,nan,88,26.299999237060547,0.0,29.0,0,28,-,READY owner=Surnn refs=24,"{""cmd"": ""STOP"", ""status"": ""READY"", ""detector"": ""yolo"", ""state"": ""IDLE"", ""owner"": ""Surnn"", ""score"": null, ""match_max"": 0.5, ""refs"": 24, ""match_mode"": ""none"", ""steer_zones"": 41, ""people"": 0, ""track_id"": null, ""target_ex"": 0.0, ""target_cx_vel_px_s"": 0.0, ""target_age_s"": null, ""lidar_min_m"": 0.28, ""target_lidar_m"": null, ""target_lidar_deg"": null, ""camera_range_m"
2026-07-16T23:01:55.546,1629.547,mission_20260716_223446_manual,MANUAL,,0,13.3302583694458,100.9979248046875,150.6052750478093,4,True,0.6782500147819519,1,0,0,1,0,0.0,0.0,0.0,0,0,nan,nan,nan,88,26.299999237060547,0.0,29.0,0,28,-,READY owner=Surnn refs=24,"{""cmd"": ""STOP"", ""status"": ""READY"", ""detector"": ""yolo"", ""state"": ""IDLE"", ""owner"": ""Surnn"", ""score"": null, ""match_max"": 0.5, ""refs"": 24, ""match_mode"": ""none"", ""steer_zones"": 41, ""people"": 0, ""track_id"": null, ""target_ex"": 0.0, ""target_cx_vel_px_s"": 0.0, ""target_age_s"": null, ""lidar_min_m"": 0.26, ""target_lidar_m"": null, ""target_lidar_deg"": null, ""camera_range_m"
2026-07-16T23:01:57.553,1631.553,mission_20260716_223446_manual,MANUAL,,0,13.330257415771484,100.9979248046875,150.6062722554281,4,True,0.6784999966621399,1,0,0,1,0,0.0,0.0,0.0,0,0,nan,nan,nan,88,26.299999237060547,0.0,29.0,0,28,-,READY owner=Surnn refs=24,"{""cmd"": ""STOP"", ""status"": ""READY"", ""detector"": ""yolo"", ""state"": ""IDLE"", ""owner"": ""Surnn"", ""score"": null, ""match_max"": 0.5, ""refs"": 24, ""match_mode"": ""none"", ""steer_zones"": 41, ""people"": 0, ""track_id"": null, ""target_ex"": 0.0, ""target_cx_vel_px_s"": 0.0, ""target_age_s"": null, ""lidar_min_m"": 0.28, ""target_lidar_m"": null, ""target_lidar_deg"": null, ""camera_range_m"
2026-07-16T23:01:59.558,1633.559,mission_20260716_223446_manual,MANUAL,,0,13.330257415771484,100.9979248046875,150.604018293002,4,True,0.6784999966621399,1,0,0,1,0,0.0,0.0,0.0,0,0,nan,nan,nan,88,26.299999237060547,0.0,29.0,0,28,-,READY owner=Surnn refs=24,"{""cmd"": ""STOP"", ""status"": ""READY"", ""detector"": ""yolo"", ""state"": ""IDLE"", ""owner"": ""Surnn"", ""score"": null, ""match_max"": 0.5, ""refs"": 24, ""match_mode"": ""none"", ""steer_zones"": 41, ""people"": 0, ""track_id"": null, ""target_ex"": 0.0, ""target_cx_vel_px_s"": 0.0, ""target_age_s"": null, ""lidar_min_m"": 0.29, ""target_lidar_m"": null, ""target_lidar_deg"": null, ""camera_range_m"
2026-07-16T23:02:01.671,1635.671,mission_20260716_223446_manual,MANUAL,,0,13.3302583694458,100.99793243408203,150.60890870844776,4,True,0.6784999966621399,1,0,0,1,0,0.0,0.0,0.0,0,0,nan,nan,nan,88,26.299999237060547,0.0,29.0,0,28,-,READY owner=Surnn refs=24,"{""cmd"": ""STOP"", ""status"": ""READY"", ""detector"": ""yolo"", ""state"": ""IDLE"", ""owner"": ""Surnn"", ""score"": null, ""match_max"": 0.5, ""refs"": 24, ""match_mode"": ""none"", ""steer_zones"": 41, ""people"": 0, ""track_id"": null, ""target_ex"": 0.0, ""target_cx_vel_px_s"": 0.0, ""target_age_s"": null, ""lidar_min_m"": 0.28, ""target_lidar_m"": null, ""target_lidar_deg"": null, ""camera_range_m"
2026-07-16T23:02:03.793,1637.793,mission_20260716_223446_manual,MANUAL,,0,13.3302583694458,100.99793243408203,150.6131570861115,4,True,0.6779999732971191,1,0,0,1,0,0.0,0.0,0.0,0,0,nan,nan,nan,88,26.299999237060547,0.0,29.0,0,28,-,READY owner=Surnn refs=24,"{""cmd"": ""STOP"", ""status"": ""READY"", ""detector"": ""yolo"", ""state"": ""IDLE"", ""owner"": ""Surnn"", ""score"": null, ""match_max"": 0.5, ""refs"": 24, ""match_mode"": ""none"", ""steer_zones"": 41, ""people"": 0, ""track_id"": null, ""target_ex"": 0.0, ""target_cx_vel_px_s"": 0.0, ""target_age_s"": null, ""lidar_min_m"": 0.28, ""target_lidar_m"": null, ""target_lidar_deg"": null, ""camera_range_m"
2026-07-16T23:02:05.797,1639.797,mission_20260716_223446_manual,MANUAL,,0,13.3302583694458,100.99793243408203,150.60804810461232,4,True,0.6800000071525574,1,0,0,1,0,0.0,0.0,0.0,0,0,nan,nan,nan,88,26.299999237060547,0.0,29.0,0,28,-,READY owner=Surnn refs=24,"{""cmd"": ""STOP"", ""status"": ""READY"", ""detector"": ""yolo"", ""state"": ""IDLE"", ""owner"": ""Surnn"", ""score"": null, ""match_max"": 0.5, ""refs"": 24, ""match_mode"": ""none"", ""steer_zones"": 41, ""people"": 0, ""track_id"": null, ""target_ex"": 0.0, ""target_cx_vel_px_s"": 0.0, ""target_age_s"": null, ""lidar_min_m"": 0.27, ""target_lidar_m"": null, ""target_lidar_deg"": null, ""camera_range_m"
2026-07-16T23:02:07.798,1641.799,mission_20260716_223446_manual,MANUAL,,0,13.330259323120117,100.99793243408203,150.611449538819,4,True,0.6790000200271606,1,0,0,1,0,0.0,0.0,0.0,0,0,nan,nan,nan,88,26.299999237060547,0.0,29.0,0,28,-,READY owner=Surnn refs=24,"{""cmd"": ""STOP"", ""status"": ""READY"", ""detector"": ""yolo"", ""state"": ""IDLE"", ""owner"": ""Surnn"", ""score"": null, ""match_max"": 0.5, ""refs"": 24, ""match_mode"": ""none"", ""steer_zones"": 41, ""people"": 0, ""track_id"": null, ""target_ex"": 0.0, ""target_cx_vel_px_s"": 0.0, ""target_age_s"": null, ""lidar_min_m"": 0.29, ""target_lidar_m"": null, ""target_lidar_deg"": null, ""camera_range_m"
2026-07-16T23:02:09.800,1643.801,mission_20260716_223446_manual,MANUAL,,0,13.3302583694458,100.99793243408203,150.61597112404954,4,True,0.6772500276565552,1,0,0,1,0,0.0,0.0,0.0,0,0,nan,nan,nan,88,26.299999237060547,0.0,29.0,0,27,-,READY owner=Surnn refs=24,"{""cmd"": ""STOP"", ""status"": ""READY"", ""detector"": ""yolo"", ""state"": ""IDLE"", ""owner"": ""Surnn"", ""score"": null, ""match_max"": 0.5, ""refs"": 24, ""match_mode"": ""none"", ""steer_zones"": 41, ""people"": 0, ""track_id"": null, ""target_ex"": 0.0, ""target_cx_vel_px_s"": 0.0, ""target_age_s"": null, ""lidar_min_m"": 0.28, ""target_lidar_m"": null, ""target_lidar_deg"": null, ""camera_range_m"
2026-07-16T23:02:11.804,1645.805,mission_20260716_223446_manual,MANUAL,,0,13.3302583694458,100.99793243408203,150.61825240723232,4,True,0.6792500019073486,1,0,0,1,0,0.0,0.0,0.0,0,0,nan,nan,nan,88,26.299999237060547,0.0,29.0,0,27,-,READY owner=Surnn refs=24,"{""cmd"": ""STOP"", ""status"": ""READY"", ""detector"": ""yolo"", ""state"": ""IDLE"", ""owner"": ""Surnn"", ""score"": null, ""match_max"": 0.5, ""refs"": 24, ""match_mode"": ""none"", ""steer_zones"": 41, ""people"": 0, ""track_id"": null, ""target_ex"": 0.0, ""target_cx_vel_px_s"": 0.0, ""target_age_s"": null, ""lidar_min_m"": 0.28, ""target_lidar_m"": null, ""target_lidar_deg"": null, ""camera_range_m"
2026-07-16T23:02:13.814,1647.815,mission_20260716_223446_manual,MANUAL,,0,13.3302583694458,100.99793243408203,150.61949550166128,4,True,0.6784999966621399,1,0,0,1,0,0.0,0.0,0.0,0,0,nan,nan,nan,88,26.299999237060547,0.0,29.0,0,27,-,READY owner=Surnn refs=24,"{""cmd"": ""STOP"", ""status"": ""READY"", ""detector"": ""yolo"", ""state"": ""IDLE"", ""owner"": ""Surnn"", ""score"": null, ""match_max"": 0.5, ""refs"": 24, ""match_mode"": ""none"", ""steer_zones"": 41, ""people"": 0, ""track_id"": null, ""target_ex"": 0.0, ""target_cx_vel_px_s"": 0.0, ""target_age_s"": null, ""lidar_min_m"": 0.28, ""target_lidar_m"": null, ""target_lidar_deg"": null, ""camera_range_m"
2026-07-16T23:02:15.822,1649.822,mission_20260716_223446_manual,MANUAL,,0,13.330259323120117,100.99793243408203,150.605302368566,4,True,0.6765000224113464,1,0,0,1,0,0.0,0.0,0.0,0,0,nan,nan,nan,88,26.299999237060547,0.0,29.0,0,27,-,READY owner=Surnn refs=24,"{""cmd"": ""STOP"", ""status"": ""READY"", ""detector"": ""yolo"", ""state"": ""IDLE"", ""owner"": ""Surnn"", ""score"": null, ""match_max"": 0.5, ""refs"": 24, ""match_mode"": ""none"", ""steer_zones"": 41, ""people"": 0, ""track_id"": null, ""target_ex"": 0.0, ""target_cx_vel_px_s"": 0.0, ""target_age_s"": null, ""lidar_min_m"": 0.28, ""target_lidar_m"": null, ""target_lidar_deg"": null, ""camera_range_m"
2026-07-16T23:02:17.824,1651.825,mission_20260716_223446_manual,MANUAL,,0,13.3302583694458,100.99793243408203,150.60516576478258,4,True,0.6784999966621399,1,0,0,1,0,0.0,0.0,0.0,0,0,nan,nan,nan,88,26.299999237060547,0.0,29.0,0,27,-,READY owner=Surnn refs=24,"{""cmd"": ""STOP"", ""status"": ""READY"", ""detector"": ""yolo"", ""state"": ""IDLE"", ""owner"": ""Surnn"", ""score"": null, ""match_max"": 0.5, ""refs"": 24, ""match_mode"": ""none"", ""steer_zones"": 41, ""people"": 0, ""track_id"": null, ""target_ex"": 0.0, ""target_cx_vel_px_s"": 0.0, ""target_age_s"": null, ""lidar_min_m"": 0.3, ""target_lidar_m"": null, ""target_lidar_deg"": null, ""camera_range_m"""
2026-07-16T23:02:19.849,1653.85,mission_20260716_223446_manual,MANUAL,,0,13.3302583694458,100.9979248046875,150.60864916125928,4,True,0.6787499785423279,1,0,0,1,0,0.0,0.0,0.0,0,0,nan,nan,nan,88,26.299999237060547,0.0,29.0,0,27,-,READY owner=Surnn refs=24,"{""cmd"": ""STOP"", ""status"": ""READY"", ""detector"": ""yolo"", ""state"": ""IDLE"", ""owner"": ""Surnn"", ""score"": null, ""match_max"": 0.5, ""refs"": 24, ""match_mode"": ""none"", ""steer_zones"": 41, ""people"": 0, ""track_id"": null, ""target_ex"": 0.0, ""target_cx_vel_px_s"": 0.0, ""target_age_s"": null, ""lidar_min_m"": 0.27, ""target_lidar_m"": null, ""target_lidar_deg"": null, ""camera_range_m"
2026-07-16T23:02:21.978,1655.979,mission_20260716_223446_manual,MANUAL,,0,13.330260276794434,100.9979248046875,150.6056848591595,4,True,0.6775000095367432,1,0,0,1,0,0.0,0.0,0.0,0,0,nan,nan,nan,88,26.299999237060547,0.0,29.0,0,27,-,READY owner=Surnn refs=24,"{""cmd"": ""STOP"", ""status"": ""READY"", ""detector"": ""yolo"", ""state"": ""IDLE"", ""owner"": ""Surnn"", ""score"": null, ""match_max"": 0.5, ""refs"": 24, ""match_mode"": ""none"", ""steer_zones"": 41, ""people"": 0, ""track_id"": null, ""target_ex"": 0.0, ""target_cx_vel_px_s"": 0.0, ""target_age_s"": null, ""lidar_min_m"": 0.26, ""target_lidar_m"": null, ""target_lidar_deg"": null, ""camera_range_m"
2026-07-16T23:02:23.986,1657.986,mission_20260716_223446_manual,MANUAL,,0,13.33026123046875,100.9979248046875,150.6131297653548,4,True,0.6804999709129333,1,0,0,1,0,0.0,0.0,0.0,0,0,nan,nan,nan,88,26.299999237060547,0.0,29.0,0,27,-,READY owner=Surnn refs=24,"{""cmd"": ""STOP"", ""status"": ""READY"", ""detector"": ""yolo"", ""state"": ""IDLE"", ""owner"": ""Surnn"", ""score"": null, ""match_max"": 0.5, ""refs"": 24, ""match_mode"": ""none"", ""steer_zones"": 41, ""people"": 0, ""track_id"": null, ""target_ex"": 0.0, ""target_cx_vel_px_s"": 0.0, ""target_age_s"": null, ""lidar_min_m"": 0.29, ""target_lidar_m"": null, ""target_lidar_deg"": null, ""camera_range_m"
2026-07-16T23:02:25.986,1659.987,mission_20260716_223446_manual,MANUAL,,0,13.330262184143066,100.9979248046875,150.59497512254092,4,True,0.6772500276565552,1,0,0,1,0,0.0,0.0,0.0,0,0,nan,nan,nan,88,26.299999237060547,0.0,29.0,0,27,-,READY owner=Surnn refs=24,"{""cmd"": ""STOP"", ""status"": ""READY"", ""detector"": ""yolo"", ""state"": ""IDLE"", ""owner"": ""Surnn"", ""score"": null, ""match_max"": 0.5, ""refs"": 24, ""match_mode"": ""none"", ""steer_zones"": 41, ""people"": 0, ""track_id"": null, ""target_ex"": 0.0, ""target_cx_vel_px_s"": 0.0, ""target_age_s"": null, ""lidar_min_m"": 0.27, ""target_lidar_m"": null, ""target_lidar_deg"": null, ""camera_range_m"
2026-07-16T23:02:28.059,1662.06,mission_20260716_223446_manual,MANUAL,,0,13.330263137817383,100.9979248046875,150.59009836747353,4,True,0.6787499785423279,1,0,0,1,0,0.0,0.0,0.0,0,0,nan,nan,nan,88,26.299999237060547,0.0,29.0,0,27,-,READY owner=Surnn refs=24,"{""cmd"": ""STOP"", ""status"": ""READY"", ""detector"": ""yolo"", ""state"": ""IDLE"", ""owner"": ""Surnn"", ""score"": null, ""match_max"": 0.5, ""refs"": 24, ""match_mode"": ""none"", ""steer_zones"": 41, ""people"": 0, ""track_id"": null, ""target_ex"": 0.0, ""target_cx_vel_px_s"": 0.0, ""target_age_s"": null, ""lidar_min_m"": 0.27, ""target_lidar_m"": null, ""target_lidar_deg"": null, ""camera_range_m"
2026-07-16T23:02:30.066,1664.067,mission_20260716_223446_manual,MANUAL,,0,13.330265045166016,100.9979248046875,150.59134146190246,4,True,0.6775000095367432,1,0,0,1,0,0.0,0.0,0.0,0,0,nan,nan,nan,88,26.299999237060547,0.0,29.0,0,27,-,READY owner=Surnn refs=24,"{""cmd"": ""STOP"", ""status"": ""READY"", ""detector"": ""yolo"", ""state"": ""IDLE"", ""owner"": ""Surnn"", ""score"": null, ""match_max"": 0.5, ""refs"": 24, ""match_mode"": ""none"", ""steer_zones"": 41, ""people"": 0, ""track_id"": null, ""target_ex"": 0.0, ""target_cx_vel_px_s"": 0.0, ""target_age_s"": null, ""lidar_min_m"": 0.27, ""target_lidar_m"": null, ""target_lidar_deg"": null, ""camera_range_m"
2026-07-16T23:02:32.191,1666.191,mission_20260716_223446_manual,MANUAL,,0,13.330266952514648,100.9979248046875,150.59490682064921,4,True,0.6779999732971191,1,0,0,1,0,0.0,0.0,0.0,0,0,nan,nan,nan,88,26.299999237060547,0.0,29.0,0,27,-,READY owner=Surnn refs=24,"{""cmd"": ""STOP"", ""status"": ""READY"", ""detector"": ""yolo"", ""state"": ""IDLE"", ""owner"": ""Surnn"", ""score"": null, ""match_max"": 0.5, ""refs"": 24, ""match_mode"": ""none"", ""steer_zones"": 41, ""people"": 0, ""track_id"": null, ""target_ex"": 0.0, ""target_cx_vel_px_s"": 0.0, ""target_age_s"": null, ""lidar_min_m"": 0.28, ""target_lidar_m"": null, ""target_lidar_deg"": null, ""camera_range_m"
2026-07-16T23:02:34.196,1668.197,mission_20260716_223446_manual,MANUAL,,0,13.330268859863281,100.9979248046875,150.60093104749717,4,True,0.6775000095367432,1,0,0,1,0,0.0,0.0,0.0,0,0,nan,nan,nan,88,26.299999237060547,0.0,29.0,0,27,-,READY owner=Surnn refs=24,"{""cmd"": ""STOP"", ""status"": ""READY"", ""detector"": ""yolo"", ""state"": ""IDLE"", ""owner"": ""Surnn"", ""score"": null, ""match_max"": 0.5, ""refs"": 24, ""match_mode"": ""none"", ""steer_zones"": 41, ""people"": 0, ""track_id"": null, ""target_ex"": 0.0, ""target_cx_vel_px_s"": 0.0, ""target_age_s"": null, ""lidar_min_m"": 0.29, ""target_lidar_m"": null, ""target_lidar_deg"": null, ""camera_range_m"
2026-07-16T23:02:36.318,1670.319,mission_20260716_223446_manual,MANUAL,,0,13.330270767211914,100.9979248046875,150.59339051865348,4,True,0.6784999966621399,1,0,0,1,0,0.0,0.0,0.0,0,0,nan,nan,nan,88,26.299999237060547,0.0,29.0,0,27,-,READY owner=Surnn refs=24,"{""cmd"": ""STOP"", ""status"": ""READY"", ""detector"": ""yolo"", ""state"": ""IDLE"", ""owner"": ""Surnn"", ""score"": null, ""match_max"": 0.5, ""refs"": 24, ""match_mode"": ""none"", ""steer_zones"": 41, ""people"": 0, ""track_id"": null, ""target_ex"": 0.0, ""target_cx_vel_px_s"": 0.0, ""target_age_s"": null, ""lidar_min_m"": 0.28, ""target_lidar_m"": null, ""target_lidar_deg"": null, ""camera_range_m"
2026-07-16T23:02:38.320,1672.321,mission_20260716_223446_manual,MANUAL,,0,13.330272674560547,100.9979248046875,150.58649202759176,4,True,0.6807500123977661,1,0,0,1,0,0.0,0.0,0.0,0,0,nan,nan,nan,88,26.299999237060547,0.0,29.0,0,27,-,READY owner=Surnn refs=24,"{""cmd"": ""STOP"", ""status"": ""READY"", ""detector"": ""yolo"", ""state"": ""IDLE"", ""owner"": ""Surnn"", ""score"": null, ""match_max"": 0.5, ""refs"": 24, ""match_mode"": ""none"", ""steer_zones"": 41, ""people"": 0, ""track_id"": null, ""target_ex"": 0.0, ""target_cx_vel_px_s"": 0.0, ""target_age_s"": null, ""lidar_min_m"": 0.28, ""target_lidar_m"": null, ""target_lidar_deg"": null, ""camera_range_m"
2026-07-16T23:02:40.326,1674.326,mission_20260716_223446_manual,MANUAL,,0,13.330275535583496,100.9979248046875,150.5965733868067,4,True,0.6784999966621399,1,0,0,1,0,0.0,0.0,0.0,0,0,nan,nan,nan,88,26.299999237060547,0.0,29.0,0,27,-,READY owner=Surnn refs=24,"{""cmd"": ""STOP"", ""status"": ""READY"", ""detector"": ""yolo"", ""state"": ""IDLE"", ""owner"": ""Surnn"", ""score"": null, ""match_max"": 0.5, ""refs"": 24, ""match_mode"": ""none"", ""steer_zones"": 41, ""people"": 0, ""track_id"": null, ""target_ex"": 0.0, ""target_cx_vel_px_s"": 0.0, ""target_age_s"": null, ""lidar_min_m"": 0.28, ""target_lidar_m"": null, ""target_lidar_deg"": null, ""camera_range_m"
2026-07-16T23:02:42.334,1676.335,mission_20260716_223446_manual,MANUAL,,0,13.330277442932129,100.9979248046875,150.59537127351277,4,True,0.6794999837875366,1,0,0,1,0,0.0,0.0,0.0,0,0,nan,nan,nan,88,26.299999237060547,0.0,29.0,0,27,-,READY owner=Surnn refs=24,"{""cmd"": ""STOP"", ""status"": ""READY"", ""detector"": ""yolo"", ""state"": ""IDLE"", ""owner"": ""Surnn"", ""score"": null, ""match_max"": 0.5, ""refs"": 24, ""match_mode"": ""none"", ""steer_zones"": 41, ""people"": 0, ""track_id"": null, ""target_ex"": 0.0, ""target_cx_vel_px_s"": 0.0, ""target_age_s"": null, ""lidar_min_m"": 0.28, ""target_lidar_m"": null, ""target_lidar_deg"": null, ""camera_range_m"
2026-07-16T23:02:44.335,1678.335,mission_20260716_223446_manual,MANUAL,,0,13.330279350280762,100.9979248046875,150.59552153767453,4,True,0.6790000200271606,1,0,0,1,0,0.0,0.0,0.0,0,0,nan,nan,nan,88,26.299999237060547,0.0,29.0,0,27,-,READY owner=Surnn refs=24,"{""cmd"": ""STOP"", ""status"": ""READY"", ""detector"": ""yolo"", ""state"": ""IDLE"", ""owner"": ""Surnn"", ""score"": null, ""match_max"": 0.5, ""refs"": 24, ""match_mode"": ""none"", ""steer_zones"": 41, ""people"": 0, ""track_id"": null, ""target_ex"": 0.0, ""target_cx_vel_px_s"": 0.0, ""target_age_s"": null, ""lidar_min_m"": 0.27, ""target_lidar_m"": null, ""target_lidar_deg"": null, ""camera_range_m"
2026-07-16T23:02:46.337,1680.337,mission_20260716_223446_manual,MANUAL,,0,13.330282211303711,100.9979248046875,150.5850713482444,4,True,0.6800000071525574,1,0,0,1,0,0.0,0.0,0.0,0,0,nan,nan,nan,88,26.299999237060547,0.0,29.0,0,27,-,READY owner=Surnn refs=24,"{""cmd"": ""STOP"", ""status"": ""READY"", ""detector"": ""yolo"", ""state"": ""IDLE"", ""owner"": ""Surnn"", ""score"": null, ""match_max"": 0.5, ""refs"": 24, ""match_mode"": ""none"", ""steer_zones"": 41, ""people"": 0, ""track_id"": null, ""target_ex"": 0.0, ""target_cx_vel_px_s"": 0.0, ""target_age_s"": null, ""lidar_min_m"": 0.27, ""target_lidar_m"": null, ""target_lidar_deg"": null, ""camera_range_m"
2026-07-16T23:02:48.337,1682.337,mission_20260716_223446_manual,MANUAL,,0,13.330284118652344,100.9979248046875,150.57498998902946,4,True,0.6782500147819519,1,0,0,1,0,0.0,0.0,0.0,0,0,nan,nan,nan,88,26.299999237060547,0.0,29.0,0,28,-,READY owner=Surnn refs=24,"{""cmd"": ""STOP"", ""status"": ""READY"", ""detector"": ""yolo"", ""state"": ""IDLE"", ""owner"": ""Surnn"", ""score"": null, ""match_max"": 0.5, ""refs"": 24, ""match_mode"": ""none"", ""steer_zones"": 41, ""people"": 0, ""track_id"": null, ""target_ex"": 0.0, ""target_cx_vel_px_s"": 0.0, ""target_age_s"": null, ""lidar_min_m"": 0.27, ""target_lidar_m"": null, ""target_lidar_deg"": null, ""camera_range_m"
2026-07-16T23:02:50.453,1684.453,mission_20260716_223446_manual,MANUAL,,0,13.330286026000977,100.9979248046875,150.5701542150971,4,True,0.6782500147819519,1,0,0,1,0,0.0,0.0,0.0,0,0,nan,nan,nan,88,26.299999237060547,0.0,29.0,0,28,-,READY owner=Surnn refs=24,"{""cmd"": ""STOP"", ""status"": ""READY"", ""detector"": ""yolo"", ""state"": ""IDLE"", ""owner"": ""Surnn"", ""score"": null, ""match_max"": 0.5, ""refs"": 24, ""match_mode"": ""none"", ""steer_zones"": 41, ""people"": 0, ""track_id"": null, ""target_ex"": 0.0, ""target_cx_vel_px_s"": 0.0, ""target_age_s"": null, ""lidar_min_m"": 0.27, ""target_lidar_m"": null, ""target_lidar_deg"": null, ""camera_range_m"
2026-07-16T23:02:52.454,1686.454,mission_20260716_223446_manual,MANUAL,,0,13.330286979675293,100.9979248046875,150.57205300768635,4,True,0.6779999732971191,1,0,0,1,0,0.0,0.0,0.0,0,0,nan,nan,nan,88,26.299999237060547,0.0,29.0,0,29,-,READY owner=Surnn refs=24,"{""cmd"": ""STOP"", ""status"": ""READY"", ""detector"": ""yolo"", ""state"": ""IDLE"", ""owner"": ""Surnn"", ""score"": null, ""match_max"": 0.5, ""refs"": 24, ""match_mode"": ""none"", ""steer_zones"": 41, ""people"": 0, ""track_id"": null, ""target_ex"": 0.0, ""target_cx_vel_px_s"": 0.0, ""target_age_s"": null, ""lidar_min_m"": 0.28, ""target_lidar_m"": null, ""target_lidar_deg"": null, ""camera_range_m"
2026-07-16T23:02:54.576,1688.576,mission_20260716_223446_manual,MANUAL,,0,13.330286979675293,100.9979248046875,150.5850713482444,4,True,0.6787499785423279,1,0,0,1,0,0.0,0.0,0.0,0,0,nan,nan,nan,88,26.299999237060547,0.0,29.0,0,29,-,READY owner=Surnn refs=24,"{""cmd"": ""STOP"", ""status"": ""READY"", ""detector"": ""yolo"", ""state"": ""IDLE"", ""owner"": ""Surnn"", ""score"": null, ""match_max"": 0.5, ""refs"": 24, ""match_mode"": ""none"", ""steer_zones"": 41, ""people"": 0, ""track_id"": null, ""target_ex"": 0.0, ""target_cx_vel_px_s"": 0.0, ""target_age_s"": null, ""lidar_min_m"": 0.27, ""target_lidar_m"": null, ""target_lidar_deg"": null, ""camera_range_m"
2026-07-16T23:02:56.577,1690.578,mission_20260716_223446_manual,MANUAL,,0,13.33028793334961,100.9979248046875,150.57259942281996,4,True,0.6784999966621399,1,0,0,1,0,0.0,0.0,0.0,0,0,nan,nan,nan,88,26.299999237060547,0.0,29.0,0,29,-,READY owner=Surnn refs=24,"{""cmd"": ""STOP"", ""status"": ""READY"", ""detector"": ""yolo"", ""state"": ""IDLE"", ""owner"": ""Surnn"", ""score"": null, ""match_max"": 0.5, ""refs"": 24, ""match_mode"": ""none"", ""steer_zones"": 41, ""people"": 0, ""track_id"": null, ""target_ex"": 0.0, ""target_cx_vel_px_s"": 0.0, ""target_age_s"": null, ""lidar_min_m"": 0.27, ""target_lidar_m"": null, ""target_lidar_deg"": null, ""camera_range_m"
2026-07-16T23:02:58.696,1692.696,mission_20260716_223446_manual,MANUAL,,0,13.330286979675293,100.9979248046875,150.5822709706847,4,True,0.6784999966621399,1,0,0,1,0,0.0,0.0,0.0,0,0,nan,nan,nan,88,26.299999237060547,0.0,29.0,0,29,-,READY owner=Surnn refs=24,"{""cmd"": ""STOP"", ""status"": ""READY"", ""detector"": ""yolo"", ""state"": ""IDLE"", ""owner"": ""Surnn"", ""score"": null, ""match_max"": 0.5, ""refs"": 24, ""match_mode"": ""none"", ""steer_zones"": 41, ""people"": 0, ""track_id"": null, ""target_ex"": 0.0, ""target_cx_vel_px_s"": 0.0, ""target_age_s"": null, ""lidar_min_m"": 0.28, ""target_lidar_m"": null, ""target_lidar_deg"": null, ""camera_range_m"
2026-07-16T23:03:00.707,1694.707,mission_20260716_223446_manual,MANUAL,,0,13.330286979675293,100.9979248046875,150.6038133873269,4,True,0.6775000095367432,1,0,0,1,0,0.0,0.0,0.0,0,0,nan,nan,nan,88,26.299999237060547,0.0,29.0,0,28,-,READY owner=Surnn refs=24,"{""cmd"": ""STOP"", ""status"": ""READY"", ""detector"": ""yolo"", ""state"": ""IDLE"", ""owner"": ""Surnn"", ""score"": null, ""match_max"": 0.5, ""refs"": 24, ""match_mode"": ""none"", ""steer_zones"": 41, ""people"": 0, ""track_id"": null, ""target_ex"": 0.0, ""target_cx_vel_px_s"": 0.0, ""target_age_s"": null, ""lidar_min_m"": 0.27, ""target_lidar_m"": null, ""target_lidar_deg"": null, ""camera_range_m"
2026-07-16T23:03:02.828,1696.828,mission_20260716_223446_manual,MANUAL,,0,13.330286026000977,100.99791717529297,150.6034991986251,4,True,0.6782500147819519,1,0,0,1,0,0.0,0.0,0.0,0,0,nan,nan,nan,88,26.299999237060547,0.0,29.0,0,29,-,READY owner=Surnn refs=24,"{""cmd"": ""STOP"", ""status"": ""READY"", ""detector"": ""yolo"", ""state"": ""IDLE"", ""owner"": ""Surnn"", ""score"": null, ""match_max"": 0.5, ""refs"": 24, ""match_mode"": ""none"", ""steer_zones"": 41, ""people"": 0, ""track_id"": null, ""target_ex"": 0.0, ""target_cx_vel_px_s"": 0.0, ""target_age_s"": null, ""lidar_min_m"": 0.27, ""target_lidar_m"": null, ""target_lidar_deg"": null, ""camera_range_m"
2026-07-16T23:03:04.835,1698.836,mission_20260716_223446_manual,MANUAL,,0,13.33028507232666,100.99791717529297,150.60209217965607,4,True,0.6779999732971191,1,0,0,1,0,0.0,0.0,0.0,0,0,nan,nan,nan,88,26.299999237060547,0.0,29.0,0,29,-,READY owner=Surnn refs=24,"{""cmd"": ""STOP"", ""status"": ""READY"", ""detector"": ""yolo"", ""state"": ""IDLE"", ""owner"": ""Surnn"", ""score"": null, ""match_max"": 0.5, ""refs"": 24, ""match_mode"": ""none"", ""steer_zones"": 41, ""people"": 0, ""track_id"": null, ""target_ex"": 0.0, ""target_cx_vel_px_s"": 0.0, ""target_age_s"": null, ""lidar_min_m"": 0.27, ""target_lidar_m"": null, ""target_lidar_deg"": null, ""camera_range_m"
2026-07-16T23:03:06.852,1700.852,mission_20260716_223446_manual,MANUAL,,0,13.330283164978027,100.99791717529297,150.59482485837918,4,True,0.6784999966621399,1,0,0,1,0,0.0,0.0,0.0,0,0,nan,nan,nan,88,26.299999237060547,0.0,29.0,0,28,-,READY owner=Surnn refs=24,"{""cmd"": ""STOP"", ""status"": ""READY"", ""detector"": ""yolo"", ""state"": ""IDLE"", ""owner"": ""Surnn"", ""score"": null, ""match_max"": 0.5, ""refs"": 24, ""match_mode"": ""none"", ""steer_zones"": 41, ""people"": 0, ""track_id"": null, ""target_ex"": 0.0, ""target_cx_vel_px_s"": 0.0, ""target_age_s"": null, ""lidar_min_m"": 0.26, ""target_lidar_m"": null, ""target_lidar_deg"": null, ""camera_range_m"
2026-07-16T23:03:08.964,1702.964,mission_20260716_223446_manual,MANUAL,,0,13.330283164978027,100.99791717529297,150.5871477257521,4,True,0.6804999709129333,1,0,0,1,0,0.0,0.0,0.0,0,0,nan,nan,nan,88,26.299999237060547,0.0,29.0,0,28,-,READY owner=Surnn refs=24,"{""cmd"": ""STOP"", ""status"": ""READY"", ""detector"": ""yolo"", ""state"": ""IDLE"", ""owner"": ""Surnn"", ""score"": null, ""match_max"": 0.5, ""refs"": 24, ""match_mode"": ""none"", ""steer_zones"": 41, ""people"": 0, ""track_id"": null, ""target_ex"": 0.0, ""target_cx_vel_px_s"": 0.0, ""target_age_s"": null, ""lidar_min_m"": 0.28, ""target_lidar_m"": null, ""target_lidar_deg"": null, ""camera_range_m"
2026-07-16T23:03:10.965,1704.965,mission_20260716_223446_manual,MANUAL,,0,13.330283164978027,100.99791717529297,150.58059074414888,4,True,0.6775000095367432,1,0,0,1,0,0.0,0.0,0.0,0,0,nan,nan,nan,88,26.299999237060547,0.0,29.0,0,28,-,READY owner=Surnn refs=24,"{""cmd"": ""STOP"", ""status"": ""READY"", ""detector"": ""yolo"", ""state"": ""IDLE"", ""owner"": ""Surnn"", ""score"": null, ""match_max"": 0.5, ""refs"": 24, ""match_mode"": ""none"", ""steer_zones"": 41, ""people"": 0, ""track_id"": null, ""target_ex"": 0.0, ""target_cx_vel_px_s"": 0.0, ""target_age_s"": null, ""lidar_min_m"": 0.29, ""target_lidar_m"": null, ""target_lidar_deg"": null, ""camera_range_m"
2026-07-16T23:03:13.081,1707.082,mission_20260716_223446_manual,MANUAL,,0,13.330283164978027,100.99791717529297,150.5704957245556,4,True,0.6797500252723694,1,0,0,1,0,0.0,0.0,0.0,0,0,nan,nan,nan,88,26.299999237060547,0.0,29.0,0,28,-,READY owner=Surnn refs=24,"{""cmd"": ""STOP"", ""status"": ""READY"", ""detector"": ""yolo"", ""state"": ""IDLE"", ""owner"": ""Surnn"", ""score"": null, ""match_max"": 0.5, ""refs"": 24, ""match_mode"": ""none"", ""steer_zones"": 41, ""people"": 0, ""track_id"": null, ""target_ex"": 0.0, ""target_cx_vel_px_s"": 0.0, ""target_age_s"": null, ""lidar_min_m"": 0.28, ""target_lidar_m"": null, ""target_lidar_deg"": null, ""camera_range_m"
2026-07-16T23:03:15.200,1709.2,mission_20260716_223446_manual,MANUAL,,0,13.330282211303711,100.99791717529297,150.57044108304223,4,True,0.6784999966621399,1,0,0,1,0,0.0,0.0,0.0,0,0,nan,nan,nan,88,26.299999237060547,0.0,29.0,0,28,-,READY owner=Surnn refs=24,"{""cmd"": ""STOP"", ""status"": ""READY"", ""detector"": ""yolo"", ""state"": ""IDLE"", ""owner"": ""Surnn"", ""score"": null, ""match_max"": 0.5, ""refs"": 24, ""match_mode"": ""none"", ""steer_zones"": 41, ""people"": 0, ""track_id"": null, ""target_ex"": 0.0, ""target_cx_vel_px_s"": 0.0, ""target_age_s"": null, ""lidar_min_m"": 0.27, ""target_lidar_m"": null, ""target_lidar_deg"": null, ""camera_range_m"
2026-07-16T23:03:17.323,1711.323,mission_20260716_223446_manual,MANUAL,,0,13.330282211303711,100.99791717529297,150.57098749817584,4,True,0.6792500019073486,1,0,0,1,0,0.0,0.0,0.0,0,0,nan,nan,nan,88,26.299999237060547,0.0,29.0,0,28,-,READY owner=Surnn refs=24,"{""cmd"": ""STOP"", ""status"": ""READY"", ""detector"": ""yolo"", ""state"": ""IDLE"", ""owner"": ""Surnn"", ""score"": null, ""match_max"": 0.5, ""refs"": 24, ""match_mode"": ""none"", ""steer_zones"": 41, ""people"": 0, ""track_id"": null, ""target_ex"": 0.0, ""target_cx_vel_px_s"": 0.0, ""target_age_s"": null, ""lidar_min_m"": 0.27, ""target_lidar_m"": null, ""target_lidar_deg"": null, ""camera_range_m"
2026-07-16T23:03:19.408,1713.408,mission_20260716_223446_manual,MANUAL,,0,13.330281257629395,100.99790954589844,150.5690613848299,4,True,0.6792500019073486,1,0,0,1,0,0.0,0.0,0.0,0,0,nan,nan,nan,88,26.299999237060547,0.0,29.0,0,28,-,READY owner=Surnn refs=24,"{""cmd"": ""STOP"", ""status"": ""READY"", ""detector"": ""yolo"", ""state"": ""IDLE"", ""owner"": ""Surnn"", ""score"": null, ""match_max"": 0.5, ""refs"": 24, ""match_mode"": ""none"", ""steer_zones"": 41, ""people"": 0, ""track_id"": null, ""target_ex"": 0.0, ""target_cx_vel_px_s"": 0.0, ""target_age_s"": null, ""lidar_min_m"": 0.28, ""target_lidar_m"": null, ""target_lidar_deg"": null, ""camera_range_m"
2026-07-16T23:03:21.431,1715.432,mission_20260716_223446_manual,MANUAL,,0,13.330281257629395,100.99790954589844,150.5653730826781,4,True,0.6779999732971191,1,0,0,1,0,0.0,0.0,0.0,0,0,nan,nan,nan,88,26.299999237060547,0.0,29.0,0,28,-,READY owner=Surnn refs=24,"{""cmd"": ""STOP"", ""status"": ""READY"", ""detector"": ""yolo"", ""state"": ""IDLE"", ""owner"": ""Surnn"", ""score"": null, ""match_max"": 0.5, ""refs"": 24, ""match_mode"": ""none"", ""steer_zones"": 41, ""people"": 0, ""track_id"": null, ""target_ex"": 0.0, ""target_cx_vel_px_s"": 0.0, ""target_age_s"": null, ""lidar_min_m"": 0.28, ""target_lidar_m"": null, ""target_lidar_deg"": null, ""camera_range_m"
2026-07-16T23:03:23.451,1717.452,mission_20260716_223446_manual,MANUAL,,0,13.330279350280762,100.99790954589844,150.555004855518,4,True,0.6797500252723694,1,0,0,1,0,0.0,0.0,0.0,0,0,nan,nan,nan,88,26.299999237060547,0.0,29.0,0,28,-,READY owner=Surnn refs=24,"{""cmd"": ""STOP"", ""status"": ""READY"", ""detector"": ""yolo"", ""state"": ""IDLE"", ""owner"": ""Surnn"", ""score"": null, ""match_max"": 0.5, ""refs"": 24, ""match_mode"": ""none"", ""steer_zones"": 41, ""people"": 0, ""track_id"": null, ""target_ex"": 0.0, ""target_cx_vel_px_s"": 0.0, ""target_age_s"": null, ""lidar_min_m"": 0.29, ""target_lidar_m"": null, ""target_lidar_deg"": null, ""camera_range_m"
2026-07-16T23:03:25.574,1719.575,mission_20260716_223446_manual,MANUAL,,0,13.330278396606445,100.99790954589844,150.55556493102995,4,True,0.6784999966621399,1,0,0,1,0,0.0,0.0,0.0,0,0,nan,nan,nan,88,26.299999237060547,0.0,29.0,0,28,-,READY owner=Surnn refs=24,"{""cmd"": ""STOP"", ""status"": ""READY"", ""detector"": ""yolo"", ""state"": ""IDLE"", ""owner"": ""Surnn"", ""score"": null, ""match_max"": 0.5, ""refs"": 24, ""match_mode"": ""none"", ""steer_zones"": 41, ""people"": 0, ""track_id"": null, ""target_ex"": 0.0, ""target_cx_vel_px_s"": 0.0, ""target_age_s"": null, ""lidar_min_m"": 0.29, ""target_lidar_m"": null, ""target_lidar_deg"": null, ""camera_range_m"
2026-07-16T23:03:27.587,1721.588,mission_20260716_223446_manual,MANUAL,,0,13.330277442932129,100.99790954589844,150.55597474238016,4,True,0.6775000095367432,1,0,0,1,0,0.0,0.0,0.0,0,0,nan,nan,nan,88,26.299999237060547,0.0,29.0,0,28,-,READY owner=Surnn refs=24,"{""cmd"": ""STOP"", ""status"": ""READY"", ""detector"": ""yolo"", ""state"": ""IDLE"", ""owner"": ""Surnn"", ""score"": null, ""match_max"": 0.5, ""refs"": 24, ""match_mode"": ""none"", ""steer_zones"": 41, ""people"": 0, ""track_id"": null, ""target_ex"": 0.0, ""target_cx_vel_px_s"": 0.0, ""target_age_s"": null, ""lidar_min_m"": 0.27, ""target_lidar_m"": null, ""target_lidar_deg"": null, ""camera_range_m"
2026-07-16T23:03:29.708,1723.708,mission_20260716_223446_manual,MANUAL,,0,13.330277442932129,100.99790954589844,150.56156183712122,4,True,0.6782500147819519,1,0,0,1,0,0.0,0.0,0.0,0,0,nan,nan,nan,88,26.299999237060547,0.0,29.0,0,28,-,READY owner=Surnn refs=24,"{""cmd"": ""STOP"", ""status"": ""READY"", ""detector"": ""yolo"", ""state"": ""IDLE"", ""owner"": ""Surnn"", ""score"": null, ""match_max"": 0.5, ""refs"": 24, ""match_mode"": ""none"", ""steer_zones"": 41, ""people"": 0, ""track_id"": null, ""target_ex"": 0.0, ""target_cx_vel_px_s"": 0.0, ""target_age_s"": null, ""lidar_min_m"": 0.27, ""target_lidar_m"": null, ""target_lidar_deg"": null, ""camera_range_m"
2026-07-16T23:03:31.831,1725.832,mission_20260716_223446_manual,MANUAL,,0,13.330276489257812,100.99790954589844,150.56626100727019,4,True,0.6784999966621399,1,0,0,1,0,0.0,0.0,0.0,0,0,nan,nan,nan,88,26.299999237060547,0.0,29.0,0,28,-,READY owner=Surnn refs=24,"{""cmd"": ""STOP"", ""status"": ""READY"", ""detector"": ""yolo"", ""state"": ""IDLE"", ""owner"": ""Surnn"", ""score"": null, ""match_max"": 0.5, ""refs"": 24, ""match_mode"": ""none"", ""steer_zones"": 41, ""people"": 0, ""track_id"": null, ""target_ex"": 0.0, ""target_cx_vel_px_s"": 0.0, ""target_age_s"": null, ""lidar_min_m"": 0.28, ""target_lidar_m"": null, ""target_lidar_deg"": null, ""camera_range_m"
2026-07-16T23:03:33.863,1727.864,mission_20260716_223446_manual,MANUAL,,0,13.330276489257812,100.99790954589844,150.566534214837,4,True,0.6807500123977661,1,0,0,1,0,0.0,0.0,0.0,0,0,nan,nan,nan,88,26.299999237060547,0.0,29.0,0,28,-,READY owner=Surnn refs=24,"{""cmd"": ""STOP"", ""status"": ""READY"", ""detector"": ""yolo"", ""state"": ""IDLE"", ""owner"": ""Surnn"", ""score"": null, ""match_max"": 0.5, ""refs"": 24, ""match_mode"": ""none"", ""steer_zones"": 41, ""people"": 0, ""track_id"": null, ""target_ex"": 0.0, ""target_cx_vel_px_s"": 0.0, ""target_age_s"": null, ""lidar_min_m"": 0.27, ""target_lidar_m"": null, ""target_lidar_deg"": null, ""camera_range_m"
2026-07-16T23:03:35.971,1729.972,mission_20260716_223446_manual,MANUAL,,0,13.330275535583496,100.99790954589844,150.5678319507793,4,True,0.6784999966621399,1,0,0,1,0,0.0,0.0,0.0,0,0,nan,nan,nan,88,26.299999237060547,0.0,29.0,0,28,-,READY owner=Surnn refs=24,"{""cmd"": ""STOP"", ""status"": ""READY"", ""detector"": ""yolo"", ""state"": ""IDLE"", ""owner"": ""Surnn"", ""score"": null, ""match_max"": 0.5, ""refs"": 24, ""match_mode"": ""none"", ""steer_zones"": 41, ""people"": 0, ""track_id"": null, ""target_ex"": 0.0, ""target_cx_vel_px_s"": 0.0, ""target_age_s"": null, ""lidar_min_m"": 0.28, ""target_lidar_m"": null, ""target_lidar_deg"": null, ""camera_range_m"
2026-07-16T23:03:37.976,1731.976,mission_20260716_223446_manual,MANUAL,,0,13.330275535583496,100.99790954589844,150.5609744408526,4,True,0.6762499809265137,1,0,0,1,0,0.0,0.0,0.0,0,0,nan,nan,nan,88,26.299999237060547,0.0,29.0,0,28,-,READY owner=Surnn refs=24,"{""cmd"": ""STOP"", ""status"": ""READY"", ""detector"": ""yolo"", ""state"": ""IDLE"", ""owner"": ""Surnn"", ""score"": null, ""match_max"": 0.5, ""refs"": 24, ""match_mode"": ""none"", ""steer_zones"": 41, ""people"": 0, ""track_id"": null, ""target_ex"": 0.0, ""target_cx_vel_px_s"": 0.0, ""target_age_s"": null, ""lidar_min_m"": 0.29, ""target_lidar_m"": null, ""target_lidar_deg"": null, ""camera_range_m"
2026-07-16T23:03:39.979,1733.979,mission_20260716_223446_manual,MANUAL,,0,13.330275535583496,100.99790954589844,150.56809149796774,4,True,0.6759999990463257,1,0,0,1,0,0.0,0.0,0.0,0,0,nan,nan,nan,88,26.299999237060547,0.0,29.0,0,28,-,READY owner=Surnn refs=24,"{""cmd"": ""STOP"", ""status"": ""READY"", ""detector"": ""yolo"", ""state"": ""IDLE"", ""owner"": ""Surnn"", ""score"": null, ""match_max"": 0.5, ""refs"": 24, ""match_mode"": ""none"", ""steer_zones"": 41, ""people"": 0, ""track_id"": null, ""target_ex"": 0.0, ""target_cx_vel_px_s"": 0.0, ""target_age_s"": null, ""lidar_min_m"": 0.27, ""target_lidar_m"": null, ""target_lidar_deg"": null, ""camera_range_m"
2026-07-16T23:03:41.984,1735.984,mission_20260716_223446_manual,MANUAL,,0,13.330276489257812,100.99790954589844,150.56848764893962,4,True,0.6779999732971191,1,0,0,1,0,0.0,0.0,0.0,0,0,nan,nan,nan,88,26.299999237060547,0.0,29.0,0,28,-,READY owner=Surnn refs=24,"{""cmd"": ""STOP"", ""status"": ""READY"", ""detector"": ""yolo"", ""state"": ""IDLE"", ""owner"": ""Surnn"", ""score"": null, ""match_max"": 0.5, ""refs"": 24, ""match_mode"": ""none"", ""steer_zones"": 41, ""people"": 0, ""track_id"": null, ""target_ex"": 0.0, ""target_cx_vel_px_s"": 0.0, ""target_age_s"": null, ""lidar_min_m"": 0.29, ""target_lidar_m"": null, ""target_lidar_deg"": null, ""camera_range_m"
2026-07-16T23:03:44.059,1738.059,mission_20260716_223446_manual,MANUAL,,0,13.330276489257812,100.99790954589844,150.5655779883532,4,True,0.6790000200271606,1,0,0,1,0,0.0,0.0,0.0,0,0,nan,nan,nan,88,26.299999237060547,0.0,29.0,0,27,-,READY owner=Surnn refs=24,"{""cmd"": ""STOP"", ""status"": ""READY"", ""detector"": ""yolo"", ""state"": ""IDLE"", ""owner"": ""Surnn"", ""score"": null, ""match_max"": 0.5, ""refs"": 24, ""match_mode"": ""none"", ""steer_zones"": 41, ""people"": 0, ""track_id"": null, ""target_ex"": 0.0, ""target_cx_vel_px_s"": 0.0, ""target_age_s"": null, ""lidar_min_m"": 0.27, ""target_lidar_m"": null, ""target_lidar_deg"": null, ""camera_range_m"
2026-07-16T23:03:46.104,1740.105,mission_20260716_223446_manual,MANUAL,,0,13.330277442932129,100.99790954589844,150.5624497617133,4,True,0.6777499914169312,1,0,0,1,0,0.0,0.0,0.0,0,0,nan,nan,nan,88,26.299999237060547,0.0,29.0,0,27,-,READY owner=Surnn refs=24,"{""cmd"": ""STOP"", ""status"": ""READY"", ""detector"": ""yolo"", ""state"": ""IDLE"", ""owner"": ""Surnn"", ""score"": null, ""match_max"": 0.5, ""refs"": 24, ""match_mode"": ""none"", ""steer_zones"": 41, ""people"": 0, ""track_id"": null, ""target_ex"": 0.0, ""target_cx_vel_px_s"": 0.0, ""target_age_s"": null, ""lidar_min_m"": 0.27, ""target_lidar_m"": null, ""target_lidar_deg"": null, ""camera_range_m"
2026-07-16T23:03:48.107,1742.107,mission_20260716_223446_manual,MANUAL,,0,13.330278396606445,100.99790954589844,150.56322840327869,4,True,0.6794999837875366,1,0,0,1,0,0.0,0.0,0.0,0,0,nan,nan,nan,88,26.299999237060547,0.0,29.0,0,28,-,READY owner=Surnn refs=24,"{""cmd"": ""STOP"", ""status"": ""READY"", ""detector"": ""yolo"", ""state"": ""IDLE"", ""owner"": ""Surnn"", ""score"": null, ""match_max"": 0.5, ""refs"": 24, ""match_mode"": ""none"", ""steer_zones"": 41, ""people"": 0, ""track_id"": null, ""target_ex"": 0.0, ""target_cx_vel_px_s"": 0.0, ""target_age_s"": null, ""lidar_min_m"": 0.28, ""target_lidar_m"": null, ""target_lidar_deg"": null, ""camera_range_m"
2026-07-16T23:03:50.223,1744.224,mission_20260716_223446_manual,MANUAL,,0,13.330279350280762,100.99790954589844,150.56026410117892,4,True,0.6779999732971191,1,0,0,1,0,0.0,0.0,0.0,0,0,nan,nan,nan,88,26.299999237060547,0.0,29.0,0,28,-,READY owner=Surnn refs=24,"{""cmd"": ""STOP"", ""status"": ""READY"", ""detector"": ""yolo"", ""state"": ""IDLE"", ""owner"": ""Surnn"", ""score"": null, ""match_max"": 0.5, ""refs"": 24, ""match_mode"": ""none"", ""steer_zones"": 41, ""people"": 0, ""track_id"": null, ""target_ex"": 0.0, ""target_cx_vel_px_s"": 0.0, ""target_age_s"": null, ""lidar_min_m"": 0.27, ""target_lidar_m"": null, ""target_lidar_deg"": null, ""camera_range_m"
2026-07-16T23:03:52.344,1746.344,mission_20260716_223446_manual,MANUAL,,0,13.330280303955078,100.99790954589844,150.56373383727728,4,True,0.6794999837875366,1,0,0,1,0,0.0,0.0,0.0,0,0,nan,nan,nan,88,26.299999237060547,0.0,29.0,0,26,-,READY owner=Surnn refs=24,"{""cmd"": ""STOP"", ""status"": ""READY"", ""detector"": ""yolo"", ""state"": ""IDLE"", ""owner"": ""Surnn"", ""score"": null, ""match_max"": 0.5, ""refs"": 24, ""match_mode"": ""none"", ""steer_zones"": 41, ""people"": 0, ""track_id"": null, ""target_ex"": 0.0, ""target_cx_vel_px_s"": 0.0, ""target_age_s"": null, ""lidar_min_m"": 0.28, ""target_lidar_m"": null, ""target_lidar_deg"": null, ""camera_range_m"
2026-07-16T23:03:54.359,1748.36,mission_20260716_223446_manual,MANUAL,,0,13.330280303955078,100.99790954589844,150.57369225308716,4,True,0.6797500252723694,1,0,0,1,0,0.0,0.0,0.0,0,0,nan,nan,nan,88,26.299999237060547,0.0,29.0,0,27,-,READY owner=Surnn refs=24,"{""cmd"": ""STOP"", ""status"": ""READY"", ""detector"": ""yolo"", ""state"": ""IDLE"", ""owner"": ""Surnn"", ""score"": null, ""match_max"": 0.5, ""refs"": 24, ""match_mode"": ""none"", ""steer_zones"": 41, ""people"": 0, ""track_id"": null, ""target_ex"": 0.0, ""target_cx_vel_px_s"": 0.0, ""target_age_s"": null, ""lidar_min_m"": 0.27, ""target_lidar_m"": null, ""target_lidar_deg"": null, ""camera_range_m"
2026-07-16T23:03:56.474,1750.475,mission_20260716_223446_manual,MANUAL,,0,13.330281257629395,100.99790954589844,150.57546810227137,4,True,0.6782500147819519,1,0,0,1,0,0.0,0.0,0.0,0,0,nan,nan,nan,88,26.299999237060547,0.0,29.0,0,27,-,READY owner=Surnn refs=24,"{""cmd"": ""STOP"", ""status"": ""READY"", ""detector"": ""yolo"", ""state"": ""IDLE"", ""owner"": ""Surnn"", ""score"": null, ""match_max"": 0.5, ""refs"": 24, ""match_mode"": ""none"", ""steer_zones"": 41, ""people"": 0, ""track_id"": null, ""target_ex"": 0.0, ""target_cx_vel_px_s"": 0.0, ""target_age_s"": null, ""lidar_min_m"": 0.27, ""target_lidar_m"": null, ""target_lidar_deg"": null, ""camera_range_m"
2026-07-16T23:03:58.476,1752.477,mission_20260716_223446_manual,MANUAL,,0,13.330282211303711,100.99790954589844,150.58291300846668,4,True,0.6792500019073486,1,0,0,1,0,0.0,0.0,0.0,0,0,nan,nan,nan,88,26.299999237060547,0.0,29.0,0,27,-,READY owner=Surnn refs=24,"{""cmd"": ""STOP"", ""status"": ""READY"", ""detector"": ""yolo"", ""state"": ""IDLE"", ""owner"": ""Surnn"", ""score"": null, ""match_max"": 0.5, ""refs"": 24, ""match_mode"": ""none"", ""steer_zones"": 41, ""people"": 0, ""track_id"": null, ""target_ex"": 0.0, ""target_cx_vel_px_s"": 0.0, ""target_age_s"": null, ""lidar_min_m"": 0.27, ""target_lidar_m"": null, ""target_lidar_deg"": null, ""camera_range_m"
2026-07-16T23:04:00.587,1754.587,mission_20260716_223446_manual,MANUAL,,0,13.330283164978027,100.99790954589844,150.58150598949766,4,True,0.6775000095367432,1,0,0,1,0,0.0,0.0,0.0,0,0,nan,nan,nan,88,26.299999237060547,0.0,29.0,0,26,-,READY owner=Surnn refs=24,"{""cmd"": ""STOP"", ""status"": ""READY"", ""detector"": ""yolo"", ""state"": ""IDLE"", ""owner"": ""Surnn"", ""score"": null, ""match_max"": 0.5, ""refs"": 24, ""match_mode"": ""none"", ""steer_zones"": 41, ""people"": 0, ""track_id"": null, ""target_ex"": 0.0, ""target_cx_vel_px_s"": 0.0, ""target_age_s"": null, ""lidar_min_m"": 0.27, ""target_lidar_m"": null, ""target_lidar_deg"": null, ""camera_range_m"
2026-07-16T23:04:02.663,1756.664,mission_20260716_223446_manual,MANUAL,,0,13.330283164978027,100.99790954589844,150.58601391434985,4,True,0.6809999942779541,1,0,0,1,0,0.0,0.0,0.0,0,0,nan,nan,nan,88,26.299999237060547,0.0,29.0,0,27,-,READY owner=Surnn refs=24,"{""cmd"": ""STOP"", ""status"": ""READY"", ""detector"": ""yolo"", ""state"": ""IDLE"", ""owner"": ""Surnn"", ""score"": null, ""match_max"": 0.5, ""refs"": 24, ""match_mode"": ""none"", ""steer_zones"": 41, ""people"": 0, ""track_id"": null, ""target_ex"": 0.0, ""target_cx_vel_px_s"": 0.0, ""target_age_s"": null, ""lidar_min_m"": 0.29, ""target_lidar_m"": null, ""target_lidar_deg"": null, ""camera_range_m"
2026-07-16T23:04:04.702,1758.703,mission_20260716_223446_manual,MANUAL,,0,13.330283164978027,100.99790954589844,150.5804678007438,4,True,0.6779999732971191,1,0,0,1,0,0.0,0.0,0.0,0,0,nan,nan,nan,88,26.299999237060547,0.0,29.0,0,27,-,READY owner=Surnn refs=24,"{""cmd"": ""STOP"", ""status"": ""READY"", ""detector"": ""yolo"", ""state"": ""IDLE"", ""owner"": ""Surnn"", ""score"": null, ""match_max"": 0.5, ""refs"": 24, ""match_mode"": ""none"", ""steer_zones"": 41, ""people"": 0, ""track_id"": null, ""target_ex"": 0.0, ""target_cx_vel_px_s"": 0.0, ""target_age_s"": null, ""lidar_min_m"": 0.28, ""target_lidar_m"": null, ""target_lidar_deg"": null, ""camera_range_m"
2026-07-16T23:04:06.831,1760.832,mission_20260716_223446_manual,MANUAL,,0,13.330284118652344,100.99790954589844,150.57739421561732,4,True,0.6807500123977661,1,0,0,1,0,0.0,0.0,0.0,0,0,nan,nan,nan,88,26.299999237060547,0.0,29.0,0,27,-,READY owner=Surnn refs=24,"{""cmd"": ""STOP"", ""status"": ""READY"", ""detector"": ""yolo"", ""state"": ""IDLE"", ""owner"": ""Surnn"", ""score"": null, ""match_max"": 0.5, ""refs"": 24, ""match_mode"": ""none"", ""steer_zones"": 41, ""people"": 0, ""track_id"": null, ""target_ex"": 0.0, ""target_cx_vel_px_s"": 0.0, ""target_age_s"": null, ""lidar_min_m"": 0.27, ""target_lidar_m"": null, ""target_lidar_deg"": null, ""camera_range_m"
2026-07-16T23:04:08.849,1762.85,mission_20260716_223446_manual,MANUAL,,0,13.330284118652344,100.99790954589844,150.58289934808835,4,True,0.6792500019073486,1,0,0,1,0,0.0,0.0,0.0,0,0,nan,nan,nan,88,26.299999237060547,0.0,29.0,0,27,-,READY owner=Surnn refs=24,"{""cmd"": ""STOP"", ""status"": ""READY"", ""detector"": ""yolo"", ""state"": ""IDLE"", ""owner"": ""Surnn"", ""score"": null, ""match_max"": 0.5, ""refs"": 24, ""match_mode"": ""none"", ""steer_zones"": 41, ""people"": 0, ""track_id"": null, ""target_ex"": 0.0, ""target_cx_vel_px_s"": 0.0, ""target_age_s"": null, ""lidar_min_m"": 0.29, ""target_lidar_m"": null, ""target_lidar_deg"": null, ""camera_range_m"
2026-07-16T23:04:10.975,1764.976,mission_20260716_223446_manual,MANUAL,,0,13.330284118652344,100.99790954589844,150.59819897182916,4,True,0.6807500123977661,1,0,0,1,0,0.0,0.0,0.0,0,0,nan,nan,nan,88,26.299999237060547,0.0,29.0,0,27,-,READY owner=Surnn refs=24,"{""cmd"": ""STOP"", ""status"": ""READY"", ""detector"": ""yolo"", ""state"": ""IDLE"", ""owner"": ""Surnn"", ""score"": null, ""match_max"": 0.5, ""refs"": 24, ""match_mode"": ""none"", ""steer_zones"": 41, ""people"": 0, ""track_id"": null, ""target_ex"": 0.0, ""target_cx_vel_px_s"": 0.0, ""target_age_s"": null, ""lidar_min_m"": 0.3, ""target_lidar_m"": null, ""target_lidar_deg"": null, ""camera_range_m"""
2026-07-16T23:04:13.109,1767.109,mission_20260716_223446_manual,MANUAL,,0,13.33028507232666,100.99790954589844,150.5957947452413,4,True,0.6807500123977661,1,0,0,1,0,0.0,0.0,0.0,0,0,nan,nan,nan,88,26.299999237060547,0.0,29.0,0,27,-,READY owner=Surnn refs=24,"{""cmd"": ""STOP"", ""status"": ""READY"", ""detector"": ""yolo"", ""state"": ""IDLE"", ""owner"": ""Surnn"", ""score"": null, ""match_max"": 0.5, ""refs"": 24, ""match_mode"": ""none"", ""steer_zones"": 41, ""people"": 0, ""track_id"": null, ""target_ex"": 0.0, ""target_cx_vel_px_s"": 0.0, ""target_age_s"": null, ""lidar_min_m"": 0.29, ""target_lidar_m"": null, ""target_lidar_deg"": null, ""camera_range_m"
2026-07-16T23:04:15.111,1769.112,mission_20260716_223446_manual,MANUAL,,0,13.330284118652344,100.99790954589844,150.59416916021885,4,True,0.6787499785423279,1,0,0,1,0,0.0,0.0,0.0,0,0,nan,nan,nan,88,26.299999237060547,0.0,29.0,0,26,-,READY owner=Surnn refs=24,"{""cmd"": ""STOP"", ""status"": ""READY"", ""detector"": ""yolo"", ""state"": ""IDLE"", ""owner"": ""Surnn"", ""score"": null, ""match_max"": 0.5, ""refs"": 24, ""match_mode"": ""none"", ""steer_zones"": 41, ""people"": 0, ""track_id"": null, ""target_ex"": 0.0, ""target_cx_vel_px_s"": 0.0, ""target_age_s"": null, ""lidar_min_m"": 0.29, ""target_lidar_m"": null, ""target_lidar_deg"": null, ""camera_range_m"
2026-07-16T23:04:17.118,1771.119,mission_20260716_223446_manual,MANUAL,,0,13.33028507232666,100.99790954589844,150.58615051813325,4,True,0.6790000200271606,1,0,0,1,0,0.0,0.0,0.0,0,0,nan,nan,nan,88,26.299999237060547,0.0,29.0,0,26,-,READY owner=Surnn refs=24,"{""cmd"": ""STOP"", ""status"": ""READY"", ""detector"": ""yolo"", ""state"": ""IDLE"", ""owner"": ""Surnn"", ""score"": null, ""match_max"": 0.5, ""refs"": 24, ""match_mode"": ""none"", ""steer_zones"": 41, ""people"": 0, ""track_id"": null, ""target_ex"": 0.0, ""target_cx_vel_px_s"": 0.0, ""target_age_s"": null, ""lidar_min_m"": 0.27, ""target_lidar_m"": null, ""target_lidar_deg"": null, ""camera_range_m"
2026-07-16T23:04:19.238,1773.238,mission_20260716_223446_manual,MANUAL,,0,13.330286026000977,100.99790954589844,150.58910115985472,4,True,0.6775000095367432,1,0,0,1,0,0.0,0.0,0.0,0,0,nan,nan,nan,88,26.299999237060547,0.0,29.0,0,26,-,READY owner=Surnn refs=24,"{""cmd"": ""STOP"", ""status"": ""READY"", ""detector"": ""yolo"", ""state"": ""IDLE"", ""owner"": ""Surnn"", ""score"": null, ""match_max"": 0.5, ""refs"": 24, ""match_mode"": ""none"", ""steer_zones"": 41, ""people"": 0, ""track_id"": null, ""target_ex"": 0.0, ""target_cx_vel_px_s"": 0.0, ""target_age_s"": null, ""lidar_min_m"": 0.26, ""target_lidar_m"": null, ""target_lidar_deg"": null, ""camera_range_m"
2026-07-16T23:04:21.251,1775.251,mission_20260716_223446_manual,MANUAL,,0,13.330286979675293,100.99790954589844,150.59300802805996,4,True,0.6772500276565552,1,0,0,1,0,0.0,0.0,0.0,0,0,nan,nan,nan,88,26.299999237060547,0.0,29.0,0,26,-,READY owner=Surnn refs=24,"{""cmd"": ""STOP"", ""status"": ""READY"", ""detector"": ""yolo"", ""state"": ""IDLE"", ""owner"": ""Surnn"", ""score"": null, ""match_max"": 0.5, ""refs"": 24, ""match_mode"": ""none"", ""steer_zones"": 41, ""people"": 0, ""track_id"": null, ""target_ex"": 0.0, ""target_cx_vel_px_s"": 0.0, ""target_age_s"": null, ""lidar_min_m"": 0.27, ""target_lidar_m"": null, ""target_lidar_deg"": null, ""camera_range_m"
2026-07-16T23:04:23.378,1777.379,mission_20260716_223446_manual,MANUAL,,0,13.33028793334961,100.99790954589844,150.6018599532243,4,True,0.6794999837875366,1,0,0,1,0,0.0,0.0,0.0,0,0,nan,nan,nan,88,26.299999237060547,0.0,29.0,0,26,-,READY owner=Surnn refs=24,"{""cmd"": ""STOP"", ""status"": ""READY"", ""detector"": ""yolo"", ""state"": ""IDLE"", ""owner"": ""Surnn"", ""score"": null, ""match_max"": 0.5, ""refs"": 24, ""match_mode"": ""none"", ""steer_zones"": 41, ""people"": 0, ""track_id"": null, ""target_ex"": 0.0, ""target_cx_vel_px_s"": 0.0, ""target_age_s"": null, ""lidar_min_m"": 0.27, ""target_lidar_m"": null, ""target_lidar_deg"": null, ""camera_range_m"
2026-07-16T23:04:25.391,1779.392,mission_20260716_223446_manual,MANUAL,,0,13.330289840698242,100.99790954589844,150.5986497643144,4,True,0.6822500228881836,1,0,0,1,0,0.0,0.0,0.0,0,0,nan,nan,nan,88,26.299999237060547,0.0,29.0,0,25,-,READY owner=Surnn refs=24,"{""cmd"": ""STOP"", ""status"": ""READY"", ""detector"": ""yolo"", ""state"": ""IDLE"", ""owner"": ""Surnn"", ""score"": null, ""match_max"": 0.5, ""refs"": 24, ""match_mode"": ""none"", ""steer_zones"": 41, ""people"": 0, ""track_id"": null, ""target_ex"": 0.0, ""target_cx_vel_px_s"": 0.0, ""target_age_s"": null, ""lidar_min_m"": 0.27, ""target_lidar_m"": null, ""target_lidar_deg"": null, ""camera_range_m"
2026-07-16T23:04:27.400,1781.4,mission_20260716_223446_manual,MANUAL,,0,13.330291748046875,100.99790954589844,150.59440138665065,4,True,0.6797500252723694,1,0,0,1,0,0.0,0.0,0.0,0,0,nan,nan,nan,88,26.299999237060547,0.0,29.0,0,27,-,READY owner=Surnn refs=24,"{""cmd"": ""STOP"", ""status"": ""READY"", ""detector"": ""yolo"", ""state"": ""IDLE"", ""owner"": ""Surnn"", ""score"": null, ""match_max"": 0.5, ""refs"": 24, ""match_mode"": ""none"", ""steer_zones"": 41, ""people"": 0, ""track_id"": null, ""target_ex"": 0.0, ""target_cx_vel_px_s"": 0.0, ""target_age_s"": null, ""lidar_min_m"": 0.28, ""target_lidar_m"": null, ""target_lidar_deg"": null, ""camera_range_m"
2026-07-16T23:04:29.408,1783.408,mission_20260716_223446_manual,MANUAL,,0,13.330293655395508,100.99791717529297,150.60002946252672,4,True,0.6779999732971191,1,0,0,1,0,0.0,0.0,0.0,0,0,nan,nan,nan,88,26.299999237060547,0.0,29.0,0,28,-,READY owner=Surnn refs=24,"{""cmd"": ""STOP"", ""status"": ""READY"", ""detector"": ""yolo"", ""state"": ""IDLE"", ""owner"": ""Surnn"", ""score"": null, ""match_max"": 0.5, ""refs"": 24, ""match_mode"": ""none"", ""steer_zones"": 41, ""people"": 0, ""track_id"": null, ""target_ex"": 0.0, ""target_cx_vel_px_s"": 0.0, ""target_age_s"": null, ""lidar_min_m"": 0.28, ""target_lidar_m"": null, ""target_lidar_deg"": null, ""camera_range_m"
2026-07-16T23:04:31.541,1785.542,mission_20260716_223446_manual,MANUAL,,0,13.33029556274414,100.99791717529297,150.6023380664662,4,True,0.6797500252723694,1,0,0,1,0,0.0,0.0,0.0,0,0,nan,nan,nan,88,26.299999237060547,0.0,29.0,0,27,-,READY owner=Surnn refs=24,"{""cmd"": ""STOP"", ""status"": ""READY"", ""detector"": ""yolo"", ""state"": ""IDLE"", ""owner"": ""Surnn"", ""score"": null, ""match_max"": 0.5, ""refs"": 24, ""match_mode"": ""none"", ""steer_zones"": 41, ""people"": 0, ""track_id"": null, ""target_ex"": 0.0, ""target_cx_vel_px_s"": 0.0, ""target_age_s"": null, ""lidar_min_m"": 0.27, ""target_lidar_m"": null, ""target_lidar_deg"": null, ""camera_range_m"
2026-07-16T23:04:33.553,1787.553,mission_20260716_223446_manual,MANUAL,,0,13.330297470092773,100.99791717529297,150.5995103681498,4,True,0.6777499914169312,1,0,0,1,0,0.0,0.0,0.0,0,0,nan,nan,nan,88,26.299999237060547,0.0,29.0,0,26,-,READY owner=Surnn refs=24,"{""cmd"": ""STOP"", ""status"": ""READY"", ""detector"": ""yolo"", ""state"": ""IDLE"", ""owner"": ""Surnn"", ""score"": null, ""match_max"": 0.5, ""refs"": 24, ""match_mode"": ""none"", ""steer_zones"": 41, ""people"": 0, ""track_id"": null, ""target_ex"": 0.0, ""target_cx_vel_px_s"": 0.0, ""target_age_s"": null, ""lidar_min_m"": 0.27, ""target_lidar_m"": null, ""target_lidar_deg"": null, ""camera_range_m"
2026-07-16T23:04:35.556,1789.556,mission_20260716_223446_manual,MANUAL,,0,13.330299377441406,100.99791717529297,150.60441444397387,4,True,0.6804999709129333,1,0,0,1,0,0.0,0.0,0.0,0,0,nan,nan,nan,88,26.299999237060547,0.0,29.0,0,26,-,READY owner=Surnn refs=24,"{""cmd"": ""STOP"", ""status"": ""READY"", ""detector"": ""yolo"", ""state"": ""IDLE"", ""owner"": ""Surnn"", ""score"": null, ""match_max"": 0.5, ""refs"": 24, ""match_mode"": ""none"", ""steer_zones"": 41, ""people"": 0, ""track_id"": null, ""target_ex"": 0.0, ""target_cx_vel_px_s"": 0.0, ""target_age_s"": null, ""lidar_min_m"": 0.28, ""target_lidar_m"": null, ""target_lidar_deg"": null, ""camera_range_m"
2026-07-16T23:04:37.557,1791.558,mission_20260716_223446_manual,MANUAL,,0,13.330299377441406,100.99791717529297,150.60198289662935,4,True,0.6775000095367432,1,0,0,1,0,0.0,0.0,0.0,0,0,nan,nan,nan,88,26.299999237060547,0.0,29.0,0,25,-,READY owner=Surnn refs=24,"{""cmd"": ""STOP"", ""status"": ""READY"", ""detector"": ""yolo"", ""state"": ""IDLE"", ""owner"": ""Surnn"", ""score"": null, ""match_max"": 0.5, ""refs"": 24, ""match_mode"": ""none"", ""steer_zones"": 41, ""people"": 0, ""track_id"": null, ""target_ex"": 0.0, ""target_cx_vel_px_s"": 0.0, ""target_age_s"": null, ""lidar_min_m"": 0.29, ""target_lidar_m"": null, ""target_lidar_deg"": null, ""camera_range_m"
2026-07-16T23:04:39.559,1793.56,mission_20260716_223446_manual,MANUAL,,0,13.330299377441406,100.99790954589844,150.5997562549599,4,True,0.6812499761581421,1,0,0,1,0,0.0,0.0,0.0,0,0,nan,nan,nan,88,26.299999237060547,0.0,29.0,0,27,-,READY owner=Surnn refs=24,"{""cmd"": ""STOP"", ""status"": ""READY"", ""detector"": ""yolo"", ""state"": ""IDLE"", ""owner"": ""Surnn"", ""score"": null, ""match_max"": 0.5, ""refs"": 24, ""match_mode"": ""none"", ""steer_zones"": 41, ""people"": 0, ""track_id"": null, ""target_ex"": 0.0, ""target_cx_vel_px_s"": 0.0, ""target_age_s"": null, ""lidar_min_m"": 0.27, ""target_lidar_m"": null, ""target_lidar_deg"": null, ""camera_range_m"
2026-07-16T23:04:41.674,1795.674,mission_20260716_223446_manual,MANUAL,,0,13.330299377441406,100.99790954589844,150.60147746263078,4,True,0.6787499785423279,1,0,0,1,0,0.0,0.0,0.0,0,0,nan,nan,nan,88,26.299999237060547,0.0,29.0,0,26,-,READY owner=Surnn refs=24,"{""cmd"": ""STOP"", ""status"": ""READY"", ""detector"": ""yolo"", ""state"": ""IDLE"", ""owner"": ""Surnn"", ""score"": null, ""match_max"": 0.5, ""refs"": 24, ""match_mode"": ""none"", ""steer_zones"": 41, ""people"": 0, ""track_id"": null, ""target_ex"": 0.0, ""target_cx_vel_px_s"": 0.0, ""target_age_s"": null, ""lidar_min_m"": 0.28, ""target_lidar_m"": null, ""target_lidar_deg"": null, ""camera_range_m"
2026-07-16T23:04:43.736,1797.736,mission_20260716_223446_manual,MANUAL,,0,13.330299377441406,100.99790954589844,150.60765195364047,4,True,0.6792500019073486,1,0,0,1,0,0.0,0.0,0.0,0,0,nan,nan,nan,88,26.299999237060547,0.0,29.0,0,26,-,READY owner=Surnn refs=24,"{""cmd"": ""STOP"", ""status"": ""READY"", ""detector"": ""yolo"", ""state"": ""IDLE"", ""owner"": ""Surnn"", ""score"": null, ""match_max"": 0.5, ""refs"": 24, ""match_mode"": ""none"", ""steer_zones"": 41, ""people"": 0, ""track_id"": null, ""target_ex"": 0.0, ""target_cx_vel_px_s"": 0.0, ""target_age_s"": null, ""lidar_min_m"": 0.27, ""target_lidar_m"": null, ""target_lidar_deg"": null, ""camera_range_m"
2026-07-16T23:04:45.749,1799.749,mission_20260716_223446_manual,MANUAL,,0,13.330299377441406,100.99790954589844,150.60949610471636,4,True,0.6812499761581421,1,0,0,1,0,0.0,0.0,0.0,0,0,nan,nan,nan,88,26.299999237060547,0.0,29.0,0,26,-,READY owner=Surnn refs=24,"{""cmd"": ""STOP"", ""status"": ""READY"", ""detector"": ""yolo"", ""state"": ""IDLE"", ""owner"": ""Surnn"", ""score"": null, ""match_max"": 0.5, ""refs"": 24, ""match_mode"": ""none"", ""steer_zones"": 41, ""people"": 0, ""track_id"": null, ""target_ex"": 0.0, ""target_cx_vel_px_s"": 0.0, ""target_age_s"": null, ""lidar_min_m"": 0.27, ""target_lidar_m"": null, ""target_lidar_deg"": null, ""camera_range_m"
2026-07-16T23:04:47.766,1801.766,mission_20260716_223446_manual,MANUAL,,0,13.330299377441406,100.99790954589844,150.60614931202306,4,True,0.6807500123977661,1,0,0,1,0,0.0,0.0,0.0,0,0,nan,nan,nan,88,26.299999237060547,0.0,29.0,0,26,-,READY owner=Surnn refs=24,"{""cmd"": ""STOP"", ""status"": ""READY"", ""detector"": ""yolo"", ""state"": ""IDLE"", ""owner"": ""Surnn"", ""score"": null, ""match_max"": 0.5, ""refs"": 24, ""match_mode"": ""none"", ""steer_zones"": 41, ""people"": 0, ""track_id"": null, ""target_ex"": 0.0, ""target_cx_vel_px_s"": 0.0, ""target_age_s"": null, ""lidar_min_m"": 0.28, ""target_lidar_m"": null, ""target_lidar_deg"": null, ""camera_range_m"
2026-07-16T23:04:49.894,1803.895,mission_20260716_223446_manual,MANUAL,,0,13.33029842376709,100.99790954589844,150.61945452052623,4,True,0.6784999966621399,1,0,0,1,0,0.0,0.0,0.0,0,0,nan,nan,nan,88,26.299999237060547,0.0,29.0,0,26,-,READY owner=Surnn refs=24,"{""cmd"": ""STOP"", ""status"": ""READY"", ""detector"": ""yolo"", ""state"": ""IDLE"", ""owner"": ""Surnn"", ""score"": null, ""match_max"": 0.5, ""refs"": 24, ""match_mode"": ""none"", ""steer_zones"": 41, ""people"": 0, ""track_id"": null, ""target_ex"": 0.0, ""target_cx_vel_px_s"": 0.0, ""target_age_s"": null, ""lidar_min_m"": 0.28, ""target_lidar_m"": null, ""target_lidar_deg"": null, ""camera_range_m"
2026-07-16T23:04:51.897,1805.897,mission_20260716_223446_manual,MANUAL,,0,13.33029842376709,100.99790954589844,150.63016425714483,4,True,0.6782500147819519,1,0,0,1,0,0.0,0.0,0.0,0,0,nan,nan,nan,88,26.299999237060547,0.0,29.0,0,25,-,READY owner=Surnn refs=24,"{""cmd"": ""STOP"", ""status"": ""READY"", ""detector"": ""yolo"", ""state"": ""IDLE"", ""owner"": ""Surnn"", ""score"": null, ""match_max"": 0.5, ""refs"": 24, ""match_mode"": ""none"", ""steer_zones"": 41, ""people"": 0, ""track_id"": null, ""target_ex"": 0.0, ""target_cx_vel_px_s"": 0.0, ""target_age_s"": null, ""lidar_min_m"": 0.28, ""target_lidar_m"": null, ""target_lidar_deg"": null, ""camera_range_m"
2026-07-16T23:04:53.900,1807.9,mission_20260716_223446_manual,MANUAL,,0,13.33029842376709,100.99790954589844,150.63566938961586,4,True,0.6797500252723694,1,0,0,1,0,0.0,0.0,0.0,0,0,nan,nan,nan,88,26.299999237060547,0.0,29.0,0,25,-,READY owner=Surnn refs=24,"{""cmd"": ""STOP"", ""status"": ""READY"", ""detector"": ""yolo"", ""state"": ""IDLE"", ""owner"": ""Surnn"", ""score"": null, ""match_max"": 0.5, ""refs"": 24, ""match_mode"": ""none"", ""steer_zones"": 41, ""people"": 0, ""track_id"": null, ""target_ex"": 0.0, ""target_cx_vel_px_s"": 0.0, ""target_age_s"": null, ""lidar_min_m"": 0.26, ""target_lidar_m"": null, ""target_lidar_deg"": null, ""camera_range_m"
2026-07-16T23:04:56.015,1810.015,mission_20260716_223446_manual,MANUAL,,0,13.330299377441406,100.99790954589844,150.64092863527677,4,True,0.6787499785423279,1,0,0,1,0,0.0,0.0,0.0,0,0,nan,nan,nan,88,26.299999237060547,0.0,29.0,0,25,-,READY owner=Surnn refs=24,"{""cmd"": ""STOP"", ""status"": ""READY"", ""detector"": ""yolo"", ""state"": ""IDLE"", ""owner"": ""Surnn"", ""score"": null, ""match_max"": 0.5, ""refs"": 24, ""match_mode"": ""none"", ""steer_zones"": 41, ""people"": 0, ""track_id"": null, ""target_ex"": 0.0, ""target_cx_vel_px_s"": 0.0, ""target_age_s"": null, ""lidar_min_m"": 0.28, ""target_lidar_m"": null, ""target_lidar_deg"": null, ""camera_range_m"
2026-07-16T23:04:58.130,1812.13,mission_20260716_223446_manual,MANUAL,,0,13.330299377441406,100.99790954589844,150.6375545218268,4,True,0.6777499914169312,1,0,0,1,0,0.0,0.0,0.0,0,0,nan,nan,nan,88,26.299999237060547,0.0,29.0,0,26,-,READY owner=Surnn refs=24,"{""cmd"": ""STOP"", ""status"": ""READY"", ""detector"": ""yolo"", ""state"": ""IDLE"", ""owner"": ""Surnn"", ""score"": null, ""match_max"": 0.5, ""refs"": 24, ""match_mode"": ""none"", ""steer_zones"": 41, ""people"": 0, ""track_id"": null, ""target_ex"": 0.0, ""target_cx_vel_px_s"": 0.0, ""target_age_s"": null, ""lidar_min_m"": 0.29, ""target_lidar_m"": null, ""target_lidar_deg"": null, ""camera_range_m"
2026-07-16T23:05:00.256,1814.257,mission_20260716_223446_manual,MANUAL,,0,13.330300331115723,100.99790954589844,150.62833376644727,4,True,0.6797500252723694,1,0,0,1,0,0.0,0.0,0.0,0,0,nan,nan,nan,88,26.299999237060547,0.0,29.0,0,28,-,READY owner=Surnn refs=24,"{""cmd"": ""STOP"", ""status"": ""READY"", ""detector"": ""yolo"", ""state"": ""IDLE"", ""owner"": ""Surnn"", ""score"": null, ""match_max"": 0.5, ""refs"": 24, ""match_mode"": ""none"", ""steer_zones"": 41, ""people"": 0, ""track_id"": null, ""target_ex"": 0.0, ""target_cx_vel_px_s"": 0.0, ""target_age_s"": null, ""lidar_min_m"": 0.28, ""target_lidar_m"": null, ""target_lidar_deg"": null, ""camera_range_m"
2026-07-16T23:05:02.260,1816.261,mission_20260716_223446_manual,MANUAL,,0,13.330300331115723,100.99790954589844,150.6255197285092,4,True,0.6794999837875366,1,0,0,1,0,0.0,0.0,0.0,0,0,nan,nan,nan,88,26.299999237060547,0.0,29.0,0,29,-,READY owner=Surnn refs=24,"{""cmd"": ""STOP"", ""status"": ""READY"", ""detector"": ""yolo"", ""state"": ""IDLE"", ""owner"": ""Surnn"", ""score"": null, ""match_max"": 0.5, ""refs"": 24, ""match_mode"": ""none"", ""steer_zones"": 41, ""people"": 0, ""track_id"": null, ""target_ex"": 0.0, ""target_cx_vel_px_s"": 0.0, ""target_age_s"": null, ""lidar_min_m"": 0.28, ""target_lidar_m"": null, ""target_lidar_deg"": null, ""camera_range_m"
2026-07-16T23:05:04.285,1818.286,mission_20260716_223446_manual,MANUAL,,0,13.330301284790039,100.99790954589844,150.6178425958821,4,True,0.6809999942779541,1,0,0,1,0,0.0,0.0,0.0,0,0,nan,nan,nan,88,26.299999237060547,0.0,29.0,0,28,-,READY owner=Surnn refs=24,"{""cmd"": ""STOP"", ""status"": ""READY"", ""detector"": ""yolo"", ""state"": ""IDLE"", ""owner"": ""Surnn"", ""score"": null, ""match_max"": 0.5, ""refs"": 24, ""match_mode"": ""none"", ""steer_zones"": 41, ""people"": 0, ""track_id"": null, ""target_ex"": 0.0, ""target_cx_vel_px_s"": 0.0, ""target_age_s"": null, ""lidar_min_m"": 0.29, ""target_lidar_m"": null, ""target_lidar_deg"": null, ""camera_range_m"
2026-07-16T23:05:06.298,1820.299,mission_20260716_223446_manual,MANUAL,,0,13.330301284790039,100.99790954589844,150.61282923703132,4,True,0.6804999709129333,1,0,0,1,0,0.0,0.0,0.0,0,0,nan,nan,nan,88,26.299999237060547,0.0,29.0,0,27,-,READY owner=Surnn refs=24,"{""cmd"": ""STOP"", ""status"": ""READY"", ""detector"": ""yolo"", ""state"": ""IDLE"", ""owner"": ""Surnn"", ""score"": null, ""match_max"": 0.5, ""refs"": 24, ""match_mode"": ""none"", ""steer_zones"": 41, ""people"": 0, ""track_id"": null, ""target_ex"": 0.0, ""target_cx_vel_px_s"": 0.0, ""target_age_s"": null, ""lidar_min_m"": 0.28, ""target_lidar_m"": null, ""target_lidar_deg"": null, ""camera_range_m"
2026-07-16T23:05:08.299,1822.3,mission_20260716_223446_manual,MANUAL,,0,13.330303192138672,100.99790954589844,150.60778855742387,4,True,0.6797500252723694,1,0,0,1,0,0.0,0.0,0.0,0,0,nan,nan,nan,88,26.299999237060547,0.0,29.0,0,27,-,READY owner=Surnn refs=24,"{""cmd"": ""STOP"", ""status"": ""READY"", ""detector"": ""yolo"", ""state"": ""IDLE"", ""owner"": ""Surnn"", ""score"": null, ""match_max"": 0.5, ""refs"": 24, ""match_mode"": ""none"", ""steer_zones"": 41, ""people"": 0, ""track_id"": null, ""target_ex"": 0.0, ""target_cx_vel_px_s"": 0.0, ""target_age_s"": null, ""lidar_min_m"": 0.28, ""target_lidar_m"": null, ""target_lidar_deg"": null, ""camera_range_m"
2026-07-16T23:05:10.305,1824.305,mission_20260716_223446_manual,MANUAL,,0,13.330303192138672,100.99790954589844,150.60313036840992,4,True,0.6792500019073486,1,0,0,1,0,0.0,0.0,0.0,0,0,nan,nan,nan,88,26.299999237060547,0.0,29.0,0,27,-,READY owner=Surnn refs=24,"{""cmd"": ""STOP"", ""status"": ""READY"", ""detector"": ""yolo"", ""state"": ""IDLE"", ""owner"": ""Surnn"", ""score"": null, ""match_max"": 0.5, ""refs"": 24, ""match_mode"": ""none"", ""steer_zones"": 41, ""people"": 0, ""track_id"": null, ""target_ex"": 0.0, ""target_cx_vel_px_s"": 0.0, ""target_age_s"": null, ""lidar_min_m"": 0.29, ""target_lidar_m"": null, ""target_lidar_deg"": null, ""camera_range_m"
2026-07-16T23:05:12.307,1826.308,mission_20260716_223446_manual,MANUAL,,0,13.330303192138672,100.99790954589844,150.59997482101338,4,True,0.6800000071525574,1,0,0,1,0,0.0,0.0,0.0,0,0,nan,nan,nan,88,26.299999237060547,0.0,29.0,0,28,-,READY owner=Surnn refs=24,"{""cmd"": ""STOP"", ""status"": ""READY"", ""detector"": ""yolo"", ""state"": ""IDLE"", ""owner"": ""Surnn"", ""score"": null, ""match_max"": 0.5, ""refs"": 24, ""match_mode"": ""none"", ""steer_zones"": 41, ""people"": 0, ""track_id"": null, ""target_ex"": 0.0, ""target_cx_vel_px_s"": 0.0, ""target_age_s"": null, ""lidar_min_m"": 0.27, ""target_lidar_m"": null, ""target_lidar_deg"": null, ""camera_range_m"
2026-07-16T23:05:14.335,1828.335,mission_20260716_223446_manual,MANUAL,,0,13.330303192138672,100.99790954589844,150.59252991481804,4,True,0.6802499890327454,1,0,0,1,0,0.0,0.0,0.0,0,0,nan,nan,nan,88,26.299999237060547,0.0,29.0,0,27,-,READY owner=Surnn refs=24,"{""cmd"": ""STOP"", ""status"": ""READY"", ""detector"": ""yolo"", ""state"": ""IDLE"", ""owner"": ""Surnn"", ""score"": null, ""match_max"": 0.5, ""refs"": 24, ""match_mode"": ""none"", ""steer_zones"": 41, ""people"": 0, ""track_id"": null, ""target_ex"": 0.0, ""target_cx_vel_px_s"": 0.0, ""target_age_s"": null, ""lidar_min_m"": 0.27, ""target_lidar_m"": null, ""target_lidar_deg"": null, ""camera_range_m"
2026-07-16T23:05:16.346,1830.346,mission_20260716_223446_manual,MANUAL,,0,13.330303192138672,100.99790954589844,150.59242063179133,4,True,0.6782500147819519,1,0,0,1,0,0.0,0.0,0.0,0,0,nan,nan,nan,88,26.299999237060547,0.0,29.0,0,28,-,READY owner=Surnn refs=24,"{""cmd"": ""STOP"", ""status"": ""READY"", ""detector"": ""yolo"", ""state"": ""IDLE"", ""owner"": ""Surnn"", ""score"": null, ""match_max"": 0.5, ""refs"": 24, ""match_mode"": ""none"", ""steer_zones"": 41, ""people"": 0, ""track_id"": null, ""target_ex"": 0.0, ""target_cx_vel_px_s"": 0.0, ""target_age_s"": null, ""lidar_min_m"": 0.27, ""target_lidar_m"": null, ""target_lidar_deg"": null, ""camera_range_m"
2026-07-16T23:05:18.358,1832.359,mission_20260716_223446_manual,MANUAL,,0,13.330304145812988,100.99790954589844,150.5950024432976,4,True,0.6784999966621399,1,0,0,1,0,0.0,0.0,0.0,0,0,nan,nan,nan,88,26.299999237060547,0.0,29.0,0,27,-,READY owner=Surnn refs=24,"{""cmd"": ""STOP"", ""status"": ""READY"", ""detector"": ""yolo"", ""state"": ""IDLE"", ""owner"": ""Surnn"", ""score"": null, ""match_max"": 0.5, ""refs"": 24, ""match_mode"": ""none"", ""steer_zones"": 41, ""people"": 0, ""track_id"": null, ""target_ex"": 0.0, ""target_cx_vel_px_s"": 0.0, ""target_age_s"": null, ""lidar_min_m"": 0.28, ""target_lidar_m"": null, ""target_lidar_deg"": null, ""camera_range_m"
2026-07-16T23:05:20.371,1834.371,mission_20260716_223446_manual,MANUAL,,0,13.330305099487305,100.99790954589844,150.58064538566222,4,True,0.6779999732971191,1,0,0,1,0,0.0,0.0,0.0,0,0,nan,nan,nan,88,26.299999237060547,0.0,29.0,0,29,-,READY owner=Surnn refs=24,"{""cmd"": ""STOP"", ""status"": ""READY"", ""detector"": ""yolo"", ""state"": ""IDLE"", ""owner"": ""Surnn"", ""score"": null, ""match_max"": 0.5, ""refs"": 24, ""match_mode"": ""none"", ""steer_zones"": 41, ""people"": 0, ""track_id"": null, ""target_ex"": 0.0, ""target_cx_vel_px_s"": 0.0, ""target_age_s"": null, ""lidar_min_m"": 0.27, ""target_lidar_m"": null, ""target_lidar_deg"": null, ""camera_range_m"
2026-07-16T23:05:22.374,1836.374,mission_20260716_223446_manual,MANUAL,,0,13.330305099487305,100.99790954589844,150.57362395119546,4,True,0.6784999966621399,1,0,0,1,0,0.0,0.0,0.0,0,0,nan,nan,nan,88,26.299999237060547,0.0,29.0,0,29,-,READY owner=Surnn refs=24,"{""cmd"": ""STOP"", ""status"": ""READY"", ""detector"": ""yolo"", ""state"": ""IDLE"", ""owner"": ""Surnn"", ""score"": null, ""match_max"": 0.5, ""refs"": 24, ""match_mode"": ""none"", ""steer_zones"": 41, ""people"": 0, ""track_id"": null, ""target_ex"": 0.0, ""target_cx_vel_px_s"": 0.0, ""target_age_s"": null, ""lidar_min_m"": 0.29, ""target_lidar_m"": null, ""target_lidar_deg"": null, ""camera_range_m"
2026-07-16T23:05:24.374,1838.375,mission_20260716_223446_manual,MANUAL,,0,13.330305099487305,100.99790954589844,150.56072855404247,4,True,0.6797500252723694,1,0,0,1,0,0.0,0.0,0.0,0,0,nan,nan,nan,88,26.299999237060547,0.0,29.0,0,29,-,READY owner=Surnn refs=24,"{""cmd"": ""STOP"", ""status"": ""READY"", ""detector"": ""yolo"", ""state"": ""IDLE"", ""owner"": ""Surnn"", ""score"": null, ""match_max"": 0.5, ""refs"": 24, ""match_mode"": ""none"", ""steer_zones"": 41, ""people"": 0, ""track_id"": null, ""target_ex"": 0.0, ""target_cx_vel_px_s"": 0.0, ""target_age_s"": null, ""lidar_min_m"": 0.27, ""target_lidar_m"": null, ""target_lidar_deg"": null, ""camera_range_m"
2026-07-16T23:05:26.396,1840.397,mission_20260716_223446_manual,MANUAL,,0,13.330306053161621,100.99790954589844,150.57283164925173,4,True,0.6782500147819519,1,0,0,1,0,0.0,0.0,0.0,0,0,nan,nan,nan,88,26.299999237060547,0.0,29.0,0,29,-,READY owner=Surnn refs=24,"{""cmd"": ""STOP"", ""status"": ""READY"", ""detector"": ""yolo"", ""state"": ""IDLE"", ""owner"": ""Surnn"", ""score"": null, ""match_max"": 0.5, ""refs"": 24, ""match_mode"": ""none"", ""steer_zones"": 41, ""people"": 0, ""track_id"": null, ""target_ex"": 0.0, ""target_cx_vel_px_s"": 0.0, ""target_age_s"": null, ""lidar_min_m"": 0.28, ""target_lidar_m"": null, ""target_lidar_deg"": null, ""camera_range_m"
2026-07-16T23:05:28.507,1842.507,mission_20260716_223446_manual,MANUAL,,0,13.330307006835938,100.99791717529297,150.581519649876,4,True,0.6797500252723694,1,0,0,1,0,0.0,0.0,0.0,0,0,nan,nan,nan,88,26.299999237060547,0.0,29.0,0,29,-,READY owner=Surnn refs=24,"{""cmd"": ""STOP"", ""status"": ""READY"", ""detector"": ""yolo"", ""state"": ""IDLE"", ""owner"": ""Surnn"", ""score"": null, ""match_max"": 0.5, ""refs"": 24, ""match_mode"": ""none"", ""steer_zones"": 41, ""people"": 0, ""track_id"": null, ""target_ex"": 0.0, ""target_cx_vel_px_s"": 0.0, ""target_age_s"": null, ""lidar_min_m"": 0.27, ""target_lidar_m"": null, ""target_lidar_deg"": null, ""camera_range_m"
2026-07-16T23:05:30.559,1844.559,mission_20260716_223446_manual,MANUAL,,0,13.330307960510254,100.99791717529297,150.5838419141938,4,True,0.6800000071525574,1,0,0,1,0,0.0,0.0,0.0,0,0,nan,nan,nan,88,26.299999237060547,0.0,29.0,0,29,-,READY owner=Surnn refs=24,"{""cmd"": ""STOP"", ""status"": ""READY"", ""detector"": ""yolo"", ""state"": ""IDLE"", ""owner"": ""Surnn"", ""score"": null, ""match_max"": 0.5, ""refs"": 24, ""match_mode"": ""none"", ""steer_zones"": 41, ""people"": 0, ""track_id"": null, ""target_ex"": 0.0, ""target_cx_vel_px_s"": 0.0, ""target_age_s"": null, ""lidar_min_m"": 0.29, ""target_lidar_m"": null, ""target_lidar_deg"": null, ""camera_range_m"
2026-07-16T23:05:32.571,1846.571,mission_20260716_223446_manual,MANUAL,,0,13.330307960510254,100.99791717529297,150.5922430468729,4,True,0.6802499890327454,1,0,0,1,0,0.0,0.0,0.0,0,0,nan,nan,nan,88,26.299999237060547,0.0,29.0,0,29,-,READY owner=Surnn refs=24,"{""cmd"": ""STOP"", ""status"": ""READY"", ""detector"": ""yolo"", ""state"": ""IDLE"", ""owner"": ""Surnn"", ""score"": null, ""match_max"": 0.5, ""refs"": 24, ""match_mode"": ""none"", ""steer_zones"": 41, ""people"": 0, ""track_id"": null, ""target_ex"": 0.0, ""target_cx_vel_px_s"": 0.0, ""target_age_s"": null, ""lidar_min_m"": 0.29, ""target_lidar_m"": null, ""target_lidar_deg"": null, ""camera_range_m"
2026-07-16T23:05:34.595,1848.595,mission_20260716_223446_manual,MANUAL,,0,13.330307960510254,100.99791717529297,150.5887186692612,4,True,0.6779999732971191,1,0,0,1,0,0.0,0.0,0.0,0,0,nan,nan,nan,88,26.299999237060547,0.0,29.0,0,29,-,READY owner=Surnn refs=24,"{""cmd"": ""STOP"", ""status"": ""READY"", ""detector"": ""yolo"", ""state"": ""IDLE"", ""owner"": ""Surnn"", ""score"": null, ""match_max"": 0.5, ""refs"": 24, ""match_mode"": ""none"", ""steer_zones"": 41, ""people"": 0, ""track_id"": null, ""target_ex"": 0.0, ""target_cx_vel_px_s"": 0.0, ""target_age_s"": null, ""lidar_min_m"": 0.28, ""target_lidar_m"": null, ""target_lidar_deg"": null, ""camera_range_m"
2026-07-16T23:05:36.731,1850.731,mission_20260716_223446_manual,MANUAL,,0,13.330307960510254,100.99791717529297,150.58340478208692,4,True,0.6787499785423279,1,0,0,1,0,0.0,0.0,0.0,0,0,nan,nan,nan,88,26.299999237060547,0.0,29.0,0,29,-,READY owner=Surnn refs=24,"{""cmd"": ""STOP"", ""status"": ""READY"", ""detector"": ""yolo"", ""state"": ""IDLE"", ""owner"": ""Surnn"", ""score"": null, ""match_max"": 0.5, ""refs"": 24, ""match_mode"": ""none"", ""steer_zones"": 41, ""people"": 0, ""track_id"": null, ""target_ex"": 0.0, ""target_cx_vel_px_s"": 0.0, ""target_age_s"": null, ""lidar_min_m"": 0.27, ""target_lidar_m"": null, ""target_lidar_deg"": null, ""camera_range_m"
2026-07-16T23:05:38.734,1852.734,mission_20260716_223446_manual,MANUAL,,0,13.330307006835938,100.99791717529297,150.593732028112,4,True,0.6790000200271606,1,0,0,1,0,0.0,0.0,0.0,0,0,nan,nan,nan,88,26.299999237060547,0.0,29.0,0,29,-,READY owner=Surnn refs=24,"{""cmd"": ""STOP"", ""status"": ""READY"", ""detector"": ""yolo"", ""state"": ""IDLE"", ""owner"": ""Surnn"", ""score"": null, ""match_max"": 0.5, ""refs"": 24, ""match_mode"": ""none"", ""steer_zones"": 41, ""people"": 0, ""track_id"": null, ""target_ex"": 0.0, ""target_cx_vel_px_s"": 0.0, ""target_age_s"": null, ""lidar_min_m"": 0.28, ""target_lidar_m"": null, ""target_lidar_deg"": null, ""camera_range_m"
2026-07-16T23:05:40.761,1854.762,mission_20260716_223446_manual,MANUAL,,0,13.330306053161621,100.99791717529297,150.60754267061375,4,True,0.6784999966621399,1,0,0,1,0,0.0,0.0,0.0,0,0,nan,nan,nan,88,26.299999237060547,0.0,29.0,0,28,-,READY owner=Surnn refs=24,"{""cmd"": ""STOP"", ""status"": ""READY"", ""detector"": ""yolo"", ""state"": ""IDLE"", ""owner"": ""Surnn"", ""score"": null, ""match_max"": 0.5, ""refs"": 24, ""match_mode"": ""none"", ""steer_zones"": 41, ""people"": 0, ""track_id"": null, ""target_ex"": 0.0, ""target_cx_vel_px_s"": 0.0, ""target_age_s"": null, ""lidar_min_m"": 0.27, ""target_lidar_m"": null, ""target_lidar_deg"": null, ""camera_range_m"
2026-07-16T23:05:42.795,1856.795,mission_20260716_223446_manual,MANUAL,,0,13.330306053161621,100.99791717529297,150.61767867134205,4,True,0.6800000071525574,1,0,0,1,0,0.0,0.0,0.0,0,0,nan,nan,nan,88,26.299999237060547,0.0,29.0,0,28,-,READY owner=Surnn refs=24,"{""cmd"": ""STOP"", ""status"": ""READY"", ""detector"": ""yolo"", ""state"": ""IDLE"", ""owner"": ""Surnn"", ""score"": null, ""match_max"": 0.5, ""refs"": 24, ""match_mode"": ""none"", ""steer_zones"": 41, ""people"": 0, ""track_id"": null, ""target_ex"": 0.0, ""target_cx_vel_px_s"": 0.0, ""target_age_s"": null, ""lidar_min_m"": 0.29, ""target_lidar_m"": null, ""target_lidar_deg"": null, ""camera_range_m"
2026-07-16T23:05:44.854,1858.855,mission_20260716_223446_manual,MANUAL,,0,13.330305099487305,100.99791717529297,150.6287572381758,4,True,0.6809999942779541,1,0,0,1,0,0.0,0.0,0.0,0,0,nan,nan,nan,88,26.299999237060547,0.0,29.0,0,27,-,READY owner=Surnn refs=24,"{""cmd"": ""STOP"", ""status"": ""READY"", ""detector"": ""yolo"", ""state"": ""IDLE"", ""owner"": ""Surnn"", ""score"": null, ""match_max"": 0.5, ""refs"": 24, ""match_mode"": ""none"", ""steer_zones"": 41, ""people"": 0, ""track_id"": null, ""target_ex"": 0.0, ""target_cx_vel_px_s"": 0.0, ""target_age_s"": null, ""lidar_min_m"": 0.28, ""target_lidar_m"": null, ""target_lidar_deg"": null, ""camera_range_m"
2026-07-16T23:05:46.868,1860.868,mission_20260716_223446_manual,MANUAL,,0,13.330305099487305,100.99791717529297,150.6358606349126,4,True,0.6802499890327454,1,0,0,1,0,0.0,0.0,0.0,0,0,nan,nan,nan,88,26.299999237060547,0.0,29.0,0,29,-,READY owner=Surnn refs=24,"{""cmd"": ""STOP"", ""status"": ""READY"", ""detector"": ""yolo"", ""state"": ""IDLE"", ""owner"": ""Surnn"", ""score"": null, ""match_max"": 0.5, ""refs"": 24, ""match_mode"": ""none"", ""steer_zones"": 41, ""people"": 0, ""track_id"": null, ""target_ex"": 0.0, ""target_cx_vel_px_s"": 0.0, ""target_age_s"": null, ""lidar_min_m"": 0.27, ""target_lidar_m"": null, ""target_lidar_deg"": null, ""camera_range_m"
2026-07-16T23:05:48.910,1862.91,mission_20260716_223446_manual,MANUAL,,0,13.330304145812988,100.99791717529297,150.63598357831768,4,True,0.6792500019073486,1,0,0,1,0,0.0,0.0,0.0,0,0,nan,nan,nan,88,26.299999237060547,0.0,29.0,0,28,-,READY owner=Surnn refs=24,"{""cmd"": ""STOP"", ""status"": ""READY"", ""detector"": ""yolo"", ""state"": ""IDLE"", ""owner"": ""Surnn"", ""score"": null, ""match_max"": 0.5, ""refs"": 24, ""match_mode"": ""none"", ""steer_zones"": 41, ""people"": 0, ""track_id"": null, ""target_ex"": 0.0, ""target_cx_vel_px_s"": 0.0, ""target_age_s"": null, ""lidar_min_m"": 0.28, ""target_lidar_m"": null, ""target_lidar_deg"": null, ""camera_range_m"
2026-07-16T23:05:50.931,1864.931,mission_20260716_223446_manual,MANUAL,,0,13.330303192138672,100.99791717529297,150.63737693690837,4,True,0.6807500123977661,1,0,0,1,0,0.0,0.0,0.0,0,0,nan,nan,nan,88,26.299999237060547,0.0,29.0,0,28,-,READY owner=Surnn refs=24,"{""cmd"": ""STOP"", ""status"": ""READY"", ""detector"": ""yolo"", ""state"": ""IDLE"", ""owner"": ""Surnn"", ""score"": null, ""match_max"": 0.5, ""refs"": 24, ""match_mode"": ""none"", ""steer_zones"": 41, ""people"": 0, ""track_id"": null, ""target_ex"": 0.0, ""target_cx_vel_px_s"": 0.0, ""target_age_s"": null, ""lidar_min_m"": 0.27, ""target_lidar_m"": null, ""target_lidar_deg"": null, ""camera_range_m"
2026-07-16T23:05:52.987,1866.988,mission_20260716_223446_manual,MANUAL,,0,13.330302238464355,100.99791717529297,150.62539678510416,4,True,0.6797500252723694,1,0,0,1,0,0.0,0.0,0.0,0,0,nan,nan,nan,88,26.299999237060547,0.0,29.0,0,29,-,READY owner=Surnn refs=24,"{""cmd"": ""STOP"", ""status"": ""READY"", ""detector"": ""yolo"", ""state"": ""IDLE"", ""owner"": ""Surnn"", ""score"": null, ""match_max"": 0.5, ""refs"": 24, ""match_mode"": ""none"", ""steer_zones"": 41, ""people"": 0, ""track_id"": null, ""target_ex"": 0.0, ""target_cx_vel_px_s"": 0.0, ""target_age_s"": null, ""lidar_min_m"": 0.28, ""target_lidar_m"": null, ""target_lidar_deg"": null, ""camera_range_m"
2026-07-16T23:05:55.036,1869.036,mission_20260716_223446_manual,MANUAL,,0,13.330300331115723,100.99791717529297,150.62427663408027,4,True,0.6782500147819519,1,0,0,1,0,0.0,0.0,0.0,0,0,nan,nan,nan,88,26.299999237060547,0.0,29.0,0,30,-,READY owner=Surnn refs=24,"{""cmd"": ""STOP"", ""status"": ""READY"", ""detector"": ""yolo"", ""state"": ""IDLE"", ""owner"": ""Surnn"", ""score"": null, ""match_max"": 0.5, ""refs"": 24, ""match_mode"": ""none"", ""steer_zones"": 41, ""people"": 0, ""track_id"": null, ""target_ex"": 0.0, ""target_cx_vel_px_s"": 0.0, ""target_age_s"": null, ""lidar_min_m"": 0.26, ""target_lidar_m"": null, ""target_lidar_deg"": null, ""camera_range_m"
2026-07-16T23:05:57.127,1871.127,mission_20260716_223446_manual,MANUAL,,0,13.330301284790039,100.99790954589844,150.62933097406608,4,True,0.6790000200271606,1,0,0,1,0,0.0,0.0,0.0,0,0,nan,nan,nan,88,26.299999237060547,0.0,29.0,0,29,-,READY owner=Surnn refs=24,"{""cmd"": ""STOP"", ""status"": ""READY"", ""detector"": ""yolo"", ""state"": ""IDLE"", ""owner"": ""Surnn"", ""score"": null, ""match_max"": 0.5, ""refs"": 24, ""match_mode"": ""none"", ""steer_zones"": 41, ""people"": 0, ""track_id"": null, ""target_ex"": 0.0, ""target_cx_vel_px_s"": 0.0, ""target_age_s"": null, ""lidar_min_m"": 0.27, ""target_lidar_m"": null, ""target_lidar_deg"": null, ""camera_range_m"
2026-07-16T23:05:59.151,1873.151,mission_20260716_223446_manual,MANUAL,,0,13.330301284790039,100.99791717529297,150.61430455789204,4,True,0.6815000176429749,1,0,0,1,0,0.0,0.0,0.0,0,0,nan,nan,nan,88,26.299999237060547,0.0,29.0,0,28,-,READY owner=Surnn refs=24,"{""cmd"": ""STOP"", ""status"": ""READY"", ""detector"": ""yolo"", ""state"": ""IDLE"", ""owner"": ""Surnn"", ""score"": null, ""match_max"": 0.5, ""refs"": 24, ""match_mode"": ""none"", ""steer_zones"": 41, ""people"": 0, ""track_id"": null, ""target_ex"": 0.0, ""target_cx_vel_px_s"": 0.0, ""target_age_s"": null, ""lidar_min_m"": 0.29, ""target_lidar_m"": null, ""target_lidar_deg"": null, ""camera_range_m"
2026-07-16T23:06:01.178,1875.179,mission_20260716_223446_manual,MANUAL,,0,13.330302238464355,100.99791717529297,150.60102667014556,4,True,0.6779999732971191,1,0,0,1,0,0.0,0.0,0.0,0,0,nan,nan,nan,88,26.299999237060547,0.0,29.0,0,28,-,READY owner=Surnn refs=24,"{""cmd"": ""STOP"", ""status"": ""READY"", ""detector"": ""yolo"", ""state"": ""IDLE"", ""owner"": ""Surnn"", ""score"": null, ""match_max"": 0.5, ""refs"": 24, ""match_mode"": ""none"", ""steer_zones"": 41, ""people"": 0, ""track_id"": null, ""target_ex"": 0.0, ""target_cx_vel_px_s"": 0.0, ""target_age_s"": null, ""lidar_min_m"": 0.29, ""target_lidar_m"": null, ""target_lidar_deg"": null, ""camera_range_m"
2026-07-16T23:06:03.205,1877.205,mission_20260716_223446_manual,MANUAL,,0,13.330303192138672,100.99791717529297,150.59934644360973,4,True,0.6784999966621399,1,0,0,1,0,0.0,0.0,0.0,0,0,nan,nan,nan,88,26.299999237060547,0.0,29.0,0,28,-,READY owner=Surnn refs=24,"{""cmd"": ""STOP"", ""status"": ""READY"", ""detector"": ""yolo"", ""state"": ""IDLE"", ""owner"": ""Surnn"", ""score"": null, ""match_max"": 0.5, ""refs"": 24, ""match_mode"": ""none"", ""steer_zones"": 41, ""people"": 0, ""track_id"": null, ""target_ex"": 0.0, ""target_cx_vel_px_s"": 0.0, ""target_age_s"": null, ""lidar_min_m"": 0.28, ""target_lidar_m"": null, ""target_lidar_deg"": null, ""camera_range_m"
2026-07-16T23:06:05.240,1879.24,mission_20260716_223446_manual,MANUAL,,0,13.330303192138672,100.99791717529297,150.602652255168,4,True,0.6782500147819519,1,0,0,1,0,0.0,0.0,0.0,0,0,nan,nan,nan,88,26.299999237060547,0.0,29.0,0,27,-,READY owner=Surnn refs=24,"{""cmd"": ""STOP"", ""status"": ""READY"", ""detector"": ""yolo"", ""state"": ""IDLE"", ""owner"": ""Surnn"", ""score"": null, ""match_max"": 0.5, ""refs"": 24, ""match_mode"": ""none"", ""steer_zones"": 41, ""people"": 0, ""track_id"": null, ""target_ex"": 0.0, ""target_cx_vel_px_s"": 0.0, ""target_age_s"": null, ""lidar_min_m"": 0.26, ""target_lidar_m"": null, ""target_lidar_deg"": null, ""camera_range_m"
2026-07-16T23:06:07.255,1881.256,mission_20260716_223446_manual,MANUAL,,0,13.330304145812988,100.99790954589844,150.59900493415122,4,True,0.6772500276565552,1,0,0,1,0,0.0,0.0,0.0,0,0,nan,nan,nan,88,26.299999237060547,0.0,29.0,0,27,-,READY owner=Surnn refs=24,"{""cmd"": ""STOP"", ""status"": ""READY"", ""detector"": ""yolo"", ""state"": ""IDLE"", ""owner"": ""Surnn"", ""score"": null, ""match_max"": 0.5, ""refs"": 24, ""match_mode"": ""none"", ""steer_zones"": 41, ""people"": 0, ""track_id"": null, ""target_ex"": 0.0, ""target_cx_vel_px_s"": 0.0, ""target_age_s"": null, ""lidar_min_m"": 0.28, ""target_lidar_m"": null, ""target_lidar_deg"": null, ""camera_range_m"
2026-07-16T23:06:09.350,1883.351,mission_20260716_223446_manual,MANUAL,,0,13.330306053161621,100.99790954589844,150.60164138717084,4,True,0.6772500276565552,1,0,0,1,0,0.0,0.0,0.0,0,0,nan,nan,nan,88,26.299999237060547,0.0,29.0,0,27,-,READY owner=Surnn refs=24,"{""cmd"": ""STOP"", ""status"": ""READY"", ""detector"": ""yolo"", ""state"": ""IDLE"", ""owner"": ""Surnn"", ""score"": null, ""match_max"": 0.5, ""refs"": 24, ""match_mode"": ""none"", ""steer_zones"": 41, ""people"": 0, ""track_id"": null, ""target_ex"": 0.0, ""target_cx_vel_px_s"": 0.0, ""target_age_s"": null, ""lidar_min_m"": 0.28, ""target_lidar_m"": null, ""target_lidar_deg"": null, ""camera_range_m"
2026-07-16T23:06:11.381,1885.381,mission_20260716_223446_manual,MANUAL,,0,13.330307006835938,100.99790954589844,150.6012179154423,4,True,0.6792500019073486,1,0,0,1,0,0.0,0.0,0.0,0,0,nan,nan,nan,88,26.299999237060547,0.0,29.0,0,27,-,READY owner=Surnn refs=24,"{""cmd"": ""STOP"", ""status"": ""READY"", ""detector"": ""yolo"", ""state"": ""IDLE"", ""owner"": ""Surnn"", ""score"": null, ""match_max"": 0.5, ""refs"": 24, ""match_mode"": ""none"", ""steer_zones"": 41, ""people"": 0, ""track_id"": null, ""target_ex"": 0.0, ""target_cx_vel_px_s"": 0.0, ""target_age_s"": null, ""lidar_min_m"": 0.28, ""target_lidar_m"": null, ""target_lidar_deg"": null, ""camera_range_m"
2026-07-16T23:06:13.381,1887.382,mission_20260716_223446_manual,MANUAL,,0,13.330307960510254,100.99790954589844,150.59717444345367,4,True,0.6779999732971191,1,0,0,1,0,0.0,0.0,0.0,0,0,nan,nan,nan,88,26.299999237060547,0.0,29.0,0,28,-,READY owner=Surnn refs=24,"{""cmd"": ""STOP"", ""status"": ""READY"", ""detector"": ""yolo"", ""state"": ""IDLE"", ""owner"": ""Surnn"", ""score"": null, ""match_max"": 0.5, ""refs"": 24, ""match_mode"": ""none"", ""steer_zones"": 41, ""people"": 0, ""track_id"": null, ""target_ex"": 0.0, ""target_cx_vel_px_s"": 0.0, ""target_age_s"": null, ""lidar_min_m"": 0.28, ""target_lidar_m"": null, ""target_lidar_deg"": null, ""camera_range_m"
2026-07-16T23:06:15.399,1889.399,mission_20260716_223446_manual,MANUAL,,0,13.330307006835938,100.99790954589844,150.58925142401645,4,True,0.6797500252723694,1,0,0,1,0,0.0,0.0,0.0,0,0,nan,nan,nan,88,26.299999237060547,0.0,29.0,0,28,-,READY owner=Surnn refs=24,"{""cmd"": ""STOP"", ""status"": ""READY"", ""detector"": ""yolo"", ""state"": ""IDLE"", ""owner"": ""Surnn"", ""score"": null, ""match_max"": 0.5, ""refs"": 24, ""match_mode"": ""none"", ""steer_zones"": 41, ""people"": 0, ""track_id"": null, ""target_ex"": 0.0, ""target_cx_vel_px_s"": 0.0, ""target_age_s"": null, ""lidar_min_m"": 0.28, ""target_lidar_m"": null, ""target_lidar_deg"": null, ""camera_range_m"
2026-07-16T23:06:17.404,1891.405,mission_20260716_223446_manual,MANUAL,,0,13.330306053161621,100.99790954589844,150.5923113487646,4,True,0.6782500147819519,1,0,0,1,0,0.0,0.0,0.0,0,0,nan,nan,nan,88,26.299999237060547,0.0,29.0,0,27,-,READY owner=Surnn refs=24,"{""cmd"": ""STOP"", ""status"": ""READY"", ""detector"": ""yolo"", ""state"": ""IDLE"", ""owner"": ""Surnn"", ""score"": null, ""match_max"": 0.5, ""refs"": 24, ""match_mode"": ""none"", ""steer_zones"": 41, ""people"": 0, ""track_id"": null, ""target_ex"": 0.0, ""target_cx_vel_px_s"": 0.0, ""target_age_s"": null, ""lidar_min_m"": 0.29, ""target_lidar_m"": null, ""target_lidar_deg"": null, ""camera_range_m"
2026-07-16T23:06:19.410,1893.41,mission_20260716_223446_manual,MANUAL,,0,13.330306053161621,100.99790954589844,150.60046659463362,4,True,0.6792500019073486,1,0,0,1,0,0.0,0.0,0.0,0,0,nan,nan,nan,88,26.299999237060547,0.0,29.0,0,27,-,READY owner=Surnn refs=24,"{""cmd"": ""STOP"", ""status"": ""READY"", ""detector"": ""yolo"", ""state"": ""IDLE"", ""owner"": ""Surnn"", ""score"": null, ""match_max"": 0.5, ""refs"": 24, ""match_mode"": ""none"", ""steer_zones"": 41, ""people"": 0, ""track_id"": null, ""target_ex"": 0.0, ""target_cx_vel_px_s"": 0.0, ""target_age_s"": null, ""lidar_min_m"": 0.28, ""target_lidar_m"": null, ""target_lidar_deg"": null, ""camera_range_m"
2026-07-16T23:06:21.423,1895.424,mission_20260716_223446_manual,MANUAL,,0,13.330306053161621,100.99791717529297,150.6013818399824,4,True,0.6784999966621399,1,0,0,1,0,0.0,0.0,0.0,0,0,nan,nan,nan,88,26.299999237060547,0.0,29.0,0,28,-,READY owner=Surnn refs=24,"{""cmd"": ""STOP"", ""status"": ""READY"", ""detector"": ""yolo"", ""state"": ""IDLE"", ""owner"": ""Surnn"", ""score"": null, ""match_max"": 0.5, ""refs"": 24, ""match_mode"": ""none"", ""steer_zones"": 41, ""people"": 0, ""track_id"": null, ""target_ex"": 0.0, ""target_cx_vel_px_s"": 0.0, ""target_age_s"": null, ""lidar_min_m"": 0.29, ""target_lidar_m"": null, ""target_lidar_deg"": null, ""camera_range_m"
2026-07-16T23:06:23.556,1897.556,mission_20260716_223446_manual,MANUAL,,0,13.330306053161621,100.99791717529297,150.59989285874332,4,True,0.6815000176429749,1,0,0,1,0,0.0,0.0,0.0,0,0,nan,nan,nan,88,26.299999237060547,0.0,29.0,0,27,-,READY owner=Surnn refs=24,"{""cmd"": ""STOP"", ""status"": ""READY"", ""detector"": ""yolo"", ""state"": ""IDLE"", ""owner"": ""Surnn"", ""score"": null, ""match_max"": 0.5, ""refs"": 24, ""match_mode"": ""none"", ""steer_zones"": 41, ""people"": 0, ""track_id"": null, ""target_ex"": 0.0, ""target_cx_vel_px_s"": 0.0, ""target_age_s"": null, ""lidar_min_m"": 0.27, ""target_lidar_m"": null, ""target_lidar_deg"": null, ""camera_range_m"
2026-07-16T23:06:25.556,1899.556,mission_20260716_223446_manual,MANUAL,,0,13.330307006835938,100.99791717529297,150.61004251984997,4,True,0.6779999732971191,1,0,0,1,0,0.0,0.0,0.0,0,0,nan,nan,nan,88,26.299999237060547,0.0,29.0,0,27,-,READY owner=Surnn refs=24,"{""cmd"": ""STOP"", ""status"": ""READY"", ""detector"": ""yolo"", ""state"": ""IDLE"", ""owner"": ""Surnn"", ""score"": null, ""match_max"": 0.5, ""refs"": 24, ""match_mode"": ""none"", ""steer_zones"": 41, ""people"": 0, ""track_id"": null, ""target_ex"": 0.0, ""target_cx_vel_px_s"": 0.0, ""target_age_s"": null, ""lidar_min_m"": 0.26, ""target_lidar_m"": null, ""target_lidar_deg"": null, ""camera_range_m"
2026-07-16T23:06:27.561,1901.561,mission_20260716_223446_manual,MANUAL,,0,13.330307960510254,100.99791717529297,150.61646289766978,4,True,0.6797500252723694,1,0,0,1,0,0.0,0.0,0.0,0,0,nan,nan,nan,88,26.299999237060547,0.0,29.0,0,27,-,READY owner=Surnn refs=24,"{""cmd"": ""STOP"", ""status"": ""READY"", ""detector"": ""yolo"", ""state"": ""IDLE"", ""owner"": ""Surnn"", ""score"": null, ""match_max"": 0.5, ""refs"": 24, ""match_mode"": ""none"", ""steer_zones"": 41, ""people"": 0, ""track_id"": null, ""target_ex"": 0.0, ""target_cx_vel_px_s"": 0.0, ""target_age_s"": null, ""lidar_min_m"": 0.28, ""target_lidar_m"": null, ""target_lidar_deg"": null, ""camera_range_m"
2026-07-16T23:06:29.685,1903.685,mission_20260716_223446_manual,MANUAL,,0,13.33030891418457,100.99791717529297,150.61337565216493,4,True,0.6782500147819519,1,0,0,1,0,0.0,0.0,0.0,0,0,nan,nan,nan,88,26.299999237060547,0.0,29.0,0,29,-,READY owner=Surnn refs=24,"{""cmd"": ""STOP"", ""status"": ""READY"", ""detector"": ""yolo"", ""state"": ""IDLE"", ""owner"": ""Surnn"", ""score"": null, ""match_max"": 0.5, ""refs"": 24, ""match_mode"": ""none"", ""steer_zones"": 41, ""people"": 0, ""track_id"": null, ""target_ex"": 0.0, ""target_cx_vel_px_s"": 0.0, ""target_age_s"": null, ""lidar_min_m"": 0.28, ""target_lidar_m"": null, ""target_lidar_deg"": null, ""camera_range_m"
2026-07-16T23:06:31.709,1905.71,mission_20260716_223446_manual,MANUAL,,0,13.330309867858887,100.99791717529297,150.612132557736,4,True,0.6790000200271606,1,0,0,1,0,0.0,0.0,0.0,0,0,nan,nan,nan,88,26.299999237060547,0.0,29.0,0,29,-,READY owner=Surnn refs=24,"{""cmd"": ""STOP"", ""status"": ""READY"", ""detector"": ""yolo"", ""state"": ""IDLE"", ""owner"": ""Surnn"", ""score"": null, ""match_max"": 0.5, ""refs"": 24, ""match_mode"": ""none"", ""steer_zones"": 41, ""people"": 0, ""track_id"": null, ""target_ex"": 0.0, ""target_cx_vel_px_s"": 0.0, ""target_age_s"": null, ""lidar_min_m"": 0.27, ""target_lidar_m"": null, ""target_lidar_deg"": null, ""camera_range_m"
2026-07-16T23:06:33.838,1907.839,mission_20260716_223446_manual,MANUAL,,0,13.330310821533203,100.99791717529297,150.6068733120751,4,True,0.6792500019073486,1,0,0,1,0,0.0,0.0,0.0,0,0,nan,nan,nan,88,26.299999237060547,0.0,29.0,0,29,-,READY owner=Surnn refs=24,"{""cmd"": ""STOP"", ""status"": ""READY"", ""detector"": ""yolo"", ""state"": ""IDLE"", ""owner"": ""Surnn"", ""score"": null, ""match_max"": 0.5, ""refs"": 24, ""match_mode"": ""none"", ""steer_zones"": 41, ""people"": 0, ""track_id"": null, ""target_ex"": 0.0, ""target_cx_vel_px_s"": 0.0, ""target_age_s"": null, ""lidar_min_m"": 0.27, ""target_lidar_m"": null, ""target_lidar_deg"": null, ""camera_range_m"
2026-07-16T23:06:35.842,1909.842,mission_20260716_223446_manual,MANUAL,,0,13.330310821533203,100.99791717529297,150.61374448238013,4,True,0.6787499785423279,1,0,0,1,0,0.0,0.0,0.0,0,0,nan,nan,nan,88,26.299999237060547,0.0,29.0,0,30,-,READY owner=Surnn refs=24,"{""cmd"": ""STOP"", ""status"": ""READY"", ""detector"": ""yolo"", ""state"": ""IDLE"", ""owner"": ""Surnn"", ""score"": null, ""match_max"": 0.5, ""refs"": 24, ""match_mode"": ""none"", ""steer_zones"": 41, ""people"": 0, ""track_id"": null, ""target_ex"": 0.0, ""target_cx_vel_px_s"": 0.0, ""target_age_s"": null, ""lidar_min_m"": 0.27, ""target_lidar_m"": null, ""target_lidar_deg"": null, ""camera_range_m"
2026-07-16T23:06:37.842,1911.843,mission_20260716_223446_manual,MANUAL,,0,13.330310821533203,100.99791717529297,150.6210801055487,4,True,0.6800000071525574,1,0,0,1,0,0.0,0.0,0.0,0,0,nan,nan,nan,88,26.299999237060547,0.0,29.0,0,30,-,READY owner=Surnn refs=24,"{""cmd"": ""STOP"", ""status"": ""READY"", ""detector"": ""yolo"", ""state"": ""IDLE"", ""owner"": ""Surnn"", ""score"": null, ""match_max"": 0.5, ""refs"": 24, ""match_mode"": ""none"", ""steer_zones"": 41, ""people"": 0, ""track_id"": null, ""target_ex"": 0.0, ""target_cx_vel_px_s"": 0.0, ""target_age_s"": null, ""lidar_min_m"": 0.29, ""target_lidar_m"": null, ""target_lidar_deg"": null, ""camera_range_m"
2026-07-16T23:06:39.847,1913.847,mission_20260716_223446_manual,MANUAL,,0,13.330310821533203,100.99791717529297,150.62662621915476,4,True,0.6790000200271606,1,0,0,1,0,0.0,0.0,0.0,0,0,nan,nan,nan,88,26.299999237060547,0.0,29.0,0,30,-,READY owner=Surnn refs=24,"{""cmd"": ""STOP"", ""status"": ""READY"", ""detector"": ""yolo"", ""state"": ""IDLE"", ""owner"": ""Surnn"", ""score"": null, ""match_max"": 0.5, ""refs"": 24, ""match_mode"": ""none"", ""steer_zones"": 41, ""people"": 0, ""track_id"": null, ""target_ex"": 0.0, ""target_cx_vel_px_s"": 0.0, ""target_age_s"": null, ""lidar_min_m"": 0.28, ""target_lidar_m"": null, ""target_lidar_deg"": null, ""camera_range_m"
2026-07-16T23:06:41.858,1915.859,mission_20260716_223446_manual,MANUAL,,0,13.330309867858887,100.99791717529297,150.62444055862036,4,True,0.6784999966621399,1,0,0,1,0,0.0,0.0,0.0,0,0,nan,nan,nan,88,26.299999237060547,0.0,29.0,0,29,-,READY owner=Surnn refs=24,"{""cmd"": ""STOP"", ""status"": ""READY"", ""detector"": ""yolo"", ""state"": ""IDLE"", ""owner"": ""Surnn"", ""score"": null, ""match_max"": 0.5, ""refs"": 24, ""match_mode"": ""none"", ""steer_zones"": 41, ""people"": 0, ""track_id"": null, ""target_ex"": 0.0, ""target_cx_vel_px_s"": 0.0, ""target_age_s"": null, ""lidar_min_m"": 0.29, ""target_lidar_m"": null, ""target_lidar_deg"": null, ""camera_range_m"
2026-07-16T23:06:43.872,1917.872,mission_20260716_223446_manual,MANUAL,,0,13.330309867858887,100.99791717529297,150.63678954063974,4,True,0.6775000095367432,1,0,0,1,0,0.0,0.0,0.0,0,0,nan,nan,nan,88,26.299999237060547,0.0,29.0,0,29,-,READY owner=Surnn refs=24,"{""cmd"": ""STOP"", ""status"": ""READY"", ""detector"": ""yolo"", ""state"": ""IDLE"", ""owner"": ""Surnn"", ""score"": null, ""match_max"": 0.5, ""refs"": 24, ""match_mode"": ""none"", ""steer_zones"": 41, ""people"": 0, ""track_id"": null, ""target_ex"": 0.0, ""target_cx_vel_px_s"": 0.0, ""target_age_s"": null, ""lidar_min_m"": 0.28, ""target_lidar_m"": null, ""target_lidar_deg"": null, ""camera_range_m"
2026-07-16T23:06:45.887,1919.888,mission_20260716_223446_manual,MANUAL,,0,13.330310821533203,100.99791717529297,150.6450677299138,4,True,0.6797500252723694,1,0,0,1,0,0.0,0.0,0.0,0,0,nan,nan,nan,88,26.299999237060547,0.0,29.0,0,28,-,READY owner=Surnn refs=24,"{""cmd"": ""STOP"", ""status"": ""READY"", ""detector"": ""yolo"", ""state"": ""IDLE"", ""owner"": ""Surnn"", ""score"": null, ""match_max"": 0.5, ""refs"": 24, ""match_mode"": ""none"", ""steer_zones"": 41, ""people"": 0, ""track_id"": null, ""target_ex"": 0.0, ""target_cx_vel_px_s"": 0.0, ""target_age_s"": null, ""lidar_min_m"": 0.28, ""target_lidar_m"": null, ""target_lidar_deg"": null, ""camera_range_m"
2026-07-16T23:06:47.897,1921.898,mission_20260716_223446_manual,MANUAL,,0,13.330310821533203,100.99791717529297,150.6580450893368,4,True,0.6769999861717224,1,0,0,1,0,0.0,0.0,0.0,0,0,nan,nan,nan,88,26.299999237060547,0.0,29.0,0,29,-,READY owner=Surnn refs=24,"{""cmd"": ""STOP"", ""status"": ""READY"", ""detector"": ""yolo"", ""state"": ""IDLE"", ""owner"": ""Surnn"", ""score"": null, ""match_max"": 0.5, ""refs"": 24, ""match_mode"": ""none"", ""steer_zones"": 41, ""people"": 0, ""track_id"": null, ""target_ex"": 0.0, ""target_cx_vel_px_s"": 0.0, ""target_age_s"": null, ""lidar_min_m"": 0.27, ""target_lidar_m"": null, ""target_lidar_deg"": null, ""camera_range_m"
2026-07-16T23:06:49.933,1923.934,mission_20260716_223446_manual,MANUAL,,0,13.330309867858887,100.99791717529297,150.65741671193317,4,True,0.6794999837875366,1,0,0,1,0,0.0,0.0,0.0,0,0,nan,nan,nan,88,26.299999237060547,0.0,29.0,0,29,-,READY owner=Surnn refs=24,"{""cmd"": ""STOP"", ""status"": ""READY"", ""detector"": ""yolo"", ""state"": ""IDLE"", ""owner"": ""Surnn"", ""score"": null, ""match_max"": 0.5, ""refs"": 24, ""match_mode"": ""none"", ""steer_zones"": 41, ""people"": 0, ""track_id"": null, ""target_ex"": 0.0, ""target_cx_vel_px_s"": 0.0, ""target_age_s"": null, ""lidar_min_m"": 0.27, ""target_lidar_m"": null, ""target_lidar_deg"": null, ""camera_range_m"
2026-07-16T23:06:52.057,1926.057,mission_20260716_223446_manual,MANUAL,,0,13.330309867858887,100.9979248046875,150.64905656038908,4,True,0.6792500019073486,1,0,0,1,0,0.0,0.0,0.0,0,0,nan,nan,nan,88,26.299999237060547,0.0,29.0,0,30,-,READY owner=Surnn refs=24,"{""cmd"": ""STOP"", ""status"": ""READY"", ""detector"": ""yolo"", ""state"": ""IDLE"", ""owner"": ""Surnn"", ""score"": null, ""match_max"": 0.5, ""refs"": 24, ""match_mode"": ""none"", ""steer_zones"": 41, ""people"": 0, ""track_id"": null, ""target_ex"": 0.0, ""target_cx_vel_px_s"": 0.0, ""target_age_s"": null, ""lidar_min_m"": 0.28, ""target_lidar_m"": null, ""target_lidar_deg"": null, ""camera_range_m"
2026-07-16T23:06:54.058,1928.058,mission_20260716_223446_manual,MANUAL,,0,13.330309867858887,100.9979248046875,150.63771844636685,4,True,0.6784999966621399,1,0,0,1,0,0.0,0.0,0.0,0,0,nan,nan,nan,88,26.299999237060547,0.0,29.0,0,29,-,READY owner=Surnn refs=24,"{""cmd"": ""STOP"", ""status"": ""READY"", ""detector"": ""yolo"", ""state"": ""IDLE"", ""owner"": ""Surnn"", ""score"": null, ""match_max"": 0.5, ""refs"": 24, ""match_mode"": ""none"", ""steer_zones"": 41, ""people"": 0, ""track_id"": null, ""target_ex"": 0.0, ""target_cx_vel_px_s"": 0.0, ""target_age_s"": null, ""lidar_min_m"": 0.29, ""target_lidar_m"": null, ""target_lidar_deg"": null, ""camera_range_m"
2026-07-16T23:06:56.075,1930.076,mission_20260716_223446_manual,MANUAL,,0,13.33030891418457,100.9979248046875,150.6405324843049,4,True,0.6762499809265137,1,0,0,1,0,0.0,0.0,0.0,0,0,nan,nan,nan,88,26.299999237060547,0.0,29.0,0,28,-,READY owner=Surnn refs=24,"{""cmd"": ""STOP"", ""status"": ""READY"", ""detector"": ""yolo"", ""state"": ""IDLE"", ""owner"": ""Surnn"", ""score"": null, ""match_max"": 0.5, ""refs"": 24, ""match_mode"": ""none"", ""steer_zones"": 41, ""people"": 0, ""track_id"": null, ""target_ex"": 0.0, ""target_cx_vel_px_s"": 0.0, ""target_age_s"": null, ""lidar_min_m"": 0.26, ""target_lidar_m"": null, ""target_lidar_deg"": null, ""camera_range_m"
2026-07-16T23:06:58.198,1932.198,mission_20260716_223446_manual,MANUAL,,0,13.33030891418457,100.9979248046875,150.64334652224295,4,True,0.6765000224113464,1,0,0,1,0,0.0,0.0,0.0,0,0,nan,nan,nan,88,26.299999237060547,0.0,29.0,0,28,-,READY owner=Surnn refs=24,"{""cmd"": ""STOP"", ""status"": ""READY"", ""detector"": ""yolo"", ""state"": ""IDLE"", ""owner"": ""Surnn"", ""score"": null, ""match_max"": 0.5, ""refs"": 24, ""match_mode"": ""none"", ""steer_zones"": 41, ""people"": 0, ""track_id"": null, ""target_ex"": 0.0, ""target_cx_vel_px_s"": 0.0, ""target_age_s"": null, ""lidar_min_m"": 0.27, ""target_lidar_m"": null, ""target_lidar_deg"": null, ""camera_range_m"
2026-07-16T23:07:00.212,1934.213,mission_20260716_223446_manual,MANUAL,,0,13.330307960510254,100.9979248046875,150.65157007000366,4,True,0.6797500252723694,1,0,0,1,0,0.0,0.0,0.0,0,0,nan,nan,nan,88,26.299999237060547,0.0,29.0,0,29,-,READY owner=Surnn refs=24,"{""cmd"": ""STOP"", ""status"": ""READY"", ""detector"": ""yolo"", ""state"": ""IDLE"", ""owner"": ""Surnn"", ""score"": null, ""match_max"": 0.5, ""refs"": 24, ""match_mode"": ""none"", ""steer_zones"": 41, ""people"": 0, ""track_id"": null, ""target_ex"": 0.0, ""target_cx_vel_px_s"": 0.0, ""target_age_s"": null, ""lidar_min_m"": 0.28, ""target_lidar_m"": null, ""target_lidar_deg"": null, ""camera_range_m"
2026-07-16T23:07:02.320,1936.321,mission_20260716_223446_manual,MANUAL,,0,13.330307960510254,100.9979248046875,150.64870139055225,4,True,0.6779999732971191,1,0,0,1,0,0.0,0.0,0.0,0,0,nan,nan,nan,88,26.299999237060547,0.0,29.0,0,29,-,READY owner=Surnn refs=24,"{""cmd"": ""STOP"", ""status"": ""READY"", ""detector"": ""yolo"", ""state"": ""IDLE"", ""owner"": ""Surnn"", ""score"": null, ""match_max"": 0.5, ""refs"": 24, ""match_mode"": ""none"", ""steer_zones"": 41, ""people"": 0, ""track_id"": null, ""target_ex"": 0.0, ""target_cx_vel_px_s"": 0.0, ""target_age_s"": null, ""lidar_min_m"": 0.27, ""target_lidar_m"": null, ""target_lidar_deg"": null, ""camera_range_m"
2026-07-16T23:07:04.332,1938.333,mission_20260716_223446_manual,MANUAL,,0,13.330307006835938,100.9979248046875,150.64348312602635,4,True,0.6779999732971191,1,0,0,1,0,0.0,0.0,0.0,0,0,nan,nan,nan,88,26.299999237060547,0.0,29.0,0,29,-,READY owner=Surnn refs=24,"{""cmd"": ""STOP"", ""status"": ""READY"", ""detector"": ""yolo"", ""state"": ""IDLE"", ""owner"": ""Surnn"", ""score"": null, ""match_max"": 0.5, ""refs"": 24, ""match_mode"": ""none"", ""steer_zones"": 41, ""people"": 0, ""track_id"": null, ""target_ex"": 0.0, ""target_cx_vel_px_s"": 0.0, ""target_age_s"": null, ""lidar_min_m"": 0.27, ""target_lidar_m"": null, ""target_lidar_deg"": null, ""camera_range_m"
2026-07-16T23:07:06.335,1940.335,mission_20260716_223446_manual,MANUAL,,0,13.330307006835938,100.9979248046875,150.63587429529096,4,True,0.6790000200271606,1,0,0,1,0,0.0,0.0,0.0,0,0,nan,nan,nan,88,26.299999237060547,0.0,29.0,0,30,-,READY owner=Surnn refs=24,"{""cmd"": ""STOP"", ""status"": ""READY"", ""detector"": ""yolo"", ""state"": ""IDLE"", ""owner"": ""Surnn"", ""score"": null, ""match_max"": 0.5, ""refs"": 24, ""match_mode"": ""none"", ""steer_zones"": 41, ""people"": 0, ""track_id"": null, ""target_ex"": 0.0, ""target_cx_vel_px_s"": 0.0, ""target_age_s"": null, ""lidar_min_m"": 0.28, ""target_lidar_m"": null, ""target_lidar_deg"": null, ""camera_range_m"
2026-07-16T23:07:08.453,1942.454,mission_20260716_223446_manual,MANUAL,,0,13.330307960510254,100.9979248046875,150.64269082408262,4,True,0.6807500123977661,1,0,0,1,0,0.0,0.0,0.0,0,0,nan,nan,nan,88,26.299999237060547,0.0,29.0,0,29,-,READY owner=Surnn refs=24,"{""cmd"": ""STOP"", ""status"": ""READY"", ""detector"": ""yolo"", ""state"": ""IDLE"", ""owner"": ""Surnn"", ""score"": null, ""match_max"": 0.5, ""refs"": 24, ""match_mode"": ""none"", ""steer_zones"": 41, ""people"": 0, ""track_id"": null, ""target_ex"": 0.0, ""target_cx_vel_px_s"": 0.0, ""target_age_s"": null, ""lidar_min_m"": 0.27, ""target_lidar_m"": null, ""target_lidar_deg"": null, ""camera_range_m"
2026-07-16T23:07:10.462,1944.462,mission_20260716_223446_manual,MANUAL,,0,13.330307960510254,100.9979248046875,150.64040954089984,4,True,0.6787499785423279,1,0,0,1,0,0.0,0.0,0.0,0,0,nan,nan,nan,88,26.299999237060547,0.0,29.0,0,29,-,READY owner=Surnn refs=24,"{""cmd"": ""STOP"", ""status"": ""READY"", ""detector"": ""yolo"", ""state"": ""IDLE"", ""owner"": ""Surnn"", ""score"": null, ""match_max"": 0.5, ""refs"": 24, ""match_mode"": ""none"", ""steer_zones"": 41, ""people"": 0, ""track_id"": null, ""target_ex"": 0.0, ""target_cx_vel_px_s"": 0.0, ""target_age_s"": null, ""lidar_min_m"": 0.27, ""target_lidar_m"": null, ""target_lidar_deg"": null, ""camera_range_m"
2026-07-16T23:07:12.579,1946.579,mission_20260716_223446_manual,MANUAL,,0,13.330307960510254,100.9979248046875,150.64076471073668,4,True,0.6804999709129333,1,0,0,1,0,0.0,0.0,0.0,0,0,nan,nan,nan,88,26.299999237060547,0.0,29.0,0,29,-,READY owner=Surnn refs=24,"{""cmd"": ""STOP"", ""status"": ""READY"", ""detector"": ""yolo"", ""state"": ""IDLE"", ""owner"": ""Surnn"", ""score"": null, ""match_max"": 0.5, ""refs"": 24, ""match_mode"": ""none"", ""steer_zones"": 41, ""people"": 0, ""track_id"": null, ""target_ex"": 0.0, ""target_cx_vel_px_s"": 0.0, ""target_age_s"": null, ""lidar_min_m"": 0.27, ""target_lidar_m"": null, ""target_lidar_deg"": null, ""camera_range_m"
2026-07-16T23:07:14.582,1948.582,mission_20260716_223446_manual,MANUAL,,0,13.330307960510254,100.9979248046875,150.64263618256928,4,True,0.6794999837875366,1,0,0,1,0,0.0,0.0,0.0,0,0,nan,nan,nan,88,26.299999237060547,0.0,29.0,0,29,-,READY owner=Surnn refs=24,"{""cmd"": ""STOP"", ""status"": ""READY"", ""detector"": ""yolo"", ""state"": ""IDLE"", ""owner"": ""Surnn"", ""score"": null, ""match_max"": 0.5, ""refs"": 24, ""match_mode"": ""none"", ""steer_zones"": 41, ""people"": 0, ""track_id"": null, ""target_ex"": 0.0, ""target_cx_vel_px_s"": 0.0, ""target_age_s"": null, ""lidar_min_m"": 0.27, ""target_lidar_m"": null, ""target_lidar_deg"": null, ""camera_range_m"
2026-07-16T23:07:16.700,1950.7,mission_20260716_223446_manual,MANUAL,,0,13.330307960510254,100.9979248046875,150.6336066724865,4,True,0.6782500147819519,1,0,0,1,0,0.0,0.0,0.0,0,0,nan,nan,nan,88,26.299999237060547,0.0,29.0,0,28,-,READY owner=Surnn refs=24,"{""cmd"": ""STOP"", ""status"": ""READY"", ""detector"": ""yolo"", ""state"": ""IDLE"", ""owner"": ""Surnn"", ""score"": null, ""match_max"": 0.5, ""refs"": 24, ""match_mode"": ""none"", ""steer_zones"": 41, ""people"": 0, ""track_id"": null, ""target_ex"": 0.0, ""target_cx_vel_px_s"": 0.0, ""target_age_s"": null, ""lidar_min_m"": 0.27, ""target_lidar_m"": null, ""target_lidar_deg"": null, ""camera_range_m"
2026-07-16T23:07:18.718,1952.718,mission_20260716_223446_manual,MANUAL,,0,13.330307006835938,100.9979248046875,150.63109316287193,4,True,0.6797500252723694,1,0,0,1,0,0.0,0.0,0.0,0,0,nan,nan,nan,88,26.299999237060547,0.0,29.0,0,28,-,READY owner=Surnn refs=24,"{""cmd"": ""STOP"", ""status"": ""READY"", ""detector"": ""yolo"", ""state"": ""IDLE"", ""owner"": ""Surnn"", ""score"": null, ""match_max"": 0.5, ""refs"": 24, ""match_mode"": ""none"", ""steer_zones"": 41, ""people"": 0, ""track_id"": null, ""target_ex"": 0.0, ""target_cx_vel_px_s"": 0.0, ""target_age_s"": null, ""lidar_min_m"": 0.28, ""target_lidar_m"": null, ""target_lidar_deg"": null, ""camera_range_m"
2026-07-16T23:07:20.745,1954.745,mission_20260716_223446_manual,MANUAL,,0,13.330306053161621,100.9979248046875,150.6297817665513,4,True,0.6792500019073486,1,0,0,1,0,0.0,0.0,0.0,0,0,nan,nan,nan,88,26.299999237060547,0.0,29.0,0,28,-,READY owner=Surnn refs=24,"{""cmd"": ""STOP"", ""status"": ""READY"", ""detector"": ""yolo"", ""state"": ""IDLE"", ""owner"": ""Surnn"", ""score"": null, ""match_max"": 0.5, ""refs"": 24, ""match_mode"": ""none"", ""steer_zones"": 41, ""people"": 0, ""track_id"": null, ""target_ex"": 0.0, ""target_cx_vel_px_s"": 0.0, ""target_age_s"": null, ""lidar_min_m"": 0.29, ""target_lidar_m"": null, ""target_lidar_deg"": null, ""camera_range_m"
2026-07-16T23:07:22.850,1956.851,mission_20260716_223446_manual,MANUAL,,0,13.330306053161621,100.9979248046875,150.61695467129002,4,True,0.6787499785423279,1,0,0,1,0,0.0,0.0,0.0,0,0,nan,nan,nan,88,26.299999237060547,0.0,29.0,0,28,-,READY owner=Surnn refs=24,"{""cmd"": ""STOP"", ""status"": ""READY"", ""detector"": ""yolo"", ""state"": ""IDLE"", ""owner"": ""Surnn"", ""score"": null, ""match_max"": 0.5, ""refs"": 24, ""match_mode"": ""none"", ""steer_zones"": 41, ""people"": 0, ""track_id"": null, ""target_ex"": 0.0, ""target_cx_vel_px_s"": 0.0, ""target_age_s"": null, ""lidar_min_m"": 0.27, ""target_lidar_m"": null, ""target_lidar_deg"": null, ""camera_range_m"
2026-07-16T23:07:24.858,1958.859,mission_20260716_223446_manual,MANUAL,,0,13.330305099487305,100.9979248046875,150.60639519883318,4,True,0.6794999837875366,1,0,0,1,0,0.0,0.0,0.0,0,0,nan,nan,nan,88,26.299999237060547,0.0,29.0,0,28,-,READY owner=Surnn refs=24,"{""cmd"": ""STOP"", ""status"": ""READY"", ""detector"": ""yolo"", ""state"": ""IDLE"", ""owner"": ""Surnn"", ""score"": null, ""match_max"": 0.5, ""refs"": 24, ""match_mode"": ""none"", ""steer_zones"": 41, ""people"": 0, ""track_id"": null, ""target_ex"": 0.0, ""target_cx_vel_px_s"": 0.0, ""target_age_s"": null, ""lidar_min_m"": 0.27, ""target_lidar_m"": null, ""target_lidar_deg"": null, ""camera_range_m"
2026-07-16T23:07:26.981,1960.981,mission_20260716_223446_manual,MANUAL,,0,13.330305099487305,100.9979248046875,150.60457836851396,4,True,0.6792500019073486,1,0,0,1,0,0.0,0.0,0.0,0,0,nan,nan,nan,88,26.299999237060547,0.0,29.0,0,27,-,READY owner=Surnn refs=24,"{""cmd"": ""STOP"", ""status"": ""READY"", ""detector"": ""yolo"", ""state"": ""IDLE"", ""owner"": ""Surnn"", ""score"": null, ""match_max"": 0.5, ""refs"": 24, ""match_mode"": ""none"", ""steer_zones"": 41, ""people"": 0, ""track_id"": null, ""target_ex"": 0.0, ""target_cx_vel_px_s"": 0.0, ""target_age_s"": null, ""lidar_min_m"": 0.28, ""target_lidar_m"": null, ""target_lidar_deg"": null, ""camera_range_m"
2026-07-16T23:07:28.986,1962.986,mission_20260716_223446_manual,MANUAL,,0,13.330305099487305,100.9979248046875,150.61542470891592,4,True,0.6787499785423279,1,0,0,1,0,0.0,0.0,0.0,0,0,nan,nan,nan,88,26.299999237060547,0.0,29.0,0,27,-,READY owner=Surnn refs=24,"{""cmd"": ""STOP"", ""status"": ""READY"", ""detector"": ""yolo"", ""state"": ""IDLE"", ""owner"": ""Surnn"", ""score"": null, ""match_max"": 0.5, ""refs"": 24, ""match_mode"": ""none"", ""steer_zones"": 41, ""people"": 0, ""track_id"": null, ""target_ex"": 0.0, ""target_cx_vel_px_s"": 0.0, ""target_age_s"": null, ""lidar_min_m"": 0.27, ""target_lidar_m"": null, ""target_lidar_deg"": null, ""camera_range_m"
2026-07-16T23:07:31.106,1965.106,mission_20260716_223446_manual,MANUAL,,0,13.330306053161621,100.9979248046875,150.61041135006514,4,True,0.6787499785423279,1,0,0,1,0,0.0,0.0,0.0,0,0,nan,nan,nan,88,26.299999237060547,0.0,29.0,0,27,-,READY owner=Surnn refs=24,"{""cmd"": ""STOP"", ""status"": ""READY"", ""detector"": ""yolo"", ""state"": ""IDLE"", ""owner"": ""Surnn"", ""score"": null, ""match_max"": 0.5, ""refs"": 24, ""match_mode"": ""none"", ""steer_zones"": 41, ""people"": 0, ""track_id"": null, ""target_ex"": 0.0, ""target_cx_vel_px_s"": 0.0, ""target_age_s"": null, ""lidar_min_m"": 0.29, ""target_lidar_m"": null, ""target_lidar_deg"": null, ""camera_range_m"
2026-07-16T23:07:33.116,1967.117,mission_20260716_223446_manual,MANUAL,,0,13.330306053161621,100.9979248046875,150.60968735001313,4,True,0.6792500019073486,1,0,0,1,0,0.0,0.0,0.0,0,0,nan,nan,nan,88,26.299999237060547,0.0,29.0,0,28,-,READY owner=Surnn refs=24,"{""cmd"": ""STOP"", ""status"": ""READY"", ""detector"": ""yolo"", ""state"": ""IDLE"", ""owner"": ""Surnn"", ""score"": null, ""match_max"": 0.5, ""refs"": 24, ""match_mode"": ""none"", ""steer_zones"": 41, ""people"": 0, ""track_id"": null, ""target_ex"": 0.0, ""target_cx_vel_px_s"": 0.0, ""target_age_s"": null, ""lidar_min_m"": 0.27, ""target_lidar_m"": null, ""target_lidar_deg"": null, ""camera_range_m"
2026-07-16T23:07:35.131,1969.132,mission_20260716_223446_manual,MANUAL,,0,13.330306053161621,100.9979248046875,150.60847157634086,4,True,0.6797500252723694,1,0,0,1,0,0.0,0.0,0.0,0,0,nan,nan,nan,88,26.299999237060547,0.0,29.0,0,28,-,READY owner=Surnn refs=24,"{""cmd"": ""STOP"", ""status"": ""READY"", ""detector"": ""yolo"", ""state"": ""IDLE"", ""owner"": ""Surnn"", ""score"": null, ""match_max"": 0.5, ""refs"": 24, ""match_mode"": ""none"", ""steer_zones"": 41, ""people"": 0, ""track_id"": null, ""target_ex"": 0.0, ""target_cx_vel_px_s"": 0.0, ""target_age_s"": null, ""lidar_min_m"": 0.27, ""target_lidar_m"": null, ""target_lidar_deg"": null, ""camera_range_m"
2026-07-16T23:07:37.222,1971.222,mission_20260716_223446_manual,MANUAL,,0,13.330306053161621,100.9979248046875,150.60578048180787,4,True,0.6802499890327454,1,0,0,1,0,0.0,0.0,0.0,0,0,nan,nan,nan,88,26.299999237060547,0.0,29.0,0,27,-,READY owner=Surnn refs=24,"{""cmd"": ""STOP"", ""status"": ""READY"", ""detector"": ""yolo"", ""state"": ""IDLE"", ""owner"": ""Surnn"", ""score"": null, ""match_max"": 0.5, ""refs"": 24, ""match_mode"": ""none"", ""steer_zones"": 41, ""people"": 0, ""track_id"": null, ""target_ex"": 0.0, ""target_cx_vel_px_s"": 0.0, ""target_age_s"": null, ""lidar_min_m"": 0.27, ""target_lidar_m"": null, ""target_lidar_deg"": null, ""camera_range_m"
2026-07-16T23:07:39.227,1973.228,mission_20260716_223446_manual,MANUAL,,0,13.330306053161621,100.9979248046875,150.60000214177006,4,True,0.6807500123977661,1,0,0,1,0,0.0,0.0,0.0,0,0,nan,nan,nan,88,26.299999237060547,0.0,29.0,0,27,-,READY owner=Surnn refs=24,"{""cmd"": ""STOP"", ""status"": ""READY"", ""detector"": ""yolo"", ""state"": ""IDLE"", ""owner"": ""Surnn"", ""score"": null, ""match_max"": 0.5, ""refs"": 24, ""match_mode"": ""none"", ""steer_zones"": 41, ""people"": 0, ""track_id"": null, ""target_ex"": 0.0, ""target_cx_vel_px_s"": 0.0, ""target_age_s"": null, ""lidar_min_m"": 0.28, ""target_lidar_m"": null, ""target_lidar_deg"": null, ""camera_range_m"
2026-07-16T23:07:41.348,1975.348,mission_20260716_223446_manual,MANUAL,,0,13.330306053161621,100.9979248046875,150.60076712295708,4,True,0.6794999837875366,1,0,0,1,0,0.0,0.0,0.0,0,0,nan,nan,nan,88,26.299999237060547,0.0,29.0,0,27,-,READY owner=Surnn refs=24,"{""cmd"": ""STOP"", ""status"": ""READY"", ""detector"": ""yolo"", ""state"": ""IDLE"", ""owner"": ""Surnn"", ""score"": null, ""match_max"": 0.5, ""refs"": 24, ""match_mode"": ""none"", ""steer_zones"": 41, ""people"": 0, ""track_id"": null, ""target_ex"": 0.0, ""target_cx_vel_px_s"": 0.0, ""target_age_s"": null, ""lidar_min_m"": 0.27, ""target_lidar_m"": null, ""target_lidar_deg"": null, ""camera_range_m"
2026-07-16T23:07:43.350,1977.351,mission_20260716_223446_manual,MANUAL,,0,13.330305099487305,100.9979248046875,150.5941828205972,4,True,0.6787499785423279,1,0,0,1,0,0.0,0.0,0.0,0,0,nan,nan,nan,88,26.299999237060547,0.0,29.0,0,27,-,READY owner=Surnn refs=24,"{""cmd"": ""STOP"", ""status"": ""READY"", ""detector"": ""yolo"", ""state"": ""IDLE"", ""owner"": ""Surnn"", ""score"": null, ""match_max"": 0.5, ""refs"": 24, ""match_mode"": ""none"", ""steer_zones"": 41, ""people"": 0, ""track_id"": null, ""target_ex"": 0.0, ""target_cx_vel_px_s"": 0.0, ""target_age_s"": null, ""lidar_min_m"": 0.27, ""target_lidar_m"": null, ""target_lidar_deg"": null, ""camera_range_m"
2026-07-16T23:07:45.480,1979.48,mission_20260716_223446_manual,MANUAL,,0,13.330305099487305,100.9979248046875,150.5863690841867,4,True,0.6779999732971191,1,0,0,1,0,0.0,0.0,0.0,0,0,nan,nan,nan,88,26.299999237060547,0.0,29.0,0,28,-,READY owner=Surnn refs=24,"{""cmd"": ""STOP"", ""status"": ""READY"", ""detector"": ""yolo"", ""state"": ""IDLE"", ""owner"": ""Surnn"", ""score"": null, ""match_max"": 0.5, ""refs"": 24, ""match_mode"": ""none"", ""steer_zones"": 41, ""people"": 0, ""track_id"": null, ""target_ex"": 0.0, ""target_cx_vel_px_s"": 0.0, ""target_age_s"": null, ""lidar_min_m"": 0.27, ""target_lidar_m"": null, ""target_lidar_deg"": null, ""camera_range_m"
2026-07-16T23:07:47.483,1981.483,mission_20260716_223446_manual,MANUAL,,0,13.330305099487305,100.9979248046875,150.59277580162816,4,True,0.6804999709129333,1,0,0,1,0,0.0,0.0,0.0,0,0,nan,nan,nan,88,26.299999237060547,0.0,29.0,0,28,-,READY owner=Surnn refs=24,"{""cmd"": ""STOP"", ""status"": ""READY"", ""detector"": ""yolo"", ""state"": ""IDLE"", ""owner"": ""Surnn"", ""score"": null, ""match_max"": 0.5, ""refs"": 24, ""match_mode"": ""none"", ""steer_zones"": 41, ""people"": 0, ""track_id"": null, ""target_ex"": 0.0, ""target_cx_vel_px_s"": 0.0, ""target_age_s"": null, ""lidar_min_m"": 0.28, ""target_lidar_m"": null, ""target_lidar_deg"": null, ""camera_range_m"
2026-07-16T23:07:49.489,1983.489,mission_20260716_223446_manual,MANUAL,,0,13.330304145812988,100.9979248046875,150.6048652364591,4,True,0.6784999966621399,1,0,0,1,0,0.0,0.0,0.0,0,0,nan,nan,nan,88,26.299999237060547,0.0,29.0,0,28,-,READY owner=Surnn refs=24,"{""cmd"": ""STOP"", ""status"": ""READY"", ""detector"": ""yolo"", ""state"": ""IDLE"", ""owner"": ""Surnn"", ""score"": null, ""match_max"": 0.5, ""refs"": 24, ""match_mode"": ""none"", ""steer_zones"": 41, ""people"": 0, ""track_id"": null, ""target_ex"": 0.0, ""target_cx_vel_px_s"": 0.0, ""target_age_s"": null, ""lidar_min_m"": 0.27, ""target_lidar_m"": null, ""target_lidar_deg"": null, ""camera_range_m"
2026-07-16T23:07:51.504,1985.504,mission_20260716_223446_manual,MANUAL,,0,13.330304145812988,100.9979248046875,150.60668206677832,4,True,0.6782500147819519,1,0,0,1,0,0.0,0.0,0.0,0,0,nan,nan,nan,88,26.299999237060547,0.0,29.0,0,27,-,READY owner=Surnn refs=24,"{""cmd"": ""STOP"", ""status"": ""READY"", ""detector"": ""yolo"", ""state"": ""IDLE"", ""owner"": ""Surnn"", ""score"": null, ""match_max"": 0.5, ""refs"": 24, ""match_mode"": ""none"", ""steer_zones"": 41, ""people"": 0, ""track_id"": null, ""target_ex"": 0.0, ""target_cx_vel_px_s"": 0.0, ""target_age_s"": null, ""lidar_min_m"": 0.28, ""target_lidar_m"": null, ""target_lidar_deg"": null, ""camera_range_m"
2026-07-16T23:07:53.508,1987.508,mission_20260716_223446_manual,MANUAL,,0,13.330305099487305,100.9979248046875,150.6042095382988,4,True,0.6782500147819519,1,0,0,1,0,0.0,0.0,0.0,0,0,nan,nan,nan,88,26.299999237060547,0.0,29.0,0,27,-,READY owner=Surnn refs=24,"{""cmd"": ""STOP"", ""status"": ""READY"", ""detector"": ""yolo"", ""state"": ""IDLE"", ""owner"": ""Surnn"", ""score"": null, ""match_max"": 0.5, ""refs"": 24, ""match_mode"": ""none"", ""steer_zones"": 41, ""people"": 0, ""track_id"": null, ""target_ex"": 0.0, ""target_cx_vel_px_s"": 0.0, ""target_age_s"": null, ""lidar_min_m"": 0.27, ""target_lidar_m"": null, ""target_lidar_deg"": null, ""camera_range_m"
2026-07-16T23:07:55.633,1989.634,mission_20260716_223446_manual,MANUAL,,0,13.330305099487305,100.9979248046875,150.59931912285305,4,True,0.6802499890327454,1,0,0,1,0,0.0,0.0,0.0,0,0,nan,nan,nan,88,26.299999237060547,0.0,29.0,0,28,-,READY owner=Surnn refs=24,"{""cmd"": ""STOP"", ""status"": ""READY"", ""detector"": ""yolo"", ""state"": ""IDLE"", ""owner"": ""Surnn"", ""score"": null, ""match_max"": 0.5, ""refs"": 24, ""match_mode"": ""none"", ""steer_zones"": 41, ""people"": 0, ""track_id"": null, ""target_ex"": 0.0, ""target_cx_vel_px_s"": 0.0, ""target_age_s"": null, ""lidar_min_m"": 0.27, ""target_lidar_m"": null, ""target_lidar_deg"": null, ""camera_range_m"
2026-07-16T23:07:57.638,1991.638,mission_20260716_223446_manual,MANUAL,,0,13.330306053161621,100.9979248046875,150.5963958018883,4,True,0.6792500019073486,1,0,0,1,0,0.0,0.0,0.0,0,0,nan,nan,nan,88,26.299999237060547,0.0,29.0,0,26,-,READY owner=Surnn refs=24,"{""cmd"": ""STOP"", ""status"": ""READY"", ""detector"": ""yolo"", ""state"": ""IDLE"", ""owner"": ""Surnn"", ""score"": null, ""match_max"": 0.5, ""refs"": 24, ""match_mode"": ""none"", ""steer_zones"": 41, ""people"": 0, ""track_id"": null, ""target_ex"": 0.0, ""target_cx_vel_px_s"": 0.0, ""target_age_s"": null, ""lidar_min_m"": 0.27, ""target_lidar_m"": null, ""target_lidar_deg"": null, ""camera_range_m"
2026-07-16T23:07:59.646,1993.646,mission_20260716_223446_manual,MANUAL,,0,13.330307006835938,100.9979248046875,150.60920923677122,4,True,0.6787499785423279,1,0,0,1,0,0.0,0.0,0.0,0,0,nan,nan,nan,88,26.299999237060547,0.0,29.0,0,27,-,READY owner=Surnn refs=24,"{""cmd"": ""STOP"", ""status"": ""READY"", ""detector"": ""yolo"", ""state"": ""IDLE"", ""owner"": ""Surnn"", ""score"": null, ""match_max"": 0.5, ""refs"": 24, ""match_mode"": ""none"", ""steer_zones"": 41, ""people"": 0, ""track_id"": null, ""target_ex"": 0.0, ""target_cx_vel_px_s"": 0.0, ""target_age_s"": null, ""lidar_min_m"": 0.28, ""target_lidar_m"": null, ""target_lidar_deg"": null, ""camera_range_m"
2026-07-16T23:08:01.649,1995.65,mission_20260716_223446_manual,MANUAL,,0,13.330307006835938,100.9979248046875,150.61259701059956,4,True,0.6777499914169312,1,0,0,1,0,0.0,0.0,0.0,0,0,nan,nan,nan,88,26.299999237060547,0.0,29.0,0,29,-,READY owner=Surnn refs=24,"{""cmd"": ""STOP"", ""status"": ""READY"", ""detector"": ""yolo"", ""state"": ""IDLE"", ""owner"": ""Surnn"", ""score"": null, ""match_max"": 0.5, ""refs"": 24, ""match_mode"": ""none"", ""steer_zones"": 41, ""people"": 0, ""track_id"": null, ""target_ex"": 0.0, ""target_cx_vel_px_s"": 0.0, ""target_age_s"": null, ""lidar_min_m"": 0.28, ""target_lidar_m"": null, ""target_lidar_deg"": null, ""camera_range_m"
2026-07-16T23:08:03.650,1997.65,mission_20260716_223446_manual,MANUAL,,0,13.330306053161621,100.9979248046875,150.61303414270643,4,True,0.6777499914169312,1,0,0,1,0,0.0,0.0,0.0,0,0,nan,nan,nan,88,26.299999237060547,0.0,29.0,0,28,-,READY owner=Surnn refs=24,"{""cmd"": ""STOP"", ""status"": ""READY"", ""detector"": ""yolo"", ""state"": ""IDLE"", ""owner"": ""Surnn"", ""score"": null, ""match_max"": 0.5, ""refs"": 24, ""match_mode"": ""none"", ""steer_zones"": 41, ""people"": 0, ""track_id"": null, ""target_ex"": 0.0, ""target_cx_vel_px_s"": 0.0, ""target_age_s"": null, ""lidar_min_m"": 0.28, ""target_lidar_m"": null, ""target_lidar_deg"": null, ""camera_range_m"
2026-07-16T23:08:05.655,1999.655,mission_20260716_223446_manual,MANUAL,,0,13.330307960510254,100.9979248046875,150.6100971613633,4,True,0.6784999966621399,1,0,0,1,0,0.0,0.0,0.0,0,0,nan,nan,nan,88,26.299999237060547,0.0,29.0,0,28,-,READY owner=Surnn refs=24,"{""cmd"": ""STOP"", ""status"": ""READY"", ""detector"": ""yolo"", ""state"": ""IDLE"", ""owner"": ""Surnn"", ""score"": null, ""match_max"": 0.5, ""refs"": 24, ""match_mode"": ""none"", ""steer_zones"": 41, ""people"": 0, ""track_id"": null, ""target_ex"": 0.0, ""target_cx_vel_px_s"": 0.0, ""target_age_s"": null, ""lidar_min_m"": 0.26, ""target_lidar_m"": null, ""target_lidar_deg"": null, ""camera_range_m"
2026-07-16T23:08:07.657,2001.658,mission_20260716_223446_manual,MANUAL,,0,13.33030891418457,100.9979248046875,150.6092638782846,4,True,0.6790000200271606,1,0,0,1,0,0.0,0.0,0.0,0,0,nan,nan,nan,88,26.299999237060547,0.0,29.0,0,28,-,READY owner=Surnn refs=24,"{""cmd"": ""STOP"", ""status"": ""READY"", ""detector"": ""yolo"", ""state"": ""IDLE"", ""owner"": ""Surnn"", ""score"": null, ""match_max"": 0.5, ""refs"": 24, ""match_mode"": ""none"", ""steer_zones"": 41, ""people"": 0, ""track_id"": null, ""target_ex"": 0.0, ""target_cx_vel_px_s"": 0.0, ""target_age_s"": null, ""lidar_min_m"": 0.27, ""target_lidar_m"": null, ""target_lidar_deg"": null, ""camera_range_m"
2026-07-16T23:08:09.659,2003.659,mission_20260716_223446_manual,MANUAL,,0,13.330309867858887,100.9979248046875,150.6039499911103,4,True,0.6784999966621399,1,0,0,1,0,0.0,0.0,0.0,0,0,nan,nan,nan,88,26.299999237060547,0.0,29.0,0,29,-,READY owner=Surnn refs=24,"{""cmd"": ""STOP"", ""status"": ""READY"", ""detector"": ""yolo"", ""state"": ""IDLE"", ""owner"": ""Surnn"", ""score"": null, ""match_max"": 0.5, ""refs"": 24, ""match_mode"": ""none"", ""steer_zones"": 41, ""people"": 0, ""track_id"": null, ""target_ex"": 0.0, ""target_cx_vel_px_s"": 0.0, ""target_age_s"": null, ""lidar_min_m"": 0.28, ""target_lidar_m"": null, ""target_lidar_deg"": null, ""camera_range_m"
2026-07-16T23:08:11.659,2005.659,mission_20260716_223446_manual,MANUAL,,0,13.330310821533203,100.9979248046875,150.6012179154423,4,True,0.6797500252723694,1,0,0,1,0,0.0,0.0,0.0,0,0,nan,nan,nan,88,26.299999237060547,0.0,29.0,0,28,-,READY owner=Surnn refs=24,"{""cmd"": ""STOP"", ""status"": ""READY"", ""detector"": ""yolo"", ""state"": ""IDLE"", ""owner"": ""Surnn"", ""score"": null, ""match_max"": 0.5, ""refs"": 24, ""match_mode"": ""none"", ""steer_zones"": 41, ""people"": 0, ""track_id"": null, ""target_ex"": 0.0, ""target_cx_vel_px_s"": 0.0, ""target_age_s"": null, ""lidar_min_m"": 0.27, ""target_lidar_m"": null, ""target_lidar_deg"": null, ""camera_range_m"
2026-07-16T23:08:13.662,2007.662,mission_20260716_223446_manual,MANUAL,,0,13.330310821533203,100.9979248046875,150.59839021712594,4,True,0.6784999966621399,1,0,0,1,0,0.0,0.0,0.0,0,0,nan,nan,nan,88,26.299999237060547,0.0,29.0,0,28,-,READY owner=Surnn refs=24,"{""cmd"": ""STOP"", ""status"": ""READY"", ""detector"": ""yolo"", ""state"": ""IDLE"", ""owner"": ""Surnn"", ""score"": null, ""match_max"": 0.5, ""refs"": 24, ""match_mode"": ""none"", ""steer_zones"": 41, ""people"": 0, ""track_id"": null, ""target_ex"": 0.0, ""target_cx_vel_px_s"": 0.0, ""target_age_s"": null, ""lidar_min_m"": 0.28, ""target_lidar_m"": null, ""target_lidar_deg"": null, ""camera_range_m"
2026-07-16T23:08:15.783,2009.783,mission_20260716_223446_manual,MANUAL,,0,13.33031177520752,100.9979248046875,150.59352712243688,4,True,0.6792500019073486,1,0,0,1,0,0.0,0.0,0.0,0,0,nan,nan,nan,88,26.299999237060547,0.0,29.0,0,28,-,READY owner=Surnn refs=24,"{""cmd"": ""STOP"", ""status"": ""READY"", ""detector"": ""yolo"", ""state"": ""IDLE"", ""owner"": ""Surnn"", ""score"": null, ""match_max"": 0.5, ""refs"": 24, ""match_mode"": ""none"", ""steer_zones"": 41, ""people"": 0, ""track_id"": null, ""target_ex"": 0.0, ""target_cx_vel_px_s"": 0.0, ""target_age_s"": null, ""lidar_min_m"": 0.28, ""target_lidar_m"": null, ""target_lidar_deg"": null, ""camera_range_m"
2026-07-16T23:08:17.787,2011.787,mission_20260716_223446_manual,MANUAL,,0,13.330312728881836,100.9979248046875,150.59175127325267,4,True,0.6782500147819519,1,0,0,1,0,0.0,0.0,0.0,0,0,nan,nan,nan,88,26.299999237060547,0.0,29.0,0,28,-,READY owner=Surnn refs=24,"{""cmd"": ""STOP"", ""status"": ""READY"", ""detector"": ""yolo"", ""state"": ""IDLE"", ""owner"": ""Surnn"", ""score"": null, ""match_max"": 0.5, ""refs"": 24, ""match_mode"": ""none"", ""steer_zones"": 41, ""people"": 0, ""track_id"": null, ""target_ex"": 0.0, ""target_cx_vel_px_s"": 0.0, ""target_age_s"": null, ""lidar_min_m"": 0.28, ""target_lidar_m"": null, ""target_lidar_deg"": null, ""camera_range_m"
2026-07-16T23:08:19.788,2013.788,mission_20260716_223446_manual,MANUAL,,0,13.330313682556152,100.9979248046875,150.59696953777856,4,True,0.6779999732971191,1,0,0,1,0,0.0,0.0,0.0,0,0,nan,nan,nan,88,26.299999237060547,0.0,29.0,0,29,-,READY owner=Surnn refs=24,"{""cmd"": ""STOP"", ""status"": ""READY"", ""detector"": ""yolo"", ""state"": ""IDLE"", ""owner"": ""Surnn"", ""score"": null, ""match_max"": 0.5, ""refs"": 24, ""match_mode"": ""none"", ""steer_zones"": 41, ""people"": 0, ""track_id"": null, ""target_ex"": 0.0, ""target_cx_vel_px_s"": 0.0, ""target_age_s"": null, ""lidar_min_m"": 0.27, ""target_lidar_m"": null, ""target_lidar_deg"": null, ""camera_range_m"
2026-07-16T23:08:21.913,2015.914,mission_20260716_223446_manual,MANUAL,,0,13.330314636230469,100.9979248046875,150.60073980220042,4,True,0.6790000200271606,1,0,0,1,0,0.0,0.0,0.0,0,0,nan,nan,nan,88,26.299999237060547,0.0,29.0,0,29,-,READY owner=Surnn refs=24,"{""cmd"": ""STOP"", ""status"": ""READY"", ""detector"": ""yolo"", ""state"": ""IDLE"", ""owner"": ""Surnn"", ""score"": null, ""match_max"": 0.5, ""refs"": 24, ""match_mode"": ""none"", ""steer_zones"": 41, ""people"": 0, ""track_id"": null, ""target_ex"": 0.0, ""target_cx_vel_px_s"": 0.0, ""target_age_s"": null, ""lidar_min_m"": 0.26, ""target_lidar_m"": null, ""target_lidar_deg"": null, ""camera_range_m"
2026-07-16T23:08:23.916,2017.917,mission_20260716_223446_manual,MANUAL,,0,13.330315589904785,100.9979248046875,150.60323965143664,4,True,0.6777499914169312,1,0,0,1,0,0.0,0.0,0.0,0,0,nan,nan,nan,88,26.299999237060547,0.0,29.0,0,29,-,READY owner=Surnn refs=24,"{""cmd"": ""STOP"", ""status"": ""READY"", ""detector"": ""yolo"", ""state"": ""IDLE"", ""owner"": ""Surnn"", ""score"": null, ""match_max"": 0.5, ""refs"": 24, ""match_mode"": ""none"", ""steer_zones"": 41, ""people"": 0, ""track_id"": null, ""target_ex"": 0.0, ""target_cx_vel_px_s"": 0.0, ""target_age_s"": null, ""lidar_min_m"": 0.29, ""target_lidar_m"": null, ""target_lidar_deg"": null, ""camera_range_m"
2026-07-16T23:08:26.046,2020.046,mission_20260716_223446_manual,MANUAL,,0,13.330316543579102,100.9979248046875,150.61296584081472,4,True,0.6792500019073486,1,0,0,1,0,0.0,0.0,0.0,0,0,nan,nan,nan,88,26.299999237060547,0.0,29.0,0,29,-,READY owner=Surnn refs=24,"{""cmd"": ""STOP"", ""status"": ""READY"", ""detector"": ""yolo"", ""state"": ""IDLE"", ""owner"": ""Surnn"", ""score"": null, ""match_max"": 0.5, ""refs"": 24, ""match_mode"": ""none"", ""steer_zones"": 41, ""people"": 0, ""track_id"": null, ""target_ex"": 0.0, ""target_cx_vel_px_s"": 0.0, ""target_age_s"": null, ""lidar_min_m"": 0.28, ""target_lidar_m"": null, ""target_lidar_deg"": null, ""camera_range_m"
2026-07-16T23:08:28.064,2022.064,mission_20260716_223446_manual,MANUAL,,0,13.330317497253418,100.9979248046875,150.61528810513255,4,True,0.6782500147819519,1,0,0,1,0,0.0,0.0,0.0,0,0,nan,nan,nan,88,26.299999237060547,0.0,29.0,0,29,-,READY owner=Surnn refs=24,"{""cmd"": ""STOP"", ""status"": ""READY"", ""detector"": ""yolo"", ""state"": ""IDLE"", ""owner"": ""Surnn"", ""score"": null, ""match_max"": 0.5, ""refs"": 24, ""match_mode"": ""none"", ""steer_zones"": 41, ""people"": 0, ""track_id"": null, ""target_ex"": 0.0, ""target_cx_vel_px_s"": 0.0, ""target_age_s"": null, ""lidar_min_m"": 0.29, ""target_lidar_m"": null, ""target_lidar_deg"": null, ""camera_range_m"
2026-07-16T23:08:30.066,2024.066,mission_20260716_223446_manual,MANUAL,,0,13.330318450927734,100.9979248046875,150.60911361412283,4,True,0.6777499914169312,1,0,0,1,0,0.0,0.0,0.0,0,0,nan,nan,nan,88,26.299999237060547,0.0,29.0,0,29,-,READY owner=Surnn refs=24,"{""cmd"": ""STOP"", ""status"": ""READY"", ""detector"": ""yolo"", ""state"": ""IDLE"", ""owner"": ""Surnn"", ""score"": null, ""match_max"": 0.5, ""refs"": 24, ""match_mode"": ""none"", ""steer_zones"": 41, ""people"": 0, ""track_id"": null, ""target_ex"": 0.0, ""target_cx_vel_px_s"": 0.0, ""target_age_s"": null, ""lidar_min_m"": 0.28, ""target_lidar_m"": null, ""target_lidar_deg"": null, ""camera_range_m"
2026-07-16T23:08:32.182,2026.183,mission_20260716_223446_manual,MANUAL,,0,13.33031940460205,100.9979248046875,150.61229648227607,4,True,0.6784999966621399,1,0,0,1,0,0.0,0.0,0.0,0,0,nan,nan,nan,88,26.299999237060547,0.0,29.0,0,29,-,READY owner=Surnn refs=24,"{""cmd"": ""STOP"", ""status"": ""READY"", ""detector"": ""yolo"", ""state"": ""IDLE"", ""owner"": ""Surnn"", ""score"": null, ""match_max"": 0.5, ""refs"": 24, ""match_mode"": ""none"", ""steer_zones"": 41, ""people"": 0, ""track_id"": null, ""target_ex"": 0.0, ""target_cx_vel_px_s"": 0.0, ""target_age_s"": null, ""lidar_min_m"": 0.26, ""target_lidar_m"": null, ""target_lidar_deg"": null, ""camera_range_m"
2026-07-16T23:08:34.203,2028.203,mission_20260716_223446_manual,MANUAL,,0,13.330321311950684,100.9979248046875,150.6259841813728,4,True,0.6800000071525574,1,0,0,1,0,0.0,0.0,0.0,0,0,nan,nan,nan,88,26.299999237060547,0.0,29.0,0,29,-,READY owner=Surnn refs=24,"{""cmd"": ""STOP"", ""status"": ""READY"", ""detector"": ""yolo"", ""state"": ""IDLE"", ""owner"": ""Surnn"", ""score"": null, ""match_max"": 0.5, ""refs"": 24, ""match_mode"": ""none"", ""steer_zones"": 41, ""people"": 0, ""track_id"": null, ""target_ex"": 0.0, ""target_cx_vel_px_s"": 0.0, ""target_age_s"": null, ""lidar_min_m"": 0.29, ""target_lidar_m"": null, ""target_lidar_deg"": null, ""camera_range_m"
2026-07-16T23:08:36.204,2030.205,mission_20260716_223446_manual,MANUAL,,0,13.330322265625,100.9979248046875,150.63744523880007,4,True,0.6777499914169312,1,0,0,1,0,0.0,0.0,0.0,0,0,nan,nan,nan,88,26.299999237060547,0.0,29.0,0,29,-,READY owner=Surnn refs=24,"{""cmd"": ""STOP"", ""status"": ""READY"", ""detector"": ""yolo"", ""state"": ""IDLE"", ""owner"": ""Surnn"", ""score"": null, ""match_max"": 0.5, ""refs"": 24, ""match_mode"": ""none"", ""steer_zones"": 41, ""people"": 0, ""track_id"": null, ""target_ex"": 0.0, ""target_cx_vel_px_s"": 0.0, ""target_age_s"": null, ""lidar_min_m"": 0.28, ""target_lidar_m"": null, ""target_lidar_deg"": null, ""camera_range_m"
2026-07-16T23:08:38.219,2032.22,mission_20260716_223446_manual,MANUAL,,0,13.330324172973633,100.9979248046875,150.64450765440185,4,True,0.6772500276565552,1,0,0,1,0,0.0,0.0,0.0,0,0,nan,nan,nan,88,26.299999237060547,0.0,29.0,0,29,-,READY owner=Surnn refs=24,"{""cmd"": ""STOP"", ""status"": ""READY"", ""detector"": ""yolo"", ""state"": ""IDLE"", ""owner"": ""Surnn"", ""score"": null, ""match_max"": 0.5, ""refs"": 24, ""match_mode"": ""none"", ""steer_zones"": 41, ""people"": 0, ""track_id"": null, ""target_ex"": 0.0, ""target_cx_vel_px_s"": 0.0, ""target_age_s"": null, ""lidar_min_m"": 0.28, ""target_lidar_m"": null, ""target_lidar_deg"": null, ""camera_range_m"
2026-07-16T23:08:40.222,2034.223,mission_20260716_223446_manual,MANUAL,,0,13.330324172973633,100.9979248046875,150.6497805604411,4,True,0.6794999837875366,1,0,0,1,0,0.0,0.0,0.0,0,0,nan,nan,nan,88,26.299999237060547,0.0,29.0,0,29,-,READY owner=Surnn refs=24,"{""cmd"": ""STOP"", ""status"": ""READY"", ""detector"": ""yolo"", ""state"": ""IDLE"", ""owner"": ""Surnn"", ""score"": null, ""match_max"": 0.5, ""refs"": 24, ""match_mode"": ""none"", ""steer_zones"": 41, ""people"": 0, ""track_id"": null, ""target_ex"": 0.0, ""target_cx_vel_px_s"": 0.0, ""target_age_s"": null, ""lidar_min_m"": 0.28, ""target_lidar_m"": null, ""target_lidar_deg"": null, ""camera_range_m"
2026-07-16T23:08:42.229,2036.23,mission_20260716_223446_manual,MANUAL,,0,13.33032512664795,100.9979248046875,150.64831889995872,4,True,0.6782500147819519,1,0,0,1,0,0.0,0.0,0.0,0,0,nan,nan,nan,88,26.299999237060547,0.0,29.0,0,29,-,READY owner=Surnn refs=24,"{""cmd"": ""STOP"", ""status"": ""READY"", ""detector"": ""yolo"", ""state"": ""IDLE"", ""owner"": ""Surnn"", ""score"": null, ""match_max"": 0.5, ""refs"": 24, ""match_mode"": ""none"", ""steer_zones"": 41, ""people"": 0, ""track_id"": null, ""target_ex"": 0.0, ""target_cx_vel_px_s"": 0.0, ""target_age_s"": null, ""lidar_min_m"": 0.28, ""target_lidar_m"": null, ""target_lidar_deg"": null, ""camera_range_m"
2026-07-16T23:08:44.234,2038.235,mission_20260716_223446_manual,MANUAL,,0,13.330327033996582,100.9979248046875,150.6511465982751,4,True,0.6779999732971191,1,0,0,1,0,0.0,0.0,0.0,0,0,nan,nan,nan,88,26.299999237060547,0.0,29.0,0,29,-,READY owner=Surnn refs=24,"{""cmd"": ""STOP"", ""status"": ""READY"", ""detector"": ""yolo"", ""state"": ""IDLE"", ""owner"": ""Surnn"", ""score"": null, ""match_max"": 0.5, ""refs"": 24, ""match_mode"": ""none"", ""steer_zones"": 41, ""people"": 0, ""track_id"": null, ""target_ex"": 0.0, ""target_cx_vel_px_s"": 0.0, ""target_age_s"": null, ""lidar_min_m"": 0.28, ""target_lidar_m"": null, ""target_lidar_deg"": null, ""camera_range_m"
2026-07-16T23:08:46.247,2040.248,mission_20260716_223446_manual,MANUAL,,0,13.330328941345215,100.9979248046875,150.64331920148626,4,True,0.6787499785423279,1,0,0,1,0,0.0,0.0,0.0,0,0,nan,nan,nan,88,26.299999237060547,0.0,29.0,0,30,-,READY owner=Surnn refs=24,"{""cmd"": ""STOP"", ""status"": ""READY"", ""detector"": ""yolo"", ""state"": ""IDLE"", ""owner"": ""Surnn"", ""score"": null, ""match_max"": 0.5, ""refs"": 24, ""match_mode"": ""none"", ""steer_zones"": 41, ""people"": 0, ""track_id"": null, ""target_ex"": 0.0, ""target_cx_vel_px_s"": 0.0, ""target_age_s"": null, ""lidar_min_m"": 0.27, ""target_lidar_m"": null, ""target_lidar_deg"": null, ""camera_range_m"
2026-07-16T23:08:48.248,2042.248,mission_20260716_223446_manual,MANUAL,,0,13.330330848693848,100.9979248046875,150.64270448446098,4,True,0.6797500252723694,1,0,0,1,0,0.0,0.0,0.0,0,0,nan,nan,nan,88,26.299999237060547,0.0,29.0,0,30,-,READY owner=Surnn refs=24,"{""cmd"": ""STOP"", ""status"": ""READY"", ""detector"": ""yolo"", ""state"": ""IDLE"", ""owner"": ""Surnn"", ""score"": null, ""match_max"": 0.5, ""refs"": 24, ""match_mode"": ""none"", ""steer_zones"": 41, ""people"": 0, ""track_id"": null, ""target_ex"": 0.0, ""target_cx_vel_px_s"": 0.0, ""target_age_s"": null, ""lidar_min_m"": 0.28, ""target_lidar_m"": null, ""target_lidar_deg"": null, ""camera_range_m"
2026-07-16T23:08:50.252,2044.253,mission_20260716_223446_manual,MANUAL,,0,13.330331802368164,100.9979248046875,150.64146139003202,4,True,0.6779999732971191,1,0,0,1,0,0.0,0.0,0.0,0,0,nan,nan,nan,88,26.299999237060547,0.0,29.0,0,30,-,READY owner=Surnn refs=24,"{""cmd"": ""STOP"", ""status"": ""READY"", ""detector"": ""yolo"", ""state"": ""IDLE"", ""owner"": ""Surnn"", ""score"": null, ""match_max"": 0.5, ""refs"": 24, ""match_mode"": ""none"", ""steer_zones"": 41, ""people"": 0, ""track_id"": null, ""target_ex"": 0.0, ""target_cx_vel_px_s"": 0.0, ""target_age_s"": null, ""lidar_min_m"": 0.27, ""target_lidar_m"": null, ""target_lidar_deg"": null, ""camera_range_m"
2026-07-16T23:08:52.255,2046.255,mission_20260716_223446_manual,MANUAL,,0,13.330333709716797,100.9979248046875,150.63614750285777,4,True,0.6782500147819519,1,0,0,1,0,0.0,0.0,0.0,0,0,nan,nan,nan,88,26.299999237060547,0.0,29.0,0,30,-,READY owner=Surnn refs=24,"{""cmd"": ""STOP"", ""status"": ""READY"", ""detector"": ""yolo"", ""state"": ""IDLE"", ""owner"": ""Surnn"", ""score"": null, ""match_max"": 0.5, ""refs"": 24, ""match_mode"": ""none"", ""steer_zones"": 41, ""people"": 0, ""track_id"": null, ""target_ex"": 0.0, ""target_cx_vel_px_s"": 0.0, ""target_age_s"": null, ""lidar_min_m"": 0.27, ""target_lidar_m"": null, ""target_lidar_deg"": null, ""camera_range_m"
2026-07-16T23:08:54.379,2048.38,mission_20260716_223446_manual,MANUAL,,0,13.330334663391113,100.9979248046875,150.6384151256622,4,True,0.6782500147819519,1,0,0,1,0,0.0,0.0,0.0,0,0,nan,nan,nan,88,26.299999237060547,0.0,29.0,0,30,-,READY owner=Surnn refs=24,"{""cmd"": ""STOP"", ""status"": ""READY"", ""detector"": ""yolo"", ""state"": ""IDLE"", ""owner"": ""Surnn"", ""score"": null, ""match_max"": 0.5, ""refs"": 24, ""match_mode"": ""none"", ""steer_zones"": 41, ""people"": 0, ""track_id"": null, ""target_ex"": 0.0, ""target_cx_vel_px_s"": 0.0, ""target_age_s"": null, ""lidar_min_m"": 0.28, ""target_lidar_m"": null, ""target_lidar_deg"": null, ""camera_range_m"
2026-07-16T23:08:56.511,2050.512,mission_20260716_223446_manual,MANUAL,,0,13.33033561706543,100.9979248046875,150.6476632017984,4,True,0.6782500147819519,1,0,0,1,0,0.0,0.0,0.0,0,0,nan,nan,nan,88,26.299999237060547,0.0,29.0,0,30,-,READY owner=Surnn refs=24,"{""cmd"": ""STOP"", ""status"": ""READY"", ""detector"": ""yolo"", ""state"": ""IDLE"", ""owner"": ""Surnn"", ""score"": null, ""match_max"": 0.5, ""refs"": 24, ""match_mode"": ""none"", ""steer_zones"": 41, ""people"": 0, ""track_id"": null, ""target_ex"": 0.0, ""target_cx_vel_px_s"": 0.0, ""target_age_s"": null, ""lidar_min_m"": 0.27, ""target_lidar_m"": null, ""target_lidar_deg"": null, ""camera_range_m"
2026-07-16T23:08:58.517,2052.518,mission_20260716_223446_manual,MANUAL,,0,13.330336570739746,100.9979248046875,150.6582773157686,4,True,0.6790000200271606,1,0,0,1,0,0.0,0.0,0.0,0,0,nan,nan,nan,88,26.299999237060547,0.0,29.0,0,30,-,READY owner=Surnn refs=24,"{""cmd"": ""STOP"", ""status"": ""READY"", ""detector"": ""yolo"", ""state"": ""IDLE"", ""owner"": ""Surnn"", ""score"": null, ""match_max"": 0.5, ""refs"": 24, ""match_mode"": ""none"", ""steer_zones"": 41, ""people"": 0, ""track_id"": null, ""target_ex"": 0.0, ""target_cx_vel_px_s"": 0.0, ""target_age_s"": null, ""lidar_min_m"": 0.27, ""target_lidar_m"": null, ""target_lidar_deg"": null, ""camera_range_m"
2026-07-16T23:09:00.521,2054.521,mission_20260716_223446_manual,MANUAL,,0,13.330337524414062,100.9979248046875,150.655722825019,4,True,0.6779999732971191,1,0,0,1,0,0.0,0.0,0.0,0,0,nan,nan,nan,88,26.299999237060547,0.0,29.0,0,30,-,READY owner=Surnn refs=24,"{""cmd"": ""STOP"", ""status"": ""READY"", ""detector"": ""yolo"", ""state"": ""IDLE"", ""owner"": ""Surnn"", ""score"": null, ""match_max"": 0.5, ""refs"": 24, ""match_mode"": ""none"", ""steer_zones"": 41, ""people"": 0, ""track_id"": null, ""target_ex"": 0.0, ""target_cx_vel_px_s"": 0.0, ""target_age_s"": null, ""lidar_min_m"": 0.28, ""target_lidar_m"": null, ""target_lidar_deg"": null, ""camera_range_m"
2026-07-16T23:09:02.639,2056.64,mission_20260716_223446_manual,MANUAL,,0,13.330338478088379,100.9979248046875,150.65357814561963,4,True,0.6802499890327454,1,0,0,1,0,0.0,0.0,0.0,0,0,nan,nan,nan,88,26.299999237060547,0.0,29.0,0,30,-,READY owner=Surnn refs=24,"{""cmd"": ""STOP"", ""status"": ""READY"", ""detector"": ""yolo"", ""state"": ""IDLE"", ""owner"": ""Surnn"", ""score"": null, ""match_max"": 0.5, ""refs"": 24, ""match_mode"": ""none"", ""steer_zones"": 41, ""people"": 0, ""track_id"": null, ""target_ex"": 0.0, ""target_cx_vel_px_s"": 0.0, ""target_age_s"": null, ""lidar_min_m"": 0.27, ""target_lidar_m"": null, ""target_lidar_deg"": null, ""camera_range_m"
2026-07-16T23:09:04.656,2058.656,mission_20260716_223446_manual,MANUAL,,0,13.330340385437012,100.9979248046875,150.642786446731,4,True,0.6792500019073486,1,0,0,1,0,0.0,0.0,0.0,0,0,nan,nan,nan,88,26.299999237060547,0.0,29.0,0,29,-,READY owner=Surnn refs=24,"{""cmd"": ""STOP"", ""status"": ""READY"", ""detector"": ""yolo"", ""state"": ""IDLE"", ""owner"": ""Surnn"", ""score"": null, ""match_max"": 0.5, ""refs"": 24, ""match_mode"": ""none"", ""steer_zones"": 41, ""people"": 0, ""track_id"": null, ""target_ex"": 0.0, ""target_cx_vel_px_s"": 0.0, ""target_age_s"": null, ""lidar_min_m"": 0.28, ""target_lidar_m"": null, ""target_lidar_deg"": null, ""camera_range_m"
2026-07-16T23:09:06.764,2060.765,mission_20260716_223446_manual,MANUAL,,0,13.330340385437012,100.9979248046875,150.6504909001148,4,True,0.6804999709129333,1,0,0,1,0,0.0,0.0,0.0,0,0,nan,nan,nan,88,26.299999237060547,0.0,29.0,0,29,-,READY owner=Surnn refs=24,"{""cmd"": ""STOP"", ""status"": ""READY"", ""detector"": ""yolo"", ""state"": ""IDLE"", ""owner"": ""Surnn"", ""score"": null, ""match_max"": 0.5, ""refs"": 24, ""match_mode"": ""none"", ""steer_zones"": 41, ""people"": 0, ""track_id"": null, ""target_ex"": 0.0, ""target_cx_vel_px_s"": 0.0, ""target_age_s"": null, ""lidar_min_m"": 0.29, ""target_lidar_m"": null, ""target_lidar_deg"": null, ""camera_range_m"
2026-07-16T23:09:08.886,2062.886,mission_20260716_223446_manual,MANUAL,,0,13.330340385437012,100.9979248046875,150.64386561661988,4,True,0.6777499914169312,1,0,0,1,0,0.0,0.0,0.0,0,0,nan,nan,nan,88,26.299999237060547,0.0,29.0,0,30,-,READY owner=Surnn refs=24,"{""cmd"": ""STOP"", ""status"": ""READY"", ""detector"": ""yolo"", ""state"": ""IDLE"", ""owner"": ""Surnn"", ""score"": null, ""match_max"": 0.5, ""refs"": 24, ""match_mode"": ""none"", ""steer_zones"": 41, ""people"": 0, ""track_id"": null, ""target_ex"": 0.0, ""target_cx_vel_px_s"": 0.0, ""target_age_s"": null, ""lidar_min_m"": 0.27, ""target_lidar_m"": null, ""target_lidar_deg"": null, ""camera_range_m"
2026-07-16T23:09:10.887,2064.887,mission_20260716_223446_manual,MANUAL,,0,13.330340385437012,100.9979248046875,150.63158493649217,4,True,0.6790000200271606,1,0,0,1,0,0.0,0.0,0.0,0,0,nan,nan,nan,88,26.299999237060547,0.0,29.0,0,30,-,READY owner=Surnn refs=24,"{""cmd"": ""STOP"", ""status"": ""READY"", ""detector"": ""yolo"", ""state"": ""IDLE"", ""owner"": ""Surnn"", ""score"": null, ""match_max"": 0.5, ""refs"": 24, ""match_mode"": ""none"", ""steer_zones"": 41, ""people"": 0, ""track_id"": null, ""target_ex"": 0.0, ""target_cx_vel_px_s"": 0.0, ""target_age_s"": null, ""lidar_min_m"": 0.27, ""target_lidar_m"": null, ""target_lidar_deg"": null, ""camera_range_m"
2026-07-16T23:09:12.887,2066.888,mission_20260716_223446_manual,MANUAL,,0,13.330339431762695,100.9979248046875,150.6274868229902,4,True,0.6777499914169312,1,0,0,1,0,0.0,0.0,0.0,0,0,nan,nan,nan,88,26.299999237060547,0.0,29.0,0,30,-,READY owner=Surnn refs=24,"{""cmd"": ""STOP"", ""status"": ""READY"", ""detector"": ""yolo"", ""state"": ""IDLE"", ""owner"": ""Surnn"", ""score"": null, ""match_max"": 0.5, ""refs"": 24, ""match_mode"": ""none"", ""steer_zones"": 41, ""people"": 0, ""track_id"": null, ""target_ex"": 0.0, ""target_cx_vel_px_s"": 0.0, ""target_age_s"": null, ""lidar_min_m"": 0.28, ""target_lidar_m"": null, ""target_lidar_deg"": null, ""camera_range_m"
2026-07-16T23:09:14.888,2068.889,mission_20260716_223446_manual,MANUAL,,0,13.330339431762695,100.9979248046875,150.62154455841227,4,True,0.6802499890327454,1,0,0,1,0,0.0,0.0,0.0,0,0,nan,nan,nan,88,26.299999237060547,0.0,29.0,0,29,-,READY owner=Surnn refs=24,"{""cmd"": ""STOP"", ""status"": ""READY"", ""detector"": ""yolo"", ""state"": ""IDLE"", ""owner"": ""Surnn"", ""score"": null, ""match_max"": 0.5, ""refs"": 24, ""match_mode"": ""none"", ""steer_zones"": 41, ""people"": 0, ""track_id"": null, ""target_ex"": 0.0, ""target_cx_vel_px_s"": 0.0, ""target_age_s"": null, ""lidar_min_m"": 0.27, ""target_lidar_m"": null, ""target_lidar_deg"": null, ""camera_range_m"
2026-07-16T23:09:16.897,2070.898,mission_20260716_223446_manual,MANUAL,,0,13.330338478088379,100.9979248046875,150.60270689668138,4,True,0.6804999709129333,1,0,0,1,0,0.0,0.0,0.0,0,0,nan,nan,nan,88,26.299999237060547,0.0,29.0,0,29,-,READY owner=Surnn refs=24,"{""cmd"": ""STOP"", ""status"": ""READY"", ""detector"": ""yolo"", ""state"": ""IDLE"", ""owner"": ""Surnn"", ""score"": null, ""match_max"": 0.5, ""refs"": 24, ""match_mode"": ""none"", ""steer_zones"": 41, ""people"": 0, ""track_id"": null, ""target_ex"": 0.0, ""target_cx_vel_px_s"": 0.0, ""target_age_s"": null, ""lidar_min_m"": 0.27, ""target_lidar_m"": null, ""target_lidar_deg"": null, ""camera_range_m"
2026-07-16T23:09:18.910,2072.911,mission_20260716_223446_manual,MANUAL,,0,13.330337524414062,100.9979248046875,150.60095836825386,4,True,0.6797500252723694,1,0,0,1,0,0.0,0.0,0.0,0,0,nan,nan,nan,88,26.299999237060547,0.0,29.0,0,29,-,READY owner=Surnn refs=24,"{""cmd"": ""STOP"", ""status"": ""READY"", ""detector"": ""yolo"", ""state"": ""IDLE"", ""owner"": ""Surnn"", ""score"": null, ""match_max"": 0.5, ""refs"": 24, ""match_mode"": ""none"", ""steer_zones"": 41, ""people"": 0, ""track_id"": null, ""target_ex"": 0.0, ""target_cx_vel_px_s"": 0.0, ""target_age_s"": null, ""lidar_min_m"": 0.28, ""target_lidar_m"": null, ""target_lidar_deg"": null, ""camera_range_m"
2026-07-16T23:09:20.915,2074.916,mission_20260716_223446_manual,MANUAL,,0,13.330336570739746,100.9979248046875,150.60804810461232,4,True,0.6767500042915344,1,0,0,1,0,0.0,0.0,0.0,0,0,nan,nan,nan,88,26.299999237060547,0.0,29.0,0,29,-,READY owner=Surnn refs=24,"{""cmd"": ""STOP"", ""status"": ""READY"", ""detector"": ""yolo"", ""state"": ""IDLE"", ""owner"": ""Surnn"", ""score"": null, ""match_max"": 0.5, ""refs"": 24, ""match_mode"": ""none"", ""steer_zones"": 41, ""people"": 0, ""track_id"": null, ""target_ex"": 0.0, ""target_cx_vel_px_s"": 0.0, ""target_age_s"": null, ""lidar_min_m"": 0.27, ""target_lidar_m"": null, ""target_lidar_deg"": null, ""camera_range_m"
2026-07-16T23:09:22.944,2076.945,mission_20260716_223446_manual,MANUAL,,0,13.330334663391113,100.9979248046875,150.59604063205143,4,True,0.6807500123977661,1,0,0,1,0,0.0,0.0,0.0,0,0,nan,nan,nan,88,26.299999237060547,0.0,29.0,0,29,-,READY owner=Surnn refs=24,"{""cmd"": ""STOP"", ""status"": ""READY"", ""detector"": ""yolo"", ""state"": ""IDLE"", ""owner"": ""Surnn"", ""score"": null, ""match_max"": 0.5, ""refs"": 24, ""match_mode"": ""none"", ""steer_zones"": 41, ""people"": 0, ""track_id"": null, ""target_ex"": 0.0, ""target_cx_vel_px_s"": 0.0, ""target_age_s"": null, ""lidar_min_m"": 0.27, ""target_lidar_m"": null, ""target_lidar_deg"": null, ""camera_range_m"
2026-07-16T23:09:24.948,2078.948,mission_20260716_223446_manual,MANUAL,,0,13.33033275604248,100.9979248046875,150.58157429138936,4,True,0.6800000071525574,1,0,0,1,0,0.0,0.0,0.0,0,0,nan,nan,nan,88,26.299999237060547,0.0,29.0,0,30,-,READY owner=Surnn refs=24,"{""cmd"": ""STOP"", ""status"": ""READY"", ""detector"": ""yolo"", ""state"": ""IDLE"", ""owner"": ""Surnn"", ""score"": null, ""match_max"": 0.5, ""refs"": 24, ""match_mode"": ""none"", ""steer_zones"": 41, ""people"": 0, ""track_id"": null, ""target_ex"": 0.0, ""target_cx_vel_px_s"": 0.0, ""target_age_s"": null, ""lidar_min_m"": 0.28, ""target_lidar_m"": null, ""target_lidar_deg"": null, ""camera_range_m"
2026-07-16T23:09:27.065,2081.065,mission_20260716_223446_manual,MANUAL,,0,13.330329895019531,100.9979248046875,150.5725857624416,4,True,0.6787499785423279,1,0,0,1,0,0.0,0.0,0.0,0,0,nan,nan,nan,88,26.299999237060547,0.0,29.0,0,30,-,READY owner=Surnn refs=24,"{""cmd"": ""STOP"", ""status"": ""READY"", ""detector"": ""yolo"", ""state"": ""IDLE"", ""owner"": ""Surnn"", ""score"": null, ""match_max"": 0.5, ""refs"": 24, ""match_mode"": ""none"", ""steer_zones"": 41, ""people"": 0, ""track_id"": null, ""target_ex"": 0.0, ""target_cx_vel_px_s"": 0.0, ""target_age_s"": null, ""lidar_min_m"": 0.29, ""target_lidar_m"": null, ""target_lidar_deg"": null, ""camera_range_m"
2026-07-16T23:09:29.190,2083.19,mission_20260716_223446_manual,MANUAL,,0,13.330327033996582,100.9979248046875,150.5819021404695,4,True,0.6800000071525574,1,0,0,1,0,0.0,0.0,0.0,0,0,nan,nan,nan,88,26.299999237060547,0.0,29.0,0,29,-,READY owner=Surnn refs=24,"{""cmd"": ""STOP"", ""status"": ""READY"", ""detector"": ""yolo"", ""state"": ""IDLE"", ""owner"": ""Surnn"", ""score"": null, ""match_max"": 0.5, ""refs"": 24, ""match_mode"": ""none"", ""steer_zones"": 41, ""people"": 0, ""track_id"": null, ""target_ex"": 0.0, ""target_cx_vel_px_s"": 0.0, ""target_age_s"": null, ""lidar_min_m"": 0.27, ""target_lidar_m"": null, ""target_lidar_deg"": null, ""camera_range_m"
2026-07-16T23:09:31.194,2085.194,mission_20260716_223446_manual,MANUAL,,0,13.33032512664795,100.9979248046875,150.58914214098974,4,True,0.6769999861717224,1,0,0,1,0,0.0,0.0,0.0,0,0,nan,nan,nan,88,26.299999237060547,0.0,29.0,0,28,-,READY owner=Surnn refs=24,"{""cmd"": ""STOP"", ""status"": ""READY"", ""detector"": ""yolo"", ""state"": ""IDLE"", ""owner"": ""Surnn"", ""score"": null, ""match_max"": 0.5, ""refs"": 24, ""match_mode"": ""none"", ""steer_zones"": 41, ""people"": 0, ""track_id"": null, ""target_ex"": 0.0, ""target_cx_vel_px_s"": 0.0, ""target_age_s"": null, ""lidar_min_m"": 0.29, ""target_lidar_m"": null, ""target_lidar_deg"": null, ""camera_range_m"
2026-07-16T23:09:33.195,2087.196,mission_20260716_223446_manual,MANUAL,,0,13.330322265625,100.9979248046875,150.5854128577029,4,True,0.6815000176429749,1,0,0,1,0,0.0,0.0,0.0,0,0,nan,nan,nan,88,26.299999237060547,0.0,29.0,0,28,-,READY owner=Surnn refs=24,"{""cmd"": ""STOP"", ""status"": ""READY"", ""detector"": ""yolo"", ""state"": ""IDLE"", ""owner"": ""Surnn"", ""score"": null, ""match_max"": 0.5, ""refs"": 24, ""match_mode"": ""none"", ""steer_zones"": 41, ""people"": 0, ""track_id"": null, ""target_ex"": 0.0, ""target_cx_vel_px_s"": 0.0, ""target_age_s"": null, ""lidar_min_m"": 0.28, ""target_lidar_m"": null, ""target_lidar_deg"": null, ""camera_range_m"
2026-07-16T23:09:35.223,2089.224,mission_20260716_223446_manual,MANUAL,,0,13.330320358276367,100.9979248046875,150.5933358771401,4,True,0.6787499785423279,1,0,0,1,0,0.0,0.0,0.0,0,0,nan,nan,nan,88,26.299999237060547,0.0,29.0,0,27,-,READY owner=Surnn refs=24,"{""cmd"": ""STOP"", ""status"": ""READY"", ""detector"": ""yolo"", ""state"": ""IDLE"", ""owner"": ""Surnn"", ""score"": null, ""match_max"": 0.5, ""refs"": 24, ""match_mode"": ""none"", ""steer_zones"": 41, ""people"": 0, ""track_id"": null, ""target_ex"": 0.0, ""target_cx_vel_px_s"": 0.0, ""target_age_s"": null, ""lidar_min_m"": 0.28, ""target_lidar_m"": null, ""target_lidar_deg"": null, ""camera_range_m"
2026-07-16T23:09:37.232,2091.232,mission_20260716_223446_manual,MANUAL,,0,13.330318450927734,100.9979248046875,150.5984175378826,4,True,0.6787499785423279,1,0,0,1,0,0.0,0.0,0.0,0,0,nan,nan,nan,88,26.299999237060547,0.0,29.0,0,27,-,READY owner=Surnn refs=24,"{""cmd"": ""STOP"", ""status"": ""READY"", ""detector"": ""yolo"", ""state"": ""IDLE"", ""owner"": ""Surnn"", ""score"": null, ""match_max"": 0.5, ""refs"": 24, ""match_mode"": ""none"", ""steer_zones"": 41, ""people"": 0, ""track_id"": null, ""target_ex"": 0.0, ""target_cx_vel_px_s"": 0.0, ""target_age_s"": null, ""lidar_min_m"": 0.27, ""target_lidar_m"": null, ""target_lidar_deg"": null, ""camera_range_m"
2026-07-16T23:09:39.233,2093.234,mission_20260716_223446_manual,MANUAL,,0,13.330315589904785,100.9979248046875,150.60651814223823,4,True,0.6782500147819519,1,0,0,1,0,0.0,0.0,0.0,0,0,nan,nan,nan,88,26.299999237060547,0.0,29.0,0,27,-,READY owner=Surnn refs=24,"{""cmd"": ""STOP"", ""status"": ""READY"", ""detector"": ""yolo"", ""state"": ""IDLE"", ""owner"": ""Surnn"", ""score"": null, ""match_max"": 0.5, ""refs"": 24, ""match_mode"": ""none"", ""steer_zones"": 41, ""people"": 0, ""track_id"": null, ""target_ex"": 0.0, ""target_cx_vel_px_s"": 0.0, ""target_age_s"": null, ""lidar_min_m"": 0.27, ""target_lidar_m"": null, ""target_lidar_deg"": null, ""camera_range_m"
2026-07-16T23:09:41.359,2095.36,mission_20260716_223446_manual,MANUAL,,0,13.330314636230469,100.9979248046875,150.6153154258892,4,True,0.6769999861717224,1,0,0,1,0,0.0,0.0,0.0,0,0,nan,nan,nan,88,26.299999237060547,0.0,29.0,0,28,-,READY owner=Surnn refs=24,"{""cmd"": ""STOP"", ""status"": ""READY"", ""detector"": ""yolo"", ""state"": ""IDLE"", ""owner"": ""Surnn"", ""score"": null, ""match_max"": 0.5, ""refs"": 24, ""match_mode"": ""none"", ""steer_zones"": 41, ""people"": 0, ""track_id"": null, ""target_ex"": 0.0, ""target_cx_vel_px_s"": 0.0, ""target_age_s"": null, ""lidar_min_m"": 0.26, ""target_lidar_m"": null, ""target_lidar_deg"": null, ""camera_range_m"
2026-07-16T23:09:43.377,2097.377,mission_20260716_223446_manual,MANUAL,,0,13.33031177520752,100.9979248046875,150.61490561453903,4,True,0.6804999709129333,1,0,0,1,0,0.0,0.0,0.0,0,0,nan,nan,nan,88,26.299999237060547,0.0,29.0,0,27,-,READY owner=Surnn refs=24,"{""cmd"": ""STOP"", ""status"": ""READY"", ""detector"": ""yolo"", ""state"": ""IDLE"", ""owner"": ""Surnn"", ""score"": null, ""match_max"": 0.5, ""refs"": 24, ""match_mode"": ""none"", ""steer_zones"": 41, ""people"": 0, ""track_id"": null, ""target_ex"": 0.0, ""target_cx_vel_px_s"": 0.0, ""target_age_s"": null, ""lidar_min_m"": 0.27, ""target_lidar_m"": null, ""target_lidar_deg"": null, ""camera_range_m"
2026-07-16T23:09:45.377,2099.378,mission_20260716_223446_manual,MANUAL,,0,13.330309867858887,100.9979248046875,150.61247406719448,4,True,0.6809999942779541,1,0,0,1,0,0.0,0.0,0.0,0,0,nan,nan,nan,88,26.299999237060547,0.0,29.0,0,27,-,READY owner=Surnn refs=24,"{""cmd"": ""STOP"", ""status"": ""READY"", ""detector"": ""yolo"", ""state"": ""IDLE"", ""owner"": ""Surnn"", ""score"": null, ""match_max"": 0.5, ""refs"": 24, ""match_mode"": ""none"", ""steer_zones"": 41, ""people"": 0, ""track_id"": null, ""target_ex"": 0.0, ""target_cx_vel_px_s"": 0.0, ""target_age_s"": null, ""lidar_min_m"": 0.27, ""target_lidar_m"": null, ""target_lidar_deg"": null, ""camera_range_m"
2026-07-16T23:09:47.382,2101.382,mission_20260716_223446_manual,MANUAL,,0,13.330306053161621,100.9979248046875,150.61460508621553,4,True,0.6769999861717224,1,0,0,1,0,0.0,0.0,0.0,0,0,nan,nan,nan,88,26.299999237060547,0.0,29.0,0,27,-,READY owner=Surnn refs=24,"{""cmd"": ""STOP"", ""status"": ""READY"", ""detector"": ""yolo"", ""state"": ""IDLE"", ""owner"": ""Surnn"", ""score"": null, ""match_max"": 0.5, ""refs"": 24, ""match_mode"": ""none"", ""steer_zones"": 41, ""people"": 0, ""track_id"": null, ""target_ex"": 0.0, ""target_cx_vel_px_s"": 0.0, ""target_age_s"": null, ""lidar_min_m"": 0.27, ""target_lidar_m"": null, ""target_lidar_deg"": null, ""camera_range_m"
2026-07-16T23:09:49.384,2103.385,mission_20260716_223446_manual,MANUAL,,0,13.330303192138672,100.9979248046875,150.61593014291452,4,True,0.6787499785423279,1,0,0,1,0,0.0,0.0,0.0,0,0,nan,nan,nan,88,26.299999237060547,0.0,29.0,0,29,-,READY owner=Surnn refs=24,"{""cmd"": ""STOP"", ""status"": ""READY"", ""detector"": ""yolo"", ""state"": ""IDLE"", ""owner"": ""Surnn"", ""score"": null, ""match_max"": 0.5, ""refs"": 24, ""match_mode"": ""none"", ""steer_zones"": 41, ""people"": 0, ""track_id"": null, ""target_ex"": 0.0, ""target_cx_vel_px_s"": 0.0, ""target_age_s"": null, ""lidar_min_m"": 0.28, ""target_lidar_m"": null, ""target_lidar_deg"": null, ""camera_range_m"
2026-07-16T23:09:51.385,2105.386,mission_20260716_223446_manual,MANUAL,,0,13.330302238464355,100.9979248046875,150.62381218121672,4,True,0.6782500147819519,1,0,0,1,0,0.0,0.0,0.0,0,0,nan,nan,nan,88,26.299999237060547,0.0,29.0,0,30,-,READY owner=Surnn refs=24,"{""cmd"": ""STOP"", ""status"": ""READY"", ""detector"": ""yolo"", ""state"": ""IDLE"", ""owner"": ""Surnn"", ""score"": null, ""match_max"": 0.5, ""refs"": 24, ""match_mode"": ""none"", ""steer_zones"": 41, ""people"": 0, ""track_id"": null, ""target_ex"": 0.0, ""target_cx_vel_px_s"": 0.0, ""target_age_s"": null, ""lidar_min_m"": 0.29, ""target_lidar_m"": null, ""target_lidar_deg"": null, ""camera_range_m"
2026-07-16T23:09:53.395,2107.395,mission_20260716_223446_manual,MANUAL,,0,13.330299377441406,100.9979248046875,150.6228559547329,4,True,0.6779999732971191,1,0,0,1,0,0.0,0.0,0.0,0,0,nan,nan,nan,88,26.299999237060547,0.0,29.0,0,30,-,READY owner=Surnn refs=24,"{""cmd"": ""STOP"", ""status"": ""READY"", ""detector"": ""yolo"", ""state"": ""IDLE"", ""owner"": ""Surnn"", ""score"": null, ""match_max"": 0.5, ""refs"": 24, ""match_mode"": ""none"", ""steer_zones"": 41, ""people"": 0, ""track_id"": null, ""target_ex"": 0.0, ""target_cx_vel_px_s"": 0.0, ""target_age_s"": null, ""lidar_min_m"": 0.29, ""target_lidar_m"": null, ""target_lidar_deg"": null, ""camera_range_m"
2026-07-16T23:09:55.401,2109.402,mission_20260716_223446_manual,MANUAL,,0,13.330297470092773,100.9979248046875,150.6140859918386,4,True,0.6782500147819519,1,0,0,1,0,0.0,0.0,0.0,0,0,nan,nan,nan,88,26.299999237060547,0.0,29.0,0,29,-,READY owner=Surnn refs=24,"{""cmd"": ""STOP"", ""status"": ""READY"", ""detector"": ""yolo"", ""state"": ""IDLE"", ""owner"": ""Surnn"", ""score"": null, ""match_max"": 0.5, ""refs"": 24, ""match_mode"": ""none"", ""steer_zones"": 41, ""people"": 0, ""track_id"": null, ""target_ex"": 0.0, ""target_cx_vel_px_s"": 0.0, ""target_age_s"": null, ""lidar_min_m"": 0.27, ""target_lidar_m"": null, ""target_lidar_deg"": null, ""camera_range_m"
2026-07-16T23:09:57.401,2111.402,mission_20260716_223446_manual,MANUAL,,0,13.330294609069824,100.99791717529297,150.60785685931558,4,True,0.6779999732971191,1,0,0,1,0,0.0,0.0,0.0,0,0,nan,nan,nan,88,26.299999237060547,0.0,29.0,0,28,-,READY owner=Surnn refs=24,"{""cmd"": ""STOP"", ""status"": ""READY"", ""detector"": ""yolo"", ""state"": ""IDLE"", ""owner"": ""Surnn"", ""score"": null, ""match_max"": 0.5, ""refs"": 24, ""match_mode"": ""none"", ""steer_zones"": 41, ""people"": 0, ""track_id"": null, ""target_ex"": 0.0, ""target_cx_vel_px_s"": 0.0, ""target_age_s"": null, ""lidar_min_m"": 0.27, ""target_lidar_m"": null, ""target_lidar_deg"": null, ""camera_range_m"
2026-07-16T23:09:59.528,2113.528,mission_20260716_223446_manual,MANUAL,,0,13.330290794372559,100.99791717529297,150.61154516146738,4,True,0.6784999966621399,1,0,0,1,0,0.0,0.0,0.0,0,0,nan,nan,nan,88,26.299999237060547,0.0,29.0,0,28,-,READY owner=Surnn refs=24,"{""cmd"": ""STOP"", ""status"": ""READY"", ""detector"": ""yolo"", ""state"": ""IDLE"", ""owner"": ""Surnn"", ""score"": null, ""match_max"": 0.5, ""refs"": 24, ""match_mode"": ""none"", ""steer_zones"": 41, ""people"": 0, ""track_id"": null, ""target_ex"": 0.0, ""target_cx_vel_px_s"": 0.0, ""target_age_s"": null, ""lidar_min_m"": 0.29, ""target_lidar_m"": null, ""target_lidar_deg"": null, ""camera_range_m"
2026-07-16T23:10:01.654,2115.654,mission_20260716_223446_manual,MANUAL,,0,13.33028793334961,100.99791717529297,150.61191399168254,4,True,0.6807500123977661,1,0,0,1,0,0.0,0.0,0.0,0,0,nan,nan,nan,88,26.299999237060547,0.0,29.0,0,28,-,READY owner=Surnn refs=24,"{""cmd"": ""STOP"", ""status"": ""READY"", ""detector"": ""yolo"", ""state"": ""IDLE"", ""owner"": ""Surnn"", ""score"": null, ""match_max"": 0.5, ""refs"": 24, ""match_mode"": ""none"", ""steer_zones"": 41, ""people"": 0, ""track_id"": null, ""target_ex"": 0.0, ""target_cx_vel_px_s"": 0.0, ""target_age_s"": null, ""lidar_min_m"": 0.27, ""target_lidar_m"": null, ""target_lidar_deg"": null, ""camera_range_m"
2026-07-16T23:10:03.676,2117.677,mission_20260716_223446_manual,MANUAL,,0,13.33028507232666,100.99791717529297,150.5938413111387,4,True,0.6815000176429749,1,0,0,1,0,0.0,0.0,0.0,0,0,nan,nan,nan,88,26.299999237060547,0.0,29.0,0,27,-,READY owner=Surnn refs=24,"{""cmd"": ""STOP"", ""status"": ""READY"", ""detector"": ""yolo"", ""state"": ""IDLE"", ""owner"": ""Surnn"", ""score"": null, ""match_max"": 0.5, ""refs"": 24, ""match_mode"": ""none"", ""steer_zones"": 41, ""people"": 0, ""track_id"": null, ""target_ex"": 0.0, ""target_cx_vel_px_s"": 0.0, ""target_age_s"": null, ""lidar_min_m"": 0.27, ""target_lidar_m"": null, ""target_lidar_deg"": null, ""camera_range_m"
2026-07-16T23:10:05.678,2119.679,mission_20260716_223446_manual,MANUAL,,0,13.330282211303711,100.99790954589844,150.5788968572347,4,True,0.6769999861717224,1,0,0,1,0,0.0,0.0,0.0,0,0,nan,nan,nan,88,26.299999237060547,0.0,29.0,0,27,-,READY owner=Surnn refs=24,"{""cmd"": ""STOP"", ""status"": ""READY"", ""detector"": ""yolo"", ""state"": ""IDLE"", ""owner"": ""Surnn"", ""score"": null, ""match_max"": 0.5, ""refs"": 24, ""match_mode"": ""none"", ""steer_zones"": 41, ""people"": 0, ""track_id"": null, ""target_ex"": 0.0, ""target_cx_vel_px_s"": 0.0, ""target_age_s"": null, ""lidar_min_m"": 0.27, ""target_lidar_m"": null, ""target_lidar_deg"": null, ""camera_range_m"
2026-07-16T23:10:07.694,2121.694,mission_20260716_223446_manual,MANUAL,,0,13.330280303955078,100.99790954589844,150.58289934808835,4,True,0.6792500019073486,1,0,0,1,0,0.0,0.0,0.0,0,0,nan,nan,nan,88,26.299999237060547,0.0,29.0,0,28,-,READY owner=Surnn refs=24,"{""cmd"": ""STOP"", ""status"": ""READY"", ""detector"": ""yolo"", ""state"": ""IDLE"", ""owner"": ""Surnn"", ""score"": null, ""match_max"": 0.5, ""refs"": 24, ""match_mode"": ""none"", ""steer_zones"": 41, ""people"": 0, ""track_id"": null, ""target_ex"": 0.0, ""target_cx_vel_px_s"": 0.0, ""target_age_s"": null, ""lidar_min_m"": 0.27, ""target_lidar_m"": null, ""target_lidar_deg"": null, ""camera_range_m"
2026-07-16T23:10:09.728,2123.729,mission_20260716_223446_manual,MANUAL,,0,13.330278396606445,100.99790954589844,150.59272116011482,4,True,0.6787499785423279,1,0,0,1,0,0.0,0.0,0.0,0,0,nan,nan,nan,88,26.299999237060547,0.0,29.0,0,28,-,READY owner=Surnn refs=24,"{""cmd"": ""STOP"", ""status"": ""READY"", ""detector"": ""yolo"", ""state"": ""IDLE"", ""owner"": ""Surnn"", ""score"": null, ""match_max"": 0.5, ""refs"": 24, ""match_mode"": ""none"", ""steer_zones"": 41, ""people"": 0, ""track_id"": null, ""target_ex"": 0.0, ""target_cx_vel_px_s"": 0.0, ""target_age_s"": null, ""lidar_min_m"": 0.27, ""target_lidar_m"": null, ""target_lidar_deg"": null, ""camera_range_m"
2026-07-16T23:10:11.741,2125.742,mission_20260716_223446_manual,MANUAL,,0,13.330277442932129,100.99790954589844,150.58750289558893,4,True,0.6797500252723694,1,0,0,1,0,0.0,0.0,0.0,0,0,nan,nan,nan,88,26.299999237060547,0.0,29.0,0,28,-,READY owner=Surnn refs=24,"{""cmd"": ""STOP"", ""status"": ""READY"", ""detector"": ""yolo"", ""state"": ""IDLE"", ""owner"": ""Surnn"", ""score"": null, ""match_max"": 0.5, ""refs"": 24, ""match_mode"": ""none"", ""steer_zones"": 41, ""people"": 0, ""track_id"": null, ""target_ex"": 0.0, ""target_cx_vel_px_s"": 0.0, ""target_age_s"": null, ""lidar_min_m"": 0.27, ""target_lidar_m"": null, ""target_lidar_deg"": null, ""camera_range_m"
2026-07-16T23:10:13.770,2127.771,mission_20260716_223446_manual,MANUAL,,0,13.330275535583496,100.9979019165039,150.5816972347944,4,True,0.6777499914169312,1,0,0,1,0,0.0,0.0,0.0,0,0,nan,nan,nan,88,26.299999237060547,0.0,29.0,0,27,-,READY owner=Surnn refs=24,"{""cmd"": ""STOP"", ""status"": ""READY"", ""detector"": ""yolo"", ""state"": ""IDLE"", ""owner"": ""Surnn"", ""score"": null, ""match_max"": 0.5, ""refs"": 24, ""match_mode"": ""none"", ""steer_zones"": 41, ""people"": 0, ""track_id"": null, ""target_ex"": 0.0, ""target_cx_vel_px_s"": 0.0, ""target_age_s"": null, ""lidar_min_m"": 0.28, ""target_lidar_m"": null, ""target_lidar_deg"": null, ""camera_range_m"
2026-07-16T23:10:15.802,2129.803,mission_20260716_223446_manual,MANUAL,,0,13.330273628234863,100.9979019165039,150.5785143666412,4,True,0.6779999732971191,1,0,0,1,0,0.0,0.0,0.0,0,0,nan,nan,nan,88,26.299999237060547,0.0,29.0,0,27,-,READY owner=Surnn refs=24,"{""cmd"": ""STOP"", ""status"": ""READY"", ""detector"": ""yolo"", ""state"": ""IDLE"", ""owner"": ""Surnn"", ""score"": null, ""match_max"": 0.5, ""refs"": 24, ""match_mode"": ""none"", ""steer_zones"": 41, ""people"": 0, ""track_id"": null, ""target_ex"": 0.0, ""target_cx_vel_px_s"": 0.0, ""target_age_s"": null, ""lidar_min_m"": 0.27, ""target_lidar_m"": null, ""target_lidar_deg"": null, ""camera_range_m"
2026-07-16T23:10:17.814,2131.814,mission_20260716_223446_manual,MANUAL,,0,13.33027172088623,100.9979019165039,150.5600591955038,4,True,0.6794999837875366,1,0,0,1,0,0.0,0.0,0.0,0,0,nan,nan,nan,88,26.299999237060547,0.0,29.0,0,27,-,READY owner=Surnn refs=24,"{""cmd"": ""STOP"", ""status"": ""READY"", ""detector"": ""yolo"", ""state"": ""IDLE"", ""owner"": ""Surnn"", ""score"": null, ""match_max"": 0.5, ""refs"": 24, ""match_mode"": ""none"", ""steer_zones"": 41, ""people"": 0, ""track_id"": null, ""target_ex"": 0.0, ""target_cx_vel_px_s"": 0.0, ""target_age_s"": null, ""lidar_min_m"": 0.28, ""target_lidar_m"": null, ""target_lidar_deg"": null, ""camera_range_m"
2026-07-16T23:10:19.833,2133.833,mission_20260716_223446_manual,MANUAL,,0,13.330268859863281,100.9979019165039,150.57294093227847,4,True,0.6802499890327454,1,0,0,1,0,0.0,0.0,0.0,0,0,nan,nan,nan,88,26.299999237060547,0.0,29.0,0,27,-,READY owner=Surnn refs=24,"{""cmd"": ""STOP"", ""status"": ""READY"", ""detector"": ""yolo"", ""state"": ""IDLE"", ""owner"": ""Surnn"", ""score"": null, ""match_max"": 0.5, ""refs"": 24, ""match_mode"": ""none"", ""steer_zones"": 41, ""people"": 0, ""track_id"": null, ""target_ex"": 0.0, ""target_cx_vel_px_s"": 0.0, ""target_age_s"": null, ""lidar_min_m"": 0.28, ""target_lidar_m"": null, ""target_lidar_deg"": null, ""camera_range_m"
2026-07-16T23:10:21.837,2135.838,mission_20260716_223446_manual,MANUAL,,0,13.330266952514648,100.99789428710938,150.58027655544706,4,True,0.6790000200271606,1,0,0,1,0,0.0,0.0,0.0,0,0,nan,nan,nan,88,26.299999237060547,0.0,29.0,0,27,-,READY owner=Surnn refs=24,"{""cmd"": ""STOP"", ""status"": ""READY"", ""detector"": ""yolo"", ""state"": ""IDLE"", ""owner"": ""Surnn"", ""score"": null, ""match_max"": 0.5, ""refs"": 24, ""match_mode"": ""none"", ""steer_zones"": 41, ""people"": 0, ""track_id"": null, ""target_ex"": 0.0, ""target_cx_vel_px_s"": 0.0, ""target_age_s"": null, ""lidar_min_m"": 0.28, ""target_lidar_m"": null, ""target_lidar_deg"": null, ""camera_range_m"
2026-07-16T23:10:23.874,2137.874,mission_20260716_223446_manual,MANUAL,,0,13.330265045166016,100.99789428710938,150.5803585177171,4,True,0.6809999942779541,1,0,0,1,0,0.0,0.0,0.0,0,0,nan,nan,nan,88,26.299999237060547,0.0,29.0,0,27,-,READY owner=Surnn refs=24,"{""cmd"": ""STOP"", ""status"": ""READY"", ""detector"": ""yolo"", ""state"": ""IDLE"", ""owner"": ""Surnn"", ""score"": null, ""match_max"": 0.5, ""refs"": 24, ""match_mode"": ""none"", ""steer_zones"": 41, ""people"": 0, ""track_id"": null, ""target_ex"": 0.0, ""target_cx_vel_px_s"": 0.0, ""target_age_s"": null, ""lidar_min_m"": 0.28, ""target_lidar_m"": null, ""target_lidar_deg"": null, ""camera_range_m"
2026-07-16T23:10:25.885,2139.885,mission_20260716_223446_manual,MANUAL,,0,13.330263137817383,100.99789428710938,150.57126070574265,4,True,0.6797500252723694,1,0,0,1,0,0.0,0.0,0.0,0,0,nan,nan,nan,88,26.299999237060547,0.0,29.0,0,27,-,READY owner=Surnn refs=24,"{""cmd"": ""STOP"", ""status"": ""READY"", ""detector"": ""yolo"", ""state"": ""IDLE"", ""owner"": ""Surnn"", ""score"": null, ""match_max"": 0.5, ""refs"": 24, ""match_mode"": ""none"", ""steer_zones"": 41, ""people"": 0, ""track_id"": null, ""target_ex"": 0.0, ""target_cx_vel_px_s"": 0.0, ""target_age_s"": null, ""lidar_min_m"": 0.28, ""target_lidar_m"": null, ""target_lidar_deg"": null, ""camera_range_m"
2026-07-16T23:10:27.890,2141.891,mission_20260716_223446_manual,MANUAL,,0,13.330262184143066,100.99788665771484,150.56966244147685,4,True,0.6784999966621399,1,0,0,1,0,0.0,0.0,0.0,0,0,nan,nan,nan,88,26.299999237060547,0.0,29.0,0,27,-,READY owner=Surnn refs=24,"{""cmd"": ""STOP"", ""status"": ""READY"", ""detector"": ""yolo"", ""state"": ""IDLE"", ""owner"": ""Surnn"", ""score"": null, ""match_max"": 0.5, ""refs"": 24, ""match_mode"": ""none"", ""steer_zones"": 41, ""people"": 0, ""track_id"": null, ""target_ex"": 0.0, ""target_cx_vel_px_s"": 0.0, ""target_age_s"": null, ""lidar_min_m"": 0.28, ""target_lidar_m"": null, ""target_lidar_deg"": null, ""camera_range_m"
2026-07-16T23:10:29.895,2143.896,mission_20260716_223446_manual,MANUAL,,0,13.330262184143066,100.99788665771484,150.5675997243475,4,True,0.6782500147819519,1,0,0,1,0,0.0,0.0,0.0,0,0,nan,nan,nan,88,26.299999237060547,0.0,29.0,0,27,-,READY owner=Surnn refs=24,"{""cmd"": ""STOP"", ""status"": ""READY"", ""detector"": ""yolo"", ""state"": ""IDLE"", ""owner"": ""Surnn"", ""score"": null, ""match_max"": 0.5, ""refs"": 24, ""match_mode"": ""none"", ""steer_zones"": 41, ""people"": 0, ""track_id"": null, ""target_ex"": 0.0, ""target_cx_vel_px_s"": 0.0, ""target_age_s"": null, ""lidar_min_m"": 0.28, ""target_lidar_m"": null, ""target_lidar_deg"": null, ""camera_range_m"
2026-07-16T23:10:31.901,2145.901,mission_20260716_223446_manual,MANUAL,,0,13.330262184143066,100.99788665771484,150.56262734663173,4,True,0.6809999942779541,1,0,0,1,0,0.0,0.0,0.0,0,0,nan,nan,nan,88,26.299999237060547,0.0,29.0,0,27,-,READY owner=Surnn refs=24,"{""cmd"": ""STOP"", ""status"": ""READY"", ""detector"": ""yolo"", ""state"": ""IDLE"", ""owner"": ""Surnn"", ""score"": null, ""match_max"": 0.5, ""refs"": 24, ""match_mode"": ""none"", ""steer_zones"": 41, ""people"": 0, ""track_id"": null, ""target_ex"": 0.0, ""target_cx_vel_px_s"": 0.0, ""target_age_s"": null, ""lidar_min_m"": 0.27, ""target_lidar_m"": null, ""target_lidar_deg"": null, ""camera_range_m"
2026-07-16T23:10:33.902,2147.903,mission_20260716_223446_manual,MANUAL,,0,13.3302640914917,100.99787902832031,150.54992319477552,4,True,0.6812499761581421,1,0,0,1,0,0.0,0.0,0.0,0,0,nan,nan,nan,88,26.299999237060547,0.0,29.0,0,27,-,READY owner=Surnn refs=24,"{""cmd"": ""STOP"", ""status"": ""READY"", ""detector"": ""yolo"", ""state"": ""IDLE"", ""owner"": ""Surnn"", ""score"": null, ""match_max"": 0.5, ""refs"": 24, ""match_mode"": ""none"", ""steer_zones"": 41, ""people"": 0, ""track_id"": null, ""target_ex"": 0.0, ""target_cx_vel_px_s"": 0.0, ""target_age_s"": null, ""lidar_min_m"": 0.28, ""target_lidar_m"": null, ""target_lidar_deg"": null, ""camera_range_m"
2026-07-16T23:10:35.907,2149.907,mission_20260716_223446_manual,MANUAL,,0,13.330265045166016,100.99787902832031,150.53676825043408,4,True,0.6777499914169312,1,0,0,1,0,0.0,0.0,0.0,0,0,nan,nan,nan,88,26.299999237060547,0.0,29.0,0,27,-,READY owner=Surnn refs=24,"{""cmd"": ""STOP"", ""status"": ""READY"", ""detector"": ""yolo"", ""state"": ""IDLE"", ""owner"": ""Surnn"", ""score"": null, ""match_max"": 0.5, ""refs"": 24, ""match_mode"": ""none"", ""steer_zones"": 41, ""people"": 0, ""track_id"": null, ""target_ex"": 0.0, ""target_cx_vel_px_s"": 0.0, ""target_age_s"": null, ""lidar_min_m"": 0.28, ""target_lidar_m"": null, ""target_lidar_deg"": null, ""camera_range_m"
2026-07-16T23:10:37.909,2151.909,mission_20260716_223446_manual,MANUAL,,0,13.330266952514648,100.99787902832031,150.530498136776,4,True,0.6787499785423279,1,0,0,1,0,0.0,0.0,0.0,0,0,nan,nan,nan,88,26.299999237060547,0.0,29.0,0,27,-,READY owner=Surnn refs=24,"{""cmd"": ""STOP"", ""status"": ""READY"", ""detector"": ""yolo"", ""state"": ""IDLE"", ""owner"": ""Surnn"", ""score"": null, ""match_max"": 0.5, ""refs"": 24, ""match_mode"": ""none"", ""steer_zones"": 41, ""people"": 0, ""track_id"": null, ""target_ex"": 0.0, ""target_cx_vel_px_s"": 0.0, ""target_age_s"": null, ""lidar_min_m"": 0.27, ""target_lidar_m"": null, ""target_lidar_deg"": null, ""camera_range_m"
2026-07-16T23:10:39.916,2153.916,mission_20260716_223446_manual,MANUAL,,0,13.330267906188965,100.99787902832031,150.52784802337803,4,True,0.6779999732971191,1,0,0,1,0,0.0,0.0,0.0,0,0,nan,nan,nan,88,26.299999237060547,0.0,29.0,0,27,-,READY owner=Surnn refs=24,"{""cmd"": ""STOP"", ""status"": ""READY"", ""detector"": ""yolo"", ""state"": ""IDLE"", ""owner"": ""Surnn"", ""score"": null, ""match_max"": 0.5, ""refs"": 24, ""match_mode"": ""none"", ""steer_zones"": 41, ""people"": 0, ""track_id"": null, ""target_ex"": 0.0, ""target_cx_vel_px_s"": 0.0, ""target_age_s"": null, ""lidar_min_m"": 0.27, ""target_lidar_m"": null, ""target_lidar_deg"": null, ""camera_range_m"
2026-07-16T23:10:42.026,2156.027,mission_20260716_223446_manual,MANUAL,,0,13.330267906188965,100.99787902832031,150.51902341897036,4,True,0.6779999732971191,1,0,0,1,0,0.0,0.0,0.0,0,0,nan,nan,nan,88,26.299999237060547,0.0,29.0,0,28,-,READY owner=Surnn refs=24,"{""cmd"": ""STOP"", ""status"": ""READY"", ""detector"": ""yolo"", ""state"": ""IDLE"", ""owner"": ""Surnn"", ""score"": null, ""match_max"": 0.5, ""refs"": 24, ""match_mode"": ""none"", ""steer_zones"": 41, ""people"": 0, ""track_id"": null, ""target_ex"": 0.0, ""target_cx_vel_px_s"": 0.0, ""target_age_s"": null, ""lidar_min_m"": 0.27, ""target_lidar_m"": null, ""target_lidar_deg"": null, ""camera_range_m"
2026-07-16T23:10:44.222,2158.223,mission_20260716_223446_manual,MANUAL,,0,13.330267906188965,100.99787902832031,150.51648258859913,4,True,0.6784999966621399,1,0,0,1,0,0.0,0.0,0.0,0,0,nan,nan,nan,88,26.299999237060547,0.0,29.0,0,29,-,READY owner=Surnn refs=24,"{""cmd"": ""STOP"", ""status"": ""READY"", ""detector"": ""yolo"", ""state"": ""IDLE"", ""owner"": ""Surnn"", ""score"": null, ""match_max"": 0.5, ""refs"": 24, ""match_mode"": ""none"", ""steer_zones"": 41, ""people"": 0, ""track_id"": null, ""target_ex"": 0.0, ""target_cx_vel_px_s"": 0.0, ""target_age_s"": null, ""lidar_min_m"": 0.27, ""target_lidar_m"": null, ""target_lidar_deg"": null, ""camera_range_m"
2026-07-16T23:10:46.311,2160.311,mission_20260716_223446_manual,MANUAL,,0,13.330267906188965,100.99787139892578,150.5028222102591,4,True,0.6782500147819519,1,0,0,1,0,0.0,0.0,0.0,0,0,nan,nan,nan,88,26.299999237060547,0.0,29.0,0,28,-,READY owner=Surnn refs=24,"{""cmd"": ""STOP"", ""status"": ""READY"", ""detector"": ""yolo"", ""state"": ""IDLE"", ""owner"": ""Surnn"", ""score"": null, ""match_max"": 0.5, ""refs"": 24, ""match_mode"": ""none"", ""steer_zones"": 41, ""people"": 0, ""track_id"": null, ""target_ex"": 0.0, ""target_cx_vel_px_s"": 0.0, ""target_age_s"": null, ""lidar_min_m"": 0.27, ""target_lidar_m"": null, ""target_lidar_deg"": null, ""camera_range_m"
2026-07-16T23:10:48.381,2162.382,mission_20260716_223446_manual,MANUAL,,0,13.330268859863281,100.99787139892578,150.50683836149108,4,True,0.6804999709129333,1,0,0,1,0,0.0,0.0,0.0,0,0,nan,nan,nan,88,26.299999237060547,0.0,29.0,0,29,-,READY owner=Surnn refs=24,"{""cmd"": ""STOP"", ""status"": ""READY"", ""detector"": ""yolo"", ""state"": ""IDLE"", ""owner"": ""Surnn"", ""score"": null, ""match_max"": 0.5, ""refs"": 24, ""match_mode"": ""none"", ""steer_zones"": 41, ""people"": 0, ""track_id"": null, ""target_ex"": 0.0, ""target_cx_vel_px_s"": 0.0, ""target_age_s"": null, ""lidar_min_m"": 0.26, ""target_lidar_m"": null, ""target_lidar_deg"": null, ""camera_range_m"
2026-07-16T23:10:50.439,2164.44,mission_20260716_223446_manual,MANUAL,,0,13.330269813537598,100.99787139892578,150.50235775739554,4,True,0.6779999732971191,1,0,0,1,0,0.0,0.0,0.0,0,0,nan,nan,nan,88,26.299999237060547,0.0,29.0,0,27,-,READY owner=Surnn refs=24,"{""cmd"": ""STOP"", ""status"": ""READY"", ""detector"": ""yolo"", ""state"": ""IDLE"", ""owner"": ""Surnn"", ""score"": null, ""match_max"": 0.5, ""refs"": 24, ""match_mode"": ""none"", ""steer_zones"": 41, ""people"": 0, ""track_id"": null, ""target_ex"": 0.0, ""target_cx_vel_px_s"": 0.0, ""target_age_s"": null, ""lidar_min_m"": 0.29, ""target_lidar_m"": null, ""target_lidar_deg"": null, ""camera_range_m"
2026-07-16T23:10:52.518,2166.518,mission_20260716_223446_manual,MANUAL,,0,13.330269813537598,100.99787139892578,150.50498055003683,4,True,0.6790000200271606,1,0,0,1,0,0.0,0.0,0.0,0,0,nan,nan,nan,88,26.299999237060547,0.0,29.0,0,28,-,READY owner=Surnn refs=24,"{""cmd"": ""STOP"", ""status"": ""READY"", ""detector"": ""yolo"", ""state"": ""IDLE"", ""owner"": ""Surnn"", ""score"": null, ""match_max"": 0.5, ""refs"": 24, ""match_mode"": ""none"", ""steer_zones"": 41, ""people"": 0, ""track_id"": null, ""target_ex"": 0.0, ""target_cx_vel_px_s"": 0.0, ""target_age_s"": null, ""lidar_min_m"": 0.27, ""target_lidar_m"": null, ""target_lidar_deg"": null, ""camera_range_m"
2026-07-16T23:10:54.563,2168.563,mission_20260716_223446_manual,MANUAL,,0,13.330269813537598,100.99787139892578,150.5124117958538,4,True,0.6807500123977661,1,0,0,1,0,0.0,0.0,0.0,0,0,nan,nan,nan,88,26.299999237060547,0.0,29.0,0,28,-,READY owner=Surnn refs=24,"{""cmd"": ""STOP"", ""status"": ""READY"", ""detector"": ""yolo"", ""state"": ""IDLE"", ""owner"": ""Surnn"", ""score"": null, ""match_max"": 0.5, ""refs"": 24, ""match_mode"": ""none"", ""steer_zones"": 41, ""people"": 0, ""track_id"": null, ""target_ex"": 0.0, ""target_cx_vel_px_s"": 0.0, ""target_age_s"": null, ""lidar_min_m"": 0.27, ""target_lidar_m"": null, ""target_lidar_deg"": null, ""camera_range_m"
2026-07-16T23:10:56.603,2170.604,mission_20260716_223446_manual,MANUAL,,0,13.330270767211914,100.99787139892578,150.52553941943856,4,True,0.6779999732971191,1,0,0,1,0,0.0,0.0,0.0,0,0,nan,nan,nan,88,26.299999237060547,0.0,29.0,0,28,-,READY owner=Surnn refs=24,"{""cmd"": ""STOP"", ""status"": ""READY"", ""detector"": ""yolo"", ""state"": ""IDLE"", ""owner"": ""Surnn"", ""score"": null, ""match_max"": 0.5, ""refs"": 24, ""match_mode"": ""none"", ""steer_zones"": 41, ""people"": 0, ""track_id"": null, ""target_ex"": 0.0, ""target_cx_vel_px_s"": 0.0, ""target_age_s"": null, ""lidar_min_m"": 0.29, ""target_lidar_m"": null, ""target_lidar_deg"": null, ""camera_range_m"
2026-07-16T23:10:58.660,2172.661,mission_20260716_223446_manual,MANUAL,,0,13.330273628234863,100.99787902832031,150.5414537602047,4,True,0.6807500123977661,1,0,0,1,0,0.0,0.0,0.0,0,0,nan,nan,nan,88,26.299999237060547,0.0,29.0,0,27,-,READY owner=Surnn refs=24,"{""cmd"": ""STOP"", ""status"": ""READY"", ""detector"": ""yolo"", ""state"": ""IDLE"", ""owner"": ""Surnn"", ""score"": null, ""match_max"": 0.5, ""refs"": 24, ""match_mode"": ""none"", ""steer_zones"": 41, ""people"": 0, ""track_id"": null, ""target_ex"": 0.0, ""target_cx_vel_px_s"": 0.0, ""target_age_s"": null, ""lidar_min_m"": 0.28, ""target_lidar_m"": null, ""target_lidar_deg"": null, ""camera_range_m"
2026-07-16T23:11:00.680,2174.681,mission_20260716_223446_manual,MANUAL,,0,13.330275535583496,100.99787902832031,150.55553761027326,4,True,0.6772500276565552,1,0,0,1,0,0.0,0.0,0.0,0,0,nan,nan,nan,88,26.299999237060547,0.0,29.0,0,28,-,READY owner=Surnn refs=24,"{""cmd"": ""STOP"", ""status"": ""READY"", ""detector"": ""yolo"", ""state"": ""IDLE"", ""owner"": ""Surnn"", ""score"": null, ""match_max"": 0.5, ""refs"": 24, ""match_mode"": ""none"", ""steer_zones"": 41, ""people"": 0, ""track_id"": null, ""target_ex"": 0.0, ""target_cx_vel_px_s"": 0.0, ""target_age_s"": null, ""lidar_min_m"": 0.27, ""target_lidar_m"": null, ""target_lidar_deg"": null, ""camera_range_m"
2026-07-16T23:11:02.701,2176.701,mission_20260716_223446_manual,MANUAL,,0,13.330278396606445,100.99787902832031,150.57973014031344,4,True,0.6784999966621399,1,0,0,1,0,0.0,0.0,0.0,0,0,nan,nan,nan,88,26.299999237060547,0.0,29.0,0,28,-,READY owner=Surnn refs=24,"{""cmd"": ""STOP"", ""status"": ""READY"", ""detector"": ""yolo"", ""state"": ""IDLE"", ""owner"": ""Surnn"", ""score"": null, ""match_max"": 0.5, ""refs"": 24, ""match_mode"": ""none"", ""steer_zones"": 41, ""people"": 0, ""track_id"": null, ""target_ex"": 0.0, ""target_cx_vel_px_s"": 0.0, ""target_age_s"": null, ""lidar_min_m"": 0.27, ""target_lidar_m"": null, ""target_lidar_deg"": null, ""camera_range_m"
2026-07-16T23:11:04.777,2178.778,mission_20260716_223446_manual,MANUAL,,0,13.330281257629395,100.99787902832031,150.59744765102047,4,True,0.6782500147819519,1,0,0,1,0,0.0,0.0,0.0,0,0,nan,nan,nan,88,26.299999237060547,0.0,29.0,0,28,-,READY owner=Surnn refs=24,"{""cmd"": ""STOP"", ""status"": ""READY"", ""detector"": ""yolo"", ""state"": ""IDLE"", ""owner"": ""Surnn"", ""score"": null, ""match_max"": 0.5, ""refs"": 24, ""match_mode"": ""none"", ""steer_zones"": 41, ""people"": 0, ""track_id"": null, ""target_ex"": 0.0, ""target_cx_vel_px_s"": 0.0, ""target_age_s"": null, ""lidar_min_m"": 0.26, ""target_lidar_m"": null, ""target_lidar_deg"": null, ""camera_range_m"
2026-07-16T23:11:06.815,2180.816,mission_20260716_223446_manual,MANUAL,,0,13.330286026000977,100.99787902832031,150.60728312342528,4,True,0.6792500019073486,1,0,0,1,0,0.0,0.0,0.0,0,0,nan,nan,nan,88,26.299999237060547,0.0,29.0,0,28,-,READY owner=Surnn refs=24,"{""cmd"": ""STOP"", ""status"": ""READY"", ""detector"": ""yolo"", ""state"": ""IDLE"", ""owner"": ""Surnn"", ""score"": null, ""match_max"": 0.5, ""refs"": 24, ""match_mode"": ""none"", ""steer_zones"": 41, ""people"": 0, ""track_id"": null, ""target_ex"": 0.0, ""target_cx_vel_px_s"": 0.0, ""target_age_s"": null, ""lidar_min_m"": 0.26, ""target_lidar_m"": null, ""target_lidar_deg"": null, ""camera_range_m"
2026-07-16T23:11:08.844,2182.845,mission_20260716_223446_manual,MANUAL,,0,13.330289840698242,100.99787902832031,150.61542470891592,4,True,0.6782500147819519,1,0,0,1,0,0.0,0.0,0.0,0,0,nan,nan,nan,88,26.299999237060547,0.0,29.0,0,27,-,READY owner=Surnn refs=24,"{""cmd"": ""STOP"", ""status"": ""READY"", ""detector"": ""yolo"", ""state"": ""IDLE"", ""owner"": ""Surnn"", ""score"": null, ""match_max"": 0.5, ""refs"": 24, ""match_mode"": ""none"", ""steer_zones"": 41, ""people"": 0, ""track_id"": null, ""target_ex"": 0.0, ""target_cx_vel_px_s"": 0.0, ""target_age_s"": null, ""lidar_min_m"": 0.29, ""target_lidar_m"": null, ""target_lidar_deg"": null, ""camera_range_m"
2026-07-16T23:11:10.900,2184.901,mission_20260716_223446_manual,MANUAL,,0,13.330291748046875,100.99787902832031,150.6280742192588,4,True,0.6782500147819519,1,0,0,1,0,0.0,0.0,0.0,0,0,nan,nan,nan,88,26.299999237060547,0.0,29.0,0,27,-,READY owner=Surnn refs=24,"{""cmd"": ""STOP"", ""status"": ""READY"", ""detector"": ""yolo"", ""state"": ""IDLE"", ""owner"": ""Surnn"", ""score"": null, ""match_max"": 0.5, ""refs"": 24, ""match_mode"": ""none"", ""steer_zones"": 41, ""people"": 0, ""track_id"": null, ""target_ex"": 0.0, ""target_cx_vel_px_s"": 0.0, ""target_age_s"": null, ""lidar_min_m"": 0.29, ""target_lidar_m"": null, ""target_lidar_deg"": null, ""camera_range_m"
2026-07-16T23:11:12.924,2186.924,mission_20260716_223446_manual,MANUAL,,0,13.33029556274414,100.99787902832031,150.6348634272938,4,True,0.6792500019073486,1,0,0,1,0,0.0,0.0,0.0,0,0,nan,nan,nan,88,26.299999237060547,0.0,29.0,0,25,-,READY owner=Surnn refs=24,"{""cmd"": ""STOP"", ""status"": ""READY"", ""detector"": ""yolo"", ""state"": ""IDLE"", ""owner"": ""Surnn"", ""score"": null, ""match_max"": 0.5, ""refs"": 24, ""match_mode"": ""none"", ""steer_zones"": 41, ""people"": 0, ""track_id"": null, ""target_ex"": 0.0, ""target_cx_vel_px_s"": 0.0, ""target_age_s"": null, ""lidar_min_m"": 0.27, ""target_lidar_m"": null, ""target_lidar_deg"": null, ""camera_range_m"
2026-07-16T23:11:15.011,2189.011,mission_20260716_223446_manual,MANUAL,,0,13.330297470092773,100.99787902832031,150.6399177672796,4,True,0.6784999966621399,1,0,0,1,0,0.0,0.0,0.0,0,0,nan,nan,nan,88,26.299999237060547,0.0,29.0,0,25,-,READY owner=Surnn refs=24,"{""cmd"": ""STOP"", ""status"": ""READY"", ""detector"": ""yolo"", ""state"": ""IDLE"", ""owner"": ""Surnn"", ""score"": null, ""match_max"": 0.5, ""refs"": 24, ""match_mode"": ""none"", ""steer_zones"": 41, ""people"": 0, ""track_id"": null, ""target_ex"": 0.0, ""target_cx_vel_px_s"": 0.0, ""target_age_s"": null, ""lidar_min_m"": 0.28, ""target_lidar_m"": null, ""target_lidar_deg"": null, ""camera_range_m"
2026-07-16T23:11:17.015,2191.015,mission_20260716_223446_manual,MANUAL,,0,13.330299377441406,100.99787902832031,150.63789603128527,4,True,0.6809999942779541,1,0,0,1,0,0.0,0.0,0.0,0,0,nan,nan,nan,88,26.299999237060547,0.0,29.0,0,26,-,READY owner=Surnn refs=24,"{""cmd"": ""STOP"", ""status"": ""READY"", ""detector"": ""yolo"", ""state"": ""IDLE"", ""owner"": ""Surnn"", ""score"": null, ""match_max"": 0.5, ""refs"": 24, ""match_mode"": ""none"", ""steer_zones"": 41, ""people"": 0, ""track_id"": null, ""target_ex"": 0.0, ""target_cx_vel_px_s"": 0.0, ""target_age_s"": null, ""lidar_min_m"": 0.29, ""target_lidar_m"": null, ""target_lidar_deg"": null, ""camera_range_m"
2026-07-16T23:11:19.065,2193.066,mission_20260716_223446_manual,MANUAL,,0,13.330302238464355,100.99787902832031,150.64587369223585,4,True,0.6790000200271606,1,0,0,1,0,0.0,0.0,0.0,0,0,nan,nan,nan,88,26.299999237060547,0.0,29.0,0,27,-,READY owner=Surnn refs=24,"{""cmd"": ""STOP"", ""status"": ""READY"", ""detector"": ""yolo"", ""state"": ""IDLE"", ""owner"": ""Surnn"", ""score"": null, ""match_max"": 0.5, ""refs"": 24, ""match_mode"": ""none"", ""steer_zones"": 41, ""people"": 0, ""track_id"": null, ""target_ex"": 0.0, ""target_cx_vel_px_s"": 0.0, ""target_age_s"": null, ""lidar_min_m"": 0.27, ""target_lidar_m"": null, ""target_lidar_deg"": null, ""camera_range_m"
2026-07-16T23:11:21.083,2195.083,mission_20260716_223446_manual,MANUAL,,0,13.330305099487305,100.99787902832031,150.64166629570713,4,True,0.6787499785423279,1,0,0,1,0,0.0,0.0,0.0,0,0,nan,nan,nan,88,26.299999237060547,0.0,29.0,0,27,-,READY owner=Surnn refs=24,"{""cmd"": ""STOP"", ""status"": ""READY"", ""detector"": ""yolo"", ""state"": ""IDLE"", ""owner"": ""Surnn"", ""score"": null, ""match_max"": 0.5, ""refs"": 24, ""match_mode"": ""none"", ""steer_zones"": 41, ""people"": 0, ""track_id"": null, ""target_ex"": 0.0, ""target_cx_vel_px_s"": 0.0, ""target_age_s"": null, ""lidar_min_m"": 0.26, ""target_lidar_m"": null, ""target_lidar_deg"": null, ""camera_range_m"
2026-07-16T23:11:23.117,2197.118,mission_20260716_223446_manual,MANUAL,,0,13.330307960510254,100.99787902832031,150.63943965403772,4,True,0.6800000071525574,1,0,0,1,0,0.0,0.0,0.0,0,0,nan,nan,nan,88,26.299999237060547,0.0,29.0,0,25,-,READY owner=Surnn refs=24,"{""cmd"": ""STOP"", ""status"": ""READY"", ""detector"": ""yolo"", ""state"": ""IDLE"", ""owner"": ""Surnn"", ""score"": null, ""match_max"": 0.5, ""refs"": 24, ""match_mode"": ""none"", ""steer_zones"": 41, ""people"": 0, ""track_id"": null, ""target_ex"": 0.0, ""target_cx_vel_px_s"": 0.0, ""target_age_s"": null, ""lidar_min_m"": 0.28, ""target_lidar_m"": null, ""target_lidar_deg"": null, ""camera_range_m"
2026-07-16T23:11:25.241,2199.241,mission_20260716_223446_manual,MANUAL,,0,13.330309867858887,100.99787902832031,150.63603821983102,4,True,0.6790000200271606,1,0,0,1,0,0.0,0.0,0.0,0,0,nan,nan,nan,88,26.299999237060547,0.0,29.0,0,26,-,READY owner=Surnn refs=24,"{""cmd"": ""STOP"", ""status"": ""READY"", ""detector"": ""yolo"", ""state"": ""IDLE"", ""owner"": ""Surnn"", ""score"": null, ""match_max"": 0.5, ""refs"": 24, ""match_mode"": ""none"", ""steer_zones"": 41, ""people"": 0, ""track_id"": null, ""target_ex"": 0.0, ""target_cx_vel_px_s"": 0.0, ""target_age_s"": null, ""lidar_min_m"": 0.27, ""target_lidar_m"": null, ""target_lidar_deg"": null, ""camera_range_m"
2026-07-16T23:11:27.300,2201.301,mission_20260716_223446_manual,MANUAL,,0,13.33031177520752,100.99787902832031,150.63400282345836,4,True,0.6779999732971191,1,0,0,1,0,0.0,0.0,0.0,0,0,nan,nan,nan,88,26.299999237060547,0.0,29.0,0,26,-,READY owner=Surnn refs=24,"{""cmd"": ""STOP"", ""status"": ""READY"", ""detector"": ""yolo"", ""state"": ""IDLE"", ""owner"": ""Surnn"", ""score"": null, ""match_max"": 0.5, ""refs"": 24, ""match_mode"": ""none"", ""steer_zones"": 41, ""people"": 0, ""track_id"": null, ""target_ex"": 0.0, ""target_cx_vel_px_s"": 0.0, ""target_age_s"": null, ""lidar_min_m"": 0.29, ""target_lidar_m"": null, ""target_lidar_deg"": null, ""camera_range_m"
2026-07-16T23:11:29.326,2203.327,mission_20260716_223446_manual,MANUAL,,0,13.330313682556152,100.99788665771484,150.63195376670737,4,True,0.6777499914169312,1,0,0,1,0,0.0,0.0,0.0,0,0,nan,nan,nan,88,26.299999237060547,0.0,29.0,0,26,-,READY owner=Surnn refs=24,"{""cmd"": ""STOP"", ""status"": ""READY"", ""detector"": ""yolo"", ""state"": ""IDLE"", ""owner"": ""Surnn"", ""score"": null, ""match_max"": 0.5, ""refs"": 24, ""match_mode"": ""none"", ""steer_zones"": 41, ""people"": 0, ""track_id"": null, ""target_ex"": 0.0, ""target_cx_vel_px_s"": 0.0, ""target_age_s"": null, ""lidar_min_m"": 0.27, ""target_lidar_m"": null, ""target_lidar_deg"": null, ""camera_range_m"
2026-07-16T23:11:31.366,2205.366,mission_20260716_223446_manual,MANUAL,,0,13.330314636230469,100.99788665771484,150.63946697479437,4,True,0.6769999861717224,1,0,0,1,0,0.0,0.0,0.0,0,0,nan,nan,nan,88,26.299999237060547,0.0,29.0,0,24,-,READY owner=Surnn refs=24,"{""cmd"": ""STOP"", ""status"": ""READY"", ""detector"": ""yolo"", ""state"": ""IDLE"", ""owner"": ""Surnn"", ""score"": null, ""match_max"": 0.5, ""refs"": 24, ""match_mode"": ""none"", ""steer_zones"": 41, ""people"": 0, ""track_id"": null, ""target_ex"": 0.0, ""target_cx_vel_px_s"": 0.0, ""target_age_s"": null, ""lidar_min_m"": 0.28, ""target_lidar_m"": null, ""target_lidar_deg"": null, ""camera_range_m"
2026-07-16T23:11:33.449,2207.45,mission_20260716_223446_manual,MANUAL,,0,13.330315589904785,100.99788665771484,150.63009595525313,4,True,0.6779999732971191,1,0,0,1,0,0.0,0.0,0.0,0,0,nan,nan,nan,88,26.299999237060547,0.0,29.0,0,24,-,READY owner=Surnn refs=24,"{""cmd"": ""STOP"", ""status"": ""READY"", ""detector"": ""yolo"", ""state"": ""IDLE"", ""owner"": ""Surnn"", ""score"": null, ""match_max"": 0.5, ""refs"": 24, ""match_mode"": ""none"", ""steer_zones"": 41, ""people"": 0, ""track_id"": null, ""target_ex"": 0.0, ""target_cx_vel_px_s"": 0.0, ""target_age_s"": null, ""lidar_min_m"": 0.28, ""target_lidar_m"": null, ""target_lidar_deg"": null, ""camera_range_m"
2026-07-16T23:11:35.530,2209.531,mission_20260716_223446_manual,MANUAL,,0,13.330315589904785,100.99788665771484,150.62856599287903,4,True,0.6779999732971191,1,0,0,1,0,0.0,0.0,0.0,0,0,nan,nan,nan,88,26.299999237060547,0.0,29.0,0,26,-,READY owner=Surnn refs=24,"{""cmd"": ""STOP"", ""status"": ""READY"", ""detector"": ""yolo"", ""state"": ""IDLE"", ""owner"": ""Surnn"", ""score"": null, ""match_max"": 0.5, ""refs"": 24, ""match_mode"": ""none"", ""steer_zones"": 41, ""people"": 0, ""track_id"": null, ""target_ex"": 0.0, ""target_cx_vel_px_s"": 0.0, ""target_age_s"": null, ""lidar_min_m"": 0.29, ""target_lidar_m"": null, ""target_lidar_deg"": null, ""camera_range_m"
2026-07-16T23:11:37.554,2211.554,mission_20260716_223446_manual,MANUAL,,0,13.330317497253418,100.99788665771484,150.6300549741181,4,True,0.6825000047683716,1,0,0,1,0,0.0,0.0,0.0,0,0,nan,nan,nan,88,26.299999237060547,0.0,29.0,0,26,-,READY owner=Surnn refs=24,"{""cmd"": ""STOP"", ""status"": ""READY"", ""detector"": ""yolo"", ""state"": ""IDLE"", ""owner"": ""Surnn"", ""score"": null, ""match_max"": 0.5, ""refs"": 24, ""match_mode"": ""none"", ""steer_zones"": 41, ""people"": 0, ""track_id"": null, ""target_ex"": 0.0, ""target_cx_vel_px_s"": 0.0, ""target_age_s"": null, ""lidar_min_m"": 0.28, ""target_lidar_m"": null, ""target_lidar_deg"": null, ""camera_range_m"
2026-07-16T23:11:39.565,2213.566,mission_20260716_223446_manual,MANUAL,,0,13.330320358276367,100.99788665771484,150.62993203071304,4,True,0.6782500147819519,1,0,0,1,0,0.0,0.0,0.0,0,0,nan,nan,nan,88,26.299999237060547,0.0,29.0,0,25,-,READY owner=Surnn refs=24,"{""cmd"": ""STOP"", ""status"": ""READY"", ""detector"": ""yolo"", ""state"": ""IDLE"", ""owner"": ""Surnn"", ""score"": null, ""match_max"": 0.5, ""refs"": 24, ""match_mode"": ""none"", ""steer_zones"": 41, ""people"": 0, ""track_id"": null, ""target_ex"": 0.0, ""target_cx_vel_px_s"": 0.0, ""target_age_s"": null, ""lidar_min_m"": 0.27, ""target_lidar_m"": null, ""target_lidar_deg"": null, ""camera_range_m"
2026-07-16T23:11:41.578,2215.578,mission_20260716_223446_manual,MANUAL,,0,13.330322265625,100.99788665771484,150.63505467259054,4,True,0.6817499995231628,1,0,0,1,0,0.0,0.0,0.0,0,0,nan,nan,nan,88,26.299999237060547,0.0,29.0,0,25,-,READY owner=Surnn refs=24,"{""cmd"": ""STOP"", ""status"": ""READY"", ""detector"": ""yolo"", ""state"": ""IDLE"", ""owner"": ""Surnn"", ""score"": null, ""match_max"": 0.5, ""refs"": 24, ""match_mode"": ""none"", ""steer_zones"": 41, ""people"": 0, ""track_id"": null, ""target_ex"": 0.0, ""target_cx_vel_px_s"": 0.0, ""target_age_s"": null, ""lidar_min_m"": 0.27, ""target_lidar_m"": null, ""target_lidar_deg"": null, ""camera_range_m"
2026-07-16T23:11:43.615,2217.615,mission_20260716_223446_manual,MANUAL,,0,13.330323219299316,100.99788665771484,150.64606493753263,4,True,0.6792500019073486,1,0,0,1,0,0.0,0.0,0.0,0,0,nan,nan,nan,88,26.299999237060547,0.0,29.0,0,25,-,READY owner=Surnn refs=24,"{""cmd"": ""STOP"", ""status"": ""READY"", ""detector"": ""yolo"", ""state"": ""IDLE"", ""owner"": ""Surnn"", ""score"": null, ""match_max"": 0.5, ""refs"": 24, ""match_mode"": ""none"", ""steer_zones"": 41, ""people"": 0, ""track_id"": null, ""target_ex"": 0.0, ""target_cx_vel_px_s"": 0.0, ""target_age_s"": null, ""lidar_min_m"": 0.27, ""target_lidar_m"": null, ""target_lidar_deg"": null, ""camera_range_m"
2026-07-16T23:11:45.698,2219.699,mission_20260716_223446_manual,MANUAL,,0,13.330324172973633,100.99788665771484,150.6469118809897,4,True,0.6787499785423279,1,0,0,1,0,0.0,0.0,0.0,0,0,nan,nan,nan,88,26.299999237060547,0.0,29.0,0,23,-,READY owner=Surnn refs=24,"{""cmd"": ""STOP"", ""status"": ""READY"", ""detector"": ""yolo"", ""state"": ""IDLE"", ""owner"": ""Surnn"", ""score"": null, ""match_max"": 0.5, ""refs"": 24, ""match_mode"": ""none"", ""steer_zones"": 41, ""people"": 0, ""track_id"": null, ""target_ex"": 0.0, ""target_cx_vel_px_s"": 0.0, ""target_age_s"": null, ""lidar_min_m"": 0.28, ""target_lidar_m"": null, ""target_lidar_deg"": null, ""camera_range_m"
2026-07-16T23:11:47.720,2221.721,mission_20260716_223446_manual,MANUAL,,0,13.330323219299316,100.99788665771484,150.64717142817815,4,True,0.6800000071525574,1,0,0,1,0,0.0,0.0,0.0,0,0,nan,nan,nan,88,26.299999237060547,0.0,29.0,0,23,-,READY owner=Surnn refs=24,"{""cmd"": ""STOP"", ""status"": ""READY"", ""detector"": ""yolo"", ""state"": ""IDLE"", ""owner"": ""Surnn"", ""score"": null, ""match_max"": 0.5, ""refs"": 24, ""match_mode"": ""none"", ""steer_zones"": 41, ""people"": 0, ""track_id"": null, ""target_ex"": 0.0, ""target_cx_vel_px_s"": 0.0, ""target_age_s"": null, ""lidar_min_m"": 0.27, ""target_lidar_m"": null, ""target_lidar_deg"": null, ""camera_range_m"
2026-07-16T23:11:49.722,2223.722,mission_20260716_223446_manual,MANUAL,,0,13.330321311950684,100.99789428710938,150.64801837163523,4,True,0.6777499914169312,1,0,0,1,0,0.0,0.0,0.0,0,0,nan,nan,nan,88,26.299999237060547,0.0,29.0,0,22,-,READY owner=Surnn refs=24,"{""cmd"": ""STOP"", ""status"": ""READY"", ""detector"": ""yolo"", ""state"": ""IDLE"", ""owner"": ""Surnn"", ""score"": null, ""match_max"": 0.5, ""refs"": 24, ""match_mode"": ""none"", ""steer_zones"": 41, ""people"": 0, ""track_id"": null, ""target_ex"": 0.0, ""target_cx_vel_px_s"": 0.0, ""target_age_s"": null, ""lidar_min_m"": 0.27, ""target_lidar_m"": null, ""target_lidar_deg"": null, ""camera_range_m"
2026-07-16T23:11:51.774,2225.774,mission_20260716_223446_manual,MANUAL,,0,13.33031940460205,100.99789428710938,150.65464365513014,4,True,0.6815000176429749,1,0,0,1,0,0.0,0.0,0.0,0,0,nan,nan,nan,88,26.299999237060547,0.0,29.0,0,25,-,READY owner=Surnn refs=24,"{""cmd"": ""STOP"", ""status"": ""READY"", ""detector"": ""yolo"", ""state"": ""IDLE"", ""owner"": ""Surnn"", ""score"": null, ""match_max"": 0.5, ""refs"": 24, ""match_mode"": ""none"", ""steer_zones"": 41, ""people"": 0, ""track_id"": null, ""target_ex"": 0.0, ""target_cx_vel_px_s"": 0.0, ""target_age_s"": null, ""lidar_min_m"": 0.29, ""target_lidar_m"": null, ""target_lidar_deg"": null, ""camera_range_m"
2026-07-16T23:11:53.795,2227.795,mission_20260716_223446_manual,MANUAL,,0,13.33031940460205,100.99789428710938,150.65240335308238,4,True,0.6807500123977661,1,0,0,1,0,0.0,0.0,0.0,0,0,nan,nan,nan,88,26.299999237060547,0.0,29.0,0,26,-,READY owner=Surnn refs=24,"{""cmd"": ""STOP"", ""status"": ""READY"", ""detector"": ""yolo"", ""state"": ""IDLE"", ""owner"": ""Surnn"", ""score"": null, ""match_max"": 0.5, ""refs"": 24, ""match_mode"": ""none"", ""steer_zones"": 41, ""people"": 0, ""track_id"": null, ""target_ex"": 0.0, ""target_cx_vel_px_s"": 0.0, ""target_age_s"": null, ""lidar_min_m"": 0.27, ""target_lidar_m"": null, ""target_lidar_deg"": null, ""camera_range_m"
2026-07-16T23:11:55.862,2229.862,mission_20260716_223446_manual,MANUAL,,0,13.330321311950684,100.99789428710938,150.65808607047182,4,True,0.6802499890327454,1,0,0,1,0,0.0,0.0,0.0,0,0,nan,nan,nan,88,26.299999237060547,0.0,29.0,0,28,-,READY owner=Surnn refs=24,"{""cmd"": ""STOP"", ""status"": ""READY"", ""detector"": ""yolo"", ""state"": ""IDLE"", ""owner"": ""Surnn"", ""score"": null, ""match_max"": 0.5, ""refs"": 24, ""match_mode"": ""none"", ""steer_zones"": 41, ""people"": 0, ""track_id"": null, ""target_ex"": 0.0, ""target_cx_vel_px_s"": 0.0, ""target_age_s"": null, ""lidar_min_m"": 0.28, ""target_lidar_m"": null, ""target_lidar_deg"": null, ""camera_range_m"
2026-07-16T23:11:57.950,2231.951,mission_20260716_223446_manual,MANUAL,,0,13.330323219299316,100.99789428710938,150.65897399506395,4,True,0.6779999732971191,1,0,0,1,0,0.0,0.0,0.0,0,0,nan,nan,nan,88,26.299999237060547,0.0,29.0,0,28,-,READY owner=Surnn refs=24,"{""cmd"": ""STOP"", ""status"": ""READY"", ""detector"": ""yolo"", ""state"": ""IDLE"", ""owner"": ""Surnn"", ""score"": null, ""match_max"": 0.5, ""refs"": 24, ""match_mode"": ""none"", ""steer_zones"": 41, ""people"": 0, ""track_id"": null, ""target_ex"": 0.0, ""target_cx_vel_px_s"": 0.0, ""target_age_s"": null, ""lidar_min_m"": 0.27, ""target_lidar_m"": null, ""target_lidar_deg"": null, ""camera_range_m"
2026-07-16T23:12:00.011,2234.012,mission_20260716_223446_manual,MANUAL,,0,13.330323219299316,100.99789428710938,150.66132358013843,4,True,0.6817499995231628,1,0,0,1,0,0.0,0.0,0.0,0,0,nan,nan,nan,88,26.299999237060547,0.0,29.0,0,28,-,READY owner=Surnn refs=24,"{""cmd"": ""STOP"", ""status"": ""READY"", ""detector"": ""yolo"", ""state"": ""IDLE"", ""owner"": ""Surnn"", ""score"": null, ""match_max"": 0.5, ""refs"": 24, ""match_mode"": ""none"", ""steer_zones"": 41, ""people"": 0, ""track_id"": null, ""target_ex"": 0.0, ""target_cx_vel_px_s"": 0.0, ""target_age_s"": null, ""lidar_min_m"": 0.27, ""target_lidar_m"": null, ""target_lidar_deg"": null, ""camera_range_m"
2026-07-16T23:12:02.047,2236.047,mission_20260716_223446_manual,MANUAL,,0,13.330324172973633,100.99789428710938,150.6674844107698,4,True,0.6804999709129333,1,0,0,1,0,0.0,0.0,0.0,0,0,nan,nan,nan,88,26.299999237060547,0.0,29.0,0,27,-,READY owner=Surnn refs=24,"{""cmd"": ""STOP"", ""status"": ""READY"", ""detector"": ""yolo"", ""state"": ""IDLE"", ""owner"": ""Surnn"", ""score"": null, ""match_max"": 0.5, ""refs"": 24, ""match_mode"": ""none"", ""steer_zones"": 41, ""people"": 0, ""track_id"": null, ""target_ex"": 0.0, ""target_cx_vel_px_s"": 0.0, ""target_age_s"": null, ""lidar_min_m"": 0.27, ""target_lidar_m"": null, ""target_lidar_deg"": null, ""camera_range_m"
2026-07-16T23:12:04.079,2238.079,mission_20260716_223446_manual,MANUAL,,0,13.330324172973633,100.99789428710938,150.67364524140112,4,True,0.6782500147819519,1,0,0,1,0,0.0,0.0,0.0,0,0,nan,nan,nan,88,26.299999237060547,0.0,29.0,0,28,-,READY owner=Surnn refs=24,"{""cmd"": ""STOP"", ""status"": ""READY"", ""detector"": ""yolo"", ""state"": ""IDLE"", ""owner"": ""Surnn"", ""score"": null, ""match_max"": 0.5, ""refs"": 24, ""match_mode"": ""none"", ""steer_zones"": 41, ""people"": 0, ""track_id"": null, ""target_ex"": 0.0, ""target_cx_vel_px_s"": 0.0, ""target_age_s"": null, ""lidar_min_m"": 0.27, ""target_lidar_m"": null, ""target_lidar_deg"": null, ""camera_range_m"
2026-07-16T23:12:06.117,2240.118,mission_20260716_223446_manual,MANUAL,,0,13.330326080322266,100.99789428710938,150.6738364866979,4,True,0.6802499890327454,1,0,0,1,0,0.0,0.0,0.0,0,0,nan,nan,nan,88,26.299999237060547,0.0,29.0,0,28,-,READY owner=Surnn refs=24,"{""cmd"": ""STOP"", ""status"": ""READY"", ""detector"": ""yolo"", ""state"": ""IDLE"", ""owner"": ""Surnn"", ""score"": null, ""match_max"": 0.5, ""refs"": 24, ""match_mode"": ""none"", ""steer_zones"": 41, ""people"": 0, ""track_id"": null, ""target_ex"": 0.0, ""target_cx_vel_px_s"": 0.0, ""target_age_s"": null, ""lidar_min_m"": 0.28, ""target_lidar_m"": null, ""target_lidar_deg"": null, ""camera_range_m"
2026-07-16T23:12:08.164,2242.164,mission_20260716_223446_manual,MANUAL,,0,13.330327033996582,100.99789428710938,150.68833014811665,4,True,0.6815000176429749,1,0,0,1,0,0.0,0.0,0.0,0,0,nan,nan,nan,88,26.299999237060547,0.0,29.0,0,28,-,READY owner=Surnn refs=24,"{""cmd"": ""STOP"", ""status"": ""READY"", ""detector"": ""yolo"", ""state"": ""IDLE"", ""owner"": ""Surnn"", ""score"": null, ""match_max"": 0.5, ""refs"": 24, ""match_mode"": ""none"", ""steer_zones"": 41, ""people"": 0, ""track_id"": null, ""target_ex"": 0.0, ""target_cx_vel_px_s"": 0.0, ""target_age_s"": null, ""lidar_min_m"": 0.29, ""target_lidar_m"": null, ""target_lidar_deg"": null, ""camera_range_m"
2026-07-16T23:12:10.177,2244.178,mission_20260716_223446_manual,MANUAL,,0,13.330327987670898,100.9979019165039,150.70378003601923,4,True,0.6779999732971191,1,0,0,1,0,0.0,0.0,0.0,0,0,nan,nan,nan,88,26.299999237060547,0.0,29.0,0,27,-,READY owner=Surnn refs=24,"{""cmd"": ""STOP"", ""status"": ""READY"", ""detector"": ""yolo"", ""state"": ""IDLE"", ""owner"": ""Surnn"", ""score"": null, ""match_max"": 0.5, ""refs"": 24, ""match_mode"": ""none"", ""steer_zones"": 41, ""people"": 0, ""track_id"": null, ""target_ex"": 0.0, ""target_cx_vel_px_s"": 0.0, ""target_age_s"": null, ""lidar_min_m"": 0.28, ""target_lidar_m"": null, ""target_lidar_deg"": null, ""camera_range_m"
2026-07-16T23:12:12.186,2246.186,mission_20260716_223446_manual,MANUAL,,0,13.330328941345215,100.9979019165039,150.71283686685865,4,True,0.6792500019073486,1,0,0,1,0,0.0,0.0,0.0,0,0,nan,nan,nan,88,26.299999237060547,0.0,29.0,0,27,-,READY owner=Surnn refs=24,"{""cmd"": ""STOP"", ""status"": ""READY"", ""detector"": ""yolo"", ""state"": ""IDLE"", ""owner"": ""Surnn"", ""score"": null, ""match_max"": 0.5, ""refs"": 24, ""match_mode"": ""none"", ""steer_zones"": 41, ""people"": 0, ""track_id"": null, ""target_ex"": 0.0, ""target_cx_vel_px_s"": 0.0, ""target_age_s"": null, ""lidar_min_m"": 0.27, ""target_lidar_m"": null, ""target_lidar_deg"": null, ""camera_range_m"
2026-07-16T23:12:14.186,2248.187,mission_20260716_223446_manual,MANUAL,,0,13.330329895019531,100.9979019165039,150.71410728204427,4,True,0.6800000071525574,1,0,0,1,0,0.0,0.0,0.0,0,0,nan,nan,nan,88,26.299999237060547,0.0,29.0,0,27,-,READY owner=Surnn refs=24,"{""cmd"": ""STOP"", ""status"": ""READY"", ""detector"": ""yolo"", ""state"": ""IDLE"", ""owner"": ""Surnn"", ""score"": null, ""match_max"": 0.5, ""refs"": 24, ""match_mode"": ""none"", ""steer_zones"": 41, ""people"": 0, ""track_id"": null, ""target_ex"": 0.0, ""target_cx_vel_px_s"": 0.0, ""target_age_s"": null, ""lidar_min_m"": 0.28, ""target_lidar_m"": null, ""target_lidar_deg"": null, ""camera_range_m"
2026-07-16T23:12:16.192,2250.192,mission_20260716_223446_manual,MANUAL,,0,13.330330848693848,100.9979019165039,150.70730441363094,4,True,0.6794999837875366,1,0,0,1,0,0.0,0.0,0.0,0,0,nan,nan,nan,88,26.299999237060547,0.0,29.0,0,26,-,READY owner=Surnn refs=24,"{""cmd"": ""STOP"", ""status"": ""READY"", ""detector"": ""yolo"", ""state"": ""IDLE"", ""owner"": ""Surnn"", ""score"": null, ""match_max"": 0.5, ""refs"": 24, ""match_mode"": ""none"", ""steer_zones"": 41, ""people"": 0, ""track_id"": null, ""target_ex"": 0.0, ""target_cx_vel_px_s"": 0.0, ""target_age_s"": null, ""lidar_min_m"": 0.27, ""target_lidar_m"": null, ""target_lidar_deg"": null, ""camera_range_m"
2026-07-16T23:12:18.268,2252.268,mission_20260716_223446_manual,MANUAL,,0,13.330329895019531,100.9979019165039,150.71556894252666,4,True,0.6784999966621399,1,0,0,1,0,0.0,0.0,0.0,0,0,nan,nan,nan,88,26.299999237060547,0.0,29.0,0,25,-,READY owner=Surnn refs=24,"{""cmd"": ""STOP"", ""status"": ""READY"", ""detector"": ""yolo"", ""state"": ""IDLE"", ""owner"": ""Surnn"", ""score"": null, ""match_max"": 0.5, ""refs"": 24, ""match_mode"": ""none"", ""steer_zones"": 41, ""people"": 0, ""track_id"": null, ""target_ex"": 0.0, ""target_cx_vel_px_s"": 0.0, ""target_age_s"": null, ""lidar_min_m"": 0.28, ""target_lidar_m"": null, ""target_lidar_deg"": null, ""camera_range_m"
2026-07-16T23:12:20.308,2254.308,mission_20260716_223446_manual,MANUAL,,0,13.330329895019531,100.9979019165039,150.71300079139874,4,True,0.6792500019073486,1,0,0,1,0,0.0,0.0,0.0,0,0,nan,nan,nan,88,26.299999237060547,0.0,29.0,0,25,-,READY owner=Surnn refs=24,"{""cmd"": ""STOP"", ""status"": ""READY"", ""detector"": ""yolo"", ""state"": ""IDLE"", ""owner"": ""Surnn"", ""score"": null, ""match_max"": 0.5, ""refs"": 24, ""match_mode"": ""none"", ""steer_zones"": 41, ""people"": 0, ""track_id"": null, ""target_ex"": 0.0, ""target_cx_vel_px_s"": 0.0, ""target_age_s"": null, ""lidar_min_m"": 0.27, ""target_lidar_m"": null, ""target_lidar_deg"": null, ""camera_range_m"
2026-07-16T23:12:22.413,2256.413,mission_20260716_223446_manual,MANUAL,,0,13.330329895019531,100.9979019165039,150.71591045198517,4,True,0.6787499785423279,1,0,0,1,0,0.0,0.0,0.0,0,0,nan,nan,nan,88,26.299999237060547,0.0,29.0,0,25,-,READY owner=Surnn refs=24,"{""cmd"": ""STOP"", ""status"": ""READY"", ""detector"": ""yolo"", ""state"": ""IDLE"", ""owner"": ""Surnn"", ""score"": null, ""match_max"": 0.5, ""refs"": 24, ""match_mode"": ""none"", ""steer_zones"": 41, ""people"": 0, ""track_id"": null, ""target_ex"": 0.0, ""target_cx_vel_px_s"": 0.0, ""target_age_s"": null, ""lidar_min_m"": 0.27, ""target_lidar_m"": null, ""target_lidar_deg"": null, ""camera_range_m"
2026-07-16T23:12:24.422,2258.422,mission_20260716_223446_manual,MANUAL,,0,13.330328941345215,100.9979019165039,150.71354720653235,4,True,0.6777499914169312,1,0,0,1,0,0.0,0.0,0.0,0,0,nan,nan,nan,88,26.299999237060547,0.0,29.0,0,26,-,READY owner=Surnn refs=24,"{""cmd"": ""STOP"", ""status"": ""READY"", ""detector"": ""yolo"", ""state"": ""IDLE"", ""owner"": ""Surnn"", ""score"": null, ""match_max"": 0.5, ""refs"": 24, ""match_mode"": ""none"", ""steer_zones"": 41, ""people"": 0, ""track_id"": null, ""target_ex"": 0.0, ""target_cx_vel_px_s"": 0.0, ""target_age_s"": null, ""lidar_min_m"": 0.28, ""target_lidar_m"": null, ""target_lidar_deg"": null, ""camera_range_m"
2026-07-16T23:12:26.445,2260.446,mission_20260716_223446_manual,MANUAL,,0,13.330330848693848,100.9979019165039,150.71917528240843,4,True,0.6792500019073486,1,0,0,1,0,0.0,0.0,0.0,0,0,nan,nan,nan,88,26.299999237060547,0.0,29.0,0,27,-,READY owner=Surnn refs=24,"{""cmd"": ""STOP"", ""status"": ""READY"", ""detector"": ""yolo"", ""state"": ""IDLE"", ""owner"": ""Surnn"", ""score"": null, ""match_max"": 0.5, ""refs"": 24, ""match_mode"": ""none"", ""steer_zones"": 41, ""people"": 0, ""track_id"": null, ""target_ex"": 0.0, ""target_cx_vel_px_s"": 0.0, ""target_age_s"": null, ""lidar_min_m"": 0.29, ""target_lidar_m"": null, ""target_lidar_deg"": null, ""camera_range_m"
2026-07-16T23:12:28.457,2262.458,mission_20260716_223446_manual,MANUAL,,0,13.330331802368164,100.9979019165039,150.70797377216962,4,True,0.6800000071525574,1,0,0,1,0,0.0,0.0,0.0,0,0,nan,nan,nan,88,26.299999237060547,0.0,29.0,0,27,-,READY owner=Surnn refs=24,"{""cmd"": ""STOP"", ""status"": ""READY"", ""detector"": ""yolo"", ""state"": ""IDLE"", ""owner"": ""Surnn"", ""score"": null, ""match_max"": 0.5, ""refs"": 24, ""match_mode"": ""none"", ""steer_zones"": 41, ""people"": 0, ""track_id"": null, ""target_ex"": 0.0, ""target_cx_vel_px_s"": 0.0, ""target_age_s"": null, ""lidar_min_m"": 0.27, ""target_lidar_m"": null, ""target_lidar_deg"": null, ""camera_range_m"
2026-07-16T23:12:30.470,2264.471,mission_20260716_223446_manual,MANUAL,,0,13.330331802368164,100.9979019165039,150.68980546897737,4,True,0.6800000071525574,1,0,0,1,0,0.0,0.0,0.0,0,0,nan,nan,nan,88,26.299999237060547,0.0,29.0,0,30,-,READY owner=Surnn refs=24,"{""cmd"": ""STOP"", ""status"": ""READY"", ""detector"": ""yolo"", ""state"": ""IDLE"", ""owner"": ""Surnn"", ""score"": null, ""match_max"": 0.5, ""refs"": 24, ""match_mode"": ""none"", ""steer_zones"": 41, ""people"": 0, ""track_id"": null, ""target_ex"": 0.0, ""target_cx_vel_px_s"": 0.0, ""target_age_s"": null, ""lidar_min_m"": 0.26, ""target_lidar_m"": null, ""target_lidar_deg"": null, ""camera_range_m"
2026-07-16T23:12:32.584,2266.584,mission_20260716_223446_manual,MANUAL,,0,13.330331802368164,100.9979019165039,150.67079022232807,4,True,0.6777499914169312,1,0,0,1,0,0.0,0.0,0.0,0,0,nan,nan,nan,88,26.299999237060547,0.0,29.0,0,30,-,READY owner=Surnn refs=24,"{""cmd"": ""STOP"", ""status"": ""READY"", ""detector"": ""yolo"", ""state"": ""IDLE"", ""owner"": ""Surnn"", ""score"": null, ""match_max"": 0.5, ""refs"": 24, ""match_mode"": ""none"", ""steer_zones"": 41, ""people"": 0, ""track_id"": null, ""target_ex"": 0.0, ""target_cx_vel_px_s"": 0.0, ""target_age_s"": null, ""lidar_min_m"": 0.28, ""target_lidar_m"": null, ""target_lidar_deg"": null, ""camera_range_m"
2026-07-16T23:12:34.599,2268.6,mission_20260716_223446_manual,MANUAL,,0,13.330331802368164,100.9979019165039,150.63277338940776,4,True,0.6777499914169312,1,0,0,1,0,0.0,0.0,0.0,0,0,nan,nan,nan,88,26.299999237060547,0.0,29.0,0,29,-,READY owner=Surnn refs=24,"{""cmd"": ""STOP"", ""status"": ""READY"", ""detector"": ""yolo"", ""state"": ""IDLE"", ""owner"": ""Surnn"", ""score"": null, ""match_max"": 0.5, ""refs"": 24, ""match_mode"": ""none"", ""steer_zones"": 41, ""people"": 0, ""track_id"": null, ""target_ex"": 0.0, ""target_cx_vel_px_s"": 0.0, ""target_age_s"": null, ""lidar_min_m"": 0.27, ""target_lidar_m"": null, ""target_lidar_deg"": null, ""camera_range_m"
2026-07-16T23:12:36.617,2270.618,mission_20260716_223446_manual,MANUAL,,0,13.330331802368164,100.9979019165039,150.6088267461777,4,True,0.6819999814033508,1,0,0,1,0,0.0,0.0,0.0,0,0,nan,nan,nan,88,26.299999237060547,0.0,29.0,0,29,-,READY owner=Surnn refs=24,"{""cmd"": ""STOP"", ""status"": ""READY"", ""detector"": ""yolo"", ""state"": ""IDLE"", ""owner"": ""Surnn"", ""score"": null, ""match_max"": 0.5, ""refs"": 24, ""match_mode"": ""none"", ""steer_zones"": 41, ""people"": 0, ""track_id"": null, ""target_ex"": 0.0, ""target_cx_vel_px_s"": 0.0, ""target_age_s"": null, ""lidar_min_m"": 0.29, ""target_lidar_m"": null, ""target_lidar_deg"": null, ""camera_range_m"
2026-07-16T23:12:38.621,2272.621,mission_20260716_223446_manual,MANUAL,,0,13.330330848693848,100.9979019165039,150.58904651834135,4,True,0.6787499785423279,1,0,0,1,0,0.0,0.0,0.0,0,0,nan,nan,nan,88,26.299999237060547,0.0,29.0,0,30,-,READY owner=Surnn refs=24,"{""cmd"": ""STOP"", ""status"": ""READY"", ""detector"": ""yolo"", ""state"": ""IDLE"", ""owner"": ""Surnn"", ""score"": null, ""match_max"": 0.5, ""refs"": 24, ""match_mode"": ""none"", ""steer_zones"": 41, ""people"": 0, ""track_id"": null, ""target_ex"": 0.0, ""target_cx_vel_px_s"": 0.0, ""target_age_s"": null, ""lidar_min_m"": 0.29, ""target_lidar_m"": null, ""target_lidar_deg"": null, ""camera_range_m"
2026-07-16T23:12:40.622,2274.623,mission_20260716_223446_manual,MANUAL,,0,13.330329895019531,100.9979019165039,150.57175247936289,4,True,0.6784999966621399,1,0,0,1,0,0.0,0.0,0.0,0,0,nan,nan,nan,88,26.299999237060547,0.0,29.0,0,30,-,READY owner=Surnn refs=24,"{""cmd"": ""STOP"", ""status"": ""READY"", ""detector"": ""yolo"", ""state"": ""IDLE"", ""owner"": ""Surnn"", ""score"": null, ""match_max"": 0.5, ""refs"": 24, ""match_mode"": ""none"", ""steer_zones"": 41, ""people"": 0, ""track_id"": null, ""target_ex"": 0.0, ""target_cx_vel_px_s"": 0.0, ""target_age_s"": null, ""lidar_min_m"": 0.27, ""target_lidar_m"": null, ""target_lidar_deg"": null, ""camera_range_m"
2026-07-16T23:12:42.671,2276.672,mission_20260716_223446_manual,MANUAL,,0,13.330326080322266,100.9979019165039,150.54081172242272,4,True,0.6787499785423279,1,0,0,1,0,0.0,0.0,0.0,0,0,nan,nan,nan,88,26.299999237060547,0.0,29.0,0,29,-,READY owner=Surnn refs=24,"{""cmd"": ""STOP"", ""status"": ""READY"", ""detector"": ""yolo"", ""state"": ""IDLE"", ""owner"": ""Surnn"", ""score"": null, ""match_max"": 0.5, ""refs"": 24, ""match_mode"": ""none"", ""steer_zones"": 41, ""people"": 0, ""track_id"": null, ""target_ex"": 0.0, ""target_cx_vel_px_s"": 0.0, ""target_age_s"": null, ""lidar_min_m"": 0.28, ""target_lidar_m"": null, ""target_lidar_deg"": null, ""camera_range_m"
2026-07-16T23:12:44.681,2278.682,mission_20260716_223446_manual,MANUAL,,0,13.33032512664795,100.9979019165039,150.52258877771712,4,True,0.6772500276565552,1,0,0,1,0,0.0,0.0,0.0,0,0,nan,nan,nan,88,26.299999237060547,0.0,29.0,0,30,-,READY owner=Surnn refs=24,"{""cmd"": ""STOP"", ""status"": ""READY"", ""detector"": ""yolo"", ""state"": ""IDLE"", ""owner"": ""Surnn"", ""score"": null, ""match_max"": 0.5, ""refs"": 24, ""match_mode"": ""none"", ""steer_zones"": 41, ""people"": 0, ""track_id"": null, ""target_ex"": 0.0, ""target_cx_vel_px_s"": 0.0, ""target_age_s"": null, ""lidar_min_m"": 0.27, ""target_lidar_m"": null, ""target_lidar_deg"": null, ""camera_range_m"
2026-07-16T23:12:46.718,2280.718,mission_20260716_223446_manual,MANUAL,,0,13.330324172973633,100.9979019165039,150.49636085130427,4,True,0.6790000200271606,1,0,0,1,0,0.0,0.0,0.0,0,0,nan,nan,nan,88,26.299999237060547,0.0,29.0,0,30,-,READY owner=Surnn refs=24,"{""cmd"": ""STOP"", ""status"": ""READY"", ""detector"": ""yolo"", ""state"": ""IDLE"", ""owner"": ""Surnn"", ""score"": null, ""match_max"": 0.5, ""refs"": 24, ""match_mode"": ""none"", ""steer_zones"": 41, ""people"": 0, ""track_id"": null, ""target_ex"": 0.0, ""target_cx_vel_px_s"": 0.0, ""target_age_s"": null, ""lidar_min_m"": 0.27, ""target_lidar_m"": null, ""target_lidar_deg"": null, ""camera_range_m"
2026-07-16T23:12:48.724,2282.725,mission_20260716_223446_manual,MANUAL,,0,13.330323219299316,100.9979019165039,150.48041918978146,4,True,0.6804999709129333,1,0,0,1,0,0.0,0.0,0.0,0,0,nan,nan,nan,88,26.299999237060547,0.0,29.0,0,30,-,READY owner=Surnn refs=24,"{""cmd"": ""STOP"", ""status"": ""READY"", ""detector"": ""yolo"", ""state"": ""IDLE"", ""owner"": ""Surnn"", ""score"": null, ""match_max"": 0.5, ""refs"": 24, ""match_mode"": ""none"", ""steer_zones"": 41, ""people"": 0, ""track_id"": null, ""target_ex"": 0.0, ""target_cx_vel_px_s"": 0.0, ""target_age_s"": null, ""lidar_min_m"": 0.27, ""target_lidar_m"": null, ""target_lidar_deg"": null, ""camera_range_m"
2026-07-16T23:12:50.727,2284.727,mission_20260716_223446_manual,MANUAL,,0,13.330323219299316,100.9979019165039,150.45942318827284,4,True,0.6800000071525574,1,0,0,1,0,0.0,0.0,0.0,0,0,nan,nan,nan,88,26.299999237060547,0.0,29.0,0,30,-,READY owner=Surnn refs=24,"{""cmd"": ""STOP"", ""status"": ""READY"", ""detector"": ""yolo"", ""state"": ""IDLE"", ""owner"": ""Surnn"", ""score"": null, ""match_max"": 0.5, ""refs"": 24, ""match_mode"": ""none"", ""steer_zones"": 41, ""people"": 0, ""track_id"": null, ""target_ex"": 0.0, ""target_cx_vel_px_s"": 0.0, ""target_age_s"": null, ""lidar_min_m"": 0.27, ""target_lidar_m"": null, ""target_lidar_deg"": null, ""camera_range_m"
2026-07-16T23:12:52.757,2286.758,mission_20260716_223446_manual,MANUAL,,0,13.330321311950684,100.9979019165039,150.43764854519884,4,True,0.6779999732971191,1,0,0,1,0,0.0,0.0,0.0,0,0,nan,nan,nan,88,26.299999237060547,0.0,29.0,0,30,-,READY owner=Surnn refs=24,"{""cmd"": ""STOP"", ""status"": ""READY"", ""detector"": ""yolo"", ""state"": ""IDLE"", ""owner"": ""Surnn"", ""score"": null, ""match_max"": 0.5, ""refs"": 24, ""match_mode"": ""none"", ""steer_zones"": 41, ""people"": 0, ""track_id"": null, ""target_ex"": 0.0, ""target_cx_vel_px_s"": 0.0, ""target_age_s"": null, ""lidar_min_m"": 0.27, ""target_lidar_m"": null, ""target_lidar_deg"": null, ""camera_range_m"
2026-07-16T23:12:54.772,2288.772,mission_20260716_223446_manual,MANUAL,,0,13.330320358276367,100.9979019165039,150.42013594016694,4,True,0.6787499785423279,1,0,0,1,0,0.0,0.0,0.0,0,0,nan,nan,nan,88,26.299999237060547,0.0,29.0,0,29,-,READY owner=Surnn refs=24,"{""cmd"": ""STOP"", ""status"": ""READY"", ""detector"": ""yolo"", ""state"": ""IDLE"", ""owner"": ""Surnn"", ""score"": null, ""match_max"": 0.5, ""refs"": 24, ""match_mode"": ""none"", ""steer_zones"": 41, ""people"": 0, ""track_id"": null, ""target_ex"": 0.0, ""target_cx_vel_px_s"": 0.0, ""target_age_s"": null, ""lidar_min_m"": 0.27, ""target_lidar_m"": null, ""target_lidar_deg"": null, ""camera_range_m"
2026-07-16T23:12:56.784,2290.784,mission_20260716_223446_manual,MANUAL,,0,13.33031940460205,100.9979019165039,150.40918031673823,4,True,0.6787499785423279,1,0,0,1,0,0.0,0.0,0.0,0,0,nan,nan,nan,88,26.299999237060547,0.0,29.0,0,29,-,READY owner=Surnn refs=24,"{""cmd"": ""STOP"", ""status"": ""READY"", ""detector"": ""yolo"", ""state"": ""IDLE"", ""owner"": ""Surnn"", ""score"": null, ""match_max"": 0.5, ""refs"": 24, ""match_mode"": ""none"", ""steer_zones"": 41, ""people"": 0, ""track_id"": null, ""target_ex"": 0.0, ""target_cx_vel_px_s"": 0.0, ""target_age_s"": null, ""lidar_min_m"": 0.27, ""target_lidar_m"": null, ""target_lidar_deg"": null, ""camera_range_m"
2026-07-16T23:12:58.800,2292.801,mission_20260716_223446_manual,MANUAL,,0,13.330317497253418,100.9979019165039,150.39870280655143,4,True,0.6782500147819519,1,0,0,1,0,0.0,0.0,0.0,0,0,nan,nan,nan,88,26.299999237060547,0.0,29.0,0,30,-,READY owner=Surnn refs=24,"{""cmd"": ""STOP"", ""status"": ""READY"", ""detector"": ""yolo"", ""state"": ""IDLE"", ""owner"": ""Surnn"", ""score"": null, ""match_max"": 0.5, ""refs"": 24, ""match_mode"": ""none"", ""steer_zones"": 41, ""people"": 0, ""track_id"": null, ""target_ex"": 0.0, ""target_cx_vel_px_s"": 0.0, ""target_age_s"": null, ""lidar_min_m"": 0.27, ""target_lidar_m"": null, ""target_lidar_deg"": null, ""camera_range_m"
2026-07-16T23:13:00.802,2294.802,mission_20260716_223446_manual,MANUAL,,0,13.330315589904785,100.9979019165039,150.38045254108917,4,True,0.6790000200271606,1,0,0,1,0,0.0,0.0,0.0,0,0,nan,nan,nan,88,26.299999237060547,0.0,29.0,0,29,-,READY owner=Surnn refs=24,"{""cmd"": ""STOP"", ""status"": ""READY"", ""detector"": ""yolo"", ""state"": ""IDLE"", ""owner"": ""Surnn"", ""score"": null, ""match_max"": 0.5, ""refs"": 24, ""match_mode"": ""none"", ""steer_zones"": 41, ""people"": 0, ""track_id"": null, ""target_ex"": 0.0, ""target_cx_vel_px_s"": 0.0, ""target_age_s"": null, ""lidar_min_m"": 0.27, ""target_lidar_m"": null, ""target_lidar_deg"": null, ""camera_range_m"
2026-07-16T23:13:02.873,2296.874,mission_20260716_223446_manual,MANUAL,,0,13.330315589904785,100.9979019165039,150.36847238928496,4,True,0.6790000200271606,1,0,0,1,0,0.0,0.0,0.0,0,0,nan,nan,nan,88,26.299999237060547,0.0,29.0,0,29,-,READY owner=Surnn refs=24,"{""cmd"": ""STOP"", ""status"": ""READY"", ""detector"": ""yolo"", ""state"": ""IDLE"", ""owner"": ""Surnn"", ""score"": null, ""match_max"": 0.5, ""refs"": 24, ""match_mode"": ""none"", ""steer_zones"": 41, ""people"": 0, ""track_id"": null, ""target_ex"": 0.0, ""target_cx_vel_px_s"": 0.0, ""target_age_s"": null, ""lidar_min_m"": 0.27, ""target_lidar_m"": null, ""target_lidar_deg"": null, ""camera_range_m"
2026-07-16T23:13:04.970,2298.971,mission_20260716_223446_manual,MANUAL,,0,13.330314636230469,100.9979019165039,150.34611034994234,4,True,0.6777499914169312,1,0,0,1,0,0.0,0.0,0.0,0,0,nan,nan,nan,88,26.299999237060547,0.0,29.0,0,29,-,READY owner=Surnn refs=24,"{""cmd"": ""STOP"", ""status"": ""READY"", ""detector"": ""yolo"", ""state"": ""IDLE"", ""owner"": ""Surnn"", ""score"": null, ""match_max"": 0.5, ""refs"": 24, ""match_mode"": ""none"", ""steer_zones"": 41, ""people"": 0, ""track_id"": null, ""target_ex"": 0.0, ""target_cx_vel_px_s"": 0.0, ""target_age_s"": null, ""lidar_min_m"": 0.29, ""target_lidar_m"": null, ""target_lidar_deg"": null, ""camera_range_m"
2026-07-16T23:13:06.971,2300.971,mission_20260716_223446_manual,MANUAL,,0,13.330312728881836,100.99790954589844,150.31986876315113,4,True,0.6784999966621399,1,0,0,1,0,0.0,0.0,0.0,0,0,nan,nan,nan,88,26.299999237060547,0.0,29.0,0,29,-,READY owner=Surnn refs=24,"{""cmd"": ""STOP"", ""status"": ""READY"", ""detector"": ""yolo"", ""state"": ""IDLE"", ""owner"": ""Surnn"", ""score"": null, ""match_max"": 0.5, ""refs"": 24, ""match_mode"": ""none"", ""steer_zones"": 41, ""people"": 0, ""track_id"": null, ""target_ex"": 0.0, ""target_cx_vel_px_s"": 0.0, ""target_age_s"": null, ""lidar_min_m"": 0.28, ""target_lidar_m"": null, ""target_lidar_deg"": null, ""camera_range_m"
2026-07-16T23:13:09.029,2303.029,mission_20260716_223446_manual,MANUAL,,0,13.33031177520752,100.99790954589844,150.3132298192779,4,True,0.6782500147819519,1,0,0,1,0,0.0,0.0,0.0,0,0,nan,nan,nan,88,26.299999237060547,0.0,29.0,0,29,-,READY owner=Surnn refs=24,"{""cmd"": ""STOP"", ""status"": ""READY"", ""detector"": ""yolo"", ""state"": ""IDLE"", ""owner"": ""Surnn"", ""score"": null, ""match_max"": 0.5, ""refs"": 24, ""match_mode"": ""none"", ""steer_zones"": 41, ""people"": 0, ""track_id"": null, ""target_ex"": 0.0, ""target_cx_vel_px_s"": 0.0, ""target_age_s"": null, ""lidar_min_m"": 0.27, ""target_lidar_m"": null, ""target_lidar_deg"": null, ""camera_range_m"
2026-07-16T23:13:11.039,2305.04,mission_20260716_223446_manual,MANUAL,,0,13.330310821533203,100.99790954589844,150.3238166124914,4,True,0.6782500147819519,1,0,0,1,0,0.0,0.0,0.0,0,0,nan,nan,nan,88,26.299999237060547,0.0,29.0,0,30,-,READY owner=Surnn refs=24,"{""cmd"": ""STOP"", ""status"": ""READY"", ""detector"": ""yolo"", ""state"": ""IDLE"", ""owner"": ""Surnn"", ""score"": null, ""match_max"": 0.5, ""refs"": 24, ""match_mode"": ""none"", ""steer_zones"": 41, ""people"": 0, ""track_id"": null, ""target_ex"": 0.0, ""target_cx_vel_px_s"": 0.0, ""target_age_s"": null, ""lidar_min_m"": 0.28, ""target_lidar_m"": null, ""target_lidar_deg"": null, ""camera_range_m"
2026-07-16T23:13:13.088,2307.089,mission_20260716_223446_manual,MANUAL,,0,13.33030891418457,100.99790954589844,150.32436302762503,4,True,0.6779999732971191,1,0,0,1,0,0.0,0.0,0.0,0,0,nan,nan,nan,88,26.299999237060547,0.0,29.0,0,29,-,READY owner=Surnn refs=24,"{""cmd"": ""STOP"", ""status"": ""READY"", ""detector"": ""yolo"", ""state"": ""IDLE"", ""owner"": ""Surnn"", ""score"": null, ""match_max"": 0.5, ""refs"": 24, ""match_mode"": ""none"", ""steer_zones"": 41, ""people"": 0, ""track_id"": null, ""target_ex"": 0.0, ""target_cx_vel_px_s"": 0.0, ""target_age_s"": null, ""lidar_min_m"": 0.28, ""target_lidar_m"": null, ""target_lidar_deg"": null, ""camera_range_m"
2026-07-16T23:13:15.190,2309.191,mission_20260716_223446_manual,MANUAL,,0,13.330307006835938,100.99790954589844,150.33018234879788,4,True,0.6792500019073486,1,0,0,1,0,0.0,0.0,0.0,0,0,nan,nan,nan,88,26.299999237060547,0.0,29.0,0,30,-,READY owner=Surnn refs=24,"{""cmd"": ""STOP"", ""status"": ""READY"", ""detector"": ""yolo"", ""state"": ""IDLE"", ""owner"": ""Surnn"", ""score"": null, ""match_max"": 0.5, ""refs"": 24, ""match_mode"": ""none"", ""steer_zones"": 41, ""people"": 0, ""track_id"": null, ""target_ex"": 0.0, ""target_cx_vel_px_s"": 0.0, ""target_age_s"": null, ""lidar_min_m"": 0.27, ""target_lidar_m"": null, ""target_lidar_deg"": null, ""camera_range_m"
2026-07-16T23:13:17.243,2311.244,mission_20260716_223446_manual,MANUAL,,0,13.330306053161621,100.99790954589844,150.3289255939906,4,True,0.6792500019073486,1,0,0,1,0,0.0,0.0,0.0,0,0,nan,nan,nan,88,26.299999237060547,0.0,29.0,0,30,-,READY owner=Surnn refs=24,"{""cmd"": ""STOP"", ""status"": ""READY"", ""detector"": ""yolo"", ""state"": ""IDLE"", ""owner"": ""Surnn"", ""score"": null, ""match_max"": 0.5, ""refs"": 24, ""match_mode"": ""none"", ""steer_zones"": 41, ""people"": 0, ""track_id"": null, ""target_ex"": 0.0, ""target_cx_vel_px_s"": 0.0, ""target_age_s"": null, ""lidar_min_m"": 0.28, ""target_lidar_m"": null, ""target_lidar_deg"": null, ""camera_range_m"
2026-07-16T23:13:19.255,2313.255,mission_20260716_223446_manual,MANUAL,,0,13.330305099487305,100.99790954589844,150.3185163856955,4,True,0.6784999966621399,1,0,0,1,0,0.0,0.0,0.0,0,0,nan,nan,nan,88,26.299999237060547,0.0,29.0,0,28,-,READY owner=Surnn refs=24,"{""cmd"": ""STOP"", ""status"": ""READY"", ""detector"": ""yolo"", ""state"": ""IDLE"", ""owner"": ""Surnn"", ""score"": null, ""match_max"": 0.5, ""refs"": 24, ""match_mode"": ""none"", ""steer_zones"": 41, ""people"": 0, ""track_id"": null, ""target_ex"": 0.0, ""target_cx_vel_px_s"": 0.0, ""target_age_s"": null, ""lidar_min_m"": 0.27, ""target_lidar_m"": null, ""target_lidar_deg"": null, ""camera_range_m"
2026-07-16T23:13:21.298,2315.298,mission_20260716_223446_manual,MANUAL,,0,13.330304145812988,100.99790954589844,150.31141298895866,4,True,0.6784999966621399,1,0,0,1,0,0.0,0.0,0.0,0,0,nan,nan,nan,88,26.299999237060547,0.0,29.0,0,29,-,READY owner=Surnn refs=24,"{""cmd"": ""STOP"", ""status"": ""READY"", ""detector"": ""yolo"", ""state"": ""IDLE"", ""owner"": ""Surnn"", ""score"": null, ""match_max"": 0.5, ""refs"": 24, ""match_mode"": ""none"", ""steer_zones"": 41, ""people"": 0, ""track_id"": null, ""target_ex"": 0.0, ""target_cx_vel_px_s"": 0.0, ""target_age_s"": null, ""lidar_min_m"": 0.27, ""target_lidar_m"": null, ""target_lidar_deg"": null, ""camera_range_m"
2026-07-16T23:13:23.351,2317.351,mission_20260716_223446_manual,MANUAL,,0,13.330303192138672,100.99790954589844,150.30818913967042,4,True,0.6802499890327454,1,0,0,1,0,0.0,0.0,0.0,0,0,nan,nan,nan,88,26.299999237060547,0.0,29.0,0,30,-,READY owner=Surnn refs=24,"{""cmd"": ""STOP"", ""status"": ""READY"", ""detector"": ""yolo"", ""state"": ""IDLE"", ""owner"": ""Surnn"", ""score"": null, ""match_max"": 0.5, ""refs"": 24, ""match_mode"": ""none"", ""steer_zones"": 41, ""people"": 0, ""track_id"": null, ""target_ex"": 0.0, ""target_cx_vel_px_s"": 0.0, ""target_age_s"": null, ""lidar_min_m"": 0.26, ""target_lidar_m"": null, ""target_lidar_deg"": null, ""camera_range_m"
2026-07-16T23:13:25.392,2319.393,mission_20260716_223446_manual,MANUAL,,0,13.330301284790039,100.99791717529297,150.29702861056663,4,True,0.6777499914169312,1,0,0,1,0,0.0,0.0,0.0,0,0,nan,nan,nan,88,26.299999237060547,0.0,29.0,0,30,-,READY owner=Surnn refs=24,"{""cmd"": ""STOP"", ""status"": ""READY"", ""detector"": ""yolo"", ""state"": ""IDLE"", ""owner"": ""Surnn"", ""score"": null, ""match_max"": 0.5, ""refs"": 24, ""match_mode"": ""none"", ""steer_zones"": 41, ""people"": 0, ""track_id"": null, ""target_ex"": 0.0, ""target_cx_vel_px_s"": 0.0, ""target_age_s"": null, ""lidar_min_m"": 0.27, ""target_lidar_m"": null, ""target_lidar_deg"": null, ""camera_range_m"
2026-07-16T23:13:27.408,2321.409,mission_20260716_223446_manual,MANUAL,,0,13.330301284790039,100.99791717529297,150.2843244587104,4,True,0.6804999709129333,1,0,0,1,0,0.0,0.0,0.0,0,0,nan,nan,nan,88,26.299999237060547,0.0,29.0,0,30,-,READY owner=Surnn refs=24,"{""cmd"": ""STOP"", ""status"": ""READY"", ""detector"": ""yolo"", ""state"": ""IDLE"", ""owner"": ""Surnn"", ""score"": null, ""match_max"": 0.5, ""refs"": 24, ""match_mode"": ""none"", ""steer_zones"": 41, ""people"": 0, ""track_id"": null, ""target_ex"": 0.0, ""target_cx_vel_px_s"": 0.0, ""target_age_s"": null, ""lidar_min_m"": 0.28, ""target_lidar_m"": null, ""target_lidar_deg"": null, ""camera_range_m"
2026-07-16T23:13:29.445,2323.446,mission_20260716_223446_manual,MANUAL,,0,13.330300331115723,100.99791717529297,150.27468023160233,4,True,0.6815000176429749,1,0,0,1,0,0.0,0.0,0.0,0,0,nan,nan,nan,88,26.299999237060547,0.0,29.0,0,30,-,READY owner=Surnn refs=24,"{""cmd"": ""STOP"", ""status"": ""READY"", ""detector"": ""yolo"", ""state"": ""IDLE"", ""owner"": ""Surnn"", ""score"": null, ""match_max"": 0.5, ""refs"": 24, ""match_mode"": ""none"", ""steer_zones"": 41, ""people"": 0, ""track_id"": null, ""target_ex"": 0.0, ""target_cx_vel_px_s"": 0.0, ""target_age_s"": null, ""lidar_min_m"": 0.27, ""target_lidar_m"": null, ""target_lidar_deg"": null, ""camera_range_m"
2026-07-16T23:13:31.474,2325.474,mission_20260716_223446_manual,MANUAL,,0,13.330300331115723,100.99791717529297,150.26761781600055,4,True,0.6802499890327454,1,0,0,1,0,0.0,0.0,0.0,0,0,nan,nan,nan,88,26.299999237060547,0.0,29.0,0,30,-,READY owner=Surnn refs=24,"{""cmd"": ""STOP"", ""status"": ""READY"", ""detector"": ""yolo"", ""state"": ""IDLE"", ""owner"": ""Surnn"", ""score"": null, ""match_max"": 0.5, ""refs"": 24, ""match_mode"": ""none"", ""steer_zones"": 41, ""people"": 0, ""track_id"": null, ""target_ex"": 0.0, ""target_cx_vel_px_s"": 0.0, ""target_age_s"": null, ""lidar_min_m"": 0.26, ""target_lidar_m"": null, ""target_lidar_deg"": null, ""camera_range_m"
2026-07-16T23:13:33.505,2327.505,mission_20260716_223446_manual,MANUAL,,0,13.330299377441406,100.99791717529297,150.28018536407336,4,True,0.6769999861717224,1,0,0,1,0,0.0,0.0,0.0,0,0,nan,nan,nan,88,26.299999237060547,0.0,29.0,0,30,-,READY owner=Surnn refs=24,"{""cmd"": ""STOP"", ""status"": ""READY"", ""detector"": ""yolo"", ""state"": ""IDLE"", ""owner"": ""Surnn"", ""score"": null, ""match_max"": 0.5, ""refs"": 24, ""match_mode"": ""none"", ""steer_zones"": 41, ""people"": 0, ""track_id"": null, ""target_ex"": 0.0, ""target_cx_vel_px_s"": 0.0, ""target_age_s"": null, ""lidar_min_m"": 0.27, ""target_lidar_m"": null, ""target_lidar_deg"": null, ""camera_range_m"
2026-07-16T23:13:35.564,2329.565,mission_20260716_223446_manual,MANUAL,,0,13.330297470092773,100.99791717529297,150.2728224201481,4,True,0.6782500147819519,1,0,0,1,0,0.0,0.0,0.0,0,0,nan,nan,nan,88,26.299999237060547,0.0,29.0,0,30,-,READY owner=Surnn refs=24,"{""cmd"": ""STOP"", ""status"": ""READY"", ""detector"": ""yolo"", ""state"": ""IDLE"", ""owner"": ""Surnn"", ""score"": null, ""match_max"": 0.5, ""refs"": 24, ""match_mode"": ""none"", ""steer_zones"": 41, ""people"": 0, ""track_id"": null, ""target_ex"": 0.0, ""target_cx_vel_px_s"": 0.0, ""target_age_s"": null, ""lidar_min_m"": 0.27, ""target_lidar_m"": null, ""target_lidar_deg"": null, ""camera_range_m"
2026-07-16T23:13:37.633,2331.633,mission_20260716_223446_manual,MANUAL,,0,13.330296516418457,100.99791717529297,150.28017170369503,4,True,0.6784999966621399,1,0,0,1,0,0.0,0.0,0.0,0,0,nan,nan,nan,88,26.299999237060547,0.0,29.0,0,30,-,READY owner=Surnn refs=24,"{""cmd"": ""STOP"", ""status"": ""READY"", ""detector"": ""yolo"", ""state"": ""IDLE"", ""owner"": ""Surnn"", ""score"": null, ""match_max"": 0.5, ""refs"": 24, ""match_mode"": ""none"", ""steer_zones"": 41, ""people"": 0, ""track_id"": null, ""target_ex"": 0.0, ""target_cx_vel_px_s"": 0.0, ""target_age_s"": null, ""lidar_min_m"": 0.27, ""target_lidar_m"": null, ""target_lidar_deg"": null, ""camera_range_m"
2026-07-16T23:13:39.664,2333.665,mission_20260716_223446_manual,MANUAL,,0,13.33029556274414,100.99791717529297,150.28047223201852,4,True,0.6775000095367432,1,0,0,1,0,0.0,0.0,0.0,0,0,nan,nan,nan,88,26.299999237060547,0.0,29.0,0,30,-,READY owner=Surnn refs=24,"{""cmd"": ""STOP"", ""status"": ""READY"", ""detector"": ""yolo"", ""state"": ""IDLE"", ""owner"": ""Surnn"", ""score"": null, ""match_max"": 0.5, ""refs"": 24, ""match_mode"": ""none"", ""steer_zones"": 41, ""people"": 0, ""track_id"": null, ""target_ex"": 0.0, ""target_cx_vel_px_s"": 0.0, ""target_age_s"": null, ""lidar_min_m"": 0.28, ""target_lidar_m"": null, ""target_lidar_deg"": null, ""camera_range_m"
2026-07-16T23:13:41.686,2335.686,mission_20260716_223446_manual,MANUAL,,0,13.330294609069824,100.99791717529297,150.28345019449662,4,True,0.6792500019073486,1,0,0,1,0,0.0,0.0,0.0,0,0,nan,nan,nan,88,26.299999237060547,0.0,29.0,0,30,-,READY owner=Surnn refs=24,"{""cmd"": ""STOP"", ""status"": ""READY"", ""detector"": ""yolo"", ""state"": ""IDLE"", ""owner"": ""Surnn"", ""score"": null, ""match_max"": 0.5, ""refs"": 24, ""match_mode"": ""none"", ""steer_zones"": 41, ""people"": 0, ""track_id"": null, ""target_ex"": 0.0, ""target_cx_vel_px_s"": 0.0, ""target_age_s"": null, ""lidar_min_m"": 0.29, ""target_lidar_m"": null, ""target_lidar_deg"": null, ""camera_range_m"
2026-07-16T23:13:43.705,2337.706,mission_20260716_223446_manual,MANUAL,,0,13.330294609069824,100.99791717529297,150.29379110090002,4,True,0.6779999732971191,1,0,0,1,0,0.0,0.0,0.0,0,0,nan,nan,nan,88,26.299999237060547,0.0,29.0,0,30,-,READY owner=Surnn refs=24,"{""cmd"": ""STOP"", ""status"": ""READY"", ""detector"": ""yolo"", ""state"": ""IDLE"", ""owner"": ""Surnn"", ""score"": null, ""match_max"": 0.5, ""refs"": 24, ""match_mode"": ""none"", ""steer_zones"": 41, ""people"": 0, ""track_id"": null, ""target_ex"": 0.0, ""target_cx_vel_px_s"": 0.0, ""target_age_s"": null, ""lidar_min_m"": 0.27, ""target_lidar_m"": null, ""target_lidar_deg"": null, ""camera_range_m"
2026-07-16T23:13:45.750,2339.751,mission_20260716_223446_manual,MANUAL,,0,13.330293655395508,100.9979248046875,150.2999246107747,4,True,0.6784999966621399,1,0,0,1,0,0.0,0.0,0.0,0,0,nan,nan,nan,88,26.299999237060547,0.0,29.0,0,30,-,READY owner=Surnn refs=24,"{""cmd"": ""STOP"", ""status"": ""READY"", ""detector"": ""yolo"", ""state"": ""IDLE"", ""owner"": ""Surnn"", ""score"": null, ""match_max"": 0.5, ""refs"": 24, ""match_mode"": ""none"", ""steer_zones"": 41, ""people"": 0, ""track_id"": null, ""target_ex"": 0.0, ""target_cx_vel_px_s"": 0.0, ""target_age_s"": null, ""lidar_min_m"": 0.29, ""target_lidar_m"": null, ""target_lidar_deg"": null, ""camera_range_m"
2026-07-16T23:13:47.854,2341.854,mission_20260716_223446_manual,MANUAL,,0,13.330291748046875,100.9979248046875,150.3002251390982,4,True,0.6784999966621399,1,0,0,1,0,0.0,0.0,0.0,0,0,nan,nan,nan,88,26.299999237060547,0.0,29.0,0,29,-,READY owner=Surnn refs=24,"{""cmd"": ""STOP"", ""status"": ""READY"", ""detector"": ""yolo"", ""state"": ""IDLE"", ""owner"": ""Surnn"", ""score"": null, ""match_max"": 0.5, ""refs"": 24, ""match_mode"": ""none"", ""steer_zones"": 41, ""people"": 0, ""track_id"": null, ""target_ex"": 0.0, ""target_cx_vel_px_s"": 0.0, ""target_age_s"": null, ""lidar_min_m"": 0.28, ""target_lidar_m"": null, ""target_lidar_deg"": null, ""camera_range_m"
2026-07-16T23:13:49.879,2343.88,mission_20260716_223446_manual,MANUAL,,0,13.330289840698242,100.9979248046875,150.29663245959478,4,True,0.6792500019073486,1,0,0,1,0,0.0,0.0,0.0,0,0,nan,nan,nan,88,26.299999237060547,0.0,29.0,0,30,-,READY owner=Surnn refs=24,"{""cmd"": ""STOP"", ""status"": ""READY"", ""detector"": ""yolo"", ""state"": ""IDLE"", ""owner"": ""Surnn"", ""score"": null, ""match_max"": 0.5, ""refs"": 24, ""match_mode"": ""none"", ""steer_zones"": 41, ""people"": 0, ""track_id"": null, ""target_ex"": 0.0, ""target_cx_vel_px_s"": 0.0, ""target_age_s"": null, ""lidar_min_m"": 0.29, ""target_lidar_m"": null, ""target_lidar_deg"": null, ""camera_range_m"
2026-07-16T23:13:51.896,2345.896,mission_20260716_223446_manual,MANUAL,,0,13.330289840698242,100.9979248046875,150.29492491230226,4,True,0.6790000200271606,1,0,0,1,0,0.0,0.0,0.0,0,0,nan,nan,nan,88,26.299999237060547,0.0,29.0,0,30,-,READY owner=Surnn refs=24,"{""cmd"": ""STOP"", ""status"": ""READY"", ""detector"": ""yolo"", ""state"": ""IDLE"", ""owner"": ""Surnn"", ""score"": null, ""match_max"": 0.5, ""refs"": 24, ""match_mode"": ""none"", ""steer_zones"": 41, ""people"": 0, ""track_id"": null, ""target_ex"": 0.0, ""target_cx_vel_px_s"": 0.0, ""target_age_s"": null, ""lidar_min_m"": 0.29, ""target_lidar_m"": null, ""target_lidar_deg"": null, ""camera_range_m"
2026-07-16T23:13:53.922,2347.923,mission_20260716_223446_manual,MANUAL,,0,13.330290794372559,100.9979248046875,150.28605932675958,4,True,0.6772500276565552,1,0,0,1,0,0.0,0.0,0.0,0,0,nan,nan,nan,88,26.299999237060547,0.0,29.0,0,30,-,READY owner=Surnn refs=24,"{""cmd"": ""STOP"", ""status"": ""READY"", ""detector"": ""yolo"", ""state"": ""IDLE"", ""owner"": ""Surnn"", ""score"": null, ""match_max"": 0.5, ""refs"": 24, ""match_mode"": ""none"", ""steer_zones"": 41, ""people"": 0, ""track_id"": null, ""target_ex"": 0.0, ""target_cx_vel_px_s"": 0.0, ""target_age_s"": null, ""lidar_min_m"": 0.29, ""target_lidar_m"": null, ""target_lidar_deg"": null, ""camera_range_m"
2026-07-16T23:13:55.935,2349.936,mission_20260716_223446_manual,MANUAL,,0,13.330290794372559,100.9979248046875,150.28328626995656,4,True,0.6784999966621399,1,0,0,1,0,0.0,0.0,0.0,0,0,nan,nan,nan,88,26.299999237060547,0.0,29.0,0,30,-,READY owner=Surnn refs=24,"{""cmd"": ""STOP"", ""status"": ""READY"", ""detector"": ""yolo"", ""state"": ""IDLE"", ""owner"": ""Surnn"", ""score"": null, ""match_max"": 0.5, ""refs"": 24, ""match_mode"": ""none"", ""steer_zones"": 41, ""people"": 0, ""track_id"": null, ""target_ex"": 0.0, ""target_cx_vel_px_s"": 0.0, ""target_age_s"": null, ""lidar_min_m"": 0.28, ""target_lidar_m"": null, ""target_lidar_deg"": null, ""camera_range_m"
2026-07-16T23:13:57.940,2351.94,mission_20260716_223446_manual,MANUAL,,0,13.330291748046875,100.9979248046875,150.28174264720414,4,True,0.6784999966621399,1,0,0,1,0,0.0,0.0,0.0,0,0,nan,nan,nan,88,26.299999237060547,0.0,29.0,0,30,-,READY owner=Surnn refs=24,"{""cmd"": ""STOP"", ""status"": ""READY"", ""detector"": ""yolo"", ""state"": ""IDLE"", ""owner"": ""Surnn"", ""score"": null, ""match_max"": 0.5, ""refs"": 24, ""match_mode"": ""none"", ""steer_zones"": 41, ""people"": 0, ""track_id"": null, ""target_ex"": 0.0, ""target_cx_vel_px_s"": 0.0, ""target_age_s"": null, ""lidar_min_m"": 0.29, ""target_lidar_m"": null, ""target_lidar_deg"": null, ""camera_range_m"
2026-07-16T23:13:59.967,2353.967,mission_20260716_223446_manual,MANUAL,,0,13.330291748046875,100.9979248046875,150.2799258168849,4,True,0.6794999837875366,1,0,0,1,0,0.0,0.0,0.0,0,0,nan,nan,nan,88,26.299999237060547,0.0,29.0,0,30,-,READY owner=Surnn refs=24,"{""cmd"": ""STOP"", ""status"": ""READY"", ""detector"": ""yolo"", ""state"": ""IDLE"", ""owner"": ""Surnn"", ""score"": null, ""match_max"": 0.5, ""refs"": 24, ""match_mode"": ""none"", ""steer_zones"": 41, ""people"": 0, ""track_id"": null, ""target_ex"": 0.0, ""target_cx_vel_px_s"": 0.0, ""target_age_s"": null, ""lidar_min_m"": 0.27, ""target_lidar_m"": null, ""target_lidar_deg"": null, ""camera_range_m"
2026-07-16T23:14:01.990,2355.99,mission_20260716_223446_manual,MANUAL,,0,13.330291748046875,100.9979248046875,150.29242506306605,4,True,0.6775000095367432,1,0,0,1,0,0.0,0.0,0.0,0,0,nan,nan,nan,88,26.299999237060547,0.0,29.0,0,30,-,READY owner=Surnn refs=24,"{""cmd"": ""STOP"", ""status"": ""READY"", ""detector"": ""yolo"", ""state"": ""IDLE"", ""owner"": ""Surnn"", ""score"": null, ""match_max"": 0.5, ""refs"": 24, ""match_mode"": ""none"", ""steer_zones"": 41, ""people"": 0, ""track_id"": null, ""target_ex"": 0.0, ""target_cx_vel_px_s"": 0.0, ""target_age_s"": null, ""lidar_min_m"": 0.27, ""target_lidar_m"": null, ""target_lidar_deg"": null, ""camera_range_m"
2026-07-16T23:14:04.035,2358.035,mission_20260716_223446_manual,MANUAL,,0,13.330292701721191,100.9979248046875,150.29962408245123,4,True,0.6794999837875366,1,0,0,1,0,0.0,0.0,0.0,0,0,nan,nan,nan,88,26.299999237060547,0.0,29.0,0,29,-,READY owner=Surnn refs=24,"{""cmd"": ""STOP"", ""status"": ""READY"", ""detector"": ""yolo"", ""state"": ""IDLE"", ""owner"": ""Surnn"", ""score"": null, ""match_max"": 0.5, ""refs"": 24, ""match_mode"": ""none"", ""steer_zones"": 41, ""people"": 0, ""track_id"": null, ""target_ex"": 0.0, ""target_cx_vel_px_s"": 0.0, ""target_age_s"": null, ""lidar_min_m"": 0.29, ""target_lidar_m"": null, ""target_lidar_deg"": null, ""camera_range_m"
2026-07-16T23:14:06.047,2360.047,mission_20260716_223446_manual,MANUAL,,0,13.330294609069824,100.9979248046875,150.29522544062573,4,True,0.6775000095367432,1,0,0,1,0,0.0,0.0,0.0,0,0,nan,nan,nan,88,26.299999237060547,0.0,29.0,0,29,-,READY owner=Surnn refs=24,"{""cmd"": ""STOP"", ""status"": ""READY"", ""detector"": ""yolo"", ""state"": ""IDLE"", ""owner"": ""Surnn"", ""score"": null, ""match_max"": 0.5, ""refs"": 24, ""match_mode"": ""none"", ""steer_zones"": 41, ""people"": 0, ""track_id"": null, ""target_ex"": 0.0, ""target_cx_vel_px_s"": 0.0, ""target_age_s"": null, ""lidar_min_m"": 0.27, ""target_lidar_m"": null, ""target_lidar_deg"": null, ""camera_range_m"
2026-07-16T23:14:08.069,2362.07,mission_20260716_223446_manual,MANUAL,,0,13.33029556274414,100.9979248046875,150.297766270997,4,True,0.6787499785423279,1,0,0,1,0,0.0,0.0,0.0,0,0,nan,nan,nan,88,26.299999237060547,0.0,29.0,0,29,-,READY owner=Surnn refs=24,"{""cmd"": ""STOP"", ""status"": ""READY"", ""detector"": ""yolo"", ""state"": ""IDLE"", ""owner"": ""Surnn"", ""score"": null, ""match_max"": 0.5, ""refs"": 24, ""match_mode"": ""none"", ""steer_zones"": 41, ""people"": 0, ""track_id"": null, ""target_ex"": 0.0, ""target_cx_vel_px_s"": 0.0, ""target_age_s"": null, ""lidar_min_m"": 0.28, ""target_lidar_m"": null, ""target_lidar_deg"": null, ""camera_range_m"
2026-07-16T23:14:10.099,2364.1,mission_20260716_223446_manual,MANUAL,,0,13.330296516418457,100.9979248046875,150.30216491282246,4,True,0.6792500019073486,1,0,0,1,0,0.0,0.0,0.0,0,0,nan,nan,nan,88,26.299999237060547,0.0,29.0,0,26,-,READY owner=Surnn refs=24,"{""cmd"": ""STOP"", ""status"": ""READY"", ""detector"": ""yolo"", ""state"": ""IDLE"", ""owner"": ""Surnn"", ""score"": null, ""match_max"": 0.5, ""refs"": 24, ""match_mode"": ""none"", ""steer_zones"": 41, ""people"": 0, ""track_id"": null, ""target_ex"": 0.0, ""target_cx_vel_px_s"": 0.0, ""target_age_s"": null, ""lidar_min_m"": 0.29, ""target_lidar_m"": null, ""target_lidar_deg"": null, ""camera_range_m"
2026-07-16T23:14:12.119,2366.119,mission_20260716_223446_manual,MANUAL,,0,13.330297470092773,100.9979248046875,150.3131615173862,4,True,0.6772500276565552,1,0,0,1,0,0.0,0.0,0.0,0,0,nan,nan,nan,88,26.299999237060547,0.0,29.0,0,28,-,READY owner=Surnn refs=24,"{""cmd"": ""STOP"", ""status"": ""READY"", ""detector"": ""yolo"", ""state"": ""IDLE"", ""owner"": ""Surnn"", ""score"": null, ""match_max"": 0.5, ""refs"": 24, ""match_mode"": ""none"", ""steer_zones"": 41, ""people"": 0, ""track_id"": null, ""target_ex"": 0.0, ""target_cx_vel_px_s"": 0.0, ""target_age_s"": null, ""lidar_min_m"": 0.29, ""target_lidar_m"": null, ""target_lidar_deg"": null, ""camera_range_m"
2026-07-16T23:14:14.180,2368.181,mission_20260716_223446_manual,MANUAL,,0,13.33029842376709,100.9979248046875,150.31720498937483,4,True,0.6792500019073486,1,0,0,1,0,0.0,0.0,0.0,0,0,nan,nan,nan,88,26.299999237060547,0.0,29.0,0,29,-,READY owner=Surnn refs=24,"{""cmd"": ""STOP"", ""status"": ""READY"", ""detector"": ""yolo"", ""state"": ""IDLE"", ""owner"": ""Surnn"", ""score"": null, ""match_max"": 0.5, ""refs"": 24, ""match_mode"": ""none"", ""steer_zones"": 41, ""people"": 0, ""track_id"": null, ""target_ex"": 0.0, ""target_cx_vel_px_s"": 0.0, ""target_age_s"": null, ""lidar_min_m"": 0.29, ""target_lidar_m"": null, ""target_lidar_deg"": null, ""camera_range_m"
2026-07-16T23:14:16.185,2370.185,mission_20260716_223446_manual,MANUAL,,0,13.33029842376709,100.9979248046875,150.31506030997545,4,True,0.6777499914169312,1,0,0,1,0,0.0,0.0,0.0,0,0,nan,nan,nan,88,26.299999237060547,0.0,29.0,0,28,-,READY owner=Surnn refs=24,"{""cmd"": ""STOP"", ""status"": ""READY"", ""detector"": ""yolo"", ""state"": ""IDLE"", ""owner"": ""Surnn"", ""score"": null, ""match_max"": 0.5, ""refs"": 24, ""match_mode"": ""none"", ""steer_zones"": 41, ""people"": 0, ""track_id"": null, ""target_ex"": 0.0, ""target_cx_vel_px_s"": 0.0, ""target_age_s"": null, ""lidar_min_m"": 0.28, ""target_lidar_m"": null, ""target_lidar_deg"": null, ""camera_range_m"
2026-07-16T23:14:18.185,2372.186,mission_20260716_223446_manual,MANUAL,,0,13.330299377441406,100.9979248046875,150.31392649857324,4,True,0.6790000200271606,1,0,0,1,0,0.0,0.0,0.0,0,0,nan,nan,nan,88,26.299999237060547,0.0,29.0,0,28,-,READY owner=Surnn refs=24,"{""cmd"": ""STOP"", ""status"": ""READY"", ""detector"": ""yolo"", ""state"": ""IDLE"", ""owner"": ""Surnn"", ""score"": null, ""match_max"": 0.5, ""refs"": 24, ""match_mode"": ""none"", ""steer_zones"": 41, ""people"": 0, ""track_id"": null, ""target_ex"": 0.0, ""target_cx_vel_px_s"": 0.0, ""target_age_s"": null, ""lidar_min_m"": 0.27, ""target_lidar_m"": null, ""target_lidar_deg"": null, ""camera_range_m"
2026-07-16T23:14:20.190,2374.191,mission_20260716_223446_manual,MANUAL,,0,13.33029842376709,100.9979248046875,150.3150739703538,4,True,0.6772500276565552,1,0,0,1,0,0.0,0.0,0.0,0,0,nan,nan,nan,88,26.299999237060547,0.0,29.0,0,28,-,READY owner=Surnn refs=24,"{""cmd"": ""STOP"", ""status"": ""READY"", ""detector"": ""yolo"", ""state"": ""IDLE"", ""owner"": ""Surnn"", ""score"": null, ""match_max"": 0.5, ""refs"": 24, ""match_mode"": ""none"", ""steer_zones"": 41, ""people"": 0, ""track_id"": null, ""target_ex"": 0.0, ""target_cx_vel_px_s"": 0.0, ""target_age_s"": null, ""lidar_min_m"": 0.28, ""target_lidar_m"": null, ""target_lidar_deg"": null, ""camera_range_m"
2026-07-16T23:14:22.196,2376.197,mission_20260716_223446_manual,MANUAL,,0,13.33029842376709,100.9979248046875,150.32168559347036,4,True,0.6784999966621399,1,0,0,1,0,0.0,0.0,0.0,0,0,nan,nan,nan,88,26.299999237060547,0.0,29.0,0,28,-,READY owner=Surnn refs=24,"{""cmd"": ""STOP"", ""status"": ""READY"", ""detector"": ""yolo"", ""state"": ""IDLE"", ""owner"": ""Surnn"", ""score"": null, ""match_max"": 0.5, ""refs"": 24, ""match_mode"": ""none"", ""steer_zones"": 41, ""people"": 0, ""track_id"": null, ""target_ex"": 0.0, ""target_cx_vel_px_s"": 0.0, ""target_age_s"": null, ""lidar_min_m"": 0.28, ""target_lidar_m"": null, ""target_lidar_deg"": null, ""camera_range_m"
2026-07-16T23:14:24.215,2378.215,mission_20260716_223446_manual,MANUAL,,0,13.33029842376709,100.99793243408203,150.3200600084479,4,True,0.6777499914169312,1,0,0,1,0,0.0,0.0,0.0,0,0,nan,nan,nan,88,26.299999237060547,0.0,29.0,0,28,-,READY owner=Surnn refs=24,"{""cmd"": ""STOP"", ""status"": ""READY"", ""detector"": ""yolo"", ""state"": ""IDLE"", ""owner"": ""Surnn"", ""score"": null, ""match_max"": 0.5, ""refs"": 24, ""match_mode"": ""none"", ""steer_zones"": 41, ""people"": 0, ""track_id"": null, ""target_ex"": 0.0, ""target_cx_vel_px_s"": 0.0, ""target_age_s"": null, ""lidar_min_m"": 0.28, ""target_lidar_m"": null, ""target_lidar_deg"": null, ""camera_range_m"
2026-07-16T23:14:26.246,2380.246,mission_20260716_223446_manual,MANUAL,,0,13.330297470092773,100.99793243408203,150.31404944197828,4,True,0.6767500042915344,1,0,0,1,0,0.0,0.0,0.0,0,0,nan,nan,nan,88,26.299999237060547,0.0,29.0,0,28,-,READY owner=Surnn refs=24,"{""cmd"": ""STOP"", ""status"": ""READY"", ""detector"": ""yolo"", ""state"": ""IDLE"", ""owner"": ""Surnn"", ""score"": null, ""match_max"": 0.5, ""refs"": 24, ""match_mode"": ""none"", ""steer_zones"": 41, ""people"": 0, ""track_id"": null, ""target_ex"": 0.0, ""target_cx_vel_px_s"": 0.0, ""target_age_s"": null, ""lidar_min_m"": 0.28, ""target_lidar_m"": null, ""target_lidar_deg"": null, ""camera_range_m"
2026-07-16T23:14:28.290,2382.29,mission_20260716_223446_manual,MANUAL,,0,13.330296516418457,100.99793243408203,150.30556634702913,4,True,0.6790000200271606,1,0,0,1,0,0.0,0.0,0.0,0,0,nan,nan,nan,88,26.299999237060547,0.0,29.0,0,28,-,READY owner=Surnn refs=24,"{""cmd"": ""STOP"", ""status"": ""READY"", ""detector"": ""yolo"", ""state"": ""IDLE"", ""owner"": ""Surnn"", ""score"": null, ""match_max"": 0.5, ""refs"": 24, ""match_mode"": ""none"", ""steer_zones"": 41, ""people"": 0, ""track_id"": null, ""target_ex"": 0.0, ""target_cx_vel_px_s"": 0.0, ""target_age_s"": null, ""lidar_min_m"": 0.28, ""target_lidar_m"": null, ""target_lidar_deg"": null, ""camera_range_m"
2026-07-16T23:14:30.326,2384.327,mission_20260716_223446_manual,MANUAL,,0,13.33029842376709,100.99793243408203,150.31831148002038,4,True,0.6807500123977661,1,0,0,1,0,0.0,0.0,0.0,0,0,nan,nan,nan,88,26.299999237060547,0.0,29.0,0,26,-,READY owner=Surnn refs=24,"{""cmd"": ""STOP"", ""status"": ""READY"", ""detector"": ""yolo"", ""state"": ""IDLE"", ""owner"": ""Surnn"", ""score"": null, ""match_max"": 0.5, ""refs"": 24, ""match_mode"": ""none"", ""steer_zones"": 41, ""people"": 0, ""track_id"": null, ""target_ex"": 0.0, ""target_cx_vel_px_s"": 0.0, ""target_age_s"": null, ""lidar_min_m"": 0.27, ""target_lidar_m"": null, ""target_lidar_deg"": null, ""camera_range_m"
2026-07-16T23:14:32.352,2386.352,mission_20260716_223446_manual,MANUAL,,0,13.33029842376709,100.99793243408203,150.36018053963255,4,True,0.6782500147819519,1,0,0,1,0,0.0,0.0,0.0,0,0,nan,nan,nan,88,26.299999237060547,0.0,29.0,0,26,-,READY owner=Surnn refs=24,"{""cmd"": ""STOP"", ""status"": ""READY"", ""detector"": ""yolo"", ""state"": ""IDLE"", ""owner"": ""Surnn"", ""score"": null, ""match_max"": 0.5, ""refs"": 24, ""match_mode"": ""none"", ""steer_zones"": 41, ""people"": 0, ""track_id"": null, ""target_ex"": 0.0, ""target_cx_vel_px_s"": 0.0, ""target_age_s"": null, ""lidar_min_m"": 0.28, ""target_lidar_m"": null, ""target_lidar_deg"": null, ""camera_range_m"
2026-07-16T23:14:34.376,2388.376,mission_20260716_223446_manual,MANUAL,,0,13.330297470092773,100.99793243408203,150.39608001391014,4,True,0.6802499890327454,1,0,0,1,0,0.0,0.0,0.0,0,0,nan,nan,nan,88,26.299999237060547,0.0,29.0,0,27,-,READY owner=Surnn refs=24,"{""cmd"": ""STOP"", ""status"": ""READY"", ""detector"": ""yolo"", ""state"": ""IDLE"", ""owner"": ""Surnn"", ""score"": null, ""match_max"": 0.5, ""refs"": 24, ""match_mode"": ""none"", ""steer_zones"": 41, ""people"": 0, ""track_id"": null, ""target_ex"": 0.0, ""target_cx_vel_px_s"": 0.0, ""target_age_s"": null, ""lidar_min_m"": 0.3, ""target_lidar_m"": null, ""target_lidar_deg"": null, ""camera_range_m"""
2026-07-16T23:14:36.483,2390.484,mission_20260716_223446_manual,MANUAL,,0,13.33029556274414,100.99793243408203,150.4051095239929,4,True,0.6777499914169312,1,0,0,1,0,0.0,0.0,0.0,0,0,nan,nan,nan,88,26.299999237060547,0.0,29.0,0,28,-,READY owner=Surnn refs=24,"{""cmd"": ""STOP"", ""status"": ""READY"", ""detector"": ""yolo"", ""state"": ""IDLE"", ""owner"": ""Surnn"", ""score"": null, ""match_max"": 0.5, ""refs"": 24, ""match_mode"": ""none"", ""steer_zones"": 41, ""people"": 0, ""track_id"": null, ""target_ex"": 0.0, ""target_cx_vel_px_s"": 0.0, ""target_age_s"": null, ""lidar_min_m"": 0.27, ""target_lidar_m"": null, ""target_lidar_deg"": null, ""camera_range_m"
2026-07-16T23:14:38.499,2392.5,mission_20260716_223446_manual,MANUAL,,0,13.330293655395508,100.99793243408203,150.41842839287443,4,True,0.6777499914169312,1,0,0,1,0,0.0,0.0,0.0,0,0,nan,nan,nan,88,26.299999237060547,0.0,29.0,0,28,-,READY owner=Surnn refs=24,"{""cmd"": ""STOP"", ""status"": ""READY"", ""detector"": ""yolo"", ""state"": ""IDLE"", ""owner"": ""Surnn"", ""score"": null, ""match_max"": 0.5, ""refs"": 24, ""match_mode"": ""none"", ""steer_zones"": 41, ""people"": 0, ""track_id"": null, ""target_ex"": 0.0, ""target_cx_vel_px_s"": 0.0, ""target_age_s"": null, ""lidar_min_m"": 0.28, ""target_lidar_m"": null, ""target_lidar_deg"": null, ""camera_range_m"
2026-07-16T23:14:40.532,2394.533,mission_20260716_223446_manual,MANUAL,,0,13.330290794372559,100.99793243408203,150.43289473353653,4,True,0.6782500147819519,1,0,0,1,0,0.0,0.0,0.0,0,0,nan,nan,nan,88,26.299999237060547,0.0,29.0,0,28,-,READY owner=Surnn refs=24,"{""cmd"": ""STOP"", ""status"": ""READY"", ""detector"": ""yolo"", ""state"": ""IDLE"", ""owner"": ""Surnn"", ""score"": null, ""match_max"": 0.5, ""refs"": 24, ""match_mode"": ""none"", ""steer_zones"": 41, ""people"": 0, ""track_id"": null, ""target_ex"": 0.0, ""target_cx_vel_px_s"": 0.0, ""target_age_s"": null, ""lidar_min_m"": 0.28, ""target_lidar_m"": null, ""target_lidar_deg"": null, ""camera_range_m"
2026-07-16T23:14:42.545,2396.545,mission_20260716_223446_manual,MANUAL,,0,13.330289840698242,100.99793243408203,150.43468424309907,4,True,0.6767500042915344,1,0,0,1,0,0.0,0.0,0.0,0,0,nan,nan,nan,88,26.299999237060547,0.0,29.0,0,28,-,READY owner=Surnn refs=24,"{""cmd"": ""STOP"", ""status"": ""READY"", ""detector"": ""yolo"", ""state"": ""IDLE"", ""owner"": ""Surnn"", ""score"": null, ""match_max"": 0.5, ""refs"": 24, ""match_mode"": ""none"", ""steer_zones"": 41, ""people"": 0, ""track_id"": null, ""target_ex"": 0.0, ""target_cx_vel_px_s"": 0.0, ""target_age_s"": null, ""lidar_min_m"": 0.28, ""target_lidar_m"": null, ""target_lidar_deg"": null, ""camera_range_m"
2026-07-16T23:14:44.568,2398.568,mission_20260716_223446_manual,MANUAL,,0,13.330286979675293,100.99793243408203,150.44704688549677,4,True,0.6777499914169312,1,0,0,1,0,0.0,0.0,0.0,0,0,nan,nan,nan,88,26.299999237060547,0.0,29.0,0,28,-,READY owner=Surnn refs=24,"{""cmd"": ""STOP"", ""status"": ""READY"", ""detector"": ""yolo"", ""state"": ""IDLE"", ""owner"": ""Surnn"", ""score"": null, ""match_max"": 0.5, ""refs"": 24, ""match_mode"": ""none"", ""steer_zones"": 41, ""people"": 0, ""track_id"": null, ""target_ex"": 0.0, ""target_cx_vel_px_s"": 0.0, ""target_age_s"": null, ""lidar_min_m"": 0.28, ""target_lidar_m"": null, ""target_lidar_deg"": null, ""camera_range_m"
2026-07-16T23:14:46.601,2400.602,mission_20260716_223446_manual,MANUAL,,0,13.330284118652344,100.99794006347656,150.47791934054524,4,True,0.6787499785423279,1,0,0,1,0,0.0,0.0,0.0,0,0,nan,nan,nan,88,26.299999237060547,0.0,29.0,0,30,-,READY owner=Surnn refs=24,"{""cmd"": ""STOP"", ""status"": ""READY"", ""detector"": ""yolo"", ""state"": ""IDLE"", ""owner"": ""Surnn"", ""score"": null, ""match_max"": 0.5, ""refs"": 24, ""match_mode"": ""none"", ""steer_zones"": 41, ""people"": 0, ""track_id"": null, ""target_ex"": 0.0, ""target_cx_vel_px_s"": 0.0, ""target_age_s"": null, ""lidar_min_m"": 0.27, ""target_lidar_m"": null, ""target_lidar_deg"": null, ""camera_range_m"
2026-07-16T23:14:48.640,2402.641,mission_20260716_223446_manual,MANUAL,,0,13.330282211303711,100.99794006347656,150.49984424778097,4,True,0.6790000200271606,1,0,0,1,0,0.0,0.0,0.0,0,0,nan,nan,nan,88,26.299999237060547,0.0,29.0,0,30,-,READY owner=Surnn refs=24,"{""cmd"": ""STOP"", ""status"": ""READY"", ""detector"": ""yolo"", ""state"": ""IDLE"", ""owner"": ""Surnn"", ""score"": null, ""match_max"": 0.5, ""refs"": 24, ""match_mode"": ""none"", ""steer_zones"": 41, ""people"": 0, ""track_id"": null, ""target_ex"": 0.0, ""target_cx_vel_px_s"": 0.0, ""target_age_s"": null, ""lidar_min_m"": 0.29, ""target_lidar_m"": null, ""target_lidar_deg"": null, ""camera_range_m"
2026-07-16T23:14:50.757,2404.758,mission_20260716_223446_manual,MANUAL,,0,13.330279350280762,100.99794006347656,150.50468002171334,4,True,0.6809999942779541,1,0,0,1,0,0.0,0.0,0.0,0,0,nan,nan,nan,88,26.299999237060547,0.0,29.0,0,29,-,READY owner=Surnn refs=24,"{""cmd"": ""STOP"", ""status"": ""READY"", ""detector"": ""yolo"", ""state"": ""IDLE"", ""owner"": ""Surnn"", ""score"": null, ""match_max"": 0.5, ""refs"": 24, ""match_mode"": ""none"", ""steer_zones"": 41, ""people"": 0, ""track_id"": null, ""target_ex"": 0.0, ""target_cx_vel_px_s"": 0.0, ""target_age_s"": null, ""lidar_min_m"": 0.28, ""target_lidar_m"": null, ""target_lidar_deg"": null, ""camera_range_m"
2026-07-16T23:14:52.806,2406.806,mission_20260716_223446_manual,MANUAL,,0,13.330277442932129,100.99794006347656,150.51511655076513,4,True,0.6782500147819519,1,0,0,1,0,0.0,0.0,0.0,0,0,nan,nan,nan,88,26.299999237060547,0.0,29.0,0,28,-,READY owner=Surnn refs=24,"{""cmd"": ""STOP"", ""status"": ""READY"", ""detector"": ""yolo"", ""state"": ""IDLE"", ""owner"": ""Surnn"", ""score"": null, ""match_max"": 0.5, ""refs"": 24, ""match_mode"": ""none"", ""steer_zones"": 41, ""people"": 0, ""track_id"": null, ""target_ex"": 0.0, ""target_cx_vel_px_s"": 0.0, ""target_age_s"": null, ""lidar_min_m"": 0.27, ""target_lidar_m"": null, ""target_lidar_deg"": null, ""camera_range_m"
2026-07-16T23:14:54.819,2408.819,mission_20260716_223446_manual,MANUAL,,0,13.330276489257812,100.99794006347656,150.5285856838084,4,True,0.6817499995231628,1,0,0,1,0,0.0,0.0,0.0,0,0,nan,nan,nan,88,26.299999237060547,0.0,29.0,0,28,-,READY owner=Surnn refs=24,"{""cmd"": ""STOP"", ""status"": ""READY"", ""detector"": ""yolo"", ""state"": ""IDLE"", ""owner"": ""Surnn"", ""score"": null, ""match_max"": 0.5, ""refs"": 24, ""match_mode"": ""none"", ""steer_zones"": 41, ""people"": 0, ""track_id"": null, ""target_ex"": 0.0, ""target_cx_vel_px_s"": 0.0, ""target_age_s"": null, ""lidar_min_m"": 0.27, ""target_lidar_m"": null, ""target_lidar_deg"": null, ""camera_range_m"
2026-07-16T23:14:56.875,2410.875,mission_20260716_223446_manual,MANUAL,,0,13.330276489257812,100.99794006347656,150.5430930056055,4,True,0.6784999966621399,1,0,0,1,0,0.0,0.0,0.0,0,0,nan,nan,nan,88,26.299999237060547,0.0,29.0,0,28,-,READY owner=Surnn refs=24,"{""cmd"": ""STOP"", ""status"": ""READY"", ""detector"": ""yolo"", ""state"": ""IDLE"", ""owner"": ""Surnn"", ""score"": null, ""match_max"": 0.5, ""refs"": 24, ""match_mode"": ""none"", ""steer_zones"": 41, ""people"": 0, ""track_id"": null, ""target_ex"": 0.0, ""target_cx_vel_px_s"": 0.0, ""target_age_s"": null, ""lidar_min_m"": 0.28, ""target_lidar_m"": null, ""target_lidar_deg"": null, ""camera_range_m"
2026-07-16T23:14:58.917,2412.918,mission_20260716_223446_manual,MANUAL,,0,13.330277442932129,100.99794006347656,150.558419950103,4,True,0.6809999942779541,1,0,0,1,0,0.0,0.0,0.0,0,0,nan,nan,nan,88,26.299999237060547,0.0,29.0,0,29,-,READY owner=Surnn refs=24,"{""cmd"": ""STOP"", ""status"": ""READY"", ""detector"": ""yolo"", ""state"": ""IDLE"", ""owner"": ""Surnn"", ""score"": null, ""match_max"": 0.5, ""refs"": 24, ""match_mode"": ""none"", ""steer_zones"": 41, ""people"": 0, ""track_id"": null, ""target_ex"": 0.0, ""target_cx_vel_px_s"": 0.0, ""target_age_s"": null, ""lidar_min_m"": 0.29, ""target_lidar_m"": null, ""target_lidar_deg"": null, ""camera_range_m"
2026-07-16T23:15:00.945,2414.946,mission_20260716_223446_manual,MANUAL,,0,13.330277442932129,100.99794006347656,150.58485278219095,4,True,0.6790000200271606,1,0,0,1,0,0.0,0.0,0.0,0,0,nan,nan,nan,88,26.299999237060547,0.0,29.0,0,29,-,READY owner=Surnn refs=24,"{""cmd"": ""STOP"", ""status"": ""READY"", ""detector"": ""yolo"", ""state"": ""IDLE"", ""owner"": ""Surnn"", ""score"": null, ""match_max"": 0.5, ""refs"": 24, ""match_mode"": ""none"", ""steer_zones"": 41, ""people"": 0, ""track_id"": null, ""target_ex"": 0.0, ""target_cx_vel_px_s"": 0.0, ""target_age_s"": null, ""lidar_min_m"": 0.28, ""target_lidar_m"": null, ""target_lidar_deg"": null, ""camera_range_m"
2026-07-16T23:15:02.967,2416.967,mission_20260716_223446_manual,MANUAL,,0,13.330278396606445,100.99794006347656,150.6048652364591,4,True,0.6790000200271606,1,0,0,1,0,0.0,0.0,0.0,0,0,nan,nan,nan,88,26.299999237060547,0.0,29.0,0,29,-,READY owner=Surnn refs=24,"{""cmd"": ""STOP"", ""status"": ""READY"", ""detector"": ""yolo"", ""state"": ""IDLE"", ""owner"": ""Surnn"", ""score"": null, ""match_max"": 0.5, ""refs"": 24, ""match_mode"": ""none"", ""steer_zones"": 41, ""people"": 0, ""track_id"": null, ""target_ex"": 0.0, ""target_cx_vel_px_s"": 0.0, ""target_age_s"": null, ""lidar_min_m"": 0.27, ""target_lidar_m"": null, ""target_lidar_deg"": null, ""camera_range_m"
2026-07-16T23:15:04.969,2418.969,mission_20260716_223446_manual,MANUAL,,0,13.330280303955078,100.99794006347656,150.61631263350804,4,True,0.6787499785423279,1,0,0,1,0,0.0,0.0,0.0,0,0,nan,nan,nan,88,26.299999237060547,0.0,29.0,0,28,-,READY owner=Surnn refs=24,"{""cmd"": ""STOP"", ""status"": ""READY"", ""detector"": ""yolo"", ""state"": ""IDLE"", ""owner"": ""Surnn"", ""score"": null, ""match_max"": 0.5, ""refs"": 24, ""match_mode"": ""none"", ""steer_zones"": 41, ""people"": 0, ""track_id"": null, ""target_ex"": 0.0, ""target_cx_vel_px_s"": 0.0, ""target_age_s"": null, ""lidar_min_m"": 0.27, ""target_lidar_m"": null, ""target_lidar_deg"": null, ""camera_range_m"
2026-07-16T23:15:06.979,2420.98,mission_20260716_223446_manual,MANUAL,,0,13.330282211303711,100.99794006347656,150.63056040811668,4,True,0.6787499785423279,1,0,0,1,0,0.0,0.0,0.0,0,0,nan,nan,nan,88,26.299999237060547,0.0,29.0,0,28,-,READY owner=Surnn refs=24,"{""cmd"": ""STOP"", ""status"": ""READY"", ""detector"": ""yolo"", ""state"": ""IDLE"", ""owner"": ""Surnn"", ""score"": null, ""match_max"": 0.5, ""refs"": 24, ""match_mode"": ""none"", ""steer_zones"": 41, ""people"": 0, ""track_id"": null, ""target_ex"": 0.0, ""target_cx_vel_px_s"": 0.0, ""target_age_s"": null, ""lidar_min_m"": 0.27, ""target_lidar_m"": null, ""target_lidar_deg"": null, ""camera_range_m"
2026-07-16T23:15:09.009,2423.009,mission_20260716_223446_manual,MANUAL,,0,13.330284118652344,100.99794006347656,150.63810093696037,4,True,0.6790000200271606,1,0,0,1,0,0.0,0.0,0.0,0,0,nan,nan,nan,88,26.299999237060547,0.0,29.0,0,30,-,READY owner=Surnn refs=24,"{""cmd"": ""STOP"", ""status"": ""READY"", ""detector"": ""yolo"", ""state"": ""IDLE"", ""owner"": ""Surnn"", ""score"": null, ""match_max"": 0.5, ""refs"": 24, ""match_mode"": ""none"", ""steer_zones"": 41, ""people"": 0, ""track_id"": null, ""target_ex"": 0.0, ""target_cx_vel_px_s"": 0.0, ""target_age_s"": null, ""lidar_min_m"": 0.29, ""target_lidar_m"": null, ""target_lidar_deg"": null, ""camera_range_m"
2026-07-16T23:15:11.067,2425.067,mission_20260716_223446_manual,MANUAL,,0,13.330286026000977,100.99794006347656,150.646843579098,4,True,0.6787499785423279,1,0,0,1,0,0.0,0.0,0.0,0,0,nan,nan,nan,88,26.299999237060547,0.0,29.0,0,31,-,READY owner=Surnn refs=24,"{""cmd"": ""STOP"", ""status"": ""READY"", ""detector"": ""yolo"", ""state"": ""IDLE"", ""owner"": ""Surnn"", ""score"": null, ""match_max"": 0.5, ""refs"": 24, ""match_mode"": ""none"", ""steer_zones"": 41, ""people"": 0, ""track_id"": null, ""target_ex"": 0.0, ""target_cx_vel_px_s"": 0.0, ""target_age_s"": null, ""lidar_min_m"": 0.29, ""target_lidar_m"": null, ""target_lidar_deg"": null, ""camera_range_m"
2026-07-16T23:15:13.090,2427.09,mission_20260716_223446_manual,MANUAL,,0,13.330286979675293,100.9979476928711,150.6568839571779,4,True,0.6784999966621399,1,0,0,1,0,0.0,0.0,0.0,0,0,nan,nan,nan,88,26.299999237060547,0.0,29.0,0,31,-,READY owner=Surnn refs=24,"{""cmd"": ""STOP"", ""status"": ""READY"", ""detector"": ""yolo"", ""state"": ""IDLE"", ""owner"": ""Surnn"", ""score"": null, ""match_max"": 0.5, ""refs"": 24, ""match_mode"": ""none"", ""steer_zones"": 41, ""people"": 0, ""track_id"": null, ""target_ex"": 0.0, ""target_cx_vel_px_s"": 0.0, ""target_age_s"": null, ""lidar_min_m"": 0.27, ""target_lidar_m"": null, ""target_lidar_deg"": null, ""camera_range_m"
2026-07-16T23:15:15.125,2429.126,mission_20260716_223446_manual,MANUAL,,0,13.33028793334961,100.9979476928711,150.67140493935335,4,True,0.6802499890327454,1,0,0,1,0,0.0,0.0,0.0,0,0,nan,nan,nan,88,26.299999237060547,0.0,29.0,0,31,-,READY owner=Surnn refs=24,"{""cmd"": ""STOP"", ""status"": ""READY"", ""detector"": ""yolo"", ""state"": ""IDLE"", ""owner"": ""Surnn"", ""score"": null, ""match_max"": 0.5, ""refs"": 24, ""match_mode"": ""none"", ""steer_zones"": 41, ""people"": 0, ""track_id"": null, ""target_ex"": 0.0, ""target_cx_vel_px_s"": 0.0, ""target_age_s"": null, ""lidar_min_m"": 0.27, ""target_lidar_m"": null, ""target_lidar_deg"": null, ""camera_range_m"
2026-07-16T23:15:17.157,2431.158,mission_20260716_223446_manual,MANUAL,,0,13.33028793334961,100.9979476928711,150.67225188281046,4,True,0.6784999966621399,1,0,0,1,0,0.0,0.0,0.0,0,0,nan,nan,nan,88,26.299999237060547,0.0,29.0,0,31,-,READY owner=Surnn refs=24,"{""cmd"": ""STOP"", ""status"": ""READY"", ""detector"": ""yolo"", ""state"": ""IDLE"", ""owner"": ""Surnn"", ""score"": null, ""match_max"": 0.5, ""refs"": 24, ""match_mode"": ""none"", ""steer_zones"": 41, ""people"": 0, ""track_id"": null, ""target_ex"": 0.0, ""target_cx_vel_px_s"": 0.0, ""target_age_s"": null, ""lidar_min_m"": 0.28, ""target_lidar_m"": null, ""target_lidar_deg"": null, ""camera_range_m"
2026-07-16T23:15:19.261,2433.262,mission_20260716_223446_manual,MANUAL,,0,13.330288887023926,100.9979476928711,150.67992901543755,4,True,0.6767500042915344,1,0,0,1,0,0.0,0.0,0.0,0,0,nan,nan,nan,88,26.299999237060547,0.0,29.0,0,31,-,READY owner=Surnn refs=24,"{""cmd"": ""STOP"", ""status"": ""READY"", ""detector"": ""yolo"", ""state"": ""IDLE"", ""owner"": ""Surnn"", ""score"": null, ""match_max"": 0.5, ""refs"": 24, ""match_mode"": ""none"", ""steer_zones"": 41, ""people"": 0, ""track_id"": null, ""target_ex"": 0.0, ""target_cx_vel_px_s"": 0.0, ""target_age_s"": null, ""lidar_min_m"": 0.27, ""target_lidar_m"": null, ""target_lidar_deg"": null, ""camera_range_m"
2026-07-16T23:15:21.293,2435.293,mission_20260716_223446_manual,MANUAL,,0,13.330288887023926,100.9979476928711,150.6864313555274,4,True,0.6794999837875366,1,0,0,1,0,0.0,0.0,0.0,0,0,nan,nan,nan,88,26.299999237060547,0.0,29.0,0,31,-,READY owner=Surnn refs=24,"{""cmd"": ""STOP"", ""status"": ""READY"", ""detector"": ""yolo"", ""state"": ""IDLE"", ""owner"": ""Surnn"", ""score"": null, ""match_max"": 0.5, ""refs"": 24, ""match_mode"": ""none"", ""steer_zones"": 41, ""people"": 0, ""track_id"": null, ""target_ex"": 0.0, ""target_cx_vel_px_s"": 0.0, ""target_age_s"": null, ""lidar_min_m"": 0.27, ""target_lidar_m"": null, ""target_lidar_deg"": null, ""camera_range_m"
2026-07-16T23:15:23.360,2437.361,mission_20260716_223446_manual,MANUAL,,0,13.330290794372559,100.9979476928711,150.69240094086197,4,True,0.6775000095367432,1,0,0,1,0,0.0,0.0,0.0,0,0,nan,nan,nan,88,26.299999237060547,0.0,29.0,0,30,-,READY owner=Surnn refs=24,"{""cmd"": ""STOP"", ""status"": ""READY"", ""detector"": ""yolo"", ""state"": ""IDLE"", ""owner"": ""Surnn"", ""score"": null, ""match_max"": 0.5, ""refs"": 24, ""match_mode"": ""none"", ""steer_zones"": 41, ""people"": 0, ""track_id"": null, ""target_ex"": 0.0, ""target_cx_vel_px_s"": 0.0, ""target_age_s"": null, ""lidar_min_m"": 0.28, ""target_lidar_m"": null, ""target_lidar_deg"": null, ""camera_range_m"
2026-07-16T23:15:25.394,2439.395,mission_20260716_223446_manual,MANUAL,,0,13.330291748046875,100.9979476928711,150.6916222992966,4,True,0.6775000095367432,1,0,0,1,0,0.0,0.0,0.0,0,0,nan,nan,nan,88,26.299999237060547,0.0,29.0,0,29,-,READY owner=Surnn refs=24,"{""cmd"": ""STOP"", ""status"": ""READY"", ""detector"": ""yolo"", ""state"": ""IDLE"", ""owner"": ""Surnn"", ""score"": null, ""match_max"": 0.5, ""refs"": 24, ""match_mode"": ""none"", ""steer_zones"": 41, ""people"": 0, ""track_id"": null, ""target_ex"": 0.0, ""target_cx_vel_px_s"": 0.0, ""target_age_s"": null, ""lidar_min_m"": 0.27, ""target_lidar_m"": null, ""target_lidar_deg"": null, ""camera_range_m"
2026-07-16T23:15:27.413,2441.414,mission_20260716_223446_manual,MANUAL,,0,13.330293655395508,100.9979476928711,150.69501007312493,4,True,0.6787499785423279,1,0,0,1,0,0.0,0.0,0.0,0,0,nan,nan,nan,88,26.299999237060547,0.0,29.0,0,29,-,READY owner=Surnn refs=24,"{""cmd"": ""STOP"", ""status"": ""READY"", ""detector"": ""yolo"", ""state"": ""IDLE"", ""owner"": ""Surnn"", ""score"": null, ""match_max"": 0.5, ""refs"": 24, ""match_mode"": ""none"", ""steer_zones"": 41, ""people"": 0, ""track_id"": null, ""target_ex"": 0.0, ""target_cx_vel_px_s"": 0.0, ""target_age_s"": null, ""lidar_min_m"": 0.27, ""target_lidar_m"": null, ""target_lidar_deg"": null, ""camera_range_m"
2026-07-16T23:15:29.421,2443.422,mission_20260716_223446_manual,MANUAL,,0,13.33029556274414,100.9979476928711,150.7112795837279,4,True,0.6800000071525574,1,0,0,1,0,0.0,0.0,0.0,0,0,nan,nan,nan,88,26.299999237060547,0.0,29.0,0,29,-,READY owner=Surnn refs=24,"{""cmd"": ""STOP"", ""status"": ""READY"", ""detector"": ""yolo"", ""state"": ""IDLE"", ""owner"": ""Surnn"", ""score"": null, ""match_max"": 0.5, ""refs"": 24, ""match_mode"": ""none"", ""steer_zones"": 41, ""people"": 0, ""track_id"": null, ""target_ex"": 0.0, ""target_cx_vel_px_s"": 0.0, ""target_age_s"": null, ""lidar_min_m"": 0.27, ""target_lidar_m"": null, ""target_lidar_deg"": null, ""camera_range_m"
2026-07-16T23:15:31.441,2445.441,mission_20260716_223446_manual,MANUAL,,0,13.330297470092773,100.9979476928711,150.71980365981207,4,True,0.6779999732971191,1,0,0,1,0,0.0,0.0,0.0,0,0,nan,nan,nan,88,26.299999237060547,0.0,29.0,0,29,-,READY owner=Surnn refs=24,"{""cmd"": ""STOP"", ""status"": ""READY"", ""detector"": ""yolo"", ""state"": ""IDLE"", ""owner"": ""Surnn"", ""score"": null, ""match_max"": 0.5, ""refs"": 24, ""match_mode"": ""none"", ""steer_zones"": 41, ""people"": 0, ""track_id"": null, ""target_ex"": 0.0, ""target_cx_vel_px_s"": 0.0, ""target_age_s"": null, ""lidar_min_m"": 0.28, ""target_lidar_m"": null, ""target_lidar_deg"": null, ""camera_range_m"
2026-07-16T23:15:33.488,2447.489,mission_20260716_223446_manual,MANUAL,,0,13.330299377441406,100.9979476928711,150.7229455468303,4,True,0.6800000071525574,1,0,0,1,0,0.0,0.0,0.0,0,0,nan,nan,nan,88,26.299999237060547,0.0,29.0,0,30,-,READY owner=Surnn refs=24,"{""cmd"": ""STOP"", ""status"": ""READY"", ""detector"": ""yolo"", ""state"": ""IDLE"", ""owner"": ""Surnn"", ""score"": null, ""match_max"": 0.5, ""refs"": 24, ""match_mode"": ""none"", ""steer_zones"": 41, ""people"": 0, ""track_id"": null, ""target_ex"": 0.0, ""target_cx_vel_px_s"": 0.0, ""target_age_s"": null, ""lidar_min_m"": 0.27, ""target_lidar_m"": null, ""target_lidar_deg"": null, ""camera_range_m"
2026-07-16T23:15:35.499,2449.499,mission_20260716_223446_manual,MANUAL,,0,13.330300331115723,100.9979476928711,150.71218116869835,4,True,0.6784999966621399,1,0,0,1,0,0.0,0.0,0.0,0,0,nan,nan,nan,88,26.299999237060547,0.0,29.0,0,30,-,READY owner=Surnn refs=24,"{""cmd"": ""STOP"", ""status"": ""READY"", ""detector"": ""yolo"", ""state"": ""IDLE"", ""owner"": ""Surnn"", ""score"": null, ""match_max"": 0.5, ""refs"": 24, ""match_mode"": ""none"", ""steer_zones"": 41, ""people"": 0, ""track_id"": null, ""target_ex"": 0.0, ""target_cx_vel_px_s"": 0.0, ""target_age_s"": null, ""lidar_min_m"": 0.28, ""target_lidar_m"": null, ""target_lidar_deg"": null, ""camera_range_m"
2026-07-16T23:15:37.522,2451.523,mission_20260716_223446_manual,MANUAL,,0,13.330300331115723,100.9979476928711,150.70395762093764,4,True,0.6800000071525574,1,0,0,1,0,0.0,0.0,0.0,0,0,nan,nan,nan,88,26.299999237060547,0.0,29.0,0,30,-,READY owner=Surnn refs=24,"{""cmd"": ""STOP"", ""status"": ""READY"", ""detector"": ""yolo"", ""state"": ""IDLE"", ""owner"": ""Surnn"", ""score"": null, ""match_max"": 0.5, ""refs"": 24, ""match_mode"": ""none"", ""steer_zones"": 41, ""people"": 0, ""track_id"": null, ""target_ex"": 0.0, ""target_cx_vel_px_s"": 0.0, ""target_age_s"": null, ""lidar_min_m"": 0.27, ""target_lidar_m"": null, ""target_lidar_deg"": null, ""camera_range_m"
2026-07-16T23:15:39.556,2453.556,mission_20260716_223446_manual,MANUAL,,0,13.330301284790039,100.9979476928711,150.69249656351036,4,True,0.6787499785423279,1,0,0,1,0,0.0,0.0,0.0,0,0,nan,nan,nan,88,26.299999237060547,0.0,29.0,0,30,-,READY owner=Surnn refs=24,"{""cmd"": ""STOP"", ""status"": ""READY"", ""detector"": ""yolo"", ""state"": ""IDLE"", ""owner"": ""Surnn"", ""score"": null, ""match_max"": 0.5, ""refs"": 24, ""match_mode"": ""none"", ""steer_zones"": 41, ""people"": 0, ""track_id"": null, ""target_ex"": 0.0, ""target_cx_vel_px_s"": 0.0, ""target_age_s"": null, ""lidar_min_m"": 0.29, ""target_lidar_m"": null, ""target_lidar_deg"": null, ""camera_range_m"
2026-07-16T23:15:41.635,2455.636,mission_20260716_223446_manual,MANUAL,,0,13.330301284790039,100.9979476928711,150.69357573339923,4,True,0.6790000200271606,1,0,0,1,0,0.0,0.0,0.0,0,0,nan,nan,nan,88,26.299999237060547,0.0,29.0,0,30,-,READY owner=Surnn refs=24,"{""cmd"": ""STOP"", ""status"": ""READY"", ""detector"": ""yolo"", ""state"": ""IDLE"", ""owner"": ""Surnn"", ""score"": null, ""match_max"": 0.5, ""refs"": 24, ""match_mode"": ""none"", ""steer_zones"": 41, ""people"": 0, ""track_id"": null, ""target_ex"": 0.0, ""target_cx_vel_px_s"": 0.0, ""target_age_s"": null, ""lidar_min_m"": 0.29, ""target_lidar_m"": null, ""target_lidar_deg"": null, ""camera_range_m"
2026-07-16T23:15:43.644,2457.645,mission_20260716_223446_manual,MANUAL,,0,13.330302238464355,100.9979476928711,150.68705973293103,4,True,0.6790000200271606,1,0,0,1,0,0.0,0.0,0.0,0,0,nan,nan,nan,88,26.299999237060547,0.0,29.0,0,30,-,READY owner=Surnn refs=24,"{""cmd"": ""STOP"", ""status"": ""READY"", ""detector"": ""yolo"", ""state"": ""IDLE"", ""owner"": ""Surnn"", ""score"": null, ""match_max"": 0.5, ""refs"": 24, ""match_mode"": ""none"", ""steer_zones"": 41, ""people"": 0, ""track_id"": null, ""target_ex"": 0.0, ""target_cx_vel_px_s"": 0.0, ""target_age_s"": null, ""lidar_min_m"": 0.27, ""target_lidar_m"": null, ""target_lidar_deg"": null, ""camera_range_m"
2026-07-16T23:15:45.663,2459.664,mission_20260716_223446_manual,MANUAL,,0,13.330302238464355,100.9979476928711,150.67584456231387,4,True,0.6779999732971191,1,0,0,1,0,0.0,0.0,0.0,0,0,nan,nan,nan,88,26.299999237060547,0.0,29.0,0,30,-,READY owner=Surnn refs=24,"{""cmd"": ""STOP"", ""status"": ""READY"", ""detector"": ""yolo"", ""state"": ""IDLE"", ""owner"": ""Surnn"", ""score"": null, ""match_max"": 0.5, ""refs"": 24, ""match_mode"": ""none"", ""steer_zones"": 41, ""people"": 0, ""track_id"": null, ""target_ex"": 0.0, ""target_cx_vel_px_s"": 0.0, ""target_age_s"": null, ""lidar_min_m"": 0.28, ""target_lidar_m"": null, ""target_lidar_deg"": null, ""camera_range_m"
2026-07-16T23:15:47.702,2461.703,mission_20260716_223446_manual,MANUAL,,0,13.330302238464355,100.9979476928711,150.6739047885896,4,True,0.6794999837875366,1,0,0,1,0,0.0,0.0,0.0,0,0,nan,nan,nan,88,26.299999237060547,0.0,29.0,0,30,-,READY owner=Surnn refs=24,"{""cmd"": ""STOP"", ""status"": ""READY"", ""detector"": ""yolo"", ""state"": ""IDLE"", ""owner"": ""Surnn"", ""score"": null, ""match_max"": 0.5, ""refs"": 24, ""match_mode"": ""none"", ""steer_zones"": 41, ""people"": 0, ""track_id"": null, ""target_ex"": 0.0, ""target_cx_vel_px_s"": 0.0, ""target_age_s"": null, ""lidar_min_m"": 0.28, ""target_lidar_m"": null, ""target_lidar_deg"": null, ""camera_range_m"
2026-07-16T23:15:49.723,2463.724,mission_20260716_223446_manual,MANUAL,,0,13.330303192138672,100.9979476928711,150.67645927933918,4,True,0.6792500019073486,1,0,0,1,0,0.0,0.0,0.0,0,0,nan,nan,nan,88,26.299999237060547,0.0,29.0,0,29,-,READY owner=Surnn refs=24,"{""cmd"": ""STOP"", ""status"": ""READY"", ""detector"": ""yolo"", ""state"": ""IDLE"", ""owner"": ""Surnn"", ""score"": null, ""match_max"": 0.5, ""refs"": 24, ""match_mode"": ""none"", ""steer_zones"": 41, ""people"": 0, ""track_id"": null, ""target_ex"": 0.0, ""target_cx_vel_px_s"": 0.0, ""target_age_s"": null, ""lidar_min_m"": 0.27, ""target_lidar_m"": null, ""target_lidar_deg"": null, ""camera_range_m"
2026-07-16T23:15:51.788,2465.788,mission_20260716_223446_manual,MANUAL,,0,13.330303192138672,100.9979476928711,150.66770297682322,4,True,0.6787499785423279,1,0,0,1,0,0.0,0.0,0.0,0,0,nan,nan,nan,88,26.299999237060547,0.0,29.0,0,30,-,READY owner=Surnn refs=24,"{""cmd"": ""STOP"", ""status"": ""READY"", ""detector"": ""yolo"", ""state"": ""IDLE"", ""owner"": ""Surnn"", ""score"": null, ""match_max"": 0.5, ""refs"": 24, ""match_mode"": ""none"", ""steer_zones"": 41, ""people"": 0, ""track_id"": null, ""target_ex"": 0.0, ""target_cx_vel_px_s"": 0.0, ""target_age_s"": null, ""lidar_min_m"": 0.28, ""target_lidar_m"": null, ""target_lidar_deg"": null, ""camera_range_m"
2026-07-16T23:15:53.860,2467.861,mission_20260716_223446_manual,MANUAL,,0,13.330304145812988,100.9979476928711,150.64913852265911,4,True,0.6784999966621399,1,0,0,1,0,0.0,0.0,0.0,0,0,nan,nan,nan,88,26.299999237060547,0.0,29.0,0,31,-,READY owner=Surnn refs=24,"{""cmd"": ""STOP"", ""status"": ""READY"", ""detector"": ""yolo"", ""state"": ""IDLE"", ""owner"": ""Surnn"", ""score"": null, ""match_max"": 0.5, ""refs"": 24, ""match_mode"": ""none"", ""steer_zones"": 41, ""people"": 0, ""track_id"": null, ""target_ex"": 0.0, ""target_cx_vel_px_s"": 0.0, ""target_age_s"": null, ""lidar_min_m"": 0.28, ""target_lidar_m"": null, ""target_lidar_deg"": null, ""camera_range_m"
2026-07-16T23:15:55.923,2469.923,mission_20260716_223446_manual,MANUAL,,0,13.330304145812988,100.9979476928711,150.64017731446808,4,True,0.6784999966621399,1,0,0,1,0,0.0,0.0,0.0,0,0,nan,nan,nan,88,26.299999237060547,0.0,29.0,0,31,-,READY owner=Surnn refs=24,"{""cmd"": ""STOP"", ""status"": ""READY"", ""detector"": ""yolo"", ""state"": ""IDLE"", ""owner"": ""Surnn"", ""score"": null, ""match_max"": 0.5, ""refs"": 24, ""match_mode"": ""none"", ""steer_zones"": 41, ""people"": 0, ""track_id"": null, ""target_ex"": 0.0, ""target_cx_vel_px_s"": 0.0, ""target_age_s"": null, ""lidar_min_m"": 0.27, ""target_lidar_m"": null, ""target_lidar_deg"": null, ""camera_range_m"
2026-07-16T23:15:58.015,2472.015,mission_20260716_223446_manual,MANUAL,,0,13.330304145812988,100.9979476928711,150.63116146476364,4,True,0.6777499914169312,1,0,0,1,0,0.0,0.0,0.0,0,0,nan,nan,nan,88,26.299999237060547,0.0,29.0,0,31,-,READY owner=Surnn refs=24,"{""cmd"": ""STOP"", ""status"": ""READY"", ""detector"": ""yolo"", ""state"": ""IDLE"", ""owner"": ""Surnn"", ""score"": null, ""match_max"": 0.5, ""refs"": 24, ""match_mode"": ""none"", ""steer_zones"": 41, ""people"": 0, ""track_id"": null, ""target_ex"": 0.0, ""target_cx_vel_px_s"": 0.0, ""target_age_s"": null, ""lidar_min_m"": 0.27, ""target_lidar_m"": null, ""target_lidar_deg"": null, ""camera_range_m"
2026-07-16T23:16:00.060,2474.061,mission_20260716_223446_manual,MANUAL,,0,13.330305099487305,100.9979476928711,150.6188944450143,4,True,0.6790000200271606,1,0,0,1,0,0.0,0.0,0.0,0,0,nan,nan,nan,88,26.299999237060547,0.0,29.0,0,31,-,READY owner=Surnn refs=24,"{""cmd"": ""STOP"", ""status"": ""READY"", ""detector"": ""yolo"", ""state"": ""IDLE"", ""owner"": ""Surnn"", ""score"": null, ""match_max"": 0.5, ""refs"": 24, ""match_mode"": ""none"", ""steer_zones"": 41, ""people"": 0, ""track_id"": null, ""target_ex"": 0.0, ""target_cx_vel_px_s"": 0.0, ""target_age_s"": null, ""lidar_min_m"": 0.27, ""target_lidar_m"": null, ""target_lidar_deg"": null, ""camera_range_m"
2026-07-16T23:16:02.071,2476.072,mission_20260716_223446_manual,MANUAL,,0,13.330305099487305,100.9979476928711,150.6158891617795,4,True,0.6784999966621399,1,0,0,1,0,0.0,0.0,0.0,0,0,nan,nan,nan,88,26.299999237060547,0.0,29.0,0,31,-,READY owner=Surnn refs=24,"{""cmd"": ""STOP"", ""status"": ""READY"", ""detector"": ""yolo"", ""state"": ""IDLE"", ""owner"": ""Surnn"", ""score"": null, ""match_max"": 0.5, ""refs"": 24, ""match_mode"": ""none"", ""steer_zones"": 41, ""people"": 0, ""track_id"": null, ""target_ex"": 0.0, ""target_cx_vel_px_s"": 0.0, ""target_age_s"": null, ""lidar_min_m"": 0.27, ""target_lidar_m"": null, ""target_lidar_deg"": null, ""camera_range_m"
2026-07-16T23:16:04.095,2478.095,mission_20260716_223446_manual,MANUAL,,0,13.330306053161621,100.9979476928711,150.60560289688945,4,True,0.6787499785423279,1,0,0,1,0,0.0,0.0,0.0,0,0,nan,nan,nan,88,26.299999237060547,0.0,29.0,0,31,-,READY owner=Surnn refs=24,"{""cmd"": ""STOP"", ""status"": ""READY"", ""detector"": ""yolo"", ""state"": ""IDLE"", ""owner"": ""Surnn"", ""score"": null, ""match_max"": 0.5, ""refs"": 24, ""match_mode"": ""none"", ""steer_zones"": 41, ""people"": 0, ""track_id"": null, ""target_ex"": 0.0, ""target_cx_vel_px_s"": 0.0, ""target_age_s"": null, ""lidar_min_m"": 0.26, ""target_lidar_m"": null, ""target_lidar_deg"": null, ""camera_range_m"
2026-07-16T23:16:06.224,2480.224,mission_20260716_223446_manual,MANUAL,,0,13.330306053161621,100.9979476928711,150.59706516042695,4,True,0.6797500252723694,1,0,0,1,0,0.0,0.0,0.0,0,0,nan,nan,nan,88,26.299999237060547,0.0,29.0,0,31,-,READY owner=Surnn refs=24,"{""cmd"": ""STOP"", ""status"": ""READY"", ""detector"": ""yolo"", ""state"": ""IDLE"", ""owner"": ""Surnn"", ""score"": null, ""match_max"": 0.5, ""refs"": 24, ""match_mode"": ""none"", ""steer_zones"": 41, ""people"": 0, ""track_id"": null, ""target_ex"": 0.0, ""target_cx_vel_px_s"": 0.0, ""target_age_s"": null, ""lidar_min_m"": 0.28, ""target_lidar_m"": null, ""target_lidar_deg"": null, ""camera_range_m"
2026-07-16T23:16:08.227,2482.227,mission_20260716_223446_manual,MANUAL,,0,13.330306053161621,100.9979476928711,150.6003573116069,4,True,0.6784999966621399,1,0,0,1,0,0.0,0.0,0.0,0,0,nan,nan,nan,88,26.299999237060547,0.0,29.0,0,31,-,READY owner=Surnn refs=24,"{""cmd"": ""STOP"", ""status"": ""READY"", ""detector"": ""yolo"", ""state"": ""IDLE"", ""owner"": ""Surnn"", ""score"": null, ""match_max"": 0.5, ""refs"": 24, ""match_mode"": ""none"", ""steer_zones"": 41, ""people"": 0, ""track_id"": null, ""target_ex"": 0.0, ""target_cx_vel_px_s"": 0.0, ""target_age_s"": null, ""lidar_min_m"": 0.26, ""target_lidar_m"": null, ""target_lidar_deg"": null, ""camera_range_m"
2026-07-16T23:16:10.261,2484.261,mission_20260716_223446_manual,MANUAL,,0,13.330306053161621,100.9979476928711,150.6090999537445,4,True,0.6777499914169312,1,0,0,1,0,0.0,0.0,0.0,0,0,nan,nan,nan,88,26.299999237060547,0.0,29.0,0,31,-,READY owner=Surnn refs=24,"{""cmd"": ""STOP"", ""status"": ""READY"", ""detector"": ""yolo"", ""state"": ""IDLE"", ""owner"": ""Surnn"", ""score"": null, ""match_max"": 0.5, ""refs"": 24, ""match_mode"": ""none"", ""steer_zones"": 41, ""people"": 0, ""track_id"": null, ""target_ex"": 0.0, ""target_cx_vel_px_s"": 0.0, ""target_age_s"": null, ""lidar_min_m"": 0.28, ""target_lidar_m"": null, ""target_lidar_deg"": null, ""camera_range_m"
2026-07-16T23:16:12.322,2486.323,mission_20260716_223446_manual,MANUAL,,0,13.330305099487305,100.9979476928711,150.6140176899469,4,True,0.6779999732971191,1,0,0,1,0,0.0,0.0,0.0,0,0,nan,nan,nan,88,26.299999237060547,0.0,29.0,0,31,-,READY owner=Surnn refs=24,"{""cmd"": ""STOP"", ""status"": ""READY"", ""detector"": ""yolo"", ""state"": ""IDLE"", ""owner"": ""Surnn"", ""score"": null, ""match_max"": 0.5, ""refs"": 24, ""match_mode"": ""none"", ""steer_zones"": 41, ""people"": 0, ""track_id"": null, ""target_ex"": 0.0, ""target_cx_vel_px_s"": 0.0, ""target_age_s"": null, ""lidar_min_m"": 0.27, ""target_lidar_m"": null, ""target_lidar_deg"": null, ""camera_range_m"
2026-07-16T23:16:14.323,2488.324,mission_20260716_223446_manual,MANUAL,,0,13.330305099487305,100.9979476928711,150.6028844815998,4,True,0.6800000071525574,1,0,0,1,0,0.0,0.0,0.0,0,0,nan,nan,nan,88,26.299999237060547,0.0,29.0,0,31,-,READY owner=Surnn refs=24,"{""cmd"": ""STOP"", ""status"": ""READY"", ""detector"": ""yolo"", ""state"": ""IDLE"", ""owner"": ""Surnn"", ""score"": null, ""match_max"": 0.5, ""refs"": 24, ""match_mode"": ""none"", ""steer_zones"": 41, ""people"": 0, ""track_id"": null, ""target_ex"": 0.0, ""target_cx_vel_px_s"": 0.0, ""target_age_s"": null, ""lidar_min_m"": 0.26, ""target_lidar_m"": null, ""target_lidar_deg"": null, ""camera_range_m"
2026-07-16T23:16:16.454,2490.454,mission_20260716_223446_manual,MANUAL,,0,13.330305099487305,100.9979476928711,150.5943194243806,4,True,0.6779999732971191,1,0,0,1,0,0.0,0.0,0.0,0,0,nan,nan,nan,88,26.299999237060547,0.0,29.0,0,30,-,READY owner=Surnn refs=24,"{""cmd"": ""STOP"", ""status"": ""READY"", ""detector"": ""yolo"", ""state"": ""IDLE"", ""owner"": ""Surnn"", ""score"": null, ""match_max"": 0.5, ""refs"": 24, ""match_mode"": ""none"", ""steer_zones"": 41, ""people"": 0, ""track_id"": null, ""target_ex"": 0.0, ""target_cx_vel_px_s"": 0.0, ""target_age_s"": null, ""lidar_min_m"": 0.27, ""target_lidar_m"": null, ""target_lidar_deg"": null, ""camera_range_m"
2026-07-16T23:16:18.466,2492.466,mission_20260716_223446_manual,MANUAL,,0,13.330305099487305,100.9979476928711,150.6015867456575,4,True,0.6794999837875366,1,0,0,1,0,0.0,0.0,0.0,0,0,nan,nan,nan,88,26.299999237060547,0.0,29.0,0,31,-,READY owner=Surnn refs=24,"{""cmd"": ""STOP"", ""status"": ""READY"", ""detector"": ""yolo"", ""state"": ""IDLE"", ""owner"": ""Surnn"", ""score"": null, ""match_max"": 0.5, ""refs"": 24, ""match_mode"": ""none"", ""steer_zones"": 41, ""people"": 0, ""track_id"": null, ""target_ex"": 0.0, ""target_cx_vel_px_s"": 0.0, ""target_age_s"": null, ""lidar_min_m"": 0.29, ""target_lidar_m"": null, ""target_lidar_deg"": null, ""camera_range_m"
2026-07-16T23:16:20.492,2494.493,mission_20260716_223446_manual,MANUAL,,0,13.330305099487305,100.9979476928711,150.59754327366883,4,True,0.6812499761581421,1,0,0,1,0,0.0,0.0,0.0,0,0,nan,nan,nan,88,26.299999237060547,0.0,29.0,0,30,-,READY owner=Surnn refs=24,"{""cmd"": ""STOP"", ""status"": ""READY"", ""detector"": ""yolo"", ""state"": ""IDLE"", ""owner"": ""Surnn"", ""score"": null, ""match_max"": 0.5, ""refs"": 24, ""match_mode"": ""none"", ""steer_zones"": 41, ""people"": 0, ""track_id"": null, ""target_ex"": 0.0, ""target_cx_vel_px_s"": 0.0, ""target_age_s"": null, ""lidar_min_m"": 0.27, ""target_lidar_m"": null, ""target_lidar_deg"": null, ""camera_range_m"
2026-07-16T23:16:22.498,2496.499,mission_20260716_223446_manual,MANUAL,,0,13.330306053161621,100.9979476928711,150.59235232989963,4,True,0.6792500019073486,1,0,0,1,0,0.0,0.0,0.0,0,0,nan,nan,nan,88,26.299999237060547,0.0,29.0,0,29,-,READY owner=Surnn refs=24,"{""cmd"": ""STOP"", ""status"": ""READY"", ""detector"": ""yolo"", ""state"": ""IDLE"", ""owner"": ""Surnn"", ""score"": null, ""match_max"": 0.5, ""refs"": 24, ""match_mode"": ""none"", ""steer_zones"": 41, ""people"": 0, ""track_id"": null, ""target_ex"": 0.0, ""target_cx_vel_px_s"": 0.0, ""target_age_s"": null, ""lidar_min_m"": 0.28, ""target_lidar_m"": null, ""target_lidar_deg"": null, ""camera_range_m"
2026-07-16T23:16:24.522,2498.523,mission_20260716_223446_manual,MANUAL,,0,13.330307006835938,100.9979476928711,150.5855494614863,4,True,0.6802499890327454,1,0,0,1,0,0.0,0.0,0.0,0,0,nan,nan,nan,88,26.299999237060547,0.0,29.0,0,29,-,READY owner=Surnn refs=24,"{""cmd"": ""STOP"", ""status"": ""READY"", ""detector"": ""yolo"", ""state"": ""IDLE"", ""owner"": ""Surnn"", ""score"": null, ""match_max"": 0.5, ""refs"": 24, ""match_mode"": ""none"", ""steer_zones"": 41, ""people"": 0, ""track_id"": null, ""target_ex"": 0.0, ""target_cx_vel_px_s"": 0.0, ""target_age_s"": null, ""lidar_min_m"": 0.27, ""target_lidar_m"": null, ""target_lidar_deg"": null, ""camera_range_m"
2026-07-16T23:16:26.532,2500.532,mission_20260716_223446_manual,MANUAL,,0,13.330307960510254,100.9979476928711,150.59038523541867,4,True,0.6779999732971191,1,0,0,1,0,0.0,0.0,0.0,0,0,nan,nan,nan,88,26.299999237060547,0.0,29.0,0,30,-,READY owner=Surnn refs=24,"{""cmd"": ""STOP"", ""status"": ""READY"", ""detector"": ""yolo"", ""state"": ""IDLE"", ""owner"": ""Surnn"", ""score"": null, ""match_max"": 0.5, ""refs"": 24, ""match_mode"": ""none"", ""steer_zones"": 41, ""people"": 0, ""track_id"": null, ""target_ex"": 0.0, ""target_cx_vel_px_s"": 0.0, ""target_age_s"": null, ""lidar_min_m"": 0.29, ""target_lidar_m"": null, ""target_lidar_deg"": null, ""camera_range_m"
2026-07-16T23:16:28.535,2502.535,mission_20260716_223446_manual,MANUAL,,0,13.33030891418457,100.9979476928711,150.5861231973766,4,True,0.6800000071525574,1,0,0,1,0,0.0,0.0,0.0,0,0,nan,nan,nan,88,26.299999237060547,0.0,29.0,0,30,-,READY owner=Surnn refs=24,"{""cmd"": ""STOP"", ""status"": ""READY"", ""detector"": ""yolo"", ""state"": ""IDLE"", ""owner"": ""Surnn"", ""score"": null, ""match_max"": 0.5, ""refs"": 24, ""match_mode"": ""none"", ""steer_zones"": 41, ""people"": 0, ""track_id"": null, ""target_ex"": 0.0, ""target_cx_vel_px_s"": 0.0, ""target_age_s"": null, ""lidar_min_m"": 0.27, ""target_lidar_m"": null, ""target_lidar_deg"": null, ""camera_range_m"
2026-07-16T23:16:30.541,2504.541,mission_20260716_223446_manual,MANUAL,,0,13.330310821533203,100.9979476928711,150.5977345189656,4,True,0.6809999942779541,1,0,0,1,0,0.0,0.0,0.0,0,0,nan,nan,nan,88,26.299999237060547,0.0,29.0,0,30,-,READY owner=Surnn refs=24,"{""cmd"": ""STOP"", ""status"": ""READY"", ""detector"": ""yolo"", ""state"": ""IDLE"", ""owner"": ""Surnn"", ""score"": null, ""match_max"": 0.5, ""refs"": 24, ""match_mode"": ""none"", ""steer_zones"": 41, ""people"": 0, ""track_id"": null, ""target_ex"": 0.0, ""target_cx_vel_px_s"": 0.0, ""target_age_s"": null, ""lidar_min_m"": 0.27, ""target_lidar_m"": null, ""target_lidar_deg"": null, ""camera_range_m"
2026-07-16T23:16:32.548,2506.549,mission_20260716_223446_manual,MANUAL,,0,13.330312728881836,100.99794006347656,150.5959586697814,4,True,0.6782500147819519,1,0,0,1,0,0.0,0.0,0.0,0,0,nan,nan,nan,88,26.299999237060547,0.0,29.0,0,30,-,READY owner=Surnn refs=24,"{""cmd"": ""STOP"", ""status"": ""READY"", ""detector"": ""yolo"", ""state"": ""IDLE"", ""owner"": ""Surnn"", ""score"": null, ""match_max"": 0.5, ""refs"": 24, ""match_mode"": ""none"", ""steer_zones"": 41, ""people"": 0, ""track_id"": null, ""target_ex"": 0.0, ""target_cx_vel_px_s"": 0.0, ""target_age_s"": null, ""lidar_min_m"": 0.28, ""target_lidar_m"": null, ""target_lidar_deg"": null, ""camera_range_m"
2026-07-16T23:16:34.551,2508.552,mission_20260716_223446_manual,MANUAL,,0,13.330313682556152,100.99794006347656,150.591040933579,4,True,0.6794999837875366,1,0,0,1,0,0.0,0.0,0.0,0,0,nan,nan,nan,88,26.299999237060547,0.0,29.0,0,29,-,READY owner=Surnn refs=24,"{""cmd"": ""STOP"", ""status"": ""READY"", ""detector"": ""yolo"", ""state"": ""IDLE"", ""owner"": ""Surnn"", ""score"": null, ""match_max"": 0.5, ""refs"": 24, ""match_mode"": ""none"", ""steer_zones"": 41, ""people"": 0, ""track_id"": null, ""target_ex"": 0.0, ""target_cx_vel_px_s"": 0.0, ""target_age_s"": null, ""lidar_min_m"": 0.27, ""target_lidar_m"": null, ""target_lidar_deg"": null, ""camera_range_m"
2026-07-16T23:16:36.552,2510.552,mission_20260716_223446_manual,MANUAL,,0,13.330315589904785,100.99794006347656,150.59576742448465,4,True,0.6792500019073486,1,0,0,1,0,0.0,0.0,0.0,0,0,nan,nan,nan,88,26.299999237060547,0.0,29.0,0,28,-,READY owner=Surnn refs=24,"{""cmd"": ""STOP"", ""status"": ""READY"", ""detector"": ""yolo"", ""state"": ""IDLE"", ""owner"": ""Surnn"", ""score"": null, ""match_max"": 0.5, ""refs"": 24, ""match_mode"": ""none"", ""steer_zones"": 41, ""people"": 0, ""track_id"": null, ""target_ex"": 0.0, ""target_cx_vel_px_s"": 0.0, ""target_age_s"": null, ""lidar_min_m"": 0.27, ""target_lidar_m"": null, ""target_lidar_deg"": null, ""camera_range_m"
2026-07-16T23:16:38.558,2512.558,mission_20260716_223446_manual,MANUAL,,0,13.330316543579102,100.99794006347656,150.59028961277028,4,True,0.6777499914169312,1,0,0,1,0,0.0,0.0,0.0,0,0,nan,nan,nan,88,26.299999237060547,0.0,29.0,0,30,-,READY owner=Surnn refs=24,"{""cmd"": ""STOP"", ""status"": ""READY"", ""detector"": ""yolo"", ""state"": ""IDLE"", ""owner"": ""Surnn"", ""score"": null, ""match_max"": 0.5, ""refs"": 24, ""match_mode"": ""none"", ""steer_zones"": 41, ""people"": 0, ""track_id"": null, ""target_ex"": 0.0, ""target_cx_vel_px_s"": 0.0, ""target_age_s"": null, ""lidar_min_m"": 0.29, ""target_lidar_m"": null, ""target_lidar_deg"": null, ""camera_range_m"
2026-07-16T23:16:40.681,2514.681,mission_20260716_223446_manual,MANUAL,,0,13.330317497253418,100.99794006347656,150.58658765024015,4,True,0.6777499914169312,1,0,0,1,0,0.0,0.0,0.0,0,0,nan,nan,nan,88,26.299999237060547,0.0,29.0,0,31,-,READY owner=Surnn refs=24,"{""cmd"": ""STOP"", ""status"": ""READY"", ""detector"": ""yolo"", ""state"": ""IDLE"", ""owner"": ""Surnn"", ""score"": null, ""match_max"": 0.5, ""refs"": 24, ""match_mode"": ""none"", ""steer_zones"": 41, ""people"": 0, ""track_id"": null, ""target_ex"": 0.0, ""target_cx_vel_px_s"": 0.0, ""target_age_s"": null, ""lidar_min_m"": 0.29, ""target_lidar_m"": null, ""target_lidar_deg"": null, ""camera_range_m"
2026-07-16T23:16:42.682,2516.682,mission_20260716_223446_manual,MANUAL,,0,13.330318450927734,100.99794006347656,150.5932675752484,4,True,0.6790000200271606,1,0,0,1,0,0.0,0.0,0.0,0,0,nan,nan,nan,88,26.299999237060547,0.0,29.0,0,30,-,READY owner=Surnn refs=24,"{""cmd"": ""STOP"", ""status"": ""READY"", ""detector"": ""yolo"", ""state"": ""IDLE"", ""owner"": ""Surnn"", ""score"": null, ""match_max"": 0.5, ""refs"": 24, ""match_mode"": ""none"", ""steer_zones"": 41, ""people"": 0, ""track_id"": null, ""target_ex"": 0.0, ""target_cx_vel_px_s"": 0.0, ""target_age_s"": null, ""lidar_min_m"": 0.27, ""target_lidar_m"": null, ""target_lidar_deg"": null, ""camera_range_m"
2026-07-16T23:16:44.810,2518.811,mission_20260716_223446_manual,MANUAL,,0,13.330320358276367,100.99794006347656,150.59172395249598,4,True,0.6800000071525574,1,0,0,1,0,0.0,0.0,0.0,0,0,nan,nan,nan,88,26.299999237060547,0.0,29.0,0,31,-,READY owner=Surnn refs=24,"{""cmd"": ""STOP"", ""status"": ""READY"", ""detector"": ""yolo"", ""state"": ""IDLE"", ""owner"": ""Surnn"", ""score"": null, ""match_max"": 0.5, ""refs"": 24, ""match_mode"": ""none"", ""steer_zones"": 41, ""people"": 0, ""track_id"": null, ""target_ex"": 0.0, ""target_cx_vel_px_s"": 0.0, ""target_age_s"": null, ""lidar_min_m"": 0.27, ""target_lidar_m"": null, ""target_lidar_deg"": null, ""camera_range_m"
2026-07-16T23:16:46.821,2520.822,mission_20260716_223446_manual,MANUAL,,0,13.330321311950684,100.99794006347656,150.59030327314863,4,True,0.6807500123977661,1,0,0,1,0,0.0,0.0,0.0,0,0,nan,nan,nan,88,26.299999237060547,0.0,29.0,0,31,-,READY owner=Surnn refs=24,"{""cmd"": ""STOP"", ""status"": ""READY"", ""detector"": ""yolo"", ""state"": ""IDLE"", ""owner"": ""Surnn"", ""score"": null, ""match_max"": 0.5, ""refs"": 24, ""match_mode"": ""none"", ""steer_zones"": 41, ""people"": 0, ""track_id"": null, ""target_ex"": 0.0, ""target_cx_vel_px_s"": 0.0, ""target_age_s"": null, ""lidar_min_m"": 0.27, ""target_lidar_m"": null, ""target_lidar_deg"": null, ""camera_range_m"
2026-07-16T23:16:48.830,2522.83,mission_20260716_223446_manual,MANUAL,,0,13.330323219299316,100.99794006347656,150.6049745194858,4,True,0.6797500252723694,1,0,0,1,0,0.0,0.0,0.0,0,0,nan,nan,nan,88,26.299999237060547,0.0,29.0,0,31,-,READY owner=Surnn refs=24,"{""cmd"": ""STOP"", ""status"": ""READY"", ""detector"": ""yolo"", ""state"": ""IDLE"", ""owner"": ""Surnn"", ""score"": null, ""match_max"": 0.5, ""refs"": 24, ""match_mode"": ""none"", ""steer_zones"": 41, ""people"": 0, ""track_id"": null, ""target_ex"": 0.0, ""target_cx_vel_px_s"": 0.0, ""target_age_s"": null, ""lidar_min_m"": 0.28, ""target_lidar_m"": null, ""target_lidar_deg"": null, ""camera_range_m"
2026-07-16T23:16:50.853,2524.854,mission_20260716_223446_manual,MANUAL,,0,13.330324172973633,100.99794006347656,150.62524652094243,4,True,0.6792500019073486,1,0,0,1,0,0.0,0.0,0.0,0,0,nan,nan,nan,88,26.299999237060547,0.0,29.0,0,31,-,READY owner=Surnn refs=24,"{""cmd"": ""STOP"", ""status"": ""READY"", ""detector"": ""yolo"", ""state"": ""IDLE"", ""owner"": ""Surnn"", ""score"": null, ""match_max"": 0.5, ""refs"": 24, ""match_mode"": ""none"", ""steer_zones"": 41, ""people"": 0, ""track_id"": null, ""target_ex"": 0.0, ""target_cx_vel_px_s"": 0.0, ""target_age_s"": null, ""lidar_min_m"": 0.29, ""target_lidar_m"": null, ""target_lidar_deg"": null, ""camera_range_m"
2026-07-16T23:16:52.974,2526.974,mission_20260716_223446_manual,MANUAL,,0,13.330326080322266,100.99794006347656,150.63928938987596,4,True,0.6797500252723694,1,0,0,1,0,0.0,0.0,0.0,0,0,nan,nan,nan,88,26.299999237060547,0.0,29.0,0,31,-,READY owner=Surnn refs=24,"{""cmd"": ""STOP"", ""status"": ""READY"", ""detector"": ""yolo"", ""state"": ""IDLE"", ""owner"": ""Surnn"", ""score"": null, ""match_max"": 0.5, ""refs"": 24, ""match_mode"": ""none"", ""steer_zones"": 41, ""people"": 0, ""track_id"": null, ""target_ex"": 0.0, ""target_cx_vel_px_s"": 0.0, ""target_age_s"": null, ""lidar_min_m"": 0.27, ""target_lidar_m"": null, ""target_lidar_deg"": null, ""camera_range_m"
2026-07-16T23:16:54.979,2528.979,mission_20260716_223446_manual,MANUAL,,0,13.330327987670898,100.99794006347656,150.65632388166597,4,True,0.6782500147819519,1,0,0,1,0,0.0,0.0,0.0,0,0,nan,nan,nan,88,26.299999237060547,0.0,29.0,0,31,-,READY owner=Surnn refs=24,"{""cmd"": ""STOP"", ""status"": ""READY"", ""detector"": ""yolo"", ""state"": ""IDLE"", ""owner"": ""Surnn"", ""score"": null, ""match_max"": 0.5, ""refs"": 24, ""match_mode"": ""none"", ""steer_zones"": 41, ""people"": 0, ""track_id"": null, ""target_ex"": 0.0, ""target_cx_vel_px_s"": 0.0, ""target_age_s"": null, ""lidar_min_m"": 0.27, ""target_lidar_m"": null, ""target_lidar_deg"": null, ""camera_range_m"
2026-07-16T23:16:56.990,2530.99,mission_20260716_223446_manual,MANUAL,,0,13.330329895019531,100.99794006347656,150.65829097614693,4,True,0.6769999861717224,1,0,0,1,0,0.0,0.0,0.0,0,0,nan,nan,nan,88,26.299999237060547,0.0,29.0,0,31,-,READY owner=Surnn refs=24,"{""cmd"": ""STOP"", ""status"": ""READY"", ""detector"": ""yolo"", ""state"": ""IDLE"", ""owner"": ""Surnn"", ""score"": null, ""match_max"": 0.5, ""refs"": 24, ""match_mode"": ""none"", ""steer_zones"": 41, ""people"": 0, ""track_id"": null, ""target_ex"": 0.0, ""target_cx_vel_px_s"": 0.0, ""target_age_s"": null, ""lidar_min_m"": 0.27, ""target_lidar_m"": null, ""target_lidar_deg"": null, ""camera_range_m"
2026-07-16T23:16:58.997,2532.998,mission_20260716_223446_manual,MANUAL,,0,13.330330848693848,100.99794006347656,150.65613263636922,4,True,0.6825000047683716,1,0,0,1,0,0.0,0.0,0.0,0,0,nan,nan,nan,88,26.299999237060547,0.0,29.0,0,31,-,READY owner=Surnn refs=24,"{""cmd"": ""STOP"", ""status"": ""READY"", ""detector"": ""yolo"", ""state"": ""IDLE"", ""owner"": ""Surnn"", ""score"": null, ""match_max"": 0.5, ""refs"": 24, ""match_mode"": ""none"", ""steer_zones"": 41, ""people"": 0, ""track_id"": null, ""target_ex"": 0.0, ""target_cx_vel_px_s"": 0.0, ""target_age_s"": null, ""lidar_min_m"": 0.28, ""target_lidar_m"": null, ""target_lidar_deg"": null, ""camera_range_m"
2026-07-16T23:17:01.021,2535.022,mission_20260716_223446_manual,MANUAL,,0,13.33033275604248,100.99794006347656,150.64581905072248,4,True,0.6800000071525574,1,0,0,1,0,0.0,0.0,0.0,0,0,nan,nan,nan,88,26.299999237060547,0.0,29.0,0,30,-,READY owner=Surnn refs=24,"{""cmd"": ""STOP"", ""status"": ""READY"", ""detector"": ""yolo"", ""state"": ""IDLE"", ""owner"": ""Surnn"", ""score"": null, ""match_max"": 0.5, ""refs"": 24, ""match_mode"": ""none"", ""steer_zones"": 41, ""people"": 0, ""track_id"": null, ""target_ex"": 0.0, ""target_cx_vel_px_s"": 0.0, ""target_age_s"": null, ""lidar_min_m"": 0.28, ""target_lidar_m"": null, ""target_lidar_deg"": null, ""camera_range_m"
2026-07-16T23:17:03.115,2537.116,mission_20260716_223446_manual,MANUAL,,0,13.330333709716797,100.99794006347656,150.6417209372205,4,True,0.6794999837875366,1,0,0,1,0,0.0,0.0,0.0,0,0,nan,nan,nan,88,26.299999237060547,0.0,29.0,0,30,-,READY owner=Surnn refs=24,"{""cmd"": ""STOP"", ""status"": ""READY"", ""detector"": ""yolo"", ""state"": ""IDLE"", ""owner"": ""Surnn"", ""score"": null, ""match_max"": 0.5, ""refs"": 24, ""match_mode"": ""none"", ""steer_zones"": 41, ""people"": 0, ""track_id"": null, ""target_ex"": 0.0, ""target_cx_vel_px_s"": 0.0, ""target_age_s"": null, ""lidar_min_m"": 0.29, ""target_lidar_m"": null, ""target_lidar_deg"": null, ""camera_range_m"
2026-07-16T23:17:05.147,2539.148,mission_20260716_223446_manual,MANUAL,,0,13.330334663391113,100.99794006347656,150.64040954089984,4,True,0.6792500019073486,1,0,0,1,0,0.0,0.0,0.0,0,0,nan,nan,nan,88,26.299999237060547,0.0,29.0,0,29,-,READY owner=Surnn refs=24,"{""cmd"": ""STOP"", ""status"": ""READY"", ""detector"": ""yolo"", ""state"": ""IDLE"", ""owner"": ""Surnn"", ""score"": null, ""match_max"": 0.5, ""refs"": 24, ""match_mode"": ""none"", ""steer_zones"": 41, ""people"": 0, ""track_id"": null, ""target_ex"": 0.0, ""target_cx_vel_px_s"": 0.0, ""target_age_s"": null, ""lidar_min_m"": 0.27, ""target_lidar_m"": null, ""target_lidar_deg"": null, ""camera_range_m"
2026-07-16T23:17:07.161,2541.162,mission_20260716_223446_manual,MANUAL,,0,13.33033561706543,100.99794006347656,150.63844244641888,4,True,0.6790000200271606,1,0,0,1,0,0.0,0.0,0.0,0,0,nan,nan,nan,88,26.299999237060547,0.0,29.0,0,29,-,READY owner=Surnn refs=24,"{""cmd"": ""STOP"", ""status"": ""READY"", ""detector"": ""yolo"", ""state"": ""IDLE"", ""owner"": ""Surnn"", ""score"": null, ""match_max"": 0.5, ""refs"": 24, ""match_mode"": ""none"", ""steer_zones"": 41, ""people"": 0, ""track_id"": null, ""target_ex"": 0.0, ""target_cx_vel_px_s"": 0.0, ""target_age_s"": null, ""lidar_min_m"": 0.28, ""target_lidar_m"": null, ""target_lidar_deg"": null, ""camera_range_m"
2026-07-16T23:17:09.162,2543.163,mission_20260716_223446_manual,MANUAL,,0,13.330336570739746,100.99793243408203,150.63831950301383,4,True,0.6794999837875366,1,0,0,1,0,0.0,0.0,0.0,0,0,nan,nan,nan,88,26.299999237060547,0.0,29.0,0,29,-,READY owner=Surnn refs=24,"{""cmd"": ""STOP"", ""status"": ""READY"", ""detector"": ""yolo"", ""state"": ""IDLE"", ""owner"": ""Surnn"", ""score"": null, ""match_max"": 0.5, ""refs"": 24, ""match_mode"": ""none"", ""steer_zones"": 41, ""people"": 0, ""track_id"": null, ""target_ex"": 0.0, ""target_cx_vel_px_s"": 0.0, ""target_age_s"": null, ""lidar_min_m"": 0.29, ""target_lidar_m"": null, ""target_lidar_deg"": null, ""camera_range_m"
2026-07-16T23:17:11.174,2545.175,mission_20260716_223446_manual,MANUAL,,0,13.330338478088379,100.99793243408203,150.6349317291855,4,True,0.6787499785423279,1,0,0,1,0,0.0,0.0,0.0,0,0,nan,nan,nan,88,26.299999237060547,0.0,29.0,0,29,-,READY owner=Surnn refs=24,"{""cmd"": ""STOP"", ""status"": ""READY"", ""detector"": ""yolo"", ""state"": ""IDLE"", ""owner"": ""Surnn"", ""score"": null, ""match_max"": 0.5, ""refs"": 24, ""match_mode"": ""none"", ""steer_zones"": 41, ""people"": 0, ""track_id"": null, ""target_ex"": 0.0, ""target_cx_vel_px_s"": 0.0, ""target_age_s"": null, ""lidar_min_m"": 0.28, ""target_lidar_m"": null, ""target_lidar_deg"": null, ""camera_range_m"
2026-07-16T23:17:13.299,2547.299,mission_20260716_223446_manual,MANUAL,,0,13.330340385437012,100.99793243408203,150.63952161630775,4,True,0.6790000200271606,1,0,0,1,0,0.0,0.0,0.0,0,0,nan,nan,nan,88,26.299999237060547,0.0,29.0,0,29,-,READY owner=Surnn refs=24,"{""cmd"": ""STOP"", ""status"": ""READY"", ""detector"": ""yolo"", ""state"": ""IDLE"", ""owner"": ""Surnn"", ""score"": null, ""match_max"": 0.5, ""refs"": 24, ""match_mode"": ""none"", ""steer_zones"": 41, ""people"": 0, ""track_id"": null, ""target_ex"": 0.0, ""target_cx_vel_px_s"": 0.0, ""target_age_s"": null, ""lidar_min_m"": 0.29, ""target_lidar_m"": null, ""target_lidar_deg"": null, ""camera_range_m"
2026-07-16T23:17:15.300,2549.301,mission_20260716_223446_manual,MANUAL,,0,13.330341339111328,100.99793243408203,150.63969920122616,4,True,0.6775000095367432,1,0,0,1,0,0.0,0.0,0.0,0,0,nan,nan,nan,88,26.299999237060547,0.0,29.0,0,29,-,READY owner=Surnn refs=24,"{""cmd"": ""STOP"", ""status"": ""READY"", ""detector"": ""yolo"", ""state"": ""IDLE"", ""owner"": ""Surnn"", ""score"": null, ""match_max"": 0.5, ""refs"": 24, ""match_mode"": ""none"", ""steer_zones"": 41, ""people"": 0, ""track_id"": null, ""target_ex"": 0.0, ""target_cx_vel_px_s"": 0.0, ""target_age_s"": null, ""lidar_min_m"": 0.29, ""target_lidar_m"": null, ""target_lidar_deg"": null, ""camera_range_m"
2026-07-16T23:17:17.607,2551.607,mission_20260716_223446_manual,MANUAL,,0,13.330342292785645,100.99793243408203,150.63057406849504,4,True,0.6787499785423279,1,0,0,1,0,0.0,0.0,0.0,0,0,nan,nan,nan,88,26.299999237060547,0.0,29.0,0,29,-,READY owner=Surnn refs=24,"{""cmd"": ""STOP"", ""status"": ""READY"", ""detector"": ""yolo"", ""state"": ""IDLE"", ""owner"": ""Surnn"", ""score"": null, ""match_max"": 0.5, ""refs"": 24, ""match_mode"": ""none"", ""steer_zones"": 41, ""people"": 0, ""track_id"": null, ""target_ex"": 0.0, ""target_cx_vel_px_s"": 0.0, ""target_age_s"": null, ""lidar_min_m"": 0.27, ""target_lidar_m"": null, ""target_lidar_deg"": null, ""camera_range_m"
2026-07-16T23:17:19.701,2553.701,mission_20260716_223446_manual,MANUAL,,0,13.330343246459961,100.99793243408203,150.6172142184785,4,True,0.6765000224113464,1,0,0,1,0,0.0,0.0,0.0,0,0,nan,nan,nan,88,26.299999237060547,0.0,29.0,0,29,-,READY owner=Surnn refs=24,"{""cmd"": ""STOP"", ""status"": ""READY"", ""detector"": ""yolo"", ""state"": ""IDLE"", ""owner"": ""Surnn"", ""score"": null, ""match_max"": 0.5, ""refs"": 24, ""match_mode"": ""none"", ""steer_zones"": 41, ""people"": 0, ""track_id"": null, ""target_ex"": 0.0, ""target_cx_vel_px_s"": 0.0, ""target_age_s"": null, ""lidar_min_m"": 0.27, ""target_lidar_m"": null, ""target_lidar_deg"": null, ""camera_range_m"
2026-07-16T23:17:21.732,2555.733,mission_20260716_223446_manual,MANUAL,,0,13.330344200134277,100.99793243408203,150.61307512384144,4,True,0.6792500019073486,1,0,0,1,0,0.0,0.0,0.0,0,0,nan,nan,nan,88,26.299999237060547,0.0,29.0,0,29,-,READY owner=Surnn refs=24,"{""cmd"": ""STOP"", ""status"": ""READY"", ""detector"": ""yolo"", ""state"": ""IDLE"", ""owner"": ""Surnn"", ""score"": null, ""match_max"": 0.5, ""refs"": 24, ""match_mode"": ""none"", ""steer_zones"": 41, ""people"": 0, ""track_id"": null, ""target_ex"": 0.0, ""target_cx_vel_px_s"": 0.0, ""target_age_s"": null, ""lidar_min_m"": 0.28, ""target_lidar_m"": null, ""target_lidar_deg"": null, ""camera_range_m"
2026-07-16T23:17:23.761,2557.762,mission_20260716_223446_manual,MANUAL,,0,13.330344200134277,100.99793243408203,150.60442810435222,4,True,0.6794999837875366,1,0,0,1,0,0.0,0.0,0.0,0,0,nan,nan,nan,88,26.299999237060547,0.0,29.0,0,29,-,READY owner=Surnn refs=24,"{""cmd"": ""STOP"", ""status"": ""READY"", ""detector"": ""yolo"", ""state"": ""IDLE"", ""owner"": ""Surnn"", ""score"": null, ""match_max"": 0.5, ""refs"": 24, ""match_mode"": ""none"", ""steer_zones"": 41, ""people"": 0, ""track_id"": null, ""target_ex"": 0.0, ""target_cx_vel_px_s"": 0.0, ""target_age_s"": null, ""lidar_min_m"": 0.27, ""target_lidar_m"": null, ""target_lidar_deg"": null, ""camera_range_m"
2026-07-16T23:17:25.774,2559.774,mission_20260716_223446_manual,MANUAL,,0,13.330345153808594,100.99793243408203,150.59829459447755,4,True,0.6779999732971191,1,0,0,1,0,0.0,0.0,0.0,0,0,nan,nan,nan,88,26.299999237060547,0.0,29.0,0,29,-,READY owner=Surnn refs=24,"{""cmd"": ""STOP"", ""status"": ""READY"", ""detector"": ""yolo"", ""state"": ""IDLE"", ""owner"": ""Surnn"", ""score"": null, ""match_max"": 0.5, ""refs"": 24, ""match_mode"": ""none"", ""steer_zones"": 41, ""people"": 0, ""track_id"": null, ""target_ex"": 0.0, ""target_cx_vel_px_s"": 0.0, ""target_age_s"": null, ""lidar_min_m"": 0.29, ""target_lidar_m"": null, ""target_lidar_deg"": null, ""camera_range_m"
2026-07-16T23:17:27.815,2561.816,mission_20260716_223446_manual,MANUAL,,0,13.330345153808594,100.99793243408203,150.5988273492328,4,True,0.6777499914169312,1,0,0,1,0,0.0,0.0,0.0,0,0,nan,nan,nan,88,26.299999237060547,0.0,29.0,0,28,-,READY owner=Surnn refs=24,"{""cmd"": ""STOP"", ""status"": ""READY"", ""detector"": ""yolo"", ""state"": ""IDLE"", ""owner"": ""Surnn"", ""score"": null, ""match_max"": 0.5, ""refs"": 24, ""match_mode"": ""none"", ""steer_zones"": 41, ""people"": 0, ""track_id"": null, ""target_ex"": 0.0, ""target_cx_vel_px_s"": 0.0, ""target_age_s"": null, ""lidar_min_m"": 0.29, ""target_lidar_m"": null, ""target_lidar_deg"": null, ""camera_range_m"
2026-07-16T23:17:29.866,2563.866,mission_20260716_223446_manual,MANUAL,,0,13.330345153808594,100.99793243408203,150.6130614634631,4,True,0.6790000200271606,1,0,0,1,0,0.0,0.0,0.0,0,0,nan,nan,nan,88,26.299999237060547,0.0,29.0,0,28,-,READY owner=Surnn refs=24,"{""cmd"": ""STOP"", ""status"": ""READY"", ""detector"": ""yolo"", ""state"": ""IDLE"", ""owner"": ""Surnn"", ""score"": null, ""match_max"": 0.5, ""refs"": 24, ""match_mode"": ""none"", ""steer_zones"": 41, ""people"": 0, ""track_id"": null, ""target_ex"": 0.0, ""target_cx_vel_px_s"": 0.0, ""target_age_s"": null, ""lidar_min_m"": 0.28, ""target_lidar_m"": null, ""target_lidar_deg"": null, ""camera_range_m"
2026-07-16T23:17:31.904,2565.904,mission_20260716_223446_manual,MANUAL,,0,13.33034610748291,100.99793243408203,150.62833376644727,4,True,0.6802499890327454,1,0,0,1,0,0.0,0.0,0.0,0,0,nan,nan,nan,88,26.299999237060547,0.0,29.0,0,28,-,READY owner=Surnn refs=24,"{""cmd"": ""STOP"", ""status"": ""READY"", ""detector"": ""yolo"", ""state"": ""IDLE"", ""owner"": ""Surnn"", ""score"": null, ""match_max"": 0.5, ""refs"": 24, ""match_mode"": ""none"", ""steer_zones"": 41, ""people"": 0, ""track_id"": null, ""target_ex"": 0.0, ""target_cx_vel_px_s"": 0.0, ""target_age_s"": null, ""lidar_min_m"": 0.29, ""target_lidar_m"": null, ""target_lidar_deg"": null, ""camera_range_m"
2026-07-16T23:17:33.928,2567.928,mission_20260716_223446_manual,MANUAL,,0,13.33034610748291,100.99793243408203,150.63200840822074,4,True,0.6804999709129333,1,0,0,1,0,0.0,0.0,0.0,0,0,nan,nan,nan,88,26.299999237060547,0.0,29.0,0,28,-,READY owner=Surnn refs=24,"{""cmd"": ""STOP"", ""status"": ""READY"", ""detector"": ""yolo"", ""state"": ""IDLE"", ""owner"": ""Surnn"", ""score"": null, ""match_max"": 0.5, ""refs"": 24, ""match_mode"": ""none"", ""steer_zones"": 41, ""people"": 0, ""track_id"": null, ""target_ex"": 0.0, ""target_cx_vel_px_s"": 0.0, ""target_age_s"": null, ""lidar_min_m"": 0.27, ""target_lidar_m"": null, ""target_lidar_deg"": null, ""camera_range_m"
2026-07-16T23:17:35.932,2569.933,mission_20260716_223446_manual,MANUAL,,0,13.330347061157227,100.99793243408203,150.63299195546122,4,True,0.6779999732971191,1,0,0,1,0,0.0,0.0,0.0,0,0,nan,nan,nan,88,26.299999237060547,0.0,29.0,0,29,-,READY owner=Surnn refs=24,"{""cmd"": ""STOP"", ""status"": ""READY"", ""detector"": ""yolo"", ""state"": ""IDLE"", ""owner"": ""Surnn"", ""score"": null, ""match_max"": 0.5, ""refs"": 24, ""match_mode"": ""none"", ""steer_zones"": 41, ""people"": 0, ""track_id"": null, ""target_ex"": 0.0, ""target_cx_vel_px_s"": 0.0, ""target_age_s"": null, ""lidar_min_m"": 0.26, ""target_lidar_m"": null, ""target_lidar_deg"": null, ""camera_range_m"
2026-07-16T23:17:38.055,2572.056,mission_20260716_223446_manual,MANUAL,,0,13.330348014831543,100.99793243408203,150.6322406346525,4,True,0.6790000200271606,1,0,0,1,0,0.0,0.0,0.0,0,0,nan,nan,nan,88,26.299999237060547,0.0,29.0,0,29,-,READY owner=Surnn refs=24,"{""cmd"": ""STOP"", ""status"": ""READY"", ""detector"": ""yolo"", ""state"": ""IDLE"", ""owner"": ""Surnn"", ""score"": null, ""match_max"": 0.5, ""refs"": 24, ""match_mode"": ""none"", ""steer_zones"": 41, ""people"": 0, ""track_id"": null, ""target_ex"": 0.0, ""target_cx_vel_px_s"": 0.0, ""target_age_s"": null, ""lidar_min_m"": 0.27, ""target_lidar_m"": null, ""target_lidar_deg"": null, ""camera_range_m"
2026-07-16T23:17:40.134,2574.134,mission_20260716_223446_manual,MANUAL,,0,13.33034896850586,100.99793243408203,150.6321996535175,4,True,0.6797500252723694,1,0,0,1,0,0.0,0.0,0.0,0,0,nan,nan,nan,88,26.299999237060547,0.0,29.0,0,29,-,READY owner=Surnn refs=24,"{""cmd"": ""STOP"", ""status"": ""READY"", ""detector"": ""yolo"", ""state"": ""IDLE"", ""owner"": ""Surnn"", ""score"": null, ""match_max"": 0.5, ""refs"": 24, ""match_mode"": ""none"", ""steer_zones"": 41, ""people"": 0, ""track_id"": null, ""target_ex"": 0.0, ""target_cx_vel_px_s"": 0.0, ""target_age_s"": null, ""lidar_min_m"": 0.28, ""target_lidar_m"": null, ""target_lidar_deg"": null, ""camera_range_m"
2026-07-16T23:17:42.157,2576.157,mission_20260716_223446_manual,MANUAL,,0,13.330348014831543,100.99793243408203,150.63091557795352,4,True,0.6792500019073486,1,0,0,1,0,0.0,0.0,0.0,0,0,nan,nan,nan,88,26.299999237060547,0.0,29.0,0,30,-,READY owner=Surnn refs=24,"{""cmd"": ""STOP"", ""status"": ""READY"", ""detector"": ""yolo"", ""state"": ""IDLE"", ""owner"": ""Surnn"", ""score"": null, ""match_max"": 0.5, ""refs"": 24, ""match_mode"": ""none"", ""steer_zones"": 41, ""people"": 0, ""track_id"": null, ""target_ex"": 0.0, ""target_cx_vel_px_s"": 0.0, ""target_age_s"": null, ""lidar_min_m"": 0.27, ""target_lidar_m"": null, ""target_lidar_deg"": null, ""camera_range_m"
2026-07-16T23:17:44.189,2578.189,mission_20260716_223446_manual,MANUAL,,0,13.330348014831543,100.99793243408203,150.6287572381758,4,True,0.6787499785423279,1,0,0,1,0,0.0,0.0,0.0,0,0,nan,nan,nan,88,26.299999237060547,0.0,29.0,0,30,-,READY owner=Surnn refs=24,"{""cmd"": ""STOP"", ""status"": ""READY"", ""detector"": ""yolo"", ""state"": ""IDLE"", ""owner"": ""Surnn"", ""score"": null, ""match_max"": 0.5, ""refs"": 24, ""match_mode"": ""none"", ""steer_zones"": 41, ""people"": 0, ""track_id"": null, ""target_ex"": 0.0, ""target_cx_vel_px_s"": 0.0, ""target_age_s"": null, ""lidar_min_m"": 0.28, ""target_lidar_m"": null, ""target_lidar_deg"": null, ""camera_range_m"
2026-07-16T23:17:46.217,2580.217,mission_20260716_223446_manual,MANUAL,,0,13.330348014831543,100.99793243408203,150.63084727606181,4,True,0.6797500252723694,1,0,0,1,0,0.0,0.0,0.0,0,0,nan,nan,nan,88,26.299999237060547,0.0,29.0,0,30,-,READY owner=Surnn refs=24,"{""cmd"": ""STOP"", ""status"": ""READY"", ""detector"": ""yolo"", ""state"": ""IDLE"", ""owner"": ""Surnn"", ""score"": null, ""match_max"": 0.5, ""refs"": 24, ""match_mode"": ""none"", ""steer_zones"": 41, ""people"": 0, ""track_id"": null, ""target_ex"": 0.0, ""target_cx_vel_px_s"": 0.0, ""target_age_s"": null, ""lidar_min_m"": 0.28, ""target_lidar_m"": null, ""target_lidar_deg"": null, ""camera_range_m"
2026-07-16T23:17:48.255,2582.255,mission_20260716_223446_manual,MANUAL,,0,13.330347061157227,100.99793243408203,150.63478146502376,4,True,0.6784999966621399,1,0,0,1,0,0.0,0.0,0.0,0,0,nan,nan,nan,88,26.299999237060547,0.0,29.0,0,31,-,READY owner=Surnn refs=24,"{""cmd"": ""STOP"", ""status"": ""READY"", ""detector"": ""yolo"", ""state"": ""IDLE"", ""owner"": ""Surnn"", ""score"": null, ""match_max"": 0.5, ""refs"": 24, ""match_mode"": ""none"", ""steer_zones"": 41, ""people"": 0, ""track_id"": null, ""target_ex"": 0.0, ""target_cx_vel_px_s"": 0.0, ""target_age_s"": null, ""lidar_min_m"": 0.28, ""target_lidar_m"": null, ""target_lidar_deg"": null, ""camera_range_m"
2026-07-16T23:17:50.311,2584.311,mission_20260716_223446_manual,MANUAL,,0,13.330347061157227,100.99793243408203,150.64314161656785,4,True,0.6794999837875366,1,0,0,1,0,0.0,0.0,0.0,0,0,nan,nan,nan,88,26.299999237060547,0.0,29.0,0,30,-,READY owner=Surnn refs=24,"{""cmd"": ""STOP"", ""status"": ""READY"", ""detector"": ""yolo"", ""state"": ""IDLE"", ""owner"": ""Surnn"", ""score"": null, ""match_max"": 0.5, ""refs"": 24, ""match_mode"": ""none"", ""steer_zones"": 41, ""people"": 0, ""track_id"": null, ""target_ex"": 0.0, ""target_cx_vel_px_s"": 0.0, ""target_age_s"": null, ""lidar_min_m"": 0.28, ""target_lidar_m"": null, ""target_lidar_deg"": null, ""camera_range_m"
2026-07-16T23:17:52.317,2586.317,mission_20260716_223446_manual,MANUAL,,0,13.330347061157227,100.99793243408203,150.64728071120487,4,True,0.6797500252723694,1,0,0,1,0,0.0,0.0,0.0,0,0,nan,nan,nan,88,26.299999237060547,0.0,29.0,0,30,-,READY owner=Surnn refs=24,"{""cmd"": ""STOP"", ""status"": ""READY"", ""detector"": ""yolo"", ""state"": ""IDLE"", ""owner"": ""Surnn"", ""score"": null, ""match_max"": 0.5, ""refs"": 24, ""match_mode"": ""none"", ""steer_zones"": 41, ""people"": 0, ""track_id"": null, ""target_ex"": 0.0, ""target_cx_vel_px_s"": 0.0, ""target_age_s"": null, ""lidar_min_m"": 0.28, ""target_lidar_m"": null, ""target_lidar_deg"": null, ""camera_range_m"
2026-07-16T23:17:54.347,2588.348,mission_20260716_223446_manual,MANUAL,,0,13.33034610748291,100.99793243408203,150.6541792022666,4,True,0.6802499890327454,1,0,0,1,0,0.0,0.0,0.0,0,0,nan,nan,nan,88,26.299999237060547,0.0,29.0,0,30,-,READY owner=Surnn refs=24,"{""cmd"": ""STOP"", ""status"": ""READY"", ""detector"": ""yolo"", ""state"": ""IDLE"", ""owner"": ""Surnn"", ""score"": null, ""match_max"": 0.5, ""refs"": 24, ""match_mode"": ""none"", ""steer_zones"": 41, ""people"": 0, ""track_id"": null, ""target_ex"": 0.0, ""target_cx_vel_px_s"": 0.0, ""target_age_s"": null, ""lidar_min_m"": 0.27, ""target_lidar_m"": null, ""target_lidar_deg"": null, ""camera_range_m"
2026-07-16T23:17:56.464,2590.464,mission_20260716_223446_manual,MANUAL,,0,13.33034610748291,100.99793243408203,150.669984260006,4,True,0.6782500147819519,1,0,0,1,0,0.0,0.0,0.0,0,0,nan,nan,nan,88,26.299999237060547,0.0,29.0,0,30,-,READY owner=Surnn refs=24,"{""cmd"": ""STOP"", ""status"": ""READY"", ""detector"": ""yolo"", ""state"": ""IDLE"", ""owner"": ""Surnn"", ""score"": null, ""match_max"": 0.5, ""refs"": 24, ""match_mode"": ""none"", ""steer_zones"": 41, ""people"": 0, ""track_id"": null, ""target_ex"": 0.0, ""target_cx_vel_px_s"": 0.0, ""target_age_s"": null, ""lidar_min_m"": 0.29, ""target_lidar_m"": null, ""target_lidar_deg"": null, ""camera_range_m"
2026-07-16T23:17:58.480,2592.48,mission_20260716_223446_manual,MANUAL,,0,13.330345153808594,100.99793243408203,150.66656916542098,4,True,0.6794999837875366,1,0,0,1,0,0.0,0.0,0.0,0,0,nan,nan,nan,88,26.299999237060547,0.0,29.0,0,30,-,READY owner=Surnn refs=24,"{""cmd"": ""STOP"", ""status"": ""READY"", ""detector"": ""yolo"", ""state"": ""IDLE"", ""owner"": ""Surnn"", ""score"": null, ""match_max"": 0.5, ""refs"": 24, ""match_mode"": ""none"", ""steer_zones"": 41, ""people"": 0, ""track_id"": null, ""target_ex"": 0.0, ""target_cx_vel_px_s"": 0.0, ""target_age_s"": null, ""lidar_min_m"": 0.29, ""target_lidar_m"": null, ""target_lidar_deg"": null, ""camera_range_m"
2026-07-16T23:18:00.509,2594.51,mission_20260716_223446_manual,MANUAL,,0,13.330345153808594,100.99793243408203,150.66264863683742,4,True,0.6777499914169312,1,0,0,1,0,0.0,0.0,0.0,0,0,nan,nan,nan,88,26.299999237060547,0.0,29.0,0,30,-,READY owner=Surnn refs=24,"{""cmd"": ""STOP"", ""status"": ""READY"", ""detector"": ""yolo"", ""state"": ""IDLE"", ""owner"": ""Surnn"", ""score"": null, ""match_max"": 0.5, ""refs"": 24, ""match_mode"": ""none"", ""steer_zones"": 41, ""people"": 0, ""track_id"": null, ""target_ex"": 0.0, ""target_cx_vel_px_s"": 0.0, ""target_age_s"": null, ""lidar_min_m"": 0.29, ""target_lidar_m"": null, ""target_lidar_deg"": null, ""camera_range_m"
2026-07-16T23:18:02.553,2596.553,mission_20260716_223446_manual,MANUAL,,0,13.330344200134277,100.99793243408203,150.6512832020585,4,True,0.6777499914169312,1,0,0,1,0,0.0,0.0,0.0,0,0,nan,nan,nan,88,26.299999237060547,0.0,29.0,0,30,-,READY owner=Surnn refs=24,"{""cmd"": ""STOP"", ""status"": ""READY"", ""detector"": ""yolo"", ""state"": ""IDLE"", ""owner"": ""Surnn"", ""score"": null, ""match_max"": 0.5, ""refs"": 24, ""match_mode"": ""none"", ""steer_zones"": 41, ""people"": 0, ""track_id"": null, ""target_ex"": 0.0, ""target_cx_vel_px_s"": 0.0, ""target_age_s"": null, ""lidar_min_m"": 0.28, ""target_lidar_m"": null, ""target_lidar_deg"": null, ""camera_range_m"
2026-07-16T23:18:04.563,2598.563,mission_20260716_223446_manual,MANUAL,,0,13.330343246459961,100.99793243408203,150.6435377675397,4,True,0.6777499914169312,1,0,0,1,0,0.0,0.0,0.0,0,0,nan,nan,nan,88,26.299999237060547,0.0,29.0,0,30,-,READY owner=Surnn refs=24,"{""cmd"": ""STOP"", ""status"": ""READY"", ""detector"": ""yolo"", ""state"": ""IDLE"", ""owner"": ""Surnn"", ""score"": null, ""match_max"": 0.5, ""refs"": 24, ""match_mode"": ""none"", ""steer_zones"": 41, ""people"": 0, ""track_id"": null, ""target_ex"": 0.0, ""target_cx_vel_px_s"": 0.0, ""target_age_s"": null, ""lidar_min_m"": 0.27, ""target_lidar_m"": null, ""target_lidar_deg"": null, ""camera_range_m"
2026-07-16T23:18:06.578,2600.579,mission_20260716_223446_manual,MANUAL,,0,13.330342292785645,100.99793243408203,150.64163897495044,4,True,0.6775000095367432,1,0,0,1,0,0.0,0.0,0.0,0,0,nan,nan,nan,88,26.299999237060547,0.0,29.0,0,30,-,READY owner=Surnn refs=24,"{""cmd"": ""STOP"", ""status"": ""READY"", ""detector"": ""yolo"", ""state"": ""IDLE"", ""owner"": ""Surnn"", ""score"": null, ""match_max"": 0.5, ""refs"": 24, ""match_mode"": ""none"", ""steer_zones"": 41, ""people"": 0, ""track_id"": null, ""target_ex"": 0.0, ""target_cx_vel_px_s"": 0.0, ""target_age_s"": null, ""lidar_min_m"": 0.29, ""target_lidar_m"": null, ""target_lidar_deg"": null, ""camera_range_m"
2026-07-16T23:18:08.713,2602.714,mission_20260716_223446_manual,MANUAL,,0,13.330342292785645,100.99793243408203,150.63389354043164,4,True,0.6779999732971191,1,0,0,1,0,0.0,0.0,0.0,0,0,nan,nan,nan,88,26.299999237060547,0.0,29.0,0,30,-,READY owner=Surnn refs=24,"{""cmd"": ""STOP"", ""status"": ""READY"", ""detector"": ""yolo"", ""state"": ""IDLE"", ""owner"": ""Surnn"", ""score"": null, ""match_max"": 0.5, ""refs"": 24, ""match_mode"": ""none"", ""steer_zones"": 41, ""people"": 0, ""track_id"": null, ""target_ex"": 0.0, ""target_cx_vel_px_s"": 0.0, ""target_age_s"": null, ""lidar_min_m"": 0.27, ""target_lidar_m"": null, ""target_lidar_deg"": null, ""camera_range_m"
2026-07-16T23:18:10.802,2604.803,mission_20260716_223446_manual,MANUAL,,0,13.330341339111328,100.99793243408203,150.6350683329689,4,True,0.6772500276565552,1,0,0,1,0,0.0,0.0,0.0,0,0,nan,nan,nan,88,26.299999237060547,0.0,29.0,0,30,-,READY owner=Surnn refs=24,"{""cmd"": ""STOP"", ""status"": ""READY"", ""detector"": ""yolo"", ""state"": ""IDLE"", ""owner"": ""Surnn"", ""score"": null, ""match_max"": 0.5, ""refs"": 24, ""match_mode"": ""none"", ""steer_zones"": 41, ""people"": 0, ""track_id"": null, ""target_ex"": 0.0, ""target_cx_vel_px_s"": 0.0, ""target_age_s"": null, ""lidar_min_m"": 0.27, ""target_lidar_m"": null, ""target_lidar_deg"": null, ""camera_range_m"
2026-07-16T23:18:12.847,2606.847,mission_20260716_223446_manual,MANUAL,,0,13.330340385437012,100.99793243408203,150.64409784305164,4,True,0.6812499761581421,1,0,0,1,0,0.0,0.0,0.0,0,0,nan,nan,nan,88,26.299999237060547,0.0,29.0,0,30,-,READY owner=Surnn refs=24,"{""cmd"": ""STOP"", ""status"": ""READY"", ""detector"": ""yolo"", ""state"": ""IDLE"", ""owner"": ""Surnn"", ""score"": null, ""match_max"": 0.5, ""refs"": 24, ""match_mode"": ""none"", ""steer_zones"": 41, ""people"": 0, ""track_id"": null, ""target_ex"": 0.0, ""target_cx_vel_px_s"": 0.0, ""target_age_s"": null, ""lidar_min_m"": 0.27, ""target_lidar_m"": null, ""target_lidar_deg"": null, ""camera_range_m"
2026-07-16T23:18:14.930,2608.93,mission_20260716_223446_manual,MANUAL,,0,13.330340385437012,100.99793243408203,150.64815497541863,4,True,0.6787499785423279,1,0,0,1,0,0.0,0.0,0.0,0,0,nan,nan,nan,88,26.299999237060547,0.0,29.0,0,30,-,READY owner=Surnn refs=24,"{""cmd"": ""STOP"", ""status"": ""READY"", ""detector"": ""yolo"", ""state"": ""IDLE"", ""owner"": ""Surnn"", ""score"": null, ""match_max"": 0.5, ""refs"": 24, ""match_mode"": ""none"", ""steer_zones"": 41, ""people"": 0, ""track_id"": null, ""target_ex"": 0.0, ""target_cx_vel_px_s"": 0.0, ""target_age_s"": null, ""lidar_min_m"": 0.27, ""target_lidar_m"": null, ""target_lidar_deg"": null, ""camera_range_m"
2026-07-16T23:18:16.933,2610.933,mission_20260716_223446_manual,MANUAL,,0,13.330340385437012,100.99793243408203,150.65947942906251,4,True,0.6769999861717224,1,0,0,1,0,0.0,0.0,0.0,0,0,nan,nan,nan,88,26.299999237060547,0.0,29.0,0,30,-,READY owner=Surnn refs=24,"{""cmd"": ""STOP"", ""status"": ""READY"", ""detector"": ""yolo"", ""state"": ""IDLE"", ""owner"": ""Surnn"", ""score"": null, ""match_max"": 0.5, ""refs"": 24, ""match_mode"": ""none"", ""steer_zones"": 41, ""people"": 0, ""track_id"": null, ""target_ex"": 0.0, ""target_cx_vel_px_s"": 0.0, ""target_age_s"": null, ""lidar_min_m"": 0.27, ""target_lidar_m"": null, ""target_lidar_deg"": null, ""camera_range_m"
2026-07-16T23:18:19.018,2613.019,mission_20260716_223446_manual,MANUAL,,0,13.330341339111328,100.99793243408203,150.65520373064209,4,True,0.6792500019073486,1,0,0,1,0,0.0,0.0,0.0,0,0,nan,nan,nan,88,26.299999237060547,0.0,29.0,0,29,-,READY owner=Surnn refs=24,"{""cmd"": ""STOP"", ""status"": ""READY"", ""detector"": ""yolo"", ""state"": ""IDLE"", ""owner"": ""Surnn"", ""score"": null, ""match_max"": 0.5, ""refs"": 24, ""match_mode"": ""none"", ""steer_zones"": 41, ""people"": 0, ""track_id"": null, ""target_ex"": 0.0, ""target_cx_vel_px_s"": 0.0, ""target_age_s"": null, ""lidar_min_m"": 0.27, ""target_lidar_m"": null, ""target_lidar_deg"": null, ""camera_range_m"
2026-07-16T23:18:21.036,2615.037,mission_20260716_223446_manual,MANUAL,,0,13.330341339111328,100.99793243408203,150.64837354147207,4,True,0.6775000095367432,1,0,0,1,0,0.0,0.0,0.0,0,0,nan,nan,nan,88,26.299999237060547,0.0,29.0,0,30,-,READY owner=Surnn refs=24,"{""cmd"": ""STOP"", ""status"": ""READY"", ""detector"": ""yolo"", ""state"": ""IDLE"", ""owner"": ""Surnn"", ""score"": null, ""match_max"": 0.5, ""refs"": 24, ""match_mode"": ""none"", ""steer_zones"": 41, ""people"": 0, ""track_id"": null, ""target_ex"": 0.0, ""target_cx_vel_px_s"": 0.0, ""target_age_s"": null, ""lidar_min_m"": 0.27, ""target_lidar_m"": null, ""target_lidar_deg"": null, ""camera_range_m"
2026-07-16T23:18:23.163,2617.163,mission_20260716_223446_manual,MANUAL,,0,13.330342292785645,100.99793243408203,150.65215746627226,4,True,0.6809999942779541,1,0,0,1,0,0.0,0.0,0.0,0,0,nan,nan,nan,88,26.299999237060547,0.0,29.0,0,29,-,READY owner=Surnn refs=24,"{""cmd"": ""STOP"", ""status"": ""READY"", ""detector"": ""yolo"", ""state"": ""IDLE"", ""owner"": ""Surnn"", ""score"": null, ""match_max"": 0.5, ""refs"": 24, ""match_mode"": ""none"", ""steer_zones"": 41, ""people"": 0, ""track_id"": null, ""target_ex"": 0.0, ""target_cx_vel_px_s"": 0.0, ""target_age_s"": null, ""lidar_min_m"": 0.27, ""target_lidar_m"": null, ""target_lidar_deg"": null, ""camera_range_m"
2026-07-16T23:18:25.275,2619.275,mission_20260716_223446_manual,MANUAL,,0,13.330343246459961,100.99793243408203,150.65434312680668,4,True,0.6815000176429749,1,0,0,1,0,0.0,0.0,0.0,0,0,nan,nan,nan,88,26.299999237060547,0.0,29.0,0,29,-,READY owner=Surnn refs=24,"{""cmd"": ""STOP"", ""status"": ""READY"", ""detector"": ""yolo"", ""state"": ""IDLE"", ""owner"": ""Surnn"", ""score"": null, ""match_max"": 0.5, ""refs"": 24, ""match_mode"": ""none"", ""steer_zones"": 41, ""people"": 0, ""track_id"": null, ""target_ex"": 0.0, ""target_cx_vel_px_s"": 0.0, ""target_age_s"": null, ""lidar_min_m"": 0.29, ""target_lidar_m"": null, ""target_lidar_deg"": null, ""camera_range_m"
2026-07-16T23:18:27.310,2621.311,mission_20260716_223446_manual,MANUAL,,0,13.330343246459961,100.9979248046875,150.6688914297388,4,True,0.6777499914169312,1,0,0,1,0,0.0,0.0,0.0,0,0,nan,nan,nan,88,26.299999237060547,0.0,29.0,0,29,-,READY owner=Surnn refs=24,"{""cmd"": ""STOP"", ""status"": ""READY"", ""detector"": ""yolo"", ""state"": ""IDLE"", ""owner"": ""Surnn"", ""score"": null, ""match_max"": 0.5, ""refs"": 24, ""match_mode"": ""none"", ""steer_zones"": 41, ""people"": 0, ""track_id"": null, ""target_ex"": 0.0, ""target_cx_vel_px_s"": 0.0, ""target_age_s"": null, ""lidar_min_m"": 0.27, ""target_lidar_m"": null, ""target_lidar_deg"": null, ""camera_range_m"
2026-07-16T23:18:29.335,2623.336,mission_20260716_223446_manual,MANUAL,,0,13.330343246459961,100.9979248046875,150.67290758097076,4,True,0.6800000071525574,1,0,0,1,0,0.0,0.0,0.0,0,0,nan,nan,nan,88,26.299999237060547,0.0,29.0,0,28,-,READY owner=Surnn refs=24,"{""cmd"": ""STOP"", ""status"": ""READY"", ""detector"": ""yolo"", ""state"": ""IDLE"", ""owner"": ""Surnn"", ""score"": null, ""match_max"": 0.5, ""refs"": 24, ""match_mode"": ""none"", ""steer_zones"": 41, ""people"": 0, ""track_id"": null, ""target_ex"": 0.0, ""target_cx_vel_px_s"": 0.0, ""target_age_s"": null, ""lidar_min_m"": 0.28, ""target_lidar_m"": null, ""target_lidar_deg"": null, ""camera_range_m"
2026-07-16T23:18:31.366,2625.367,mission_20260716_223446_manual,MANUAL,,0,13.330342292785645,100.9979248046875,150.6655173162888,4,True,0.6777499914169312,1,0,0,1,0,0.0,0.0,0.0,0,0,nan,nan,nan,88,26.299999237060547,0.0,29.0,0,28,-,READY owner=Surnn refs=24,"{""cmd"": ""STOP"", ""status"": ""READY"", ""detector"": ""yolo"", ""state"": ""IDLE"", ""owner"": ""Surnn"", ""score"": null, ""match_max"": 0.5, ""refs"": 24, ""match_mode"": ""none"", ""steer_zones"": 41, ""people"": 0, ""track_id"": null, ""target_ex"": 0.0, ""target_cx_vel_px_s"": 0.0, ""target_age_s"": null, ""lidar_min_m"": 0.28, ""target_lidar_m"": null, ""target_lidar_deg"": null, ""camera_range_m"
2026-07-16T23:18:33.429,2627.43,mission_20260716_223446_manual,MANUAL,,0,13.330342292785645,100.9979248046875,150.65372840978137,4,True,0.6794999837875366,1,0,0,1,0,0.0,0.0,0.0,0,0,nan,nan,nan,88,26.299999237060547,0.0,29.0,0,29,-,READY owner=Surnn refs=24,"{""cmd"": ""STOP"", ""status"": ""READY"", ""detector"": ""yolo"", ""state"": ""IDLE"", ""owner"": ""Surnn"", ""score"": null, ""match_max"": 0.5, ""refs"": 24, ""match_mode"": ""none"", ""steer_zones"": 41, ""people"": 0, ""track_id"": null, ""target_ex"": 0.0, ""target_cx_vel_px_s"": 0.0, ""target_age_s"": null, ""lidar_min_m"": 0.27, ""target_lidar_m"": null, ""target_lidar_deg"": null, ""camera_range_m"
2026-07-16T23:18:35.464,2629.465,mission_20260716_223446_manual,MANUAL,,0,13.330342292785645,100.9979248046875,150.64413882418668,4,True,0.6809999942779541,1,0,0,1,0,0.0,0.0,0.0,0,0,nan,nan,nan,88,26.299999237060547,0.0,29.0,0,29,-,READY owner=Surnn refs=24,"{""cmd"": ""STOP"", ""status"": ""READY"", ""detector"": ""yolo"", ""state"": ""IDLE"", ""owner"": ""Surnn"", ""score"": null, ""match_max"": 0.5, ""refs"": 24, ""match_mode"": ""none"", ""steer_zones"": 41, ""people"": 0, ""track_id"": null, ""target_ex"": 0.0, ""target_cx_vel_px_s"": 0.0, ""target_age_s"": null, ""lidar_min_m"": 0.28, ""target_lidar_m"": null, ""target_lidar_deg"": null, ""camera_range_m"
2026-07-16T23:18:37.528,2631.529,mission_20260716_223446_manual,MANUAL,,0,13.330341339111328,100.9979248046875,150.6386200313373,4,True,0.6790000200271606,1,0,0,1,0,0.0,0.0,0.0,0,0,nan,nan,nan,88,26.299999237060547,0.0,29.0,0,28,-,READY owner=Surnn refs=24,"{""cmd"": ""STOP"", ""status"": ""READY"", ""detector"": ""yolo"", ""state"": ""IDLE"", ""owner"": ""Surnn"", ""score"": null, ""match_max"": 0.5, ""refs"": 24, ""match_mode"": ""none"", ""steer_zones"": 41, ""people"": 0, ""track_id"": null, ""target_ex"": 0.0, ""target_cx_vel_px_s"": 0.0, ""target_age_s"": null, ""lidar_min_m"": 0.29, ""target_lidar_m"": null, ""target_lidar_deg"": null, ""camera_range_m"
2026-07-16T23:18:39.640,2633.641,mission_20260716_223446_manual,MANUAL,,0,13.330341339111328,100.9979248046875,150.6289621438509,4,True,0.6775000095367432,1,0,0,1,0,0.0,0.0,0.0,0,0,nan,nan,nan,88,26.299999237060547,0.0,29.0,0,28,-,READY owner=Surnn refs=24,"{""cmd"": ""STOP"", ""status"": ""READY"", ""detector"": ""yolo"", ""state"": ""IDLE"", ""owner"": ""Surnn"", ""score"": null, ""match_max"": 0.5, ""refs"": 24, ""match_mode"": ""none"", ""steer_zones"": 41, ""people"": 0, ""track_id"": null, ""target_ex"": 0.0, ""target_cx_vel_px_s"": 0.0, ""target_age_s"": null, ""lidar_min_m"": 0.29, ""target_lidar_m"": null, ""target_lidar_deg"": null, ""camera_range_m"
2026-07-16T23:18:41.726,2635.726,mission_20260716_223446_manual,MANUAL,,0,13.330341339111328,100.9979248046875,150.61806116193557,4,True,0.6775000095367432,1,0,0,1,0,0.0,0.0,0.0,0,0,nan,nan,nan,88,26.299999237060547,0.0,29.0,0,29,-,READY owner=Surnn refs=24,"{""cmd"": ""STOP"", ""status"": ""READY"", ""detector"": ""yolo"", ""state"": ""IDLE"", ""owner"": ""Surnn"", ""score"": null, ""match_max"": 0.5, ""refs"": 24, ""match_mode"": ""none"", ""steer_zones"": 41, ""people"": 0, ""track_id"": null, ""target_ex"": 0.0, ""target_cx_vel_px_s"": 0.0, ""target_age_s"": null, ""lidar_min_m"": 0.29, ""target_lidar_m"": null, ""target_lidar_deg"": null, ""camera_range_m"
2026-07-16T23:18:43.732,2637.732,mission_20260716_223446_manual,MANUAL,,0,13.330341339111328,100.9979248046875,150.6145914258372,4,True,0.6777499914169312,1,0,0,1,0,0.0,0.0,0.0,0,0,nan,nan,nan,88,26.299999237060547,0.0,29.0,0,28,-,READY owner=Surnn refs=24,"{""cmd"": ""STOP"", ""status"": ""READY"", ""detector"": ""yolo"", ""state"": ""IDLE"", ""owner"": ""Surnn"", ""score"": null, ""match_max"": 0.5, ""refs"": 24, ""match_mode"": ""none"", ""steer_zones"": 41, ""people"": 0, ""track_id"": null, ""target_ex"": 0.0, ""target_cx_vel_px_s"": 0.0, ""target_age_s"": null, ""lidar_min_m"": 0.28, ""target_lidar_m"": null, ""target_lidar_deg"": null, ""camera_range_m"
2026-07-16T23:18:45.899,2639.9,mission_20260716_223446_manual,MANUAL,,0,13.330342292785645,100.9979248046875,150.61090312368538,4,True,0.6794999837875366,1,0,0,1,0,0.0,0.0,0.0,0,0,nan,nan,nan,88,26.299999237060547,0.0,29.0,0,29,-,READY owner=Surnn refs=24,"{""cmd"": ""STOP"", ""status"": ""READY"", ""detector"": ""yolo"", ""state"": ""IDLE"", ""owner"": ""Surnn"", ""score"": null, ""match_max"": 0.5, ""refs"": 24, ""match_mode"": ""none"", ""steer_zones"": 41, ""people"": 0, ""track_id"": null, ""target_ex"": 0.0, ""target_cx_vel_px_s"": 0.0, ""target_age_s"": null, ""lidar_min_m"": 0.27, ""target_lidar_m"": null, ""target_lidar_deg"": null, ""camera_range_m"
2026-07-16T23:18:47.952,2641.952,mission_20260716_223446_manual,MANUAL,,0,13.330341339111328,100.9979248046875,150.5987863680978,4,True,0.6804999709129333,1,0,0,1,0,0.0,0.0,0.0,0,0,nan,nan,nan,88,26.299999237060547,0.0,29.0,0,29,-,READY owner=Surnn refs=24,"{""cmd"": ""STOP"", ""status"": ""READY"", ""detector"": ""yolo"", ""state"": ""IDLE"", ""owner"": ""Surnn"", ""score"": null, ""match_max"": 0.5, ""refs"": 24, ""match_mode"": ""none"", ""steer_zones"": 41, ""people"": 0, ""track_id"": null, ""target_ex"": 0.0, ""target_cx_vel_px_s"": 0.0, ""target_age_s"": null, ""lidar_min_m"": 0.27, ""target_lidar_m"": null, ""target_lidar_deg"": null, ""camera_range_m"
2026-07-16T23:18:49.973,2643.974,mission_20260716_223446_manual,MANUAL,,0,13.330341339111328,100.9979248046875,150.58457957462417,4,True,0.6777499914169312,1,0,0,1,0,0.0,0.0,0.0,0,0,nan,nan,nan,88,26.299999237060547,0.0,29.0,0,29,-,READY owner=Surnn refs=24,"{""cmd"": ""STOP"", ""status"": ""READY"", ""detector"": ""yolo"", ""state"": ""IDLE"", ""owner"": ""Surnn"", ""score"": null, ""match_max"": 0.5, ""refs"": 24, ""match_mode"": ""none"", ""steer_zones"": 41, ""people"": 0, ""track_id"": null, ""target_ex"": 0.0, ""target_cx_vel_px_s"": 0.0, ""target_age_s"": null, ""lidar_min_m"": 0.27, ""target_lidar_m"": null, ""target_lidar_deg"": null, ""camera_range_m"
2026-07-16T23:18:51.987,2645.988,mission_20260716_223446_manual,MANUAL,,0,13.330340385437012,100.9979248046875,150.57862364966792,4,True,0.6794999837875366,1,0,0,1,0,0.0,0.0,0.0,0,0,nan,nan,nan,88,26.299999237060547,0.0,29.0,0,29,-,READY owner=Surnn refs=24,"{""cmd"": ""STOP"", ""status"": ""READY"", ""detector"": ""yolo"", ""state"": ""IDLE"", ""owner"": ""Surnn"", ""score"": null, ""match_max"": 0.5, ""refs"": 24, ""match_mode"": ""none"", ""steer_zones"": 41, ""people"": 0, ""track_id"": null, ""target_ex"": 0.0, ""target_cx_vel_px_s"": 0.0, ""target_age_s"": null, ""lidar_min_m"": 0.27, ""target_lidar_m"": null, ""target_lidar_deg"": null, ""camera_range_m"
2026-07-16T23:18:54.000,2648.0,mission_20260716_223446_manual,MANUAL,,0,13.330339431762695,100.9979248046875,150.58029021582539,4,True,0.6779999732971191,1,0,0,1,0,0.0,0.0,0.0,0,0,nan,nan,nan,88,26.299999237060547,0.0,29.0,0,29,-,READY owner=Surnn refs=24,"{""cmd"": ""STOP"", ""status"": ""READY"", ""detector"": ""yolo"", ""state"": ""IDLE"", ""owner"": ""Surnn"", ""score"": null, ""match_max"": 0.5, ""refs"": 24, ""match_mode"": ""none"", ""steer_zones"": 41, ""people"": 0, ""track_id"": null, ""target_ex"": 0.0, ""target_cx_vel_px_s"": 0.0, ""target_age_s"": null, ""lidar_min_m"": 0.27, ""target_lidar_m"": null, ""target_lidar_deg"": null, ""camera_range_m"
2026-07-16T23:18:56.000,2650.001,mission_20260716_223446_manual,MANUAL,,0,13.330338478088379,100.9979248046875,150.60392267035363,4,True,0.6779999732971191,1,0,0,1,0,0.0,0.0,0.0,0,0,nan,nan,nan,88,26.299999237060547,0.0,29.0,0,29,-,READY owner=Surnn refs=24,"{""cmd"": ""STOP"", ""status"": ""READY"", ""detector"": ""yolo"", ""state"": ""IDLE"", ""owner"": ""Surnn"", ""score"": null, ""match_max"": 0.5, ""refs"": 24, ""match_mode"": ""none"", ""steer_zones"": 41, ""people"": 0, ""track_id"": null, ""target_ex"": 0.0, ""target_cx_vel_px_s"": 0.0, ""target_age_s"": null, ""lidar_min_m"": 0.28, ""target_lidar_m"": null, ""target_lidar_deg"": null, ""camera_range_m"
2026-07-16T23:18:58.005,2652.005,mission_20260716_223446_manual,MANUAL,,0,13.330337524414062,100.9979248046875,150.61572523723942,4,True,0.6794999837875366,1,0,0,1,0,0.0,0.0,0.0,0,0,nan,nan,nan,88,26.299999237060547,0.0,29.0,0,29,-,READY owner=Surnn refs=24,"{""cmd"": ""STOP"", ""status"": ""READY"", ""detector"": ""yolo"", ""state"": ""IDLE"", ""owner"": ""Surnn"", ""score"": null, ""match_max"": 0.5, ""refs"": 24, ""match_mode"": ""none"", ""steer_zones"": 41, ""people"": 0, ""track_id"": null, ""target_ex"": 0.0, ""target_cx_vel_px_s"": 0.0, ""target_age_s"": null, ""lidar_min_m"": 0.28, ""target_lidar_m"": null, ""target_lidar_deg"": null, ""camera_range_m"
2026-07-16T23:19:00.019,2654.02,mission_20260716_223446_manual,MANUAL,,0,13.33033561706543,100.9979248046875,150.61277459551798,4,True,0.6815000176429749,1,0,0,1,0,0.0,0.0,0.0,0,0,nan,nan,nan,88,26.299999237060547,0.0,29.0,0,29,-,READY owner=Surnn refs=24,"{""cmd"": ""STOP"", ""status"": ""READY"", ""detector"": ""yolo"", ""state"": ""IDLE"", ""owner"": ""Surnn"", ""score"": null, ""match_max"": 0.5, ""refs"": 24, ""match_mode"": ""none"", ""steer_zones"": 41, ""people"": 0, ""track_id"": null, ""target_ex"": 0.0, ""target_cx_vel_px_s"": 0.0, ""target_age_s"": null, ""lidar_min_m"": 0.27, ""target_lidar_m"": null, ""target_lidar_deg"": null, ""camera_range_m"
2026-07-16T23:19:02.021,2656.021,mission_20260716_223446_manual,MANUAL,,0,13.330334663391113,100.9979248046875,150.60205119852105,4,True,0.6779999732971191,1,0,0,1,0,0.0,0.0,0.0,0,0,nan,nan,nan,88,26.299999237060547,0.0,29.0,0,29,-,READY owner=Surnn refs=24,"{""cmd"": ""STOP"", ""status"": ""READY"", ""detector"": ""yolo"", ""state"": ""IDLE"", ""owner"": ""Surnn"", ""score"": null, ""match_max"": 0.5, ""refs"": 24, ""match_mode"": ""none"", ""steer_zones"": 41, ""people"": 0, ""track_id"": null, ""target_ex"": 0.0, ""target_cx_vel_px_s"": 0.0, ""target_age_s"": null, ""lidar_min_m"": 0.29, ""target_lidar_m"": null, ""target_lidar_deg"": null, ""camera_range_m"
2026-07-16T23:19:04.029,2658.029,mission_20260716_223446_manual,MANUAL,,0,13.330333709716797,100.9979248046875,150.5947292357308,4,True,0.6809999942779541,1,0,0,1,0,0.0,0.0,0.0,0,0,nan,nan,nan,88,26.299999237060547,0.0,29.0,0,30,-,READY owner=Surnn refs=24,"{""cmd"": ""STOP"", ""status"": ""READY"", ""detector"": ""yolo"", ""state"": ""IDLE"", ""owner"": ""Surnn"", ""score"": null, ""match_max"": 0.5, ""refs"": 24, ""match_mode"": ""none"", ""steer_zones"": 41, ""people"": 0, ""track_id"": null, ""target_ex"": 0.0, ""target_cx_vel_px_s"": 0.0, ""target_age_s"": null, ""lidar_min_m"": 0.29, ""target_lidar_m"": null, ""target_lidar_deg"": null, ""camera_range_m"
2026-07-16T23:19:06.055,2660.055,mission_20260716_223446_manual,MANUAL,,0,13.33033275604248,100.9979248046875,150.5848254614343,4,True,0.6777499914169312,1,0,0,1,0,0.0,0.0,0.0,0,0,nan,nan,nan,88,26.299999237060547,0.0,29.0,0,31,-,READY owner=Surnn refs=24,"{""cmd"": ""STOP"", ""status"": ""READY"", ""detector"": ""yolo"", ""state"": ""IDLE"", ""owner"": ""Surnn"", ""score"": null, ""match_max"": 0.5, ""refs"": 24, ""match_mode"": ""none"", ""steer_zones"": 41, ""people"": 0, ""track_id"": null, ""target_ex"": 0.0, ""target_cx_vel_px_s"": 0.0, ""target_age_s"": null, ""lidar_min_m"": 0.28, ""target_lidar_m"": null, ""target_lidar_deg"": null, ""camera_range_m"
2026-07-16T23:19:08.074,2662.075,mission_20260716_223446_manual,MANUAL,,0,13.33033275604248,100.9979248046875,150.57638334762015,4,True,0.6804999709129333,1,0,0,1,0,0.0,0.0,0.0,0,0,nan,nan,nan,88,26.299999237060547,0.0,29.0,0,31,-,READY owner=Surnn refs=24,"{""cmd"": ""STOP"", ""status"": ""READY"", ""detector"": ""yolo"", ""state"": ""IDLE"", ""owner"": ""Surnn"", ""score"": null, ""match_max"": 0.5, ""refs"": 24, ""match_mode"": ""none"", ""steer_zones"": 41, ""people"": 0, ""track_id"": null, ""target_ex"": 0.0, ""target_cx_vel_px_s"": 0.0, ""target_age_s"": null, ""lidar_min_m"": 0.28, ""target_lidar_m"": null, ""target_lidar_deg"": null, ""camera_range_m"
2026-07-16T23:19:10.084,2664.084,mission_20260716_223446_manual,MANUAL,,0,13.33033275604248,100.9979248046875,150.5909453109306,4,True,0.6779999732971191,1,0,0,1,0,0.0,0.0,0.0,0,0,nan,nan,nan,88,26.299999237060547,0.0,29.0,0,31,-,READY owner=Surnn refs=24,"{""cmd"": ""STOP"", ""status"": ""READY"", ""detector"": ""yolo"", ""state"": ""IDLE"", ""owner"": ""Surnn"", ""score"": null, ""match_max"": 0.5, ""refs"": 24, ""match_mode"": ""none"", ""steer_zones"": 41, ""people"": 0, ""track_id"": null, ""target_ex"": 0.0, ""target_cx_vel_px_s"": 0.0, ""target_age_s"": null, ""lidar_min_m"": 0.28, ""target_lidar_m"": null, ""target_lidar_deg"": null, ""camera_range_m"
2026-07-16T23:19:12.091,2666.092,mission_20260716_223446_manual,MANUAL,,0,13.330333709716797,100.9979248046875,150.61080750103702,4,True,0.6787499785423279,1,0,0,1,0,0.0,0.0,0.0,0,0,nan,nan,nan,88,26.299999237060547,0.0,29.0,0,31,-,READY owner=Surnn refs=24,"{""cmd"": ""STOP"", ""status"": ""READY"", ""detector"": ""yolo"", ""state"": ""IDLE"", ""owner"": ""Surnn"", ""score"": null, ""match_max"": 0.5, ""refs"": 24, ""match_mode"": ""none"", ""steer_zones"": 41, ""people"": 0, ""track_id"": null, ""target_ex"": 0.0, ""target_cx_vel_px_s"": 0.0, ""target_age_s"": null, ""lidar_min_m"": 0.27, ""target_lidar_m"": null, ""target_lidar_deg"": null, ""camera_range_m"
2026-07-16T23:19:14.099,2668.1,mission_20260716_223446_manual,MANUAL,,0,13.330333709716797,100.9979248046875,150.62071127533352,4,True,0.6787499785423279,1,0,0,1,0,0.0,0.0,0.0,0,0,nan,nan,nan,88,26.299999237060547,0.0,29.0,0,31,-,READY owner=Surnn refs=24,"{""cmd"": ""STOP"", ""status"": ""READY"", ""detector"": ""yolo"", ""state"": ""IDLE"", ""owner"": ""Surnn"", ""score"": null, ""match_max"": 0.5, ""refs"": 24, ""match_mode"": ""none"", ""steer_zones"": 41, ""people"": 0, ""track_id"": null, ""target_ex"": 0.0, ""target_cx_vel_px_s"": 0.0, ""target_age_s"": null, ""lidar_min_m"": 0.29, ""target_lidar_m"": null, ""target_lidar_deg"": null, ""camera_range_m"
2026-07-16T23:19:16.106,2670.106,mission_20260716_223446_manual,MANUAL,,0,13.330333709716797,100.9979248046875,150.62000093565985,4,True,0.6787499785423279,1,0,0,1,0,0.0,0.0,0.0,0,0,nan,nan,nan,88,26.299999237060547,0.0,29.0,0,30,-,READY owner=Surnn refs=24,"{""cmd"": ""STOP"", ""status"": ""READY"", ""detector"": ""yolo"", ""state"": ""IDLE"", ""owner"": ""Surnn"", ""score"": null, ""match_max"": 0.5, ""refs"": 24, ""match_mode"": ""none"", ""steer_zones"": 41, ""people"": 0, ""track_id"": null, ""target_ex"": 0.0, ""target_cx_vel_px_s"": 0.0, ""target_age_s"": null, ""lidar_min_m"": 0.27, ""target_lidar_m"": null, ""target_lidar_deg"": null, ""camera_range_m"
2026-07-16T23:19:18.123,2672.123,mission_20260716_223446_manual,MANUAL,,0,13.33033275604248,100.9979248046875,150.61845731290742,4,True,0.6817499995231628,1,0,0,1,0,0.0,0.0,0.0,0,0,nan,nan,nan,88,26.299999237060547,0.0,29.0,0,31,-,READY owner=Surnn refs=24,"{""cmd"": ""STOP"", ""status"": ""READY"", ""detector"": ""yolo"", ""state"": ""IDLE"", ""owner"": ""Surnn"", ""score"": null, ""match_max"": 0.5, ""refs"": 24, ""match_mode"": ""none"", ""steer_zones"": 41, ""people"": 0, ""track_id"": null, ""target_ex"": 0.0, ""target_cx_vel_px_s"": 0.0, ""target_age_s"": null, ""lidar_min_m"": 0.29, ""target_lidar_m"": null, ""target_lidar_deg"": null, ""camera_range_m"
2026-07-16T23:19:20.135,2674.136,mission_20260716_223446_manual,MANUAL,,0,13.33033275604248,100.9979248046875,150.61717323734345,4,True,0.6792500019073486,1,0,0,1,0,0.0,0.0,0.0,0,0,nan,nan,nan,88,26.299999237060547,0.0,29.0,0,30,-,READY owner=Surnn refs=24,"{""cmd"": ""STOP"", ""status"": ""READY"", ""detector"": ""yolo"", ""state"": ""IDLE"", ""owner"": ""Surnn"", ""score"": null, ""match_max"": 0.5, ""refs"": 24, ""match_mode"": ""none"", ""steer_zones"": 41, ""people"": 0, ""track_id"": null, ""target_ex"": 0.0, ""target_cx_vel_px_s"": 0.0, ""target_age_s"": null, ""lidar_min_m"": 0.29, ""target_lidar_m"": null, ""target_lidar_deg"": null, ""camera_range_m"
2026-07-16T23:19:22.138,2676.138,mission_20260716_223446_manual,MANUAL,,0,13.33033275604248,100.9979248046875,150.61117633125218,4,True,0.6777499914169312,1,0,0,1,0,0.0,0.0,0.0,0,0,nan,nan,nan,88,26.299999237060547,0.0,29.0,0,30,-,READY owner=Surnn refs=24,"{""cmd"": ""STOP"", ""status"": ""READY"", ""detector"": ""yolo"", ""state"": ""IDLE"", ""owner"": ""Surnn"", ""score"": null, ""match_max"": 0.5, ""refs"": 24, ""match_mode"": ""none"", ""steer_zones"": 41, ""people"": 0, ""track_id"": null, ""target_ex"": 0.0, ""target_cx_vel_px_s"": 0.0, ""target_age_s"": null, ""lidar_min_m"": 0.27, ""target_lidar_m"": null, ""target_lidar_deg"": null, ""camera_range_m"
2026-07-16T23:19:24.263,2678.263,mission_20260716_223446_manual,MANUAL,,0,13.33033275604248,100.9979248046875,150.60498817986416,4,True,0.6790000200271606,1,0,0,1,0,0.0,0.0,0.0,0,0,nan,nan,nan,88,26.299999237060547,0.0,29.0,0,29,-,READY owner=Surnn refs=24,"{""cmd"": ""STOP"", ""status"": ""READY"", ""detector"": ""yolo"", ""state"": ""IDLE"", ""owner"": ""Surnn"", ""score"": null, ""match_max"": 0.5, ""refs"": 24, ""match_mode"": ""none"", ""steer_zones"": 41, ""people"": 0, ""track_id"": null, ""target_ex"": 0.0, ""target_cx_vel_px_s"": 0.0, ""target_age_s"": null, ""lidar_min_m"": 0.28, ""target_lidar_m"": null, ""target_lidar_deg"": null, ""camera_range_m"
2026-07-16T23:19:26.396,2680.396,mission_20260716_223446_manual,MANUAL,,0,13.33033275604248,100.9979248046875,150.60945512358134,4,True,0.6787499785423279,1,0,0,1,0,0.0,0.0,0.0,0,0,nan,nan,nan,88,26.299999237060547,0.0,29.0,0,29,-,READY owner=Surnn refs=24,"{""cmd"": ""STOP"", ""status"": ""READY"", ""detector"": ""yolo"", ""state"": ""IDLE"", ""owner"": ""Surnn"", ""score"": null, ""match_max"": 0.5, ""refs"": 24, ""match_mode"": ""none"", ""steer_zones"": 41, ""people"": 0, ""track_id"": null, ""target_ex"": 0.0, ""target_cx_vel_px_s"": 0.0, ""target_age_s"": null, ""lidar_min_m"": 0.27, ""target_lidar_m"": null, ""target_lidar_deg"": null, ""camera_range_m"
2026-07-16T23:19:28.409,2682.41,mission_20260716_223446_manual,MANUAL,,0,13.33033275604248,100.9979248046875,150.61508319945744,4,True,0.6794999837875366,1,0,0,1,0,0.0,0.0,0.0,0,0,nan,nan,nan,88,26.299999237060547,0.0,29.0,0,29,-,READY owner=Surnn refs=24,"{""cmd"": ""STOP"", ""status"": ""READY"", ""detector"": ""yolo"", ""state"": ""IDLE"", ""owner"": ""Surnn"", ""score"": null, ""match_max"": 0.5, ""refs"": 24, ""match_mode"": ""none"", ""steer_zones"": 41, ""people"": 0, ""track_id"": null, ""target_ex"": 0.0, ""target_cx_vel_px_s"": 0.0, ""target_age_s"": null, ""lidar_min_m"": 0.28, ""target_lidar_m"": null, ""target_lidar_deg"": null, ""camera_range_m"
2026-07-16T23:19:30.414,2684.415,mission_20260716_223446_manual,MANUAL,,0,13.330333709716797,100.9979248046875,150.60949610471636,4,True,0.6782500147819519,1,0,0,1,0,0.0,0.0,0.0,0,0,nan,nan,nan,88,26.299999237060547,0.0,29.0,0,30,-,READY owner=Surnn refs=24,"{""cmd"": ""STOP"", ""status"": ""READY"", ""detector"": ""yolo"", ""state"": ""IDLE"", ""owner"": ""Surnn"", ""score"": null, ""match_max"": 0.5, ""refs"": 24, ""match_mode"": ""none"", ""steer_zones"": 41, ""people"": 0, ""track_id"": null, ""target_ex"": 0.0, ""target_cx_vel_px_s"": 0.0, ""target_age_s"": null, ""lidar_min_m"": 0.27, ""target_lidar_m"": null, ""target_lidar_deg"": null, ""camera_range_m"
2026-07-16T23:19:32.445,2686.445,mission_20260716_223446_manual,MANUAL,,0,13.330334663391113,100.9979248046875,150.60000214177006,4,True,0.6802499890327454,1,0,0,1,0,0.0,0.0,0.0,0,0,nan,nan,nan,88,26.299999237060547,0.0,29.0,0,30,-,READY owner=Surnn refs=24,"{""cmd"": ""STOP"", ""status"": ""READY"", ""detector"": ""yolo"", ""state"": ""IDLE"", ""owner"": ""Surnn"", ""score"": null, ""match_max"": 0.5, ""refs"": 24, ""match_mode"": ""none"", ""steer_zones"": 41, ""people"": 0, ""track_id"": null, ""target_ex"": 0.0, ""target_cx_vel_px_s"": 0.0, ""target_age_s"": null, ""lidar_min_m"": 0.28, ""target_lidar_m"": null, ""target_lidar_deg"": null, ""camera_range_m"
2026-07-16T23:19:34.456,2688.457,mission_20260716_223446_manual,MANUAL,,0,13.330333709716797,100.9979248046875,150.5878717258041,4,True,0.6815000176429749,1,0,0,1,0,0.0,0.0,0.0,0,0,nan,nan,nan,88,26.299999237060547,0.0,29.0,0,28,-,READY owner=Surnn refs=24,"{""cmd"": ""STOP"", ""status"": ""READY"", ""detector"": ""yolo"", ""state"": ""IDLE"", ""owner"": ""Surnn"", ""score"": null, ""match_max"": 0.5, ""refs"": 24, ""match_mode"": ""none"", ""steer_zones"": 41, ""people"": 0, ""track_id"": null, ""target_ex"": 0.0, ""target_cx_vel_px_s"": 0.0, ""target_age_s"": null, ""lidar_min_m"": 0.28, ""target_lidar_m"": null, ""target_lidar_deg"": null, ""camera_range_m"
2026-07-16T23:19:36.463,2690.464,mission_20260716_223446_manual,MANUAL,,0,13.330333709716797,100.9979248046875,150.59218840535956,4,True,0.6775000095367432,1,0,0,1,0,0.0,0.0,0.0,0,0,nan,nan,nan,88,26.299999237060547,0.0,29.0,0,29,-,READY owner=Surnn refs=24,"{""cmd"": ""STOP"", ""status"": ""READY"", ""detector"": ""yolo"", ""state"": ""IDLE"", ""owner"": ""Surnn"", ""score"": null, ""match_max"": 0.5, ""refs"": 24, ""match_mode"": ""none"", ""steer_zones"": 41, ""people"": 0, ""track_id"": null, ""target_ex"": 0.0, ""target_cx_vel_px_s"": 0.0, ""target_age_s"": null, ""lidar_min_m"": 0.27, ""target_lidar_m"": null, ""target_lidar_deg"": null, ""camera_range_m"
2026-07-16T23:19:38.481,2692.482,mission_20260716_223446_manual,MANUAL,,0,13.330334663391113,100.9979248046875,150.59307632995166,4,True,0.6802499890327454,1,0,0,1,0,0.0,0.0,0.0,0,0,nan,nan,nan,88,26.299999237060547,0.0,29.0,0,29,-,READY owner=Surnn refs=24,"{""cmd"": ""STOP"", ""status"": ""READY"", ""detector"": ""yolo"", ""state"": ""IDLE"", ""owner"": ""Surnn"", ""score"": null, ""match_max"": 0.5, ""refs"": 24, ""match_mode"": ""none"", ""steer_zones"": 41, ""people"": 0, ""track_id"": null, ""target_ex"": 0.0, ""target_cx_vel_px_s"": 0.0, ""target_age_s"": null, ""lidar_min_m"": 0.29, ""target_lidar_m"": null, ""target_lidar_deg"": null, ""camera_range_m"
2026-07-16T23:19:40.611,2694.612,mission_20260716_223446_manual,MANUAL,,0,13.330333709716797,100.9979248046875,150.5979394246407,4,True,0.6800000071525574,1,0,0,1,0,0.0,0.0,0.0,0,0,nan,nan,nan,88,26.299999237060547,0.0,29.0,0,29,-,READY owner=Surnn refs=24,"{""cmd"": ""STOP"", ""status"": ""READY"", ""detector"": ""yolo"", ""state"": ""IDLE"", ""owner"": ""Surnn"", ""score"": null, ""match_max"": 0.5, ""refs"": 24, ""match_mode"": ""none"", ""steer_zones"": 41, ""people"": 0, ""track_id"": null, ""target_ex"": 0.0, ""target_cx_vel_px_s"": 0.0, ""target_age_s"": null, ""lidar_min_m"": 0.28, ""target_lidar_m"": null, ""target_lidar_deg"": null, ""camera_range_m"
2026-07-16T23:19:42.739,2696.739,mission_20260716_223446_manual,MANUAL,,0,13.330333709716797,100.9979248046875,150.59628651886158,4,True,0.6794999837875366,1,0,0,1,0,0.0,0.0,0.0,0,0,nan,nan,nan,88,26.299999237060547,0.0,29.0,0,30,-,READY owner=Surnn refs=24,"{""cmd"": ""STOP"", ""status"": ""READY"", ""detector"": ""yolo"", ""state"": ""IDLE"", ""owner"": ""Surnn"", ""score"": null, ""match_max"": 0.5, ""refs"": 24, ""match_mode"": ""none"", ""steer_zones"": 41, ""people"": 0, ""track_id"": null, ""target_ex"": 0.0, ""target_cx_vel_px_s"": 0.0, ""target_age_s"": null, ""lidar_min_m"": 0.27, ""target_lidar_m"": null, ""target_lidar_deg"": null, ""camera_range_m"
2026-07-16T23:19:44.748,2698.748,mission_20260716_223446_manual,MANUAL,,0,13.33033275604248,100.9979248046875,150.6065044818599,4,True,0.6779999732971191,1,0,0,1,0,0.0,0.0,0.0,0,0,nan,nan,nan,88,26.299999237060547,0.0,29.0,0,30,-,READY owner=Surnn refs=24,"{""cmd"": ""STOP"", ""status"": ""READY"", ""detector"": ""yolo"", ""state"": ""IDLE"", ""owner"": ""Surnn"", ""score"": null, ""match_max"": 0.5, ""refs"": 24, ""match_mode"": ""none"", ""steer_zones"": 41, ""people"": 0, ""track_id"": null, ""target_ex"": 0.0, ""target_cx_vel_px_s"": 0.0, ""target_age_s"": null, ""lidar_min_m"": 0.26, ""target_lidar_m"": null, ""target_lidar_deg"": null, ""camera_range_m"
2026-07-16T23:19:46.873,2700.873,mission_20260716_223446_manual,MANUAL,,0,13.330330848693848,100.9979248046875,150.60931851979794,4,True,0.6787499785423279,1,0,0,1,0,0.0,0.0,0.0,0,0,nan,nan,nan,88,26.299999237060547,0.0,29.0,0,30,-,READY owner=Surnn refs=24,"{""cmd"": ""STOP"", ""status"": ""READY"", ""detector"": ""yolo"", ""state"": ""IDLE"", ""owner"": ""Surnn"", ""score"": null, ""match_max"": 0.5, ""refs"": 24, ""match_mode"": ""none"", ""steer_zones"": 41, ""people"": 0, ""track_id"": null, ""target_ex"": 0.0, ""target_cx_vel_px_s"": 0.0, ""target_age_s"": null, ""lidar_min_m"": 0.28, ""target_lidar_m"": null, ""target_lidar_deg"": null, ""camera_range_m"
2026-07-16T23:19:48.878,2702.879,mission_20260716_223446_manual,MANUAL,,0,13.330329895019531,100.9979248046875,150.6077612366672,4,True,0.6782500147819519,1,0,0,1,0,0.0,0.0,0.0,0,0,nan,nan,nan,88,26.299999237060547,0.0,29.0,0,30,-,READY owner=Surnn refs=24,"{""cmd"": ""STOP"", ""status"": ""READY"", ""detector"": ""yolo"", ""state"": ""IDLE"", ""owner"": ""Surnn"", ""score"": null, ""match_max"": 0.5, ""refs"": 24, ""match_mode"": ""none"", ""steer_zones"": 41, ""people"": 0, ""track_id"": null, ""target_ex"": 0.0, ""target_cx_vel_px_s"": 0.0, ""target_age_s"": null, ""lidar_min_m"": 0.29, ""target_lidar_m"": null, ""target_lidar_deg"": null, ""camera_range_m"
2026-07-16T23:19:51.001,2705.002,mission_20260716_223446_manual,MANUAL,,0,13.330328941345215,100.9979248046875,150.6012179154423,4,True,0.6784999966621399,1,0,0,1,0,0.0,0.0,0.0,0,0,nan,nan,nan,88,26.299999237060547,0.0,29.0,0,30,-,READY owner=Surnn refs=24,"{""cmd"": ""STOP"", ""status"": ""READY"", ""detector"": ""yolo"", ""state"": ""IDLE"", ""owner"": ""Surnn"", ""score"": null, ""match_max"": 0.5, ""refs"": 24, ""match_mode"": ""none"", ""steer_zones"": 41, ""people"": 0, ""track_id"": null, ""target_ex"": 0.0, ""target_cx_vel_px_s"": 0.0, ""target_age_s"": null, ""lidar_min_m"": 0.28, ""target_lidar_m"": null, ""target_lidar_deg"": null, ""camera_range_m"
2026-07-16T23:19:53.016,2707.017,mission_20260716_223446_manual,MANUAL,,0,13.330327033996582,100.9979248046875,150.59897761339454,4,True,0.6782500147819519,1,0,0,1,0,0.0,0.0,0.0,0,0,nan,nan,nan,88,26.299999237060547,0.0,29.0,0,30,-,READY owner=Surnn refs=24,"{""cmd"": ""STOP"", ""status"": ""READY"", ""detector"": ""yolo"", ""state"": ""IDLE"", ""owner"": ""Surnn"", ""score"": null, ""match_max"": 0.5, ""refs"": 24, ""match_mode"": ""none"", ""steer_zones"": 41, ""people"": 0, ""track_id"": null, ""target_ex"": 0.0, ""target_cx_vel_px_s"": 0.0, ""target_age_s"": null, ""lidar_min_m"": 0.27, ""target_lidar_m"": null, ""target_lidar_deg"": null, ""camera_range_m"
2026-07-16T23:19:55.045,2709.045,mission_20260716_223446_manual,MANUAL,,0,13.33032512664795,100.9979248046875,150.5975979151822,4,True,0.6802499890327454,1,0,0,1,0,0.0,0.0,0.0,0,0,nan,nan,nan,88,26.299999237060547,0.0,29.0,0,30,-,READY owner=Surnn refs=24,"{""cmd"": ""STOP"", ""status"": ""READY"", ""detector"": ""yolo"", ""state"": ""IDLE"", ""owner"": ""Surnn"", ""score"": null, ""match_max"": 0.5, ""refs"": 24, ""match_mode"": ""none"", ""steer_zones"": 41, ""people"": 0, ""track_id"": null, ""target_ex"": 0.0, ""target_cx_vel_px_s"": 0.0, ""target_age_s"": null, ""lidar_min_m"": 0.27, ""target_lidar_m"": null, ""target_lidar_deg"": null, ""camera_range_m"
2026-07-16T23:19:57.054,2711.055,mission_20260716_223446_manual,MANUAL,,0,13.330323219299316,100.9979248046875,150.5948385187575,4,True,0.6787499785423279,1,0,0,1,0,0.0,0.0,0.0,0,0,nan,nan,nan,88,26.299999237060547,0.0,29.0,0,31,-,READY owner=Surnn refs=24,"{""cmd"": ""STOP"", ""status"": ""READY"", ""detector"": ""yolo"", ""state"": ""IDLE"", ""owner"": ""Surnn"", ""score"": null, ""match_max"": 0.5, ""refs"": 24, ""match_mode"": ""none"", ""steer_zones"": 41, ""people"": 0, ""track_id"": null, ""target_ex"": 0.0, ""target_cx_vel_px_s"": 0.0, ""target_age_s"": null, ""lidar_min_m"": 0.27, ""target_lidar_m"": null, ""target_lidar_deg"": null, ""camera_range_m"
2026-07-16T23:19:59.091,2713.092,mission_20260716_223446_manual,MANUAL,,0,13.330322265625,100.99791717529297,150.6000841040401,4,True,0.6782500147819519,1,0,0,1,0,0.0,0.0,0.0,0,0,nan,nan,nan,88,26.299999237060547,0.0,29.0,0,30,-,READY owner=Surnn refs=24,"{""cmd"": ""STOP"", ""status"": ""READY"", ""detector"": ""yolo"", ""state"": ""IDLE"", ""owner"": ""Surnn"", ""score"": null, ""match_max"": 0.5, ""refs"": 24, ""match_mode"": ""none"", ""steer_zones"": 41, ""people"": 0, ""track_id"": null, ""target_ex"": 0.0, ""target_cx_vel_px_s"": 0.0, ""target_age_s"": null, ""lidar_min_m"": 0.27, ""target_lidar_m"": null, ""target_lidar_deg"": null, ""camera_range_m"
2026-07-16T23:20:01.108,2715.108,mission_20260716_223446_manual,MANUAL,,0,13.330320358276367,100.99791717529297,150.60584878369957,4,True,0.6787499785423279,1,0,0,1,0,0.0,0.0,0.0,0,0,nan,nan,nan,88,26.299999237060547,0.0,29.0,0,30,-,READY owner=Surnn refs=24,"{""cmd"": ""STOP"", ""status"": ""READY"", ""detector"": ""yolo"", ""state"": ""IDLE"", ""owner"": ""Surnn"", ""score"": null, ""match_max"": 0.5, ""refs"": 24, ""match_mode"": ""none"", ""steer_zones"": 41, ""people"": 0, ""track_id"": null, ""target_ex"": 0.0, ""target_cx_vel_px_s"": 0.0, ""target_age_s"": null, ""lidar_min_m"": 0.27, ""target_lidar_m"": null, ""target_lidar_deg"": null, ""camera_range_m"
2026-07-16T23:20:03.108,2717.108,mission_20260716_223446_manual,MANUAL,,0,13.33031940460205,100.99791717529297,150.59744765102047,4,True,0.6790000200271606,1,0,0,1,0,0.0,0.0,0.0,0,0,nan,nan,nan,88,26.299999237060547,0.0,29.0,0,28,-,READY owner=Surnn refs=24,"{""cmd"": ""STOP"", ""status"": ""READY"", ""detector"": ""yolo"", ""state"": ""IDLE"", ""owner"": ""Surnn"", ""score"": null, ""match_max"": 0.5, ""refs"": 24, ""match_mode"": ""none"", ""steer_zones"": 41, ""people"": 0, ""track_id"": null, ""target_ex"": 0.0, ""target_cx_vel_px_s"": 0.0, ""target_age_s"": null, ""lidar_min_m"": 0.27, ""target_lidar_m"": null, ""target_lidar_deg"": null, ""camera_range_m"
2026-07-16T23:20:05.141,2719.141,mission_20260716_223446_manual,MANUAL,,0,13.330318450927734,100.99791717529297,150.60146380225243,4,True,0.6782500147819519,1,0,0,1,0,0.0,0.0,0.0,0,0,nan,nan,nan,88,26.299999237060547,0.0,29.0,0,29,-,READY owner=Surnn refs=24,"{""cmd"": ""STOP"", ""status"": ""READY"", ""detector"": ""yolo"", ""state"": ""IDLE"", ""owner"": ""Surnn"", ""score"": null, ""match_max"": 0.5, ""refs"": 24, ""match_mode"": ""none"", ""steer_zones"": 41, ""people"": 0, ""track_id"": null, ""target_ex"": 0.0, ""target_cx_vel_px_s"": 0.0, ""target_age_s"": null, ""lidar_min_m"": 0.27, ""target_lidar_m"": null, ""target_lidar_deg"": null, ""camera_range_m"
2026-07-16T23:20:07.160,2721.16,mission_20260716_223446_manual,MANUAL,,0,13.330317497253418,100.99791717529297,150.60399097224533,4,True,0.6769999861717224,1,0,0,1,0,0.0,0.0,0.0,0,0,nan,nan,nan,88,26.299999237060547,0.0,29.0,0,28,-,READY owner=Surnn refs=24,"{""cmd"": ""STOP"", ""status"": ""READY"", ""detector"": ""yolo"", ""state"": ""IDLE"", ""owner"": ""Surnn"", ""score"": null, ""match_max"": 0.5, ""refs"": 24, ""match_mode"": ""none"", ""steer_zones"": 41, ""people"": 0, ""track_id"": null, ""target_ex"": 0.0, ""target_cx_vel_px_s"": 0.0, ""target_age_s"": null, ""lidar_min_m"": 0.28, ""target_lidar_m"": null, ""target_lidar_deg"": null, ""camera_range_m"
2026-07-16T23:20:09.287,2723.287,mission_20260716_223446_manual,MANUAL,,0,13.330315589904785,100.99791717529297,150.60198289662935,4,True,0.6762499809265137,1,0,0,1,0,0.0,0.0,0.0,0,0,nan,nan,nan,88,26.299999237060547,0.0,29.0,0,30,-,READY owner=Surnn refs=24,"{""cmd"": ""STOP"", ""status"": ""READY"", ""detector"": ""yolo"", ""state"": ""IDLE"", ""owner"": ""Surnn"", ""score"": null, ""match_max"": 0.5, ""refs"": 24, ""match_mode"": ""none"", ""steer_zones"": 41, ""people"": 0, ""track_id"": null, ""target_ex"": 0.0, ""target_cx_vel_px_s"": 0.0, ""target_age_s"": null, ""lidar_min_m"": 0.27, ""target_lidar_m"": null, ""target_lidar_deg"": null, ""camera_range_m"
2026-07-16T23:20:11.288,2725.288,mission_20260716_223446_manual,MANUAL,,0,13.330314636230469,100.99791717529297,150.59922350020466,4,True,0.6790000200271606,1,0,0,1,0,0.0,0.0,0.0,0,0,nan,nan,nan,88,26.299999237060547,0.0,29.0,0,29,-,READY owner=Surnn refs=24,"{""cmd"": ""STOP"", ""status"": ""READY"", ""detector"": ""yolo"", ""state"": ""IDLE"", ""owner"": ""Surnn"", ""score"": null, ""match_max"": 0.5, ""refs"": 24, ""match_mode"": ""none"", ""steer_zones"": 41, ""people"": 0, ""track_id"": null, ""target_ex"": 0.0, ""target_cx_vel_px_s"": 0.0, ""target_age_s"": null, ""lidar_min_m"": 0.28, ""target_lidar_m"": null, ""target_lidar_deg"": null, ""camera_range_m"
2026-07-16T23:20:13.291,2727.292,mission_20260716_223446_manual,MANUAL,,0,13.330313682556152,100.99791717529297,150.5977345189656,4,True,0.6797500252723694,1,0,0,1,0,0.0,0.0,0.0,0,0,nan,nan,nan,88,26.299999237060547,0.0,29.0,0,29,-,READY owner=Surnn refs=24,"{""cmd"": ""STOP"", ""status"": ""READY"", ""detector"": ""yolo"", ""state"": ""IDLE"", ""owner"": ""Surnn"", ""score"": null, ""match_max"": 0.5, ""refs"": 24, ""match_mode"": ""none"", ""steer_zones"": 41, ""people"": 0, ""track_id"": null, ""target_ex"": 0.0, ""target_cx_vel_px_s"": 0.0, ""target_age_s"": null, ""lidar_min_m"": 0.29, ""target_lidar_m"": null, ""target_lidar_deg"": null, ""camera_range_m"
2026-07-16T23:20:15.306,2729.307,mission_20260716_223446_manual,MANUAL,,0,13.330312728881836,100.99791717529297,150.59018032974356,4,True,0.6779999732971191,1,0,0,1,0,0.0,0.0,0.0,0,0,nan,nan,nan,88,26.299999237060547,0.0,29.0,0,29,-,READY owner=Surnn refs=24,"{""cmd"": ""STOP"", ""status"": ""READY"", ""detector"": ""yolo"", ""state"": ""IDLE"", ""owner"": ""Surnn"", ""score"": null, ""match_max"": 0.5, ""refs"": 24, ""match_mode"": ""none"", ""steer_zones"": 41, ""people"": 0, ""track_id"": null, ""target_ex"": 0.0, ""target_cx_vel_px_s"": 0.0, ""target_age_s"": null, ""lidar_min_m"": 0.27, ""target_lidar_m"": null, ""target_lidar_deg"": null, ""camera_range_m"
2026-07-16T23:20:17.332,2731.332,mission_20260716_223446_manual,MANUAL,,0,13.330312728881836,100.99791717529297,150.57908810253147,4,True,0.6792500019073486,1,0,0,1,0,0.0,0.0,0.0,0,0,nan,nan,nan,88,26.299999237060547,0.0,29.0,0,28,-,READY owner=Surnn refs=24,"{""cmd"": ""STOP"", ""status"": ""READY"", ""detector"": ""yolo"", ""state"": ""IDLE"", ""owner"": ""Surnn"", ""score"": null, ""match_max"": 0.5, ""refs"": 24, ""match_mode"": ""none"", ""steer_zones"": 41, ""people"": 0, ""track_id"": null, ""target_ex"": 0.0, ""target_cx_vel_px_s"": 0.0, ""target_age_s"": null, ""lidar_min_m"": 0.28, ""target_lidar_m"": null, ""target_lidar_deg"": null, ""camera_range_m"
2026-07-16T23:20:19.339,2733.34,mission_20260716_223446_manual,MANUAL,,0,13.330312728881836,100.99791717529297,150.57400644178898,4,True,0.6787499785423279,1,0,0,1,0,0.0,0.0,0.0,0,0,nan,nan,nan,88,26.299999237060547,0.0,29.0,0,30,-,READY owner=Surnn refs=24,"{""cmd"": ""STOP"", ""status"": ""READY"", ""detector"": ""yolo"", ""state"": ""IDLE"", ""owner"": ""Surnn"", ""score"": null, ""match_max"": 0.5, ""refs"": 24, ""match_mode"": ""none"", ""steer_zones"": 41, ""people"": 0, ""track_id"": null, ""target_ex"": 0.0, ""target_cx_vel_px_s"": 0.0, ""target_age_s"": null, ""lidar_min_m"": 0.29, ""target_lidar_m"": null, ""target_lidar_deg"": null, ""camera_range_m"
2026-07-16T23:20:21.354,2735.354,mission_20260716_223446_manual,MANUAL,,0,13.330313682556152,100.99791717529297,150.56863791310136,4,True,0.6775000095367432,1,0,0,1,0,0.0,0.0,0.0,0,0,nan,nan,nan,88,26.299999237060547,0.0,29.0,0,30,-,READY owner=Surnn refs=24,"{""cmd"": ""STOP"", ""status"": ""READY"", ""detector"": ""yolo"", ""state"": ""IDLE"", ""owner"": ""Surnn"", ""score"": null, ""match_max"": 0.5, ""refs"": 24, ""match_mode"": ""none"", ""steer_zones"": 41, ""people"": 0, ""track_id"": null, ""target_ex"": 0.0, ""target_cx_vel_px_s"": 0.0, ""target_age_s"": null, ""lidar_min_m"": 0.28, ""target_lidar_m"": null, ""target_lidar_deg"": null, ""camera_range_m"
2026-07-16T23:20:23.367,2737.368,mission_20260716_223446_manual,MANUAL,,0,13.330313682556152,100.99791717529297,150.57505829092116,4,True,0.6777499914169312,1,0,0,1,0,0.0,0.0,0.0,0,0,nan,nan,nan,88,26.299999237060547,0.0,29.0,0,30,-,READY owner=Surnn refs=24,"{""cmd"": ""STOP"", ""status"": ""READY"", ""detector"": ""yolo"", ""state"": ""IDLE"", ""owner"": ""Surnn"", ""score"": null, ""match_max"": 0.5, ""refs"": 24, ""match_mode"": ""none"", ""steer_zones"": 41, ""people"": 0, ""track_id"": null, ""target_ex"": 0.0, ""target_cx_vel_px_s"": 0.0, ""target_age_s"": null, ""lidar_min_m"": 0.29, ""target_lidar_m"": null, ""target_lidar_deg"": null, ""camera_range_m"
2026-07-16T23:20:25.381,2739.382,mission_20260716_223446_manual,MANUAL,,0,13.330312728881836,100.99791717529297,150.58524893316283,4,True,0.6800000071525574,1,0,0,1,0,0.0,0.0,0.0,0,0,nan,nan,nan,88,26.299999237060547,0.0,29.0,0,30,-,READY owner=Surnn refs=24,"{""cmd"": ""STOP"", ""status"": ""READY"", ""detector"": ""yolo"", ""state"": ""IDLE"", ""owner"": ""Surnn"", ""score"": null, ""match_max"": 0.5, ""refs"": 24, ""match_mode"": ""none"", ""steer_zones"": 41, ""people"": 0, ""track_id"": null, ""target_ex"": 0.0, ""target_cx_vel_px_s"": 0.0, ""target_age_s"": null, ""lidar_min_m"": 0.28, ""target_lidar_m"": null, ""target_lidar_deg"": null, ""camera_range_m"
2026-07-16T23:20:27.403,2741.403,mission_20260716_223446_manual,MANUAL,,0,13.330312728881836,100.99790954589844,150.5885547447211,4,True,0.6787499785423279,1,0,0,1,0,0.0,0.0,0.0,0,0,nan,nan,nan,88,26.299999237060547,0.0,29.0,0,30,-,READY owner=Surnn refs=24,"{""cmd"": ""STOP"", ""status"": ""READY"", ""detector"": ""yolo"", ""state"": ""IDLE"", ""owner"": ""Surnn"", ""score"": null, ""match_max"": 0.5, ""refs"": 24, ""match_mode"": ""none"", ""steer_zones"": 41, ""people"": 0, ""track_id"": null, ""target_ex"": 0.0, ""target_cx_vel_px_s"": 0.0, ""target_age_s"": null, ""lidar_min_m"": 0.29, ""target_lidar_m"": null, ""target_lidar_deg"": null, ""camera_range_m"
2026-07-16T23:20:29.407,2743.408,mission_20260716_223446_manual,MANUAL,,0,13.330312728881836,100.99790954589844,150.58769414088567,4,True,0.6779999732971191,1,0,0,1,0,0.0,0.0,0.0,0,0,nan,nan,nan,88,26.299999237060547,0.0,29.0,0,30,-,READY owner=Surnn refs=24,"{""cmd"": ""STOP"", ""status"": ""READY"", ""detector"": ""yolo"", ""state"": ""IDLE"", ""owner"": ""Surnn"", ""score"": null, ""match_max"": 0.5, ""refs"": 24, ""match_mode"": ""none"", ""steer_zones"": 41, ""people"": 0, ""track_id"": null, ""target_ex"": 0.0, ""target_cx_vel_px_s"": 0.0, ""target_age_s"": null, ""lidar_min_m"": 0.27, ""target_lidar_m"": null, ""target_lidar_deg"": null, ""camera_range_m"
2026-07-16T23:20:31.431,2745.431,mission_20260716_223446_manual,MANUAL,,0,13.330312728881836,100.99790954589844,150.59116387698404,4,True,0.6792500019073486,1,0,0,1,0,0.0,0.0,0.0,0,0,nan,nan,nan,88,26.299999237060547,0.0,29.0,0,29,-,READY owner=Surnn refs=24,"{""cmd"": ""STOP"", ""status"": ""READY"", ""detector"": ""yolo"", ""state"": ""IDLE"", ""owner"": ""Surnn"", ""score"": null, ""match_max"": 0.5, ""refs"": 24, ""match_mode"": ""none"", ""steer_zones"": 41, ""people"": 0, ""track_id"": null, ""target_ex"": 0.0, ""target_cx_vel_px_s"": 0.0, ""target_age_s"": null, ""lidar_min_m"": 0.28, ""target_lidar_m"": null, ""target_lidar_deg"": null, ""camera_range_m"
2026-07-16T23:20:33.445,2747.445,mission_20260716_223446_manual,MANUAL,,0,13.330314636230469,100.99790954589844,150.59123217887574,4,True,0.6790000200271606,1,0,0,1,0,0.0,0.0,0.0,0,0,nan,nan,nan,88,26.299999237060547,0.0,29.0,0,30,-,READY owner=Surnn refs=24,"{""cmd"": ""STOP"", ""status"": ""READY"", ""detector"": ""yolo"", ""state"": ""IDLE"", ""owner"": ""Surnn"", ""score"": null, ""match_max"": 0.5, ""refs"": 24, ""match_mode"": ""none"", ""steer_zones"": 41, ""people"": 0, ""track_id"": null, ""target_ex"": 0.0, ""target_cx_vel_px_s"": 0.0, ""target_age_s"": null, ""lidar_min_m"": 0.27, ""target_lidar_m"": null, ""target_lidar_deg"": null, ""camera_range_m"
2026-07-16T23:20:35.473,2749.473,mission_20260716_223446_manual,MANUAL,,0,13.330315589904785,100.99790954589844,150.59388229227372,4,True,0.6779999732971191,1,0,0,1,0,0.0,0.0,0.0,0,0,nan,nan,nan,88,26.299999237060547,0.0,29.0,0,28,-,READY owner=Surnn refs=24,"{""cmd"": ""STOP"", ""status"": ""READY"", ""detector"": ""yolo"", ""state"": ""IDLE"", ""owner"": ""Surnn"", ""score"": null, ""match_max"": 0.5, ""refs"": 24, ""match_mode"": ""none"", ""steer_zones"": 41, ""people"": 0, ""track_id"": null, ""target_ex"": 0.0, ""target_cx_vel_px_s"": 0.0, ""target_age_s"": null, ""lidar_min_m"": 0.28, ""target_lidar_m"": null, ""target_lidar_deg"": null, ""camera_range_m"
2026-07-16T23:20:37.545,2751.546,mission_20260716_223446_manual,MANUAL,,0,13.330317497253418,100.99790954589844,150.58709308423872,4,True,0.6809999942779541,1,0,0,1,0,0.0,0.0,0.0,0,0,nan,nan,nan,88,26.299999237060547,0.0,29.0,0,29,-,READY owner=Surnn refs=24,"{""cmd"": ""STOP"", ""status"": ""READY"", ""detector"": ""yolo"", ""state"": ""IDLE"", ""owner"": ""Surnn"", ""score"": null, ""match_max"": 0.5, ""refs"": 24, ""match_mode"": ""none"", ""steer_zones"": 41, ""people"": 0, ""track_id"": null, ""target_ex"": 0.0, ""target_cx_vel_px_s"": 0.0, ""target_age_s"": null, ""lidar_min_m"": 0.28, ""target_lidar_m"": null, ""target_lidar_deg"": null, ""camera_range_m"
2026-07-16T23:20:39.545,2753.546,mission_20260716_223446_manual,MANUAL,,0,13.33031940460205,100.99790954589844,150.58488010294764,4,True,0.6792500019073486,1,0,0,1,0,0.0,0.0,0.0,0,0,nan,nan,nan,88,26.299999237060547,0.0,29.0,0,30,-,READY owner=Surnn refs=24,"{""cmd"": ""STOP"", ""status"": ""READY"", ""detector"": ""yolo"", ""state"": ""IDLE"", ""owner"": ""Surnn"", ""score"": null, ""match_max"": 0.5, ""refs"": 24, ""match_mode"": ""none"", ""steer_zones"": 41, ""people"": 0, ""track_id"": null, ""target_ex"": 0.0, ""target_cx_vel_px_s"": 0.0, ""target_age_s"": null, ""lidar_min_m"": 0.27, ""target_lidar_m"": null, ""target_lidar_deg"": null, ""camera_range_m"
2026-07-16T23:20:41.559,2755.559,mission_20260716_223446_manual,MANUAL,,0,13.330320358276367,100.99790954589844,150.57324146060193,4,True,0.6772500276565552,1,0,0,1,0,0.0,0.0,0.0,0,0,nan,nan,nan,88,26.299999237060547,0.0,29.0,0,30,-,READY owner=Surnn refs=24,"{""cmd"": ""STOP"", ""status"": ""READY"", ""detector"": ""yolo"", ""state"": ""IDLE"", ""owner"": ""Surnn"", ""score"": null, ""match_max"": 0.5, ""refs"": 24, ""match_mode"": ""none"", ""steer_zones"": 41, ""people"": 0, ""track_id"": null, ""target_ex"": 0.0, ""target_cx_vel_px_s"": 0.0, ""target_age_s"": null, ""lidar_min_m"": 0.28, ""target_lidar_m"": null, ""target_lidar_deg"": null, ""camera_range_m"
2026-07-16T23:20:43.568,2757.568,mission_20260716_223446_manual,MANUAL,,0,13.330321311950684,100.99790954589844,150.57038644152888,4,True,0.6767500042915344,1,0,0,1,0,0.0,0.0,0.0,0,0,nan,nan,nan,88,26.299999237060547,0.0,29.0,0,31,-,READY owner=Surnn refs=24,"{""cmd"": ""STOP"", ""status"": ""READY"", ""detector"": ""yolo"", ""state"": ""IDLE"", ""owner"": ""Surnn"", ""score"": null, ""match_max"": 0.5, ""refs"": 24, ""match_mode"": ""none"", ""steer_zones"": 41, ""people"": 0, ""track_id"": null, ""target_ex"": 0.0, ""target_cx_vel_px_s"": 0.0, ""target_age_s"": null, ""lidar_min_m"": 0.28, ""target_lidar_m"": null, ""target_lidar_deg"": null, ""camera_range_m"
2026-07-16T23:20:45.584,2759.585,mission_20260716_223446_manual,MANUAL,,0,13.330323219299316,100.99790954589844,150.5722032718481,4,True,0.6787499785423279,1,0,0,1,0,0.0,0.0,0.0,0,0,nan,nan,nan,88,26.299999237060547,0.0,29.0,0,31,-,READY owner=Surnn refs=24,"{""cmd"": ""STOP"", ""status"": ""READY"", ""detector"": ""yolo"", ""state"": ""IDLE"", ""owner"": ""Surnn"", ""score"": null, ""match_max"": 0.5, ""refs"": 24, ""match_mode"": ""none"", ""steer_zones"": 41, ""people"": 0, ""track_id"": null, ""target_ex"": 0.0, ""target_cx_vel_px_s"": 0.0, ""target_age_s"": null, ""lidar_min_m"": 0.27, ""target_lidar_m"": null, ""target_lidar_deg"": null, ""camera_range_m"
2026-07-16T23:20:47.588,2761.588,mission_20260716_223446_manual,MANUAL,,0,13.330324172973633,100.99790954589844,150.57498998902946,4,True,0.6782500147819519,1,0,0,1,0,0.0,0.0,0.0,0,0,nan,nan,nan,88,26.299999237060547,0.0,29.0,0,31,-,READY owner=Surnn refs=24,"{""cmd"": ""STOP"", ""status"": ""READY"", ""detector"": ""yolo"", ""state"": ""IDLE"", ""owner"": ""Surnn"", ""score"": null, ""match_max"": 0.5, ""refs"": 24, ""match_mode"": ""none"", ""steer_zones"": 41, ""people"": 0, ""track_id"": null, ""target_ex"": 0.0, ""target_cx_vel_px_s"": 0.0, ""target_age_s"": null, ""lidar_min_m"": 0.28, ""target_lidar_m"": null, ""target_lidar_deg"": null, ""camera_range_m"
2026-07-16T23:20:49.620,2763.62,mission_20260716_223446_manual,MANUAL,,0,13.33032512664795,100.99790954589844,150.5666434978637,4,True,0.6804999709129333,1,0,0,1,0,0.0,0.0,0.0,0,0,nan,nan,nan,88,26.299999237060547,0.0,29.0,0,31,-,READY owner=Surnn refs=24,"{""cmd"": ""STOP"", ""status"": ""READY"", ""detector"": ""yolo"", ""state"": ""IDLE"", ""owner"": ""Surnn"", ""score"": null, ""match_max"": 0.5, ""refs"": 24, ""match_mode"": ""none"", ""steer_zones"": 41, ""people"": 0, ""track_id"": null, ""target_ex"": 0.0, ""target_cx_vel_px_s"": 0.0, ""target_age_s"": null, ""lidar_min_m"": 0.28, ""target_lidar_m"": null, ""target_lidar_deg"": null, ""camera_range_m"
2026-07-16T23:20:51.645,2765.646,mission_20260716_223446_manual,MANUAL,,0,13.330327033996582,100.99790954589844,150.57539980037967,4,True,0.6797500252723694,1,0,0,1,0,0.0,0.0,0.0,0,0,nan,nan,nan,88,26.299999237060547,0.0,29.0,0,31,-,READY owner=Surnn refs=24,"{""cmd"": ""STOP"", ""status"": ""READY"", ""detector"": ""yolo"", ""state"": ""IDLE"", ""owner"": ""Surnn"", ""score"": null, ""match_max"": 0.5, ""refs"": 24, ""match_mode"": ""none"", ""steer_zones"": 41, ""people"": 0, ""track_id"": null, ""target_ex"": 0.0, ""target_cx_vel_px_s"": 0.0, ""target_age_s"": null, ""lidar_min_m"": 0.28, ""target_lidar_m"": null, ""target_lidar_deg"": null, ""camera_range_m"
2026-07-16T23:20:53.647,2767.647,mission_20260716_223446_manual,MANUAL,,0,13.330327033996582,100.99790954589844,150.5687198753714,4,True,0.6784999966621399,1,0,0,1,0,0.0,0.0,0.0,0,0,nan,nan,nan,88,26.299999237060547,0.0,29.0,0,31,-,READY owner=Surnn refs=24,"{""cmd"": ""STOP"", ""status"": ""READY"", ""detector"": ""yolo"", ""state"": ""IDLE"", ""owner"": ""Surnn"", ""score"": null, ""match_max"": 0.5, ""refs"": 24, ""match_mode"": ""none"", ""steer_zones"": 41, ""people"": 0, ""track_id"": null, ""target_ex"": 0.0, ""target_cx_vel_px_s"": 0.0, ""target_age_s"": null, ""lidar_min_m"": 0.28, ""target_lidar_m"": null, ""target_lidar_deg"": null, ""camera_range_m"
2026-07-16T23:20:55.649,2769.649,mission_20260716_223446_manual,MANUAL,,0,13.330327987670898,100.99790954589844,150.57044108304223,4,True,0.6787499785423279,1,0,0,1,0,0.0,0.0,0.0,0,0,nan,nan,nan,88,26.299999237060547,0.0,29.0,0,31,-,READY owner=Surnn refs=24,"{""cmd"": ""STOP"", ""status"": ""READY"", ""detector"": ""yolo"", ""state"": ""IDLE"", ""owner"": ""Surnn"", ""score"": null, ""match_max"": 0.5, ""refs"": 24, ""match_mode"": ""none"", ""steer_zones"": 41, ""people"": 0, ""track_id"": null, ""target_ex"": 0.0, ""target_cx_vel_px_s"": 0.0, ""target_age_s"": null, ""lidar_min_m"": 0.27, ""target_lidar_m"": null, ""target_lidar_deg"": null, ""camera_range_m"
2026-07-16T23:20:57.780,2771.78,mission_20260716_223446_manual,MANUAL,,0,13.330328941345215,100.99790954589844,150.58639640494337,4,True,0.6812499761581421,1,0,0,1,0,0.0,0.0,0.0,0,0,nan,nan,nan,88,26.299999237060547,0.0,29.0,0,30,-,READY owner=Surnn refs=24,"{""cmd"": ""STOP"", ""status"": ""READY"", ""detector"": ""yolo"", ""state"": ""IDLE"", ""owner"": ""Surnn"", ""score"": null, ""match_max"": 0.5, ""refs"": 24, ""match_mode"": ""none"", ""steer_zones"": 41, ""people"": 0, ""track_id"": null, ""target_ex"": 0.0, ""target_cx_vel_px_s"": 0.0, ""target_age_s"": null, ""lidar_min_m"": 0.28, ""target_lidar_m"": null, ""target_lidar_deg"": null, ""camera_range_m"
2026-07-16T23:20:59.814,2773.815,mission_20260716_223446_manual,MANUAL,,0,13.330329895019531,100.99790954589844,150.58789904656078,4,True,0.6790000200271606,1,0,0,1,0,0.0,0.0,0.0,0,0,nan,nan,nan,88,26.299999237060547,0.0,29.0,0,29,-,READY owner=Surnn refs=24,"{""cmd"": ""STOP"", ""status"": ""READY"", ""detector"": ""yolo"", ""state"": ""IDLE"", ""owner"": ""Surnn"", ""score"": null, ""match_max"": 0.5, ""refs"": 24, ""match_mode"": ""none"", ""steer_zones"": 41, ""people"": 0, ""track_id"": null, ""target_ex"": 0.0, ""target_cx_vel_px_s"": 0.0, ""target_age_s"": null, ""lidar_min_m"": 0.27, ""target_lidar_m"": null, ""target_lidar_deg"": null, ""camera_range_m"
2026-07-16T23:21:01.918,2775.918,mission_20260716_223446_manual,MANUAL,,0,13.330331802368164,100.99790954589844,150.58519429164946,4,True,0.6787499785423279,1,0,0,1,0,0.0,0.0,0.0,0,0,nan,nan,nan,88,26.299999237060547,0.0,29.0,0,31,-,READY owner=Surnn refs=24,"{""cmd"": ""STOP"", ""status"": ""READY"", ""detector"": ""yolo"", ""state"": ""IDLE"", ""owner"": ""Surnn"", ""score"": null, ""match_max"": 0.5, ""refs"": 24, ""match_mode"": ""none"", ""steer_zones"": 41, ""people"": 0, ""track_id"": null, ""target_ex"": 0.0, ""target_cx_vel_px_s"": 0.0, ""target_age_s"": null, ""lidar_min_m"": 0.26, ""target_lidar_m"": null, ""target_lidar_deg"": null, ""camera_range_m"
2026-07-16T23:21:04.005,2778.005,mission_20260716_223446_manual,MANUAL,,0,13.330333709716797,100.99790954589844,150.58620515964662,4,True,0.6797500252723694,1,0,0,1,0,0.0,0.0,0.0,0,0,nan,nan,nan,88,26.299999237060547,0.0,29.0,0,30,-,READY owner=Surnn refs=24,"{""cmd"": ""STOP"", ""status"": ""READY"", ""detector"": ""yolo"", ""state"": ""IDLE"", ""owner"": ""Surnn"", ""score"": null, ""match_max"": 0.5, ""refs"": 24, ""match_mode"": ""none"", ""steer_zones"": 41, ""people"": 0, ""track_id"": null, ""target_ex"": 0.0, ""target_cx_vel_px_s"": 0.0, ""target_age_s"": null, ""lidar_min_m"": 0.26, ""target_lidar_m"": null, ""target_lidar_deg"": null, ""camera_range_m"
2026-07-16T23:21:06.040,2780.041,mission_20260716_223446_manual,MANUAL,,0,13.330333709716797,100.99790954589844,150.58880063153123,4,True,0.6797500252723694,1,0,0,1,0,0.0,0.0,0.0,0,0,nan,nan,nan,88,26.299999237060547,0.0,29.0,0,30,-,READY owner=Surnn refs=24,"{""cmd"": ""STOP"", ""status"": ""READY"", ""detector"": ""yolo"", ""state"": ""IDLE"", ""owner"": ""Surnn"", ""score"": null, ""match_max"": 0.5, ""refs"": 24, ""match_mode"": ""none"", ""steer_zones"": 41, ""people"": 0, ""track_id"": null, ""target_ex"": 0.0, ""target_cx_vel_px_s"": 0.0, ""target_age_s"": null, ""lidar_min_m"": 0.28, ""target_lidar_m"": null, ""target_lidar_deg"": null, ""camera_range_m"
2026-07-16T23:21:08.085,2782.086,mission_20260716_223446_manual,MANUAL,,0,13.330333709716797,100.99790954589844,150.58007164977195,4,True,0.6775000095367432,1,0,0,1,0,0.0,0.0,0.0,0,0,nan,nan,nan,88,26.299999237060547,0.0,29.0,0,29,-,READY owner=Surnn refs=24,"{""cmd"": ""STOP"", ""status"": ""READY"", ""detector"": ""yolo"", ""state"": ""IDLE"", ""owner"": ""Surnn"", ""score"": null, ""match_max"": 0.5, ""refs"": 24, ""match_mode"": ""none"", ""steer_zones"": 41, ""people"": 0, ""track_id"": null, ""target_ex"": 0.0, ""target_cx_vel_px_s"": 0.0, ""target_age_s"": null, ""lidar_min_m"": 0.28, ""target_lidar_m"": null, ""target_lidar_deg"": null, ""camera_range_m"
2026-07-16T23:21:10.105,2784.105,mission_20260716_223446_manual,MANUAL,,0,13.330333709716797,100.99790954589844,150.57014055471876,4,True,0.6790000200271606,1,0,0,1,0,0.0,0.0,0.0,0,0,nan,nan,nan,88,26.299999237060547,0.0,29.0,0,29,-,READY owner=Surnn refs=24,"{""cmd"": ""STOP"", ""status"": ""READY"", ""detector"": ""yolo"", ""state"": ""IDLE"", ""owner"": ""Surnn"", ""score"": null, ""match_max"": 0.5, ""refs"": 24, ""match_mode"": ""none"", ""steer_zones"": 41, ""people"": 0, ""track_id"": null, ""target_ex"": 0.0, ""target_cx_vel_px_s"": 0.0, ""target_age_s"": null, ""lidar_min_m"": 0.26, ""target_lidar_m"": null, ""target_lidar_deg"": null, ""camera_range_m"
2026-07-16T23:21:12.117,2786.117,mission_20260716_223446_manual,MANUAL,,0,13.33033275604248,100.99790954589844,150.56578289402827,4,True,0.6790000200271606,1,0,0,1,0,0.0,0.0,0.0,0,0,nan,nan,nan,88,26.299999237060547,0.0,29.0,0,30,-,READY owner=Surnn refs=24,"{""cmd"": ""STOP"", ""status"": ""READY"", ""detector"": ""yolo"", ""state"": ""IDLE"", ""owner"": ""Surnn"", ""score"": null, ""match_max"": 0.5, ""refs"": 24, ""match_mode"": ""none"", ""steer_zones"": 41, ""people"": 0, ""track_id"": null, ""target_ex"": 0.0, ""target_cx_vel_px_s"": 0.0, ""target_age_s"": null, ""lidar_min_m"": 0.27, ""target_lidar_m"": null, ""target_lidar_deg"": null, ""camera_range_m"
2026-07-16T23:21:14.129,2788.13,mission_20260716_223446_manual,MANUAL,,0,13.330330848693848,100.99790954589844,150.55761398778094,4,True,0.6790000200271606,1,0,0,1,0,0.0,0.0,0.0,0,0,nan,nan,nan,88,26.299999237060547,0.0,29.0,0,30,-,READY owner=Surnn refs=24,"{""cmd"": ""STOP"", ""status"": ""READY"", ""detector"": ""yolo"", ""state"": ""IDLE"", ""owner"": ""Surnn"", ""score"": null, ""match_max"": 0.5, ""refs"": 24, ""match_mode"": ""none"", ""steer_zones"": 41, ""people"": 0, ""track_id"": null, ""target_ex"": 0.0, ""target_cx_vel_px_s"": 0.0, ""target_age_s"": null, ""lidar_min_m"": 0.26, ""target_lidar_m"": null, ""target_lidar_deg"": null, ""camera_range_m"
2026-07-16T23:21:16.132,2790.132,mission_20260716_223446_manual,MANUAL,,0,13.330329895019531,100.99790954589844,150.5523684024984,4,True,0.6784999966621399,1,0,0,1,0,0.0,0.0,0.0,0,0,nan,nan,nan,88,26.299999237060547,0.0,29.0,0,30,-,READY owner=Surnn refs=24,"{""cmd"": ""STOP"", ""status"": ""READY"", ""detector"": ""yolo"", ""state"": ""IDLE"", ""owner"": ""Surnn"", ""score"": null, ""match_max"": 0.5, ""refs"": 24, ""match_mode"": ""none"", ""steer_zones"": 41, ""people"": 0, ""track_id"": null, ""target_ex"": 0.0, ""target_cx_vel_px_s"": 0.0, ""target_age_s"": null, ""lidar_min_m"": 0.29, ""target_lidar_m"": null, ""target_lidar_deg"": null, ""camera_range_m"
2026-07-16T23:21:18.140,2792.14,mission_20260716_223446_manual,MANUAL,,0,13.330329895019531,100.99790954589844,150.56285957306352,4,True,0.6787499785423279,1,0,0,1,0,0.0,0.0,0.0,0,0,nan,nan,nan,88,26.299999237060547,0.0,29.0,0,30,-,READY owner=Surnn refs=24,"{""cmd"": ""STOP"", ""status"": ""READY"", ""detector"": ""yolo"", ""state"": ""IDLE"", ""owner"": ""Surnn"", ""score"": null, ""match_max"": 0.5, ""refs"": 24, ""match_mode"": ""none"", ""steer_zones"": 41, ""people"": 0, ""track_id"": null, ""target_ex"": 0.0, ""target_cx_vel_px_s"": 0.0, ""target_age_s"": null, ""lidar_min_m"": 0.26, ""target_lidar_m"": null, ""target_lidar_deg"": null, ""camera_range_m"
2026-07-16T23:21:20.262,2794.263,mission_20260716_223446_manual,MANUAL,,0,13.330328941345215,100.99791717529297,150.56683474316046,4,True,0.6817499995231628,1,0,0,1,0,0.0,0.0,0.0,0,0,nan,nan,nan,88,26.299999237060547,0.0,29.0,0,29,-,READY owner=Surnn refs=24,"{""cmd"": ""STOP"", ""status"": ""READY"", ""detector"": ""yolo"", ""state"": ""IDLE"", ""owner"": ""Surnn"", ""score"": null, ""match_max"": 0.5, ""refs"": 24, ""match_mode"": ""none"", ""steer_zones"": 41, ""people"": 0, ""track_id"": null, ""target_ex"": 0.0, ""target_cx_vel_px_s"": 0.0, ""target_age_s"": null, ""lidar_min_m"": 0.28, ""target_lidar_m"": null, ""target_lidar_deg"": null, ""camera_range_m"
2026-07-16T23:21:22.282,2796.282,mission_20260716_223446_manual,MANUAL,,0,13.330327987670898,100.99791717529297,150.57299557379181,4,True,0.6800000071525574,1,0,0,1,0,0.0,0.0,0.0,0,0,nan,nan,nan,88,26.299999237060547,0.0,29.0,0,28,-,READY owner=Surnn refs=24,"{""cmd"": ""STOP"", ""status"": ""READY"", ""detector"": ""yolo"", ""state"": ""IDLE"", ""owner"": ""Surnn"", ""score"": null, ""match_max"": 0.5, ""refs"": 24, ""match_mode"": ""none"", ""steer_zones"": 41, ""people"": 0, ""track_id"": null, ""target_ex"": 0.0, ""target_cx_vel_px_s"": 0.0, ""target_age_s"": null, ""lidar_min_m"": 0.27, ""target_lidar_m"": null, ""target_lidar_deg"": null, ""camera_range_m"
2026-07-16T23:21:24.306,2798.307,mission_20260716_223446_manual,MANUAL,,0,13.330327987670898,100.99791717529297,150.58526259354116,4,True,0.6784999966621399,1,0,0,1,0,0.0,0.0,0.0,0,0,nan,nan,nan,88,26.299999237060547,0.0,29.0,0,28,-,READY owner=Surnn refs=24,"{""cmd"": ""STOP"", ""status"": ""READY"", ""detector"": ""yolo"", ""state"": ""IDLE"", ""owner"": ""Surnn"", ""score"": null, ""match_max"": 0.5, ""refs"": 24, ""match_mode"": ""none"", ""steer_zones"": 41, ""people"": 0, ""track_id"": null, ""target_ex"": 0.0, ""target_cx_vel_px_s"": 0.0, ""target_age_s"": null, ""lidar_min_m"": 0.28, ""target_lidar_m"": null, ""target_lidar_deg"": null, ""camera_range_m"
2026-07-16T23:21:26.333,2800.333,mission_20260716_223446_manual,MANUAL,,0,13.330328941345215,100.99791717529297,150.60095836825386,4,True,0.6790000200271606,1,0,0,1,0,0.0,0.0,0.0,0,0,nan,nan,nan,88,26.299999237060547,0.0,29.0,0,29,-,READY owner=Surnn refs=24,"{""cmd"": ""STOP"", ""status"": ""READY"", ""detector"": ""yolo"", ""state"": ""IDLE"", ""owner"": ""Surnn"", ""score"": null, ""match_max"": 0.5, ""refs"": 24, ""match_mode"": ""none"", ""steer_zones"": 41, ""people"": 0, ""track_id"": null, ""target_ex"": 0.0, ""target_cx_vel_px_s"": 0.0, ""target_age_s"": null, ""lidar_min_m"": 0.28, ""target_lidar_m"": null, ""target_lidar_deg"": null, ""camera_range_m"
2026-07-16T23:21:28.394,2802.394,mission_20260716_223446_manual,MANUAL,,0,13.330328941345215,100.99791717529297,150.61498757680906,4,True,0.6782500147819519,1,0,0,1,0,0.0,0.0,0.0,0,0,nan,nan,nan,88,26.299999237060547,0.0,29.0,0,29,-,READY owner=Surnn refs=24,"{""cmd"": ""STOP"", ""status"": ""READY"", ""detector"": ""yolo"", ""state"": ""IDLE"", ""owner"": ""Surnn"", ""score"": null, ""match_max"": 0.5, ""refs"": 24, ""match_mode"": ""none"", ""steer_zones"": 41, ""people"": 0, ""track_id"": null, ""target_ex"": 0.0, ""target_cx_vel_px_s"": 0.0, ""target_age_s"": null, ""lidar_min_m"": 0.27, ""target_lidar_m"": null, ""target_lidar_deg"": null, ""camera_range_m"
2026-07-16T23:21:30.469,2804.47,mission_20260716_223446_manual,MANUAL,,0,13.330328941345215,100.99791717529297,150.61922229409447,4,True,0.6784999966621399,1,0,0,1,0,0.0,0.0,0.0,0,0,nan,nan,nan,88,26.299999237060547,0.0,29.0,0,29,-,READY owner=Surnn refs=24,"{""cmd"": ""STOP"", ""status"": ""READY"", ""detector"": ""yolo"", ""state"": ""IDLE"", ""owner"": ""Surnn"", ""score"": null, ""match_max"": 0.5, ""refs"": 24, ""match_mode"": ""none"", ""steer_zones"": 41, ""people"": 0, ""track_id"": null, ""target_ex"": 0.0, ""target_cx_vel_px_s"": 0.0, ""target_age_s"": null, ""lidar_min_m"": 0.27, ""target_lidar_m"": null, ""target_lidar_deg"": null, ""camera_range_m"
2026-07-16T23:21:32.496,2806.497,mission_20260716_223446_manual,MANUAL,,0,13.330327987670898,100.99791717529297,150.63118878552032,4,True,0.6784999966621399,1,0,0,1,0,0.0,0.0,0.0,0,0,nan,nan,nan,88,26.299999237060547,0.0,29.0,0,29,-,READY owner=Surnn refs=24,"{""cmd"": ""STOP"", ""status"": ""READY"", ""detector"": ""yolo"", ""state"": ""IDLE"", ""owner"": ""Surnn"", ""score"": null, ""match_max"": 0.5, ""refs"": 24, ""match_mode"": ""none"", ""steer_zones"": 41, ""people"": 0, ""track_id"": null, ""target_ex"": 0.0, ""target_cx_vel_px_s"": 0.0, ""target_age_s"": null, ""lidar_min_m"": 0.27, ""target_lidar_m"": null, ""target_lidar_deg"": null, ""camera_range_m"
2026-07-16T23:21:34.568,2808.569,mission_20260716_223446_manual,MANUAL,,0,13.330327987670898,100.99791717529297,150.64077837111503,4,True,0.6784999966621399,1,0,0,1,0,0.0,0.0,0.0,0,0,nan,nan,nan,88,26.299999237060547,0.0,29.0,0,28,-,READY owner=Surnn refs=24,"{""cmd"": ""STOP"", ""status"": ""READY"", ""detector"": ""yolo"", ""state"": ""IDLE"", ""owner"": ""Surnn"", ""score"": null, ""match_max"": 0.5, ""refs"": 24, ""match_mode"": ""none"", ""steer_zones"": 41, ""people"": 0, ""track_id"": null, ""target_ex"": 0.0, ""target_cx_vel_px_s"": 0.0, ""target_age_s"": null, ""lidar_min_m"": 0.27, ""target_lidar_m"": null, ""target_lidar_deg"": null, ""camera_range_m"
2026-07-16T23:21:36.599,2810.599,mission_20260716_223446_manual,MANUAL,,0,13.330327987670898,100.99791717529297,150.6451770129405,4,True,0.6769999861717224,1,0,0,1,0,0.0,0.0,0.0,0,0,nan,nan,nan,88,26.299999237060547,0.0,29.0,0,29,-,READY owner=Surnn refs=24,"{""cmd"": ""STOP"", ""status"": ""READY"", ""detector"": ""yolo"", ""state"": ""IDLE"", ""owner"": ""Surnn"", ""score"": null, ""match_max"": 0.5, ""refs"": 24, ""match_mode"": ""none"", ""steer_zones"": 41, ""people"": 0, ""track_id"": null, ""target_ex"": 0.0, ""target_cx_vel_px_s"": 0.0, ""target_age_s"": null, ""lidar_min_m"": 0.28, ""target_lidar_m"": null, ""target_lidar_deg"": null, ""camera_range_m"
2026-07-16T23:21:38.653,2812.653,mission_20260716_223446_manual,MANUAL,,0,13.330327987670898,100.99791717529297,150.64734901309657,4,True,0.6807500123977661,1,0,0,1,0,0.0,0.0,0.0,0,0,nan,nan,nan,88,26.299999237060547,0.0,29.0,0,27,-,READY owner=Surnn refs=24,"{""cmd"": ""STOP"", ""status"": ""READY"", ""detector"": ""yolo"", ""state"": ""IDLE"", ""owner"": ""Surnn"", ""score"": null, ""match_max"": 0.5, ""refs"": 24, ""match_mode"": ""none"", ""steer_zones"": 41, ""people"": 0, ""track_id"": null, ""target_ex"": 0.0, ""target_cx_vel_px_s"": 0.0, ""target_age_s"": null, ""lidar_min_m"": 0.28, ""target_lidar_m"": null, ""target_lidar_deg"": null, ""camera_range_m"
2026-07-16T23:21:40.670,2814.67,mission_20260716_223446_manual,MANUAL,,0,13.330327033996582,100.99791717529297,150.64762222066338,4,True,0.6794999837875366,1,0,0,1,0,0.0,0.0,0.0,0,0,nan,nan,nan,88,26.299999237060547,0.0,29.0,0,28,-,READY owner=Surnn refs=24,"{""cmd"": ""STOP"", ""status"": ""READY"", ""detector"": ""yolo"", ""state"": ""IDLE"", ""owner"": ""Surnn"", ""score"": null, ""match_max"": 0.5, ""refs"": 24, ""match_mode"": ""none"", ""steer_zones"": 41, ""people"": 0, ""track_id"": null, ""target_ex"": 0.0, ""target_cx_vel_px_s"": 0.0, ""target_age_s"": null, ""lidar_min_m"": 0.29, ""target_lidar_m"": null, ""target_lidar_deg"": null, ""camera_range_m"
2026-07-16T23:21:42.677,2816.678,mission_20260716_223446_manual,MANUAL,,0,13.33032512664795,100.99791717529297,150.64472622045528,4,True,0.6809999942779541,1,0,0,1,0,0.0,0.0,0.0,0,0,nan,nan,nan,88,26.299999237060547,0.0,29.0,0,28,-,READY owner=Surnn refs=24,"{""cmd"": ""STOP"", ""status"": ""READY"", ""detector"": ""yolo"", ""state"": ""IDLE"", ""owner"": ""Surnn"", ""score"": null, ""match_max"": 0.5, ""refs"": 24, ""match_mode"": ""none"", ""steer_zones"": 41, ""people"": 0, ""track_id"": null, ""target_ex"": 0.0, ""target_cx_vel_px_s"": 0.0, ""target_age_s"": null, ""lidar_min_m"": 0.27, ""target_lidar_m"": null, ""target_lidar_deg"": null, ""camera_range_m"
2026-07-16T23:21:44.686,2818.687,mission_20260716_223446_manual,MANUAL,,0,13.330322265625,100.99790954589844,150.64969859817106,4,True,0.6769999861717224,1,0,0,1,0,0.0,0.0,0.0,0,0,nan,nan,nan,88,26.299999237060547,0.0,29.0,0,28,-,READY owner=Surnn refs=24,"{""cmd"": ""STOP"", ""status"": ""READY"", ""detector"": ""yolo"", ""state"": ""IDLE"", ""owner"": ""Surnn"", ""score"": null, ""match_max"": 0.5, ""refs"": 24, ""match_mode"": ""none"", ""steer_zones"": 41, ""people"": 0, ""track_id"": null, ""target_ex"": 0.0, ""target_cx_vel_px_s"": 0.0, ""target_age_s"": null, ""lidar_min_m"": 0.29, ""target_lidar_m"": null, ""target_lidar_deg"": null, ""camera_range_m"
2026-07-16T23:21:46.714,2820.715,mission_20260716_223446_manual,MANUAL,,0,13.330320358276367,100.99790954589844,150.6465703715312,4,True,0.6784999966621399,1,0,0,1,0,0.0,0.0,0.0,0,0,nan,nan,nan,88,26.299999237060547,0.0,29.0,0,27,-,READY owner=Surnn refs=24,"{""cmd"": ""STOP"", ""status"": ""READY"", ""detector"": ""yolo"", ""state"": ""IDLE"", ""owner"": ""Surnn"", ""score"": null, ""match_max"": 0.5, ""refs"": 24, ""match_mode"": ""none"", ""steer_zones"": 41, ""people"": 0, ""track_id"": null, ""target_ex"": 0.0, ""target_cx_vel_px_s"": 0.0, ""target_age_s"": null, ""lidar_min_m"": 0.27, ""target_lidar_m"": null, ""target_lidar_deg"": null, ""camera_range_m"
2026-07-16T23:21:48.730,2822.731,mission_20260716_223446_manual,MANUAL,,0,13.33031940460205,100.99790954589844,150.64047784279154,4,True,0.6792500019073486,1,0,0,1,0,0.0,0.0,0.0,0,0,nan,nan,nan,88,26.299999237060547,0.0,29.0,0,28,-,READY owner=Surnn refs=24,"{""cmd"": ""STOP"", ""status"": ""READY"", ""detector"": ""yolo"", ""state"": ""IDLE"", ""owner"": ""Surnn"", ""score"": null, ""match_max"": 0.5, ""refs"": 24, ""match_mode"": ""none"", ""steer_zones"": 41, ""people"": 0, ""track_id"": null, ""target_ex"": 0.0, ""target_cx_vel_px_s"": 0.0, ""target_age_s"": null, ""lidar_min_m"": 0.28, ""target_lidar_m"": null, ""target_lidar_deg"": null, ""camera_range_m"
2026-07-16T23:21:50.746,2824.746,mission_20260716_223446_manual,MANUAL,,0,13.330317497253418,100.99790954589844,150.62679014369485,4,True,0.6812499761581421,1,0,0,1,0,0.0,0.0,0.0,0,0,nan,nan,nan,88,26.299999237060547,0.0,29.0,0,29,-,READY owner=Surnn refs=24,"{""cmd"": ""STOP"", ""status"": ""READY"", ""detector"": ""yolo"", ""state"": ""IDLE"", ""owner"": ""Surnn"", ""score"": null, ""match_max"": 0.5, ""refs"": 24, ""match_mode"": ""none"", ""steer_zones"": 41, ""people"": 0, ""track_id"": null, ""target_ex"": 0.0, ""target_cx_vel_px_s"": 0.0, ""target_age_s"": null, ""lidar_min_m"": 0.29, ""target_lidar_m"": null, ""target_lidar_deg"": null, ""camera_range_m"
2026-07-16T23:21:52.763,2826.763,mission_20260716_223446_manual,MANUAL,,0,13.330317497253418,100.99790954589844,150.61516516172748,4,True,0.6777499914169312,1,0,0,1,0,0.0,0.0,0.0,0,0,nan,nan,nan,88,26.299999237060547,0.0,29.0,0,28,-,READY owner=Surnn refs=24,"{""cmd"": ""STOP"", ""status"": ""READY"", ""detector"": ""yolo"", ""state"": ""IDLE"", ""owner"": ""Surnn"", ""score"": null, ""match_max"": 0.5, ""refs"": 24, ""match_mode"": ""none"", ""steer_zones"": 41, ""people"": 0, ""track_id"": null, ""target_ex"": 0.0, ""target_cx_vel_px_s"": 0.0, ""target_age_s"": null, ""lidar_min_m"": 0.27, ""target_lidar_m"": null, ""target_lidar_deg"": null, ""camera_range_m"
2026-07-16T23:21:54.819,2828.819,mission_20260716_223446_manual,MANUAL,,0,13.330316543579102,100.99790954589844,150.61741912415357,4,True,0.6790000200271606,1,0,0,1,0,0.0,0.0,0.0,0,0,nan,nan,nan,88,26.299999237060547,0.0,29.0,0,27,-,READY owner=Surnn refs=24,"{""cmd"": ""STOP"", ""status"": ""READY"", ""detector"": ""yolo"", ""state"": ""IDLE"", ""owner"": ""Surnn"", ""score"": null, ""match_max"": 0.5, ""refs"": 24, ""match_mode"": ""none"", ""steer_zones"": 41, ""people"": 0, ""track_id"": null, ""target_ex"": 0.0, ""target_cx_vel_px_s"": 0.0, ""target_age_s"": null, ""lidar_min_m"": 0.27, ""target_lidar_m"": null, ""target_lidar_deg"": null, ""camera_range_m"
2026-07-16T23:21:56.939,2830.94,mission_20260716_223446_manual,MANUAL,,0,13.330315589904785,100.99790954589844,150.62034244511835,4,True,0.6794999837875366,1,0,0,1,0,0.0,0.0,0.0,0,0,nan,nan,nan,88,26.299999237060547,0.0,29.0,0,28,-,READY owner=Surnn refs=24,"{""cmd"": ""STOP"", ""status"": ""READY"", ""detector"": ""yolo"", ""state"": ""IDLE"", ""owner"": ""Surnn"", ""score"": null, ""match_max"": 0.5, ""refs"": 24, ""match_mode"": ""none"", ""steer_zones"": 41, ""people"": 0, ""track_id"": null, ""target_ex"": 0.0, ""target_cx_vel_px_s"": 0.0, ""target_age_s"": null, ""lidar_min_m"": 0.27, ""target_lidar_m"": null, ""target_lidar_deg"": null, ""camera_range_m"
2026-07-16T23:21:58.962,2832.963,mission_20260716_223446_manual,MANUAL,,0,13.330314636230469,100.99790954589844,150.61164078411576,4,True,0.6787499785423279,1,0,0,1,0,0.0,0.0,0.0,0,0,nan,nan,nan,88,26.299999237060547,0.0,29.0,0,26,-,READY owner=Surnn refs=24,"{""cmd"": ""STOP"", ""status"": ""READY"", ""detector"": ""yolo"", ""state"": ""IDLE"", ""owner"": ""Surnn"", ""score"": null, ""match_max"": 0.5, ""refs"": 24, ""match_mode"": ""none"", ""steer_zones"": 41, ""people"": 0, ""track_id"": null, ""target_ex"": 0.0, ""target_cx_vel_px_s"": 0.0, ""target_age_s"": null, ""lidar_min_m"": 0.29, ""target_lidar_m"": null, ""target_lidar_deg"": null, ""camera_range_m"
2026-07-16T23:22:00.990,2834.99,mission_20260716_223446_manual,MANUAL,,0,13.330313682556152,100.99790954589844,150.61340297292162,4,True,0.6784999966621399,1,0,0,1,0,0.0,0.0,0.0,0,0,nan,nan,nan,88,26.299999237060547,0.0,29.0,0,25,-,READY owner=Surnn refs=24,"{""cmd"": ""STOP"", ""status"": ""READY"", ""detector"": ""yolo"", ""state"": ""IDLE"", ""owner"": ""Surnn"", ""score"": null, ""match_max"": 0.5, ""refs"": 24, ""match_mode"": ""none"", ""steer_zones"": 41, ""people"": 0, ""track_id"": null, ""target_ex"": 0.0, ""target_cx_vel_px_s"": 0.0, ""target_age_s"": null, ""lidar_min_m"": 0.29, ""target_lidar_m"": null, ""target_lidar_deg"": null, ""camera_range_m"
2026-07-16T23:22:03.015,2837.015,mission_20260716_223446_manual,MANUAL,,0,13.330312728881836,100.99790954589844,150.6044554251089,4,True,0.6809999942779541,1,0,0,1,0,0.0,0.0,0.0,0,0,nan,nan,nan,88,26.299999237060547,0.0,29.0,0,28,-,READY owner=Surnn refs=24,"{""cmd"": ""STOP"", ""status"": ""READY"", ""detector"": ""yolo"", ""state"": ""IDLE"", ""owner"": ""Surnn"", ""score"": null, ""match_max"": 0.5, ""refs"": 24, ""match_mode"": ""none"", ""steer_zones"": 41, ""people"": 0, ""track_id"": null, ""target_ex"": 0.0, ""target_cx_vel_px_s"": 0.0, ""target_age_s"": null, ""lidar_min_m"": 0.29, ""target_lidar_m"": null, ""target_lidar_deg"": null, ""camera_range_m"
2026-07-16T23:22:05.072,2839.073,mission_20260716_223446_manual,MANUAL,,0,13.33031177520752,100.99790954589844,150.60785685931558,4,True,0.6790000200271606,1,0,0,1,0,0.0,0.0,0.0,0,0,nan,nan,nan,88,26.299999237060547,0.0,29.0,0,29,-,READY owner=Surnn refs=24,"{""cmd"": ""STOP"", ""status"": ""READY"", ""detector"": ""yolo"", ""state"": ""IDLE"", ""owner"": ""Surnn"", ""score"": null, ""match_max"": 0.5, ""refs"": 24, ""match_mode"": ""none"", ""steer_zones"": 41, ""people"": 0, ""track_id"": null, ""target_ex"": 0.0, ""target_cx_vel_px_s"": 0.0, ""target_age_s"": null, ""lidar_min_m"": 0.28, ""target_lidar_m"": null, ""target_lidar_deg"": null, ""camera_range_m"
2026-07-16T23:22:07.183,2841.184,mission_20260716_223446_manual,MANUAL,,0,13.330309867858887,100.99790954589844,150.61004251984997,4,True,0.6784999966621399,1,0,0,1,0,0.0,0.0,0.0,0,0,nan,nan,nan,88,26.299999237060547,0.0,29.0,0,29,-,READY owner=Surnn refs=24,"{""cmd"": ""STOP"", ""status"": ""READY"", ""detector"": ""yolo"", ""state"": ""IDLE"", ""owner"": ""Surnn"", ""score"": null, ""match_max"": 0.5, ""refs"": 24, ""match_mode"": ""none"", ""steer_zones"": 41, ""people"": 0, ""track_id"": null, ""target_ex"": 0.0, ""target_cx_vel_px_s"": 0.0, ""target_age_s"": null, ""lidar_min_m"": 0.26, ""target_lidar_m"": null, ""target_lidar_deg"": null, ""camera_range_m"
2026-07-16T23:22:09.185,2843.185,mission_20260716_223446_manual,MANUAL,,0,13.330307960510254,100.99790954589844,150.61226916151938,4,True,0.6784999966621399,1,0,0,1,0,0.0,0.0,0.0,0,0,nan,nan,nan,88,26.299999237060547,0.0,29.0,0,29,-,READY owner=Surnn refs=24,"{""cmd"": ""STOP"", ""status"": ""READY"", ""detector"": ""yolo"", ""state"": ""IDLE"", ""owner"": ""Surnn"", ""score"": null, ""match_max"": 0.5, ""refs"": 24, ""match_mode"": ""none"", ""steer_zones"": 41, ""people"": 0, ""track_id"": null, ""target_ex"": 0.0, ""target_cx_vel_px_s"": 0.0, ""target_age_s"": null, ""lidar_min_m"": 0.28, ""target_lidar_m"": null, ""target_lidar_deg"": null, ""camera_range_m"
2026-07-16T23:22:11.210,2845.21,mission_20260716_223446_manual,MANUAL,,0,13.330307960510254,100.99790954589844,150.61986433187644,4,True,0.6817499995231628,1,0,0,1,0,0.0,0.0,0.0,0,0,nan,nan,nan,88,26.299999237060547,0.0,29.0,0,29,-,READY owner=Surnn refs=24,"{""cmd"": ""STOP"", ""status"": ""READY"", ""detector"": ""yolo"", ""state"": ""IDLE"", ""owner"": ""Surnn"", ""score"": null, ""match_max"": 0.5, ""refs"": 24, ""match_mode"": ""none"", ""steer_zones"": 41, ""people"": 0, ""track_id"": null, ""target_ex"": 0.0, ""target_cx_vel_px_s"": 0.0, ""target_age_s"": null, ""lidar_min_m"": 0.27, ""target_lidar_m"": null, ""target_lidar_deg"": null, ""camera_range_m"
2026-07-16T23:22:13.220,2847.22,mission_20260716_223446_manual,MANUAL,,0,13.33030891418457,100.99790954589844,150.60890870844776,4,True,0.6779999732971191,1,0,0,1,0,0.0,0.0,0.0,0,0,nan,nan,nan,88,26.299999237060547,0.0,29.0,0,29,-,READY owner=Surnn refs=24,"{""cmd"": ""STOP"", ""status"": ""READY"", ""detector"": ""yolo"", ""state"": ""IDLE"", ""owner"": ""Surnn"", ""score"": null, ""match_max"": 0.5, ""refs"": 24, ""match_mode"": ""none"", ""steer_zones"": 41, ""people"": 0, ""track_id"": null, ""target_ex"": 0.0, ""target_cx_vel_px_s"": 0.0, ""target_age_s"": null, ""lidar_min_m"": 0.27, ""target_lidar_m"": null, ""target_lidar_deg"": null, ""camera_range_m"
2026-07-16T23:22:15.244,2849.245,mission_20260716_223446_manual,MANUAL,,0,13.33030891418457,100.99790954589844,150.60724214229026,4,True,0.6777499914169312,1,0,0,1,0,0.0,0.0,0.0,0,0,nan,nan,nan,88,26.299999237060547,0.0,29.0,0,30,-,READY owner=Surnn refs=24,"{""cmd"": ""STOP"", ""status"": ""READY"", ""detector"": ""yolo"", ""state"": ""IDLE"", ""owner"": ""Surnn"", ""score"": null, ""match_max"": 0.5, ""refs"": 24, ""match_mode"": ""none"", ""steer_zones"": 41, ""people"": 0, ""track_id"": null, ""target_ex"": 0.0, ""target_cx_vel_px_s"": 0.0, ""target_age_s"": null, ""lidar_min_m"": 0.28, ""target_lidar_m"": null, ""target_lidar_deg"": null, ""camera_range_m"
2026-07-16T23:22:17.308,2851.308,mission_20260716_223446_manual,MANUAL,,0,13.33030891418457,100.99790954589844,150.6084852367192,4,True,0.6792500019073486,1,0,0,1,0,0.0,0.0,0.0,0,0,nan,nan,nan,88,26.299999237060547,0.0,29.0,0,30,-,READY owner=Surnn refs=24,"{""cmd"": ""STOP"", ""status"": ""READY"", ""detector"": ""yolo"", ""state"": ""IDLE"", ""owner"": ""Surnn"", ""score"": null, ""match_max"": 0.5, ""refs"": 24, ""match_mode"": ""none"", ""steer_zones"": 41, ""people"": 0, ""track_id"": null, ""target_ex"": 0.0, ""target_cx_vel_px_s"": 0.0, ""target_age_s"": null, ""lidar_min_m"": 0.27, ""target_lidar_m"": null, ""target_lidar_deg"": null, ""camera_range_m"
2026-07-16T23:22:19.342,2853.342,mission_20260716_223446_manual,MANUAL,,0,13.33030891418457,100.99790954589844,150.61259701059956,4,True,0.6784999966621399,1,0,0,1,0,0.0,0.0,0.0,0,0,nan,nan,nan,88,26.299999237060547,0.0,29.0,0,31,-,READY owner=Surnn refs=24,"{""cmd"": ""STOP"", ""status"": ""READY"", ""detector"": ""yolo"", ""state"": ""IDLE"", ""owner"": ""Surnn"", ""score"": null, ""match_max"": 0.5, ""refs"": 24, ""match_mode"": ""none"", ""steer_zones"": 41, ""people"": 0, ""track_id"": null, ""target_ex"": 0.0, ""target_cx_vel_px_s"": 0.0, ""target_age_s"": null, ""lidar_min_m"": 0.29, ""target_lidar_m"": null, ""target_lidar_deg"": null, ""camera_range_m"
2026-07-16T23:22:21.406,2855.407,mission_20260716_223446_manual,MANUAL,,0,13.33030891418457,100.99790954589844,150.6231974641914,4,True,0.6772500276565552,1,0,0,1,0,0.0,0.0,0.0,0,0,nan,nan,nan,88,26.299999237060547,0.0,29.0,0,30,-,READY owner=Surnn refs=24,"{""cmd"": ""STOP"", ""status"": ""READY"", ""detector"": ""yolo"", ""state"": ""IDLE"", ""owner"": ""Surnn"", ""score"": null, ""match_max"": 0.5, ""refs"": 24, ""match_mode"": ""none"", ""steer_zones"": 41, ""people"": 0, ""track_id"": null, ""target_ex"": 0.0, ""target_cx_vel_px_s"": 0.0, ""target_age_s"": null, ""lidar_min_m"": 0.29, ""target_lidar_m"": null, ""target_lidar_deg"": null, ""camera_range_m"
2026-07-16T23:22:23.434,2857.434,mission_20260716_223446_manual,MANUAL,,0,13.33030891418457,100.99790954589844,150.62099814327865,4,True,0.6790000200271606,1,0,0,1,0,0.0,0.0,0.0,0,0,nan,nan,nan,88,26.299999237060547,0.0,29.0,0,30,-,READY owner=Surnn refs=24,"{""cmd"": ""STOP"", ""status"": ""READY"", ""detector"": ""yolo"", ""state"": ""IDLE"", ""owner"": ""Surnn"", ""score"": null, ""match_max"": 0.5, ""refs"": 24, ""match_mode"": ""none"", ""steer_zones"": 41, ""people"": 0, ""track_id"": null, ""target_ex"": 0.0, ""target_cx_vel_px_s"": 0.0, ""target_age_s"": null, ""lidar_min_m"": 0.28, ""target_lidar_m"": null, ""target_lidar_deg"": null, ""camera_range_m"
2026-07-16T23:22:25.450,2859.45,mission_20260716_223446_manual,MANUAL,,0,13.33030891418457,100.99790954589844,150.61594380329285,4,True,0.6782500147819519,1,0,0,1,0,0.0,0.0,0.0,0,0,nan,nan,nan,88,26.299999237060547,0.0,29.0,0,30,-,READY owner=Surnn refs=24,"{""cmd"": ""STOP"", ""status"": ""READY"", ""detector"": ""yolo"", ""state"": ""IDLE"", ""owner"": ""Surnn"", ""score"": null, ""match_max"": 0.5, ""refs"": 24, ""match_mode"": ""none"", ""steer_zones"": 41, ""people"": 0, ""track_id"": null, ""target_ex"": 0.0, ""target_cx_vel_px_s"": 0.0, ""target_age_s"": null, ""lidar_min_m"": 0.29, ""target_lidar_m"": null, ""target_lidar_deg"": null, ""camera_range_m"
2026-07-16T23:22:27.470,2861.471,mission_20260716_223446_manual,MANUAL,,0,13.330307960510254,100.99790954589844,150.60619029315808,4,True,0.6787499785423279,1,0,0,1,0,0.0,0.0,0.0,0,0,nan,nan,nan,88,26.299999237060547,0.0,29.0,0,28,-,READY owner=Surnn refs=24,"{""cmd"": ""STOP"", ""status"": ""READY"", ""detector"": ""yolo"", ""state"": ""IDLE"", ""owner"": ""Surnn"", ""score"": null, ""match_max"": 0.5, ""refs"": 24, ""match_mode"": ""none"", ""steer_zones"": 41, ""people"": 0, ""track_id"": null, ""target_ex"": 0.0, ""target_cx_vel_px_s"": 0.0, ""target_age_s"": null, ""lidar_min_m"": 0.27, ""target_lidar_m"": null, ""target_lidar_deg"": null, ""camera_range_m"
2026-07-16T23:22:29.482,2863.482,mission_20260716_223446_manual,MANUAL,,0,13.330307006835938,100.99790954589844,150.60847157634086,4,True,0.6787499785423279,1,0,0,1,0,0.0,0.0,0.0,0,0,nan,nan,nan,88,26.299999237060547,0.0,29.0,0,28,-,READY owner=Surnn refs=24,"{""cmd"": ""STOP"", ""status"": ""READY"", ""detector"": ""yolo"", ""state"": ""IDLE"", ""owner"": ""Surnn"", ""score"": null, ""match_max"": 0.5, ""refs"": 24, ""match_mode"": ""none"", ""steer_zones"": 41, ""people"": 0, ""track_id"": null, ""target_ex"": 0.0, ""target_cx_vel_px_s"": 0.0, ""target_age_s"": null, ""lidar_min_m"": 0.27, ""target_lidar_m"": null, ""target_lidar_deg"": null, ""camera_range_m"
2026-07-16T23:22:31.491,2865.492,mission_20260716_223446_manual,MANUAL,,0,13.330306053161621,100.99790954589844,150.60359482127348,4,True,0.6790000200271606,1,0,0,1,0,0.0,0.0,0.0,0,0,nan,nan,nan,88,26.299999237060547,0.0,29.0,0,28,-,READY owner=Surnn refs=24,"{""cmd"": ""STOP"", ""status"": ""READY"", ""detector"": ""yolo"", ""state"": ""IDLE"", ""owner"": ""Surnn"", ""score"": null, ""match_max"": 0.5, ""refs"": 24, ""match_mode"": ""none"", ""steer_zones"": 41, ""people"": 0, ""track_id"": null, ""target_ex"": 0.0, ""target_cx_vel_px_s"": 0.0, ""target_age_s"": null, ""lidar_min_m"": 0.28, ""target_lidar_m"": null, ""target_lidar_deg"": null, ""camera_range_m"
2026-07-16T23:22:33.623,2867.623,mission_20260716_223446_manual,MANUAL,,0,13.330305099487305,100.99790954589844,150.59757059442552,4,True,0.6792500019073486,1,0,0,1,0,0.0,0.0,0.0,0,0,nan,nan,nan,88,26.299999237060547,0.0,29.0,0,28,-,READY owner=Surnn refs=24,"{""cmd"": ""STOP"", ""status"": ""READY"", ""detector"": ""yolo"", ""state"": ""IDLE"", ""owner"": ""Surnn"", ""score"": null, ""match_max"": 0.5, ""refs"": 24, ""match_mode"": ""none"", ""steer_zones"": 41, ""people"": 0, ""track_id"": null, ""target_ex"": 0.0, ""target_cx_vel_px_s"": 0.0, ""target_age_s"": null, ""lidar_min_m"": 0.28, ""target_lidar_m"": null, ""target_lidar_deg"": null, ""camera_range_m"
2026-07-16T23:22:35.652,2869.652,mission_20260716_223446_manual,MANUAL,,0,13.330305099487305,100.99790954589844,150.6062039535364,4,True,0.6787499785423279,1,0,0,1,0,0.0,0.0,0.0,0,0,nan,nan,nan,88,26.299999237060547,0.0,29.0,0,28,-,READY owner=Surnn refs=24,"{""cmd"": ""STOP"", ""status"": ""READY"", ""detector"": ""yolo"", ""state"": ""IDLE"", ""owner"": ""Surnn"", ""score"": null, ""match_max"": 0.5, ""refs"": 24, ""match_mode"": ""none"", ""steer_zones"": 41, ""people"": 0, ""track_id"": null, ""target_ex"": 0.0, ""target_cx_vel_px_s"": 0.0, ""target_age_s"": null, ""lidar_min_m"": 0.29, ""target_lidar_m"": null, ""target_lidar_deg"": null, ""camera_range_m"
2026-07-16T23:22:37.698,2871.699,mission_20260716_223446_manual,MANUAL,,0,13.330304145812988,100.99790954589844,150.6106708972536,4,True,0.6779999732971191,1,0,0,1,0,0.0,0.0,0.0,0,0,nan,nan,nan,88,26.299999237060547,0.0,29.0,0,27,-,READY owner=Surnn refs=24,"{""cmd"": ""STOP"", ""status"": ""READY"", ""detector"": ""yolo"", ""state"": ""IDLE"", ""owner"": ""Surnn"", ""score"": null, ""match_max"": 0.5, ""refs"": 24, ""match_mode"": ""none"", ""steer_zones"": 41, ""people"": 0, ""track_id"": null, ""target_ex"": 0.0, ""target_cx_vel_px_s"": 0.0, ""target_age_s"": null, ""lidar_min_m"": 0.27, ""target_lidar_m"": null, ""target_lidar_deg"": null, ""camera_range_m"
2026-07-16T23:22:39.724,2873.725,mission_20260716_223446_manual,MANUAL,,0,13.330305099487305,100.99790954589844,150.60437346283885,4,True,0.6784999966621399,1,0,0,1,0,0.0,0.0,0.0,0,0,nan,nan,nan,88,26.299999237060547,0.0,29.0,0,27,-,READY owner=Surnn refs=24,"{""cmd"": ""STOP"", ""status"": ""READY"", ""detector"": ""yolo"", ""state"": ""IDLE"", ""owner"": ""Surnn"", ""score"": null, ""match_max"": 0.5, ""refs"": 24, ""match_mode"": ""none"", ""steer_zones"": 41, ""people"": 0, ""track_id"": null, ""target_ex"": 0.0, ""target_cx_vel_px_s"": 0.0, ""target_age_s"": null, ""lidar_min_m"": 0.27, ""target_lidar_m"": null, ""target_lidar_deg"": null, ""camera_range_m"
2026-07-16T23:22:41.752,2875.752,mission_20260716_223446_manual,MANUAL,,0,13.330305099487305,100.99790954589844,150.59888199074618,4,True,0.6777499914169312,1,0,0,1,0,0.0,0.0,0.0,0,0,nan,nan,nan,88,26.299999237060547,0.0,29.0,0,28,-,READY owner=Surnn refs=24,"{""cmd"": ""STOP"", ""status"": ""READY"", ""detector"": ""yolo"", ""state"": ""IDLE"", ""owner"": ""Surnn"", ""score"": null, ""match_max"": 0.5, ""refs"": 24, ""match_mode"": ""none"", ""steer_zones"": 41, ""people"": 0, ""track_id"": null, ""target_ex"": 0.0, ""target_cx_vel_px_s"": 0.0, ""target_age_s"": null, ""lidar_min_m"": 0.28, ""target_lidar_m"": null, ""target_lidar_deg"": null, ""camera_range_m"
2026-07-16T23:22:43.773,2877.773,mission_20260716_223446_manual,MANUAL,,0,13.330305099487305,100.99790954589844,150.59266651860145,4,True,0.6794999837875366,1,0,0,1,0,0.0,0.0,0.0,0,0,nan,nan,nan,88,26.299999237060547,0.0,29.0,0,28,-,READY owner=Surnn refs=24,"{""cmd"": ""STOP"", ""status"": ""READY"", ""detector"": ""yolo"", ""state"": ""IDLE"", ""owner"": ""Surnn"", ""score"": null, ""match_max"": 0.5, ""refs"": 24, ""match_mode"": ""none"", ""steer_zones"": 41, ""people"": 0, ""track_id"": null, ""target_ex"": 0.0, ""target_cx_vel_px_s"": 0.0, ""target_age_s"": null, ""lidar_min_m"": 0.27, ""target_lidar_m"": null, ""target_lidar_deg"": null, ""camera_range_m"
2026-07-16T23:22:45.788,2879.788,mission_20260716_223446_manual,MANUAL,,0,13.330305099487305,100.99790954589844,150.59065844298547,4,True,0.6782500147819519,1,0,0,1,0,0.0,0.0,0.0,0,0,nan,nan,nan,88,26.299999237060547,0.0,29.0,0,27,-,READY owner=Surnn refs=24,"{""cmd"": ""STOP"", ""status"": ""READY"", ""detector"": ""yolo"", ""state"": ""IDLE"", ""owner"": ""Surnn"", ""score"": null, ""match_max"": 0.5, ""refs"": 24, ""match_mode"": ""none"", ""steer_zones"": 41, ""people"": 0, ""track_id"": null, ""target_ex"": 0.0, ""target_cx_vel_px_s"": 0.0, ""target_age_s"": null, ""lidar_min_m"": 0.29, ""target_lidar_m"": null, ""target_lidar_deg"": null, ""camera_range_m"
2026-07-16T23:22:47.790,2881.791,mission_20260716_223446_manual,MANUAL,,0,13.330304145812988,100.99790954589844,150.582926668845,4,True,0.6779999732971191,1,0,0,1,0,0.0,0.0,0.0,0,0,nan,nan,nan,88,26.299999237060547,0.0,29.0,0,27,-,READY owner=Surnn refs=24,"{""cmd"": ""STOP"", ""status"": ""READY"", ""detector"": ""yolo"", ""state"": ""IDLE"", ""owner"": ""Surnn"", ""score"": null, ""match_max"": 0.5, ""refs"": 24, ""match_mode"": ""none"", ""steer_zones"": 41, ""people"": 0, ""track_id"": null, ""target_ex"": 0.0, ""target_cx_vel_px_s"": 0.0, ""target_age_s"": null, ""lidar_min_m"": 0.29, ""target_lidar_m"": null, ""target_lidar_deg"": null, ""camera_range_m"
2026-07-16T23:22:49.812,2883.813,mission_20260716_223446_manual,MANUAL,,0,13.330303192138672,100.99790954589844,150.5777357250758,4,True,0.6825000047683716,1,0,0,1,0,0.0,0.0,0.0,0,0,nan,nan,nan,88,26.299999237060547,0.0,29.0,0,27,-,READY owner=Surnn refs=24,"{""cmd"": ""STOP"", ""status"": ""READY"", ""detector"": ""yolo"", ""state"": ""IDLE"", ""owner"": ""Surnn"", ""score"": null, ""match_max"": 0.5, ""refs"": 24, ""match_mode"": ""none"", ""steer_zones"": 41, ""people"": 0, ""track_id"": null, ""target_ex"": 0.0, ""target_cx_vel_px_s"": 0.0, ""target_age_s"": null, ""lidar_min_m"": 0.27, ""target_lidar_m"": null, ""target_lidar_deg"": null, ""camera_range_m"
2026-07-16T23:22:51.835,2885.835,mission_20260716_223446_manual,MANUAL,,0,13.330303192138672,100.99790954589844,150.5664659129453,4,True,0.6792500019073486,1,0,0,1,0,0.0,0.0,0.0,0,0,nan,nan,nan,88,26.299999237060547,0.0,29.0,0,28,-,READY owner=Surnn refs=24,"{""cmd"": ""STOP"", ""status"": ""READY"", ""detector"": ""yolo"", ""state"": ""IDLE"", ""owner"": ""Surnn"", ""score"": null, ""match_max"": 0.5, ""refs"": 24, ""match_mode"": ""none"", ""steer_zones"": 41, ""people"": 0, ""track_id"": null, ""target_ex"": 0.0, ""target_cx_vel_px_s"": 0.0, ""target_age_s"": null, ""lidar_min_m"": 0.27, ""target_lidar_m"": null, ""target_lidar_deg"": null, ""camera_range_m"
2026-07-16T23:22:53.847,2887.848,mission_20260716_223446_manual,MANUAL,,0,13.330301284790039,100.99790954589844,150.55979964831536,4,True,0.6815000176429749,1,0,0,1,0,0.0,0.0,0.0,0,0,nan,nan,nan,88,26.299999237060547,0.0,29.0,0,28,-,READY owner=Surnn refs=24,"{""cmd"": ""STOP"", ""status"": ""READY"", ""detector"": ""yolo"", ""state"": ""IDLE"", ""owner"": ""Surnn"", ""score"": null, ""match_max"": 0.5, ""refs"": 24, ""match_mode"": ""none"", ""steer_zones"": 41, ""people"": 0, ""track_id"": null, ""target_ex"": 0.0, ""target_cx_vel_px_s"": 0.0, ""target_age_s"": null, ""lidar_min_m"": 0.27, ""target_lidar_m"": null, ""target_lidar_deg"": null, ""camera_range_m"
2026-07-16T23:22:55.898,2889.898,mission_20260716_223446_manual,MANUAL,,0,13.330300331115723,100.99790954589844,150.55597474238016,4,True,0.6794999837875366,1,0,0,1,0,0.0,0.0,0.0,0,0,nan,nan,nan,88,26.299999237060547,0.0,29.0,0,28,-,READY owner=Surnn refs=24,"{""cmd"": ""STOP"", ""status"": ""READY"", ""detector"": ""yolo"", ""state"": ""IDLE"", ""owner"": ""Surnn"", ""score"": null, ""match_max"": 0.5, ""refs"": 24, ""match_mode"": ""none"", ""steer_zones"": 41, ""people"": 0, ""track_id"": null, ""target_ex"": 0.0, ""target_cx_vel_px_s"": 0.0, ""target_age_s"": null, ""lidar_min_m"": 0.27, ""target_lidar_m"": null, ""target_lidar_deg"": null, ""camera_range_m"
2026-07-16T23:22:58.008,2892.008,mission_20260716_223446_manual,MANUAL,,0,13.330299377441406,100.99790954589844,150.56971708299022,4,True,0.6804999709129333,1,0,0,1,0,0.0,0.0,0.0,0,0,nan,nan,nan,88,26.299999237060547,0.0,29.0,0,27,-,READY owner=Surnn refs=24,"{""cmd"": ""STOP"", ""status"": ""READY"", ""detector"": ""yolo"", ""state"": ""IDLE"", ""owner"": ""Surnn"", ""score"": null, ""match_max"": 0.5, ""refs"": 24, ""match_mode"": ""none"", ""steer_zones"": 41, ""people"": 0, ""track_id"": null, ""target_ex"": 0.0, ""target_cx_vel_px_s"": 0.0, ""target_age_s"": null, ""lidar_min_m"": 0.29, ""target_lidar_m"": null, ""target_lidar_deg"": null, ""camera_range_m"
2026-07-16T23:23:00.133,2894.134,mission_20260716_223446_manual,MANUAL,,0,13.330299377441406,100.99790954589844,150.57959353653004,4,True,0.6779999732971191,1,0,0,1,0,0.0,0.0,0.0,0,0,nan,nan,nan,88,26.299999237060547,0.0,29.0,0,26,-,READY owner=Surnn refs=24,"{""cmd"": ""STOP"", ""status"": ""READY"", ""detector"": ""yolo"", ""state"": ""IDLE"", ""owner"": ""Surnn"", ""score"": null, ""match_max"": 0.5, ""refs"": 24, ""match_mode"": ""none"", ""steer_zones"": 41, ""people"": 0, ""track_id"": null, ""target_ex"": 0.0, ""target_cx_vel_px_s"": 0.0, ""target_age_s"": null, ""lidar_min_m"": 0.28, ""target_lidar_m"": null, ""target_lidar_deg"": null, ""camera_range_m"
2026-07-16T23:23:02.167,2896.168,mission_20260716_223446_manual,MANUAL,,0,13.330299377441406,100.99790954589844,150.5730911964402,4,True,0.6817499995231628,1,0,0,1,0,0.0,0.0,0.0,0,0,nan,nan,nan,88,26.299999237060547,0.0,29.0,0,25,-,READY owner=Surnn refs=24,"{""cmd"": ""STOP"", ""status"": ""READY"", ""detector"": ""yolo"", ""state"": ""IDLE"", ""owner"": ""Surnn"", ""score"": null, ""match_max"": 0.5, ""refs"": 24, ""match_mode"": ""none"", ""steer_zones"": 41, ""people"": 0, ""track_id"": null, ""target_ex"": 0.0, ""target_cx_vel_px_s"": 0.0, ""target_age_s"": null, ""lidar_min_m"": 0.27, ""target_lidar_m"": null, ""target_lidar_deg"": null, ""camera_range_m"
2026-07-16T23:23:04.196,2898.197,mission_20260716_223446_manual,MANUAL,,0,13.330299377441406,100.99790954589844,150.57559104567642,4,True,0.6787499785423279,1,0,0,1,0,0.0,0.0,0.0,0,0,nan,nan,nan,88,26.299999237060547,0.0,29.0,0,27,-,READY owner=Surnn refs=24,"{""cmd"": ""STOP"", ""status"": ""READY"", ""detector"": ""yolo"", ""state"": ""IDLE"", ""owner"": ""Surnn"", ""score"": null, ""match_max"": 0.5, ""refs"": 24, ""match_mode"": ""none"", ""steer_zones"": 41, ""people"": 0, ""track_id"": null, ""target_ex"": 0.0, ""target_cx_vel_px_s"": 0.0, ""target_age_s"": null, ""lidar_min_m"": 0.27, ""target_lidar_m"": null, ""target_lidar_deg"": null, ""camera_range_m"
2026-07-16T23:23:06.228,2900.228,mission_20260716_223446_manual,MANUAL,,0,13.330299377441406,100.99790954589844,150.57266772471166,4,True,0.6777499914169312,1,0,0,1,0,0.0,0.0,0.0,0,0,nan,nan,nan,88,26.299999237060547,0.0,29.0,0,27,-,READY owner=Surnn refs=24,"{""cmd"": ""STOP"", ""status"": ""READY"", ""detector"": ""yolo"", ""state"": ""IDLE"", ""owner"": ""Surnn"", ""score"": null, ""match_max"": 0.5, ""refs"": 24, ""match_mode"": ""none"", ""steer_zones"": 41, ""people"": 0, ""track_id"": null, ""target_ex"": 0.0, ""target_cx_vel_px_s"": 0.0, ""target_age_s"": null, ""lidar_min_m"": 0.29, ""target_lidar_m"": null, ""target_lidar_deg"": null, ""camera_range_m"
2026-07-16T23:23:08.261,2902.261,mission_20260716_223446_manual,MANUAL,,0,13.330299377441406,100.99790954589844,150.5636791957639,4,True,0.6809999942779541,1,0,0,1,0,0.0,0.0,0.0,0,0,nan,nan,nan,88,26.299999237060547,0.0,29.0,0,27,-,READY owner=Surnn refs=24,"{""cmd"": ""STOP"", ""status"": ""READY"", ""detector"": ""yolo"", ""state"": ""IDLE"", ""owner"": ""Surnn"", ""score"": null, ""match_max"": 0.5, ""refs"": 24, ""match_mode"": ""none"", ""steer_zones"": 41, ""people"": 0, ""track_id"": null, ""target_ex"": 0.0, ""target_cx_vel_px_s"": 0.0, ""target_age_s"": null, ""lidar_min_m"": 0.27, ""target_lidar_m"": null, ""target_lidar_deg"": null, ""camera_range_m"
2026-07-16T23:23:10.284,2904.285,mission_20260716_223446_manual,MANUAL,,0,13.330297470092773,100.99790954589844,150.565209158138,4,True,0.6809999942779541,1,0,0,1,0,0.0,0.0,0.0,0,0,nan,nan,nan,88,26.299999237060547,0.0,29.0,0,27,-,READY owner=Surnn refs=24,"{""cmd"": ""STOP"", ""status"": ""READY"", ""detector"": ""yolo"", ""state"": ""IDLE"", ""owner"": ""Surnn"", ""score"": null, ""match_max"": 0.5, ""refs"": 24, ""match_mode"": ""none"", ""steer_zones"": 41, ""people"": 0, ""track_id"": null, ""target_ex"": 0.0, ""target_cx_vel_px_s"": 0.0, ""target_age_s"": null, ""lidar_min_m"": 0.28, ""target_lidar_m"": null, ""target_lidar_deg"": null, ""camera_range_m"
2026-07-16T23:23:12.316,2906.316,mission_20260716_223446_manual,MANUAL,,0,13.330297470092773,100.99790954589844,150.56372017689895,4,True,0.6790000200271606,1,0,0,1,0,0.0,0.0,0.0,0,0,nan,nan,nan,88,26.299999237060547,0.0,29.0,0,26,-,READY owner=Surnn refs=24,"{""cmd"": ""STOP"", ""status"": ""READY"", ""detector"": ""yolo"", ""state"": ""IDLE"", ""owner"": ""Surnn"", ""score"": null, ""match_max"": 0.5, ""refs"": 24, ""match_mode"": ""none"", ""steer_zones"": 41, ""people"": 0, ""track_id"": null, ""target_ex"": 0.0, ""target_cx_vel_px_s"": 0.0, ""target_age_s"": null, ""lidar_min_m"": 0.29, ""target_lidar_m"": null, ""target_lidar_deg"": null, ""camera_range_m"
2026-07-16T23:23:14.377,2908.378,mission_20260716_223446_manual,MANUAL,,0,13.330296516418457,100.99790954589844,150.56225851641656,4,True,0.6779999732971191,1,0,0,1,0,0.0,0.0,0.0,0,0,nan,nan,nan,88,26.299999237060547,0.0,29.0,0,26,-,READY owner=Surnn refs=24,"{""cmd"": ""STOP"", ""status"": ""READY"", ""detector"": ""yolo"", ""state"": ""IDLE"", ""owner"": ""Surnn"", ""score"": null, ""match_max"": 0.5, ""refs"": 24, ""match_mode"": ""none"", ""steer_zones"": 41, ""people"": 0, ""track_id"": null, ""target_ex"": 0.0, ""target_cx_vel_px_s"": 0.0, ""target_age_s"": null, ""lidar_min_m"": 0.28, ""target_lidar_m"": null, ""target_lidar_deg"": null, ""camera_range_m"
2026-07-16T23:23:16.501,2910.501,mission_20260716_223446_manual,MANUAL,,0,13.330296516418457,100.99790954589844,150.57187542276793,4,True,0.6779999732971191,1,0,0,1,0,0.0,0.0,0.0,0,0,nan,nan,nan,88,26.299999237060547,0.0,29.0,0,26,-,READY owner=Surnn refs=24,"{""cmd"": ""STOP"", ""status"": ""READY"", ""detector"": ""yolo"", ""state"": ""IDLE"", ""owner"": ""Surnn"", ""score"": null, ""match_max"": 0.5, ""refs"": 24, ""match_mode"": ""none"", ""steer_zones"": 41, ""people"": 0, ""track_id"": null, ""target_ex"": 0.0, ""target_cx_vel_px_s"": 0.0, ""target_age_s"": null, ""lidar_min_m"": 0.28, ""target_lidar_m"": null, ""target_lidar_deg"": null, ""camera_range_m"
2026-07-16T23:23:18.538,2912.539,mission_20260716_223446_manual,MANUAL,,0,13.33029556274414,100.99790954589844,150.57865097042458,4,True,0.6787499785423279,1,0,0,1,0,0.0,0.0,0.0,0,0,nan,nan,nan,88,26.299999237060547,0.0,29.0,0,26,-,READY owner=Surnn refs=24,"{""cmd"": ""STOP"", ""status"": ""READY"", ""detector"": ""yolo"", ""state"": ""IDLE"", ""owner"": ""Surnn"", ""score"": null, ""match_max"": 0.5, ""refs"": 24, ""match_mode"": ""none"", ""steer_zones"": 41, ""people"": 0, ""track_id"": null, ""target_ex"": 0.0, ""target_cx_vel_px_s"": 0.0, ""target_age_s"": null, ""lidar_min_m"": 0.27, ""target_lidar_m"": null, ""target_lidar_deg"": null, ""camera_range_m"
2026-07-16T23:23:20.583,2914.583,mission_20260716_223446_manual,MANUAL,,0,13.330294609069824,100.99790954589844,150.59007104671684,4,True,0.6787499785423279,1,0,0,1,0,0.0,0.0,0.0,0,0,nan,nan,nan,88,26.299999237060547,0.0,29.0,0,26,-,READY owner=Surnn refs=24,"{""cmd"": ""STOP"", ""status"": ""READY"", ""detector"": ""yolo"", ""state"": ""IDLE"", ""owner"": ""Surnn"", ""score"": null, ""match_max"": 0.5, ""refs"": 24, ""match_mode"": ""none"", ""steer_zones"": 41, ""people"": 0, ""track_id"": null, ""target_ex"": 0.0, ""target_cx_vel_px_s"": 0.0, ""target_age_s"": null, ""lidar_min_m"": 0.29, ""target_lidar_m"": null, ""target_lidar_deg"": null, ""camera_range_m"
2026-07-16T23:23:22.641,2916.642,mission_20260716_223446_manual,MANUAL,,0,13.330294609069824,100.99791717529297,150.6054116515927,4,True,0.6779999732971191,1,0,0,1,0,0.0,0.0,0.0,0,0,nan,nan,nan,88,26.299999237060547,0.0,29.0,0,26,-,READY owner=Surnn refs=24,"{""cmd"": ""STOP"", ""status"": ""READY"", ""detector"": ""yolo"", ""state"": ""IDLE"", ""owner"": ""Surnn"", ""score"": null, ""match_max"": 0.5, ""refs"": 24, ""match_mode"": ""none"", ""steer_zones"": 41, ""people"": 0, ""track_id"": null, ""target_ex"": 0.0, ""target_cx_vel_px_s"": 0.0, ""target_age_s"": null, ""lidar_min_m"": 0.27, ""target_lidar_m"": null, ""target_lidar_deg"": null, ""camera_range_m"
2026-07-16T23:23:24.693,2918.694,mission_20260716_223446_manual,MANUAL,,0,13.330294609069824,100.99791717529297,150.61323904838153,4,True,0.6784999966621399,1,0,0,1,0,0.0,0.0,0.0,0,0,nan,nan,nan,88,26.299999237060547,0.0,29.0,0,26,-,READY owner=Surnn refs=24,"{""cmd"": ""STOP"", ""status"": ""READY"", ""detector"": ""yolo"", ""state"": ""IDLE"", ""owner"": ""Surnn"", ""score"": null, ""match_max"": 0.5, ""refs"": 24, ""match_mode"": ""none"", ""steer_zones"": 41, ""people"": 0, ""track_id"": null, ""target_ex"": 0.0, ""target_cx_vel_px_s"": 0.0, ""target_age_s"": null, ""lidar_min_m"": 0.28, ""target_lidar_m"": null, ""target_lidar_deg"": null, ""camera_range_m"
2026-07-16T23:23:26.749,2920.749,mission_20260716_223446_manual,MANUAL,,0,13.330296516418457,100.99791717529297,150.62255542640943,4,True,0.6792500019073486,1,0,0,1,0,0.0,0.0,0.0,0,0,nan,nan,nan,88,26.299999237060547,0.0,29.0,0,26,-,READY owner=Surnn refs=24,"{""cmd"": ""STOP"", ""status"": ""READY"", ""detector"": ""yolo"", ""state"": ""IDLE"", ""owner"": ""Surnn"", ""score"": null, ""match_max"": 0.5, ""refs"": 24, ""match_mode"": ""none"", ""steer_zones"": 41, ""people"": 0, ""track_id"": null, ""target_ex"": 0.0, ""target_cx_vel_px_s"": 0.0, ""target_age_s"": null, ""lidar_min_m"": 0.27, ""target_lidar_m"": null, ""target_lidar_deg"": null, ""camera_range_m"
2026-07-16T23:23:28.848,2922.848,mission_20260716_223446_manual,MANUAL,,0,13.330296516418457,100.99791717529297,150.62232319997764,4,True,0.6784999966621399,1,0,0,1,0,0.0,0.0,0.0,0,0,nan,nan,nan,88,26.299999237060547,0.0,29.0,0,26,-,READY owner=Surnn refs=24,"{""cmd"": ""STOP"", ""status"": ""READY"", ""detector"": ""yolo"", ""state"": ""IDLE"", ""owner"": ""Surnn"", ""score"": null, ""match_max"": 0.5, ""refs"": 24, ""match_mode"": ""none"", ""steer_zones"": 41, ""people"": 0, ""track_id"": null, ""target_ex"": 0.0, ""target_cx_vel_px_s"": 0.0, ""target_age_s"": null, ""lidar_min_m"": 0.28, ""target_lidar_m"": null, ""target_lidar_deg"": null, ""camera_range_m"
2026-07-16T23:23:30.867,2924.868,mission_20260716_223446_manual,MANUAL,,0,13.330296516418457,100.99791717529297,150.6219270490058,4,True,0.6777499914169312,1,0,0,1,0,0.0,0.0,0.0,0,0,nan,nan,nan,88,26.299999237060547,0.0,29.0,0,26,-,READY owner=Surnn refs=24,"{""cmd"": ""STOP"", ""status"": ""READY"", ""detector"": ""yolo"", ""state"": ""IDLE"", ""owner"": ""Surnn"", ""score"": null, ""match_max"": 0.5, ""refs"": 24, ""match_mode"": ""none"", ""steer_zones"": 41, ""people"": 0, ""track_id"": null, ""target_ex"": 0.0, ""target_cx_vel_px_s"": 0.0, ""target_age_s"": null, ""lidar_min_m"": 0.27, ""target_lidar_m"": null, ""target_lidar_deg"": null, ""camera_range_m"
2026-07-16T23:23:32.897,2926.897,mission_20260716_223446_manual,MANUAL,,0,13.330296516418457,100.99791717529297,150.61789723739548,4,True,0.6787499785423279,1,0,0,1,0,0.0,0.0,0.0,0,0,nan,nan,nan,88,26.299999237060547,0.0,29.0,0,25,-,READY owner=Surnn refs=24,"{""cmd"": ""STOP"", ""status"": ""READY"", ""detector"": ""yolo"", ""state"": ""IDLE"", ""owner"": ""Surnn"", ""score"": null, ""match_max"": 0.5, ""refs"": 24, ""match_mode"": ""none"", ""steer_zones"": 41, ""people"": 0, ""track_id"": null, ""target_ex"": 0.0, ""target_cx_vel_px_s"": 0.0, ""target_age_s"": null, ""lidar_min_m"": 0.28, ""target_lidar_m"": null, ""target_lidar_deg"": null, ""camera_range_m"
2026-07-16T23:23:34.926,2928.927,mission_20260716_223446_manual,MANUAL,,0,13.33029842376709,100.99791717529297,150.6206293130635,4,True,0.6775000095367432,1,0,0,1,0,0.0,0.0,0.0,0,0,nan,nan,nan,88,26.299999237060547,0.0,29.0,0,24,-,READY owner=Surnn refs=24,"{""cmd"": ""STOP"", ""status"": ""READY"", ""detector"": ""yolo"", ""state"": ""IDLE"", ""owner"": ""Surnn"", ""score"": null, ""match_max"": 0.5, ""refs"": 24, ""match_mode"": ""none"", ""steer_zones"": 41, ""people"": 0, ""track_id"": null, ""target_ex"": 0.0, ""target_cx_vel_px_s"": 0.0, ""target_age_s"": null, ""lidar_min_m"": 0.29, ""target_lidar_m"": null, ""target_lidar_deg"": null, ""camera_range_m"
2026-07-16T23:23:37.024,2931.024,mission_20260716_223446_manual,MANUAL,,0,13.330300331115723,100.99791717529297,150.62920803066103,4,True,0.6804999709129333,1,0,0,1,0,0.0,0.0,0.0,0,0,nan,nan,nan,88,26.299999237060547,0.0,29.0,0,24,-,READY owner=Surnn refs=24,"{""cmd"": ""STOP"", ""status"": ""READY"", ""detector"": ""yolo"", ""state"": ""IDLE"", ""owner"": ""Surnn"", ""score"": null, ""match_max"": 0.5, ""refs"": 24, ""match_mode"": ""none"", ""steer_zones"": 41, ""people"": 0, ""track_id"": null, ""target_ex"": 0.0, ""target_cx_vel_px_s"": 0.0, ""target_age_s"": null, ""lidar_min_m"": 0.28, ""target_lidar_m"": null, ""target_lidar_deg"": null, ""camera_range_m"
2026-07-16T23:23:39.120,2933.121,mission_20260716_223446_manual,MANUAL,,0,13.330302238464355,100.99791717529297,150.63092923833187,4,True,0.6779999732971191,1,0,0,1,0,0.0,0.0,0.0,0,0,nan,nan,nan,88,26.299999237060547,0.0,29.0,0,24,-,READY owner=Surnn refs=24,"{""cmd"": ""STOP"", ""status"": ""READY"", ""detector"": ""yolo"", ""state"": ""IDLE"", ""owner"": ""Surnn"", ""score"": null, ""match_max"": 0.5, ""refs"": 24, ""match_mode"": ""none"", ""steer_zones"": 41, ""people"": 0, ""track_id"": null, ""target_ex"": 0.0, ""target_cx_vel_px_s"": 0.0, ""target_age_s"": null, ""lidar_min_m"": 0.28, ""target_lidar_m"": null, ""target_lidar_deg"": null, ""camera_range_m"
2026-07-16T23:23:41.191,2935.191,mission_20260716_223446_manual,MANUAL,,0,13.330303192138672,100.99791717529297,150.6346995027537,4,True,0.6794999837875366,1,0,0,1,0,0.0,0.0,0.0,0,0,nan,nan,nan,88,26.299999237060547,0.0,29.0,0,24,-,READY owner=Surnn refs=24,"{""cmd"": ""STOP"", ""status"": ""READY"", ""detector"": ""yolo"", ""state"": ""IDLE"", ""owner"": ""Surnn"", ""score"": null, ""match_max"": 0.5, ""refs"": 24, ""match_mode"": ""none"", ""steer_zones"": 41, ""people"": 0, ""track_id"": null, ""target_ex"": 0.0, ""target_cx_vel_px_s"": 0.0, ""target_age_s"": null, ""lidar_min_m"": 0.27, ""target_lidar_m"": null, ""target_lidar_deg"": null, ""camera_range_m"
2026-07-16T23:23:43.216,2937.216,mission_20260716_223446_manual,MANUAL,,0,13.330303192138672,100.99791717529297,150.63913912571422,4,True,0.6784999966621399,1,0,0,1,0,0.0,0.0,0.0,0,0,nan,nan,nan,88,26.299999237060547,0.0,29.0,0,24,-,READY owner=Surnn refs=24,"{""cmd"": ""STOP"", ""status"": ""READY"", ""detector"": ""yolo"", ""state"": ""IDLE"", ""owner"": ""Surnn"", ""score"": null, ""match_max"": 0.5, ""refs"": 24, ""match_mode"": ""none"", ""steer_zones"": 41, ""people"": 0, ""track_id"": null, ""target_ex"": 0.0, ""target_cx_vel_px_s"": 0.0, ""target_age_s"": null, ""lidar_min_m"": 0.28, ""target_lidar_m"": null, ""target_lidar_deg"": null, ""camera_range_m"
2026-07-16T23:23:45.240,2939.24,mission_20260716_223446_manual,MANUAL,,0,13.330302238464355,100.99791717529297,150.64318259770286,4,True,0.6794999837875366,1,0,0,1,0,0.0,0.0,0.0,0,0,nan,nan,nan,88,26.299999237060547,0.0,29.0,0,24,-,READY owner=Surnn refs=24,"{""cmd"": ""STOP"", ""status"": ""READY"", ""detector"": ""yolo"", ""state"": ""IDLE"", ""owner"": ""Surnn"", ""score"": null, ""match_max"": 0.5, ""refs"": 24, ""match_mode"": ""none"", ""steer_zones"": 41, ""people"": 0, ""track_id"": null, ""target_ex"": 0.0, ""target_cx_vel_px_s"": 0.0, ""target_age_s"": null, ""lidar_min_m"": 0.26, ""target_lidar_m"": null, ""target_lidar_deg"": null, ""camera_range_m"
2026-07-16T23:23:47.259,2941.259,mission_20260716_223446_manual,MANUAL,,0,13.330301284790039,100.99791717529297,150.63968554084784,4,True,0.6779999732971191,1,0,0,1,0,0.0,0.0,0.0,0,0,nan,nan,nan,88,26.299999237060547,0.0,29.0,0,25,-,READY owner=Surnn refs=24,"{""cmd"": ""STOP"", ""status"": ""READY"", ""detector"": ""yolo"", ""state"": ""IDLE"", ""owner"": ""Surnn"", ""score"": null, ""match_max"": 0.5, ""refs"": 24, ""match_mode"": ""none"", ""steer_zones"": 41, ""people"": 0, ""track_id"": null, ""target_ex"": 0.0, ""target_cx_vel_px_s"": 0.0, ""target_age_s"": null, ""lidar_min_m"": 0.29, ""target_lidar_m"": null, ""target_lidar_deg"": null, ""camera_range_m"
2026-07-16T23:23:49.301,2943.302,mission_20260716_223446_manual,MANUAL,,0,13.330302238464355,100.99791717529297,150.6273228984501,4,True,0.6784999966621399,1,0,0,1,0,0.0,0.0,0.0,0,0,nan,nan,nan,88,26.299999237060547,0.0,29.0,0,24,-,READY owner=Surnn refs=24,"{""cmd"": ""STOP"", ""status"": ""READY"", ""detector"": ""yolo"", ""state"": ""IDLE"", ""owner"": ""Surnn"", ""score"": null, ""match_max"": 0.5, ""refs"": 24, ""match_mode"": ""none"", ""steer_zones"": 41, ""people"": 0, ""track_id"": null, ""target_ex"": 0.0, ""target_cx_vel_px_s"": 0.0, ""target_age_s"": null, ""lidar_min_m"": 0.27, ""target_lidar_m"": null, ""target_lidar_deg"": null, ""camera_range_m"
2026-07-16T23:23:51.331,2945.331,mission_20260716_223446_manual,MANUAL,,0,13.330302238464355,100.99791717529297,150.6284157287173,4,True,0.6812499761581421,1,0,0,1,0,0.0,0.0,0.0,0,0,nan,nan,nan,88,26.299999237060547,0.0,29.0,0,25,-,READY owner=Surnn refs=24,"{""cmd"": ""STOP"", ""status"": ""READY"", ""detector"": ""yolo"", ""state"": ""IDLE"", ""owner"": ""Surnn"", ""score"": null, ""match_max"": 0.5, ""refs"": 24, ""match_mode"": ""none"", ""steer_zones"": 41, ""people"": 0, ""track_id"": null, ""target_ex"": 0.0, ""target_cx_vel_px_s"": 0.0, ""target_age_s"": null, ""lidar_min_m"": 0.28, ""target_lidar_m"": null, ""target_lidar_deg"": null, ""camera_range_m"
2026-07-16T23:23:53.393,2947.393,mission_20260716_223446_manual,MANUAL,,0,13.330301284790039,100.99791717529297,150.62487769072723,4,True,0.6782500147819519,1,0,0,1,0,0.0,0.0,0.0,0,0,nan,nan,nan,88,26.299999237060547,0.0,29.0,0,25,-,READY owner=Surnn refs=24,"{""cmd"": ""STOP"", ""status"": ""READY"", ""detector"": ""yolo"", ""state"": ""IDLE"", ""owner"": ""Surnn"", ""score"": null, ""match_max"": 0.5, ""refs"": 24, ""match_mode"": ""none"", ""steer_zones"": 41, ""people"": 0, ""track_id"": null, ""target_ex"": 0.0, ""target_cx_vel_px_s"": 0.0, ""target_age_s"": null, ""lidar_min_m"": 0.27, ""target_lidar_m"": null, ""target_lidar_deg"": null, ""camera_range_m"
2026-07-16T23:23:55.420,2949.421,mission_20260716_223446_manual,MANUAL,,0,13.330300331115723,100.99791717529297,150.62672184180315,4,True,0.6784999966621399,1,0,0,1,0,0.0,0.0,0.0,0,0,nan,nan,nan,88,26.299999237060547,0.0,29.0,0,25,-,READY owner=Surnn refs=24,"{""cmd"": ""STOP"", ""status"": ""READY"", ""detector"": ""yolo"", ""state"": ""IDLE"", ""owner"": ""Surnn"", ""score"": null, ""match_max"": 0.5, ""refs"": 24, ""match_mode"": ""none"", ""steer_zones"": 41, ""people"": 0, ""track_id"": null, ""target_ex"": 0.0, ""target_cx_vel_px_s"": 0.0, ""target_age_s"": null, ""lidar_min_m"": 0.27, ""target_lidar_m"": null, ""target_lidar_deg"": null, ""camera_range_m"
2026-07-16T23:23:57.449,2951.449,mission_20260716_223446_manual,MANUAL,,0,13.330299377441406,100.99791717529297,150.64361972980976,4,True,0.6782500147819519,1,0,0,1,0,0.0,0.0,0.0,0,0,nan,nan,nan,88,26.299999237060547,0.0,29.0,0,24,-,READY owner=Surnn refs=24,"{""cmd"": ""STOP"", ""status"": ""READY"", ""detector"": ""yolo"", ""state"": ""IDLE"", ""owner"": ""Surnn"", ""score"": null, ""match_max"": 0.5, ""refs"": 24, ""match_mode"": ""none"", ""steer_zones"": 41, ""people"": 0, ""track_id"": null, ""target_ex"": 0.0, ""target_cx_vel_px_s"": 0.0, ""target_age_s"": null, ""lidar_min_m"": 0.28, ""target_lidar_m"": null, ""target_lidar_deg"": null, ""camera_range_m"
2026-07-16T23:23:59.572,2953.572,mission_20260716_223446_manual,MANUAL,,0,13.330299377441406,100.99791717529297,150.65730742890645,4,True,0.6782500147819519,1,0,0,1,0,0.0,0.0,0.0,0,0,nan,nan,nan,88,26.299999237060547,0.0,29.0,0,23,-,READY owner=Surnn refs=24,"{""cmd"": ""STOP"", ""status"": ""READY"", ""detector"": ""yolo"", ""state"": ""IDLE"", ""owner"": ""Surnn"", ""score"": null, ""match_max"": 0.5, ""refs"": 24, ""match_mode"": ""none"", ""steer_zones"": 41, ""people"": 0, ""track_id"": null, ""target_ex"": 0.0, ""target_cx_vel_px_s"": 0.0, ""target_age_s"": null, ""lidar_min_m"": 0.29, ""target_lidar_m"": null, ""target_lidar_deg"": null, ""camera_range_m"
2026-07-16T23:24:01.601,2955.601,mission_20260716_223446_manual,MANUAL,,0,13.330299377441406,100.99791717529297,150.65625557977427,4,True,0.6790000200271606,1,0,0,1,0,0.0,0.0,0.0,0,0,nan,nan,nan,88,26.299999237060547,0.0,29.0,0,24,-,READY owner=Surnn refs=24,"{""cmd"": ""STOP"", ""status"": ""READY"", ""detector"": ""yolo"", ""state"": ""IDLE"", ""owner"": ""Surnn"", ""score"": null, ""match_max"": 0.5, ""refs"": 24, ""match_mode"": ""none"", ""steer_zones"": 41, ""people"": 0, ""track_id"": null, ""target_ex"": 0.0, ""target_cx_vel_px_s"": 0.0, ""target_age_s"": null, ""lidar_min_m"": 0.27, ""target_lidar_m"": null, ""target_lidar_deg"": null, ""camera_range_m"
2026-07-16T23:24:03.661,2957.661,mission_20260716_223446_manual,MANUAL,,0,13.330299377441406,100.99791717529297,150.65815437236353,4,True,0.6784999966621399,1,0,0,1,0,0.0,0.0,0.0,0,0,nan,nan,nan,88,26.299999237060547,0.0,29.0,0,24,-,READY owner=Surnn refs=24,"{""cmd"": ""STOP"", ""status"": ""READY"", ""detector"": ""yolo"", ""state"": ""IDLE"", ""owner"": ""Surnn"", ""score"": null, ""match_max"": 0.5, ""refs"": 24, ""match_mode"": ""none"", ""steer_zones"": 41, ""people"": 0, ""track_id"": null, ""target_ex"": 0.0, ""target_cx_vel_px_s"": 0.0, ""target_age_s"": null, ""lidar_min_m"": 0.28, ""target_lidar_m"": null, ""target_lidar_deg"": null, ""camera_range_m"
2026-07-16T23:24:05.664,2959.664,mission_20260716_223446_manual,MANUAL,,0,13.33029842376709,100.99791717529297,150.6490019188757,4,True,0.6807500123977661,1,0,0,1,0,0.0,0.0,0.0,0,0,nan,nan,nan,88,26.299999237060547,0.0,29.0,0,24,-,READY owner=Surnn refs=24,"{""cmd"": ""STOP"", ""status"": ""READY"", ""detector"": ""yolo"", ""state"": ""IDLE"", ""owner"": ""Surnn"", ""score"": null, ""match_max"": 0.5, ""refs"": 24, ""match_mode"": ""none"", ""steer_zones"": 41, ""people"": 0, ""track_id"": null, ""target_ex"": 0.0, ""target_cx_vel_px_s"": 0.0, ""target_age_s"": null, ""lidar_min_m"": 0.28, ""target_lidar_m"": null, ""target_lidar_deg"": null, ""camera_range_m"
2026-07-16T23:24:07.698,2961.698,mission_20260716_223446_manual,MANUAL,,0,13.330297470092773,100.99790954589844,150.6405324843049,4,True,0.6802499890327454,1,0,0,1,0,0.0,0.0,0.0,0,0,nan,nan,nan,88,26.299999237060547,0.0,29.0,0,24,-,READY owner=Surnn refs=24,"{""cmd"": ""STOP"", ""status"": ""READY"", ""detector"": ""yolo"", ""state"": ""IDLE"", ""owner"": ""Surnn"", ""score"": null, ""match_max"": 0.5, ""refs"": 24, ""match_mode"": ""none"", ""steer_zones"": 41, ""people"": 0, ""track_id"": null, ""target_ex"": 0.0, ""target_cx_vel_px_s"": 0.0, ""target_age_s"": null, ""lidar_min_m"": 0.28, ""target_lidar_m"": null, ""target_lidar_deg"": null, ""camera_range_m"
2026-07-16T23:24:09.726,2963.726,mission_20260716_223446_manual,MANUAL,,0,13.330296516418457,100.99790954589844,150.63300561583955,4,True,0.6784999966621399,1,0,0,1,0,0.0,0.0,0.0,0,0,nan,nan,nan,88,26.299999237060547,0.0,29.0,0,24,-,READY owner=Surnn refs=24,"{""cmd"": ""STOP"", ""status"": ""READY"", ""detector"": ""yolo"", ""state"": ""IDLE"", ""owner"": ""Surnn"", ""score"": null, ""match_max"": 0.5, ""refs"": 24, ""match_mode"": ""none"", ""steer_zones"": 41, ""people"": 0, ""track_id"": null, ""target_ex"": 0.0, ""target_cx_vel_px_s"": 0.0, ""target_age_s"": null, ""lidar_min_m"": 0.27, ""target_lidar_m"": null, ""target_lidar_deg"": null, ""camera_range_m"
2026-07-16T23:24:11.820,2965.82,mission_20260716_223446_manual,MANUAL,,0,13.330294609069824,100.99790954589844,150.62325210570478,4,True,0.6775000095367432,1,0,0,1,0,0.0,0.0,0.0,0,0,nan,nan,nan,88,26.299999237060547,0.0,29.0,0,25,-,READY owner=Surnn refs=24,"{""cmd"": ""STOP"", ""status"": ""READY"", ""detector"": ""yolo"", ""state"": ""IDLE"", ""owner"": ""Surnn"", ""score"": null, ""match_max"": 0.5, ""refs"": 24, ""match_mode"": ""none"", ""steer_zones"": 41, ""people"": 0, ""track_id"": null, ""target_ex"": 0.0, ""target_cx_vel_px_s"": 0.0, ""target_age_s"": null, ""lidar_min_m"": 0.27, ""target_lidar_m"": null, ""target_lidar_deg"": null, ""camera_range_m"
2026-07-16T23:24:13.849,2967.85,mission_20260716_223446_manual,MANUAL,,0,13.330293655395508,100.99790954589844,150.61127195390057,4,True,0.6787499785423279,1,0,0,1,0,0.0,0.0,0.0,0,0,nan,nan,nan,88,26.299999237060547,0.0,29.0,0,24,-,READY owner=Surnn refs=24,"{""cmd"": ""STOP"", ""status"": ""READY"", ""detector"": ""yolo"", ""state"": ""IDLE"", ""owner"": ""Surnn"", ""score"": null, ""match_max"": 0.5, ""refs"": 24, ""match_mode"": ""none"", ""steer_zones"": 41, ""people"": 0, ""track_id"": null, ""target_ex"": 0.0, ""target_cx_vel_px_s"": 0.0, ""target_age_s"": null, ""lidar_min_m"": 0.28, ""target_lidar_m"": null, ""target_lidar_deg"": null, ""camera_range_m"
2026-07-16T23:24:15.888,2969.888,mission_20260716_223446_manual,MANUAL,,0,13.330293655395508,100.99790954589844,150.60481059494575,4,True,0.6784999966621399,1,0,0,1,0,0.0,0.0,0.0,0,0,nan,nan,nan,88,26.299999237060547,0.0,29.0,0,25,-,READY owner=Surnn refs=24,"{""cmd"": ""STOP"", ""status"": ""READY"", ""detector"": ""yolo"", ""state"": ""IDLE"", ""owner"": ""Surnn"", ""score"": null, ""match_max"": 0.5, ""refs"": 24, ""match_mode"": ""none"", ""steer_zones"": 41, ""people"": 0, ""track_id"": null, ""target_ex"": 0.0, ""target_cx_vel_px_s"": 0.0, ""target_age_s"": null, ""lidar_min_m"": 0.28, ""target_lidar_m"": null, ""target_lidar_deg"": null, ""camera_range_m"
2026-07-16T23:24:17.969,2971.97,mission_20260716_223446_manual,MANUAL,,0,13.330292701721191,100.99790954589844,150.60332161370667,4,True,0.6769999861717224,1,0,0,1,0,0.0,0.0,0.0,0,0,nan,nan,nan,88,26.299999237060547,0.0,29.0,0,25,-,READY owner=Surnn refs=24,"{""cmd"": ""STOP"", ""status"": ""READY"", ""detector"": ""yolo"", ""state"": ""IDLE"", ""owner"": ""Surnn"", ""score"": null, ""match_max"": 0.5, ""refs"": 24, ""match_mode"": ""none"", ""steer_zones"": 41, ""people"": 0, ""track_id"": null, ""target_ex"": 0.0, ""target_cx_vel_px_s"": 0.0, ""target_age_s"": null, ""lidar_min_m"": 0.28, ""target_lidar_m"": null, ""target_lidar_deg"": null, ""camera_range_m"
2026-07-16T23:24:19.994,2973.994,mission_20260716_223446_manual,MANUAL,,0,13.330290794372559,100.99790954589844,150.61512418059246,4,True,0.6782500147819519,1,0,0,1,0,0.0,0.0,0.0,0,0,nan,nan,nan,88,26.299999237060547,0.0,29.0,0,26,-,READY owner=Surnn refs=24,"{""cmd"": ""STOP"", ""status"": ""READY"", ""detector"": ""yolo"", ""state"": ""IDLE"", ""owner"": ""Surnn"", ""score"": null, ""match_max"": 0.5, ""refs"": 24, ""match_mode"": ""none"", ""steer_zones"": 41, ""people"": 0, ""track_id"": null, ""target_ex"": 0.0, ""target_cx_vel_px_s"": 0.0, ""target_age_s"": null, ""lidar_min_m"": 0.27, ""target_lidar_m"": null, ""target_lidar_deg"": null, ""camera_range_m"
2026-07-16T23:24:22.004,2976.005,mission_20260716_223446_manual,MANUAL,,0,13.330289840698242,100.99790954589844,150.62494599261893,4,True,0.6797500252723694,1,0,0,1,0,0.0,0.0,0.0,0,0,nan,nan,nan,88,26.299999237060547,0.0,29.0,0,27,-,READY owner=Surnn refs=24,"{""cmd"": ""STOP"", ""status"": ""READY"", ""detector"": ""yolo"", ""state"": ""IDLE"", ""owner"": ""Surnn"", ""score"": null, ""match_max"": 0.5, ""refs"": 24, ""match_mode"": ""none"", ""steer_zones"": 41, ""people"": 0, ""track_id"": null, ""target_ex"": 0.0, ""target_cx_vel_px_s"": 0.0, ""target_age_s"": null, ""lidar_min_m"": 0.27, ""target_lidar_m"": null, ""target_lidar_deg"": null, ""camera_range_m"
2026-07-16T23:24:24.024,2978.025,mission_20260716_223446_manual,MANUAL,,0,13.330289840698242,100.99790954589844,150.63293731394785,4,True,0.6790000200271606,1,0,0,1,0,0.0,0.0,0.0,0,0,nan,nan,nan,88,26.299999237060547,0.0,29.0,0,28,-,READY owner=Surnn refs=24,"{""cmd"": ""STOP"", ""status"": ""READY"", ""detector"": ""yolo"", ""state"": ""IDLE"", ""owner"": ""Surnn"", ""score"": null, ""match_max"": 0.5, ""refs"": 24, ""match_mode"": ""none"", ""steer_zones"": 41, ""people"": 0, ""track_id"": null, ""target_ex"": 0.0, ""target_cx_vel_px_s"": 0.0, ""target_age_s"": null, ""lidar_min_m"": 0.28, ""target_lidar_m"": null, ""target_lidar_deg"": null, ""camera_range_m"
2026-07-16T23:24:26.051,2980.051,mission_20260716_223446_manual,MANUAL,,0,13.330290794372559,100.99790954589844,150.62497331337562,4,True,0.6782500147819519,1,0,0,1,0,0.0,0.0,0.0,0,0,nan,nan,nan,88,26.299999237060547,0.0,29.0,0,28,-,READY owner=Surnn refs=24,"{""cmd"": ""STOP"", ""status"": ""READY"", ""detector"": ""yolo"", ""state"": ""IDLE"", ""owner"": ""Surnn"", ""score"": null, ""match_max"": 0.5, ""refs"": 24, ""match_mode"": ""none"", ""steer_zones"": 41, ""people"": 0, ""track_id"": null, ""target_ex"": 0.0, ""target_cx_vel_px_s"": 0.0, ""target_age_s"": null, ""lidar_min_m"": 0.28, ""target_lidar_m"": null, ""target_lidar_deg"": null, ""camera_range_m"
2026-07-16T23:24:28.122,2982.122,mission_20260716_223446_manual,MANUAL,,0,13.330290794372559,100.99790954589844,150.6287845589325,4,True,0.6807500123977661,1,0,0,1,0,0.0,0.0,0.0,0,0,nan,nan,nan,88,26.299999237060547,0.0,29.0,0,27,-,READY owner=Surnn refs=24,"{""cmd"": ""STOP"", ""status"": ""READY"", ""detector"": ""yolo"", ""state"": ""IDLE"", ""owner"": ""Surnn"", ""score"": null, ""match_max"": 0.5, ""refs"": 24, ""match_mode"": ""none"", ""steer_zones"": 41, ""people"": 0, ""track_id"": null, ""target_ex"": 0.0, ""target_cx_vel_px_s"": 0.0, ""target_age_s"": null, ""lidar_min_m"": 0.27, ""target_lidar_m"": null, ""target_lidar_deg"": null, ""camera_range_m"
2026-07-16T23:24:30.149,2984.149,mission_20260716_223446_manual,MANUAL,,0,13.330288887023926,100.99790954589844,150.62075225646853,4,True,0.6782500147819519,1,0,0,1,0,0.0,0.0,0.0,0,0,nan,nan,nan,88,26.299999237060547,0.0,29.0,0,27,-,READY owner=Surnn refs=24,"{""cmd"": ""STOP"", ""status"": ""READY"", ""detector"": ""yolo"", ""state"": ""IDLE"", ""owner"": ""Surnn"", ""score"": null, ""match_max"": 0.5, ""refs"": 24, ""match_mode"": ""none"", ""steer_zones"": 41, ""people"": 0, ""track_id"": null, ""target_ex"": 0.0, ""target_cx_vel_px_s"": 0.0, ""target_age_s"": null, ""lidar_min_m"": 0.28, ""target_lidar_m"": null, ""target_lidar_deg"": null, ""camera_range_m"
2026-07-16T23:24:32.170,2986.171,mission_20260716_223446_manual,MANUAL,,0,13.33028793334961,100.9979019165039,150.6217904452224,4,True,0.6777499914169312,1,0,0,1,0,0.0,0.0,0.0,0,0,nan,nan,nan,88,26.299999237060547,0.0,29.0,0,27,-,READY owner=Surnn refs=24,"{""cmd"": ""STOP"", ""status"": ""READY"", ""detector"": ""yolo"", ""state"": ""IDLE"", ""owner"": ""Surnn"", ""score"": null, ""match_max"": 0.5, ""refs"": 24, ""match_mode"": ""none"", ""steer_zones"": 41, ""people"": 0, ""track_id"": null, ""target_ex"": 0.0, ""target_cx_vel_px_s"": 0.0, ""target_age_s"": null, ""lidar_min_m"": 0.27, ""target_lidar_m"": null, ""target_lidar_deg"": null, ""camera_range_m"
2026-07-16T23:24:34.245,2988.246,mission_20260716_223446_manual,MANUAL,,0,13.33028793334961,100.9979019165039,150.62517821905072,4,True,0.6787499785423279,1,0,0,1,0,0.0,0.0,0.0,0,0,nan,nan,nan,88,26.299999237060547,0.0,29.0,0,27,-,READY owner=Surnn refs=24,"{""cmd"": ""STOP"", ""status"": ""READY"", ""detector"": ""yolo"", ""state"": ""IDLE"", ""owner"": ""Surnn"", ""score"": null, ""match_max"": 0.5, ""refs"": 24, ""match_mode"": ""none"", ""steer_zones"": 41, ""people"": 0, ""track_id"": null, ""target_ex"": 0.0, ""target_cx_vel_px_s"": 0.0, ""target_age_s"": null, ""lidar_min_m"": 0.27, ""target_lidar_m"": null, ""target_lidar_deg"": null, ""camera_range_m"
2026-07-16T23:24:36.344,2990.345,mission_20260716_223446_manual,MANUAL,,0,13.330286979675293,100.9979019165039,150.61512418059246,4,True,0.6777499914169312,1,0,0,1,0,0.0,0.0,0.0,0,0,nan,nan,nan,88,26.299999237060547,0.0,29.0,0,28,-,READY owner=Surnn refs=24,"{""cmd"": ""STOP"", ""status"": ""READY"", ""detector"": ""yolo"", ""state"": ""IDLE"", ""owner"": ""Surnn"", ""score"": null, ""match_max"": 0.5, ""refs"": 24, ""match_mode"": ""none"", ""steer_zones"": 41, ""people"": 0, ""track_id"": null, ""target_ex"": 0.0, ""target_cx_vel_px_s"": 0.0, ""target_age_s"": null, ""lidar_min_m"": 0.27, ""target_lidar_m"": null, ""target_lidar_deg"": null, ""camera_range_m"
2026-07-16T23:24:38.366,2992.366,mission_20260716_223446_manual,MANUAL,,0,13.33028793334961,100.9979019165039,150.59795308501904,4,True,0.6817499995231628,1,0,0,1,0,0.0,0.0,0.0,0,0,nan,nan,nan,88,26.299999237060547,0.0,29.0,0,28,-,READY owner=Surnn refs=24,"{""cmd"": ""STOP"", ""status"": ""READY"", ""detector"": ""yolo"", ""state"": ""IDLE"", ""owner"": ""Surnn"", ""score"": null, ""match_max"": 0.5, ""refs"": 24, ""match_mode"": ""none"", ""steer_zones"": 41, ""people"": 0, ""track_id"": null, ""target_ex"": 0.0, ""target_cx_vel_px_s"": 0.0, ""target_age_s"": null, ""lidar_min_m"": 0.29, ""target_lidar_m"": null, ""target_lidar_deg"": null, ""camera_range_m"
2026-07-16T23:24:40.397,2994.398,mission_20260716_223446_manual,MANUAL,,0,13.33028793334961,100.9979019165039,150.58852742396442,4,True,0.6784999966621399,1,0,0,1,0,0.0,0.0,0.0,0,0,nan,nan,nan,88,26.299999237060547,0.0,29.0,0,28,-,READY owner=Surnn refs=24,"{""cmd"": ""STOP"", ""status"": ""READY"", ""detector"": ""yolo"", ""state"": ""IDLE"", ""owner"": ""Surnn"", ""score"": null, ""match_max"": 0.5, ""refs"": 24, ""match_mode"": ""none"", ""steer_zones"": 41, ""people"": 0, ""track_id"": null, ""target_ex"": 0.0, ""target_cx_vel_px_s"": 0.0, ""target_age_s"": null, ""lidar_min_m"": 0.29, ""target_lidar_m"": null, ""target_lidar_deg"": null, ""camera_range_m"
2026-07-16T23:24:42.425,2996.426,mission_20260716_223446_manual,MANUAL,,0,13.330288887023926,100.9979019165039,150.58569972564806,4,True,0.6790000200271606,1,0,0,1,0,0.0,0.0,0.0,0,0,nan,nan,nan,88,26.299999237060547,0.0,29.0,0,28,-,READY owner=Surnn refs=24,"{""cmd"": ""STOP"", ""status"": ""READY"", ""detector"": ""yolo"", ""state"": ""IDLE"", ""owner"": ""Surnn"", ""score"": null, ""match_max"": 0.5, ""refs"": 24, ""match_mode"": ""none"", ""steer_zones"": 41, ""people"": 0, ""track_id"": null, ""target_ex"": 0.0, ""target_cx_vel_px_s"": 0.0, ""target_age_s"": null, ""lidar_min_m"": 0.29, ""target_lidar_m"": null, ""target_lidar_deg"": null, ""camera_range_m"
2026-07-16T23:24:44.462,2998.463,mission_20260716_223446_manual,MANUAL,,0,13.330288887023926,100.9979019165039,150.56975806412524,4,True,0.6777499914169312,1,0,0,1,0,0.0,0.0,0.0,0,0,nan,nan,nan,88,26.299999237060547,0.0,29.0,0,29,-,READY owner=Surnn refs=24,"{""cmd"": ""STOP"", ""status"": ""READY"", ""detector"": ""yolo"", ""state"": ""IDLE"", ""owner"": ""Surnn"", ""score"": null, ""match_max"": 0.5, ""refs"": 24, ""match_mode"": ""none"", ""steer_zones"": 41, ""people"": 0, ""track_id"": null, ""target_ex"": 0.0, ""target_cx_vel_px_s"": 0.0, ""target_age_s"": null, ""lidar_min_m"": 0.27, ""target_lidar_m"": null, ""target_lidar_deg"": null, ""camera_range_m"
2026-07-16T23:24:46.478,3000.479,mission_20260716_223446_manual,MANUAL,,0,13.330288887023926,100.9979019165039,150.5712197246076,4,True,0.6802499890327454,1,0,0,1,0,0.0,0.0,0.0,0,0,nan,nan,nan,88,26.299999237060547,0.0,29.0,0,28,-,READY owner=Surnn refs=24,"{""cmd"": ""STOP"", ""status"": ""READY"", ""detector"": ""yolo"", ""state"": ""IDLE"", ""owner"": ""Surnn"", ""score"": null, ""match_max"": 0.5, ""refs"": 24, ""match_mode"": ""none"", ""steer_zones"": 41, ""people"": 0, ""track_id"": null, ""target_ex"": 0.0, ""target_cx_vel_px_s"": 0.0, ""target_age_s"": null, ""lidar_min_m"": 0.26, ""target_lidar_m"": null, ""target_lidar_deg"": null, ""camera_range_m"
2026-07-16T23:24:48.489,3002.489,mission_20260716_223446_manual,MANUAL,,0,13.330288887023926,100.9979019165039,150.58270810279157,4,True,0.6777499914169312,1,0,0,1,0,0.0,0.0,0.0,0,0,nan,nan,nan,88,26.299999237060547,0.0,29.0,0,28,-,READY owner=Surnn refs=24,"{""cmd"": ""STOP"", ""status"": ""READY"", ""detector"": ""yolo"", ""state"": ""IDLE"", ""owner"": ""Surnn"", ""score"": null, ""match_max"": 0.5, ""refs"": 24, ""match_mode"": ""none"", ""steer_zones"": 41, ""people"": 0, ""track_id"": null, ""target_ex"": 0.0, ""target_cx_vel_px_s"": 0.0, ""target_age_s"": null, ""lidar_min_m"": 0.27, ""target_lidar_m"": null, ""target_lidar_deg"": null, ""camera_range_m"
2026-07-16T23:24:50.519,3004.519,mission_20260716_223446_manual,MANUAL,,0,13.330289840698242,100.9979019165039,150.580877612094,4,True,0.6779999732971191,1,0,0,1,0,0.0,0.0,0.0,0,0,nan,nan,nan,88,26.299999237060547,0.0,29.0,0,28,-,READY owner=Surnn refs=24,"{""cmd"": ""STOP"", ""status"": ""READY"", ""detector"": ""yolo"", ""state"": ""IDLE"", ""owner"": ""Surnn"", ""score"": null, ""match_max"": 0.5, ""refs"": 24, ""match_mode"": ""none"", ""steer_zones"": 41, ""people"": 0, ""track_id"": null, ""target_ex"": 0.0, ""target_cx_vel_px_s"": 0.0, ""target_age_s"": null, ""lidar_min_m"": 0.27, ""target_lidar_m"": null, ""target_lidar_deg"": null, ""camera_range_m"
2026-07-16T23:24:52.530,3006.53,mission_20260716_223446_manual,MANUAL,,0,13.330289840698242,100.9979019165039,150.58806297110087,4,True,0.6782500147819519,1,0,0,1,0,0.0,0.0,0.0,0,0,nan,nan,nan,88,26.299999237060547,0.0,29.0,0,30,-,READY owner=Surnn refs=24,"{""cmd"": ""STOP"", ""status"": ""READY"", ""detector"": ""yolo"", ""state"": ""IDLE"", ""owner"": ""Surnn"", ""score"": null, ""match_max"": 0.5, ""refs"": 24, ""match_mode"": ""none"", ""steer_zones"": 41, ""people"": 0, ""track_id"": null, ""target_ex"": 0.0, ""target_cx_vel_px_s"": 0.0, ""target_age_s"": null, ""lidar_min_m"": 0.27, ""target_lidar_m"": null, ""target_lidar_deg"": null, ""camera_range_m"
2026-07-16T23:24:54.546,3008.546,mission_20260716_223446_manual,MANUAL,,0,13.330289840698242,100.9979019165039,150.59750229253382,4,True,0.6784999966621399,1,0,0,1,0,0.0,0.0,0.0,0,0,nan,nan,nan,88,26.299999237060547,0.0,29.0,0,30,-,READY owner=Surnn refs=24,"{""cmd"": ""STOP"", ""status"": ""READY"", ""detector"": ""yolo"", ""state"": ""IDLE"", ""owner"": ""Surnn"", ""score"": null, ""match_max"": 0.5, ""refs"": 24, ""match_mode"": ""none"", ""steer_zones"": 41, ""people"": 0, ""track_id"": null, ""target_ex"": 0.0, ""target_cx_vel_px_s"": 0.0, ""target_age_s"": null, ""lidar_min_m"": 0.27, ""target_lidar_m"": null, ""target_lidar_deg"": null, ""camera_range_m"
2026-07-16T23:24:56.567,3010.567,mission_20260716_223446_manual,MANUAL,,0,13.330290794372559,100.9979019165039,150.60057587766033,4,True,0.6784999966621399,1,0,0,1,0,0.0,0.0,0.0,0,0,nan,nan,nan,88,26.299999237060547,0.0,29.0,0,30,-,READY owner=Surnn refs=24,"{""cmd"": ""STOP"", ""status"": ""READY"", ""detector"": ""yolo"", ""state"": ""IDLE"", ""owner"": ""Surnn"", ""score"": null, ""match_max"": 0.5, ""refs"": 24, ""match_mode"": ""none"", ""steer_zones"": 41, ""people"": 0, ""track_id"": null, ""target_ex"": 0.0, ""target_cx_vel_px_s"": 0.0, ""target_age_s"": null, ""lidar_min_m"": 0.27, ""target_lidar_m"": null, ""target_lidar_deg"": null, ""camera_range_m"
2026-07-16T23:24:58.589,3012.589,mission_20260716_223446_manual,MANUAL,,0,13.330290794372559,100.9979019165039,150.60654546299492,4,True,0.6769999861717224,1,0,0,1,0,0.0,0.0,0.0,0,0,nan,nan,nan,88,26.299999237060547,0.0,29.0,0,30,-,READY owner=Surnn refs=24,"{""cmd"": ""STOP"", ""status"": ""READY"", ""detector"": ""yolo"", ""state"": ""IDLE"", ""owner"": ""Surnn"", ""score"": null, ""match_max"": 0.5, ""refs"": 24, ""match_mode"": ""none"", ""steer_zones"": 41, ""people"": 0, ""track_id"": null, ""target_ex"": 0.0, ""target_cx_vel_px_s"": 0.0, ""target_age_s"": null, ""lidar_min_m"": 0.27, ""target_lidar_m"": null, ""target_lidar_deg"": null, ""camera_range_m"
2026-07-16T23:25:00.611,3014.612,mission_20260716_223446_manual,MANUAL,,0,13.330292701721191,100.9979019165039,150.62136697349385,4,True,0.6775000095367432,1,0,0,1,0,0.0,0.0,0.0,0,0,nan,nan,nan,88,26.299999237060547,0.0,29.0,0,30,-,READY owner=Surnn refs=24,"{""cmd"": ""STOP"", ""status"": ""READY"", ""detector"": ""yolo"", ""state"": ""IDLE"", ""owner"": ""Surnn"", ""score"": null, ""match_max"": 0.5, ""refs"": 24, ""match_mode"": ""none"", ""steer_zones"": 41, ""people"": 0, ""track_id"": null, ""target_ex"": 0.0, ""target_cx_vel_px_s"": 0.0, ""target_age_s"": null, ""lidar_min_m"": 0.27, ""target_lidar_m"": null, ""target_lidar_deg"": null, ""camera_range_m"
2026-07-16T23:25:02.632,3016.632,mission_20260716_223446_manual,MANUAL,,0,13.330294609069824,100.9979019165039,150.6337705970266,4,True,0.6784999966621399,1,0,0,1,0,0.0,0.0,0.0,0,0,nan,nan,nan,88,26.299999237060547,0.0,29.0,0,30,-,READY owner=Surnn refs=24,"{""cmd"": ""STOP"", ""status"": ""READY"", ""detector"": ""yolo"", ""state"": ""IDLE"", ""owner"": ""Surnn"", ""score"": null, ""match_max"": 0.5, ""refs"": 24, ""match_mode"": ""none"", ""steer_zones"": 41, ""people"": 0, ""track_id"": null, ""target_ex"": 0.0, ""target_cx_vel_px_s"": 0.0, ""target_age_s"": null, ""lidar_min_m"": 0.28, ""target_lidar_m"": null, ""target_lidar_deg"": null, ""camera_range_m"
2026-07-16T23:25:04.647,3018.647,mission_20260716_223446_manual,MANUAL,,0,13.33029556274414,100.9979019165039,150.62845670985232,4,True,0.6804999709129333,1,0,0,1,0,0.0,0.0,0.0,0,0,nan,nan,nan,88,26.299999237060547,0.0,29.0,0,30,-,READY owner=Surnn refs=24,"{""cmd"": ""STOP"", ""status"": ""READY"", ""detector"": ""yolo"", ""state"": ""IDLE"", ""owner"": ""Surnn"", ""score"": null, ""match_max"": 0.5, ""refs"": 24, ""match_mode"": ""none"", ""steer_zones"": 41, ""people"": 0, ""track_id"": null, ""target_ex"": 0.0, ""target_cx_vel_px_s"": 0.0, ""target_age_s"": null, ""lidar_min_m"": 0.27, ""target_lidar_m"": null, ""target_lidar_deg"": null, ""camera_range_m"
2026-07-16T23:25:06.746,3020.747,mission_20260716_223446_manual,MANUAL,,0,13.330297470092773,100.9979019165039,150.62419467181024,4,True,0.6800000071525574,1,0,0,1,0,0.0,0.0,0.0,0,0,nan,nan,nan,88,26.299999237060547,0.0,29.0,0,30,-,READY owner=Surnn refs=24,"{""cmd"": ""STOP"", ""status"": ""READY"", ""detector"": ""yolo"", ""state"": ""IDLE"", ""owner"": ""Surnn"", ""score"": null, ""match_max"": 0.5, ""refs"": 24, ""match_mode"": ""none"", ""steer_zones"": 41, ""people"": 0, ""track_id"": null, ""target_ex"": 0.0, ""target_cx_vel_px_s"": 0.0, ""target_age_s"": null, ""lidar_min_m"": 0.28, ""target_lidar_m"": null, ""target_lidar_deg"": null, ""camera_range_m"
2026-07-16T23:25:08.825,3022.826,mission_20260716_223446_manual,MANUAL,,0,13.33029842376709,100.9979019165039,150.6182114260973,4,True,0.6775000095367432,1,0,0,1,0,0.0,0.0,0.0,0,0,nan,nan,nan,88,26.299999237060547,0.0,29.0,0,30,-,READY owner=Surnn refs=24,"{""cmd"": ""STOP"", ""status"": ""READY"", ""detector"": ""yolo"", ""state"": ""IDLE"", ""owner"": ""Surnn"", ""score"": null, ""match_max"": 0.5, ""refs"": 24, ""match_mode"": ""none"", ""steer_zones"": 41, ""people"": 0, ""track_id"": null, ""target_ex"": 0.0, ""target_cx_vel_px_s"": 0.0, ""target_age_s"": null, ""lidar_min_m"": 0.27, ""target_lidar_m"": null, ""target_lidar_deg"": null, ""camera_range_m"
2026-07-16T23:25:10.866,3024.866,mission_20260716_223446_manual,MANUAL,,0,13.330299377441406,100.99790954589844,150.61735082226187,4,True,0.6779999732971191,1,0,0,1,0,0.0,0.0,0.0,0,0,nan,nan,nan,88,26.299999237060547,0.0,29.0,0,29,-,READY owner=Surnn refs=24,"{""cmd"": ""STOP"", ""status"": ""READY"", ""detector"": ""yolo"", ""state"": ""IDLE"", ""owner"": ""Surnn"", ""score"": null, ""match_max"": 0.5, ""refs"": 24, ""match_mode"": ""none"", ""steer_zones"": 41, ""people"": 0, ""track_id"": null, ""target_ex"": 0.0, ""target_cx_vel_px_s"": 0.0, ""target_age_s"": null, ""lidar_min_m"": 0.29, ""target_lidar_m"": null, ""target_lidar_deg"": null, ""camera_range_m"
2026-07-16T23:25:13.012,3027.013,mission_20260716_223446_manual,MANUAL,,0,13.330300331115723,100.99790954589844,150.61885346387928,4,True,0.6790000200271606,1,0,0,1,0,0.0,0.0,0.0,0,0,nan,nan,nan,88,26.299999237060547,0.0,29.0,0,29,-,READY owner=Surnn refs=24,"{""cmd"": ""STOP"", ""status"": ""READY"", ""detector"": ""yolo"", ""state"": ""IDLE"", ""owner"": ""Surnn"", ""score"": null, ""match_max"": 0.5, ""refs"": 24, ""match_mode"": ""none"", ""steer_zones"": 41, ""people"": 0, ""track_id"": null, ""target_ex"": 0.0, ""target_cx_vel_px_s"": 0.0, ""target_age_s"": null, ""lidar_min_m"": 0.29, ""target_lidar_m"": null, ""target_lidar_deg"": null, ""camera_range_m"
2026-07-16T23:25:15.115,3029.116,mission_20260716_223446_manual,MANUAL,,0,13.330301284790039,100.99790954589844,150.61147685957567,4,True,0.6777499914169312,1,0,0,1,0,0.0,0.0,0.0,0,0,nan,nan,nan,88,26.299999237060547,0.0,29.0,0,29,-,READY owner=Surnn refs=24,"{""cmd"": ""STOP"", ""status"": ""READY"", ""detector"": ""yolo"", ""state"": ""IDLE"", ""owner"": ""Surnn"", ""score"": null, ""match_max"": 0.5, ""refs"": 24, ""match_mode"": ""none"", ""steer_zones"": 41, ""people"": 0, ""track_id"": null, ""target_ex"": 0.0, ""target_cx_vel_px_s"": 0.0, ""target_age_s"": null, ""lidar_min_m"": 0.29, ""target_lidar_m"": null, ""target_lidar_deg"": null, ""camera_range_m"
2026-07-16T23:25:17.211,3031.212,mission_20260716_223446_manual,MANUAL,,0,13.330303192138672,100.99790954589844,150.60651814223823,4,True,0.6784999966621399,1,0,0,1,0,0.0,0.0,0.0,0,0,nan,nan,nan,88,26.299999237060547,0.0,29.0,0,28,-,READY owner=Surnn refs=24,"{""cmd"": ""STOP"", ""status"": ""READY"", ""detector"": ""yolo"", ""state"": ""IDLE"", ""owner"": ""Surnn"", ""score"": null, ""match_max"": 0.5, ""refs"": 24, ""match_mode"": ""none"", ""steer_zones"": 41, ""people"": 0, ""track_id"": null, ""target_ex"": 0.0, ""target_cx_vel_px_s"": 0.0, ""target_age_s"": null, ""lidar_min_m"": 0.28, ""target_lidar_m"": null, ""target_lidar_deg"": null, ""camera_range_m"
2026-07-16T23:25:19.290,3033.29,mission_20260716_223446_manual,MANUAL,,0,13.330305099487305,100.99790954589844,150.61355323708335,4,True,0.6784999966621399,1,0,0,1,0,0.0,0.0,0.0,0,0,nan,nan,nan,88,26.299999237060547,0.0,29.0,0,29,-,READY owner=Surnn refs=24,"{""cmd"": ""STOP"", ""status"": ""READY"", ""detector"": ""yolo"", ""state"": ""IDLE"", ""owner"": ""Surnn"", ""score"": null, ""match_max"": 0.5, ""refs"": 24, ""match_mode"": ""none"", ""steer_zones"": 41, ""people"": 0, ""track_id"": null, ""target_ex"": 0.0, ""target_cx_vel_px_s"": 0.0, ""target_age_s"": null, ""lidar_min_m"": 0.27, ""target_lidar_m"": null, ""target_lidar_deg"": null, ""camera_range_m"
2026-07-16T23:25:21.320,3035.32,mission_20260716_223446_manual,MANUAL,,0,13.330306053161621,100.99790954589844,150.62762342677357,4,True,0.6787499785423279,1,0,0,1,0,0.0,0.0,0.0,0,0,nan,nan,nan,88,26.299999237060547,0.0,29.0,0,28,-,READY owner=Surnn refs=24,"{""cmd"": ""STOP"", ""status"": ""READY"", ""detector"": ""yolo"", ""state"": ""IDLE"", ""owner"": ""Surnn"", ""score"": null, ""match_max"": 0.5, ""refs"": 24, ""match_mode"": ""none"", ""steer_zones"": 41, ""people"": 0, ""track_id"": null, ""target_ex"": 0.0, ""target_cx_vel_px_s"": 0.0, ""target_age_s"": null, ""lidar_min_m"": 0.27, ""target_lidar_m"": null, ""target_lidar_deg"": null, ""camera_range_m"
2026-07-16T23:25:23.347,3037.347,mission_20260716_223446_manual,MANUAL,,0,13.330307006835938,100.99790954589844,150.65170667378703,4,True,0.6809999942779541,1,0,0,1,0,0.0,0.0,0.0,0,0,nan,nan,nan,88,26.299999237060547,0.0,29.0,0,28,-,READY owner=Surnn refs=24,"{""cmd"": ""STOP"", ""status"": ""READY"", ""detector"": ""yolo"", ""state"": ""IDLE"", ""owner"": ""Surnn"", ""score"": null, ""match_max"": 0.5, ""refs"": 24, ""match_mode"": ""none"", ""steer_zones"": 41, ""people"": 0, ""track_id"": null, ""target_ex"": 0.0, ""target_cx_vel_px_s"": 0.0, ""target_age_s"": null, ""lidar_min_m"": 0.27, ""target_lidar_m"": null, ""target_lidar_deg"": null, ""camera_range_m"
2026-07-16T23:25:25.367,3039.367,mission_20260716_223446_manual,MANUAL,,0,13.33030891418457,100.99790954589844,150.6633999576461,4,True,0.6794999837875366,1,0,0,1,0,0.0,0.0,0.0,0,0,nan,nan,nan,88,26.299999237060547,0.0,29.0,0,29,-,READY owner=Surnn refs=24,"{""cmd"": ""STOP"", ""status"": ""READY"", ""detector"": ""yolo"", ""state"": ""IDLE"", ""owner"": ""Surnn"", ""score"": null, ""match_max"": 0.5, ""refs"": 24, ""match_mode"": ""none"", ""steer_zones"": 41, ""people"": 0, ""track_id"": null, ""target_ex"": 0.0, ""target_cx_vel_px_s"": 0.0, ""target_age_s"": null, ""lidar_min_m"": 0.27, ""target_lidar_m"": null, ""target_lidar_deg"": null, ""camera_range_m"
2026-07-16T23:25:27.371,3041.371,mission_20260716_223446_manual,MANUAL,,0,13.330309867858887,100.99790954589844,150.65488954194026,4,True,0.6775000095367432,1,0,0,1,0,0.0,0.0,0.0,0,0,nan,nan,nan,88,26.299999237060547,0.0,29.0,0,27,-,READY owner=Surnn refs=24,"{""cmd"": ""STOP"", ""status"": ""READY"", ""detector"": ""yolo"", ""state"": ""IDLE"", ""owner"": ""Surnn"", ""score"": null, ""match_max"": 0.5, ""refs"": 24, ""match_mode"": ""none"", ""steer_zones"": 41, ""people"": 0, ""track_id"": null, ""target_ex"": 0.0, ""target_cx_vel_px_s"": 0.0, ""target_age_s"": null, ""lidar_min_m"": 0.28, ""target_lidar_m"": null, ""target_lidar_deg"": null, ""camera_range_m"
2026-07-16T23:25:29.382,3043.382,mission_20260716_223446_manual,MANUAL,,0,13.330310821533203,100.99790954589844,150.6531546738911,4,True,0.6787499785423279,1,0,0,1,0,0.0,0.0,0.0,0,0,nan,nan,nan,88,26.299999237060547,0.0,29.0,0,27,-,READY owner=Surnn refs=24,"{""cmd"": ""STOP"", ""status"": ""READY"", ""detector"": ""yolo"", ""state"": ""IDLE"", ""owner"": ""Surnn"", ""score"": null, ""match_max"": 0.5, ""refs"": 24, ""match_mode"": ""none"", ""steer_zones"": 41, ""people"": 0, ""track_id"": null, ""target_ex"": 0.0, ""target_cx_vel_px_s"": 0.0, ""target_age_s"": null, ""lidar_min_m"": 0.27, ""target_lidar_m"": null, ""target_lidar_deg"": null, ""camera_range_m"
2026-07-16T23:25:31.417,3045.417,mission_20260716_223446_manual,MANUAL,,0,13.33031177520752,100.99790954589844,150.65519007026376,4,True,0.6782500147819519,1,0,0,1,0,0.0,0.0,0.0,0,0,nan,nan,nan,88,26.299999237060547,0.0,29.0,0,27,-,READY owner=Surnn refs=24,"{""cmd"": ""STOP"", ""status"": ""READY"", ""detector"": ""yolo"", ""state"": ""IDLE"", ""owner"": ""Surnn"", ""score"": null, ""match_max"": 0.5, ""refs"": 24, ""match_mode"": ""none"", ""steer_zones"": 41, ""people"": 0, ""track_id"": null, ""target_ex"": 0.0, ""target_cx_vel_px_s"": 0.0, ""target_age_s"": null, ""lidar_min_m"": 0.26, ""target_lidar_m"": null, ""target_lidar_deg"": null, ""camera_range_m"
2026-07-16T23:25:33.455,3047.456,mission_20260716_223446_manual,MANUAL,,0,13.330312728881836,100.99790954589844,150.64715776779983,4,True,0.6807500123977661,1,0,0,1,0,0.0,0.0,0.0,0,0,nan,nan,nan,88,26.299999237060547,0.0,29.0,0,27,-,READY owner=Surnn refs=24,"{""cmd"": ""STOP"", ""status"": ""READY"", ""detector"": ""yolo"", ""state"": ""IDLE"", ""owner"": ""Surnn"", ""score"": null, ""match_max"": 0.5, ""refs"": 24, ""match_mode"": ""none"", ""steer_zones"": 41, ""people"": 0, ""track_id"": null, ""target_ex"": 0.0, ""target_cx_vel_px_s"": 0.0, ""target_age_s"": null, ""lidar_min_m"": 0.27, ""target_lidar_m"": null, ""target_lidar_deg"": null, ""camera_range_m"
2026-07-16T23:25:35.472,3049.473,mission_20260716_223446_manual,MANUAL,,0,13.330314636230469,100.99790954589844,150.65277218329757,4,True,0.6784999966621399,1,0,0,1,0,0.0,0.0,0.0,0,0,nan,nan,nan,88,26.299999237060547,0.0,29.0,0,27,-,READY owner=Surnn refs=24,"{""cmd"": ""STOP"", ""status"": ""READY"", ""detector"": ""yolo"", ""state"": ""IDLE"", ""owner"": ""Surnn"", ""score"": null, ""match_max"": 0.5, ""refs"": 24, ""match_mode"": ""none"", ""steer_zones"": 41, ""people"": 0, ""track_id"": null, ""target_ex"": 0.0, ""target_cx_vel_px_s"": 0.0, ""target_age_s"": null, ""lidar_min_m"": 0.27, ""target_lidar_m"": null, ""target_lidar_deg"": null, ""camera_range_m"
2026-07-16T23:25:37.486,3051.487,mission_20260716_223446_manual,MANUAL,,0,13.330314636230469,100.99791717529297,150.65882373090218,4,True,0.6782500147819519,1,0,0,1,0,0.0,0.0,0.0,0,0,nan,nan,nan,88,26.299999237060547,0.0,29.0,0,27,-,READY owner=Surnn refs=24,"{""cmd"": ""STOP"", ""status"": ""READY"", ""detector"": ""yolo"", ""state"": ""IDLE"", ""owner"": ""Surnn"", ""score"": null, ""match_max"": 0.5, ""refs"": 24, ""match_mode"": ""none"", ""steer_zones"": 41, ""people"": 0, ""track_id"": null, ""target_ex"": 0.0, ""target_cx_vel_px_s"": 0.0, ""target_age_s"": null, ""lidar_min_m"": 0.29, ""target_lidar_m"": null, ""target_lidar_deg"": null, ""camera_range_m"
2026-07-16T23:25:39.489,3053.489,mission_20260716_223446_manual,MANUAL,,0,13.330314636230469,100.99791717529297,150.65555890047892,4,True,0.6782500147819519,1,0,0,1,0,0.0,0.0,0.0,0,0,nan,nan,nan,88,26.299999237060547,0.0,29.0,0,28,-,READY owner=Surnn refs=24,"{""cmd"": ""STOP"", ""status"": ""READY"", ""detector"": ""yolo"", ""state"": ""IDLE"", ""owner"": ""Surnn"", ""score"": null, ""match_max"": 0.5, ""refs"": 24, ""match_mode"": ""none"", ""steer_zones"": 41, ""people"": 0, ""track_id"": null, ""target_ex"": 0.0, ""target_cx_vel_px_s"": 0.0, ""target_age_s"": null, ""lidar_min_m"": 0.27, ""target_lidar_m"": null, ""target_lidar_deg"": null, ""camera_range_m"
2026-07-16T23:25:41.499,3055.5,mission_20260716_223446_manual,MANUAL,,0,13.330314636230469,100.99791717529297,150.65105097562673,4,True,0.6794999837875366,1,0,0,1,0,0.0,0.0,0.0,0,0,nan,nan,nan,88,26.299999237060547,0.0,29.0,0,27,-,READY owner=Surnn refs=24,"{""cmd"": ""STOP"", ""status"": ""READY"", ""detector"": ""yolo"", ""state"": ""IDLE"", ""owner"": ""Surnn"", ""score"": null, ""match_max"": 0.5, ""refs"": 24, ""match_mode"": ""none"", ""steer_zones"": 41, ""people"": 0, ""track_id"": null, ""target_ex"": 0.0, ""target_cx_vel_px_s"": 0.0, ""target_age_s"": null, ""lidar_min_m"": 0.28, ""target_lidar_m"": null, ""target_lidar_deg"": null, ""camera_range_m"
2026-07-16T23:25:43.504,3057.504,mission_20260716_223446_manual,MANUAL,,0,13.330313682556152,100.99791717529297,150.6411881824652,4,True,0.6784999966621399,1,0,0,1,0,0.0,0.0,0.0,0,0,nan,nan,nan,88,26.299999237060547,0.0,29.0,0,27,-,READY owner=Surnn refs=24,"{""cmd"": ""STOP"", ""status"": ""READY"", ""detector"": ""yolo"", ""state"": ""IDLE"", ""owner"": ""Surnn"", ""score"": null, ""match_max"": 0.5, ""refs"": 24, ""match_mode"": ""none"", ""steer_zones"": 41, ""people"": 0, ""track_id"": null, ""target_ex"": 0.0, ""target_cx_vel_px_s"": 0.0, ""target_age_s"": null, ""lidar_min_m"": 0.27, ""target_lidar_m"": null, ""target_lidar_deg"": null, ""camera_range_m"
2026-07-16T23:25:45.632,3059.633,mission_20260716_223446_manual,MANUAL,,0,13.330313682556152,100.99791717529297,150.64072372960166,4,True,0.6787499785423279,1,0,0,1,0,0.0,0.0,0.0,0,0,nan,nan,nan,88,26.299999237060547,0.0,29.0,0,27,-,READY owner=Surnn refs=24,"{""cmd"": ""STOP"", ""status"": ""READY"", ""detector"": ""yolo"", ""state"": ""IDLE"", ""owner"": ""Surnn"", ""score"": null, ""match_max"": 0.5, ""refs"": 24, ""match_mode"": ""none"", ""steer_zones"": 41, ""people"": 0, ""track_id"": null, ""target_ex"": 0.0, ""target_cx_vel_px_s"": 0.0, ""target_age_s"": null, ""lidar_min_m"": 0.28, ""target_lidar_m"": null, ""target_lidar_deg"": null, ""camera_range_m"
2026-07-16T23:25:47.711,3061.712,mission_20260716_223446_manual,MANUAL,,0,13.330312728881836,100.99791717529297,150.64057346543993,4,True,0.6769999861717224,1,0,0,1,0,0.0,0.0,0.0,0,0,nan,nan,nan,88,26.299999237060547,0.0,29.0,0,29,-,READY owner=Surnn refs=24,"{""cmd"": ""STOP"", ""status"": ""READY"", ""detector"": ""yolo"", ""state"": ""IDLE"", ""owner"": ""Surnn"", ""score"": null, ""match_max"": 0.5, ""refs"": 24, ""match_mode"": ""none"", ""steer_zones"": 41, ""people"": 0, ""track_id"": null, ""target_ex"": 0.0, ""target_cx_vel_px_s"": 0.0, ""target_age_s"": null, ""lidar_min_m"": 0.28, ""target_lidar_m"": null, ""target_lidar_deg"": null, ""camera_range_m"
