iso_time,elapsed_s,mission_id,run_mode,event,hw_mode,lat,lng,yaw_deg,gps_fix,gps_ready,lidar_min_front_m,lidar_obstacle,pwm_l,pwm_r,enc_l,enc_r,wheel_speed_l_kph,wheel_speed_r_kph,wheel_speed_avg_kph,wp_idx,path_len,target_lat,target_lng,dist_to_target_m,battery_soc_pct,battery_voltage_v,battery_current_a,battery_temp_c,battery_status,follow_status,follow_debug
2026-06-17T15:03:14.835,0.836,mission_20260617_150314_manual,MANUAL,MISSION_START,0,13.341734886169434,101.02133178710938,55.45313107879628,4,True,2.5785000324249268,1,0,0,0,-25,0.0,0.0,0.0,0,8,13.341764450073242,101.02137756347656,5.944423893431967,86,26.200000762939453,-1.7000000476837158,37.0,0,FOLLOW PAUSED,
2026-06-17T15:03:16.840,2.84,mission_20260617_150314_manual,MANUAL,,0,13.341734886169434,101.02133178710938,55.33300854186327,4,True,2.4885001182556152,1,0,0,37,0,0.0,0.0,0.0,0,14,13.341782569885254,101.02132415771484,5.366056649326751,86,26.200000762939453,-1.7999999523162842,37.0,0,SELECT OWNER FIRST,
2026-06-17T15:03:18.847,4.847,mission_20260617_150314_manual,MANUAL,,0,13.341734886169434,101.02133178710938,55.230063930692836,4,True,-1.0,1,0,0,0,-25,0.0,0.0,0.0,0,14,13.341782569885254,101.02132415771484,5.366056649326751,86,26.200000762939453,-1.600000023841858,37.0,0,SELECT OWNER FIRST,
2026-06-17T15:03:20.849,6.85,mission_20260617_150314_manual,MANUAL,,0,13.341733932495117,101.02133178710938,55.144287000001235,4,True,2.4765000343322754,1,0,0,0,0,0.0,0.0,0.0,0,14,13.341782569885254,101.02132415771484,5.470862531789024,86,26.200000762939453,-1.600000023841858,36.0,0,SELECT OWNER FIRST,
2026-06-17T15:03:22.850,8.851,mission_20260617_150314_manual,MANUAL,,0,13.341733932495117,101.02133178710938,55.071743560826526,4,True,2.4795000553131104,1,0,0,0,0,0.0,0.0,0.0,0,14,13.341782569885254,101.02132415771484,5.470862531789024,86,26.200000762939453,-1.7999999523162842,36.0,0,SELECT OWNER FIRST,
2026-06-17T15:03:24.213,,mission_20260617_150314_manual,MANUAL,START_REQUEST,,,,,,,,,,,,,,,,,,,,,,,,,,SELECT OWNER FIRST,
2026-06-17T15:03:24.215,,mission_20260617_150314_manual,MANUAL,START_REQUEST,,,,,,,,,,,,,,,,,,,,,,,,,,FOLLOW IDLE,
2026-06-17T15:03:24.855,10.855,mission_20260617_150314_manual,MANUAL,,0,13.341733932495117,101.02133178710938,55.01022063187764,4,True,2.5767500400543213,1,0,0,0,-25,0.0,0.0,0.0,0,14,13.341782569885254,101.02132415771484,5.470862531789024,86,26.200000762939453,-1.600000023841858,36.0,0,FOLLOW IDLE,
2026-06-17T15:03:26.860,12.86,mission_20260617_150314_manual,MANUAL,,0,13.341733932495117,101.02133178710938,34.12903801830094,4,True,2.4184999465942383,1,-255,-254,0,-2,0.0,0.0,0.0,0,14,13.341782569885254,101.02132415771484,5.470862531789024,86,26.200000762939453,-1.5,36.0,0,SELECT OWNER FIRST,
2026-06-17T15:03:28.860,14.86,mission_20260617_150314_manual,MANUAL,,0,13.341736793518066,101.0213394165039,4.766578566548098,4,True,2.1740000247955322,1,-255,-254,0,-25,0.0,0.0,0.0,0,14,13.341782569885254,101.02132415771484,5.351131823646718,86,25.5,-107.5,36.0,0,SELECT OWNER FIRST,
2026-06-17T15:03:30.866,16.866,mission_20260617_150314_manual,MANUAL,,0,13.3417387008667,101.0213394165039,-40.57246089637255,4,True,2.241499900817871,1,-255,-191,0,-25,0.0,0.0,0.0,0,14,13.341782569885254,101.02132415771484,5.149805810504455,86,25.100000381469727,-94.19999694824219,36.0,0,SELECT OWNER FIRST,
2026-06-17T15:03:32.870,18.871,mission_20260617_150314_manual,MANUAL,,0,13.341739654541016,101.0213394165039,-52.246227489881065,4,True,2.252000093460083,1,-160,161,0,1,0.0,0.0,0.0,0,14,13.341782569885254,101.02132415771484,5.0494732160705516,86,37.0,0.0,0.0,0,SELECT OWNER FIRST,
2026-06-17T15:03:34.871,20.872,mission_20260617_150314_manual,MANUAL,,0,13.341742515563965,101.02133178710938,-61.40096226088094,4,True,1.9129999876022339,1,-255,-204,0,-25,0.0,0.0,0.0,0,14,13.341782569885254,101.02132415771484,4.52968440530492,86,25.700000762939453,-64.0,37.0,0,SELECT OWNER FIRST,
2026-06-17T15:03:36.877,22.877,mission_20260617_150314_manual,MANUAL,,0,13.34174919128418,101.02132415771484,-53.861737983318335,4,True,0.9384999871253967,1,-55,247,0,-25,0.0,0.0,0.0,0,14,13.341782569885254,101.02132415771484,3.711531097945743,86,25.700000762939453,-42.29999923706055,37.0,0,SELECT OWNER FIRST,
2026-06-17T15:03:38.881,24.882,mission_20260617_150314_manual,MANUAL,,0,13.341758728027344,101.02131652832031,-42.36345260996578,4,True,-1.0,1,-40,40,0,-25,0.0,0.0,0.0,0,14,13.341782569885254,101.02132415771484,2.7766295054055723,86,26.0,-14.199999809265137,37.0,0,SELECT OWNER FIRST,
2026-06-17T15:03:40.882,26.882,mission_20260617_150314_manual,MANUAL,,0,13.341761589050293,101.02131652832031,-29.937268962394075,4,True,-1.0,0,127,255,0,-25,0.0,0.0,0.0,0,14,13.341782569885254,101.02132415771484,2.4746893718714476,86,25.299999237060547,-18.799999237060547,37.0,0,SELECT OWNER FIRST,
2026-06-17T15:03:42.885,28.885,mission_20260617_150314_manual,MANUAL,,0,13.341764450073242,101.02131652832031,-19.12874902539548,4,True,-1.0,0,83,255,0,-25,0.0,0.0,0.0,0,14,13.341782569885254,101.02132415771484,2.1773650433692158,86,25.5,-90.19999694824219,37.0,0,SELECT OWNER FIRST,
2026-06-17T15:03:44.885,30.886,mission_20260617_150314_manual,MANUAL,,0,13.341768264770508,101.02131652832031,-6.121342746438719,4,True,-1.0,0,80,255,0,-25,0.0,0.0,0.0,0,14,13.341782569885254,101.02132415771484,1.7920828625720868,86,25.5,-57.0,37.0,0,SELECT OWNER FIRST,
2026-06-17T15:03:46.885,32.886,mission_20260617_150314_manual,MANUAL,,0,13.341775894165039,101.02130889892578,12.196183003687052,4,True,3.069999933242798,0,-45,255,0,-25,0.0,0.0,0.0,0,14,13.341782569885254,101.02132415771484,1.810114358118644,86,25.399999618530273,-69.0,37.0,0,SELECT OWNER FIRST,
2026-06-17T15:03:48.890,34.89,mission_20260617_150314_manual,MANUAL,,0,13.34178352355957,101.02131652832031,21.969180521940952,4,True,2.7125000953674316,1,-45,255,0,-25,0.0,0.0,0.0,0,14,13.341782569885254,101.02132415771484,0.8322374186082179,86,26.0,-1.600000023841858,37.0,0,SELECT OWNER FIRST,
2026-06-17T15:03:50.923,36.924,mission_20260617_150314_manual,MANUAL,,0,13.341785430908203,101.02131652832031,-15.097836047084291,4,True,2.625499963760376,1,-255,-225,0,-25,0.0,0.0,0.0,0,14,13.341782569885254,101.02132415771484,0.8846362662097936,86,25.100000381469727,-96.19999694824219,37.0,0,SELECT OWNER FIRST,
2026-06-17T15:03:52.925,38.925,mission_20260617_150314_manual,MANUAL,,0,13.34178638458252,101.02131652832031,-23.969073571299027,4,True,2.2744998931884766,1,-255,255,0,-25,0.0,0.0,0.0,0,14,13.341782569885254,101.02132415771484,0.9280615565535384,86,25.299999237060547,-88.4000015258789,37.0,0,SELECT OWNER FIRST,
2026-06-17T15:03:54.930,40.93,mission_20260617_150314_manual,MANUAL,,0,13.341788291931152,101.02131652832031,-63.23739522302227,4,True,-1.0,1,-255,-254,0,-25,0.0,0.0,0.0,0,14,13.341782569885254,101.02132415771484,1.0422109993789774,86,25.600000381469727,-60.79999923706055,37.0,0,SELECT OWNER FIRST,
2026-06-17T15:03:56.935,42.935,mission_20260617_150314_manual,MANUAL,,0,13.341787338256836,101.02131652832031,-98.28708468483298,4,True,-1.0,1,-127,-127,0,-25,0.0,0.0,0.0,0,14,13.341782569885254,101.02132415771484,0.9810737658284843,86,25.299999237060547,-88.0999984741211,37.0,0,SELECT OWNER FIRST,
2026-06-17T15:03:58.937,44.937,mission_20260617_150314_manual,MANUAL,,0,13.341788291931152,101.02131652832031,-120.1486965575354,4,True,-1.0,0,-255,-232,31,31,0.0,0.0,0.0,0,14,13.341782569885254,101.02132415771484,1.0422109993789774,86,25.0,-106.4000015258789,37.0,0,SELECT OWNER FIRST,
2026-06-17T15:04:00.940,46.941,mission_20260617_150314_manual,MANUAL,,0,13.341788291931152,101.02131652832031,-118.15511460297041,4,True,-1.0,0,-58,57,0,1,0.0,-475.2,468.0,0,14,13.341782569885254,101.02132415771484,1.0422109993789774,86,37.0,0.0,0.0,0,SELECT OWNER FIRST,
2026-06-17T15:04:02.945,48.945,mission_20260617_150314_manual,MANUAL,,0,13.341787338256836,101.02131652832031,-117.85700416645604,4,True,-1.0,0,-82,81,0,-25,0.0,0.0,0.0,0,14,13.341782569885254,101.02132415771484,0.9810737658284843,86,25.600000381469727,-44.0,37.0,0,SELECT OWNER FIRST,
2026-06-17T15:04:04.950,50.95,mission_20260617_150314_manual,MANUAL,,0,13.341784477233887,101.02130889892578,-119.46100579114183,4,True,-1.0,0,-90,163,-80,192,0.0,0.0,0.0,0,14,13.341782569885254,101.02132415771484,1.6644748339845403,86,25.799999237060547,-22.700000762939453,37.0,0,SELECT OWNER FIRST,
2026-06-17T15:04:06.954,52.955,mission_20260617_150314_manual,MANUAL,,0,13.341779708862305,101.02130126953125,-114.57944910076621,4,True,2.5304999351501465,0,-110,109,-109,109,0.0,0.0,0.0,0,14,13.341782569885254,101.02132415771484,2.496712275216026,86,25.899999618530273,-20.0,37.0,0,SELECT OWNER FIRST,
2026-06-17T15:04:08.955,54.955,mission_20260617_150314_manual,MANUAL,,0,13.341773986816406,101.02129364013672,-114.3738194256138,4,True,2.2084999084472656,1,-86,86,0,-25,0.0,0.0,0.0,0,14,13.341782569885254,101.02132415771484,3.4369825872097124,86,25.899999618530273,-16.100000381469727,37.0,0,SELECT OWNER FIRST,
2026-06-17T15:04:10.960,56.96,mission_20260617_150314_manual,MANUAL,,0,13.341767311096191,101.02128601074219,-109.7462911308493,4,True,1.937999963760376,1,-77,79,0,-25,0.0,0.0,0.0,0,14,13.341782569885254,101.02132415771484,4.462413911855559,86,25.899999618530273,-15.899999618530273,37.0,0,SELECT OWNER FIRST,
2026-06-17T15:04:12.965,58.966,mission_20260617_150314_manual,MANUAL,,0,13.34176254272461,101.02127838134766,-110.58861738005196,4,True,-1.0,1,-91,91,0,-25,0.0,0.0,0.0,0,14,13.341782569885254,101.02132415771484,5.430343199174019,86,25.899999618530273,-13.899999618530273,37.0,0,SELECT OWNER FIRST,
2026-06-17T15:04:15.013,61.013,mission_20260617_150314_manual,MANUAL,,0,13.341758728027344,101.02127075195312,-111.94758596826354,4,True,2.9625000953674316,0,-89,89,0,-25,0.0,0.0,0.0,0,14,13.341782569885254,101.02132415771484,6.3573280019289555,86,25.899999618530273,-14.0,37.0,0,SELECT OWNER FIRST,
2026-06-17T15:04:17.015,63.015,mission_20260617_150314_manual,MANUAL,,0,13.341753959655762,101.0212631225586,-110.56451364247098,4,True,2.1429998874664307,1,-88,89,0,0,0.0,0.0,0.0,0,14,13.341782569885254,101.02132415771484,7.329984979920976,86,25.899999618530273,-15.600000381469727,37.0,0,SELECT OWNER FIRST,
2026-06-17T15:04:19.016,65.017,mission_20260617_150314_manual,MANUAL,,0,13.341750144958496,101.02124786376953,-107.09362324213477,4,True,1.4299999475479126,1,-92,109,0,-25,0.0,0.0,0.0,0,14,13.341782569885254,101.02132415771484,9.007604173995555,86,25.899999618530273,-14.300000190734863,37.0,0,SELECT OWNER FIRST,
2026-06-17T15:04:21.020,67.02,mission_20260617_150314_manual,MANUAL,,0,13.341747283935547,101.02124786376953,-103.33094716045561,4,True,1.7174999713897705,1,-94,98,0,1,0.0,0.0,0.0,0,14,13.341782569885254,101.02132415771484,9.139593948788448,85,25.899999618530273,-20.399999618530273,37.0,0,SELECT OWNER FIRST,
2026-06-17T15:04:23.025,69.025,mission_20260617_150314_manual,MANUAL,,0,13.341745376586914,101.021240234375,-104.88127715864344,4,True,2.9835000038146973,1,-95,96,0,0,0.0,0.0,0.0,0,14,13.341782569885254,101.02132415771484,9.977490317741452,85,25.899999618530273,-20.399999618530273,37.0,0,SELECT OWNER FIRST,
2026-06-17T15:04:25.025,71.026,mission_20260617_150314_manual,MANUAL,,0,13.341740608215332,101.02122497558594,-105.85041953016572,4,True,2.426500082015991,1,-91,90,37,0,0.0,0.0,0.0,0,14,13.341782569885254,101.02132415771484,11.701412503269712,85,26.0,-15.100000381469727,37.0,0,SELECT OWNER FIRST,
2026-06-17T15:04:27.029,73.03,mission_20260617_150314_manual,MANUAL,,0,13.34173583984375,101.0212173461914,-108.56682674421482,4,True,1.5355000495910645,1,0,0,0,-25,0.0,0.0,0.0,0,14,13.341782569885254,101.02132415771484,12.670801380556485,85,26.100000381469727,-9.5,37.0,0,SELECT OWNER FIRST,
2026-06-17T15:04:29.029,75.03,mission_20260617_150314_manual,MANUAL,,0,13.341734886169434,101.0212173461914,-139.37712707122535,4,True,1.4155000448226929,1,-202,-254,0,-25,0.0,0.0,0.0,0,14,13.341782569885254,101.02132415771484,12.714656522138814,85,25.299999237060547,-74.5999984741211,37.0,0,SELECT OWNER FIRST,
2026-06-17T15:04:31.035,77.035,mission_20260617_150314_manual,MANUAL,,0,13.341734886169434,101.0212173461914,-173.4971185039706,4,True,1.5852500200271606,1,-189,185,0,-25,0.0,0.0,0.0,0,14,13.341782569885254,101.02132415771484,12.714656522138814,85,25.200000762939453,-111.4000015258789,37.0,0,SELECT OWNER FIRST,
2026-06-17T15:04:33.035,79.035,mission_20260617_150314_manual,MANUAL,,0,13.341728210449219,101.0212173461914,149.81670238737465,4,True,-1.0,1,-206,0,0,-25,0.0,0.0,0.0,0,14,13.341782569885254,101.02132415771484,13.041671897603491,85,25.200000762939453,-75.0999984741211,37.0,0,SELECT OWNER FIRST,
2026-06-17T15:04:35.035,81.036,mission_20260617_150314_manual,MANUAL,,0,13.341721534729004,101.02122497558594,140.57831145942046,4,True,-1.0,1,-66,64,0,-25,0.0,0.0,0.0,0,14,13.341782569885254,101.02132415771484,12.69696262131293,85,25.899999618530273,-31.600000381469727,37.0,0,SELECT OWNER FIRST,
2026-06-17T15:04:37.039,83.04,mission_20260617_150314_manual,MANUAL,,0,13.341718673706055,101.02122497558594,104.51043886784677,4,True,-1.0,0,-255,-254,-255,-31,0.0,0.0,0.0,0,14,13.341782569885254,101.02132415771484,12.869819526155451,85,0.0,0.0,0.0,0,SELECT OWNER FIRST,
2026-06-17T15:04:39.040,85.04,mission_20260617_150314_manual,MANUAL,,0,13.341717720031738,101.02123260498047,70.9810129114975,4,True,-1.0,0,-255,-228,0,-25,0.0,0.0,0.0,0,14,13.341782569885254,101.02132415771484,12.252184155740293,85,25.600000381469727,-88.0999984741211,37.0,0,SELECT OWNER FIRST,
2026-06-17T15:04:41.045,87.045,mission_20260617_150314_manual,MANUAL,,0,13.341716766357422,101.02123260498047,64.86634069855694,4,True,-1.0,0,0,0,0,-25,0.0,0.0,0.0,0,14,13.341782569885254,101.02132415771484,12.314894225468818,85,26.0,-7.400000095367432,37.0,0,SELECT OWNER FIRST,
2026-06-17T15:04:43.051,89.051,mission_20260617_150314_manual,MANUAL,,0,13.341715812683105,101.02123260498047,64.20200234893565,4,True,-1.0,0,-145,157,0,-25,0.0,0.0,0.0,0,14,13.341782569885254,101.02132415771484,12.378195083887725,85,25.700000762939453,-25.5,37.0,0,SELECT OWNER FIRST,
2026-06-17T15:04:45.054,91.055,mission_20260617_150314_manual,MANUAL,,0,13.341718673706055,101.021240234375,64.38419081485658,4,True,-1.0,0,-81,80,0,-25,0.0,0.0,0.0,0,14,13.341782569885254,101.02132415771484,11.529366908011866,85,25.899999618530273,-17.0,37.0,0,SELECT OWNER FIRST,
2026-06-17T15:04:47.055,93.055,mission_20260617_150314_manual,MANUAL,,0,13.341721534729004,101.02124786376953,61.448261320883276,4,True,-1.0,0,-75,74,0,-25,0.0,0.0,0.0,0,14,13.341782569885254,101.02132415771484,10.686348882706428,85,25.899999618530273,-11.199999809265137,37.0,0,SELECT OWNER FIRST,
2026-06-17T15:04:49.060,95.06,mission_20260617_150314_manual,MANUAL,,0,13.341723442077637,101.02124786376953,63.62558902449994,4,True,-1.0,0,-107,110,-108,108,0.0,0.0,0.0,0,14,13.341782569885254,101.02132415771484,10.552925772259998,85,25.899999618530273,-23.399999618530273,37.0,0,SELECT OWNER FIRST,
2026-06-17T15:04:51.073,97.073,mission_20260617_150314_manual,MANUAL,,0,13.341727256774902,101.02125549316406,62.29976734433043,4,True,2.69350004196167,1,-97,96,0,-25,0.0,0.0,0.0,0,14,13.341782569885254,101.02132415771484,9.644708535434049,85,25.0,-20.299999237060547,37.0,0,SELECT OWNER FIRST,
2026-06-17T15:04:53.076,99.076,mission_20260617_150314_manual,MANUAL,,0,13.341731071472168,101.0212631225586,62.97605169481007,4,True,1.7899999618530273,1,-64,251,0,-25,0.0,0.0,0.0,0,14,13.341782569885254,101.02132415771484,8.740661321574228,85,25.899999618530273,-22.200000762939453,37.0,0,SELECT OWNER FIRST,
2026-06-17T15:04:55.081,101.081,mission_20260617_150314_manual,MANUAL,,0,13.3417329788208,101.02127075195312,66.86437593646077,4,True,1.1469999551773071,1,-140,139,0,-25,0.0,0.0,0.0,0,14,13.341782569885254,101.02132415771484,7.987149157949875,85,25.899999618530273,-30.5,37.0,0,SELECT OWNER FIRST,
2026-06-17T15:04:57.081,103.082,mission_20260617_150314_manual,MANUAL,,0,13.341737747192383,101.02127838134766,64.85265982964941,4,True,-1.0,1,-139,138,0,-25,0.0,0.0,0.0,0,14,13.341782569885254,101.02132415771484,7.026398631832096,85,25.899999618530273,-24.5,37.0,0,SELECT OWNER FIRST,
2026-06-17T15:04:59.085,105.086,mission_20260617_150314_manual,MANUAL,,0,13.341742515563965,101.02129364013672,66.10081542876671,4,True,-1.0,1,-82,184,-114,158,0.0,0.0,0.0,0,14,13.341782569885254,101.02132415771484,5.544244783611679,85,0.0,0.0,0.0,0,SELECT OWNER FIRST,
2026-06-17T15:05:01.086,107.086,mission_20260617_150314_manual,MANUAL,,0,13.341745376586914,101.02130126953125,65.91199484916172,4,True,-1.0,0,-104,102,37,0,0.0,0.0,0.0,0,14,13.341782569885254,101.02132415771484,4.8204180687562594,85,25.899999618530273,-21.799999237060547,37.0,0,SELECT OWNER FIRST,
2026-06-17T15:05:03.090,109.091,mission_20260617_150314_manual,MANUAL,,0,13.34174919128418,101.02130889892578,65.78432495319583,4,True,1.2955000400543213,1,-102,100,0,-25,0.0,0.0,0.0,0,14,13.341782569885254,101.02132415771484,4.062137227875428,85,26.0,-13.800000190734863,37.0,0,SELECT OWNER FIRST,
2026-06-17T15:05:05.095,111.095,mission_20260617_150314_manual,MANUAL,,0,13.341753959655762,101.02132415771484,62.680236201856815,4,True,-1.0,1,-111,112,-116,116,0.0,0.0,0.0,0,14,13.341782569885254,101.02132415771484,3.1813123696677796,85,25.899999618530273,-19.799999237060547,37.0,0,SELECT OWNER FIRST,
2026-06-17T15:05:07.102,113.102,mission_20260617_150314_manual,MANUAL,,0,13.341757774353027,101.02133178710938,64.7496195958306,4,True,2.7174999713897705,1,-147,152,0,-25,0.0,0.0,0.0,0,14,13.341782569885254,101.02132415771484,2.8780515090256062,85,25.899999618530273,-29.399999618530273,37.0,0,SELECT OWNER FIRST,
2026-06-17T15:05:09.160,115.16,mission_20260617_150314_manual,MANUAL,,0,13.34175968170166,101.0213394165039,81.34576350528933,4,True,1.9665000438690186,1,0,167,0,-25,0.0,0.0,0.0,0,14,13.341782569885254,101.02132415771484,3.0336075257856105,85,25.899999618530273,-21.399999618530273,37.0,0,SELECT OWNER FIRST,
2026-06-17T15:05:11.192,117.193,mission_20260617_150314_manual,MANUAL,,0,13.341760635375977,101.02134704589844,69.02222394056456,4,True,1.7719999551773071,1,-138,21,0,-25,0.0,0.0,0.0,0,14,13.341782569885254,101.02132415771484,3.475790008839467,85,25.899999618530273,-23.700000762939453,37.0,0,SELECT OWNER FIRST,
2026-06-17T15:05:13.195,119.195,mission_20260617_150314_manual,MANUAL,,0,13.341761589050293,101.02135467529297,63.64713144114216,4,True,2.438499927520752,1,-119,118,0,-25,0.0,0.0,0.0,0,14,13.341782569885254,101.02132415771484,4.042857416393273,85,25.899999618530273,-26.399999618530273,37.0,0,SELECT OWNER FIRST,
2026-06-17T15:05:15.200,121.2,mission_20260617_150314_manual,MANUAL,,0,13.341763496398926,101.0213623046875,55.742174439187465,4,True,2.749500036239624,1,-155,34,0,0,0.0,-489.6,385.2,0,14,13.341782569885254,101.02132415771484,4.640307956659389,85,0.0,0.0,-135.0,0,SELECT OWNER FIRST,
2026-06-17T15:05:17.205,123.205,mission_20260617_150314_manual,MANUAL,,0,13.341765403747559,101.02136993408203,54.221463556335394,4,True,2.3984999656677246,1,-130,91,37,0,0.0,-489.6,453.6,0,14,13.341782569885254,101.02132415771484,5.307817788807897,85,25.899999618530273,0.0,0.0,0,SELECT OWNER FIRST,
2026-06-17T15:05:19.205,125.205,mission_20260617_150314_manual,MANUAL,,0,13.341768264770508,101.02137756347656,51.967320130218184,4,True,2.9644999504089355,1,-130,91,-91,89,0.0,0.0,0.0,0,14,13.341782569885254,101.02132415771484,5.993121691496751,85,25.899999618530273,-30.700000762939453,37.0,0,SELECT OWNER FIRST,
2026-06-17T15:05:21.211,127.212,mission_20260617_150314_manual,MANUAL,,0,13.341768264770508,101.02137756347656,53.16890066938517,4,True,3.0425000190734863,1,0,0,0,-25,0.0,0.0,0.0,0,14,13.341782569885254,101.02132415771484,5.993121691496751,85,26.100000381469727,-1.600000023841858,37.0,0,SELECT OWNER FIRST,
2026-06-17T15:05:23.246,129.247,mission_20260617_150314_manual,MANUAL,,0,13.341768264770508,101.02137756347656,52.903721989954,4,True,2.900749921798706,1,0,0,0,-25,0.0,0.0,0.0,0,14,13.341782569885254,101.02132415771484,5.993121691496751,85,26.100000381469727,-1.600000023841858,37.0,0,SELECT OWNER FIRST,
2026-06-17T15:05:25.247,131.247,mission_20260617_150314_manual,MANUAL,,0,13.341767311096191,101.02137756347656,52.60096019461485,4,True,2.891249895095825,1,0,0,0,0,0.0,0.0,0.0,0,14,13.341782569885254,101.02132415771484,6.022135111126036,85,26.100000381469727,-1.7000000476837158,37.0,0,SELECT OWNER FIRST,
2026-06-17T15:05:27.249,133.249,mission_20260617_150314_manual,MANUAL,,0,13.341767311096191,101.02137756347656,52.333670986730155,4,True,2.905750036239624,1,0,0,0,0,0.0,0.0,0.0,0,14,13.341782569885254,101.02132415771484,6.022135111126036,85,26.100000381469727,-1.600000023841858,37.0,0,SELECT OWNER FIRST,
2026-06-17T15:05:29.251,135.252,mission_20260617_150314_manual,MANUAL,,0,13.341767311096191,101.02137756347656,52.08511698773881,4,True,2.703249931335449,1,0,0,0,-25,0.0,0.0,0.0,0,14,13.341782569885254,101.02132415771484,6.022135111126036,85,26.100000381469727,-1.5,37.0,0,SELECT OWNER FIRST,
2026-06-17T15:05:31.254,137.255,mission_20260617_150314_manual,MANUAL,,0,13.341767311096191,101.02137756347656,51.8591709149002,4,True,2.893749952316284,1,0,0,0,0,0.0,0.0,0.0,0,14,13.341782569885254,101.02132415771484,6.022135111126036,85,0.0,0.0,0.0,0,SELECT OWNER FIRST,
2026-06-17T15:05:33.254,139.255,mission_20260617_150314_manual,MANUAL,,0,13.341767311096191,101.02137756347656,51.651010654660304,4,True,2.9005000591278076,1,0,0,0,0,0.0,0.0,0.0,0,14,13.341782569885254,101.02132415771484,6.022135111126036,85,26.100000381469727,-1.600000023841858,37.0,0,SELECT OWNER FIRST,
2026-06-17T15:05:35.255,141.255,mission_20260617_150314_manual,MANUAL,,0,13.341767311096191,101.02137756347656,51.45393579144334,4,True,2.7009999752044678,1,0,0,0,-25,0.0,0.0,0.0,0,14,13.341782569885254,101.02132415771484,6.022135111126036,85,26.100000381469727,-1.5,37.0,0,SELECT OWNER FIRST,
2026-06-17T15:05:37.256,143.256,mission_20260617_150314_manual,MANUAL,,0,13.341767311096191,101.02137756347656,51.29013419476809,4,True,2.702500104904175,1,0,0,0,-25,0.0,0.0,0.0,0,14,13.341782569885254,101.02132415771484,6.022135111126036,85,26.100000381469727,-1.600000023841858,37.0,0,SELECT OWNER FIRST,
2026-06-17T15:05:39.259,145.26,mission_20260617_150314_manual,MANUAL,,0,13.341767311096191,101.02137756347656,51.13969586320398,4,True,2.710750102996826,1,0,0,0,-25,0.0,0.0,0.0,0,14,13.341782569885254,101.02132415771484,6.022135111126036,85,26.100000381469727,-1.600000023841858,37.0,0,SELECT OWNER FIRST,
2026-06-17T15:05:41.260,147.26,mission_20260617_150314_manual,MANUAL,,0,13.341768264770508,101.02137756347656,51.00417124969259,4,True,2.6989998817443848,1,0,0,0,-25,0.0,0.0,0.0,0,14,13.341782569885254,101.02132415771484,5.993121691496751,85,26.100000381469727,-1.600000023841858,37.0,0,SELECT OWNER FIRST,
2026-06-17T15:05:43.265,149.265,mission_20260617_150314_manual,MANUAL,,0,13.34177017211914,101.0213851928711,50.31192816221721,4,True,1.7660000324249268,1,0,0,-90,92,0.0,0.0,0.0,0,14,13.341782569885254,101.02132415771484,6.745989929493768,85,26.200000762939453,-1.600000023841858,37.0,0,SELECT OWNER FIRST,
2026-06-17T15:05:45.265,151.266,mission_20260617_150314_manual,MANUAL,,0,13.341775894165039,101.02139282226562,50.8812175993486,4,True,2.0450000762939453,1,-134,135,0,-25,0.0,0.0,0.0,0,14,13.341782569885254,101.02132415771484,7.466076727882442,85,26.0,-25.200000762939453,37.0,0,SELECT OWNER FIRST,
2026-06-17T15:05:47.267,153.267,mission_20260617_150314_manual,MANUAL,,0,13.341781616210938,101.02140808105469,55.07991588216844,4,True,-1.0,1,-133,135,1,1,0.0,0.0,0.0,0,14,13.341782569885254,101.02132415771484,9.080610175782223,85,0.0,0.0,0.0,0,SELECT OWNER FIRST,
2026-06-17T15:05:49.270,155.271,mission_20260617_150314_manual,MANUAL,,0,13.341788291931152,101.02142333984375,55.091988241526444,4,True,1.3825000524520874,1,-189,0,0,-25,0.0,0.0,0.0,0,14,13.341782569885254,101.02132415771484,10.749744529877225,85,26.0,-17.399999618530273,37.0,0,SELECT OWNER FIRST,
2026-06-17T15:05:51.270,157.271,mission_20260617_150314_manual,MANUAL,,0,13.341791152954102,101.02142333984375,39.426587380076185,4,True,1.0240000486373901,1,-255,136,0,-25,0.0,0.0,0.0,0,14,13.341782569885254,101.02132415771484,10.77325593836955,85,25.600000381469727,-28.799999237060547,37.0,0,SELECT OWNER FIRST,
2026-06-17T15:05:53.271,159.272,mission_20260617_150314_manual,MANUAL,,0,13.341791152954102,101.02142333984375,40.695472603324475,4,True,1.3424999713897705,1,-203,204,0,-25,0.0,0.0,0.0,0,14,13.341782569885254,101.02132415771484,10.77325593836955,85,26.100000381469727,-20.899999618530273,37.0,0,SELECT OWNER FIRST,
2026-06-17T15:05:55.275,161.275,mission_20260617_150314_manual,MANUAL,,0,13.34179973602295,101.02143096923828,44.064248260474415,4,True,-1.0,1,-160,154,0,-25,0.0,0.0,0.0,0,14,13.341782569885254,101.02132415771484,11.71293020843067,85,25.899999618530273,-53.70000076293945,37.0,0,SELECT OWNER FIRST,
2026-06-17T15:05:57.275,163.276,mission_20260617_150314_manual,MANUAL,,0,13.341811180114746,101.02145385742188,43.50302186165822,4,True,-1.0,1,-184,164,0,-25,0.0,-680.4,622.8000000000001,0,14,13.341782569885254,101.02132415771484,14.38880700538927,85,25.799999237060547,0.0,0.0,0,SELECT OWNER FIRST,
2026-06-17T15:05:59.284,165.284,mission_20260617_150314_manual,MANUAL,,0,13.341822624206543,101.0214614868164,40.995065190888745,4,True,-1.0,0,-191,174,0,1,0.0,-662.4,637.2,0,14,13.341782569885254,101.02132415771484,15.51134284584117,85,37.0,0.0,0.0,0,SELECT OWNER FIRST,
2026-06-17T15:06:01.328,167.328,mission_20260617_150314_manual,MANUAL,,0,13.341833114624023,101.02146911621094,42.520116658958365,4,True,2.882499933242798,1,-186,185,0,-25,0.0,0.0,0.0,0,14,13.341782569885254,101.02132415771484,16.660248731492043,85,25.899999618530273,-27.5,37.0,0,SELECT OWNER FIRST,
2026-06-17T15:06:03.345,169.346,mission_20260617_150314_manual,MANUAL,,0,13.341843605041504,101.021484375,43.96717078180102,4,True,1.2335000038146973,1,-175,164,0,-25,0.0,0.0,0.0,0,14,13.341782569885254,101.02132415771484,18.615757877558636,85,25.899999618530273,-27.399999618530273,37.0,0,SELECT OWNER FIRST,
2026-06-17T15:06:05.347,171.348,mission_20260617_150314_manual,MANUAL,,0,13.34184455871582,101.021484375,43.96717078180102,4,True,1.0440000295639038,1,-173,169,0,-25,0.0,0.0,0.0,0,14,13.341782569885254,101.02132415771484,18.654679862511102,85,25.899999618530273,-27.399999618530273,37.0,0,SELECT OWNER FIRST,
2026-06-17T15:06:07.349,173.35,mission_20260617_150314_manual,MANUAL,,0,13.341866493225098,101.02151489257812,44.26384346349511,4,True,-1.0,1,-121,102,0,-25,0.0,0.0,0.0,0,14,13.341782569885254,101.02132415771484,22.648221213179067,85,25.899999618530273,-22.399999618530273,37.0,0,SELECT OWNER FIRST,
2026-06-17T15:06:09.349,175.35,mission_20260617_150314_manual,MANUAL,,0,13.34186840057373,101.02151489257812,7.608664249533185,4,True,1.9255000352859497,1,-255,-254,0,-25,0.0,0.0,0.0,0,14,13.341782569885254,101.02132415771484,22.736429777173452,85,25.299999237060547,-47.70000076293945,37.0,0,SELECT OWNER FIRST,
2026-06-17T15:06:11.350,177.35,mission_20260617_150314_manual,MANUAL,,0,13.34187126159668,101.02151489257812,3.2494370978675904,4,True,1.6959999799728394,1,-255,-44,0,-25,0.0,0.0,0.0,0,14,13.341782569885254,101.02132415771484,22.871792463405594,85,25.799999237060547,-44.20000076293945,37.0,0,SELECT OWNER FIRST,
2026-06-17T15:06:13.352,179.352,mission_20260617_150314_manual,MANUAL,,0,13.341876983642578,101.02151489257812,-21.154183567154814,4,True,1.6690000295639038,1,-255,87,0,-25,0.0,0.0,0.0,0,14,13.341782569885254,101.02132415771484,23.153259777971083,85,25.299999237060547,-62.900001525878906,37.0,0,SELECT OWNER FIRST,
2026-06-17T15:06:15.352,181.352,mission_20260617_150314_manual,MANUAL,,0,13.34188461303711,101.02151489257812,-29.167916454283837,4,True,1.8949999809265137,1,-255,247,0,1,0.0,0.0,0.0,0,14,13.341782569885254,101.02132415771484,23.55006666091507,85,25.399999618530273,-75.0,37.0,0,SELECT OWNER FIRST,
2026-06-17T15:06:17.397,183.397,mission_20260617_150314_manual,MANUAL,,0,13.341902732849121,101.0215072631836,-34.16694556819451,4,True,1.8765000104904175,1,-207,201,0,-25,0.0,0.0,0.0,0,14,13.341782569885254,101.02132415771484,23.895630200627714,85,25.700000762939453,-37.400001525878906,37.0,0,SELECT OWNER FIRST,
2026-06-17T15:06:19.400,185.4,mission_20260617_150314_manual,MANUAL,,0,13.3419189453125,101.02149200439453,-33.699337157237096,4,True,3.0315001010894775,1,-191,187,0,-25,0.0,0.0,0.0,0,14,13.341782569885254,101.02132415771484,23.658812414529706,85,25.799999237060547,-29.700000762939453,37.0,0,SELECT OWNER FIRST,
2026-06-17T15:06:21.405,187.405,mission_20260617_150314_manual,MANUAL,,0,13.341935157775879,101.021484375,-32.618695362608946,4,True,-1.0,1,0,0,0,-25,0.0,0.0,0.0,0,14,13.341782569885254,101.02132415771484,24.25623100216306,85,26.0,-15.0,37.0,0,SELECT OWNER FIRST,
2026-06-17T15:06:23.405,189.406,mission_20260617_150314_manual,MANUAL,,0,13.341937065124512,101.021484375,-30.831969102152385,4,True,-1.0,1,0,0,0,-25,0.0,0.0,0.0,0,14,13.341782569885254,101.02132415771484,24.40505475915261,85,26.100000381469727,-1.7000000476837158,37.0,0,SELECT OWNER FIRST,
2026-06-17T15:06:25.405,191.406,mission_20260617_150314_manual,MANUAL,,0,13.341941833496094,101.021484375,-30.743005888212966,4,True,2.492500066757202,1,-29,26,0,-25,0.0,0.0,0.0,0,14,13.341782569885254,101.02132415771484,24.78114547139281,85,26.0,-18.600000381469727,37.0,0,SELECT OWNER FIRST,
2026-06-17T15:06:27.409,193.41,mission_20260617_150314_manual,MANUAL,,0,13.341947555541992,101.02147674560547,-12.951724869295523,4,True,1.9175000190734863,1,183,209,0,-25,0.0,0.0,0.0,0,14,13.341782569885254,101.02132415771484,24.68013812983502,85,25.899999618530273,-19.899999618530273,37.0,0,SELECT OWNER FIRST,
2026-06-17T15:06:29.410,195.411,mission_20260617_150314_manual,MANUAL,,0,13.341949462890625,101.02147674560547,52.31853528752941,4,True,1.902500033378601,1,181,179,0,-25,0.0,0.0,0.0,0,14,13.341782569885254,101.02132415771484,24.83819494341028,85,25.899999618530273,-51.400001525878906,37.0,0,SELECT OWNER FIRST,
2026-06-17T15:06:31.413,197.413,mission_20260617_150314_manual,MANUAL,,0,13.341949462890625,101.02147674560547,57.67679478574232,4,True,1.9134999513626099,1,0,0,0,-25,0.0,0.0,0.0,0,14,13.341782569885254,101.02132415771484,24.83819494341028,85,26.0,-5.0,37.0,0,SELECT OWNER FIRST,
2026-06-17T15:06:33.417,199.418,mission_20260617_150314_manual,MANUAL,,0,13.341949462890625,101.02147674560547,60.262724896076655,4,True,1.9320000410079956,1,51,52,0,-25,0.0,0.0,0.0,0,14,13.341782569885254,101.02132415771484,24.83819494341028,85,25.799999237060547,-11.600000381469727,37.0,0,SELECT OWNER FIRST,
2026-06-17T15:06:35.423,201.424,mission_20260617_150314_manual,MANUAL,,0,13.341949462890625,101.021484375,62.610431668539285,4,True,1.9512499570846558,1,0,0,0,-25,0.0,0.0,0.0,0,14,13.341782569885254,101.02132415771484,25.39433473239492,85,26.0,-12.0,37.0,0,SELECT OWNER FIRST,
2026-06-17T15:06:37.424,203.425,mission_20260617_150314_manual,MANUAL,,0,13.341950416564941,101.021484375,61.95919362174608,4,True,1.9500000476837158,1,0,0,0,-25,0.0,0.0,0.0,0,14,13.341782569885254,101.02132415771484,25.471932144778027,85,26.100000381469727,-1.600000023841858,37.0,0,SELECT OWNER FIRST,
2026-06-17T15:06:39.425,205.426,mission_20260617_150314_manual,MANUAL,,0,13.341950416564941,101.021484375,61.45735230266856,4,True,1.9509999752044678,1,0,0,0,-25,0.0,0.0,0.0,0,14,13.341782569885254,101.02132415771484,25.471932144778027,85,26.100000381469727,-1.600000023841858,37.0,0,SELECT OWNER FIRST,
2026-06-17T15:06:41.426,207.426,mission_20260617_150314_manual,MANUAL,,0,13.341950416564941,101.021484375,60.96764139955699,4,True,1.9487500190734863,1,0,0,0,-25,0.0,0.0,0.0,0,14,13.341782569885254,101.02132415771484,25.471932144778027,85,26.100000381469727,-1.600000023841858,37.0,0,SELECT OWNER FIRST,
2026-06-17T15:06:43.428,209.428,mission_20260617_150314_manual,MANUAL,,0,13.341950416564941,101.021484375,60.49812053563197,4,True,1.9535000324249268,1,0,0,0,-25,0.0,0.0,0.0,0,14,13.341782569885254,101.02132415771484,25.471932144778027,85,26.100000381469727,-1.7999999523162842,37.0,0,SELECT OWNER FIRST,
2026-06-17T15:06:45.431,211.432,mission_20260617_150314_manual,MANUAL,,0,13.341950416564941,101.021484375,60.02543046393207,4,True,1.9477499723434448,1,0,0,0,-25,0.0,0.0,0.0,0,14,13.341782569885254,101.02132415771484,25.471932144778027,85,26.100000381469727,-1.5,37.0,0,SELECT OWNER FIRST,
2026-06-17T15:06:47.435,213.435,mission_20260617_150314_manual,MANUAL,,0,13.341951370239258,101.021484375,59.559352015348736,4,True,1.9567500352859497,1,0,0,0,-25,0.0,0.0,0.0,0,14,13.341782569885254,101.02132415771484,25.549734018721576,85,26.100000381469727,-1.5,37.0,0,SELECT OWNER FIRST,
2026-06-17T15:06:49.443,215.444,mission_20260617_150314_manual,MANUAL,,0,13.341951370239258,101.021484375,59.10185228436294,4,True,1.9509999752044678,1,0,0,0,-25,0.0,0.0,0.0,0,14,13.341782569885254,101.02132415771484,25.549734018721576,85,26.100000381469727,-1.7000000476837158,37.0,0,SELECT OWNER FIRST,
2026-06-17T15:06:51.492,217.492,mission_20260617_150314_manual,MANUAL,,0,13.341951370239258,101.021484375,58.647583232854565,4,True,1.9567500352859497,1,0,0,0,-25,0.0,0.0,0.0,0,14,13.341782569885254,101.02132415771484,25.549734018721576,85,26.100000381469727,-1.7999999523162842,37.0,0,SELECT OWNER FIRST,
2026-06-17T15:06:53.496,219.496,mission_20260617_150314_manual,MANUAL,,0,13.341952323913574,101.021484375,58.206571578525185,4,True,1.9577499628067017,1,0,0,0,-25,0.0,0.0,0.0,0,14,13.341782569885254,101.02132415771484,25.62773849208404,85,26.100000381469727,-1.0,37.0,0,SELECT OWNER FIRST,
2026-06-17T15:06:55.496,221.497,mission_20260617_150314_manual,MANUAL,,0,13.34195327758789,101.021484375,57.79338611487443,4,True,1.9577499628067017,1,0,0,0,-25,0.0,0.0,0.0,0,14,13.341782569885254,101.02132415771484,25.70594372050672,85,26.200000762939453,-1.5,37.0,0,SELECT OWNER FIRST,
2026-06-17T15:06:57.498,223.499,mission_20260617_150314_manual,MANUAL,,0,13.34195327758789,101.021484375,56.90442674911352,4,True,2.942500114440918,1,0,0,0,-25,0.0,0.0,0.0,0,14,13.341782569885254,101.02132415771484,25.70594372050672,85,26.200000762939453,-1.5,37.0,0,SELECT OWNER FIRST,
2026-06-17T15:06:59.499,225.499,mission_20260617_150314_manual,MANUAL,,0,13.341955184936523,101.02149200439453,56.947071035196494,4,True,1.930999994277954,1,0,0,0,-25,0.0,0.0,0.0,0,14,13.341782569885254,101.02132415771484,26.42330776829833,85,26.200000762939453,-1.7999999523162842,37.0,0,SELECT OWNER FIRST,
2026-06-17T15:07:01.518,227.519,mission_20260617_150314_manual,MANUAL,,0,13.34195613861084,101.02149200439453,56.58957551894344,4,True,2.9372498989105225,1,0,0,0,-25,0.0,0.0,0.0,0,14,13.341782569885254,101.02132415771484,26.500438247352157,85,26.200000762939453,-1.7000000476837158,37.0,0,SELECT OWNER FIRST,
2026-06-17T15:07:03.523,229.524,mission_20260617_150314_manual,MANUAL,,0,13.341957092285156,101.02149200439453,56.23987324853337,4,True,1.93149995803833,1,0,0,0,-25,0.0,0.0,0.0,0,14,13.341782569885254,101.02132415771484,26.577767997655876,85,26.200000762939453,-1.7000000476837158,37.0,0,SELECT OWNER FIRST,
2026-06-17T15:07:05.557,231.557,mission_20260617_150314_manual,MANUAL,,0,13.341958045959473,101.02149200439453,55.891659959362364,4,True,1.9287500381469727,1,0,0,0,-25,0.0,0.0,0.0,0,14,13.341782569885254,101.02132415771484,26.655295284890435,85,26.200000762939453,-1.5,37.0,0,SELECT OWNER FIRST,
2026-06-17T15:07:07.561,233.561,mission_20260617_150314_manual,MANUAL,,0,13.341959953308105,101.02149200439453,55.55973667136184,4,True,1.9294999837875366,1,0,0,0,-25,0.0,0.0,0.0,0,14,13.341782569885254,101.02132415771484,26.81093561134374,85,26.200000762939453,-1.600000023841858,37.0,0,SELECT OWNER FIRST,
2026-06-17T15:07:09.568,235.569,mission_20260617_150314_manual,MANUAL,,0,13.341960906982422,101.02149200439453,55.2551034041901,4,True,2.9357500076293945,1,0,0,0,-25,0.0,0.0,0.0,0,14,13.341782569885254,101.02132415771484,26.889045260087922,85,26.200000762939453,-1.600000023841858,37.0,0,SELECT OWNER FIRST,
2026-06-17T15:07:11.573,237.574,mission_20260617_150314_manual,MANUAL,,0,13.341961860656738,101.02149200439453,54.95724226958043,4,True,2.931999921798706,1,0,0,0,-26,0.0,0.0,0.0,0,14,13.341782569885254,101.02132415771484,26.967345664608505,85,26.200000762939453,-1.7000000476837158,37.0,0,SELECT OWNER FIRST,
2026-06-17T15:07:13.574,239.574,mission_20260617_150314_manual,MANUAL,,0,13.341961860656738,101.02149200439453,54.66487943725262,4,True,1.9305000305175781,1,0,0,0,-26,0.0,0.0,0.0,0,14,13.341782569885254,101.02132415771484,26.967345664608505,85,26.200000762939453,-1.7000000476837158,37.0,0,SELECT OWNER FIRST,
2026-06-17T15:07:15.577,241.577,mission_20260617_150314_manual,MANUAL,,0,13.341961860656738,101.02149200439453,54.39513819145589,4,True,1.9297499656677246,1,0,0,0,-26,0.0,0.0,0.0,0,14,13.341782569885254,101.02132415771484,26.967345664608505,85,26.200000762939453,-1.600000023841858,37.0,0,SELECT OWNER FIRST,
2026-06-17T15:07:17.582,243.582,mission_20260617_150314_manual,MANUAL,,0,13.341962814331055,101.02149200439453,54.11044224647142,4,True,2.9342501163482666,1,0,0,0,1,0.0,0.0,0.0,0,14,13.341782569885254,101.02132415771484,27.045835168134232,85,37.0,0.0,0.0,0,SELECT OWNER FIRST,
2026-06-17T15:07:19.583,245.583,mission_20260617_150314_manual,MANUAL,,0,13.341962814331055,101.02149200439453,53.865791700590734,4,True,1.930999994277954,1,0,0,0,0,0.0,0.0,0.0,0,14,13.341782569885254,101.02132415771484,27.045835168134232,85,0.0,0.0,0.0,0,SELECT OWNER FIRST,
2026-06-17T15:07:21.589,247.59,mission_20260617_150314_manual,MANUAL,,0,13.341962814331055,101.02149200439453,53.62919394774149,4,True,2.9352500438690186,1,0,0,0,-26,0.0,0.0,0.0,0,14,13.341782569885254,101.02132415771484,27.045835168134232,85,26.200000762939453,-1.600000023841858,37.0,0,SELECT OWNER FIRST,
2026-06-17T15:07:23.591,249.592,mission_20260617_150314_manual,MANUAL,,0,13.341962814331055,101.02149200439453,53.409111592305344,4,True,1.9299999475479126,1,0,0,0,0,0.0,0.0,0.0,0,14,13.341782569885254,101.02132415771484,27.045835168134232,85,26.200000762939453,-1.7999999523162842,37.0,0,SELECT OWNER FIRST,
2026-06-17T15:07:25.592,251.592,mission_20260617_150314_manual,MANUAL,,0,13.341962814331055,101.02149200439453,53.19125587853861,4,True,2.9347500801086426,1,0,0,0,-26,0.0,0.0,0.0,0,14,13.341782569885254,101.02132415771484,27.045835168134232,85,26.200000762939453,-1.600000023841858,37.0,0,SELECT OWNER FIRST,
2026-06-17T15:07:27.597,253.597,mission_20260617_150314_manual,MANUAL,,0,13.341963768005371,101.02149200439453,52.99214220385441,4,True,2.932499885559082,1,0,0,0,-26,0.0,0.0,0.0,0,14,13.341782569885254,101.02132415771484,27.124512129092373,85,26.200000762939453,-1.7999999523162842,37.0,0,SELECT OWNER FIRST,
2026-06-17T15:07:29.599,255.599,mission_20260617_150314_manual,MANUAL,,0,13.341963768005371,101.02149200439453,52.80541166213543,4,True,2.9337499141693115,1,0,0,0,-26,0.0,0.0,0.0,0,14,13.341782569885254,101.02132415771484,27.124512129092373,85,26.200000762939453,-1.7000000476837158,37.0,0,SELECT OWNER FIRST,
2026-06-17T15:07:31.603,257.603,mission_20260617_150314_manual,MANUAL,,0,13.341964721679688,101.02149200439453,52.631036932625,4,True,1.9307500123977661,1,0,0,0,-26,0.0,0.0,0.0,0,14,13.341782569885254,101.02132415771484,27.20337492100304,85,26.0,-1.600000023841858,36.0,0,SELECT OWNER FIRST,
2026-06-17T15:07:33.650,259.65,mission_20260617_150314_manual,MANUAL,,0,13.341964721679688,101.021484375,52.477248393272994,4,True,1.930999994277954,1,0,0,0,-26,0.0,0.0,0.0,0,14,13.341782569885254,101.02132415771484,26.65941773061194,85,26.200000762939453,-1.600000023841858,36.0,0,SELECT OWNER FIRST,
2026-06-17T15:07:35.652,261.653,mission_20260617_150314_manual,MANUAL,,0,13.341965675354004,101.021484375,52.32831953351545,4,True,2.9317500591278076,1,0,0,36,0,0.0,0.0,0.0,0,14,13.341782569885254,101.02132415771484,26.74007279822341,85,26.200000762939453,-1.7999999523162842,36.0,0,SELECT OWNER FIRST,
2026-06-17T15:07:37.656,263.657,mission_20260617_150314_manual,MANUAL,,0,13.34196662902832,101.021484375,52.189936485836405,4,True,2.931999921798706,1,0,0,0,-26,0.0,0.0,0.0,0,14,13.341782569885254,101.02132415771484,26.820904595581677,85,26.200000762939453,-1.7000000476837158,36.0,0,SELECT OWNER FIRST,
2026-06-17T15:07:39.661,265.661,mission_20260617_150314_manual,MANUAL,,0,13.34196662902832,101.021484375,52.06762828836899,4,True,2.932499885559082,1,0,0,0,-26,0.0,0.0,0.0,0,14,13.341782569885254,101.02132415771484,26.820904595581677,85,26.200000762939453,-1.7999999523162842,36.0,0,SELECT OWNER FIRST,
2026-06-17T15:07:41.663,267.664,mission_20260617_150314_manual,MANUAL,,0,13.34196662902832,101.021484375,51.95711582759818,4,True,1.9299999475479126,1,0,0,0,-26,0.0,0.0,0.0,0,14,13.341782569885254,101.02132415771484,26.820904595581677,85,26.200000762939453,-1.7000000476837158,36.0,0,SELECT OWNER FIRST,
2026-06-17T15:07:43.667,269.668,mission_20260617_150314_manual,MANUAL,,0,13.341967582702637,101.02149200439453,51.84890172548308,4,True,1.9305000305175781,1,0,0,0,-26,0.0,0.0,0.0,0,14,13.341782569885254,101.02132415771484,27.44106224180658,85,26.200000762939453,-1.600000023841858,36.0,0,SELECT OWNER FIRST,
2026-06-17T15:07:45.677,271.678,mission_20260617_150314_manual,MANUAL,,0,13.341968536376953,101.02149200439453,51.74727534082246,4,True,1.9305000305175781,1,0,0,0,-26,0.0,0.0,0.0,0,14,13.341782569885254,101.02132415771484,27.520652390850433,85,26.200000762939453,-1.7999999523162842,36.0,0,SELECT OWNER FIRST,
2026-06-17T15:07:47.682,273.682,mission_20260617_150314_manual,MANUAL,,0,13.341968536376953,101.02149200439453,51.66755678792466,4,True,1.9302500486373901,1,0,0,36,0,0.0,0.0,0.0,0,14,13.341782569885254,101.02132415771484,27.520652390850433,85,26.200000762939453,-1.7000000476837158,36.0,0,SELECT OWNER FIRST,
2026-06-17T15:07:49.688,275.689,mission_20260617_150314_manual,MANUAL,,0,13.34196949005127,101.02149200439453,51.59528655631676,4,True,2.934999942779541,1,0,0,0,-26,0.0,0.0,0.0,0,14,13.341782569885254,101.02132415771484,27.600420461096718,85,26.200000762939453,-1.0,36.0,0,SELECT OWNER FIRST,
2026-06-17T15:07:51.713,277.713,mission_20260617_150314_manual,MANUAL,,0,13.34196949005127,101.02149200439453,51.52979528746009,4,True,2.933000087738037,1,0,0,0,0,0.0,0.0,0.0,0,14,13.341782569885254,101.02132415771484,27.600420461096718,85,26.200000762939453,-1.7999999523162842,36.0,0,SELECT OWNER FIRST,
2026-06-17T15:07:53.735,279.736,mission_20260617_150314_manual,MANUAL,,0,13.341970443725586,101.02149200439453,51.46302677322863,4,True,2.932499885559082,1,0,0,0,-26,0.0,0.0,0.0,0,14,13.341782569885254,101.02132415771484,27.68036491436874,85,26.200000762939453,-1.600000023841858,36.0,0,SELECT OWNER FIRST,
2026-06-17T15:07:55.736,281.737,mission_20260617_150314_manual,MANUAL,,0,13.341971397399902,101.02149200439453,51.40443741052826,4,True,1.9302500486373901,1,0,0,0,-26,0.0,0.0,0.0,0,14,13.341782569885254,101.02132415771484,27.760484226826645,85,26.200000762939453,-1.7999999523162842,36.0,0,SELECT OWNER FIRST,
2026-06-17T15:07:57.738,283.739,mission_20260617_150314_manual,MANUAL,,0,13.341972351074219,101.02149200439453,51.35145563313647,4,True,1.931249976158142,1,0,0,0,-26,0.0,0.0,0.0,0,14,13.341782569885254,101.02132415771484,27.84077688885766,85,26.200000762939453,-1.7999999523162842,36.0,0,SELECT OWNER FIRST,
2026-06-17T15:07:59.739,285.739,mission_20260617_150314_manual,MANUAL,,0,13.341972351074219,101.02149200439453,51.3109970075879,4,True,2.9347500801086426,1,0,0,0,-26,0.0,0.0,0.0,0,14,13.341782569885254,101.02132415771484,27.84077688885766,85,26.200000762939453,-1.7999999523162842,36.0,0,SELECT OWNER FIRST,
2026-06-17T15:08:01.740,287.74,mission_20260617_150314_manual,MANUAL,,0,13.341973304748535,101.02149200439453,51.27590691072696,4,True,2.9327499866485596,1,0,0,36,0,0.0,0.0,0.0,0,14,13.341782569885254,101.02132415771484,27.921241404966157,85,26.200000762939453,-1.5,36.0,0,SELECT OWNER FIRST,
2026-06-17T15:08:03.741,289.741,mission_20260617_150314_manual,MANUAL,,0,13.341973304748535,101.02149200439453,51.24898913520794,4,True,2.9337499141693115,1,0,0,0,-26,0.0,0.0,0.0,0,14,13.341782569885254,101.02132415771484,27.921241404966157,85,26.200000762939453,-1.600000023841858,36.0,0,SELECT OWNER FIRST,
2026-06-17T15:08:05.741,291.741,mission_20260617_150314_manual,MANUAL,,0,13.341974258422852,101.02149963378906,51.22589626562413,4,True,2.930999994277954,1,0,0,0,-26,0.0,0.0,0.0,0,14,13.341782569885254,101.02132415771484,28.54412154508219,85,26.200000762939453,-1.600000023841858,36.0,0,SELECT OWNER FIRST,
2026-06-17T15:08:07.742,293.742,mission_20260617_150314_manual,MANUAL,,0,13.341974258422852,101.02149963378906,51.2022364903392,4,True,2.937000036239624,1,0,0,0,-26,0.0,0.0,0.0,0,14,13.341782569885254,101.02132415771484,28.54412154508219,85,26.200000762939453,-1.600000023841858,36.0,0,SELECT OWNER FIRST,
2026-06-17T15:08:09.745,295.745,mission_20260617_150314_manual,MANUAL,,0,13.341974258422852,101.02149963378906,51.18307780971732,4,True,1.9307500123977661,1,0,0,0,-26,0.0,0.0,0.0,0,14,13.341782569885254,101.02132415771484,28.54412154508219,85,26.200000762939453,-1.5,36.0,0,SELECT OWNER FIRST,
2026-06-17T15:08:11.749,297.75,mission_20260617_150314_manual,MANUAL,,0,13.341975212097168,101.02149963378906,51.16828703506965,4,True,1.930999994277954,1,0,0,0,-26,0.0,0.0,0.0,0,14,13.341782569885254,101.02132415771484,28.62339462018095,85,26.200000762939453,-1.7999999523162842,36.0,0,SELECT OWNER FIRST,
2026-06-17T15:08:13.754,299.754,mission_20260617_150314_manual,MANUAL,,0,13.341975212097168,101.02149963378906,51.15566484548347,4,True,1.9297499656677246,1,0,0,0,-26,0.0,0.0,0.0,0,14,13.341782569885254,101.02132415771484,28.62339462018095,85,26.200000762939453,-1.600000023841858,36.0,0,SELECT OWNER FIRST,
2026-06-17T15:08:15.757,301.758,mission_20260617_150314_manual,MANUAL,,0,13.341976165771484,101.02149963378906,51.14002712737872,4,True,2.9322500228881836,1,0,0,0,-26,0.0,0.0,0.0,0,14,13.341782569885254,101.02132415771484,28.702840537771987,85,26.200000762939453,-1.7999999523162842,36.0,0,SELECT OWNER FIRST,
2026-06-17T15:08:17.758,303.758,mission_20260617_150314_manual,MANUAL,,0,13.341976165771484,101.02149963378906,51.132500258913375,4,True,1.930999994277954,1,0,0,0,-26,0.0,0.0,0.0,0,14,13.341782569885254,101.02132415771484,28.702840537771987,85,26.200000762939453,-1.7999999523162842,36.0,0,SELECT OWNER FIRST,
2026-06-17T15:08:19.763,305.764,mission_20260617_150314_manual,MANUAL,,0,13.3419771194458,101.02149963378906,51.12454650362489,4,True,1.9317500591278076,1,0,0,0,-26,0.0,0.0,0.0,0,14,13.341782569885254,101.02132415771484,28.782457866605412,85,26.200000762939453,-1.7999999523162842,36.0,0,SELECT OWNER FIRST,
2026-06-17T15:08:21.790,307.791,mission_20260617_150314_manual,MANUAL,,0,13.341978073120117,101.02149963378906,51.12745616421132,4,True,1.931249976158142,1,0,0,0,-26,0.0,0.0,0.0,0,14,13.341782569885254,101.02132415771484,28.862245188152805,85,26.200000762939453,-1.7999999523162842,36.0,0,SELECT OWNER FIRST,
2026-06-17T15:08:23.802,309.803,mission_20260617_150314_manual,MANUAL,,0,13.341978073120117,101.02149963378906,51.119133578707654,4,True,2.933000087738037,1,0,0,0,-26,0.0,0.0,0.0,0,14,13.341782569885254,101.02132415771484,28.862245188152805,85,26.200000762939453,-1.5,36.0,0,SELECT OWNER FIRST,
2026-06-17T15:08:25.807,311.807,mission_20260617_150314_manual,MANUAL,,0,13.341979026794434,101.02149963378906,51.117542144631045,4,True,1.9307500123977661,1,0,0,0,-26,0.0,0.0,0.0,0,14,13.341782569885254,101.02132415771484,28.94220109651595,85,26.200000762939453,-1.5,36.0,0,SELECT OWNER FIRST,
2026-06-17T15:08:27.810,313.811,mission_20260617_150314_manual,MANUAL,,0,13.341979026794434,101.0215072631836,51.119362390044856,4,True,1.9299999475479126,1,0,0,0,-26,0.0,0.0,0.0,0,14,13.341782569885254,101.02132415771484,29.490261936915243,85,26.200000762939453,-1.5,36.0,0,SELECT OWNER FIRST,
2026-06-17T15:08:29.813,315.813,mission_20260617_150314_manual,MANUAL,,0,13.34197998046875,101.0215072631836,51.12869584354568,4,True,2.934499979019165,1,0,0,0,-26,0.0,0.0,0.0,0,14,13.341782569885254,101.02132415771484,29.56889998873071,85,26.200000762939453,-1.5,36.0,0,SELECT OWNER FIRST,
2026-06-17T15:08:31.816,317.817,mission_20260617_150314_manual,MANUAL,,0,13.34197998046875,101.0215072631836,51.1333813533163,4,True,2.9327499866485596,1,0,0,0,-26,0.0,0.0,0.0,0,14,13.341782569885254,101.02132415771484,29.56889998873071,85,26.200000762939453,-1.5,36.0,0,SELECT OWNER FIRST,
2026-06-17T15:08:33.820,319.821,mission_20260617_150314_manual,MANUAL,,0,13.34197998046875,101.0215072631836,51.13844593858587,4,True,1.93149995803833,1,0,0,0,-26,0.0,0.0,0.0,0,14,13.341782569885254,101.02132415771484,29.56889998873071,85,26.200000762939453,-1.5,36.0,0,SELECT OWNER FIRST,
2026-06-17T15:08:35.820,321.821,mission_20260617_150314_manual,MANUAL,,0,13.34197998046875,101.0215072631836,51.15816127962511,4,True,1.9302500486373901,1,0,0,0,-26,0.0,0.0,0.0,0,14,13.341782569885254,101.02132415771484,29.56889998873071,85,26.200000762939453,-1.5,36.0,0,SELECT OWNER FIRST,
2026-06-17T15:08:37.820,323.821,mission_20260617_150314_manual,MANUAL,,0,13.34197998046875,101.0215072631836,51.14968842995971,4,True,1.9294999837875366,1,0,0,0,-26,0.0,0.0,0.0,0,14,13.341782569885254,101.02132415771484,29.56889998873071,85,26.200000762939453,-1.5,36.0,0,SELECT OWNER FIRST,
2026-06-17T15:08:39.822,325.822,mission_20260617_150314_manual,MANUAL,,0,13.34197998046875,101.0215072631836,51.194118810510645,4,True,2.9367499351501465,1,0,0,0,-26,0.0,0.0,0.0,0,14,13.341782569885254,101.02132415771484,29.56889998873071,85,26.200000762939453,-1.5,36.0,0,SELECT OWNER FIRST,
2026-06-17T15:08:41.826,327.826,mission_20260617_150314_manual,MANUAL,,0,13.34197998046875,101.0215072631836,51.2083187737951,4,True,2.934999942779541,1,0,0,0,-26,0.0,0.0,0.0,0,14,13.341782569885254,101.02132415771484,29.56889998873071,85,26.200000762939453,-1.5,36.0,0,SELECT OWNER FIRST,
2026-06-17T15:08:43.826,329.827,mission_20260617_150314_manual,MANUAL,,0,13.34197998046875,101.0215072631836,51.23038028481424,4,True,1.9307500123977661,1,0,0,0,-26,0.0,0.0,0.0,0,14,13.341782569885254,101.02132415771484,29.56889998873071,85,26.200000762939453,-1.5,36.0,0,SELECT OWNER FIRST,
2026-06-17T15:08:45.834,331.835,mission_20260617_150314_manual,MANUAL,,0,13.34197998046875,101.0215072631836,51.25837723022212,4,True,2.9362499713897705,1,0,0,0,-26,0.0,0.0,0.0,0,14,13.341782569885254,101.02132415771484,29.56889998873071,85,26.200000762939453,-1.5,36.0,0,SELECT OWNER FIRST,
2026-06-17T15:08:47.839,333.84,mission_20260617_150314_manual,MANUAL,,0,13.341979026794434,101.0215072631836,51.2861248737253,4,True,2.9362499713897705,1,0,0,0,-26,0.0,0.0,0.0,0,14,13.341782569885254,101.02132415771484,29.490261936915243,85,26.200000762939453,-1.5,36.0,0,SELECT OWNER FIRST,
2026-06-17T15:08:49.844,335.844,mission_20260617_150314_manual,MANUAL,,0,13.341979026794434,101.0215072631836,51.31680266838241,4,True,1.9320000410079956,1,0,0,0,-26,0.0,0.0,0.0,0,14,13.341782569885254,101.02132415771484,29.490261936915243,85,26.200000762939453,-1.5,36.0,0,SELECT OWNER FIRST,
2026-06-17T15:08:51.906,337.907,mission_20260617_150314_manual,MANUAL,,0,13.341979026794434,101.0215072631836,51.35139416143394,4,True,1.93149995803833,1,0,0,0,-26,0.0,0.0,0.0,0,14,13.341782569885254,101.02132415771484,29.490261936915243,85,26.200000762939453,-1.5,36.0,0,SELECT OWNER FIRST,
2026-06-17T15:08:53.908,339.909,mission_20260617_150314_manual,MANUAL,,0,13.341978073120117,101.0215072631836,51.37128367229702,4,True,1.9322500228881836,1,0,0,0,-26,0.0,0.0,0.0,0,14,13.341782569885254,101.02132415771484,29.411795970735444,85,26.200000762939453,-1.399999976158142,36.0,0,SELECT OWNER FIRST,
2026-06-17T15:08:55.911,341.911,mission_20260617_150314_manual,MANUAL,,0,13.3419771194458,101.0215072631836,51.39316076820857,4,True,2.9357500076293945,1,0,0,0,-26,0.0,0.0,0.0,0,14,13.341782569885254,101.02132415771484,29.33350347115825,85,26.200000762939453,-1.2999999523162842,36.0,0,SELECT OWNER FIRST,
2026-06-17T15:08:57.915,343.916,mission_20260617_150314_manual,MANUAL,,0,13.341976165771484,101.0215072631836,51.40607324083448,4,True,1.9317500591278076,1,0,0,0,-26,0.0,0.0,0.0,0,14,13.341782569885254,101.02132415771484,29.255385830864064,85,26.200000762939453,-1.399999976158142,36.0,0,SELECT OWNER FIRST,
2026-06-17T15:08:59.917,345.918,mission_20260617_150314_manual,MANUAL,,0,13.341976165771484,101.0215072631836,51.41033869397115,4,True,2.9302499294281006,1,0,0,0,-26,0.0,0.0,0.0,0,14,13.341782569885254,101.02132415771484,29.255385830864064,85,26.200000762939453,-1.5,36.0,0,SELECT OWNER FIRST,
2026-06-17T15:09:01.918,347.919,mission_20260617_150314_manual,MANUAL,,0,13.341975212097168,101.0215072631836,51.431071733196724,4,True,2.9347500801086426,1,0,0,0,-26,0.0,0.0,0.0,0,14,13.341782569885254,101.02132415771484,29.1774444543208,85,26.200000762939453,-2.0,36.0,0,SELECT OWNER FIRST,
2026-06-17T15:09:03.921,349.922,mission_20260617_150314_manual,MANUAL,,0,13.341976165771484,101.0215072631836,51.410393335484514,4,True,1.9305000305175781,1,0,0,0,-26,0.0,0.0,0.0,0,14,13.341782569885254,101.02132415771484,29.255385830864064,85,26.200000762939453,-1.5,36.0,0,SELECT OWNER FIRST,
2026-06-17T15:09:05.945,351.945,mission_20260617_150314_manual,MANUAL,,0,13.341973304748535,101.0215072631836,51.45421582919931,4,True,2.930500030517578,1,0,0,0,-26,0.0,0.0,0.0,0,14,13.341782569885254,101.02132415771484,29.02209616973659,85,26.200000762939453,-1.5,36.0,0,SELECT OWNER FIRST,
2026-06-17T15:09:07.950,353.951,mission_20260617_150314_manual,MANUAL,,0,13.341972351074219,101.0215072631836,51.46312239587701,4,True,2.931999921798706,1,0,0,0,-26,0.0,0.0,0.0,0,14,13.341782569885254,101.02132415771484,28.944692130227416,85,26.200000762939453,-1.2999999523162842,36.0,0,SELECT OWNER FIRST,
2026-06-17T15:09:09.956,355.956,mission_20260617_150314_manual,MANUAL,,0,13.341971397399902,101.0215072631836,51.479180170615706,4,True,2.934999942779541,1,0,0,0,-26,0.0,0.0,0.0,0,14,13.341782569885254,101.02132415771484,28.867470091676612,85,26.200000762939453,-1.399999976158142,36.0,0,SELECT OWNER FIRST,
2026-06-17T15:09:11.959,357.959,mission_20260617_150314_manual,MANUAL,,0,13.341971397399902,101.0215072631836,51.493735303737004,4,True,1.9307500123977661,1,0,0,0,-26,0.0,0.0,0.0,0,14,13.341782569885254,101.02132415771484,28.867470091676612,85,26.200000762939453,-1.2999999523162842,36.0,0,SELECT OWNER FIRST,
2026-06-17T15:09:13.961,359.962,mission_20260617_150314_manual,MANUAL,,0,13.341970443725586,101.02149963378906,51.49960585132863,4,True,2.9332499504089355,1,0,0,0,-26,0.0,0.0,0.0,0,14,13.341782569885254,101.02132415771484,28.228786744944696,85,26.200000762939453,-1.2999999523162842,36.0,0,SELECT OWNER FIRST,
2026-06-17T15:09:15.966,361.967,mission_20260617_150314_manual,MANUAL,,0,13.34196949005127,101.02149963378906,51.50561300270366,4,True,2.9352500438690186,1,0,0,0,-26,0.0,0.0,0.0,0,14,13.341782569885254,101.02132415771484,28.150399802654913,85,26.200000762939453,-1.2999999523162842,36.0,0,SELECT OWNER FIRST,
2026-06-17T15:09:17.969,363.969,mission_20260617_150314_manual,MANUAL,,0,13.341968536376953,101.02149963378906,51.52151026799687,4,True,2.9332499504089355,1,0,0,0,-26,0.0,0.0,0.0,0,14,13.341782569885254,101.02132415771484,28.07219456257468,85,26.200000762939453,-1.5,36.0,0,SELECT OWNER FIRST,
2026-06-17T15:09:19.972,365.972,mission_20260617_150314_manual,MANUAL,,0,13.341967582702637,101.02149963378906,51.53056026864713,4,True,2.9332499504089355,1,0,0,0,-26,0.0,0.0,0.0,0,14,13.341782569885254,101.02132415771484,27.994172547527917,85,26.200000762939453,-1.399999976158142,36.0,0,SELECT OWNER FIRST,
2026-06-17T15:09:21.974,367.974,mission_20260617_150314_manual,MANUAL,,0,13.341967582702637,101.02149963378906,51.539227778703875,4,True,2.935499906539917,1,0,0,0,-26,0.0,0.0,0.0,0,14,13.341782569885254,101.02132415771484,27.994172547527917,85,26.200000762939453,-1.2999999523162842,36.0,0,SELECT OWNER FIRST,
2026-06-17T15:09:23.975,369.976,mission_20260617_150314_manual,MANUAL,,0,13.34196662902832,101.02149963378906,51.54243796761378,4,True,2.933000087738037,1,0,0,0,-26,0.0,0.0,0.0,0,14,13.341782569885254,101.02132415771484,27.91633529377504,85,26.200000762939453,-1.5,36.0,0,SELECT OWNER FIRST,
2026-06-17T15:09:25.978,371.978,mission_20260617_150314_manual,MANUAL,,0,13.341965675354004,101.02149963378906,51.55623836483179,4,True,1.9327499866485596,1,0,0,0,0,0.0,0.0,0.0,0,14,13.341782569885254,101.02132415771484,27.83868435109963,85,26.200000762939453,-1.2999999523162842,36.0,0,SELECT OWNER FIRST,
2026-06-17T15:09:27.981,373.981,mission_20260617_150314_manual,MANUAL,,0,13.341965675354004,101.02149963378906,51.56075995006234,4,True,1.9307500123977661,1,0,0,0,-26,0.0,0.0,0.0,0,14,13.341782569885254,101.02132415771484,27.83868435109963,85,26.200000762939453,-1.2999999523162842,36.0,0,SELECT OWNER FIRST,
2026-06-17T15:09:29.987,375.988,mission_20260617_150314_manual,MANUAL,,0,13.341964721679688,101.02149963378906,51.55814398761023,4,True,2.9352500438690186,1,0,0,0,0,0.0,0.0,0.0,0,14,13.341782569885254,101.02132415771484,27.761221282894486,85,26.0,-1.2999999523162842,36.0,0,SELECT OWNER FIRST,
2026-06-17T15:09:31.991,377.992,mission_20260617_150314_manual,MANUAL,,0,13.341964721679688,101.02149963378906,51.56648364858681,4,True,1.931249976158142,1,0,0,0,-26,0.0,0.0,0.0,0,14,13.341782569885254,101.02132415771484,27.761221282894486,85,26.200000762939453,-1.5,36.0,0,SELECT OWNER FIRST,
2026-06-17T15:09:34.038,380.038,mission_20260617_150314_manual,MANUAL,,0,13.341964721679688,101.02149963378906,51.57400027176841,4,True,1.9307500123977661,1,0,0,0,-26,0.0,0.0,0.0,0,14,13.341782569885254,101.02132415771484,27.761221282894486,85,26.200000762939453,-1.5,36.0,0,SELECT OWNER FIRST,
2026-06-17T15:09:36.051,382.051,mission_20260617_150314_manual,MANUAL,,0,13.341964721679688,101.02149963378906,51.57307819623046,4,True,1.9320000410079956,1,0,0,0,-26,0.0,0.0,0.0,0,14,13.341782569885254,101.02132415771484,27.761221282894486,85,26.200000762939453,-1.5,36.0,0,SELECT OWNER FIRST,
2026-06-17T15:09:38.058,384.059,mission_20260617_150314_manual,MANUAL,,0,13.341964721679688,101.02149963378906,51.57602200776274,4,True,2.9342501163482666,1,0,0,0,-26,0.0,0.0,0.0,0,14,13.341782569885254,101.02132415771484,27.761221282894486,85,26.200000762939453,-1.5,36.0,0,SELECT OWNER FIRST,
2026-06-17T15:09:40.060,386.061,mission_20260617_150314_manual,MANUAL,,0,13.341965675354004,101.02149963378906,51.581609102503805,4,True,1.9302500486373901,1,0,0,0,-26,0.0,0.0,0.0,0,14,13.341782569885254,101.02132415771484,27.83868435109963,85,26.200000762939453,-1.5,36.0,0,SELECT OWNER FIRST,
2026-06-17T15:09:42.062,388.063,mission_20260617_150314_manual,MANUAL,,0,13.34196662902832,101.02149200439453,51.59166655605665,4,True,1.9317500591278076,1,0,0,0,-26,0.0,0.0,0.0,0,14,13.341782569885254,101.02132415771484,27.361651566588026,85,26.200000762939453,-1.399999976158142,36.0,0,SELECT OWNER FIRST,
2026-06-17T15:09:44.066,390.067,mission_20260617_150314_manual,MANUAL,,0,13.34196662902832,101.02149200439453,51.60332568896986,4,True,1.9322500228881836,1,0,0,0,0,0.0,0.0,0.0,0,14,13.341782569885254,101.02132415771484,27.361651566588026,85,26.200000762939453,-2.5999999046325684,36.0,0,SELECT OWNER FIRST,
2026-06-17T15:09:46.068,392.068,mission_20260617_150314_manual,MANUAL,,0,13.34196662902832,101.02149200439453,51.60070631142316,4,True,2.933500051498413,1,0,0,0,-26,0.0,0.0,0.0,0,14,13.341782569885254,101.02132415771484,27.361651566588026,85,26.200000762939453,-1.5,36.0,0,SELECT OWNER FIRST,
2026-06-17T15:09:48.069,394.069,mission_20260617_150314_manual,MANUAL,,0,13.34196662902832,101.02149200439453,51.62984731351702,4,True,2.9397499561309814,1,0,0,0,-26,0.0,0.0,0.0,0,14,13.341782569885254,101.02132415771484,27.361651566588026,85,26.200000762939453,-1.5,36.0,0,SELECT OWNER FIRST,
2026-06-17T15:09:50.074,396.075,mission_20260617_150314_manual,MANUAL,,0,13.34196662902832,101.02149200439453,51.64696035248249,4,True,2.9307498931884766,1,0,0,0,-26,0.0,0.0,0.0,0,14,13.341782569885254,101.02132415771484,27.361651566588026,85,26.200000762939453,-1.2999999523162842,36.0,0,SELECT OWNER FIRST,
2026-06-17T15:09:52.076,398.076,mission_20260617_150314_manual,MANUAL,,0,13.34196662902832,101.02149200439453,51.66153256107671,4,True,1.931249976158142,1,0,0,0,0,0.0,0.0,0.0,0,14,13.341782569885254,101.02132415771484,27.361651566588026,85,26.200000762939453,-1.399999976158142,36.0,0,SELECT OWNER FIRST,
2026-06-17T15:09:54.078,400.079,mission_20260617_150314_manual,MANUAL,,0,13.34196662902832,101.02149200439453,51.68245684559904,4,True,1.9294999837875366,1,0,0,0,-26,0.0,0.0,0.0,0,14,13.341782569885254,101.02132415771484,27.361651566588026,85,26.200000762939453,-1.399999976158142,36.0,0,SELECT OWNER FIRST,
2026-06-17T15:09:56.115,402.115,mission_20260617_150314_manual,MANUAL,,0,13.34196662902832,101.021484375,51.69937180907858,4,True,2.9327499866485596,1,0,0,0,1,0.0,0.0,0.0,0,14,13.341782569885254,101.02132415771484,26.820904595581677,85,36.0,0.0,0.0,0,SELECT OWNER FIRST,
2026-06-17T15:09:58.129,404.129,mission_20260617_150314_manual,MANUAL,,0,13.34196662902832,101.021484375,51.70926192299676,4,True,2.9327499866485596,1,0,0,0,-26,0.0,0.0,0.0,0,14,13.341782569885254,101.02132415771484,26.820904595581677,85,26.200000762939453,-1.5,36.0,0,SELECT OWNER FIRST,
2026-06-17T15:10:00.137,406.138,mission_20260617_150314_manual,MANUAL,,0,13.34196662902832,101.021484375,51.72071956532945,4,True,1.9320000410079956,1,0,0,0,-26,0.0,0.0,0.0,0,14,13.341782569885254,101.02132415771484,26.820904595581677,85,26.0,-1.399999976158142,36.0,0,SELECT OWNER FIRST,
2026-06-17T15:10:02.140,408.141,mission_20260617_150314_manual,MANUAL,,0,13.341967582702637,101.021484375,51.73127562269171,4,True,1.9320000410079956,1,0,0,0,-26,0.0,0.0,0.0,0,14,13.341782569885254,101.02132415771484,26.901911529634592,85,26.200000762939453,-1.399999976158142,36.0,0,SELECT OWNER FIRST,
2026-06-17T15:10:04.142,410.142,mission_20260617_150314_manual,MANUAL,,0,13.341967582702637,101.021484375,51.73908252891304,4,True,1.9307500123977661,1,0,0,0,1,0.0,0.0,0.0,0,14,13.341782569885254,101.02132415771484,26.901911529634592,85,36.0,0.0,0.0,0,SELECT OWNER FIRST,
2026-06-17T15:10:06.148,412.149,mission_20260617_150314_manual,MANUAL,,0,13.34196662902832,101.021484375,51.775538663607975,4,True,2.937000036239624,1,0,0,0,-26,0.0,0.0,0.0,0,14,13.341782569885254,101.02132415771484,26.820904595581677,85,26.200000762939453,-1.5,36.0,0,SELECT OWNER FIRST,
2026-06-17T15:10:08.150,414.15,mission_20260617_150314_manual,MANUAL,,0,13.34196662902832,101.021484375,51.80556417519935,4,True,2.934499979019165,1,0,0,0,-26,0.0,0.0,0.0,0,14,13.341782569885254,101.02132415771484,26.820904595581677,85,26.200000762939453,-1.399999976158142,36.0,0,SELECT OWNER FIRST,
2026-06-17T15:10:10.150,416.15,mission_20260617_150314_manual,MANUAL,,0,13.341965675354004,101.021484375,51.83812027187822,4,True,2.9327499866485596,1,0,0,0,1,0.0,0.0,0.0,0,14,13.341782569885254,101.02132415771484,26.74007279822341,85,26.200000762939453,-1.5,36.0,0,SELECT OWNER FIRST,
2026-06-17T15:10:12.151,418.152,mission_20260617_150314_manual,MANUAL,,0,13.341965675354004,101.021484375,51.87164625541923,4,True,2.9322500228881836,1,0,0,0,-26,0.0,0.0,0.0,0,14,13.341782569885254,101.02132415771484,26.74007279822341,85,26.200000762939453,-1.2999999523162842,36.0,0,SELECT OWNER FIRST,
2026-06-17T15:10:14.155,420.155,mission_20260617_150314_manual,MANUAL,,0,13.341965675354004,101.021484375,51.89761463464362,4,True,2.931999921798706,1,0,0,0,-26,0.0,0.0,0.0,0,14,13.341782569885254,101.02132415771484,26.74007279822341,85,26.200000762939453,-1.5,36.0,0,SELECT OWNER FIRST,
2026-06-17T15:10:16.158,422.158,mission_20260617_150314_manual,MANUAL,,0,13.341965675354004,101.021484375,51.91300988103282,4,True,1.931249976158142,1,0,0,0,-26,0.0,0.0,0.0,0,14,13.341782569885254,101.02132415771484,26.74007279822341,85,26.200000762939453,-1.5,36.0,0,SELECT OWNER FIRST,
2026-06-17T15:10:18.158,424.159,mission_20260617_150314_manual,MANUAL,,0,13.341965675354004,101.021484375,51.94427507195856,4,True,1.93149995803833,1,0,0,0,-26,0.0,0.0,0.0,0,14,13.341782569885254,101.02132415771484,26.74007279822341,85,26.200000762939453,-1.2999999523162842,36.0,0,SELECT OWNER FIRST,
2026-06-17T15:10:20.159,426.16,mission_20260617_150314_manual,MANUAL,,0,13.34196662902832,101.02149200439453,51.975970564802005,4,True,2.9332499504089355,1,0,0,0,-26,0.0,0.0,0.0,0,14,13.341782569885254,101.02132415771484,27.361651566588026,85,26.200000762939453,-1.5,36.0,0,SELECT OWNER FIRST,
2026-06-17T15:10:22.186,428.186,mission_20260617_150314_manual,MANUAL,,0,13.34196662902832,101.02149200439453,51.998373585279644,4,True,2.9317500591278076,1,0,0,0,-26,0.0,0.0,0.0,0,14,13.341782569885254,101.02132415771484,27.361651566588026,85,26.200000762939453,-1.399999976158142,36.0,0,SELECT OWNER FIRST,
2026-06-17T15:10:24.194,430.195,mission_20260617_150314_manual,MANUAL,,0,13.341967582702637,101.02149200439453,52.02514109663692,4,True,2.9322500228881836,1,0,0,0,-26,0.0,0.0,0.0,0,14,13.341782569885254,101.02132415771484,27.44106224180658,85,26.200000762939453,-1.399999976158142,36.0,0,SELECT OWNER FIRST,
2026-06-17T15:10:26.194,432.195,mission_20260617_150314_manual,MANUAL,,0,13.341967582702637,101.02149200439453,52.04738019257449,4,True,2.9347500801086426,1,0,0,0,-26,0.0,0.0,0.0,0,14,13.341782569885254,101.02132415771484,27.44106224180658,85,26.200000762939453,-1.399999976158142,36.0,0,SELECT OWNER FIRST,
2026-06-17T15:10:28.218,434.219,mission_20260617_150314_manual,MANUAL,,0,13.341968536376953,101.02149200439453,52.071289269764115,4,True,1.9294999837875366,1,0,0,0,-26,0.0,0.0,0.0,0,14,13.341782569885254,101.02132415771484,27.520652390850433,85,26.200000762939453,-1.5,36.0,0,SELECT OWNER FIRST,
2026-06-17T15:10:30.220,436.22,mission_20260617_150314_manual,MANUAL,,0,13.341968536376953,101.02149200439453,52.09276338451463,4,True,1.930999994277954,1,0,0,0,-26,0.0,0.0,0.0,0,14,13.341782569885254,101.02132415771484,27.520652390850433,85,26.200000762939453,-1.399999976158142,36.0,0,SELECT OWNER FIRST,
2026-06-17T15:10:32.223,438.224,mission_20260617_150314_manual,MANUAL,,0,13.34196949005127,101.02149200439453,52.107328762919686,4,True,1.930999994277954,1,0,0,0,-26,0.0,0.0,0.0,0,14,13.341782569885254,101.02132415771484,27.600420461096718,85,26.200000762939453,-1.399999976158142,36.0,0,SELECT OWNER FIRST,
2026-06-17T15:10:34.234,440.234,mission_20260617_150314_manual,MANUAL,,0,13.341970443725586,101.02149963378906,52.1239978395891,4,True,2.9317500591278076,1,0,0,0,-26,0.0,0.0,0.0,0,14,13.341782569885254,101.02132415771484,28.228786744944696,85,26.200000762939453,-1.5,36.0,0,SELECT OWNER FIRST,
2026-06-17T15:10:36.240,442.241,mission_20260617_150314_manual,MANUAL,,0,13.341970443725586,101.02149963378906,52.14077619928524,4,True,2.934000015258789,1,0,0,0,-26,0.0,0.0,0.0,0,14,13.341782569885254,101.02132415771484,28.228786744944696,85,26.200000762939453,-1.0,36.0,0,SELECT OWNER FIRST,
2026-06-17T15:10:38.254,444.255,mission_20260617_150314_manual,MANUAL,,0,13.341971397399902,101.02149963378906,52.16724659741362,4,True,1.9305000305175781,1,0,0,0,-26,0.0,0.0,0.0,0,14,13.341782569885254,101.02132415771484,28.307353879969117,85,26.200000762939453,-1.5,36.0,0,SELECT OWNER FIRST,
2026-06-17T15:10:40.276,446.276,mission_20260617_150314_manual,MANUAL,,0,13.341971397399902,101.02149963378906,52.19416095783806,4,True,2.9322500228881836,1,0,0,0,-26,0.0,0.0,0.0,0,14,13.341782569885254,101.02132415771484,28.307353879969117,85,26.200000762939453,-1.100000023841858,36.0,0,SELECT OWNER FIRST,
2026-06-17T15:10:42.277,448.277,mission_20260617_150314_manual,MANUAL,,0,13.341971397399902,101.02149963378906,52.205639090738266,4,True,2.9342501163482666,1,0,0,0,-26,0.0,0.0,0.0,0,14,13.341782569885254,101.02132415771484,28.307353879969117,85,26.200000762939453,-1.399999976158142,36.0,0,SELECT OWNER FIRST,
2026-06-17T15:10:44.282,450.282,mission_20260617_150314_manual,MANUAL,,0,13.341972351074219,101.02149963378906,52.22026252575126,4,True,2.9322500228881836,1,0,0,0,-26,0.0,0.0,0.0,0,14,13.341782569885254,101.02132415771484,28.386099711514174,85,26.200000762939453,-1.399999976158142,36.0,0,SELECT OWNER FIRST,
2026-06-17T15:10:46.283,452.283,mission_20260617_150314_manual,MANUAL,,0,13.341972351074219,101.02149963378906,52.245059527532995,4,True,2.9327499866485596,1,0,0,0,-26,0.0,0.0,0.0,0,14,13.341782569885254,101.02132415771484,28.386099711514174,85,26.200000762939453,-1.5,36.0,0,SELECT OWNER FIRST,
2026-06-17T15:10:48.287,454.288,mission_20260617_150314_manual,MANUAL,,0,13.341973304748535,101.02149963378906,52.261004604150386,4,True,2.934499979019165,1,0,0,0,-26,0.0,0.0,0.0,0,14,13.341782569885254,101.02132415771484,28.465022756538115,85,26.200000762939453,-1.5,36.0,0,SELECT OWNER FIRST,
2026-06-17T15:10:50.291,456.292,mission_20260617_150314_manual,MANUAL,,0,13.341973304748535,101.02149963378906,52.28622166256608,4,True,2.931999921798706,1,0,0,0,-26,0.0,0.0,0.0,0,14,13.341782569885254,101.02132415771484,28.465022756538115,85,26.200000762939453,-1.0,36.0,0,SELECT OWNER FIRST,
2026-06-17T15:10:52.294,458.295,mission_20260617_150314_manual,MANUAL,,0,13.341973304748535,101.02149963378906,52.304646097852185,4,True,1.931249976158142,1,0,0,0,-26,0.0,0.0,0.0,0,14,13.341782569885254,101.02132415771484,28.465022756538115,85,26.200000762939453,-1.5,36.0,0,SELECT OWNER FIRST,
2026-06-17T15:10:54.296,460.297,mission_20260617_150314_manual,MANUAL,,0,13.341974258422852,101.02149963378906,52.31312577770676,4,True,2.9342501163482666,1,0,0,0,-26,0.0,0.0,0.0,0,14,13.341782569885254,101.02132415771484,28.54412154508219,85,26.200000762939453,-1.2999999523162842,36.0,0,SELECT OWNER FIRST,
2026-06-17T15:10:56.298,462.299,mission_20260617_150314_manual,MANUAL,,0,13.341975212097168,101.0215072631836,52.30930087177155,4,True,1.9297499656677246,1,0,0,0,-26,0.0,0.0,0.0,0,14,13.341782569885254,101.02132415771484,29.1774444543208,85,26.200000762939453,-1.2000000476837158,36.0,0,SELECT OWNER FIRST,
2026-06-17T15:10:58.299,464.299,mission_20260617_150314_manual,MANUAL,,0,13.341975212097168,101.0215072631836,52.29939368238045,4,True,1.930999994277954,1,0,0,0,-26,0.0,0.0,0.0,0,14,13.341782569885254,101.02132415771484,29.1774444543208,85,26.200000762939453,-1.5,36.0,0,SELECT OWNER FIRST,
2026-06-17T15:11:00.306,466.306,mission_20260617_150314_manual,MANUAL,,0,13.341976165771484,101.0215072631836,52.30328347511277,4,True,1.9322500228881836,1,0,0,0,-26,0.0,0.0,0.0,0,14,13.341782569885254,101.02132415771484,29.255385830864064,85,26.200000762939453,-1.5,36.0,0,SELECT OWNER FIRST,
2026-06-17T15:11:02.311,468.311,mission_20260617_150314_manual,MANUAL,,0,13.3419771194458,101.0215072631836,52.297136304859755,4,True,1.9325000047683716,1,0,0,0,-26,0.0,0.0,0.0,0,14,13.341782569885254,101.02132415771484,29.33350347115825,85,26.200000762939453,-1.2000000476837158,36.0,0,SELECT OWNER FIRST,
2026-06-17T15:11:04.313,470.313,mission_20260617_150314_manual,MANUAL,,0,13.341978073120117,101.0215072631836,52.29054517231069,4,True,1.931249976158142,1,0,0,0,-26,0.0,0.0,0.0,0,14,13.341782569885254,101.02132415771484,29.411795970735444,85,26.200000762939453,-1.2999999523162842,36.0,0,SELECT OWNER FIRST,
2026-06-17T15:11:06.352,472.352,mission_20260617_150314_manual,MANUAL,,0,13.341979026794434,101.0215072631836,52.290401738338126,4,True,2.934000015258789,1,0,0,0,-26,0.0,0.0,0.0,0,14,13.341782569885254,101.02132415771484,29.490261936915243,85,26.200000762939453,-1.5,36.0,0,SELECT OWNER FIRST,
2026-06-17T15:11:08.356,474.357,mission_20260617_150314_manual,MANUAL,,0,13.34197998046875,101.02151489257812,52.284493624706066,4,True,1.9322500228881836,1,0,0,0,-26,0.0,0.0,0.0,0,14,13.341782569885254,101.02132415771484,30.128178467931946,85,26.200000762939453,-1.100000023841858,36.0,0,SELECT OWNER FIRST,
2026-06-17T15:11:10.358,476.358,mission_20260617_150314_manual,MANUAL,,0,13.341980934143066,101.02151489257812,52.296494267077776,4,True,2.9347500801086426,1,0,0,0,-26,0.0,0.0,0.0,0,14,13.341782569885254,101.02132415771484,30.205528064436052,85,26.200000762939453,-1.2999999523162842,36.0,0,SELECT OWNER FIRST,
2026-06-17T15:11:12.370,478.371,mission_20260617_150314_manual,MANUAL,,0,13.341981887817383,101.02151489257812,52.30605311682121,4,True,1.9329999685287476,1,0,0,0,0,0.0,0.0,0.0,0,14,13.341782569885254,101.02132415771484,30.283051432431556,85,0.0,0.0,0.0,0,SELECT OWNER FIRST,
2026-06-17T15:11:14.375,480.376,mission_20260617_150314_manual,MANUAL,,0,13.3419828414917,101.02151489257812,52.30312979585644,4,True,2.9332499504089355,1,0,0,0,-26,0.0,0.0,0.0,0,14,13.341782569885254,101.02132415771484,30.360747240790058,85,26.200000762939453,-1.399999976158142,36.0,0,SELECT OWNER FIRST,
2026-06-17T15:11:16.387,482.388,mission_20260617_150314_manual,MANUAL,,0,13.3419828414917,101.02151489257812,52.31188951346699,4,True,1.9317500591278076,1,0,0,0,-26,0.0,0.0,0.0,0,14,13.341782569885254,101.02132415771484,30.360747240790058,85,26.200000762939453,-1.2999999523162842,36.0,0,SELECT OWNER FIRST,
2026-06-17T15:11:18.388,484.388,mission_20260617_150314_manual,MANUAL,,0,13.341981887817383,101.02151489257812,52.323200306732524,4,True,2.9342501163482666,1,0,0,0,-26,0.0,0.0,0.0,0,14,13.341782569885254,101.02132415771484,30.283051432431556,85,26.200000762939453,-1.100000023841858,36.0,0,SELECT OWNER FIRST,
2026-06-17T15:11:20.388,486.388,mission_20260617_150314_manual,MANUAL,,0,13.341981887817383,101.02151489257812,52.30891838117803,4,True,1.9317500591278076,1,0,0,0,-26,0.0,0.0,0.0,0,14,13.341782569885254,101.02132415771484,30.283051432431556,85,26.200000762939453,-1.2999999523162842,36.0,0,SELECT OWNER FIRST,
2026-06-17T15:11:22.391,488.391,mission_20260617_150314_manual,MANUAL,,0,13.341981887817383,101.02151489257812,52.27969541681413,4,True,1.9320000410079956,1,0,0,0,-26,0.0,0.0,0.0,0,14,13.341782569885254,101.02132415771484,30.283051432431556,85,26.200000762939453,-1.2000000476837158,36.0,0,SELECT OWNER FIRST,
2026-06-17T15:11:24.397,490.398,mission_20260617_150314_manual,MANUAL,,0,13.341980934143066,101.02151489257812,52.238628904429426,4,True,2.9342501163482666,1,0,0,0,-26,0.0,0.0,0.0,0,14,13.341782569885254,101.02132415771484,30.205528064436052,85,26.200000762939453,-1.399999976158142,36.0,0,SELECT OWNER FIRST,
2026-06-17T15:11:26.438,492.439,mission_20260617_150314_manual,MANUAL,,0,13.341980934143066,101.02151489257812,52.201260939480285,4,True,1.9302500486373901,1,0,0,0,-26,0.0,0.0,0.0,0,14,13.341782569885254,101.02132415771484,30.205528064436052,85,26.200000762939453,-1.5,36.0,0,SELECT OWNER FIRST,
2026-06-17T15:11:28.446,494.446,mission_20260617_150314_manual,MANUAL,,0,13.34197998046875,101.0215072631836,52.15807706845288,4,True,2.930500030517578,1,0,0,0,-26,0.0,0.0,0.0,0,14,13.341782569885254,101.02132415771484,29.56889998873071,85,26.200000762939453,-1.5,36.0,0,SELECT OWNER FIRST,
2026-06-17T15:11:30.451,496.452,mission_20260617_150314_manual,MANUAL,,0,13.34197998046875,101.0215072631836,52.12337287728005,4,True,1.93149995803833,1,0,0,0,-26,0.0,0.0,0.0,0,14,13.341782569885254,101.02132415771484,29.56889998873071,85,26.200000762939453,-1.399999976158142,36.0,0,SELECT OWNER FIRST,
2026-06-17T15:11:32.455,498.456,mission_20260617_150314_manual,MANUAL,,0,13.34197998046875,101.0215072631836,52.09663951686861,4,True,2.9342501163482666,1,0,0,0,-26,0.0,0.0,0.0,0,14,13.341782569885254,101.02132415771484,29.56889998873071,85,26.200000762939453,-1.5,36.0,0,SELECT OWNER FIRST,
2026-06-17T15:11:34.455,500.456,mission_20260617_150314_manual,MANUAL,,0,13.34197998046875,101.0215072631836,52.075342987036514,4,True,1.9305000305175781,1,0,0,0,-26,0.0,0.0,0.0,0,14,13.341782569885254,101.02132415771484,29.56889998873071,85,26.200000762939453,-1.2999999523162842,36.0,0,SELECT OWNER FIRST,
2026-06-17T15:11:36.461,502.461,mission_20260617_150314_manual,MANUAL,,0,13.34197998046875,101.0215072631836,52.06069906145601,4,True,2.9347500801086426,1,0,0,0,0,0.0,0.0,0.0,0,14,13.341782569885254,101.02132415771484,29.56889998873071,85,26.200000762939453,-1.5,36.0,0,SELECT OWNER FIRST,
2026-06-17T15:11:38.463,504.463,mission_20260617_150314_manual,MANUAL,,0,13.34197998046875,101.0215072631836,52.04227121107532,4,True,2.934499979019165,1,0,0,0,-26,0.0,0.0,0.0,0,14,13.341782569885254,101.02132415771484,29.56889998873071,85,26.200000762939453,-1.399999976158142,36.0,0,SELECT OWNER FIRST,
2026-06-17T15:11:40.464,506.464,mission_20260617_150314_manual,MANUAL,,0,13.34197998046875,101.0215072631836,52.022808587035364,4,True,2.9347500801086426,1,0,0,0,0,0.0,0.0,0.0,0,14,13.341782569885254,101.02132415771484,29.56889998873071,85,26.200000762939453,-1.399999976158142,36.0,0,SELECT OWNER FIRST,
2026-06-17T15:11:42.465,508.465,mission_20260617_150314_manual,MANUAL,,0,13.341979026794434,101.0215072631836,52.011552435283186,4,True,1.9325000047683716,1,0,0,0,-26,0.0,0.0,0.0,0,14,13.341782569885254,101.02132415771484,29.490261936915243,85,26.200000762939453,-1.2000000476837158,36.0,0,SELECT OWNER FIRST,
2026-06-17T15:11:44.465,510.466,mission_20260617_150314_manual,MANUAL,,0,13.341979026794434,101.0215072631836,51.991417037609985,4,True,1.933500051498413,1,0,0,0,-26,0.0,0.0,0.0,0,14,13.341782569885254,101.02132415771484,29.490261936915243,85,26.200000762939453,-1.2000000476837158,36.0,0,SELECT OWNER FIRST,
2026-06-17T15:11:46.466,512.466,mission_20260617_150314_manual,MANUAL,,0,13.341979026794434,101.0215072631836,51.97853188574076,4,True,2.9312500953674316,1,0,0,0,-2,0.0,0.0,0.0,0,14,13.341782569885254,101.02132415771484,29.490261936915243,85,26.200000762939453,-1.100000023841858,36.0,0,SELECT OWNER FIRST,
2026-06-17T15:11:48.467,514.467,mission_20260617_150314_manual,MANUAL,,0,13.341979026794434,101.0215072631836,51.96664394149035,4,True,1.9317500591278076,1,0,0,0,0,0.0,0.0,0.0,0,14,13.341782569885254,101.02132415771484,29.490261936915243,85,26.200000762939453,-1.2000000476837158,36.0,0,SELECT OWNER FIRST,
2026-06-17T15:11:50.470,516.471,mission_20260617_150314_manual,MANUAL,,0,13.341979026794434,101.0215072631836,51.95527167652228,4,True,2.9337499141693115,1,0,0,0,-26,0.0,0.0,0.0,0,14,13.341782569885254,101.02132415771484,29.490261936915243,85,26.200000762939453,-1.100000023841858,36.0,0,SELECT OWNER FIRST,
2026-06-17T15:11:52.472,518.473,mission_20260617_150314_manual,MANUAL,,0,13.341979026794434,101.0215072631836,51.939135354608126,4,True,1.93149995803833,1,0,0,0,-26,0.0,0.0,0.0,0,14,13.341782569885254,101.02132415771484,29.490261936915243,85,26.200000762939453,-1.2999999523162842,36.0,0,SELECT OWNER FIRST,
2026-06-17T15:11:54.514,520.514,mission_20260617_150314_manual,MANUAL,,0,13.341978073120117,101.0215072631836,51.92582331591577,4,True,2.931999921798706,1,0,0,0,-26,0.0,0.0,0.0,0,14,13.341782569885254,101.02132415771484,29.411795970735444,85,26.200000762939453,-1.2999999523162842,36.0,0,SELECT OWNER FIRST,
2026-06-17T15:11:56.528,522.528,mission_20260617_150314_manual,MANUAL,,0,13.341979026794434,101.0215072631836,51.91392854147619,4,True,1.9317500591278076,1,0,0,0,-26,0.0,0.0,0.0,0,14,13.341782569885254,101.02132415771484,29.490261936915243,85,26.200000762939453,-1.2999999523162842,36.0,0,SELECT OWNER FIRST,
2026-06-17T15:11:58.530,524.531,mission_20260617_150314_manual,MANUAL,,0,13.341979026794434,101.0215072631836,51.91485744720331,4,True,1.9329999685287476,1,0,0,0,-26,0.0,0.0,0.0,0,14,13.341782569885254,101.02132415771484,29.490261936915243,85,26.200000762939453,-1.5,36.0,0,SELECT OWNER FIRST,
2026-06-17T15:12:00.535,526.536,mission_20260617_150314_manual,MANUAL,,0,13.34197998046875,101.0215072631836,51.9134470131397,4,True,2.933000087738037,1,0,0,0,-26,0.0,0.0,0.0,0,14,13.341782569885254,101.02132415771484,29.56889998873071,85,26.200000762939453,-1.2000000476837158,36.0,0,SELECT OWNER FIRST,
2026-06-17T15:12:02.560,528.56,mission_20260617_150314_manual,MANUAL,,0,13.341979026794434,101.0215072631836,51.92742158018155,4,True,1.9317500591278076,1,0,0,0,-26,0.0,0.0,0.0,0,14,13.341782569885254,101.02132415771484,29.490261936915243,85,26.200000762939453,-1.399999976158142,36.0,0,SELECT OWNER FIRST,
2026-06-17T15:12:04.579,530.58,mission_20260617_150314_manual,MANUAL,,0,13.341979026794434,101.0215072631836,51.956979223814784,4,True,1.9305000305175781,1,0,0,0,-26,0.0,0.0,0.0,0,14,13.341782569885254,101.02132415771484,29.490261936915243,85,26.200000762939453,-1.5,36.0,0,SELECT OWNER FIRST,
2026-06-17T15:12:06.605,532.606,mission_20260617_150314_manual,MANUAL,,0,13.341979026794434,101.0215072631836,51.97891779142886,4,True,2.937000036239624,1,0,0,0,-26,0.0,0.0,0.0,0,14,13.341782569885254,101.02132415771484,29.490261936915243,85,26.200000762939453,-1.399999976158142,36.0,0,SELECT OWNER FIRST,
2026-06-17T15:12:08.605,534.606,mission_20260617_150314_manual,MANUAL,,0,13.341979026794434,101.0215072631836,52.00160426475706,4,True,1.9327499866485596,1,0,0,0,-26,0.0,0.0,0.0,0,14,13.341782569885254,101.02132415771484,29.490261936915243,85,26.200000762939453,-1.2999999523162842,36.0,0,SELECT OWNER FIRST,
2026-06-17T15:12:10.643,536.644,mission_20260617_150314_manual,MANUAL,,0,13.341979026794434,101.0215072631836,52.00739626517323,4,True,2.9317500591278076,1,0,0,0,-26,0.0,0.0,0.0,0,14,13.341782569885254,101.02132415771484,29.490261936915243,85,26.299999237060547,-1.399999976158142,36.0,0,SELECT OWNER FIRST,
2026-06-17T15:12:12.650,538.65,mission_20260617_150314_manual,MANUAL,,0,13.341979026794434,101.0215072631836,52.024406851301144,4,True,2.937000036239624,1,0,0,0,-26,0.0,0.0,0.0,0,14,13.341782569885254,101.02132415771484,29.490261936915243,85,26.200000762939453,-1.2000000476837158,36.0,0,SELECT OWNER FIRST,
2026-06-17T15:12:14.657,540.658,mission_20260617_150314_manual,MANUAL,,0,13.341979026794434,101.0215072631836,52.02763070058939,4,True,2.9342501163482666,1,0,0,0,-26,0.0,0.0,0.0,0,14,13.341782569885254,101.02132415771484,29.490261936915243,85,26.200000762939453,-1.2000000476837158,36.0,0,SELECT OWNER FIRST,
2026-06-17T15:12:16.658,542.659,mission_20260617_150314_manual,MANUAL,,0,13.34197998046875,101.0215072631836,52.02113860578329,4,True,2.933500051498413,1,0,0,0,-26,0.0,0.0,0.0,0,14,13.341782569885254,101.02132415771484,29.56889998873071,85,26.200000762939453,-1.2999999523162842,36.0,0,SELECT OWNER FIRST,
2026-06-17T15:12:18.670,544.671,mission_20260617_150314_manual,MANUAL,,0,13.34197998046875,101.0215072631836,52.02499083247518,4,True,1.9322500228881836,1,0,0,0,-26,0.0,0.0,0.0,0,14,13.341782569885254,101.02132415771484,29.56889998873071,85,26.200000762939453,-3.4000000953674316,36.0,0,SELECT OWNER FIRST,
2026-06-17T15:12:20.683,546.684,mission_20260617_150314_manual,MANUAL,,0,13.34197998046875,101.0215072631836,52.05379374020513,4,True,2.9337499141693115,1,0,0,0,-26,0.0,0.0,0.0,0,14,13.341782569885254,101.02132415771484,29.56889998873071,85,26.200000762939453,-1.2000000476837158,36.0,0,SELECT OWNER FIRST,
2026-06-17T15:12:22.687,548.687,mission_20260617_150314_manual,MANUAL,,0,13.341980934143066,101.0215072631836,52.066460326020916,4,True,2.934499979019165,1,0,0,0,-26,0.0,0.0,0.0,0,14,13.341782569885254,101.02132415771484,29.6477087568539,85,26.200000762939453,-1.5,36.0,0,SELECT OWNER FIRST,
2026-06-17T15:12:24.691,550.692,mission_20260617_150314_manual,MANUAL,,0,13.341980934143066,101.0215072631836,52.07099215653522,4,True,2.934000015258789,1,0,0,0,-26,0.0,0.0,0.0,0,14,13.341782569885254,101.02132415771484,29.6477087568539,85,26.200000762939453,-1.2000000476837158,36.0,0,SELECT OWNER FIRST,
2026-06-17T15:12:26.696,552.696,mission_20260617_150314_manual,MANUAL,,0,13.341981887817383,101.0215072631836,52.073813024662435,4,True,2.934000015258789,1,0,0,0,-26,0.0,0.0,0.0,0,14,13.341782569885254,101.02132415771484,29.726686883520827,85,26.200000762939453,-1.2999999523162842,36.0,0,SELECT OWNER FIRST,
2026-06-17T15:12:28.701,554.701,mission_20260617_150314_manual,MANUAL,,0,13.3419828414917,101.0215072631836,52.0847310820507,4,True,2.934999942779541,1,0,0,0,-26,0.0,0.0,0.0,0,14,13.341782569885254,101.02132415771484,29.805833022456056,85,26.200000762939453,-1.399999976158142,36.0,0,SELECT OWNER FIRST,
2026-06-17T15:12:30.709,556.709,mission_20260617_150314_manual,MANUAL,,0,13.341983795166016,101.0215072631836,52.08589562930419,4,True,1.930999994277954,1,0,0,0,-26,0.0,0.0,0.0,0,14,13.341782569885254,101.02132415771484,29.88514583879691,85,26.200000762939453,-1.100000023841858,36.0,0,SELECT OWNER FIRST,
2026-06-17T15:12:32.711,558.711,mission_20260617_150314_manual,MANUAL,,0,13.341983795166016,101.0215072631836,52.101229403990864,4,True,2.9387500286102295,1,0,0,0,-26,0.0,0.0,0.0,0,14,13.341782569885254,101.02132415771484,29.88514583879691,85,26.200000762939453,-1.399999976158142,36.0,0,SELECT OWNER FIRST,
2026-06-17T15:12:34.717,560.717,mission_20260617_150314_manual,MANUAL,,0,13.341984748840332,101.0215072631836,52.11608848053023,4,True,2.9377501010894775,1,0,0,36,0,0.0,0.0,0.0,0,14,13.341782569885254,101.02132415771484,29.964624009017264,85,26.200000762939453,-1.2000000476837158,36.0,0,SELECT OWNER FIRST,
2026-06-17T15:12:36.718,562.719,mission_20260617_150314_manual,MANUAL,,0,13.341985702514648,101.0215072631836,52.11385842376622,4,True,1.9320000410079956,1,0,0,0,-26,0.0,0.0,0.0,0,14,13.341782569885254,101.02132415771484,30.04426622085107,85,26.200000762939453,-1.5,36.0,0,SELECT OWNER FIRST,
2026-06-17T15:12:38.720,564.72,mission_20260617_150314_manual,MANUAL,,0,13.341985702514648,101.0215072631836,52.10838744224104,4,True,1.931249976158142,1,0,0,0,-26,0.0,0.0,0.0,0,14,13.341782569885254,101.02132415771484,30.04426622085107,85,26.200000762939453,-1.2999999523162842,36.0,0,SELECT OWNER FIRST,
2026-06-17T15:12:40.721,566.721,mission_20260617_150314_manual,MANUAL,,0,13.341986656188965,101.0215072631836,52.09502417712991,4,True,1.9322500228881836,1,0,0,0,0,0.0,0.0,0.0,0,14,13.341782569885254,101.02132415771484,30.124071173215558,85,26.200000762939453,-1.2999999523162842,36.0,0,SELECT OWNER FIRST,
2026-06-17T15:12:42.726,568.727,mission_20260617_150314_manual,MANUAL,,0,13.341986656188965,101.0215072631836,52.07631287389866,4,True,2.934000015258789,1,0,0,0,-26,0.0,0.0,0.0,0,14,13.341782569885254,101.02132415771484,30.124071173215558,85,26.200000762939453,-1.2000000476837158,36.0,0,SELECT OWNER FIRST,
2026-06-17T15:12:44.728,570.728,mission_20260617_150314_manual,MANUAL,,0,13.341986656188965,101.0215072631836,52.052390136330686,4,True,1.9325000047683716,1,0,0,0,-26,0.0,0.0,0.0,0,14,13.341782569885254,101.02132415771484,30.124071173215558,85,26.299999237060547,-1.399999976158142,36.0,0,SELECT OWNER FIRST,
2026-06-17T15:12:46.763,572.764,mission_20260617_150314_manual,MANUAL,,0,13.341986656188965,101.0215072631836,52.02654470051136,4,True,2.934000015258789,1,0,0,0,-26,0.0,0.0,0.0,0,14,13.341782569885254,101.02132415771484,30.124071173215558,85,26.299999237060547,-1.2999999523162842,36.0,0,SELECT OWNER FIRST,
2026-06-17T15:12:48.765,574.766,mission_20260617_150314_manual,MANUAL,,0,13.341986656188965,101.0215072631836,52.00205847233686,4,True,2.9322500228881836,1,0,0,0,-26,0.0,0.0,0.0,0,14,13.341782569885254,101.02132415771484,30.124071173215558,85,26.200000762939453,-1.2000000476837158,36.0,0,SELECT OWNER FIRST,
2026-06-17T15:12:50.767,576.768,mission_20260617_150314_manual,MANUAL,,0,13.341987609863281,101.0215072631836,51.980242848127844,4,True,1.93149995803833,1,0,0,0,-26,0.0,0.0,0.0,0,14,13.341782569885254,101.02132415771484,30.204037576134187,85,26.299999237060547,-1.2999999523162842,36.0,0,SELECT OWNER FIRST,
2026-06-17T15:12:52.770,578.771,mission_20260617_150314_manual,MANUAL,,0,13.341987609863281,101.0215072631836,51.961784261895886,4,True,1.9327499866485596,1,0,0,0,0,0.0,0.0,0.0,0,14,13.341782569885254,101.02132415771484,30.204037576134187,85,26.200000762939453,-1.0,36.0,0,SELECT OWNER FIRST,
2026-06-17T15:12:54.771,580.772,mission_20260617_150314_manual,MANUAL,,0,13.341987609863281,101.0215072631836,51.94812388355586,4,True,1.9325000047683716,1,0,0,0,-26,0.0,0.0,0.0,0,14,13.341782569885254,101.02132415771484,30.204037576134187,85,26.299999237060547,-1.399999976158142,36.0,0,SELECT OWNER FIRST,
2026-06-17T15:12:56.777,582.777,mission_20260617_150314_manual,MANUAL,,0,13.341987609863281,101.02151489257812,51.940877052846474,4,True,2.931999921798706,1,0,0,0,-26,0.0,0.0,0.0,0,14,13.341782569885254,101.02132415771484,30.7517670402556,85,26.200000762939453,-1.2000000476837158,36.0,0,SELECT OWNER FIRST,
2026-06-17T15:12:58.783,584.784,mission_20260617_150314_manual,MANUAL,,0,13.341988563537598,101.02151489257812,51.918692598422275,4,True,1.9325000047683716,1,0,0,0,-26,0.0,0.0,0.0,0,14,13.341782569885254,101.02132415771484,30.830470128914804,85,26.200000762939453,-1.2000000476837158,36.0,0,SELECT OWNER FIRST,
2026-06-17T15:13:00.790,586.79,mission_20260617_150314_manual,MANUAL,,0,13.341989517211914,101.02151489257812,51.90148052171384,4,True,2.9332499504089355,1,0,0,0,-26,0.0,0.0,0.0,0,14,13.341782569885254,101.02132415771484,30.90933663464247,85,26.299999237060547,-1.2999999523162842,36.0,0,SELECT OWNER FIRST,
2026-06-17T15:13:02.796,588.796,mission_20260617_150314_manual,MANUAL,,0,13.341989517211914,101.02151489257812,51.90018620086612,4,True,2.9342501163482666,1,0,0,0,-26,0.0,0.0,0.0,0,14,13.341782569885254,101.02132415771484,30.90933663464247,85,26.200000762939453,-1.2999999523162842,36.0,0,SELECT OWNER FIRST,
2026-06-17T15:13:04.798,590.799,mission_20260617_150314_manual,MANUAL,,0,13.34199047088623,101.02151489257812,51.89512844578573,4,True,2.934999942779541,1,0,0,0,0,0.0,0.0,0.0,0,14,13.341782569885254,101.02132415771484,30.988365309731645,85,36.0,0.0,0.0,0,SELECT OWNER FIRST,
2026-06-17T15:13:06.799,592.8,mission_20260617_150314_manual,MANUAL,,0,13.34199047088623,101.02151489257812,51.893817049465085,4,True,2.936500072479248,1,0,0,0,-26,0.0,0.0,0.0,0,14,13.341782569885254,101.02132415771484,30.988365309731645,85,26.299999237060547,-1.2999999523162842,36.0,0,SELECT OWNER FIRST,
2026-06-17T15:13:08.801,594.801,mission_20260617_150314_manual,MANUAL,,0,13.34199047088623,101.02151489257812,51.89570901186518,4,True,2.9337499141693115,1,0,0,0,-26,0.0,0.0,0.0,0,14,13.341782569885254,101.02132415771484,30.988365309731645,85,26.299999237060547,-1.399999976158142,36.0,0,SELECT OWNER FIRST,
2026-06-17T15:13:10.805,596.805,mission_20260617_150314_manual,MANUAL,,0,13.34199047088623,101.02151489257812,51.91277082441187,4,True,2.934000015258789,1,0,0,0,0,0.0,0.0,0.0,0,14,13.341782569885254,101.02132415771484,30.988365309731645,85,26.200000762939453,-1.2999999523162842,36.0,0,SELECT OWNER FIRST,
2026-06-17T15:13:12.815,598.815,mission_20260617_150314_manual,MANUAL,,0,13.34199047088623,101.02151489257812,51.92358642896259,4,True,1.9320000410079956,1,0,0,0,-26,0.0,0.0,0.0,0,14,13.341782569885254,101.02132415771484,30.988365309731645,85,26.200000762939453,-1.2000000476837158,36.0,0,SELECT OWNER FIRST,
2026-06-17T15:13:14.862,600.862,mission_20260617_150314_manual,MANUAL,,0,13.341991424560547,101.02151489257812,51.9288900708531,4,True,1.931249976158142,1,0,0,0,-26,0.0,0.0,0.0,0,14,13.341782569885254,101.02132415771484,31.06755491661829,85,26.299999237060547,-1.2000000476837158,36.0,0,SELECT OWNER FIRST,
2026-06-17T15:13:16.867,602.867,mission_20260617_150314_manual,MANUAL,,0,13.341991424560547,101.02151489257812,51.93464792032342,4,True,2.9342501163482666,1,0,0,0,0,0.0,0.0,0.0,0,14,13.341782569885254,101.02132415771484,31.06755491661829,85,26.299999237060547,-1.2999999523162842,36.0,0,SELECT OWNER FIRST,
2026-06-17T15:13:18.875,604.875,mission_20260617_150314_manual,MANUAL,,0,13.341991424560547,101.02151489257812,51.93674137330403,4,True,2.935499906539917,1,0,0,0,-26,0.0,0.0,0.0,0,14,13.341782569885254,101.02132415771484,31.06755491661829,85,26.299999237060547,-1.2000000476837158,36.0,0,SELECT OWNER FIRST,
2026-06-17T15:13:20.878,606.878,mission_20260617_150314_manual,MANUAL,,0,13.341991424560547,101.02151489257812,51.92641754237356,4,True,1.9325000047683716,1,0,0,0,-26,0.0,0.0,0.0,0,14,13.341782569885254,101.02132415771484,31.06755491661829,85,26.299999237060547,-1.2000000476837158,36.0,0,SELECT OWNER FIRST,
2026-06-17T15:13:22.880,608.881,mission_20260617_150314_manual,MANUAL,,0,13.341991424560547,101.02151489257812,51.91403782450291,4,True,2.93149995803833,1,0,0,0,0,0.0,0.0,0.0,0,14,13.341782569885254,101.02132415771484,31.06755491661829,85,0.0,0.0,0.0,0,SELECT OWNER FIRST,
2026-06-17T15:13:24.888,610.888,mission_20260617_150314_manual,MANUAL,,0,13.34199047088623,101.02151489257812,51.90935914492145,4,True,2.934000015258789,1,0,0,0,-26,0.0,0.0,0.0,0,14,13.341782569885254,101.02132415771484,30.988365309731645,85,26.299999237060547,-1.2999999523162842,36.0,0,SELECT OWNER FIRST,
2026-06-17T15:13:26.921,612.921,mission_20260617_150314_manual,MANUAL,,0,13.341988563537598,101.0215072631836,51.923617164813855,4,True,2.9352500438690186,1,0,0,0,1,0.0,0.0,0.0,0,14,13.341782569885254,101.02132415771484,30.284164150659336,85,36.0,0.0,0.0,0,SELECT OWNER FIRST,
2026-06-17T15:13:28.963,614.963,mission_20260617_150314_manual,MANUAL,,0,13.341987609863281,101.0215072631836,51.95277865747522,4,True,2.931999921798706,1,0,0,0,-26,0.0,0.0,0.0,0,14,13.341782569885254,101.02132415771484,30.204037576134187,85,26.299999237060547,-1.2999999523162842,36.0,0,SELECT OWNER FIRST,
2026-06-17T15:13:30.969,616.97,mission_20260617_150314_manual,MANUAL,,0,13.341985702514648,101.0215072631836,51.97265450795996,4,True,2.9352500438690186,1,0,0,0,-26,0.0,0.0,0.0,0,14,13.341782569885254,101.02132415771484,30.04426622085107,85,26.299999237060547,-1.399999976158142,36.0,0,SELECT OWNER FIRST,
2026-06-17T15:13:32.974,618.974,mission_20260617_150314_manual,MANUAL,,0,13.341984748840332,101.0215072631836,51.98912892423803,4,True,2.934499979019165,1,0,0,0,-26,0.0,0.0,0.0,0,14,13.341782569885254,101.02132415771484,29.964624009017264,85,26.299999237060547,-1.2999999523162842,36.0,0,SELECT OWNER FIRST,
2026-06-17T15:13:35.009,621.009,mission_20260617_150314_manual,MANUAL,,0,13.341983795166016,101.02149963378906,51.998469207928025,4,True,2.9362499713897705,1,0,0,0,-26,0.0,0.0,0.0,0,14,13.341782569885254,101.02132415771484,29.344461106681518,85,26.299999237060547,-1.2000000476837158,36.0,0,SELECT OWNER FIRST,
2026-06-17T15:13:37.024,623.025,mission_20260617_150314_manual,MANUAL,,0,13.3419828414917,101.02149963378906,52.01001564271993,4,True,2.933000087738037,1,0,0,0,-26,0.0,0.0,0.0,0,14,13.341782569885254,101.02132415771484,29.26368291708169,85,26.299999237060547,-1.2999999523162842,36.0,0,SELECT OWNER FIRST,
2026-06-17T15:13:39.041,625.042,mission_20260617_150314_manual,MANUAL,,0,13.341981887817383,101.02149963378906,52.02140156806634,4,True,2.935499906539917,1,0,0,36,0,0.0,0.0,0.0,0,14,13.341782569885254,101.02132415771484,29.183066471045127,85,2.0,-1.2999999523162842,36.0,0,SELECT OWNER FIRST,
2026-06-17T15:13:41.047,627.047,mission_20260617_150314_manual,MANUAL,,0,13.341980934143066,101.02149963378906,52.03871951270691,4,True,1.9317500591278076,1,0,0,0,0,0.0,0.0,0.0,0,14,13.341782569885254,101.02132415771484,29.102613112697686,85,26.299999237060547,-1.2999999523162842,36.0,0,SELECT OWNER FIRST,
2026-06-17T15:13:43.064,629.064,mission_20260617_150314_manual,MANUAL,,0,13.34197998046875,101.02149963378906,52.05695270269626,4,True,1.931249976158142,1,0,0,0,-26,0.0,0.0,0.0,0,14,13.341782569885254,101.02132415771484,29.02232419833521,85,26.299999237060547,-1.2000000476837158,36.0,0,SELECT OWNER FIRST,
2026-06-17T15:13:45.077,631.077,mission_20260617_150314_manual,MANUAL,,0,13.341979026794434,101.02149200439453,52.060886891658186,4,True,2.9367499351501465,1,0,0,0,-26,0.0,0.0,0.0,0,14,13.341782569885254,101.02132415771484,28.407555440438024,85,26.299999237060547,-1.2000000476837158,36.0,0,SELECT OWNER FIRST,
2026-06-17T15:13:47.089,633.09,mission_20260617_150314_manual,MANUAL,,0,13.341978073120117,101.02149200439453,52.067754646868636,4,True,2.9322500228881836,1,0,0,0,-26,0.0,0.0,0.0,0,14,13.341782569885254,101.02132415771484,28.326090428620798,85,26.299999237060547,-1.2999999523162842,36.0,0,SELECT OWNER FIRST,
2026-06-17T15:13:49.120,635.121,mission_20260617_150314_manual,MANUAL,,0,13.341978073120117,101.02149200439453,52.05030351353925,4,True,1.931249976158142,1,0,0,0,-26,0.0,0.0,0.0,0,14,13.341782569885254,101.02132415771484,28.326090428620798,85,26.299999237060547,-1.2999999523162842,36.0,0,SELECT OWNER FIRST,
2026-06-17T15:13:51.122,637.122,mission_20260617_150314_manual,MANUAL,,0,13.341978073120117,101.02149200439453,52.0394503429481,4,True,2.935499906539917,1,0,0,0,-26,0.0,0.0,0.0,0,14,13.341782569885254,101.02132415771484,28.326090428620798,85,26.299999237060547,-1.399999976158142,36.0,0,SELECT OWNER FIRST,
2026-06-17T15:13:53.122,639.122,mission_20260617_150314_manual,MANUAL,,0,13.341978073120117,101.02149200439453,52.01150462395899,4,True,1.9302500486373901,1,0,0,0,0,0.0,0.0,0.0,0,14,13.341782569885254,101.02132415771484,28.326090428620798,85,26.299999237060547,-1.2000000476837158,36.0,0,SELECT OWNER FIRST,
2026-06-17T15:13:55.123,641.124,mission_20260617_150314_manual,MANUAL,,0,13.341978073120117,101.02149200439453,51.984962508844326,4,True,2.931999921798706,1,0,0,0,-26,0.0,0.0,0.0,0,14,13.341782569885254,101.02132415771484,28.326090428620798,85,26.299999237060547,-1.399999976158142,36.0,0,SELECT OWNER FIRST,
2026-06-17T15:13:57.125,643.126,mission_20260617_150314_manual,MANUAL,,0,13.341979026794434,101.02149200439453,51.96077680899331,4,True,1.9329999685287476,1,0,0,0,-26,0.0,0.0,0.0,0,14,13.341782569885254,101.02132415771484,28.407555440438024,85,26.299999237060547,-1.2999999523162842,36.0,0,SELECT OWNER FIRST,
2026-06-17T15:13:59.134,645.135,mission_20260617_150314_manual,MANUAL,,0,13.341979026794434,101.02149200439453,51.92897544821773,4,True,1.9322500228881836,1,0,0,0,-26,0.0,0.0,0.0,0,14,13.341782569885254,101.02132415771484,28.407555440438024,85,26.299999237060547,-1.399999976158142,36.0,0,SELECT OWNER FIRST,
2026-06-17T15:14:01.136,647.137,mission_20260617_150314_manual,MANUAL,,0,13.341978073120117,101.02149200439453,51.911114503538144,4,True,1.9327499866485596,1,0,0,0,-26,0.0,0.0,0.0,0,14,13.341782569885254,101.02132415771484,28.326090428620798,85,26.299999237060547,-1.2999999523162842,36.0,0,SELECT OWNER FIRST,
2026-06-17T15:14:03.141,649.142,mission_20260617_150314_manual,MANUAL,,0,13.341979026794434,101.02149200439453,51.89679159684863,4,True,2.9337499141693115,1,0,0,0,-26,0.0,0.0,0.0,0,14,13.341782569885254,101.02132415771484,28.407555440438024,85,26.299999237060547,-1.2000000476837158,36.0,0,SELECT OWNER FIRST,
2026-06-17T15:14:05.142,651.143,mission_20260617_150314_manual,MANUAL,,0,13.341979026794434,101.02149200439453,51.87764657660508,4,True,2.935499906539917,1,0,0,0,-26,0.0,0.0,0.0,0,14,13.341782569885254,101.02132415771484,28.407555440438024,85,26.299999237060547,-1.2999999523162842,36.0,0,SELECT OWNER FIRST,
2026-06-17T15:14:07.143,653.143,mission_20260617_150314_manual,MANUAL,,0,13.341978073120117,101.02149200439453,51.88366055816928,4,True,1.9325000047683716,1,0,0,0,-26,0.0,0.0,0.0,0,14,13.341782569885254,101.02132415771484,28.326090428620798,85,26.299999237060547,-1.2000000476837158,36.0,0,SELECT OWNER FIRST,
2026-06-17T15:14:09.146,655.146,mission_20260617_150314_manual,MANUAL,,0,13.3419771194458,101.02149200439453,51.92274290060009,4,True,2.9347500801086426,1,0,0,0,-26,0.0,0.0,0.0,0,14,13.341782569885254,101.02132415771484,28.24478858818438,85,26.299999237060547,-1.2999999523162842,36.0,0,SELECT OWNER FIRST,
2026-06-17T15:14:11.147,657.147,mission_20260617_150314_manual,MANUAL,,0,13.341976165771484,101.02149200439453,51.963044431797755,4,True,1.930999994277954,1,0,0,0,-26,0.0,0.0,0.0,0,14,13.341782569885254,101.02132415771484,28.16365133224107,85,26.299999237060547,-1.2999999523162842,36.0,0,SELECT OWNER FIRST,
2026-06-17T15:14:13.149,659.15,mission_20260617_150314_manual,MANUAL,,0,13.341976165771484,101.02149200439453,51.989265528021434,4,True,2.937999963760376,1,0,0,0,-26,0.0,0.0,0.0,0,14,13.341782569885254,101.02132415771484,28.16365133224107,85,26.299999237060547,-1.399999976158142,36.0,0,SELECT OWNER FIRST,
2026-06-17T15:14:15.152,661.152,mission_20260617_150314_manual,MANUAL,,0,13.341976165771484,101.02149963378906,52.00765922745627,4,True,2.9357500076293945,1,0,0,0,-26,0.0,0.0,0.0,0,14,13.341782569885254,101.02132415771484,28.702840537771987,85,26.299999237060547,-1.5,36.0,0,SELECT OWNER FIRST,
2026-06-17T15:14:17.153,663.154,mission_20260617_150314_manual,MANUAL,,0,13.341976165771484,101.02149963378906,52.0138712845064,4,True,1.931249976158142,1,0,0,0,-26,0.0,0.0,0.0,0,14,13.341782569885254,101.02132415771484,28.702840537771987,85,26.299999237060547,-1.2999999523162842,36.0,0,SELECT OWNER FIRST,
2026-06-17T15:14:19.178,665.178,mission_20260617_150314_manual,MANUAL,,0,13.341975212097168,101.02149963378906,52.02725845527963,4,True,2.93149995803833,1,0,0,0,-26,0.0,0.0,0.0,0,14,13.341782569885254,101.02132415771484,28.62339462018095,85,26.299999237060547,-1.399999976158142,36.0,0,SELECT OWNER FIRST,
2026-06-17T15:14:21.218,667.218,mission_20260617_150314_manual,MANUAL,,0,13.341975212097168,101.02149963378906,52.03825505984335,4,True,1.9327499866485596,1,0,0,0,-26,0.0,0.0,0.0,0,14,13.341782569885254,101.02132415771484,28.62339462018095,85,26.299999237060547,-1.2999999523162842,36.0,0,SELECT OWNER FIRST,
2026-06-17T15:14:23.219,669.219,mission_20260617_150314_manual,MANUAL,,0,13.341975212097168,101.02149963378906,52.04588096605167,4,True,1.9320000410079956,1,0,0,0,-26,0.0,0.0,0.0,0,14,13.341782569885254,101.02132415771484,28.62339462018095,85,26.299999237060547,-1.2000000476837158,36.0,0,SELECT OWNER FIRST,
2026-06-17T15:14:25.224,671.225,mission_20260617_150314_manual,MANUAL,,0,13.341976165771484,101.02149963378906,52.055129042187865,4,True,2.934000015258789,1,0,0,0,-26,0.0,0.0,0.0,0,14,13.341782569885254,101.02132415771484,28.702840537771987,85,26.299999237060547,-1.399999976158142,36.0,0,SELECT OWNER FIRST,
2026-06-17T15:14:27.237,673.238,mission_20260617_150314_manual,MANUAL,,0,13.341976165771484,101.02149963378906,52.05763572161326,4,True,2.931999921798706,1,0,0,0,-26,0.0,0.0,0.0,0,14,13.341782569885254,101.02132415771484,28.702840537771987,85,26.299999237060547,-1.2000000476837158,36.0,0,SELECT OWNER FIRST,
2026-06-17T15:14:29.254,675.254,mission_20260617_150314_manual,MANUAL,,0,13.341976165771484,101.0215072631836,52.03405449350379,4,True,2.937000036239624,1,0,0,0,-26,0.0,0.0,0.0,0,14,13.341782569885254,101.02132415771484,29.255385830864064,85,26.299999237060547,-1.2000000476837158,36.0,0,SELECT OWNER FIRST,
2026-06-17T15:14:31.333,677.333,mission_20260617_150314_manual,MANUAL,,0,13.3419771194458,101.0215072631836,52.0106132842723,4,True,1.9320000410079956,1,0,0,0,-26,0.0,0.0,0.0,0,14,13.341782569885254,101.02132415771484,29.33350347115825,85,26.299999237060547,-1.2000000476837158,36.0,0,SELECT OWNER FIRST,
2026-06-17T15:14:33.338,679.339,mission_20260617_150314_manual,MANUAL,,0,13.3419771194458,101.0215072631836,51.988428829848104,4,True,1.9322500228881836,1,0,0,0,-26,0.0,0.0,0.0,0,14,13.341782569885254,101.02132415771484,29.33350347115825,85,26.299999237060547,-1.5,36.0,0,SELECT OWNER FIRST,
2026-06-17T15:14:35.361,681.362,mission_20260617_150314_manual,MANUAL,,0,13.341978073120117,101.0215072631836,51.967869960446365,4,True,2.9387500286102295,1,0,0,0,-26,0.0,0.0,0.0,0,14,13.341782569885254,101.02132415771484,29.411795970735444,85,26.299999237060547,-1.2999999523162842,36.0,0,SELECT OWNER FIRST,
2026-06-17T15:14:37.390,683.39,mission_20260617_150314_manual,MANUAL,,0,13.341978073120117,101.0215072631836,51.946361694749996,4,True,1.931249976158142,1,0,0,0,-26,0.0,0.0,0.0,0,14,13.341782569885254,101.02132415771484,29.411795970735444,85,26.299999237060547,-1.2999999523162842,36.0,0,SELECT OWNER FIRST,
2026-06-17T15:14:39.392,685.393,mission_20260617_150314_manual,MANUAL,,0,13.341978073120117,101.0215072631836,51.93437129766204,4,True,1.9322500228881836,1,0,0,0,-26,0.0,0.0,0.0,0,14,13.341782569885254,101.02132415771484,29.411795970735444,85,26.299999237060547,-1.2999999523162842,36.0,0,SELECT OWNER FIRST,
2026-06-17T15:14:41.401,687.401,mission_20260617_150314_manual,MANUAL,,0,13.341978073120117,101.0215072631836,51.9235625233005,4,True,2.9307498931884766,1,0,0,0,0,0.0,0.0,0.0,0,14,13.341782569885254,101.02132415771484,29.411795970735444,85,26.299999237060547,0.0,0.0,0,SELECT OWNER FIRST,
2026-06-17T15:14:43.405,689.405,mission_20260617_150314_manual,MANUAL,,0,13.341978073120117,101.02151489257812,51.90784284292571,4,True,1.9325000047683716,1,0,0,0,1,0.0,0.0,0.0,0,14,13.341782569885254,101.02132415771484,29.974005967500617,85,36.0,0.0,0.0,0,SELECT OWNER FIRST,
2026-06-17T15:14:45.407,691.408,mission_20260617_150314_manual,MANUAL,,0,13.341978073120117,101.02151489257812,51.9053395785949,4,True,1.9307500123977661,1,0,0,0,-26,0.0,0.0,0.0,0,14,13.341782569885254,101.02132415771484,29.974005967500617,85,26.299999237060547,-1.2000000476837158,36.0,0,SELECT OWNER FIRST,
2026-06-17T15:14:47.408,693.408,mission_20260617_150314_manual,MANUAL,,0,13.341978073120117,101.02151489257812,51.91529457931019,4,True,2.931999921798706,1,0,0,-255,255,0.0,0.0,0.0,0,14,13.341782569885254,101.02132415771484,29.974005967500617,85,26.299999237060547,-1.399999976158142,36.0,0,SELECT OWNER FIRST,
2026-06-17T15:14:49.455,695.456,mission_20260617_150314_manual,MANUAL,,0,13.341978073120117,101.02151489257812,51.905209805000666,4,True,1.93149995803833,1,0,0,0,-26,0.0,0.0,0.0,0,14,13.341782569885254,101.02132415771484,29.974005967500617,85,26.299999237060547,-1.2999999523162842,36.0,0,SELECT OWNER FIRST,
2026-06-17T15:14:51.459,697.46,mission_20260617_150314_manual,MANUAL,,0,13.3419771194458,101.02151489257812,51.909762126082484,4,True,2.9302499294281006,1,0,0,0,-26,0.0,0.0,0.0,0,14,13.341782569885254,101.02132415771484,29.897185779598765,85,26.299999237060547,-1.2000000476837158,36.0,0,SELECT OWNER FIRST,
2026-06-17T15:14:53.460,699.46,mission_20260617_150314_manual,MANUAL,,0,13.3419771194458,101.02151489257812,51.90807506935749,4,True,2.9372498989105225,1,0,0,0,-26,0.0,0.0,0.0,0,14,13.341782569885254,101.02132415771484,29.897185779598765,85,26.299999237060547,-1.2999999523162842,36.0,0,SELECT OWNER FIRST,
2026-06-17T15:14:55.463,701.464,mission_20260617_150314_manual,MANUAL,,0,13.341976165771484,101.02151489257812,51.899257295139,4,True,2.9322500228881836,1,0,0,0,-26,0.0,0.0,0.0,0,14,13.341782569885254,101.02132415771484,29.820544795357247,85,26.299999237060547,-1.2000000476837158,36.0,0,SELECT OWNER FIRST,
2026-06-17T15:14:57.487,703.487,mission_20260617_150314_manual,MANUAL,,0,13.341976165771484,101.02151489257812,51.89639544587677,4,True,1.9320000410079956,1,0,0,0,-26,0.0,0.0,0.0,0,14,13.341782569885254,101.02132415771484,29.820544795357247,85,26.299999237060547,-1.2000000476837158,36.0,0,SELECT OWNER FIRST,
2026-06-17T15:14:59.490,705.49,mission_20260617_150314_manual,MANUAL,,0,13.341975212097168,101.02151489257812,51.89716725725298,4,True,2.934000015258789,1,0,0,0,-26,0.0,0.0,0.0,0,14,13.341782569885254,101.02132415771484,29.744084400027493,85,26.299999237060547,-1.2000000476837158,36.0,0,SELECT OWNER FIRST,
2026-06-17T15:15:01.492,707.492,mission_20260617_150314_manual,MANUAL,,0,13.341975212097168,101.02151489257812,51.89611199302621,4,True,2.935499906539917,1,0,0,0,0,0.0,0.0,0.0,0,14,13.341782569885254,101.02132415771484,29.744084400027493,85,26.299999237060547,-1.2999999523162842,36.0,0,SELECT OWNER FIRST,
2026-06-17T15:15:03.498,709.498,mission_20260617_150314_manual,MANUAL,,0,13.341975212097168,101.02151489257812,51.894373709882444,4,True,1.934000015258789,1,0,0,0,-26,0.0,0.0,0.0,0,14,13.341782569885254,101.02132415771484,29.744084400027493,85,26.299999237060547,-1.2999999523162842,36.0,0,SELECT OWNER FIRST,
2026-06-17T15:15:05.522,711.522,mission_20260617_150314_manual,MANUAL,,0,13.341974258422852,101.02151489257812,51.88733861503733,4,True,2.9352500438690186,1,0,0,0,-26,0.0,0.0,0.0,0,14,13.341782569885254,101.02132415771484,29.66780598986037,85,26.299999237060547,-1.399999976158142,36.0,0,SELECT OWNER FIRST,
2026-06-17T15:15:07.541,713.542,mission_20260617_150314_manual,MANUAL,,0,13.341973304748535,101.02151489257812,51.8835649355209,4,True,1.9322500228881836,1,0,0,0,-26,0.0,0.0,0.0,0,14,13.341782569885254,101.02132415771484,29.59171097216273,85,26.299999237060547,-1.2999999523162842,36.0,0,SELECT OWNER FIRST,
2026-06-17T15:15:09.548,715.549,mission_20260617_150314_manual,MANUAL,,0,13.341973304748535,101.02151489257812,51.87001725530218,4,True,1.931249976158142,1,0,0,0,-26,0.0,0.0,0.0,0,14,13.341782569885254,101.02132415771484,29.59171097216273,85,26.299999237060547,-1.2999999523162842,36.0,0,SELECT OWNER FIRST,
2026-06-17T15:15:11.560,717.56,mission_20260617_150314_manual,MANUAL,,0,13.341972351074219,101.02151489257812,51.86241525475595,4,True,1.9322500228881836,1,0,0,0,-26,0.0,0.0,0.0,0,14,13.341782569885254,101.02132415771484,29.51580076535317,85,26.299999237060547,-1.2000000476837158,36.0,0,SELECT OWNER FIRST,
2026-06-17T15:15:13.560,719.561,mission_20260617_150314_manual,MANUAL,,0,13.341972351074219,101.02151489257812,51.85834104691604,4,True,2.9332499504089355,1,0,0,0,-26,0.0,0.0,0.0,0,14,13.341782569885254,101.02132415771484,29.51580076535317,85,26.299999237060547,-1.2000000476837158,36.0,0,SELECT OWNER FIRST,
2026-06-17T15:15:15.561,721.561,mission_20260617_150314_manual,MANUAL,,0,13.341972351074219,101.02151489257812,51.85603927316575,4,True,2.9362499713897705,1,0,0,0,-26,0.0,0.0,0.0,0,14,13.341782569885254,101.02132415771484,29.51580076535317,85,26.299999237060547,-1.2999999523162842,36.0,0,SELECT OWNER FIRST,
2026-06-17T15:15:17.563,723.564,mission_20260617_150314_manual,MANUAL,,0,13.341971397399902,101.02151489257812,51.857743405363664,4,True,2.933500051498413,1,0,0,0,-26,0.0,0.0,0.0,0,14,13.341782569885254,101.02132415771484,29.440076799016918,85,26.299999237060547,-1.399999976158142,36.0,0,SELECT OWNER FIRST,
2026-06-17T15:15:19.567,725.568,mission_20260617_150314_manual,MANUAL,,0,13.341971397399902,101.02151489257812,51.86308119820003,4,True,1.9327499866485596,1,0,0,0,-26,0.0,0.0,0.0,0,14,13.341782569885254,101.02132415771484,29.440076799016918,85,26.299999237060547,-1.2000000476837158,36.0,0,SELECT OWNER FIRST,
2026-06-17T15:15:21.569,727.569,mission_20260617_150314_manual,MANUAL,,0,13.341971397399902,101.02151489257812,51.86938887789854,4,True,1.9322500228881836,1,0,0,0,-26,0.0,0.0,0.0,0,14,13.341782569885254,101.02132415771484,29.440076799016918,85,26.299999237060547,-1.399999976158142,36.0,0,SELECT OWNER FIRST,
2026-06-17T15:15:23.570,729.571,mission_20260617_150314_manual,MANUAL,,0,13.341970443725586,101.02152252197266,51.8666636324197,4,True,1.9317500591278076,1,0,0,0,-26,0.0,0.0,0.0,0,14,13.341782569885254,101.02132415771484,29.95039697235191,85,26.299999237060547,-1.5,36.0,0,SELECT OWNER FIRST,
2026-06-17T15:15:25.576,731.576,mission_20260617_150314_manual,MANUAL,,0,13.34196949005127,101.02152252197266,51.87626346329816,4,True,2.9352500438690186,1,0,0,0,-26,0.0,0.0,0.0,0,14,13.341782569885254,101.02132415771484,29.876527361033858,85,26.299999237060547,-1.2999999523162842,36.0,0,SELECT OWNER FIRST,
2026-06-17T15:15:27.605,733.605,mission_20260617_150314_manual,MANUAL,,0,13.34196949005127,101.02152252197266,51.88103435043341,4,True,2.9375,1,0,0,0,-26,0.0,0.0,0.0,0,14,13.341782569885254,101.02132415771484,29.876527361033858,85,26.299999237060547,-1.2999999523162842,36.0,0,SELECT OWNER FIRST,
2026-06-17T15:15:29.615,735.616,mission_20260617_150314_manual,MANUAL,,0,13.34196949005127,101.02153015136719,51.885880369649534,4,True,2.933000087738037,1,0,0,0,-26,0.0,0.0,0.0,0,14,13.341782569885254,101.02132415771484,30.47490234829547,85,26.299999237060547,-1.399999976158142,36.0,0,SELECT OWNER FIRST,
2026-06-17T15:15:31.629,737.63,mission_20260617_150314_manual,MANUAL,,0,13.34196949005127,101.02153015136719,51.89076395490609,4,True,1.9329999685287476,1,0,0,0,-26,0.0,0.0,0.0,0,14,13.341782569885254,101.02132415771484,30.47490234829547,85,26.299999237060547,-1.2999999523162842,36.0,0,SELECT OWNER FIRST,
2026-06-17T15:15:33.632,739.633,mission_20260617_150314_manual,MANUAL,,0,13.34196949005127,101.02153778076172,51.89165870968736,4,True,2.934999942779541,1,0,0,0,-26,0.0,0.0,0.0,0,14,13.341782569885254,101.02132415771484,31.083680698440016,85,26.299999237060547,-1.399999976158142,36.0,0,SELECT OWNER FIRST,
2026-06-17T15:15:35.633,741.634,mission_20260617_150314_manual,MANUAL,,0,13.341967582702637,101.02153778076172,51.89379655889758,4,True,2.9337499141693115,1,0,0,0,-26,0.0,0.0,0.0,0,14,13.341782569885254,101.02132415771484,30.94226712291435,85,26.299999237060547,-1.2999999523162842,36.0,0,SELECT OWNER FIRST,
2026-06-17T15:15:37.635,743.636,mission_20260617_150314_manual,MANUAL,,0,13.34196662902832,101.02153778076172,51.91737095681788,4,True,2.934000015258789,1,0,0,0,-26,0.0,0.0,0.0,0,14,13.341782569885254,101.02132415771484,30.871863808415767,85,26.299999237060547,-1.399999976158142,36.0,0,SELECT OWNER FIRST,
2026-06-17T15:15:39.639,745.639,mission_20260617_150314_manual,MANUAL,,0,13.341963768005371,101.02153778076172,51.937311694099726,3,True,1.9297499656677246,1,0,0,0,-26,0.0,0.0,0.0,0,14,13.341782569885254,101.02132415771484,30.661884469419643,85,26.299999237060547,-1.2999999523162842,36.0,0,SELECT OWNER FIRST,
2026-06-17T15:15:41.649,747.649,mission_20260617_150314_manual,MANUAL,,0,13.341960906982422,101.02153015136719,51.95351631790558,3,True,2.9367499351501465,1,0,0,0,-26,0.0,0.0,0.0,0,14,13.341782569885254,101.02132415771484,29.832150851702373,84,26.299999237060547,-1.100000023841858,36.0,0,SELECT OWNER FIRST,
2026-06-17T15:15:43.651,749.652,mission_20260617_150314_manual,MANUAL,,0,13.341958045959473,101.02153015136719,51.95463305383488,3,True,2.9357500076293945,1,0,0,0,-26,0.0,0.0,0.0,0,14,13.341782569885254,101.02132415771484,29.621634629799246,84,26.299999237060547,-1.399999976158142,36.0,0,SELECT OWNER FIRST,
2026-06-17T15:15:45.657,751.657,mission_20260617_150314_manual,MANUAL,,0,13.341955184936523,101.02153015136719,51.952484959340914,3,True,2.9362499713897705,1,0,0,0,-26,0.0,0.0,0.0,0,14,13.341782569885254,101.02132415771484,29.413052660541453,84,26.299999237060547,-1.2000000476837158,36.0,0,SELECT OWNER FIRST,
2026-06-17T15:15:47.660,753.66,mission_20260617_150314_manual,MANUAL,,0,13.341952323913574,101.02153015136719,51.93972275087675,3,True,2.9357500076293945,1,0,0,0,-26,0.0,0.0,0.0,0,14,13.341782569885254,101.02132415771484,29.206446385175205,84,26.299999237060547,-1.2999999523162842,36.0,0,SELECT OWNER FIRST,
2026-06-17T15:15:49.692,755.693,mission_20260617_150314_manual,MANUAL,,0,13.341950416564941,101.02153015136719,51.92760599528914,3,True,2.9317500591278076,1,0,0,0,-26,0.0,0.0,0.0,0,14,13.341782569885254,101.02132415771484,29.06982729513415,84,26.299999237060547,-1.399999976158142,36.0,0,SELECT OWNER FIRST,
2026-06-17T15:15:51.706,757.707,mission_20260617_150314_manual,MANUAL,,0,13.341947555541992,101.02153015136719,51.92282486287013,3,True,2.9312500953674316,1,0,0,0,-26,0.0,0.0,0.0,0,14,13.341782569885254,101.02132415771484,28.866608059954583,84,26.299999237060547,-1.2999999523162842,36.0,0,SELECT OWNER FIRST,
2026-06-17T15:15:53.711,759.711,mission_20260617_150314_manual,MANUAL,,0,13.34194564819336,101.02153015136719,51.91478914531161,3,True,1.931249976158142,1,0,0,0,-26,0.0,0.0,0.0,0,14,13.341782569885254,101.02132415771484,28.732286976948068,84,26.299999237060547,-1.399999976158142,36.0,0,SELECT OWNER FIRST,
2026-06-17T15:15:55.728,761.728,mission_20260617_150314_manual,MANUAL,,0,13.341943740844727,101.02153015136719,51.90863514486943,3,True,1.93149995803833,1,0,0,0,-26,0.0,0.0,0.0,0,14,13.341782569885254,101.02132415771484,28.598907866775363,84,26.299999237060547,-1.2000000476837158,36.0,0,SELECT OWNER FIRST,
2026-06-17T15:15:57.731,763.731,mission_20260617_150314_manual,MANUAL,,0,13.341940879821777,101.02153015136719,51.911975107373564,3,True,2.9337499141693115,1,0,0,0,-26,0.0,0.0,0.0,0,14,13.341782569885254,101.02132415771484,28.40063440633156,84,26.299999237060547,-1.2000000476837158,35.0,0,SELECT OWNER FIRST,
2026-06-17T15:15:59.736,765.737,mission_20260617_150314_manual,MANUAL,,0,13.341938972473145,101.02153015136719,51.90726227684626,3,True,1.9327499866485596,1,0,0,0,-26,0.0,0.0,0.0,0,14,13.341782569885254,101.02132415771484,28.269668488480058,84,26.299999237060547,-1.2000000476837158,35.0,0,SELECT OWNER FIRST,
2026-06-17T15:16:01.743,767.743,mission_20260617_150314_manual,MANUAL,,0,13.341936111450195,101.02153015136719,51.89749169123856,3,True,1.9297499656677246,1,0,0,0,-26,0.0,0.0,0.0,0,14,13.341782569885254,101.02132415771484,28.075078240997648,84,26.299999237060547,-1.2000000476837158,35.0,0,SELECT OWNER FIRST,
2026-06-17T15:16:03.774,769.774,mission_20260617_150314_manual,MANUAL,,0,13.341934204101562,101.02152252197266,51.88164906745871,3,True,2.936000108718872,1,0,0,0,-26,0.0,0.0,0.0,0,14,13.341782569885254,101.02132415771484,27.29286086628436,84,26.299999237060547,-1.2000000476837158,36.0,0,SELECT OWNER FIRST,
2026-06-17T15:16:05.779,771.78,mission_20260617_150314_manual,MANUAL,,0,13.34193229675293,101.02152252197266,51.87305668948284,3,True,2.931999921798706,1,0,0,0,-26,0.0,0.0,0.0,0,14,13.341782569885254,101.02132415771484,27.162349741425118,84,26.299999237060547,-1.2000000476837158,36.0,0,SELECT OWNER FIRST,
2026-06-17T15:16:07.787,773.788,mission_20260617_150314_manual,MANUAL,,0,13.341931343078613,101.02152252197266,51.86472385869542,3,True,1.9332499504089355,1,0,0,0,-26,0.0,0.0,0.0,0,14,13.341782569885254,101.02132415771484,27.09748095133652,84,26.299999237060547,-1.399999976158142,36.0,0,SELECT OWNER FIRST,
2026-06-17T15:16:09.795,775.795,mission_20260617_150314_manual,MANUAL,,0,13.34192943572998,101.02152252197266,51.85695793360912,3,True,2.9337499141693115,1,0,0,0,-26,0.0,0.0,0.0,0,14,13.341782569885254,101.02132415771484,26.968526219078008,84,26.299999237060547,-1.2999999523162842,36.0,0,SELECT OWNER FIRST,
2026-06-17T15:16:11.796,777.796,mission_20260617_150314_manual,MANUAL,,0,13.341928482055664,101.02152252197266,51.84582472526199,3,True,2.9312500953674316,1,0,0,0,-26,0.0,0.0,0.0,0,14,13.341782569885254,101.02132415771484,26.904444029148838,84,26.299999237060547,-1.2000000476837158,36.0,0,SELECT OWNER FIRST,
2026-06-17T15:16:13.798,779.798,mission_20260617_150314_manual,MANUAL,,0,13.341928482055664,101.02151489257812,51.83556236603405,3,True,2.934499979019165,1,0,0,0,0,0.0,0.0,0.0,0,14,13.341782569885254,101.02132415771484,26.250696434121146,84,0.0,0.0,0.0,0,SELECT OWNER FIRST,
2026-06-17T15:16:15.816,781.817,mission_20260617_150314_manual,MANUAL,,0,13.341927528381348,101.02151489257812,51.81896159125633,3,True,2.936500072479248,1,0,0,0,-26,0.0,0.0,0.0,0,14,13.341782569885254,101.02132415771484,26.185287009687222,84,26.299999237060547,-1.2000000476837158,36.0,0,SELECT OWNER FIRST,
2026-06-17T15:16:17.820,783.821,mission_20260617_150314_manual,MANUAL,,0,13.341927528381348,101.02151489257812,51.802726231599216,3,True,2.9367499351501465,1,0,0,0,-26,0.0,0.0,0.0,0,14,13.341782569885254,101.02132415771484,26.185287009687222,84,26.299999237060547,-1.2000000476837158,36.0,0,SELECT OWNER FIRST,
2026-06-17T15:16:19.820,785.821,mission_20260617_150314_manual,MANUAL,,0,13.341926574707031,101.02151489257812,51.78475600389291,3,True,2.9347500801086426,1,0,0,36,0,0.0,0.0,0.0,0,14,13.341782569885254,101.02132415771484,26.120144311144088,84,36.0,0.0,0.0,0,SELECT OWNER FIRST,
2026-06-17T15:16:21.822,787.822,mission_20260617_150314_manual,MANUAL,,0,13.341925621032715,101.0215072631836,51.76568611573023,3,True,2.9347500801086426,1,0,0,0,-26,0.0,0.0,0.0,0,14,13.341782569885254,101.02132415771484,25.406491565697745,84,26.299999237060547,-1.100000023841858,36.0,0,SELECT OWNER FIRST,
2026-06-17T15:16:23.837,789.838,mission_20260617_150314_manual,MANUAL,,0,13.341925621032715,101.0215072631836,51.75244920911875,3,True,1.9320000410079956,1,0,0,0,-26,0.0,0.0,0.0,0,14,13.341782569885254,101.02132415771484,25.406491565697745,84,26.299999237060547,-1.2000000476837158,35.0,0,SELECT OWNER FIRST,
2026-06-17T15:16:25.891,791.892,mission_20260617_150314_manual,MANUAL,,0,13.341924667358398,101.0215072631836,51.740609076192534,3,True,1.9327499866485596,1,0,0,0,-26,0.0,0.0,0.0,0,14,13.341782569885254,101.02132415771484,25.340234365635673,84,26.299999237060547,-1.399999976158142,36.0,0,SELECT OWNER FIRST,
2026-06-17T15:16:27.895,793.896,mission_20260617_150314_manual,MANUAL,,0,13.341924667358398,101.0215072631836,51.735623038098424,3,True,2.9352500438690186,1,0,0,0,-26,0.0,0.0,0.0,0,14,13.341782569885254,101.02132415771484,25.340234365635673,84,26.299999237060547,-1.5,35.0,0,SELECT OWNER FIRST,
2026-06-17T15:16:29.897,795.898,mission_20260617_150314_manual,MANUAL,,0,13.341924667358398,101.0215072631836,51.73527128335617,3,True,1.931249976158142,1,0,0,0,-26,0.0,0.0,0.0,0,14,13.341782569885254,101.02132415771484,25.340234365635673,84,26.299999237060547,-1.5,35.0,0,SELECT OWNER FIRST,
2026-06-17T15:16:31.902,797.903,mission_20260617_150314_manual,MANUAL,,0,13.341923713684082,101.0215072631836,51.74698847287733,3,True,1.930999994277954,1,0,0,0,0,0.0,0.0,0.0,0,14,13.341782569885254,101.02132415771484,25.274248401976294,84,26.299999237060547,-1.600000023841858,35.0,0,SELECT OWNER FIRST,
2026-06-17T15:16:33.906,799.907,mission_20260617_150314_manual,MANUAL,,0,13.341923713684082,101.0215072631836,51.756489266012814,3,True,2.936000108718872,1,0,0,0,-26,0.0,0.0,0.0,0,14,13.341782569885254,101.02132415771484,25.274248401976294,84,26.299999237060547,-1.5,35.0,0,SELECT OWNER FIRST,
2026-06-17T15:16:35.906,801.907,mission_20260617_150314_manual,MANUAL,,0,13.341923713684082,101.0215072631836,51.759812153044024,3,True,1.933500051498413,1,0,0,0,-26,0.0,0.0,0.0,0,14,13.341782569885254,101.02132415771484,25.274248401976294,84,26.299999237060547,-1.5,35.0,0,SELECT OWNER FIRST,
2026-06-17T15:16:37.908,803.908,mission_20260617_150314_manual,MANUAL,,0,13.341922760009766,101.0215072631836,51.76146847391775,3,True,2.939500093460083,1,0,0,36,0,0.0,0.0,0.0,0,14,13.341782569885254,101.02132415771484,25.208535804688154,84,0.0,0.0,0.0,0,SELECT OWNER FIRST,
2026-06-17T15:16:39.915,805.915,mission_20260617_150314_manual,MANUAL,,0,13.341923713684082,101.0215072631836,51.770125738690744,3,True,2.933000087738037,1,0,0,0,-26,0.0,0.0,0.0,0,14,13.341782569885254,101.02132415771484,25.274248401976294,84,26.299999237060547,-1.5,36.0,0,SELECT OWNER FIRST,
2026-06-17T15:16:41.928,807.928,mission_20260617_150314_manual,MANUAL,,0,13.341922760009766,101.0215072631836,51.77709936183332,3,True,2.9342501163482666,1,0,0,0,-26,0.0,0.0,0.0,0,14,13.341782569885254,101.02132415771484,25.208535804688154,84,26.299999237060547,-1.600000023841858,35.0,0,SELECT OWNER FIRST,
2026-06-17T15:16:43.997,809.998,mission_20260617_150314_manual,MANUAL,,0,13.341922760009766,101.0215072631836,51.7856473435796,3,True,2.932499885559082,1,0,0,0,-26,0.0,0.0,0.0,0,14,13.341782569885254,101.02132415771484,25.208535804688154,84,26.299999237060547,-1.5,35.0,0,SELECT OWNER FIRST,
2026-06-17T15:16:46.000,812.001,mission_20260617_150314_manual,MANUAL,,0,13.341922760009766,101.0215072631836,51.7991984388929,3,True,1.9320000410079956,1,0,0,0,1,0.0,0.0,0.0,0,14,13.341782569885254,101.02132415771484,25.208535804688154,84,26.299999237060547,-1.5,36.0,0,SELECT OWNER FIRST,
2026-06-17T15:16:48.028,814.029,mission_20260617_150314_manual,MANUAL,,0,13.34192180633545,101.0215072631836,51.80339217504329,3,True,2.9357500076293945,1,0,0,0,-26,0.0,0.0,0.0,0,14,13.341782569885254,101.02132415771484,25.143098717136546,84,26.299999237060547,-1.5,3.0,0,SELECT OWNER FIRST,
2026-06-17T15:16:50.042,816.043,mission_20260617_150314_manual,MANUAL,,0,13.34192180633545,101.0215072631836,51.825095101131005,3,True,1.9325000047683716,1,0,0,0,-26,0.0,0.0,0.0,0,14,13.341782569885254,101.02132415771484,25.143098717136546,84,26.299999237060547,-1.7999999523162842,36.0,0,SELECT OWNER FIRST,
2026-06-17T15:16:52.057,818.058,mission_20260617_150314_manual,MANUAL,,0,13.34192180633545,101.0215072631836,51.85139132943556,3,True,1.93149995803833,1,0,0,36,0,0.0,0.0,0.0,0,14,13.341782569885254,101.02132415771484,25.143098717136546,84,26.299999237060547,-1.5,36.0,0,SELECT OWNER FIRST,
2026-06-17T15:16:54.063,820.063,mission_20260617_150314_manual,MANUAL,,0,13.341920852661133,101.0215072631836,51.86432429262897,3,True,1.93149995803833,1,0,0,0,-26,0.0,0.0,0.0,0,14,13.341782569885254,101.02132415771484,25.077939296024446,84,26.299999237060547,-1.5,36.0,0,SELECT OWNER FIRST,
2026-06-17T15:16:56.064,822.064,mission_20260617_150314_manual,MANUAL,,0,13.341920852661133,101.0215072631836,51.86096725465191,3,True,2.9342501163482666,1,0,0,0,-26,0.0,0.0,0.0,0,14,13.341782569885254,101.02132415771484,25.077939296024446,84,26.299999237060547,-1.5,36.0,0,SELECT OWNER FIRST,
2026-06-17T15:16:58.065,824.066,mission_20260617_150314_manual,MANUAL,,0,13.341920852661133,101.0215072631836,51.866766085257254,3,True,1.9327499866485596,1,0,0,0,-26,0.0,0.0,0.0,0,14,13.341782569885254,101.02132415771484,25.077939296024446,84,26.299999237060547,-1.5,36.0,0,SELECT OWNER FIRST,
2026-06-17T15:17:00.071,826.071,mission_20260617_150314_manual,MANUAL,,0,13.341920852661133,101.0215072631836,51.867968198551175,3,True,1.931249976158142,1,0,0,0,-26,0.0,0.0,0.0,0,14,13.341782569885254,101.02132415771484,25.077939296024446,84,26.299999237060547,-1.5,36.0,0,SELECT OWNER FIRST,
2026-06-17T15:17:02.071,828.072,mission_20260617_150314_manual,MANUAL,,0,13.341920852661133,101.0215072631836,51.861721990555196,3,True,1.9329999685287476,1,0,0,0,-26,0.0,0.0,0.0,0,14,13.341782569885254,101.02132415771484,25.077939296024446,84,26.299999237060547,-1.5,36.0,0,SELECT OWNER FIRST,
2026-06-17T15:17:04.077,830.078,mission_20260617_150314_manual,MANUAL,,0,13.34192180633545,101.0215072631836,51.863600292576955,3,True,1.9320000410079956,1,0,0,0,-26,0.0,0.0,0.0,0,14,13.341782569885254,101.02132415771484,25.143098717136546,84,26.299999237060547,-1.5,36.0,0,SELECT OWNER FIRST,
2026-06-17T15:17:06.079,832.079,mission_20260617_150314_manual,MANUAL,,0,13.34192180633545,101.02151489257812,51.89541189863628,3,True,1.9322500228881836,1,0,0,0,-26,0.0,0.0,0.0,0,14,13.341782569885254,101.02132415771484,25.79850213464467,84,26.299999237060547,-1.5,36.0,0,SELECT OWNER FIRST,
2026-06-17T15:17:08.083,834.084,mission_20260617_150314_manual,MANUAL,,0,13.341922760009766,101.02151489257812,51.86405108506217,3,True,2.9327499866485596,1,0,0,0,-26,0.0,0.0,0.0,0,14,13.341782569885254,101.02132415771484,25.86228096235984,84,26.299999237060547,-1.5,36.0,0,SELECT OWNER FIRST,
2026-06-17T15:17:10.125,836.125,mission_20260617_150314_manual,MANUAL,,0,13.341922760009766,101.02151489257812,51.86100140559776,3,True,1.931249976158142,1,0,0,0,-26,0.0,0.0,0.0,0,14,13.341782569885254,101.02132415771484,25.86228096235984,84,26.299999237060547,-1.5,36.0,0,SELECT OWNER FIRST,
2026-06-17T15:17:12.127,838.127,mission_20260617_150314_manual,MANUAL,,0,13.341923713684082,101.02151489257812,51.867995519307854,3,True,1.9327499866485596,1,0,0,0,-26,0.0,0.0,0.0,0,14,13.341782569885254,101.02132415771484,25.92633663502811,84,26.299999237060547,-1.5,36.0,0,SELECT OWNER FIRST,
2026-06-17T15:17:14.132,840.132,mission_20260617_150314_manual,MANUAL,,0,13.341924667358398,101.02151489257812,51.878667689886,3,True,2.9337499141693115,1,0,0,0,-26,0.0,0.0,0.0,0,14,13.341782569885254,101.02132415771484,25.990667105742904,84,26.299999237060547,-1.5,36.0,0,SELECT OWNER FIRST,
2026-06-17T15:17:16.132,842.132,mission_20260617_150314_manual,MANUAL,,0,13.341926574707031,101.02151489257812,51.879135557844144,3,True,1.9297499656677246,1,0,0,0,0,0.0,0.0,0.0,0,14,13.341782569885254,101.02132415771484,26.120144311144088,84,0.0,0.0,0.0,0,SELECT OWNER FIRST,
2026-06-17T15:17:18.134,844.135,mission_20260617_150314_manual,MANUAL,,0,13.341927528381348,101.02152252197266,51.88113338817637,3,True,1.930999994277954,1,0,0,0,-26,0.0,0.0,0.0,0,14,13.341782569885254,101.02132415771484,26.84062780856834,84,26.299999237060547,-1.5,36.0,0,SELECT OWNER FIRST,
2026-06-17T15:17:20.136,846.137,mission_20260617_150314_manual,MANUAL,,0,13.341928482055664,101.02152252197266,51.88316536945445,3,True,2.935499906539917,1,0,0,0,-26,0.0,0.0,0.0,0,14,13.341782569885254,101.02132415771484,26.904444029148838,84,26.299999237060547,-1.5,36.0,0,SELECT OWNER FIRST,
2026-06-17T15:17:22.139,848.139,mission_20260617_150314_manual,MANUAL,,0,13.34192943572998,101.02152252197266,51.89494744577272,3,True,1.9329999685287476,1,0,0,0,-26,0.0,0.0,0.0,0,14,13.341782569885254,101.02132415771484,26.968526219078008,84,26.299999237060547,-1.5,36.0,0,SELECT OWNER FIRST,
2026-06-17T15:17:24.140,850.141,mission_20260617_150314_manual,MANUAL,,0,13.341931343078613,101.02152252197266,51.911544805455854,3,True,1.933750033378601,1,0,0,0,-26,0.0,0.0,0.0,0,14,13.341782569885254,101.02132415771484,27.09748095133652,84,26.299999237060547,-1.5,36.0,0,SELECT OWNER FIRST,
2026-06-17T15:17:26.140,852.141,mission_20260617_150314_manual,MANUAL,,0,13.34193229675293,101.02152252197266,51.91925267393422,3,True,1.9332499504089355,1,0,0,0,-26,0.0,0.0,0.0,0,14,13.341782569885254,101.02132415771484,27.162349741425118,84,26.299999237060547,-1.5,36.0,0,SELECT OWNER FIRST,
2026-06-17T15:17:28.148,854.148,mission_20260617_150314_manual,MANUAL,,0,13.341933250427246,101.02152252197266,51.93609933552205,3,True,1.9327499866485596,1,0,0,0,-26,0.0,0.0,0.0,0,14,13.341782569885254,101.02132415771484,27.227476996499956,84,26.299999237060547,-1.600000023841858,36.0,0,SELECT OWNER FIRST,
2026-06-17T15:17:30.151,856.151,mission_20260617_150314_manual,MANUAL,,0,13.341934204101562,101.02152252197266,51.97133628145015,3,True,1.9307500123977661,1,0,0,0,-26,0.0,0.0,0.0,0,14,13.341782569885254,101.02132415771484,27.29286086628436,84,26.299999237060547,-1.5,36.0,0,SELECT OWNER FIRST,
2026-06-17T15:17:32.153,858.154,mission_20260617_150314_manual,MANUAL,,0,13.341934204101562,101.02152252197266,52.00509107632835,3,True,2.9347500801086426,1,0,0,0,-26,0.0,0.0,0.0,0,14,13.341782569885254,101.02132415771484,27.29286086628436,84,26.299999237060547,-1.5,36.0,0,SELECT OWNER FIRST,
2026-06-17T15:17:34.201,860.201,mission_20260617_150314_manual,MANUAL,,0,13.341935157775879,101.02152252197266,52.04443296594762,3,True,2.936500072479248,1,0,0,0,-26,0.0,0.0,0.0,0,14,13.341782569885254,101.02132415771484,27.35849951093377,84,26.299999237060547,-1.2999999523162842,36.0,0,SELECT OWNER FIRST,
2026-06-17T15:17:36.218,862.218,mission_20260617_150314_manual,MANUAL,,0,13.341934204101562,101.02152252197266,52.07252553400389,3,True,1.9320000410079956,1,0,0,0,-26,0.0,0.0,0.0,0,14,13.341782569885254,101.02132415771484,27.29286086628436,84,26.299999237060547,-1.5,36.0,0,SELECT OWNER FIRST,
2026-06-17T15:17:38.224,864.225,mission_20260617_150314_manual,MANUAL,,0,13.341934204101562,101.02152252197266,52.092155497678505,3,True,2.936000108718872,1,0,0,0,-26,0.0,0.0,0.0,0,14,13.341782569885254,101.02132415771484,27.29286086628436,84,26.299999237060547,-1.5,36.0,0,SELECT OWNER FIRST,
2026-06-17T15:17:40.228,866.229,mission_20260617_150314_manual,MANUAL,,0,13.341935157775879,101.02152252197266,52.12368706598187,3,True,2.9362499713897705,1,0,0,0,-26,0.0,0.0,0.0,0,14,13.341782569885254,101.02132415771484,27.35849951093377,84,26.299999237060547,-1.5,36.0,0,SELECT OWNER FIRST,
2026-06-17T15:17:42.234,868.234,mission_20260617_150314_manual,MANUAL,,0,13.341935157775879,101.02152252197266,52.14599787890572,3,True,2.934000015258789,1,0,0,0,-26,0.0,0.0,0.0,0,14,13.341782569885254,101.02132415771484,27.35849951093377,84,26.299999237060547,-1.5,36.0,0,SELECT OWNER FIRST,
2026-06-17T15:17:44.238,870.238,mission_20260617_150314_manual,MANUAL,,0,13.341935157775879,101.02152252197266,52.167683729520505,3,True,2.933000087738037,1,0,0,0,-26,0.0,0.0,0.0,0,14,13.341782569885254,101.02132415771484,27.35849951093377,84,26.299999237060547,-1.5,36.0,0,SELECT OWNER FIRST,
2026-06-17T15:17:46.238,872.239,mission_20260617_150314_manual,MANUAL,,0,13.341934204101562,101.02152252197266,52.18832456119228,3,True,2.940500020980835,1,0,0,0,-26,0.0,0.0,0.0,0,14,13.341782569885254,101.02132415771484,27.29286086628436,84,26.299999237060547,-1.5,36.0,0,SELECT OWNER FIRST,
2026-06-17T15:17:48.242,874.242,mission_20260617_150314_manual,MANUAL,,0,13.341934204101562,101.02152252197266,52.20580984546751,3,True,2.934000015258789,1,0,0,0,-26,0.0,0.0,0.0,0,14,13.341782569885254,101.02132415771484,27.29286086628436,84,26.299999237060547,-1.5,36.0,0,SELECT OWNER FIRST,
2026-06-17T15:17:50.258,876.259,mission_20260617_150314_manual,MANUAL,,0,13.341934204101562,101.02152252197266,52.22140999753182,3,True,2.9347500801086426,1,0,0,0,-26,0.0,0.0,0.0,0,14,13.341782569885254,101.02132415771484,27.29286086628436,84,26.299999237060547,-1.5,36.0,0,SELECT OWNER FIRST,
2026-06-17T15:17:52.305,878.305,mission_20260617_150314_manual,MANUAL,,0,13.341933250427246,101.02152252197266,52.23129669635542,3,True,1.9317500591278076,1,0,0,0,-26,0.0,0.0,0.0,0,14,13.341782569885254,101.02132415771484,27.227476996499956,84,26.299999237060547,-1.5,36.0,0,SELECT OWNER FIRST,
2026-06-17T15:17:54.305,880.306,mission_20260617_150314_manual,MANUAL,,0,13.341933250427246,101.02152252197266,52.261926679688344,3,True,2.936500072479248,1,0,0,0,-26,0.0,0.0,0.0,0,14,13.341782569885254,101.02132415771484,27.227476996499956,84,26.299999237060547,-1.5,36.0,0,SELECT OWNER FIRST,
2026-06-17T15:17:56.306,882.306,mission_20260617_150314_manual,MANUAL,,0,13.34193229675293,101.02152252197266,52.27972273757081,3,True,1.9325000047683716,1,0,0,0,-26,0.0,0.0,0.0,0,14,13.341782569885254,101.02132415771484,27.162349741425118,84,26.299999237060547,-1.5,36.0,0,SELECT OWNER FIRST,
2026-06-17T15:17:58.312,884.313,mission_20260617_150314_manual,MANUAL,,0,13.34193229675293,101.02152252197266,52.287041285266476,3,True,2.9347500801086426,1,0,0,0,-26,0.0,0.0,0.0,0,14,13.341782569885254,101.02132415771484,27.162349741425118,84,26.299999237060547,-1.5,36.0,0,SELECT OWNER FIRST,
2026-06-17T15:18:00.315,886.315,mission_20260617_150314_manual,MANUAL,,0,13.34193229675293,101.02152252197266,52.29958492767721,3,True,2.9342501163482666,1,0,0,0,-26,0.0,0.0,0.0,0,14,13.341782569885254,101.02132415771484,27.162349741425118,84,26.299999237060547,-1.5,36.0,0,SELECT OWNER FIRST,
2026-06-17T15:18:02.319,888.319,mission_20260617_150314_manual,MANUAL,,0,13.34193229675293,101.02152252197266,52.304550475203804,3,True,2.933000087738037,1,0,0,0,-26,0.0,0.0,0.0,0,14,13.341782569885254,101.02132415771484,27.162349741425118,84,26.299999237060547,-1.2999999523162842,36.0,0,SELECT OWNER FIRST,
2026-06-17T15:18:04.320,890.321,mission_20260617_150314_manual,MANUAL,,0,13.341931343078613,101.02152252197266,52.31192707950742,3,True,1.9332499504089355,1,0,0,0,-26,0.0,0.0,0.0,0,14,13.341782569885254,101.02132415771484,27.09748095133652,84,26.299999237060547,-1.5,36.0,0,SELECT OWNER FIRST,
2026-06-17T15:18:06.321,892.321,mission_20260617_150314_manual,MANUAL,,0,13.34193229675293,101.02152252197266,52.328589325987664,3,True,1.9307500123977661,1,0,0,0,-26,0.0,0.0,0.0,0,14,13.341782569885254,101.02132415771484,27.162349741425118,84,26.299999237060547,-1.5,35.0,0,SELECT OWNER FIRST,
2026-06-17T15:18:08.327,894.328,mission_20260617_150314_manual,MANUAL,,0,13.34193229675293,101.02152252197266,52.328343439177544,3,True,2.9347500801086426,1,0,0,0,-26,0.0,0.0,0.0,0,14,13.341782569885254,101.02132415771484,27.162349741425118,84,26.299999237060547,-1.5,35.0,0,SELECT OWNER FIRST,
2026-06-17T15:18:10.449,896.449,mission_20260617_150314_manual,MANUAL,,0,13.34193229675293,101.02152252197266,52.33525217552301,3,True,2.9307498931884766,1,0,0,0,-26,0.0,0.0,0.0,0,14,13.341782569885254,101.02132415771484,27.162349741425118,84,26.299999237060547,-1.5,35.0,0,SELECT OWNER FIRST,
2026-06-17T15:18:12.504,898.505,mission_20260617_150314_manual,MANUAL,,0,13.34193229675293,101.02152252197266,52.33267036401675,3,True,2.933500051498413,1,0,0,0,-26,0.0,0.0,0.0,0,14,13.341782569885254,101.02132415771484,27.162349741425118,84,26.299999237060547,-1.5,36.0,0,SELECT OWNER FIRST,
2026-06-17T15:18:14.530,900.531,mission_20260617_150314_manual,MANUAL,,0,13.34193229675293,101.02152252197266,52.33085694879211,3,True,1.9320000410079956,1,0,0,0,-26,0.0,0.0,0.0,0,14,13.341782569885254,101.02132415771484,27.162349741425118,84,26.299999237060547,-1.5,36.0,0,SELECT OWNER FIRST,
2026-06-17T15:18:16.550,902.551,mission_20260617_150314_manual,MANUAL,,0,13.34193229675293,101.02152252197266,52.329108420364584,3,True,1.933500051498413,1,0,0,36,0,0.0,0.0,0.0,0,14,13.341782569885254,101.02132415771484,27.162349741425118,84,36.0,0.0,0.0,0,SELECT OWNER FIRST,
2026-06-17T15:18:18.551,904.551,mission_20260617_150314_manual,MANUAL,,0,13.341931343078613,101.02152252197266,52.329788024187,3,True,1.9332499504089355,1,0,0,0,-26,0.0,0.0,0.0,0,14,13.341782569885254,101.02132415771484,27.09748095133652,84,26.299999237060547,-1.5,36.0,0,SELECT OWNER FIRST,
2026-06-17T15:18:20.555,906.555,mission_20260617_150314_manual,MANUAL,,0,13.34193229675293,101.02152252197266,52.33177902433006,3,True,1.9317500591278076,1,0,0,0,1,0.0,0.0,0.0,0,14,13.341782569885254,101.02132415771484,27.162349741425118,84,36.0,0.0,0.0,0,SELECT OWNER FIRST,
2026-06-17T15:18:22.562,908.562,mission_20260617_150314_manual,MANUAL,,0,13.34193229675293,101.02152252197266,52.340316760792575,3,True,1.9329999685287476,1,0,0,0,0,0.0,0.0,0.0,0,14,13.341782569885254,101.02132415771484,27.162349741425118,84,26.0,-1.5,36.0,0,SELECT OWNER FIRST,
2026-06-17T15:18:24.565,910.565,mission_20260617_150314_manual,MANUAL,,0,13.34193229675293,101.02152252197266,52.35284332773038,3,True,2.934000015258789,1,0,0,0,-26,0.0,0.0,0.0,0,14,13.341782569885254,101.02132415771484,27.162349741425118,84,26.299999237060547,-1.5,36.0,0,SELECT OWNER FIRST,
2026-06-17T15:18:26.565,912.565,mission_20260617_150314_manual,MANUAL,,0,13.34193229675293,101.02153015136719,52.3499678180898,3,True,2.9357500076293945,1,0,0,0,-26,0.0,0.0,0.0,0,14,13.341782569885254,101.02132415771484,27.819166684476762,84,26.299999237060547,-1.5,36.0,0,SELECT OWNER FIRST,
2026-06-17T15:18:28.574,914.575,mission_20260617_150314_manual,MANUAL,,0,13.34193229675293,101.02153015136719,52.32065947636128,3,True,2.9342501163482666,1,0,0,0,-26,0.0,0.0,0.0,0,14,13.341782569885254,101.02132415771484,27.819166684476762,84,26.299999237060547,-1.5,36.0,0,SELECT OWNER FIRST,
2026-06-17T15:18:30.576,916.576,mission_20260617_150314_manual,MANUAL,,0,13.34193229675293,101.02153015136719,52.28832536083044,3,True,1.9320000410079956,1,0,0,0,-26,0.0,0.0,0.0,0,14,13.341782569885254,101.02132415771484,27.819166684476762,84,26.299999237060547,-1.2000000476837158,36.0,0,SELECT OWNER FIRST,
2026-06-17T15:18:32.577,918.578,mission_20260617_150314_manual,MANUAL,,0,13.34193229675293,101.02153015136719,52.25811884922606,3,True,2.9392499923706055,1,0,0,0,1,0.0,0.0,0.0,0,14,13.341782569885254,101.02132415771484,27.819166684476762,84,36.0,0.0,0.0,0,SELECT OWNER FIRST,
2026-06-17T15:18:34.581,920.582,mission_20260617_150314_manual,MANUAL,,0,13.34193229675293,101.02153015136719,52.22992382833225,3,True,2.9362499713897705,1,0,0,0,-26,0.0,0.0,0.0,0,14,13.341782569885254,101.02132415771484,27.819166684476762,84,26.0,-1.2999999523162842,36.0,0,SELECT OWNER FIRST,
2026-06-17T15:18:36.586,922.587,mission_20260617_150314_manual,MANUAL,,0,13.341933250427246,101.02153015136719,52.20081697718424,3,True,2.933500051498413,1,0,0,0,-26,0.0,0.0,0.0,0,14,13.341782569885254,101.02132415771484,27.88275981669647,84,26.299999237060547,-1.5,36.0,0,SELECT OWNER FIRST,
2026-06-17T15:18:38.626,924.627,mission_20260617_150314_manual,MANUAL,,0,13.341933250427246,101.02152252197266,52.168527257883,3,True,2.931999921798706,1,0,0,0,-26,0.0,0.0,0.0,0,14,13.341782569885254,101.02132415771484,27.227476996499956,84,26.299999237060547,-1.5,36.0,0,SELECT OWNER FIRST,
2026-06-17T15:18:40.631,926.632,mission_20260617_150314_manual,MANUAL,,0,13.341933250427246,101.02153015136719,52.14498018071938,3,True,1.9329999685287476,1,0,0,0,0,0.0,0.0,0.0,0,14,13.341782569885254,101.02132415771484,27.88275981669647,84,0.0,0.0,0.0,0,SELECT OWNER FIRST,
2026-06-17T15:18:42.634,928.635,mission_20260617_150314_manual,MANUAL,,0,13.341934204101562,101.02152252197266,52.12962250037061,3,True,1.9332499504089355,1,0,0,0,-26,0.0,0.0,0.0,0,14,13.341782569885254,101.02132415771484,27.29286086628436,84,26.299999237060547,-1.5,36.0,0,SELECT OWNER FIRST,
2026-06-17T15:18:44.636,930.636,mission_20260617_150314_manual,MANUAL,,0,13.341933250427246,101.02152252197266,52.129216104114995,3,True,2.9367499351501465,1,0,0,0,-26,0.0,0.0,0.0,0,14,13.341782569885254,101.02132415771484,27.227476996499956,84,26.299999237060547,-1.5,36.0,0,SELECT OWNER FIRST,
2026-06-17T15:18:46.640,932.641,mission_20260617_150314_manual,MANUAL,,0,13.341933250427246,101.02152252197266,52.139676538828866,3,True,2.935499906539917,1,0,0,0,-26,0.0,0.0,0.0,0,14,13.341782569885254,101.02132415771484,27.227476996499956,84,26.299999237060547,-1.5,36.0,0,SELECT OWNER FIRST,
2026-06-17T15:18:48.647,934.647,mission_20260617_150314_manual,MANUAL,,0,13.34193229675293,101.02152252197266,52.14870263381704,3,True,2.9382500648498535,1,0,0,0,-26,0.0,0.0,0.0,0,14,13.341782569885254,101.02132415771484,27.162349741425118,84,26.299999237060547,-1.5,36.0,0,SELECT OWNER FIRST,
2026-06-17T15:18:50.652,936.652,mission_20260617_150314_manual,MANUAL,,0,13.34193229675293,101.02152252197266,52.16807305030319,3,True,2.9362499713897705,1,0,0,0,-26,0.0,0.0,0.0,0,14,13.341782569885254,101.02132415771484,27.162349741425118,84,26.299999237060547,-1.5,36.0,0,SELECT OWNER FIRST,
2026-06-17T15:18:52.658,938.659,mission_20260617_150314_manual,MANUAL,,0,13.341933250427246,101.02152252197266,52.201107260223964,3,True,2.9327499866485596,1,0,0,0,-26,0.0,0.0,0.0,0,14,13.341782569885254,101.02132415771484,27.227476996499956,84,26.299999237060547,-1.5,36.0,0,SELECT OWNER FIRST,
2026-06-17T15:18:54.661,940.661,mission_20260617_150314_manual,MANUAL,,0,13.34193229675293,101.02152252197266,52.23070588499221,3,True,2.937999963760376,1,0,0,0,-26,0.0,0.0,0.0,0,14,13.341782569885254,101.02132415771484,27.162349741425118,84,26.299999237060547,-1.5,36.0,0,SELECT OWNER FIRST,
2026-06-17T15:18:56.665,942.665,mission_20260617_150314_manual,MANUAL,,0,13.34193229675293,101.02152252197266,52.23999494226343,3,True,1.9332499504089355,1,0,0,0,-26,0.0,0.0,0.0,0,14,13.341782569885254,101.02132415771484,27.162349741425118,84,26.299999237060547,-1.5,36.0,0,SELECT OWNER FIRST,
2026-06-17T15:18:58.688,944.689,mission_20260617_150314_manual,MANUAL,,0,13.34193229675293,101.02152252197266,52.245240527546,3,True,1.9332499504089355,1,0,0,0,-26,0.0,0.0,0.0,0,14,13.341782569885254,101.02132415771484,27.162349741425118,84,26.299999237060547,-1.5,36.0,0,SELECT OWNER FIRST,
2026-06-17T15:19:00.700,946.7,mission_20260617_150314_manual,MANUAL,,0,13.34193229675293,101.02152252197266,52.25030511281556,3,True,2.9307498931884766,1,0,0,0,-26,0.0,0.0,0.0,0,14,13.341782569885254,101.02132415771484,27.162349741425118,84,26.299999237060547,-1.5,36.0,0,SELECT OWNER FIRST,
2026-06-17T15:19:02.709,948.709,mission_20260617_150314_manual,MANUAL,,0,13.34193229675293,101.02152252197266,52.25325575453701,3,True,1.933500051498413,1,0,0,0,-26,0.0,0.0,0.0,0,14,13.341782569885254,101.02132415771484,27.162349741425118,84,26.299999237060547,-1.5,36.0,0,SELECT OWNER FIRST,
2026-06-17T15:19:04.783,950.783,mission_20260617_150314_manual,MANUAL,,0,13.341931343078613,101.02152252197266,52.24575962192292,3,True,1.9322500228881836,1,0,0,0,-26,0.0,0.0,0.0,0,14,13.341782569885254,101.02132415771484,27.09748095133652,84,26.299999237060547,-1.5,36.0,0,SELECT OWNER FIRST,
2026-06-17T15:19:06.787,952.787,mission_20260617_150314_manual,MANUAL,,0,13.341931343078613,101.02152252197266,52.250175339221336,3,True,2.9372498989105225,1,0,0,0,-26,0.0,0.0,0.0,0,14,13.341782569885254,101.02132415771484,27.09748095133652,84,26.0,-1.5,35.0,0,SELECT OWNER FIRST,
2026-06-17T15:19:08.818,954.818,mission_20260617_150314_manual,MANUAL,,0,13.341931343078613,101.02152252197266,52.245824508720034,3,True,1.9322500228881836,1,0,0,0,-26,0.0,0.0,0.0,0,14,13.341782569885254,101.02132415771484,27.09748095133652,84,26.299999237060547,-1.399999976158142,35.0,0,SELECT OWNER FIRST,
2026-06-17T15:19:10.820,956.821,mission_20260617_150314_manual,MANUAL,,0,13.341931343078613,101.02152252197266,52.24556837662616,3,True,2.934999942779541,1,0,0,0,-26,0.0,0.0,0.0,0,14,13.341782569885254,101.02132415771484,27.09748095133652,84,26.299999237060547,-1.5,35.0,0,SELECT OWNER FIRST,
2026-06-17T15:19:12.832,958.833,mission_20260617_150314_manual,MANUAL,,0,13.341930389404297,101.02152252197266,52.253798754576025,3,True,2.934000015258789,1,0,0,0,-26,0.0,0.0,0.0,0,14,13.341782569885254,101.02132415771484,27.03287248689231,84,26.299999237060547,-1.5,35.0,0,SELECT OWNER FIRST,
2026-06-17T15:19:14.837,960.838,mission_20260617_150314_manual,MANUAL,,0,13.341930389404297,101.02152252197266,52.262910226928824,3,True,1.933750033378601,1,0,0,0,-26,0.0,0.0,0.0,0,14,13.341782569885254,101.02132415771484,27.03287248689231,84,26.299999237060547,-1.5,36.0,0,SELECT OWNER FIRST,
2026-06-17T15:19:16.852,962.853,mission_20260617_150314_manual,MANUAL,,0,13.341930389404297,101.02152252197266,52.26146905701395,3,True,2.935499906539917,1,0,0,0,-26,0.0,0.0,0.0,0,14,13.341782569885254,101.02132415771484,27.03287248689231,84,26.299999237060547,-1.5,36.0,0,SELECT OWNER FIRST,
2026-06-17T15:19:18.853,964.854,mission_20260617_150314_manual,MANUAL,,0,13.341930389404297,101.02152252197266,52.26510954784157,3,True,2.93149995803833,1,0,0,0,-26,0.0,0.0,0.0,0,14,13.341782569885254,101.02132415771484,27.03287248689231,84,26.299999237060547,-1.5,36.0,0,SELECT OWNER FIRST,
2026-06-17T15:19:20.854,966.855,mission_20260617_150314_manual,MANUAL,,0,13.34192943572998,101.02151489257812,52.27108937845991,3,True,1.9317500591278076,1,0,0,0,-26,0.0,0.0,0.0,0,14,13.341782569885254,101.02132415771484,26.316370595601754,84,26.299999237060547,-1.399999976158142,36.0,0,SELECT OWNER FIRST,
2026-06-17T15:19:22.883,968.883,mission_20260617_150314_manual,MANUAL,,0,13.34192943572998,101.02151489257812,52.28600651160722,3,True,2.93149995803833,1,0,0,0,-26,0.0,0.0,0.0,0,14,13.341782569885254,101.02132415771484,26.316370595601754,84,26.299999237060547,-1.5,35.0,0,SELECT OWNER FIRST,
2026-06-17T15:19:24.883,970.884,mission_20260617_150314_manual,MANUAL,,0,13.341928482055664,101.02151489257812,52.277376567590906,3,True,2.933000087738037,1,0,0,0,-26,0.0,0.0,0.0,0,14,13.341782569885254,101.02132415771484,26.250696434121146,84,26.299999237060547,-1.5,35.0,0,SELECT OWNER FIRST,
2026-06-17T15:19:26.926,972.926,mission_20260617_150314_manual,MANUAL,,0,13.341928482055664,101.02151489257812,52.25803347186143,3,True,2.9337499141693115,1,0,0,0,-26,0.0,0.0,0.0,0,14,13.341782569885254,101.02132415771484,26.250696434121146,84,26.299999237060547,-1.5,35.0,0,SELECT OWNER FIRST,
2026-06-17T15:19:28.941,974.942,mission_20260617_150314_manual,MANUAL,,0,13.341928482055664,101.02151489257812,52.227485450798554,3,True,1.9325000047683716,1,0,0,0,-26,0.0,0.0,0.0,0,14,13.341782569885254,101.02132415771484,26.250696434121146,84,26.299999237060547,-1.399999976158142,35.0,0,SELECT OWNER FIRST,
2026-06-17T15:19:30.942,976.943,mission_20260617_150314_manual,MANUAL,,0,13.341928482055664,101.02151489257812,52.19580361833345,3,True,2.933000087738037,1,0,0,0,-26,0.0,0.0,0.0,0,14,13.341782569885254,101.02132415771484,26.250696434121146,84,26.299999237060547,-1.2999999523162842,35.0,0,SELECT OWNER FIRST,
2026-06-17T15:19:32.942,978.943,mission_20260617_150314_manual,MANUAL,,0,13.341928482055664,101.02151489257812,52.17319227708612,3,True,2.936500072479248,1,0,0,0,-26,0.0,0.0,0.0,0,14,13.341782569885254,101.02132415771484,26.250696434121146,84,26.299999237060547,-1.5,35.0,0,SELECT OWNER FIRST,
2026-06-17T15:19:34.996,980.997,mission_20260617_150314_manual,MANUAL,,0,13.341928482055664,101.02151489257812,52.14507238827318,3,True,2.938499927520752,1,0,0,0,-26,0.0,0.0,0.0,0,14,13.341782569885254,101.02132415771484,26.250696434121146,84,26.299999237060547,-1.5,35.0,0,SELECT OWNER FIRST,
2026-06-17T15:19:37.004,983.004,mission_20260617_150314_manual,MANUAL,,0,13.341927528381348,101.02151489257812,52.100498573749675,3,True,1.9329999685287476,1,0,0,0,-26,0.0,0.0,0.0,0,14,13.341782569885254,101.02132415771484,26.185287009687222,84,26.299999237060547,-1.5,35.0,0,SELECT OWNER FIRST,
2026-06-17T15:19:39.010,985.011,mission_20260617_150314_manual,MANUAL,,0,13.341927528381348,101.02151489257812,52.08015827040138,3,True,2.9387500286102295,1,0,0,0,-26,0.0,0.0,0.0,0,14,13.341782569885254,101.02132415771484,26.185287009687222,84,26.299999237060547,-1.5,35.0,0,SELECT OWNER FIRST,
2026-06-17T15:19:41.011,987.012,mission_20260617_150314_manual,MANUAL,,0,13.341927528381348,101.02151489257812,52.05808651409848,3,True,1.9327499866485596,1,0,0,0,-26,0.0,0.0,0.0,0,14,13.341782569885254,101.02132415771484,26.185287009687222,84,26.299999237060547,-1.5,35.0,0,SELECT OWNER FIRST,
2026-06-17T15:19:43.017,989.018,mission_20260617_150314_manual,MANUAL,,0,13.341927528381348,101.02151489257812,52.039832833541624,3,True,1.9322500228881836,1,0,0,0,-26,0.0,0.0,0.0,0,14,13.341782569885254,101.02132415771484,26.185287009687222,84,26.299999237060547,-1.5,35.0,0,SELECT OWNER FIRST,
2026-06-17T15:19:45.020,991.021,mission_20260617_150314_manual,MANUAL,,0,13.341927528381348,101.02151489257812,52.0164223601614,3,True,2.9375,1,0,0,0,-26,0.0,0.0,0.0,0,14,13.341782569885254,101.02132415771484,26.185287009687222,84,26.299999237060547,-1.5,35.0,0,SELECT OWNER FIRST,
2026-06-17T15:19:47.027,993.027,mission_20260617_150314_manual,MANUAL,,0,13.341926574707031,101.02151489257812,52.011518284337335,3,True,1.9325000047683716,1,0,0,0,-26,0.0,0.0,0.0,0,14,13.341782569885254,101.02132415771484,26.120144311144088,84,26.299999237060547,-1.399999976158142,35.0,0,SELECT OWNER FIRST,
2026-06-17T15:19:49.028,995.028,mission_20260617_150314_manual,MANUAL,,0,13.341926574707031,101.02151489257812,51.99247913202592,3,True,2.934999942779541,1,0,0,0,-26,0.0,0.0,0.0,0,14,13.341782569885254,101.02132415771484,26.120144311144088,84,26.299999237060547,-1.399999976158142,35.0,0,SELECT OWNER FIRST,
2026-06-17T15:19:51.054,997.055,mission_20260617_150314_manual,MANUAL,,0,13.341926574707031,101.02151489257812,51.970335658736744,3,True,2.9327499866485596,1,0,0,0,-26,0.0,0.0,0.0,0,14,13.341782569885254,101.02132415771484,26.120144311144088,84,26.299999237060547,-1.399999976158142,35.0,0,SELECT OWNER FIRST,
2026-06-17T15:19:53.086,999.087,mission_20260617_150314_manual,MANUAL,,0,13.341926574707031,101.02151489257812,51.97325556460692,3,True,1.933500051498413,1,0,0,0,-26,0.0,0.0,0.0,0,14,13.341782569885254,101.02132415771484,26.120144311144088,84,26.299999237060547,-1.5,35.0,0,SELECT OWNER FIRST,
2026-06-17T15:19:55.118,1001.119,mission_20260617_150314_manual,MANUAL,,0,13.341926574707031,101.02151489257812,51.96513105458919,3,True,2.9397499561309814,1,0,0,0,-26,0.0,0.0,0.0,0,14,13.341782569885254,101.02132415771484,26.120144311144088,84,26.299999237060547,-1.5,35.0,0,SELECT OWNER FIRST,
2026-06-17T15:19:57.126,1003.126,mission_20260617_150314_manual,MANUAL,,0,13.341927528381348,101.02151489257812,51.959772771185314,3,True,2.9342501163482666,1,0,0,0,-26,0.0,0.0,0.0,0,14,13.341782569885254,101.02132415771484,26.185287009687222,84,26.299999237060547,-1.5,35.0,0,SELECT OWNER FIRST,
2026-06-17T15:19:59.126,1005.127,mission_20260617_150314_manual,MANUAL,,0,13.341927528381348,101.02151489257812,51.96375135637685,3,True,2.934000015258789,1,0,0,0,-26,0.0,0.0,0.0,0,14,13.341782569885254,101.02132415771484,26.185287009687222,84,26.299999237060547,-1.5,35.0,0,SELECT OWNER FIRST,
2026-06-17T15:20:01.155,1007.156,mission_20260617_150314_manual,MANUAL,,0,13.341927528381348,101.02151489257812,51.95041199692781,3,True,2.937000036239624,1,0,0,0,-26,0.0,0.0,0.0,0,14,13.341782569885254,101.02132415771484,26.185287009687222,84,35.0,0.0,0.0,0,SELECT OWNER FIRST,
2026-06-17T15:20:03.180,1009.18,mission_20260617_150314_manual,MANUAL,,0,13.341927528381348,101.02151489257812,51.936085675143715,3,True,2.9375,1,0,0,0,-26,0.0,0.0,0.0,0,14,13.341782569885254,101.02132415771484,26.185287009687222,84,26.299999237060547,-1.5,35.0,0,SELECT OWNER FIRST,
2026-06-17T15:20:05.186,1011.187,mission_20260617_150314_manual,MANUAL,,0,13.341927528381348,101.02151489257812,51.93208659938467,3,True,2.9347500801086426,1,0,0,0,-26,0.0,0.0,0.0,0,14,13.341782569885254,101.02132415771484,26.185287009687222,84,26.299999237060547,-1.5,35.0,0,SELECT OWNER FIRST,
2026-06-17T15:20:07.207,1013.207,mission_20260617_150314_manual,MANUAL,,0,13.341928482055664,101.02151489257812,51.92212476848021,3,True,2.935499906539917,1,0,0,1,0,0.0,0.0,0.0,0,14,13.341782569885254,101.02132415771484,26.250696434121146,84,26.299999237060547,-1.2999999523162842,35.0,0,SELECT OWNER FIRST,
2026-06-17T15:20:09.208,1015.208,mission_20260617_150314_manual,MANUAL,,0,13.34192943572998,101.02151489257812,51.91203316398151,3,True,2.9347500801086426,1,0,0,0,-26,0.0,0.0,0.0,0,14,13.341782569885254,101.02132415771484,26.316370595601754,84,26.299999237060547,-1.5,35.0,0,SELECT OWNER FIRST,
2026-06-17T15:20:11.210,1017.211,mission_20260617_150314_manual,MANUAL,,0,13.341928482055664,101.02151489257812,51.899110446071845,3,True,2.9367499351501465,1,0,0,0,-26,0.0,0.0,0.0,0,14,13.341782569885254,101.02132415771484,26.250696434121146,84,26.299999237060547,-1.5,35.0,0,SELECT OWNER FIRST,
2026-06-17T15:20:13.244,1019.244,mission_20260617_150314_manual,MANUAL,,0,13.341928482055664,101.02151489257812,51.89303840789971,3,True,1.933500051498413,1,0,0,0,-26,0.0,0.0,0.0,0,14,13.341782569885254,101.02132415771484,26.250696434121146,84,26.299999237060547,-1.5,35.0,0,SELECT OWNER FIRST,
2026-06-17T15:20:15.245,1021.245,mission_20260617_150314_manual,MANUAL,,0,13.34192943572998,101.02151489257812,51.877725123780536,3,True,1.9317500591278076,1,0,0,0,-26,0.0,0.0,0.0,0,14,13.341782569885254,101.02132415771484,26.316370595601754,84,26.299999237060547,-1.5,35.0,0,SELECT OWNER FIRST,
2026-06-17T15:20:17.266,1023.266,mission_20260617_150314_manual,MANUAL,,0,13.341928482055664,101.02151489257812,51.87159161390586,3,True,2.9332499504089355,1,0,0,0,0,0.0,0.0,0.0,0,14,13.341782569885254,101.02132415771484,26.250696434121146,84,26.299999237060547,-1.5,35.0,0,SELECT OWNER FIRST,
2026-06-17T15:20:19.272,1025.272,mission_20260617_150314_manual,MANUAL,,0,13.341927528381348,101.02151489257812,51.88521442620546,3,True,2.9347500801086426,1,0,0,0,-26,0.0,0.0,0.0,0,14,13.341782569885254,101.02132415771484,26.185287009687222,84,26.299999237060547,-1.2999999523162842,35.0,0,SELECT OWNER FIRST,
2026-06-17T15:20:21.282,1027.283,mission_20260617_150314_manual,MANUAL,,0,13.341925621032715,101.02151489257812,51.91337529615342,3,True,1.933500051498413,1,0,0,0,-26,0.0,0.0,0.0,0,14,13.341782569885254,101.02132415771484,26.055270339074912,84,26.299999237060547,-1.5,35.0,0,SELECT OWNER FIRST,
2026-06-17T15:20:23.289,1029.289,mission_20260617_150314_manual,MANUAL,,0,13.341924667358398,101.02151489257812,51.94991680821299,3,True,2.934999942779541,1,0,0,0,-26,0.0,0.0,0.0,0,14,13.341782569885254,101.02132415771484,25.990667105742904,84,26.299999237060547,-1.399999976158142,35.0,0,SELECT OWNER FIRST,
2026-06-17T15:20:25.290,1031.29,mission_20260617_150314_manual,MANUAL,,0,13.341923713684082,101.02151489257812,51.99383833967075,3,True,2.934499979019165,1,0,0,0,-26,0.0,0.0,0.0,0,14,13.341782569885254,101.02132415771484,25.92633663502811,84,26.299999237060547,-1.5,35.0,0,SELECT OWNER FIRST,
2026-06-17T15:20:27.290,1033.291,mission_20260617_150314_manual,MANUAL,,0,13.341922760009766,101.02151489257812,52.0149436242061,3,True,1.934499979019165,1,0,0,0,-26,0.0,0.0,0.0,0,14,13.341782569885254,101.02132415771484,25.86228096235984,84,26.299999237060547,-1.5,35.0,0,SELECT OWNER FIRST,
2026-06-17T15:20:29.298,1035.298,mission_20260617_150314_manual,MANUAL,,0,13.34192180633545,101.02151489257812,52.0404748713236,3,True,2.9372498989105225,1,0,0,0,-26,0.0,0.0,0.0,0,14,13.341782569885254,101.02132415771484,25.79850213464467,84,26.299999237060547,-1.5,35.0,0,SELECT OWNER FIRST,
2026-06-17T15:20:31.302,1037.303,mission_20260617_150314_manual,MANUAL,,0,13.341920852661133,101.02151489257812,52.071224382966996,3,True,1.9325000047683716,1,0,0,0,-26,0.0,0.0,0.0,0,14,13.341782569885254,101.02132415771484,25.735002210189837,84,26.299999237060547,-1.5,35.0,0,SELECT OWNER FIRST,
2026-06-17T15:20:33.323,1039.324,mission_20260617_150314_manual,MANUAL,,0,13.3419189453125,101.0215072631836,52.09300927132475,3,True,2.934999942779541,1,0,0,0,-26,0.0,0.0,0.0,0,14,13.341782569885254,101.02132415771484,24.948462146229993,84,26.299999237060547,-1.5,35.0,0,SELECT OWNER FIRST,
2026-06-17T15:20:35.350,1041.35,mission_20260617_150314_manual,MANUAL,,0,13.341917991638184,101.0215072631836,52.105447045803345,3,True,1.9327499866485596,1,0,0,0,-26,0.0,0.0,0.0,0,14,13.341782569885254,101.02132415771484,24.884148797040265,84,26.299999237060547,-1.5,35.0,0,SELECT OWNER FIRST,
2026-06-17T15:20:37.357,1043.357,mission_20260617_150314_manual,MANUAL,,0,13.34191608428955,101.0215072631836,52.115422537086154,3,True,1.9332499504089355,1,0,0,0,-26,0.0,0.0,0.0,0,14,13.341782569885254,101.02132415771484,24.756383596800564,84,26.299999237060547,-1.399999976158142,35.0,0,SELECT OWNER FIRST,
2026-06-17T15:20:39.359,1045.359,mission_20260617_150314_manual,MANUAL,,0,13.341915130615234,101.0215072631836,52.12387831127863,3,True,2.9362499713897705,1,0,0,0,1,0.0,0.0,0.0,0,14,13.341782569885254,101.02132415771484,24.6929362032801,84,26.299999237060547,-1.399999976158142,35.0,0,SELECT OWNER FIRST,
2026-06-17T15:20:41.361,1047.362,mission_20260617_150314_manual,MANUAL,,0,13.341915130615234,101.0215072631836,52.10357215887618,3,True,1.9302500486373901,1,0,0,0,-26,0.0,0.0,0.0,0,14,13.341782569885254,101.02132415771484,24.6929362032801,84,26.299999237060547,-1.5,35.0,0,SELECT OWNER FIRST,
2026-06-17T15:20:43.370,1049.37,mission_20260617_150314_manual,MANUAL,,0,13.341914176940918,101.0215072631836,52.07803749666409,3,True,2.9352500438690186,1,0,0,0,-26,0.0,0.0,0.0,0,14,13.341782569885254,101.02132415771484,24.629781940540436,84,26.299999237060547,-1.2999999523162842,35.0,0,SELECT OWNER FIRST,
2026-06-17T15:20:45.371,1051.372,mission_20260617_150314_manual,MANUAL,,0,13.341914176940918,101.0215072631836,52.058520231110776,3,True,1.933750033378601,1,0,0,0,-26,0.0,0.0,0.0,0,14,13.341782569885254,101.02132415771484,24.629781940540436,84,26.299999237060547,-1.2999999523162842,35.0,0,SELECT OWNER FIRST,
2026-06-17T15:20:47.372,1053.373,mission_20260617_150314_manual,MANUAL,,0,13.341914176940918,101.0215072631836,52.04314547528908,3,True,2.9347500801086426,1,0,0,0,-26,0.0,0.0,0.0,0,14,13.341782569885254,101.02132415771484,24.629781940540436,84,26.299999237060547,-1.2999999523162842,35.0,0,SELECT OWNER FIRST,
2026-06-17T15:20:49.378,1055.379,mission_20260617_150314_manual,MANUAL,,0,13.341913223266602,101.0215072631836,52.029147002585134,3,True,2.934000015258789,1,0,0,0,-26,0.0,0.0,0.0,0,14,13.341782569885254,101.02132415771484,24.566923069238197,84,26.299999237060547,-1.399999976158142,35.0,0,SELECT OWNER FIRST,
2026-06-17T15:20:51.383,1057.384,mission_20260617_150314_manual,MANUAL,,0,13.341913223266602,101.0215072631836,52.03517122943309,3,True,2.936500072479248,1,0,0,0,-26,0.0,0.0,0.0,0,14,13.341782569885254,101.02132415771484,24.566923069238197,84,26.299999237060547,-1.2000000476837158,35.0,0,SELECT OWNER FIRST,
2026-06-17T15:20:53.392,1059.392,mission_20260617_150314_manual,MANUAL,,0,13.341913223266602,101.0215072631836,52.03968256937988,3,True,2.9357500076293945,1,0,0,0,-26,0.0,0.0,0.0,0,14,13.341782569885254,101.02132415771484,24.566923069238197,84,26.299999237060547,-1.399999976158142,35.0,0,SELECT OWNER FIRST,
2026-06-17T15:20:55.400,1061.401,mission_20260617_150314_manual,MANUAL,,0,13.341913223266602,101.0215072631836,52.031028719701474,3,True,2.930999994277954,1,0,0,0,-26,0.0,0.0,0.0,0,14,13.341782569885254,101.02132415771484,24.566923069238197,84,26.299999237060547,-1.100000023841858,35.0,0,SELECT OWNER FIRST,
2026-06-17T15:20:57.402,1063.403,mission_20260617_150314_manual,MANUAL,,0,13.341913223266602,101.0215072631836,52.01983062455724,3,True,2.9382500648498535,1,0,0,0,-26,0.0,0.0,0.0,0,14,13.341782569885254,101.02132415771484,24.566923069238197,84,26.299999237060547,-1.100000023841858,35.0,0,SELECT OWNER FIRST,
2026-06-17T15:20:59.426,1065.427,mission_20260617_150314_manual,MANUAL,,0,13.341914176940918,101.0215072631836,52.010596208799384,3,True,1.933750033378601,1,0,0,0,-26,0.0,0.0,0.0,0,14,13.341782569885254,101.02132415771484,24.629781940540436,84,26.299999237060547,-1.2999999523162842,35.0,0,SELECT OWNER FIRST,
2026-06-17T15:21:01.428,1067.428,mission_20260617_150314_manual,MANUAL,,0,13.341914176940918,101.0215072631836,52.00497837820705,3,True,1.934499979019165,1,0,0,0,-26,0.0,0.0,0.0,0,14,13.341782569885254,101.02132415771484,24.629781940540436,84,26.299999237060547,-1.2000000476837158,35.0,0,SELECT OWNER FIRST,
2026-06-17T15:21:03.428,1069.429,mission_20260617_150314_manual,MANUAL,,0,13.341915130615234,101.0215072631836,52.008034887860624,3,True,2.936000108718872,1,0,0,0,-26,0.0,0.0,0.0,0,14,13.341782569885254,101.02132415771484,24.6929362032801,84,26.299999237060547,-1.2999999523162842,35.0,0,SELECT OWNER FIRST,
2026-06-17T15:21:05.431,1071.431,mission_20260617_150314_manual,MANUAL,,0,13.341915130615234,101.0215072631836,51.998428226793,3,True,2.9362499713897705,1,0,0,0,-26,0.0,0.0,0.0,0,14,13.341782569885254,101.02132415771484,24.6929362032801,84,26.299999237060547,-1.2000000476837158,35.0,0,SELECT OWNER FIRST,
2026-06-17T15:21:07.436,1073.436,mission_20260617_150314_manual,MANUAL,,0,13.34191608428955,101.0215072631836,51.981909414285326,3,True,2.9322500228881836,1,0,0,0,-26,0.0,0.0,0.0,0,14,13.341782569885254,101.02132415771484,24.756383596800564,84,26.299999237060547,-1.2999999523162842,35.0,0,SELECT OWNER FIRST,
2026-06-17T15:21:09.437,1075.437,mission_20260617_150314_manual,MANUAL,,0,13.341917037963867,101.0215072631836,51.958577488080564,3,True,1.933750033378601,1,0,0,0,-26,0.0,0.0,0.0,0,14,13.341782569885254,101.02132415771484,24.82012187312132,84,26.299999237060547,-1.2000000476837158,35.0,0,SELECT OWNER FIRST,
2026-06-17T15:21:11.437,1077.438,mission_20260617_150314_manual,MANUAL,,0,13.341917991638184,101.0215072631836,51.947249619342095,3,True,1.9325000047683716,1,0,0,0,-26,0.0,0.0,0.0,0,14,13.341782569885254,101.02132415771484,24.884148797040265,84,26.299999237060547,-1.2000000476837158,35.0,0,SELECT OWNER FIRST,
2026-06-17T15:21:13.442,1079.443,mission_20260617_150314_manual,MANUAL,,0,13.341917991638184,101.0215072631836,51.94515616636149,3,True,1.9325000047683716,1,0,0,0,-26,0.0,0.0,0.0,0,14,13.341782569885254,101.02132415771484,24.884148797040265,84,26.299999237060547,-1.2000000476837158,35.0,0,SELECT OWNER FIRST,
2026-06-17T15:21:15.447,1081.447,mission_20260617_150314_manual,MANUAL,,0,13.3419189453125,101.0215072631836,51.94295684544875,3,True,2.934499979019165,1,0,0,0,-26,0.0,0.0,0.0,0,14,13.341782569885254,101.02132415771484,24.948462146229993,84,26.299999237060547,-1.2000000476837158,35.0,0,SELECT OWNER FIRST,
2026-06-17T15:21:17.519,1083.519,mission_20260617_150314_manual,MANUAL,,0,13.341919898986816,101.0215072631836,51.93995156221394,3,True,1.9332499504089355,1,0,0,0,-26,0.0,0.0,0.0,0,14,13.341782569885254,101.02132415771484,25.01305971132853,84,26.299999237060547,-1.2999999523162842,35.0,0,SELECT OWNER FIRST,
2026-06-17T15:21:19.520,1085.521,mission_20260617_150314_manual,MANUAL,,0,13.341919898986816,101.02149963378906,51.93351069382662,3,True,2.934999942779541,1,0,0,0,-26,0.0,0.0,0.0,0,14,13.341782569885254,101.02132415771484,24.36449473081519,84,26.299999237060547,-1.2000000476837158,35.0,0,SELECT OWNER FIRST,
2026-06-17T15:21:21.521,1087.522,mission_20260617_150314_manual,MANUAL,,0,13.341920852661133,101.02149963378906,51.928207051936106,3,True,2.9327499866485596,1,0,0,35,0,0.0,0.0,0.0,0,14,13.341782569885254,101.02132415771484,24.431096717645293,84,26.299999237060547,-1.2999999523162842,35.0,0,SELECT OWNER FIRST,
2026-06-17T15:21:23.528,1089.528,mission_20260617_150314_manual,MANUAL,,0,13.341920852661133,101.02149963378906,51.93870163759583,3,True,1.9332499504089355,1,0,0,0,-26,0.0,0.0,0.0,0,14,13.341782569885254,101.02132415771484,24.431096717645293,84,26.299999237060547,-1.2000000476837158,35.0,0,SELECT OWNER FIRST,
2026-06-17T15:21:25.533,1091.534,mission_20260617_150314_manual,MANUAL,,0,13.341920852661133,101.02149963378906,51.935891014752364,3,True,2.9375,1,0,0,0,-26,0.0,0.0,0.0,0,14,13.341782569885254,101.02132415771484,24.431096717645293,84,26.299999237060547,-1.399999976158142,35.0,0,SELECT OWNER FIRST,
2026-06-17T15:21:27.542,1093.542,mission_20260617_150314_manual,MANUAL,,0,13.341920852661133,101.02149963378906,51.94487612860552,3,True,1.933500051498413,1,0,0,0,-26,0.0,0.0,0.0,0,14,13.341782569885254,101.02132415771484,24.431096717645293,84,26.299999237060547,-1.2000000476837158,35.0,0,SELECT OWNER FIRST,
2026-06-17T15:21:29.544,1095.545,mission_20260617_150314_manual,MANUAL,,0,13.341922760009766,101.02149963378906,51.984532206926616,3,True,2.936000108718872,1,0,0,0,-26,0.0,0.0,0.0,0,14,13.341782569885254,101.02132415771484,24.565132304975076,84,26.299999237060547,-1.2000000476837158,35.0,0,SELECT OWNER FIRST,
2026-06-17T15:21:31.573,1097.573,mission_20260617_150314_manual,MANUAL,,0,13.341923713684082,101.02149963378906,52.02006968117819,3,True,2.9332499504089355,1,0,0,0,-26,0.0,0.0,0.0,0,14,13.341782569885254,101.02132415771484,24.632561380333623,84,26.299999237060547,-1.2999999523162842,35.0,0,SELECT OWNER FIRST,
2026-06-17T15:21:33.586,1099.587,mission_20260617_150314_manual,MANUAL,,0,13.341924667358398,101.02149963378906,52.057406910276065,3,True,1.93149995803833,1,0,0,0,-26,0.0,0.0,0.0,0,14,13.341782569885254,101.02132415771484,24.70026165251823,84,26.299999237060547,-1.2999999523162842,35.0,0,SELECT OWNER FIRST,
2026-06-17T15:21:35.590,1101.59,mission_20260617_150314_manual,MANUAL,,0,13.341925621032715,101.02149963378906,52.0771222513153,3,True,2.9357500076293945,1,0,0,0,-26,0.0,0.0,0.0,0,14,13.341782569885254,101.02132415771484,24.768230897700523,84,26.299999237060547,-1.2000000476837158,35.0,0,SELECT OWNER FIRST,
2026-06-17T15:21:37.615,1103.615,mission_20260617_150314_manual,MANUAL,,0,13.341926574707031,101.02149963378906,52.10523189484449,3,True,1.9332499504089355,1,0,0,0,-26,0.0,0.0,0.0,0,14,13.341782569885254,101.02132415771484,24.83646690760858,84,26.299999237060547,-1.2000000476837158,35.0,0,SELECT OWNER FIRST,
2026-06-17T15:21:39.620,1105.621,mission_20260617_150314_manual,MANUAL,,0,13.341926574707031,101.02149963378906,52.11169666889391,3,True,2.9367499351501465,1,0,0,0,-26,0.0,0.0,0.0,0,14,13.341782569885254,101.02132415771484,24.83646690760858,84,26.299999237060547,-1.2999999523162842,35.0,0,SELECT OWNER FIRST,
