iso_time,elapsed_s,mission_id,run_mode,event,hw_mode,lat,lng,yaw_deg,gps_fix,gps_ready,lidar_min_front_m,lidar_obstacle,pwm_l,pwm_r,enc_l,enc_r,wheel_speed_l_kph,wheel_speed_r_kph,wheel_speed_avg_kph,wp_idx,path_len,target_lat,target_lng,dist_to_target_m,battery_soc_pct,battery_voltage_v,battery_current_a,battery_temp_c,battery_status,num_sats,segment,follow_status,follow_debug
2026-07-17T16:31:11.842,0.842,mission_20260717_163111_auto,AUTO,MISSION_START,1,13.330171585083008,100.9979019165039,-0.23107906672157716,4,True,-1.0,1,0,0,1,0,0.0,0.0,0.0,0,7,13.330212593078613,100.99787902832031,5.1889756320548965,85,26.200000762939453,-1.2999999523162842,33.0,0,26,-,FOLLOW IDLE,"{""cmd"": ""STOP"", ""status"": ""READY"", ""detector"": ""yolo"", ""state"": ""IDLE"", ""owner"": ""Surn new"", ""score"": null, ""match_max"": 0.5, ""refs"": 18, ""match_mode"": ""none"", ""steer_zones"": 41, ""people"": 0, ""track_id"": null, ""target_ex"": 0.0, ""target_cx_vel_px_s"": 0.0, ""target_age_s"": null, ""lidar_min_m"": 1.54, ""target_lidar_m"": null, ""target_lidar_deg"": null, ""camera_rang"
2026-07-17T16:31:12.847,1.848,mission_20260717_163111_auto,AUTO,,1,13.330171585083008,100.9979019165039,-0.23359889959720942,4,True,-1.0,1,0,0,1,0,0.0,0.0,0.0,0,7,13.330212593078613,100.99787902832031,5.1889756320548965,85,26.200000762939453,-1.2999999523162842,33.0,0,26,-,READY owner=Surn new refs=18,"{""cmd"": ""STOP"", ""status"": ""READY"", ""detector"": ""yolo"", ""state"": ""IDLE"", ""owner"": ""Surn new"", ""score"": null, ""match_max"": 0.5, ""refs"": 18, ""match_mode"": ""none"", ""steer_zones"": 41, ""people"": 0, ""track_id"": null, ""target_ex"": 0.0, ""target_cx_vel_px_s"": 0.0, ""target_age_s"": null, ""lidar_min_m"": 1.53, ""target_lidar_m"": null, ""target_lidar_deg"": null, ""camera_rang"
2026-07-17T16:31:13.861,2.862,mission_20260717_163111_auto,AUTO,,1,13.330171585083008,100.9979019165039,-0.23723416106124293,4,True,-1.0,1,0,0,1,0,0.0,0.0,0.0,0,7,13.330212593078613,100.99787902832031,5.1889756320548965,85,26.200000762939453,-1.2999999523162842,33.0,0,26,-,READY owner=Surn new refs=18,"{""cmd"": ""STOP"", ""status"": ""READY"", ""detector"": ""yolo"", ""state"": ""IDLE"", ""owner"": ""Surn new"", ""score"": null, ""match_max"": 0.5, ""refs"": 18, ""match_mode"": ""none"", ""steer_zones"": 41, ""people"": 0, ""track_id"": null, ""target_ex"": 0.0, ""target_cx_vel_px_s"": 0.0, ""target_age_s"": null, ""lidar_min_m"": 1.53, ""target_lidar_m"": null, ""target_lidar_deg"": null, ""camera_rang"
2026-07-17T16:31:14.869,3.869,mission_20260717_163111_auto,AUTO,,1,13.330171585083008,100.9979019165039,-0.2356159931973317,4,True,-1.0,1,0,0,1,0,0.0,0.0,0.0,0,7,13.330212593078613,100.99787902832031,5.1889756320548965,85,26.200000762939453,-1.2999999523162842,33.0,0,26,-,READY owner=Surn new refs=18,"{""cmd"": ""STOP"", ""status"": ""READY"", ""detector"": ""yolo"", ""state"": ""IDLE"", ""owner"": ""Surn new"", ""score"": null, ""match_max"": 0.5, ""refs"": 18, ""match_mode"": ""none"", ""steer_zones"": 41, ""people"": 0, ""track_id"": null, ""target_ex"": 0.0, ""target_cx_vel_px_s"": 0.0, ""target_age_s"": null, ""lidar_min_m"": 1.53, ""target_lidar_m"": null, ""target_lidar_deg"": null, ""camera_rang"
2026-07-17T16:31:15.097,,mission_20260717_163111_auto,AUTO,START_REQUEST,,,,,,,,,,,,,,,,,,,,,,,,,,,,READY owner=Surn new refs=18,"{""cmd"": ""STOP"", ""status"": ""READY"", ""detector"": ""yolo"", ""state"": ""IDLE"", ""owner"": ""Surn new"", ""score"": null, ""match_max"": 0.5, ""refs"": 18, ""match_mode"": ""none"", ""steer_zones"": 41, ""people"": 0, ""track_id"": null, ""target_ex"": 0.0, ""target_cx_vel_px_s"": 0.0, ""target_age_s"": null, ""lidar_min_m"": 1.53, ""target_lidar_m"": null, ""target_lidar_deg"": null, ""camera_rang"
2026-07-17T16:31:15.099,,mission_20260717_163111_auto,AUTO,START_REQUEST,,,,,,,,,,,,,,,,,,,,,,,,,,,,FOLLOW IDLE,"{""cmd"": ""STOP"", ""status"": ""READY"", ""detector"": ""yolo"", ""state"": ""IDLE"", ""owner"": ""Surn new"", ""score"": null, ""match_max"": 0.5, ""refs"": 18, ""match_mode"": ""none"", ""steer_zones"": 41, ""people"": 0, ""track_id"": null, ""target_ex"": 0.0, ""target_cx_vel_px_s"": 0.0, ""target_age_s"": null, ""lidar_min_m"": 1.53, ""target_lidar_m"": null, ""target_lidar_deg"": null, ""camera_rang"
2026-07-17T16:31:15.837,,mission_20260717_163111_auto,AUTO,START_REQUEST,,,,,,,,,,,,,,,,,,,,,,,,,,,,FOLLOW IDLE,"{""cmd"": ""STOP"", ""status"": ""READY"", ""detector"": ""yolo"", ""state"": ""IDLE"", ""owner"": ""Surn new"", ""score"": null, ""match_max"": 0.5, ""refs"": 18, ""match_mode"": ""none"", ""steer_zones"": 41, ""people"": 0, ""track_id"": null, ""target_ex"": 0.0, ""target_cx_vel_px_s"": 0.0, ""target_age_s"": null, ""lidar_min_m"": 1.53, ""target_lidar_m"": null, ""target_lidar_deg"": null, ""camera_rang"
2026-07-17T16:31:15.839,,mission_20260717_163111_auto,AUTO,START_REQUEST,,,,,,,,,,,,,,,,,,,,,,,,,,,,FOLLOW IDLE,"{""cmd"": ""STOP"", ""status"": ""READY"", ""detector"": ""yolo"", ""state"": ""IDLE"", ""owner"": ""Surn new"", ""score"": null, ""match_max"": 0.5, ""refs"": 18, ""match_mode"": ""none"", ""steer_zones"": 41, ""people"": 0, ""track_id"": null, ""target_ex"": 0.0, ""target_cx_vel_px_s"": 0.0, ""target_age_s"": null, ""lidar_min_m"": 1.53, ""target_lidar_m"": null, ""target_lidar_deg"": null, ""camera_rang"
2026-07-17T16:31:15.870,4.87,mission_20260717_163111_auto,AUTO,,1,13.330172538757324,100.99789428710938,-0.23501450966354745,4,True,-1.0,1,0,0,1,0,0.0,0.0,0.0,0,7,13.330212593078613,100.99787902832031,4.7499919621138025,85,26.200000762939453,-1.2999999523162842,33.0,0,26,-,FOLLOW IDLE,"{""cmd"": ""STOP"", ""status"": ""READY"", ""detector"": ""yolo"", ""state"": ""IDLE"", ""owner"": ""Surn new"", ""score"": null, ""match_max"": 0.5, ""refs"": 18, ""match_mode"": ""none"", ""steer_zones"": 41, ""people"": 0, ""track_id"": null, ""target_ex"": 0.0, ""target_cx_vel_px_s"": 0.0, ""target_age_s"": null, ""lidar_min_m"": 1.53, ""target_lidar_m"": null, ""target_lidar_deg"": null, ""camera_rang"
2026-07-17T16:31:15.948,,mission_20260717_163111_auto,AUTO,START_REQUEST,,,,,,,,,,,,,,,,,,,,,,,,,,,,FOLLOW IDLE,"{""cmd"": ""STOP"", ""status"": ""READY"", ""detector"": ""yolo"", ""state"": ""IDLE"", ""owner"": ""Surn new"", ""score"": null, ""match_max"": 0.5, ""refs"": 18, ""match_mode"": ""none"", ""steer_zones"": 41, ""people"": 0, ""track_id"": null, ""target_ex"": 0.0, ""target_cx_vel_px_s"": 0.0, ""target_age_s"": null, ""lidar_min_m"": 1.53, ""target_lidar_m"": null, ""target_lidar_deg"": null, ""camera_rang"
2026-07-17T16:31:16.875,5.875,mission_20260717_163111_auto,AUTO,,1,13.330172538757324,100.99789428710938,-0.23264467414539103,4,True,-1.0,1,0,0,1,0,0.0,0.0,0.0,0,7,13.330212593078613,100.99787902832031,4.7499919621138025,85,26.200000762939453,-1.2999999523162842,33.0,0,27,-,READY owner=Surn new refs=18,"{""cmd"": ""STOP"", ""status"": ""READY"", ""detector"": ""yolo"", ""state"": ""IDLE"", ""owner"": ""Surn new"", ""score"": null, ""match_max"": 0.5, ""refs"": 18, ""match_mode"": ""none"", ""steer_zones"": 41, ""people"": 0, ""track_id"": null, ""target_ex"": 0.0, ""target_cx_vel_px_s"": 0.0, ""target_age_s"": null, ""lidar_min_m"": 1.53, ""target_lidar_m"": null, ""target_lidar_deg"": null, ""camera_rang"
2026-07-17T16:31:17.880,6.88,mission_20260717_163111_auto,AUTO,,1,13.330171585083008,100.99789428710938,-0.2352521522218963,4,True,-1.0,1,0,0,1,0,0.0,0.0,0.0,0,7,13.330212593078613,100.99787902832031,4.8495641154925115,85,26.200000762939453,-1.2999999523162842,33.0,0,26,-,READY owner=Surn new refs=18,"{""cmd"": ""STOP"", ""status"": ""READY"", ""detector"": ""yolo"", ""state"": ""IDLE"", ""owner"": ""Surn new"", ""score"": null, ""match_max"": 0.5, ""refs"": 18, ""match_mode"": ""none"", ""steer_zones"": 41, ""people"": 0, ""track_id"": null, ""target_ex"": 0.0, ""target_cx_vel_px_s"": 0.0, ""target_age_s"": null, ""lidar_min_m"": 1.53, ""target_lidar_m"": null, ""target_lidar_deg"": null, ""camera_rang"
2026-07-17T16:31:18.880,7.88,mission_20260717_163111_auto,AUTO,,1,13.330172538757324,100.99789428710938,-0.2364174732077504,4,True,-1.0,1,0,0,1,0,0.0,0.0,0.0,0,7,13.330212593078613,100.99787902832031,4.7499919621138025,85,26.200000762939453,-1.2999999523162842,33.0,0,27,-,READY owner=Surn new refs=18,"{""cmd"": ""STOP"", ""status"": ""READY"", ""detector"": ""yolo"", ""state"": ""IDLE"", ""owner"": ""Surn new"", ""score"": null, ""match_max"": 0.5, ""refs"": 18, ""match_mode"": ""none"", ""steer_zones"": 41, ""people"": 0, ""track_id"": null, ""target_ex"": 0.0, ""target_cx_vel_px_s"": 0.0, ""target_age_s"": null, ""lidar_min_m"": 1.53, ""target_lidar_m"": null, ""target_lidar_deg"": null, ""camera_rang"
2026-07-17T16:31:19.887,8.887,mission_20260717_163111_auto,AUTO,,1,13.330172538757324,100.99789428710938,-0.2377909015198783,4,True,-1.0,1,0,0,1,0,0.0,0.0,0.0,0,7,13.330212593078613,100.99787902832031,4.7499919621138025,85,26.200000762939453,-1.2999999523162842,33.0,0,27,-,READY owner=Surn new refs=18,"{""cmd"": ""STOP"", ""status"": ""READY"", ""detector"": ""yolo"", ""state"": ""IDLE"", ""owner"": ""Surn new"", ""score"": null, ""match_max"": 0.5, ""refs"": 18, ""match_mode"": ""none"", ""steer_zones"": 41, ""people"": 0, ""track_id"": null, ""target_ex"": 0.0, ""target_cx_vel_px_s"": 0.0, ""target_age_s"": null, ""lidar_min_m"": 1.53, ""target_lidar_m"": null, ""target_lidar_deg"": null, ""camera_rang"
2026-07-17T16:31:20.890,9.89,mission_20260717_163111_auto,AUTO,,1,13.330172538757324,100.99789428710938,-0.23930386846231547,4,True,-1.0,1,0,0,1,0,0.0,0.0,0.0,0,7,13.330212593078613,100.99787902832031,4.7499919621138025,85,26.200000762939453,-1.2999999523162842,33.0,0,27,-,READY owner=Surn new refs=18,"{""cmd"": ""STOP"", ""status"": ""READY"", ""detector"": ""yolo"", ""state"": ""IDLE"", ""owner"": ""Surn new"", ""score"": null, ""match_max"": 0.5, ""refs"": 18, ""match_mode"": ""none"", ""steer_zones"": 41, ""people"": 0, ""track_id"": null, ""target_ex"": 0.0, ""target_cx_vel_px_s"": 0.0, ""target_age_s"": null, ""lidar_min_m"": 1.53, ""target_lidar_m"": null, ""target_lidar_deg"": null, ""camera_rang"
2026-07-17T16:31:22.038,11.038,mission_20260717_163111_auto,AUTO,,1,13.330172538757324,100.99789428710938,-0.242294290699591,4,True,-1.0,1,0,0,1,0,0.0,0.0,0.0,0,7,13.330212593078613,100.99787902832031,4.7499919621138025,85,26.200000762939453,-1.2999999523162842,33.0,0,27,-,READY owner=Surn new refs=18,"{""cmd"": ""STOP"", ""status"": ""READY"", ""detector"": ""yolo"", ""state"": ""IDLE"", ""owner"": ""Surn new"", ""score"": null, ""match_max"": 0.5, ""refs"": 18, ""match_mode"": ""none"", ""steer_zones"": 41, ""people"": 0, ""track_id"": null, ""target_ex"": 0.0, ""target_cx_vel_px_s"": 0.0, ""target_age_s"": null, ""lidar_min_m"": 1.53, ""target_lidar_m"": null, ""target_lidar_deg"": null, ""camera_rang"
2026-07-17T16:31:23.053,12.053,mission_20260717_163111_auto,AUTO,,1,13.330172538757324,100.9979019165039,-0.24834514461313473,4,True,-1.0,1,0,0,1,0,0.0,0.0,0.0,0,7,13.330212593078613,100.99787902832031,5.096039602131728,85,26.200000762939453,-1.2999999523162842,33.0,0,27,-,READY owner=Surn new refs=18,"{""cmd"": ""STOP"", ""status"": ""READY"", ""detector"": ""yolo"", ""state"": ""IDLE"", ""owner"": ""Surn new"", ""score"": null, ""match_max"": 0.5, ""refs"": 18, ""match_mode"": ""none"", ""steer_zones"": 41, ""people"": 0, ""track_id"": null, ""target_ex"": 0.0, ""target_cx_vel_px_s"": 0.0, ""target_age_s"": null, ""lidar_min_m"": 1.53, ""target_lidar_m"": null, ""target_lidar_deg"": null, ""camera_rang"
2026-07-17T16:31:24.056,13.056,mission_20260717_163111_auto,AUTO,,1,13.330172538757324,100.9979019165039,-0.25546671072035726,4,True,-1.0,1,0,0,1,0,0.0,0.0,0.0,0,7,13.330212593078613,100.99787902832031,5.096039602131728,85,26.200000762939453,-1.2999999523162842,33.0,0,27,-,READY owner=Surn new refs=18,"{""cmd"": ""STOP"", ""status"": ""READY"", ""detector"": ""yolo"", ""state"": ""IDLE"", ""owner"": ""Surn new"", ""score"": null, ""match_max"": 0.5, ""refs"": 18, ""match_mode"": ""none"", ""steer_zones"": 41, ""people"": 0, ""track_id"": null, ""target_ex"": 0.0, ""target_cx_vel_px_s"": 0.0, ""target_age_s"": null, ""lidar_min_m"": 1.53, ""target_lidar_m"": null, ""target_lidar_deg"": null, ""camera_rang"
2026-07-17T16:31:25.061,14.061,mission_20260717_163111_auto,AUTO,,1,13.330172538757324,100.9979019165039,-0.25689494062840396,4,True,-1.0,1,0,0,1,0,0.0,0.0,0.0,0,7,13.330212593078613,100.99787902832031,5.096039602131728,85,26.200000762939453,-1.2999999523162842,33.0,0,26,-,READY owner=Surn new refs=18,"{""cmd"": ""STOP"", ""status"": ""READY"", ""detector"": ""yolo"", ""state"": ""IDLE"", ""owner"": ""Surn new"", ""score"": null, ""match_max"": 0.5, ""refs"": 18, ""match_mode"": ""none"", ""steer_zones"": 41, ""people"": 0, ""track_id"": null, ""target_ex"": 0.0, ""target_cx_vel_px_s"": 0.0, ""target_age_s"": null, ""lidar_min_m"": 1.53, ""target_lidar_m"": null, ""target_lidar_deg"": null, ""camera_rang"
2026-07-17T16:31:26.061,15.061,mission_20260717_163111_auto,AUTO,,1,13.33017349243164,100.9979019165039,-0.25149623637846424,4,True,-1.0,1,0,0,1,0,0.0,0.0,0.0,0,7,13.330212593078613,100.99787902832031,5.003624855533797,85,26.200000762939453,-1.2999999523162842,33.0,0,27,-,READY owner=Surn new refs=18,"{""cmd"": ""STOP"", ""status"": ""READY"", ""detector"": ""yolo"", ""state"": ""IDLE"", ""owner"": ""Surn new"", ""score"": null, ""match_max"": 0.5, ""refs"": 18, ""match_mode"": ""none"", ""steer_zones"": 41, ""people"": 0, ""track_id"": null, ""target_ex"": 0.0, ""target_cx_vel_px_s"": 0.0, ""target_age_s"": null, ""lidar_min_m"": 1.53, ""target_lidar_m"": null, ""target_lidar_deg"": null, ""camera_rang"
2026-07-17T16:31:27.065,16.065,mission_20260717_163111_auto,AUTO,,1,13.33017349243164,100.9979019165039,-0.25176698934603176,4,True,-1.0,1,0,0,1,0,0.0,0.0,0.0,0,7,13.330212593078613,100.99787902832031,5.003624855533797,85,26.200000762939453,-1.2999999523162842,33.0,0,27,-,READY owner=Surn new refs=18,"{""cmd"": ""STOP"", ""status"": ""READY"", ""detector"": ""yolo"", ""state"": ""IDLE"", ""owner"": ""Surn new"", ""score"": null, ""match_max"": 0.5, ""refs"": 18, ""match_mode"": ""none"", ""steer_zones"": 41, ""people"": 0, ""track_id"": null, ""target_ex"": 0.0, ""target_cx_vel_px_s"": 0.0, ""target_age_s"": null, ""lidar_min_m"": 1.53, ""target_lidar_m"": null, ""target_lidar_deg"": null, ""camera_rang"
2026-07-17T16:31:28.065,17.066,mission_20260717_163111_auto,AUTO,,1,13.33017349243164,100.9979019165039,-0.24835368234959723,4,True,-1.0,1,0,0,1,0,0.0,0.0,0.0,0,7,13.330212593078613,100.99787902832031,5.003624855533797,85,26.200000762939453,-1.2999999523162842,33.0,0,27,-,READY owner=Surn new refs=18,"{""cmd"": ""STOP"", ""status"": ""READY"", ""detector"": ""yolo"", ""state"": ""IDLE"", ""owner"": ""Surn new"", ""score"": null, ""match_max"": 0.5, ""refs"": 18, ""match_mode"": ""none"", ""steer_zones"": 41, ""people"": 0, ""track_id"": null, ""target_ex"": 0.0, ""target_cx_vel_px_s"": 0.0, ""target_age_s"": null, ""lidar_min_m"": 1.53, ""target_lidar_m"": null, ""target_lidar_deg"": null, ""camera_rang"
2026-07-17T16:31:29.070,18.07,mission_20260717_163111_auto,AUTO,,1,13.330174446105957,100.9979019165039,-0.24898083245362193,4,True,-1.0,1,0,0,1,0,0.0,0.0,0.0,0,7,13.330212593078613,100.99787902832031,4.911760816175971,85,26.200000762939453,-1.2999999523162842,33.0,0,27,-,READY owner=Surn new refs=18,"{""cmd"": ""STOP"", ""status"": ""READY"", ""detector"": ""yolo"", ""state"": ""IDLE"", ""owner"": ""Surn new"", ""score"": null, ""match_max"": 0.5, ""refs"": 18, ""match_mode"": ""none"", ""steer_zones"": 41, ""people"": 0, ""track_id"": null, ""target_ex"": 0.0, ""target_cx_vel_px_s"": 0.0, ""target_age_s"": null, ""lidar_min_m"": 1.53, ""target_lidar_m"": null, ""target_lidar_deg"": null, ""camera_rang"
2026-07-17T16:31:30.070,19.071,mission_20260717_163111_auto,AUTO,,1,13.330174446105957,100.9979019165039,-0.24308053618650938,4,True,-1.0,1,0,0,1,0,0.0,0.0,0.0,0,7,13.330212593078613,100.99787902832031,4.911760816175971,85,26.200000762939453,-1.2999999523162842,33.0,0,27,-,READY owner=Surn new refs=18,"{""cmd"": ""STOP"", ""status"": ""READY"", ""detector"": ""yolo"", ""state"": ""IDLE"", ""owner"": ""Surn new"", ""score"": null, ""match_max"": 0.5, ""refs"": 18, ""match_mode"": ""none"", ""steer_zones"": 41, ""people"": 0, ""track_id"": null, ""target_ex"": 0.0, ""target_cx_vel_px_s"": 0.0, ""target_age_s"": null, ""lidar_min_m"": 1.54, ""target_lidar_m"": null, ""target_lidar_deg"": null, ""camera_rang"
2026-07-17T16:31:31.075,20.075,mission_20260717_163111_auto,AUTO,,1,13.330174446105957,100.9979019165039,-0.24371897211092045,4,True,-1.0,1,0,0,1,0,0.0,0.0,0.0,0,7,13.330212593078613,100.99787902832031,4.911760816175971,85,26.200000762939453,-1.2999999523162842,33.0,0,27,-,READY owner=Surn new refs=18,"{""cmd"": ""STOP"", ""status"": ""READY"", ""detector"": ""yolo"", ""state"": ""IDLE"", ""owner"": ""Surn new"", ""score"": null, ""match_max"": 0.5, ""refs"": 18, ""match_mode"": ""none"", ""steer_zones"": 41, ""people"": 0, ""track_id"": null, ""target_ex"": 0.0, ""target_cx_vel_px_s"": 0.0, ""target_age_s"": null, ""lidar_min_m"": 1.53, ""target_lidar_m"": null, ""target_lidar_deg"": null, ""camera_rang"
2026-07-17T16:31:32.075,21.075,mission_20260717_163111_auto,AUTO,,1,13.330174446105957,100.9979019165039,-0.23768113824548207,4,True,-1.0,1,0,0,1,0,0.0,0.0,0.0,0,7,13.330212593078613,100.99787902832031,4.911760816175971,85,26.200000762939453,-1.2999999523162842,33.0,0,27,-,READY owner=Surn new refs=18,"{""cmd"": ""STOP"", ""status"": ""READY"", ""detector"": ""yolo"", ""state"": ""IDLE"", ""owner"": ""Surn new"", ""score"": null, ""match_max"": 0.5, ""refs"": 18, ""match_mode"": ""none"", ""steer_zones"": 41, ""people"": 0, ""track_id"": null, ""target_ex"": 0.0, ""target_cx_vel_px_s"": 0.0, ""target_age_s"": null, ""lidar_min_m"": 1.53, ""target_lidar_m"": null, ""target_lidar_deg"": null, ""camera_rang"
2026-07-17T16:31:33.075,22.076,mission_20260717_163111_auto,AUTO,,1,13.330174446105957,100.9979019165039,-0.23323519202390625,4,True,-1.0,1,0,0,1,0,0.0,0.0,0.0,0,7,13.330212593078613,100.99787902832031,4.911760816175971,85,26.200000762939453,-1.2999999523162842,33.0,0,28,-,READY owner=Surn new refs=18,"{""cmd"": ""STOP"", ""status"": ""READY"", ""detector"": ""yolo"", ""state"": ""IDLE"", ""owner"": ""Surn new"", ""score"": null, ""match_max"": 0.5, ""refs"": 18, ""match_mode"": ""none"", ""steer_zones"": 41, ""people"": 0, ""track_id"": null, ""target_ex"": 0.0, ""target_cx_vel_px_s"": 0.0, ""target_age_s"": null, ""lidar_min_m"": 1.53, ""target_lidar_m"": null, ""target_lidar_deg"": null, ""camera_rang"
2026-07-17T16:31:35.051,24.052,mission_20260717_163111_auto,AUTO,,1,13.330175399780273,100.9979019165039,-0.23513283735483262,4,True,-1.0,1,0,0,1,0,0.0,0.0,0.0,0,7,13.330212593078613,100.99787902832031,4.820478968703529,85,26.200000762939453,-1.2999999523162842,33.0,0,28,-,READY owner=Surn new refs=18,"{""cmd"": ""STOP"", ""status"": ""READY"", ""detector"": ""yolo"", ""state"": ""IDLE"", ""owner"": ""Surn new"", ""score"": null, ""match_max"": 0.5, ""refs"": 18, ""match_mode"": ""none"", ""steer_zones"": 41, ""people"": 0, ""track_id"": null, ""target_ex"": 0.0, ""target_cx_vel_px_s"": 0.0, ""target_age_s"": null, ""lidar_min_m"": 1.53, ""target_lidar_m"": null, ""target_lidar_deg"": null, ""camera_rang"
2026-07-17T16:31:36.055,25.055,mission_20260717_163111_auto,AUTO,,1,13.33017635345459,100.9979019165039,-0.2320206723316869,4,True,-1.0,1,0,0,1,0,0.0,0.0,0.0,0,7,13.330212593078613,100.99787902832031,4.729813020838113,85,26.200000762939453,-1.2999999523162842,33.0,0,28,-,READY owner=Surn new refs=18,"{""cmd"": ""STOP"", ""status"": ""READY"", ""detector"": ""yolo"", ""state"": ""IDLE"", ""owner"": ""Surn new"", ""score"": null, ""match_max"": 0.5, ""refs"": 18, ""match_mode"": ""none"", ""steer_zones"": 41, ""people"": 0, ""track_id"": null, ""target_ex"": 0.0, ""target_cx_vel_px_s"": 0.0, ""target_age_s"": null, ""lidar_min_m"": 1.53, ""target_lidar_m"": null, ""target_lidar_deg"": null, ""camera_rang"
2026-07-17T16:31:37.055,26.055,mission_20260717_163111_auto,AUTO,,1,13.330177307128906,100.9979019165039,-0.22521513587570965,4,True,-1.0,1,0,0,1,0,0.0,0.0,0.0,0,7,13.330212593078613,100.99787902832031,4.639799078457149,85,26.200000762939453,-1.2999999523162842,33.0,0,28,-,READY owner=Surn new refs=18,"{""cmd"": ""STOP"", ""status"": ""READY"", ""detector"": ""yolo"", ""state"": ""IDLE"", ""owner"": ""Surn new"", ""score"": null, ""match_max"": 0.5, ""refs"": 18, ""match_mode"": ""none"", ""steer_zones"": 41, ""people"": 0, ""track_id"": null, ""target_ex"": 0.0, ""target_cx_vel_px_s"": 0.0, ""target_age_s"": null, ""lidar_min_m"": 1.53, ""target_lidar_m"": null, ""target_lidar_deg"": null, ""camera_rang"
2026-07-17T16:31:38.061,27.061,mission_20260717_163111_auto,AUTO,,1,13.330178260803223,100.9979019165039,-0.22611317234943412,4,True,-1.0,1,0,0,1,0,0.0,0.0,0.0,0,7,13.330212593078613,100.99787902832031,4.5504758341078135,85,26.200000762939453,-1.2999999523162842,33.0,0,27,-,READY owner=Surn new refs=18,"{""cmd"": ""STOP"", ""status"": ""READY"", ""detector"": ""yolo"", ""state"": ""IDLE"", ""owner"": ""Surn new"", ""score"": null, ""match_max"": 0.5, ""refs"": 18, ""match_mode"": ""none"", ""steer_zones"": 41, ""people"": 0, ""track_id"": null, ""target_ex"": 0.0, ""target_cx_vel_px_s"": 0.0, ""target_age_s"": null, ""lidar_min_m"": 1.53, ""target_lidar_m"": null, ""target_lidar_deg"": null, ""camera_rang"
2026-07-17T16:31:39.065,28.065,mission_20260717_163111_auto,AUTO,,1,13.330178260803223,100.9979019165039,-0.2269296467595151,4,True,-1.0,1,0,0,1,0,0.0,0.0,0.0,0,7,13.330212593078613,100.99787902832031,4.5504758341078135,85,26.200000762939453,-1.2999999523162842,33.0,0,27,-,READY owner=Surn new refs=18,"{""cmd"": ""STOP"", ""status"": ""READY"", ""detector"": ""yolo"", ""state"": ""IDLE"", ""owner"": ""Surn new"", ""score"": null, ""match_max"": 0.5, ""refs"": 18, ""match_mode"": ""none"", ""steer_zones"": 41, ""people"": 0, ""track_id"": null, ""target_ex"": 0.0, ""target_cx_vel_px_s"": 0.0, ""target_age_s"": null, ""lidar_min_m"": 1.53, ""target_lidar_m"": null, ""target_lidar_deg"": null, ""camera_rang"
2026-07-17T16:31:40.065,29.066,mission_20260717_163111_auto,AUTO,,1,13.330179214477539,100.9979019165039,-0.2229653756167706,4,True,-1.0,1,0,0,1,0,0.0,0.0,0.0,0,7,13.330212593078613,100.99787902832031,4.461884769593666,85,26.200000762939453,-1.2999999523162842,33.0,0,27,-,READY owner=Surn new refs=18,"{""cmd"": ""STOP"", ""status"": ""READY"", ""detector"": ""yolo"", ""state"": ""IDLE"", ""owner"": ""Surn new"", ""score"": null, ""match_max"": 0.5, ""refs"": 18, ""match_mode"": ""none"", ""steer_zones"": 41, ""people"": 0, ""track_id"": null, ""target_ex"": 0.0, ""target_cx_vel_px_s"": 0.0, ""target_age_s"": null, ""lidar_min_m"": 1.53, ""target_lidar_m"": null, ""target_lidar_deg"": null, ""camera_rang"
2026-07-17T16:31:41.070,30.07,mission_20260717_163111_auto,AUTO,,1,13.330179214477539,100.9979019165039,-0.22052295599846958,4,True,-1.0,1,0,0,1,0,0.0,0.0,0.0,0,7,13.330212593078613,100.99787902832031,4.461884769593666,85,26.200000762939453,-1.2999999523162842,33.0,0,27,-,READY owner=Surn new refs=18,"{""cmd"": ""STOP"", ""status"": ""READY"", ""detector"": ""yolo"", ""state"": ""IDLE"", ""owner"": ""Surn new"", ""score"": null, ""match_max"": 0.5, ""refs"": 18, ""match_mode"": ""none"", ""steer_zones"": 41, ""people"": 0, ""track_id"": null, ""target_ex"": 0.0, ""target_cx_vel_px_s"": 0.0, ""target_age_s"": null, ""lidar_min_m"": 1.54, ""target_lidar_m"": null, ""target_lidar_deg"": null, ""camera_rang"
2026-07-17T16:31:42.075,31.075,mission_20260717_163111_auto,AUTO,,1,13.330180168151855,100.9979019165039,-0.2213716336832701,4,True,-1.0,1,0,0,1,0,0.0,0.0,0.0,0,7,13.330212593078613,100.99787902832031,4.3740703731707375,85,26.200000762939453,-1.2999999523162842,33.0,0,27,-,READY owner=Surn new refs=18,"{""cmd"": ""STOP"", ""status"": ""READY"", ""detector"": ""yolo"", ""state"": ""IDLE"", ""owner"": ""Surn new"", ""score"": null, ""match_max"": 0.5, ""refs"": 18, ""match_mode"": ""none"", ""steer_zones"": 41, ""people"": 0, ""track_id"": null, ""target_ex"": 0.0, ""target_cx_vel_px_s"": 0.0, ""target_age_s"": null, ""lidar_min_m"": 1.53, ""target_lidar_m"": null, ""target_lidar_deg"": null, ""camera_rang"
2026-07-17T16:31:43.075,32.076,mission_20260717_163111_auto,AUTO,,1,13.330180168151855,100.9979019165039,-0.21488411457030837,4,True,-1.0,1,0,0,1,0,0.0,0.0,0.0,0,7,13.330212593078613,100.99787902832031,4.3740703731707375,85,26.200000762939453,-1.2999999523162842,33.0,0,27,-,READY owner=Surn new refs=18,"{""cmd"": ""STOP"", ""status"": ""READY"", ""detector"": ""yolo"", ""state"": ""IDLE"", ""owner"": ""Surn new"", ""score"": null, ""match_max"": 0.5, ""refs"": 18, ""match_mode"": ""none"", ""steer_zones"": 41, ""people"": 0, ""track_id"": null, ""target_ex"": 0.0, ""target_cx_vel_px_s"": 0.0, ""target_age_s"": null, ""lidar_min_m"": 1.53, ""target_lidar_m"": null, ""target_lidar_deg"": null, ""camera_rang"
2026-07-17T16:31:44.080,33.081,mission_20260717_163111_auto,AUTO,,1,13.330181121826172,100.9979019165039,-0.2157748005865471,4,True,-1.0,1,0,0,1,0,0.0,0.0,0.0,0,7,13.330212593078613,100.99787902832031,4.287080371739418,85,26.200000762939453,-1.2999999523162842,33.0,0,26,-,READY owner=Surn new refs=18,"{""cmd"": ""STOP"", ""status"": ""READY"", ""detector"": ""yolo"", ""state"": ""IDLE"", ""owner"": ""Surn new"", ""score"": null, ""match_max"": 0.5, ""refs"": 18, ""match_mode"": ""none"", ""steer_zones"": 41, ""people"": 0, ""track_id"": null, ""target_ex"": 0.0, ""target_cx_vel_px_s"": 0.0, ""target_age_s"": null, ""lidar_min_m"": 1.53, ""target_lidar_m"": null, ""target_lidar_deg"": null, ""camera_rang"
2026-07-17T16:31:44.418,,mission_20260717_163111_auto,AUTO,PAUSE,,,,,,,,,,,,,,,,,,,,,,,,,,,,READY owner=Surn new refs=18,"{""cmd"": ""STOP"", ""status"": ""READY"", ""detector"": ""yolo"", ""state"": ""IDLE"", ""owner"": ""Surn new"", ""score"": null, ""match_max"": 0.5, ""refs"": 18, ""match_mode"": ""none"", ""steer_zones"": 41, ""people"": 0, ""track_id"": null, ""target_ex"": 0.0, ""target_cx_vel_px_s"": 0.0, ""target_age_s"": null, ""lidar_min_m"": 1.53, ""target_lidar_m"": null, ""target_lidar_deg"": null, ""camera_rang"
2026-07-17T16:31:44.419,,mission_20260717_163111_auto,AUTO,PAUSE,,,,,,,,,,,,,,,,,,,,,,,,,,,,FOLLOW PAUSED,"{""cmd"": ""STOP"", ""status"": ""READY"", ""detector"": ""yolo"", ""state"": ""IDLE"", ""owner"": ""Surn new"", ""score"": null, ""match_max"": 0.5, ""refs"": 18, ""match_mode"": ""none"", ""steer_zones"": 41, ""people"": 0, ""track_id"": null, ""target_ex"": 0.0, ""target_cx_vel_px_s"": 0.0, ""target_age_s"": null, ""lidar_min_m"": 1.53, ""target_lidar_m"": null, ""target_lidar_deg"": null, ""camera_rang"
2026-07-17T16:31:44.603,,mission_20260717_163111_auto,AUTO,PAUSE,,,,,,,,,,,,,,,,,,,,,,,,,,,,FOLLOW PAUSED,"{""cmd"": ""STOP"", ""status"": ""READY"", ""detector"": ""yolo"", ""state"": ""IDLE"", ""owner"": ""Surn new"", ""score"": null, ""match_max"": 0.5, ""refs"": 18, ""match_mode"": ""none"", ""steer_zones"": 41, ""people"": 0, ""track_id"": null, ""target_ex"": 0.0, ""target_cx_vel_px_s"": 0.0, ""target_age_s"": null, ""lidar_min_m"": 1.53, ""target_lidar_m"": null, ""target_lidar_deg"": null, ""camera_rang"
2026-07-17T16:31:44.730,,mission_20260717_163111_auto,AUTO,PAUSE,,,,,,,,,,,,,,,,,,,,,,,,,,,,READY owner=Surn new refs=18,"{""cmd"": ""STOP"", ""status"": ""READY"", ""detector"": ""yolo"", ""state"": ""IDLE"", ""owner"": ""Surn new"", ""score"": null, ""match_max"": 0.5, ""refs"": 18, ""match_mode"": ""none"", ""steer_zones"": 41, ""people"": 0, ""track_id"": null, ""target_ex"": 0.0, ""target_cx_vel_px_s"": 0.0, ""target_age_s"": null, ""lidar_min_m"": 1.53, ""target_lidar_m"": null, ""target_lidar_deg"": null, ""camera_rang"
2026-07-17T16:31:44.734,,mission_20260717_163111_auto,AUTO,PAUSE,,,,,,,,,,,,,,,,,,,,,,,,,,,,FOLLOW PAUSED,"{""cmd"": ""STOP"", ""status"": ""READY"", ""detector"": ""yolo"", ""state"": ""IDLE"", ""owner"": ""Surn new"", ""score"": null, ""match_max"": 0.5, ""refs"": 18, ""match_mode"": ""none"", ""steer_zones"": 41, ""people"": 0, ""track_id"": null, ""target_ex"": 0.0, ""target_cx_vel_px_s"": 0.0, ""target_age_s"": null, ""lidar_min_m"": 1.53, ""target_lidar_m"": null, ""target_lidar_deg"": null, ""camera_rang"
2026-07-17T16:31:45.085,34.085,mission_20260717_163111_auto,AUTO,,1,13.330182075500488,100.9979019165039,-0.21176830766895285,4,True,-1.0,1,0,0,1,0,0.0,0.0,0.0,0,7,13.330212593078613,100.99787902832031,4.2009659782057405,85,26.200000762939453,-1.2999999523162842,33.0,0,26,-,FOLLOW PAUSED,"{""cmd"": ""STOP"", ""status"": ""READY"", ""detector"": ""yolo"", ""state"": ""IDLE"", ""owner"": ""Surn new"", ""score"": null, ""match_max"": 0.5, ""refs"": 18, ""match_mode"": ""none"", ""steer_zones"": 41, ""people"": 0, ""track_id"": null, ""target_ex"": 0.0, ""target_cx_vel_px_s"": 0.0, ""target_age_s"": null, ""lidar_min_m"": 1.53, ""target_lidar_m"": null, ""target_lidar_deg"": null, ""camera_rang"
2026-07-17T16:31:45.268,,mission_20260717_163111_auto,AUTO,START_REQUEST,,,,,,,,,,,,,,,,,,,,,,,,,,,,FOLLOW PAUSED,"{""cmd"": ""STOP"", ""status"": ""READY"", ""detector"": ""yolo"", ""state"": ""IDLE"", ""owner"": ""Surn new"", ""score"": null, ""match_max"": 0.5, ""refs"": 18, ""match_mode"": ""none"", ""steer_zones"": 41, ""people"": 0, ""track_id"": null, ""target_ex"": 0.0, ""target_cx_vel_px_s"": 0.0, ""target_age_s"": null, ""lidar_min_m"": 1.53, ""target_lidar_m"": null, ""target_lidar_deg"": null, ""camera_rang"
2026-07-17T16:31:45.269,,mission_20260717_163111_auto,AUTO,START_REQUEST,,,,,,,,,,,,,,,,,,,,,,,,,,,,FOLLOW IDLE,"{""cmd"": ""STOP"", ""status"": ""READY"", ""detector"": ""yolo"", ""state"": ""IDLE"", ""owner"": ""Surn new"", ""score"": null, ""match_max"": 0.5, ""refs"": 18, ""match_mode"": ""none"", ""steer_zones"": 41, ""people"": 0, ""track_id"": null, ""target_ex"": 0.0, ""target_cx_vel_px_s"": 0.0, ""target_age_s"": null, ""lidar_min_m"": 1.53, ""target_lidar_m"": null, ""target_lidar_deg"": null, ""camera_rang"
2026-07-17T16:31:45.435,,mission_20260717_163111_auto,AUTO,START_REQUEST,,,,,,,,,,,,,,,,,,,,,,,,,,,,FOLLOW IDLE,"{""cmd"": ""STOP"", ""status"": ""READY"", ""detector"": ""yolo"", ""state"": ""IDLE"", ""owner"": ""Surn new"", ""score"": null, ""match_max"": 0.5, ""refs"": 18, ""match_mode"": ""none"", ""steer_zones"": 41, ""people"": 0, ""track_id"": null, ""target_ex"": 0.0, ""target_cx_vel_px_s"": 0.0, ""target_age_s"": null, ""lidar_min_m"": 1.53, ""target_lidar_m"": null, ""target_lidar_deg"": null, ""camera_rang"
2026-07-17T16:31:45.568,,mission_20260717_163111_auto,AUTO,START_REQUEST,,,,,,,,,,,,,,,,,,,,,,,,,,,,FOLLOW IDLE,"{""cmd"": ""STOP"", ""status"": ""READY"", ""detector"": ""yolo"", ""state"": ""IDLE"", ""owner"": ""Surn new"", ""score"": null, ""match_max"": 0.5, ""refs"": 18, ""match_mode"": ""none"", ""steer_zones"": 41, ""people"": 0, ""track_id"": null, ""target_ex"": 0.0, ""target_cx_vel_px_s"": 0.0, ""target_age_s"": null, ""lidar_min_m"": 1.53, ""target_lidar_m"": null, ""target_lidar_deg"": null, ""camera_rang"
2026-07-17T16:31:45.569,,mission_20260717_163111_auto,AUTO,START_REQUEST,,,,,,,,,,,,,,,,,,,,,,,,,,,,FOLLOW IDLE,"{""cmd"": ""STOP"", ""status"": ""READY"", ""detector"": ""yolo"", ""state"": ""IDLE"", ""owner"": ""Surn new"", ""score"": null, ""match_max"": 0.5, ""refs"": 18, ""match_mode"": ""none"", ""steer_zones"": 41, ""people"": 0, ""track_id"": null, ""target_ex"": 0.0, ""target_cx_vel_px_s"": 0.0, ""target_age_s"": null, ""lidar_min_m"": 1.53, ""target_lidar_m"": null, ""target_lidar_deg"": null, ""camera_rang"
2026-07-17T16:31:45.747,,mission_20260717_163111_auto,AUTO,START_REQUEST,,,,,,,,,,,,,,,,,,,,,,,,,,,,FOLLOW IDLE,"{""cmd"": ""STOP"", ""status"": ""READY"", ""detector"": ""yolo"", ""state"": ""IDLE"", ""owner"": ""Surn new"", ""score"": null, ""match_max"": 0.5, ""refs"": 18, ""match_mode"": ""none"", ""steer_zones"": 41, ""people"": 0, ""track_id"": null, ""target_ex"": 0.0, ""target_cx_vel_px_s"": 0.0, ""target_age_s"": null, ""lidar_min_m"": 1.53, ""target_lidar_m"": null, ""target_lidar_deg"": null, ""camera_rang"
2026-07-17T16:31:46.085,35.085,mission_20260717_163111_auto,AUTO,,1,13.330183029174805,100.9979019165039,-0.21164915288444786,4,True,-1.0,1,0,0,1,0,0.0,0.0,0.0,0,7,13.330212593078613,100.99787902832031,4.115782153894466,85,26.200000762939453,-1.2999999523162842,33.0,0,27,-,READY owner=Surn new refs=18,"{""cmd"": ""STOP"", ""status"": ""READY"", ""detector"": ""yolo"", ""state"": ""IDLE"", ""owner"": ""Surn new"", ""score"": null, ""match_max"": 0.5, ""refs"": 18, ""match_mode"": ""none"", ""steer_zones"": 41, ""people"": 0, ""track_id"": null, ""target_ex"": 0.0, ""target_cx_vel_px_s"": 0.0, ""target_age_s"": null, ""lidar_min_m"": 1.53, ""target_lidar_m"": null, ""target_lidar_deg"": null, ""camera_rang"
2026-07-17T16:31:48.058,37.058,mission_20260717_163111_auto,AUTO,,1,13.330183982849121,100.9979019165039,-0.20680356055514693,4,True,-1.0,1,0,0,1,0,0.0,0.0,0.0,0,7,13.330212593078613,100.99787902832031,4.031587885508088,85,26.200000762939453,-1.2999999523162842,33.0,0,27,-,READY owner=Surn new refs=18,"{""cmd"": ""STOP"", ""status"": ""READY"", ""detector"": ""yolo"", ""state"": ""IDLE"", ""owner"": ""Surn new"", ""score"": null, ""match_max"": 0.5, ""refs"": 18, ""match_mode"": ""none"", ""steer_zones"": 41, ""people"": 0, ""track_id"": null, ""target_ex"": 0.0, ""target_cx_vel_px_s"": 0.0, ""target_age_s"": null, ""lidar_min_m"": 1.54, ""target_lidar_m"": null, ""target_lidar_deg"": null, ""camera_rang"
2026-07-17T16:31:49.061,38.061,mission_20260717_163111_auto,AUTO,,1,13.330185890197754,100.9979019165039,-0.20260850372365005,4,True,-1.0,1,0,0,1,0,0.0,0.0,0.0,0,7,13.330212593078613,100.99787902832031,3.8664258450215203,85,26.200000762939453,-1.2999999523162842,33.0,0,27,-,READY owner=Surn new refs=18,"{""cmd"": ""STOP"", ""status"": ""READY"", ""detector"": ""yolo"", ""state"": ""IDLE"", ""owner"": ""Surn new"", ""score"": null, ""match_max"": 0.5, ""refs"": 18, ""match_mode"": ""none"", ""steer_zones"": 41, ""people"": 0, ""track_id"": null, ""target_ex"": 0.0, ""target_cx_vel_px_s"": 0.0, ""target_age_s"": null, ""lidar_min_m"": 1.53, ""target_lidar_m"": null, ""target_lidar_deg"": null, ""camera_rang"
2026-07-17T16:31:50.062,39.063,mission_20260717_163111_auto,AUTO,,1,13.33018684387207,100.9979019165039,-0.2087944139558602,4,True,-1.0,1,0,0,1,0,0.0,0.0,0.0,0,7,13.330212593078613,100.99787902832031,3.7855988444717417,85,26.200000762939453,-1.2999999523162842,33.0,0,27,-,READY owner=Surn new refs=18,"{""cmd"": ""STOP"", ""status"": ""READY"", ""detector"": ""yolo"", ""state"": ""IDLE"", ""owner"": ""Surn new"", ""score"": null, ""match_max"": 0.5, ""refs"": 18, ""match_mode"": ""none"", ""steer_zones"": 41, ""people"": 0, ""track_id"": null, ""target_ex"": 0.0, ""target_cx_vel_px_s"": 0.0, ""target_age_s"": null, ""lidar_min_m"": 1.54, ""target_lidar_m"": null, ""target_lidar_deg"": null, ""camera_rang"
2026-07-17T16:31:51.063,40.064,mission_20260717_163111_auto,AUTO,,1,13.330187797546387,100.9979019165039,-0.19668190055606238,4,True,-1.0,1,0,0,1,0,0.0,0.0,0.0,0,7,13.330212593078613,100.99787902832031,3.706043572256878,85,26.200000762939453,-1.2999999523162842,33.0,0,27,-,READY owner=Surn new refs=18,"{""cmd"": ""STOP"", ""status"": ""READY"", ""detector"": ""yolo"", ""state"": ""IDLE"", ""owner"": ""Surn new"", ""score"": null, ""match_max"": 0.5, ""refs"": 18, ""match_mode"": ""none"", ""steer_zones"": 41, ""people"": 0, ""track_id"": null, ""target_ex"": 0.0, ""target_cx_vel_px_s"": 0.0, ""target_age_s"": null, ""lidar_min_m"": 1.53, ""target_lidar_m"": null, ""target_lidar_deg"": null, ""camera_rang"
2026-07-17T16:31:52.064,41.065,mission_20260717_163111_auto,AUTO,,1,13.330187797546387,100.9979019165039,-0.19716250841783592,4,True,-1.0,1,0,0,1,0,0.0,0.0,0.0,0,7,13.330212593078613,100.99787902832031,3.706043572256878,85,26.200000762939453,-1.2999999523162842,33.0,0,27,-,READY owner=Surn new refs=18,"{""cmd"": ""STOP"", ""status"": ""READY"", ""detector"": ""yolo"", ""state"": ""IDLE"", ""owner"": ""Surn new"", ""score"": null, ""match_max"": 0.5, ""refs"": 18, ""match_mode"": ""none"", ""steer_zones"": 41, ""people"": 0, ""track_id"": null, ""target_ex"": 0.0, ""target_cx_vel_px_s"": 0.0, ""target_age_s"": null, ""lidar_min_m"": 1.53, ""target_lidar_m"": null, ""target_lidar_deg"": null, ""camera_rang"
2026-07-17T16:31:53.065,42.066,mission_20260717_163111_auto,AUTO,,1,13.33018970489502,100.9979019165039,-0.18983970519414922,4,True,-1.0,1,0,0,1,0,0.0,0.0,0.0,0,7,13.330212593078613,100.99787902832031,3.551088750203803,85,26.200000762939453,-1.2999999523162842,33.0,0,27,-,READY owner=Surn new refs=18,"{""cmd"": ""STOP"", ""status"": ""READY"", ""detector"": ""yolo"", ""state"": ""IDLE"", ""owner"": ""Surn new"", ""score"": null, ""match_max"": 0.5, ""refs"": 18, ""match_mode"": ""none"", ""steer_zones"": 41, ""people"": 0, ""track_id"": null, ""target_ex"": 0.0, ""target_cx_vel_px_s"": 0.0, ""target_age_s"": null, ""lidar_min_m"": 1.53, ""target_lidar_m"": null, ""target_lidar_deg"": null, ""camera_rang"
2026-07-17T16:31:54.070,43.07,mission_20260717_163111_auto,AUTO,,1,13.330190658569336,100.9979019165039,-0.1899130897070872,4,True,-1.0,1,0,0,1,0,0.0,0.0,0.0,0,7,13.330212593078613,100.99787902832031,3.4758744678110496,85,26.200000762939453,-1.2999999523162842,33.0,0,27,-,READY owner=Surn new refs=18,"{""cmd"": ""STOP"", ""status"": ""READY"", ""detector"": ""yolo"", ""state"": ""IDLE"", ""owner"": ""Surn new"", ""score"": null, ""match_max"": 0.5, ""refs"": 18, ""match_mode"": ""none"", ""steer_zones"": 41, ""people"": 0, ""track_id"": null, ""target_ex"": 0.0, ""target_cx_vel_px_s"": 0.0, ""target_age_s"": null, ""lidar_min_m"": 1.53, ""target_lidar_m"": null, ""target_lidar_deg"": null, ""camera_rang"
2026-07-17T16:31:55.075,44.075,mission_20260717_163111_auto,AUTO,,1,13.330191612243652,100.9979019165039,-0.18585238216295594,4,True,-1.0,1,0,0,1,0,0.0,0.0,0.0,0,7,13.330212593078613,100.99787902832031,3.4023030247352786,85,26.200000762939453,-1.2999999523162842,33.0,0,27,-,READY owner=Surn new refs=18,"{""cmd"": ""STOP"", ""status"": ""READY"", ""detector"": ""yolo"", ""state"": ""IDLE"", ""owner"": ""Surn new"", ""score"": null, ""match_max"": 0.5, ""refs"": 18, ""match_mode"": ""none"", ""steer_zones"": 41, ""people"": 0, ""track_id"": null, ""target_ex"": 0.0, ""target_cx_vel_px_s"": 0.0, ""target_age_s"": null, ""lidar_min_m"": 1.53, ""target_lidar_m"": null, ""target_lidar_deg"": null, ""camera_rang"
2026-07-17T16:31:56.075,45.076,mission_20260717_163111_auto,AUTO,,1,13.330192565917969,100.9979019165039,-0.18710932373322342,4,True,-1.0,1,0,0,1,0,0.0,0.0,0.0,0,7,13.330212593078613,100.99787902832031,3.3304832952966814,85,26.200000762939453,-1.2999999523162842,33.0,0,27,-,READY owner=Surn new refs=18,"{""cmd"": ""STOP"", ""status"": ""READY"", ""detector"": ""yolo"", ""state"": ""IDLE"", ""owner"": ""Surn new"", ""score"": null, ""match_max"": 0.5, ""refs"": 18, ""match_mode"": ""none"", ""steer_zones"": 41, ""people"": 0, ""track_id"": null, ""target_ex"": 0.0, ""target_cx_vel_px_s"": 0.0, ""target_age_s"": null, ""lidar_min_m"": 1.53, ""target_lidar_m"": null, ""target_lidar_deg"": null, ""camera_rang"
2026-07-17T16:31:57.077,46.077,mission_20260717_163111_auto,AUTO,,1,13.330193519592285,100.9979019165039,-0.18862938766909504,4,True,-1.0,1,0,0,1,0,0.0,0.0,0.0,0,7,13.330212593078613,100.99787902832031,3.260531036558768,85,26.200000762939453,-1.2999999523162842,33.0,0,27,-,READY owner=Surn new refs=18,"{""cmd"": ""STOP"", ""status"": ""READY"", ""detector"": ""yolo"", ""state"": ""IDLE"", ""owner"": ""Surn new"", ""score"": null, ""match_max"": 0.5, ""refs"": 18, ""match_mode"": ""none"", ""steer_zones"": 41, ""people"": 0, ""track_id"": null, ""target_ex"": 0.0, ""target_cx_vel_px_s"": 0.0, ""target_age_s"": null, ""lidar_min_m"": 1.54, ""target_lidar_m"": null, ""target_lidar_deg"": null, ""camera_rang"
2026-07-17T16:31:58.080,47.081,mission_20260717_163111_auto,AUTO,,1,13.330194473266602,100.9979019165039,-0.19442270876637488,4,True,-1.0,1,0,0,1,0,0.0,0.0,0.0,0,7,13.330212593078613,100.99787902832031,3.192569005121279,85,26.200000762939453,-1.2999999523162842,33.0,0,27,-,READY owner=Surn new refs=18,"{""cmd"": ""STOP"", ""status"": ""READY"", ""detector"": ""yolo"", ""state"": ""IDLE"", ""owner"": ""Surn new"", ""score"": null, ""match_max"": 0.5, ""refs"": 18, ""match_mode"": ""none"", ""steer_zones"": 41, ""people"": 0, ""track_id"": null, ""target_ex"": 0.0, ""target_cx_vel_px_s"": 0.0, ""target_age_s"": null, ""lidar_min_m"": 1.54, ""target_lidar_m"": null, ""target_lidar_deg"": null, ""camera_rang"
2026-07-17T16:31:59.080,48.081,mission_20260717_163111_auto,AUTO,,1,13.330195426940918,100.9979019165039,-0.18836707905649747,4,True,-1.0,1,0,0,1,0,0.0,0.0,0.0,0,7,13.330212593078613,100.99787902832031,3.126726981452728,85,26.200000762939453,-1.2999999523162842,33.0,0,27,-,READY owner=Surn new refs=18,"{""cmd"": ""STOP"", ""status"": ""READY"", ""detector"": ""yolo"", ""state"": ""IDLE"", ""owner"": ""Surn new"", ""score"": null, ""match_max"": 0.5, ""refs"": 18, ""match_mode"": ""none"", ""steer_zones"": 41, ""people"": 0, ""track_id"": null, ""target_ex"": 0.0, ""target_cx_vel_px_s"": 0.0, ""target_age_s"": null, ""lidar_min_m"": 1.53, ""target_lidar_m"": null, ""target_lidar_deg"": null, ""camera_rang"
2026-07-17T16:32:01.069,50.07,mission_20260717_163111_auto,AUTO,,1,13.330196380615234,100.9979019165039,-0.18550126775093498,4,True,-1.0,1,0,0,1,0,0.0,0.0,0.0,0,7,13.330212593078613,100.99787902832031,3.0631416768757607,85,26.200000762939453,-1.2999999523162842,33.0,0,27,-,READY owner=Surn new refs=18,"{""cmd"": ""STOP"", ""status"": ""READY"", ""detector"": ""yolo"", ""state"": ""IDLE"", ""owner"": ""Surn new"", ""score"": null, ""match_max"": 0.5, ""refs"": 18, ""match_mode"": ""none"", ""steer_zones"": 41, ""people"": 0, ""track_id"": null, ""target_ex"": 0.0, ""target_cx_vel_px_s"": 0.0, ""target_age_s"": null, ""lidar_min_m"": 1.53, ""target_lidar_m"": null, ""target_lidar_deg"": null, ""camera_rang"
2026-07-17T16:32:02.032,,mission_20260717_163111_auto,AUTO,START_REQUEST,,,,,,,,,,,,,,,,,,,,,,,,,,,,READY owner=Surn new refs=18,"{""cmd"": ""STOP"", ""status"": ""READY"", ""detector"": ""yolo"", ""state"": ""IDLE"", ""owner"": ""Surn new"", ""score"": null, ""match_max"": 0.5, ""refs"": 18, ""match_mode"": ""none"", ""steer_zones"": 41, ""people"": 0, ""track_id"": null, ""target_ex"": 0.0, ""target_cx_vel_px_s"": 0.0, ""target_age_s"": null, ""lidar_min_m"": 1.53, ""target_lidar_m"": null, ""target_lidar_deg"": null, ""camera_rang"
2026-07-17T16:32:02.034,,mission_20260717_163111_auto,AUTO,START_REQUEST,,,,,,,,,,,,,,,,,,,,,,,,,,,,FOLLOW IDLE,"{""cmd"": ""STOP"", ""status"": ""READY"", ""detector"": ""yolo"", ""state"": ""IDLE"", ""owner"": ""Surn new"", ""score"": null, ""match_max"": 0.5, ""refs"": 18, ""match_mode"": ""none"", ""steer_zones"": 41, ""people"": 0, ""track_id"": null, ""target_ex"": 0.0, ""target_cx_vel_px_s"": 0.0, ""target_age_s"": null, ""lidar_min_m"": 1.53, ""target_lidar_m"": null, ""target_lidar_deg"": null, ""camera_rang"
2026-07-17T16:32:02.070,51.071,mission_20260717_163111_auto,AUTO,,1,13.33019733428955,100.9979019165039,-0.18181875525166674,4,True,-1.0,1,0,0,1,0,0.0,0.0,0.0,0,7,13.330212593078613,100.99787902832031,3.001956495465471,85,26.200000762939453,-1.2999999523162842,33.0,0,27,-,FOLLOW IDLE,"{""cmd"": ""STOP"", ""status"": ""READY"", ""detector"": ""yolo"", ""state"": ""IDLE"", ""owner"": ""Surn new"", ""score"": null, ""match_max"": 0.5, ""refs"": 18, ""match_mode"": ""none"", ""steer_zones"": 41, ""people"": 0, ""track_id"": null, ""target_ex"": 0.0, ""target_cx_vel_px_s"": 0.0, ""target_age_s"": null, ""lidar_min_m"": 1.53, ""target_lidar_m"": null, ""target_lidar_deg"": null, ""camera_rang"
2026-07-17T16:32:03.070,52.071,mission_20260717_163111_auto,AUTO,,1,13.33019733428955,100.9979019165039,-0.1800437731813229,4,True,-1.0,1,0,0,1,0,0.0,0.0,0.0,0,7,13.330212593078613,100.99787902832031,3.001956495465471,85,26.200000762939453,-1.2999999523162842,33.0,0,27,-,READY owner=Surn new refs=18,"{""cmd"": ""STOP"", ""status"": ""READY"", ""detector"": ""yolo"", ""state"": ""IDLE"", ""owner"": ""Surn new"", ""score"": null, ""match_max"": 0.5, ""refs"": 18, ""match_mode"": ""none"", ""steer_zones"": 41, ""people"": 0, ""track_id"": null, ""target_ex"": 0.0, ""target_cx_vel_px_s"": 0.0, ""target_age_s"": null, ""lidar_min_m"": 1.54, ""target_lidar_m"": null, ""target_lidar_deg"": null, ""camera_rang"
2026-07-17T16:32:04.075,53.075,mission_20260717_163111_auto,AUTO,,1,13.330198287963867,100.9979019165039,-0.1837076227222926,4,True,-1.0,1,0,0,1,0,0.0,0.0,0.0,0,7,13.330212593078613,100.99787902832031,2.943321120895027,85,26.200000762939453,-1.2999999523162842,33.0,0,27,-,READY owner=Surn new refs=18,"{""cmd"": ""STOP"", ""status"": ""READY"", ""detector"": ""yolo"", ""state"": ""IDLE"", ""owner"": ""Surn new"", ""score"": null, ""match_max"": 0.5, ""refs"": 18, ""match_mode"": ""none"", ""steer_zones"": 41, ""people"": 0, ""track_id"": null, ""target_ex"": 0.0, ""target_cx_vel_px_s"": 0.0, ""target_age_s"": null, ""lidar_min_m"": 1.53, ""target_lidar_m"": null, ""target_lidar_deg"": null, ""camera_rang"
2026-07-17T16:32:05.075,54.075,mission_20260717_163111_auto,AUTO,,1,13.330199241638184,100.9979019165039,-0.17873313725283413,4,True,-1.0,1,0,0,1,0,0.0,0.0,0.0,0,7,13.330212593078613,100.99787902832031,2.887390897113087,85,26.200000762939453,-1.2999999523162842,33.0,0,27,-,READY owner=Surn new refs=18,"{""cmd"": ""STOP"", ""status"": ""READY"", ""detector"": ""yolo"", ""state"": ""IDLE"", ""owner"": ""Surn new"", ""score"": null, ""match_max"": 0.5, ""refs"": 18, ""match_mode"": ""none"", ""steer_zones"": 41, ""people"": 0, ""track_id"": null, ""target_ex"": 0.0, ""target_cx_vel_px_s"": 0.0, ""target_age_s"": null, ""lidar_min_m"": 1.53, ""target_lidar_m"": null, ""target_lidar_deg"": null, ""camera_rang"
2026-07-17T16:32:06.075,55.076,mission_20260717_163111_auto,AUTO,,1,13.330201148986816,100.9979019165039,-0.1805386550712447,4,True,-1.0,1,0,0,1,0,0.0,0.0,0.0,0,7,13.330212593078613,100.99787902832031,2.78429017753844,85,26.200000762939453,-1.2999999523162842,33.0,0,27,-,READY owner=Surn new refs=18,"{""cmd"": ""STOP"", ""status"": ""READY"", ""detector"": ""yolo"", ""state"": ""IDLE"", ""owner"": ""Surn new"", ""score"": null, ""match_max"": 0.5, ""refs"": 18, ""match_mode"": ""none"", ""steer_zones"": 41, ""people"": 0, ""track_id"": null, ""target_ex"": 0.0, ""target_cx_vel_px_s"": 0.0, ""target_age_s"": null, ""lidar_min_m"": 1.53, ""target_lidar_m"": null, ""target_lidar_deg"": null, ""camera_rang"
2026-07-17T16:32:07.080,56.08,mission_20260717_163111_auto,AUTO,,1,13.330201148986816,100.9979019165039,-0.17939477180803945,4,True,-1.0,1,0,0,1,0,0.0,0.0,0.0,0,7,13.330212593078613,100.99787902832031,2.78429017753844,85,26.200000762939453,-1.2999999523162842,33.0,0,26,-,READY owner=Surn new refs=18,"{""cmd"": ""STOP"", ""status"": ""READY"", ""detector"": ""yolo"", ""state"": ""IDLE"", ""owner"": ""Surn new"", ""score"": null, ""match_max"": 0.5, ""refs"": 18, ""match_mode"": ""none"", ""steer_zones"": 41, ""people"": 0, ""track_id"": null, ""target_ex"": 0.0, ""target_cx_vel_px_s"": 0.0, ""target_age_s"": null, ""lidar_min_m"": 1.53, ""target_lidar_m"": null, ""target_lidar_deg"": null, ""camera_rang"
2026-07-17T16:32:08.080,57.081,mission_20260717_163111_auto,AUTO,,1,13.330201148986816,100.9979019165039,-0.18372113635828718,4,True,-1.0,1,0,0,1,0,0.0,0.0,0.0,0,7,13.330212593078613,100.99787902832031,2.78429017753844,85,26.200000762939453,-1.2999999523162842,33.0,0,26,-,READY owner=Surn new refs=18,"{""cmd"": ""STOP"", ""status"": ""READY"", ""detector"": ""yolo"", ""state"": ""IDLE"", ""owner"": ""Surn new"", ""score"": null, ""match_max"": 0.5, ""refs"": 18, ""match_mode"": ""none"", ""steer_zones"": 41, ""people"": 0, ""track_id"": null, ""target_ex"": 0.0, ""target_cx_vel_px_s"": 0.0, ""target_age_s"": null, ""lidar_min_m"": 1.53, ""target_lidar_m"": null, ""target_lidar_deg"": null, ""camera_rang"
2026-07-17T16:32:09.085,58.085,mission_20260717_163111_auto,AUTO,,1,13.330201148986816,100.9979019165039,-0.18380235157638686,4,True,-1.0,1,0,0,1,0,0.0,0.0,0.0,0,7,13.330212593078613,100.99787902832031,2.78429017753844,85,26.200000762939453,-1.2999999523162842,33.0,0,26,-,READY owner=Surn new refs=18,"{""cmd"": ""STOP"", ""status"": ""READY"", ""detector"": ""yolo"", ""state"": ""IDLE"", ""owner"": ""Surn new"", ""score"": null, ""match_max"": 0.5, ""refs"": 18, ""match_mode"": ""none"", ""steer_zones"": 41, ""people"": 0, ""track_id"": null, ""target_ex"": 0.0, ""target_cx_vel_px_s"": 0.0, ""target_age_s"": null, ""lidar_min_m"": 1.53, ""target_lidar_m"": null, ""target_lidar_deg"": null, ""camera_rang"
2026-07-17T16:32:10.085,59.086,mission_20260717_163111_auto,AUTO,,1,13.330202102661133,100.9979019165039,-0.18368305004953642,4,True,-1.0,1,0,0,1,0,0.0,0.0,0.0,0,7,13.330212593078613,100.99787902832031,2.7374496197588365,85,26.200000762939453,-1.2999999523162842,33.0,0,26,-,READY owner=Surn new refs=18,"{""cmd"": ""STOP"", ""status"": ""READY"", ""detector"": ""yolo"", ""state"": ""IDLE"", ""owner"": ""Surn new"", ""score"": null, ""match_max"": 0.5, ""refs"": 18, ""match_mode"": ""none"", ""steer_zones"": 41, ""people"": 0, ""track_id"": null, ""target_ex"": 0.0, ""target_cx_vel_px_s"": 0.0, ""target_age_s"": null, ""lidar_min_m"": 1.54, ""target_lidar_m"": null, ""target_lidar_deg"": null, ""camera_rang"
2026-07-17T16:32:11.090,60.091,mission_20260717_163111_auto,AUTO,,1,13.330202102661133,100.9979019165039,-0.1871644988551124,4,True,-1.0,1,0,0,1,0,0.0,0.0,0.0,0,7,13.330212593078613,100.99787902832031,2.7374496197588365,85,26.200000762939453,-1.2999999523162842,33.0,0,26,-,READY owner=Surn new refs=18,"{""cmd"": ""STOP"", ""status"": ""READY"", ""detector"": ""yolo"", ""state"": ""IDLE"", ""owner"": ""Surn new"", ""score"": null, ""match_max"": 0.5, ""refs"": 18, ""match_mode"": ""none"", ""steer_zones"": 41, ""people"": 0, ""track_id"": null, ""target_ex"": 0.0, ""target_cx_vel_px_s"": 0.0, ""target_age_s"": null, ""lidar_min_m"": 1.54, ""target_lidar_m"": null, ""target_lidar_deg"": null, ""camera_rang"
2026-07-17T16:32:12.091,61.091,mission_20260717_163111_auto,AUTO,,1,13.330202102661133,100.9979019165039,-0.18992336167126866,4,True,-1.0,1,0,0,1,0,0.0,0.0,0.0,0,7,13.330212593078613,100.99787902832031,2.7374496197588365,85,26.200000762939453,-1.2999999523162842,33.0,0,26,-,READY owner=Surn new refs=18,"{""cmd"": ""STOP"", ""status"": ""READY"", ""detector"": ""yolo"", ""state"": ""IDLE"", ""owner"": ""Surn new"", ""score"": null, ""match_max"": 0.5, ""refs"": 18, ""match_mode"": ""none"", ""steer_zones"": 41, ""people"": 0, ""track_id"": null, ""target_ex"": 0.0, ""target_cx_vel_px_s"": 0.0, ""target_age_s"": null, ""lidar_min_m"": 1.53, ""target_lidar_m"": null, ""target_lidar_deg"": null, ""camera_rang"
2026-07-17T16:32:14.082,63.083,mission_20260717_163111_auto,AUTO,,1,13.330204010009766,100.9979019165039,-0.19027372903134915,4,True,-1.0,1,0,0,1,0,0.0,0.0,0.0,0,7,13.330212593078613,100.99787902832031,2.6540194672675876,85,26.200000762939453,-1.2999999523162842,33.0,0,26,-,READY owner=Surn new refs=18,"{""cmd"": ""STOP"", ""status"": ""READY"", ""detector"": ""yolo"", ""state"": ""IDLE"", ""owner"": ""Surn new"", ""score"": null, ""match_max"": 0.5, ""refs"": 18, ""match_mode"": ""none"", ""steer_zones"": 41, ""people"": 0, ""track_id"": null, ""target_ex"": 0.0, ""target_cx_vel_px_s"": 0.0, ""target_age_s"": null, ""lidar_min_m"": 1.53, ""target_lidar_m"": null, ""target_lidar_deg"": null, ""camera_rang"
2026-07-17T16:32:15.085,64.085,mission_20260717_163111_auto,AUTO,,1,13.330204010009766,100.9979019165039,-0.19054851074330995,4,True,-1.0,1,0,0,1,0,0.0,0.0,0.0,0,7,13.330212593078613,100.99787902832031,2.6540194672675876,85,26.200000762939453,-1.2999999523162842,33.0,0,26,-,READY owner=Surn new refs=18,"{""cmd"": ""STOP"", ""status"": ""READY"", ""detector"": ""yolo"", ""state"": ""IDLE"", ""owner"": ""Surn new"", ""score"": null, ""match_max"": 0.5, ""refs"": 18, ""match_mode"": ""none"", ""steer_zones"": 41, ""people"": 0, ""track_id"": null, ""target_ex"": 0.0, ""target_cx_vel_px_s"": 0.0, ""target_age_s"": null, ""lidar_min_m"": 1.53, ""target_lidar_m"": null, ""target_lidar_deg"": null, ""camera_rang"
2026-07-17T16:32:16.085,65.086,mission_20260717_163111_auto,AUTO,,1,13.330204963684082,100.9979019165039,-0.1918346673805351,4,True,-1.0,1,0,0,1,0,0.0,0.0,0.0,0,7,13.330212593078613,100.99787902832031,2.6177565999481502,85,26.200000762939453,-1.2999999523162842,33.0,0,26,-,READY owner=Surn new refs=18,"{""cmd"": ""STOP"", ""status"": ""READY"", ""detector"": ""yolo"", ""state"": ""IDLE"", ""owner"": ""Surn new"", ""score"": null, ""match_max"": 0.5, ""refs"": 18, ""match_mode"": ""none"", ""steer_zones"": 41, ""people"": 0, ""track_id"": null, ""target_ex"": 0.0, ""target_cx_vel_px_s"": 0.0, ""target_age_s"": null, ""lidar_min_m"": 1.53, ""target_lidar_m"": null, ""target_lidar_deg"": null, ""camera_rang"
2026-07-17T16:32:17.100,66.101,mission_20260717_163111_auto,AUTO,,1,13.330206871032715,100.9979019165039,-0.1936515110399717,4,True,-1.0,1,0,0,1,0,0.0,0.0,0.0,0,7,13.330212593078613,100.99787902832031,2.556908649209361,85,26.200000762939453,-1.2999999523162842,33.0,0,26,-,READY owner=Surn new refs=18,"{""cmd"": ""STOP"", ""status"": ""READY"", ""detector"": ""yolo"", ""state"": ""IDLE"", ""owner"": ""Surn new"", ""score"": null, ""match_max"": 0.5, ""refs"": 18, ""match_mode"": ""none"", ""steer_zones"": 41, ""people"": 0, ""track_id"": null, ""target_ex"": 0.0, ""target_cx_vel_px_s"": 0.0, ""target_age_s"": null, ""lidar_min_m"": 1.53, ""target_lidar_m"": null, ""target_lidar_deg"": null, ""camera_rang"
2026-07-17T16:32:18.103,67.104,mission_20260717_163111_auto,AUTO,,1,13.330206871032715,100.9979019165039,-0.19133859821163646,4,True,-1.0,1,0,0,1,0,0.0,0.0,0.0,0,7,13.330212593078613,100.99787902832031,2.556908649209361,85,26.200000762939453,-1.2999999523162842,33.0,0,26,-,READY owner=Surn new refs=18,"{""cmd"": ""STOP"", ""status"": ""READY"", ""detector"": ""yolo"", ""state"": ""IDLE"", ""owner"": ""Surn new"", ""score"": null, ""match_max"": 0.5, ""refs"": 18, ""match_mode"": ""none"", ""steer_zones"": 41, ""people"": 0, ""track_id"": null, ""target_ex"": 0.0, ""target_cx_vel_px_s"": 0.0, ""target_age_s"": null, ""lidar_min_m"": 1.53, ""target_lidar_m"": null, ""target_lidar_deg"": null, ""camera_rang"
2026-07-17T16:32:19.105,68.105,mission_20260717_163111_auto,AUTO,,1,13.330207824707031,100.9979019165039,-0.19084729149885835,4,True,-1.0,1,0,0,1,0,0.0,0.0,0.0,0,7,13.330212593078613,100.99787902832031,2.532604149940217,85,26.200000762939453,-1.2999999523162842,33.0,0,26,-,READY owner=Surn new refs=18,"{""cmd"": ""STOP"", ""status"": ""READY"", ""detector"": ""yolo"", ""state"": ""IDLE"", ""owner"": ""Surn new"", ""score"": null, ""match_max"": 0.5, ""refs"": 18, ""match_mode"": ""none"", ""steer_zones"": 41, ""people"": 0, ""track_id"": null, ""target_ex"": 0.0, ""target_cx_vel_px_s"": 0.0, ""target_age_s"": null, ""lidar_min_m"": 1.53, ""target_lidar_m"": null, ""target_lidar_deg"": null, ""camera_rang"
2026-07-17T16:32:20.105,69.105,mission_20260717_163111_auto,AUTO,,1,13.330208778381348,100.9979019165039,-0.19369674770300982,4,True,-1.0,1,0,0,1,0,0.0,0.0,0.0,0,7,13.330212593078613,100.99787902832031,2.512543785125449,85,26.200000762939453,-1.2999999523162842,33.0,0,27,-,READY owner=Surn new refs=18,"{""cmd"": ""STOP"", ""status"": ""READY"", ""detector"": ""yolo"", ""state"": ""IDLE"", ""owner"": ""Surn new"", ""score"": null, ""match_max"": 0.5, ""refs"": 18, ""match_mode"": ""none"", ""steer_zones"": 41, ""people"": 0, ""track_id"": null, ""target_ex"": 0.0, ""target_cx_vel_px_s"": 0.0, ""target_age_s"": null, ""lidar_min_m"": 1.53, ""target_lidar_m"": null, ""target_lidar_deg"": null, ""camera_rang"
2026-07-17T16:32:21.105,70.106,mission_20260717_163111_auto,AUTO,,1,13.330209732055664,100.9979019165039,-0.19437056187288743,4,True,-1.0,1,0,0,1,0,0.0,0.0,0.0,0,7,13.330212593078613,100.99787902832031,2.4968298532410973,85,26.200000762939453,-1.2999999523162842,33.0,0,26,-,READY owner=Surn new refs=18,"{""cmd"": ""STOP"", ""status"": ""READY"", ""detector"": ""yolo"", ""state"": ""IDLE"", ""owner"": ""Surn new"", ""score"": null, ""match_max"": 0.5, ""refs"": 18, ""match_mode"": ""none"", ""steer_zones"": 41, ""people"": 0, ""track_id"": null, ""target_ex"": 0.0, ""target_cx_vel_px_s"": 0.0, ""target_age_s"": null, ""lidar_min_m"": 1.53, ""target_lidar_m"": null, ""target_lidar_deg"": null, ""camera_rang"
2026-07-17T16:32:22.105,71.106,mission_20260717_163111_auto,AUTO,,1,13.330209732055664,100.9979019165039,-0.20270882212708463,4,True,-1.0,1,0,0,1,0,0.0,0.0,0.0,0,7,13.330212593078613,100.99787902832031,2.4968298532410973,85,26.200000762939453,-1.2999999523162842,33.0,0,26,-,READY owner=Surn new refs=18,"{""cmd"": ""STOP"", ""status"": ""READY"", ""detector"": ""yolo"", ""state"": ""IDLE"", ""owner"": ""Surn new"", ""score"": null, ""match_max"": 0.5, ""refs"": 18, ""match_mode"": ""none"", ""steer_zones"": 41, ""people"": 0, ""track_id"": null, ""target_ex"": 0.0, ""target_cx_vel_px_s"": 0.0, ""target_age_s"": null, ""lidar_min_m"": 1.53, ""target_lidar_m"": null, ""target_lidar_deg"": null, ""camera_rang"
2026-07-17T16:32:23.110,72.11,mission_20260717_163111_auto,AUTO,,1,13.33021068572998,100.9979019165039,-0.21191554360229156,4,True,-1.0,1,0,0,1,0,0.0,0.0,0.0,0,7,13.330212593078613,100.99787902832031,2.4855447917679414,85,26.200000762939453,-1.2999999523162842,33.0,0,27,-,READY owner=Surn new refs=18,"{""cmd"": ""STOP"", ""status"": ""READY"", ""detector"": ""yolo"", ""state"": ""IDLE"", ""owner"": ""Surn new"", ""score"": null, ""match_max"": 0.5, ""refs"": 18, ""match_mode"": ""none"", ""steer_zones"": 41, ""people"": 0, ""track_id"": null, ""target_ex"": 0.0, ""target_cx_vel_px_s"": 0.0, ""target_age_s"": null, ""lidar_min_m"": 1.53, ""target_lidar_m"": null, ""target_lidar_deg"": null, ""camera_rang"
2026-07-17T16:32:24.110,73.111,mission_20260717_163111_auto,AUTO,,1,13.330212593078613,100.9979019165039,-0.2174231706931945,4,True,-1.0,1,0,0,1,0,0.0,0.0,0.0,0,7,13.330212593078613,100.99787902832031,2.4764797111097634,85,26.200000762939453,-1.2999999523162842,33.0,0,27,-,READY owner=Surn new refs=18,"{""cmd"": ""STOP"", ""status"": ""READY"", ""detector"": ""yolo"", ""state"": ""IDLE"", ""owner"": ""Surn new"", ""score"": null, ""match_max"": 0.5, ""refs"": 18, ""match_mode"": ""none"", ""steer_zones"": 41, ""people"": 0, ""track_id"": null, ""target_ex"": 0.0, ""target_cx_vel_px_s"": 0.0, ""target_age_s"": null, ""lidar_min_m"": 1.53, ""target_lidar_m"": null, ""target_lidar_deg"": null, ""camera_rang"
2026-07-17T16:32:25.110,74.111,mission_20260717_163111_auto,AUTO,,1,13.33021354675293,100.9979019165039,-0.21702827370137667,4,True,-1.0,1,0,0,1,0,0.0,0.0,0.0,0,7,13.330212593078613,100.99787902832031,2.4787490819651516,85,26.200000762939453,-1.2999999523162842,33.0,0,27,-,READY owner=Surn new refs=18,"{""cmd"": ""STOP"", ""status"": ""READY"", ""detector"": ""yolo"", ""state"": ""IDLE"", ""owner"": ""Surn new"", ""score"": null, ""match_max"": 0.5, ""refs"": 18, ""match_mode"": ""none"", ""steer_zones"": 41, ""people"": 0, ""track_id"": null, ""target_ex"": 0.0, ""target_cx_vel_px_s"": 0.0, ""target_age_s"": null, ""lidar_min_m"": 1.53, ""target_lidar_m"": null, ""target_lidar_deg"": null, ""camera_rang"
2026-07-17T16:32:27.094,76.094,mission_20260717_163111_auto,AUTO,,1,13.330216407775879,100.9979019165039,-0.2209893165125213,4,True,-1.0,1,0,0,1,0,0.0,0.0,0.0,0,7,13.330212593078613,100.99787902832031,2.5125437466180434,85,26.200000762939453,-1.2999999523162842,33.0,0,26,-,READY owner=Surn new refs=18,"{""cmd"": ""STOP"", ""status"": ""READY"", ""detector"": ""yolo"", ""state"": ""IDLE"", ""owner"": ""Surn new"", ""score"": null, ""match_max"": 0.5, ""refs"": 18, ""match_mode"": ""none"", ""steer_zones"": 41, ""people"": 0, ""track_id"": null, ""target_ex"": 0.0, ""target_cx_vel_px_s"": 0.0, ""target_age_s"": null, ""lidar_min_m"": 1.53, ""target_lidar_m"": null, ""target_lidar_deg"": null, ""camera_rang"
2026-07-17T16:32:28.095,77.096,mission_20260717_163111_auto,AUTO,,1,13.330217361450195,100.9979019165039,-0.22209787489111288,4,True,-1.0,1,0,0,1,0,0.0,0.0,0.0,0,7,13.330212593078613,100.99787902832031,2.5326041021872245,85,26.200000762939453,-1.2999999523162842,33.0,0,26,-,READY owner=Surn new refs=18,"{""cmd"": ""STOP"", ""status"": ""READY"", ""detector"": ""yolo"", ""state"": ""IDLE"", ""owner"": ""Surn new"", ""score"": null, ""match_max"": 0.5, ""refs"": 18, ""match_mode"": ""none"", ""steer_zones"": 41, ""people"": 0, ""track_id"": null, ""target_ex"": 0.0, ""target_cx_vel_px_s"": 0.0, ""target_age_s"": null, ""lidar_min_m"": 1.53, ""target_lidar_m"": null, ""target_lidar_deg"": null, ""camera_rang"
2026-07-17T16:32:29.095,78.096,mission_20260717_163111_auto,AUTO,,1,13.330218315124512,100.9979019165039,-0.22582787854945385,4,True,-1.0,1,0,0,1,0,0.0,0.0,0.0,0,7,13.330212593078613,100.99787902832031,2.556908592450464,85,26.200000762939453,-1.2999999523162842,33.0,0,26,-,READY owner=Surn new refs=18,"{""cmd"": ""STOP"", ""status"": ""READY"", ""detector"": ""yolo"", ""state"": ""IDLE"", ""owner"": ""Surn new"", ""score"": null, ""match_max"": 0.5, ""refs"": 18, ""match_mode"": ""none"", ""steer_zones"": 41, ""people"": 0, ""track_id"": null, ""target_ex"": 0.0, ""target_cx_vel_px_s"": 0.0, ""target_age_s"": null, ""lidar_min_m"": 1.53, ""target_lidar_m"": null, ""target_lidar_deg"": null, ""camera_rang"
2026-07-17T16:32:30.103,79.103,mission_20260717_163111_auto,AUTO,,1,13.330219268798828,100.9979019165039,-0.23126198772528658,4,True,-1.0,1,0,0,1,0,0.0,0.0,0.0,0,7,13.330212593078613,100.99787902832031,2.585337524166585,85,26.200000762939453,-1.2999999523162842,33.0,0,26,-,READY owner=Surn new refs=18,"{""cmd"": ""STOP"", ""status"": ""READY"", ""detector"": ""yolo"", ""state"": ""IDLE"", ""owner"": ""Surn new"", ""score"": null, ""match_max"": 0.5, ""refs"": 18, ""match_mode"": ""none"", ""steer_zones"": 41, ""people"": 0, ""track_id"": null, ""target_ex"": 0.0, ""target_cx_vel_px_s"": 0.0, ""target_age_s"": null, ""lidar_min_m"": 1.53, ""target_lidar_m"": null, ""target_lidar_deg"": null, ""camera_rang"
2026-07-17T16:32:31.105,80.105,mission_20260717_163111_auto,AUTO,,1,13.330221176147461,100.9979019165039,-0.23569494057918353,4,True,-1.0,1,0,0,1,0,0.0,0.0,0.0,0,7,13.330212593078613,100.99787902832031,2.6540193852444625,85,26.200000762939453,-1.2999999523162842,33.0,0,27,-,READY owner=Surn new refs=18,"{""cmd"": ""STOP"", ""status"": ""READY"", ""detector"": ""yolo"", ""state"": ""IDLE"", ""owner"": ""Surn new"", ""score"": null, ""match_max"": 0.5, ""refs"": 18, ""match_mode"": ""none"", ""steer_zones"": 41, ""people"": 0, ""track_id"": null, ""target_ex"": 0.0, ""target_cx_vel_px_s"": 0.0, ""target_age_s"": null, ""lidar_min_m"": 1.53, ""target_lidar_m"": null, ""target_lidar_deg"": null, ""camera_rang"
2026-07-17T16:32:32.082,,mission_20260717_163111_auto,AUTO,START_REQUEST,,,,,,,,,,,,,,,,,,,,,,,,,,,,READY owner=Surn new refs=18,"{""cmd"": ""STOP"", ""status"": ""READY"", ""detector"": ""yolo"", ""state"": ""IDLE"", ""owner"": ""Surn new"", ""score"": null, ""match_max"": 0.5, ""refs"": 18, ""match_mode"": ""none"", ""steer_zones"": 41, ""people"": 0, ""track_id"": null, ""target_ex"": 0.0, ""target_cx_vel_px_s"": 0.0, ""target_age_s"": null, ""lidar_min_m"": 1.53, ""target_lidar_m"": null, ""target_lidar_deg"": null, ""camera_rang"
2026-07-17T16:32:32.084,,mission_20260717_163111_auto,AUTO,START_REQUEST,,,,,,,,,,,,,,,,,,,,,,,,,,,,FOLLOW IDLE,"{""cmd"": ""STOP"", ""status"": ""READY"", ""detector"": ""yolo"", ""state"": ""IDLE"", ""owner"": ""Surn new"", ""score"": null, ""match_max"": 0.5, ""refs"": 18, ""match_mode"": ""none"", ""steer_zones"": 41, ""people"": 0, ""track_id"": null, ""target_ex"": 0.0, ""target_cx_vel_px_s"": 0.0, ""target_age_s"": null, ""lidar_min_m"": 1.53, ""target_lidar_m"": null, ""target_lidar_deg"": null, ""camera_rang"
2026-07-17T16:32:32.105,81.105,mission_20260717_163111_auto,AUTO,,1,13.330222129821777,100.9979019165039,-0.23677877954267348,4,True,-1.0,1,0,0,1,0,0.0,0.0,0.0,0,7,13.330212593078613,100.99787902832031,2.693970882716848,85,26.200000762939453,-1.2999999523162842,33.0,0,27,-,FOLLOW IDLE,"{""cmd"": ""STOP"", ""status"": ""READY"", ""detector"": ""yolo"", ""state"": ""IDLE"", ""owner"": ""Surn new"", ""score"": null, ""match_max"": 0.5, ""refs"": 18, ""match_mode"": ""none"", ""steer_zones"": 41, ""people"": 0, ""track_id"": null, ""target_ex"": 0.0, ""target_cx_vel_px_s"": 0.0, ""target_age_s"": null, ""lidar_min_m"": 1.53, ""target_lidar_m"": null, ""target_lidar_deg"": null, ""camera_rang"
2026-07-17T16:32:32.387,,mission_20260717_163111_auto,AUTO,START_REQUEST,,,,,,,,,,,,,,,,,,,,,,,,,,,,READY owner=Surn new refs=18,"{""cmd"": ""STOP"", ""status"": ""READY"", ""detector"": ""yolo"", ""state"": ""IDLE"", ""owner"": ""Surn new"", ""score"": null, ""match_max"": 0.5, ""refs"": 18, ""match_mode"": ""none"", ""steer_zones"": 41, ""people"": 0, ""track_id"": null, ""target_ex"": 0.0, ""target_cx_vel_px_s"": 0.0, ""target_age_s"": null, ""lidar_min_m"": 1.53, ""target_lidar_m"": null, ""target_lidar_deg"": null, ""camera_rang"
2026-07-17T16:32:32.388,,mission_20260717_163111_auto,AUTO,START_REQUEST,,,,,,,,,,,,,,,,,,,,,,,,,,,,READY owner=Surn new refs=18,"{""cmd"": ""STOP"", ""status"": ""READY"", ""detector"": ""yolo"", ""state"": ""IDLE"", ""owner"": ""Surn new"", ""score"": null, ""match_max"": 0.5, ""refs"": 18, ""match_mode"": ""none"", ""steer_zones"": 41, ""people"": 0, ""track_id"": null, ""target_ex"": 0.0, ""target_cx_vel_px_s"": 0.0, ""target_age_s"": null, ""lidar_min_m"": 1.53, ""target_lidar_m"": null, ""target_lidar_deg"": null, ""camera_rang"
2026-07-17T16:32:32.507,,mission_20260717_163111_auto,AUTO,START_REQUEST,,,,,,,,,,,,,,,,,,,,,,,,,,,,FOLLOW IDLE,"{""cmd"": ""STOP"", ""status"": ""READY"", ""detector"": ""yolo"", ""state"": ""IDLE"", ""owner"": ""Surn new"", ""score"": null, ""match_max"": 0.5, ""refs"": 18, ""match_mode"": ""none"", ""steer_zones"": 41, ""people"": 0, ""track_id"": null, ""target_ex"": 0.0, ""target_cx_vel_px_s"": 0.0, ""target_age_s"": null, ""lidar_min_m"": 1.53, ""target_lidar_m"": null, ""target_lidar_deg"": null, ""camera_rang"
2026-07-17T16:32:32.675,,mission_20260717_163111_auto,AUTO,START_REQUEST,,,,,,,,,,,,,,,,,,,,,,,,,,,,FOLLOW IDLE,"{""cmd"": ""STOP"", ""status"": ""READY"", ""detector"": ""yolo"", ""state"": ""IDLE"", ""owner"": ""Surn new"", ""score"": null, ""match_max"": 0.5, ""refs"": 18, ""match_mode"": ""none"", ""steer_zones"": 41, ""people"": 0, ""track_id"": null, ""target_ex"": 0.0, ""target_cx_vel_px_s"": 0.0, ""target_age_s"": null, ""lidar_min_m"": 1.53, ""target_lidar_m"": null, ""target_lidar_deg"": null, ""camera_rang"
2026-07-17T16:32:32.681,,mission_20260717_163111_auto,AUTO,START_REQUEST,,,,,,,,,,,,,,,,,,,,,,,,,,,,FOLLOW IDLE,"{""cmd"": ""STOP"", ""status"": ""READY"", ""detector"": ""yolo"", ""state"": ""IDLE"", ""owner"": ""Surn new"", ""score"": null, ""match_max"": 0.5, ""refs"": 18, ""match_mode"": ""none"", ""steer_zones"": 41, ""people"": 0, ""track_id"": null, ""target_ex"": 0.0, ""target_cx_vel_px_s"": 0.0, ""target_age_s"": null, ""lidar_min_m"": 1.53, ""target_lidar_m"": null, ""target_lidar_deg"": null, ""camera_rang"
2026-07-17T16:32:32.876,,mission_20260717_163111_auto,AUTO,START_REQUEST,,,,,,,,,,,,,,,,,,,,,,,,,,,,FOLLOW IDLE,"{""cmd"": ""STOP"", ""status"": ""READY"", ""detector"": ""yolo"", ""state"": ""IDLE"", ""owner"": ""Surn new"", ""score"": null, ""match_max"": 0.5, ""refs"": 18, ""match_mode"": ""none"", ""steer_zones"": 41, ""people"": 0, ""track_id"": null, ""target_ex"": 0.0, ""target_cx_vel_px_s"": 0.0, ""target_age_s"": null, ""lidar_min_m"": 1.53, ""target_lidar_m"": null, ""target_lidar_deg"": null, ""camera_rang"
2026-07-17T16:32:33.054,,mission_20260717_163111_auto,AUTO,START_REQUEST,,,,,,,,,,,,,,,,,,,,,,,,,,,,FOLLOW IDLE,"{""cmd"": ""STOP"", ""status"": ""READY"", ""detector"": ""yolo"", ""state"": ""IDLE"", ""owner"": ""Surn new"", ""score"": null, ""match_max"": 0.5, ""refs"": 18, ""match_mode"": ""none"", ""steer_zones"": 41, ""people"": 0, ""track_id"": null, ""target_ex"": 0.0, ""target_cx_vel_px_s"": 0.0, ""target_age_s"": null, ""lidar_min_m"": 1.53, ""target_lidar_m"": null, ""target_lidar_deg"": null, ""camera_rang"
2026-07-17T16:32:33.056,,mission_20260717_163111_auto,AUTO,START_REQUEST,,,,,,,,,,,,,,,,,,,,,,,,,,,,FOLLOW IDLE,"{""cmd"": ""STOP"", ""status"": ""READY"", ""detector"": ""yolo"", ""state"": ""IDLE"", ""owner"": ""Surn new"", ""score"": null, ""match_max"": 0.5, ""refs"": 18, ""match_mode"": ""none"", ""steer_zones"": 41, ""people"": 0, ""track_id"": null, ""target_ex"": 0.0, ""target_cx_vel_px_s"": 0.0, ""target_age_s"": null, ""lidar_min_m"": 1.53, ""target_lidar_m"": null, ""target_lidar_deg"": null, ""camera_rang"
2026-07-17T16:32:33.105,82.105,mission_20260717_163111_auto,AUTO,,1,13.330223083496094,100.9979019165039,-0.23735011419457447,4,True,-1.0,1,0,0,1,0,0.0,0.0,0.0,0,7,13.330212593078613,100.99787902832031,2.737449522563717,85,26.200000762939453,-1.2999999523162842,33.0,0,27,-,FOLLOW IDLE,"{""cmd"": ""STOP"", ""status"": ""READY"", ""detector"": ""yolo"", ""state"": ""IDLE"", ""owner"": ""Surn new"", ""score"": null, ""match_max"": 0.5, ""refs"": 18, ""match_mode"": ""none"", ""steer_zones"": 41, ""people"": 0, ""track_id"": null, ""target_ex"": 0.0, ""target_cx_vel_px_s"": 0.0, ""target_age_s"": null, ""lidar_min_m"": 1.53, ""target_lidar_m"": null, ""target_lidar_deg"": null, ""camera_rang"
2026-07-17T16:32:34.106,83.106,mission_20260717_163111_auto,AUTO,,1,13.330224990844727,100.9979019165039,-0.23659255016608485,4,True,-1.0,1,0,0,1,0,0.0,0.0,0.0,0,7,13.330212593078613,100.99787902832031,2.8343258612687054,85,26.200000762939453,-1.2999999523162842,33.0,0,27,-,READY owner=Surn new refs=18,"{""cmd"": ""STOP"", ""status"": ""READY"", ""detector"": ""yolo"", ""state"": ""IDLE"", ""owner"": ""Surn new"", ""score"": null, ""match_max"": 0.5, ""refs"": 18, ""match_mode"": ""none"", ""steer_zones"": 41, ""people"": 0, ""track_id"": null, ""target_ex"": 0.0, ""target_cx_vel_px_s"": 0.0, ""target_age_s"": null, ""lidar_min_m"": 1.53, ""target_lidar_m"": null, ""target_lidar_deg"": null, ""camera_rang"
2026-07-17T16:32:35.106,84.106,mission_20260717_163111_auto,AUTO,,1,13.330225944519043,100.9979019165039,-0.2334589073996506,4,True,-1.0,1,0,0,1,0,0.0,0.0,0.0,0,7,13.330212593078613,100.99787902832031,2.8873907798340577,85,26.200000762939453,-1.2999999523162842,33.0,0,27,-,READY owner=Surn new refs=18,"{""cmd"": ""STOP"", ""status"": ""READY"", ""detector"": ""yolo"", ""state"": ""IDLE"", ""owner"": ""Surn new"", ""score"": null, ""match_max"": 0.5, ""refs"": 18, ""match_mode"": ""none"", ""steer_zones"": 41, ""people"": 0, ""track_id"": null, ""target_ex"": 0.0, ""target_cx_vel_px_s"": 0.0, ""target_age_s"": null, ""lidar_min_m"": 1.53, ""target_lidar_m"": null, ""target_lidar_deg"": null, ""camera_rang"
2026-07-17T16:32:36.112,85.112,mission_20260717_163111_auto,AUTO,,1,13.330225944519043,100.9979019165039,-0.23712253015699553,4,True,-1.0,1,0,0,1,0,0.0,0.0,0.0,0,7,13.330212593078613,100.99787902832031,2.8873907798340577,85,26.200000762939453,-1.2999999523162842,33.0,0,27,-,READY owner=Surn new refs=18,"{""cmd"": ""STOP"", ""status"": ""READY"", ""detector"": ""yolo"", ""state"": ""IDLE"", ""owner"": ""Surn new"", ""score"": null, ""match_max"": 0.5, ""refs"": 18, ""match_mode"": ""none"", ""steer_zones"": 41, ""people"": 0, ""track_id"": null, ""target_ex"": 0.0, ""target_cx_vel_px_s"": 0.0, ""target_age_s"": null, ""lidar_min_m"": 1.54, ""target_lidar_m"": null, ""target_lidar_deg"": null, ""camera_rang"
2026-07-17T16:32:37.116,86.116,mission_20260717_163111_auto,AUTO,,1,13.33022689819336,100.9979019165039,-0.23618359258953034,4,True,-1.0,1,0,0,1,0,0.0,0.0,0.0,0,7,13.330212593078613,100.99787902832031,2.9433209976266936,85,26.200000762939453,-1.2999999523162842,33.0,0,27,-,READY owner=Surn new refs=18,"{""cmd"": ""STOP"", ""status"": ""READY"", ""detector"": ""yolo"", ""state"": ""IDLE"", ""owner"": ""Surn new"", ""score"": null, ""match_max"": 0.5, ""refs"": 18, ""match_mode"": ""none"", ""steer_zones"": 41, ""people"": 0, ""track_id"": null, ""target_ex"": 0.0, ""target_cx_vel_px_s"": 0.0, ""target_age_s"": null, ""lidar_min_m"": 1.53, ""target_lidar_m"": null, ""target_lidar_deg"": null, ""camera_rang"
2026-07-17T16:32:38.123,87.124,mission_20260717_163111_auto,AUTO,,1,13.330227851867676,100.9979019165039,-0.24168587025493096,4,True,-1.0,1,0,0,1,0,0.0,0.0,0.0,0,7,13.330212593078613,100.99787902832031,3.0019563665474887,85,26.200000762939453,-1.2999999523162842,33.0,0,27,-,READY owner=Surn new refs=18,"{""cmd"": ""STOP"", ""status"": ""READY"", ""detector"": ""yolo"", ""state"": ""IDLE"", ""owner"": ""Surn new"", ""score"": null, ""match_max"": 0.5, ""refs"": 18, ""match_mode"": ""none"", ""steer_zones"": 41, ""people"": 0, ""track_id"": null, ""target_ex"": 0.0, ""target_cx_vel_px_s"": 0.0, ""target_age_s"": null, ""lidar_min_m"": 1.53, ""target_lidar_m"": null, ""target_lidar_deg"": null, ""camera_rang"
2026-07-17T16:32:40.098,89.099,mission_20260717_163111_auto,AUTO,,1,13.330229759216309,100.9979019165039,-0.25153452279041333,4,True,-1.0,1,0,0,1,0,0.0,0.0,0.0,0,7,13.330212593078613,100.99787902832031,3.1267268422074572,85,26.200000762939453,-1.2999999523162842,33.0,0,27,-,READY owner=Surn new refs=18,"{""cmd"": ""STOP"", ""status"": ""READY"", ""detector"": ""yolo"", ""state"": ""IDLE"", ""owner"": ""Surn new"", ""score"": null, ""match_max"": 0.5, ""refs"": 18, ""match_mode"": ""none"", ""steer_zones"": 41, ""people"": 0, ""track_id"": null, ""target_ex"": 0.0, ""target_cx_vel_px_s"": 0.0, ""target_age_s"": null, ""lidar_min_m"": 1.53, ""target_lidar_m"": null, ""target_lidar_deg"": null, ""camera_rang"
2026-07-17T16:32:41.100,90.1,mission_20260717_163111_auto,AUTO,,1,13.330229759216309,100.9979019165039,-0.2479721255710021,4,True,-1.0,1,0,0,1,0,0.0,0.0,0.0,0,7,13.330212593078613,100.99787902832031,3.1267268422074572,85,26.200000762939453,-1.2999999523162842,33.0,0,27,-,READY owner=Surn new refs=18,"{""cmd"": ""STOP"", ""status"": ""READY"", ""detector"": ""yolo"", ""state"": ""IDLE"", ""owner"": ""Surn new"", ""score"": null, ""match_max"": 0.5, ""refs"": 18, ""match_mode"": ""none"", ""steer_zones"": 41, ""people"": 0, ""track_id"": null, ""target_ex"": 0.0, ""target_cx_vel_px_s"": 0.0, ""target_age_s"": null, ""lidar_min_m"": 1.53, ""target_lidar_m"": null, ""target_lidar_deg"": null, ""camera_rang"
2026-07-17T16:32:42.100,91.101,mission_20260717_163111_auto,AUTO,,1,13.330230712890625,100.9979019165039,-0.24193749335673717,4,True,-1.0,1,0,0,1,0,0.0,0.0,0.0,0,7,13.330212593078613,100.99787902832031,3.1925688611714285,85,26.200000762939453,-1.2999999523162842,33.0,0,27,-,READY owner=Surn new refs=18,"{""cmd"": ""STOP"", ""status"": ""READY"", ""detector"": ""yolo"", ""state"": ""IDLE"", ""owner"": ""Surn new"", ""score"": null, ""match_max"": 0.5, ""refs"": 18, ""match_mode"": ""none"", ""steer_zones"": 41, ""people"": 0, ""track_id"": null, ""target_ex"": 0.0, ""target_cx_vel_px_s"": 0.0, ""target_age_s"": null, ""lidar_min_m"": 1.53, ""target_lidar_m"": null, ""target_lidar_deg"": null, ""camera_rang"
2026-07-17T16:32:43.105,92.105,mission_20260717_163111_auto,AUTO,,1,13.330231666564941,100.9979019165039,-0.23640367942727813,4,True,-1.0,1,0,0,1,0,0.0,0.0,0.0,0,7,13.330212593078613,100.99787902832031,3.2605308881909973,85,26.200000762939453,-1.2999999523162842,33.0,0,27,-,READY owner=Surn new refs=18,"{""cmd"": ""STOP"", ""status"": ""READY"", ""detector"": ""yolo"", ""state"": ""IDLE"", ""owner"": ""Surn new"", ""score"": null, ""match_max"": 0.5, ""refs"": 18, ""match_mode"": ""none"", ""steer_zones"": 41, ""people"": 0, ""track_id"": null, ""target_ex"": 0.0, ""target_cx_vel_px_s"": 0.0, ""target_age_s"": null, ""lidar_min_m"": 1.53, ""target_lidar_m"": null, ""target_lidar_deg"": null, ""camera_rang"
2026-07-17T16:32:44.105,93.106,mission_20260717_163111_auto,AUTO,,1,13.330232620239258,100.9979019165039,-0.2317099520853042,4,True,-1.0,1,0,0,1,0,0.0,0.0,0.0,0,7,13.330212593078613,100.99787902832031,3.3304831427825983,85,26.200000762939453,-1.2999999523162842,33.0,0,26,-,READY owner=Surn new refs=18,"{""cmd"": ""STOP"", ""status"": ""READY"", ""detector"": ""yolo"", ""state"": ""IDLE"", ""owner"": ""Surn new"", ""score"": null, ""match_max"": 0.5, ""refs"": 18, ""match_mode"": ""none"", ""steer_zones"": 41, ""people"": 0, ""track_id"": null, ""target_ex"": 0.0, ""target_cx_vel_px_s"": 0.0, ""target_age_s"": null, ""lidar_min_m"": 1.53, ""target_lidar_m"": null, ""target_lidar_deg"": null, ""camera_rang"
2026-07-17T16:32:45.108,94.109,mission_20260717_163111_auto,AUTO,,1,13.330232620239258,100.9979019165039,-0.22824899384723826,4,True,-1.0,1,0,0,1,0,0.0,0.0,0.0,0,7,13.330212593078613,100.99787902832031,3.3304831427825983,85,26.200000762939453,-1.2999999523162842,33.0,0,27,-,READY owner=Surn new refs=18,"{""cmd"": ""STOP"", ""status"": ""READY"", ""detector"": ""yolo"", ""state"": ""IDLE"", ""owner"": ""Surn new"", ""score"": null, ""match_max"": 0.5, ""refs"": 18, ""match_mode"": ""none"", ""steer_zones"": 41, ""people"": 0, ""track_id"": null, ""target_ex"": 0.0, ""target_cx_vel_px_s"": 0.0, ""target_age_s"": null, ""lidar_min_m"": 1.53, ""target_lidar_m"": null, ""target_lidar_deg"": null, ""camera_rang"
2026-07-17T16:32:46.110,95.111,mission_20260717_163111_auto,AUTO,,1,13.330233573913574,100.9979019165039,-0.23053358540290175,4,True,-1.0,1,0,0,1,0,0.0,0.0,0.0,0,7,13.330212593078613,100.99787902832031,3.4023028683313705,85,26.200000762939453,-1.2999999523162842,33.0,0,27,-,READY owner=Surn new refs=18,"{""cmd"": ""STOP"", ""status"": ""READY"", ""detector"": ""yolo"", ""state"": ""IDLE"", ""owner"": ""Surn new"", ""score"": null, ""match_max"": 0.5, ""refs"": 18, ""match_mode"": ""none"", ""steer_zones"": 41, ""people"": 0, ""track_id"": null, ""target_ex"": 0.0, ""target_cx_vel_px_s"": 0.0, ""target_age_s"": null, ""lidar_min_m"": 1.53, ""target_lidar_m"": null, ""target_lidar_deg"": null, ""camera_rang"
2026-07-17T16:32:47.115,96.115,mission_20260717_163111_auto,AUTO,,1,13.330233573913574,100.9979019165039,-0.23124096354924764,4,True,-1.0,1,0,0,1,0,0.0,0.0,0.0,0,7,13.330212593078613,100.99787902832031,3.4023028683313705,85,26.200000762939453,-1.2999999523162842,33.0,0,27,-,READY owner=Surn new refs=18,"{""cmd"": ""STOP"", ""status"": ""READY"", ""detector"": ""yolo"", ""state"": ""IDLE"", ""owner"": ""Surn new"", ""score"": null, ""match_max"": 0.5, ""refs"": 18, ""match_mode"": ""none"", ""steer_zones"": 41, ""people"": 0, ""track_id"": null, ""target_ex"": 0.0, ""target_cx_vel_px_s"": 0.0, ""target_age_s"": null, ""lidar_min_m"": 1.54, ""target_lidar_m"": null, ""target_lidar_deg"": null, ""camera_rang"
2026-07-17T16:32:48.115,97.116,mission_20260717_163111_auto,AUTO,,1,13.33023452758789,100.9979019165039,-0.23345277090156816,4,True,-1.0,1,0,0,1,0,0.0,0.0,0.0,0,7,13.330212593078613,100.99787902832031,3.4758743077588443,85,26.200000762939453,-1.2999999523162842,33.0,0,27,-,READY owner=Surn new refs=18,"{""cmd"": ""STOP"", ""status"": ""READY"", ""detector"": ""yolo"", ""state"": ""IDLE"", ""owner"": ""Surn new"", ""score"": null, ""match_max"": 0.5, ""refs"": 18, ""match_mode"": ""none"", ""steer_zones"": 41, ""people"": 0, ""track_id"": null, ""target_ex"": 0.0, ""target_cx_vel_px_s"": 0.0, ""target_age_s"": null, ""lidar_min_m"": 1.53, ""target_lidar_m"": null, ""target_lidar_deg"": null, ""camera_rang"
2026-07-17T16:32:49.120,98.121,mission_20260717_163111_auto,AUTO,,1,13.330235481262207,100.9979019165039,-0.2306460167199425,4,True,-1.0,1,0,0,1,0,0.0,0.0,0.0,0,7,13.330212593078613,100.99787902832031,3.5510885867302027,85,26.200000762939453,-1.2999999523162842,33.0,0,27,-,READY owner=Surn new refs=18,"{""cmd"": ""STOP"", ""status"": ""READY"", ""detector"": ""yolo"", ""state"": ""IDLE"", ""owner"": ""Surn new"", ""score"": null, ""match_max"": 0.5, ""refs"": 18, ""match_mode"": ""none"", ""steer_zones"": 41, ""people"": 0, ""track_id"": null, ""target_ex"": 0.0, ""target_cx_vel_px_s"": 0.0, ""target_age_s"": null, ""lidar_min_m"": 1.53, ""target_lidar_m"": null, ""target_lidar_deg"": null, ""camera_rang"
2026-07-17T16:32:50.121,99.121,mission_20260717_163111_auto,AUTO,,1,13.330235481262207,100.99790954589844,-0.22851414392525227,4,True,-1.0,1,0,0,1,0,0.0,0.0,0.0,0,7,13.330212593078613,100.99787902832031,4.168969091999851,85,26.200000762939453,-1.2999999523162842,33.0,0,27,-,READY owner=Surn new refs=18,"{""cmd"": ""STOP"", ""status"": ""READY"", ""detector"": ""yolo"", ""state"": ""IDLE"", ""owner"": ""Surn new"", ""score"": null, ""match_max"": 0.5, ""refs"": 18, ""match_mode"": ""none"", ""steer_zones"": 41, ""people"": 0, ""track_id"": null, ""target_ex"": 0.0, ""target_cx_vel_px_s"": 0.0, ""target_age_s"": null, ""lidar_min_m"": 1.53, ""target_lidar_m"": null, ""target_lidar_deg"": null, ""camera_rang"
2026-07-17T16:32:51.125,100.126,mission_20260717_163111_auto,AUTO,,1,13.330236434936523,100.99790954589844,-0.2147550880280186,4,True,-1.0,1,0,0,1,0,0.0,0.0,0.0,0,7,13.330212593078613,100.99787902832031,4.234539145018034,85,26.200000762939453,-1.2999999523162842,33.0,0,27,-,READY owner=Surn new refs=18,"{""cmd"": ""STOP"", ""status"": ""READY"", ""detector"": ""yolo"", ""state"": ""IDLE"", ""owner"": ""Surn new"", ""score"": null, ""match_max"": 0.5, ""refs"": 18, ""match_mode"": ""none"", ""steer_zones"": 41, ""people"": 0, ""track_id"": null, ""target_ex"": 0.0, ""target_cx_vel_px_s"": 0.0, ""target_age_s"": null, ""lidar_min_m"": 1.53, ""target_lidar_m"": null, ""target_lidar_deg"": null, ""camera_rang"
2026-07-17T16:32:53.109,102.109,mission_20260717_163111_auto,AUTO,,1,13.330236434936523,100.99790954589844,-0.21796611737135763,4,True,-1.0,1,0,0,1,0,0.0,0.0,0.0,0,7,13.330212593078613,100.99787902832031,4.234539145018034,85,26.200000762939453,-1.2999999523162842,33.0,0,27,-,READY owner=Surn new refs=18,"{""cmd"": ""STOP"", ""status"": ""READY"", ""detector"": ""yolo"", ""state"": ""IDLE"", ""owner"": ""Surn new"", ""score"": null, ""match_max"": 0.5, ""refs"": 18, ""match_mode"": ""none"", ""steer_zones"": 41, ""people"": 0, ""track_id"": null, ""target_ex"": 0.0, ""target_cx_vel_px_s"": 0.0, ""target_age_s"": null, ""lidar_min_m"": 1.54, ""target_lidar_m"": null, ""target_lidar_deg"": null, ""camera_rang"
2026-07-17T16:32:54.110,103.11,mission_20260717_163111_auto,AUTO,,1,13.33023738861084,100.99790954589844,-0.21933463648501958,4,True,-1.0,1,0,0,1,0,0.0,0.0,0.0,0,7,13.330212593078613,100.99787902832031,4.301724166344862,85,26.200000762939453,-1.2999999523162842,33.0,0,27,-,READY owner=Surn new refs=18,"{""cmd"": ""STOP"", ""status"": ""READY"", ""detector"": ""yolo"", ""state"": ""IDLE"", ""owner"": ""Surn new"", ""score"": null, ""match_max"": 0.5, ""refs"": 18, ""match_mode"": ""none"", ""steer_zones"": 41, ""people"": 0, ""track_id"": null, ""target_ex"": 0.0, ""target_cx_vel_px_s"": 0.0, ""target_age_s"": null, ""lidar_min_m"": 1.53, ""target_lidar_m"": null, ""target_lidar_deg"": null, ""camera_rang"
2026-07-17T16:32:55.110,104.111,mission_20260717_163111_auto,AUTO,,1,13.33023738861084,100.99790954589844,-0.21744612920015072,4,True,-1.0,1,0,0,1,0,0.0,0.0,0.0,0,7,13.330212593078613,100.99787902832031,4.301724166344862,85,26.200000762939453,-1.2999999523162842,33.0,0,27,-,READY owner=Surn new refs=18,"{""cmd"": ""STOP"", ""status"": ""READY"", ""detector"": ""yolo"", ""state"": ""IDLE"", ""owner"": ""Surn new"", ""score"": null, ""match_max"": 0.5, ""refs"": 18, ""match_mode"": ""none"", ""steer_zones"": 41, ""people"": 0, ""track_id"": null, ""target_ex"": 0.0, ""target_cx_vel_px_s"": 0.0, ""target_age_s"": null, ""lidar_min_m"": 1.53, ""target_lidar_m"": null, ""target_lidar_deg"": null, ""camera_rang"
2026-07-17T16:32:56.115,105.116,mission_20260717_163111_auto,AUTO,,1,13.330238342285156,100.99790954589844,-0.21672823896578536,4,True,-1.0,1,0,0,1,0,0.0,0.0,0.0,0,7,13.330212593078613,100.99787902832031,4.370449677999515,85,26.200000762939453,-1.2999999523162842,33.0,0,27,-,READY owner=Surn new refs=18,"{""cmd"": ""STOP"", ""status"": ""READY"", ""detector"": ""yolo"", ""state"": ""IDLE"", ""owner"": ""Surn new"", ""score"": null, ""match_max"": 0.5, ""refs"": 18, ""match_mode"": ""none"", ""steer_zones"": 41, ""people"": 0, ""track_id"": null, ""target_ex"": 0.0, ""target_cx_vel_px_s"": 0.0, ""target_age_s"": null, ""lidar_min_m"": 1.53, ""target_lidar_m"": null, ""target_lidar_deg"": null, ""camera_rang"
2026-07-17T16:32:57.120,106.12,mission_20260717_163111_auto,AUTO,,1,13.330238342285156,100.99790954589844,-0.22078174279477636,4,True,-1.0,1,0,0,1,0,0.0,0.0,0.0,0,7,13.330212593078613,100.99787902832031,4.370449677999515,85,26.200000762939453,-1.2999999523162842,33.0,0,27,-,READY owner=Surn new refs=18,"{""cmd"": ""STOP"", ""status"": ""READY"", ""detector"": ""yolo"", ""state"": ""IDLE"", ""owner"": ""Surn new"", ""score"": null, ""match_max"": 0.5, ""refs"": 18, ""match_mode"": ""none"", ""steer_zones"": 41, ""people"": 0, ""track_id"": null, ""target_ex"": 0.0, ""target_cx_vel_px_s"": 0.0, ""target_age_s"": null, ""lidar_min_m"": 1.53, ""target_lidar_m"": null, ""target_lidar_deg"": null, ""camera_rang"
2026-07-17T16:32:58.123,107.123,mission_20260717_163111_auto,AUTO,,1,13.330238342285156,100.99790954589844,-0.21986620396130377,4,True,-1.0,1,0,0,1,0,0.0,0.0,0.0,0,7,13.330212593078613,100.99787902832031,4.370449677999515,85,26.200000762939453,-1.2999999523162842,33.0,0,26,-,READY owner=Surn new refs=18,"{""cmd"": ""STOP"", ""status"": ""READY"", ""detector"": ""yolo"", ""state"": ""IDLE"", ""owner"": ""Surn new"", ""score"": null, ""match_max"": 0.5, ""refs"": 18, ""match_mode"": ""none"", ""steer_zones"": 41, ""people"": 0, ""track_id"": null, ""target_ex"": 0.0, ""target_cx_vel_px_s"": 0.0, ""target_age_s"": null, ""lidar_min_m"": 1.53, ""target_lidar_m"": null, ""target_lidar_deg"": null, ""camera_rang"
2026-07-17T16:32:59.125,108.125,mission_20260717_163111_auto,AUTO,,1,13.330239295959473,100.99790954589844,-0.22222400660713332,4,True,-1.0,1,0,0,1,0,0.0,0.0,0.0,0,7,13.330212593078613,100.99787902832031,4.44064415648474,85,26.200000762939453,-1.2999999523162842,33.0,0,27,-,READY owner=Surn new refs=18,"{""cmd"": ""STOP"", ""status"": ""READY"", ""detector"": ""yolo"", ""state"": ""IDLE"", ""owner"": ""Surn new"", ""score"": null, ""match_max"": 0.5, ""refs"": 18, ""match_mode"": ""none"", ""steer_zones"": 41, ""people"": 0, ""track_id"": null, ""target_ex"": 0.0, ""target_cx_vel_px_s"": 0.0, ""target_age_s"": null, ""lidar_min_m"": 1.53, ""target_lidar_m"": null, ""target_lidar_deg"": null, ""camera_rang"
2026-07-17T16:33:00.125,109.126,mission_20260717_163111_auto,AUTO,,1,13.330239295959473,100.99790954589844,-0.2203679960816749,4,True,-1.0,1,0,0,1,0,0.0,0.0,0.0,0,7,13.330212593078613,100.99787902832031,4.44064415648474,85,26.200000762939453,-1.2999999523162842,33.0,0,27,-,READY owner=Surn new refs=18,"{""cmd"": ""STOP"", ""status"": ""READY"", ""detector"": ""yolo"", ""state"": ""IDLE"", ""owner"": ""Surn new"", ""score"": null, ""match_max"": 0.5, ""refs"": 18, ""match_mode"": ""none"", ""steer_zones"": 41, ""people"": 0, ""track_id"": null, ""target_ex"": 0.0, ""target_cx_vel_px_s"": 0.0, ""target_age_s"": null, ""lidar_min_m"": 1.53, ""target_lidar_m"": null, ""target_lidar_deg"": null, ""camera_rang"
2026-07-17T16:33:01.130,110.13,mission_20260717_163111_auto,AUTO,,1,13.330240249633789,100.99790954589844,-0.21966424647332558,4,True,-1.0,1,0,0,1,0,0.0,0.0,0.0,0,7,13.330212593078613,100.99787902832031,4.512239046538138,85,26.200000762939453,-1.2999999523162842,33.0,0,28,-,READY owner=Surn new refs=18,"{""cmd"": ""STOP"", ""status"": ""READY"", ""detector"": ""yolo"", ""state"": ""IDLE"", ""owner"": ""Surn new"", ""score"": null, ""match_max"": 0.5, ""refs"": 18, ""match_mode"": ""none"", ""steer_zones"": 41, ""people"": 0, ""track_id"": null, ""target_ex"": 0.0, ""target_cx_vel_px_s"": 0.0, ""target_age_s"": null, ""lidar_min_m"": 1.53, ""target_lidar_m"": null, ""target_lidar_deg"": null, ""camera_rang"
2026-07-17T16:33:02.130,111.131,mission_20260717_163111_auto,AUTO,,1,13.330240249633789,100.99790954589844,-0.2190898569125966,4,True,-1.0,1,0,0,1,0,0.0,0.0,0.0,0,7,13.330212593078613,100.99787902832031,4.512239046538138,85,26.200000762939453,-1.2999999523162842,33.0,0,28,-,READY owner=Surn new refs=18,"{""cmd"": ""STOP"", ""status"": ""READY"", ""detector"": ""yolo"", ""state"": ""IDLE"", ""owner"": ""Surn new"", ""score"": null, ""match_max"": 0.5, ""refs"": 18, ""match_mode"": ""none"", ""steer_zones"": 41, ""people"": 0, ""track_id"": null, ""target_ex"": 0.0, ""target_cx_vel_px_s"": 0.0, ""target_age_s"": null, ""lidar_min_m"": 1.53, ""target_lidar_m"": null, ""target_lidar_deg"": null, ""camera_rang"
2026-07-17T16:33:03.135,112.135,mission_20260717_163111_auto,AUTO,,1,13.330240249633789,100.99790954589844,-0.21747409028706546,4,True,-1.0,1,0,0,1,0,0.0,0.0,0.0,0,7,13.330212593078613,100.99787902832031,4.512239046538138,85,26.200000762939453,-1.2999999523162842,33.0,0,28,-,READY owner=Surn new refs=18,"{""cmd"": ""STOP"", ""status"": ""READY"", ""detector"": ""yolo"", ""state"": ""IDLE"", ""owner"": ""Surn new"", ""score"": null, ""match_max"": 0.5, ""refs"": 18, ""match_mode"": ""none"", ""steer_zones"": 41, ""people"": 0, ""track_id"": null, ""target_ex"": 0.0, ""target_cx_vel_px_s"": 0.0, ""target_age_s"": null, ""lidar_min_m"": 1.53, ""target_lidar_m"": null, ""target_lidar_deg"": null, ""camera_rang"
2026-07-17T16:33:04.137,113.138,mission_20260717_163111_auto,AUTO,,1,13.330240249633789,100.99790954589844,-0.21783955876851405,4,True,-1.0,1,0,0,1,0,0.0,0.0,0.0,0,7,13.330212593078613,100.99787902832031,4.512239046538138,85,26.200000762939453,-1.2999999523162842,33.0,0,26,-,READY owner=Surn new refs=18,"{""cmd"": ""STOP"", ""status"": ""READY"", ""detector"": ""yolo"", ""state"": ""IDLE"", ""owner"": ""Surn new"", ""score"": null, ""match_max"": 0.5, ""refs"": 18, ""match_mode"": ""none"", ""steer_zones"": 41, ""people"": 0, ""track_id"": null, ""target_ex"": 0.0, ""target_cx_vel_px_s"": 0.0, ""target_age_s"": null, ""lidar_min_m"": 1.53, ""target_lidar_m"": null, ""target_lidar_deg"": null, ""camera_rang"
2026-07-17T16:33:06.121,115.122,mission_20260717_163111_auto,AUTO,,1,13.330241203308105,100.99790954589844,-0.22174708064420925,4,True,-1.0,1,0,0,1,0,0.0,0.0,0.0,0,7,13.330212593078613,100.99787902832031,4.585168748658011,85,26.200000762939453,-1.2999999523162842,33.0,0,28,-,READY owner=Surn new refs=18,"{""cmd"": ""STOP"", ""status"": ""READY"", ""detector"": ""yolo"", ""state"": ""IDLE"", ""owner"": ""Surn new"", ""score"": null, ""match_max"": 0.5, ""refs"": 18, ""match_mode"": ""none"", ""steer_zones"": 41, ""people"": 0, ""track_id"": null, ""target_ex"": 0.0, ""target_cx_vel_px_s"": 0.0, ""target_age_s"": null, ""lidar_min_m"": 1.53, ""target_lidar_m"": null, ""target_lidar_deg"": null, ""camera_rang"
2026-07-17T16:33:07.125,116.125,mission_20260717_163111_auto,AUTO,,1,13.330241203308105,100.99790954589844,-0.21663224279143495,4,True,-1.0,1,0,0,1,0,0.0,0.0,0.0,0,7,13.330212593078613,100.99787902832031,4.585168748658011,85,26.200000762939453,-1.2999999523162842,33.0,0,26,-,READY owner=Surn new refs=18,"{""cmd"": ""STOP"", ""status"": ""READY"", ""detector"": ""yolo"", ""state"": ""IDLE"", ""owner"": ""Surn new"", ""score"": null, ""match_max"": 0.5, ""refs"": 18, ""match_mode"": ""none"", ""steer_zones"": 41, ""people"": 0, ""track_id"": null, ""target_ex"": 0.0, ""target_cx_vel_px_s"": 0.0, ""target_age_s"": null, ""lidar_min_m"": 1.53, ""target_lidar_m"": null, ""target_lidar_deg"": null, ""camera_rang"
2026-07-17T16:33:08.130,117.131,mission_20260717_163111_auto,AUTO,,1,13.330241203308105,100.99790954589844,-0.21570046891847033,4,True,-1.0,1,0,0,1,0,0.0,0.0,0.0,0,7,13.330212593078613,100.99787902832031,4.585168748658011,85,26.200000762939453,-1.2999999523162842,33.0,0,28,-,READY owner=Surn new refs=18,"{""cmd"": ""STOP"", ""status"": ""READY"", ""detector"": ""yolo"", ""state"": ""IDLE"", ""owner"": ""Surn new"", ""score"": null, ""match_max"": 0.5, ""refs"": 18, ""match_mode"": ""none"", ""steer_zones"": 41, ""people"": 0, ""track_id"": null, ""target_ex"": 0.0, ""target_cx_vel_px_s"": 0.0, ""target_age_s"": null, ""lidar_min_m"": 1.53, ""target_lidar_m"": null, ""target_lidar_deg"": null, ""camera_rang"
2026-07-17T16:33:09.131,118.132,mission_20260717_163111_auto,AUTO,,1,13.330242156982422,100.99790954589844,-0.2163543661500065,4,True,-1.0,1,0,0,1,0,0.0,0.0,0.0,0,7,13.330212593078613,100.99787902832031,4.65937058477023,85,26.200000762939453,-1.2999999523162842,33.0,0,28,-,READY owner=Surn new refs=18,"{""cmd"": ""STOP"", ""status"": ""READY"", ""detector"": ""yolo"", ""state"": ""IDLE"", ""owner"": ""Surn new"", ""score"": null, ""match_max"": 0.5, ""refs"": 18, ""match_mode"": ""none"", ""steer_zones"": 41, ""people"": 0, ""track_id"": null, ""target_ex"": 0.0, ""target_cx_vel_px_s"": 0.0, ""target_age_s"": null, ""lidar_min_m"": 1.53, ""target_lidar_m"": null, ""target_lidar_deg"": null, ""camera_rang"
2026-07-17T16:33:10.133,119.133,mission_20260717_163111_auto,AUTO,,1,13.330242156982422,100.99790954589844,-0.2146743397173817,4,True,-1.0,1,0,0,1,0,0.0,0.0,0.0,0,7,13.330212593078613,100.99787902832031,4.65937058477023,85,26.200000762939453,-1.2999999523162842,33.0,0,27,-,READY owner=Surn new refs=18,"{""cmd"": ""STOP"", ""status"": ""READY"", ""detector"": ""yolo"", ""state"": ""IDLE"", ""owner"": ""Surn new"", ""score"": null, ""match_max"": 0.5, ""refs"": 18, ""match_mode"": ""none"", ""steer_zones"": 41, ""people"": 0, ""track_id"": null, ""target_ex"": 0.0, ""target_cx_vel_px_s"": 0.0, ""target_age_s"": null, ""lidar_min_m"": 1.53, ""target_lidar_m"": null, ""target_lidar_deg"": null, ""camera_rang"
2026-07-17T16:33:11.145,120.146,mission_20260717_163111_auto,AUTO,,1,13.330242156982422,100.99790954589844,-0.21442710554572575,4,True,-1.0,1,0,0,1,0,0.0,0.0,0.0,0,7,13.330212593078613,100.99787902832031,4.65937058477023,85,26.200000762939453,-1.2999999523162842,33.0,0,28,-,OWNER READY: Surn new,"{""cmd"": ""STOP"", ""status"": ""READY"", ""detector"": ""yolo"", ""state"": ""IDLE"", ""owner"": ""Surn new"", ""score"": null, ""match_max"": 0.5, ""refs"": 18, ""match_mode"": ""none"", ""steer_zones"": 41, ""people"": 0, ""track_id"": null, ""target_ex"": 0.0, ""target_cx_vel_px_s"": 0.0, ""target_age_s"": null, ""lidar_min_m"": 1.53, ""target_lidar_m"": null, ""target_lidar_deg"": null, ""camera_rang"
2026-07-17T16:33:12.150,121.151,mission_20260717_163111_auto,AUTO,,1,13.330242156982422,100.99790954589844,-0.21336206294266655,4,True,-1.0,1,0,0,1,0,0.0,0.0,0.0,0,7,13.330212593078613,100.99787902832031,4.65937058477023,85,26.200000762939453,-1.2999999523162842,33.0,0,28,-,READY owner=Surn new refs=18,"{""cmd"": ""STOP"", ""status"": ""READY"", ""detector"": ""yolo"", ""state"": ""IDLE"", ""owner"": ""Surn new"", ""score"": null, ""match_max"": 0.5, ""refs"": 18, ""match_mode"": ""none"", ""steer_zones"": 41, ""people"": 0, ""track_id"": null, ""target_ex"": 0.0, ""target_cx_vel_px_s"": 0.0, ""target_age_s"": null, ""lidar_min_m"": 1.54, ""target_lidar_m"": null, ""target_lidar_deg"": null, ""camera_rang"
2026-07-17T16:33:13.155,122.156,mission_20260717_163111_auto,AUTO,,1,13.330242156982422,100.99790954589844,-0.21444563510189205,4,True,-1.0,1,0,0,1,0,0.0,0.0,0.0,0,7,13.330212593078613,100.99787902832031,4.65937058477023,85,26.200000762939453,-1.2999999523162842,33.0,0,27,-,READY owner=Surn new refs=18,"{""cmd"": ""STOP"", ""status"": ""READY"", ""detector"": ""yolo"", ""state"": ""IDLE"", ""owner"": ""Surn new"", ""score"": null, ""match_max"": 0.5, ""refs"": 18, ""match_mode"": ""none"", ""steer_zones"": 41, ""people"": 0, ""track_id"": null, ""target_ex"": 0.0, ""target_cx_vel_px_s"": 0.0, ""target_age_s"": null, ""lidar_min_m"": 1.53, ""target_lidar_m"": null, ""target_lidar_deg"": null, ""camera_rang"
2026-07-17T16:33:14.156,123.157,mission_20260717_163111_auto,AUTO,,1,13.330242156982422,100.99790954589844,-0.21603844322046697,4,True,-1.0,1,0,0,1,0,0.0,0.0,0.0,0,7,13.330212593078613,100.99787902832031,4.65937058477023,85,26.200000762939453,-1.2999999523162842,33.0,0,28,-,READY owner=Surn new refs=18,"{""cmd"": ""STOP"", ""status"": ""READY"", ""detector"": ""yolo"", ""state"": ""IDLE"", ""owner"": ""Surn new"", ""score"": null, ""match_max"": 0.5, ""refs"": 18, ""match_mode"": ""none"", ""steer_zones"": 41, ""people"": 0, ""track_id"": null, ""target_ex"": 0.0, ""target_cx_vel_px_s"": 0.0, ""target_age_s"": null, ""lidar_min_m"": 1.53, ""target_lidar_m"": null, ""target_lidar_deg"": null, ""camera_rang"
2026-07-17T16:33:15.157,124.158,mission_20260717_163111_auto,AUTO,,1,13.330242156982422,100.99790954589844,-0.21909031047984617,4,True,-1.0,1,0,0,1,0,0.0,0.0,0.0,0,7,13.330212593078613,100.99787902832031,4.65937058477023,85,26.200000762939453,-1.2999999523162842,33.0,0,28,-,READY owner=Surn new refs=18,"{""cmd"": ""STOP"", ""status"": ""READY"", ""detector"": ""yolo"", ""state"": ""IDLE"", ""owner"": ""Surn new"", ""score"": null, ""match_max"": 0.5, ""refs"": 18, ""match_mode"": ""none"", ""steer_zones"": 41, ""people"": 0, ""track_id"": null, ""target_ex"": 0.0, ""target_cx_vel_px_s"": 0.0, ""target_age_s"": null, ""lidar_min_m"": 1.53, ""target_lidar_m"": null, ""target_lidar_deg"": null, ""camera_rang"
2026-07-17T16:33:16.160,125.161,mission_20260717_163111_auto,AUTO,,1,13.330242156982422,100.99790954589844,-0.22449220304074613,4,True,-1.0,1,0,0,1,0,0.0,0.0,0.0,0,7,13.330212593078613,100.99787902832031,4.65937058477023,85,26.200000762939453,-1.2999999523162842,33.0,0,27,-,READY owner=Surn new refs=18,"{""cmd"": ""STOP"", ""status"": ""READY"", ""detector"": ""yolo"", ""state"": ""IDLE"", ""owner"": ""Surn new"", ""score"": null, ""match_max"": 0.5, ""refs"": 18, ""match_mode"": ""none"", ""steer_zones"": 41, ""people"": 0, ""track_id"": null, ""target_ex"": 0.0, ""target_cx_vel_px_s"": 0.0, ""target_age_s"": null, ""lidar_min_m"": 1.53, ""target_lidar_m"": null, ""target_lidar_deg"": null, ""camera_rang"
2026-07-17T16:33:17.160,126.161,mission_20260717_163111_auto,AUTO,,1,13.330242156982422,100.99790954589844,-0.22562926945499456,4,True,-1.0,1,0,0,1,0,0.0,0.0,0.0,0,7,13.330212593078613,100.99787902832031,4.65937058477023,85,26.200000762939453,-1.2999999523162842,33.0,0,27,-,READY owner=Surn new refs=18,"{""cmd"": ""STOP"", ""status"": ""READY"", ""detector"": ""yolo"", ""state"": ""IDLE"", ""owner"": ""Surn new"", ""score"": null, ""match_max"": 0.5, ""refs"": 18, ""match_mode"": ""none"", ""steer_zones"": 41, ""people"": 0, ""track_id"": null, ""target_ex"": 0.0, ""target_cx_vel_px_s"": 0.0, ""target_age_s"": null, ""lidar_min_m"": 1.54, ""target_lidar_m"": null, ""target_lidar_deg"": null, ""camera_rang"
2026-07-17T16:33:19.133,128.134,mission_20260717_163111_auto,AUTO,,1,13.330241203308105,100.99790954589844,-0.2189838555783292,4,True,-1.0,1,0,0,1,0,0.0,0.0,0.0,0,7,13.330212593078613,100.99787902832031,4.585168748658011,85,26.200000762939453,-1.2999999523162842,33.0,0,27,-,READY owner=Surn new refs=18,"{""cmd"": ""STOP"", ""status"": ""READY"", ""detector"": ""yolo"", ""state"": ""IDLE"", ""owner"": ""Surn new"", ""score"": null, ""match_max"": 0.5, ""refs"": 18, ""match_mode"": ""none"", ""steer_zones"": 41, ""people"": 0, ""track_id"": null, ""target_ex"": 0.0, ""target_cx_vel_px_s"": 0.0, ""target_age_s"": null, ""lidar_min_m"": 1.53, ""target_lidar_m"": null, ""target_lidar_deg"": null, ""camera_rang"
2026-07-17T16:33:20.143,129.143,mission_20260717_163111_auto,AUTO,,1,13.330241203308105,100.99790954589844,-0.2212481833501074,4,True,-1.0,1,0,0,1,0,0.0,0.0,0.0,0,7,13.330212593078613,100.99787902832031,4.585168748658011,85,26.200000762939453,-1.2999999523162842,33.0,0,29,-,READY owner=Surn new refs=18,"{""cmd"": ""STOP"", ""status"": ""READY"", ""detector"": ""yolo"", ""state"": ""IDLE"", ""owner"": ""Surn new"", ""score"": null, ""match_max"": 0.5, ""refs"": 18, ""match_mode"": ""none"", ""steer_zones"": 41, ""people"": 0, ""track_id"": null, ""target_ex"": 0.0, ""target_cx_vel_px_s"": 0.0, ""target_age_s"": null, ""lidar_min_m"": 1.53, ""target_lidar_m"": null, ""target_lidar_deg"": null, ""camera_rang"
2026-07-17T16:33:21.154,130.155,mission_20260717_163111_auto,AUTO,,1,13.330241203308105,100.99790954589844,-0.22194576977994784,4,True,-1.0,1,0,0,1,0,0.0,0.0,0.0,0,7,13.330212593078613,100.99787902832031,4.585168748658011,85,26.200000762939453,-1.2999999523162842,33.0,0,29,-,READY owner=Surn new refs=18,"{""cmd"": ""STOP"", ""status"": ""READY"", ""detector"": ""yolo"", ""state"": ""IDLE"", ""owner"": ""Surn new"", ""score"": null, ""match_max"": 0.5, ""refs"": 18, ""match_mode"": ""none"", ""steer_zones"": 41, ""people"": 0, ""track_id"": null, ""target_ex"": 0.0, ""target_cx_vel_px_s"": 0.0, ""target_age_s"": null, ""lidar_min_m"": 1.53, ""target_lidar_m"": null, ""target_lidar_deg"": null, ""camera_rang"
2026-07-17T16:33:22.155,131.156,mission_20260717_163111_auto,AUTO,,1,13.330241203308105,100.99790954589844,-0.22047326370421508,4,True,-1.0,1,0,0,1,0,0.0,0.0,0.0,0,7,13.330212593078613,100.99787902832031,4.585168748658011,85,26.200000762939453,-1.2999999523162842,33.0,0,29,-,READY owner=Surn new refs=18,"{""cmd"": ""STOP"", ""status"": ""READY"", ""detector"": ""yolo"", ""state"": ""IDLE"", ""owner"": ""Surn new"", ""score"": null, ""match_max"": 0.5, ""refs"": 18, ""match_mode"": ""none"", ""steer_zones"": 41, ""people"": 0, ""track_id"": null, ""target_ex"": 0.0, ""target_cx_vel_px_s"": 0.0, ""target_age_s"": null, ""lidar_min_m"": 1.53, ""target_lidar_m"": null, ""target_lidar_deg"": null, ""camera_rang"
2026-07-17T16:33:23.160,132.161,mission_20260717_163111_auto,AUTO,,1,13.330241203308105,100.99790954589844,-0.22649990513075963,4,True,-1.0,1,0,0,1,0,0.0,0.0,0.0,0,7,13.330212593078613,100.99787902832031,4.585168748658011,85,26.200000762939453,-1.2999999523162842,33.0,0,29,-,READY owner=Surn new refs=18,"{""cmd"": ""STOP"", ""status"": ""READY"", ""detector"": ""yolo"", ""state"": ""IDLE"", ""owner"": ""Surn new"", ""score"": null, ""match_max"": 0.5, ""refs"": 18, ""match_mode"": ""none"", ""steer_zones"": 41, ""people"": 0, ""track_id"": null, ""target_ex"": 0.0, ""target_cx_vel_px_s"": 0.0, ""target_age_s"": null, ""lidar_min_m"": 1.53, ""target_lidar_m"": null, ""target_lidar_deg"": null, ""camera_rang"
2026-07-17T16:33:24.160,133.161,mission_20260717_163111_auto,AUTO,,1,13.330241203308105,100.99790954589844,-0.22469553457068622,4,True,-1.0,1,0,0,1,0,0.0,0.0,0.0,0,7,13.330212593078613,100.99787902832031,4.585168748658011,85,26.200000762939453,-1.2999999523162842,33.0,0,29,-,READY owner=Surn new refs=18,"{""cmd"": ""STOP"", ""status"": ""READY"", ""detector"": ""yolo"", ""state"": ""IDLE"", ""owner"": ""Surn new"", ""score"": null, ""match_max"": 0.5, ""refs"": 18, ""match_mode"": ""none"", ""steer_zones"": 41, ""people"": 0, ""track_id"": null, ""target_ex"": 0.0, ""target_cx_vel_px_s"": 0.0, ""target_age_s"": null, ""lidar_min_m"": 1.53, ""target_lidar_m"": null, ""target_lidar_deg"": null, ""camera_rang"
2026-07-17T16:33:25.160,134.161,mission_20260717_163111_auto,AUTO,,1,13.330240249633789,100.99790954589844,-0.22783157857550057,4,True,-1.0,1,0,0,1,0,0.0,0.0,0.0,0,7,13.330212593078613,100.99787902832031,4.512239046538138,85,26.200000762939453,-1.2999999523162842,33.0,0,29,-,READY owner=Surn new refs=18,"{""cmd"": ""STOP"", ""status"": ""READY"", ""detector"": ""yolo"", ""state"": ""IDLE"", ""owner"": ""Surn new"", ""score"": null, ""match_max"": 0.5, ""refs"": 18, ""match_mode"": ""none"", ""steer_zones"": 41, ""people"": 0, ""track_id"": null, ""target_ex"": 0.0, ""target_cx_vel_px_s"": 0.0, ""target_age_s"": null, ""lidar_min_m"": 1.53, ""target_lidar_m"": null, ""target_lidar_deg"": null, ""camera_rang"
2026-07-17T16:33:26.161,135.161,mission_20260717_163111_auto,AUTO,,1,13.330240249633789,100.99790954589844,-0.22804865052506004,4,True,-1.0,1,0,0,1,0,0.0,0.0,0.0,0,7,13.330212593078613,100.99787902832031,4.512239046538138,85,26.200000762939453,-1.2999999523162842,33.0,0,29,-,READY owner=Surn new refs=18,"{""cmd"": ""STOP"", ""status"": ""READY"", ""detector"": ""yolo"", ""state"": ""IDLE"", ""owner"": ""Surn new"", ""score"": null, ""match_max"": 0.5, ""refs"": 18, ""match_mode"": ""none"", ""steer_zones"": 41, ""people"": 0, ""track_id"": null, ""target_ex"": 0.0, ""target_cx_vel_px_s"": 0.0, ""target_age_s"": null, ""lidar_min_m"": 1.53, ""target_lidar_m"": null, ""target_lidar_deg"": null, ""camera_rang"
2026-07-17T16:33:27.166,136.166,mission_20260717_163111_auto,AUTO,,1,13.330240249633789,100.99790954589844,-0.23163708784068193,4,True,-1.0,1,0,0,1,0,0.0,0.0,0.0,0,7,13.330212593078613,100.99787902832031,4.512239046538138,85,26.200000762939453,-1.2999999523162842,33.0,0,29,-,READY owner=Surn new refs=18,"{""cmd"": ""STOP"", ""status"": ""READY"", ""detector"": ""yolo"", ""state"": ""IDLE"", ""owner"": ""Surn new"", ""score"": null, ""match_max"": 0.5, ""refs"": 18, ""match_mode"": ""none"", ""steer_zones"": 41, ""people"": 0, ""track_id"": null, ""target_ex"": 0.0, ""target_cx_vel_px_s"": 0.0, ""target_age_s"": null, ""lidar_min_m"": 1.53, ""target_lidar_m"": null, ""target_lidar_deg"": null, ""camera_rang"
2026-07-17T16:33:28.166,137.167,mission_20260717_163111_auto,AUTO,,1,13.330240249633789,100.99790954589844,-0.23465178926602276,4,True,-1.0,1,0,0,1,0,0.0,0.0,0.0,0,7,13.330212593078613,100.99787902832031,4.512239046538138,85,26.200000762939453,-1.2999999523162842,33.0,0,29,-,READY owner=Surn new refs=18,"{""cmd"": ""STOP"", ""status"": ""READY"", ""detector"": ""yolo"", ""state"": ""IDLE"", ""owner"": ""Surn new"", ""score"": null, ""match_max"": 0.5, ""refs"": 18, ""match_mode"": ""none"", ""steer_zones"": 41, ""people"": 0, ""track_id"": null, ""target_ex"": 0.0, ""target_cx_vel_px_s"": 0.0, ""target_age_s"": null, ""lidar_min_m"": 1.53, ""target_lidar_m"": null, ""target_lidar_deg"": null, ""camera_rang"
2026-07-17T16:33:29.170,138.17,mission_20260717_163111_auto,AUTO,,1,13.330239295959473,100.99790954589844,-0.2399445188621215,4,True,-1.0,1,0,0,1,0,0.0,0.0,0.0,0,7,13.330212593078613,100.99787902832031,4.44064415648474,85,26.200000762939453,-1.2999999523162842,33.0,0,29,-,READY owner=Surn new refs=18,"{""cmd"": ""STOP"", ""status"": ""READY"", ""detector"": ""yolo"", ""state"": ""IDLE"", ""owner"": ""Surn new"", ""score"": null, ""match_max"": 0.5, ""refs"": 18, ""match_mode"": ""none"", ""steer_zones"": 41, ""people"": 0, ""track_id"": null, ""target_ex"": 0.0, ""target_cx_vel_px_s"": 0.0, ""target_age_s"": null, ""lidar_min_m"": 1.53, ""target_lidar_m"": null, ""target_lidar_deg"": null, ""camera_rang"
2026-07-17T16:33:30.170,139.171,mission_20260717_163111_auto,AUTO,,1,13.330239295959473,100.99790954589844,-0.23782222434052516,4,True,-1.0,1,0,0,1,0,0.0,0.0,0.0,0,7,13.330212593078613,100.99787902832031,4.44064415648474,85,26.200000762939453,-1.2999999523162842,33.0,0,29,-,READY owner=Surn new refs=18,"{""cmd"": ""STOP"", ""status"": ""READY"", ""detector"": ""yolo"", ""state"": ""IDLE"", ""owner"": ""Surn new"", ""score"": null, ""match_max"": 0.5, ""refs"": 18, ""match_mode"": ""none"", ""steer_zones"": 41, ""people"": 0, ""track_id"": null, ""target_ex"": 0.0, ""target_cx_vel_px_s"": 0.0, ""target_age_s"": null, ""lidar_min_m"": 1.53, ""target_lidar_m"": null, ""target_lidar_deg"": null, ""camera_rang"
2026-07-17T16:33:32.153,141.154,mission_20260717_163111_auto,AUTO,,1,13.330239295959473,100.99790954589844,-0.23410569429753908,4,True,-1.0,1,0,0,1,0,0.0,0.0,0.0,0,7,13.330212593078613,100.99787902832031,4.44064415648474,85,26.200000762939453,-1.2999999523162842,33.0,0,28,-,READY owner=Surn new refs=18,"{""cmd"": ""STOP"", ""status"": ""READY"", ""detector"": ""yolo"", ""state"": ""IDLE"", ""owner"": ""Surn new"", ""score"": null, ""match_max"": 0.5, ""refs"": 18, ""match_mode"": ""none"", ""steer_zones"": 41, ""people"": 0, ""track_id"": null, ""target_ex"": 0.0, ""target_cx_vel_px_s"": 0.0, ""target_age_s"": null, ""lidar_min_m"": 1.53, ""target_lidar_m"": null, ""target_lidar_deg"": null, ""camera_rang"
2026-07-17T16:33:33.156,142.156,mission_20260717_163111_auto,AUTO,,1,13.330238342285156,100.99790954589844,-0.23132804846116528,4,True,-1.0,1,0,0,1,0,0.0,0.0,0.0,0,7,13.330212593078613,100.99787902832031,4.370449677999515,85,26.200000762939453,-1.2999999523162842,33.0,0,28,-,READY owner=Surn new refs=18,"{""cmd"": ""STOP"", ""status"": ""READY"", ""detector"": ""yolo"", ""state"": ""IDLE"", ""owner"": ""Surn new"", ""score"": null, ""match_max"": 0.5, ""refs"": 18, ""match_mode"": ""none"", ""steer_zones"": 41, ""people"": 0, ""track_id"": null, ""target_ex"": 0.0, ""target_cx_vel_px_s"": 0.0, ""target_age_s"": null, ""lidar_min_m"": 1.53, ""target_lidar_m"": null, ""target_lidar_deg"": null, ""camera_rang"
2026-07-17T16:33:34.160,143.161,mission_20260717_163111_auto,AUTO,,1,13.330238342285156,100.99790954589844,-0.23307887140536285,4,True,-1.0,1,0,0,1,0,0.0,0.0,0.0,0,7,13.330212593078613,100.99787902832031,4.370449677999515,85,26.200000762939453,-1.2999999523162842,33.0,0,29,-,READY owner=Surn new refs=18,"{""cmd"": ""STOP"", ""status"": ""READY"", ""detector"": ""yolo"", ""state"": ""IDLE"", ""owner"": ""Surn new"", ""score"": null, ""match_max"": 0.5, ""refs"": 18, ""match_mode"": ""none"", ""steer_zones"": 41, ""people"": 0, ""track_id"": null, ""target_ex"": 0.0, ""target_cx_vel_px_s"": 0.0, ""target_age_s"": null, ""lidar_min_m"": 1.53, ""target_lidar_m"": null, ""target_lidar_deg"": null, ""camera_rang"
