iso_time,elapsed_s,mission_id,run_mode,event,hw_mode,lat,lng,yaw_deg,gps_fix,gps_ready,lidar_min_front_m,lidar_obstacle,pwm_l,pwm_r,enc_l,enc_r,wheel_speed_l_kph,wheel_speed_r_kph,wheel_speed_avg_kph,wp_idx,path_len,target_lat,target_lng,dist_to_target_m,battery_soc_pct,battery_voltage_v,battery_current_a,battery_temp_c,battery_status,num_sats,segment,follow_status,follow_debug
2026-07-09T13:09:31.045,0.046,mission_20260709_130931_manual,MANUAL,MISSION_START,0,13.33027458190918,100.99794006347656,149.42493639696104,4,True,0.6567500233650208,1,0,0,0,0,0.0,0.0,0.0,0,0,nan,nan,nan,,nan,nan,nan,2,29,-,SELECT OWNER FIRST,
2026-07-09T13:09:33.108,2.108,mission_20260709_130931_manual,MANUAL,,0,13.330275535583496,100.99794006347656,149.43350145418026,4,True,0.6567500233650208,1,0,0,0,0,0.0,0.0,0.0,0,0,nan,nan,nan,,nan,nan,nan,2,30,-,SELECT OWNER FIRST,
2026-07-09T13:09:35.237,4.238,mission_20260709_130931_manual,MANUAL,,0,13.330276489257812,100.99794006347656,149.44738039857373,4,True,0.6579999923706055,1,0,0,0,0,0.0,0.0,0.0,0,0,nan,nan,nan,,nan,nan,nan,2,31,-,SELECT OWNER FIRST,
2026-07-09T13:09:37.330,6.33,mission_20260709_130931_manual,MANUAL,,0,13.330277442932129,100.99794006347656,149.47915443859262,4,True,0.6567500233650208,1,0,0,0,0,0.0,0.0,0.0,0,0,nan,nan,nan,,nan,nan,nan,2,30,-,SELECT OWNER FIRST,
2026-07-09T13:09:39.404,8.404,mission_20260709_130931_manual,MANUAL,,0,13.330278396606445,100.99794006347656,149.47871730648575,4,True,0.6575000286102295,1,0,0,0,0,0.0,0.0,0.0,0,0,nan,nan,nan,,nan,nan,nan,2,27,-,SELECT OWNER FIRST,
2026-07-09T13:09:41.473,10.473,mission_20260709_130931_manual,MANUAL,,0,13.330280303955078,100.99794006347656,149.48823859018873,4,True,0.6575000286102295,1,0,0,0,0,0.0,0.0,0.0,0,0,nan,nan,nan,,nan,nan,nan,2,29,-,SELECT OWNER FIRST,
2026-07-09T13:09:43.552,12.553,mission_20260709_130931_manual,MANUAL,,0,13.330284118652344,100.99794006347656,149.5033469686328,4,True,0.656000018119812,1,0,0,0,0,0.0,0.0,0.0,0,0,nan,nan,nan,,nan,nan,nan,2,31,-,SELECT OWNER FIRST,
2026-07-09T13:09:45.643,14.643,mission_20260709_130931_manual,MANUAL,,0,13.330286026000977,100.99794006347656,149.51545006384205,4,True,0.6570000052452087,1,0,0,0,0,0.0,0.0,0.0,0,0,nan,nan,nan,,nan,nan,nan,2,31,-,SELECT OWNER FIRST,
2026-07-09T13:09:47.648,16.649,mission_20260709_130931_manual,MANUAL,,0,13.330286979675293,100.99794006347656,149.5283318006167,4,True,0.6579999923706055,1,0,0,0,0,0.0,0.0,0.0,0,0,nan,nan,nan,,nan,nan,nan,2,31,-,SELECT OWNER FIRST,
2026-07-09T13:09:49.708,18.709,mission_20260709_130931_manual,MANUAL,,0,13.33028793334961,100.99794006347656,149.53885029193853,4,True,0.65625,1,0,0,0,0,0.0,0.0,0.0,0,0,nan,nan,nan,,nan,nan,nan,2,30,-,SELECT OWNER FIRST,
2026-07-09T13:09:51.812,20.813,mission_20260709_130931_manual,MANUAL,,0,13.330288887023926,100.99794006347656,149.52768976283474,4,True,0.6570000052452087,1,0,0,0,0,0.0,0.0,0.0,0,0,nan,nan,nan,,nan,nan,nan,2,30,-,SELECT OWNER FIRST,
2026-07-09T13:09:53.891,22.892,mission_20260709_130931_manual,MANUAL,,0,13.330288887023926,100.99794006347656,149.517376177188,4,True,0.6575000286102295,1,0,0,0,0,0.0,0.0,0.0,0,0,nan,nan,nan,,nan,nan,nan,2,30,-,SELECT OWNER FIRST,
2026-07-09T13:09:56.017,25.018,mission_20260709_130931_manual,MANUAL,,0,13.330290794372559,100.99794006347656,149.51223987493216,4,True,0.6575000286102295,1,0,0,0,0,0.0,0.0,0.0,0,0,nan,nan,nan,,nan,nan,nan,2,30,-,SELECT OWNER FIRST,
2026-07-09T13:09:58.117,27.118,mission_20260709_130931_manual,MANUAL,,0,13.330292701721191,100.99794006347656,149.50527308197874,4,True,0.6577500104904175,1,0,0,0,0,0.0,0.0,0.0,0,0,nan,nan,nan,,nan,nan,nan,2,29,-,SELECT OWNER FIRST,
2026-07-09T13:10:00.245,29.245,mission_20260709_130931_manual,MANUAL,,0,13.330293655395508,100.99794006347656,149.50137987415184,4,True,0.6570000052452087,1,0,0,0,0,0.0,0.0,0.0,0,0,nan,nan,nan,,nan,nan,nan,2,29,-,SELECT OWNER FIRST,
2026-07-09T13:10:02.338,31.338,mission_20260709_130931_manual,MANUAL,,0,13.33029556274414,100.99794006347656,149.4843727031185,4,True,0.65625,1,0,0,0,0,0.0,0.0,0.0,0,0,nan,nan,nan,,nan,nan,nan,2,29,-,SELECT OWNER FIRST,
2026-07-09T13:10:04.428,33.429,mission_20260709_130931_manual,MANUAL,,0,13.330297470092773,100.99794006347656,149.47311655136633,4,True,0.6577500104904175,1,0,0,0,0,0.0,0.0,0.0,0,0,nan,nan,nan,,nan,nan,nan,2,29,-,SELECT OWNER FIRST,
2026-07-09T13:10:06.527,35.528,mission_20260709_130931_manual,MANUAL,,0,13.330299377441406,100.99794006347656,149.4624614562611,4,True,0.6575000286102295,1,0,0,0,0,0.0,0.0,0.0,0,0,nan,nan,nan,,nan,nan,nan,2,29,-,SELECT OWNER FIRST,
2026-07-09T13:10:08.590,37.591,mission_20260709_130931_manual,MANUAL,,0,13.330301284790039,100.99794006347656,149.43637013363167,4,True,0.6575000286102295,1,0,0,0,0,0.0,0.0,0.0,0,0,nan,nan,nan,,nan,nan,nan,2,29,-,SELECT OWNER FIRST,
2026-07-09T13:10:10.640,39.641,mission_20260709_130931_manual,MANUAL,,0,13.330303192138672,100.99794006347656,149.41944492486837,4,True,0.6575000286102295,1,0,0,0,0,0.0,0.0,0.0,0,0,nan,nan,nan,,nan,nan,nan,2,28,-,SELECT OWNER FIRST,
2026-07-09T13:10:12.790,41.791,mission_20260709_130931_manual,MANUAL,,0,13.330305099487305,100.99794006347656,149.40224650853827,4,True,0.6572499871253967,1,0,0,0,0,0.0,0.0,0.0,0,0,nan,nan,nan,,nan,nan,nan,2,28,-,SELECT OWNER FIRST,
2026-07-09T13:10:14.850,43.85,mission_20260709_130931_manual,MANUAL,,0,13.330307006835938,100.99794006347656,149.3895286963037,4,True,0.656499981880188,1,0,0,0,0,0.0,0.0,0.0,0,0,nan,nan,nan,,nan,nan,nan,2,28,-,SELECT OWNER FIRST,
2026-07-09T13:10:16.979,45.98,mission_20260709_130931_manual,MANUAL,,0,13.330309867858887,100.99794006347656,149.37213903467685,4,True,0.6582499742507935,1,0,0,0,0,0.0,0.0,0.0,0,0,nan,nan,nan,,nan,nan,nan,2,29,-,SELECT OWNER FIRST,
2026-07-09T13:10:19.123,48.124,mission_20260709_130931_manual,MANUAL,,0,13.330312728881836,100.99794006347656,149.3667568456109,4,True,0.656499981880188,1,0,0,0,0,0.0,0.0,0.0,0,0,nan,nan,nan,,nan,nan,nan,2,28,-,SELECT OWNER FIRST,
2026-07-09T13:10:21.186,50.187,mission_20260709_130931_manual,MANUAL,,0,13.330315589904785,100.99794006347656,149.36903812879368,4,True,0.6572499871253967,1,0,0,0,0,0.0,0.0,0.0,0,0,nan,nan,nan,,nan,nan,nan,2,29,-,SELECT OWNER FIRST,
2026-07-09T13:10:23.283,52.283,mission_20260709_130931_manual,MANUAL,,0,13.330318450927734,100.99794006347656,149.37193412900174,4,True,0.6572499871253967,1,0,0,0,0,0.0,0.0,0.0,0,0,nan,nan,nan,,nan,nan,nan,2,29,-,SELECT OWNER FIRST,
2026-07-09T13:10:25.448,54.449,mission_20260709_130931_manual,MANUAL,,0,13.33031940460205,100.99794006347656,149.37675624255579,4,True,0.6572499871253967,1,0,0,0,0,0.0,0.0,0.0,0,0,nan,nan,nan,,nan,nan,nan,2,29,-,SELECT OWNER FIRST,
2026-07-09T13:10:27.462,56.463,mission_20260709_130931_manual,MANUAL,,0,13.330321311950684,100.99794006347656,149.3772753369327,4,True,0.6570000052452087,1,0,0,0,0,0.0,0.0,0.0,0,0,nan,nan,nan,,nan,nan,nan,2,29,-,SELECT OWNER FIRST,
2026-07-09T13:10:29.630,58.63,mission_20260709_130931_manual,MANUAL,,0,13.330323219299316,100.99794006347656,149.36271337362223,4,True,0.6567500233650208,1,0,0,0,0,0.0,0.0,0.0,0,0,nan,nan,nan,,nan,nan,nan,2,29,-,SELECT OWNER FIRST,
2026-07-09T13:10:31.765,60.765,mission_20260709_130931_manual,MANUAL,,0,13.33032512664795,100.99794006347656,149.352659335164,4,True,0.6575000286102295,1,0,0,0,0,0.0,0.0,0.0,0,0,nan,nan,nan,,nan,nan,nan,2,29,-,SELECT OWNER FIRST,
2026-07-09T13:10:34.069,63.069,mission_20260709_130931_manual,MANUAL,,0,13.330327033996582,100.99794006347656,149.34682635361278,4,True,0.6575000286102295,1,0,0,0,0,0.0,0.0,0.0,0,0,nan,nan,nan,,nan,nan,nan,2,30,-,SELECT OWNER FIRST,
2026-07-09T13:10:36.247,65.248,mission_20260709_130931_manual,MANUAL,,0,13.330327987670898,100.99794006347656,149.3426326174624,4,True,0.6575000286102295,1,0,0,0,0,0.0,0.0,0.0,0,0,nan,nan,nan,,nan,nan,nan,2,30,-,SELECT OWNER FIRST,
2026-07-09T13:10:38.362,67.363,mission_20260709_130931_manual,MANUAL,,0,13.330329895019531,100.99793243408203,149.34141684379014,4,True,0.65625,1,0,0,0,0,0.0,0.0,0.0,0,0,nan,nan,nan,,nan,nan,nan,2,29,-,SELECT OWNER FIRST,
2026-07-09T13:10:40.380,69.38,mission_20260709_130931_manual,MANUAL,,0,13.330330848693848,100.99793243408203,149.32973722030943,4,True,0.6577500104904175,1,0,0,0,0,0.0,0.0,0.0,0,0,nan,nan,nan,,nan,nan,nan,2,29,-,SELECT OWNER FIRST,
2026-07-09T13:10:42.425,71.425,mission_20260709_130931_manual,MANUAL,,0,13.330331802368164,100.99793243408203,149.32364469156977,4,True,0.6582499742507935,1,0,0,0,0,0.0,0.0,0.0,0,0,nan,nan,nan,,nan,nan,nan,2,29,-,SELECT OWNER FIRST,
2026-07-09T13:10:44.436,73.437,mission_20260709_130931_manual,MANUAL,,0,13.33033275604248,100.99793243408203,149.31163721900887,4,True,0.6572499871253967,1,0,0,0,0,0.0,0.0,0.0,0,0,nan,nan,nan,,nan,nan,nan,2,29,-,SELECT OWNER FIRST,
2026-07-09T13:10:46.560,75.56,mission_20260709_130931_manual,MANUAL,,0,13.33033275604248,100.99793243408203,149.3047523883255,4,True,0.6570000052452087,1,0,0,0,0,0.0,0.0,0.0,0,0,nan,nan,nan,,nan,nan,nan,2,29,-,SELECT OWNER FIRST,
2026-07-09T13:10:48.755,77.756,mission_20260709_130931_manual,MANUAL,,0,13.33033275604248,100.99793243408203,149.2871031795102,4,True,0.6577500104904175,1,0,0,0,0,0.0,0.0,0.0,0,0,nan,nan,nan,,nan,nan,nan,2,29,-,SELECT OWNER FIRST,
2026-07-09T13:10:50.769,79.769,mission_20260709_130931_manual,MANUAL,,0,13.33033275604248,100.99793243408203,149.27678959386347,4,True,0.6575000286102295,1,0,0,0,0,0.0,0.0,0.0,0,0,nan,nan,nan,,nan,nan,nan,2,29,-,SELECT OWNER FIRST,
2026-07-09T13:10:53.396,82.397,mission_20260709_130931_manual,MANUAL,,0,13.33033275604248,100.9979248046875,149.27528695224606,4,True,0.6570000052452087,1,0,0,0,0,0.0,0.0,0.0,0,0,nan,nan,nan,,nan,nan,nan,2,28,-,SELECT OWNER FIRST,
2026-07-09T13:10:55.584,84.584,mission_20260709_130931_manual,MANUAL,,0,13.33033275604248,100.9979248046875,149.273797971007,4,True,0.6572499871253967,1,0,0,0,0,0.0,0.0,0.0,0,0,nan,nan,nan,,nan,nan,nan,2,29,-,SELECT OWNER FIRST,
2026-07-09T13:10:57.613,86.614,mission_20260709_130931_manual,MANUAL,,0,13.33033275604248,100.9979248046875,149.26918076312808,4,True,0.6579999923706055,1,0,0,0,0,0.0,0.0,0.0,0,0,nan,nan,nan,,nan,nan,nan,2,29,-,SELECT OWNER FIRST,
2026-07-09T13:10:59.736,88.737,mission_20260709_130931_manual,MANUAL,,0,13.330331802368164,100.9979248046875,149.26433132881738,4,True,0.6572499871253967,1,0,0,0,0,0.0,0.0,0.0,0,0,nan,nan,nan,,nan,nan,nan,2,30,-,SELECT OWNER FIRST,
2026-07-09T13:11:01.750,90.75,mission_20260709_130931_manual,MANUAL,,0,13.330330848693848,100.99791717529297,149.26780106491574,4,True,0.6577500104904175,1,0,0,0,0,0.0,0.0,0.0,0,0,nan,nan,nan,,nan,nan,nan,2,29,-,SELECT OWNER FIRST,
2026-07-09T13:11:03.763,92.764,mission_20260709_130931_manual,MANUAL,,0,13.330328941345215,100.99791717529297,149.25571163008482,4,True,0.6570000052452087,1,0,0,0,0,0.0,0.0,0.0,0,0,nan,nan,nan,,nan,nan,nan,2,29,-,SELECT OWNER FIRST,
2026-07-09T13:11:05.904,94.904,mission_20260709_130931_manual,MANUAL,,0,13.330327987670898,100.99791717529297,149.2555067244097,4,True,0.6572499871253967,1,0,0,0,0,0.0,0.0,0.0,0,0,nan,nan,nan,,nan,nan,nan,2,29,-,SELECT OWNER FIRST,
2026-07-09T13:11:08.025,97.026,mission_20260709_130931_manual,MANUAL,,0,13.330327033996582,100.99791717529297,149.25194136566296,4,True,0.6570000052452087,1,0,0,0,0,0.0,0.0,0.0,0,0,nan,nan,nan,,nan,nan,nan,2,29,-,SELECT OWNER FIRST,
2026-07-09T13:11:10.059,99.059,mission_20260709_130931_manual,MANUAL,,0,13.330326080322266,100.99790954589844,149.25296589403848,4,True,0.6570000052452087,1,0,0,0,0,0.0,0.0,0.0,0,0,nan,nan,nan,,nan,nan,nan,2,29,-,SELECT OWNER FIRST,
2026-07-09T13:11:12.060,101.06,mission_20260709_130931_manual,MANUAL,,0,13.33032512664795,100.99790954589844,149.25862129067124,4,True,0.6575000286102295,1,0,0,0,0,0.0,0.0,0.0,0,0,nan,nan,nan,,nan,nan,nan,2,28,-,SELECT OWNER FIRST,
2026-07-09T13:11:14.320,103.32,mission_20260709_130931_manual,MANUAL,,0,13.330324172973633,100.99790954589844,149.25651759240688,4,True,0.6572499871253967,1,0,0,0,0,0.0,0.0,0.0,0,0,nan,nan,nan,,nan,nan,nan,2,28,-,SELECT OWNER FIRST,
2026-07-09T13:11:16.755,105.756,mission_20260709_130931_manual,MANUAL,,0,13.330324172973633,100.99790954589844,149.24979668626358,4,True,0.6570000052452087,1,0,0,0,0,0.0,0.0,0.0,0,0,nan,nan,nan,,nan,nan,nan,2,29,-,SELECT OWNER FIRST,
2026-07-09T13:11:18.921,107.921,mission_20260709_130931_manual,MANUAL,,0,13.330324172973633,100.99790954589844,149.24766566724256,4,True,0.6577500104904175,1,0,0,0,0,0.0,0.0,0.0,0,0,nan,nan,nan,,nan,nan,nan,2,29,-,SELECT OWNER FIRST,
2026-07-09T13:11:21.067,110.067,mission_20260709_130931_manual,MANUAL,,0,13.330323219299316,100.99790954589844,149.24791155405268,4,True,0.6579999923706055,1,0,0,0,0,0.0,0.0,0.0,0,0,nan,nan,nan,,nan,nan,nan,2,29,-,SELECT OWNER FIRST,
2026-07-09T13:11:23.073,112.074,mission_20260709_130931_manual,MANUAL,,0,13.330322265625,100.99790954589844,149.24281623293183,4,True,0.6572499871253967,1,0,0,0,0,0.0,0.0,0.0,0,0,nan,nan,nan,,nan,nan,nan,2,29,-,SELECT OWNER FIRST,
2026-07-09T13:11:25.130,114.13,mission_20260709_130931_manual,MANUAL,,0,13.330321311950684,100.99790954589844,149.23427849646933,4,True,0.6575000286102295,1,0,0,0,0,0.0,0.0,0.0,0,0,nan,nan,nan,,nan,nan,nan,2,29,-,SELECT OWNER FIRST,
2026-07-09T13:11:27.384,116.384,mission_20260709_130931_manual,MANUAL,,0,13.330320358276367,100.99790954589844,149.22778981675782,4,True,0.6579999923706055,1,0,0,0,0,0.0,0.0,0.0,0,0,nan,nan,nan,,nan,nan,nan,2,30,-,SELECT OWNER FIRST,
2026-07-09T13:11:29.389,118.389,mission_20260709_130931_manual,MANUAL,,0,13.330318450927734,100.99790954589844,149.22317260887888,4,True,0.6577500104904175,1,0,0,0,0,0.0,0.0,0.0,0,0,nan,nan,nan,,nan,nan,nan,2,30,-,SELECT OWNER FIRST,
2026-07-09T13:11:31.463,120.463,mission_20260709_130931_manual,MANUAL,,0,13.330316543579102,100.99790954589844,149.2324889869068,4,True,0.6572499871253967,1,0,0,0,0,0.0,0.0,0.0,0,0,nan,nan,nan,,nan,nan,nan,2,30,-,SELECT OWNER FIRST,
2026-07-09T13:11:33.596,122.597,mission_20260709_130931_manual,MANUAL,,0,13.330314636230469,100.99790954589844,149.24221517628487,4,True,0.6572499871253967,1,0,0,0,0,0.0,0.0,0.0,0,0,nan,nan,nan,,nan,nan,nan,2,30,-,SELECT OWNER FIRST,
2026-07-09T13:11:35.632,124.633,mission_20260709_130931_manual,MANUAL,,0,13.330313682556152,100.99790954589844,149.2589491397514,4,True,0.6577500104904175,1,0,0,0,0,0.0,0.0,0.0,0,0,nan,nan,nan,,nan,nan,nan,2,30,-,SELECT OWNER FIRST,
2026-07-09T13:11:37.711,126.711,mission_20260709_130931_manual,MANUAL,,0,13.330312728881836,100.99790954589844,149.27187185766107,4,True,0.6572499871253967,1,0,0,0,0,0.0,0.0,0.0,0,0,nan,nan,nan,,nan,nan,nan,2,30,-,SELECT OWNER FIRST,
2026-07-09T13:11:39.875,128.875,mission_20260709_130931_manual,MANUAL,,0,13.330310821533203,100.99790954589844,149.27463125408576,4,True,0.6575000286102295,1,0,0,0,0,0.0,0.0,0.0,0,0,nan,nan,nan,,nan,nan,nan,2,31,-,SELECT OWNER FIRST,
2026-07-09T13:11:42.006,131.007,mission_20260709_130931_manual,MANUAL,,0,13.330309867858887,100.99790954589844,149.27827857510255,4,True,0.6570000052452087,1,0,0,0,0,0.0,0.0,0.0,0,0,nan,nan,nan,,nan,nan,nan,2,31,-,SELECT OWNER FIRST,
2026-07-09T13:11:44.032,133.032,mission_20260709_130931_manual,MANUAL,,0,13.330307960510254,100.99790954589844,149.28460333027397,4,True,0.6577500104904175,1,0,0,0,0,0.0,0.0,0.0,0,0,nan,nan,nan,,nan,nan,nan,2,31,-,SELECT OWNER FIRST,
2026-07-09T13:11:46.084,135.085,mission_20260709_130931_manual,MANUAL,,0,13.330306053161621,100.99790954589844,149.28240400936122,4,True,0.6575000286102295,1,0,0,0,0,0.0,0.0,0.0,0,0,nan,nan,nan,,nan,nan,nan,2,30,-,SELECT OWNER FIRST,
2026-07-09T13:11:48.141,137.141,mission_20260709_130931_manual,MANUAL,,0,13.330305099487305,100.99790954589844,149.2803822733669,4,True,0.6572499871253967,1,0,0,0,0,0.0,0.0,0.0,0,0,nan,nan,nan,,nan,nan,nan,2,31,-,SELECT OWNER FIRST,
2026-07-09T13:11:50.261,139.261,mission_20260709_130931_manual,MANUAL,,0,13.330304145812988,100.99790954589844,149.27975389596327,4,True,0.6582499742507935,1,0,0,0,0,0.0,0.0,0.0,0,0,nan,nan,nan,,nan,nan,nan,2,30,-,SELECT OWNER FIRST,
2026-07-09T13:11:52.335,141.335,mission_20260709_130931_manual,MANUAL,,0,13.330302238464355,100.99790954589844,149.28904295323449,4,True,0.6579999923706055,1,0,0,0,0,0.0,0.0,0.0,0,0,nan,nan,nan,,nan,nan,nan,2,30,-,SELECT OWNER FIRST,
2026-07-09T13:11:54.483,143.484,mission_20260709_130931_manual,MANUAL,,0,13.330300331115723,100.99790954589844,149.30323608632978,4,True,0.6577500104904175,1,0,0,0,0,0.0,0.0,0.0,0,0,nan,nan,nan,,nan,nan,nan,2,30,-,SELECT OWNER FIRST,
2026-07-09T13:11:56.549,145.549,mission_20260709_130931_manual,MANUAL,,0,13.330299377441406,100.99790954589844,149.31811223834205,4,True,0.656499981880188,1,0,0,0,0,0.0,0.0,0.0,0,0,nan,nan,nan,,nan,nan,nan,2,30,-,SELECT OWNER FIRST,
2026-07-09T13:11:58.574,147.574,mission_20260709_130931_manual,MANUAL,,0,13.33029842376709,100.99790954589844,149.3294503523643,4,True,0.6577500104904175,1,0,0,0,0,0.0,0.0,0.0,0,0,nan,nan,nan,,nan,nan,nan,2,30,-,SELECT OWNER FIRST,
2026-07-09T13:12:00.687,149.688,mission_20260709_130931_manual,MANUAL,,0,13.330297470092773,100.99790954589844,149.34248235330065,4,True,0.6570000052452087,1,0,0,0,0,0.0,0.0,0.0,0,0,nan,nan,nan,,nan,nan,nan,2,30,-,SELECT OWNER FIRST,
2026-07-09T13:12:02.765,151.765,mission_20260709_130931_manual,MANUAL,,0,13.330296516418457,100.99790954589844,149.355432391967,4,True,0.6572499871253967,1,0,0,0,0,0.0,0.0,0.0,0,0,nan,nan,nan,,nan,nan,nan,2,29,-,SELECT OWNER FIRST,
2026-07-09T13:12:04.922,153.922,mission_20260709_130931_manual,MANUAL,,0,13.33029556274414,100.99790954589844,149.3715106572732,4,True,0.6570000052452087,1,0,0,0,0,0.0,0.0,0.0,0,0,nan,nan,nan,,nan,nan,nan,2,29,-,SELECT OWNER FIRST,
2026-07-09T13:12:06.949,155.949,mission_20260709_130931_manual,MANUAL,,0,13.330294609069824,100.99791717529297,149.38619556398874,4,True,0.6582499742507935,1,0,0,0,0,0.0,0.0,0.0,0,0,nan,nan,nan,,nan,nan,nan,2,29,-,SELECT OWNER FIRST,
2026-07-09T13:12:08.997,157.997,mission_20260709_130931_manual,MANUAL,,0,13.330294609069824,100.99791717529297,149.389460394412,4,True,0.6572499871253967,1,0,0,0,0,0.0,0.0,0.0,0,0,nan,nan,nan,,nan,nan,nan,2,28,-,SELECT OWNER FIRST,
2026-07-09T13:12:10.998,159.999,mission_20260709_130931_manual,MANUAL,,0,13.330294609069824,100.99791717529297,149.3832449222673,4,True,0.6567500233650208,1,0,0,0,0,0.0,0.0,0.0,0,0,nan,nan,nan,,nan,nan,nan,2,28,-,SELECT OWNER FIRST,
2026-07-09T13:12:13.001,162.001,mission_20260709_130931_manual,MANUAL,,0,13.330293655395508,100.99791717529297,149.36954356279224,4,True,0.6575000286102295,1,0,0,0,0,0.0,0.0,0.0,0,0,nan,nan,nan,,nan,nan,nan,2,28,-,SELECT OWNER FIRST,
2026-07-09T13:12:15.054,164.055,mission_20260709_130931_manual,MANUAL,,0,13.330292701721191,100.99791717529297,149.3666202418275,4,True,0.6575000286102295,1,0,0,0,0,0.0,0.0,0.0,0,0,nan,nan,nan,,nan,nan,nan,2,27,-,SELECT OWNER FIRST,
2026-07-09T13:12:17.292,166.292,mission_20260709_130931_manual,MANUAL,,0,13.330291748046875,100.99791717529297,149.36448922280644,4,True,0.6577500104904175,1,0,0,0,0,0.0,0.0,0.0,0,0,nan,nan,nan,,nan,nan,nan,2,28,-,SELECT OWNER FIRST,
2026-07-09T13:12:19.308,168.308,mission_20260709_130931_manual,MANUAL,,0,13.330290794372559,100.99791717529297,149.37006265716917,4,True,0.6572499871253967,1,0,0,0,0,0.0,0.0,0.0,0,0,nan,nan,nan,,nan,nan,nan,2,29,-,SELECT OWNER FIRST,
2026-07-09T13:12:21.452,170.452,mission_20260709_130931_manual,MANUAL,,0,13.330290794372559,100.99791717529297,149.38159201648816,4,True,0.6567500233650208,1,0,0,0,0,0.0,0.0,0.0,0,0,nan,nan,nan,,nan,nan,nan,2,29,-,SELECT OWNER FIRST,
2026-07-09T13:12:23.458,172.458,mission_20260709_130931_manual,MANUAL,,0,13.330289840698242,100.99791717529297,149.38166031837986,4,True,0.6577500104904175,1,0,0,0,0,0.0,0.0,0.0,0,0,nan,nan,nan,,nan,nan,nan,2,29,-,SELECT OWNER FIRST,
2026-07-09T13:12:25.604,174.604,mission_20260709_130931_manual,MANUAL,,0,13.330288887023926,100.99791717529297,149.39514311180145,4,True,0.6579999923706055,1,0,0,0,0,0.0,0.0,0.0,0,0,nan,nan,nan,,nan,nan,nan,2,29,-,SELECT OWNER FIRST,
2026-07-09T13:12:27.623,176.624,mission_20260709_130931_manual,MANUAL,,0,13.330288887023926,100.99791717529297,149.39808009314456,4,True,0.6567500233650208,1,0,0,0,0,0.0,0.0,0.0,0,0,nan,nan,nan,,nan,nan,nan,2,29,-,SELECT OWNER FIRST,
2026-07-09T13:12:29.706,178.706,mission_20260709_130931_manual,MANUAL,,0,13.33028793334961,100.99791717529297,149.39444643250613,4,True,0.6572499871253967,1,0,0,0,0,0.0,0.0,0.0,0,0,nan,nan,nan,,nan,nan,nan,2,29,-,SELECT OWNER FIRST,
2026-07-09T13:12:31.718,180.718,mission_20260709_130931_manual,MANUAL,,0,13.33028793334961,100.99791717529297,149.3938590362375,4,True,0.6575000286102295,1,0,0,0,0,0.0,0.0,0.0,0,0,nan,nan,nan,,nan,nan,nan,2,29,-,SELECT OWNER FIRST,
2026-07-09T13:12:33.772,182.772,mission_20260709_130931_manual,MANUAL,,0,13.330289840698242,100.99791717529297,149.3951157910448,4,True,0.65625,1,0,0,0,0,0.0,0.0,0.0,0,0,nan,nan,nan,,nan,nan,nan,2,28,-,SELECT OWNER FIRST,
2026-07-09T13:12:35.806,184.806,mission_20260709_130931_manual,MANUAL,,0,13.330290794372559,100.99790954589844,149.4048829615579,4,True,0.6570000052452087,1,0,0,0,0,0.0,0.0,0.0,0,0,nan,nan,nan,,nan,nan,nan,2,28,-,SELECT OWNER FIRST,
2026-07-09T13:12:37.867,186.868,mission_20260709_130931_manual,MANUAL,,0,13.330290794372559,100.99790954589844,149.42455390636752,4,True,0.6572499871253967,1,0,0,0,0,0.0,0.0,0.0,0,0,nan,nan,nan,,nan,nan,nan,2,28,-,SELECT OWNER FIRST,
2026-07-09T13:12:39.906,188.906,mission_20260709_130931_manual,MANUAL,,0,13.330291748046875,100.99790954589844,149.42525058566287,4,True,0.6572499871253967,1,0,0,0,0,0.0,0.0,0.0,0,0,nan,nan,nan,,nan,nan,nan,2,28,-,SELECT OWNER FIRST,
2026-07-09T13:12:42.140,191.14,mission_20260709_130931_manual,MANUAL,,0,13.330291748046875,100.99790954589844,149.42564673663475,4,True,0.6567500233650208,1,0,0,0,0,0.0,0.0,0.0,0,0,nan,nan,nan,,nan,nan,nan,2,28,-,SELECT OWNER FIRST,
2026-07-09T13:12:44.193,193.194,mission_20260709_130931_manual,MANUAL,,0,13.330291748046875,100.99790954589844,149.4256740573914,4,True,0.6570000052452087,1,0,0,0,0,0.0,0.0,0.0,0,0,nan,nan,nan,,nan,nan,nan,2,28,-,SELECT OWNER FIRST,
2026-07-09T13:12:46.324,195.324,mission_20260709_130931_manual,MANUAL,,0,13.330290794372559,100.99790954589844,149.40593481069007,4,True,0.6570000052452087,1,0,0,0,0,0.0,0.0,0.0,0,0,nan,nan,nan,,nan,nan,nan,2,29,-,SELECT OWNER FIRST,
2026-07-09T13:12:48.441,197.441,mission_20260709_130931_manual,MANUAL,,0,13.330289840698242,100.99790954589844,149.38257556372864,4,True,0.6579999923706055,1,0,0,0,0,0.0,0.0,0.0,0,0,nan,nan,nan,,nan,nan,nan,2,30,-,SELECT OWNER FIRST,
2026-07-09T13:12:50.483,199.484,mission_20260709_130931_manual,MANUAL,,0,13.330289840698242,100.99790954589844,149.36205767546193,4,True,0.656499981880188,1,0,0,0,0,0.0,0.0,0.0,0,0,nan,nan,nan,,nan,nan,nan,2,30,-,SELECT OWNER FIRST,
2026-07-09T13:12:52.579,201.579,mission_20260709_130931_manual,MANUAL,,0,13.330288887023926,100.99790954589844,149.34184031551868,4,True,0.6567500233650208,1,0,0,0,0,0.0,0.0,0.0,0,0,nan,nan,nan,,nan,nan,nan,2,30,-,SELECT OWNER FIRST,
2026-07-09T13:12:54.677,203.678,mission_20260709_130931_manual,MANUAL,,0,13.33028793334961,100.99790954589844,149.33032461657803,4,True,0.6567500233650208,1,0,0,0,0,0.0,0.0,0.0,0,0,nan,nan,nan,,nan,nan,nan,2,30,-,SELECT OWNER FIRST,
2026-07-09T13:12:56.708,205.709,mission_20260709_130931_manual,MANUAL,,0,13.33028793334961,100.99790954589844,149.3196968422295,4,True,0.6570000052452087,1,0,0,0,0,0.0,0.0,0.0,0,0,nan,nan,nan,,nan,nan,nan,2,30,-,SELECT OWNER FIRST,
2026-07-09T13:12:58.733,207.734,mission_20260709_130931_manual,MANUAL,,0,13.33028793334961,100.99790954589844,149.31286665305947,4,True,0.6572499871253967,1,0,0,0,0,0.0,0.0,0.0,0,0,nan,nan,nan,,nan,nan,nan,2,30,-,SELECT OWNER FIRST,
2026-07-09T13:13:00.749,209.75,mission_20260709_130931_manual,MANUAL,,0,13.33028793334961,100.99791717529297,149.2997663502314,4,True,0.6575000286102295,1,0,0,0,0,0.0,0.0,0.0,0,0,nan,nan,nan,,nan,nan,nan,2,29,-,SELECT OWNER FIRST,
2026-07-09T13:13:02.800,211.8,mission_20260709_130931_manual,MANUAL,,0,13.33028793334961,100.99791717529297,149.28732174556364,4,True,0.6572499871253967,1,0,0,0,0,0.0,0.0,0.0,0,0,nan,nan,nan,,nan,nan,nan,2,30,-,SELECT OWNER FIRST,
2026-07-09T13:13:04.921,213.922,mission_20260709_130931_manual,MANUAL,,0,13.330286979675293,100.99791717529297,149.2853000095693,4,True,0.6572499871253967,1,0,0,0,0,0.0,0.0,0.0,0,0,nan,nan,nan,,nan,nan,nan,2,30,-,SELECT OWNER FIRST,
2026-07-09T13:13:06.998,215.998,mission_20260709_130931_manual,MANUAL,,0,13.33028793334961,100.99791717529297,149.27588800889305,4,True,0.6575000286102295,1,0,0,0,0,0.0,0.0,0.0,0,0,nan,nan,nan,,nan,nan,nan,2,30,-,SELECT OWNER FIRST,
2026-07-09T13:13:09.138,218.139,mission_20260709_130931_manual,MANUAL,,0,13.33028793334961,100.99791717529297,149.26704974410703,4,True,0.6570000052452087,1,0,0,0,0,0.0,0.0,0.0,0,0,nan,nan,nan,,nan,nan,nan,2,30,-,SELECT OWNER FIRST,
2026-07-09T13:13:11.157,220.158,mission_20260709_130931_manual,MANUAL,,0,13.33028793334961,100.99791717529297,149.2632111777935,4,True,0.6575000286102295,1,0,0,0,0,0.0,0.0,0.0,0,0,nan,nan,nan,,nan,nan,nan,2,30,-,SELECT OWNER FIRST,
2026-07-09T13:13:13.292,222.293,mission_20260709_130931_manual,MANUAL,,0,13.33028793334961,100.99791717529297,149.26778740453742,4,True,0.6579999923706055,1,0,0,0,0,0.0,0.0,0.0,0,0,nan,nan,nan,,nan,nan,nan,2,31,-,SELECT OWNER FIRST,
2026-07-09T13:13:15.441,224.442,mission_20260709_130931_manual,MANUAL,,0,13.330286979675293,100.99791717529297,149.27241827279468,4,True,0.6570000052452087,1,0,0,0,0,0.0,0.0,0.0,0,0,nan,nan,nan,,nan,nan,nan,2,31,-,SELECT OWNER FIRST,
2026-07-09T13:13:17.503,226.504,mission_20260709_130931_manual,MANUAL,,0,13.33028793334961,100.9979248046875,149.28058717904202,4,True,0.6570000052452087,1,0,0,0,0,0.0,0.0,0.0,0,0,nan,nan,nan,,nan,nan,nan,2,31,-,SELECT OWNER FIRST,
2026-07-09T13:13:19.610,228.611,mission_20260709_130931_manual,MANUAL,,0,13.330288887023926,100.9979248046875,149.29484861402898,4,True,0.6575000286102295,1,0,0,0,0,0.0,0.0,0.0,0,0,nan,nan,nan,,nan,nan,nan,2,31,-,SELECT OWNER FIRST,
2026-07-09T13:13:21.667,230.668,mission_20260709_130931_manual,MANUAL,,0,13.330289840698242,100.9979248046875,149.30173344471237,4,True,0.6579999923706055,1,0,0,0,0,0.0,0.0,0.0,0,0,nan,nan,nan,,nan,nan,nan,2,31,-,SELECT OWNER FIRST,
2026-07-09T13:13:23.759,232.759,mission_20260709_130931_manual,MANUAL,,0,13.330290794372559,100.9979248046875,149.31424635127183,4,True,0.6567500233650208,1,0,0,0,0,0.0,0.0,0.0,0,0,nan,nan,nan,,nan,nan,nan,2,31,-,SELECT OWNER FIRST,
2026-07-09T13:13:25.859,234.859,mission_20260709_130931_manual,MANUAL,,0,13.330290794372559,100.9979248046875,149.3122246152775,4,True,0.6570000052452087,1,0,0,0,0,0.0,0.0,0.0,0,0,nan,nan,nan,,nan,nan,nan,2,31,-,SELECT OWNER FIRST,
2026-07-09T13:13:27.954,236.954,mission_20260709_130931_manual,MANUAL,,0,13.330290794372559,100.9979248046875,149.30603646388948,4,True,0.6572499871253967,1,0,0,0,0,0.0,0.0,0.0,0,0,nan,nan,nan,,nan,nan,nan,2,31,-,SELECT OWNER FIRST,
2026-07-09T13:13:30.048,239.049,mission_20260709_130931_manual,MANUAL,,0,13.330290794372559,100.9979248046875,149.29762167083203,4,True,0.6577500104904175,1,0,0,0,0,0.0,0.0,0.0,0,0,nan,nan,nan,,nan,nan,nan,2,30,-,SELECT OWNER FIRST,
2026-07-09T13:13:32.054,241.055,mission_20260709_130931_manual,MANUAL,,0,13.330291748046875,100.9979248046875,149.27837419775094,4,True,0.6572499871253967,1,0,0,0,0,0.0,0.0,0.0,0,0,nan,nan,nan,,nan,nan,nan,2,30,-,SELECT OWNER FIRST,
2026-07-09T13:13:34.155,243.155,mission_20260709_130931_manual,MANUAL,,0,13.330290794372559,100.99793243408203,149.27172159349934,4,True,0.656499981880188,1,0,0,0,0,0.0,0.0,0.0,0,0,nan,nan,nan,,nan,nan,nan,2,30,-,SELECT OWNER FIRST,
2026-07-09T13:13:36.214,245.215,mission_20260709_130931_manual,MANUAL,,0,13.330290794372559,100.99793243408203,149.2693993291815,4,True,0.65625,1,0,0,0,0,0.0,0.0,0.0,0,0,nan,nan,nan,,nan,nan,nan,2,30,-,SELECT OWNER FIRST,
2026-07-09T13:13:38.250,247.25,mission_20260709_130931_manual,MANUAL,,0,13.330290794372559,100.99793243408203,149.26392151746717,4,True,0.6570000052452087,1,0,0,0,0,0.0,0.0,0.0,0,0,nan,nan,nan,,nan,nan,nan,2,30,-,SELECT OWNER FIRST,
2026-07-09T13:13:40.346,249.347,mission_20260709_130931_manual,MANUAL,,0,13.330289840698242,100.99793243408203,149.25267902609335,4,True,0.6567500233650208,1,0,0,0,0,0.0,0.0,0.0,0,0,nan,nan,nan,,nan,nan,nan,2,30,-,SELECT OWNER FIRST,
2026-07-09T13:13:42.469,251.47,mission_20260709_130931_manual,MANUAL,,0,13.330289840698242,100.99793243408203,149.24859457296967,4,True,0.6572499871253967,1,0,0,0,0,0.0,0.0,0.0,0,0,nan,nan,nan,,nan,nan,nan,2,30,-,SELECT OWNER FIRST,
2026-07-09T13:13:44.584,253.584,mission_20260709_130931_manual,MANUAL,,0,13.330289840698242,100.99793243408203,149.24552098784315,4,True,0.6585000157356262,1,0,0,0,0,0.0,0.0,0.0,0,0,nan,nan,nan,,nan,nan,nan,2,30,-,SELECT OWNER FIRST,
2026-07-09T13:13:46.611,255.611,mission_20260709_130931_manual,MANUAL,,0,13.330289840698242,100.99794006347656,149.25687276224372,4,True,0.6570000052452087,1,0,0,0,0,0.0,0.0,0.0,0,0,nan,nan,nan,,nan,nan,nan,2,30,-,SELECT OWNER FIRST,
2026-07-09T13:13:48.673,257.674,mission_20260709_130931_manual,MANUAL,,0,13.330289840698242,100.99794006347656,149.2735930653319,4,True,0.6572499871253967,1,0,0,0,0,0.0,0.0,0.0,0,0,nan,nan,nan,,nan,nan,nan,2,29,-,SELECT OWNER FIRST,
2026-07-09T13:13:50.762,259.762,mission_20260709_130931_manual,MANUAL,,0,13.330289840698242,100.99794006347656,149.2879228022106,4,True,0.6582499742507935,1,0,0,0,0,0.0,0.0,0.0,0,0,nan,nan,nan,,nan,nan,nan,2,30,-,SELECT OWNER FIRST,
2026-07-09T13:13:52.805,261.806,mission_20260709_130931_manual,MANUAL,,0,13.330289840698242,100.99794006347656,149.29510816121746,4,True,0.6575000286102295,1,0,0,0,0,0.0,0.0,0.0,0,0,nan,nan,nan,,nan,nan,nan,2,30,-,SELECT OWNER FIRST,
2026-07-09T13:13:54.862,263.863,mission_20260709_130931_manual,MANUAL,,0,13.330289840698242,100.99794006347656,149.29203457609094,4,True,0.6579999923706055,1,0,0,0,0,0.0,0.0,0.0,0,0,nan,nan,nan,,nan,nan,nan,2,30,-,SELECT OWNER FIRST,
2026-07-09T13:13:56.966,265.966,mission_20260709_130931_manual,MANUAL,,0,13.330290794372559,100.99794006347656,149.29618733110632,4,True,0.6570000052452087,1,0,0,0,0,0.0,0.0,0.0,0,0,nan,nan,nan,,nan,nan,nan,2,30,-,SELECT OWNER FIRST,
2026-07-09T13:13:59.034,268.034,mission_20260709_130931_manual,MANUAL,,0,13.330290794372559,100.99794006347656,149.29363284035674,4,True,0.6575000286102295,1,0,0,0,0,0.0,0.0,0.0,0,0,nan,nan,nan,,nan,nan,nan,2,30,-,SELECT OWNER FIRST,
2026-07-09T13:14:01.079,270.08,mission_20260709_130931_manual,MANUAL,,0,13.330290794372559,100.99794006347656,149.2790162355329,4,True,0.6570000052452087,1,0,0,0,0,0.0,0.0,0.0,0,0,nan,nan,nan,,nan,nan,nan,2,30,-,SELECT OWNER FIRST,
2026-07-09T13:14:03.136,272.136,mission_20260709_130931_manual,MANUAL,,0,13.330291748046875,100.99794006347656,149.27329253700844,4,True,0.6570000052452087,1,0,0,0,0,0.0,0.0,0.0,0,0,nan,nan,nan,,nan,nan,nan,2,30,-,SELECT OWNER FIRST,
2026-07-09T13:14:05.175,274.175,mission_20260709_130931_manual,MANUAL,,0,13.330291748046875,100.99794006347656,149.26904415934467,4,True,0.6570000052452087,1,0,0,0,0,0.0,0.0,0.0,0,0,nan,nan,nan,,nan,nan,nan,2,30,-,SELECT OWNER FIRST,
2026-07-09T13:14:07.229,276.229,mission_20260709_130931_manual,MANUAL,,0,13.330291748046875,100.99794006347656,149.2591950265615,4,True,0.6572499871253967,1,0,0,0,0,0.0,0.0,0.0,0,0,nan,nan,nan,,nan,nan,nan,2,30,-,SELECT OWNER FIRST,
2026-07-09T13:14:09.344,278.344,mission_20260709_130931_manual,MANUAL,,0,13.330291748046875,100.99794006347656,149.2619544229862,4,True,0.6567500233650208,1,0,0,0,0,0.0,0.0,0.0,0,0,nan,nan,nan,,nan,nan,nan,2,30,-,SELECT OWNER FIRST,
2026-07-09T13:14:11.484,280.485,mission_20260709_130931_manual,MANUAL,,0,13.330292701721191,100.9979476928711,149.26750053659225,4,True,0.6567500233650208,1,0,0,0,0,0.0,0.0,0.0,0,0,nan,nan,nan,,nan,nan,nan,2,30,-,SELECT OWNER FIRST,
2026-07-09T13:14:13.533,282.534,mission_20260709_130931_manual,MANUAL,,0,13.330291748046875,100.9979476928711,149.2720221218228,4,True,0.6570000052452087,1,0,0,0,0,0.0,0.0,0.0,0,0,nan,nan,nan,,nan,nan,nan,2,30,-,SELECT OWNER FIRST,
2026-07-09T13:14:15.575,284.576,mission_20260709_130931_manual,MANUAL,,0,13.330291748046875,100.9979476928711,149.2881550286424,4,True,0.6575000286102295,1,0,0,0,0,0.0,0.0,0.0,0,0,nan,nan,nan,,nan,nan,nan,2,29,-,SELECT OWNER FIRST,
2026-07-09T13:14:17.608,286.609,mission_20260709_130931_manual,MANUAL,,0,13.330290794372559,100.9979476928711,149.30278529384455,4,True,0.6567500233650208,1,0,0,0,0,0.0,0.0,0.0,0,0,nan,nan,nan,,nan,nan,nan,2,29,-,SELECT OWNER FIRST,
2026-07-09T13:14:19.628,288.628,mission_20260709_130931_manual,MANUAL,,0,13.330290794372559,100.9979476928711,149.31374091727324,4,True,0.6570000052452087,1,0,0,0,0,0.0,0.0,0.0,0,0,nan,nan,nan,,nan,nan,nan,2,29,-,SELECT OWNER FIRST,
2026-07-09T13:14:21.642,290.642,mission_20260709_130931_manual,MANUAL,,0,13.330290794372559,100.9979476928711,149.322087408439,4,True,0.6572499871253967,1,0,0,0,0,0.0,0.0,0.0,0,0,nan,nan,nan,,nan,nan,nan,2,29,-,SELECT OWNER FIRST,
2026-07-09T13:14:23.716,292.717,mission_20260709_130931_manual,MANUAL,,0,13.330290794372559,100.9979476928711,149.31476544564876,4,True,0.6567500233650208,1,0,0,0,0,0.0,0.0,0.0,0,0,nan,nan,nan,,nan,nan,nan,2,29,-,SELECT OWNER FIRST,
2026-07-09T13:14:25.792,294.793,mission_20260709_130931_manual,MANUAL,,0,13.330289840698242,100.9979476928711,149.32203276692564,4,True,0.656499981880188,1,0,0,0,0,0.0,0.0,0.0,0,0,nan,nan,nan,,nan,nan,nan,2,29,-,SELECT OWNER FIRST,
2026-07-09T13:14:27.831,296.831,mission_20260709_130931_manual,MANUAL,,0,13.330289840698242,100.9979476928711,149.31497035132384,4,True,0.6567500233650208,1,0,0,0,0,0.0,0.0,0.0,0,0,nan,nan,nan,,nan,nan,nan,2,29,-,SELECT OWNER FIRST,
2026-07-09T13:14:29.896,298.896,mission_20260709_130931_manual,MANUAL,,0,13.330289840698242,100.9979476928711,149.30829042631558,4,True,0.65625,1,0,0,0,0,0.0,0.0,0.0,0,0,nan,nan,nan,,nan,nan,nan,2,29,-,SELECT OWNER FIRST,
2026-07-09T13:14:31.948,300.948,mission_20260709_130931_manual,MANUAL,,0,13.330289840698242,100.9979476928711,149.3100389547431,4,True,0.6575000286102295,1,0,0,0,0,0.0,0.0,0.0,0,0,nan,nan,nan,,nan,nan,nan,2,29,-,SELECT OWNER FIRST,
2026-07-09T13:14:34.060,303.061,mission_20260709_130931_manual,MANUAL,,0,13.330290794372559,100.9979476928711,149.3131125398696,4,True,0.6575000286102295,1,0,0,0,0,0.0,0.0,0.0,0,0,nan,nan,nan,,nan,nan,nan,2,29,-,SELECT OWNER FIRST,
2026-07-09T13:14:36.079,305.08,mission_20260709_130931_manual,MANUAL,,0,13.330290794372559,100.9979476928711,149.31385020029995,4,True,0.6575000286102295,1,0,0,0,0,0.0,0.0,0.0,0,0,nan,nan,nan,,nan,nan,nan,2,29,-,SELECT OWNER FIRST,
2026-07-09T13:14:38.144,307.145,mission_20260709_130931_manual,MANUAL,,0,13.330290794372559,100.9979476928711,149.32391789913657,4,True,0.6570000052452087,1,0,0,0,0,0.0,0.0,0.0,0,0,nan,nan,nan,,nan,nan,nan,2,28,-,SELECT OWNER FIRST,
2026-07-09T13:14:40.179,309.179,mission_20260709_130931_manual,MANUAL,,0,13.330291748046875,100.9979476928711,149.32088529514508,4,True,0.6582499742507935,1,0,0,0,0,0.0,0.0,0.0,0,0,nan,nan,nan,,nan,nan,nan,2,29,-,SELECT OWNER FIRST,
2026-07-09T13:14:42.214,311.214,mission_20260709_130931_manual,MANUAL,,0,13.330291748046875,100.9979476928711,149.3225382009242,4,True,0.6567500233650208,1,0,0,0,0,0.0,0.0,0.0,0,0,nan,nan,nan,,nan,nan,nan,2,29,-,SELECT OWNER FIRST,
2026-07-09T13:14:44.268,313.269,mission_20260709_130931_manual,MANUAL,,0,13.330292701721191,100.9979476928711,149.32308461605783,4,True,0.65625,1,0,0,0,0,0.0,0.0,0.0,0,0,nan,nan,nan,,nan,nan,nan,2,29,-,SELECT OWNER FIRST,
2026-07-09T13:14:46.507,315.508,mission_20260709_130931_manual,MANUAL,,0,13.330292701721191,100.9979476928711,149.31986076676958,4,True,0.6572499871253967,1,0,0,0,0,0.0,0.0,0.0,0,0,nan,nan,nan,,nan,nan,nan,2,29,-,SELECT OWNER FIRST,
2026-07-09T13:14:48.600,317.601,mission_20260709_130931_manual,MANUAL,,0,13.330293655395508,100.9979476928711,149.30133729374052,4,True,0.6577500104904175,1,0,0,0,0,0.0,0.0,0.0,0,0,nan,nan,nan,,nan,nan,nan,2,28,-,SELECT OWNER FIRST,
2026-07-09T13:14:50.669,319.67,mission_20260709_130931_manual,MANUAL,,0,13.330293655395508,100.99794006347656,149.28967133063813,4,True,0.6572499871253967,1,0,0,0,0,0.0,0.0,0.0,0,0,nan,nan,nan,,nan,nan,nan,2,28,-,SELECT OWNER FIRST,
2026-07-09T13:14:52.724,321.725,mission_20260709_130931_manual,MANUAL,,0,13.330292701721191,100.99794006347656,149.28426182081546,4,True,0.6575000286102295,1,0,0,0,0,0.0,0.0,0.0,0,0,nan,nan,nan,,nan,nan,nan,2,28,-,SELECT OWNER FIRST,
2026-07-09T13:14:54.814,323.815,mission_20260709_130931_manual,MANUAL,,0,13.330292701721191,100.99794006347656,149.27337449927848,4,True,0.6570000052452087,1,0,0,0,0,0.0,0.0,0.0,0,0,nan,nan,nan,,nan,nan,nan,2,28,-,SELECT OWNER FIRST,
2026-07-09T13:14:56.875,325.876,mission_20260709_130931_manual,MANUAL,,0,13.330292701721191,100.99794006347656,149.26183147958116,4,True,0.6575000286102295,1,0,0,0,0,0.0,0.0,0.0,0,0,nan,nan,nan,,nan,nan,nan,2,28,-,SELECT OWNER FIRST,
2026-07-09T13:14:58.993,327.993,mission_20260709_130931_manual,MANUAL,,0,13.330293655395508,100.99794006347656,149.2519140449063,4,True,0.6570000052452087,1,0,0,0,0,0.0,0.0,0.0,0,0,nan,nan,nan,,nan,nan,nan,2,28,-,SELECT OWNER FIRST,
2026-07-09T13:15:01.067,330.067,mission_20260709_130931_manual,MANUAL,,0,13.330293655395508,100.99794006347656,149.24418227076583,4,True,0.656499981880188,1,0,0,0,0,0.0,0.0,0.0,0,0,nan,nan,nan,,nan,nan,nan,2,28,-,SELECT OWNER FIRST,
2026-07-09T13:15:03.144,332.145,mission_20260709_130931_manual,MANUAL,,0,13.330293655395508,100.99794006347656,149.23463366630617,4,True,0.656000018119812,1,0,0,0,0,0.0,0.0,0.0,0,0,nan,nan,nan,,nan,nan,nan,2,29,-,SELECT OWNER FIRST,
2026-07-09T13:15:05.201,334.201,mission_20260709_130931_manual,MANUAL,,0,13.330294609069824,100.99794006347656,149.21529057057668,4,True,0.6570000052452087,1,0,0,0,0,0.0,0.0,0.0,0,0,nan,nan,nan,,nan,nan,nan,2,29,-,SELECT OWNER FIRST,
2026-07-09T13:15:07.262,336.262,mission_20260709_130931_manual,MANUAL,,0,13.330294609069824,100.99794006347656,149.20180777715507,4,True,0.6567500233650208,1,0,0,0,0,0.0,0.0,0.0,0,0,nan,nan,nan,,nan,nan,nan,2,28,-,SELECT OWNER FIRST,
2026-07-09T13:15:09.308,338.309,mission_20260709_130931_manual,MANUAL,,0,13.33029556274414,100.99794006347656,149.179186190624,4,True,0.6570000052452087,1,0,0,0,0,0.0,0.0,0.0,0,0,nan,nan,nan,,nan,nan,nan,2,28,-,SELECT OWNER FIRST,
2026-07-09T13:15:11.432,340.433,mission_20260709_130931_manual,MANUAL,,0,13.330296516418457,100.99793243408203,149.16578535947244,4,True,0.65625,1,0,0,0,0,0.0,0.0,0.0,0,0,nan,nan,nan,,nan,nan,nan,2,29,-,SELECT OWNER FIRST,
2026-07-09T13:15:13.514,342.515,mission_20260709_130931_manual,MANUAL,,0,13.330297470092773,100.99793243408203,149.13248135707946,4,True,0.656499981880188,1,0,0,0,0,0.0,0.0,0.0,0,0,nan,nan,nan,,nan,nan,nan,2,29,-,SELECT OWNER FIRST,
2026-07-09T13:15:15.595,344.595,mission_20260709_130931_manual,MANUAL,,0,13.330299377441406,100.99793243408203,149.11753690317545,4,True,0.6577500104904175,1,0,0,0,0,0.0,0.0,0.0,0,0,nan,nan,nan,,nan,nan,nan,2,29,-,SELECT OWNER FIRST,
2026-07-09T13:15:17.610,346.611,mission_20260709_130931_manual,MANUAL,,0,13.330301284790039,100.99793243408203,149.11951765803477,4,True,0.65625,1,0,0,0,0,0.0,0.0,0.0,0,0,nan,nan,nan,,nan,nan,nan,2,28,-,SELECT OWNER FIRST,
2026-07-09T13:15:19.763,348.763,mission_20260709_130931_manual,MANUAL,,0,13.330302238464355,100.99793243408203,149.11517365772264,4,True,0.6567500233650208,1,0,0,0,0,0.0,0.0,0.0,0,0,nan,nan,nan,,nan,nan,nan,2,28,-,SELECT OWNER FIRST,
2026-07-09T13:15:21.843,350.844,mission_20260709_130931_manual,MANUAL,,0,13.330303192138672,100.99793243408203,149.1044502607257,4,True,0.6575000286102295,1,0,0,0,0,0.0,0.0,0.0,0,0,nan,nan,nan,,nan,nan,nan,2,29,-,SELECT OWNER FIRST,
2026-07-09T13:15:23.906,352.907,mission_20260709_130931_manual,MANUAL,,0,13.330304145812988,100.99793243408203,149.1047098079142,4,True,0.6572499871253967,1,0,0,0,0,0.0,0.0,0.0,0,0,nan,nan,nan,,nan,nan,nan,2,28,-,SELECT OWNER FIRST,
2026-07-09T13:15:25.908,354.909,mission_20260709_130931_manual,MANUAL,,0,13.330304145812988,100.99793243408203,149.10383554370043,4,True,0.6572499871253967,1,0,0,0,0,0.0,0.0,0.0,0,0,nan,nan,nan,,nan,nan,nan,2,28,-,SELECT OWNER FIRST,
2026-07-09T13:15:27.984,356.984,mission_20260709_130931_manual,MANUAL,,0,13.330304145812988,100.99793243408203,149.09975109057675,4,True,0.6572499871253967,1,0,0,0,0,0.0,0.0,0.0,0,0,nan,nan,nan,,nan,nan,nan,2,27,-,SELECT OWNER FIRST,
2026-07-09T13:15:30.026,359.027,mission_20260709_130931_manual,MANUAL,,0,13.330304145812988,100.99793243408203,149.08951946720006,4,True,0.6572499871253967,1,0,0,0,0,0.0,0.0,0.0,0,0,nan,nan,nan,,nan,nan,nan,2,27,-,SELECT OWNER FIRST,
2026-07-09T13:15:32.162,361.163,mission_20260709_130931_manual,MANUAL,,0,13.330303192138672,100.99793243408203,149.08849493882457,4,True,0.6570000052452087,1,0,0,0,0,0.0,0.0,0.0,0,0,nan,nan,nan,,nan,nan,nan,2,27,-,SELECT OWNER FIRST,
2026-07-09T13:15:34.254,363.255,mission_20260709_130931_manual,MANUAL,,0,13.330302238464355,100.99793243408203,149.07554490015823,4,True,0.6570000052452087,1,0,0,0,0,0.0,0.0,0.0,0,0,nan,nan,nan,,nan,nan,nan,2,28,-,SELECT OWNER FIRST,
2026-07-09T13:15:36.314,365.314,mission_20260709_130931_manual,MANUAL,,0,13.330302238464355,100.99793243408203,149.06748527693762,4,True,0.6572499871253967,1,0,0,0,0,0.0,0.0,0.0,0,0,nan,nan,nan,,nan,nan,nan,2,28,-,SELECT OWNER FIRST,
2026-07-09T13:15:38.339,367.34,mission_20260709_130931_manual,MANUAL,,0,13.330303192138672,100.99793243408203,149.0665973523455,4,True,0.6572499871253967,1,0,0,0,0,0.0,0.0,0.0,0,0,nan,nan,nan,,nan,nan,nan,2,28,-,SELECT OWNER FIRST,
2026-07-09T13:15:40.406,369.406,mission_20260709_130931_manual,MANUAL,,0,13.330303192138672,100.99793243408203,149.0631412766255,4,True,0.6570000052452087,1,0,0,0,0,0.0,0.0,0.0,0,0,nan,nan,nan,,nan,nan,nan,2,28,-,SELECT OWNER FIRST,
2026-07-09T13:15:42.460,371.46,mission_20260709_130931_manual,MANUAL,,0,13.330303192138672,100.99793243408203,149.05622912518544,4,True,0.6570000052452087,1,0,0,0,0,0.0,0.0,0.0,0,0,nan,nan,nan,,nan,nan,nan,2,28,-,SELECT OWNER FIRST,
2026-07-09T13:15:44.553,373.554,mission_20260709_130931_manual,MANUAL,,0,13.330304145812988,100.99793243408203,149.05442595524454,4,True,0.6575000286102295,1,0,0,0,0,0.0,0.0,0.0,0,0,nan,nan,nan,,nan,nan,nan,2,29,-,SELECT OWNER FIRST,
2026-07-09T13:15:46.611,375.611,mission_20260709_130931_manual,MANUAL,,0,13.330304145812988,100.99793243408203,149.04187206755006,4,True,0.6567500233650208,1,0,0,0,0,0.0,0.0,0.0,0,0,nan,nan,nan,,nan,nan,nan,2,29,-,SELECT OWNER FIRST,
2026-07-09T13:15:48.690,377.69,mission_20260709_130931_manual,MANUAL,,0,13.330305099487305,100.99793243408203,149.04535546402676,4,True,0.6572499871253967,1,0,0,0,0,0.0,0.0,0.0,0,0,nan,nan,nan,,nan,nan,nan,2,28,-,SELECT OWNER FIRST,
2026-07-09T13:15:50.750,379.751,mission_20260709_130931_manual,MANUAL,,0,13.330306053161621,100.99793243408203,149.04203599209015,4,True,0.6575000286102295,1,0,0,0,0,0.0,0.0,0.0,0,0,nan,nan,nan,,nan,nan,nan,2,29,-,SELECT OWNER FIRST,
2026-07-09T13:15:52.810,381.811,mission_20260709_130931_manual,MANUAL,,0,13.330307006835938,100.99793243408203,149.05558708740344,4,True,0.6577500104904175,1,0,0,0,0,0.0,0.0,0.0,0,0,nan,nan,nan,,nan,nan,nan,2,28,-,SELECT OWNER FIRST,
2026-07-09T13:15:54.819,383.82,mission_20260709_130931_manual,MANUAL,,0,13.330307006835938,100.99793243408203,149.0699031639038,4,True,0.6577500104904175,1,0,0,0,0,0.0,0.0,0.0,0,0,nan,nan,nan,,nan,nan,nan,2,28,-,SELECT OWNER FIRST,
2026-07-09T13:15:56.946,385.947,mission_20260709_130931_manual,MANUAL,,0,13.330307006835938,100.99793243408203,149.074452069891,4,True,0.656499981880188,1,0,0,0,0,0.0,0.0,0.0,0,0,nan,nan,nan,,nan,nan,nan,2,28,-,SELECT OWNER FIRST,
2026-07-09T13:15:59.020,388.021,mission_20260709_130931_manual,MANUAL,,0,13.330307960510254,100.99793243408203,149.0780310890161,4,True,0.6582499742507935,1,0,0,0,0,0.0,0.0,0.0,0,0,nan,nan,nan,,nan,nan,nan,2,28,-,SELECT OWNER FIRST,
2026-07-09T13:16:01.164,390.164,mission_20260709_130931_manual,MANUAL,,0,13.330307960510254,100.99793243408203,149.07462965480943,4,True,0.6572499871253967,1,0,0,0,0,0.0,0.0,0.0,0,0,nan,nan,nan,,nan,nan,nan,2,28,-,SELECT OWNER FIRST,
2026-07-09T13:16:03.230,392.231,mission_20260709_130931_manual,MANUAL,,0,13.33030891418457,100.9979248046875,149.07266256032847,4,True,0.656000018119812,1,0,0,0,0,0.0,0.0,0.0,0,0,nan,nan,nan,,nan,nan,nan,2,29,-,SELECT OWNER FIRST,
2026-07-09T13:16:05.312,394.313,mission_20260709_130931_manual,MANUAL,,0,13.330310821533203,100.9979248046875,149.05534120059332,4,True,0.6567500233650208,1,0,0,0,0,0.0,0.0,0.0,0,0,nan,nan,nan,,nan,nan,nan,2,29,-,SELECT OWNER FIRST,
2026-07-09T13:16:07.332,396.333,mission_20260709_130931_manual,MANUAL,,0,13.330310821533203,100.9979248046875,149.0429102563039,4,True,0.6567500233650208,1,0,0,0,0,0.0,0.0,0.0,0,0,nan,nan,nan,,nan,nan,nan,2,28,-,SELECT OWNER FIRST,
2026-07-09T13:16:09.337,398.338,mission_20260709_130931_manual,MANUAL,,0,13.33031177520752,100.9979248046875,149.03351191600598,4,True,0.6575000286102295,1,0,0,0,0,0.0,0.0,0.0,0,0,nan,nan,nan,,nan,nan,nan,2,28,-,SELECT OWNER FIRST,
2026-07-09T13:16:11.412,400.412,mission_20260709_130931_manual,MANUAL,,0,13.33031177520752,100.9979248046875,149.03041101012278,4,True,0.6570000052452087,1,0,0,0,0,0.0,0.0,0.0,0,0,nan,nan,nan,,nan,nan,nan,2,29,-,SELECT OWNER FIRST,
2026-07-09T13:16:13.670,402.671,mission_20260709_130931_manual,MANUAL,,0,13.330312728881836,100.9979248046875,149.02788384012987,4,True,0.6579999923706055,1,0,0,0,0,0.0,0.0,0.0,0,0,nan,nan,nan,,nan,nan,nan,2,30,-,SELECT OWNER FIRST,
2026-07-09T13:16:15.741,404.742,mission_20260709_130931_manual,MANUAL,,0,13.330312728881836,100.9979248046875,149.03520580292013,4,True,0.6577500104904175,1,0,0,0,0,0.0,0.0,0.0,0,0,nan,nan,nan,,nan,nan,nan,2,31,-,SELECT OWNER FIRST,
2026-07-09T13:16:17.828,406.829,mission_20260709_130931_manual,MANUAL,,0,13.330313682556152,100.9979248046875,149.04546474705347,4,True,0.6570000052452087,1,0,0,0,0,0.0,0.0,0.0,0,0,nan,nan,nan,,nan,nan,nan,2,31,-,SELECT OWNER FIRST,
2026-07-09T13:16:19.890,408.89,mission_20260709_130931_manual,MANUAL,,0,13.330312728881836,100.9979248046875,149.06510837110645,4,True,0.6579999923706055,1,0,0,0,0,0.0,0.0,0.0,0,0,nan,nan,nan,,nan,nan,nan,2,31,-,SELECT OWNER FIRST,
2026-07-09T13:16:21.968,410.968,mission_20260709_130931_manual,MANUAL,,0,13.330314636230469,100.9979248046875,149.0698348620121,4,True,0.6567500233650208,1,0,0,0,0,0.0,0.0,0.0,0,0,nan,nan,nan,,nan,nan,nan,2,30,-,SELECT OWNER FIRST,
2026-07-09T13:16:24.045,413.046,mission_20260709_130931_manual,MANUAL,,0,13.330315589904785,100.9979248046875,149.07421984345925,4,True,0.6572499871253967,1,0,0,0,0,0.0,0.0,0.0,0,0,nan,nan,nan,,nan,nan,nan,2,30,-,SELECT OWNER FIRST,
2026-07-09T13:16:26.174,415.174,mission_20260709_130931_manual,MANUAL,,0,13.330316543579102,100.9979248046875,149.0734548622722,4,True,0.65625,1,0,0,0,0,0.0,0.0,0.0,0,0,nan,nan,nan,,nan,nan,nan,2,28,-,SELECT OWNER FIRST,
2026-07-09T13:16:28.241,417.241,mission_20260709_130931_manual,MANUAL,,0,13.330317497253418,100.9979248046875,149.068304899638,4,True,0.6577500104904175,1,0,0,0,0,0.0,0.0,0.0,0,0,nan,nan,nan,,nan,nan,nan,2,30,-,SELECT OWNER FIRST,
2026-07-09T13:16:30.302,419.303,mission_20260709_130931_manual,MANUAL,,0,13.33031940460205,100.9979248046875,149.05909780463682,4,True,0.6575000286102295,1,0,0,0,0,0.0,0.0,0.0,0,0,nan,nan,nan,,nan,nan,nan,2,28,-,SELECT OWNER FIRST,
2026-07-09T13:16:32.307,421.308,mission_20260709_130931_manual,MANUAL,,0,13.330321311950684,100.9979248046875,149.05633840821216,4,True,0.6577500104904175,1,0,0,0,0,0.0,0.0,0.0,0,0,nan,nan,nan,,nan,nan,nan,2,29,-,SELECT OWNER FIRST,
2026-07-09T13:16:34.309,423.31,mission_20260709_130931_manual,MANUAL,,0,13.330323219299316,100.9979248046875,149.05591493648362,4,True,0.6567500233650208,1,0,0,0,0,0.0,0.0,0.0,0,0,nan,nan,nan,,nan,nan,nan,2,29,-,SELECT OWNER FIRST,
2026-07-09T13:16:36.384,425.384,mission_20260709_130931_manual,MANUAL,,0,13.330324172973633,100.9979248046875,149.05299161551883,4,True,0.6567500233650208,1,0,0,0,0,0.0,0.0,0.0,0,0,nan,nan,nan,,nan,nan,nan,2,29,-,SELECT OWNER FIRST,
2026-07-09T13:16:38.632,427.632,mission_20260709_130931_manual,MANUAL,,0,13.33032512664795,100.9979248046875,149.05278670984373,4,True,0.6570000052452087,1,0,0,0,0,0.0,0.0,0.0,0,0,nan,nan,nan,,nan,nan,nan,2,29,-,SELECT OWNER FIRST,
2026-07-09T13:16:40.686,429.686,mission_20260709_130931_manual,MANUAL,,0,13.330327987670898,100.9979248046875,149.0503824832559,4,True,0.6570000052452087,1,0,0,0,0,0.0,0.0,0.0,0,0,nan,nan,nan,,nan,nan,nan,2,29,-,SELECT OWNER FIRST,
2026-07-09T13:16:42.791,431.792,mission_20260709_130931_manual,MANUAL,,0,13.330328941345215,100.9979248046875,149.0516802191982,4,True,0.6577500104904175,1,0,0,0,0,0.0,0.0,0.0,0,0,nan,nan,nan,,nan,nan,nan,2,30,-,SELECT OWNER FIRST,
2026-07-09T13:16:44.861,433.862,mission_20260709_130931_manual,MANUAL,,0,13.330328941345215,100.9979248046875,149.05173486071155,4,True,0.6577500104904175,1,0,0,0,0,0.0,0.0,0.0,0,0,nan,nan,nan,,nan,nan,nan,2,30,-,SELECT OWNER FIRST,
2026-07-09T13:16:46.941,435.941,mission_20260709_130931_manual,MANUAL,,0,13.330330848693848,100.9979248046875,149.04972678509557,4,True,0.6570000052452087,1,0,0,0,0,0.0,0.0,0.0,0,0,nan,nan,nan,,nan,nan,nan,2,30,-,SELECT OWNER FIRST,
2026-07-09T13:16:49.070,438.07,mission_20260709_130931_manual,MANUAL,,0,13.330331802368164,100.9979248046875,149.05259546454698,4,True,0.6572499871253967,1,0,0,0,0,0.0,0.0,0.0,0,0,nan,nan,nan,,nan,nan,nan,2,30,-,SELECT OWNER FIRST,
2026-07-09T13:16:51.148,440.149,mission_20260709_130931_manual,MANUAL,,0,13.330331802368164,100.9979248046875,149.04788263401966,4,True,0.6570000052452087,1,0,0,0,0,0.0,0.0,0.0,0,0,nan,nan,nan,,nan,nan,nan,2,30,-,SELECT OWNER FIRST,
2026-07-09T13:16:53.286,442.286,mission_20260709_130931_manual,MANUAL,,0,13.33033275604248,100.9979248046875,149.04967214358223,4,True,0.6572499871253967,1,0,0,0,0,0.0,0.0,0.0,0,0,nan,nan,nan,,nan,nan,nan,2,31,-,SELECT OWNER FIRST,
2026-07-09T13:16:55.365,444.366,mission_20260709_130931_manual,MANUAL,,0,13.33033275604248,100.9979248046875,149.04230919965693,4,True,0.6567500233650208,1,0,0,0,0,0.0,0.0,0.0,0,0,nan,nan,nan,,nan,nan,nan,2,31,-,SELECT OWNER FIRST,
2026-07-09T13:16:57.454,446.455,mission_20260709_130931_manual,MANUAL,,0,13.330333709716797,100.9979248046875,149.043115161979,4,True,0.6577500104904175,1,0,0,0,0,0.0,0.0,0.0,0,0,nan,nan,nan,,nan,nan,nan,2,31,-,SELECT OWNER FIRST,
2026-07-09T13:16:59.562,448.562,mission_20260709_130931_manual,MANUAL,,0,13.330333709716797,100.9979248046875,149.04732255850772,4,True,0.6572499871253967,1,0,0,0,0,0.0,0.0,0.0,0,0,nan,nan,nan,,nan,nan,nan,2,31,-,SELECT OWNER FIRST,
2026-07-09T13:17:01.741,450.741,mission_20260709_130931_manual,MANUAL,,0,13.330333709716797,100.9979248046875,149.043757199761,4,True,0.6572499871253967,1,0,0,0,0,0.0,0.0,0.0,0,0,nan,nan,nan,,nan,nan,nan,2,31,-,SELECT OWNER FIRST,
2026-07-09T13:17:03.807,452.807,mission_20260709_130931_manual,MANUAL,,0,13.33033275604248,100.9979248046875,149.04450852056968,4,True,0.6579999923706055,1,0,0,0,0,0.0,0.0,0.0,0,0,nan,nan,nan,,nan,nan,nan,2,31,-,SELECT OWNER FIRST,
2026-07-09T13:17:05.879,454.88,mission_20260709_130931_manual,MANUAL,,0,13.330331802368164,100.9979248046875,149.0394678409622,4,True,0.656000018119812,1,0,0,0,0,0.0,0.0,0.0,0,0,nan,nan,nan,,nan,nan,nan,2,31,-,SELECT OWNER FIRST,
2026-07-09T13:17:07.972,456.972,mission_20260709_130931_manual,MANUAL,,0,13.330331802368164,100.9979248046875,149.05035516249922,4,True,0.6567500233650208,1,0,0,0,0,0.0,0.0,0.0,0,0,nan,nan,nan,,nan,nan,nan,2,31,-,SELECT OWNER FIRST,
2026-07-09T13:17:10.018,459.019,mission_20260709_130931_manual,MANUAL,,0,13.330330848693848,100.9979248046875,149.05637938934717,4,True,0.6572499871253967,1,0,0,0,0,0.0,0.0,0.0,0,0,nan,nan,nan,,nan,nan,nan,2,31,-,SELECT OWNER FIRST,
2026-07-09T13:17:12.070,461.071,mission_20260709_130931_manual,MANUAL,,0,13.330329895019531,100.9979248046875,149.0569667856158,4,True,0.6570000052452087,1,0,0,0,0,0.0,0.0,0.0,0,0,nan,nan,nan,,nan,nan,nan,2,31,-,SELECT OWNER FIRST,
2026-07-09T13:17:14.133,463.134,mission_20260709_130931_manual,MANUAL,,0,13.330328941345215,100.9979248046875,149.0684005222864,4,True,0.6572499871253967,1,0,0,0,0,0.0,0.0,0.0,0,0,nan,nan,nan,,nan,nan,nan,2,31,-,SELECT OWNER FIRST,
2026-07-09T13:17:16.164,465.165,mission_20260709_130931_manual,MANUAL,,0,13.330327987670898,100.9979248046875,149.06916550347344,4,True,0.6567500233650208,1,0,0,0,0,0.0,0.0,0.0,0,0,nan,nan,nan,,nan,nan,nan,2,31,-,SELECT OWNER FIRST,
2026-07-09T13:17:18.202,467.203,mission_20260709_130931_manual,MANUAL,,0,13.330326080322266,100.9979248046875,149.0681956166113,4,True,0.6575000286102295,1,0,0,0,0,0.0,0.0,0.0,0,0,nan,nan,nan,,nan,nan,nan,2,31,-,SELECT OWNER FIRST,
2026-07-09T13:17:20.214,469.215,mission_20260709_130931_manual,MANUAL,,0,13.33032512664795,100.9979248046875,149.0605594651192,4,True,0.6570000052452087,1,0,0,0,0,0.0,0.0,0.0,0,0,nan,nan,nan,,nan,nan,nan,2,31,-,SELECT OWNER FIRST,
2026-07-09T13:17:22.268,471.269,mission_20260709_130931_manual,MANUAL,,0,13.330324172973633,100.9979248046875,149.0583328234498,4,True,0.6572499871253967,1,0,0,0,0,0.0,0.0,0.0,0,0,nan,nan,nan,,nan,nan,nan,2,31,-,SELECT OWNER FIRST,
2026-07-09T13:17:24.292,473.293,mission_20260709_130931_manual,MANUAL,,0,13.330322265625,100.9979248046875,149.05296429476215,4,True,0.65625,1,0,0,0,0,0.0,0.0,0.0,0,0,nan,nan,nan,,nan,nan,nan,2,31,-,SELECT OWNER FIRST,
2026-07-09T13:17:26.367,475.367,mission_20260709_130931_manual,MANUAL,,0,13.330321311950684,100.9979248046875,149.04508225645998,4,True,0.656499981880188,1,0,0,0,0,0.0,0.0,0.0,0,0,nan,nan,nan,,nan,nan,nan,2,31,-,SELECT OWNER FIRST,
2026-07-09T13:17:28.428,477.428,mission_20260709_130931_manual,MANUAL,,0,13.330320358276367,100.9979248046875,149.03725485967112,4,True,0.656499981880188,1,0,0,0,0,0.0,0.0,0.0,0,0,nan,nan,nan,,nan,nan,nan,2,31,-,SELECT OWNER FIRST,
2026-07-09T13:17:30.559,479.56,mission_20260709_130931_manual,MANUAL,,0,13.330318450927734,100.9979248046875,149.03726852004948,4,True,0.6572499871253967,1,0,0,0,0,0.0,0.0,0.0,0,0,nan,nan,nan,,nan,nan,nan,2,31,-,SELECT OWNER FIRST,
2026-07-09T13:17:32.614,481.614,mission_20260709_130931_manual,MANUAL,,0,13.330317497253418,100.9979248046875,149.040383086311,4,True,0.6572499871253967,1,0,0,0,0,0.0,0.0,0.0,0,0,nan,nan,nan,,nan,nan,nan,2,31,-,SELECT OWNER FIRST,
2026-07-09T13:17:34.646,483.647,mission_20260709_130931_manual,MANUAL,,0,13.330316543579102,100.9979248046875,149.04715863396765,4,True,0.6567500233650208,1,0,0,0,0,0.0,0.0,0.0,0,0,nan,nan,nan,,nan,nan,nan,2,31,-,SELECT OWNER FIRST,
2026-07-09T13:17:36.669,485.669,mission_20260709_130931_manual,MANUAL,,0,13.330314636230469,100.9979248046875,149.06120150290118,4,True,0.6567500233650208,1,0,0,0,0,0.0,0.0,0.0,0,0,nan,nan,nan,,nan,nan,nan,2,31,-,SELECT OWNER FIRST,
2026-07-09T13:17:38.721,487.721,mission_20260709_130931_manual,MANUAL,,0,13.330312728881836,100.9979248046875,149.06644708818376,4,True,0.6577500104904175,1,0,0,0,0,0.0,0.0,0.0,0,0,nan,nan,nan,,nan,nan,nan,2,31,-,SELECT OWNER FIRST,
2026-07-09T13:17:40.798,489.799,mission_20260709_130931_manual,MANUAL,,0,13.330310821533203,100.9979248046875,149.06800437131452,4,True,0.6570000052452087,1,0,0,0,0,0.0,0.0,0.0,0,0,nan,nan,nan,,nan,nan,nan,2,31,-,SELECT OWNER FIRST,
2026-07-09T13:17:42.855,491.856,mission_20260709_130931_manual,MANUAL,,0,13.33030891418457,100.9979248046875,149.06628316364367,4,True,0.6570000052452087,1,0,0,0,0,0.0,0.0,0.0,0,0,nan,nan,nan,,nan,nan,nan,2,31,-,SELECT OWNER FIRST,
2026-07-09T13:17:44.857,493.858,mission_20260709_130931_manual,MANUAL,,0,13.330307960510254,100.99793243408203,149.07319531508375,4,True,0.6567500233650208,1,0,0,0,0,0.0,0.0,0.0,0,0,nan,nan,nan,,nan,nan,nan,2,31,-,SELECT OWNER FIRST,
2026-07-09T13:17:46.932,495.933,mission_20260709_130931_manual,MANUAL,,0,13.330306053161621,100.99793243408203,149.08227946667986,4,True,0.6579999923706055,1,0,0,0,0,0.0,0.0,0.0,0,0,nan,nan,nan,,nan,nan,nan,2,31,-,SELECT OWNER FIRST,
2026-07-09T13:17:48.949,497.95,mission_20260709_130931_manual,MANUAL,,0,13.330304145812988,100.99793243408203,149.08566724050817,4,True,0.6577500104904175,1,0,0,0,0,0.0,0.0,0.0,0,0,nan,nan,nan,,nan,nan,nan,2,31,-,SELECT OWNER FIRST,
2026-07-09T13:17:51.069,500.07,mission_20260709_130931_manual,MANUAL,,0,13.330302238464355,100.99793243408203,149.07518973032137,4,True,0.6570000052452087,1,0,0,0,0,0.0,0.0,0.0,0,0,nan,nan,nan,,nan,nan,nan,2,31,-,SELECT OWNER FIRST,
2026-07-09T13:17:53.250,502.25,mission_20260709_130931_manual,MANUAL,,0,13.330301284790039,100.99793243408203,149.07663773042543,4,True,0.6572499871253967,1,0,0,0,0,0.0,0.0,0.0,0,0,nan,nan,nan,,nan,nan,nan,2,31,-,SELECT OWNER FIRST,
2026-07-09T13:17:55.380,504.38,mission_20260709_130931_manual,MANUAL,,0,13.330300331115723,100.99793243408203,149.07580444734668,4,True,0.6572499871253967,1,0,0,0,0,0.0,0.0,0.0,0,0,nan,nan,nan,,nan,nan,nan,2,31,-,SELECT OWNER FIRST,
2026-07-09T13:17:57.497,506.498,mission_20260709_130931_manual,MANUAL,,0,13.330299377441406,100.99793243408203,149.1003794679804,4,True,0.6579999923706055,1,0,0,0,0,0.0,0.0,0.0,0,0,nan,nan,nan,,nan,nan,nan,2,31,-,SELECT OWNER FIRST,
2026-07-09T13:17:59.517,508.518,mission_20260709_130931_manual,MANUAL,,0,13.33029842376709,100.99793243408203,149.1177554692289,4,True,0.6577500104904175,1,0,0,0,0,0.0,0.0,0.0,0,0,nan,nan,nan,,nan,nan,nan,2,31,-,SELECT OWNER FIRST,
2026-07-09T13:18:01.541,510.541,mission_20260709_130931_manual,MANUAL,,0,13.330296516418457,100.99793243408203,149.13611501771788,4,True,0.6567500233650208,1,0,0,0,0,0.0,0.0,0.0,0,0,nan,nan,nan,,nan,nan,nan,2,31,-,SELECT OWNER FIRST,
2026-07-09T13:18:03.665,512.665,mission_20260709_130931_manual,MANUAL,,0,13.33029556274414,100.99793243408203,149.1454313957458,4,True,0.6575000286102295,1,0,0,0,0,0.0,0.0,0.0,0,0,nan,nan,nan,,nan,nan,nan,2,31,-,SELECT OWNER FIRST,
2026-07-09T13:18:05.745,514.745,mission_20260709_130931_manual,MANUAL,,0,13.330294609069824,100.99793243408203,149.1482317733055,4,True,0.6570000052452087,1,0,0,0,0,0.0,0.0,0.0,0,0,nan,nan,nan,,nan,nan,nan,2,31,-,SELECT OWNER FIRST,
2026-07-09T13:18:07.809,516.809,mission_20260709_130931_manual,MANUAL,,0,13.330293655395508,100.9979248046875,149.152630415131,4,True,0.6572499871253967,1,0,0,0,0,0.0,0.0,0.0,0,0,nan,nan,nan,,nan,nan,nan,2,31,-,SELECT OWNER FIRST,
2026-07-09T13:18:09.910,518.911,mission_20260709_130931_manual,MANUAL,,0,13.330292701721191,100.9979248046875,149.15271237740103,4,True,0.6575000286102295,1,0,0,0,0,0.0,0.0,0.0,0,0,nan,nan,nan,,nan,nan,nan,2,31,-,SELECT OWNER FIRST,
2026-07-09T13:18:11.913,520.913,mission_20260709_130931_manual,MANUAL,,0,13.330291748046875,100.9979248046875,149.15737056641498,4,True,0.656499981880188,1,0,0,0,0,0.0,0.0,0.0,0,0,nan,nan,nan,,nan,nan,nan,2,31,-,SELECT OWNER FIRST,
2026-07-09T13:18:14.046,523.046,mission_20260709_130931_manual,MANUAL,,0,13.330289840698242,100.9979248046875,149.1588458872757,4,True,0.6572499871253967,1,0,0,0,0,0.0,0.0,0.0,0,0,nan,nan,nan,,nan,nan,nan,2,31,-,SELECT OWNER FIRST,
2026-07-09T13:18:16.076,525.077,mission_20260709_130931_manual,MANUAL,,0,13.330288887023926,100.9979248046875,149.16149600067365,4,True,0.6570000052452087,1,0,0,0,0,0.0,0.0,0.0,0,0,nan,nan,nan,,nan,nan,nan,2,31,-,SELECT OWNER FIRST,
2026-07-09T13:18:18.123,527.123,mission_20260709_130931_manual,MANUAL,,0,13.330286979675293,100.9979248046875,149.15972015148947,4,True,0.6577500104904175,1,0,0,0,0,0.0,0.0,0.0,0,0,nan,nan,nan,,nan,nan,nan,2,31,-,SELECT OWNER FIRST,
2026-07-09T13:18:20.126,529.126,mission_20260709_130931_manual,MANUAL,,0,13.33028507232666,100.9979248046875,149.15999335905627,4,True,0.656499981880188,1,0,0,0,0,0.0,0.0,0.0,0,0,nan,nan,nan,,nan,nan,nan,2,31,-,SELECT OWNER FIRST,
2026-07-09T13:18:22.132,531.133,mission_20260709_130931_manual,MANUAL,,0,13.330284118652344,100.99791717529297,149.16019826473135,4,True,0.6570000052452087,1,0,0,0,0,0.0,0.0,0.0,0,0,nan,nan,nan,,nan,nan,nan,2,31,-,SELECT OWNER FIRST,
2026-07-09T13:18:24.143,533.144,mission_20260709_130931_manual,MANUAL,,0,13.330282211303711,100.99791717529297,149.161509661052,4,True,0.6575000286102295,1,0,0,0,0,0.0,0.0,0.0,0,0,nan,nan,nan,,nan,nan,nan,2,31,-,SELECT OWNER FIRST,
2026-07-09T13:18:26.149,535.15,mission_20260709_130931_manual,MANUAL,,0,13.330281257629395,100.99791717529297,149.15828581176376,4,True,0.6572499871253967,1,0,0,0,0,0.0,0.0,0.0,0,0,nan,nan,nan,,nan,nan,nan,2,31,-,SELECT OWNER FIRST,
2026-07-09T13:18:28.185,537.185,mission_20260709_130931_manual,MANUAL,,0,13.330279350280762,100.99791717529297,149.15605917009432,4,True,0.6570000052452087,1,0,0,0,0,0.0,0.0,0.0,0,0,nan,nan,nan,,nan,nan,nan,2,31,-,SELECT OWNER FIRST,
2026-07-09T13:18:30.490,539.49,mission_20260709_130931_manual,MANUAL,,0,13.330277442932129,100.99791717529297,149.16245222715747,4,True,0.6572499871253967,1,0,0,0,0,0.0,0.0,0.0,0,0,nan,nan,nan,,nan,nan,nan,2,31,-,SELECT OWNER FIRST,
2026-07-09T13:18:32.522,541.523,mission_20260709_130931_manual,MANUAL,,0,13.33027458190918,100.99790954589844,149.15664656636295,4,True,0.6572499871253967,1,0,0,0,0,0.0,0.0,0.0,0,0,nan,nan,nan,,nan,nan,nan,2,31,-,SELECT OWNER FIRST,
2026-07-09T13:18:34.531,543.532,mission_20260709_130931_manual,MANUAL,,0,13.330272674560547,100.99790954589844,149.16833985022203,4,True,0.6575000286102295,1,0,0,0,0,0.0,0.0,0.0,0,0,nan,nan,nan,,nan,nan,nan,2,31,-,SELECT OWNER FIRST,
2026-07-09T13:18:36.602,545.602,mission_20260709_130931_manual,MANUAL,,0,13.330270767211914,100.99790954589844,149.18067517186307,4,True,0.6567500233650208,1,0,0,0,0,0.0,0.0,0.0,0,0,nan,nan,nan,,nan,nan,nan,2,31,-,SELECT OWNER FIRST,
2026-07-09T13:18:38.640,547.641,mission_20260709_130931_manual,MANUAL,,0,13.330269813537598,100.99790954589844,149.1918903424802,4,True,0.6570000052452087,1,0,0,0,0,0.0,0.0,0.0,0,0,nan,nan,nan,,nan,nan,nan,2,31,-,SELECT OWNER FIRST,
2026-07-09T13:18:40.657,549.658,mission_20260709_130931_manual,MANUAL,,0,13.330267906188965,100.99790954589844,149.19721789003282,4,True,0.6575000286102295,1,0,0,0,0,0.0,0.0,0.0,0,0,nan,nan,nan,,nan,nan,nan,2,31,-,SELECT OWNER FIRST,
2026-07-09T13:18:42.958,551.959,mission_20260709_130931_manual,MANUAL,,0,13.330266952514648,100.9979019165039,149.2055643811986,4,True,0.6570000052452087,1,0,0,0,0,0.0,0.0,0.0,0,0,nan,nan,nan,,nan,nan,nan,2,31,-,SELECT OWNER FIRST,
2026-07-09T13:18:45.062,554.063,mission_20260709_130931_manual,MANUAL,,0,13.330265045166016,100.9979019165039,149.21343275912244,4,True,0.6567500233650208,1,0,0,0,0,0.0,0.0,0.0,0,0,nan,nan,nan,,nan,nan,nan,2,30,-,SELECT OWNER FIRST,
2026-07-09T13:18:47.173,556.174,mission_20260709_130931_manual,MANUAL,,0,13.3302640914917,100.9979019165039,149.2238966089309,4,True,0.6575000286102295,1,0,0,0,0,0.0,0.0,0.0,0,0,nan,nan,nan,,nan,nan,nan,2,30,-,SELECT OWNER FIRST,
2026-07-09T13:18:49.175,558.175,mission_20260709_130931_manual,MANUAL,,0,13.330263137817383,100.9979019165039,149.22714777897582,4,True,0.656499981880188,1,0,0,0,0,0.0,0.0,0.0,0,0,nan,nan,nan,,nan,nan,nan,2,30,-,SELECT OWNER FIRST,
2026-07-09T13:18:51.201,560.201,mission_20260709_130931_manual,MANUAL,,0,13.330262184143066,100.9979019165039,149.22884166589,4,True,0.6575000286102295,1,0,0,0,0,0.0,0.0,0.0,0,0,nan,nan,nan,,nan,nan,nan,2,30,-,SELECT OWNER FIRST,
2026-07-09T13:18:53.235,562.236,mission_20260709_130931_manual,MANUAL,,0,13.330262184143066,100.9979019165039,149.224784533523,4,True,0.6572499871253967,1,0,0,0,0,0.0,0.0,0.0,0,0,nan,nan,nan,,nan,nan,nan,2,30,-,SELECT OWNER FIRST,
2026-07-09T13:18:55.414,564.414,mission_20260709_130931_manual,MANUAL,,0,13.33026123046875,100.9979019165039,149.21977117467222,4,True,0.6575000286102295,1,0,0,0,0,0.0,0.0,0.0,0,0,nan,nan,nan,,nan,nan,nan,2,30,-,SELECT OWNER FIRST,
2026-07-09T13:18:57.535,566.536,mission_20260709_130931_manual,MANUAL,,0,13.330260276794434,100.9979019165039,149.22345947682402,4,True,0.65625,1,0,0,0,0,0.0,0.0,0.0,0,0,nan,nan,nan,,nan,nan,nan,2,30,-,SELECT OWNER FIRST,
2026-07-09T13:18:59.654,568.655,mission_20260709_130931_manual,MANUAL,,0,13.330260276794434,100.9979019165039,149.23049457166914,4,True,0.6567500233650208,1,0,0,0,0,0.0,0.0,0.0,0,0,nan,nan,nan,,nan,nan,nan,2,30,-,SELECT OWNER FIRST,
2026-07-09T13:19:01.728,570.728,mission_20260709_130931_manual,MANUAL,,0,13.330260276794434,100.9979019165039,149.23472928895453,4,True,0.6567500233650208,1,0,0,0,0,0.0,0.0,0.0,0,0,nan,nan,nan,,nan,nan,nan,2,30,-,SELECT OWNER FIRST,
2026-07-09T13:19:03.796,572.796,mission_20260709_130931_manual,MANUAL,,0,13.33026123046875,100.99789428710938,149.24579419540996,4,True,0.6572499871253967,1,0,0,0,0,0.0,0.0,0.0,0,0,nan,nan,nan,,nan,nan,nan,2,30,-,SELECT OWNER FIRST,
2026-07-09T13:19:05.895,574.895,mission_20260709_130931_manual,MANUAL,,0,13.330262184143066,100.99789428710938,149.247925214431,4,True,0.6572499871253967,1,0,0,0,0,0.0,0.0,0.0,0,0,nan,nan,nan,,nan,nan,nan,2,31,-,SELECT OWNER FIRST,
2026-07-09T13:19:07.955,576.956,mission_20260709_130931_manual,MANUAL,,0,13.330262184143066,100.99789428710938,149.24858091259134,4,True,0.6567500233650208,1,0,0,0,0,0.0,0.0,0.0,0,0,nan,nan,nan,,nan,nan,nan,2,31,-,SELECT OWNER FIRST,
2026-07-09T13:19:10.085,579.085,mission_20260709_130931_manual,MANUAL,,0,13.330263137817383,100.99789428710938,149.25500129041114,4,True,0.6572499871253967,1,0,0,0,0,0.0,0.0,0.0,0,0,nan,nan,nan,,nan,nan,nan,2,31,-,SELECT OWNER FIRST,
2026-07-09T13:19:12.184,581.185,mission_20260709_130931_manual,MANUAL,,0,13.330263137817383,100.99789428710938,149.25658589429858,4,True,0.6570000052452087,1,0,0,0,0,0.0,0.0,0.0,0,0,nan,nan,nan,,nan,nan,nan,2,31,-,SELECT OWNER FIRST,
2026-07-09T13:19:14.260,583.261,mission_20260709_130931_manual,MANUAL,,0,13.330263137817383,100.99789428710938,149.27528695224606,4,True,0.6577500104904175,1,0,0,0,0,0.0,0.0,0.0,0,0,nan,nan,nan,,nan,nan,nan,2,31,-,SELECT OWNER FIRST,
2026-07-09T13:19:16.324,585.324,mission_20260709_130931_manual,MANUAL,,0,13.3302640914917,100.99789428710938,149.31521623813396,4,True,0.6575000286102295,1,0,0,0,0,0.0,0.0,0.0,0,0,nan,nan,nan,,nan,nan,nan,2,30,-,SELECT OWNER FIRST,
2026-07-09T13:19:18.450,587.451,mission_20260709_130931_manual,MANUAL,,0,13.3302640914917,100.9979019165039,149.33931314552578,4,True,0.6567500233650208,1,0,0,0,0,0.0,0.0,0.0,0,0,nan,nan,nan,,nan,nan,nan,2,30,-,SELECT OWNER FIRST,
2026-07-09T13:19:20.577,589.577,mission_20260709_130931_manual,MANUAL,,0,13.330265045166016,100.9979019165039,149.3665246191791,4,True,0.6579999923706055,1,0,0,0,0,0.0,0.0,0.0,0,0,nan,nan,nan,,nan,nan,nan,2,30,-,SELECT OWNER FIRST,
2026-07-09T13:19:22.666,591.667,mission_20260709_130931_manual,MANUAL,,0,13.3302640914917,100.9979019165039,149.39936416870853,4,True,0.6570000052452087,1,0,0,0,0,0.0,0.0,0.0,0,0,nan,nan,nan,,nan,nan,nan,2,30,-,SELECT OWNER FIRST,
2026-07-09T13:19:24.750,593.75,mission_20260709_130931_manual,MANUAL,,0,13.3302640914917,100.9979019165039,149.4262068121467,4,True,0.6575000286102295,1,0,0,0,0,0.0,0.0,0.0,0,0,nan,nan,nan,,nan,nan,nan,2,30,-,SELECT OWNER FIRST,
2026-07-09T13:19:26.828,595.828,mission_20260709_130931_manual,MANUAL,,0,13.3302640914917,100.9979019165039,149.45411496509536,4,True,0.6577500104904175,1,0,0,0,0,0.0,0.0,0.0,0,0,nan,nan,nan,,nan,nan,nan,2,30,-,SELECT OWNER FIRST,
2026-07-09T13:19:28.896,597.896,mission_20260709_130931_manual,MANUAL,,0,13.330263137817383,100.9979019165039,149.47474213638878,4,True,0.6572499871253967,1,0,0,0,0,0.0,0.0,0.0,0,0,nan,nan,nan,,nan,nan,nan,2,30,-,SELECT OWNER FIRST,
2026-07-09T13:19:30.984,599.985,mission_20260709_130931_manual,MANUAL,,0,13.3302640914917,100.9979019165039,149.50146183642187,4,True,0.6575000286102295,1,0,0,0,0,0.0,0.0,0.0,0,0,nan,nan,nan,,nan,nan,nan,2,30,-,SELECT OWNER FIRST,
2026-07-09T13:19:33.111,602.111,mission_20260709_130931_manual,MANUAL,,0,13.3302640914917,100.9979019165039,149.51050500688297,4,True,0.6572499871253967,1,0,0,0,0,0.0,0.0,0.0,0,0,nan,nan,nan,,nan,nan,nan,2,30,-,SELECT OWNER FIRST,
2026-07-09T13:19:35.184,604.184,mission_20260709_130931_manual,MANUAL,,0,13.330265045166016,100.9979019165039,149.5149856109785,4,True,0.6567500233650208,1,0,0,0,0,0.0,0.0,0.0,0,0,nan,nan,nan,,nan,nan,nan,2,30,-,SELECT OWNER FIRST,
2026-07-09T13:19:37.250,606.251,mission_20260709_130931_manual,MANUAL,,0,13.330265998840332,100.9979019165039,149.51937059242564,4,True,0.6567500233650208,1,0,0,0,0,0.0,0.0,0.0,0,0,nan,nan,nan,,nan,nan,nan,2,30,-,SELECT OWNER FIRST,
2026-07-09T13:19:39.324,608.325,mission_20260709_130931_manual,MANUAL,,0,13.330265998840332,100.9979019165039,149.52909678180376,4,True,0.6575000286102295,1,0,0,0,0,0.0,0.0,0.0,0,0,nan,nan,nan,,nan,nan,nan,2,30,-,SELECT OWNER FIRST,
2026-07-09T13:19:41.413,610.413,mission_20260709_130931_manual,MANUAL,,0,13.330266952514648,100.9979019165039,149.54394561305935,4,True,0.6567500233650208,1,0,0,0,0,0.0,0.0,0.0,0,0,nan,nan,nan,,nan,nan,nan,2,30,-,SELECT OWNER FIRST,
2026-07-09T13:19:43.509,612.509,mission_20260709_130931_manual,MANUAL,,0,13.330267906188965,100.9979019165039,149.5606795765259,4,True,0.6582499742507935,1,0,0,0,0,0.0,0.0,0.0,0,0,nan,nan,nan,,nan,nan,nan,2,30,-,SELECT OWNER FIRST,
2026-07-09T13:19:45.645,614.645,mission_20260709_130931_manual,MANUAL,,0,13.330268859863281,100.9979019165039,149.57046040741736,4,True,0.6577500104904175,1,0,0,0,0,0.0,0.0,0.0,0,0,nan,nan,nan,,nan,nan,nan,2,30,-,SELECT OWNER FIRST,
2026-07-09T13:19:47.717,616.718,mission_20260709_130931_manual,MANUAL,,0,13.330269813537598,100.9979019165039,149.5768944456155,4,True,0.6575000286102295,1,0,0,0,0,0.0,0.0,0.0,0,0,nan,nan,nan,,nan,nan,nan,2,30,-,SELECT OWNER FIRST,
2026-07-09T13:19:49.790,618.79,mission_20260709_130931_manual,MANUAL,,0,13.330269813537598,100.9979019165039,149.58944833330997,4,True,0.6575000286102295,1,0,0,0,0,0.0,0.0,0.0,0,0,nan,nan,nan,,nan,nan,nan,2,31,-,SELECT OWNER FIRST,
2026-07-09T13:19:51.906,620.907,mission_20260709_130931_manual,MANUAL,,0,13.330269813537598,100.9979019165039,149.5999668246318,4,True,0.6577500104904175,1,0,0,0,0,0.0,0.0,0.0,0,0,nan,nan,nan,,nan,nan,nan,2,31,-,SELECT OWNER FIRST,
2026-07-09T13:19:53.971,622.972,mission_20260709_130931_manual,MANUAL,,0,13.330269813537598,100.9979019165039,149.58666161612862,4,True,0.6570000052452087,1,0,0,0,0,0.0,0.0,0.0,0,0,nan,nan,nan,,nan,nan,nan,2,31,-,SELECT OWNER FIRST,
2026-07-09T13:19:56.062,625.063,mission_20260709_130931_manual,MANUAL,,0,13.330270767211914,100.9979019165039,149.55905399150342,4,True,0.6575000286102295,1,0,0,0,0,0.0,0.0,0.0,0,0,nan,nan,nan,,nan,nan,nan,2,31,-,SELECT OWNER FIRST,
2026-07-09T13:19:58.198,627.198,mission_20260709_130931_manual,MANUAL,,0,13.33027172088623,100.9979019165039,149.52727995148453,4,True,0.6567500233650208,1,0,0,0,0,0.0,0.0,0.0,0,0,nan,nan,nan,,nan,nan,nan,2,31,-,SELECT OWNER FIRST,
2026-07-09T13:20:00.281,629.282,mission_20260709_130931_manual,MANUAL,,0,13.330272674560547,100.9979019165039,149.51142025223174,4,True,0.6570000052452087,1,0,0,0,0,0.0,0.0,0.0,0,0,nan,nan,nan,,nan,nan,nan,2,31,-,SELECT OWNER FIRST,
2026-07-09T13:20:02.350,631.35,mission_20260709_130931_manual,MANUAL,,0,13.330272674560547,100.9979019165039,149.48610757116768,4,True,0.6570000052452087,1,0,0,0,0,0.0,0.0,0.0,0,0,nan,nan,nan,,nan,nan,nan,2,31,-,SELECT OWNER FIRST,
2026-07-09T13:20:04.421,633.421,mission_20260709_130931_manual,MANUAL,,0,13.330273628234863,100.9979019165039,149.46418266393195,4,True,0.6570000052452087,1,0,0,0,0,0.0,0.0,0.0,0,0,nan,nan,nan,,nan,nan,nan,2,31,-,SELECT OWNER FIRST,
2026-07-09T13:20:06.487,635.487,mission_20260709_130931_manual,MANUAL,,0,13.33027458190918,100.9979019165039,149.45283088953138,4,True,0.6582499742507935,1,0,0,0,0,0.0,0.0,0.0,0,0,nan,nan,nan,,nan,nan,nan,2,30,-,SELECT OWNER FIRST,
2026-07-09T13:20:08.584,637.584,mission_20260709_130931_manual,MANUAL,,0,13.33027458190918,100.9979019165039,149.43840553000433,4,True,0.6575000286102295,1,0,0,0,0,0.0,0.0,0.0,0,0,nan,nan,nan,,nan,nan,nan,2,30,-,SELECT OWNER FIRST,
2026-07-09T13:20:10.682,639.682,mission_20260709_130931_manual,MANUAL,,0,13.330275535583496,100.9979019165039,149.4286383594912,4,True,0.6572499871253967,1,0,0,0,0,0.0,0.0,0.0,0,0,nan,nan,nan,,nan,nan,nan,2,30,-,SELECT OWNER FIRST,
2026-07-09T13:20:12.758,641.759,mission_20260709_130931_manual,MANUAL,,0,13.330277442932129,100.9979019165039,149.4176144341708,4,True,0.6577500104904175,1,0,0,0,0,0.0,0.0,0.0,0,0,nan,nan,nan,,nan,nan,nan,2,30,-,SELECT OWNER FIRST,
2026-07-09T13:20:14.863,643.863,mission_20260709_130931_manual,MANUAL,,0,13.330277442932129,100.9979019165039,149.41256009418498,4,True,0.656499981880188,1,0,0,0,0,0.0,0.0,0.0,0,0,nan,nan,nan,,nan,nan,nan,2,30,-,SELECT OWNER FIRST,
2026-07-09T13:20:16.943,645.944,mission_20260709_130931_manual,MANUAL,,0,13.330277442932129,100.9979019165039,149.40100341410934,4,True,0.65625,1,0,0,0,0,0.0,0.0,0.0,0,0,nan,nan,nan,,nan,nan,nan,2,31,-,SELECT OWNER FIRST,
2026-07-09T13:20:19.014,648.014,mission_20260709_130931_manual,MANUAL,,0,13.330278396606445,100.9979019165039,149.38691956404077,4,True,0.6570000052452087,1,0,0,0,0,0.0,0.0,0.0,0,0,nan,nan,nan,,nan,nan,nan,2,31,-,SELECT OWNER FIRST,
2026-07-09T13:20:21.024,650.024,mission_20260709_130931_manual,MANUAL,,0,13.330279350280762,100.99790954589844,149.37370997818596,4,True,0.6572499871253967,1,0,0,0,0,0.0,0.0,0.0,0,0,nan,nan,nan,,nan,nan,nan,2,30,-,SELECT OWNER FIRST,
2026-07-09T13:20:23.050,652.051,mission_20260709_130931_manual,MANUAL,,0,13.330280303955078,100.99790954589844,149.35830107141842,4,True,0.6577500104904175,1,0,0,0,0,0.0,0.0,0.0,0,0,nan,nan,nan,,nan,nan,nan,2,30,-,SELECT OWNER FIRST,
2026-07-09T13:20:25.113,654.113,mission_20260709_130931_manual,MANUAL,,0,13.330280303955078,100.99790954589844,149.34454507043,4,True,0.6579999923706055,1,0,0,0,0,0.0,0.0,0.0,0,0,nan,nan,nan,,nan,nan,nan,2,30,-,SELECT OWNER FIRST,
2026-07-09T13:20:27.175,656.175,mission_20260709_130931_manual,MANUAL,,0,13.330280303955078,100.99790954589844,149.33483254143025,4,True,0.6575000286102295,1,0,0,0,0,0.0,0.0,0.0,0,0,nan,nan,nan,,nan,nan,nan,2,30,-,SELECT OWNER FIRST,
2026-07-09T13:20:29.188,658.189,mission_20260709_130931_manual,MANUAL,,0,13.330280303955078,100.99790954589844,149.33357578662296,4,True,0.6577500104904175,1,0,0,0,0,0.0,0.0,0.0,0,0,nan,nan,nan,,nan,nan,nan,2,30,-,SELECT OWNER FIRST,
2026-07-09T13:20:31.302,660.302,mission_20260709_130931_manual,MANUAL,,0,13.330280303955078,100.99790954589844,149.3278247673418,4,True,0.6579999923706055,1,0,0,0,0,0.0,0.0,0.0,0,0,nan,nan,nan,,nan,nan,nan,2,30,-,SELECT OWNER FIRST,
2026-07-09T13:20:33.436,662.436,mission_20260709_130931_manual,MANUAL,,0,13.330281257629395,100.99791717529297,149.32817993717865,4,True,0.6579999923706055,1,0,0,0,0,0.0,0.0,0.0,0,0,nan,nan,nan,,nan,nan,nan,2,30,-,SELECT OWNER FIRST,
2026-07-09T13:20:35.463,664.464,mission_20260709_130931_manual,MANUAL,,0,13.330281257629395,100.99791717529297,149.32527027659222,4,True,0.6579999923706055,1,0,0,0,0,0.0,0.0,0.0,0,0,nan,nan,nan,,nan,nan,nan,2,31,-,SELECT OWNER FIRST,
2026-07-09T13:20:37.464,666.465,mission_20260709_130931_manual,MANUAL,,0,13.330281257629395,100.99791717529297,149.32783842772017,4,True,0.6575000286102295,1,0,0,0,0,0.0,0.0,0.0,0,0,nan,nan,nan,,nan,nan,nan,2,31,-,SELECT OWNER FIRST,
2026-07-09T13:20:39.537,668.537,mission_20260709_130931_manual,MANUAL,,0,13.330283164978027,100.99791717529297,149.33619857926425,4,True,0.6579999923706055,1,0,0,0,0,0.0,0.0,0.0,0,0,nan,nan,nan,,nan,nan,nan,2,30,-,SELECT OWNER FIRST,
2026-07-09T13:20:41.646,670.646,mission_20260709_130931_manual,MANUAL,,0,13.330284118652344,100.99791717529297,149.35267299554232,4,True,0.6570000052452087,1,0,0,0,0,0.0,0.0,0.0,0,0,nan,nan,nan,,nan,nan,nan,2,31,-,SELECT OWNER FIRST,
2026-07-09T13:20:43.693,672.693,mission_20260709_130931_manual,MANUAL,,0,13.330284118652344,100.99791717529297,149.3718111855967,4,True,0.6577500104904175,1,0,0,0,0,0.0,0.0,0.0,0,0,nan,nan,nan,,nan,nan,nan,2,29,-,SELECT OWNER FIRST,
2026-07-09T13:20:45.708,674.708,mission_20260709_130931_manual,MANUAL,,0,13.330284118652344,100.9979248046875,149.3809226579495,4,True,0.6570000052452087,1,0,0,0,0,0.0,0.0,0.0,0,0,nan,nan,nan,,nan,nan,nan,2,30,-,SELECT OWNER FIRST,
2026-07-09T13:20:47.846,676.846,mission_20260709_130931_manual,MANUAL,,0,13.330284118652344,100.9979248046875,149.39015707370734,4,True,0.6575000286102295,1,0,0,0,0,0.0,0.0,0.0,0,0,nan,nan,nan,,nan,nan,nan,2,30,-,SELECT OWNER FIRST,
2026-07-09T13:20:49.924,678.924,mission_20260709_130931_manual,MANUAL,,0,13.330284118652344,100.9979248046875,149.3999379045988,4,True,0.6579999923706055,1,0,0,0,0,0.0,0.0,0.0,0,0,nan,nan,nan,,nan,nan,nan,2,30,-,SELECT OWNER FIRST,
2026-07-09T13:20:51.982,680.982,mission_20260709_130931_manual,MANUAL,,0,13.330284118652344,100.9979248046875,149.4088854524115,4,True,0.6582499742507935,1,0,0,0,0,0.0,0.0,0.0,0,0,nan,nan,nan,,nan,nan,nan,2,30,-,SELECT OWNER FIRST,
2026-07-09T13:20:54.045,683.046,mission_20260709_130931_manual,MANUAL,,0,13.330284118652344,100.9979248046875,149.4218764722129,4,True,0.6575000286102295,1,0,0,0,0,0.0,0.0,0.0,0,0,nan,nan,nan,,nan,nan,nan,2,31,-,SELECT OWNER FIRST,
2026-07-09T13:20:56.137,685.137,mission_20260709_130931_manual,MANUAL,,0,13.33028507232666,100.9979248046875,149.43586469963307,4,True,0.6567500233650208,1,0,0,0,0,0.0,0.0,0.0,0,0,nan,nan,nan,,nan,nan,nan,2,31,-,SELECT OWNER FIRST,
2026-07-09T13:20:58.222,687.223,mission_20260709_130931_manual,MANUAL,,0,13.330286026000977,100.9979248046875,149.48661300516628,4,True,0.6579999923706055,1,0,0,0,0,0.0,0.0,0.0,0,0,nan,nan,nan,,nan,nan,nan,2,31,-,SELECT OWNER FIRST,
2026-07-09T13:21:00.366,689.367,mission_20260709_130931_manual,MANUAL,,0,13.330286026000977,100.9979248046875,149.47763813659688,4,True,0.6575000286102295,1,0,0,0,0,0.0,0.0,0.0,0,0,nan,nan,nan,,nan,nan,nan,2,31,-,SELECT OWNER FIRST,
2026-07-09T13:21:02.446,691.447,mission_20260709_130931_manual,MANUAL,,0,13.330286026000977,100.9979248046875,149.4612593429672,4,True,0.6567500233650208,1,0,0,0,0,0.0,0.0,0.0,0,0,nan,nan,nan,,nan,nan,nan,2,31,-,SELECT OWNER FIRST,
2026-07-09T13:21:04.535,693.536,mission_20260709_130931_manual,MANUAL,,0,13.330286979675293,100.9979248046875,149.44029066221523,4,True,0.6575000286102295,1,0,0,0,0,0.0,0.0,0.0,0,0,nan,nan,nan,,nan,nan,nan,2,30,-,SELECT OWNER FIRST,
2026-07-09T13:21:06.604,695.605,mission_20260709_130931_manual,MANUAL,,0,13.33028793334961,100.9979248046875,149.41964983054348,4,True,0.6575000286102295,1,0,0,0,0,0.0,0.0,0.0,0,0,nan,nan,nan,,nan,nan,nan,2,30,-,SELECT OWNER FIRST,
2026-07-09T13:21:08.679,697.679,mission_20260709_130931_manual,MANUAL,,0,13.330288887023926,100.9979248046875,149.3923563946201,4,True,0.6577500104904175,1,0,0,0,0,0.0,0.0,0.0,0,0,nan,nan,nan,,nan,nan,nan,2,29,-,SELECT OWNER FIRST,
2026-07-09T13:21:10.770,699.771,mission_20260709_130931_manual,MANUAL,,0,13.330289840698242,100.9979248046875,149.38211111086508,4,True,0.6575000286102295,1,0,0,0,0,0.0,0.0,0.0,0,0,nan,nan,nan,,nan,nan,nan,2,29,-,SELECT OWNER FIRST,
2026-07-09T13:21:12.841,701.842,mission_20260709_130931_manual,MANUAL,,0,13.330289840698242,100.9979248046875,149.365636694587,4,True,0.6572499871253967,1,0,0,0,0,0.0,0.0,0.0,0,0,nan,nan,nan,,nan,nan,nan,2,29,-,SELECT OWNER FIRST,
2026-07-09T13:21:14.959,703.959,mission_20260709_130931_manual,MANUAL,,0,13.330289840698242,100.9979248046875,149.36444824167143,4,True,0.6579999923706055,1,0,0,0,0,0.0,0.0,0.0,0,0,nan,nan,nan,,nan,nan,nan,2,29,-,SELECT OWNER FIRST,
2026-07-09T13:21:17.057,706.058,mission_20260709_130931_manual,MANUAL,,0,13.330289840698242,100.9979248046875,149.36534982664188,4,True,0.6575000286102295,1,0,0,0,0,0.0,0.0,0.0,0,0,nan,nan,nan,,nan,nan,nan,2,29,-,SELECT OWNER FIRST,
2026-07-09T13:21:19.099,708.099,mission_20260709_130931_manual,MANUAL,,0,13.330291748046875,100.9979248046875,149.37025390246592,4,True,0.6575000286102295,1,0,0,0,0,0.0,0.0,0.0,0,0,nan,nan,nan,,nan,nan,nan,2,30,-,SELECT OWNER FIRST,
2026-07-09T13:21:21.235,710.235,mission_20260709_130931_manual,MANUAL,,0,13.330290794372559,100.9979248046875,149.36442092091474,4,True,0.6579999923706055,1,0,0,0,0,0.0,0.0,0.0,0,0,nan,nan,nan,,nan,nan,nan,2,30,-,SELECT OWNER FIRST,
2026-07-09T13:21:23.352,712.353,mission_20260709_130931_manual,MANUAL,,0,13.330291748046875,100.9979248046875,149.35823276952672,4,True,0.6567500233650208,1,0,0,0,0,0.0,0.0,0.0,0,0,nan,nan,nan,,nan,nan,nan,2,29,-,SELECT OWNER FIRST,
2026-07-09T13:21:25.496,714.496,mission_20260709_130931_manual,MANUAL,,0,13.330291748046875,100.9979248046875,149.34813774993344,4,True,0.6575000286102295,1,0,0,0,0,0.0,0.0,0.0,0,0,nan,nan,nan,,nan,nan,nan,2,30,-,SELECT OWNER FIRST,
2026-07-09T13:21:27.500,716.501,mission_20260709_130931_manual,MANUAL,,0,13.330291748046875,100.9979248046875,149.33528333391547,4,True,0.6575000286102295,1,0,0,0,0,0.0,0.0,0.0,0,0,nan,nan,nan,,nan,nan,nan,2,30,-,SELECT OWNER FIRST,
2026-07-09T13:21:29.507,718.507,mission_20260709_130931_manual,MANUAL,,0,13.330291748046875,100.9979248046875,149.3242730689734,4,True,0.6572499871253967,1,0,0,0,0,0.0,0.0,0.0,0,0,nan,nan,nan,,nan,nan,nan,2,30,-,SELECT OWNER FIRST,
2026-07-09T13:21:31.635,720.636,mission_20260709_130931_manual,MANUAL,,0,13.330291748046875,100.99793243408203,149.33118522041346,4,True,0.6570000052452087,1,0,0,0,0,0.0,0.0,0.0,0,0,nan,nan,nan,,nan,nan,nan,2,30,-,SELECT OWNER FIRST,
2026-07-09T13:21:33.702,722.702,mission_20260709_130931_manual,MANUAL,,0,13.330290794372559,100.99793243408203,149.34759133479983,4,True,0.6570000052452087,1,0,0,0,0,0.0,0.0,0.0,0,0,nan,nan,nan,,nan,nan,nan,2,30,-,SELECT OWNER FIRST,
2026-07-09T13:21:35.798,724.798,mission_20260709_130931_manual,MANUAL,,0,13.330290794372559,100.99793243408203,149.35380680694453,4,True,0.6577500104904175,1,0,0,0,0,0.0,0.0,0.0,0,0,nan,nan,nan,,nan,nan,nan,2,29,-,SELECT OWNER FIRST,
2026-07-09T13:21:37.911,726.912,mission_20260709_130931_manual,MANUAL,,0,13.330289840698242,100.99793243408203,149.36951624203556,4,True,0.6572499871253967,1,0,0,0,0,0.0,0.0,0.0,0,0,nan,nan,nan,,nan,nan,nan,2,29,-,SELECT OWNER FIRST,
2026-07-09T13:21:39.983,728.984,mission_20260709_130931_manual,MANUAL,,0,13.330289840698242,100.99793243408203,149.38469292237133,4,True,0.6579999923706055,1,0,0,0,0,0.0,0.0,0.0,0,0,nan,nan,nan,,nan,nan,nan,2,30,-,SELECT OWNER FIRST,
2026-07-09T13:21:42.048,731.049,mission_20260709_130931_manual,MANUAL,,0,13.330289840698242,100.99793243408203,149.36616944934227,4,True,0.6579999923706055,1,0,0,0,0,0.0,0.0,0.0,0,0,nan,nan,nan,,nan,nan,nan,2,30,-,SELECT OWNER FIRST,
2026-07-09T13:21:44.141,733.142,mission_20260709_130931_manual,MANUAL,,0,13.330290794372559,100.99793243408203,149.34888907074213,4,True,0.6572499871253967,1,0,0,0,0,0.0,0.0,0.0,0,0,nan,nan,nan,,nan,nan,nan,2,29,-,SELECT OWNER FIRST,
2026-07-09T13:21:46.153,735.153,mission_20260709_130931_manual,MANUAL,,0,13.330291748046875,100.99793243408203,149.34115729660166,4,True,0.6579999923706055,1,0,0,0,0,0.0,0.0,0.0,0,0,nan,nan,nan,,nan,nan,nan,2,29,-,SELECT OWNER FIRST,
2026-07-09T13:21:48.157,737.158,mission_20260709_130931_manual,MANUAL,,0,13.330292701721191,100.99793243408203,149.33451835272842,4,True,0.6577500104904175,1,0,0,0,0,0.0,0.0,0.0,0,0,nan,nan,nan,,nan,nan,nan,2,29,-,SELECT OWNER FIRST,
2026-07-09T13:21:50.306,739.307,mission_20260709_130931_manual,MANUAL,,0,13.330293655395508,100.99793243408203,149.33929948514742,4,True,0.6579999923706055,1,0,0,0,0,0.0,0.0,0.0,0,0,nan,nan,nan,,nan,nan,nan,2,30,-,SELECT OWNER FIRST,
2026-07-09T13:21:52.380,741.381,mission_20260709_130931_manual,MANUAL,,0,13.330294609069824,100.99793243408203,149.3378514850434,4,True,0.6577500104904175,1,0,0,0,0,0.0,0.0,0.0,0,0,nan,nan,nan,,nan,nan,nan,2,30,-,SELECT OWNER FIRST,
2026-07-09T13:21:54.462,743.462,mission_20260709_130931_manual,MANUAL,,0,13.33029556274414,100.99793243408203,149.3402420512529,4,True,0.6570000052452087,1,0,0,0,0,0.0,0.0,0.0,0,0,nan,nan,nan,,nan,nan,nan,2,30,-,SELECT OWNER FIRST,
2026-07-09T13:21:56.525,745.525,mission_20260709_130931_manual,MANUAL,,0,13.330296516418457,100.99793243408203,149.34715420269296,4,True,0.6572499871253967,1,0,0,0,0,0.0,0.0,0.0,0,0,nan,nan,nan,,nan,nan,nan,2,29,-,SELECT OWNER FIRST,
2026-07-09T13:21:58.586,747.586,mission_20260709_130931_manual,MANUAL,,0,13.330297470092773,100.99793243408203,149.3549815994818,4,True,0.6575000286102295,1,0,0,0,0,0.0,0.0,0.0,0,0,nan,nan,nan,,nan,nan,nan,2,30,-,SELECT OWNER FIRST,
2026-07-09T13:22:00.674,749.675,mission_20260709_130931_manual,MANUAL,,0,13.33029842376709,100.99793243408203,149.35622469391072,4,True,0.6575000286102295,1,0,0,0,0,0.0,0.0,0.0,0,0,nan,nan,nan,,nan,nan,nan,2,30,-,SELECT OWNER FIRST,
2026-07-09T13:22:02.816,751.817,mission_20260709_130931_manual,MANUAL,,0,13.33029842376709,100.99793243408203,149.35474937305,4,True,0.6572499871253967,1,0,0,0,0,0.0,0.0,0.0,0,0,nan,nan,nan,,nan,nan,nan,2,29,-,SELECT OWNER FIRST,
2026-07-09T13:22:04.882,753.883,mission_20260709_130931_manual,MANUAL,,0,13.330299377441406,100.99793243408203,149.3475776744215,4,True,0.6572499871253967,1,0,0,0,0,0.0,0.0,0.0,0,0,nan,nan,nan,,nan,nan,nan,2,29,-,SELECT OWNER FIRST,
2026-07-09T13:22:06.972,755.973,mission_20260709_130931_manual,MANUAL,,0,13.330299377441406,100.99793243408203,149.32995578636286,4,True,0.6570000052452087,1,0,0,0,0,0.0,0.0,0.0,0,0,nan,nan,nan,,nan,nan,nan,2,29,-,SELECT OWNER FIRST,
2026-07-09T13:22:09.035,758.036,mission_20260709_130931_manual,MANUAL,,0,13.330300331115723,100.99793243408203,149.32464189918858,4,True,0.6572499871253967,1,0,0,0,0,0.0,0.0,0.0,0,0,nan,nan,nan,,nan,nan,nan,2,29,-,SELECT OWNER FIRST,
2026-07-09T13:22:11.126,760.127,mission_20260709_130931_manual,MANUAL,,0,13.330300331115723,100.99793243408203,149.31398680408336,4,True,0.6567500233650208,1,0,0,0,0,0.0,0.0,0.0,0,0,nan,nan,nan,,nan,nan,nan,2,29,-,SELECT OWNER FIRST,
2026-07-09T13:22:13.206,762.206,mission_20260709_130931_manual,MANUAL,,0,13.330301284790039,100.99793243408203,149.31098152084857,4,True,0.6577500104904175,1,0,0,0,0,0.0,0.0,0.0,0,0,nan,nan,nan,,nan,nan,nan,2,29,-,SELECT OWNER FIRST,
2026-07-09T13:22:15.330,764.33,mission_20260709_130931_manual,MANUAL,,0,13.330302238464355,100.99793243408203,149.29823638785732,4,True,0.6582499742507935,1,0,0,0,0,0.0,0.0,0.0,0,0,nan,nan,nan,,nan,nan,nan,2,30,-,SELECT OWNER FIRST,
2026-07-09T13:22:17.410,766.411,mission_20260709_130931_manual,MANUAL,,0,13.330303192138672,100.99793243408203,149.29865985958585,4,True,0.6579999923706055,1,0,0,0,0,0.0,0.0,0.0,0,0,nan,nan,nan,,nan,nan,nan,2,30,-,SELECT OWNER FIRST,
2026-07-09T13:22:19.476,768.477,mission_20260709_130931_manual,MANUAL,,0,13.330304145812988,100.99794006347656,149.29961608606965,4,True,0.6582499742507935,1,0,0,0,0,0.0,0.0,0.0,0,0,nan,nan,nan,,nan,nan,nan,2,30,-,SELECT OWNER FIRST,
2026-07-09T13:22:21.561,770.561,mission_20260709_130931_manual,MANUAL,,0,13.330305099487305,100.99794006347656,149.30661019977975,4,True,0.6572499871253967,1,0,0,0,0,0.0,0.0,0.0,0,0,nan,nan,nan,,nan,nan,nan,2,30,-,SELECT OWNER FIRST,
2026-07-09T13:22:23.586,772.586,mission_20260709_130931_manual,MANUAL,,0,13.330305099487305,100.99794006347656,149.30719759604838,4,True,0.6577500104904175,1,0,0,0,0,0.0,0.0,0.0,0,0,nan,nan,nan,,nan,nan,nan,2,30,-,SELECT OWNER FIRST,
2026-07-09T13:22:25.732,774.732,mission_20260709_130931_manual,MANUAL,,0,13.330305099487305,100.99794006347656,149.30770303004695,4,True,0.6572499871253967,1,0,0,0,0,0.0,0.0,0.0,0,0,nan,nan,nan,,nan,nan,nan,2,29,-,SELECT OWNER FIRST,
2026-07-09T13:22:27.842,776.843,mission_20260709_130931_manual,MANUAL,,0,13.330305099487305,100.99794006347656,149.31533918153903,4,True,0.6582499742507935,1,0,0,0,0,0.0,0.0,0.0,0,0,nan,nan,nan,,nan,nan,nan,2,29,-,SELECT OWNER FIRST,
2026-07-09T13:22:29.933,778.934,mission_20260709_130931_manual,MANUAL,,0,13.330305099487305,100.99794006347656,149.3133174455447,4,True,0.6577500104904175,1,0,0,0,0,0.0,0.0,0.0,0,0,nan,nan,nan,,nan,nan,nan,2,29,-,SELECT OWNER FIRST,
2026-07-09T13:22:32.013,781.013,mission_20260709_130931_manual,MANUAL,,0,13.330305099487305,100.99794006347656,149.3107629547951,4,True,0.6579999923706055,1,0,0,0,0,0.0,0.0,0.0,0,0,nan,nan,nan,,nan,nan,nan,2,28,-,SELECT OWNER FIRST,
2026-07-09T13:22:34.092,783.093,mission_20260709_130931_manual,MANUAL,,0,13.330305099487305,100.99794006347656,149.30920567166436,4,True,0.6572499871253967,1,0,0,0,0,0.0,0.0,0.0,0,0,nan,nan,nan,,nan,nan,nan,2,29,-,SELECT OWNER FIRST,
2026-07-09T13:22:36.103,785.104,mission_20260709_130931_manual,MANUAL,,0,13.330305099487305,100.99794006347656,149.2979221991555,4,True,0.6582499742507935,1,0,0,0,0,0.0,0.0,0.0,0,0,nan,nan,nan,,nan,nan,nan,2,29,-,SELECT OWNER FIRST,
2026-07-09T13:22:38.232,787.232,mission_20260709_130931_manual,MANUAL,,0,13.330305099487305,100.99794006347656,149.29506718008244,4,True,0.6575000286102295,1,0,0,0,0,0.0,0.0,0.0,0,0,nan,nan,nan,,nan,nan,nan,2,29,-,SELECT OWNER FIRST,
2026-07-09T13:22:40.381,789.381,mission_20260709_130931_manual,MANUAL,,0,13.330304145812988,100.99794006347656,149.29102370809377,4,True,0.6582499742507935,1,0,0,0,0,0.0,0.0,0.0,0,0,nan,nan,nan,,nan,nan,nan,2,30,-,SELECT OWNER FIRST,
2026-07-09T13:22:42.450,791.451,mission_20260709_130931_manual,MANUAL,,0,13.330303192138672,100.99794006347656,149.2802729903402,4,True,0.6570000052452087,1,0,0,0,0,0.0,0.0,0.0,0,0,nan,nan,nan,,nan,nan,nan,2,30,-,SELECT OWNER FIRST,
2026-07-09T13:22:44.525,793.526,mission_20260709_130931_manual,MANUAL,,0,13.330301284790039,100.99794006347656,149.2807920847171,4,True,0.6579999923706055,1,0,0,0,0,0.0,0.0,0.0,0,0,nan,nan,nan,,nan,nan,nan,2,30,-,SELECT OWNER FIRST,
2026-07-09T13:22:46.553,795.553,mission_20260709_130931_manual,MANUAL,,0,13.330300331115723,100.99794006347656,149.2782649147242,4,True,0.6579999923706055,1,0,0,0,0,0.0,0.0,0.0,0,0,nan,nan,nan,,nan,nan,nan,2,30,-,SELECT OWNER FIRST,
2026-07-09T13:22:48.667,797.668,mission_20260709_130931_manual,MANUAL,,0,13.33029842376709,100.99794006347656,149.27300566906328,4,True,0.6575000286102295,1,0,0,0,0,0.0,0.0,0.0,0,0,nan,nan,nan,,nan,nan,nan,2,30,-,SELECT OWNER FIRST,
2026-07-09T13:22:50.758,799.759,mission_20260709_130931_manual,MANUAL,,0,13.33029842376709,100.99794006347656,149.27083366890722,4,True,0.6572499871253967,1,0,0,0,0,0.0,0.0,0.0,0,0,nan,nan,nan,,nan,nan,nan,2,30,-,SELECT OWNER FIRST,
2026-07-09T13:22:52.783,801.783,mission_20260709_130931_manual,MANUAL,,0,13.330297470092773,100.99794006347656,149.26463185714084,4,True,0.6577500104904175,1,0,0,0,0,0.0,0.0,0.0,0,0,nan,nan,nan,,nan,nan,nan,2,30,-,SELECT OWNER FIRST,
2026-07-09T13:22:54.866,803.866,mission_20260709_130931_manual,MANUAL,,0,13.330297470092773,100.99794006347656,149.2569274037571,4,True,0.6572499871253967,1,0,0,0,0,0.0,0.0,0.0,0,0,nan,nan,nan,,nan,nan,nan,2,30,-,SELECT OWNER FIRST,
2026-07-09T13:22:56.974,805.974,mission_20260709_130931_manual,MANUAL,,0,13.330296516418457,100.99794006347656,149.25079389388242,4,True,0.6577500104904175,1,0,0,0,0,0.0,0.0,0.0,0,0,nan,nan,nan,,nan,nan,nan,2,30,-,SELECT OWNER FIRST,
2026-07-09T13:22:58.985,807.986,mission_20260709_130931_manual,MANUAL,,0,13.330296516418457,100.99794006347656,149.24336264806544,4,True,0.6582499742507935,1,0,0,0,0,0.0,0.0,0.0,0,0,nan,nan,nan,,nan,nan,nan,2,30,-,SELECT OWNER FIRST,
2026-07-09T13:23:01.038,810.038,mission_20260709_130931_manual,MANUAL,,0,13.330296516418457,100.99793243408203,149.2412726101794,4,True,0.6570000052452087,1,0,0,0,0,0.0,0.0,0.0,0,0,nan,nan,nan,,nan,nan,nan,2,30,-,SELECT OWNER FIRST,
2026-07-09T13:23:03.042,812.043,mission_20260709_130931_manual,MANUAL,,0,13.33029556274414,100.99793243408203,149.2378575155944,4,True,0.6577500104904175,1,0,0,0,0,0.0,0.0,0.0,0,0,nan,nan,nan,,nan,nan,nan,2,30,-,SELECT OWNER FIRST,
2026-07-09T13:23:05.078,814.078,mission_20260709_130931_manual,MANUAL,,0,13.330294609069824,100.99793243408203,149.239769968562,4,True,0.6567500233650208,1,0,0,0,0,0.0,0.0,0.0,0,0,nan,nan,nan,,nan,nan,nan,2,30,-,SELECT OWNER FIRST,
2026-07-09T13:23:07.190,816.19,mission_20260709_130931_manual,MANUAL,,0,13.330294609069824,100.99793243408203,149.23110928869443,4,True,0.6575000286102295,1,0,0,0,0,0.0,0.0,0.0,0,0,nan,nan,nan,,nan,nan,nan,2,30,-,SELECT OWNER FIRST,
2026-07-09T13:23:09.300,818.3,mission_20260709_130931_manual,MANUAL,,0,13.330294609069824,100.99793243408203,149.2254402316833,4,True,0.6572499871253967,1,0,0,0,0,0.0,0.0,0.0,0,0,nan,nan,nan,,nan,nan,nan,2,30,-,SELECT OWNER FIRST,
2026-07-09T13:23:11.418,820.419,mission_20260709_130931_manual,MANUAL,,0,13.330293655395508,100.99793243408203,149.21899253310684,4,True,0.6575000286102295,1,0,0,0,0,0.0,0.0,0.0,0,0,nan,nan,nan,,nan,nan,nan,2,30,-,SELECT OWNER FIRST,
2026-07-09T13:23:13.488,822.489,mission_20260709_130931_manual,MANUAL,,0,13.330292701721191,100.99793243408203,149.2053321547668,4,True,0.6575000286102295,1,0,0,0,0,0.0,0.0,0.0,0,0,nan,nan,nan,,nan,nan,nan,2,30,-,SELECT OWNER FIRST,
2026-07-09T13:23:15.492,824.492,mission_20260709_130931_manual,MANUAL,,0,13.330291748046875,100.99793243408203,149.20206732434355,4,True,0.6577500104904175,1,0,0,0,0,0.0,0.0,0.0,0,0,nan,nan,nan,,nan,nan,nan,2,30,-,SELECT OWNER FIRST,
2026-07-09T13:23:17.543,826.544,mission_20260709_130931_manual,MANUAL,,0,13.330291748046875,100.99793243408203,149.2100040041591,4,True,0.6567500233650208,1,0,0,0,0,0.0,0.0,0.0,0,0,nan,nan,nan,,nan,nan,nan,2,30,-,SELECT OWNER FIRST,
2026-07-09T13:23:19.687,828.687,mission_20260709_130931_manual,MANUAL,,0,13.330290794372559,100.99793243408203,149.22279011828536,4,True,0.6585000157356262,1,0,0,0,0,0.0,0.0,0.0,0,0,nan,nan,nan,,nan,nan,nan,2,30,-,SELECT OWNER FIRST,
2026-07-09T13:23:21.769,830.769,mission_20260709_130931_manual,MANUAL,,0,13.330289840698242,100.99793243408203,149.25162717696116,4,True,0.6585000157356262,1,0,0,0,0,0.0,0.0,0.0,0,0,nan,nan,nan,,nan,nan,nan,2,30,-,SELECT OWNER FIRST,
2026-07-09T13:23:23.840,832.841,mission_20260709_130931_manual,MANUAL,,0,13.330289840698242,100.99793243408203,149.2817756319576,4,True,0.6582499742507935,1,0,0,0,0,0.0,0.0,0.0,0,0,nan,nan,nan,,nan,nan,nan,2,30,-,SELECT OWNER FIRST,
2026-07-09T13:23:25.883,834.883,mission_20260709_130931_manual,MANUAL,,0,13.330289840698242,100.99793243408203,149.3086046150174,4,True,0.6577500104904175,1,0,0,0,0,0.0,0.0,0.0,0,0,nan,nan,nan,,nan,nan,nan,2,30,-,SELECT OWNER FIRST,
2026-07-09T13:23:27.944,836.945,mission_20260709_130931_manual,MANUAL,,0,13.330288887023926,100.99793243408203,149.32111752157687,4,True,0.6575000286102295,1,0,0,0,0,0.0,0.0,0.0,0,0,nan,nan,nan,,nan,nan,nan,2,30,-,SELECT OWNER FIRST,
2026-07-09T13:23:30.052,839.052,mission_20260709_130931_manual,MANUAL,,0,13.330288887023926,100.99793243408203,149.3252975973489,4,True,0.6575000286102295,1,0,0,0,0,0.0,0.0,0.0,0,0,nan,nan,nan,,nan,nan,nan,2,30,-,SELECT OWNER FIRST,
2026-07-09T13:23:32.145,841.145,mission_20260709_130931_manual,MANUAL,,0,13.330288887023926,100.99793243408203,149.3317452959254,4,True,0.6572499871253967,1,0,0,0,0,0.0,0.0,0.0,0,0,nan,nan,nan,,nan,nan,nan,2,30,-,SELECT OWNER FIRST,
2026-07-09T13:23:34.243,843.243,mission_20260709_130931_manual,MANUAL,,0,13.330288887023926,100.99793243408203,149.3371684661264,4,True,0.6575000286102295,1,0,0,0,0,0.0,0.0,0.0,0,0,nan,nan,nan,,nan,nan,nan,2,30,-,SELECT OWNER FIRST,
2026-07-09T13:23:36.331,845.331,mission_20260709_130931_manual,MANUAL,,0,13.330288887023926,100.99793243408203,149.33360310737964,4,True,0.6572499871253967,1,0,0,0,0,0.0,0.0,0.0,0,0,nan,nan,nan,,nan,nan,nan,2,30,-,SELECT OWNER FIRST,
2026-07-09T13:23:38.335,847.336,mission_20260709_130931_manual,MANUAL,,0,13.33028793334961,100.99793243408203,149.32980552220113,4,True,0.6575000286102295,1,0,0,0,0,0.0,0.0,0.0,0,0,nan,nan,nan,,nan,nan,nan,2,30,-,SELECT OWNER FIRST,
2026-07-09T13:23:40.338,849.338,mission_20260709_130931_manual,MANUAL,,0,13.330286979675293,100.99793243408203,149.3309939751167,4,True,0.6579999923706055,1,0,0,0,0,0.0,0.0,0.0,0,0,nan,nan,nan,,nan,nan,nan,2,30,-,SELECT OWNER FIRST,
2026-07-09T13:23:42.468,851.469,mission_20260709_130931_manual,MANUAL,,0,13.330286979675293,100.99793243408203,149.3315813713853,4,True,0.6567500233650208,1,0,0,0,0,0.0,0.0,0.0,0,0,nan,nan,nan,,nan,nan,nan,2,30,-,SELECT OWNER FIRST,
2026-07-09T13:23:44.540,853.54,mission_20260709_130931_manual,MANUAL,,0,13.330286026000977,100.99793243408203,149.3263494464811,4,True,0.6570000052452087,1,0,0,0,0,0.0,0.0,0.0,0,0,nan,nan,nan,,nan,nan,nan,2,30,-,SELECT OWNER FIRST,
2026-07-09T13:23:46.616,855.616,mission_20260709_130931_manual,MANUAL,,0,13.330286026000977,100.99793243408203,149.31775706850522,4,True,0.6585000157356262,1,0,0,0,0,0.0,0.0,0.0,0,0,nan,nan,nan,,nan,nan,nan,2,30,-,SELECT OWNER FIRST,
2026-07-09T13:23:48.726,857.727,mission_20260709_130931_manual,MANUAL,,0,13.33028507232666,100.99793243408203,149.32152733292705,4,True,0.6570000052452087,1,0,0,0,0,0.0,0.0,0.0,0,0,nan,nan,nan,,nan,nan,nan,2,30,-,SELECT OWNER FIRST,
2026-07-09T13:23:50.730,859.73,mission_20260709_130931_manual,MANUAL,,0,13.330284118652344,100.99793243408203,149.3133584266797,4,True,0.65625,1,0,0,0,0,0.0,0.0,0.0,0,0,nan,nan,nan,,nan,nan,nan,2,30,-,SELECT OWNER FIRST,
2026-07-09T13:23:52.860,861.861,mission_20260709_130931_manual,MANUAL,,0,13.330283164978027,100.99793243408203,149.2995204634213,4,True,0.6572499871253967,1,0,0,0,0,0.0,0.0,0.0,0,0,nan,nan,nan,,nan,nan,nan,2,30,-,SELECT OWNER FIRST,
2026-07-09T13:23:55.004,864.004,mission_20260709_130931_manual,MANUAL,,0,13.330283164978027,100.99793243408203,149.29353721770835,4,True,0.6579999923706055,1,0,0,0,0,0.0,0.0,0.0,0,0,nan,nan,nan,,nan,nan,nan,2,30,-,SELECT OWNER FIRST,
2026-07-09T13:23:57.023,866.023,mission_20260709_130931_manual,MANUAL,,0,13.330283164978027,100.99793243408203,149.28053253752864,4,True,0.6585000157356262,1,0,0,0,0,0.0,0.0,0.0,0,0,nan,nan,nan,,nan,nan,nan,2,30,-,SELECT OWNER FIRST,
2026-07-09T13:23:59.023,868.024,mission_20260709_130931_manual,MANUAL,,0,13.330283164978027,100.99793243408203,149.27463125408576,4,True,0.6577500104904175,1,0,0,0,0,0.0,0.0,0.0,0,0,nan,nan,nan,,nan,nan,nan,2,30,-,SELECT OWNER FIRST,
2026-07-09T13:24:01.091,870.092,mission_20260709_130931_manual,MANUAL,,0,13.330283164978027,100.9979248046875,149.27271880111815,4,True,0.656499981880188,1,0,0,0,0,0.0,0.0,0.0,0,0,nan,nan,nan,,nan,nan,nan,2,31,-,SELECT OWNER FIRST,
2026-07-09T13:24:03.107,872.108,mission_20260709_130931_manual,MANUAL,,0,13.33028507232666,100.9979248046875,149.27827857510255,4,True,0.6579999923706055,1,0,0,0,0,0.0,0.0,0.0,0,0,nan,nan,nan,,nan,nan,nan,2,31,-,SELECT OWNER FIRST,
2026-07-09T13:24:05.110,874.11,mission_20260709_130931_manual,MANUAL,,0,13.330286979675293,100.9979248046875,149.29148816095736,4,True,0.6575000286102295,1,0,0,0,0,0.0,0.0,0.0,0,0,nan,nan,nan,,nan,nan,nan,2,31,-,SELECT OWNER FIRST,
2026-07-09T13:24:07.249,876.249,mission_20260709_130931_manual,MANUAL,,0,13.330288887023926,100.9979248046875,149.29741676515692,4,True,0.6582499742507935,1,0,0,0,0,0.0,0.0,0.0,0,0,nan,nan,nan,,nan,nan,nan,2,31,-,SELECT OWNER FIRST,
2026-07-09T13:24:09.316,878.317,mission_20260709_130931_manual,MANUAL,,0,13.330289840698242,100.9979248046875,149.29472567062393,4,True,0.6577500104904175,1,0,0,0,0,0.0,0.0,0.0,0,0,nan,nan,nan,,nan,nan,nan,2,31,-,SELECT OWNER FIRST,
2026-07-09T13:24:11.398,880.398,mission_20260709_130931_manual,MANUAL,,0,13.330291748046875,100.9979248046875,149.28961668912476,4,True,0.6570000052452087,1,0,0,0,0,0.0,0.0,0.0,0,0,nan,nan,nan,,nan,nan,nan,2,30,-,SELECT OWNER FIRST,
2026-07-09T13:24:13.476,882.477,mission_20260709_130931_manual,MANUAL,,0,13.330292701721191,100.9979248046875,149.26974083864002,4,True,0.6579999923706055,1,0,0,0,0,0.0,0.0,0.0,0,0,nan,nan,nan,,nan,nan,nan,2,30,-,SELECT OWNER FIRST,
2026-07-09T13:24:15.513,884.513,mission_20260709_130931_manual,MANUAL,,0,13.330292701721191,100.9979248046875,149.27240461241632,4,True,0.6582499742507935,1,0,0,0,0,0.0,0.0,0.0,0,0,nan,nan,nan,,nan,nan,nan,2,30,-,SELECT OWNER FIRST,
2026-07-09T13:24:17.518,886.519,mission_20260709_130931_manual,MANUAL,,0,13.330291748046875,100.9979248046875,149.26612083837992,4,True,0.656499981880188,1,0,0,0,0,0.0,0.0,0.0,0,0,nan,nan,nan,,nan,nan,nan,2,30,-,SELECT OWNER FIRST,
2026-07-09T13:24:19.633,888.633,mission_20260709_130931_manual,MANUAL,,0,13.330292701721191,100.9979248046875,149.26108015877244,4,True,0.6577500104904175,1,0,0,0,0,0.0,0.0,0.0,0,0,nan,nan,nan,,nan,nan,nan,2,30,-,SELECT OWNER FIRST,
2026-07-09T13:24:21.703,890.704,mission_20260709_130931_manual,MANUAL,,0,13.330292701721191,100.9979248046875,149.25668151694697,4,True,0.6577500104904175,1,0,0,0,0,0.0,0.0,0.0,0,0,nan,nan,nan,,nan,nan,nan,2,29,-,SELECT OWNER FIRST,
2026-07-09T13:24:23.793,892.794,mission_20260709_130931_manual,MANUAL,,0,13.330291748046875,100.99793243408203,149.26034249834208,4,True,0.6572499871253967,1,0,0,0,0,0.0,0.0,0.0,0,0,nan,nan,nan,,nan,nan,nan,2,29,-,SELECT OWNER FIRST,
2026-07-09T13:24:25.875,894.876,mission_20260709_130931_manual,MANUAL,,0,13.330290794372559,100.99793243408203,149.25215993171642,4,True,0.65625,1,0,0,0,0,0.0,0.0,0.0,0,0,nan,nan,nan,,nan,nan,nan,2,30,-,SELECT OWNER FIRST,
2026-07-09T13:24:27.883,896.884,mission_20260709_130931_manual,MANUAL,,0,13.330290794372559,100.99793243408203,149.24670944075874,4,True,0.6579999923706055,1,0,0,0,0,0.0,0.0,0.0,0,0,nan,nan,nan,,nan,nan,nan,2,29,-,SELECT OWNER FIRST,
2026-07-09T13:24:30.012,899.013,mission_20260709_130931_manual,MANUAL,,0,13.330290794372559,100.99793243408203,149.24638159167858,4,True,0.6579999923706055,1,0,0,0,0,0.0,0.0,0.0,0,0,nan,nan,nan,,nan,nan,nan,2,30,-,SELECT OWNER FIRST,
2026-07-09T13:24:32.139,901.139,mission_20260709_130931_manual,MANUAL,,0,13.330290794372559,100.99793243408203,149.2454663463298,4,True,0.6575000286102295,1,0,0,0,0,0.0,0.0,0.0,0,0,nan,nan,nan,,nan,nan,nan,2,30,-,SELECT OWNER FIRST,
2026-07-09T13:24:34.213,903.214,mission_20260709_130931_manual,MANUAL,,0,13.330291748046875,100.99793243408203,149.2543046111158,4,True,0.6575000286102295,1,0,0,0,0,0.0,0.0,0.0,0,0,nan,nan,nan,,nan,nan,nan,2,30,-,SELECT OWNER FIRST,
2026-07-09T13:24:36.301,905.301,mission_20260709_130931_manual,MANUAL,,0,13.330291748046875,100.99793243408203,149.26721366864712,4,True,0.6572499871253967,1,0,0,0,0,0.0,0.0,0.0,0,0,nan,nan,nan,,nan,nan,nan,2,30,-,SELECT OWNER FIRST,
2026-07-09T13:24:38.394,907.394,mission_20260709_130931_manual,MANUAL,,0,13.330291748046875,100.99793243408203,149.2782649147242,4,True,0.6577500104904175,1,0,0,0,0,0.0,0.0,0.0,0,0,nan,nan,nan,,nan,nan,nan,2,30,-,SELECT OWNER FIRST,
2026-07-09T13:24:40.403,909.403,mission_20260709_130931_manual,MANUAL,,0,13.330291748046875,100.99793243408203,149.29096906658043,4,True,0.6570000052452087,1,0,0,0,0,0.0,0.0,0.0,0,0,nan,nan,nan,,nan,nan,nan,2,29,-,SELECT OWNER FIRST,
2026-07-09T13:24:42.539,911.54,mission_20260709_130931_manual,MANUAL,,0,13.330292701721191,100.99793243408203,149.3135223512198,4,True,0.6567500233650208,1,0,0,0,0,0.0,0.0,0.0,0,0,nan,nan,nan,,nan,nan,nan,2,30,-,SELECT OWNER FIRST,
2026-07-09T13:24:44.577,913.578,mission_20260709_130931_manual,MANUAL,,0,13.330294609069824,100.99793243408203,149.32535223886228,4,True,0.6577500104904175,1,0,0,0,0,0.0,0.0,0.0,0,0,nan,nan,nan,,nan,nan,nan,2,30,-,SELECT OWNER FIRST,
2026-07-09T13:24:46.645,915.645,mission_20260709_130931_manual,MANUAL,,0,13.330294609069824,100.99794006347656,149.3355018999689,4,True,0.6577500104904175,1,0,0,0,0,0.0,0.0,0.0,0,0,nan,nan,nan,,nan,nan,nan,2,30,-,SELECT OWNER FIRST,
2026-07-09T13:24:48.703,917.704,mission_20260709_130931_manual,MANUAL,,0,13.33029556274414,100.99794006347656,149.34104801357495,4,True,0.6579999923706055,1,0,0,0,0,0.0,0.0,0.0,0,0,nan,nan,nan,,nan,nan,nan,2,30,-,SELECT OWNER FIRST,
2026-07-09T13:24:50.754,919.754,mission_20260709_130931_manual,MANUAL,,0,13.33029556274414,100.99794006347656,149.35410733526803,4,True,0.6575000286102295,1,0,0,0,0,0.0,0.0,0.0,0,0,nan,nan,nan,,nan,nan,nan,2,30,-,SELECT OWNER FIRST,
2026-07-09T13:24:52.818,921.819,mission_20260709_130931_manual,MANUAL,,0,13.33029556274414,100.99794006347656,149.36578695874874,4,True,0.6577500104904175,1,0,0,0,0,0.0,0.0,0.0,0,0,nan,nan,nan,,nan,nan,nan,2,30,-,SELECT OWNER FIRST,
2026-07-09T13:24:54.911,923.912,mission_20260709_130931_manual,MANUAL,,0,13.330294609069824,100.99794006347656,149.37325918570073,4,True,0.6577500104904175,1,0,0,0,0,0.0,0.0,0.0,0,0,nan,nan,nan,,nan,nan,nan,2,30,-,SELECT OWNER FIRST,
2026-07-09T13:24:57.017,926.018,mission_20260709_130931_manual,MANUAL,,0,13.330294609069824,100.99794006347656,149.38209745048673,4,True,0.6570000052452087,1,0,0,0,0,0.0,0.0,0.0,0,0,nan,nan,nan,,nan,nan,nan,2,30,-,SELECT OWNER FIRST,
2026-07-09T13:24:59.057,928.057,mission_20260709_130931_manual,MANUAL,,0,13.330294609069824,100.99794006347656,149.38685126214907,4,True,0.6570000052452087,1,0,0,0,0,0.0,0.0,0.0,0,0,nan,nan,nan,,nan,nan,nan,2,30,-,SELECT OWNER FIRST,
2026-07-09T13:25:01.177,930.177,mission_20260709_130931_manual,MANUAL,,0,13.330293655395508,100.99794006347656,149.3873020546343,4,True,0.6572499871253967,1,0,0,0,0,0.0,0.0,0.0,0,0,nan,nan,nan,,nan,nan,nan,2,30,-,SELECT OWNER FIRST,
2026-07-09T13:25:03.276,932.276,mission_20260709_130931_manual,MANUAL,,0,13.330292701721191,100.99794006347656,149.3972468100658,4,True,0.6579999923706055,1,0,0,0,0,0.0,0.0,0.0,0,0,nan,nan,nan,,nan,nan,nan,2,30,-,SELECT OWNER FIRST,
2026-07-09T13:25:05.362,934.362,mission_20260709_130931_manual,MANUAL,,0,13.330292701721191,100.99794006347656,149.40712326360565,4,True,0.6570000052452087,1,0,0,0,0,0.0,0.0,0.0,0,0,nan,nan,nan,,nan,nan,nan,2,30,-,SELECT OWNER FIRST,
2026-07-09T13:25:07.469,936.469,mission_20260709_130931_manual,MANUAL,,0,13.330291748046875,100.99794006347656,149.4077243202526,4,True,0.6575000286102295,1,0,0,0,0,0.0,0.0,0.0,0,0,nan,nan,nan,,nan,nan,nan,2,30,-,SELECT OWNER FIRST,
2026-07-09T13:25:09.616,938.616,mission_20260709_130931_manual,MANUAL,,0,13.330291748046875,100.99794006347656,149.4019459802148,4,True,0.6570000052452087,1,0,0,0,0,0.0,0.0,0.0,0,0,nan,nan,nan,,nan,nan,nan,2,30,-,SELECT OWNER FIRST,
2026-07-09T13:25:11.686,940.687,mission_20260709_130931_manual,MANUAL,,0,13.330290794372559,100.99794006347656,149.39609933828527,4,True,0.6577500104904175,1,0,0,0,0,0.0,0.0,0.0,0,0,nan,nan,nan,,nan,nan,nan,2,30,-,SELECT OWNER FIRST,
2026-07-09T13:25:13.717,942.717,mission_20260709_130931_manual,MANUAL,,0,13.330289840698242,100.99794006347656,149.39067616808427,4,True,0.6572499871253967,1,0,0,0,0,0.0,0.0,0.0,0,0,nan,nan,nan,,nan,nan,nan,2,30,-,SELECT OWNER FIRST,
2026-07-09T13:25:15.762,944.763,mission_20260709_130931_manual,MANUAL,,0,13.330289840698242,100.99794006347656,149.38649609231223,4,True,0.6579999923706055,1,0,0,0,0,0.0,0.0,0.0,0,0,nan,nan,nan,,nan,nan,nan,2,29,-,SELECT OWNER FIRST,
2026-07-09T13:25:17.806,946.806,mission_20260709_130931_manual,MANUAL,,0,13.330288887023926,100.99794006347656,149.38100462021953,4,True,0.6567500233650208,1,0,0,0,0,0.0,0.0,0.0,0,0,nan,nan,nan,,nan,nan,nan,2,29,-,SELECT OWNER FIRST,
2026-07-09T13:25:19.825,948.825,mission_20260709_130931_manual,MANUAL,,0,13.330288887023926,100.99794006347656,149.38060846924768,4,True,0.6572499871253967,1,0,0,0,0,0.0,0.0,0.0,0,0,nan,nan,nan,,nan,nan,nan,2,29,-,SELECT OWNER FIRST,
2026-07-09T13:25:21.868,950.869,mission_20260709_130931_manual,MANUAL,,0,13.33028793334961,100.99794006347656,149.38081337492278,4,True,0.6587499976158142,1,0,0,0,0,0.0,0.0,0.0,0,0,nan,nan,nan,,nan,nan,nan,2,28,-,SELECT OWNER FIRST,
2026-07-09T13:25:23.896,952.896,mission_20260709_130931_manual,MANUAL,,0,13.330286026000977,100.99794006347656,149.3739968461311,4,True,0.6567500233650208,1,0,0,0,0,0.0,0.0,0.0,0,0,nan,nan,nan,,nan,nan,nan,2,27,-,SELECT OWNER FIRST,
2026-07-09T13:25:25.949,954.949,mission_20260709_130931_manual,MANUAL,,0,13.33028507232666,100.99794006347656,149.37483012920984,4,True,0.6577500104904175,1,0,0,0,0,0.0,0.0,0.0,0,0,nan,nan,nan,,nan,nan,nan,2,28,-,SELECT OWNER FIRST,
2026-07-09T13:25:28.021,957.021,mission_20260709_130931_manual,MANUAL,,0,13.330283164978027,100.99794006347656,149.37172922332667,4,True,0.6575000286102295,1,0,0,0,0,0.0,0.0,0.0,0,0,nan,nan,nan,,nan,nan,nan,2,27,-,SELECT OWNER FIRST,
2026-07-09T13:25:30.063,959.064,mission_20260709_130931_manual,MANUAL,,0,13.330281257629395,100.99794006347656,149.37655133688068,4,True,0.6579999923706055,1,0,0,0,0,0.0,0.0,0.0,0,0,nan,nan,nan,,nan,nan,nan,2,29,-,SELECT OWNER FIRST,
2026-07-09T13:25:32.184,961.184,mission_20260709_130931_manual,MANUAL,,0,13.330280303955078,100.99794006347656,149.3764557142323,4,True,0.6577500104904175,1,0,0,0,0,0.0,0.0,0.0,0,0,nan,nan,nan,,nan,nan,nan,2,28,-,SELECT OWNER FIRST,
2026-07-09T13:25:34.194,963.194,mission_20260709_130931_manual,MANUAL,,0,13.330279350280762,100.99794006347656,149.37100522327464,4,True,0.6577500104904175,1,0,0,0,0,0.0,0.0,0.0,0,0,nan,nan,nan,,nan,nan,nan,2,28,-,SELECT OWNER FIRST,
2026-07-09T13:25:36.196,965.197,mission_20260709_130931_manual,MANUAL,,0,13.330278396606445,100.99794006347656,149.36916107219872,4,True,0.6577500104904175,1,0,0,0,0,0.0,0.0,0.0,0,0,nan,nan,nan,,nan,nan,nan,2,29,-,SELECT OWNER FIRST,
2026-07-09T13:25:38.272,967.273,mission_20260709_130931_manual,MANUAL,,0,13.330278396606445,100.99793243408203,149.37883262006346,4,True,0.6577500104904175,1,0,0,0,0,0.0,0.0,0.0,0,0,nan,nan,nan,,nan,nan,nan,2,31,-,SELECT OWNER FIRST,
2026-07-09T13:25:40.351,969.352,mission_20260709_130931_manual,MANUAL,,0,13.330278396606445,100.99793243408203,149.3742700536979,4,True,0.6585000157356262,1,0,0,0,0,0.0,0.0,0.0,0,0,nan,nan,nan,,nan,nan,nan,2,31,-,SELECT OWNER FIRST,
2026-07-09T13:25:42.478,971.478,mission_20260709_130931_manual,MANUAL,,0,13.330279350280762,100.99793243408203,149.3643389586447,4,True,0.6585000157356262,1,0,0,0,0,0.0,0.0,0.0,0,0,nan,nan,nan,,nan,nan,nan,2,31,-,SELECT OWNER FIRST,
2026-07-09T13:25:44.612,973.613,mission_20260709_130931_manual,MANUAL,,0,13.330280303955078,100.99793243408203,149.36469412848155,4,True,0.6575000286102295,1,0,0,0,0,0.0,0.0,0.0,0,0,nan,nan,nan,,nan,nan,nan,2,31,-,SELECT OWNER FIRST,
2026-07-09T13:25:46.642,975.642,mission_20260709_130931_manual,MANUAL,,0,13.330280303955078,100.99793243408203,149.36586892101877,4,True,0.6582499742507935,1,0,0,0,0,0.0,0.0,0.0,0,0,nan,nan,nan,,nan,nan,nan,2,31,-,SELECT OWNER FIRST,
2026-07-09T13:25:48.777,977.778,mission_20260709_130931_manual,MANUAL,,0,13.330281257629395,100.99793243408203,149.36205767546193,4,True,0.6577500104904175,1,0,0,0,0,0.0,0.0,0.0,0,0,nan,nan,nan,,nan,nan,nan,2,31,-,SELECT OWNER FIRST,
2026-07-09T13:25:50.866,979.866,mission_20260709_130931_manual,MANUAL,,0,13.330281257629395,100.99793243408203,149.34897103301216,4,True,0.6582499742507935,1,0,0,0,0,0.0,0.0,0.0,0,0,nan,nan,nan,,nan,nan,nan,2,31,-,SELECT OWNER FIRST,
2026-07-09T13:25:52.951,981.952,mission_20260709_130931_manual,MANUAL,,0,13.330281257629395,100.99793243408203,149.34735910836804,4,True,0.6579999923706055,1,0,0,0,0,0.0,0.0,0.0,0,0,nan,nan,nan,,nan,nan,nan,2,31,-,SELECT OWNER FIRST,
2026-07-09T13:25:54.957,983.958,mission_20260709_130931_manual,MANUAL,,0,13.330280303955078,100.99793243408203,149.34812408955509,4,True,0.6575000286102295,1,0,0,0,0,0.0,0.0,0.0,0,0,nan,nan,nan,,nan,nan,nan,2,31,-,SELECT OWNER FIRST,
2026-07-09T13:25:57.085,986.085,mission_20260709_130931_manual,MANUAL,,0,13.330280303955078,100.99794006347656,149.34397133453973,4,True,0.6577500104904175,1,0,0,0,0,0.0,0.0,0.0,0,0,nan,nan,nan,,nan,nan,nan,2,31,-,SELECT OWNER FIRST,
2026-07-09T13:25:59.214,988.215,mission_20260709_130931_manual,MANUAL,,0,13.330280303955078,100.99794006347656,149.34847925939192,4,True,0.6572499871253967,1,0,0,0,0,0.0,0.0,0.0,0,0,nan,nan,nan,,nan,nan,nan,2,31,-,SELECT OWNER FIRST,
2026-07-09T13:26:01.239,990.239,mission_20260709_130931_manual,MANUAL,,0,13.330279350280762,100.99794006347656,149.3480284669067,4,True,0.6575000286102295,1,0,0,0,0,0.0,0.0,0.0,0,0,nan,nan,nan,,nan,nan,nan,2,31,-,SELECT OWNER FIRST,
2026-07-09T13:26:03.397,992.397,mission_20260709_130931_manual,MANUAL,,0,13.330279350280762,100.99794006347656,149.3575087694747,4,True,0.6582499742507935,1,0,0,0,0,0.0,0.0,0.0,0,0,nan,nan,nan,,nan,nan,nan,2,31,-,SELECT OWNER FIRST,
2026-07-09T13:26:05.464,994.464,mission_20260709_130931_manual,MANUAL,,0,13.330279350280762,100.99794006347656,149.3522905049488,4,True,0.6579999923706055,1,0,0,0,0,0.0,0.0,0.0,0,0,nan,nan,nan,,nan,nan,nan,2,31,-,SELECT OWNER FIRST,
2026-07-09T13:26:07.553,996.553,mission_20260709_130931_manual,MANUAL,,0,13.330278396606445,100.99794006347656,149.35746778833968,4,True,0.6587499976158142,1,0,0,0,0,0.0,0.0,0.0,0,0,nan,nan,nan,,nan,nan,nan,2,31,-,SELECT OWNER FIRST,
2026-07-09T13:26:09.686,998.687,mission_20260709_130931_manual,MANUAL,,0,13.330278396606445,100.99794006347656,149.3623991849204,4,True,0.6572499871253967,1,0,0,0,0,0.0,0.0,0.0,0,0,nan,nan,nan,,nan,nan,nan,2,31,-,SELECT OWNER FIRST,
2026-07-09T13:26:11.735,1000.736,mission_20260709_130931_manual,MANUAL,,0,13.330278396606445,100.99794006347656,149.3645438643198,4,True,0.6572499871253967,1,0,0,0,0,0.0,0.0,0.0,0,0,nan,nan,nan,,nan,nan,nan,2,31,-,SELECT OWNER FIRST,
2026-07-09T13:26:13.783,1002.783,mission_20260709_130931_manual,MANUAL,,0,13.330278396606445,100.99794006347656,149.36360129821435,4,True,0.6582499742507935,1,0,0,0,0,0.0,0.0,0.0,0,0,nan,nan,nan,,nan,nan,nan,2,31,-,SELECT OWNER FIRST,
2026-07-09T13:26:15.803,1004.803,mission_20260709_130931_manual,MANUAL,,0,13.330278396606445,100.99794006347656,149.36996703452078,4,True,0.6579999923706055,1,0,0,0,0,0.0,0.0,0.0,0,0,nan,nan,nan,,nan,nan,nan,2,31,-,SELECT OWNER FIRST,
2026-07-09T13:26:17.825,1006.826,mission_20260709_130931_manual,MANUAL,,0,13.330279350280762,100.99793243408203,149.38103194097621,4,True,0.6579999923706055,1,0,0,0,0,0.0,0.0,0.0,0,0,nan,nan,nan,,nan,nan,nan,2,31,-,SELECT OWNER FIRST,
2026-07-09T13:26:19.832,1008.832,mission_20260709_130931_manual,MANUAL,,0,13.330279350280762,100.99793243408203,149.37589563872035,4,True,0.6575000286102295,1,0,0,0,0,0.0,0.0,0.0,0,0,nan,nan,nan,,nan,nan,nan,2,31,-,SELECT OWNER FIRST,
2026-07-09T13:26:21.940,1010.941,mission_20260709_130931_manual,MANUAL,,0,13.330279350280762,100.99793243408203,149.36813654382323,4,True,0.6577500104904175,1,0,0,0,0,0.0,0.0,0.0,0,0,nan,nan,nan,,nan,nan,nan,2,31,-,SELECT OWNER FIRST,
2026-07-09T13:26:24.087,1013.088,mission_20260709_130931_manual,MANUAL,,0,13.330279350280762,100.99793243408203,149.3639018265378,4,True,0.6572499871253967,1,0,0,0,0,0.0,0.0,0.0,0,0,nan,nan,nan,,nan,nan,nan,2,31,-,SELECT OWNER FIRST,
2026-07-09T13:26:26.122,1015.123,mission_20260709_130931_manual,MANUAL,,0,13.330279350280762,100.99793243408203,149.34778258009658,4,True,0.6567500233650208,1,0,0,0,0,0.0,0.0,0.0,0,0,nan,nan,nan,,nan,nan,nan,2,31,-,SELECT OWNER FIRST,
2026-07-09T13:26:28.272,1017.273,mission_20260709_130931_manual,MANUAL,,0,13.330280303955078,100.99793243408203,149.34052891919805,4,True,0.6567500233650208,1,0,0,0,0,0.0,0.0,0.0,0,0,nan,nan,nan,,nan,nan,nan,2,31,-,SELECT OWNER FIRST,
2026-07-09T13:26:30.273,1019.274,mission_20260709_130931_manual,MANUAL,,0,13.330280303955078,100.99793243408203,149.33252393749078,4,True,0.6575000286102295,1,0,0,0,0,0.0,0.0,0.0,0,0,nan,nan,nan,,nan,nan,nan,2,31,-,SELECT OWNER FIRST,
2026-07-09T13:26:32.289,1021.289,mission_20260709_130931_manual,MANUAL,,0,13.330280303955078,100.99793243408203,149.31889087990743,4,True,0.6572499871253967,1,0,0,0,0,0.0,0.0,0.0,0,0,nan,nan,nan,,nan,nan,nan,2,30,-,SELECT OWNER FIRST,
2026-07-09T13:26:34.434,1023.435,mission_20260709_130931_manual,MANUAL,,0,13.330279350280762,100.99793243408203,149.30831774707227,4,True,0.6582499742507935,1,0,0,0,0,0.0,0.0,0.0,0,0,nan,nan,nan,,nan,nan,nan,2,31,-,SELECT OWNER FIRST,
2026-07-09T13:26:36.573,1025.573,mission_20260709_130931_manual,MANUAL,,0,13.330279350280762,100.99793243408203,149.28640650021487,4,True,0.6579999923706055,1,0,0,0,0,0.0,0.0,0.0,0,0,nan,nan,nan,,nan,nan,nan,2,31,-,SELECT OWNER FIRST,
2026-07-09T13:26:38.590,1027.591,mission_20260709_130931_manual,MANUAL,,0,13.330279350280762,100.99793243408203,149.28543661335272,4,True,0.6579999923706055,1,0,0,0,0,0.0,0.0,0.0,0,0,nan,nan,nan,,nan,nan,nan,2,31,-,SELECT OWNER FIRST,
2026-07-09T13:26:40.646,1029.647,mission_20260709_130931_manual,MANUAL,,0,13.330278396606445,100.99793243408203,149.29132423641727,4,True,0.6577500104904175,1,0,0,0,0,0.0,0.0,0.0,0,0,nan,nan,nan,,nan,nan,nan,2,31,-,SELECT OWNER FIRST,
2026-07-09T13:26:42.648,1031.649,mission_20260709_130931_manual,MANUAL,,0,13.330278396606445,100.99793243408203,149.29131057603894,4,True,0.6570000052452087,1,0,0,0,0,0.0,0.0,0.0,0,0,nan,nan,nan,,nan,nan,nan,2,31,-,SELECT OWNER FIRST,
2026-07-09T13:26:44.755,1033.755,mission_20260709_130931_manual,MANUAL,,0,13.330278396606445,100.99793243408203,149.28524536805597,4,True,0.6575000286102295,1,0,0,0,0,0.0,0.0,0.0,0,0,nan,nan,nan,,nan,nan,nan,2,31,-,SELECT OWNER FIRST,
2026-07-09T13:26:46.853,1035.853,mission_20260709_130931_manual,MANUAL,,0,13.330279350280762,100.99793243408203,149.2822264244428,4,True,0.6575000286102295,1,0,0,0,0,0.0,0.0,0.0,0,0,nan,nan,nan,,nan,nan,nan,2,31,-,SELECT OWNER FIRST,
2026-07-09T13:26:48.856,1037.857,mission_20260709_130931_manual,MANUAL,,0,13.330278396606445,100.99793243408203,149.2788796317495,4,True,0.6570000052452087,1,0,0,0,0,0.0,0.0,0.0,0,0,nan,nan,nan,,nan,nan,nan,2,30,-,SELECT OWNER FIRST,
2026-07-09T13:26:50.945,1039.946,mission_20260709_130931_manual,MANUAL,,0,13.330278396606445,100.99793243408203,149.28468529254403,4,True,0.6585000157356262,1,0,0,0,0,0.0,0.0,0.0,0,0,nan,nan,nan,,nan,nan,nan,2,30,-,SELECT OWNER FIRST,
2026-07-09T13:26:53.059,1042.06,mission_20260709_130931_manual,MANUAL,,0,13.330278396606445,100.99793243408203,149.2914061986873,4,True,0.6575000286102295,1,0,0,0,0,0.0,0.0,0.0,0,0,nan,nan,nan,,nan,nan,nan,2,31,-,SELECT OWNER FIRST,
2026-07-09T13:26:55.093,1044.094,mission_20260709_130931_manual,MANUAL,,0,13.330278396606445,100.99793243408203,149.30333170897813,4,True,0.6570000052452087,1,0,0,0,0,0.0,0.0,0.0,0,0,nan,nan,nan,,nan,nan,nan,2,31,-,SELECT OWNER FIRST,
2026-07-09T13:26:57.193,1046.194,mission_20260709_130931_manual,MANUAL,,0,13.330278396606445,100.99793243408203,149.31268906814105,4,True,0.6572499871253967,1,0,0,0,0,0.0,0.0,0.0,0,0,nan,nan,nan,,nan,nan,nan,2,31,-,SELECT OWNER FIRST,
2026-07-09T13:26:59.297,1048.298,mission_20260709_130931_manual,MANUAL,,0,13.330278396606445,100.99793243408203,149.3203798611465,4,True,0.6577500104904175,1,0,0,0,0,0.0,0.0,0.0,0,0,nan,nan,nan,,nan,nan,nan,2,31,-,SELECT OWNER FIRST,
2026-07-09T13:27:01.450,1050.45,mission_20260709_130931_manual,MANUAL,,0,13.330278396606445,100.99793243408203,149.3332752582995,4,True,0.6582499742507935,1,0,0,0,0,0.0,0.0,0.0,0,0,nan,nan,nan,,nan,nan,nan,2,30,-,SELECT OWNER FIRST,
2026-07-09T13:27:03.487,1052.487,mission_20260709_130931_manual,MANUAL,,0,13.330278396606445,100.99793243408203,149.3378241642867,4,True,0.6572499871253967,1,0,0,0,0,0.0,0.0,0.0,0,0,nan,nan,nan,,nan,nan,nan,2,30,-,SELECT OWNER FIRST,
2026-07-09T13:27:05.520,1054.52,mission_20260709_130931_manual,MANUAL,,0,13.330279350280762,100.99793243408203,149.34084310789987,4,True,0.6579999923706055,1,0,0,0,0,0.0,0.0,0.0,0,0,nan,nan,nan,,nan,nan,nan,2,30,-,SELECT OWNER FIRST,
2026-07-09T13:27:07.664,1056.665,mission_20260709_130931_manual,MANUAL,,0,13.330279350280762,100.99793243408203,149.34144416454683,4,True,0.6575000286102295,1,0,0,0,0,0.0,0.0,0.0,0,0,nan,nan,nan,,nan,nan,nan,2,30,-,SELECT OWNER FIRST,
2026-07-09T13:27:09.774,1058.775,mission_20260709_130931_manual,MANUAL,,0,13.330279350280762,100.99793243408203,149.34529639123872,4,True,0.6577500104904175,1,0,0,0,0,0.0,0.0,0.0,0,0,nan,nan,nan,,nan,nan,nan,2,30,-,SELECT OWNER FIRST,
2026-07-09T13:27:11.858,1060.858,mission_20260709_130931_manual,MANUAL,,0,13.330278396606445,100.99793243408203,149.35302816537916,4,True,0.6572499871253967,1,0,0,0,0,0.0,0.0,0.0,0,0,nan,nan,nan,,nan,nan,nan,2,30,-,SELECT OWNER FIRST,
2026-07-09T13:27:13.892,1062.893,mission_20260709_130931_manual,MANUAL,,0,13.330277442932129,100.99793243408203,149.341129975845,4,True,0.6570000052452087,1,0,0,0,0,0.0,0.0,0.0,0,0,nan,nan,nan,,nan,nan,nan,2,30,-,SELECT OWNER FIRST,
2026-07-09T13:27:15.905,1064.906,mission_20260709_130931_manual,MANUAL,,0,13.330277442932129,100.99793243408203,149.33431344705332,4,True,0.6570000052452087,1,0,0,0,0,0.0,0.0,0.0,0,0,nan,nan,nan,,nan,nan,nan,2,30,-,SELECT OWNER FIRST,
2026-07-09T13:27:17.954,1066.954,mission_20260709_130931_manual,MANUAL,,0,13.330277442932129,100.99794006347656,149.32961427690435,4,True,0.6570000052452087,1,0,0,0,0,0.0,0.0,0.0,0,0,nan,nan,nan,,nan,nan,nan,2,30,-,SELECT OWNER FIRST,
2026-07-09T13:27:20.000,1069.001,mission_20260709_130931_manual,MANUAL,,0,13.330278396606445,100.99794006347656,149.320721370605,4,True,0.6570000052452087,1,0,0,0,0,0.0,0.0,0.0,0,0,nan,nan,nan,,nan,nan,nan,2,30,-,SELECT OWNER FIRST,
2026-07-09T13:27:22.141,1071.141,mission_20260709_130931_manual,MANUAL,,0,13.330278396606445,100.99794006347656,149.31510695510724,4,True,0.6570000052452087,1,0,0,0,0,0.0,0.0,0.0,0,0,nan,nan,nan,,nan,nan,nan,2,30,-,SELECT OWNER FIRST,
2026-07-09T13:27:24.225,1073.225,mission_20260709_130931_manual,MANUAL,,0,13.330277442932129,100.99794006347656,149.3106536717684,4,True,0.6579999923706055,1,0,0,0,0,0.0,0.0,0.0,0,0,nan,nan,nan,,nan,nan,nan,2,31,-,SELECT OWNER FIRST,
2026-07-09T13:27:26.270,1075.27,mission_20260709_130931_manual,MANUAL,,0,13.330277442932129,100.99794006347656,149.3197651441212,4,True,0.6575000286102295,1,0,0,0,0,0.0,0.0,0.0,0,0,nan,nan,nan,,nan,nan,nan,2,31,-,SELECT OWNER FIRST,
2026-07-09T13:27:28.369,1077.369,mission_20260709_130931_manual,MANUAL,,0,13.330278396606445,100.99794006347656,149.32241525751917,4,True,0.6582499742507935,1,0,0,0,0,0.0,0.0,0.0,0,0,nan,nan,nan,,nan,nan,nan,2,31,-,SELECT OWNER FIRST,
2026-07-09T13:27:30.398,1079.398,mission_20260709_130931_manual,MANUAL,,0,13.330277442932129,100.99794006347656,149.3225382009242,4,True,0.6567500233650208,1,0,0,0,0,0.0,0.0,0.0,0,0,nan,nan,nan,,nan,nan,nan,2,31,-,SELECT OWNER FIRST,
2026-07-09T13:27:32.401,1081.402,mission_20260709_130931_manual,MANUAL,,0,13.330278396606445,100.99794006347656,149.32763352204506,4,True,0.6577500104904175,1,0,0,0,0,0.0,0.0,0.0,0,0,nan,nan,nan,,nan,nan,nan,2,31,-,SELECT OWNER FIRST,
2026-07-09T13:27:34.445,1083.445,mission_20260709_130931_manual,MANUAL,,0,13.330279350280762,100.99794006347656,149.32054378568657,4,True,0.6577500104904175,1,0,0,0,0,0.0,0.0,0.0,0,0,nan,nan,nan,,nan,nan,nan,2,31,-,SELECT OWNER FIRST,
2026-07-09T13:27:36.523,1085.524,mission_20260709_130931_manual,MANUAL,,0,13.330279350280762,100.99794006347656,149.32281140849102,4,True,0.6587499976158142,1,0,0,0,0,0.0,0.0,0.0,0,0,nan,nan,nan,,nan,nan,nan,2,31,-,SELECT OWNER FIRST,
2026-07-09T13:27:38.647,1087.648,mission_20260709_130931_manual,MANUAL,,0,13.330280303955078,100.99794006347656,149.32230597449245,4,True,0.6579999923706055,1,0,0,0,0,0.0,0.0,0.0,0,0,nan,nan,nan,,nan,nan,nan,2,31,-,SELECT OWNER FIRST,
2026-07-09T13:27:40.774,1089.775,mission_20260709_130931_manual,MANUAL,,0,13.330281257629395,100.99794006347656,149.32175955935884,4,True,0.6579999923706055,1,0,0,0,0,0.0,0.0,0.0,0,0,nan,nan,nan,,nan,nan,nan,2,31,-,SELECT OWNER FIRST,
2026-07-09T13:27:42.851,1091.851,mission_20260709_130931_manual,MANUAL,,0,13.330282211303711,100.99794006347656,149.3226611443293,4,True,0.6575000286102295,1,0,0,0,0,0.0,0.0,0.0,0,0,nan,nan,nan,,nan,nan,nan,2,31,-,SELECT OWNER FIRST,
2026-07-09T13:27:44.914,1093.915,mission_20260709_130931_manual,MANUAL,,0,13.330283164978027,100.99794006347656,149.3216092951971,4,True,0.6579999923706055,1,0,0,0,0,0.0,0.0,0.0,0,0,nan,nan,nan,,nan,nan,nan,2,30,-,SELECT OWNER FIRST,
2026-07-09T13:27:47.052,1096.053,mission_20260709_130931_manual,MANUAL,,0,13.330283164978027,100.99794006347656,149.32734665409993,4,True,0.6587499976158142,1,0,0,0,0,0.0,0.0,0.0,0,0,nan,nan,nan,,nan,nan,nan,2,29,-,SELECT OWNER FIRST,
2026-07-09T13:27:49.179,1098.179,mission_20260709_130931_manual,MANUAL,,0,13.330283164978027,100.99794006347656,149.32774280507178,4,True,0.6582499742507935,1,0,0,0,0,0.0,0.0,0.0,0,0,nan,nan,nan,,nan,nan,nan,2,29,-,SELECT OWNER FIRST,
2026-07-09T13:27:51.245,1100.246,mission_20260709_130931_manual,MANUAL,,0,13.330283164978027,100.99794006347656,149.33752363596324,4,True,0.6579999923706055,1,0,0,0,0,0.0,0.0,0.0,0,0,nan,nan,nan,,nan,nan,nan,2,29,-,SELECT OWNER FIRST,
2026-07-09T13:27:53.249,1102.25,mission_20260709_130931_manual,MANUAL,,0,13.330283164978027,100.99794006347656,149.3444084666466,4,True,0.6572499871253967,1,0,0,0,0,0.0,0.0,0.0,0,0,nan,nan,nan,,nan,nan,nan,2,29,-,SELECT OWNER FIRST,
2026-07-09T13:27:55.273,1104.274,mission_20260709_130931_manual,MANUAL,,0,13.330283164978027,100.99794006347656,149.3579185808249,4,True,0.6572499871253967,1,0,0,0,0,0.0,0.0,0.0,0,0,nan,nan,nan,,nan,nan,nan,2,29,-,SELECT OWNER FIRST,
2026-07-09T13:27:57.368,1106.369,mission_20260709_130931_manual,MANUAL,,0,13.330283164978027,100.99794006347656,149.35044635387288,4,True,0.6572499871253967,1,0,0,0,0,0.0,0.0,0.0,0,0,nan,nan,nan,,nan,nan,nan,2,28,-,SELECT OWNER FIRST,
2026-07-09T13:27:59.491,1108.491,mission_20260709_130931_manual,MANUAL,,0,13.330284118652344,100.99794006347656,149.34552861767048,4,True,0.6572499871253967,1,0,0,0,0,0.0,0.0,0.0,0,0,nan,nan,nan,,nan,nan,nan,2,28,-,SELECT OWNER FIRST,
2026-07-09T13:28:01.531,1110.532,mission_20260709_130931_manual,MANUAL,,0,13.330284118652344,100.99794006347656,149.34103435319662,4,True,0.6582499742507935,1,0,0,0,0,0.0,0.0,0.0,0,0,nan,nan,nan,,nan,nan,nan,2,28,-,SELECT OWNER FIRST,
2026-07-09T13:28:03.663,1112.664,mission_20260709_130931_manual,MANUAL,,0,13.330283164978027,100.99794006347656,149.33793344731345,4,True,0.6577500104904175,1,0,0,0,0,0.0,0.0,0.0,0,0,nan,nan,nan,,nan,nan,nan,2,29,-,SELECT OWNER FIRST,
2026-07-09T13:28:05.787,1114.787,mission_20260709_130931_manual,MANUAL,,0,13.330284118652344,100.99794006347656,149.3316769940337,4,True,0.65625,1,0,0,0,0,0.0,0.0,0.0,0,0,nan,nan,nan,,nan,nan,nan,2,30,-,SELECT OWNER FIRST,
2026-07-09T13:28:07.993,1116.993,mission_20260709_130931_manual,MANUAL,,0,13.330284118652344,100.99794006347656,149.32453261616186,4,True,0.6582499742507935,1,0,0,0,0,0.0,0.0,0.0,0,0,nan,nan,nan,,nan,nan,nan,2,30,-,SELECT OWNER FIRST,
2026-07-09T13:28:10.083,1119.083,mission_20260709_130931_manual,MANUAL,,0,13.33028507232666,100.99793243408203,149.31845374780056,4,True,0.6570000052452087,1,0,0,0,0,0.0,0.0,0.0,0,0,nan,nan,nan,,nan,nan,nan,2,29,-,SELECT OWNER FIRST,
2026-07-09T13:28:12.084,1121.084,mission_20260709_130931_manual,MANUAL,,0,13.33028507232666,100.99793243408203,149.30829042631558,4,True,0.6572499871253967,1,0,0,0,0,0.0,0.0,0.0,0,0,nan,nan,nan,,nan,nan,nan,2,30,-,SELECT OWNER FIRST,
2026-07-09T13:28:14.211,1123.211,mission_20260709_130931_manual,MANUAL,,0,13.330284118652344,100.99793243408203,149.31553042683578,4,True,0.6572499871253967,1,0,0,0,0,0.0,0.0,0.0,0,0,nan,nan,nan,,nan,nan,nan,2,30,-,SELECT OWNER FIRST,
2026-07-09T13:28:16.322,1125.323,mission_20260709_130931_manual,MANUAL,,0,13.33028507232666,100.99793243408203,149.31360431348983,4,True,0.6577500104904175,1,0,0,0,0,0.0,0.0,0.0,0,0,nan,nan,nan,,nan,nan,nan,2,30,-,SELECT OWNER FIRST,
2026-07-09T13:28:18.375,1127.376,mission_20260709_130931_manual,MANUAL,,0,13.33028507232666,100.99793243408203,149.30289457687127,4,True,0.6572499871253967,1,0,0,0,0,0.0,0.0,0.0,0,0,nan,nan,nan,,nan,nan,nan,2,30,-,SELECT OWNER FIRST,
2026-07-09T13:28:20.403,1129.404,mission_20260709_130931_manual,MANUAL,,0,13.33028507232666,100.99793243408203,149.30644627523967,4,True,0.6572499871253967,1,0,0,0,0,0.0,0.0,0.0,0,0,nan,nan,nan,,nan,nan,nan,2,30,-,SELECT OWNER FIRST,
2026-07-09T13:28:22.478,1131.478,mission_20260709_130931_manual,MANUAL,,0,13.33028507232666,100.99793243408203,149.30344099200488,4,True,0.6575000286102295,1,0,0,0,0,0.0,0.0,0.0,0,0,nan,nan,nan,,nan,nan,nan,2,30,-,SELECT OWNER FIRST,
2026-07-09T13:28:24.504,1133.504,mission_20260709_130931_manual,MANUAL,,0,13.33028507232666,100.99793243408203,149.30814016215385,4,True,0.6575000286102295,1,0,0,0,0,0.0,0.0,0.0,0,0,nan,nan,nan,,nan,nan,nan,2,29,-,SELECT OWNER FIRST,
2026-07-09T13:28:26.524,1135.525,mission_20260709_130931_manual,MANUAL,,0,13.330283164978027,100.99793243408203,149.3087002376658,4,True,0.6570000052452087,1,0,0,0,0,0.0,0.0,0.0,0,0,nan,nan,nan,,nan,nan,nan,2,29,-,SELECT OWNER FIRST,
2026-07-09T13:28:28.651,1137.652,mission_20260709_130931_manual,MANUAL,,0,13.330283164978027,100.99793243408203,149.30050401066177,4,True,0.656499981880188,1,0,0,0,0,0.0,0.0,0.0,0,0,nan,nan,nan,,nan,nan,nan,2,30,-,SELECT OWNER FIRST,
2026-07-09T13:28:30.706,1139.707,mission_20260709_130931_manual,MANUAL,,0,13.330283164978027,100.99793243408203,149.29244438744115,4,True,0.6570000052452087,1,0,0,0,0,0.0,0.0,0.0,0,0,nan,nan,nan,,nan,nan,nan,2,30,-,SELECT OWNER FIRST,
2026-07-09T13:28:32.763,1141.763,mission_20260709_130931_manual,MANUAL,,0,13.33028507232666,100.99793243408203,149.28513608502922,4,True,0.6567500233650208,1,0,0,0,0,0.0,0.0,0.0,0,0,nan,nan,nan,,nan,nan,nan,2,30,-,SELECT OWNER FIRST,
2026-07-09T13:28:34.891,1143.891,mission_20260709_130931_manual,MANUAL,,0,13.33028507232666,100.99793243408203,149.29002650047497,4,True,0.6570000052452087,1,0,0,0,0,0.0,0.0,0.0,0,0,nan,nan,nan,,nan,nan,nan,2,30,-,SELECT OWNER FIRST,
2026-07-09T13:28:36.982,1145.983,mission_20260709_130931_manual,MANUAL,,0,13.33028507232666,100.99793243408203,149.28445306611223,4,True,0.6572499871253967,1,0,0,0,0,0.0,0.0,0.0,0,0,nan,nan,nan,,nan,nan,nan,2,30,-,SELECT OWNER FIRST,
2026-07-09T13:28:38.998,1147.998,mission_20260709_130931_manual,MANUAL,,0,13.330286026000977,100.99793243408203,149.27427608424892,4,True,0.6570000052452087,1,0,0,0,0,0.0,0.0,0.0,0,0,nan,nan,nan,,nan,nan,nan,2,31,-,SELECT OWNER FIRST,
2026-07-09T13:28:41.000,1150.0,mission_20260709_130931_manual,MANUAL,,0,13.33028793334961,100.99793243408203,149.26164023428439,4,True,0.656499981880188,1,0,0,0,0,0.0,0.0,0.0,0,0,nan,nan,nan,,nan,nan,nan,2,31,-,SELECT OWNER FIRST,
2026-07-09T13:28:43.110,1152.11,mission_20260709_130931_manual,MANUAL,,0,13.330289840698242,100.99793243408203,149.26767812151067,4,True,0.6577500104904175,1,0,0,0,0,0.0,0.0,0.0,0,0,nan,nan,nan,,nan,nan,nan,2,31,-,SELECT OWNER FIRST,
2026-07-09T13:28:45.175,1154.176,mission_20260709_130931_manual,MANUAL,,0,13.330291748046875,100.99793243408203,149.27153034820256,4,True,0.6572499871253967,1,0,0,0,0,0.0,0.0,0.0,0,0,nan,nan,nan,,nan,nan,nan,2,31,-,SELECT OWNER FIRST,
2026-07-09T13:28:47.265,1156.266,mission_20260709_130931_manual,MANUAL,,0,13.330292701721191,100.9979248046875,149.2796992544499,4,True,0.656000018119812,1,0,0,0,0,0.0,0.0,0.0,0,0,nan,nan,nan,,nan,nan,nan,2,31,-,SELECT OWNER FIRST,
2026-07-09T13:28:49.403,1158.404,mission_20260709_130931_manual,MANUAL,,0,13.330294609069824,100.9979248046875,149.2789752543979,4,True,0.6575000286102295,1,0,0,0,0,0.0,0.0,0.0,0,0,nan,nan,nan,,nan,nan,nan,2,31,-,SELECT OWNER FIRST,
2026-07-09T13:28:51.506,1160.507,mission_20260709_130931_manual,MANUAL,,0,13.33029556274414,100.9979248046875,149.2701096688552,4,True,0.65625,1,0,0,0,0,0.0,0.0,0.0,0,0,nan,nan,nan,,nan,nan,nan,2,31,-,SELECT OWNER FIRST,
2026-07-09T13:28:53.608,1162.609,mission_20260709_130931_manual,MANUAL,,0,13.330297470092773,100.9979248046875,149.27265049922644,4,True,0.6570000052452087,1,0,0,0,0,0.0,0.0,0.0,0,0,nan,nan,nan,,nan,nan,nan,2,31,-,SELECT OWNER FIRST,
2026-07-09T13:28:55.628,1164.628,mission_20260709_130931_manual,MANUAL,,0,13.330299377441406,100.9979248046875,149.27939872612643,4,True,0.6572499871253967,1,0,0,0,0,0.0,0.0,0.0,0,0,nan,nan,nan,,nan,nan,nan,2,31,-,SELECT OWNER FIRST,
2026-07-09T13:28:57.656,1166.657,mission_20260709_130931_manual,MANUAL,,0,13.330299377441406,100.9979248046875,149.26912612161473,4,True,0.6582499742507935,1,0,0,0,0,0.0,0.0,0.0,0,0,nan,nan,nan,,nan,nan,nan,2,31,-,SELECT OWNER FIRST,
2026-07-09T13:28:59.787,1168.787,mission_20260709_130931_manual,MANUAL,,0,13.330301284790039,100.9979248046875,149.26263744190322,4,True,0.6575000286102295,1,0,0,0,0,0.0,0.0,0.0,0,0,nan,nan,nan,,nan,nan,nan,2,31,-,SELECT OWNER FIRST,
2026-07-09T13:29:01.859,1170.86,mission_20260709_130931_manual,MANUAL,,0,13.330302238464355,100.9979248046875,149.26027419645038,4,True,0.6582499742507935,1,0,0,0,0,0.0,0.0,0.0,0,0,nan,nan,nan,,nan,nan,nan,2,30,-,SELECT OWNER FIRST,
2026-07-09T13:29:03.873,1172.873,mission_20260709_130931_manual,MANUAL,,0,13.330304145812988,100.9979248046875,149.25207796944636,4,True,0.6572499871253967,1,0,0,0,0,0.0,0.0,0.0,0,0,nan,nan,nan,,nan,nan,nan,2,31,-,SELECT OWNER FIRST,
2026-07-09T13:29:05.902,1174.902,mission_20260709_130931_manual,MANUAL,,0,13.330304145812988,100.9979248046875,149.2553701206263,4,True,0.6572499871253967,1,0,0,0,0,0.0,0.0,0.0,0,0,nan,nan,nan,,nan,nan,nan,2,31,-,SELECT OWNER FIRST,
2026-07-09T13:29:08.000,1177.0,mission_20260709_130931_manual,MANUAL,,0,13.330305099487305,100.9979248046875,149.24976936550692,4,True,0.6582499742507935,1,0,0,0,0,0.0,0.0,0.0,0,0,nan,nan,nan,,nan,nan,nan,2,31,-,SELECT OWNER FIRST,
2026-07-09T13:29:10.123,1179.124,mission_20260709_130931_manual,MANUAL,,0,13.330305099487305,100.9979248046875,149.24094476109926,4,True,0.6579999923706055,1,0,0,0,0,0.0,0.0,0.0,0,0,nan,nan,nan,,nan,nan,nan,2,31,-,SELECT OWNER FIRST,
2026-07-09T13:29:12.278,1181.279,mission_20260709_130931_manual,MANUAL,,0,13.330305099487305,100.9979248046875,149.2385678552681,4,True,0.656499981880188,1,0,0,0,0,0.0,0.0,0.0,0,0,nan,nan,nan,,nan,nan,nan,2,31,-,SELECT OWNER FIRST,
2026-07-09T13:29:14.417,1183.418,mission_20260709_130931_manual,MANUAL,,0,13.330305099487305,100.9979248046875,149.25183208263624,4,True,0.6582499742507935,1,0,0,0,0,0.0,0.0,0.0,0,0,nan,nan,nan,,nan,nan,nan,2,31,-,SELECT OWNER FIRST,
2026-07-09T13:29:16.517,1185.517,mission_20260709_130931_manual,MANUAL,,0,13.330305099487305,100.9979248046875,149.24511117649297,4,True,0.6575000286102295,1,0,0,0,0,0.0,0.0,0.0,0,0,nan,nan,nan,,nan,nan,nan,2,30,-,SELECT OWNER FIRST,
2026-07-09T13:29:18.582,1187.583,mission_20260709_130931_manual,MANUAL,,0,13.330304145812988,100.9979248046875,149.25557502630141,4,True,0.6577500104904175,1,0,0,0,0,0.0,0.0,0.0,0,0,nan,nan,nan,,nan,nan,nan,2,31,-,SELECT OWNER FIRST,
2026-07-09T13:29:20.587,1189.587,mission_20260709_130931_manual,MANUAL,,0,13.330303192138672,100.9979248046875,149.2628423475783,4,True,0.6570000052452087,1,0,0,0,0,0.0,0.0,0.0,0,0,nan,nan,nan,,nan,nan,nan,2,31,-,SELECT OWNER FIRST,
2026-07-09T13:29:22.628,1191.629,mission_20260709_130931_manual,MANUAL,,0,13.330302238464355,100.9979248046875,149.25856664915787,4,True,0.6577500104904175,1,0,0,0,0,0.0,0.0,0.0,0,0,nan,nan,nan,,nan,nan,nan,2,31,-,SELECT OWNER FIRST,
2026-07-09T13:29:24.707,1193.707,mission_20260709_130931_manual,MANUAL,,0,13.330302238464355,100.9979248046875,149.24595811995005,4,True,0.6575000286102295,1,0,0,0,0,0.0,0.0,0.0,0,0,nan,nan,nan,,nan,nan,nan,2,31,-,SELECT OWNER FIRST,
2026-07-09T13:29:26.816,1195.816,mission_20260709_130931_manual,MANUAL,,0,13.330301284790039,100.9979248046875,149.24688702567715,4,True,0.6572499871253967,1,0,0,0,0,0.0,0.0,0.0,0,0,nan,nan,nan,,nan,nan,nan,2,31,-,SELECT OWNER FIRST,
2026-07-09T13:29:28.860,1197.861,mission_20260709_130931_manual,MANUAL,,0,13.330301284790039,100.9979248046875,149.263552687252,4,True,0.6577500104904175,1,0,0,0,0,0.0,0.0,0.0,0,0,nan,nan,nan,,nan,nan,nan,2,31,-,SELECT OWNER FIRST,
2026-07-09T13:29:30.961,1199.962,mission_20260709_130931_manual,MANUAL,,0,13.330301284790039,100.9979248046875,149.26396249860218,4,True,0.6575000286102295,1,0,0,0,0,0.0,0.0,0.0,0,0,nan,nan,nan,,nan,nan,nan,2,31,-,SELECT OWNER FIRST,
2026-07-09T13:29:33.013,1202.013,mission_20260709_130931_manual,MANUAL,,0,13.330301284790039,100.9979248046875,149.26378491368376,4,True,0.6575000286102295,1,0,0,0,0,0.0,0.0,0.0,0,0,nan,nan,nan,,nan,nan,nan,2,31,-,SELECT OWNER FIRST,
2026-07-09T13:29:35.068,1204.069,mission_20260709_130931_manual,MANUAL,,0,13.330302238464355,100.9979248046875,149.2777868014823,4,True,0.6582499742507935,1,0,0,0,0,0.0,0.0,0.0,0,0,nan,nan,nan,,nan,nan,nan,2,31,-,SELECT OWNER FIRST,
2026-07-09T13:29:37.130,1206.131,mission_20260709_130931_manual,MANUAL,,0,13.330303192138672,100.9979248046875,149.2892888400446,4,True,0.6585000157356262,1,0,0,0,0,0.0,0.0,0.0,0,0,nan,nan,nan,,nan,nan,nan,2,31,-,SELECT OWNER FIRST,
2026-07-09T13:29:39.158,1208.158,mission_20260709_130931_manual,MANUAL,,0,13.330303192138672,100.9979248046875,149.29106468922882,4,True,0.6577500104904175,1,0,0,0,0,0.0,0.0,0.0,0,0,nan,nan,nan,,nan,nan,nan,2,31,-,SELECT OWNER FIRST,
2026-07-09T13:29:41.165,1210.165,mission_20260709_130931_manual,MANUAL,,0,13.330303192138672,100.9979248046875,149.27509570694932,4,True,0.6575000286102295,1,0,0,0,0,0.0,0.0,0.0,0,0,nan,nan,nan,,nan,nan,nan,2,31,-,SELECT OWNER FIRST,
2026-07-09T13:29:43.304,1212.304,mission_20260709_130931_manual,MANUAL,,0,13.330304145812988,100.9979248046875,149.27565578246126,4,True,0.6575000286102295,1,0,0,0,0,0.0,0.0,0.0,0,0,nan,nan,nan,,nan,nan,nan,2,31,-,SELECT OWNER FIRST,
2026-07-09T13:29:45.351,1214.352,mission_20260709_130931_manual,MANUAL,,0,13.330304145812988,100.9979248046875,149.26964521599163,4,True,0.6582499742507935,1,0,0,0,0,0.0,0.0,0.0,0,0,nan,nan,nan,,nan,nan,nan,2,31,-,SELECT OWNER FIRST,
2026-07-09T13:29:47.472,1216.473,mission_20260709_130931_manual,MANUAL,,0,13.330305099487305,100.9979248046875,149.2788113298578,4,True,0.6572499871253967,1,0,0,0,0,0.0,0.0,0.0,0,0,nan,nan,nan,,nan,nan,nan,2,31,-,SELECT OWNER FIRST,
2026-07-09T13:29:49.569,1218.57,mission_20260709_130931_manual,MANUAL,,0,13.330306053161621,100.9979248046875,149.29424755738202,4,True,0.6575000286102295,1,0,0,0,0,0.0,0.0,0.0,0,0,nan,nan,nan,,nan,nan,nan,2,31,-,SELECT OWNER FIRST,
2026-07-09T13:29:51.674,1220.675,mission_20260709_130931_manual,MANUAL,,0,13.330307006835938,100.9979248046875,149.2862152549181,4,True,0.6579999923706055,1,0,0,0,0,0.0,0.0,0.0,0,0,nan,nan,nan,,nan,nan,nan,2,31,-,SELECT OWNER FIRST,
2026-07-09T13:29:53.793,1222.794,mission_20260709_130931_manual,MANUAL,,0,13.330307006835938,100.9979248046875,149.29117397225554,4,True,0.6577500104904175,1,0,0,0,0,0.0,0.0,0.0,0,0,nan,nan,nan,,nan,nan,nan,2,31,-,SELECT OWNER FIRST,
2026-07-09T13:29:55.800,1224.801,mission_20260709_130931_manual,MANUAL,,0,13.330307006835938,100.9979248046875,149.28957570798974,4,True,0.6577500104904175,1,0,0,0,0,0.0,0.0,0.0,0,0,nan,nan,nan,,nan,nan,nan,2,31,-,SELECT OWNER FIRST,
2026-07-09T13:29:57.894,1226.894,mission_20260709_130931_manual,MANUAL,,0,13.330307006835938,100.9979248046875,149.28722612291526,4,True,0.6572499871253967,1,0,0,0,0,0.0,0.0,0.0,0,0,nan,nan,nan,,nan,nan,nan,2,31,-,SELECT OWNER FIRST,
2026-07-09T13:29:59.977,1228.978,mission_20260709_130931_manual,MANUAL,,0,13.330307960510254,100.9979248046875,149.2891112551262,4,True,0.6575000286102295,1,0,0,0,0,0.0,0.0,0.0,0,0,nan,nan,nan,,nan,nan,nan,2,31,-,SELECT OWNER FIRST,
2026-07-09T13:30:02.045,1231.046,mission_20260709_130931_manual,MANUAL,,0,13.330307960510254,100.9979248046875,149.2903816703118,4,True,0.6582499742507935,1,0,0,0,0,0.0,0.0,0.0,0,0,nan,nan,nan,,nan,nan,nan,2,31,-,SELECT OWNER FIRST,
2026-07-09T13:30:04.056,1233.056,mission_20260709_130931_manual,MANUAL,,0,13.330307960510254,100.9979248046875,149.28114725455396,4,True,0.6577500104904175,1,0,0,0,0,0.0,0.0,0.0,0,0,nan,nan,nan,,nan,nan,nan,2,31,-,SELECT OWNER FIRST,
2026-07-09T13:30:06.058,1235.058,mission_20260709_130931_manual,MANUAL,,0,13.330307006835938,100.9979248046875,149.28165268855253,4,True,0.6575000286102295,1,0,0,0,0,0.0,0.0,0.0,0,0,nan,nan,nan,,nan,nan,nan,2,31,-,SELECT OWNER FIRST,
2026-07-09T13:30:08.183,1237.183,mission_20260709_130931_manual,MANUAL,,0,13.330307006835938,100.9979248046875,149.28822333053407,4,True,0.6577500104904175,1,0,0,0,0,0.0,0.0,0.0,0,0,nan,nan,nan,,nan,nan,nan,2,31,-,SELECT OWNER FIRST,
2026-07-09T13:30:10.271,1239.271,mission_20260709_130931_manual,MANUAL,,0,13.330307006835938,100.9979248046875,149.29748506704863,4,True,0.6575000286102295,1,0,0,0,0,0.0,0.0,0.0,0,0,nan,nan,nan,,nan,nan,nan,2,31,-,SELECT OWNER FIRST,
2026-07-09T13:30:12.383,1241.383,mission_20260709_130931_manual,MANUAL,,0,13.330307006835938,100.9979248046875,149.29577751975611,4,True,0.6577500104904175,1,0,0,0,0,0.0,0.0,0.0,0,0,nan,nan,nan,,nan,nan,nan,2,31,-,SELECT OWNER FIRST,
2026-07-09T13:30:14.536,1243.536,mission_20260709_130931_manual,MANUAL,,0,13.330307006835938,100.9979248046875,149.29025872690676,4,True,0.6570000052452087,1,0,0,0,0,0.0,0.0,0.0,0,0,nan,nan,nan,,nan,nan,nan,2,31,-,SELECT OWNER FIRST,
2026-07-09T13:30:16.565,1245.565,mission_20260709_130931_manual,MANUAL,,0,13.330305099487305,100.9979248046875,149.28617427378308,4,True,0.6572499871253967,1,0,0,0,0,0.0,0.0,0.0,0,0,nan,nan,nan,,nan,nan,nan,2,31,-,SELECT OWNER FIRST,
2026-07-09T13:30:18.713,1247.713,mission_20260709_130931_manual,MANUAL,,0,13.330304145812988,100.9979248046875,149.28494483973247,4,True,0.6572499871253967,1,0,0,0,0,0.0,0.0,0.0,0,0,nan,nan,nan,,nan,nan,nan,2,31,-,SELECT OWNER FIRST,
2026-07-09T13:30:20.840,1249.841,mission_20260709_130931_manual,MANUAL,,0,13.330303192138672,100.9979248046875,149.2815434055258,4,True,0.6572499871253967,1,0,0,0,0,0.0,0.0,0.0,0,0,nan,nan,nan,,nan,nan,nan,2,31,-,SELECT OWNER FIRST,
2026-07-09T13:30:22.930,1251.93,mission_20260709_130931_manual,MANUAL,,0,13.330303192138672,100.9979248046875,149.26206370601292,4,True,0.6572499871253967,1,0,0,0,0,0.0,0.0,0.0,0,0,nan,nan,nan,,nan,nan,nan,2,31,-,SELECT OWNER FIRST,
2026-07-09T13:30:25.036,1254.037,mission_20260709_130931_manual,MANUAL,,0,13.330303192138672,100.9979248046875,149.25363525257714,4,True,0.6570000052452087,1,0,0,0,0,0.0,0.0,0.0,0,0,nan,nan,nan,,nan,nan,nan,2,31,-,SELECT OWNER FIRST,
2026-07-09T13:30:27.103,1256.103,mission_20260709_130931_manual,MANUAL,,0,13.330303192138672,100.9979248046875,149.2539357809006,4,True,0.6572499871253967,1,0,0,0,0,0.0,0.0,0.0,0,0,nan,nan,nan,,nan,nan,nan,2,31,-,SELECT OWNER FIRST,
2026-07-09T13:30:29.147,1258.147,mission_20260709_130931_manual,MANUAL,,0,13.330302238464355,100.9979248046875,149.2469006860555,4,True,0.6567500233650208,1,0,0,0,0,0.0,0.0,0.0,0,0,nan,nan,nan,,nan,nan,nan,2,31,-,SELECT OWNER FIRST,
2026-07-09T13:30:31.285,1260.285,mission_20260709_130931_manual,MANUAL,,0,13.330300331115723,100.9979248046875,149.22030392942747,4,True,0.6572499871253967,1,0,0,0,0,0.0,0.0,0.0,0,0,nan,nan,nan,,nan,nan,nan,2,31,-,SELECT OWNER FIRST,
2026-07-09T13:30:33.410,1262.41,mission_20260709_130931_manual,MANUAL,,0,13.330299377441406,100.9979248046875,149.21269509869208,4,True,0.6572499871253967,1,0,0,0,0,0.0,0.0,0.0,0,0,nan,nan,nan,,nan,nan,nan,2,31,-,SELECT OWNER FIRST,
2026-07-09T13:30:35.448,1264.448,mission_20260709_130931_manual,MANUAL,,0,13.33029842376709,100.9979248046875,149.20460815471478,4,True,0.6572499871253967,1,0,0,0,0,0.0,0.0,0.0,0,0,nan,nan,nan,,nan,nan,nan,2,31,-,SELECT OWNER FIRST,
2026-07-09T13:30:37.472,1266.472,mission_20260709_130931_manual,MANUAL,,0,13.330297470092773,100.9979248046875,149.19449947474317,4,True,0.6572499871253967,1,0,0,0,0,0.0,0.0,0.0,0,0,nan,nan,nan,,nan,nan,nan,2,31,-,SELECT OWNER FIRST,
2026-07-09T13:30:39.615,1268.616,mission_20260709_130931_manual,MANUAL,,0,13.330296516418457,100.9979248046875,149.19087947448307,4,True,0.6567500233650208,1,0,0,0,0,0.0,0.0,0.0,0,0,nan,nan,nan,,nan,nan,nan,2,31,-,SELECT OWNER FIRST,
2026-07-09T13:30:41.731,1270.731,mission_20260709_130931_manual,MANUAL,,0,13.33029556274414,100.9979248046875,149.1946497389049,4,True,0.656000018119812,1,0,0,0,0,0.0,0.0,0.0,0,0,nan,nan,nan,,nan,nan,nan,2,31,-,SELECT OWNER FIRST,
2026-07-09T13:30:43.777,1272.778,mission_20260709_130931_manual,MANUAL,,0,13.330294609069824,100.9979248046875,149.1892265687039,4,True,0.6567500233650208,1,0,0,0,0,0.0,0.0,0.0,0,0,nan,nan,nan,,nan,nan,nan,2,31,-,SELECT OWNER FIRST,
2026-07-09T13:30:45.881,1274.882,mission_20260709_130931_manual,MANUAL,,0,13.330293655395508,100.9979248046875,149.19855660711016,4,True,0.6570000052452087,1,0,0,0,0,0.0,0.0,0.0,0,0,nan,nan,nan,,nan,nan,nan,2,31,-,SELECT OWNER FIRST,
2026-07-09T13:30:47.912,1276.913,mission_20260709_130931_manual,MANUAL,,0,13.330291748046875,100.9979248046875,149.1937208331778,4,True,0.656499981880188,1,0,0,0,0,0.0,0.0,0.0,0,0,nan,nan,nan,,nan,nan,nan,2,31,-,SELECT OWNER FIRST,
2026-07-09T13:30:49.939,1278.94,mission_20260709_130931_manual,MANUAL,,0,13.330290794372559,100.9979248046875,149.19466339928326,4,True,0.6567500233650208,1,0,0,0,0,0.0,0.0,0.0,0,0,nan,nan,nan,,nan,nan,nan,2,31,-,SELECT OWNER FIRST,
2026-07-09T13:30:52.025,1281.025,mission_20260709_130931_manual,MANUAL,,0,13.33028793334961,100.9979248046875,149.19193132361525,4,True,0.6567500233650208,1,0,0,0,0,0.0,0.0,0.0,0,0,nan,nan,nan,,nan,nan,nan,2,31,-,SELECT OWNER FIRST,
2026-07-09T13:30:54.129,1283.13,mission_20260709_130931_manual,MANUAL,,0,13.330286979675293,100.9979248046875,149.18262860596568,4,True,0.6575000286102295,1,0,0,0,0,0.0,0.0,0.0,0,0,nan,nan,nan,,nan,nan,nan,2,31,-,SELECT OWNER FIRST,
2026-07-09T13:30:56.137,1285.137,mission_20260709_130931_manual,MANUAL,,0,13.33028507232666,100.9979248046875,149.1767273225228,4,True,0.656499981880188,1,0,0,0,0,0.0,0.0,0.0,0,0,nan,nan,nan,,nan,nan,nan,2,31,-,SELECT OWNER FIRST,
2026-07-09T13:30:58.227,1287.227,mission_20260709_130931_manual,MANUAL,,0,13.330283164978027,100.9979248046875,149.18277887012744,4,True,0.6572499871253967,1,0,0,0,0,0.0,0.0,0.0,0,0,nan,nan,nan,,nan,nan,nan,2,31,-,SELECT OWNER FIRST,
2026-07-09T13:31:00.231,1289.232,mission_20260709_130931_manual,MANUAL,,0,13.330282211303711,100.9979248046875,149.19583819182049,4,True,0.6570000052452087,1,0,0,0,0,0.0,0.0,0.0,0,0,nan,nan,nan,,nan,nan,nan,2,31,-,SELECT OWNER FIRST,
2026-07-09T13:31:02.338,1291.339,mission_20260709_130931_manual,MANUAL,,0,13.330280303955078,100.9979248046875,149.19426724831138,4,True,0.6572499871253967,1,0,0,0,0,0.0,0.0,0.0,0,0,nan,nan,nan,,nan,nan,nan,2,31,-,SELECT OWNER FIRST,
2026-07-09T13:31:04.367,1293.368,mission_20260709_130931_manual,MANUAL,,0,13.330280303955078,100.9979248046875,149.1934203048543,4,True,0.6572499871253967,1,0,0,0,0,0.0,0.0,0.0,0,0,nan,nan,nan,,nan,nan,nan,2,31,-,SELECT OWNER FIRST,
2026-07-09T13:31:06.388,1295.388,mission_20260709_130931_manual,MANUAL,,0,13.330279350280762,100.9979248046875,149.2086789474601,4,True,0.6567500233650208,1,0,0,0,0,0.0,0.0,0.0,0,0,nan,nan,nan,,nan,nan,nan,2,31,-,SELECT OWNER FIRST,
2026-07-09T13:31:08.517,1297.518,mission_20260709_130931_manual,MANUAL,,0,13.330278396606445,100.9979248046875,149.22660136384224,4,True,0.6567500233650208,1,0,0,0,0,0.0,0.0,0.0,0,0,nan,nan,nan,,nan,nan,nan,2,31,-,SELECT OWNER FIRST,
2026-07-09T13:31:10.643,1299.644,mission_20260709_130931_manual,MANUAL,,0,13.330278396606445,100.9979248046875,149.23112294907278,4,True,0.6572499871253967,1,0,0,0,0,0.0,0.0,0.0,0,0,nan,nan,nan,,nan,nan,nan,2,30,-,SELECT OWNER FIRST,
2026-07-09T13:31:12.674,1301.675,mission_20260709_130931_manual,MANUAL,,0,13.330277442932129,100.9979248046875,149.24588981805834,4,True,0.6572499871253967,1,0,0,0,0,0.0,0.0,0.0,0,0,nan,nan,nan,,nan,nan,nan,2,30,-,SELECT OWNER FIRST,
2026-07-09T13:31:14.809,1303.809,mission_20260709_130931_manual,MANUAL,,0,13.330275535583496,100.9979248046875,149.25438657338583,4,True,0.6570000052452087,1,0,0,0,0,0.0,0.0,0.0,0,0,nan,nan,nan,,nan,nan,nan,2,30,-,SELECT OWNER FIRST,
2026-07-09T13:31:16.924,1305.924,mission_20260709_130931_manual,MANUAL,,0,13.33027458190918,100.9979248046875,149.26124408331253,4,True,0.6572499871253967,1,0,0,0,0,0.0,0.0,0.0,0,0,nan,nan,nan,,nan,nan,nan,2,30,-,SELECT OWNER FIRST,
2026-07-09T13:31:19.002,1308.002,mission_20260709_130931_manual,MANUAL,,0,13.33027458190918,100.9979248046875,149.2667355554052,4,True,0.6579999923706055,1,0,0,0,0,0.0,0.0,0.0,0,0,nan,nan,nan,,nan,nan,nan,2,30,-,SELECT OWNER FIRST,
2026-07-09T13:31:21.092,1310.093,mission_20260709_130931_manual,MANUAL,,0,13.330273628234863,100.9979248046875,149.2771447637003,4,True,0.6577500104904175,1,0,0,0,0,0.0,0.0,0.0,0,0,nan,nan,nan,,nan,nan,nan,2,30,-,SELECT OWNER FIRST,
2026-07-09T13:31:23.238,1312.239,mission_20260709_130931_manual,MANUAL,,0,13.330273628234863,100.9979248046875,149.2835924622768,4,True,0.6570000052452087,1,0,0,0,0,0.0,0.0,0.0,0,0,nan,nan,nan,,nan,nan,nan,2,30,-,SELECT OWNER FIRST,
2026-07-09T13:31:25.309,1314.309,mission_20260709_130931_manual,MANUAL,,0,13.330272674560547,100.9979248046875,149.26288332871334,4,True,0.6577500104904175,1,0,0,0,0,0.0,0.0,0.0,0,0,nan,nan,nan,,nan,nan,nan,2,30,-,SELECT OWNER FIRST,
2026-07-09T13:31:27.404,1316.404,mission_20260709_130931_manual,MANUAL,,0,13.330272674560547,100.9979248046875,149.2591950265615,4,True,0.6570000052452087,1,0,0,0,0,0.0,0.0,0.0,0,0,nan,nan,nan,,nan,nan,nan,2,30,-,SELECT OWNER FIRST,
2026-07-09T13:31:29.511,1318.511,mission_20260709_130931_manual,MANUAL,,0,13.330272674560547,100.9979248046875,149.2646181967625,4,True,0.6572499871253967,1,0,0,0,0,0.0,0.0,0.0,0,0,nan,nan,nan,,nan,nan,nan,2,30,-,SELECT OWNER FIRST,
2026-07-09T13:31:31.600,1320.6,mission_20260709_130931_manual,MANUAL,,0,13.33027172088623,100.9979248046875,149.27407117857382,4,True,0.6572499871253967,1,0,0,0,0,0.0,0.0,0.0,0,0,nan,nan,nan,,nan,nan,nan,2,31,-,SELECT OWNER FIRST,
2026-07-09T13:31:33.700,1322.701,mission_20260709_130931_manual,MANUAL,,0,13.330272674560547,100.9979248046875,149.2688119329129,4,True,0.6575000286102295,1,0,0,0,0,0.0,0.0,0.0,0,0,nan,nan,nan,,nan,nan,nan,2,31,-,SELECT OWNER FIRST,
2026-07-09T13:31:35.819,1324.819,mission_20260709_130931_manual,MANUAL,,0,13.330272674560547,100.9979248046875,149.27393457479042,4,True,0.6575000286102295,1,0,0,0,0,0.0,0.0,0.0,0,0,nan,nan,nan,,nan,nan,nan,2,31,-,SELECT OWNER FIRST,
2026-07-09T13:31:37.865,1326.866,mission_20260709_130931_manual,MANUAL,,0,13.330272674560547,100.9979248046875,149.2791528393163,4,True,0.6572499871253967,1,0,0,0,0,0.0,0.0,0.0,0,0,nan,nan,nan,,nan,nan,nan,2,31,-,SELECT OWNER FIRST,
2026-07-09T13:31:39.919,1328.92,mission_20260709_130931_manual,MANUAL,,0,13.330273628234863,100.9979248046875,149.2854229529744,4,True,0.6575000286102295,1,0,0,0,0,0.0,0.0,0.0,0,0,nan,nan,nan,,nan,nan,nan,2,31,-,SELECT OWNER FIRST,
2026-07-09T13:31:41.975,1330.975,mission_20260709_130931_manual,MANUAL,,0,13.330273628234863,100.9979248046875,149.28721246253693,4,True,0.6577500104904175,1,0,0,0,0,0.0,0.0,0.0,0,0,nan,nan,nan,,nan,nan,nan,2,31,-,SELECT OWNER FIRST,
2026-07-09T13:31:44.037,1333.038,mission_20260709_130931_manual,MANUAL,,0,13.33027458190918,100.9979248046875,149.28759495313045,4,True,0.6582499742507935,1,0,0,0,0,0.0,0.0,0.0,0,0,nan,nan,nan,,nan,nan,nan,2,30,-,SELECT OWNER FIRST,
2026-07-09T13:31:46.072,1335.072,mission_20260709_130931_manual,MANUAL,,0,13.33027458190918,100.9979248046875,149.29569555748608,4,True,0.6579999923706055,1,0,0,0,0,0.0,0.0,0.0,0,0,nan,nan,nan,,nan,nan,nan,2,30,-,SELECT OWNER FIRST,
2026-07-09T13:31:48.173,1337.174,mission_20260709_130931_manual,MANUAL,,0,13.33027458190918,100.9979248046875,149.29176136852413,4,True,0.6570000052452087,1,0,0,0,0,0.0,0.0,0.0,0,0,nan,nan,nan,,nan,nan,nan,2,30,-,SELECT OWNER FIRST,
2026-07-09T13:31:50.206,1339.207,mission_20260709_130931_manual,MANUAL,,0,13.330273628234863,100.9979248046875,149.30380982222005,4,True,0.6575000286102295,1,0,0,0,0,0.0,0.0,0.0,0,0,nan,nan,nan,,nan,nan,nan,2,30,-,SELECT OWNER FIRST,
2026-07-09T13:31:52.294,1341.294,mission_20260709_130931_manual,MANUAL,,0,13.330273628234863,100.9979248046875,149.31128204917204,4,True,0.6570000052452087,1,0,0,0,0,0.0,0.0,0.0,0,0,nan,nan,nan,,nan,nan,nan,2,30,-,SELECT OWNER FIRST,
2026-07-09T13:31:54.372,1343.372,mission_20260709_130931_manual,MANUAL,,0,13.330272674560547,100.9979248046875,149.30532612421578,4,True,0.6579999923706055,1,0,0,0,0,0.0,0.0,0.0,0,0,nan,nan,nan,,nan,nan,nan,2,30,-,SELECT OWNER FIRST,
2026-07-09T13:31:56.475,1345.476,mission_20260709_130931_manual,MANUAL,,0,13.33027172088623,100.9979248046875,149.28864680226263,4,True,0.6570000052452087,1,0,0,0,0,0.0,0.0,0.0,0,0,nan,nan,nan,,nan,nan,nan,2,29,-,SELECT OWNER FIRST,
2026-07-09T13:31:58.526,1347.526,mission_20260709_130931_manual,MANUAL,,0,13.33027172088623,100.9979248046875,149.2686070272378,4,True,0.6572499871253967,1,0,0,0,0,0.0,0.0,0.0,0,0,nan,nan,nan,,nan,nan,nan,2,29,-,SELECT OWNER FIRST,
2026-07-09T13:32:00.596,1349.597,mission_20260709_130931_manual,MANUAL,,0,13.33027172088623,100.9979248046875,149.2685387253461,4,True,0.6575000286102295,1,0,0,0,0,0.0,0.0,0.0,0,0,nan,nan,nan,,nan,nan,nan,2,29,-,SELECT OWNER FIRST,
2026-07-09T13:32:02.648,1351.649,mission_20260709_130931_manual,MANUAL,,0,13.33027172088623,100.9979248046875,149.2786064241827,4,True,0.6582499742507935,1,0,0,0,0,0.0,0.0,0.0,0,0,nan,nan,nan,,nan,nan,nan,2,30,-,SELECT OWNER FIRST,
2026-07-09T13:32:04.715,1353.715,mission_20260709_130931_manual,MANUAL,,0,13.33027172088623,100.9979248046875,149.2822264244428,4,True,0.6577500104904175,1,0,0,0,0,0.0,0.0,0.0,0,0,nan,nan,nan,,nan,nan,nan,2,30,-,SELECT OWNER FIRST,
2026-07-09T13:32:06.768,1355.768,mission_20260709_130931_manual,MANUAL,,0,13.330272674560547,100.9979248046875,149.2940699724636,4,True,0.6582499742507935,1,0,0,0,0,0.0,0.0,0.0,0,0,nan,nan,nan,,nan,nan,nan,2,29,-,SELECT OWNER FIRST,
2026-07-09T13:32:08.832,1357.833,mission_20260709_130931_manual,MANUAL,,0,13.330272674560547,100.9979248046875,149.27725404672705,4,True,0.6575000286102295,1,0,0,0,0,0.0,0.0,0.0,0,0,nan,nan,nan,,nan,nan,nan,2,30,-,SELECT OWNER FIRST,
2026-07-09T13:32:10.896,1359.896,mission_20260709_130931_manual,MANUAL,,0,13.330273628234863,100.9979248046875,149.28114725455396,4,True,0.6575000286102295,1,0,0,0,0,0.0,0.0,0.0,0,0,nan,nan,nan,,nan,nan,nan,2,31,-,SELECT OWNER FIRST,
2026-07-09T13:32:13.027,1362.027,mission_20260709_130931_manual,MANUAL,,0,13.33027458190918,100.9979248046875,149.2919799345776,4,True,0.6577500104904175,1,0,0,0,0,0.0,0.0,0.0,0,0,nan,nan,nan,,nan,nan,nan,2,31,-,SELECT OWNER FIRST,
2026-07-09T13:32:15.088,1364.089,mission_20260709_130931_manual,MANUAL,,0,13.330275535583496,100.9979248046875,149.28715782102356,4,True,0.6577500104904175,1,0,0,0,0,0.0,0.0,0.0,0,0,nan,nan,nan,,nan,nan,nan,2,31,-,SELECT OWNER FIRST,
2026-07-09T13:32:17.195,1366.196,mission_20260709_130931_manual,MANUAL,,0,13.330275535583496,100.9979248046875,149.28188491498432,4,True,0.6577500104904175,1,0,0,0,0,0.0,0.0,0.0,0,0,nan,nan,nan,,nan,nan,nan,2,31,-,SELECT OWNER FIRST,
2026-07-09T13:32:19.239,1368.239,mission_20260709_130931_manual,MANUAL,,0,13.330276489257812,100.9979248046875,149.268333819671,4,True,0.6585000157356262,1,0,0,0,0,0.0,0.0,0.0,0,0,nan,nan,nan,,nan,nan,nan,2,31,-,SELECT OWNER FIRST,
2026-07-09T13:32:21.247,1370.248,mission_20260709_130931_manual,MANUAL,,0,13.330276489257812,100.9979248046875,149.25993268699187,4,True,0.6575000286102295,1,0,0,0,0,0.0,0.0,0.0,0,0,nan,nan,nan,,nan,nan,nan,2,31,-,SELECT OWNER FIRST,
2026-07-09T13:32:23.497,1372.498,mission_20260709_130931_manual,MANUAL,,0,13.330276489257812,100.9979248046875,149.26235057395806,4,True,0.6570000052452087,1,0,0,0,0,0.0,0.0,0.0,0,0,nan,nan,nan,,nan,nan,nan,2,31,-,SELECT OWNER FIRST,
2026-07-09T13:32:25.634,1374.635,mission_20260709_130931_manual,MANUAL,,0,13.330277442932129,100.9979248046875,149.26288332871334,4,True,0.6575000286102295,1,0,0,0,0,0.0,0.0,0.0,0,0,nan,nan,nan,,nan,nan,nan,2,31,-,SELECT OWNER FIRST,
2026-07-09T13:32:27.775,1376.776,mission_20260709_130931_manual,MANUAL,,0,13.330277442932129,100.9979248046875,149.26251449849815,4,True,0.6570000052452087,1,0,0,0,0,0.0,0.0,0.0,0,0,nan,nan,nan,,nan,nan,nan,2,31,-,SELECT OWNER FIRST,
2026-07-09T13:32:29.832,1378.832,mission_20260709_130931_manual,MANUAL,,0,13.330277442932129,100.9979248046875,149.25112174296257,4,True,0.6572499871253967,1,0,0,0,0,0.0,0.0,0.0,0,0,nan,nan,nan,,nan,nan,nan,2,31,-,SELECT OWNER FIRST,
2026-07-09T13:32:31.891,1380.892,mission_20260709_130931_manual,MANUAL,,0,13.330277442932129,100.9979248046875,149.24871751637474,4,True,0.6577500104904175,1,0,0,0,0,0.0,0.0,0.0,0,0,nan,nan,nan,,nan,nan,nan,2,31,-,SELECT OWNER FIRST,
2026-07-09T13:32:33.919,1382.919,mission_20260709_130931_manual,MANUAL,,0,13.330277442932129,100.9979248046875,149.251340309016,4,True,0.6579999923706055,1,0,0,0,0,0.0,0.0,0.0,0,0,nan,nan,nan,,nan,nan,nan,2,31,-,SELECT OWNER FIRST,
2026-07-09T13:32:36.042,1385.042,mission_20260709_130931_manual,MANUAL,,0,13.330278396606445,100.9979248046875,149.24064423277576,4,True,0.6570000052452087,1,0,0,0,0,0.0,0.0,0.0,0,0,nan,nan,nan,,nan,nan,nan,2,31,-,SELECT OWNER FIRST,
2026-07-09T13:32:38.172,1387.172,mission_20260709_130931_manual,MANUAL,,0,13.330279350280762,100.9979248046875,149.24306211974195,4,True,0.6575000286102295,1,0,0,0,0,0.0,0.0,0.0,0,0,nan,nan,nan,,nan,nan,nan,2,31,-,SELECT OWNER FIRST,
2026-07-09T13:32:40.316,1389.316,mission_20260709_130931_manual,MANUAL,,0,13.330280303955078,100.9979248046875,149.23961970440027,4,True,0.6567500233650208,1,0,0,0,0,0.0,0.0,0.0,0,0,nan,nan,nan,,nan,nan,nan,2,31,-,SELECT OWNER FIRST,
2026-07-09T13:32:42.478,1391.478,mission_20260709_130931_manual,MANUAL,,0,13.330281257629395,100.9979248046875,149.24069887428914,4,True,0.6577500104904175,1,0,0,0,0,0.0,0.0,0.0,0,0,nan,nan,nan,,nan,nan,nan,2,31,-,SELECT OWNER FIRST,
2026-07-09T13:32:44.536,1393.536,mission_20260709_130931_manual,MANUAL,,0,13.330282211303711,100.9979248046875,149.24517947838467,4,True,0.6575000286102295,1,0,0,0,0,0.0,0.0,0.0,0,0,nan,nan,nan,,nan,nan,nan,2,31,-,SELECT OWNER FIRST,
2026-07-09T13:32:46.687,1395.687,mission_20260709_130931_manual,MANUAL,,0,13.330283164978027,100.9979248046875,149.2415458177462,4,True,0.6575000286102295,1,0,0,0,0,0.0,0.0,0.0,0,0,nan,nan,nan,,nan,nan,nan,2,31,-,SELECT OWNER FIRST,
2026-07-09T13:32:49.003,1398.004,mission_20260709_130931_manual,MANUAL,,0,13.330284118652344,100.9979248046875,149.2402480818039,4,True,0.6575000286102295,1,0,0,0,0,0.0,0.0,0.0,0,0,nan,nan,nan,,nan,nan,nan,2,30,-,SELECT OWNER FIRST,
2026-07-09T13:32:51.073,1400.073,mission_20260709_130931_manual,MANUAL,,0,13.330286026000977,100.9979248046875,149.24955079945346,4,True,0.6577500104904175,1,0,0,0,0,0.0,0.0,0.0,0,0,nan,nan,nan,,nan,nan,nan,2,30,-,SELECT OWNER FIRST,
2026-07-09T13:32:53.192,1402.193,mission_20260709_130931_manual,MANUAL,,0,13.330286026000977,100.9979248046875,149.26489140432932,4,True,0.6567500233650208,1,0,0,0,0,0.0,0.0,0.0,0,0,nan,nan,nan,,nan,nan,nan,2,31,-,SELECT OWNER FIRST,
2026-07-09T13:32:55.275,1404.275,mission_20260709_130931_manual,MANUAL,,0,13.330286979675293,100.9979248046875,149.2761475560815,4,True,0.6575000286102295,1,0,0,0,0,0.0,0.0,0.0,0,0,nan,nan,nan,,nan,nan,nan,2,31,-,SELECT OWNER FIRST,
2026-07-09T13:32:57.309,1406.309,mission_20260709_130931_manual,MANUAL,,0,13.33028793334961,100.9979248046875,149.275847027758,4,True,0.6570000052452087,1,0,0,0,0,0.0,0.0,0.0,0,0,nan,nan,nan,,nan,nan,nan,2,31,-,SELECT OWNER FIRST,
2026-07-09T13:32:59.359,1408.36,mission_20260709_130931_manual,MANUAL,,0,13.330288887023926,100.9979248046875,149.26760981961897,4,True,0.6572499871253967,1,0,0,0,0,0.0,0.0,0.0,0,0,nan,nan,nan,,nan,nan,nan,2,31,-,SELECT OWNER FIRST,
2026-07-09T13:33:01.489,1410.49,mission_20260709_130931_manual,MANUAL,,0,13.330289840698242,100.9979248046875,149.2581568378077,4,True,0.6582499742507935,1,0,0,0,0,0.0,0.0,0.0,0,0,nan,nan,nan,,nan,nan,nan,2,31,-,SELECT OWNER FIRST,
2026-07-09T13:33:03.563,1412.563,mission_20260709_130931_manual,MANUAL,,0,13.330289840698242,100.9979248046875,149.2671726875121,4,True,0.6570000052452087,1,0,0,0,0,0.0,0.0,0.0,0,0,nan,nan,nan,,nan,nan,nan,2,31,-,SELECT OWNER FIRST,
2026-07-09T13:33:05.623,1414.624,mission_20260709_130931_manual,MANUAL,,0,13.330291748046875,100.9979248046875,149.27146204631086,4,True,0.6577500104904175,1,0,0,0,0,0.0,0.0,0.0,0,0,nan,nan,nan,,nan,nan,nan,2,31,-,SELECT OWNER FIRST,
2026-07-09T13:33:07.634,1416.635,mission_20260709_130931_manual,MANUAL,,0,13.330292701721191,100.9979248046875,149.27706280143028,4,True,0.6575000286102295,1,0,0,0,0,0.0,0.0,0.0,0,0,nan,nan,nan,,nan,nan,nan,2,31,-,SELECT OWNER FIRST,
2026-07-09T13:33:09.777,1418.778,mission_20260709_130931_manual,MANUAL,,0,13.330293655395508,100.9979248046875,149.28494483973247,4,True,0.6572499871253967,1,0,0,0,0,0.0,0.0,0.0,0,0,nan,nan,nan,,nan,nan,nan,2,31,-,SELECT OWNER FIRST,
2026-07-09T13:33:11.853,1420.853,mission_20260709_130931_manual,MANUAL,,0,13.330294609069824,100.9979248046875,149.27984951861166,4,True,0.6575000286102295,1,0,0,0,0,0.0,0.0,0.0,0,0,nan,nan,nan,,nan,nan,nan,2,31,-,SELECT OWNER FIRST,
2026-07-09T13:33:13.945,1422.946,mission_20260709_130931_manual,MANUAL,,0,13.33029556274414,100.9979248046875,149.28428914157215,4,True,0.6575000286102295,1,0,0,0,0,0.0,0.0,0.0,0,0,nan,nan,nan,,nan,nan,nan,2,31,-,SELECT OWNER FIRST,
2026-07-09T13:33:16.023,1425.023,mission_20260709_130931_manual,MANUAL,,0,13.330297470092773,100.9979248046875,149.28282748108978,4,True,0.6572499871253967,1,0,0,0,0,0.0,0.0,0.0,0,0,nan,nan,nan,,nan,nan,nan,2,31,-,SELECT OWNER FIRST,
2026-07-09T13:33:18.088,1427.089,mission_20260709_130931_manual,MANUAL,,0,13.33029842376709,100.9979248046875,149.28012272617843,4,True,0.6579999923706055,1,0,0,0,0,0.0,0.0,0.0,0,0,nan,nan,nan,,nan,nan,nan,2,31,-,SELECT OWNER FIRST,
2026-07-09T13:33:20.145,1429.145,mission_20260709_130931_manual,MANUAL,,0,13.330299377441406,100.9979248046875,149.28023200920515,4,True,0.6570000052452087,1,0,0,0,0,0.0,0.0,0.0,0,0,nan,nan,nan,,nan,nan,nan,2,31,-,SELECT OWNER FIRST,
2026-07-09T13:33:22.263,1431.263,mission_20260709_130931_manual,MANUAL,,0,13.330300331115723,100.9979248046875,149.28855117961425,4,True,0.6575000286102295,1,0,0,0,0,0.0,0.0,0.0,0,0,nan,nan,nan,,nan,nan,nan,2,31,-,SELECT OWNER FIRST,
2026-07-09T13:33:24.331,1433.332,mission_20260709_130931_manual,MANUAL,,0,13.330300331115723,100.9979248046875,149.29002650047497,4,True,0.6570000052452087,1,0,0,0,0,0.0,0.0,0.0,0,0,nan,nan,nan,,nan,nan,nan,2,31,-,SELECT OWNER FIRST,
2026-07-09T13:33:26.413,1435.414,mission_20260709_130931_manual,MANUAL,,0,13.330301284790039,100.9979248046875,149.2860786511347,4,True,0.6575000286102295,1,0,0,0,0,0.0,0.0,0.0,0,0,nan,nan,nan,,nan,nan,nan,2,31,-,SELECT OWNER FIRST,
2026-07-09T13:33:28.577,1437.577,mission_20260709_130931_manual,MANUAL,,0,13.330301284790039,100.9979248046875,149.2994931426646,4,True,0.6577500104904175,1,0,0,0,0,0.0,0.0,0.0,0,0,nan,nan,nan,,nan,nan,nan,2,31,-,SELECT OWNER FIRST,
2026-07-09T13:33:30.693,1439.694,mission_20260709_130931_manual,MANUAL,,0,13.330301284790039,100.9979248046875,149.31160989825221,4,True,0.6575000286102295,1,0,0,0,0,0.0,0.0,0.0,0,0,nan,nan,nan,,nan,nan,nan,2,31,-,SELECT OWNER FIRST,
2026-07-09T13:33:32.770,1441.77,mission_20260709_130931_manual,MANUAL,,0,13.330301284790039,100.9979248046875,149.3101755585265,4,True,0.6570000052452087,1,0,0,0,0,0.0,0.0,0.0,0,0,nan,nan,nan,,nan,nan,nan,2,31,-,SELECT OWNER FIRST,
2026-07-09T13:33:34.879,1443.879,mission_20260709_130931_manual,MANUAL,,0,13.330302238464355,100.9979248046875,149.30412401092187,4,True,0.6585000157356262,1,0,0,0,0,0.0,0.0,0.0,0,0,nan,nan,nan,,nan,nan,nan,2,30,-,SELECT OWNER FIRST,
2026-07-09T13:33:36.953,1445.954,mission_20260709_130931_manual,MANUAL,,0,13.330302238464355,100.9979248046875,149.3006815955802,4,True,0.6575000286102295,1,0,0,0,0,0.0,0.0,0.0,0,0,nan,nan,nan,,nan,nan,nan,2,30,-,SELECT OWNER FIRST,
2026-07-09T13:33:39.081,1448.082,mission_20260709_130931_manual,MANUAL,,0,13.330301284790039,100.9979248046875,149.30915103015099,4,True,0.6579999923706055,1,0,0,0,0,0.0,0.0,0.0,0,0,nan,nan,nan,,nan,nan,nan,2,31,-,SELECT OWNER FIRST,
2026-07-09T13:33:41.167,1450.168,mission_20260709_130931_manual,MANUAL,,0,13.330301284790039,100.9979248046875,149.31066733214675,4,True,0.6570000052452087,1,0,0,0,0,0.0,0.0,0.0,0,0,nan,nan,nan,,nan,nan,nan,2,30,-,SELECT OWNER FIRST,
2026-07-09T13:33:43.242,1452.243,mission_20260709_130931_manual,MANUAL,,0,13.330302238464355,100.9979248046875,149.30473872794718,4,True,0.6579999923706055,1,0,0,0,0,0.0,0.0,0.0,0,0,nan,nan,nan,,nan,nan,nan,2,30,-,SELECT OWNER FIRST,
2026-07-09T13:33:45.371,1454.372,mission_20260709_130931_manual,MANUAL,,0,13.330302238464355,100.9979248046875,149.31334476630138,4,True,0.6567500233650208,1,0,0,0,0,0.0,0.0,0.0,0,0,nan,nan,nan,,nan,nan,nan,2,30,-,SELECT OWNER FIRST,
2026-07-09T13:33:47.520,1456.52,mission_20260709_130931_manual,MANUAL,,0,13.330302238464355,100.9979248046875,149.31715601185826,4,True,0.6579999923706055,1,0,0,0,0,0.0,0.0,0.0,0,0,nan,nan,nan,,nan,nan,nan,2,30,-,SELECT OWNER FIRST,
2026-07-09T13:33:49.580,1458.581,mission_20260709_130931_manual,MANUAL,,0,13.330302238464355,100.9979248046875,149.32180054049385,4,True,0.6579999923706055,1,0,0,0,0,0.0,0.0,0.0,0,0,nan,nan,nan,,nan,nan,nan,2,31,-,SELECT OWNER FIRST,
2026-07-09T13:33:51.663,1460.663,mission_20260709_130931_manual,MANUAL,,0,13.330303192138672,100.9979248046875,149.316623257103,4,True,0.6582499742507935,1,0,0,0,0,0.0,0.0,0.0,0,0,nan,nan,nan,,nan,nan,nan,2,30,-,SELECT OWNER FIRST,
2026-07-09T13:33:53.697,1462.698,mission_20260709_130931_manual,MANUAL,,0,13.330303192138672,100.9979248046875,149.3099706528514,4,True,0.6572499871253967,1,0,0,0,0,0.0,0.0,0.0,0,0,nan,nan,nan,,nan,nan,nan,2,30,-,SELECT OWNER FIRST,
2026-07-09T13:33:55.740,1464.741,mission_20260709_130931_manual,MANUAL,,0,13.330303192138672,100.9979248046875,149.31497035132384,4,True,0.6572499871253967,1,0,0,0,0,0.0,0.0,0.0,0,0,nan,nan,nan,,nan,nan,nan,2,30,-,SELECT OWNER FIRST,
2026-07-09T13:33:57.813,1466.814,mission_20260709_130931_manual,MANUAL,,0,13.330303192138672,100.9979248046875,149.3100389547431,4,True,0.6572499871253967,1,0,0,0,0,0.0,0.0,0.0,0,0,nan,nan,nan,,nan,nan,nan,2,30,-,SELECT OWNER FIRST,
2026-07-09T13:33:59.893,1468.894,mission_20260709_130931_manual,MANUAL,,0,13.330303192138672,100.9979248046875,149.30648725637468,4,True,0.6577500104904175,1,0,0,0,0,0.0,0.0,0.0,0,0,nan,nan,nan,,nan,nan,nan,2,31,-,SELECT OWNER FIRST,
2026-07-09T13:34:01.948,1470.949,mission_20260709_130931_manual,MANUAL,,0,13.330302238464355,100.9979248046875,149.30061329368849,4,True,0.6575000286102295,1,0,0,0,0,0.0,0.0,0.0,0,0,nan,nan,nan,,nan,nan,nan,2,31,-,SELECT OWNER FIRST,
2026-07-09T13:34:04.080,1473.08,mission_20260709_130931_manual,MANUAL,,0,13.330301284790039,100.9979248046875,149.30159684092897,4,True,0.6577500104904175,1,0,0,0,0,0.0,0.0,0.0,0,0,nan,nan,nan,,nan,nan,nan,2,30,-,SELECT OWNER FIRST,
2026-07-09T13:34:06.134,1475.134,mission_20260709_130931_manual,MANUAL,,0,13.330299377441406,100.9979248046875,149.30789427534373,4,True,0.6579999923706055,1,0,0,0,0,0.0,0.0,0.0,0,0,nan,nan,nan,,nan,nan,nan,2,30,-,SELECT OWNER FIRST,
