iso_time,elapsed_s,mission_id,run_mode,event,hw_mode,lat,lng,yaw_deg,gps_fix,gps_ready,lidar_min_front_m,lidar_obstacle,pwm_l,pwm_r,enc_l,enc_r,wheel_speed_l_kph,wheel_speed_r_kph,wheel_speed_avg_kph,wp_idx,path_len,target_lat,target_lng,dist_to_target_m,battery_soc_pct,battery_voltage_v,battery_current_a,battery_temp_c,battery_status,num_sats,segment,follow_status,follow_debug
2026-07-18T14:58:01.297,0.297,mission_20260718_145801_manual,MANUAL,MISSION_START,0,13.330281257629395,100.99787902832031,149.03882580318023,3,True,0.6875,1,0,0,-1,0,0.0,0.0,0.0,0,0,nan,nan,nan,73,26.0,0.0,39.0,0,28,-,,
2026-07-18T14:58:03.318,2.318,mission_20260718_145801_manual,MANUAL,,0,13.330279350280762,100.99787902832031,149.25552038478807,3,True,0.6880000233650208,1,0,0,-1,0,0.0,0.0,0.0,0,0,nan,nan,nan,73,26.0,0.0,39.0,0,28,-,,
2026-07-18T14:58:05.351,4.351,mission_20260718_145801_manual,MANUAL,,0,13.330278396606445,100.99787902832031,149.43728537898045,3,True,0.687749981880188,1,0,0,-1,0,0.0,0.0,0.0,0,0,nan,nan,nan,73,26.0,0.0,39.0,0,29,-,,
2026-07-18T14:58:07.375,6.376,mission_20260718_145801_manual,MANUAL,,0,13.330277442932129,100.99787902832031,149.6020841832745,3,True,0.687250018119812,1,0,0,-1,0,0.0,0.0,0.0,0,0,nan,nan,nan,73,26.0,0.0,39.0,0,29,-,SELECT OWNER FIRST,
2026-07-18T14:58:09.396,8.396,mission_20260718_145801_manual,MANUAL,,0,13.330275535583496,100.99787902832031,149.74142004234275,3,True,0.6865000128746033,1,0,0,-1,0,0.0,0.0,0.0,0,0,nan,nan,nan,73,26.0,0.0,39.0,0,28,-,SELECT OWNER FIRST,
2026-07-18T14:58:11.424,10.425,mission_20260718_145801_manual,MANUAL,,0,13.330273628234863,100.99787902832031,149.87374812732259,3,True,0.6882500052452087,1,0,0,-1,0,0.0,0.0,0.0,0,0,nan,nan,nan,73,26.0,0.0,39.0,0,28,-,SELECT OWNER FIRST,
2026-07-18T14:58:13.439,12.44,mission_20260718_145801_manual,MANUAL,,0,13.330272674560547,100.99787902832031,149.99894549480894,3,True,0.690500020980835,1,0,0,-1,0,0.0,0.0,0.0,0,0,nan,nan,nan,73,26.0,0.0,39.0,0,29,-,SELECT OWNER FIRST,
2026-07-18T14:58:15.440,14.44,mission_20260718_145801_manual,MANUAL,,0,13.33027172088623,100.99787902832031,150.08786089742415,3,True,0.6857500076293945,1,0,0,-1,0,0.0,0.0,0.0,0,0,nan,nan,nan,73,26.0,0.0,39.0,0,29,-,SELECT OWNER FIRST,
2026-07-18T14:58:17.441,16.441,mission_20260718_145801_manual,MANUAL,,0,13.330270767211914,100.99787902832031,150.17785546992823,3,True,0.6867499947547913,1,0,0,-1,0,0.0,0.0,0.0,0,0,nan,nan,nan,73,26.0,0.0,39.0,0,29,-,SELECT OWNER FIRST,
2026-07-18T14:58:19.455,18.455,mission_20260718_145801_manual,MANUAL,,0,13.330270767211914,100.99787902832031,150.2529192489067,3,True,0.687250018119812,1,0,0,-1,0,0.0,0.0,0.0,0,0,nan,nan,nan,73,26.0,0.0,39.0,0,29,-,SELECT OWNER FIRST,
2026-07-18T14:58:21.485,20.485,mission_20260718_145801_manual,MANUAL,,0,13.330269813537598,100.99787902832031,150.32169925384872,3,True,0.6880000233650208,1,0,0,-1,0,0.0,0.0,0.0,0,0,nan,nan,nan,73,26.0,0.0,39.0,0,29,-,SELECT OWNER FIRST,
2026-07-18T14:58:23.487,22.488,mission_20260718_145801_manual,MANUAL,,0,13.330269813537598,100.99787902832031,150.38766522085268,3,True,0.6887500286102295,1,0,0,-1,0,0.0,0.0,0.0,0,0,nan,nan,nan,73,26.0,0.0,39.0,0,29,-,SELECT OWNER FIRST,
2026-07-18T14:58:25.504,24.505,mission_20260718_145801_manual,MANUAL,,0,13.330269813537598,100.99787902832031,150.4399571491383,3,True,0.6894999742507935,1,0,0,-1,0,0.0,0.0,0.0,0,0,nan,nan,nan,73,26.0,0.0,39.0,0,29,-,SELECT OWNER FIRST,
2026-07-18T14:58:27.525,26.525,mission_20260718_145801_manual,MANUAL,,0,13.330268859863281,100.99787902832031,150.49840990805527,3,True,0.6882500052452087,1,0,0,-1,0,0.0,0.0,0.0,0,0,nan,nan,nan,73,26.0,0.0,39.0,0,29,-,SELECT OWNER FIRST,
2026-07-18T14:58:29.532,28.532,mission_20260718_145801_manual,MANUAL,,0,13.330268859863281,100.99787902832031,150.53706877875754,3,True,0.687749981880188,1,0,0,-1,0,0.0,0.0,0.0,0,0,nan,nan,nan,73,26.0,0.0,39.0,0,29,-,SELECT OWNER FIRST,
2026-07-18T14:58:31.545,30.545,mission_20260718_145801_manual,MANUAL,,0,13.330268859863281,100.99787902832031,150.5661380638651,3,True,0.6884999871253967,1,0,0,-1,0,0.0,0.0,0.0,0,0,nan,nan,nan,73,26.0,0.0,39.0,0,29,-,SELECT OWNER FIRST,
2026-07-18T14:58:33.568,32.568,mission_20260718_145801_manual,MANUAL,,0,13.330268859863281,100.99787902832031,150.59023497125693,3,True,0.6859999895095825,1,0,0,-1,0,0.0,0.0,0.0,0,0,nan,nan,nan,73,26.0,0.0,39.0,0,29,-,SELECT OWNER FIRST,
2026-07-18T14:58:35.602,34.603,mission_20260718_145801_manual,MANUAL,,0,13.330268859863281,100.99787902832031,150.60631323656315,3,True,0.6887500286102295,1,0,0,-1,0,0.0,0.0,0.0,0,0,nan,nan,nan,73,26.0,0.0,39.0,0,28,-,SELECT OWNER FIRST,
2026-07-18T14:58:37.649,36.65,mission_20260718_145801_manual,MANUAL,,0,13.330268859863281,100.99787902832031,150.63721301236828,3,True,0.687749981880188,1,0,0,-1,0,0.0,0.0,0.0,0,0,nan,nan,nan,73,26.0,0.0,39.0,0,29,-,SELECT OWNER FIRST,
2026-07-18T14:58:39.702,38.702,mission_20260718_145801_manual,MANUAL,,0,13.330268859863281,100.99787902832031,150.65748501382487,3,True,0.6880000233650208,1,0,0,-1,0,0.0,0.0,0.0,0,0,nan,nan,nan,73,26.0,0.0,39.0,0,28,-,SELECT OWNER FIRST,
2026-07-18T14:58:41.726,40.727,mission_20260718_145801_manual,MANUAL,,0,13.330267906188965,100.99787902832031,150.67145958086672,3,True,0.690750002861023,1,0,0,-1,0,0.0,0.0,0.0,0,0,nan,nan,nan,73,26.0,0.0,39.0,0,28,-,SELECT OWNER FIRST,
2026-07-18T14:58:43.774,42.774,mission_20260718_145801_manual,MANUAL,,0,13.330266952514648,100.99787902832031,150.67837173230677,3,True,0.6897500157356262,1,0,0,-1,0,0.0,0.0,0.0,0,0,nan,nan,nan,73,26.0,0.0,39.0,0,27,-,SELECT OWNER FIRST,
2026-07-18T14:58:45.821,44.822,mission_20260718_145801_manual,MANUAL,,0,13.330265998840332,100.99787902832031,150.70082939429778,3,True,0.6884999871253967,1,0,0,-1,0,0.0,0.0,0.0,0,0,nan,nan,nan,73,26.0,0.0,39.0,0,27,-,SELECT OWNER FIRST,
2026-07-18T14:58:47.857,46.858,mission_20260718_145801_manual,MANUAL,,0,13.330265998840332,100.99787902832031,150.71468101793457,3,True,0.6882500052452087,1,0,0,-1,0,0.0,0.0,0.0,0,0,nan,nan,nan,73,26.0,0.0,39.0,0,27,-,SELECT OWNER FIRST,
2026-07-18T14:58:49.887,48.887,mission_20260718_145801_manual,MANUAL,,0,13.330265998840332,100.99787902832031,150.722412792075,3,True,0.6862499713897705,1,0,0,-1,0,0.0,0.0,0.0,0,0,nan,nan,nan,73,26.0,0.0,39.0,0,27,-,SELECT OWNER FIRST,
2026-07-18T14:58:51.887,50.888,mission_20260718_145801_manual,MANUAL,,0,13.330265045166016,100.99787902832031,150.72218056564324,3,True,0.6887500286102295,1,0,0,-1,0,0.0,0.0,0.0,0,0,nan,nan,nan,73,26.0,0.0,39.0,0,27,-,SELECT OWNER FIRST,
2026-07-18T14:58:53.924,52.924,mission_20260718_145801_manual,MANUAL,,0,13.3302640914917,100.99787902832031,150.71946215035356,3,True,0.6869999766349792,1,0,0,-1,0,0.0,0.0,0.0,0,0,nan,nan,nan,73,26.0,0.0,39.0,0,28,-,SELECT OWNER FIRST,
2026-07-18T14:58:55.933,54.934,mission_20260718_145801_manual,MANUAL,,0,13.330263137817383,100.99787902832031,150.72869656611144,3,True,0.6867499947547913,1,0,0,-1,0,0.0,0.0,0.0,0,0,nan,nan,nan,73,26.0,0.0,39.0,0,28,-,SELECT OWNER FIRST,
2026-07-18T14:58:57.940,56.94,mission_20260718_145801_manual,MANUAL,,0,13.330262184143066,100.99787902832031,150.72300018834363,3,True,0.6880000233650208,1,0,0,-1,0,0.0,0.0,0.0,0,0,nan,nan,nan,73,26.0,0.0,39.0,0,28,-,SELECT OWNER FIRST,
2026-07-18T14:58:59.962,58.962,mission_20260718_145801_manual,MANUAL,,0,13.330263137817383,100.99787902832031,150.72040471645903,3,True,0.687749981880188,1,0,0,-1,0,0.0,0.0,0.0,0,0,nan,nan,nan,73,26.0,0.0,39.0,0,28,-,SELECT OWNER FIRST,
2026-07-18T14:59:01.979,60.979,mission_20260718_145801_manual,MANUAL,,0,13.330263137817383,100.99787902832031,150.70857482881658,3,True,0.6887500286102295,1,0,0,-1,0,0.0,0.0,0.0,0,0,nan,nan,nan,73,26.0,0.0,39.0,0,28,-,SELECT OWNER FIRST,
2026-07-18T14:59:03.988,62.989,mission_20260718_145801_manual,MANUAL,,0,13.330263137817383,100.99787902832031,150.7009386773245,3,True,0.6882500052452087,1,0,0,-1,0,0.0,0.0,0.0,0,0,nan,nan,nan,73,26.0,0.0,39.0,0,27,-,SELECT OWNER FIRST,
2026-07-18T14:59:06.019,65.019,mission_20260718_145801_manual,MANUAL,,0,13.3302640914917,100.99787902832031,150.68711437444438,3,True,0.687749981880188,1,0,0,-1,0,0.0,0.0,0.0,0,0,nan,nan,nan,73,26.0,0.0,39.0,0,27,-,SELECT OWNER FIRST,
2026-07-18T14:59:08.040,67.041,mission_20260718_145801_manual,MANUAL,,0,13.330265045166016,100.99787902832031,150.6772515812829,3,True,0.6855000257492065,1,0,0,-1,0,0.0,0.0,0.0,0,0,nan,nan,nan,73,26.0,0.0,39.0,0,26,-,SELECT OWNER FIRST,
2026-07-18T14:59:10.065,69.065,mission_20260718_145801_manual,MANUAL,,0,13.330265998840332,100.99787902832031,150.67145958086672,3,True,0.6852499842643738,1,0,0,-1,0,0.0,0.0,0.0,0,0,nan,nan,nan,73,26.0,0.0,39.0,0,27,-,SELECT OWNER FIRST,
2026-07-18T14:59:12.088,71.089,mission_20260718_145801_manual,MANUAL,,0,13.330265998840332,100.99787902832031,150.66330433499772,3,True,0.687749981880188,1,0,0,-1,0,0.0,0.0,0.0,0,0,nan,nan,nan,73,26.0,0.0,39.0,0,27,-,SELECT OWNER FIRST,
2026-07-18T14:59:14.115,73.116,mission_20260718_145801_manual,MANUAL,,0,13.330265045166016,100.99787902832031,150.65106463600506,3,True,0.6884999871253967,1,0,0,-1,0,0.0,0.0,0.0,0,0,nan,nan,nan,73,26.0,0.0,39.0,0,27,-,SELECT OWNER FIRST,
2026-07-18T14:59:16.163,75.163,mission_20260718_145801_manual,MANUAL,,0,13.330265045166016,100.99787902832031,150.64348312602635,3,True,0.6884999871253967,1,0,0,-1,0,0.0,0.0,0.0,0,0,nan,nan,nan,73,26.0,0.0,39.0,0,27,-,SELECT OWNER FIRST,
2026-07-18T14:59:18.165,77.166,mission_20260718_145801_manual,MANUAL,,0,13.330265998840332,100.99787902832031,150.63051942698166,3,True,0.687250018119812,1,0,0,-1,0,0.0,0.0,0.0,0,0,nan,nan,nan,73,26.0,0.0,39.0,0,29,-,SELECT OWNER FIRST,
2026-07-18T14:59:20.181,79.181,mission_20260718_145801_manual,MANUAL,,0,13.330265045166016,100.99787902832031,150.60758365174877,3,True,0.6882500052452087,1,0,0,-1,0,0.0,0.0,0.0,0,0,nan,nan,nan,73,26.0,0.0,39.0,0,29,-,SELECT OWNER FIRST,
2026-07-18T14:59:22.206,81.206,mission_20260718_145801_manual,MANUAL,,0,13.330265045166016,100.99787902832031,150.58759851823731,3,True,0.687749981880188,1,0,0,-1,0,0.0,0.0,0.0,0,0,nan,nan,nan,73,26.0,0.0,39.0,0,29,-,SELECT OWNER FIRST,
2026-07-18T14:59:24.225,83.225,mission_20260718_145801_manual,MANUAL,,0,13.3302640914917,100.99788665771484,150.56720357337565,3,True,0.690500020980835,1,0,0,-1,0,0.0,0.0,0.0,0,0,nan,nan,nan,73,26.0,0.0,39.0,0,29,-,SELECT OWNER FIRST,
2026-07-18T14:59:26.237,85.237,mission_20260718_145801_manual,MANUAL,,0,13.3302640914917,100.99788665771484,150.5610154219876,3,True,0.6897500157356262,1,0,0,-1,0,0.0,0.0,0.0,0,0,nan,nan,nan,73,26.0,0.0,39.0,0,27,-,SELECT OWNER FIRST,
2026-07-18T14:59:28.253,87.253,mission_20260718_145801_manual,MANUAL,,0,13.3302640914917,100.99788665771484,150.54679496813566,3,True,0.6880000233650208,1,0,0,-1,0,0.0,0.0,0.0,0,0,nan,nan,nan,73,26.0,0.0,39.0,0,29,-,SELECT OWNER FIRST,
2026-07-18T14:59:30.266,89.266,mission_20260718_145801_manual,MANUAL,,0,13.3302640914917,100.99788665771484,150.534596250278,3,True,0.6912500262260437,1,0,0,-1,0,0.0,0.0,0.0,0,0,nan,nan,nan,73,26.0,0.0,39.0,0,28,-,SELECT OWNER FIRST,
2026-07-18T14:59:32.278,91.279,mission_20260718_145801_manual,MANUAL,,0,13.330265045166016,100.99788665771484,150.5131631166625,3,True,0.6884999871253967,1,0,0,-1,0,0.0,0.0,0.0,0,0,nan,nan,nan,73,26.0,0.0,39.0,0,29,-,SELECT OWNER FIRST,
2026-07-18T14:59:34.300,93.301,mission_20260718_145801_manual,MANUAL,,0,13.330265045166016,100.99788665771484,150.49051420937474,3,True,0.6867499947547913,1,0,0,-1,0,0.0,0.0,0.0,0,0,nan,nan,nan,73,26.0,0.0,38.0,0,29,-,SELECT OWNER FIRST,
2026-07-18T14:59:36.336,95.337,mission_20260718_145801_manual,MANUAL,,0,13.330265045166016,100.99788665771484,150.47641669892784,3,True,0.6882500052452087,1,0,0,-1,0,0.0,0.0,0.0,0,0,nan,nan,nan,73,26.0,0.0,39.0,0,29,-,SELECT OWNER FIRST,
2026-07-18T14:59:38.363,97.363,mission_20260718_145801_manual,MANUAL,,0,13.330265998840332,100.99788665771484,150.459710056218,3,True,0.6919999718666077,1,0,0,-1,0,0.0,0.0,0.0,0,0,nan,nan,nan,73,26.0,0.0,39.0,0,29,-,SELECT OWNER FIRST,
2026-07-18T14:59:40.378,99.378,mission_20260718_145801_manual,MANUAL,,0,13.330265998840332,100.99789428710938,150.44334492296665,4,True,0.6894999742507935,1,0,0,-1,0,0.0,0.0,0.0,0,0,nan,nan,nan,73,26.0,0.0,39.0,0,29,-,SELECT OWNER FIRST,
2026-07-18T14:59:42.390,101.39,mission_20260718_145801_manual,MANUAL,,0,13.330266952514648,100.99789428710938,150.4335367713185,4,True,0.6880000233650208,1,0,0,-1,0,0.0,0.0,0.0,0,0,nan,nan,nan,73,26.0,0.0,38.0,0,29,-,SELECT OWNER FIRST,
2026-07-18T14:59:44.408,103.408,mission_20260718_145801_manual,MANUAL,,0,13.330266952514648,100.99789428710938,150.4177726947141,4,True,0.6865000128746033,1,0,0,-1,0,0.0,0.0,0.0,0,0,nan,nan,nan,73,26.0,0.0,38.0,0,29,-,SELECT OWNER FIRST,
2026-07-18T14:59:46.440,105.441,mission_20260718_145801_manual,MANUAL,,0,13.330267906188965,100.99789428710938,150.40814212798438,4,True,0.6890000104904175,1,0,0,-1,0,0.0,0.0,0.0,0,0,nan,nan,nan,73,26.0,0.0,38.0,0,29,-,SELECT OWNER FIRST,
2026-07-18T14:59:48.477,107.478,mission_20260718_145801_manual,MANUAL,,0,13.330268859863281,100.99789428710938,150.3893727681452,4,True,0.690750002861023,1,0,0,-1,0,0.0,0.0,0.0,0,0,nan,nan,nan,73,26.0,0.0,38.0,0,29,-,SELECT OWNER FIRST,
2026-07-18T14:59:50.504,109.505,mission_20260718_145801_manual,MANUAL,,0,13.330268859863281,100.99789428710938,150.38453699421282,4,True,0.6890000104904175,1,0,0,-1,0,0.0,0.0,0.0,0,0,nan,nan,nan,73,26.0,0.0,38.0,0,29,-,SELECT OWNER FIRST,
2026-07-18T14:59:52.523,111.524,mission_20260718_145801_manual,MANUAL,,0,13.330269813537598,100.99789428710938,150.37130008760136,4,True,0.6887500286102295,1,0,0,-1,0,0.0,0.0,0.0,0,0,nan,nan,nan,73,26.0,0.0,38.0,0,29,-,SELECT OWNER FIRST,
2026-07-18T14:59:54.556,113.556,mission_20260718_145801_manual,MANUAL,,0,13.330270767211914,100.99789428710938,150.3531317844091,4,True,0.6887500286102295,1,0,0,-1,0,0.0,0.0,0.0,0,0,nan,nan,nan,73,26.0,0.0,38.0,0,29,-,SELECT OWNER FIRST,
2026-07-18T14:59:56.570,115.57,mission_20260718_145801_manual,MANUAL,,0,13.33027172088623,100.99789428710938,150.34751736891135,4,True,0.6912500262260437,1,0,0,-1,0,0.0,0.0,0.0,0,0,nan,nan,nan,73,26.0,0.0,38.0,0,29,-,SELECT OWNER FIRST,
2026-07-18T14:59:58.600,117.6,mission_20260718_145801_manual,MANUAL,,0,13.330272674560547,100.99789428710938,150.34560491594377,4,True,0.6867499947547913,1,0,0,-1,0,0.0,0.0,0.0,0,0,nan,nan,nan,73,26.0,0.0,38.0,0,29,-,SELECT OWNER FIRST,
2026-07-18T15:00:00.621,119.621,mission_20260718_145801_manual,MANUAL,,0,13.330273628234863,100.99789428710938,150.3336794056529,4,True,0.6890000104904175,1,0,0,-1,0,0.0,0.0,0.0,0,0,nan,nan,nan,73,26.0,0.0,38.0,0,29,-,SELECT OWNER FIRST,
2026-07-18T15:00:02.639,121.64,mission_20260718_145801_manual,MANUAL,,0,13.330273628234863,100.9979019165039,150.33243631122397,4,True,0.6890000104904175,1,0,0,-1,0,0.0,0.0,0.0,0,0,nan,nan,nan,73,26.0,0.0,38.0,0,29,-,SELECT OWNER FIRST,
2026-07-18T15:00:04.642,123.643,mission_20260718_145801_manual,MANUAL,,0,13.330273628234863,100.9979019165039,150.34240838741218,4,True,0.6892499923706055,1,0,0,-1,0,0.0,0.0,0.0,0,0,nan,nan,nan,73,26.0,0.0,38.0,0,29,-,SELECT OWNER FIRST,
2026-07-18T15:00:06.669,125.67,mission_20260718_145801_manual,MANUAL,,0,13.33027458190918,100.9979019165039,150.34247668930388,4,True,0.687250018119812,1,0,0,-1,0,0.0,0.0,0.0,0,0,nan,nan,nan,73,26.0,0.0,38.0,0,29,-,SELECT OWNER FIRST,
2026-07-18T15:00:08.685,127.685,mission_20260718_145801_manual,MANUAL,,0,13.33027458190918,100.9979019165039,150.33986755704095,4,True,0.6859999895095825,1,0,0,-1,0,0.0,0.0,0.0,0,0,nan,nan,nan,73,26.0,0.0,38.0,0,29,-,SELECT OWNER FIRST,
2026-07-18T15:00:10.695,129.696,mission_20260718_145801_manual,MANUAL,,0,13.330275535583496,100.9979019165039,150.32568808432399,4,True,0.6882500052452087,1,0,0,-1,0,0.0,0.0,0.0,0,0,nan,nan,nan,73,26.0,0.0,38.0,0,29,-,SELECT OWNER FIRST,
2026-07-18T15:00:12.721,131.722,mission_20260718_145801_manual,MANUAL,,0,13.330275535583496,100.9979019165039,150.30993766809794,4,True,0.6894999742507935,1,0,0,-1,0,0.0,0.0,0.0,0,0,nan,nan,nan,73,26.0,0.0,38.0,0,29,-,SELECT OWNER FIRST,
2026-07-18T15:00:14.763,133.763,mission_20260718_145801_manual,MANUAL,,0,13.330276489257812,100.9979019165039,150.27809532618735,4,True,0.6882500052452087,1,0,0,-1,0,0.0,0.0,0.0,0,0,nan,nan,nan,73,26.0,0.0,38.0,0,29,-,SELECT OWNER FIRST,
2026-07-18T15:00:16.780,135.781,mission_20260718_145801_manual,MANUAL,,0,13.330276489257812,100.9979019165039,150.25536445662954,4,True,0.6894999742507935,1,0,0,-1,0,0.0,0.0,0.0,0,0,nan,nan,nan,73,26.0,0.0,38.0,0,28,-,SELECT OWNER FIRST,
2026-07-18T15:00:18.791,137.791,mission_20260718_145801_manual,MANUAL,,0,13.330277442932129,100.9979019165039,150.24558362573808,4,True,0.6909999847412109,1,0,0,-1,0,0.0,0.0,0.0,0,0,nan,nan,nan,73,26.0,0.0,38.0,0,28,-,SELECT OWNER FIRST,
2026-07-18T15:00:20.816,139.816,mission_20260718_145801_manual,MANUAL,,0,13.330278396606445,100.9979019165039,150.22725139800576,4,True,0.687749981880188,1,0,0,-1,0,0.0,0.0,0.0,0,0,nan,nan,nan,73,26.0,0.0,38.0,0,28,-,SELECT OWNER FIRST,
2026-07-18T15:00:22.844,141.845,mission_20260718_145801_manual,MANUAL,,0,13.330279350280762,100.9979019165039,150.1880734329266,4,True,0.690750002861023,1,0,0,-1,0,0.0,0.0,0.0,0,0,nan,nan,nan,73,26.0,0.0,38.0,0,28,-,SELECT OWNER FIRST,
2026-07-18T15:00:24.857,143.858,mission_20260718_145801_manual,MANUAL,,0,13.330281257629395,100.9979019165039,150.15000195849294,4,True,0.6890000104904175,1,0,0,-1,0,0.0,0.0,0.0,0,0,nan,nan,nan,73,26.0,0.0,38.0,0,28,-,SELECT OWNER FIRST,
2026-07-18T15:00:26.862,145.863,mission_20260718_145801_manual,MANUAL,,0,13.330282211303711,100.99789428710938,150.11298233319147,4,True,0.6890000104904175,1,0,0,-1,0,0.0,0.0,0.0,0,0,nan,nan,nan,73,26.0,0.0,38.0,0,28,-,SELECT OWNER FIRST,
2026-07-18T15:00:28.900,147.9,mission_20260718_145801_manual,MANUAL,,0,13.330284118652344,100.99789428710938,150.08164542527945,4,True,0.6892499923706055,1,0,0,-1,0,0.0,0.0,0.0,0,0,nan,nan,nan,73,26.0,0.0,38.0,0,29,-,SELECT OWNER FIRST,
2026-07-18T15:00:30.918,149.919,mission_20260718_145801_manual,MANUAL,,0,13.33028507232666,100.99789428710938,150.0540514610326,4,True,0.6882500052452087,1,0,0,-1,0,0.0,0.0,0.0,0,0,nan,nan,nan,73,26.0,0.0,38.0,0,28,-,SELECT OWNER FIRST,
2026-07-18T15:00:32.935,151.935,mission_20260718_145801_manual,MANUAL,,0,13.330286026000977,100.99789428710938,150.03058293104442,4,True,0.687749981880188,1,0,0,-1,0,0.0,0.0,0.0,0,0,nan,nan,nan,73,26.0,0.0,38.0,0,28,-,SELECT OWNER FIRST,
2026-07-18T15:00:34.954,153.955,mission_20260718_145801_manual,MANUAL,,0,13.33028793334961,100.99789428710938,149.99390481520146,4,True,0.6887500286102295,1,0,0,-1,0,0.0,0.0,0.0,0,0,nan,nan,nan,73,26.0,0.0,38.0,0,28,-,SELECT OWNER FIRST,
2026-07-18T15:00:36.960,155.96,mission_20260718_145801_manual,MANUAL,,0,13.330288887023926,100.99789428710938,149.96229469972263,4,True,0.6884999871253967,1,0,0,-1,0,0.0,0.0,0.0,0,0,nan,nan,nan,73,26.0,0.0,38.0,0,28,-,SELECT OWNER FIRST,
2026-07-18T15:00:38.984,157.984,mission_20260718_145801_manual,MANUAL,,0,13.330289840698242,100.99789428710938,149.9295917539766,4,True,0.6892499923706055,1,0,0,-1,0,0.0,0.0,0.0,0,0,nan,nan,nan,73,26.0,0.0,38.0,0,29,-,SELECT OWNER FIRST,
2026-07-18T15:00:40.998,159.999,mission_20260718_145801_manual,MANUAL,,0,13.330290794372559,100.99789428710938,149.91012571484208,4,True,0.6890000104904175,1,0,0,-1,0,0.0,0.0,0.0,0,0,nan,nan,nan,73,26.0,0.0,38.0,0,29,-,SELECT OWNER FIRST,
2026-07-18T15:00:43.000,162.0,mission_20260718_145801_manual,MANUAL,,0,13.330290794372559,100.99789428710938,149.89309122305207,4,True,0.690500020980835,1,0,0,-1,0,0.0,0.0,0.0,0,0,nan,nan,nan,73,26.0,0.0,38.0,0,29,-,SELECT OWNER FIRST,
2026-07-18T15:00:45.022,164.023,mission_20260718_145801_manual,MANUAL,,0,13.330290794372559,100.99789428710938,149.88042805233087,4,True,0.6912500262260437,1,0,0,-1,0,0.0,0.0,0.0,0,0,nan,nan,nan,73,26.0,0.0,38.0,0,29,-,SELECT OWNER FIRST,
2026-07-18T15:00:47.037,166.038,mission_20260718_145801_manual,MANUAL,,0,13.330290794372559,100.99789428710938,149.86210948497688,4,True,0.6897500157356262,1,0,0,-1,0,0.0,0.0,0.0,0,0,nan,nan,nan,73,26.0,0.0,38.0,0,29,-,SELECT OWNER FIRST,
2026-07-18T15:00:49.049,168.049,mission_20260718_145801_manual,MANUAL,,0,13.330290794372559,100.99789428710938,149.84474714410672,4,True,0.6887500286102295,1,0,0,-1,0,0.0,0.0,0.0,0,0,nan,nan,nan,73,26.0,0.0,38.0,0,29,-,SELECT OWNER FIRST,
2026-07-18T15:00:51.058,170.058,mission_20260718_145801_manual,MANUAL,,0,13.330289840698242,100.99789428710938,149.82269929346592,4,True,0.6887500286102295,1,0,0,-1,0,0.0,0.0,0.0,0,0,nan,nan,nan,73,26.0,0.0,38.0,0,28,-,SELECT OWNER FIRST,
2026-07-18T15:00:53.093,172.093,mission_20260718_145801_manual,MANUAL,,0,13.330288887023926,100.99789428710938,149.819489104556,4,True,0.6875,1,0,0,-1,0,0.0,0.0,0.0,0,0,nan,nan,nan,73,26.0,0.0,38.0,0,28,-,SELECT OWNER FIRST,
2026-07-18T15:00:55.119,174.119,mission_20260718_145801_manual,MANUAL,,0,13.33028793334961,100.99789428710938,149.809885858583,4,True,0.6892499923706055,1,0,0,-1,0,0.0,0.0,0.0,0,0,nan,nan,nan,73,26.0,0.0,38.0,0,28,-,SELECT OWNER FIRST,
2026-07-18T15:00:57.120,176.121,mission_20260718_145801_manual,MANUAL,,0,13.330286979675293,100.99789428710938,149.7969631406733,4,True,0.6902499794960022,1,0,0,-1,0,0.0,0.0,0.0,0,0,nan,nan,nan,73,26.0,0.0,38.0,0,28,-,SELECT OWNER FIRST,
2026-07-18T15:00:59.123,178.123,mission_20260718_145801_manual,MANUAL,,0,13.33028507232666,100.99789428710938,149.78264706417295,4,True,0.6884999871253967,1,0,0,-1,0,0.0,0.0,0.0,0,0,nan,nan,nan,73,26.0,0.0,38.0,0,28,-,SELECT OWNER FIRST,
2026-07-18T15:01:01.152,180.153,mission_20260718_145801_manual,MANUAL,,0,13.330283164978027,100.99789428710938,149.77509287495093,4,True,0.6887500286102295,1,0,0,-1,0,0.0,0.0,0.0,0,0,nan,nan,nan,73,26.0,0.0,38.0,0,26,-,SELECT OWNER FIRST,
2026-07-18T15:01:03.178,182.179,mission_20260718_145801_manual,MANUAL,,0,13.330282211303711,100.99789428710938,149.7745054786823,4,True,0.6892499923706055,1,0,0,-1,0,0.0,0.0,0.0,0,0,nan,nan,nan,73,26.0,0.0,38.0,0,26,-,SELECT OWNER FIRST,
2026-07-18T15:01:05.189,184.19,mission_20260718_145801_manual,MANUAL,,0,13.330281257629395,100.99789428710938,149.76827634615927,4,True,0.6875,1,0,0,-1,0,0.0,0.0,0.0,0,0,nan,nan,nan,73,26.0,0.0,38.0,0,26,-,SELECT OWNER FIRST,
2026-07-18T15:01:07.206,186.207,mission_20260718_145801_manual,MANUAL,,0,13.330280303955078,100.99788665771484,149.77130895015074,4,True,0.690750002861023,1,0,0,-1,0,0.0,0.0,0.0,0,0,nan,nan,nan,73,26.0,0.0,38.0,0,28,-,SELECT OWNER FIRST,
2026-07-18T15:01:09.225,188.226,mission_20260718_145801_manual,MANUAL,,0,13.330280303955078,100.99788665771484,149.78865763064258,4,True,0.6899999976158142,1,0,0,-1,0,0.0,0.0,0.0,0,0,nan,nan,nan,73,26.0,0.0,38.0,0,28,-,SELECT OWNER FIRST,
2026-07-18T15:01:11.239,190.239,mission_20260718_145801_manual,MANUAL,,0,13.330279350280762,100.99788665771484,149.78935430993792,4,True,0.6894999742507935,1,0,0,-1,0,0.0,0.0,0.0,0,0,nan,nan,nan,73,26.0,0.0,38.0,0,28,-,SELECT OWNER FIRST,
2026-07-18T15:01:13.279,192.28,mission_20260718_145801_manual,MANUAL,,0,13.330278396606445,100.99788665771484,149.78432729070877,4,True,0.687749981880188,1,0,0,-1,0,0.0,0.0,0.0,0,0,nan,nan,nan,73,26.0,0.0,38.0,0,27,-,SELECT OWNER FIRST,
2026-07-18T15:01:15.299,194.299,mission_20260718_145801_manual,MANUAL,,0,13.330277442932129,100.99788665771484,149.7824831396329,4,True,0.6892499923706055,1,0,0,-1,0,0.0,0.0,0.0,0,0,nan,nan,nan,73,26.0,0.0,38.0,0,27,-,SELECT OWNER FIRST,
2026-07-18T15:01:17.320,196.321,mission_20260718_145801_manual,MANUAL,,0,13.330277442932129,100.99788665771484,149.7787401959677,4,True,0.6880000233650208,1,0,0,-1,0,0.0,0.0,0.0,0,0,nan,nan,nan,73,26.0,0.0,38.0,0,28,-,SELECT OWNER FIRST,
2026-07-18T15:01:19.353,198.354,mission_20260718_145801_manual,MANUAL,,0,13.330277442932129,100.99788665771484,149.77166411998758,4,True,0.690500020980835,1,0,0,-1,0,0.0,0.0,0.0,0,0,nan,nan,nan,73,26.0,0.0,38.0,0,28,-,SELECT OWNER FIRST,
2026-07-18T15:01:21.364,200.365,mission_20260718_145801_manual,MANUAL,,0,13.330277442932129,100.99788665771484,149.76901400658963,4,True,0.690500020980835,1,0,0,-1,0,0.0,0.0,0.0,0,0,nan,nan,nan,73,26.0,0.0,38.0,0,28,-,SELECT OWNER FIRST,
2026-07-18T15:01:23.376,202.377,mission_20260718_145801_manual,MANUAL,,0,13.330278396606445,100.99789428710938,149.75766223218906,4,True,0.6897500157356262,1,0,0,-1,0,0.0,0.0,0.0,0,0,nan,nan,nan,73,26.0,0.0,38.0,0,27,-,SELECT OWNER FIRST,
2026-07-18T15:01:25.384,204.384,mission_20260718_145801_manual,MANUAL,,0,13.330279350280762,100.99789428710938,149.74871468437635,4,True,0.687749981880188,1,0,0,-1,0,0.0,0.0,0.0,0,0,nan,nan,nan,73,26.0,0.0,38.0,0,28,-,SELECT OWNER FIRST,
2026-07-18T15:01:27.392,206.393,mission_20260718_145801_manual,MANUAL,,0,13.330280303955078,100.99789428710938,149.73855136289137,4,True,0.687250018119812,1,0,0,-1,0,0.0,0.0,0.0,0,0,nan,nan,nan,73,26.0,0.0,38.0,0,28,-,SELECT OWNER FIRST,
2026-07-18T15:01:29.413,208.414,mission_20260718_145801_manual,MANUAL,,0,13.330281257629395,100.99789428710938,149.74818192962107,4,True,0.687250018119812,1,0,0,-1,0,0.0,0.0,0.0,0,0,nan,nan,nan,73,26.0,0.0,38.0,0,28,-,SELECT OWNER FIRST,
2026-07-18T15:01:31.436,210.437,mission_20260718_145801_manual,MANUAL,,0,13.330281257629395,100.99789428710938,149.75012170334537,4,True,0.6882500052452087,1,0,0,-1,0,0.0,0.0,0.0,0,0,nan,nan,nan,73,26.0,0.0,38.0,0,27,-,SELECT OWNER FIRST,
2026-07-18T15:01:33.479,212.479,mission_20260718_145801_manual,MANUAL,,0,13.330281257629395,100.99789428710938,149.74818192962107,4,True,0.6909999847412109,1,0,0,-1,0,0.0,0.0,0.0,0,0,nan,nan,nan,73,26.0,0.0,38.0,0,26,-,SELECT OWNER FIRST,
2026-07-18T15:01:35.504,214.504,mission_20260718_145801_manual,MANUAL,,0,13.330280303955078,100.99789428710938,149.74335981606706,4,True,0.6882500052452087,1,0,0,-1,0,0.0,0.0,0.0,0,0,nan,nan,nan,73,26.0,0.0,38.0,0,26,-,SELECT OWNER FIRST,
2026-07-18T15:01:37.549,216.549,mission_20260718_145801_manual,MANUAL,,0,13.330279350280762,100.99789428710938,149.74616019362676,4,True,0.6887500286102295,1,0,0,-1,0,0.0,0.0,0.0,0,0,nan,nan,nan,73,26.0,0.0,38.0,0,25,-,SELECT OWNER FIRST,
2026-07-18T15:01:39.570,218.57,mission_20260718_145801_manual,MANUAL,,0,13.330280303955078,100.9979019165039,149.74639242005853,4,True,0.687749981880188,1,0,0,-1,0,0.0,0.0,0.0,0,0,nan,nan,nan,73,26.0,0.0,38.0,0,24,-,SELECT OWNER FIRST,
2026-07-18T15:01:41.588,220.589,mission_20260718_145801_manual,MANUAL,,0,13.330281257629395,100.9979019165039,149.74763551448748,4,True,0.6887500286102295,1,0,0,-1,0,0.0,0.0,0.0,0,0,nan,nan,nan,73,26.0,0.0,38.0,0,24,-,SELECT OWNER FIRST,
2026-07-18T15:01:43.590,222.591,mission_20260718_145801_manual,MANUAL,,0,13.330281257629395,100.9979019165039,149.75520336408786,4,True,0.6902499794960022,1,0,0,-1,0,0.0,0.0,0.0,0,0,nan,nan,nan,73,26.0,0.0,38.0,0,26,-,SELECT OWNER FIRST,
2026-07-18T15:01:45.617,224.617,mission_20260718_145801_manual,MANUAL,,0,13.330281257629395,100.9979019165039,149.7657628365447,4,True,0.6880000233650208,1,0,0,-1,0,0.0,0.0,0.0,0,0,nan,nan,nan,73,26.0,0.0,38.0,0,26,-,SELECT OWNER FIRST,
2026-07-18T15:01:47.625,226.626,mission_20260718_145801_manual,MANUAL,,0,13.330282211303711,100.9979019165039,149.77542072403108,4,True,0.6899999976158142,1,0,0,-1,0,0.0,0.0,0.0,0,0,nan,nan,nan,73,26.0,0.0,38.0,0,25,-,SELECT OWNER FIRST,
2026-07-18T15:01:49.635,228.635,mission_20260718_145801_manual,MANUAL,,0,13.330282211303711,100.9979019165039,149.77820744121246,4,True,0.6882500052452087,1,0,0,-1,0,0.0,0.0,0.0,0,0,nan,nan,nan,73,26.0,0.0,38.0,0,25,-,SELECT OWNER FIRST,
2026-07-18T15:01:51.656,230.657,mission_20260718_145801_manual,MANUAL,,0,13.330283164978027,100.9979019165039,149.78666321540493,4,True,0.6897500157356262,1,0,0,-1,0,0.0,0.0,0.0,0,0,nan,nan,nan,73,26.0,0.0,38.0,0,25,-,SELECT OWNER FIRST,
2026-07-18T15:01:53.692,232.692,mission_20260718_145801_manual,MANUAL,,0,13.330283164978027,100.99790954589844,149.78531083794925,4,True,0.690750002861023,1,0,0,-1,0,0.0,0.0,0.0,0,0,nan,nan,nan,73,26.0,0.0,38.0,0,25,-,SELECT OWNER FIRST,
2026-07-18T15:01:55.700,234.701,mission_20260718_145801_manual,MANUAL,,0,13.330284118652344,100.99790954589844,149.78158155466244,4,True,0.6894999742507935,1,0,0,-1,0,0.0,0.0,0.0,0,0,nan,nan,nan,73,26.0,0.0,38.0,0,27,-,SELECT OWNER FIRST,
2026-07-18T15:01:57.729,236.73,mission_20260718_145801_manual,MANUAL,,0,13.33028507232666,100.99790954589844,149.78752381924036,4,True,0.6894999742507935,1,0,0,-1,0,0.0,0.0,0.0,0,0,nan,nan,nan,73,26.0,0.0,38.0,0,27,-,SELECT OWNER FIRST,
2026-07-18T15:01:59.771,238.771,mission_20260718_145801_manual,MANUAL,,0,13.33028507232666,100.99790954589844,149.79565174435265,4,True,0.6902499794960022,1,0,0,-1,0,0.0,0.0,0.0,0,0,nan,nan,nan,73,26.0,0.0,38.0,0,27,-,SELECT OWNER FIRST,
2026-07-18T15:02:01.807,240.808,mission_20260718_145801_manual,MANUAL,,0,13.33028507232666,100.99790954589844,149.8060746130261,4,True,0.690750002861023,1,0,0,-1,0,0.0,0.0,0.0,0,0,nan,nan,nan,73,26.0,0.0,38.0,0,27,-,SELECT OWNER FIRST,
2026-07-18T15:02:03.815,242.815,mission_20260718_145801_manual,MANUAL,,0,13.330286026000977,100.99790954589844,149.8009519711486,4,True,0.687749981880188,1,0,0,-1,0,0.0,0.0,0.0,0,0,nan,nan,nan,73,26.0,0.0,38.0,0,27,-,SELECT OWNER FIRST,
2026-07-18T15:02:05.855,244.855,mission_20260718_145801_manual,MANUAL,,0,13.33028793334961,100.99790954589844,149.7978100841304,4,True,0.6880000233650208,1,0,0,-1,0,0.0,0.0,0.0,0,0,nan,nan,nan,73,26.0,0.0,38.0,0,28,-,SELECT OWNER FIRST,
2026-07-18T15:02:07.881,246.882,mission_20260718_145801_manual,MANUAL,,0,13.330289840698242,100.99790954589844,149.79602057456785,4,True,0.6894999742507935,1,0,0,-1,0,0.0,0.0,0.0,0,0,nan,nan,nan,73,26.0,0.0,38.0,0,28,-,SELECT OWNER FIRST,
2026-07-18T15:02:09.902,248.903,mission_20260718_145801_manual,MANUAL,,0,13.330290794372559,100.99790954589844,149.79752321618525,4,True,0.6902499794960022,1,0,0,-1,0,0.0,0.0,0.0,0,0,nan,nan,nan,73,26.0,0.0,38.0,0,28,-,SELECT OWNER FIRST,
2026-07-18T15:02:11.921,250.921,mission_20260718_145801_manual,MANUAL,,0,13.330293655395508,100.99790954589844,149.8081919716688,4,True,0.6899999976158142,1,0,0,-1,0,0.0,0.0,0.0,0,0,nan,nan,nan,73,26.0,0.0,38.0,0,27,-,SELECT OWNER FIRST,
2026-07-18T15:02:13.954,252.954,mission_20260718_145801_manual,MANUAL,,0,13.33029556274414,100.99790954589844,149.813382915438,4,True,0.6890000104904175,1,0,0,-1,0,0.0,0.0,0.0,0,0,nan,nan,nan,73,26.0,0.0,38.0,0,27,-,SELECT OWNER FIRST,
2026-07-18T15:02:15.955,254.955,mission_20260718_145801_manual,MANUAL,,0,13.330297470092773,100.99790954589844,149.80980389631293,4,True,0.6915000081062317,1,0,0,-1,0,0.0,0.0,0.0,0,0,nan,nan,nan,73,26.0,0.0,38.0,0,27,-,SELECT OWNER FIRST,
2026-07-18T15:02:17.984,256.984,mission_20260718_145801_manual,MANUAL,,0,13.33029842376709,100.99790954589844,149.82858691653047,4,True,0.6899999976158142,1,0,0,-1,0,0.0,0.0,0.0,0,0,nan,nan,nan,73,26.0,0.0,38.0,0,28,-,SELECT OWNER FIRST,
2026-07-18T15:02:19.989,258.989,mission_20260718_145801_manual,MANUAL,,0,13.330299377441406,100.99790954589844,149.84877695571703,4,True,0.6892499923706055,1,0,0,-1,0,0.0,0.0,0.0,0,0,nan,nan,nan,73,26.0,0.0,38.0,0,28,-,SELECT OWNER FIRST,
2026-07-18T15:02:22.011,261.012,mission_20260718_145801_manual,MANUAL,,0,13.330300331115723,100.99790954589844,149.87523710856166,4,True,0.690750002861023,1,0,0,-1,0,0.0,0.0,0.0,0,0,nan,nan,nan,73,26.0,0.0,38.0,0,26,-,SELECT OWNER FIRST,
2026-07-18T15:02:24.053,263.054,mission_20260718_145801_manual,MANUAL,,0,13.330300331115723,100.99791717529297,149.90309061999696,4,True,0.6880000233650208,1,0,0,-1,0,0.0,0.0,0.0,0,0,nan,nan,nan,73,26.0,0.0,38.0,0,27,-,SELECT OWNER FIRST,
2026-07-18T15:02:26.098,265.099,mission_20260718_145801_manual,MANUAL,,0,13.330301284790039,100.99791717529297,149.93952284902983,4,True,0.6890000104904175,1,0,0,-1,0,0.0,0.0,0.0,0,0,nan,nan,nan,73,26.0,0.0,38.0,0,28,-,SELECT OWNER FIRST,
2026-07-18T15:02:28.138,267.139,mission_20260718_145801_manual,MANUAL,,0,13.330304145812988,100.99791717529297,149.96020466183663,4,True,0.690500020980835,1,0,0,-1,0,0.0,0.0,0.0,0,0,nan,nan,nan,73,26.0,0.0,38.0,0,26,-,SELECT OWNER FIRST,
2026-07-18T15:02:30.140,269.14,mission_20260718_145801_manual,MANUAL,,0,13.330305099487305,100.99791717529297,149.98311311631284,4,True,0.6899999976158142,1,0,0,-1,0,0.0,0.0,0.0,0,0,nan,nan,nan,73,26.0,0.0,38.0,0,29,-,SELECT OWNER FIRST,
2026-07-18T15:02:32.160,271.16,mission_20260718_145801_manual,MANUAL,,0,13.330305099487305,100.99791717529297,149.99942360805082,4,True,0.6892499923706055,1,0,0,-1,0,0.0,0.0,0.0,0,0,nan,nan,nan,73,26.0,0.0,38.0,0,25,-,SELECT OWNER FIRST,
2026-07-18T15:02:34.187,273.187,mission_20260718_145801_manual,MANUAL,,0,13.330306053161621,100.99791717529297,150.01096662774816,4,True,0.6887500286102295,1,0,0,-1,0,0.0,0.0,0.0,0,0,nan,nan,nan,73,26.0,0.0,38.0,0,25,-,SELECT OWNER FIRST,
2026-07-18T15:02:36.194,275.194,mission_20260718_145801_manual,MANUAL,,0,13.330307006835938,100.99791717529297,150.03058293104442,4,True,0.6912500262260437,1,0,0,-1,0,0.0,0.0,0.0,0,0,nan,nan,nan,73,26.0,0.0,38.0,0,25,-,SELECT OWNER FIRST,
2026-07-18T15:02:38.251,277.252,mission_20260718_145801_manual,MANUAL,,0,13.330309867858887,100.99791717529297,150.04010421474743,4,True,0.6894999742507935,1,0,0,-1,0,0.0,0.0,0.0,0,0,nan,nan,nan,73,26.0,0.0,38.0,0,26,-,SELECT OWNER FIRST,
2026-07-18T15:02:40.273,279.273,mission_20260718_145801_manual,MANUAL,,0,13.33031177520752,100.99791717529297,150.05618248005362,4,True,0.6884999871253967,1,0,0,-1,0,0.0,0.0,0.0,0,0,nan,nan,nan,73,26.0,0.0,38.0,0,26,-,SELECT OWNER FIRST,
2026-07-18T15:02:42.312,281.313,mission_20260718_145801_manual,MANUAL,,0,13.330314636230469,100.99791717529297,150.05355968741236,4,True,0.6917499899864197,1,0,0,-1,0,0.0,0.0,0.0,0,0,nan,nan,nan,73,26.0,0.0,38.0,0,27,-,SELECT OWNER FIRST,
2026-07-18T15:02:44.363,283.364,mission_20260718_145801_manual,MANUAL,,0,13.330315589904785,100.99791717529297,150.05709772540243,4,True,0.6894999742507935,1,0,0,-1,0,0.0,0.0,0.0,0,0,nan,nan,nan,73,26.0,0.0,38.0,0,27,-,SELECT OWNER FIRST,
2026-07-18T15:02:46.386,285.387,mission_20260718_145801_manual,MANUAL,,0,13.330316543579102,100.99791717529297,150.06123682003945,4,True,0.687250018119812,1,0,0,-1,0,0.0,0.0,0.0,0,0,nan,nan,nan,73,26.0,0.0,38.0,0,28,-,SELECT OWNER FIRST,
2026-07-18T15:02:48.412,287.413,mission_20260718_145801_manual,MANUAL,,0,13.330318450927734,100.99791717529297,150.07145478303778,4,True,0.687749981880188,1,0,0,-1,0,0.0,0.0,0.0,0,0,nan,nan,nan,73,26.0,0.0,38.0,0,28,-,SELECT OWNER FIRST,
2026-07-18T15:02:50.425,289.425,mission_20260718_145801_manual,MANUAL,,0,13.330322265625,100.99791717529297,150.07257493406166,4,True,0.6880000233650208,1,0,0,-1,0,0.0,0.0,0.0,0,0,nan,nan,nan,73,26.0,0.0,38.0,0,28,-,SELECT OWNER FIRST,
2026-07-18T15:02:52.464,291.465,mission_20260718_145801_manual,MANUAL,,0,13.33032512664795,100.99791717529297,150.06454263159773,4,True,0.6884999871253967,1,0,0,-1,0,0.0,0.0,0.0,0,0,nan,nan,nan,73,26.0,0.0,38.0,0,28,-,SELECT OWNER FIRST,
2026-07-18T15:02:54.507,293.508,mission_20260718_145801_manual,MANUAL,,0,13.330327033996582,100.99791717529297,150.07075810374243,4,True,0.6887500286102295,1,0,0,-1,0,0.0,0.0,0.0,0,0,nan,nan,nan,73,26.0,0.0,38.0,0,28,-,SELECT OWNER FIRST,
2026-07-18T15:02:56.528,295.529,mission_20260718_145801_manual,MANUAL,,0,13.330329895019531,100.99791717529297,150.0694057262868,4,True,0.6859999895095825,1,0,0,-1,0,0.0,0.0,0.0,0,0,nan,nan,nan,73,26.0,0.0,38.0,0,28,-,SELECT OWNER FIRST,
2026-07-18T15:02:58.539,297.54,mission_20260718_145801_manual,MANUAL,,0,13.330331802368164,100.99791717529297,150.0721787830898,4,True,0.6880000233650208,1,0,0,-1,0,0.0,0.0,0.0,0,0,nan,nan,nan,73,26.0,0.0,38.0,0,28,-,SELECT OWNER FIRST,
2026-07-18T15:03:00.570,299.57,mission_20260718_145801_manual,MANUAL,,0,13.330334663391113,100.99791717529297,150.06741131104914,4,True,0.6915000081062317,1,0,0,-1,0,0.0,0.0,0.0,0,0,nan,nan,nan,73,26.0,0.0,38.0,0,28,-,SELECT OWNER FIRST,
2026-07-18T15:03:02.595,301.595,mission_20260718_145801_manual,MANUAL,,0,13.330336570739746,100.99791717529297,150.06611357510684,4,True,0.6875,1,0,0,-1,0,0.0,0.0,0.0,0,0,nan,nan,nan,73,26.0,0.0,38.0,0,28,-,SELECT OWNER FIRST,
2026-07-18T15:03:04.618,303.618,mission_20260718_145801_manual,MANUAL,,0,13.330338478088379,100.99791717529297,150.07107229244426,4,True,0.6869999766349792,1,0,0,-1,0,0.0,0.0,0.0,0,0,nan,nan,nan,73,26.0,0.0,38.0,0,28,-,SELECT OWNER FIRST,
2026-07-18T15:03:06.663,305.664,mission_20260718_145801_manual,MANUAL,,0,13.330340385437012,100.99791717529297,150.06853146207303,4,True,0.6917499899864197,1,0,0,-1,0,0.0,0.0,0.0,0,0,nan,nan,nan,73,26.0,0.0,38.0,0,28,-,SELECT OWNER FIRST,
2026-07-18T15:03:08.703,307.704,mission_20260718_145801_manual,MANUAL,,0,13.330342292785645,100.99791717529297,150.0625618767384,4,True,0.6869999766349792,1,0,0,-1,0,0.0,0.0,0.0,0,0,nan,nan,nan,73,26.0,0.0,38.0,0,28,-,SELECT OWNER FIRST,
2026-07-18T15:03:10.704,309.704,mission_20260718_145801_manual,MANUAL,,0,13.330343246459961,100.99791717529297,150.06674195251048,4,True,0.6862499713897705,1,0,0,-1,0,0.0,0.0,0.0,0,0,nan,nan,nan,73,26.0,0.0,38.0,0,28,-,SELECT OWNER FIRST,
2026-07-18T15:03:12.724,311.725,mission_20260718_145801_manual,MANUAL,,0,13.330344200134277,100.99791717529297,150.07082640563414,4,True,0.6894999742507935,1,0,0,-1,0,0.0,0.0,0.0,0,0,nan,nan,nan,73,26.0,0.0,38.0,0,28,-,SELECT OWNER FIRST,
2026-07-18T15:03:14.747,313.747,mission_20260718_145801_manual,MANUAL,,0,13.33034610748291,100.99791717529297,150.06732934877908,4,True,0.687250018119812,1,0,0,-1,0,0.0,0.0,0.0,0,0,nan,nan,nan,73,26.0,0.0,38.0,0,28,-,SELECT OWNER FIRST,
2026-07-18T15:03:16.773,315.774,mission_20260718_145801_manual,MANUAL,,0,13.330348014831543,100.99791717529297,150.06564912224326,4,True,0.690500020980835,1,0,0,-1,0,0.0,0.0,0.0,0,0,nan,nan,nan,73,26.0,0.0,38.0,0,29,-,SELECT OWNER FIRST,
2026-07-18T15:03:18.803,317.804,mission_20260718_145801_manual,MANUAL,,0,13.330348014831543,100.99791717529297,150.07564851918818,4,True,0.6887500286102295,1,0,0,-1,0,0.0,0.0,0.0,0,0,nan,nan,nan,73,26.0,0.0,38.0,0,29,-,SELECT OWNER FIRST,
2026-07-18T15:03:20.815,319.815,mission_20260718_145801_manual,MANUAL,,0,13.330348014831543,100.99791717529297,150.07405025492238,4,True,0.6902499794960022,1,0,0,-1,0,0.0,0.0,0.0,0,0,nan,nan,nan,73,26.0,0.0,38.0,0,29,-,SELECT OWNER FIRST,
2026-07-18T15:03:22.840,321.84,mission_20260718_145801_manual,MANUAL,,0,13.330348014831543,100.99791717529297,150.08556595386304,4,True,0.6909999847412109,1,0,0,-1,0,0.0,0.0,0.0,0,0,nan,nan,nan,73,26.0,0.0,38.0,0,29,-,SELECT OWNER FIRST,
2026-07-18T15:03:24.860,323.86,mission_20260718_145801_manual,MANUAL,,0,13.33034896850586,100.99791717529297,150.09083885990228,4,True,0.6887500286102295,1,0,0,-1,0,0.0,0.0,0.0,0,0,nan,nan,nan,73,26.0,0.0,38.0,0,29,-,SELECT OWNER FIRST,
2026-07-18T15:03:26.867,325.867,mission_20260718_145801_manual,MANUAL,,0,13.33034896850586,100.99791717529297,150.098461351016,4,True,0.6899999976158142,1,0,0,-1,0,0.0,0.0,0.0,0,0,nan,nan,nan,73,26.0,0.0,38.0,0,29,-,SELECT OWNER FIRST,
2026-07-18T15:03:28.897,327.897,mission_20260718_145801_manual,MANUAL,,0,13.330349922180176,100.99791717529297,150.0928196147616,4,True,0.6897500157356262,1,0,0,-1,0,0.0,0.0,0.0,0,0,nan,nan,nan,73,26.0,0.0,38.0,0,29,-,SELECT OWNER FIRST,
2026-07-18T15:03:30.929,329.929,mission_20260718_145801_manual,MANUAL,,0,13.330349922180176,100.99791717529297,150.09809252080083,4,True,0.687250018119812,1,0,0,-1,0,0.0,0.0,0.0,0,0,nan,nan,nan,73,26.0,0.0,38.0,0,29,-,SELECT OWNER FIRST,
2026-07-18T15:03:32.959,331.959,mission_20260718_145801_manual,MANUAL,,0,13.330350875854492,100.99791717529297,150.1015622568992,4,True,0.6897500157356262,1,0,0,-1,0,0.0,0.0,0.0,0,0,nan,nan,nan,73,26.0,0.0,38.0,0,28,-,SELECT OWNER FIRST,
2026-07-18T15:03:34.990,333.99,mission_20260718_145801_manual,MANUAL,,0,13.330350875854492,100.99791717529297,150.09302452043667,4,True,0.6897500157356262,1,0,0,-1,0,0.0,0.0,0.0,0,0,nan,nan,nan,73,26.0,0.0,38.0,0,28,-,SELECT OWNER FIRST,
2026-07-18T15:03:37.027,336.027,mission_20260718_145801_manual,MANUAL,,0,13.330351829528809,100.99791717529297,150.09687674712856,4,True,0.6894999742507935,1,0,0,-1,0,0.0,0.0,0.0,0,0,nan,nan,nan,73,26.0,0.0,38.0,0,27,-,SELECT OWNER FIRST,
2026-07-18T15:03:39.043,338.044,mission_20260718_145801_manual,MANUAL,,0,13.330351829528809,100.99791717529297,150.08660414261686,4,True,0.6884999871253967,1,0,0,-1,0,0.0,0.0,0.0,0,0,nan,nan,nan,73,26.0,0.0,38.0,0,28,-,SELECT OWNER FIRST,
2026-07-18T15:03:41.081,340.081,mission_20260718_145801_manual,MANUAL,,0,13.330351829528809,100.99790954589844,150.08837999180108,4,True,0.6915000081062317,1,0,0,-1,0,0.0,0.0,0.0,0,0,nan,nan,nan,73,26.0,0.0,38.0,0,27,-,SELECT OWNER FIRST,
2026-07-18T15:03:43.121,342.121,mission_20260718_145801_manual,MANUAL,,0,13.330352783203125,100.99790954589844,150.08246504797984,4,True,0.6899999976158142,1,0,0,-1,0,0.0,0.0,0.0,0,0,nan,nan,nan,73,26.0,0.0,38.0,0,28,-,SELECT OWNER FIRST,
2026-07-18T15:03:45.143,344.144,mission_20260718_145801_manual,MANUAL,,0,13.330352783203125,100.99790954589844,150.07126353774103,4,True,0.687749981880188,1,0,0,-1,0,0.0,0.0,0.0,0,0,nan,nan,nan,73,26.0,0.0,38.0,0,27,-,SELECT OWNER FIRST,
2026-07-18T15:03:47.164,346.165,mission_20260718_145801_manual,MANUAL,,0,13.330353736877441,100.99790954589844,150.06461093348943,4,True,0.6887500286102295,1,0,0,-1,0,0.0,0.0,0.0,0,0,nan,nan,nan,73,26.0,0.0,38.0,0,26,-,SELECT OWNER FIRST,
2026-07-18T15:03:49.205,348.205,mission_20260718_145801_manual,MANUAL,,0,13.330354690551758,100.99790954589844,150.0683538771546,4,True,0.6930000185966492,1,0,0,-1,0,0.0,0.0,0.0,0,0,nan,nan,nan,73,26.0,0.0,38.0,0,27,-,SELECT OWNER FIRST,
2026-07-18T15:03:51.242,350.243,mission_20260718_145801_manual,MANUAL,,0,13.33035659790039,100.99790954589844,150.05933802745017,4,True,0.6887500286102295,1,0,0,-1,0,0.0,0.0,0.0,0,0,nan,nan,nan,73,26.0,0.0,38.0,0,28,-,SELECT OWNER FIRST,
2026-07-18T15:03:53.269,352.27,mission_20260718_145801_manual,MANUAL,,0,13.330357551574707,100.99791717529297,150.0540514610326,4,True,0.6899999976158142,1,0,0,-1,0,0.0,0.0,0.0,0,0,nan,nan,nan,73,26.0,0.0,38.0,0,29,-,SELECT OWNER FIRST,
2026-07-18T15:03:55.309,354.31,mission_20260718_145801_manual,MANUAL,,0,13.330358505249023,100.99791717529297,150.06157832949793,4,True,0.6867499947547913,1,0,0,-1,0,0.0,0.0,0.0,0,0,nan,nan,nan,73,26.0,0.0,38.0,0,29,-,SELECT OWNER FIRST,
2026-07-18T15:03:57.359,356.36,mission_20260718_145801_manual,MANUAL,,0,13.33035945892334,100.99791717529297,150.06745229218416,4,True,0.6875,1,0,0,-1,0,0.0,0.0,0.0,0,0,nan,nan,nan,73,26.0,0.0,38.0,0,29,-,SELECT OWNER FIRST,
2026-07-18T15:03:59.406,358.407,mission_20260718_145801_manual,MANUAL,,0,13.33035945892334,100.99790954589844,150.06488414105624,4,True,0.6902499794960022,1,0,0,-1,0,0.0,0.0,0.0,0,0,nan,nan,nan,73,26.0,0.0,38.0,0,29,-,SELECT OWNER FIRST,
2026-07-18T15:04:01.437,360.437,mission_20260718_145801_manual,MANUAL,,0,13.330358505249023,100.99790954589844,150.0625618767384,4,True,0.6884999871253967,1,0,0,-1,0,0.0,0.0,0.0,0,0,nan,nan,nan,73,26.0,0.0,38.0,0,29,-,SELECT OWNER FIRST,
2026-07-18T15:04:03.459,362.459,mission_20260718_145801_manual,MANUAL,,0,13.330358505249023,100.99791717529297,150.05789002734613,4,True,0.6884999871253967,1,0,0,-1,0,0.0,0.0,0.0,0,0,nan,nan,nan,73,26.0,0.0,38.0,0,28,-,SELECT OWNER FIRST,
2026-07-18T15:04:05.463,364.463,mission_20260718_145801_manual,MANUAL,,0,13.330357551574707,100.99791717529297,150.05336844211558,4,True,0.6884999871253967,1,0,0,-1,0,0.0,0.0,0.0,0,0,nan,nan,nan,73,26.0,0.0,38.0,0,28,-,SELECT OWNER FIRST,
2026-07-18T15:04:07.487,366.488,mission_20260718_145801_manual,MANUAL,,0,13.330357551574707,100.99791717529297,150.04708466807918,4,True,0.6857500076293945,1,0,0,-1,0,0.0,0.0,0.0,0,0,nan,nan,nan,73,26.0,0.0,38.0,0,28,-,SELECT OWNER FIRST,
2026-07-18T15:04:09.520,368.521,mission_20260718_145801_manual,MANUAL,,0,13.33035659790039,100.99791717529297,150.04996700790892,4,True,0.6867499947547913,1,0,0,-1,0,0.0,0.0,0.0,0,0,nan,nan,nan,73,26.0,0.0,38.0,0,28,-,SELECT OWNER FIRST,
2026-07-18T15:04:11.558,370.558,mission_20260718_145801_manual,MANUAL,,0,13.33035659790039,100.99790954589844,150.06247991446838,4,True,0.690750002861023,1,0,0,-1,0,0.0,0.0,0.0,0,0,nan,nan,nan,73,26.0,0.0,38.0,0,27,-,SELECT OWNER FIRST,
2026-07-18T15:04:13.593,372.593,mission_20260718_145801_manual,MANUAL,,0,13.330355644226074,100.99790954589844,150.06197448046981,4,True,0.6909999847412109,1,0,0,-1,0,0.0,0.0,0.0,0,0,nan,nan,nan,73,26.0,0.0,38.0,0,28,-,SELECT OWNER FIRST,
2026-07-18T15:04:15.617,374.617,mission_20260718_145801_manual,MANUAL,,0,13.330354690551758,100.99790954589844,150.04297289419884,4,True,0.6897500157356262,1,0,0,-1,0,0.0,0.0,0.0,0,0,nan,nan,nan,73,26.0,0.0,38.0,0,29,-,SELECT OWNER FIRST,
2026-07-18T15:04:17.639,376.64,mission_20260718_145801_manual,MANUAL,,0,13.330353736877441,100.99790954589844,150.03681206356748,4,True,0.6882500052452087,1,0,0,-1,0,0.0,0.0,0.0,0,0,nan,nan,nan,73,26.0,0.0,38.0,0,28,-,SELECT OWNER FIRST,
2026-07-18T15:04:19.671,378.672,mission_20260718_145801_manual,MANUAL,,0,13.330350875854492,100.99790954589844,150.02194957193353,4,True,0.6887500286102295,1,0,0,-1,0,0.0,0.0,0.0,0,0,nan,nan,nan,73,26.0,0.0,38.0,0,27,-,SELECT OWNER FIRST,
2026-07-18T15:04:21.683,380.683,mission_20260718_145801_manual,MANUAL,,0,13.330348014831543,100.99790954589844,150.02849289315841,4,True,0.6890000104904175,1,0,0,-1,0,0.0,0.0,0.0,0,0,nan,nan,nan,73,26.0,0.0,38.0,0,26,-,SELECT OWNER FIRST,
2026-07-18T15:04:23.715,382.715,mission_20260718_145801_manual,MANUAL,,0,13.33034610748291,100.99790954589844,150.04021349777415,4,True,0.6902499794960022,1,0,0,-1,0,0.0,0.0,0.0,0,0,nan,nan,nan,73,26.0,0.0,38.0,0,26,-,SELECT OWNER FIRST,
2026-07-18T15:04:25.738,384.738,mission_20260718_145801_manual,MANUAL,,0,13.330345153808594,100.9979019165039,150.04905176256014,4,True,0.6894999742507935,1,0,0,-1,0,0.0,0.0,0.0,0,0,nan,nan,nan,73,26.0,0.0,38.0,0,26,-,SELECT OWNER FIRST,
2026-07-18T15:04:27.769,386.77,mission_20260718_145801_manual,MANUAL,,0,13.330343246459961,100.9979019165039,150.04290459230714,4,True,0.6897500157356262,1,0,0,-1,0,0.0,0.0,0.0,0,0,nan,nan,nan,73,26.0,0.0,38.0,0,26,-,SELECT OWNER FIRST,
2026-07-18T15:04:29.817,388.818,mission_20260718_145801_manual,MANUAL,,0,13.330341339111328,100.9979019165039,150.02636187413736,4,True,0.6924999952316284,1,0,0,-1,0,0.0,0.0,0.0,0,0,nan,nan,nan,73,26.0,0.0,38.0,0,27,-,SELECT OWNER FIRST,
2026-07-18T15:04:31.826,390.827,mission_20260718_145801_manual,MANUAL,,0,13.330339431762695,100.9979019165039,150.01652640173253,4,True,0.6869999766349792,1,0,0,-1,0,0.0,0.0,0.0,0,0,nan,nan,nan,73,26.0,0.0,38.0,0,28,-,SELECT OWNER FIRST,
2026-07-18T15:04:33.863,392.864,mission_20260718_145801_manual,MANUAL,,0,13.330337524414062,100.9979019165039,150.00130874026175,4,True,0.6892499923706055,1,0,0,-1,0,0.0,0.0,0.0,0,0,nan,nan,nan,73,26.0,0.0,38.0,0,29,-,SELECT OWNER FIRST,
2026-07-18T15:04:35.875,394.876,mission_20260718_145801_manual,MANUAL,,0,13.33033561706543,100.9979019165039,149.99397311709316,4,True,0.6882500052452087,1,0,0,-1,0,0.0,0.0,0.0,0,0,nan,nan,nan,73,26.0,0.0,38.0,0,29,-,SELECT OWNER FIRST,
2026-07-18T15:04:37.917,396.918,mission_20260718_145801_manual,MANUAL,,0,13.330333709716797,100.9979019165039,149.9939184755798,4,True,0.690500020980835,1,0,0,-1,0,0.0,0.0,0.0,0,0,nan,nan,nan,73,26.0,0.0,38.0,0,29,-,SELECT OWNER FIRST,
2026-07-18T15:04:39.947,398.947,mission_20260718_145801_manual,MANUAL,,0,13.330331802368164,100.9979019165039,149.98413764468833,4,True,0.690750002861023,1,0,0,-1,0,0.0,0.0,0.0,0,0,nan,nan,nan,73,26.0,0.0,38.0,0,29,-,SELECT OWNER FIRST,
2026-07-18T15:04:41.983,400.984,mission_20260718_145801_manual,MANUAL,,0,13.330330848693848,100.99789428710938,149.97987560664626,4,True,0.6917499899864197,1,0,0,-1,0,0.0,0.0,0.0,0,0,nan,nan,nan,73,26.0,0.0,38.0,0,29,-,SELECT OWNER FIRST,
2026-07-18T15:04:44.016,403.017,mission_20260718_145801_manual,MANUAL,,0,13.330329895019531,100.99789428710938,149.97728013476166,4,True,0.6919999718666077,1,0,0,-1,0,0.0,0.0,0.0,0,0,nan,nan,nan,73,26.0,0.0,38.0,0,29,-,SELECT OWNER FIRST,
2026-07-18T15:04:46.028,405.029,mission_20260718_145801_manual,MANUAL,,0,13.330327987670898,100.99789428710938,149.9832360597179,4,True,0.6882500052452087,1,0,0,-1,0,0.0,0.0,0.0,0,0,nan,nan,nan,73,26.0,0.0,38.0,0,30,-,SELECT OWNER FIRST,
2026-07-18T15:04:48.042,407.043,mission_20260718_145801_manual,MANUAL,,0,13.330326080322266,100.99789428710938,149.98499824852377,4,True,0.6892499923706055,1,0,0,-1,0,0.0,0.0,0.0,0,0,nan,nan,nan,73,26.0,0.0,38.0,0,29,-,SELECT OWNER FIRST,
2026-07-18T15:04:50.071,409.071,mission_20260718_145801_manual,MANUAL,,0,13.330324172973633,100.99789428710938,149.98814013554195,4,True,0.6875,1,0,0,-1,0,0.0,0.0,0.0,0,0,nan,nan,nan,73,26.0,0.0,38.0,0,29,-,SELECT OWNER FIRST,
2026-07-18T15:04:52.101,411.101,mission_20260718_145801_manual,MANUAL,,0,13.330321311950684,100.99789428710938,149.988181116677,4,True,0.6892499923706055,1,0,0,-1,0,0.0,0.0,0.0,0,0,nan,nan,nan,73,26.0,0.0,38.0,0,29,-,SELECT OWNER FIRST,
2026-07-18T15:04:54.132,413.132,mission_20260718_145801_manual,MANUAL,,0,13.330320358276367,100.99789428710938,149.9828945502594,4,True,0.687250018119812,1,0,0,-1,0,0.0,0.0,0.0,0,0,nan,nan,nan,73,26.0,0.0,38.0,0,29,-,SELECT OWNER FIRST,
2026-07-18T15:04:56.172,415.173,mission_20260718_145801_manual,MANUAL,,0,13.33031940460205,100.99789428710938,149.97707522908655,4,True,0.690500020980835,1,0,0,-1,0,0.0,0.0,0.0,0,0,nan,nan,nan,73,26.0,0.0,38.0,0,28,-,SELECT OWNER FIRST,
2026-07-18T15:04:58.199,417.199,mission_20260718_145801_manual,MANUAL,,0,13.330317497253418,100.99789428710938,149.97021771915985,4,True,0.6880000233650208,1,0,0,-1,0,0.0,0.0,0.0,0,0,nan,nan,nan,73,26.0,0.0,38.0,0,27,-,SELECT OWNER FIRST,
2026-07-18T15:05:00.234,419.234,mission_20260718_145801_manual,MANUAL,,0,13.330316543579102,100.99788665771484,149.97452073833696,4,True,0.6894999742507935,1,0,0,-1,0,0.0,0.0,0.0,0,0,nan,nan,nan,73,26.0,0.0,38.0,0,27,-,SELECT OWNER FIRST,
2026-07-18T15:05:02.289,421.289,mission_20260718_145801_manual,MANUAL,,0,13.330315589904785,100.99788665771484,149.97230775704588,4,True,0.6880000233650208,1,0,0,-1,0,0.0,0.0,0.0,0,0,nan,nan,nan,73,26.0,0.0,38.0,0,27,-,SELECT OWNER FIRST,
2026-07-18T15:05:04.329,423.329,mission_20260718_145801_manual,MANUAL,,0,13.330314636230469,100.99788665771484,149.98447915414684,4,True,0.687749981880188,1,0,0,-1,0,0.0,0.0,0.0,0,0,nan,nan,nan,73,26.0,0.0,38.0,0,27,-,SELECT OWNER FIRST,
2026-07-18T15:05:06.368,425.369,mission_20260718_145801_manual,MANUAL,,0,13.330313682556152,100.99788665771484,149.98706096565311,4,True,0.6857500076293945,1,0,0,-1,0,0.0,0.0,0.0,0,0,nan,nan,nan,73,26.0,0.0,38.0,0,29,-,SELECT OWNER FIRST,
2026-07-18T15:05:08.417,427.418,mission_20260718_145801_manual,MANUAL,,0,13.330313682556152,100.99788665771484,149.98613205992598,4,True,0.6887500286102295,1,0,0,-1,0,0.0,0.0,0.0,0,0,nan,nan,nan,73,26.0,0.0,38.0,0,30,-,SELECT OWNER FIRST,
2026-07-18T15:05:10.451,429.452,mission_20260718_145801_manual,MANUAL,,0,13.330313682556152,100.99788665771484,149.99225190942232,4,True,0.6894999742507935,1,0,0,-1,0,0.0,0.0,0.0,0,0,nan,nan,nan,73,26.0,0.0,38.0,0,30,-,SELECT OWNER FIRST,
2026-07-18T15:05:12.493,431.493,mission_20260718_145801_manual,MANUAL,,0,13.330312728881836,100.99788665771484,150.0036036838229,4,True,0.6890000104904175,1,0,0,-1,0,0.0,0.0,0.0,0,0,nan,nan,nan,73,26.0,0.0,38.0,0,30,-,SELECT OWNER FIRST,
2026-07-18T15:05:14.546,433.546,mission_20260718_145801_manual,MANUAL,,0,13.33031177520752,100.99788665771484,150.00770179732487,4,True,0.6917499899864197,1,0,0,-1,0,0.0,0.0,0.0,0,0,nan,nan,nan,73,26.0,0.0,38.0,0,30,-,SELECT OWNER FIRST,
2026-07-18T15:05:16.574,435.574,mission_20260718_145801_manual,MANUAL,,0,13.330309867858887,100.99788665771484,149.99912307972735,4,True,0.6892499923706055,1,0,0,-1,0,0.0,0.0,0.0,0,0,nan,nan,nan,73,26.0,0.0,38.0,0,30,-,SELECT OWNER FIRST,
2026-07-18T15:05:18.596,437.596,mission_20260718_145801_manual,MANUAL,,0,13.33030891418457,100.99788665771484,149.99498398509033,4,True,0.6927499771118164,1,0,0,-1,0,0.0,0.0,0.0,0,0,nan,nan,nan,73,26.0,0.0,38.0,0,30,-,SELECT OWNER FIRST,
2026-07-18T15:05:20.623,439.623,mission_20260718_145801_manual,MANUAL,,0,13.330307960510254,100.99788665771484,150.00043447604799,4,True,0.6919999718666077,1,0,0,-1,0,0.0,0.0,0.0,0,0,nan,nan,nan,73,26.0,0.0,38.0,0,29,-,SELECT OWNER FIRST,
2026-07-18T15:05:22.661,441.661,mission_20260718_145801_manual,MANUAL,,0,13.330307006835938,100.99788665771484,150.00229228750223,4,True,0.6894999742507935,1,0,0,-1,0,0.0,0.0,0.0,0,0,nan,nan,nan,73,26.0,0.0,38.0,0,29,-,SELECT OWNER FIRST,
2026-07-18T15:05:24.698,443.699,mission_20260718_145801_manual,MANUAL,,0,13.330305099487305,100.99788665771484,150.00517462733197,4,True,0.6897500157356262,1,0,0,-1,0,0.0,0.0,0.0,0,0,nan,nan,nan,73,26.0,0.0,38.0,0,29,-,SELECT OWNER FIRST,
2026-07-18T15:05:26.707,445.708,mission_20260718_145801_manual,MANUAL,,0,13.330303192138672,100.99788665771484,150.00009296658948,4,True,0.6894999742507935,1,0,0,-1,0,0.0,0.0,0.0,0,0,nan,nan,nan,73,26.0,0.0,38.0,0,29,-,SELECT OWNER FIRST,
2026-07-18T15:05:28.757,447.757,mission_20260718_145801_manual,MANUAL,,0,13.330302238464355,100.99788665771484,149.99660957011278,4,True,0.6919999718666077,1,0,0,-1,0,0.0,0.0,0.0,0,0,nan,nan,nan,73,26.0,0.0,38.0,0,29,-,SELECT OWNER FIRST,
2026-07-18T15:05:30.777,449.777,mission_20260718_145801_manual,MANUAL,,0,13.330301284790039,100.99788665771484,149.99636368330266,4,True,0.690500020980835,1,0,0,-1,0,0.0,0.0,0.0,0,0,nan,nan,nan,73,26.0,0.0,38.0,0,29,-,SELECT OWNER FIRST,
2026-07-18T15:05:32.818,451.818,mission_20260718_145801_manual,MANUAL,,0,13.330299377441406,100.99788665771484,149.99778436265004,4,True,0.6880000233650208,1,0,0,-1,0,0.0,0.0,0.0,0,0,nan,nan,nan,73,26.100000381469727,0.0,38.0,0,29,-,SELECT OWNER FIRST,
2026-07-18T15:05:34.853,453.853,mission_20260718_145801_manual,MANUAL,,0,13.33029842376709,100.99788665771484,150.01406753363133,4,True,0.6882500052452087,1,0,0,-1,0,0.0,0.0,0.0,0,0,nan,nan,nan,73,26.0,0.0,38.0,0,29,-,SELECT OWNER FIRST,
2026-07-18T15:05:36.870,455.87,mission_20260718_145801_manual,MANUAL,,0,13.330297470092773,100.99788665771484,150.02215447760864,4,True,0.6884999871253967,1,0,0,-1,0,0.0,0.0,0.0,0,0,nan,nan,nan,73,26.100000381469727,0.0,38.0,0,29,-,SELECT OWNER FIRST,
2026-07-18T15:05:38.922,457.923,mission_20260718_145801_manual,MANUAL,,0,13.330296516418457,100.99789428710938,150.02638919489405,4,True,0.6909999847412109,1,0,0,-1,0,0.0,0.0,0.0,0,0,nan,nan,nan,73,26.100000381469727,0.0,38.0,0,29,-,SELECT OWNER FIRST,
2026-07-18T15:05:40.948,459.948,mission_20260718_145801_manual,MANUAL,,0,13.330294609069824,100.99789428710938,150.02181296815013,4,True,0.6917499899864197,1,0,0,-1,0,0.0,0.0,0.0,0,0,nan,nan,nan,73,26.0,0.0,38.0,0,29,-,SELECT OWNER FIRST,
2026-07-18T15:05:42.970,461.97,mission_20260718_145801_manual,MANUAL,,0,13.330294609069824,100.99789428710938,150.02666240246083,4,True,0.6917499899864197,1,0,0,-1,0,0.0,0.0,0.0,0,0,nan,nan,nan,73,26.100000381469727,0.0,38.0,0,29,-,SELECT OWNER FIRST,
2026-07-18T15:05:44.982,463.983,mission_20260718_145801_manual,MANUAL,,0,13.330294609069824,100.99789428710938,150.03099274239463,4,True,0.690500020980835,1,0,0,-1,0,0.0,0.0,0.0,0,0,nan,nan,nan,73,26.0,0.0,38.0,0,29,-,SELECT OWNER FIRST,
2026-07-18T15:05:47.024,466.025,mission_20260718_145801_manual,MANUAL,,0,13.330294609069824,100.99789428710938,150.0430958376039,4,True,0.6880000233650208,1,0,0,-1,0,0.0,0.0,0.0,0,0,nan,nan,nan,73,26.0,0.0,38.0,0,29,-,SELECT OWNER FIRST,
2026-07-18T15:05:49.054,468.054,mission_20260718_145801_manual,MANUAL,,0,13.33029556274414,100.99789428710938,150.0489014983984,4,True,0.6890000104904175,1,0,0,-1,0,0.0,0.0,0.0,0,0,nan,nan,nan,73,26.0,0.0,38.0,0,29,-,SELECT OWNER FIRST,
2026-07-18T15:05:51.094,470.094,mission_20260718_145801_manual,MANUAL,,0,13.330294609069824,100.99789428710938,150.04035010155755,4,True,0.6924999952316284,1,0,0,-1,0,0.0,0.0,0.0,0,0,nan,nan,nan,73,26.0,0.0,38.0,0,29,-,SELECT OWNER FIRST,
2026-07-18T15:05:53.122,472.122,mission_20260718_145801_manual,MANUAL,,0,13.330294609069824,100.99789428710938,150.03674376167578,4,True,0.6897500157356262,1,0,0,-1,0,0.0,0.0,0.0,0,0,nan,nan,nan,73,26.100000381469727,0.0,38.0,0,29,-,SELECT OWNER FIRST,
2026-07-18T15:05:55.151,474.152,mission_20260718_145801_manual,MANUAL,,0,13.330293655395508,100.99789428710938,150.03203093114846,4,True,0.6912500262260437,1,0,0,-1,0,0.0,0.0,0.0,0,0,nan,nan,nan,73,26.0,0.0,38.0,0,29,-,SELECT OWNER FIRST,
2026-07-18T15:05:57.193,476.193,mission_20260718_145801_manual,MANUAL,,0,13.330292701721191,100.99789428710938,150.02873877996853,4,True,0.6927499771118164,1,0,0,-1,0,0.0,0.0,0.0,0,0,nan,nan,nan,73,26.100000381469727,0.0,38.0,0,29,-,SELECT OWNER FIRST,
2026-07-18T15:05:59.227,478.228,mission_20260718_145801_manual,MANUAL,,0,13.330291748046875,100.99789428710938,150.03488595022154,4,True,0.6884999871253967,1,0,0,-1,0,0.0,0.0,0.0,0,0,nan,nan,nan,73,26.0,0.0,38.0,0,29,-,SELECT OWNER FIRST,
2026-07-18T15:06:01.253,480.253,mission_20260718_145801_manual,MANUAL,,0,13.330291748046875,100.99789428710938,150.03483130870816,4,True,0.6919999718666077,1,0,0,-1,0,0.0,0.0,0.0,0,0,nan,nan,nan,73,26.100000381469727,0.0,38.0,0,29,-,SELECT OWNER FIRST,
2026-07-18T15:06:03.270,482.27,mission_20260718_145801_manual,MANUAL,,0,13.330290794372559,100.99789428710938,150.03241342174198,4,True,0.6902499794960022,1,0,0,-1,0,0.0,0.0,0.0,0,0,nan,nan,nan,73,26.0,0.0,38.0,0,29,-,SELECT OWNER FIRST,
2026-07-18T15:06:05.283,484.284,mission_20260718_145801_manual,MANUAL,,0,13.330291748046875,100.99789428710938,150.03998127134236,4,True,0.690500020980835,1,0,0,-1,0,0.0,0.0,0.0,0,0,nan,nan,nan,73,26.100000381469727,0.0,38.0,0,30,-,SELECT OWNER FIRST,
2026-07-18T15:06:07.302,486.303,mission_20260718_145801_manual,MANUAL,,0,13.330292701721191,100.99789428710938,150.03853327123832,4,True,0.6892499923706055,1,0,0,-1,0,0.0,0.0,0.0,0,0,nan,nan,nan,73,26.100000381469727,0.0,38.0,0,30,-,SELECT OWNER FIRST,
2026-07-18T15:06:09.322,488.323,mission_20260718_145801_manual,MANUAL,,0,13.330294609069824,100.99789428710938,150.0353504030851,4,True,0.6880000233650208,1,0,0,-1,0,0.0,0.0,0.0,0,0,nan,nan,nan,73,26.0,0.0,38.0,0,30,-,SELECT OWNER FIRST,
2026-07-18T15:06:11.369,490.37,mission_20260718_145801_manual,MANUAL,,0,13.330296516418457,100.99789428710938,150.03174406320332,4,True,0.6887500286102295,1,0,0,-1,0,0.0,0.0,0.0,0,0,nan,nan,nan,73,26.0,0.0,38.0,0,30,-,SELECT OWNER FIRST,
2026-07-18T15:06:13.387,492.387,mission_20260718_145801_manual,MANUAL,,0,13.330297470092773,100.99789428710938,150.02976330834403,4,True,0.6899999976158142,1,0,0,-1,0,0.0,0.0,0.0,0,0,nan,nan,nan,73,26.0,0.0,38.0,0,30,-,SELECT OWNER FIRST,
2026-07-18T15:06:15.437,494.438,mission_20260718_145801_manual,MANUAL,,0,13.330297470092773,100.99789428710938,150.02219545874365,4,True,0.690750002861023,1,0,0,-1,0,0.0,0.0,0.0,0,0,nan,nan,nan,73,26.100000381469727,0.0,38.0,0,30,-,SELECT OWNER FIRST,
2026-07-18T15:06:17.477,496.478,mission_20260718_145801_manual,MANUAL,,0,13.33029842376709,100.99789428710938,150.0213211945299,4,True,0.6892499923706055,1,0,0,-1,0,0.0,0.0,0.0,0,0,nan,nan,nan,73,26.0,0.0,38.0,0,30,-,SELECT OWNER FIRST,
2026-07-18T15:06:19.519,498.52,mission_20260718_145801_manual,MANUAL,,0,13.33029842376709,100.99789428710938,150.02595206278716,4,True,0.6894999742507935,1,0,0,-1,0,0.0,0.0,0.0,0,0,nan,nan,nan,73,26.0,0.0,38.0,0,29,-,SELECT OWNER FIRST,
2026-07-18T15:06:21.562,500.562,mission_20260718_145801_manual,MANUAL,,0,13.330299377441406,100.99789428710938,150.03119764806974,4,True,0.6902499794960022,1,0,0,-1,0,0.0,0.0,0.0,0,0,nan,nan,nan,73,26.0,0.0,38.0,0,29,-,SELECT OWNER FIRST,
2026-07-18T15:06:23.606,502.606,mission_20260718_145801_manual,MANUAL,,0,13.330300331115723,100.99789428710938,150.02167636436673,4,True,0.6882500052452087,1,0,0,-1,0,0.0,0.0,0.0,0,0,nan,nan,nan,73,26.100000381469727,0.0,38.0,0,28,-,SELECT OWNER FIRST,
2026-07-18T15:06:25.635,504.635,mission_20260718_145801_manual,MANUAL,,0,13.330300331115723,100.99789428710938,150.02578813824707,4,True,0.6884999871253967,1,0,0,-1,0,0.0,0.0,0.0,0,0,nan,nan,nan,73,26.0,0.0,38.0,0,28,-,SELECT OWNER FIRST,
2026-07-18T15:06:27.672,506.673,mission_20260718_145801_manual,MANUAL,,0,13.330300331115723,100.99789428710938,150.03304179914562,4,True,0.6897500157356262,1,0,0,-1,0,0.0,0.0,0.0,0,0,nan,nan,nan,73,26.100000381469727,0.0,38.0,0,29,-,SELECT OWNER FIRST,
2026-07-18T15:06:29.699,508.7,mission_20260718_145801_manual,MANUAL,,0,13.330301284790039,100.99789428710938,150.02718149683776,4,True,0.6887500286102295,1,0,0,-1,0,0.0,0.0,0.0,0,0,nan,nan,nan,73,26.0,0.0,38.0,0,30,-,SELECT OWNER FIRST,
2026-07-18T15:06:31.748,510.748,mission_20260718_145801_manual,MANUAL,,0,13.330301284790039,100.99789428710938,150.02144413793494,4,True,0.6912500262260437,1,0,0,-1,0,0.0,0.0,0.0,0,0,nan,nan,nan,73,26.100000381469727,0.0,38.0,0,29,-,SELECT OWNER FIRST,
2026-07-18T15:06:33.765,512.765,mission_20260718_145801_manual,MANUAL,,0,13.330300331115723,100.99789428710938,150.01884866605033,4,True,0.6892499923706055,1,0,0,-1,0,0.0,0.0,0.0,0,0,nan,nan,nan,73,26.100000381469727,0.0,38.0,0,29,-,SELECT OWNER FIRST,
2026-07-18T15:06:35.810,514.81,mission_20260718_145801_manual,MANUAL,,0,13.330299377441406,100.99789428710938,150.02408059095458,4,True,0.6922500133514404,1,0,0,-1,0,0.0,0.0,0.0,0,0,nan,nan,nan,73,26.100000381469727,0.0,38.0,0,29,-,SELECT OWNER FIRST,
2026-07-18T15:06:37.834,516.835,mission_20260718_145801_manual,MANUAL,,0,13.330299377441406,100.99789428710938,150.03841032783325,4,True,0.690750002861023,1,0,0,-1,0,0.0,0.0,0.0,0,0,nan,nan,nan,73,26.0,0.0,38.0,0,30,-,SELECT OWNER FIRST,
2026-07-18T15:06:39.864,518.865,mission_20260718_145801_manual,MANUAL,,0,13.330299377441406,100.99789428710938,150.03489961059987,4,True,0.6919999718666077,1,0,0,-1,0,0.0,0.0,0.0,0,0,nan,nan,nan,73,26.100000381469727,0.0,38.0,0,29,-,SELECT OWNER FIRST,
2026-07-18T15:06:41.900,520.9,mission_20260718_145801_manual,MANUAL,,0,13.33029842376709,100.99789428710938,150.03509085589664,4,True,0.6887500286102295,1,0,0,-1,0,0.0,0.0,0.0,0,0,nan,nan,nan,73,26.100000381469727,0.0,38.0,0,28,-,SELECT OWNER FIRST,
2026-07-18T15:06:43.923,522.924,mission_20260718_145801_manual,MANUAL,,0,13.33029842376709,100.99789428710938,150.02989991212743,4,True,0.6917499899864197,1,0,0,-1,0,0.0,0.0,0.0,0,0,nan,nan,nan,73,26.100000381469727,0.0,38.0,0,28,-,SELECT OWNER FIRST,
2026-07-18T15:06:45.971,524.972,mission_20260718_145801_manual,MANUAL,,0,13.33029842376709,100.99789428710938,150.02744104402623,4,True,0.6894999742507935,1,0,0,-1,0,0.0,0.0,0.0,0,0,nan,nan,nan,73,26.0,0.0,38.0,0,28,-,SELECT OWNER FIRST,
2026-07-18T15:06:47.975,526.975,mission_20260718_145801_manual,MANUAL,,0,13.33029842376709,100.99789428710938,150.03727651643104,4,True,0.690500020980835,1,0,0,-1,0,0.0,0.0,0.0,0,0,nan,nan,nan,73,26.100000381469727,0.0,38.0,0,29,-,SELECT OWNER FIRST,
2026-07-18T15:06:50.006,529.007,mission_20260718_145801_manual,MANUAL,,0,13.330297470092773,100.99789428710938,150.0354187049768,4,True,0.690500020980835,1,0,0,-1,0,0.0,0.0,0.0,0,0,nan,nan,nan,73,26.100000381469727,0.0,38.0,0,28,-,SELECT OWNER FIRST,
2026-07-18T15:06:52.019,531.02,mission_20260718_145801_manual,MANUAL,,0,13.330297470092773,100.99789428710938,150.02714051570274,4,True,0.6899999976158142,1,0,0,-1,0,0.0,0.0,0.0,0,0,nan,nan,nan,73,26.100000381469727,0.0,38.0,0,28,-,SELECT OWNER FIRST,
2026-07-18T15:06:54.049,533.049,mission_20260718_145801_manual,MANUAL,,0,13.330296516418457,100.99789428710938,150.01311130714754,4,True,0.6934999823570251,1,0,0,-1,0,0.0,0.0,0.0,0,0,nan,nan,nan,73,26.100000381469727,0.0,38.0,0,29,-,SELECT OWNER FIRST,
2026-07-18T15:06:56.073,535.073,mission_20260718_145801_manual,MANUAL,,0,13.330297470092773,100.99789428710938,150.00312557058098,4,True,0.6892499923706055,1,0,0,-1,0,0.0,0.0,0.0,0,0,nan,nan,nan,73,26.100000381469727,0.0,38.0,0,30,-,SELECT OWNER FIRST,
2026-07-18T15:06:58.191,537.191,mission_20260718_145801_manual,MANUAL,,0,13.33029842376709,100.99789428710938,150.00916345780726,4,True,0.6927499771118164,1,0,0,-1,0,0.0,0.0,0.0,0,0,nan,nan,nan,73,26.100000381469727,0.0,38.0,0,29,-,SELECT OWNER FIRST,
2026-07-18T15:07:00.234,539.234,mission_20260718_145801_manual,MANUAL,,0,13.33029842376709,100.99788665771484,150.00755153316314,4,True,0.6894999742507935,1,0,0,-1,0,0.0,0.0,0.0,0,0,nan,nan,nan,73,26.100000381469727,0.0,38.0,0,28,-,SELECT OWNER FIRST,
2026-07-18T15:07:02.271,541.271,mission_20260718_145801_manual,MANUAL,,0,13.330299377441406,100.99789428710938,150.01435440157647,4,True,0.6887500286102295,1,0,0,-1,0,0.0,0.0,0.0,0,0,nan,nan,nan,73,26.100000381469727,0.0,38.0,0,28,-,SELECT OWNER FIRST,
2026-07-18T15:07:04.306,543.306,mission_20260718_145801_manual,MANUAL,,0,13.330300331115723,100.99789428710938,150.01949070383233,4,True,0.6909999847412109,1,0,0,-1,0,0.0,0.0,0.0,0,0,nan,nan,nan,73,26.100000381469727,0.0,38.0,0,28,-,SELECT OWNER FIRST,
2026-07-18T15:07:06.325,545.326,mission_20260718_145801_manual,MANUAL,,0,13.330301284790039,100.99789428710938,150.01565213751877,4,True,0.6902499794960022,1,0,0,-1,0,0.0,0.0,0.0,0,0,nan,nan,nan,73,26.100000381469727,0.0,38.0,0,30,-,SELECT OWNER FIRST,
2026-07-18T15:07:08.352,547.352,mission_20260718_145801_manual,MANUAL,,0,13.330302238464355,100.99789428710938,150.021526100205,4,True,0.690500020980835,1,0,0,-1,0,0.0,0.0,0.0,0,0,nan,nan,nan,73,26.100000381469727,0.0,38.0,0,29,-,SELECT OWNER FIRST,
2026-07-18T15:07:10.377,549.377,mission_20260718_145801_manual,MANUAL,,0,13.330303192138672,100.99789428710938,150.02337025128088,4,True,0.6894999742507935,1,0,0,-1,0,0.0,0.0,0.0,0,0,nan,nan,nan,73,26.100000381469727,0.0,38.0,0,30,-,SELECT OWNER FIRST,
2026-07-18T15:07:12.385,551.385,mission_20260718_145801_manual,MANUAL,,0,13.330304145812988,100.99789428710938,150.0236844399827,4,True,0.6924999952316284,1,0,0,-1,0,0.0,0.0,0.0,0,0,nan,nan,nan,73,26.100000381469727,0.0,38.0,0,30,-,SELECT OWNER FIRST,
2026-07-18T15:07:14.419,553.42,mission_20260718_145801_manual,MANUAL,,0,13.330305099487305,100.99789428710938,150.02048791145114,4,True,0.6909999847412109,1,0,0,-1,0,0.0,0.0,0.0,0,0,nan,nan,nan,73,26.100000381469727,0.0,38.0,0,30,-,SELECT OWNER FIRST,
2026-07-18T15:07:16.421,555.421,mission_20260718_145801_manual,MANUAL,,0,13.330306053161621,100.99789428710938,150.02499583630336,4,True,0.6915000081062317,1,0,0,-1,0,0.0,0.0,0.0,0,0,nan,nan,nan,73,26.100000381469727,0.0,38.0,0,30,-,SELECT OWNER FIRST,
2026-07-18T15:07:18.433,557.434,mission_20260718_145801_manual,MANUAL,,0,13.330307006835938,100.99789428710938,150.0276049685663,4,True,0.6909999847412109,1,0,0,-1,0,0.0,0.0,0.0,0,0,nan,nan,nan,73,26.100000381469727,0.0,38.0,0,29,-,SELECT OWNER FIRST,
2026-07-18T15:07:20.475,559.476,mission_20260718_145801_manual,MANUAL,,0,13.330307960510254,100.99789428710938,150.0204332699378,4,True,0.6899999976158142,1,0,0,-1,0,0.0,0.0,0.0,0,0,nan,nan,nan,73,26.100000381469727,0.0,38.0,0,28,-,SELECT OWNER FIRST,
2026-07-18T15:07:22.504,561.504,mission_20260718_145801_manual,MANUAL,,0,13.330307960510254,100.99789428710938,150.0405413468543,4,True,0.6902499794960022,1,0,0,-1,0,0.0,0.0,0.0,0,0,nan,nan,nan,73,26.100000381469727,0.0,38.0,0,28,-,SELECT OWNER FIRST,
2026-07-18T15:07:24.529,563.529,mission_20260718_145801_manual,MANUAL,,0,13.330307960510254,100.99789428710938,150.0328915349839,4,True,0.6902499794960022,1,0,0,-1,0,0.0,0.0,0.0,0,0,nan,nan,nan,73,26.100000381469727,0.0,38.0,0,28,-,SELECT OWNER FIRST,
2026-07-18T15:07:26.554,565.554,mission_20260718_145801_manual,MANUAL,,0,13.330307960510254,100.99789428710938,150.03614270502882,4,True,0.6912500262260437,1,0,0,-1,0,0.0,0.0,0.0,0,0,nan,nan,nan,73,26.100000381469727,0.0,38.0,0,28,-,SELECT OWNER FIRST,
2026-07-18T15:07:28.586,567.586,mission_20260718_145801_manual,MANUAL,,0,13.330307960510254,100.99789428710938,150.047398856781,4,True,0.6899999976158142,1,0,0,-1,0,0.0,0.0,0.0,0,0,nan,nan,nan,73,26.100000381469727,0.0,38.0,0,29,-,SELECT OWNER FIRST,
2026-07-18T15:07:30.610,569.61,mission_20260718_145801_manual,MANUAL,,0,13.33030891418457,100.99789428710938,150.03704428999924,4,True,0.690500020980835,1,0,0,-1,0,0.0,0.0,0.0,0,0,nan,nan,nan,73,26.100000381469727,0.0,38.0,0,29,-,SELECT OWNER FIRST,
2026-07-18T15:07:32.654,571.655,mission_20260718_145801_manual,MANUAL,,0,13.33030891418457,100.99789428710938,150.03611538427214,4,True,0.6924999952316284,1,0,0,-1,0,0.0,0.0,0.0,0,0,nan,nan,nan,73,26.100000381469727,0.0,38.0,0,29,-,SELECT OWNER FIRST,
2026-07-18T15:07:34.692,573.693,mission_20260718_145801_manual,MANUAL,,0,13.33030891418457,100.99789428710938,150.0482594606164,4,True,0.6919999718666077,1,0,0,-1,0,0.0,0.0,0.0,0,0,nan,nan,nan,73,26.100000381469727,0.0,38.0,0,29,-,SELECT OWNER FIRST,
2026-07-18T15:07:36.716,575.717,mission_20260718_145801_manual,MANUAL,,0,13.330309867858887,100.99789428710938,150.06563546186493,4,True,0.6930000185966492,1,0,0,-1,0,0.0,0.0,0.0,0,0,nan,nan,nan,73,26.100000381469727,0.0,38.0,0,29,-,SELECT OWNER FIRST,
2026-07-18T15:07:38.768,577.768,mission_20260718_145801_manual,MANUAL,,0,13.330309867858887,100.99789428710938,150.07051221693231,4,True,0.6899999976158142,1,0,0,-1,0,0.0,0.0,0.0,0,0,nan,nan,nan,73,26.100000381469727,0.0,38.0,0,29,-,SELECT OWNER FIRST,
2026-07-18T15:07:40.806,579.806,mission_20260718_145801_manual,MANUAL,,0,13.330309867858887,100.99789428710938,150.07361312281552,4,True,0.6897500157356262,1,0,0,-1,0,0.0,0.0,0.0,0,0,nan,nan,nan,73,26.100000381469727,0.0,38.0,0,29,-,SELECT OWNER FIRST,
2026-07-18T15:07:42.852,581.853,mission_20260718_145801_manual,MANUAL,,0,13.330309867858887,100.9979019165039,150.0666190091054,4,True,0.6912500262260437,1,0,0,-1,0,0.0,0.0,0.0,0,0,nan,nan,nan,73,26.100000381469727,0.0,38.0,0,29,-,SELECT OWNER FIRST,
2026-07-18T15:07:44.880,583.881,mission_20260718_145801_manual,MANUAL,,0,13.330309867858887,100.9979019165039,150.06465191462445,4,True,0.6897500157356262,1,0,0,-1,0,0.0,0.0,0.0,0,0,nan,nan,nan,73,26.100000381469727,0.0,38.0,0,30,-,SELECT OWNER FIRST,
2026-07-18T15:07:46.900,585.901,mission_20260718_145801_manual,MANUAL,,0,13.330309867858887,100.9979019165039,150.05390119687084,4,True,0.6930000185966492,1,0,0,-1,0,0.0,0.0,0.0,0,0,nan,nan,nan,73,26.100000381469727,0.0,38.0,0,30,-,SELECT OWNER FIRST,
2026-07-18T15:07:48.937,587.937,mission_20260718_145801_manual,MANUAL,,0,13.330309867858887,100.9979019165039,150.0592014236668,4,True,0.6937500238418579,1,0,0,-1,0,0.0,0.0,0.0,0,0,nan,nan,nan,73,26.100000381469727,0.0,38.0,0,29,-,SELECT OWNER FIRST,
2026-07-18T15:07:50.966,589.966,mission_20260718_145801_manual,MANUAL,,0,13.330309867858887,100.9979019165039,150.0707034622291,4,True,0.6924999952316284,1,0,0,-1,0,0.0,0.0,0.0,0,0,nan,nan,nan,73,26.100000381469727,0.0,38.0,0,29,-,SELECT OWNER FIRST,
2026-07-18T15:07:53.005,592.005,mission_20260718_145801_manual,MANUAL,,0,13.330310821533203,100.9979019165039,150.06358640511394,4,True,0.6897500157356262,1,0,0,-1,0,0.0,0.0,0.0,0,0,nan,nan,nan,73,26.100000381469727,0.0,38.0,0,29,-,SELECT OWNER FIRST,
2026-07-18T15:07:55.040,594.04,mission_20260718_145801_manual,MANUAL,,0,13.330310821533203,100.9979019165039,150.05407878178926,4,True,0.6912500262260437,1,0,0,-1,0,0.0,0.0,0.0,0,0,nan,nan,nan,73,26.100000381469727,0.0,38.0,0,29,-,SELECT OWNER FIRST,
2026-07-18T15:07:57.069,596.07,mission_20260718_145801_manual,MANUAL,,0,13.330310821533203,100.9979019165039,150.0468524416474,4,True,0.6890000104904175,1,0,0,-1,0,0.0,0.0,0.0,0,0,nan,nan,nan,73,26.100000381469727,0.0,38.0,0,29,-,SELECT OWNER FIRST,
2026-07-18T15:07:59.088,598.088,mission_20260718_145801_manual,MANUAL,,0,13.33031177520752,100.9979019165039,150.0481911587247,4,True,0.6880000233650208,1,0,0,-1,0,0.0,0.0,0.0,0,0,nan,nan,nan,73,26.100000381469727,0.0,38.0,0,29,-,SELECT OWNER FIRST,
2026-07-18T15:08:01.119,600.119,mission_20260718_145801_manual,MANUAL,,0,13.33031177520752,100.9979019165039,150.04679780013404,4,True,0.690500020980835,1,0,0,-1,0,0.0,0.0,0.0,0,0,nan,nan,nan,73,26.100000381469727,0.0,38.0,0,28,-,SELECT OWNER FIRST,
2026-07-18T15:08:03.141,602.141,mission_20260718_145801_manual,MANUAL,,0,13.33031177520752,100.9979019165039,150.05717968767246,4,True,0.690500020980835,1,0,0,-1,0,0.0,0.0,0.0,0,0,nan,nan,nan,73,26.100000381469727,0.0,38.0,0,29,-,SELECT OWNER FIRST,
2026-07-18T15:08:05.166,604.167,mission_20260718_145801_manual,MANUAL,,0,13.330312728881836,100.99789428710938,150.0593107066935,4,True,0.690750002861023,1,0,0,-1,0,0.0,0.0,0.0,0,0,nan,nan,nan,73,26.100000381469727,0.0,38.0,0,29,-,SELECT OWNER FIRST,
2026-07-18T15:08:07.188,606.188,mission_20260718_145801_manual,MANUAL,,0,13.330312728881836,100.99789428710938,150.05898285761333,4,True,0.6940000057220459,1,0,0,-1,0,0.0,0.0,0.0,0,0,nan,nan,nan,73,26.100000381469727,0.0,38.0,0,29,-,SELECT OWNER FIRST,
2026-07-18T15:08:09.249,608.25,mission_20260718_145801_manual,MANUAL,,0,13.330312728881836,100.99789428710938,150.0627531220352,4,True,0.6894999742507935,1,0,0,-1,0,0.0,0.0,0.0,0,0,nan,nan,nan,73,26.100000381469727,0.0,38.0,0,28,-,SELECT OWNER FIRST,
2026-07-18T15:08:11.285,610.286,mission_20260718_145801_manual,MANUAL,,0,13.330312728881836,100.99789428710938,150.05940632934187,4,True,0.6912500262260437,1,0,0,-1,0,0.0,0.0,0.0,0,0,nan,nan,nan,73,26.100000381469727,0.0,38.0,0,29,-,SELECT OWNER FIRST,
2026-07-18T15:08:13.311,612.311,mission_20260718_145801_manual,MANUAL,,0,13.330312728881836,100.99789428710938,150.06589500905338,4,True,0.6912500262260437,1,0,0,-1,0,0.0,0.0,0.0,0,0,nan,nan,nan,73,26.100000381469727,0.0,38.0,0,28,-,SELECT OWNER FIRST,
2026-07-18T15:08:15.341,614.341,mission_20260718_145801_manual,MANUAL,,0,13.330312728881836,100.99789428710938,150.056278102702,4,True,0.6899999976158142,1,0,0,-1,0,0.0,0.0,0.0,0,0,nan,nan,nan,73,26.100000381469727,0.0,38.0,0,29,-,SELECT OWNER FIRST,
2026-07-18T15:08:17.372,616.372,mission_20260718_145801_manual,MANUAL,,0,13.330313682556152,100.99789428710938,150.06096361247265,4,True,0.6922500133514404,1,0,0,-1,0,0.0,0.0,0.0,0,0,nan,nan,nan,73,26.100000381469727,0.0,38.0,0,30,-,SELECT OWNER FIRST,
2026-07-18T15:08:19.406,618.407,mission_20260718_145801_manual,MANUAL,,0,13.330313682556152,100.99789428710938,150.04872391348,4,True,0.690500020980835,1,0,0,-1,0,0.0,0.0,0.0,0,0,nan,nan,nan,73,26.100000381469727,0.0,38.0,0,29,-,SELECT OWNER FIRST,
2026-07-18T15:08:21.436,620.436,mission_20260718_145801_manual,MANUAL,,0,13.330314636230469,100.99789428710938,150.0424811205786,4,True,0.6922500133514404,1,0,0,-1,0,0.0,0.0,0.0,0,0,nan,nan,nan,73,26.100000381469727,0.0,38.0,0,30,-,SELECT OWNER FIRST,
2026-07-18T15:08:23.479,622.48,mission_20260718_145801_manual,MANUAL,,0,13.330314636230469,100.99789428710938,150.03769998815957,4,True,0.6894999742507935,1,0,0,-1,0,0.0,0.0,0.0,0,0,nan,nan,nan,73,26.100000381469727,0.0,38.0,0,28,-,SELECT OWNER FIRST,
2026-07-18T15:08:25.524,624.525,mission_20260718_145801_manual,MANUAL,,0,13.330315589904785,100.99789428710938,150.0373311579444,4,True,0.6915000081062317,1,0,0,-1,0,0.0,0.0,0.0,0,0,nan,nan,nan,73,26.100000381469727,0.0,38.0,0,28,-,SELECT OWNER FIRST,
2026-07-18T15:08:27.548,626.549,mission_20260718_145801_manual,MANUAL,,0,13.330316543579102,100.99789428710938,150.02716783645943,4,True,0.6894999742507935,1,0,0,-1,0,0.0,0.0,0.0,0,0,nan,nan,nan,73,26.100000381469727,0.0,38.0,0,28,-,SELECT OWNER FIRST,
2026-07-18T15:08:29.596,628.597,mission_20260718_145801_manual,MANUAL,,0,13.330317497253418,100.99789428710938,150.02339757203757,4,True,0.6934999823570251,1,0,0,-1,0,0.0,0.0,0.0,0,0,nan,nan,nan,73,26.100000381469727,0.0,38.0,0,28,-,SELECT OWNER FIRST,
2026-07-18T15:08:31.635,630.635,mission_20260718_145801_manual,MANUAL,,0,13.330317497253418,100.99789428710938,150.01551553373537,4,True,0.690750002861023,1,0,0,-1,0,0.0,0.0,0.0,0,0,nan,nan,nan,73,26.100000381469727,0.0,38.0,0,27,-,SELECT OWNER FIRST,
2026-07-18T15:08:33.686,632.687,mission_20260718_145801_manual,MANUAL,,0,13.330317497253418,100.99789428710938,150.00990111823762,4,True,0.6899999976158142,1,0,0,-1,0,0.0,0.0,0.0,0,0,nan,nan,nan,73,26.100000381469727,0.0,38.0,0,27,-,SELECT OWNER FIRST,
2026-07-18T15:08:35.734,634.734,mission_20260718_145801_manual,MANUAL,,0,13.330318450927734,100.99789428710938,150.016785948921,4,True,0.687749981880188,1,0,0,-1,0,0.0,0.0,0.0,0,0,nan,nan,nan,73,26.100000381469727,0.0,38.0,0,28,-,SELECT OWNER FIRST,
2026-07-18T15:08:37.779,636.779,mission_20260718_145801_manual,MANUAL,,0,13.330318450927734,100.99789428710938,150.02588376089545,4,True,0.6919999718666077,1,0,0,-1,0,0.0,0.0,0.0,0,0,nan,nan,nan,73,26.100000381469727,0.0,38.0,0,28,-,SELECT OWNER FIRST,
2026-07-18T15:08:39.806,638.806,mission_20260718_145801_manual,MANUAL,,0,13.330318450927734,100.99789428710938,150.0123190052038,4,True,0.6894999742507935,1,0,0,-1,0,0.0,0.0,0.0,0,0,nan,nan,nan,73,26.100000381469727,0.0,38.0,0,28,-,SELECT OWNER FIRST,
2026-07-18T15:08:41.840,640.841,mission_20260718_145801_manual,MANUAL,,0,13.33031940460205,100.99789428710938,150.0112534956933,4,True,0.6894999742507935,1,0,0,-1,0,0.0,0.0,0.0,0,0,nan,nan,nan,73,26.100000381469727,0.0,38.0,0,28,-,SELECT OWNER FIRST,
2026-07-18T15:08:43.865,642.865,mission_20260718_145801_manual,MANUAL,,0,13.33031940460205,100.99789428710938,150.01140375985503,4,True,0.690750002861023,1,0,0,-1,0,0.0,0.0,0.0,0,0,nan,nan,nan,73,26.100000381469727,0.0,38.0,0,29,-,SELECT OWNER FIRST,
2026-07-18T15:08:45.896,644.897,mission_20260718_145801_manual,MANUAL,,0,13.330320358276367,100.99789428710938,150.01062511828965,4,True,0.6902499794960022,1,0,0,-1,0,0.0,0.0,0.0,0,0,nan,nan,nan,73,26.100000381469727,0.0,38.0,0,30,-,SELECT OWNER FIRST,
2026-07-18T15:08:47.933,646.933,mission_20260718_145801_manual,MANUAL,,0,13.330320358276367,100.99789428710938,150.02106164734144,4,True,0.6880000233650208,1,0,0,-1,0,0.0,0.0,0.0,0,0,nan,nan,nan,73,26.100000381469727,0.0,38.0,0,30,-,SELECT OWNER FIRST,
2026-07-18T15:08:49.950,648.951,mission_20260718_145801_manual,MANUAL,,0,13.330320358276367,100.99789428710938,150.02742738364788,4,True,0.6899999976158142,1,0,0,-1,0,0.0,0.0,0.0,0,0,nan,nan,nan,73,26.100000381469727,0.0,38.0,0,30,-,SELECT OWNER FIRST,
2026-07-18T15:08:51.974,650.974,mission_20260718_145801_manual,MANUAL,,0,13.330321311950684,100.99789428710938,150.0288070818602,4,True,0.6882500052452087,1,0,0,-1,0,0.0,0.0,0.0,0,0,nan,nan,nan,73,26.100000381469727,0.0,38.0,0,30,-,SELECT OWNER FIRST,
2026-07-18T15:08:53.999,653.0,mission_20260718_145801_manual,MANUAL,,0,13.330321311950684,100.99789428710938,150.02724979872946,4,True,0.6892499923706055,1,0,0,-1,0,0.0,0.0,0.0,0,0,nan,nan,nan,73,26.100000381469727,0.0,38.0,0,30,-,SELECT OWNER FIRST,
2026-07-18T15:08:56.031,655.032,mission_20260718_145801_manual,MANUAL,,0,13.330321311950684,100.99789428710938,150.02908028942701,4,True,0.6902499794960022,1,0,0,-1,0,0.0,0.0,0.0,0,0,nan,nan,nan,73,26.100000381469727,0.0,38.0,0,30,-,SELECT OWNER FIRST,
2026-07-18T15:08:58.081,657.082,mission_20260718_145801_manual,MANUAL,,0,13.330321311950684,100.99789428710938,150.03274127082216,4,True,0.6919999718666077,1,0,0,-1,0,0.0,0.0,0.0,0,0,nan,nan,nan,73,26.100000381469727,0.0,38.0,0,30,-,SELECT OWNER FIRST,
2026-07-18T15:09:00.108,659.109,mission_20260718_145801_manual,MANUAL,,0,13.330322265625,100.99789428710938,150.03551432762518,4,True,0.6917499899864197,1,0,0,-1,0,0.0,0.0,0.0,0,0,nan,nan,nan,73,26.100000381469727,0.0,38.0,0,30,-,SELECT OWNER FIRST,
2026-07-18T15:09:02.136,661.136,mission_20260718_145801_manual,MANUAL,,0,13.330322265625,100.99788665771484,150.03738579945775,4,True,0.6909999847412109,1,0,0,-1,0,0.0,0.0,0.0,0,0,nan,nan,nan,73,26.100000381469727,0.0,38.0,0,30,-,SELECT OWNER FIRST,
2026-07-18T15:09:04.160,663.161,mission_20260718_145801_manual,MANUAL,,0,13.330323219299316,100.99788665771484,150.044707762248,4,True,0.6897500157356262,1,0,0,-1,0,0.0,0.0,0.0,0,0,nan,nan,nan,73,26.100000381469727,0.0,38.0,0,30,-,SELECT OWNER FIRST,
2026-07-18T15:09:06.195,665.195,mission_20260718_145801_manual,MANUAL,,0,13.330324172973633,100.99788665771484,150.05469349881457,4,True,0.690500020980835,1,0,0,-1,0,0.0,0.0,0.0,0,0,nan,nan,nan,73,26.100000381469727,0.0,38.0,0,30,-,SELECT OWNER FIRST,
2026-07-18T15:09:08.223,667.224,mission_20260718_145801_manual,MANUAL,,0,13.330324172973633,100.99788665771484,150.0436832338725,4,True,0.6912500262260437,1,0,0,-1,0,0.0,0.0,0.0,0,0,nan,nan,nan,73,26.100000381469727,0.0,38.0,0,30,-,SELECT OWNER FIRST,
2026-07-18T15:09:10.263,669.263,mission_20260718_145801_manual,MANUAL,,0,13.33032512664795,100.99788665771484,150.03029606309929,4,True,0.6922500133514404,1,0,0,-1,0,0.0,0.0,0.0,0,0,nan,nan,nan,73,26.100000381469727,0.0,38.0,0,30,-,SELECT OWNER FIRST,
2026-07-18T15:09:12.306,671.306,mission_20260718_145801_manual,MANUAL,,0,13.33032512664795,100.99788665771484,150.02320632674082,4,True,0.6922500133514404,1,0,0,-1,0,0.0,0.0,0.0,0,0,nan,nan,nan,73,26.100000381469727,0.0,38.0,0,30,-,SELECT OWNER FIRST,
2026-07-18T15:09:14.331,673.332,mission_20260718_145801_manual,MANUAL,,0,13.330326080322266,100.99788665771484,150.0211299492331,4,True,0.6919999718666077,1,0,0,-1,0,0.0,0.0,0.0,0,0,nan,nan,nan,73,26.100000381469727,0.0,38.0,0,29,-,SELECT OWNER FIRST,
2026-07-18T15:09:16.373,675.373,mission_20260718_145801_manual,MANUAL,,0,13.330326080322266,100.99788665771484,150.02367077960437,4,True,0.6894999742507935,1,0,0,-1,0,0.0,0.0,0.0,0,0,nan,nan,nan,73,26.100000381469727,0.0,38.0,0,30,-,SELECT OWNER FIRST,
2026-07-18T15:09:18.411,677.412,mission_20260718_145801_manual,MANUAL,,0,13.33032512664795,100.99787902832031,150.0200917604793,4,True,0.6880000233650208,1,0,0,-1,0,0.0,0.0,0.0,0,0,nan,nan,nan,73,26.100000381469727,0.0,38.0,0,29,-,SELECT OWNER FIRST,
2026-07-18T15:09:20.440,679.441,mission_20260718_145801_manual,MANUAL,,0,13.33032512664795,100.99787902832031,150.00805696716174,4,True,0.6927499771118164,1,0,0,-1,0,0.0,0.0,0.0,0,0,nan,nan,nan,73,26.100000381469727,0.0,38.0,0,29,-,SELECT OWNER FIRST,
2026-07-18T15:09:22.482,681.483,mission_20260718_145801_manual,MANUAL,,0,13.33032512664795,100.99787902832031,150.0044642876583,4,True,0.690750002861023,1,0,0,-1,0,0.0,0.0,0.0,0,0,nan,nan,nan,73,26.100000381469727,0.0,38.0,0,29,-,SELECT OWNER FIRST,
2026-07-18T15:09:24.512,683.513,mission_20260718_145801_manual,MANUAL,,0,13.330324172973633,100.99787902832031,150.00614451419412,4,True,0.690750002861023,1,0,0,-1,0,0.0,0.0,0.0,0,0,nan,nan,nan,73,26.100000381469727,0.0,38.0,0,29,-,SELECT OWNER FIRST,
2026-07-18T15:09:26.544,685.545,mission_20260718_145801_manual,MANUAL,,0,13.330324172973633,100.99787902832031,149.9952571926571,4,True,0.6912500262260437,1,0,0,-1,0,0.0,0.0,0.0,0,0,nan,nan,nan,73,26.100000381469727,0.0,38.0,0,28,-,SELECT OWNER FIRST,
2026-07-18T15:09:28.572,687.573,mission_20260718_145801_manual,MANUAL,,0,13.330323219299316,100.99787902832031,149.98727953170655,4,True,0.6902499794960022,1,0,0,-1,0,0.0,0.0,0.0,0,0,nan,nan,nan,73,26.100000381469727,0.0,38.0,0,28,-,SELECT OWNER FIRST,
2026-07-18T15:09:30.581,689.581,mission_20260718_145801_manual,MANUAL,,0,13.330322265625,100.99787902832031,149.98874119218894,4,True,0.6902499794960022,1,0,0,-1,0,0.0,0.0,0.0,0,0,nan,nan,nan,73,26.100000381469727,0.0,38.0,0,28,-,SELECT OWNER FIRST,
2026-07-18T15:09:32.601,691.602,mission_20260718_145801_manual,MANUAL,,0,13.330321311950684,100.99787902832031,149.98587251273753,4,True,0.6917499899864197,1,0,0,-1,0,0.0,0.0,0.0,0,0,nan,nan,nan,73,26.100000381469727,0.0,38.0,0,29,-,SELECT OWNER FIRST,
2026-07-18T15:09:34.617,693.617,mission_20260718_145801_manual,MANUAL,,0,13.330321311950684,100.99787902832031,149.97734843665336,4,True,0.6912500262260437,1,0,0,-1,0,0.0,0.0,0.0,0,0,nan,nan,nan,73,26.100000381469727,0.0,38.0,0,29,-,SELECT OWNER FIRST,
2026-07-18T15:09:36.635,695.635,mission_20260718_145801_manual,MANUAL,,0,13.330320358276367,100.99787902832031,149.98669213543792,4,True,0.6899999976158142,1,0,0,-1,0,0.0,0.0,0.0,0,0,nan,nan,nan,73,26.100000381469727,0.0,38.0,0,30,-,SELECT OWNER FIRST,
2026-07-18T15:09:38.677,697.678,mission_20260718_145801_manual,MANUAL,,0,13.330320358276367,100.99787902832031,149.99109077726342,4,True,0.6917499899864197,1,0,0,-1,0,0.0,0.0,0.0,0,0,nan,nan,nan,73,26.100000381469727,0.0,38.0,0,30,-,SELECT OWNER FIRST,
2026-07-18T15:09:40.707,699.707,mission_20260718_145801_manual,MANUAL,,0,13.330321311950684,100.99787902832031,149.98670579581628,4,True,0.6902499794960022,1,0,0,-1,0,0.0,0.0,0.0,0,0,nan,nan,nan,73,26.100000381469727,0.0,38.0,0,30,-,SELECT OWNER FIRST,
2026-07-18T15:09:42.751,701.751,mission_20260718_145801_manual,MANUAL,,0,13.330321311950684,100.99787902832031,149.99598119270914,4,True,0.6887500286102295,1,0,0,-1,0,0.0,0.0,0.0,0,0,nan,nan,nan,73,26.100000381469727,0.0,38.0,0,30,-,SELECT OWNER FIRST,
2026-07-18T15:09:44.758,703.758,mission_20260718_145801_manual,MANUAL,,0,13.330320358276367,100.99787902832031,150.00522926884534,4,True,0.6927499771118164,1,0,0,-1,0,0.0,0.0,0.0,0,0,nan,nan,nan,73,26.100000381469727,0.0,38.0,0,29,-,SELECT OWNER FIRST,
2026-07-18T15:09:46.785,705.785,mission_20260718_145801_manual,MANUAL,,0,13.330321311950684,100.99787902832031,150.0069914576512,4,True,0.6887500286102295,1,0,0,-1,0,0.0,0.0,0.0,0,0,nan,nan,nan,73,26.100000381469727,0.0,38.0,0,29,-,SELECT OWNER FIRST,
2026-07-18T15:09:48.811,707.812,mission_20260718_145801_manual,MANUAL,,0,13.330321311950684,100.99787902832031,150.00636308024755,4,True,0.6894999742507935,1,0,0,-1,0,0.0,0.0,0.0,0,0,nan,nan,nan,73,26.100000381469727,0.0,38.0,0,29,-,SELECT OWNER FIRST,
2026-07-18T15:09:50.835,709.835,mission_20260718_145801_manual,MANUAL,,0,13.330321311950684,100.99787902832031,150.01036557110118,4,True,0.6917499899864197,1,0,0,-1,0,0.0,0.0,0.0,0,0,nan,nan,nan,73,26.100000381469727,0.0,38.0,0,29,-,SELECT OWNER FIRST,
2026-07-18T15:09:52.863,711.863,mission_20260718_145801_manual,MANUAL,,0,13.330321311950684,100.99787902832031,150.00379492911964,4,True,0.6917499899864197,1,0,0,-1,0,0.0,0.0,0.0,0,0,nan,nan,nan,73,26.100000381469727,0.0,38.0,0,29,-,SELECT OWNER FIRST,
2026-07-18T15:09:54.918,713.918,mission_20260718_145801_manual,MANUAL,,0,13.330321311950684,100.99787902832031,149.9996831552393,4,True,0.6882500052452087,1,0,0,-1,0,0.0,0.0,0.0,0,0,nan,nan,nan,73,26.100000381469727,0.0,38.0,0,29,-,SELECT OWNER FIRST,
2026-07-18T15:09:56.954,715.954,mission_20260718_145801_manual,MANUAL,,0,13.330321311950684,100.99787902832031,150.00128141950506,4,True,0.690750002861023,1,0,0,-1,0,0.0,0.0,0.0,0,0,nan,nan,nan,73,26.100000381469727,0.0,38.0,0,29,-,SELECT OWNER FIRST,
2026-07-18T15:09:58.989,717.99,mission_20260718_145801_manual,MANUAL,,0,13.330322265625,100.99787902832031,150.00242889128563,4,True,0.6912500262260437,1,0,0,-1,0,0.0,0.0,0.0,0,0,nan,nan,nan,73,26.100000381469727,0.0,38.0,0,29,-,SELECT OWNER FIRST,
2026-07-18T15:10:01.036,720.036,mission_20260718_145801_manual,MANUAL,,0,13.330323219299316,100.99787902832031,150.0018688157737,4,True,0.6894999742507935,1,0,0,-1,0,0.0,0.0,0.0,0,0,nan,nan,nan,73,26.100000381469727,0.0,38.0,0,29,-,SELECT OWNER FIRST,
2026-07-18T15:10:03.045,722.045,mission_20260718_145801_manual,MANUAL,,0,13.330323219299316,100.99787902832031,150.00212836296214,4,True,0.690750002861023,1,0,0,-1,0,0.0,0.0,0.0,0,0,nan,nan,nan,73,26.100000381469727,0.0,38.0,0,29,-,SELECT OWNER FIRST,
2026-07-18T15:10:05.069,724.069,mission_20260718_145801_manual,MANUAL,,0,13.330324172973633,100.99788665771484,150.0111578730449,4,True,0.6909999847412109,1,0,0,-1,0,0.0,0.0,0.0,0,0,nan,nan,nan,73,26.100000381469727,0.0,38.0,0,29,-,SELECT OWNER FIRST,
2026-07-18T15:10:07.098,726.098,mission_20260718_145801_manual,MANUAL,,0,13.33032512664795,100.99788665771484,150.01757825086472,4,True,0.6919999718666077,1,0,0,-1,0,0.0,0.0,0.0,0,0,nan,nan,nan,73,26.100000381469727,0.0,38.0,0,29,-,SELECT OWNER FIRST,
2026-07-18T15:10:09.126,728.127,mission_20260718_145801_manual,MANUAL,,0,13.33032512664795,100.99788665771484,150.01832957167343,4,True,0.690500020980835,1,0,0,-1,0,0.0,0.0,0.0,0,0,nan,nan,nan,73,26.100000381469727,0.0,38.0,0,29,-,SELECT OWNER FIRST,
2026-07-18T15:10:11.162,730.162,mission_20260718_145801_manual,MANUAL,,0,13.33032512664795,100.99788665771484,150.0302687423426,4,True,0.6915000081062317,1,0,0,-1,0,0.0,0.0,0.0,0,0,nan,nan,nan,73,26.100000381469727,0.0,38.0,0,29,-,SELECT OWNER FIRST,
2026-07-18T15:10:13.188,732.188,mission_20260718_145801_manual,MANUAL,,0,13.330326080322266,100.99788665771484,150.0300638366675,4,True,0.6897500157356262,1,0,0,-1,0,0.0,0.0,0.0,0,0,nan,nan,nan,73,26.100000381469727,0.0,38.0,0,29,-,SELECT OWNER FIRST,
2026-07-18T15:10:15.222,734.223,mission_20260718_145801_manual,MANUAL,,0,13.330326080322266,100.99788665771484,150.03621100692052,4,True,0.6897500157356262,1,0,0,-1,0,0.0,0.0,0.0,0,0,nan,nan,nan,73,26.100000381469727,0.0,38.0,0,28,-,SELECT OWNER FIRST,
2026-07-18T15:10:17.247,736.248,mission_20260718_145801_manual,MANUAL,,0,13.330326080322266,100.99788665771484,150.03653885600067,4,True,0.6912500262260437,1,0,0,-1,0,0.0,0.0,0.0,0,0,nan,nan,nan,73,26.100000381469727,0.0,38.0,0,28,-,SELECT OWNER FIRST,
2026-07-18T15:10:19.295,738.296,mission_20260718_145801_manual,MANUAL,,0,13.330326080322266,100.99788665771484,150.02645749678572,4,True,0.6915000081062317,1,0,0,-1,0,0.0,0.0,0.0,0,0,nan,nan,nan,73,26.100000381469727,0.0,38.0,0,27,-,SELECT OWNER FIRST,
2026-07-18T15:10:21.329,740.33,mission_20260718_145801_manual,MANUAL,,0,13.330326080322266,100.99788665771484,150.02417621360294,4,True,0.6890000104904175,1,0,0,-1,0,0.0,0.0,0.0,0,0,nan,nan,nan,73,26.100000381469727,0.0,38.0,0,27,-,SELECT OWNER FIRST,
2026-07-18T15:10:23.351,742.351,mission_20260718_145801_manual,MANUAL,,0,13.330326080322266,100.99788665771484,150.0270585534327,4,True,0.6897500157356262,1,0,0,-1,0,0.0,0.0,0.0,0,0,nan,nan,nan,73,26.100000381469727,0.0,38.0,0,27,-,SELECT OWNER FIRST,
2026-07-18T15:10:25.389,744.389,mission_20260718_145801_manual,MANUAL,,0,13.330327033996582,100.99788665771484,150.02444942116975,4,True,0.6902499794960022,1,0,0,-1,0,0.0,0.0,0.0,0,0,nan,nan,nan,73,26.100000381469727,0.0,38.0,0,27,-,SELECT OWNER FIRST,
2026-07-18T15:10:27.430,746.431,mission_20260718_145801_manual,MANUAL,,0,13.330327033996582,100.99789428710938,150.02119825112482,4,True,0.690750002861023,1,0,0,-1,0,0.0,0.0,0.0,0,0,nan,nan,nan,73,26.100000381469727,0.0,38.0,0,27,-,SELECT OWNER FIRST,
2026-07-18T15:10:29.462,748.462,mission_20260718_145801_manual,MANUAL,,0,13.330327987670898,100.99789428710938,150.02812406294322,4,True,0.6912500262260437,1,0,0,-1,0,0.0,0.0,0.0,0,0,nan,nan,nan,73,26.100000381469727,0.0,38.0,0,29,-,SELECT OWNER FIRST,
2026-07-18T15:10:31.506,750.507,mission_20260718_145801_manual,MANUAL,,0,13.330328941345215,100.99789428710938,150.02270089274222,4,True,0.6899999976158142,1,0,0,-1,0,0.0,0.0,0.0,0,0,nan,nan,nan,73,26.100000381469727,0.0,38.0,0,29,-,SELECT OWNER FIRST,
2026-07-18T15:10:33.546,752.546,mission_20260718_145801_manual,MANUAL,,0,13.330329895019531,100.99789428710938,150.01796074145824,4,True,0.690500020980835,1,0,0,-1,0,0.0,0.0,0.0,0,0,nan,nan,nan,73,26.100000381469727,0.0,38.0,0,29,-,SELECT OWNER FIRST,
2026-07-18T15:10:35.582,754.582,mission_20260718_145801_manual,MANUAL,,0,13.330330848693848,100.99789428710938,150.0248728928983,4,True,0.690750002861023,1,0,0,-1,0,0.0,0.0,0.0,0,0,nan,nan,nan,73,26.100000381469727,0.0,38.0,0,29,-,SELECT OWNER FIRST,
2026-07-18T15:10:37.630,756.631,mission_20260718_145801_manual,MANUAL,,0,13.330331802368164,100.99789428710938,150.04574595100186,4,True,0.6912500262260437,1,0,0,-1,0,0.0,0.0,0.0,0,0,nan,nan,nan,73,26.100000381469727,0.0,38.0,0,29,-,SELECT OWNER FIRST,
2026-07-18T15:10:39.643,758.644,mission_20260718_145801_manual,MANUAL,,0,13.33033275604248,100.99789428710938,150.0457322906235,4,True,0.6915000081062317,1,0,0,-1,0,0.0,0.0,0.0,0,0,nan,nan,nan,73,26.100000381469727,0.0,38.0,0,29,-,SELECT OWNER FIRST,
2026-07-18T15:10:41.678,760.678,mission_20260718_145801_manual,MANUAL,,0,13.330333709716797,100.99789428710938,150.05151063066134,4,True,0.6927499771118164,1,0,0,-1,0,0.0,0.0,0.0,0,0,nan,nan,nan,73,26.100000381469727,0.0,38.0,0,29,-,SELECT OWNER FIRST,
2026-07-18T15:10:43.737,762.737,mission_20260718_145801_manual,MANUAL,,0,13.330334663391113,100.99789428710938,150.05392851762753,4,True,0.6899999976158142,1,0,0,-1,0,0.0,0.0,0.0,0,0,nan,nan,nan,73,26.100000381469727,0.0,38.0,0,29,-,SELECT OWNER FIRST,
2026-07-18T15:10:45.764,764.765,mission_20260718_145801_manual,MANUAL,,0,13.33033561706543,100.99789428710938,150.04804089456297,4,True,0.6892499923706055,1,0,0,-1,0,0.0,0.0,0.0,0,0,nan,nan,nan,73,26.100000381469727,0.0,38.0,0,29,-,SELECT OWNER FIRST,
2026-07-18T15:10:47.794,766.794,mission_20260718_145801_manual,MANUAL,,0,13.33033561706543,100.99789428710938,150.04458481884296,4,True,0.6912500262260437,1,0,0,-1,0,0.0,0.0,0.0,0,0,nan,nan,nan,73,26.100000381469727,0.0,38.0,0,29,-,SELECT OWNER FIRST,
2026-07-18T15:10:49.814,768.815,mission_20260718_145801_manual,MANUAL,,0,13.330336570739746,100.99789428710938,150.0496528192071,4,True,0.6880000233650208,1,0,0,-1,0,0.0,0.0,0.0,0,0,nan,nan,nan,73,26.100000381469727,0.0,38.0,0,29,-,SELECT OWNER FIRST,
2026-07-18T15:10:51.871,770.871,mission_20260718_145801_manual,MANUAL,,0,13.330336570739746,100.99789428710938,150.04655191332392,4,True,0.6892499923706055,1,0,0,-1,0,0.0,0.0,0.0,0,0,nan,nan,nan,73,26.100000381469727,0.0,38.0,0,29,-,SELECT OWNER FIRST,
2026-07-18T15:10:53.903,772.903,mission_20260718_145801_manual,MANUAL,,0,13.330337524414062,100.99789428710938,150.0463743284055,4,True,0.6919999718666077,1,0,0,-1,0,0.0,0.0,0.0,0,0,nan,nan,nan,73,26.100000381469727,0.0,38.0,0,29,-,SELECT OWNER FIRST,
2026-07-18T15:10:55.924,774.925,mission_20260718_145801_manual,MANUAL,,0,13.330337524414062,100.99789428710938,150.05439297049108,4,True,0.6899999976158142,1,0,0,-1,0,0.0,0.0,0.0,0,0,nan,nan,nan,73,26.100000381469727,0.0,38.0,0,30,-,SELECT OWNER FIRST,
2026-07-18T15:10:57.950,776.95,mission_20260718_145801_manual,MANUAL,,0,13.330338478088379,100.99789428710938,150.04968013996378,4,True,0.6902499794960022,1,0,0,-1,0,0.0,0.0,0.0,0,0,nan,nan,nan,73,26.100000381469727,0.0,38.0,0,30,-,SELECT OWNER FIRST,
2026-07-18T15:10:59.978,778.978,mission_20260718_145801_manual,MANUAL,,0,13.330338478088379,100.99789428710938,150.05974783880038,4,True,0.6902499794960022,1,0,0,-1,0,0.0,0.0,0.0,0,0,nan,nan,nan,73,26.100000381469727,0.0,38.0,0,30,-,SELECT OWNER FIRST,
2026-07-18T15:11:02.026,781.027,mission_20260718_145801_manual,MANUAL,,0,13.330339431762695,100.99789428710938,150.06334051830382,4,True,0.6912500262260437,1,0,0,-1,0,0.0,0.0,0.0,0,0,nan,nan,nan,73,26.100000381469727,0.0,38.0,0,30,-,SELECT OWNER FIRST,
2026-07-18T15:11:04.044,783.045,mission_20260718_145801_manual,MANUAL,,0,13.330340385437012,100.99789428710938,150.05559508378502,4,True,0.6894999742507935,1,0,0,-1,0,0.0,0.0,0.0,0,0,nan,nan,nan,73,26.100000381469727,0.0,38.0,0,30,-,SELECT OWNER FIRST,
2026-07-18T15:11:06.076,785.077,mission_20260718_145801_manual,MANUAL,,0,13.330340385437012,100.99789428710938,150.06209742387486,4,True,0.690500020980835,1,0,0,-1,0,0.0,0.0,0.0,0,0,nan,nan,nan,73,26.100000381469727,0.0,38.0,0,30,-,SELECT OWNER FIRST,
2026-07-18T15:11:08.121,787.121,mission_20260718_145801_manual,MANUAL,,0,13.330341339111328,100.99789428710938,150.0662774996469,4,True,0.6892499923706055,1,0,0,-1,0,0.0,0.0,0.0,0,0,nan,nan,nan,73,26.100000381469727,0.0,38.0,0,30,-,SELECT OWNER FIRST,
2026-07-18T15:11:10.167,789.167,mission_20260718_145801_manual,MANUAL,,0,13.330341339111328,100.99789428710938,150.0679850469394,4,True,0.6897500157356262,1,0,0,-1,0,0.0,0.0,0.0,0,0,nan,nan,nan,73,26.100000381469727,0.0,38.0,0,30,-,SELECT OWNER FIRST,
2026-07-18T15:11:12.205,791.206,mission_20260718_145801_manual,MANUAL,,0,13.330342292785645,100.99789428710938,150.05168821557976,4,True,0.6899999976158142,1,0,0,-1,0,0.0,0.0,0.0,0,0,nan,nan,nan,73,26.100000381469727,0.0,38.0,0,29,-,SELECT OWNER FIRST,
2026-07-18T15:11:14.237,793.237,mission_20260718_145801_manual,MANUAL,,0,13.330343246459961,100.99789428710938,150.0463060265138,4,True,0.690500020980835,1,0,0,-1,0,0.0,0.0,0.0,0,0,nan,nan,nan,73,26.100000381469727,0.0,38.0,0,30,-,SELECT OWNER FIRST,
2026-07-18T15:11:16.288,795.288,mission_20260718_145801_manual,MANUAL,,0,13.330344200134277,100.99789428710938,150.0404457242059,4,True,0.6909999847412109,1,0,0,-1,0,0.0,0.0,0.0,0,0,nan,nan,nan,73,26.100000381469727,0.0,38.0,0,30,-,SELECT OWNER FIRST,
2026-07-18T15:11:18.330,797.33,mission_20260718_145801_manual,MANUAL,,0,13.330345153808594,100.99789428710938,150.03203093114846,4,True,0.6894999742507935,1,0,0,-1,0,0.0,0.0,0.0,0,0,nan,nan,nan,73,26.100000381469727,0.0,38.0,0,30,-,SELECT OWNER FIRST,
2026-07-18T15:11:20.364,799.364,mission_20260718_145801_manual,MANUAL,,0,13.330345153808594,100.99789428710938,150.0383830070766,4,True,0.6917499899864197,1,0,0,-1,0,0.0,0.0,0.0,0,0,nan,nan,nan,73,26.100000381469727,0.0,38.0,0,30,-,SELECT OWNER FIRST,
2026-07-18T15:11:22.392,801.392,mission_20260718_145801_manual,MANUAL,,0,13.330345153808594,100.99789428710938,150.04017251663913,4,True,0.6899999976158142,1,0,0,-1,0,0.0,0.0,0.0,0,0,nan,nan,nan,73,26.100000381469727,0.0,38.0,0,30,-,SELECT OWNER FIRST,
2026-07-18T15:11:24.404,803.405,mission_20260718_145801_manual,MANUAL,,0,13.330345153808594,100.99789428710938,150.02622527035396,4,True,0.6917499899864197,1,0,0,-1,0,0.0,0.0,0.0,0,0,nan,nan,nan,73,26.100000381469727,0.0,38.0,0,30,-,SELECT OWNER FIRST,
2026-07-18T15:11:26.448,805.449,mission_20260718_145801_manual,MANUAL,,0,13.330345153808594,100.99788665771484,150.02417621360294,4,True,0.6884999871253967,1,0,0,-1,0,0.0,0.0,0.0,0,0,nan,nan,nan,73,26.100000381469727,0.0,38.0,0,29,-,SELECT OWNER FIRST,
2026-07-18T15:11:28.473,807.474,mission_20260718_145801_manual,MANUAL,,0,13.330345153808594,100.99788665771484,150.01684059043436,4,True,0.6897500157356262,1,0,0,-1,0,0.0,0.0,0.0,0,0,nan,nan,nan,73,26.100000381469727,0.0,38.0,0,30,-,SELECT OWNER FIRST,
2026-07-18T15:11:30.497,809.498,mission_20260718_145801_manual,MANUAL,,0,13.330344200134277,100.99788665771484,150.01662202438092,4,True,0.6922500133514404,1,0,0,-1,0,0.0,0.0,0.0,0,0,nan,nan,nan,73,26.100000381469727,0.0,38.0,0,30,-,SELECT OWNER FIRST,
2026-07-18T15:11:32.531,811.531,mission_20260718_145801_manual,MANUAL,,0,13.330344200134277,100.99789428710938,150.01532428843862,4,True,0.6899999976158142,1,0,0,-1,0,0.0,0.0,0.0,0,0,nan,nan,nan,73,26.100000381469727,0.0,38.0,0,29,-,SELECT OWNER FIRST,
2026-07-18T15:11:34.577,813.578,mission_20260718_145801_manual,MANUAL,,0,13.330345153808594,100.99789428710938,150.0101606654261,4,True,0.690750002861023,1,0,0,-1,0,0.0,0.0,0.0,0,0,nan,nan,nan,73,26.100000381469727,0.0,38.0,0,29,-,SELECT OWNER FIRST,
2026-07-18T15:11:36.604,815.604,mission_20260718_145801_manual,MANUAL,,0,13.330345153808594,100.99789428710938,150.00779741997326,4,True,0.6915000081062317,1,0,0,-1,0,0.0,0.0,0.0,0,0,nan,nan,nan,73,26.100000381469727,0.0,38.0,0,29,-,SELECT OWNER FIRST,
2026-07-18T15:11:38.630,817.63,mission_20260718_145801_manual,MANUAL,,0,13.330345153808594,100.99789428710938,150.00639040100424,4,True,0.6909999847412109,1,0,0,-1,0,0.0,0.0,0.0,0,0,nan,nan,nan,73,26.100000381469727,0.0,38.0,0,29,-,SELECT OWNER FIRST,
2026-07-18T15:11:40.637,819.638,mission_20260718_145801_manual,MANUAL,,0,13.330345153808594,100.99789428710938,150.00904051440222,4,True,0.6897500157356262,1,0,0,-1,0,0.0,0.0,0.0,0,0,nan,nan,nan,73,26.100000381469727,0.0,38.0,0,29,-,SELECT OWNER FIRST,
2026-07-18T15:11:42.670,821.67,mission_20260718_145801_manual,MANUAL,,0,13.330345153808594,100.99789428710938,150.01465492989996,4,True,0.690500020980835,1,0,0,-1,0,0.0,0.0,0.0,0,0,nan,nan,nan,73,26.100000381469727,0.0,38.0,0,29,-,SELECT OWNER FIRST,
2026-07-18T15:11:44.692,823.692,mission_20260718_145801_manual,MANUAL,,0,13.330345153808594,100.99789428710938,150.0151057223852,4,True,0.690500020980835,1,0,0,-1,0,0.0,0.0,0.0,0,0,nan,nan,nan,73,26.100000381469727,0.0,38.0,0,29,-,SELECT OWNER FIRST,
2026-07-18T15:11:46.718,825.718,mission_20260718_145801_manual,MANUAL,,0,13.330344200134277,100.99789428710938,150.0184251943218,4,True,0.6909999847412109,1,0,0,-1,0,0.0,0.0,0.0,0,0,nan,nan,nan,73,26.100000381469727,0.0,38.0,0,29,-,SELECT OWNER FIRST,
2026-07-18T15:11:48.760,827.761,mission_20260718_145801_manual,MANUAL,,0,13.330343246459961,100.99789428710938,150.0151740242769,4,True,0.6884999871253967,1,0,0,-1,0,0.0,0.0,0.0,0,0,nan,nan,nan,73,26.100000381469727,0.0,38.0,0,28,-,SELECT OWNER FIRST,
2026-07-18T15:11:50.784,829.784,mission_20260718_145801_manual,MANUAL,,0,13.330343246459961,100.99789428710938,150.0055297971688,4,True,0.6902499794960022,1,0,0,-1,0,0.0,0.0,0.0,0,0,nan,nan,nan,73,26.100000381469727,0.0,38.0,0,30,-,SELECT OWNER FIRST,
2026-07-18T15:11:52.821,831.821,mission_20260718_145801_manual,MANUAL,,0,13.330343246459961,100.99789428710938,150.00315289133766,4,True,0.6915000081062317,1,0,0,-1,0,0.0,0.0,0.0,0,0,nan,nan,nan,73,26.100000381469727,0.0,38.0,0,29,-,SELECT OWNER FIRST,
2026-07-18T15:11:54.837,833.838,mission_20260718_145801_manual,MANUAL,,0,13.330342292785645,100.99789428710938,150.00802964640505,4,True,0.690750002861023,1,0,0,-1,0,0.0,0.0,0.0,0,0,nan,nan,nan,73,26.100000381469727,0.0,38.0,0,29,-,SELECT OWNER FIRST,
2026-07-18T15:11:56.867,835.868,mission_20260718_145801_manual,MANUAL,,0,13.330342292785645,100.99789428710938,150.0080159860267,4,True,0.6897500157356262,1,0,0,-1,0,0.0,0.0,0.0,0,0,nan,nan,nan,73,26.100000381469727,0.0,38.0,0,29,-,SELECT OWNER FIRST,
2026-07-18T15:11:58.894,837.895,mission_20260718_145801_manual,MANUAL,,0,13.330342292785645,100.99789428710938,149.9969920607063,4,True,0.6912500262260437,1,0,0,-1,0,0.0,0.0,0.0,0,0,nan,nan,nan,73,26.100000381469727,0.0,38.0,0,30,-,SELECT OWNER FIRST,
2026-07-18T15:12:00.947,839.948,mission_20260718_145801_manual,MANUAL,,0,13.330342292785645,100.99789428710938,150.00166391009859,4,True,0.6919999718666077,1,0,0,-1,0,0.0,0.0,0.0,0,0,nan,nan,nan,73,26.100000381469727,0.0,38.0,0,30,-,SELECT OWNER FIRST,
2026-07-18T15:12:03.002,842.002,mission_20260718_145801_manual,MANUAL,,0,13.330342292785645,100.99789428710938,150.00093991004658,4,True,0.6892499923706055,1,0,0,-1,0,0.0,0.0,0.0,0,0,nan,nan,nan,73,26.100000381469727,0.0,38.0,0,30,-,SELECT OWNER FIRST,
2026-07-18T15:12:05.017,844.017,mission_20260718_145801_manual,MANUAL,,0,13.330341339111328,100.99789428710938,150.00880828797042,4,True,0.6909999847412109,1,0,0,-1,0,0.0,0.0,0.0,0,0,nan,nan,nan,73,26.100000381469727,0.0,38.0,0,30,-,SELECT OWNER FIRST,
2026-07-18T15:12:07.060,846.06,mission_20260718_145801_manual,MANUAL,,0,13.330341339111328,100.99789428710938,150.0164444394625,4,True,0.6882500052452087,1,0,0,-1,0,0.0,0.0,0.0,0,0,nan,nan,nan,73,26.100000381469727,0.0,38.0,0,30,-,SELECT OWNER FIRST,
2026-07-18T15:12:09.090,848.091,mission_20260718_145801_manual,MANUAL,,0,13.330341339111328,100.99789428710938,150.0163761375708,4,True,0.6915000081062317,1,0,0,-1,0,0.0,0.0,0.0,0,0,nan,nan,nan,73,26.100000381469727,0.0,38.0,0,30,-,SELECT OWNER FIRST,
2026-07-18T15:12:11.122,850.123,mission_20260718_145801_manual,MANUAL,,0,13.330340385437012,100.99789428710938,150.01349379774106,4,True,0.690500020980835,1,0,0,-1,0,0.0,0.0,0.0,0,0,nan,nan,nan,73,26.100000381469727,0.0,38.0,0,30,-,SELECT OWNER FIRST,
2026-07-18T15:12:13.170,852.17,mission_20260718_145801_manual,MANUAL,,0,13.330339431762695,100.99789428710938,150.01543357146534,4,True,0.6887500286102295,1,0,0,-1,0,0.0,0.0,0.0,0,0,nan,nan,nan,73,26.100000381469727,0.0,38.0,0,30,-,SELECT OWNER FIRST,
2026-07-18T15:12:15.215,854.216,mission_20260718_145801_manual,MANUAL,,0,13.330338478088379,100.99789428710938,150.01606194886898,4,True,0.6934999823570251,1,0,0,-1,0,0.0,0.0,0.0,0,0,nan,nan,nan,73,26.100000381469727,0.0,38.0,0,30,-,SELECT OWNER FIRST,
2026-07-18T15:12:17.260,856.26,mission_20260718_145801_manual,MANUAL,,0,13.330339431762695,100.99789428710938,150.01998247745257,4,True,0.690750002861023,1,0,0,-1,0,0.0,0.0,0.0,0,0,nan,nan,nan,73,26.100000381469727,0.0,38.0,0,30,-,SELECT OWNER FIRST,
2026-07-18T15:12:19.293,858.293,mission_20260718_145801_manual,MANUAL,,0,13.330339431762695,100.99789428710938,150.0063767406259,4,True,0.6919999718666077,1,0,0,-1,0,0.0,0.0,0.0,0,0,nan,nan,nan,73,26.100000381469727,0.0,38.0,0,29,-,SELECT OWNER FIRST,
2026-07-18T15:12:21.309,860.309,mission_20260718_145801_manual,MANUAL,,0,13.330337524414062,100.99789428710938,150.01166330704348,4,True,0.6897500157356262,1,0,0,-1,0,0.0,0.0,0.0,0,0,nan,nan,nan,73,26.100000381469727,0.0,37.0,0,30,-,SELECT OWNER FIRST,
2026-07-18T15:12:23.342,862.342,mission_20260718_145801_manual,MANUAL,,0,13.33033561706543,100.99788665771484,150.0110895711532,4,True,0.6919999718666077,1,0,0,-1,0,0.0,0.0,0.0,0,0,nan,nan,nan,73,26.100000381469727,0.0,38.0,0,30,-,SELECT OWNER FIRST,
2026-07-18T15:12:25.385,864.386,mission_20260718_145801_manual,MANUAL,,0,13.330333709716797,100.99788665771484,150.0059669292757,4,True,0.6887500286102295,1,0,0,-1,0,0.0,0.0,0.0,0,0,nan,nan,nan,73,26.100000381469727,0.0,38.0,0,30,-,SELECT OWNER FIRST,
2026-07-18T15:12:27.420,866.42,mission_20260718_145801_manual,MANUAL,,0,13.330330848693848,100.99788665771484,150.0046008914417,4,True,0.690500020980835,1,0,0,-1,0,0.0,0.0,0.0,0,0,nan,nan,nan,73,26.100000381469727,0.0,37.0,0,30,-,SELECT OWNER FIRST,
2026-07-18T15:12:29.455,868.455,mission_20260718_145801_manual,MANUAL,,0,13.330328941345215,100.99788665771484,150.00298896679757,4,True,0.6892499923706055,1,0,0,-1,0,0.0,0.0,0.0,0,0,nan,nan,nan,73,26.100000381469727,0.0,38.0,0,30,-,SELECT OWNER FIRST,
2026-07-18T15:12:31.460,870.461,mission_20260718_145801_manual,MANUAL,,0,13.330327033996582,100.99788665771484,149.98204760680233,4,True,0.6912500262260437,1,0,0,-1,0,0.0,0.0,0.0,0,0,nan,nan,nan,73,26.100000381469727,0.0,37.0,0,30,-,SELECT OWNER FIRST,
2026-07-18T15:12:33.505,872.505,mission_20260718_145801_manual,MANUAL,,0,13.33032512664795,100.99788665771484,149.9735781722315,4,True,0.6897500157356262,1,0,0,-1,0,0.0,0.0,0.0,0,0,nan,nan,nan,73,26.100000381469727,0.0,37.0,0,30,-,SELECT OWNER FIRST,
2026-07-18T15:12:35.531,874.532,mission_20260718_145801_manual,MANUAL,,0,13.330324172973633,100.99787902832031,149.97687032341145,4,True,0.690750002861023,1,0,0,-1,0,0.0,0.0,0.0,0,0,nan,nan,nan,73,26.100000381469727,0.0,37.0,0,30,-,SELECT OWNER FIRST,
2026-07-18T15:12:37.560,876.56,mission_20260718_145801_manual,MANUAL,,0,13.330323219299316,100.99787902832031,149.98226617285576,4,True,0.690750002861023,1,0,0,-1,0,0.0,0.0,0.0,0,0,nan,nan,nan,73,26.100000381469727,0.0,37.0,0,30,-,SELECT OWNER FIRST,
2026-07-18T15:12:39.595,878.596,mission_20260718_145801_manual,MANUAL,,0,13.330322265625,100.99787902832031,149.98042202177984,4,True,0.6927499771118164,1,0,0,-1,0,0.0,0.0,0.0,0,0,nan,nan,nan,73,26.100000381469727,0.0,37.0,0,30,-,SELECT OWNER FIRST,
2026-07-18T15:12:41.624,880.624,mission_20260718_145801_manual,MANUAL,,0,13.330321311950684,100.99787902832031,149.98895975824237,4,True,0.6927499771118164,1,0,0,-1,0,0.0,0.0,0.0,0,0,nan,nan,nan,73,26.100000381469727,0.0,37.0,0,30,-,SELECT OWNER FIRST,
2026-07-18T15:12:43.655,882.656,mission_20260718_145801_manual,MANUAL,,0,13.33031940460205,100.99787902832031,149.98294919177275,4,True,0.6919999718666077,1,0,0,-1,0,0.0,0.0,0.0,0,0,nan,nan,nan,73,26.100000381469727,0.0,37.0,0,27,-,SELECT OWNER FIRST,
2026-07-18T15:12:45.696,884.696,mission_20260718_145801_manual,MANUAL,,0,13.330318450927734,100.99787902832031,149.96728073781674,4,True,0.690500020980835,1,0,0,-1,0,0.0,0.0,0.0,0,0,nan,nan,nan,73,26.100000381469727,0.0,37.0,0,27,-,SELECT OWNER FIRST,
2026-07-18T15:12:47.726,886.727,mission_20260718_145801_manual,MANUAL,,0,13.330317497253418,100.99787902832031,149.97319568163797,4,True,0.690750002861023,1,0,0,-1,0,0.0,0.0,0.0,0,0,nan,nan,nan,73,26.100000381469727,0.0,37.0,0,27,-,SELECT OWNER FIRST,
2026-07-18T15:12:49.773,888.773,mission_20260718_145801_manual,MANUAL,,0,13.330317497253418,100.99787902832031,149.97435681379687,4,True,0.6894999742507935,1,0,0,-1,0,0.0,0.0,0.0,0,0,nan,nan,nan,73,26.100000381469727,0.0,37.0,0,28,-,SELECT OWNER FIRST,
2026-07-18T15:12:51.790,890.791,mission_20260718_145801_manual,MANUAL,,0,13.330316543579102,100.99787902832031,149.9634694922599,4,True,0.6924999952316284,1,0,0,-1,0,0.0,0.0,0.0,0,0,nan,nan,nan,73,26.100000381469727,0.0,37.0,0,28,-,SELECT OWNER FIRST,
2026-07-18T15:12:53.824,892.824,mission_20260718_145801_manual,MANUAL,,0,13.330315589904785,100.99787902832031,149.9594123598929,4,True,0.6909999847412109,1,0,0,-1,0,0.0,0.0,0.0,0,0,nan,nan,nan,73,26.100000381469727,0.0,37.0,0,27,-,SELECT OWNER FIRST,
2026-07-18T15:12:55.850,894.851,mission_20260718_145801_manual,MANUAL,,0,13.330313682556152,100.99787902832031,149.9527324348846,4,True,0.6915000081062317,1,0,0,-1,0,0.0,0.0,0.0,0,0,nan,nan,nan,73,26.100000381469727,0.0,37.0,0,27,-,SELECT OWNER FIRST,
2026-07-18T15:12:57.881,896.881,mission_20260718_145801_manual,MANUAL,,0,13.33031177520752,100.99787902832031,149.94329311345166,4,True,0.6902499794960022,1,0,0,-1,0,0.0,0.0,0.0,0,0,nan,nan,nan,73,26.100000381469727,0.0,37.0,0,28,-,SELECT OWNER FIRST,
2026-07-18T15:12:59.930,898.93,mission_20260718_145801_manual,MANUAL,,0,13.330309867858887,100.99787902832031,149.94773273641218,4,True,0.6927499771118164,1,0,0,-1,0,0.0,0.0,0.0,0,0,nan,nan,nan,73,26.100000381469727,0.0,37.0,0,27,-,SELECT OWNER FIRST,
2026-07-18T15:13:01.967,900.967,mission_20260718_145801_manual,MANUAL,,0,13.33030891418457,100.99787902832031,149.960942322267,4,True,0.6892499923706055,1,0,0,-1,0,0.0,0.0,0.0,0,0,nan,nan,nan,73,26.100000381469727,0.0,37.0,0,28,-,SELECT OWNER FIRST,
2026-07-18T15:13:04.011,903.011,mission_20260718_145801_manual,MANUAL,,0,13.330307960510254,100.99787902832031,149.95957628443298,4,True,0.6869999766349792,1,0,0,-1,0,0.0,0.0,0.0,0,0,nan,nan,nan,73,26.100000381469727,0.0,37.0,0,28,-,SELECT OWNER FIRST,
2026-07-18T15:13:06.040,905.04,mission_20260718_145801_manual,MANUAL,,0,13.330306053161621,100.99787902832031,149.96472624706718,4,True,0.6892499923706055,1,0,0,-1,0,0.0,0.0,0.0,0,0,nan,nan,nan,73,26.100000381469727,0.0,37.0,0,28,-,SELECT OWNER FIRST,
2026-07-18T15:13:08.072,907.072,mission_20260718_145801_manual,MANUAL,,0,13.330305099487305,100.99787902832031,149.9633055677198,4,True,0.6882500052452087,1,0,0,-1,0,0.0,0.0,0.0,0,0,nan,nan,nan,73,26.100000381469727,0.0,37.0,0,29,-,SELECT OWNER FIRST,
2026-07-18T15:13:10.094,909.095,mission_20260718_145801_manual,MANUAL,,0,13.330304145812988,100.99787902832031,149.9632782469631,4,True,0.6884999871253967,1,0,0,-1,0,0.0,0.0,0.0,0,0,nan,nan,nan,73,26.100000381469727,0.0,37.0,0,29,-,SELECT OWNER FIRST,
2026-07-18T15:13:12.114,911.115,mission_20260718_145801_manual,MANUAL,,0,13.330303192138672,100.99787902832031,149.95229530277774,4,True,0.6897500157356262,1,0,0,-1,0,0.0,0.0,0.0,0,0,nan,nan,nan,73,26.100000381469727,0.0,37.0,0,29,-,SELECT OWNER FIRST,
2026-07-18T15:13:14.150,913.151,mission_20260718_145801_manual,MANUAL,,0,13.330302238464355,100.99787902832031,149.95484979352733,4,True,0.6899999976158142,1,0,0,-1,0,0.0,0.0,0.0,0,0,nan,nan,nan,73,26.100000381469727,0.0,37.0,0,29,-,SELECT OWNER FIRST,
2026-07-18T15:13:16.180,915.18,mission_20260718_145801_manual,MANUAL,,0,13.330300331115723,100.99787902832031,149.95401651044858,4,True,0.6902499794960022,1,0,0,-1,0,0.0,0.0,0.0,0,0,nan,nan,nan,73,26.100000381469727,0.0,37.0,0,28,-,SELECT OWNER FIRST,
2026-07-18T15:13:18.220,917.22,mission_20260718_145801_manual,MANUAL,,0,13.33029842376709,100.99787902832031,149.96244496388437,4,True,0.6894999742507935,1,0,0,-1,0,0.0,0.0,0.0,0,0,nan,nan,nan,73,26.100000381469727,0.0,37.0,0,29,-,SELECT OWNER FIRST,
2026-07-18T15:13:20.259,919.26,mission_20260718_145801_manual,MANUAL,,0,13.330296516418457,100.99787902832031,149.9673627000868,4,True,0.6899999976158142,1,0,0,-1,0,0.0,0.0,0.0,0,0,nan,nan,nan,73,26.100000381469727,0.0,37.0,0,29,-,SELECT OWNER FIRST,
2026-07-18T15:13:22.298,921.299,mission_20260718_145801_manual,MANUAL,,0,13.33029556274414,100.99787902832031,149.96251326577607,4,True,0.6892499923706055,1,0,0,-1,0,0.0,0.0,0.0,0,0,nan,nan,nan,73,26.100000381469727,0.0,37.0,0,29,-,SELECT OWNER FIRST,
2026-07-18T15:13:24.332,923.332,mission_20260718_145801_manual,MANUAL,,0,13.330294609069824,100.99788665771484,149.96015002032325,4,True,0.6875,1,0,0,-1,0,0.0,0.0,0.0,0,0,nan,nan,nan,73,26.100000381469727,0.0,37.0,0,28,-,SELECT OWNER FIRST,
2026-07-18T15:13:26.367,925.368,mission_20260718_145801_manual,MANUAL,,0,13.330293655395508,100.99788665771484,149.94240518885957,4,True,0.6887500286102295,1,0,0,-1,0,0.0,0.0,0.0,0,0,nan,nan,nan,73,26.100000381469727,0.0,37.0,0,27,-,SELECT OWNER FIRST,
2026-07-18T15:13:28.399,927.4,mission_20260718_145801_manual,MANUAL,,0,13.330290794372559,100.99788665771484,149.924305187559,4,True,0.6852499842643738,1,0,0,-1,0,0.0,0.0,0.0,0,0,nan,nan,nan,73,26.100000381469727,0.0,37.0,0,28,-,SELECT OWNER FIRST,
2026-07-18T15:13:30.432,929.432,mission_20260718_145801_manual,MANUAL,,0,13.330288887023926,100.99788665771484,149.9316681314843,4,True,0.6867499947547913,1,0,0,-1,0,0.0,0.0,0.0,0,0,nan,nan,nan,73,26.100000381469727,0.0,37.0,0,27,-,SELECT OWNER FIRST,
2026-07-18T15:13:32.472,931.472,mission_20260718_145801_manual,MANUAL,,0,13.330286979675293,100.99788665771484,149.9424598303729,4,True,0.6875,1,0,0,-1,0,0.0,0.0,0.0,0,0,nan,nan,nan,73,26.100000381469727,0.0,37.0,0,27,-,SELECT OWNER FIRST,
2026-07-18T15:13:34.505,933.505,mission_20260718_145801_manual,MANUAL,,0,13.330286979675293,100.99788665771484,149.93971409432658,4,True,0.6882500052452087,1,0,0,-1,0,0.0,0.0,0.0,0,0,nan,nan,nan,73,26.100000381469727,0.0,37.0,0,27,-,SELECT OWNER FIRST,
2026-07-18T15:13:36.546,935.546,mission_20260718_145801_manual,MANUAL,,0,13.330286026000977,100.99788665771484,149.93635364125493,4,True,0.6867499947547913,1,0,0,-1,0,0.0,0.0,0.0,0,0,nan,nan,nan,73,26.100000381469727,0.0,37.0,0,29,-,SELECT OWNER FIRST,
2026-07-18T15:13:38.571,937.572,mission_20260718_145801_manual,MANUAL,,0,13.33028507232666,100.99788665771484,149.94154458502413,4,True,0.6902499794960022,1,0,0,-1,0,0.0,0.0,0.0,0,0,nan,nan,nan,73,26.100000381469727,0.0,37.0,0,28,-,SELECT OWNER FIRST,
2026-07-18T15:13:40.608,939.608,mission_20260718_145801_manual,MANUAL,,0,13.330284118652344,100.99788665771484,149.94935832143463,4,True,0.6915000081062317,1,0,0,-1,0,0.0,0.0,0.0,0,0,nan,nan,nan,73,26.100000381469727,0.0,37.0,0,28,-,SELECT OWNER FIRST,
2026-07-18T15:13:42.641,941.642,mission_20260718_145801_manual,MANUAL,,0,13.330283164978027,100.99788665771484,149.94782835906054,4,True,0.687250018119812,1,0,0,-1,0,0.0,0.0,0.0,0,0,nan,nan,nan,73,26.100000381469727,0.0,37.0,0,28,-,SELECT OWNER FIRST,
2026-07-18T15:13:44.668,943.668,mission_20260718_145801_manual,MANUAL,,0,13.330283164978027,100.99788665771484,149.94699507598182,4,True,0.6915000081062317,1,0,0,-1,0,0.0,0.0,0.0,0,0,nan,nan,nan,73,26.100000381469727,0.0,37.0,0,28,-,SELECT OWNER FIRST,
2026-07-18T15:13:46.703,945.704,mission_20260718_145801_manual,MANUAL,,0,13.330283164978027,100.99788665771484,149.94543779285104,4,True,0.6892499923706055,1,0,0,-1,0,0.0,0.0,0.0,0,0,nan,nan,nan,73,26.100000381469727,0.0,37.0,0,27,-,SELECT OWNER FIRST,
2026-07-18T15:13:48.727,947.728,mission_20260718_145801_manual,MANUAL,,0,13.330283164978027,100.99788665771484,149.94373024555856,4,True,0.6912500262260437,1,0,0,-1,0,0.0,0.0,0.0,0,0,nan,nan,nan,73,26.100000381469727,0.0,37.0,0,28,-,SELECT OWNER FIRST,
2026-07-18T15:13:50.751,949.751,mission_20260718_145801_manual,MANUAL,,0,13.330283164978027,100.99787902832031,149.95083364229535,4,True,0.6915000081062317,1,0,0,-1,0,0.0,0.0,0.0,0,0,nan,nan,nan,73,26.100000381469727,0.0,37.0,0,29,-,SELECT OWNER FIRST,
2026-07-18T15:13:52.766,951.767,mission_20260718_145801_manual,MANUAL,,0,13.330283164978027,100.99787902832031,149.95254118958786,4,True,0.6887500286102295,1,0,0,-1,0,0.0,0.0,0.0,0,0,nan,nan,nan,73,26.100000381469727,0.0,37.0,0,29,-,SELECT OWNER FIRST,
2026-07-18T15:13:54.800,953.8,mission_20260718_145801_manual,MANUAL,,0,13.330282211303711,100.99787902832031,149.95840149189573,4,True,0.6912500262260437,1,0,0,-1,0,0.0,0.0,0.0,0,0,nan,nan,nan,73,26.100000381469727,0.0,37.0,0,28,-,SELECT OWNER FIRST,
2026-07-18T15:13:56.847,955.847,mission_20260718_145801_manual,MANUAL,,0,13.330282211303711,100.99787902832031,149.9615297185356,4,True,0.687250018119812,1,0,0,-1,0,0.0,0.0,0.0,0,0,nan,nan,nan,73,26.100000381469727,0.0,37.0,0,24,-,SELECT OWNER FIRST,
2026-07-18T15:13:58.882,957.883,mission_20260718_145801_manual,MANUAL,,0,13.330283164978027,100.99787902832031,149.95632511438805,4,True,0.6897500157356262,1,0,0,-1,0,0.0,0.0,0.0,0,0,nan,nan,nan,73,26.100000381469727,0.0,37.0,0,23,-,SELECT OWNER FIRST,
2026-07-18T15:14:00.912,959.912,mission_20260718_145801_manual,MANUAL,,0,13.330283164978027,100.99787902832031,149.95960360518964,4,True,0.6919999718666077,1,0,0,-1,0,0.0,0.0,0.0,0,0,nan,nan,nan,73,26.100000381469727,0.0,37.0,0,27,-,SELECT OWNER FIRST,
2026-07-18T15:14:02.951,961.951,mission_20260718_145801_manual,MANUAL,,0,13.330282211303711,100.99787902832031,149.95882496362427,4,True,0.6915000081062317,1,0,0,-1,0,0.0,0.0,0.0,0,0,nan,nan,nan,73,26.100000381469727,0.0,37.0,0,28,-,SELECT OWNER FIRST,
2026-07-18T15:14:04.985,963.985,mission_20260718_145801_manual,MANUAL,,0,13.330280303955078,100.99787902832031,149.96232202047932,4,True,0.6902499794960022,1,0,0,-1,0,0.0,0.0,0.0,0,0,nan,nan,nan,73,26.100000381469727,0.0,37.0,0,28,-,SELECT OWNER FIRST,
2026-07-18T15:14:07.027,966.027,mission_20260718_145801_manual,MANUAL,,0,13.330280303955078,100.99787902832031,149.94942662332633,4,True,0.6897500157356262,1,0,0,-1,0,0.0,0.0,0.0,0,0,nan,nan,nan,73,26.100000381469727,0.0,37.0,0,28,-,SELECT OWNER FIRST,
2026-07-18T15:14:09.055,968.056,mission_20260718_145801_manual,MANUAL,,0,13.330281257629395,100.99787902832031,149.9333483580201,4,True,0.6912500262260437,1,0,0,-1,0,0.0,0.0,0.0,0,0,nan,nan,nan,73,26.100000381469727,0.0,37.0,0,28,-,SELECT OWNER FIRST,
2026-07-18T15:14:11.096,970.097,mission_20260718_145801_manual,MANUAL,,0,13.330281257629395,100.99788665771484,149.91959235703172,4,True,0.6917499899864197,1,0,0,-1,0,0.0,0.0,0.0,0,0,nan,nan,nan,73,26.100000381469727,0.0,37.0,0,27,-,SELECT OWNER FIRST,
2026-07-18T15:14:13.131,972.131,mission_20260718_145801_manual,MANUAL,,0,13.330282211303711,100.99788665771484,149.90065907265245,4,True,0.6924999952316284,1,0,0,-1,0,0.0,0.0,0.0,0,0,nan,nan,nan,73,26.100000381469727,0.0,37.0,0,28,-,SELECT OWNER FIRST,
2026-07-18T15:14:15.160,974.161,mission_20260718_145801_manual,MANUAL,,0,13.330283164978027,100.99788665771484,149.88601514707193,4,True,0.6915000081062317,1,0,0,-1,0,0.0,0.0,0.0,0,0,nan,nan,nan,73,26.100000381469727,0.0,37.0,0,28,-,SELECT OWNER FIRST,
2026-07-18T15:14:17.209,976.21,mission_20260718_145801_manual,MANUAL,,0,13.330284118652344,100.99788665771484,149.8763435992072,4,True,0.6899999976158142,1,0,0,-1,0,0.0,0.0,0.0,0,0,nan,nan,nan,73,26.100000381469727,0.0,37.0,0,27,-,SELECT OWNER FIRST,
2026-07-18T15:14:19.279,978.28,mission_20260718_145801_manual,MANUAL,,0,13.330284118652344,100.99788665771484,149.8574376355846,4,True,0.6927499771118164,1,0,0,-1,0,0.0,0.0,0.0,0,0,nan,nan,nan,73,26.100000381469727,0.0,37.0,0,28,-,SELECT OWNER FIRST,
2026-07-18T15:14:21.325,980.325,mission_20260718_145801_manual,MANUAL,,0,13.330284118652344,100.99788665771484,149.84656397442595,4,True,0.6917499899864197,1,0,0,-1,0,0.0,0.0,0.0,0,0,nan,nan,nan,73,26.100000381469727,0.0,37.0,0,27,-,SELECT OWNER FIRST,
2026-07-18T15:14:23.364,982.365,mission_20260718_145801_manual,MANUAL,,0,13.33028507232666,100.99788665771484,149.82969340717602,4,True,0.6884999871253967,1,0,0,-1,0,0.0,0.0,0.0,0,0,nan,nan,nan,73,26.100000381469727,0.0,37.0,0,27,-,SELECT OWNER FIRST,
2026-07-18T15:14:25.387,984.388,mission_20260718_145801_manual,MANUAL,,0,13.33028507232666,100.99788665771484,149.81022736804147,4,True,0.6897500157356262,1,0,0,-1,0,0.0,0.0,0.0,0,0,nan,nan,nan,73,26.100000381469727,0.0,37.0,0,27,-,SELECT OWNER FIRST,
2026-07-18T15:14:27.417,986.417,mission_20260718_145801_manual,MANUAL,,0,13.33028507232666,100.99788665771484,149.80264585806276,4,True,0.6919999718666077,1,0,0,-1,0,0.0,0.0,0.0,0,0,nan,nan,nan,73,26.100000381469727,0.0,37.0,0,27,-,SELECT OWNER FIRST,
2026-07-18T15:14:29.457,988.458,mission_20260718_145801_manual,MANUAL,,0,13.330286026000977,100.99788665771484,149.80621121680952,4,True,0.6915000081062317,1,0,0,-1,0,0.0,0.0,0.0,0,0,nan,nan,nan,73,26.100000381469727,0.0,37.0,0,28,-,SELECT OWNER FIRST,
2026-07-18T15:14:31.467,990.468,mission_20260718_145801_manual,MANUAL,,0,13.33028793334961,100.99788665771484,149.81868314223394,4,True,0.6915000081062317,1,0,0,-1,0,0.0,0.0,0.0,0,0,nan,nan,nan,73,26.100000381469727,0.0,37.0,0,29,-,SELECT OWNER FIRST,
2026-07-18T15:14:33.508,992.508,mission_20260718_145801_manual,MANUAL,,0,13.330289840698242,100.99788665771484,149.83824480401685,4,True,0.690500020980835,1,0,0,-1,0,0.0,0.0,0.0,0,0,nan,nan,nan,73,26.100000381469727,0.0,37.0,0,29,-,SELECT OWNER FIRST,
2026-07-18T15:14:35.535,994.536,mission_20260718_145801_manual,MANUAL,,0,13.330292701721191,100.99788665771484,149.84234291751886,4,True,0.6922500133514404,1,0,0,-1,0,0.0,0.0,0.0,0,0,nan,nan,nan,73,26.100000381469727,0.0,37.0,0,28,-,SELECT OWNER FIRST,
2026-07-18T15:14:37.551,996.551,mission_20260718_145801_manual,MANUAL,,0,13.330293655395508,100.99788665771484,149.84376359686624,4,True,0.6924999952316284,1,0,0,-1,0,0.0,0.0,0.0,0,0,nan,nan,nan,73,26.100000381469727,0.0,37.0,0,28,-,SELECT OWNER FIRST,
2026-07-18T15:14:39.608,998.608,mission_20260718_145801_manual,MANUAL,,0,13.330294609069824,100.99788665771484,149.84877695571703,4,True,0.6912500262260437,1,0,0,-1,0,0.0,0.0,0.0,0,0,nan,nan,nan,73,26.100000381469727,0.0,37.0,0,28,-,SELECT OWNER FIRST,
2026-07-18T15:14:41.639,1000.639,mission_20260718_145801_manual,MANUAL,,0,13.330294609069824,100.99787902832031,149.86079808865625,4,True,0.6930000185966492,1,0,0,-1,0,0.0,0.0,0.0,0,0,nan,nan,nan,73,26.100000381469727,0.0,37.0,0,28,-,SELECT OWNER FIRST,
2026-07-18T15:14:43.664,1002.664,mission_20260718_145801_manual,MANUAL,,0,13.330294609069824,100.99787902832031,149.8690352967953,4,True,0.690750002861023,1,0,0,-1,0,0.0,0.0,0.0,0,0,nan,nan,nan,73,26.100000381469727,0.0,37.0,0,28,-,SELECT OWNER FIRST,
2026-07-18T15:14:45.691,1004.691,mission_20260718_145801_manual,MANUAL,,0,13.33029556274414,100.99787902832031,149.87817408990477,4,True,0.6912500262260437,1,0,0,-1,0,0.0,0.0,0.0,0,0,nan,nan,nan,73,26.100000381469727,0.0,37.0,0,28,-,SELECT OWNER FIRST,
2026-07-18T15:14:47.725,1006.726,mission_20260718_145801_manual,MANUAL,,0,13.330296516418457,100.99787902832031,149.88182141092156,4,True,0.6902499794960022,1,0,0,-1,0,0.0,0.0,0.0,0,0,nan,nan,nan,73,26.100000381469727,0.0,37.0,0,29,-,SELECT OWNER FIRST,
2026-07-18T15:14:49.749,1008.749,mission_20260718_145801_manual,MANUAL,,0,13.330297470092773,100.99787902832031,149.87699929736752,4,True,0.6894999742507935,1,0,0,-1,0,0.0,0.0,0.0,0,0,nan,nan,nan,73,26.100000381469727,0.0,37.0,0,29,-,SELECT OWNER FIRST,
2026-07-18T15:14:51.770,1010.771,mission_20260718_145801_manual,MANUAL,,0,13.33029842376709,100.99787902832031,149.87544201423677,4,True,0.6899999976158142,1,0,0,-1,0,0.0,0.0,0.0,0,0,nan,nan,nan,73,26.100000381469727,0.0,37.0,0,24,-,SELECT OWNER FIRST,
2026-07-18T15:14:53.834,1012.835,mission_20260718_145801_manual,MANUAL,,0,13.33029842376709,100.99787902832031,149.8621504661119,4,True,0.6902499794960022,1,0,0,-1,0,0.0,0.0,0.0,0,0,nan,nan,nan,73,26.100000381469727,0.0,37.0,0,26,-,SELECT OWNER FIRST,
2026-07-18T15:14:55.875,1014.876,mission_20260718_145801_manual,MANUAL,,0,13.330299377441406,100.99787902832031,149.86082540941294,4,True,0.690500020980835,1,0,0,-1,0,0.0,0.0,0.0,0,0,nan,nan,nan,73,26.100000381469727,0.0,37.0,0,26,-,SELECT OWNER FIRST,
2026-07-18T15:14:57.923,1016.923,mission_20260718_145801_manual,MANUAL,,0,13.330300331115723,100.99788665771484,149.8331631432744,4,True,0.6917499899864197,1,0,0,-1,0,0.0,0.0,0.0,0,0,nan,nan,nan,73,26.100000381469727,0.0,37.0,0,27,-,SELECT OWNER FIRST,
2026-07-18T15:14:59.984,1018.985,mission_20260718_145801_manual,MANUAL,,0,13.330301284790039,100.99788665771484,149.8110196699852,4,True,0.690500020980835,1,0,0,-1,0,0.0,0.0,0.0,0,0,nan,nan,nan,73,26.100000381469727,0.0,37.0,0,26,-,SELECT OWNER FIRST,
2026-07-18T15:15:02.046,1021.046,mission_20260718_145801_manual,MANUAL,,0,13.330302238464355,100.99788665771484,149.79796034829212,4,True,0.6909999847412109,1,0,0,-1,0,0.0,0.0,0.0,0,0,nan,nan,nan,73,26.100000381469727,0.0,37.0,0,27,-,SELECT OWNER FIRST,
2026-07-18T15:15:04.084,1023.084,mission_20260718_145801_manual,MANUAL,,0,13.330302238464355,100.99787902832031,149.79800132942714,4,True,0.690500020980835,1,0,0,-1,0,0.0,0.0,0.0,0,0,nan,nan,nan,73,26.100000381469727,0.0,37.0,0,27,-,SELECT OWNER FIRST,
2026-07-18T15:15:06.120,1025.12,mission_20260718_145801_manual,MANUAL,,0,13.330305099487305,100.99787902832031,149.79241423468608,4,True,0.6919999718666077,1,0,0,-1,0,0.0,0.0,0.0,0,0,nan,nan,nan,73,26.100000381469727,0.0,37.0,0,27,-,SELECT OWNER FIRST,
2026-07-18T15:15:08.142,1027.143,mission_20260718_145801_manual,MANUAL,,0,13.330305099487305,100.99787902832031,149.7879472909689,4,True,0.6852499842643738,1,0,0,-1,0,0.0,0.0,0.0,0,0,nan,nan,nan,73,26.100000381469727,0.0,37.0,0,27,-,SELECT OWNER FIRST,
2026-07-18T15:15:10.189,1029.19,mission_20260718_145801_manual,MANUAL,,0,13.330305099487305,100.99787902832031,149.77492895041084,4,True,0.690750002861023,1,0,0,-1,0,0.0,0.0,0.0,0,0,nan,nan,nan,73,26.100000381469727,0.0,37.0,0,28,-,SELECT OWNER FIRST,
2026-07-18T15:15:12.229,1031.229,mission_20260718_145801_manual,MANUAL,,0,13.330305099487305,100.99787902832031,149.7619789117445,4,True,0.6902499794960022,1,0,0,-1,0,0.0,0.0,0.0,0,0,nan,nan,nan,73,26.100000381469727,0.0,37.0,0,28,-,SELECT OWNER FIRST,
2026-07-18T15:15:14.269,1033.269,mission_20260718_145801_manual,MANUAL,,0,13.330305099487305,100.99787902832031,149.74486245768446,4,True,0.6922500133514404,1,0,0,-1,0,0.0,0.0,0.0,0,0,nan,nan,nan,73,26.100000381469727,0.0,37.0,0,28,-,SELECT OWNER FIRST,
2026-07-18T15:15:16.310,1035.311,mission_20260718_145801_manual,MANUAL,,0,13.330305099487305,100.99787902832031,149.72721324886913,4,True,0.6919999718666077,1,0,0,-1,0,0.0,0.0,0.0,0,0,nan,nan,nan,73,26.100000381469727,0.0,37.0,0,28,-,SELECT OWNER FIRST,
2026-07-18T15:15:18.351,1037.352,mission_20260718_145801_manual,MANUAL,,0,13.330306053161621,100.99787902832031,149.71886675770338,4,True,0.690500020980835,1,0,0,-1,0,0.0,0.0,0.0,0,0,nan,nan,nan,73,26.100000381469727,0.0,37.0,0,28,-,SELECT OWNER FIRST,
2026-07-18T15:15:20.384,1039.384,mission_20260718_145801_manual,MANUAL,,0,13.330306053161621,100.99787902832031,149.71964539926876,4,True,0.690750002861023,1,0,0,-1,0,0.0,0.0,0.0,0,0,nan,nan,nan,73,26.100000381469727,0.0,37.0,0,28,-,SELECT OWNER FIRST,
2026-07-18T15:15:22.420,1041.42,mission_20260718_145801_manual,MANUAL,,0,13.330307006835938,100.99787902832031,149.71741875759935,4,True,0.6897500157356262,1,0,0,-1,0,0.0,0.0,0.0,0,0,nan,nan,nan,73,26.100000381469727,0.0,37.0,0,28,-,SELECT OWNER FIRST,
2026-07-18T15:15:24.464,1043.464,mission_20260718_145801_manual,MANUAL,,0,13.330307006835938,100.99787902832031,149.70912690794694,4,True,0.6880000233650208,1,0,0,-1,0,0.0,0.0,0.0,0,0,nan,nan,nan,73,26.100000381469727,0.0,37.0,0,28,-,SELECT OWNER FIRST,
2026-07-18T15:15:26.494,1045.495,mission_20260718_145801_manual,MANUAL,,0,13.330307960510254,100.99787902832031,149.70490585103988,4,True,0.6930000185966492,1,0,0,-1,0,0.0,0.0,0.0,0,0,nan,nan,nan,73,26.100000381469727,0.0,37.0,0,28,-,SELECT OWNER FIRST,
2026-07-18T15:15:28.545,1047.545,mission_20260718_145801_manual,MANUAL,,0,13.330307006835938,100.99788665771484,149.70166834137328,4,True,0.6915000081062317,1,0,0,-1,0,0.0,0.0,0.0,0,0,nan,nan,nan,73,26.100000381469727,0.0,37.0,0,28,-,SELECT OWNER FIRST,
2026-07-18T15:15:30.595,1049.595,mission_20260718_145801_manual,MANUAL,,0,13.330307006835938,100.99788665771484,149.6960675862539,4,True,0.6917499899864197,1,0,0,-1,0,0.0,0.0,0.0,0,0,nan,nan,nan,73,26.100000381469727,0.0,37.0,0,28,-,SELECT OWNER FIRST,
2026-07-18T15:15:32.630,1051.631,mission_20260718_145801_manual,MANUAL,,0,13.330306053161621,100.99788665771484,149.6906444160529,4,True,0.6882500052452087,1,0,0,-1,0,0.0,0.0,0.0,0,0,nan,nan,nan,73,26.100000381469727,0.0,37.0,0,27,-,SELECT OWNER FIRST,
2026-07-18T15:15:34.650,1053.651,mission_20260718_145801_manual,MANUAL,,0,13.330306053161621,100.99788665771484,149.68210667959036,4,True,0.6902499794960022,1,0,0,-1,0,0.0,0.0,0.0,0,0,nan,nan,nan,73,26.100000381469727,0.0,37.0,0,27,-,SELECT OWNER FIRST,
2026-07-18T15:15:36.691,1055.692,mission_20260718_145801_manual,MANUAL,,0,13.330305099487305,100.99788665771484,149.68543981190535,4,True,0.6894999742507935,1,0,0,-1,0,0.0,0.0,0.0,0,0,nan,nan,nan,73,26.100000381469727,0.0,37.0,0,27,-,SELECT OWNER FIRST,
2026-07-18T15:15:38.732,1057.732,mission_20260718_145801_manual,MANUAL,,0,13.330305099487305,100.99788665771484,149.6753174715554,4,True,0.6897500157356262,1,0,0,-1,0,0.0,0.0,0.0,0,0,nan,nan,nan,73,26.100000381469727,0.0,37.0,0,27,-,SELECT OWNER FIRST,
2026-07-18T15:15:40.769,1059.77,mission_20260718_145801_manual,MANUAL,,0,13.330304145812988,100.99788665771484,149.68359566082944,4,True,0.690500020980835,1,0,0,-1,0,0.0,0.0,0.0,0,0,nan,nan,nan,73,26.100000381469727,0.0,37.0,0,26,-,SELECT OWNER FIRST,
2026-07-18T15:15:42.818,1061.818,mission_20260718_145801_manual,MANUAL,,0,13.330303192138672,100.99788665771484,149.6879260007632,4,True,0.6894999742507935,1,0,0,-1,0,0.0,0.0,0.0,0,0,nan,nan,nan,73,26.100000381469727,0.0,37.0,0,26,-,SELECT OWNER FIRST,
2026-07-18T15:15:44.867,1063.867,mission_20260718_145801_manual,MANUAL,,0,13.330303192138672,100.99788665771484,149.68985211410916,4,True,0.690500020980835,1,0,0,-1,0,0.0,0.0,0.0,0,0,nan,nan,nan,73,26.100000381469727,0.0,37.0,0,27,-,SELECT OWNER FIRST,
2026-07-18T15:15:46.904,1065.904,mission_20260718_145801_manual,MANUAL,,0,13.330302238464355,100.99788665771484,149.69220169918364,4,True,0.6915000081062317,1,0,0,-1,0,0.0,0.0,0.0,0,0,nan,nan,nan,73,26.100000381469727,0.0,37.0,0,27,-,SELECT OWNER FIRST,
2026-07-18T15:15:48.935,1067.935,mission_20260718_145801_manual,MANUAL,,0,13.330302238464355,100.99788665771484,149.68408743444968,4,True,0.6880000233650208,1,0,0,-1,0,0.0,0.0,0.0,0,0,nan,nan,nan,73,26.100000381469727,0.0,37.0,0,27,-,SELECT OWNER FIRST,
2026-07-18T15:15:50.968,1069.969,mission_20260718_145801_manual,MANUAL,,0,13.330302238464355,100.99789428710938,149.68690147238772,4,True,0.6912500262260437,1,0,0,-1,0,0.0,0.0,0.0,0,0,nan,nan,nan,73,26.100000381469727,0.0,37.0,0,27,-,SELECT OWNER FIRST,
2026-07-18T15:15:52.988,1071.989,mission_20260718_145801_manual,MANUAL,,0,13.330302238464355,100.99789428710938,149.69291203885734,4,True,0.6897500157356262,1,0,0,-1,0,0.0,0.0,0.0,0,0,nan,nan,nan,73,26.100000381469727,0.0,37.0,0,28,-,SELECT OWNER FIRST,
2026-07-18T15:15:55.021,1074.021,mission_20260718_145801_manual,MANUAL,,0,13.330301284790039,100.99789428710938,149.6954255484719,4,True,0.6912500262260437,1,0,0,-1,0,0.0,0.0,0.0,0,0,nan,nan,nan,73,26.100000381469727,0.0,37.0,0,28,-,SELECT OWNER FIRST,
2026-07-18T15:15:57.058,1076.059,mission_20260718_145801_manual,MANUAL,,0,13.330301284790039,100.99789428710938,149.69404585025956,4,True,0.6912500262260437,1,0,0,-1,0,0.0,0.0,0.0,0,0,nan,nan,nan,73,26.100000381469727,0.0,37.0,0,28,-,SELECT OWNER FIRST,
2026-07-18T15:15:59.107,1078.107,mission_20260718_145801_manual,MANUAL,,0,13.330302238464355,100.99789428710938,149.69810298262655,4,True,0.6915000081062317,1,0,0,-1,0,0.0,0.0,0.0,0,0,nan,nan,nan,73,26.100000381469727,0.0,37.0,0,28,-,SELECT OWNER FIRST,
2026-07-18T15:16:01.148,1080.149,mission_20260718_145801_manual,MANUAL,,0,13.330302238464355,100.99789428710938,149.70860781357,4,True,0.6899999976158142,1,0,0,-1,0,0.0,0.0,0.0,0,0,nan,nan,nan,73,26.100000381469727,0.0,37.0,0,28,-,SELECT OWNER FIRST,
2026-07-18T15:16:03.178,1082.179,mission_20260718_145801_manual,MANUAL,,0,13.330303192138672,100.99789428710938,149.7066133983324,4,True,0.6915000081062317,1,0,0,-1,0,0.0,0.0,0.0,0,0,nan,nan,nan,73,26.100000381469727,0.0,37.0,0,28,-,SELECT OWNER FIRST,
2026-07-18T15:16:05.205,1084.205,mission_20260718_145801_manual,MANUAL,,0,13.330305099487305,100.99789428710938,149.71370313469086,4,True,0.6902499794960022,1,0,0,-1,0,0.0,0.0,0.0,0,0,nan,nan,nan,73,26.100000381469727,0.0,37.0,0,29,-,SELECT OWNER FIRST,
2026-07-18T15:16:07.234,1086.235,mission_20260718_145801_manual,MANUAL,,0,13.330306053161621,100.9979019165039,149.72172177677646,4,True,0.6894999742507935,1,0,0,-1,0,0.0,0.0,0.0,0,0,nan,nan,nan,73,26.100000381469727,0.0,37.0,0,29,-,SELECT OWNER FIRST,
2026-07-18T15:16:09.279,1088.28,mission_20260718_145801_manual,MANUAL,,0,13.330307006835938,100.9979019165039,149.71516479517322,4,True,0.6855000257492065,1,0,0,-1,0,0.0,0.0,0.0,0,0,nan,nan,nan,73,26.100000381469727,0.0,37.0,0,29,-,SELECT OWNER FIRST,
2026-07-18T15:16:11.301,1090.302,mission_20260718_145801_manual,MANUAL,,0,13.33030891418457,100.9979019165039,149.71568388955015,4,True,0.6917499899864197,1,0,0,-1,0,0.0,0.0,0.0,0,0,nan,nan,nan,73,26.100000381469727,0.0,37.0,0,29,-,SELECT OWNER FIRST,
2026-07-18T15:16:13.329,1092.33,mission_20260718_145801_manual,MANUAL,,0,13.330310821533203,100.9979019165039,149.7156565687935,4,True,0.6915000081062317,1,0,0,-1,0,0.0,0.0,0.0,0,0,nan,nan,nan,73,26.100000381469727,0.0,37.0,0,29,-,SELECT OWNER FIRST,
2026-07-18T15:16:15.338,1094.339,mission_20260718_145801_manual,MANUAL,,0,13.33031177520752,100.9979019165039,149.72277362590864,4,True,0.690750002861023,1,0,0,-1,0,0.0,0.0,0.0,0,0,nan,nan,nan,73,26.100000381469727,0.0,37.0,0,29,-,SELECT OWNER FIRST,
2026-07-18T15:16:17.364,1096.365,mission_20260718_145801_manual,MANUAL,,0,13.330313682556152,100.9979019165039,149.72422162601268,4,True,0.6897500157356262,1,0,0,-1,0,0.0,0.0,0.0,0,0,nan,nan,nan,73,26.100000381469727,0.0,37.0,0,29,-,SELECT OWNER FIRST,
2026-07-18T15:16:19.397,1098.398,mission_20260718_145801_manual,MANUAL,,0,13.330314636230469,100.9979019165039,149.72568328649507,4,True,0.6919999718666077,1,0,0,-1,0,0.0,0.0,0.0,0,0,nan,nan,nan,73,26.100000381469727,0.0,37.0,0,29,-,SELECT OWNER FIRST,
2026-07-18T15:16:21.420,1100.42,mission_20260718_145801_manual,MANUAL,,0,13.330315589904785,100.9979019165039,149.72759573946266,4,True,0.690750002861023,1,0,0,-1,0,0.0,0.0,0.0,0,0,nan,nan,nan,73,26.100000381469727,0.0,37.0,0,29,-,SELECT OWNER FIRST,
2026-07-18T15:16:23.460,1102.46,mission_20260718_145801_manual,MANUAL,,0,13.330316543579102,100.9979019165039,149.7192492482969,4,True,0.6882500052452087,1,0,0,-1,0,0.0,0.0,0.0,0,0,nan,nan,nan,73,26.100000381469727,0.0,37.0,0,28,-,SELECT OWNER FIRST,
2026-07-18T15:16:25.486,1104.487,mission_20260718_145801_manual,MANUAL,,0,13.330317497253418,100.99789428710938,149.72538275817158,4,True,0.6887500286102295,1,0,0,-1,0,0.0,0.0,0.0,0,0,nan,nan,nan,73,26.100000381469727,0.0,37.0,0,28,-,SELECT OWNER FIRST,
2026-07-18T15:16:27.534,1106.535,mission_20260718_145801_manual,MANUAL,,0,13.330317497253418,100.99789428710938,149.71414026679773,4,True,0.6897500157356262,1,0,0,-1,0,0.0,0.0,0.0,0,0,nan,nan,nan,73,26.100000381469727,0.0,37.0,0,28,-,SELECT OWNER FIRST,
2026-07-18T15:16:29.591,1108.592,mission_20260718_145801_manual,MANUAL,,0,13.330316543579102,100.99789428710938,149.7207518899143,4,True,0.6915000081062317,1,0,0,-1,0,0.0,0.0,0.0,0,0,nan,nan,nan,73,26.100000381469727,0.0,37.0,0,28,-,SELECT OWNER FIRST,
2026-07-18T15:16:31.628,1110.629,mission_20260718_145801_manual,MANUAL,,0,13.330315589904785,100.99789428710938,149.7218447201815,4,True,0.690500020980835,1,0,0,-1,0,0.0,0.0,0.0,0,0,nan,nan,nan,73,26.100000381469727,0.0,37.0,0,28,-,SELECT OWNER FIRST,
2026-07-18T15:16:33.649,1112.65,mission_20260718_145801_manual,MANUAL,,0,13.330313682556152,100.99789428710938,149.72179007866814,4,True,0.6915000081062317,1,0,0,-1,0,0.0,0.0,0.0,0,0,nan,nan,nan,73,26.100000381469727,0.0,37.0,0,29,-,SELECT OWNER FIRST,
2026-07-18T15:16:35.680,1114.68,mission_20260718_145801_manual,MANUAL,,0,13.33031177520752,100.9979019165039,149.70267920937044,4,True,0.6899999976158142,1,0,0,-1,0,0.0,0.0,0.0,0,0,nan,nan,nan,73,26.100000381469727,0.0,37.0,0,28,-,SELECT OWNER FIRST,
2026-07-18T15:16:37.711,1116.712,mission_20260718_145801_manual,MANUAL,,0,13.33031177520752,100.9979019165039,149.69304864264075,4,True,0.6917499899864197,1,0,0,-1,0,0.0,0.0,0.0,0,0,nan,nan,nan,73,26.100000381469727,0.0,37.0,0,28,-,SELECT OWNER FIRST,
2026-07-18T15:16:39.741,1118.742,mission_20260718_145801_manual,MANUAL,,0,13.33031177520752,100.9979019165039,149.70444139817633,4,True,0.690750002861023,1,0,0,-1,0,0.0,0.0,0.0,0,0,nan,nan,nan,73,26.100000381469727,0.0,37.0,0,28,-,SELECT OWNER FIRST,
2026-07-18T15:16:41.759,1120.759,mission_20260718_145801_manual,MANUAL,,0,13.330309867858887,100.9979019165039,149.7280192111912,4,True,0.6897500157356262,1,0,0,-1,0,0.0,0.0,0.0,0,0,nan,nan,nan,73,26.100000381469727,0.0,37.0,0,28,-,SELECT OWNER FIRST,
2026-07-18T15:16:43.795,1122.796,mission_20260718_145801_manual,MANUAL,,0,13.330309867858887,100.9979019165039,149.75759393029736,4,True,0.690750002861023,1,0,0,-1,0,0.0,0.0,0.0,0,0,nan,nan,nan,73,26.100000381469727,0.0,37.0,0,29,-,SELECT OWNER FIRST,
2026-07-18T15:16:45.828,1124.829,mission_20260718_145801_manual,MANUAL,,0,13.330309867858887,100.9979019165039,149.7822235924444,4,True,0.6919999718666077,1,0,0,-1,0,0.0,0.0,0.0,0,0,nan,nan,nan,73,26.100000381469727,0.0,37.0,0,28,-,SELECT OWNER FIRST,
2026-07-18T15:16:47.846,1126.846,mission_20260718_145801_manual,MANUAL,,0,13.330310821533203,100.9979019165039,149.80795974523704,4,True,0.6887500286102295,1,0,0,-1,0,0.0,0.0,0.0,0,0,nan,nan,nan,73,26.100000381469727,0.0,37.0,0,28,-,SELECT OWNER FIRST,
2026-07-18T15:16:49.866,1128.867,mission_20260718_145801_manual,MANUAL,,0,13.33031177520752,100.99789428710938,149.82323204822117,4,True,0.6887500286102295,1,0,0,-1,0,0.0,0.0,0.0,0,0,nan,nan,nan,73,26.100000381469727,0.0,37.0,0,27,-,SELECT OWNER FIRST,
2026-07-18T15:16:51.906,1130.907,mission_20260718_145801_manual,MANUAL,,0,13.330312728881836,100.99789428710938,149.830335444958,4,True,0.6924999952316284,1,0,0,-1,0,0.0,0.0,0.0,0,0,nan,nan,nan,73,26.100000381469727,0.0,37.0,0,27,-,SELECT OWNER FIRST,
2026-07-18T15:16:53.947,1132.948,mission_20260718_145801_manual,MANUAL,,0,13.330312728881836,100.99789428710938,149.85155001252005,4,True,0.6909999847412109,1,0,0,-1,0,0.0,0.0,0.0,0,0,nan,nan,nan,73,26.100000381469727,0.0,37.0,0,27,-,SELECT OWNER FIRST,
2026-07-18T15:16:55.987,1134.987,mission_20260718_145801_manual,MANUAL,,0,13.330313682556152,100.99789428710938,149.8486676726903,4,True,0.6912500262260437,1,0,0,-1,0,0.0,0.0,0.0,0,0,nan,nan,nan,73,26.100000381469727,0.0,37.0,0,27,-,SELECT OWNER FIRST,
2026-07-18T15:16:58.029,1137.03,mission_20260718_145801_manual,MANUAL,,0,13.330314636230469,100.99789428710938,149.85148171062835,4,True,0.6915000081062317,1,0,0,-1,0,0.0,0.0,0.0,0,0,nan,nan,nan,73,26.100000381469727,0.0,37.0,0,28,-,SELECT OWNER FIRST,
2026-07-18T15:17:00.054,1139.055,mission_20260718_145801_manual,MANUAL,,0,13.330316543579102,100.99789428710938,149.85943205082225,4,True,0.6924999952316284,1,0,0,-1,0,0.0,0.0,0.0,0,0,nan,nan,nan,73,26.100000381469727,0.0,37.0,0,28,-,SELECT OWNER FIRST,
2026-07-18T15:17:02.089,1141.09,mission_20260718_145801_manual,MANUAL,,0,13.330317497253418,100.99789428710938,149.86601635318215,4,True,0.6912500262260437,1,0,0,-1,0,0.0,0.0,0.0,0,0,nan,nan,nan,73,26.100000381469727,0.0,37.0,0,28,-,SELECT OWNER FIRST,
2026-07-18T15:17:04.141,1143.141,mission_20260718_145801_manual,MANUAL,,0,13.330317497253418,100.99789428710938,149.8741989198078,4,True,0.6922500133514404,1,0,0,-1,0,0.0,0.0,0.0,0,0,nan,nan,nan,73,26.100000381469727,0.0,37.0,0,28,-,SELECT OWNER FIRST,
2026-07-18T15:17:06.177,1145.178,mission_20260718_145801_manual,MANUAL,,0,13.330318450927734,100.99789428710938,149.88045537308756,4,True,0.6882500052452087,1,0,0,-1,0,0.0,0.0,0.0,0,0,nan,nan,nan,73,26.100000381469727,0.0,37.0,0,28,-,SELECT OWNER FIRST,
2026-07-18T15:17:08.216,1147.217,mission_20260718_145801_manual,MANUAL,,0,13.33031940460205,100.99789428710938,149.88776367549946,4,True,0.6915000081062317,1,0,0,-1,0,0.0,0.0,0.0,0,0,nan,nan,nan,73,26.100000381469727,0.0,37.0,0,28,-,SELECT OWNER FIRST,
2026-07-18T15:17:10.285,1149.285,mission_20260718_145801_manual,MANUAL,,0,13.330320358276367,100.99789428710938,149.91263922445665,4,True,0.6902499794960022,1,0,0,-1,0,0.0,0.0,0.0,0,0,nan,nan,nan,73,26.100000381469727,0.0,37.0,0,28,-,SELECT OWNER FIRST,
2026-07-18T15:17:12.333,1151.333,mission_20260718_145801_manual,MANUAL,,0,13.330321311950684,100.99789428710938,149.9286628482495,4,True,0.6867499947547913,1,0,0,-1,0,0.0,0.0,0.0,0,0,nan,nan,nan,73,26.100000381469727,0.0,37.0,0,28,-,SELECT OWNER FIRST,
2026-07-18T15:17:14.385,1153.385,mission_20260718_145801_manual,MANUAL,,0,13.330321311950684,100.99789428710938,149.91550790390804,4,True,0.6915000081062317,1,0,0,-1,0,0.0,0.0,0.0,0,0,nan,nan,nan,73,26.100000381469727,0.0,37.0,0,25,-,SELECT OWNER FIRST,
2026-07-18T15:17:16.419,1155.419,mission_20260718_145801_manual,MANUAL,,0,13.330321311950684,100.99789428710938,149.90086397832755,4,True,0.6867499947547913,1,0,0,-1,0,0.0,0.0,0.0,0,0,nan,nan,nan,73,26.100000381469727,0.0,37.0,0,27,-,SELECT OWNER FIRST,
2026-07-18T15:17:18.466,1157.467,mission_20260718_145801_manual,MANUAL,,0,13.330322265625,100.99789428710938,149.8842939394011,4,True,0.6899999976158142,1,0,0,-1,0,0.0,0.0,0.0,0,0,nan,nan,nan,73,26.100000381469727,0.0,37.0,0,27,-,SELECT OWNER FIRST,
2026-07-18T15:17:20.506,1159.507,mission_20260718_145801_manual,MANUAL,,0,13.330324172973633,100.99789428710938,149.874567750023,4,True,0.690750002861023,1,0,0,-1,0,0.0,0.0,0.0,0,0,nan,nan,nan,73,26.100000381469727,0.0,37.0,0,27,-,SELECT OWNER FIRST,
2026-07-18T15:17:22.523,1161.524,mission_20260718_145801_manual,MANUAL,,0,13.33032512664795,100.99789428710938,149.86955439117222,4,True,0.6909999847412109,1,0,0,-1,0,0.0,0.0,0.0,0,0,nan,nan,nan,73,26.100000381469727,0.0,37.0,0,27,-,SELECT OWNER FIRST,
2026-07-18T15:17:24.564,1163.565,mission_20260718_145801_manual,MANUAL,,0,13.330326080322266,100.99789428710938,149.85350344662268,4,True,0.6909999847412109,1,0,0,-1,0,0.0,0.0,0.0,0,0,nan,nan,nan,73,26.100000381469727,0.0,37.0,0,28,-,SELECT OWNER FIRST,
2026-07-18T15:17:26.614,1165.614,mission_20260718_145801_manual,MANUAL,,0,13.330327033996582,100.9979019165039,149.8496238991741,4,True,0.6909999847412109,1,0,0,-1,0,0.0,0.0,0.0,0,0,nan,nan,nan,73,26.100000381469727,0.0,37.0,0,28,-,SELECT OWNER FIRST,
2026-07-18T15:17:28.662,1167.663,mission_20260718_145801_manual,MANUAL,,0,13.330327987670898,100.9979019165039,149.8338871433264,4,True,0.6909999847412109,1,0,0,-1,0,0.0,0.0,0.0,0,0,nan,nan,nan,73,26.100000381469727,0.0,37.0,0,28,-,SELECT OWNER FIRST,
2026-07-18T15:17:30.711,1169.711,mission_20260718_145801_manual,MANUAL,,0,13.330327987670898,100.9979019165039,149.81861484034226,4,True,0.6915000081062317,1,0,0,-1,0,0.0,0.0,0.0,0,0,nan,nan,nan,73,26.100000381469727,0.0,37.0,0,29,-,SELECT OWNER FIRST,
2026-07-18T15:17:32.756,1171.756,mission_20260718_145801_manual,MANUAL,,0,13.330329895019531,100.9979019165039,149.8175083496967,4,True,0.6899999976158142,1,0,0,-1,0,0.0,0.0,0.0,0,0,nan,nan,nan,73,26.100000381469727,0.0,37.0,0,29,-,SELECT OWNER FIRST,
2026-07-18T15:17:34.796,1173.797,mission_20260718_145801_manual,MANUAL,,0,13.330331802368164,100.9979019165039,149.81795914218193,4,True,0.6912500262260437,1,0,0,-1,0,0.0,0.0,0.0,0,0,nan,nan,nan,73,26.100000381469727,0.0,37.0,0,29,-,SELECT OWNER FIRST,
2026-07-18T15:17:36.838,1175.838,mission_20260718_145801_manual,MANUAL,,0,13.33033275604248,100.9979019165039,149.81595106656596,4,True,0.687749981880188,1,0,0,-1,0,0.0,0.0,0.0,0,0,nan,nan,nan,73,26.100000381469727,0.0,37.0,0,29,-,SELECT OWNER FIRST,
2026-07-18T15:17:38.886,1177.886,mission_20260718_145801_manual,MANUAL,,0,13.330333709716797,100.9979019165039,149.80899793399087,4,True,0.6902499794960022,1,0,0,-1,0,0.0,0.0,0.0,0,0,nan,nan,nan,73,26.100000381469727,0.0,37.0,0,29,-,SELECT OWNER FIRST,
2026-07-18T15:17:40.923,1179.924,mission_20260718_145801_manual,MANUAL,,0,13.330333709716797,100.9979019165039,149.81041861333824,4,True,0.6912500262260437,1,0,0,-1,0,0.0,0.0,0.0,0,0,nan,nan,nan,73,26.100000381469727,0.0,37.0,0,29,-,SELECT OWNER FIRST,
2026-07-18T15:17:42.950,1181.951,mission_20260718_145801_manual,MANUAL,,0,13.330334663391113,100.99790954589844,149.81365612300482,4,True,0.690500020980835,1,0,0,-1,0,0.0,0.0,0.0,0,0,nan,nan,nan,73,26.100000381469727,0.0,37.0,0,29,-,SELECT OWNER FIRST,
2026-07-18T15:17:45.001,1184.001,mission_20260718_145801_manual,MANUAL,,0,13.33033561706543,100.99790954589844,149.80239997125264,4,True,0.6909999847412109,1,0,0,-1,0,0.0,0.0,0.0,0,0,nan,nan,nan,73,26.100000381469727,0.0,37.0,0,29,-,SELECT OWNER FIRST,
2026-07-18T15:17:47.022,1186.023,mission_20260718_145801_manual,MANUAL,,0,13.330336570739746,100.99790954589844,149.8021404240642,4,True,0.6917499899864197,1,0,0,-1,0,0.0,0.0,0.0,0,0,nan,nan,nan,73,26.100000381469727,0.0,37.0,0,29,-,SELECT OWNER FIRST,
2026-07-18T15:17:49.061,1188.061,mission_20260718_145801_manual,MANUAL,,0,13.330337524414062,100.99790954589844,149.79761883883364,4,True,0.6869999766349792,1,0,0,-1,0,0.0,0.0,0.0,0,0,nan,nan,nan,73,26.100000381469727,0.0,37.0,0,29,-,SELECT OWNER FIRST,
2026-07-18T15:17:51.133,1190.134,mission_20260718_145801_manual,MANUAL,,0,13.330338478088379,100.99790954589844,149.78738721545696,4,True,0.6899999976158142,1,0,0,-1,0,0.0,0.0,0.0,0,0,nan,nan,nan,73,26.100000381469727,0.0,37.0,0,28,-,SELECT OWNER FIRST,
2026-07-18T15:17:53.182,1192.182,mission_20260718_145801_manual,MANUAL,,0,13.330339431762695,100.99790954589844,149.77420495035884,4,True,0.6912500262260437,1,0,0,-1,0,0.0,0.0,0.0,0,0,nan,nan,nan,73,26.100000381469727,0.0,37.0,0,28,-,SELECT OWNER FIRST,
2026-07-18T15:17:55.218,1194.219,mission_20260718_145801_manual,MANUAL,,0,13.330339431762695,100.99790954589844,149.7705849500987,4,True,0.6899999976158142,1,0,0,-1,0,0.0,0.0,0.0,0,0,nan,nan,nan,73,26.100000381469727,0.0,37.0,0,28,-,SELECT OWNER FIRST,
2026-07-18T15:17:57.259,1196.26,mission_20260718_145801_manual,MANUAL,,0,13.330338478088379,100.99790954589844,149.76886374242787,4,True,0.690500020980835,1,0,0,-1,0,0.0,0.0,0.0,0,0,nan,nan,nan,73,26.100000381469727,0.0,37.0,0,28,-,SELECT OWNER FIRST,
2026-07-18T15:17:59.315,1198.315,mission_20260718_145801_manual,MANUAL,,0,13.330338478088379,100.99790954589844,149.77107672371895,4,True,0.6902499794960022,1,0,0,-1,0,0.0,0.0,0.0,0,0,nan,nan,nan,73,26.100000381469727,0.0,37.0,0,28,-,SELECT OWNER FIRST,
2026-07-18T15:18:01.342,1200.342,mission_20260718_145801_manual,MANUAL,,0,13.330338478088379,100.99790954589844,149.77353559182018,4,True,0.6894999742507935,1,0,0,-1,0,0.0,0.0,0.0,0,0,nan,nan,nan,73,26.100000381469727,0.0,37.0,0,27,-,SELECT OWNER FIRST,
2026-07-18T15:18:03.368,1202.368,mission_20260718_145801_manual,MANUAL,,0,13.330338478088379,100.99790954589844,149.7685222329694,4,True,0.6902499794960022,1,0,0,-1,0,0.0,0.0,0.0,0,0,nan,nan,nan,73,26.100000381469727,0.0,37.0,0,28,-,SELECT OWNER FIRST,
2026-07-18T15:18:05.425,1204.426,mission_20260718_145801_manual,MANUAL,,0,13.330338478088379,100.99790954589844,149.75852283602447,4,True,0.6919999718666077,1,0,0,-1,0,0.0,0.0,0.0,0,0,nan,nan,nan,73,26.100000381469727,0.0,37.0,0,28,-,SELECT OWNER FIRST,
2026-07-18T15:18:07.454,1206.454,mission_20260718_145801_manual,MANUAL,,0,13.330338478088379,100.99790954589844,149.75394660928058,4,True,0.6915000081062317,1,0,0,-1,0,0.0,0.0,0.0,0,0,nan,nan,nan,73,26.100000381469727,0.0,37.0,0,27,-,SELECT OWNER FIRST,
2026-07-18T15:18:09.489,1208.49,mission_20260718_145801_manual,MANUAL,,0,13.330338478088379,100.99790954589844,149.74943868442836,4,True,0.6875,1,0,0,-1,0,0.0,0.0,0.0,0,0,nan,nan,nan,73,26.100000381469727,0.0,37.0,0,28,-,SELECT OWNER FIRST,
2026-07-18T15:18:11.549,1210.55,mission_20260718_145801_manual,MANUAL,,0,13.330337524414062,100.99790954589844,149.74950698632006,4,True,0.690750002861023,1,0,0,-1,0,0.0,0.0,0.0,0,0,nan,nan,nan,73,26.100000381469727,0.0,37.0,0,27,-,SELECT OWNER FIRST,
2026-07-18T15:18:13.583,1212.583,mission_20260718_145801_manual,MANUAL,,0,13.330336570739746,100.99790954589844,149.74682955216542,4,True,0.6919999718666077,1,0,0,-1,0,0.0,0.0,0.0,0,0,nan,nan,nan,73,26.100000381469727,0.0,37.0,0,28,-,SELECT OWNER FIRST,
2026-07-18T15:18:15.633,1214.634,mission_20260718_145801_manual,MANUAL,,0,13.33033561706543,100.99790954589844,149.74576404265488,4,True,0.6915000081062317,1,0,0,-1,0,0.0,0.0,0.0,0,0,nan,nan,nan,73,26.100000381469727,0.0,37.0,0,28,-,SELECT OWNER FIRST,
2026-07-18T15:18:17.677,1216.678,mission_20260718_145801_manual,MANUAL,,0,13.330334663391113,100.99791717529297,149.74029989131887,4,True,0.6922500133514404,1,0,0,-1,0,0.0,0.0,0.0,0,0,nan,nan,nan,73,26.100000381469727,0.0,37.0,0,29,-,SELECT OWNER FIRST,
2026-07-18T15:18:19.719,1218.719,mission_20260718_145801_manual,MANUAL,,0,13.330333709716797,100.99791717529297,149.73333309836548,4,True,0.6927499771118164,1,0,0,-1,0,0.0,0.0,0.0,0,0,nan,nan,nan,73,26.100000381469727,0.0,37.0,0,29,-,SELECT OWNER FIRST,
2026-07-18T15:18:21.769,1220.77,mission_20260718_145801_manual,MANUAL,,0,13.33033561706543,100.99790954589844,149.73178947561306,4,True,0.6890000104904175,1,0,0,-1,0,0.0,0.0,0.0,0,0,nan,nan,nan,73,26.100000381469727,0.0,37.0,0,29,-,SELECT OWNER FIRST,
2026-07-18T15:18:23.813,1222.813,mission_20260718_145801_manual,MANUAL,,0,13.330331802368164,100.99790954589844,149.7308195887509,4,True,0.6902499794960022,1,0,0,-1,0,0.0,0.0,0.0,0,0,nan,nan,nan,73,26.100000381469727,0.0,37.0,0,28,-,SELECT OWNER FIRST,
2026-07-18T15:18:25.846,1224.847,mission_20260718_145801_manual,MANUAL,,0,13.330330848693848,100.99790954589844,149.7310927963177,4,True,0.6915000081062317,1,0,0,-1,0,0.0,0.0,0.0,0,0,nan,nan,nan,73,26.100000381469727,0.0,37.0,0,28,-,SELECT OWNER FIRST,
2026-07-18T15:18:27.885,1226.885,mission_20260718_145801_manual,MANUAL,,0,13.330330848693848,100.99790954589844,149.71983664456553,4,True,0.6919999718666077,1,0,0,-1,0,0.0,0.0,0.0,0,0,nan,nan,nan,73,26.100000381469727,0.0,37.0,0,28,-,SELECT OWNER FIRST,
2026-07-18T15:18:29.940,1228.94,mission_20260718_145801_manual,MANUAL,,0,13.330330848693848,100.99790954589844,149.71661279527729,4,True,0.6915000081062317,1,0,0,-1,0,0.0,0.0,0.0,0,0,nan,nan,nan,73,26.100000381469727,0.0,37.0,0,28,-,SELECT OWNER FIRST,
2026-07-18T15:18:31.977,1230.977,mission_20260718_145801_manual,MANUAL,,0,13.330329895019531,100.99790954589844,149.70974162497225,4,True,0.6924999952316284,1,0,0,-1,0,0.0,0.0,0.0,0,0,nan,nan,nan,73,26.100000381469727,0.0,37.0,0,28,-,SELECT OWNER FIRST,
2026-07-18T15:18:34.021,1233.022,mission_20260718_145801_manual,MANUAL,,0,13.330328941345215,100.99790954589844,149.70296607731558,4,True,0.6912500262260437,1,0,0,-1,0,0.0,0.0,0.0,0,0,nan,nan,nan,73,26.100000381469727,0.0,37.0,0,28,-,SELECT OWNER FIRST,
2026-07-18T15:18:36.068,1235.068,mission_20260718_145801_manual,MANUAL,,0,13.330327033996582,100.99790954589844,149.7048102283915,4,True,0.6902499794960022,1,0,0,-1,0,0.0,0.0,0.0,0,0,nan,nan,nan,73,26.100000381469727,0.0,37.0,0,29,-,SELECT OWNER FIRST,
2026-07-18T15:18:38.106,1237.106,mission_20260718_145801_manual,MANUAL,,0,13.330326080322266,100.99790954589844,149.70793845503135,4,True,0.6919999718666077,1,0,0,-1,0,0.0,0.0,0.0,0,0,nan,nan,nan,73,26.100000381469727,0.0,37.0,0,28,-,SELECT OWNER FIRST,
2026-07-18T15:18:40.163,1239.164,mission_20260718_145801_manual,MANUAL,,0,13.330324172973633,100.99790954589844,149.70366275661092,4,True,0.6919999718666077,1,0,0,-1,0,0.0,0.0,0.0,0,0,nan,nan,nan,73,26.100000381469727,0.0,37.0,0,28,-,SELECT OWNER FIRST,
2026-07-18T15:18:42.213,1241.214,mission_20260718_145801_manual,MANUAL,,0,13.330322265625,100.99790954589844,149.6959309824705,4,True,0.6892499923706055,1,0,0,-1,0,0.0,0.0,0.0,0,0,nan,nan,nan,73,26.100000381469727,0.0,37.0,0,27,-,SELECT OWNER FIRST,
2026-07-18T15:18:44.247,1243.248,mission_20260718_145801_manual,MANUAL,,0,13.330320358276367,100.99790954589844,149.69461958614983,4,True,0.6917499899864197,1,0,0,-1,0,0.0,0.0,0.0,0,0,nan,nan,nan,73,26.100000381469727,0.0,37.0,0,27,-,SELECT OWNER FIRST,
2026-07-18T15:18:46.303,1245.303,mission_20260718_145801_manual,MANUAL,,0,13.33031940460205,100.99790954589844,149.6844972457999,4,True,0.6917499899864197,1,0,0,-1,0,0.0,0.0,0.0,0,0,nan,nan,nan,73,26.100000381469727,0.0,37.0,0,27,-,SELECT OWNER FIRST,
2026-07-18T15:18:48.340,1247.34,mission_20260718_145801_manual,MANUAL,,0,13.33031940460205,100.99790954589844,149.69639543533404,4,True,0.690750002861023,1,0,0,-1,0,0.0,0.0,0.0,0,0,nan,nan,nan,73,26.100000381469727,0.0,37.0,0,27,-,SELECT OWNER FIRST,
2026-07-18T15:18:50.385,1249.386,mission_20260718_145801_manual,MANUAL,,0,13.330318450927734,100.9979019165039,149.6919831331302,4,True,0.6892499923706055,1,0,0,-1,0,0.0,0.0,0.0,0,0,nan,nan,nan,73,26.100000381469727,0.0,37.0,0,27,-,SELECT OWNER FIRST,
2026-07-18T15:18:52.426,1251.426,mission_20260718_145801_manual,MANUAL,,0,13.330316543579102,100.9979019165039,149.68946962351563,4,True,0.6902499794960022,1,0,0,-1,0,0.0,0.0,0.0,0,0,nan,nan,nan,73,26.100000381469727,0.0,37.0,0,27,-,SELECT OWNER FIRST,
2026-07-18T15:18:54.490,1253.491,mission_20260718_145801_manual,MANUAL,,0,13.330316543579102,100.9979019165039,149.684060113693,4,True,0.6894999742507935,1,0,0,-1,0,0.0,0.0,0.0,0,0,nan,nan,nan,73,26.100000381469727,0.0,37.0,0,26,-,SELECT OWNER FIRST,
2026-07-18T15:18:56.532,1255.532,mission_20260718_145801_manual,MANUAL,,0,13.330315589904785,100.9979019165039,149.68560373644542,4,True,0.6917499899864197,1,0,0,-1,0,0.0,0.0,0.0,0,0,nan,nan,nan,73,26.100000381469727,0.0,37.0,0,27,-,SELECT OWNER FIRST,
2026-07-18T15:18:58.567,1257.568,mission_20260718_145801_manual,MANUAL,,0,13.330315589904785,100.9979019165039,149.69285739734397,4,True,0.6902499794960022,1,0,0,-1,0,0.0,0.0,0.0,0,0,nan,nan,nan,73,26.100000381469727,0.0,37.0,0,27,-,SELECT OWNER FIRST,
2026-07-18T15:19:00.594,1259.595,mission_20260718_145801_manual,MANUAL,,0,13.330313682556152,100.9979019165039,149.69461958614983,4,True,0.6919999718666077,1,0,0,-1,0,0.0,0.0,0.0,0,0,nan,nan,nan,73,26.100000381469727,0.0,37.0,0,27,-,SELECT OWNER FIRST,
2026-07-18T15:19:02.635,1261.636,mission_20260718_145801_manual,MANUAL,,0,13.330309867858887,100.9979019165039,149.6816012455918,4,True,0.690500020980835,1,0,0,-1,0,0.0,0.0,0.0,0,0,nan,nan,nan,73,26.100000381469727,0.0,37.0,0,26,-,SELECT OWNER FIRST,
2026-07-18T15:19:04.677,1263.678,mission_20260718_145801_manual,MANUAL,,0,13.33030891418457,100.9979019165039,149.68375958536953,4,True,0.6922500133514404,1,0,0,-1,0,0.0,0.0,0.0,0,0,nan,nan,nan,73,26.100000381469727,0.0,37.0,0,29,-,SELECT OWNER FIRST,
2026-07-18T15:19:06.726,1265.727,mission_20260718_145801_manual,MANUAL,,0,13.330307960510254,100.9979019165039,149.67952486808412,4,True,0.690750002861023,1,0,0,-1,0,0.0,0.0,0.0,0,0,nan,nan,nan,73,26.100000381469727,0.0,37.0,0,27,-,SELECT OWNER FIRST,
2026-07-18T15:19:08.771,1267.771,mission_20260718_145801_manual,MANUAL,,0,13.330307006835938,100.9979019165039,149.67833641516853,4,True,0.6884999871253967,1,0,0,-1,0,0.0,0.0,0.0,0,0,nan,nan,nan,73,26.100000381469727,0.0,37.0,0,27,-,SELECT OWNER FIRST,
2026-07-18T15:19:10.822,1269.822,mission_20260718_145801_manual,MANUAL,,0,13.330306053161621,100.9979019165039,149.67626003766085,4,True,0.6915000081062317,1,0,0,-1,0,0.0,0.0,0.0,0,0,nan,nan,nan,73,26.100000381469727,0.0,37.0,0,26,-,SELECT OWNER FIRST,
2026-07-18T15:19:12.857,1271.858,mission_20260718_145801_manual,MANUAL,,0,13.330307006835938,100.9979019165039,149.67571362252724,4,True,0.6884999871253967,1,0,0,-1,0,0.0,0.0,0.0,0,0,nan,nan,nan,73,26.100000381469727,0.0,37.0,0,26,-,SELECT OWNER FIRST,
2026-07-18T15:19:14.906,1273.906,mission_20260718_145801_manual,MANUAL,,0,13.330307960510254,100.9979019165039,149.68427867974643,4,True,0.6915000081062317,1,0,0,-1,0,0.0,0.0,0.0,0,0,nan,nan,nan,73,26.100000381469727,0.0,37.0,0,25,-,SELECT OWNER FIRST,
2026-07-18T15:19:16.952,1275.952,mission_20260718_145801_manual,MANUAL,,0,13.33030891418457,100.9979019165039,149.6851529439602,4,True,0.6912500262260437,1,0,0,-1,0,0.0,0.0,0.0,0,0,nan,nan,nan,73,26.100000381469727,0.0,37.0,0,26,-,SELECT OWNER FIRST,
2026-07-18T15:19:18.994,1277.994,mission_20260718_145801_manual,MANUAL,,0,13.33030891418457,100.9979019165039,149.67690207544283,4,True,0.6890000104904175,1,0,0,-1,0,0.0,0.0,0.0,0,0,nan,nan,nan,73,26.100000381469727,0.0,37.0,0,26,-,SELECT OWNER FIRST,
2026-07-18T15:19:21.026,1280.026,mission_20260718_145801_manual,MANUAL,,0,13.33030891418457,100.9979019165039,149.68102750970152,4,True,0.6902499794960022,1,0,0,-1,0,0.0,0.0,0.0,0,0,nan,nan,nan,73,26.100000381469727,0.0,37.0,0,26,-,SELECT OWNER FIRST,
2026-07-18T15:19:23.058,1282.058,mission_20260718_145801_manual,MANUAL,,0,13.330307960510254,100.9979019165039,149.6845655476916,4,True,0.6915000081062317,1,0,0,-1,0,0.0,0.0,0.0,0,0,nan,nan,nan,73,26.100000381469727,0.0,37.0,0,26,-,SELECT OWNER FIRST,
2026-07-18T15:19:25.106,1284.107,mission_20260718_145801_manual,MANUAL,,0,13.330307960510254,100.99789428710938,149.68131437764666,4,True,0.6917499899864197,1,0,0,-1,0,0.0,0.0,0.0,0,0,nan,nan,nan,73,26.100000381469727,0.0,37.0,0,26,-,SELECT OWNER FIRST,
2026-07-18T15:19:27.139,1286.139,mission_20260718_145801_manual,MANUAL,,0,13.330307006835938,100.99789428710938,149.6790467548422,4,True,0.6919999718666077,1,0,0,-1,0,0.0,0.0,0.0,0,0,nan,nan,nan,73,26.100000381469727,0.0,37.0,0,26,-,SELECT OWNER FIRST,
2026-07-18T15:19:29.195,1288.196,mission_20260718_145801_manual,MANUAL,,0,13.330306053161621,100.99789428710938,149.68205203807702,4,True,0.6912500262260437,1,0,0,-1,0,0.0,0.0,0.0,0,0,nan,nan,nan,73,26.100000381469727,0.0,37.0,0,28,-,SELECT OWNER FIRST,
2026-07-18T15:19:31.245,1290.245,mission_20260718_145801_manual,MANUAL,,0,13.330307006835938,100.99789428710938,149.6755906791222,4,True,0.6917499899864197,1,0,0,-1,0,0.0,0.0,0.0,0,0,nan,nan,nan,73,26.100000381469727,0.0,37.0,0,26,-,SELECT OWNER FIRST,
2026-07-18T15:19:33.297,1292.297,mission_20260718_145801_manual,MANUAL,,0,13.330307006835938,100.99789428710938,149.68811724606,4,True,0.6894999742507935,1,0,0,-1,0,0.0,0.0,0.0,0,0,nan,nan,nan,73,26.100000381469727,0.0,37.0,0,26,-,SELECT OWNER FIRST,
2026-07-18T15:19:35.350,1294.35,mission_20260718_145801_manual,MANUAL,,0,13.330307006835938,100.99789428710938,149.71026071934918,4,True,0.6915000081062317,1,0,0,-1,0,0.0,0.0,0.0,0,0,nan,nan,nan,73,26.100000381469727,0.0,37.0,0,25,-,SELECT OWNER FIRST,
2026-07-18T15:19:37.388,1296.388,mission_20260718_145801_manual,MANUAL,,0,13.330307960510254,100.99789428710938,149.73256811717843,4,True,0.6917499899864197,1,0,0,-1,0,0.0,0.0,0.0,0,0,nan,nan,nan,73,26.100000381469727,0.0,37.0,0,27,-,SELECT OWNER FIRST,
2026-07-18T15:19:39.419,1298.42,mission_20260718_145801_manual,MANUAL,,0,13.33030891418457,100.99789428710938,149.7563781566251,4,True,0.6912500262260437,1,0,0,-1,0,0.0,0.0,0.0,0,0,nan,nan,nan,73,26.100000381469727,0.0,37.0,0,27,-,SELECT OWNER FIRST,
2026-07-18T15:19:41.468,1300.468,mission_20260718_145801_manual,MANUAL,,0,13.330309867858887,100.99789428710938,149.76507981762768,4,True,0.6927499771118164,1,0,0,-1,0,0.0,0.0,0.0,0,0,nan,nan,nan,73,26.100000381469727,0.0,37.0,0,26,-,SELECT OWNER FIRST,
2026-07-18T15:19:43.502,1302.503,mission_20260718_145801_manual,MANUAL,,0,13.330310821533203,100.99789428710938,149.7892450269112,4,True,0.6884999871253967,1,0,0,-1,0,0.0,0.0,0.0,0,0,nan,nan,nan,73,26.100000381469727,0.0,37.0,0,24,-,SELECT OWNER FIRST,
2026-07-18T15:19:45.536,1304.536,mission_20260718_145801_manual,MANUAL,,0,13.33031177520752,100.99789428710938,149.79875265023585,4,True,0.6915000081062317,1,0,0,-1,0,0.0,0.0,0.0,0,0,nan,nan,nan,73,26.100000381469727,0.0,37.0,0,27,-,SELECT OWNER FIRST,
2026-07-18T15:19:47.559,1306.559,mission_20260718_145801_manual,MANUAL,,0,13.330312728881836,100.99789428710938,149.81280917954774,4,True,0.6897500157356262,1,0,0,-1,0,0.0,0.0,0.0,0,0,nan,nan,nan,73,26.100000381469727,0.0,37.0,0,27,-,SELECT OWNER FIRST,
2026-07-18T15:19:49.576,1308.577,mission_20260718_145801_manual,MANUAL,,0,13.330313682556152,100.99789428710938,149.82950216187925,4,True,0.690750002861023,1,0,0,-1,0,0.0,0.0,0.0,0,0,nan,nan,nan,73,26.100000381469727,0.0,37.0,0,27,-,SELECT OWNER FIRST,
2026-07-18T15:19:51.603,1310.603,mission_20260718_145801_manual,MANUAL,,0,13.330313682556152,100.99789428710938,149.848052955665,4,True,0.6902499794960022,1,0,0,-1,0,0.0,0.0,0.0,0,0,nan,nan,nan,73,26.100000381469727,0.0,37.0,0,26,-,SELECT OWNER FIRST,
2026-07-18T15:19:53.613,1312.614,mission_20260718_145801_manual,MANUAL,,0,13.330314636230469,100.99789428710938,149.86571582485865,4,True,0.6912500262260437,1,0,0,-1,0,0.0,0.0,0.0,0,0,nan,nan,nan,73,26.100000381469727,0.0,37.0,0,26,-,SELECT OWNER FIRST,
2026-07-18T15:19:55.657,1314.657,mission_20260718_145801_manual,MANUAL,,0,13.330314636230469,100.99789428710938,149.88116571276123,4,True,0.6902499794960022,1,0,0,-1,0,0.0,0.0,0.0,0,0,nan,nan,nan,73,26.100000381469727,0.0,37.0,0,26,-,SELECT OWNER FIRST,
2026-07-18T15:19:57.690,1316.69,mission_20260718_145801_manual,MANUAL,,0,13.330315589904785,100.99788665771484,149.8856326564784,4,True,0.6917499899864197,1,0,0,-1,0,0.0,0.0,0.0,0,0,nan,nan,nan,73,26.100000381469727,0.0,37.0,0,27,-,SELECT OWNER FIRST,
2026-07-18T15:19:59.725,1318.725,mission_20260718_145801_manual,MANUAL,,0,13.330315589904785,100.99788665771484,149.89564571380166,4,True,0.6902499794960022,1,0,0,-1,0,0.0,0.0,0.0,0,0,nan,nan,nan,73,26.100000381469727,0.0,37.0,0,27,-,SELECT OWNER FIRST,
2026-07-18T15:20:01.764,1320.765,mission_20260718_145801_manual,MANUAL,,0,13.330316543579102,100.99788665771484,149.89967552541196,4,True,0.6919999718666077,1,0,0,-1,0,0.0,0.0,0.0,0,0,nan,nan,nan,73,26.100000381469727,0.0,37.0,0,25,-,SELECT OWNER FIRST,
2026-07-18T15:20:03.792,1322.793,mission_20260718_145801_manual,MANUAL,,0,13.330316543579102,100.99788665771484,149.91780284746918,4,True,0.690500020980835,1,0,0,-1,0,0.0,0.0,0.0,0,0,nan,nan,nan,73,26.100000381469727,0.0,37.0,0,27,-,SELECT OWNER FIRST,
2026-07-18T15:20:05.842,1324.842,mission_20260718_145801_manual,MANUAL,,0,13.330316543579102,100.99788665771484,149.92250201761814,4,True,0.6887500286102295,1,0,0,-1,0,0.0,0.0,0.0,0,0,nan,nan,nan,73,26.100000381469727,0.0,37.0,0,27,-,SELECT OWNER FIRST,
2026-07-18T15:20:07.869,1326.869,mission_20260718_145801_manual,MANUAL,,0,13.330316543579102,100.99788665771484,149.9356296412029,4,True,0.6902499794960022,1,0,0,-1,0,0.0,0.0,0.0,0,0,nan,nan,nan,73,26.100000381469727,0.0,37.0,0,29,-,SELECT OWNER FIRST,
2026-07-18T15:20:09.894,1328.895,mission_20260718_145801_manual,MANUAL,,0,13.330316543579102,100.99788665771484,149.94766443452048,4,True,0.6912500262260437,1,0,0,-1,0,0.0,0.0,0.0,0,0,nan,nan,nan,73,26.100000381469727,0.0,37.0,0,29,-,SELECT OWNER FIRST,
2026-07-18T15:20:11.940,1330.941,mission_20260718_145801_manual,MANUAL,,0,13.330316543579102,100.99788665771484,149.95976752972973,4,True,0.6902499794960022,1,0,0,-1,0,0.0,0.0,0.0,0,0,nan,nan,nan,73,26.100000381469727,0.0,37.0,0,29,-,SELECT OWNER FIRST,
2026-07-18T15:20:13.977,1332.978,mission_20260718_145801_manual,MANUAL,,0,13.330315589904785,100.99788665771484,149.96424813382527,4,True,0.6899999976158142,1,0,0,-1,0,0.0,0.0,0.0,0,0,nan,nan,nan,73,26.100000381469727,0.0,37.0,0,29,-,SELECT OWNER FIRST,
2026-07-18T15:20:16.010,1335.011,mission_20260718_145801_manual,MANUAL,,0,13.330315589904785,100.99788665771484,149.94165386805085,4,True,0.690750002861023,1,0,0,-1,0,0.0,0.0,0.0,0,0,nan,nan,nan,73,26.100000381469727,0.0,37.0,0,30,-,SELECT OWNER FIRST,
2026-07-18T15:20:18.033,1337.033,mission_20260718_145801_manual,MANUAL,,0,13.330315589904785,100.99788665771484,149.93300684856163,4,True,0.6899999976158142,1,0,0,-1,0,0.0,0.0,0.0,0,0,nan,nan,nan,73,26.100000381469727,0.0,37.0,0,30,-,SELECT OWNER FIRST,
2026-07-18T15:20:20.057,1339.057,mission_20260718_145801_manual,MANUAL,,0,13.330315589904785,100.99788665771484,149.91800775314428,4,True,0.6924999952316284,1,0,0,-1,0,0.0,0.0,0.0,0,0,nan,nan,nan,73,26.100000381469727,0.0,37.0,0,30,-,SELECT OWNER FIRST,
2026-07-18T15:20:22.091,1341.092,mission_20260718_145801_manual,MANUAL,,0,13.330315589904785,100.99788665771484,149.91696956439043,4,True,0.6919999718666077,1,0,0,-1,0,0.0,0.0,0.0,0,0,nan,nan,nan,73,26.100000381469727,0.0,37.0,0,30,-,SELECT OWNER FIRST,
2026-07-18T15:20:24.129,1343.13,mission_20260718_145801_manual,MANUAL,,0,13.330315589904785,100.99788665771484,149.9118059413779,4,True,0.6917499899864197,1,0,0,-1,0,0.0,0.0,0.0,0,0,nan,nan,nan,73,26.100000381469727,0.0,37.0,0,30,-,SELECT OWNER FIRST,
2026-07-18T15:20:26.152,1345.153,mission_20260718_145801_manual,MANUAL,,0,13.330315589904785,100.99788665771484,149.9125572621866,4,True,0.6919999718666077,1,0,0,-1,0,0.0,0.0,0.0,0,0,nan,nan,nan,73,26.100000381469727,0.0,37.0,0,30,-,SELECT OWNER FIRST,
2026-07-18T15:20:28.188,1347.189,mission_20260718_145801_manual,MANUAL,,0,13.330315589904785,100.99788665771484,149.90673794101374,4,True,0.6927499771118164,1,0,0,-1,0,0.0,0.0,0.0,0,0,nan,nan,nan,73,26.100000381469727,0.0,37.0,0,30,-,SELECT OWNER FIRST,
2026-07-18T15:20:30.209,1349.21,mission_20260718_145801_manual,MANUAL,,0,13.330315589904785,100.99788665771484,149.8846354488596,4,True,0.6924999952316284,1,0,0,-1,0,0.0,0.0,0.0,0,0,nan,nan,nan,73,26.100000381469727,0.0,37.0,0,30,-,SELECT OWNER FIRST,
2026-07-18T15:20:32.244,1351.245,mission_20260718_145801_manual,MANUAL,,0,13.330316543579102,100.99788665771484,149.87653484450396,4,True,0.690500020980835,1,0,0,-1,0,0.0,0.0,0.0,0,0,nan,nan,nan,73,26.100000381469727,0.0,37.0,0,30,-,SELECT OWNER FIRST,
2026-07-18T15:20:34.262,1353.262,mission_20260718_145801_manual,MANUAL,,0,13.330316543579102,100.99788665771484,149.8692811836054,4,True,0.6894999742507935,1,0,0,-1,0,0.0,0.0,0.0,0,0,nan,nan,nan,73,26.100000381469727,0.0,37.0,0,30,-,SELECT OWNER FIRST,
2026-07-18T15:20:36.305,1355.305,mission_20260718_145801_manual,MANUAL,,0,13.330316543579102,100.99788665771484,149.8544050315931,4,True,0.6902499794960022,1,0,0,-1,0,0.0,0.0,0.0,0,0,nan,nan,nan,73,26.100000381469727,0.0,37.0,0,29,-,SELECT OWNER FIRST,
2026-07-18T15:20:38.336,1357.337,mission_20260718_145801_manual,MANUAL,,0,13.330316543579102,100.99788665771484,149.84894088025712,4,True,0.6915000081062317,1,0,0,-1,0,0.0,0.0,0.0,0,0,nan,nan,nan,73,26.100000381469727,0.0,37.0,0,30,-,SELECT OWNER FIRST,
2026-07-18T15:20:40.370,1359.37,mission_20260718_145801_manual,MANUAL,,0,13.330315589904785,100.99789428710938,149.83435159618995,4,True,0.6899999976158142,1,0,0,-1,0,0.0,0.0,0.0,0,0,nan,nan,nan,73,26.100000381469727,0.0,37.0,0,29,-,SELECT OWNER FIRST,
2026-07-18T15:20:42.391,1361.392,mission_20260718_145801_manual,MANUAL,,0,13.330315589904785,100.99789428710938,149.82783559572178,4,True,0.6912500262260437,1,0,0,-1,0,0.0,0.0,0.0,0,0,nan,nan,nan,73,26.100000381469727,0.0,37.0,0,29,-,SELECT OWNER FIRST,
2026-07-18T15:20:44.428,1363.428,mission_20260718_145801_manual,MANUAL,,0,13.330316543579102,100.99789428710938,149.82717989756145,4,True,0.6884999871253967,1,0,0,-1,0,0.0,0.0,0.0,0,0,nan,nan,nan,73,26.100000381469727,0.0,37.0,0,28,-,SELECT OWNER FIRST,
2026-07-18T15:20:46.459,1365.46,mission_20260718_145801_manual,MANUAL,,0,13.330317497253418,100.99789428710938,149.8266198220495,4,True,0.6915000081062317,1,0,0,-1,0,0.0,0.0,0.0,0,0,nan,nan,nan,73,26.100000381469727,0.0,37.0,0,27,-,SELECT OWNER FIRST,
2026-07-18T15:20:48.497,1367.498,mission_20260718_145801_manual,MANUAL,,0,13.330320358276367,100.99788665771484,149.8267837465896,4,True,0.6884999871253967,1,0,0,-1,0,0.0,0.0,0.0,0,0,nan,nan,nan,73,26.100000381469727,0.0,37.0,0,27,-,SELECT OWNER FIRST,
2026-07-18T15:20:50.538,1369.539,mission_20260718_145801_manual,MANUAL,,0,13.33031940460205,100.99789428710938,149.81401129284166,4,True,0.6917499899864197,1,0,0,-1,0,0.0,0.0,0.0,0,0,nan,nan,nan,73,26.100000381469727,0.0,37.0,0,26,-,SELECT OWNER FIRST,
2026-07-18T15:20:52.566,1371.566,mission_20260718_145801_manual,MANUAL,,0,13.33031940460205,100.99789428710938,149.8014710655255,4,True,0.690500020980835,1,0,0,-1,0,0.0,0.0,0.0,0,0,nan,nan,nan,73,26.100000381469727,0.0,37.0,0,25,-,SELECT OWNER FIRST,
2026-07-18T15:20:54.606,1373.607,mission_20260718_145801_manual,MANUAL,,0,13.330320358276367,100.99789428710938,149.78965483826138,4,True,0.6892499923706055,1,0,0,-1,0,0.0,0.0,0.0,0,0,nan,nan,nan,73,26.100000381469727,0.0,37.0,0,24,-,SELECT OWNER FIRST,
2026-07-18T15:20:56.651,1375.652,mission_20260718_145801_manual,MANUAL,,0,13.330321311950684,100.99789428710938,149.80044653715,4,True,0.6922500133514404,1,0,0,-1,0,0.0,0.0,0.0,0,0,nan,nan,nan,73,26.100000381469727,0.0,37.0,0,26,-,SELECT OWNER FIRST,
2026-07-18T15:20:58.692,1377.693,mission_20260718_145801_manual,MANUAL,,0,13.330321311950684,100.99789428710938,149.8022497070909,4,True,0.690750002861023,1,0,0,-1,0,0.0,0.0,0.0,0,0,nan,nan,nan,73,26.100000381469727,0.0,37.0,0,27,-,SELECT OWNER FIRST,
2026-07-18T15:21:00.729,1379.73,mission_20260718_145801_manual,MANUAL,,0,13.330321311950684,100.99789428710938,149.80260487692775,4,True,0.6902499794960022,1,0,0,-1,0,0.0,0.0,0.0,0,0,nan,nan,nan,73,26.100000381469727,0.0,37.0,0,27,-,SELECT OWNER FIRST,
2026-07-18T15:21:02.782,1381.783,mission_20260718_145801_manual,MANUAL,,0,13.330320358276367,100.99789428710938,149.78813853626565,4,True,0.6897500157356262,1,0,0,-1,0,0.0,0.0,0.0,0,0,nan,nan,nan,73,26.100000381469727,0.0,37.0,0,28,-,SELECT OWNER FIRST,
2026-07-18T15:21:04.820,1383.82,mission_20260718_145801_manual,MANUAL,,0,13.330320358276367,100.99789428710938,149.77544804478777,4,True,0.6915000081062317,1,0,0,-1,0,0.0,0.0,0.0,0,0,nan,nan,nan,73,26.100000381469727,0.0,37.0,0,28,-,SELECT OWNER FIRST,
2026-07-18T15:21:06.847,1385.848,mission_20260718_145801_manual,MANUAL,,0,13.330320358276367,100.99789428710938,149.77942321488473,4,True,0.6924999952316284,1,0,0,-1,0,0.0,0.0,0.0,0,0,nan,nan,nan,73,26.100000381469727,0.0,37.0,0,27,-,SELECT OWNER FIRST,
2026-07-18T15:21:08.888,1387.888,mission_20260718_145801_manual,MANUAL,,0,13.330320358276367,100.99789428710938,149.77792057326732,4,True,0.6912500262260437,1,0,0,-1,0,0.0,0.0,0.0,0,0,nan,nan,nan,73,26.100000381469727,0.0,37.0,0,27,-,SELECT OWNER FIRST,
2026-07-18T15:21:10.942,1389.943,mission_20260718_145801_manual,MANUAL,,0,13.33031940460205,100.99789428710938,149.79160827236402,4,True,0.6915000081062317,1,0,0,-1,0,0.0,0.0,0.0,0,0,nan,nan,nan,73,26.100000381469727,0.0,37.0,0,27,-,SELECT OWNER FIRST,
2026-07-18T15:21:12.975,1391.976,mission_20260718_145801_manual,MANUAL,,0,13.33031940460205,100.99789428710938,149.78868495139926,4,True,0.6927499771118164,1,0,0,-1,0,0.0,0.0,0.0,0,0,nan,nan,nan,73,26.100000381469727,0.0,37.0,0,26,-,SELECT OWNER FIRST,
2026-07-18T15:21:15.001,1394.001,mission_20260718_145801_manual,MANUAL,,0,13.330318450927734,100.99789428710938,149.78294759249644,4,True,0.6912500262260437,1,0,0,-1,0,0.0,0.0,0.0,0,0,nan,nan,nan,73,26.100000381469727,0.0,37.0,0,25,-,SELECT OWNER FIRST,
2026-07-18T15:21:17.025,1396.025,mission_20260718_145801_manual,MANUAL,,0,13.330318450927734,100.99789428710938,149.77275695025477,4,True,0.690500020980835,1,0,0,-1,0,0.0,0.0,0.0,0,0,nan,nan,nan,73,26.100000381469727,0.0,37.0,0,27,-,SELECT OWNER FIRST,
2026-07-18T15:21:19.078,1398.079,mission_20260718_145801_manual,MANUAL,,0,13.330317497253418,100.99789428710938,149.77270230874143,4,True,0.6909999847412109,1,0,0,-1,0,0.0,0.0,0.0,0,0,nan,nan,nan,73,26.100000381469727,0.0,37.0,0,25,-,SELECT OWNER FIRST,
2026-07-18T15:21:21.125,1400.126,mission_20260718_145801_manual,MANUAL,,0,13.33031940460205,100.99789428710938,149.7890811023711,4,True,0.690750002861023,1,0,0,-1,0,0.0,0.0,0.0,0,0,nan,nan,nan,73,26.100000381469727,0.0,37.0,0,26,-,SELECT OWNER FIRST,
2026-07-18T15:21:23.159,1402.159,mission_20260718_145801_manual,MANUAL,,0,13.330318450927734,100.99789428710938,149.7914716685806,4,True,0.6897500157356262,1,0,0,-1,0,0.0,0.0,0.0,0,0,nan,nan,nan,73,26.100000381469727,0.0,37.0,0,24,-,SELECT OWNER FIRST,
2026-07-18T15:21:25.203,1404.203,mission_20260718_145801_manual,MANUAL,,0,13.330318450927734,100.99789428710938,149.78807023437395,4,True,0.6909999847412109,1,0,0,-1,0,0.0,0.0,0.0,0,0,nan,nan,nan,73,26.100000381469727,0.0,37.0,0,24,-,SELECT OWNER FIRST,
2026-07-18T15:21:27.226,1406.227,mission_20260718_145801_manual,MANUAL,,0,13.330317497253418,100.99789428710938,149.77110404447563,4,True,0.6924999952316284,1,0,0,-1,0,0.0,0.0,0.0,0,0,nan,nan,nan,73,26.100000381469727,0.0,37.0,0,25,-,SELECT OWNER FIRST,
2026-07-18T15:21:29.267,1408.268,mission_20260718_145801_manual,MANUAL,,0,13.330316543579102,100.99789428710938,149.78063898855697,4,True,0.6869999766349792,1,0,0,-1,0,0.0,0.0,0.0,0,0,nan,nan,nan,73,26.100000381469727,0.0,37.0,0,28,-,SELECT OWNER FIRST,
2026-07-18T15:21:31.299,1410.299,mission_20260718_145801_manual,MANUAL,,0,13.330315589904785,100.99789428710938,149.7914989893373,4,True,0.6915000081062317,1,0,0,-1,0,0.0,0.0,0.0,0,0,nan,nan,nan,73,26.100000381469727,0.0,37.0,0,28,-,SELECT OWNER FIRST,
2026-07-18T15:21:33.345,1412.345,mission_20260718_145801_manual,MANUAL,,0,13.330315589904785,100.99788665771484,149.8038206506,4,True,0.6909999847412109,1,0,0,-1,0,0.0,0.0,0.0,0,0,nan,nan,nan,73,26.100000381469727,0.0,37.0,0,28,-,SELECT OWNER FIRST,
2026-07-18T15:21:35.374,1414.374,mission_20260718_145801_manual,MANUAL,,0,13.330314636230469,100.99788665771484,149.81662042510462,4,True,0.6894999742507935,1,0,0,-1,0,0.0,0.0,0.0,0,0,nan,nan,nan,73,26.100000381469727,0.0,37.0,0,27,-,SELECT OWNER FIRST,
2026-07-18T15:21:37.417,1416.418,mission_20260718_145801_manual,MANUAL,,0,13.330312728881836,100.99789428710938,149.83884586066384,4,True,0.6899999976158142,1,0,0,-1,0,0.0,0.0,0.0,0,0,nan,nan,nan,73,26.100000381469727,0.0,37.0,0,28,-,SELECT OWNER FIRST,
2026-07-18T15:21:39.452,1418.452,mission_20260718_145801_manual,MANUAL,,0,13.330312728881836,100.99789428710938,149.8590768809854,4,True,0.690750002861023,1,0,0,-1,0,0.0,0.0,0.0,0,0,nan,nan,nan,73,26.100000381469727,0.0,37.0,0,29,-,SELECT OWNER FIRST,
2026-07-18T15:21:41.465,1420.465,mission_20260718_145801_manual,MANUAL,,0,13.330312728881836,100.99789428710938,149.87430820283453,4,True,0.6887500286102295,1,0,0,-1,0,0.0,0.0,0.0,0,0,nan,nan,nan,73,26.100000381469727,0.0,37.0,0,28,-,SELECT OWNER FIRST,
2026-07-18T15:21:43.490,1422.49,mission_20260718_145801_manual,MANUAL,,0,13.330313682556152,100.99789428710938,149.87917129752358,4,True,0.6875,1,0,0,-1,0,0.0,0.0,0.0,0,0,nan,nan,nan,73,26.100000381469727,0.0,37.0,0,28,-,SELECT OWNER FIRST,
2026-07-18T15:21:45.523,1424.524,mission_20260718_145801_manual,MANUAL,,0,13.330314636230469,100.99788665771484,149.89541348736986,4,True,0.6884999871253967,1,0,0,-1,0,0.0,0.0,0.0,0,0,nan,nan,nan,73,26.100000381469727,0.0,37.0,0,27,-,SELECT OWNER FIRST,
2026-07-18T15:21:47.562,1426.563,mission_20260718_145801_manual,MANUAL,,0,13.330315589904785,100.99788665771484,149.90963394122184,4,True,0.6915000081062317,1,0,0,-1,0,0.0,0.0,0.0,0,0,nan,nan,nan,73,26.100000381469727,0.0,37.0,0,28,-,SELECT OWNER FIRST,
2026-07-18T15:21:49.609,1428.609,mission_20260718_145801_manual,MANUAL,,0,13.330316543579102,100.99788665771484,149.92089009297402,4,True,0.6915000081062317,1,0,0,-1,0,0.0,0.0,0.0,0,0,nan,nan,nan,73,26.100000381469727,0.0,37.0,0,28,-,SELECT OWNER FIRST,
2026-07-18T15:21:51.669,1430.67,mission_20260718_145801_manual,MANUAL,,0,13.330317497253418,100.99788665771484,149.9281164331159,4,True,0.6890000104904175,1,0,0,-1,0,0.0,0.0,0.0,0,0,nan,nan,nan,73,26.100000381469727,0.0,37.0,0,28,-,SELECT OWNER FIRST,
2026-07-18T15:21:53.710,1432.71,mission_20260718_145801_manual,MANUAL,,0,13.330318450927734,100.99788665771484,149.93711862244197,4,True,0.690750002861023,1,0,0,-1,0,0.0,0.0,0.0,0,0,nan,nan,nan,73,26.100000381469727,0.0,37.0,0,28,-,SELECT OWNER FIRST,
2026-07-18T15:21:55.748,1434.748,mission_20260718_145801_manual,MANUAL,,0,13.33031940460205,100.99788665771484,149.95086096305204,4,True,0.6909999847412109,1,0,0,-1,0,0.0,0.0,0.0,0,0,nan,nan,nan,73,26.100000381469727,0.0,37.0,0,28,-,SELECT OWNER FIRST,
2026-07-18T15:21:57.771,1436.771,mission_20260718_145801_manual,MANUAL,,0,13.33031940460205,100.99788665771484,149.9467901703067,4,True,0.6909999847412109,1,0,0,-1,0,0.0,0.0,0.0,0,0,nan,nan,nan,73,26.100000381469727,0.0,37.0,0,28,-,SELECT OWNER FIRST,
2026-07-18T15:21:59.812,1438.812,mission_20260718_145801_manual,MANUAL,,0,13.33031940460205,100.99788665771484,149.96299137901798,4,True,0.6909999847412109,1,0,0,-1,0,0.0,0.0,0.0,0,0,nan,nan,nan,73,26.100000381469727,0.0,37.0,0,28,-,SELECT OWNER FIRST,
2026-07-18T15:22:01.864,1440.865,mission_20260718_145801_manual,MANUAL,,0,13.330318450927734,100.99788665771484,149.9776762857335,4,True,0.6919999718666077,1,0,0,-1,0,0.0,0.0,0.0,0,0,nan,nan,nan,73,26.100000381469727,0.0,37.0,0,28,-,SELECT OWNER FIRST,
2026-07-18T15:22:03.905,1442.905,mission_20260718_145801_manual,MANUAL,,0,13.330317497253418,100.99788665771484,149.97677470076306,4,True,0.6909999847412109,1,0,0,-1,0,0.0,0.0,0.0,0,0,nan,nan,nan,73,26.100000381469727,0.0,37.0,0,29,-,SELECT OWNER FIRST,
2026-07-18T15:22:05.935,1444.936,mission_20260718_145801_manual,MANUAL,,0,13.330316543579102,100.99788665771484,149.97622828562947,4,True,0.6912500262260437,1,0,0,-1,0,0.0,0.0,0.0,0,0,nan,nan,nan,73,26.100000381469727,0.0,37.0,0,29,-,SELECT OWNER FIRST,
2026-07-18T15:22:07.971,1446.971,mission_20260718_145801_manual,MANUAL,,0,13.330316543579102,100.99788665771484,149.9838234559865,4,True,0.6909999847412109,1,0,0,-1,0,0.0,0.0,0.0,0,0,nan,nan,nan,73,26.100000381469727,0.0,37.0,0,30,-,SELECT OWNER FIRST,
2026-07-18T15:22:10.026,1449.027,mission_20260718_145801_manual,MANUAL,,0,13.330315589904785,100.99788665771484,149.98348194652803,4,True,0.6899999976158142,1,0,0,-1,0,0.0,0.0,0.0,0,0,nan,nan,nan,73,26.100000381469727,0.0,36.0,0,29,-,SELECT OWNER FIRST,
2026-07-18T15:22:12.061,1451.061,mission_20260718_145801_manual,MANUAL,,0,13.330315589904785,100.99788665771484,149.9982488155136,4,True,0.6924999952316284,1,0,0,-1,0,0.0,0.0,0.0,0,0,nan,nan,nan,73,26.100000381469727,0.0,36.0,0,29,-,SELECT OWNER FIRST,
2026-07-18T15:22:14.098,1453.099,mission_20260718_145801_manual,MANUAL,,0,13.330314636230469,100.99788665771484,150.00462821219838,4,True,0.690500020980835,1,0,0,-1,0,0.0,0.0,0.0,0,0,nan,nan,nan,73,26.100000381469727,0.0,37.0,0,29,-,SELECT OWNER FIRST,
2026-07-18T15:22:16.137,1455.137,mission_20260718_145801_manual,MANUAL,,0,13.330314636230469,100.99788665771484,150.0135074581194,4,True,0.6902499794960022,1,0,0,-1,0,0.0,0.0,0.0,0,0,nan,nan,nan,73,26.100000381469727,0.0,37.0,0,29,-,SELECT OWNER FIRST,
2026-07-18T15:22:18.186,1457.187,mission_20260718_145801_manual,MANUAL,,0,13.330313682556152,100.99788665771484,149.99374089066137,4,True,0.690500020980835,1,0,0,-1,0,0.0,0.0,0.0,0,0,nan,nan,nan,73,26.100000381469727,0.0,37.0,0,29,-,SELECT OWNER FIRST,
2026-07-18T15:22:20.217,1459.217,mission_20260718_145801_manual,MANUAL,,0,13.330313682556152,100.99788665771484,150.00099455155993,4,True,0.6915000081062317,1,0,0,-1,0,0.0,0.0,0.0,0,0,nan,nan,nan,73,26.100000381469727,0.0,37.0,0,30,-,SELECT OWNER FIRST,
2026-07-18T15:22:22.252,1461.253,mission_20260718_145801_manual,MANUAL,,0,13.330314636230469,100.99788665771484,150.00592594814069,4,True,0.6890000104904175,1,0,0,-1,0,0.0,0.0,0.0,0,0,nan,nan,nan,73,26.100000381469727,0.0,37.0,0,30,-,SELECT OWNER FIRST,
2026-07-18T15:22:24.283,1463.284,mission_20260718_145801_manual,MANUAL,,0,13.330313682556152,100.99789428710938,150.0111851938016,4,True,0.690750002861023,1,0,0,-1,0,0.0,0.0,0.0,0,0,nan,nan,nan,73,26.100000381469727,0.0,36.0,0,29,-,SELECT OWNER FIRST,
2026-07-18T15:22:26.328,1465.328,mission_20260718_145801_manual,MANUAL,,0,13.330313682556152,100.99789428710938,150.01429976006312,4,True,0.6894999742507935,1,0,0,-1,0,0.0,0.0,0.0,0,0,nan,nan,nan,73,26.100000381469727,0.0,37.0,0,30,-,SELECT OWNER FIRST,
2026-07-18T15:22:28.367,1467.368,mission_20260718_145801_manual,MANUAL,,0,13.330313682556152,100.99789428710938,150.01363040152447,4,True,0.6915000081062317,1,0,0,-1,0,0.0,0.0,0.0,0,0,nan,nan,nan,73,26.100000381469727,0.0,36.0,0,30,-,SELECT OWNER FIRST,
2026-07-18T15:22:30.392,1469.393,mission_20260718_145801_manual,MANUAL,,0,13.330314636230469,100.99789428710938,150.01837055280845,4,True,0.6912500262260437,1,0,0,-1,0,0.0,0.0,0.0,0,0,nan,nan,nan,73,26.100000381469727,0.0,36.0,0,30,-,SELECT OWNER FIRST,
2026-07-18T15:22:32.444,1471.445,mission_20260718_145801_manual,MANUAL,,0,13.330314636230469,100.99789428710938,150.0293808177505,4,True,0.6917499899864197,1,0,0,-1,0,0.0,0.0,0.0,0,0,nan,nan,nan,73,26.100000381469727,0.0,36.0,0,30,-,SELECT OWNER FIRST,
2026-07-18T15:22:34.464,1473.465,mission_20260718_145801_manual,MANUAL,,0,13.330313682556152,100.99789428710938,150.04069161101606,4,True,0.6924999952316284,1,0,0,-1,0,0.0,0.0,0.0,0,0,nan,nan,nan,73,26.100000381469727,0.0,36.0,0,30,-,SELECT OWNER FIRST,
2026-07-18T15:22:36.498,1475.499,mission_20260718_145801_manual,MANUAL,,0,13.330313682556152,100.99789428710938,150.04294557344215,4,True,0.6897500157356262,1,0,0,-1,0,0.0,0.0,0.0,0,0,nan,nan,nan,73,26.100000381469727,0.0,36.0,0,30,-,SELECT OWNER FIRST,
2026-07-18T15:22:38.543,1477.544,mission_20260718_145801_manual,MANUAL,,0,13.330313682556152,100.99789428710938,150.04387447916926,4,True,0.690750002861023,1,0,0,-1,0,0.0,0.0,0.0,0,0,nan,nan,nan,73,26.100000381469727,0.0,36.0,0,30,-,SELECT OWNER FIRST,
2026-07-18T15:22:40.570,1479.57,mission_20260718_145801_manual,MANUAL,,0,13.330313682556152,100.99789428710938,150.0391479882636,4,True,0.6915000081062317,1,0,0,-1,0,0.0,0.0,0.0,0,0,nan,nan,nan,73,26.100000381469727,0.0,36.0,0,30,-,SELECT OWNER FIRST,
2026-07-18T15:22:42.593,1481.593,mission_20260718_145801_manual,MANUAL,,0,13.330312728881836,100.99789428710938,150.04481704527473,4,True,0.6899999976158142,1,0,0,-1,0,0.0,0.0,0.0,0,0,nan,nan,nan,73,26.100000381469727,0.0,36.0,0,30,-,SELECT OWNER FIRST,
2026-07-18T15:22:44.646,1483.646,mission_20260718_145801_manual,MANUAL,,0,13.330312728881836,100.99789428710938,150.04567764911016,4,True,0.6922500133514404,1,0,0,-1,0,0.0,0.0,0.0,0,0,nan,nan,nan,73,26.100000381469727,0.0,36.0,0,30,-,SELECT OWNER FIRST,
2026-07-18T15:22:46.670,1485.67,mission_20260718_145801_manual,MANUAL,,0,13.330312728881836,100.99789428710938,150.04037742231424,4,True,0.6932500004768372,1,0,0,-1,0,0.0,0.0,0.0,0,0,nan,nan,nan,73,26.100000381469727,0.0,37.0,0,29,-,SELECT OWNER FIRST,
2026-07-18T15:22:48.698,1487.698,mission_20260718_145801_manual,MANUAL,,0,13.330312728881836,100.99789428710938,150.0423854979302,4,True,0.6909999847412109,1,0,0,-1,0,0.0,0.0,0.0,0,0,nan,nan,nan,73,26.100000381469727,0.0,37.0,0,29,-,SELECT OWNER FIRST,
2026-07-18T15:22:50.748,1489.749,mission_20260718_145801_manual,MANUAL,,0,13.330312728881836,100.99789428710938,150.04823213985975,4,True,0.6915000081062317,1,0,0,-1,0,0.0,0.0,0.0,0,0,nan,nan,nan,73,26.100000381469727,0.0,37.0,0,29,-,SELECT OWNER FIRST,
2026-07-18T15:22:52.792,1491.792,mission_20260718_145801_manual,MANUAL,,0,13.33031177520752,100.9979019165039,150.05861402739816,4,True,0.6915000081062317,1,0,0,-1,0,0.0,0.0,0.0,0,0,nan,nan,nan,73,26.100000381469727,0.0,36.0,0,28,-,SELECT OWNER FIRST,
2026-07-18T15:22:54.860,1493.86,mission_20260718_145801_manual,MANUAL,,0,13.33031177520752,100.9979019165039,150.05578632908177,4,True,0.6922500133514404,1,0,0,-1,0,0.0,0.0,0.0,0,0,nan,nan,nan,73,26.100000381469727,0.0,37.0,0,28,-,SELECT OWNER FIRST,
2026-07-18T15:22:56.922,1495.923,mission_20260718_145801_manual,MANUAL,,0,13.330310821533203,100.9979019165039,150.05421538557266,4,True,0.6915000081062317,1,0,0,-1,0,0.0,0.0,0.0,0,0,nan,nan,nan,73,26.100000381469727,0.0,36.0,0,30,-,SELECT OWNER FIRST,
2026-07-18T15:22:58.959,1497.96,mission_20260718_145801_manual,MANUAL,,0,13.330309867858887,100.9979019165039,150.0608816502026,4,True,0.6894999742507935,1,0,0,-1,0,0.0,0.0,0.0,0,0,nan,nan,nan,73,26.100000381469727,0.0,36.0,0,30,-,SELECT OWNER FIRST,
2026-07-18T15:23:00.992,1499.992,mission_20260718_145801_manual,MANUAL,,0,13.330309867858887,100.9979019165039,150.0649797637046,4,True,0.6930000185966492,1,0,0,-1,0,0.0,0.0,0.0,0,0,nan,nan,nan,73,26.100000381469727,0.0,36.0,0,29,-,SELECT OWNER FIRST,
2026-07-18T15:23:03.036,1502.037,mission_20260718_145801_manual,MANUAL,,0,13.33030891418457,100.9979019165039,150.06607259397182,4,True,0.6919999718666077,1,0,0,-1,0,0.0,0.0,0.0,0,0,nan,nan,nan,73,26.100000381469727,0.0,36.0,0,30,-,SELECT OWNER FIRST,
2026-07-18T15:23:05.044,1504.045,mission_20260718_145801_manual,MANUAL,,0,13.330307006835938,100.9979019165039,150.0716733490912,4,True,0.6917499899864197,1,0,0,-1,0,0.0,0.0,0.0,0,0,nan,nan,nan,73,26.100000381469727,0.0,36.0,0,30,-,SELECT OWNER FIRST,
2026-07-18T15:23:07.080,1506.08,mission_20260718_145801_manual,MANUAL,,0,13.330307006835938,100.9979019165039,150.06861342434306,4,True,0.6894999742507935,1,0,0,-1,0,0.0,0.0,0.0,0,0,nan,nan,nan,73,26.100000381469727,0.0,36.0,0,30,-,SELECT OWNER FIRST,
2026-07-18T15:23:09.112,1508.113,mission_20260718_145801_manual,MANUAL,,0,13.330307006835938,100.9979019165039,150.05421538557266,4,True,0.6912500262260437,1,0,0,-1,0,0.0,0.0,0.0,0,0,nan,nan,nan,73,26.100000381469727,0.0,36.0,0,30,-,SELECT OWNER FIRST,
2026-07-18T15:23:11.149,1510.149,mission_20260718_145801_manual,MANUAL,,0,13.330307006835938,100.9979019165039,150.0536826308174,4,True,0.6922500133514404,1,0,0,-1,0,0.0,0.0,0.0,0,0,nan,nan,nan,73,26.100000381469727,0.0,36.0,0,30,-,SELECT OWNER FIRST,
2026-07-18T15:23:13.156,1512.156,mission_20260718_145801_manual,MANUAL,,0,13.330307006835938,100.9979019165039,150.04126534690633,4,True,0.6897500157356262,1,0,0,-1,0,0.0,0.0,0.0,0,0,nan,nan,nan,73,26.100000381469727,0.0,36.0,0,30,-,SELECT OWNER FIRST,
2026-07-18T15:23:15.202,1514.203,mission_20260718_145801_manual,MANUAL,,0,13.330306053161621,100.9979019165039,150.0224140247971,4,True,0.6909999847412109,1,0,0,-1,0,0.0,0.0,0.0,0,0,nan,nan,nan,73,26.100000381469727,0.0,36.0,0,31,-,SELECT OWNER FIRST,
2026-07-18T15:23:17.252,1516.252,mission_20260718_145801_manual,MANUAL,,0,13.330306053161621,100.9979019165039,150.00455991030668,4,True,0.6924999952316284,1,0,0,-1,0,0.0,0.0,0.0,0,0,nan,nan,nan,73,26.100000381469727,0.0,36.0,0,31,-,SELECT OWNER FIRST,
2026-07-18T15:23:19.299,1518.299,mission_20260718_145801_manual,MANUAL,,0,13.330307006835938,100.9979019165039,149.9783593046505,4,True,0.6922500133514404,1,0,0,-1,0,0.0,0.0,0.0,0,0,nan,nan,nan,73,26.100000381469727,0.0,36.0,0,31,-,SELECT OWNER FIRST,
2026-07-18T15:23:21.337,1520.338,mission_20260718_145801_manual,MANUAL,,0,13.330307006835938,100.9979019165039,149.9553552275259,4,True,0.6919999718666077,1,0,0,-1,0,0.0,0.0,0.0,0,0,nan,nan,nan,73,26.100000381469727,0.0,36.0,0,31,-,SELECT OWNER FIRST,
2026-07-18T15:23:23.396,1522.397,mission_20260718_145801_manual,MANUAL,,0,13.330307006835938,100.9979019165039,149.94284232096643,4,True,0.6912500262260437,1,0,0,-1,0,0.0,0.0,0.0,0,0,nan,nan,nan,73,26.100000381469727,0.0,36.0,0,31,-,SELECT OWNER FIRST,
2026-07-18T15:23:25.445,1524.445,mission_20260718_145801_manual,MANUAL,,0,13.330307960510254,100.9979019165039,149.9455607362561,4,True,0.6912500262260437,1,0,0,-1,0,0.0,0.0,0.0,0,0,nan,nan,nan,73,26.100000381469727,0.0,36.0,0,31,-,SELECT OWNER FIRST,
2026-07-18T15:23:27.472,1526.472,mission_20260718_145801_manual,MANUAL,,0,13.330307960510254,100.9979019165039,149.95969922783803,4,True,0.6887500286102295,1,0,0,-1,0,0.0,0.0,0.0,0,0,nan,nan,nan,73,26.100000381469727,0.0,36.0,0,30,-,SELECT OWNER FIRST,
2026-07-18T15:23:29.520,1528.52,mission_20260718_145801_manual,MANUAL,,0,13.33030891418457,100.9979019165039,149.97366013450153,4,True,0.6915000081062317,1,0,0,-1,0,0.0,0.0,0.0,0,0,nan,nan,nan,73,26.100000381469727,0.0,36.0,0,31,-,SELECT OWNER FIRST,
2026-07-18T15:23:31.558,1530.559,mission_20260718_145801_manual,MANUAL,,0,13.33030891418457,100.99790954589844,149.97073681353677,4,True,0.6922500133514404,1,0,0,-1,0,0.0,0.0,0.0,0,0,nan,nan,nan,73,26.100000381469727,0.0,36.0,0,30,-,SELECT OWNER FIRST,
2026-07-18T15:23:33.598,1532.598,mission_20260718_145801_manual,MANUAL,,0,13.330309867858887,100.99790954589844,149.96372903944834,4,True,0.6897500157356262,1,0,0,-1,0,0.0,0.0,0.0,0,0,nan,nan,nan,73,26.100000381469727,0.0,36.0,0,31,-,SELECT OWNER FIRST,
2026-07-18T15:23:35.672,1534.673,mission_20260718_145801_manual,MANUAL,,0,13.330309867858887,100.99790954589844,149.96963032289122,4,True,0.6894999742507935,1,0,0,-1,0,0.0,0.0,0.0,0,0,nan,nan,nan,73,26.100000381469727,0.0,36.0,0,31,-,SELECT OWNER FIRST,
2026-07-18T15:23:37.730,1536.73,mission_20260718_145801_manual,MANUAL,,0,13.330309867858887,100.99790954589844,149.9728268514228,4,True,0.6924999952316284,1,0,0,-1,0,0.0,0.0,0.0,0,0,nan,nan,nan,73,26.100000381469727,0.0,36.0,0,30,-,SELECT OWNER FIRST,
2026-07-18T15:23:39.752,1538.753,mission_20260718_145801_manual,MANUAL,,0,13.330309867858887,100.99790954589844,149.97976632361954,4,True,0.6892499923706055,1,0,0,-1,0,0.0,0.0,0.0,0,0,nan,nan,nan,73,26.100000381469727,0.0,36.0,0,30,-,SELECT OWNER FIRST,
2026-07-18T15:23:41.785,1540.786,mission_20260718_145801_manual,MANUAL,,0,13.330310821533203,100.99790954589844,149.98613205992598,4,True,0.6912500262260437,1,0,0,-1,0,0.0,0.0,0.0,0,0,nan,nan,nan,73,26.100000381469727,0.0,36.0,0,30,-,SELECT OWNER FIRST,
2026-07-18T15:23:43.842,1542.842,mission_20260718_145801_manual,MANUAL,,0,13.33031177520752,100.99790954589844,149.9928939472043,4,True,0.6902499794960022,1,0,0,-1,0,0.0,0.0,0.0,0,0,nan,nan,nan,73,26.100000381469727,0.0,36.0,0,31,-,SELECT OWNER FIRST,
2026-07-18T15:23:45.885,1544.885,mission_20260718_145801_manual,MANUAL,,0,13.33031177520752,100.99790954589844,150.00148632518017,4,True,0.690750002861023,1,0,0,-1,0,0.0,0.0,0.0,0,0,nan,nan,nan,73,26.100000381469727,0.0,36.0,0,29,-,SELECT OWNER FIRST,
2026-07-18T15:23:47.923,1546.923,mission_20260718_145801_manual,MANUAL,,0,13.330312728881836,100.99790954589844,150.003207532851,4,True,0.6919999718666077,1,0,0,-1,0,0.0,0.0,0.0,0,0,nan,nan,nan,73,26.100000381469727,0.0,36.0,0,30,-,SELECT OWNER FIRST,
2026-07-18T15:23:49.980,1548.98,mission_20260718_145801_manual,MANUAL,,0,13.330312728881836,100.99790954589844,150.0152150054119,4,True,0.6919999718666077,1,0,0,-1,0,0.0,0.0,0.0,0,0,nan,nan,nan,73,26.100000381469727,0.0,36.0,0,30,-,SELECT OWNER FIRST,
2026-07-18T15:23:52.032,1551.033,mission_20260718_145801_manual,MANUAL,,0,13.33031177520752,100.99790954589844,150.01531062806026,4,True,0.6890000104904175,1,0,0,-1,0,0.0,0.0,0.0,0,0,nan,nan,nan,73,26.100000381469727,0.0,36.0,0,29,-,SELECT OWNER FIRST,
2026-07-18T15:23:54.069,1553.069,mission_20260718_145801_manual,MANUAL,,0,13.33031177520752,100.99790954589844,150.01263319390563,4,True,0.690500020980835,1,0,0,-1,0,0.0,0.0,0.0,0,0,nan,nan,nan,73,26.100000381469727,0.0,36.0,0,30,-,SELECT OWNER FIRST,
2026-07-18T15:23:56.101,1555.101,mission_20260718_145801_manual,MANUAL,,0,13.330310821533203,100.99791717529297,150.0082208917018,4,True,0.6909999847412109,1,0,0,-1,0,0.0,0.0,0.0,0,0,nan,nan,nan,73,26.100000381469727,0.0,36.0,0,30,-,SELECT OWNER FIRST,
2026-07-18T15:23:58.150,1557.15,mission_20260718_145801_manual,MANUAL,,0,13.330309867858887,100.99791717529297,150.01789243956654,4,True,0.6912500262260437,1,0,0,-1,0,0.0,0.0,0.0,0,0,nan,nan,nan,73,26.100000381469727,0.0,36.0,0,30,-,SELECT OWNER FIRST,
2026-07-18T15:24:00.189,1559.189,mission_20260718_145801_manual,MANUAL,,0,13.33030891418457,100.99791717529297,150.02820602521325,4,True,0.690750002861023,1,0,0,-1,0,0.0,0.0,0.0,0,0,nan,nan,nan,73,26.100000381469727,0.0,36.0,0,30,-,SELECT OWNER FIRST,
2026-07-18T15:24:02.224,1561.225,mission_20260718_145801_manual,MANUAL,,0,13.33030891418457,100.99790954589844,150.03709893151262,4,True,0.6890000104904175,1,0,0,-1,0,0.0,0.0,0.0,0,0,nan,nan,nan,73,26.100000381469727,0.0,36.0,0,29,-,SELECT OWNER FIRST,
2026-07-18T15:24:04.269,1563.27,mission_20260718_145801_manual,MANUAL,,0,13.330307960510254,100.99790954589844,150.04827312099476,4,True,0.6912500262260437,1,0,0,-1,0,0.0,0.0,0.0,0,0,nan,nan,nan,73,26.100000381469727,0.0,36.0,0,28,-,SELECT OWNER FIRST,
2026-07-18T15:24:06.306,1565.307,mission_20260718_145801_manual,MANUAL,,0,13.330307006835938,100.99790954589844,150.05178383822815,4,True,0.6894999742507935,1,0,0,-1,0,0.0,0.0,0.0,0,0,nan,nan,nan,73,26.100000381469727,0.0,36.0,0,29,-,SELECT OWNER FIRST,
2026-07-18T15:24:08.348,1567.349,mission_20260718_145801_manual,MANUAL,,0,13.330307006835938,100.99790954589844,150.05724798956416,4,True,0.6909999847412109,1,0,0,-1,0,0.0,0.0,0.0,0,0,nan,nan,nan,73,26.100000381469727,0.0,36.0,0,30,-,SELECT OWNER FIRST,
2026-07-18T15:24:10.376,1569.376,mission_20260718_145801_manual,MANUAL,,0,13.330307006835938,100.99790954589844,150.05403780065424,4,True,0.6922500133514404,1,0,0,-1,0,0.0,0.0,0.0,0,0,nan,nan,nan,73,26.100000381469727,0.0,36.0,0,30,-,SELECT OWNER FIRST,
2026-07-18T15:24:12.423,1571.424,mission_20260718_145801_manual,MANUAL,,0,13.330306053161621,100.99790954589844,150.05179749860648,4,True,0.6899999976158142,1,0,0,-1,0,0.0,0.0,0.0,0,0,nan,nan,nan,73,26.100000381469727,0.0,36.0,0,30,-,SELECT OWNER FIRST,
2026-07-18T15:24:14.478,1573.479,mission_20260718_145801_manual,MANUAL,,0,13.330306053161621,100.99790954589844,150.05336844211558,4,True,0.6890000104904175,1,0,0,-1,0,0.0,0.0,0.0,0,0,nan,nan,nan,73,26.100000381469727,0.0,36.0,0,30,-,SELECT OWNER FIRST,
2026-07-18T15:24:16.521,1575.521,mission_20260718_145801_manual,MANUAL,,0,13.330304145812988,100.99790954589844,150.03936655431707,4,True,0.6915000081062317,1,0,0,-1,0,0.0,0.0,0.0,0,0,nan,nan,nan,73,26.100000381469727,0.0,36.0,0,29,-,SELECT OWNER FIRST,
2026-07-18T15:24:18.564,1577.565,mission_20260718_145801_manual,MANUAL,,0,13.330303192138672,100.99790954589844,150.0262799118673,4,True,0.6887500286102295,1,0,0,-1,0,0.0,0.0,0.0,0,0,nan,nan,nan,73,26.100000381469727,0.0,36.0,0,30,-,SELECT OWNER FIRST,
2026-07-18T15:24:20.597,1579.597,mission_20260718_145801_manual,MANUAL,,0,13.330302238464355,100.99790954589844,150.0139445902263,4,True,0.6912500262260437,1,0,0,-1,0,0.0,0.0,0.0,0,0,nan,nan,nan,73,26.100000381469727,0.0,36.0,0,29,-,SELECT OWNER FIRST,
2026-07-18T15:24:22.643,1581.644,mission_20260718_145801_manual,MANUAL,,0,13.330301284790039,100.9979019165039,150.01178625044855,4,True,0.6915000081062317,1,0,0,-1,0,0.0,0.0,0.0,0,0,nan,nan,nan,73,26.100000381469727,0.0,36.0,0,28,-,SELECT OWNER FIRST,
2026-07-18T15:24:24.696,1583.697,mission_20260718_145801_manual,MANUAL,,0,13.330300331115723,100.9979019165039,149.9893422488359,4,True,0.6919999718666077,1,0,0,-1,0,0.0,0.0,0.0,0,0,nan,nan,nan,73,26.100000381469727,0.0,36.0,0,27,-,SELECT OWNER FIRST,
2026-07-18T15:24:26.739,1585.739,mission_20260718_145801_manual,MANUAL,,0,13.330300331115723,100.9979019165039,149.95912549194776,4,True,0.6922500133514404,1,0,0,-1,0,0.0,0.0,0.0,0,0,nan,nan,nan,73,26.100000381469727,0.0,36.0,0,27,-,SELECT OWNER FIRST,
2026-07-18T15:24:28.784,1587.785,mission_20260718_145801_manual,MANUAL,,0,13.330300331115723,100.9979019165039,149.92356752712865,4,True,0.6915000081062317,1,0,0,-1,0,0.0,0.0,0.0,0,0,nan,nan,nan,73,26.100000381469727,0.0,36.0,0,28,-,SELECT OWNER FIRST,
2026-07-18T15:24:30.842,1589.842,mission_20260718_145801_manual,MANUAL,,0,13.330299377441406,100.9979019165039,149.90479816728947,4,True,0.6902499794960022,1,0,0,-1,0,0.0,0.0,0.0,0,0,nan,nan,nan,73,26.100000381469727,0.0,36.0,0,29,-,SELECT OWNER FIRST,
2026-07-18T15:24:32.882,1591.882,mission_20260718_145801_manual,MANUAL,,0,13.33029842376709,100.9979019165039,149.8823131845418,4,True,0.6919999718666077,1,0,0,-1,0,0.0,0.0,0.0,0,0,nan,nan,nan,73,26.100000381469727,0.0,36.0,0,30,-,SELECT OWNER FIRST,
2026-07-18T15:24:34.915,1593.915,mission_20260718_145801_manual,MANUAL,,0,13.330297470092773,100.9979019165039,149.86503280594167,4,True,0.690500020980835,1,0,0,-1,0,0.0,0.0,0.0,0,0,nan,nan,nan,73,26.100000381469727,0.0,36.0,0,29,-,SELECT OWNER FIRST,
2026-07-18T15:24:36.971,1595.972,mission_20260718_145801_manual,MANUAL,,0,13.33029842376709,100.9979019165039,149.8429986156792,4,True,0.6894999742507935,1,0,0,-1,0,0.0,0.0,0.0,0,0,nan,nan,nan,73,26.100000381469727,0.0,36.0,0,29,-,SELECT OWNER FIRST,
2026-07-18T15:24:39.026,1598.026,mission_20260718_145801_manual,MANUAL,,0,13.33029842376709,100.9979019165039,149.82993929398614,4,True,0.690500020980835,1,0,0,-1,0,0.0,0.0,0.0,0,0,nan,nan,nan,73,26.100000381469727,0.0,36.0,0,28,-,SELECT OWNER FIRST,
2026-07-18T15:24:41.071,1600.072,mission_20260718_145801_manual,MANUAL,,0,13.330297470092773,100.9979019165039,149.82697499188635,4,True,0.690500020980835,1,0,0,-1,0,0.0,0.0,0.0,0,0,nan,nan,nan,73,26.100000381469727,0.0,36.0,0,29,-,SELECT OWNER FIRST,
2026-07-18T15:24:43.116,1602.117,mission_20260718_145801_manual,MANUAL,,0,13.330297470092773,100.9979019165039,149.80872472642406,4,True,0.6884999871253967,1,0,0,-1,0,0.0,0.0,0.0,0,0,nan,nan,nan,73,26.100000381469727,0.0,36.0,0,28,-,SELECT OWNER FIRST,
2026-07-18T15:24:45.164,1604.164,mission_20260718_145801_manual,MANUAL,,0,13.33029556274414,100.9979019165039,149.7912667629055,4,True,0.6912500262260437,1,0,0,-1,0,0.0,0.0,0.0,0,0,nan,nan,nan,73,26.100000381469727,0.0,36.0,0,28,-,SELECT OWNER FIRST,
2026-07-18T15:24:47.210,1606.211,mission_20260718_145801_manual,MANUAL,,0,13.330294609069824,100.9979019165039,149.77584419575962,4,True,0.6884999871253967,1,0,0,-1,0,0.0,0.0,0.0,0,0,nan,nan,nan,73,26.100000381469727,0.0,36.0,0,29,-,SELECT OWNER FIRST,
2026-07-18T15:24:49.253,1608.253,mission_20260718_145801_manual,MANUAL,,0,13.33029556274414,100.9979019165039,149.75861845867286,4,True,0.6899999976158142,1,0,0,-1,0,0.0,0.0,0.0,0,0,nan,nan,nan,73,26.100000381469727,0.0,36.0,0,29,-,SELECT OWNER FIRST,
2026-07-18T15:24:51.298,1610.299,mission_20260718_145801_manual,MANUAL,,0,13.330296516418457,100.9979019165039,149.74618751438342,4,True,0.6899999976158142,1,0,0,-1,0,0.0,0.0,0.0,0,0,nan,nan,nan,73,26.100000381469727,0.0,36.0,0,29,-,SELECT OWNER FIRST,
2026-07-18T15:24:53.352,1612.353,mission_20260718_145801_manual,MANUAL,,0,13.330297470092773,100.9979019165039,149.72963113583532,4,True,0.6899999976158142,1,0,0,-1,0,0.0,0.0,0.0,0,0,nan,nan,nan,73,26.100000381469727,0.0,36.0,0,28,-,SELECT OWNER FIRST,
2026-07-18T15:24:55.384,1614.385,mission_20260718_145801_manual,MANUAL,,0,13.330297470092773,100.9979019165039,149.72125732391288,4,True,0.6899999976158142,1,0,0,-1,0,0.0,0.0,0.0,0,0,nan,nan,nan,73,26.100000381469727,0.0,36.0,0,28,-,SELECT OWNER FIRST,
2026-07-18T15:24:57.430,1616.431,mission_20260718_145801_manual,MANUAL,,0,13.330297470092773,100.9979019165039,149.71577951219854,4,True,0.6924999952316284,1,0,0,-1,0,0.0,0.0,0.0,0,0,nan,nan,nan,73,26.100000381469727,0.0,36.0,0,28,-,SELECT OWNER FIRST,
2026-07-18T15:24:59.495,1618.496,mission_20260718_145801_manual,MANUAL,,0,13.330297470092773,100.99789428710938,149.7182520406781,4,True,0.690750002861023,1,0,0,-1,0,0.0,0.0,0.0,0,0,nan,nan,nan,73,26.100000381469727,0.0,36.0,0,28,-,SELECT OWNER FIRST,
2026-07-18T15:25:01.546,1620.547,mission_20260718_145801_manual,MANUAL,,0,13.330296516418457,100.9979019165039,149.70627188887389,4,True,0.6927499771118164,1,0,0,-1,0,0.0,0.0,0.0,0,0,nan,nan,nan,73,26.100000381469727,0.0,36.0,0,26,-,SELECT OWNER FIRST,
2026-07-18T15:25:03.589,1622.589,mission_20260718_145801_manual,MANUAL,,0,13.330296516418457,100.99789428710938,149.69352675588263,4,True,0.690750002861023,1,0,0,-1,0,0.0,0.0,0.0,0,0,nan,nan,nan,73,26.100000381469727,0.0,36.0,0,26,-,SELECT OWNER FIRST,
2026-07-18T15:25:05.652,1624.652,mission_20260718_145801_manual,MANUAL,,0,13.330296516418457,100.99789428710938,149.68884124611202,4,True,0.6919999718666077,1,0,0,-1,0,0.0,0.0,0.0,0,0,nan,nan,nan,73,26.100000381469727,0.0,36.0,0,26,-,SELECT OWNER FIRST,
2026-07-18T15:25:07.694,1626.694,mission_20260718_145801_manual,MANUAL,,0,13.330296516418457,100.99789428710938,149.67482569793515,4,True,0.6875,1,0,0,-1,0,0.0,0.0,0.0,0,0,nan,nan,nan,73,26.100000381469727,0.0,36.0,0,25,-,SELECT OWNER FIRST,
2026-07-18T15:25:09.740,1628.741,mission_20260718_145801_manual,MANUAL,,0,13.330293655395508,100.99789428710938,149.66919762205904,4,True,0.690750002861023,1,0,0,-1,0,0.0,0.0,0.0,0,0,nan,nan,nan,73,26.100000381469727,0.0,36.0,0,26,-,SELECT OWNER FIRST,
2026-07-18T15:25:11.785,1630.786,mission_20260718_145801_manual,MANUAL,,0,13.330289840698242,100.99788665771484,149.6608238101366,4,True,0.6875,1,0,0,-1,0,0.0,0.0,0.0,0,0,nan,nan,nan,73,26.100000381469727,0.0,36.0,0,25,-,SELECT OWNER FIRST,
2026-07-18T15:25:13.831,1632.831,mission_20260718_145801_manual,MANUAL,,0,13.330286979675293,100.99788665771484,149.65240901707915,4,True,0.6902499794960022,1,0,0,-1,0,0.0,0.0,0.0,0,0,nan,nan,nan,73,26.100000381469727,0.0,36.0,0,26,-,SELECT OWNER FIRST,
2026-07-18T15:25:15.869,1634.869,mission_20260718_145801_manual,MANUAL,,0,13.33028507232666,100.99788665771484,149.64531928072068,4,True,0.6884999871253967,1,0,0,-1,0,0.0,0.0,0.0,0,0,nan,nan,nan,73,26.100000381469727,0.0,36.0,0,27,-,SELECT OWNER FIRST,
2026-07-18T15:25:17.908,1636.909,mission_20260718_145801_manual,MANUAL,,0,13.330283164978027,100.99788665771484,149.63644003479968,4,True,0.6915000081062317,1,0,0,-1,0,0.0,0.0,0.0,0,0,nan,nan,nan,73,26.100000381469727,0.0,36.0,0,27,-,SELECT OWNER FIRST,
2026-07-18T15:25:19.967,1638.968,mission_20260718_145801_manual,MANUAL,,0,13.330282211303711,100.99788665771484,149.6258395812078,4,True,0.6930000185966492,1,0,0,-1,0,0.0,0.0,0.0,0,0,nan,nan,nan,73,26.100000381469727,0.0,36.0,0,26,-,SELECT OWNER FIRST,
2026-07-18T15:25:21.989,1640.99,mission_20260718_145801_manual,MANUAL,,0,13.330281257629395,100.99788665771484,149.61849029766088,4,True,0.6930000185966492,1,0,0,-1,0,0.0,0.0,0.0,0,0,nan,nan,nan,73,26.100000381469727,0.0,36.0,0,25,-,SELECT OWNER FIRST,
2026-07-18T15:25:24.030,1643.03,mission_20260718_145801_manual,MANUAL,,0,13.330280303955078,100.99788665771484,149.61540305215604,4,True,0.6915000081062317,1,0,0,-1,0,0.0,0.0,0.0,0,0,nan,nan,nan,73,26.100000381469727,0.0,36.0,0,26,-,SELECT OWNER FIRST,
2026-07-18T15:25:26.072,1645.073,mission_20260718_145801_manual,MANUAL,,0,13.330279350280762,100.99788665771484,149.60627791942488,4,True,0.6902499794960022,1,0,0,-1,0,0.0,0.0,0.0,0,0,nan,nan,nan,73,26.100000381469727,0.0,36.0,0,26,-,SELECT OWNER FIRST,
2026-07-18T15:25:28.115,1647.115,mission_20260718_145801_manual,MANUAL,,0,13.330278396606445,100.99787902832031,149.60346388148685,4,True,0.6924999952316284,1,0,0,-1,0,0.0,0.0,0.0,0,0,nan,nan,nan,73,26.100000381469727,0.0,36.0,0,25,-,SELECT OWNER FIRST,
2026-07-18T15:25:30.128,1649.129,mission_20260718_145801_manual,MANUAL,,0,13.330276489257812,100.99787902832031,149.61541671253437,4,True,0.6899999976158142,1,0,0,-1,0,0.0,0.0,0.0,0,0,nan,nan,nan,73,26.100000381469727,0.0,36.0,0,25,-,SELECT OWNER FIRST,
2026-07-18T15:25:32.164,1651.165,mission_20260718_145801_manual,MANUAL,,0,13.330275535583496,100.99787902832031,149.61089512730382,4,True,0.690750002861023,1,0,0,-1,0,0.0,0.0,0.0,0,0,nan,nan,nan,73,26.100000381469727,0.0,36.0,0,25,-,SELECT OWNER FIRST,
2026-07-18T15:25:34.226,1653.227,mission_20260718_145801_manual,MANUAL,,0,13.330275535583496,100.99787902832031,149.61052629708865,4,True,0.6899999976158142,1,0,0,-1,0,0.0,0.0,0.0,0,0,nan,nan,nan,73,26.100000381469727,0.0,36.0,0,25,-,SELECT OWNER FIRST,
2026-07-18T15:25:36.267,1655.268,mission_20260718_145801_manual,MANUAL,,0,13.33027458190918,100.99787902832031,149.596319503615,4,True,0.690500020980835,1,0,0,-1,0,0.0,0.0,0.0,0,0,nan,nan,nan,73,26.100000381469727,0.0,36.0,0,25,-,SELECT OWNER FIRST,
2026-07-18T15:25:38.317,1657.317,mission_20260718_145801_manual,MANUAL,,0,13.330273628234863,100.99787902832031,149.60544463634616,4,True,0.6887500286102295,1,0,0,-1,0,0.0,0.0,0.0,0,0,nan,nan,nan,73,26.100000381469727,0.0,36.0,0,25,-,SELECT OWNER FIRST,
2026-07-18T15:25:40.388,1659.389,mission_20260718_145801_manual,MANUAL,,0,13.330273628234863,100.99787902832031,149.61441950491556,4,True,0.6919999718666077,1,0,0,-1,0,0.0,0.0,0.0,0,0,nan,nan,nan,73,26.100000381469727,0.0,36.0,0,25,-,SELECT OWNER FIRST,
2026-07-18T15:25:42.430,1661.43,mission_20260718_145801_manual,MANUAL,,0,13.330273628234863,100.99787902832031,149.61308078783821,4,True,0.6902499794960022,1,0,0,-1,0,0.0,0.0,0.0,0,0,nan,nan,nan,73,26.100000381469727,0.0,36.0,0,26,-,SELECT OWNER FIRST,
2026-07-18T15:25:44.485,1663.485,mission_20260718_145801_manual,MANUAL,,0,13.330273628234863,100.99787902832031,149.62019784495337,4,True,0.6912500262260437,1,0,0,-1,0,0.0,0.0,0.0,0,0,nan,nan,nan,73,26.100000381469727,0.0,36.0,0,25,-,SELECT OWNER FIRST,
2026-07-18T15:25:46.525,1665.525,mission_20260718_145801_manual,MANUAL,,0,13.330273628234863,100.99787902832031,149.61278025951475,4,True,0.6927499771118164,1,0,0,-1,0,0.0,0.0,0.0,0,0,nan,nan,nan,73,26.100000381469727,0.0,36.0,0,26,-,SELECT OWNER FIRST,
2026-07-18T15:25:48.578,1667.579,mission_20260718_145801_manual,MANUAL,,0,13.33027458190918,100.99787902832031,149.62321678856654,4,True,0.6902499794960022,1,0,0,-1,0,0.0,0.0,0.0,0,0,nan,nan,nan,73,26.100000381469727,0.0,36.0,0,27,-,SELECT OWNER FIRST,
2026-07-18T15:25:50.629,1669.629,mission_20260718_145801_manual,MANUAL,,0,13.330276489257812,100.99787902832031,149.6314676570839,4,True,0.6899999976158142,1,0,0,-1,0,0.0,0.0,0.0,0,0,nan,nan,nan,73,26.100000381469727,0.0,36.0,0,26,-,SELECT OWNER FIRST,
2026-07-18T15:25:52.692,1671.693,mission_20260718_145801_manual,MANUAL,,0,13.330277442932129,100.99787902832031,149.6466853185547,4,True,0.6909999847412109,1,0,0,-1,0,0.0,0.0,0.0,0,0,nan,nan,nan,73,26.100000381469727,0.0,36.0,0,26,-,SELECT OWNER FIRST,
2026-07-18T15:25:54.723,1673.724,mission_20260718_145801_manual,MANUAL,,0,13.330278396606445,100.99787902832031,149.6482562620638,4,True,0.6919999718666077,1,0,0,-1,0,0.0,0.0,0.0,0,0,nan,nan,nan,73,26.100000381469727,0.0,36.0,0,26,-,SELECT OWNER FIRST,
2026-07-18T15:25:56.778,1675.779,mission_20260718_145801_manual,MANUAL,,0,13.330278396606445,100.99787902832031,149.65322863977957,4,True,0.6899999976158142,1,0,0,-1,0,0.0,0.0,0.0,0,0,nan,nan,nan,73,26.100000381469727,0.0,36.0,0,26,-,SELECT OWNER FIRST,
2026-07-18T15:25:58.815,1677.815,mission_20260718_145801_manual,MANUAL,,0,13.330278396606445,100.99787902832031,149.6517396585405,4,True,0.687749981880188,1,0,0,-1,0,0.0,0.0,0.0,0,0,nan,nan,nan,73,26.100000381469727,0.0,36.0,0,27,-,SELECT OWNER FIRST,
2026-07-18T15:26:00.860,1679.86,mission_20260718_145801_manual,MANUAL,,0,13.330279350280762,100.99787902832031,149.65978562138278,4,True,0.6902499794960022,1,0,0,-1,0,0.0,0.0,0.0,0,0,nan,nan,nan,73,26.100000381469727,0.0,36.0,0,28,-,SELECT OWNER FIRST,
2026-07-18T15:26:02.916,1681.916,mission_20260718_145801_manual,MANUAL,,0,13.330279350280762,100.99787902832031,149.65820101749534,4,True,0.6927499771118164,1,0,0,-1,0,0.0,0.0,0.0,0,0,nan,nan,nan,73,26.100000381469727,0.0,36.0,0,29,-,SELECT OWNER FIRST,
2026-07-18T15:26:04.966,1683.966,mission_20260718_145801_manual,MANUAL,,0,13.330281257629395,100.99787902832031,149.65885671565565,4,True,0.6915000081062317,1,0,0,-1,0,0.0,0.0,0.0,0,0,nan,nan,nan,73,26.100000381469727,0.0,36.0,0,29,-,SELECT OWNER FIRST,
2026-07-18T15:26:07.028,1686.029,mission_20260718_145801_manual,MANUAL,,0,13.330281257629395,100.99787902832031,149.66027739500302,4,True,0.6897500157356262,1,0,0,-1,0,0.0,0.0,0.0,0,0,nan,nan,nan,73,26.100000381469727,0.0,36.0,0,29,-,SELECT OWNER FIRST,
2026-07-18T15:26:09.064,1688.065,mission_20260718_145801_manual,MANUAL,,0,13.330282211303711,100.99787902832031,149.66477165947688,4,True,0.6924999952316284,1,0,0,-1,0,0.0,0.0,0.0,0,0,nan,nan,nan,73,26.100000381469727,0.0,36.0,0,29,-,SELECT OWNER FIRST,
2026-07-18T15:26:11.114,1690.114,mission_20260718_145801_manual,MANUAL,,0,13.330281257629395,100.99787902832031,149.67075490518982,4,True,0.6880000233650208,1,0,0,-1,0,0.0,0.0,0.0,0,0,nan,nan,nan,73,26.100000381469727,0.0,36.0,0,29,-,SELECT OWNER FIRST,
2026-07-18T15:26:13.167,1692.168,mission_20260718_145801_manual,MANUAL,,0,13.330281257629395,100.99787902832031,149.67309082988595,4,True,0.6894999742507935,1,0,0,-1,0,0.0,0.0,0.0,0,0,nan,nan,nan,73,26.100000381469727,0.0,36.0,0,29,-,SELECT OWNER FIRST,
2026-07-18T15:26:15.217,1694.217,mission_20260718_145801_manual,MANUAL,,0,13.330282211303711,100.99787902832031,149.67697037733453,4,True,0.6917499899864197,1,0,0,-1,0,0.0,0.0,0.0,0,0,nan,nan,nan,73,26.100000381469727,0.0,36.0,0,29,-,SELECT OWNER FIRST,
2026-07-18T15:26:17.261,1696.262,mission_20260718_145801_manual,MANUAL,,0,13.330282211303711,100.99787902832031,149.6855900760671,4,True,0.690750002861023,1,0,0,-1,0,0.0,0.0,0.0,0,0,nan,nan,nan,73,26.100000381469727,0.0,36.0,0,28,-,SELECT OWNER FIRST,
2026-07-18T15:26:19.308,1698.309,mission_20260718_145801_manual,MANUAL,,0,13.330282211303711,100.99787902832031,149.68744788752133,4,True,0.690750002861023,1,0,0,-1,0,0.0,0.0,0.0,0,0,nan,nan,nan,73,26.100000381469727,0.0,36.0,0,29,-,SELECT OWNER FIRST,
2026-07-18T15:26:21.343,1700.343,mission_20260718_145801_manual,MANUAL,,0,13.330282211303711,100.99787902832031,149.68022154737946,4,True,0.6897500157356262,1,0,0,-1,0,0.0,0.0,0.0,0,0,nan,nan,nan,73,26.100000381469727,0.0,36.0,0,29,-,SELECT OWNER FIRST,
2026-07-18T15:26:23.395,1702.396,mission_20260718_145801_manual,MANUAL,,0,13.330282211303711,100.99787902832031,149.6795521888408,4,True,0.690500020980835,1,0,0,-1,0,0.0,0.0,0.0,0,0,nan,nan,nan,73,26.100000381469727,0.0,36.0,0,29,-,SELECT OWNER FIRST,
2026-07-18T15:26:25.440,1704.441,mission_20260718_145801_manual,MANUAL,,0,13.330282211303711,100.99787902832031,149.68080894364806,4,True,0.6909999847412109,1,0,0,-1,0,0.0,0.0,0.0,0,0,nan,nan,nan,73,26.100000381469727,0.0,36.0,0,29,-,SELECT OWNER FIRST,
2026-07-18T15:26:27.474,1706.474,mission_20260718_145801_manual,MANUAL,,0,13.330282211303711,100.99787902832031,149.68489339677174,4,True,0.6909999847412109,1,0,0,-1,0,0.0,0.0,0.0,0,0,nan,nan,nan,73,26.100000381469727,0.0,36.0,0,29,-,SELECT OWNER FIRST,
2026-07-18T15:26:29.521,1708.522,mission_20260718_145801_manual,MANUAL,,0,13.330281257629395,100.99788665771484,149.6818471324019,4,True,0.6927499771118164,1,0,0,-1,0,0.0,0.0,0.0,0,0,nan,nan,nan,73,26.100000381469727,0.0,36.0,0,28,-,SELECT OWNER FIRST,
2026-07-18T15:26:31.584,1710.585,mission_20260718_145801_manual,MANUAL,,0,13.330281257629395,100.99788665771484,149.67828177365516,4,True,0.6917499899864197,1,0,0,-1,0,0.0,0.0,0.0,0,0,nan,nan,nan,73,26.100000381469727,0.0,36.0,0,28,-,SELECT OWNER FIRST,
2026-07-18T15:26:33.627,1712.627,mission_20260718_145801_manual,MANUAL,,0,13.330281257629395,100.99787902832031,149.6788691699238,4,True,0.6919999718666077,1,0,0,-1,0,0.0,0.0,0.0,0,0,nan,nan,nan,73,26.100000381469727,0.0,36.0,0,28,-,SELECT OWNER FIRST,
2026-07-18T15:26:35.698,1714.698,mission_20260718_145801_manual,MANUAL,,0,13.330283164978027,100.99787902832031,149.69130011421322,4,True,0.6899999976158142,1,0,0,-1,0,0.0,0.0,0.0,0,0,nan,nan,nan,73,26.100000381469727,0.0,36.0,0,29,-,SELECT OWNER FIRST,
2026-07-18T15:26:37.748,1716.749,mission_20260718_145801_manual,MANUAL,,0,13.330282211303711,100.99787902832031,149.70976894572894,4,True,0.6899999976158142,1,0,0,-1,0,0.0,0.0,0.0,0,0,nan,nan,nan,73,26.100000381469727,0.0,36.0,0,30,-,SELECT OWNER FIRST,
2026-07-18T15:26:39.789,1718.79,mission_20260718_145801_manual,MANUAL,,0,13.330281257629395,100.99787902832031,149.70053452997107,4,True,0.690500020980835,1,0,0,-1,0,0.0,0.0,0.0,0,0,nan,nan,nan,73,26.100000381469727,0.0,36.0,0,30,-,SELECT OWNER FIRST,
2026-07-18T15:26:41.857,1720.858,mission_20260718_145801_manual,MANUAL,,0,13.330281257629395,100.99787902832031,149.7051790586067,4,True,0.6915000081062317,1,0,0,-1,0,0.0,0.0,0.0,0,0,nan,nan,nan,73,26.100000381469727,0.0,36.0,0,30,-,SELECT OWNER FIRST,
2026-07-18T15:26:43.902,1722.902,mission_20260718_145801_manual,MANUAL,,0,13.330281257629395,100.99787902832031,149.71390804036596,4,True,0.687749981880188,1,0,0,-1,0,0.0,0.0,0.0,0,0,nan,nan,nan,73,26.100000381469727,0.0,36.0,0,30,-,SELECT OWNER FIRST,
2026-07-18T15:26:45.954,1724.955,mission_20260718_145801_manual,MANUAL,,0,13.330281257629395,100.99787902832031,149.71495988949815,4,True,0.6912500262260437,1,0,0,-1,0,0.0,0.0,0.0,0,0,nan,nan,nan,73,26.100000381469727,0.0,36.0,0,30,-,SELECT OWNER FIRST,
2026-07-18T15:26:47.996,1726.997,mission_20260718_145801_manual,MANUAL,,0,13.330281257629395,100.99787902832031,149.71267860631536,4,True,0.6912500262260437,1,0,0,-1,0,0.0,0.0,0.0,0,0,nan,nan,nan,73,26.100000381469727,0.0,36.0,0,29,-,SELECT OWNER FIRST,
2026-07-18T15:26:50.042,1729.042,mission_20260718_145801_manual,MANUAL,,0,13.330282211303711,100.99787902832031,149.70806139843643,4,True,0.6897500157356262,1,0,0,-1,0,0.0,0.0,0.0,0,0,nan,nan,nan,73,26.100000381469727,0.0,36.0,0,28,-,SELECT OWNER FIRST,
2026-07-18T15:26:52.084,1731.084,mission_20260718_145801_manual,MANUAL,,0,13.330282211303711,100.99787902832031,149.71882577656837,4,True,0.6897500157356262,1,0,0,-1,0,0.0,0.0,0.0,0,0,nan,nan,nan,73,26.100000381469727,0.0,36.0,0,28,-,SELECT OWNER FIRST,
2026-07-18T15:26:54.130,1733.13,mission_20260718_145801_manual,MANUAL,,0,13.330283164978027,100.99787902832031,149.73004094718553,4,True,0.6924999952316284,1,0,0,-1,0,0.0,0.0,0.0,0,0,nan,nan,nan,73,26.100000381469727,0.0,36.0,0,28,-,SELECT OWNER FIRST,
2026-07-18T15:26:56.164,1735.164,mission_20260718_145801_manual,MANUAL,,0,13.330284118652344,100.99787902832031,149.72997264529383,4,True,0.6894999742507935,1,0,0,-1,0,0.0,0.0,0.0,0,0,nan,nan,nan,73,26.100000381469727,0.0,36.0,0,29,-,SELECT OWNER FIRST,
2026-07-18T15:26:58.226,1737.226,mission_20260718_145801_manual,MANUAL,,0,13.33028507232666,100.99787902832031,149.728975437675,4,True,0.690750002861023,1,0,0,-1,0,0.0,0.0,0.0,0,0,nan,nan,nan,73,26.100000381469727,0.0,36.0,0,28,-,SELECT OWNER FIRST,
2026-07-18T15:27:00.295,1739.295,mission_20260718_145801_manual,MANUAL,,0,13.33028507232666,100.99787902832031,149.72434456941772,4,True,0.6902499794960022,1,0,0,-1,0,0.0,0.0,0.0,0,0,nan,nan,nan,73,26.100000381469727,0.0,36.0,0,29,-,SELECT OWNER FIRST,
2026-07-18T15:27:02.324,1741.325,mission_20260718_145801_manual,MANUAL,,0,13.330286026000977,100.99787902832031,149.72967211697033,4,True,0.690750002861023,1,0,0,-1,0,0.0,0.0,0.0,0,0,nan,nan,nan,73,26.100000381469727,0.0,36.0,0,29,-,SELECT OWNER FIRST,
2026-07-18T15:27:04.379,1743.38,mission_20260718_145801_manual,MANUAL,,0,13.330286979675293,100.99787902832031,149.7347127965778,4,True,0.6919999718666077,1,0,0,-1,0,0.0,0.0,0.0,0,0,nan,nan,nan,73,26.100000381469727,0.0,36.0,0,29,-,SELECT OWNER FIRST,
2026-07-18T15:27:06.410,1745.411,mission_20260718_145801_manual,MANUAL,,0,13.330286979675293,100.99787902832031,149.72580622990012,4,True,0.6922500133514404,1,0,0,-1,0,0.0,0.0,0.0,0,0,nan,nan,nan,73,26.100000381469727,0.0,36.0,0,28,-,SELECT OWNER FIRST,
2026-07-18T15:27:08.468,1747.469,mission_20260718_145801_manual,MANUAL,,0,13.330288887023926,100.99787902832031,149.72594283368352,4,True,0.6909999847412109,1,0,0,-1,0,0.0,0.0,0.0,0,0,nan,nan,nan,73,26.100000381469727,0.0,36.0,0,28,-,SELECT OWNER FIRST,
2026-07-18T15:27:10.523,1749.523,mission_20260718_145801_manual,MANUAL,,0,13.330289840698242,100.99787902832031,149.72766404135436,4,True,0.690500020980835,1,0,0,-1,0,0.0,0.0,0.0,0,0,nan,nan,nan,73,26.100000381469727,0.0,36.0,0,29,-,SELECT OWNER FIRST,
2026-07-18T15:27:12.580,1751.58,mission_20260718_145801_manual,MANUAL,,0,13.330290794372559,100.99787902832031,149.73262275869178,4,True,0.6902499794960022,1,0,0,-1,0,0.0,0.0,0.0,0,0,nan,nan,nan,73,26.100000381469727,0.0,36.0,0,29,-,SELECT OWNER FIRST,
2026-07-18T15:27:14.608,1753.609,mission_20260718_145801_manual,MANUAL,,0,13.330290794372559,100.99787902832031,149.73409807955252,4,True,0.6897500157356262,1,0,0,-1,0,0.0,0.0,0.0,0,0,nan,nan,nan,73,26.100000381469727,0.0,36.0,0,29,-,SELECT OWNER FIRST,
2026-07-18T15:27:16.657,1755.657,mission_20260718_145801_manual,MANUAL,,0,13.330291748046875,100.99787902832031,149.7321446454499,4,True,0.6890000104904175,1,0,0,-1,0,0.0,0.0,0.0,0,0,nan,nan,nan,73,26.100000381469727,0.0,36.0,0,29,-,SELECT OWNER FIRST,
2026-07-18T15:27:18.720,1757.721,mission_20260718_145801_manual,MANUAL,,0,13.330293655395508,100.99787902832031,149.73412540030918,4,True,0.6919999718666077,1,0,0,-1,0,0.0,0.0,0.0,0,0,nan,nan,nan,73,26.100000381469727,0.0,36.0,0,28,-,SELECT OWNER FIRST,
2026-07-18T15:27:20.789,1759.79,mission_20260718_145801_manual,MANUAL,,0,13.330293655395508,100.99787902832031,149.7310927963177,4,True,0.690750002861023,1,0,0,-1,0,0.0,0.0,0.0,0,0,nan,nan,nan,73,26.100000381469727,0.0,36.0,0,28,-,SELECT OWNER FIRST,
2026-07-18T15:27:22.837,1761.838,mission_20260718_145801_manual,MANUAL,,0,13.330293655395508,100.99787902832031,149.72864758859484,4,True,0.6894999742507935,1,0,0,-1,0,0.0,0.0,0.0,0,0,nan,nan,nan,73,26.100000381469727,0.0,36.0,0,28,-,SELECT OWNER FIRST,
2026-07-18T15:27:24.884,1763.884,mission_20260718_145801_manual,MANUAL,,0,13.330293655395508,100.99787902832031,149.72270532401694,4,True,0.6887500286102295,1,0,0,-1,0,0.0,0.0,0.0,0,0,nan,nan,nan,73,26.100000381469727,0.0,36.0,0,28,-,SELECT OWNER FIRST,
2026-07-18T15:27:26.930,1765.93,mission_20260718_145801_manual,MANUAL,,0,13.330293655395508,100.99787902832031,149.71929022943192,4,True,0.6899999976158142,1,0,0,-1,0,0.0,0.0,0.0,0,0,nan,nan,nan,73,26.100000381469727,0.0,36.0,0,26,-,SELECT OWNER FIRST,
2026-07-18T15:27:28.976,1767.976,mission_20260718_145801_manual,MANUAL,,0,13.330293655395508,100.99787902832031,149.72345664482563,4,True,0.6917499899864197,1,0,0,-1,0,0.0,0.0,0.0,0,0,nan,nan,nan,73,26.100000381469727,0.0,36.0,0,26,-,SELECT OWNER FIRST,
2026-07-18T15:27:31.018,1770.019,mission_20260718_145801_manual,MANUAL,,0,13.330292701721191,100.99787902832031,149.73435762674097,4,True,0.6892499923706055,1,0,0,-1,0,0.0,0.0,0.0,0,0,nan,nan,nan,73,26.100000381469727,0.0,36.0,0,26,-,SELECT OWNER FIRST,
2026-07-18T15:27:33.065,1772.066,mission_20260718_145801_manual,MANUAL,,0,13.330292701721191,100.99787902832031,149.73379755122903,4,True,0.6924999952316284,1,0,0,-1,0,0.0,0.0,0.0,0,0,nan,nan,nan,73,26.100000381469727,0.0,36.0,0,26,-,SELECT OWNER FIRST,
2026-07-18T15:27:35.109,1774.109,mission_20260718_145801_manual,MANUAL,,0,13.330292701721191,100.99787902832031,149.73875626856645,4,True,0.6912500262260437,1,0,0,-1,0,0.0,0.0,0.0,0,0,nan,nan,nan,73,26.100000381469727,0.0,36.0,0,27,-,SELECT OWNER FIRST,
2026-07-18T15:27:37.155,1776.156,mission_20260718_145801_manual,MANUAL,,0,13.330291748046875,100.99787902832031,149.74609189173506,4,True,0.6882500052452087,1,0,0,-1,0,0.0,0.0,0.0,0,0,nan,nan,nan,73,26.100000381469727,0.0,36.0,0,27,-,SELECT OWNER FIRST,
2026-07-18T15:27:39.209,1778.209,mission_20260718_145801_manual,MANUAL,,0,13.330292701721191,100.99787902832031,149.75479355273765,4,True,0.6897500157356262,1,0,0,-1,0,0.0,0.0,0.0,0,0,nan,nan,nan,73,26.100000381469727,0.0,36.0,0,27,-,SELECT OWNER FIRST,
2026-07-18T15:27:41.256,1780.256,mission_20260718_145801_manual,MANUAL,,0,13.330293655395508,100.99787902832031,149.74472585390106,4,True,0.6927499771118164,1,0,0,-1,0,0.0,0.0,0.0,0,0,nan,nan,nan,73,26.100000381469727,0.0,36.0,0,28,-,SELECT OWNER FIRST,
2026-07-18T15:27:43.292,1782.292,mission_20260718_145801_manual,MANUAL,,0,13.330296516418457,100.99787902832031,149.75503943954777,4,True,0.6912500262260437,1,0,0,-1,0,0.0,0.0,0.0,0,0,nan,nan,nan,73,26.100000381469727,0.0,36.0,0,26,-,SELECT OWNER FIRST,
2026-07-18T15:27:45.317,1784.317,mission_20260718_145801_manual,MANUAL,,0,13.330296516418457,100.99787902832031,149.77697800716186,4,True,0.690750002861023,1,0,0,-1,0,0.0,0.0,0.0,0,0,nan,nan,nan,73,26.100000381469727,0.0,36.0,0,26,-,SELECT OWNER FIRST,
2026-07-18T15:27:47.353,1786.353,mission_20260718_145801_manual,MANUAL,,0,13.330296516418457,100.99787902832031,149.79130774404055,4,True,0.6869999766349792,1,0,0,-1,0,0.0,0.0,0.0,0,0,nan,nan,nan,73,26.100000381469727,0.0,36.0,0,27,-,SELECT OWNER FIRST,
2026-07-18T15:27:49.401,1788.401,mission_20260718_145801_manual,MANUAL,,0,13.33029842376709,100.99787902832031,149.8001323484482,4,True,0.6897500157356262,1,0,0,-1,0,0.0,0.0,0.0,0,0,nan,nan,nan,73,26.100000381469727,0.0,36.0,0,27,-,SELECT OWNER FIRST,
2026-07-18T15:27:51.432,1790.432,mission_20260718_145801_manual,MANUAL,,0,13.33029842376709,100.99787902832031,149.81283650030443,4,True,0.690500020980835,1,0,0,-1,0,0.0,0.0,0.0,0,0,nan,nan,nan,73,26.100000381469727,0.0,36.0,0,27,-,SELECT OWNER FIRST,
2026-07-18T15:27:53.469,1792.47,mission_20260718_145801_manual,MANUAL,,0,13.33029842376709,100.99787902832031,149.8248439728653,4,True,0.6894999742507935,1,0,0,-1,0,0.0,0.0,0.0,0,0,nan,nan,nan,73,26.100000381469727,0.0,36.0,0,28,-,SELECT OWNER FIRST,
2026-07-18T15:27:55.512,1794.513,mission_20260718_145801_manual,MANUAL,,0,13.330297470092773,100.99787139892578,149.84896820101378,4,True,0.6917499899864197,1,0,0,-1,0,0.0,0.0,0.0,0,0,nan,nan,nan,73,26.100000381469727,0.0,36.0,0,28,-,SELECT OWNER FIRST,
2026-07-18T15:27:57.551,1796.551,mission_20260718_145801_manual,MANUAL,,0,13.33029842376709,100.99787139892578,149.86066148487285,4,True,0.6917499899864197,1,0,0,-1,0,0.0,0.0,0.0,0,0,nan,nan,nan,73,26.100000381469727,0.0,36.0,0,28,-,SELECT OWNER FIRST,
2026-07-18T15:27:59.582,1798.582,mission_20260718_145801_manual,MANUAL,,0,13.33029842376709,100.99787139892578,149.87979967492723,4,True,0.6909999847412109,1,0,0,-1,0,0.0,0.0,0.0,0,0,nan,nan,nan,73,26.100000381469727,0.0,36.0,0,28,-,SELECT OWNER FIRST,
2026-07-18T15:28:01.626,1800.627,mission_20260718_145801_manual,MANUAL,,0,13.33029842376709,100.99787139892578,149.89218963808162,4,True,0.6899999976158142,1,0,0,-1,0,0.0,0.0,0.0,0,0,nan,nan,nan,73,26.100000381469727,0.0,36.0,0,29,-,SELECT OWNER FIRST,
2026-07-18T15:28:03.662,1802.663,mission_20260718_145801_manual,MANUAL,,0,13.33029842376709,100.99787139892578,149.900440506599,4,True,0.6902499794960022,1,0,0,-1,0,0.0,0.0,0.0,0,0,nan,nan,nan,73,26.100000381469727,0.0,36.0,0,28,-,SELECT OWNER FIRST,
2026-07-18T15:28:05.707,1804.707,mission_20260718_145801_manual,MANUAL,,0,13.33029842376709,100.99787139892578,149.90985250727528,4,True,0.690750002861023,1,0,0,-1,0,0.0,0.0,0.0,0,0,nan,nan,nan,73,26.100000381469727,0.0,36.0,0,29,-,SELECT OWNER FIRST,
2026-07-18T15:28:07.750,1806.751,mission_20260718_145801_manual,MANUAL,,0,13.330297470092773,100.99787139892578,149.93143590505252,4,True,0.690750002861023,1,0,0,-1,0,0.0,0.0,0.0,0,0,nan,nan,nan,73,26.100000381469727,0.0,36.0,0,29,-,SELECT OWNER FIRST,
2026-07-18T15:28:09.794,1808.794,mission_20260718_145801_manual,MANUAL,,0,13.33029842376709,100.99787902832031,149.93478269774582,4,True,0.690500020980835,1,0,0,-1,0,0.0,0.0,0.0,0,0,nan,nan,nan,73,26.100000381469727,0.0,36.0,0,29,-,SELECT OWNER FIRST,
2026-07-18T15:28:11.825,1810.825,mission_20260718_145801_manual,MANUAL,,0,13.330299377441406,100.99787902832031,149.94595688722796,4,True,0.6902499794960022,1,0,0,-1,0,0.0,0.0,0.0,0,0,nan,nan,nan,73,26.100000381469727,0.0,36.0,0,29,-,SELECT OWNER FIRST,
2026-07-18T15:28:13.865,1812.865,mission_20260718_145801_manual,MANUAL,,0,13.330299377441406,100.99787902832031,149.96648843587303,4,True,0.690750002861023,1,0,0,-1,0,0.0,0.0,0.0,0,0,nan,nan,nan,73,26.100000381469727,0.0,36.0,0,29,-,SELECT OWNER FIRST,
2026-07-18T15:28:15.906,1814.906,mission_20260718_145801_manual,MANUAL,,0,13.330299377441406,100.99787902832031,149.9805722859416,4,True,0.690750002861023,1,0,0,-1,0,0.0,0.0,0.0,0,0,nan,nan,nan,73,26.100000381469727,0.0,36.0,0,29,-,SELECT OWNER FIRST,
2026-07-18T15:28:17.947,1816.947,mission_20260718_145801_manual,MANUAL,,0,13.330300331115723,100.99787902832031,149.9816241350738,4,True,0.6917499899864197,1,0,0,-1,0,0.0,0.0,0.0,0,0,nan,nan,nan,73,26.100000381469727,0.0,36.0,0,29,-,SELECT OWNER FIRST,
2026-07-18T15:28:20.001,1819.002,mission_20260718_145801_manual,MANUAL,,0,13.330300331115723,100.99787902832031,150.00066670247978,4,True,0.6899999976158142,1,0,0,-1,0,0.0,0.0,0.0,0,0,nan,nan,nan,73,26.100000381469727,0.0,36.0,0,29,-,SELECT OWNER FIRST,
2026-07-18T15:28:22.049,1821.049,mission_20260718_145801_manual,MANUAL,,0,13.330300331115723,100.99787902832031,150.0164034583275,4,True,0.690500020980835,1,0,0,-1,0,0.0,0.0,0.0,0,0,nan,nan,nan,73,26.100000381469727,0.0,36.0,0,29,-,SELECT OWNER FIRST,
2026-07-18T15:28:24.104,1823.104,mission_20260718_145801_manual,MANUAL,,0,13.330300331115723,100.99787902832031,150.0199961378309,4,True,0.6869999766349792,1,0,0,-1,0,0.0,0.0,0.0,0,0,nan,nan,nan,73,26.100000381469727,0.0,36.0,0,30,-,SELECT OWNER FIRST,
2026-07-18T15:28:26.153,1825.154,mission_20260718_145801_manual,MANUAL,,0,13.330301284790039,100.99787902832031,150.0240259494412,4,True,0.6882500052452087,1,0,0,-1,0,0.0,0.0,0.0,0,0,nan,nan,nan,73,26.100000381469727,0.0,36.0,0,30,-,SELECT OWNER FIRST,
2026-07-18T15:28:28.196,1827.197,mission_20260718_145801_manual,MANUAL,,0,13.330302238464355,100.99787902832031,150.02167636436673,4,True,0.6919999718666077,1,0,0,-1,0,0.0,0.0,0.0,0,0,nan,nan,nan,73,26.100000381469727,0.0,36.0,0,30,-,SELECT OWNER FIRST,
2026-07-18T15:28:30.231,1829.232,mission_20260718_145801_manual,MANUAL,,0,13.330302238464355,100.99787902832031,150.02059719447786,4,True,0.6909999847412109,1,0,0,-1,0,0.0,0.0,0.0,0,0,nan,nan,nan,73,26.100000381469727,0.0,36.0,0,30,-,SELECT OWNER FIRST,
2026-07-18T15:28:32.270,1831.271,mission_20260718_145801_manual,MANUAL,,0,13.330303192138672,100.99787902832031,150.01969560950744,4,True,0.6859999895095825,1,0,0,-1,0,0.0,0.0,0.0,0,0,nan,nan,nan,73,26.100000381469727,0.0,36.0,0,30,-,SELECT OWNER FIRST,
2026-07-18T15:28:34.324,1833.324,mission_20260718_145801_manual,MANUAL,,0,13.330304145812988,100.99787902832031,150.02067915674792,4,True,0.6875,1,0,0,-1,0,0.0,0.0,0.0,0,0,nan,nan,nan,73,26.100000381469727,0.0,36.0,0,30,-,SELECT OWNER FIRST,
2026-07-18T15:28:36.367,1835.367,mission_20260718_145801_manual,MANUAL,,0,13.330305099487305,100.99787902832031,150.02979062910072,4,True,0.690750002861023,1,0,0,-1,0,0.0,0.0,0.0,0,0,nan,nan,nan,73,26.100000381469727,0.0,36.0,0,30,-,SELECT OWNER FIRST,
2026-07-18T15:28:38.411,1837.412,mission_20260718_145801_manual,MANUAL,,0,13.330305099487305,100.99787902832031,150.03308278028064,4,True,0.6899999976158142,1,0,0,-1,0,0.0,0.0,0.0,0,0,nan,nan,nan,73,26.100000381469727,0.0,36.0,0,30,-,SELECT OWNER FIRST,
2026-07-18T15:28:40.459,1839.46,mission_20260718_145801_manual,MANUAL,,0,13.330306053161621,100.99787902832031,150.0344351577363,4,True,0.6899999976158142,1,0,0,-1,0,0.0,0.0,0.0,0,0,nan,nan,nan,73,26.100000381469727,0.0,36.0,0,30,-,SELECT OWNER FIRST,
2026-07-18T15:28:42.492,1841.493,mission_20260718_145801_manual,MANUAL,,0,13.330307006835938,100.99787902832031,150.03358821427923,4,True,0.6915000081062317,1,0,0,-1,0,0.0,0.0,0.0,0,0,nan,nan,nan,73,26.100000381469727,0.0,36.0,0,30,-,SELECT OWNER FIRST,
2026-07-18T15:28:44.519,1843.519,mission_20260718_145801_manual,MANUAL,,0,13.33030891418457,100.99787902832031,150.02895734602197,4,True,0.6919999718666077,1,0,0,-1,0,0.0,0.0,0.0,0,0,nan,nan,nan,73,26.100000381469727,0.0,36.0,0,30,-,SELECT OWNER FIRST,
2026-07-18T15:28:46.563,1845.563,mission_20260718_145801_manual,MANUAL,,0,13.330310821533203,100.99787902832031,150.0227282134989,4,True,0.6894999742507935,1,0,0,-1,0,0.0,0.0,0.0,0,0,nan,nan,nan,73,26.100000381469727,0.0,36.0,0,30,-,SELECT OWNER FIRST,
2026-07-18T15:28:48.620,1847.62,mission_20260718_145801_manual,MANUAL,,0,13.330312728881836,100.99787902832031,150.02331560976754,4,True,0.6915000081062317,1,0,0,-1,0,0.0,0.0,0.0,0,0,nan,nan,nan,73,26.100000381469727,0.0,36.0,0,29,-,SELECT OWNER FIRST,
2026-07-18T15:28:50.662,1849.662,mission_20260718_145801_manual,MANUAL,,0,13.330314636230469,100.99787902832031,150.03376579919765,4,True,0.6892499923706055,1,0,0,-1,0,0.0,0.0,0.0,0,0,nan,nan,nan,73,26.100000381469727,0.0,36.0,0,29,-,SELECT OWNER FIRST,
2026-07-18T15:28:52.683,1851.683,mission_20260718_145801_manual,MANUAL,,0,13.330316543579102,100.99787902832031,150.02656677981247,4,True,0.6919999718666077,1,0,0,-1,0,0.0,0.0,0.0,0,0,nan,nan,nan,73,26.100000381469727,0.0,36.0,0,30,-,SELECT OWNER FIRST,
2026-07-18T15:28:54.698,1853.698,mission_20260718_145801_manual,MANUAL,,0,13.330317497253418,100.99787902832031,150.02510511933008,4,True,0.6909999847412109,1,0,0,-1,0,0.0,0.0,0.0,0,0,nan,nan,nan,73,26.100000381469727,0.0,36.0,0,30,-,SELECT OWNER FIRST,
2026-07-18T15:28:56.727,1855.728,mission_20260718_145801_manual,MANUAL,,0,13.330317497253418,100.99787902832031,150.01690889232606,4,True,0.6909999847412109,1,0,0,-1,0,0.0,0.0,0.0,0,0,nan,nan,nan,73,26.100000381469727,0.0,36.0,0,28,-,SELECT OWNER FIRST,
2026-07-18T15:28:58.780,1857.781,mission_20260718_145801_manual,MANUAL,,0,13.330318450927734,100.99787902832031,149.99611779649254,4,True,0.690500020980835,1,0,0,-1,0,0.0,0.0,0.0,0,0,nan,nan,nan,73,26.100000381469727,0.0,36.0,0,29,-,SELECT OWNER FIRST,
2026-07-18T15:29:00.820,1859.821,mission_20260718_145801_manual,MANUAL,,0,13.330318450927734,100.99787902832031,149.98121432372358,4,True,0.6894999742507935,1,0,0,-1,0,0.0,0.0,0.0,0,0,nan,nan,nan,73,26.100000381469727,0.0,36.0,0,29,-,SELECT OWNER FIRST,
2026-07-18T15:29:02.871,1861.871,mission_20260718_145801_manual,MANUAL,,0,13.330318450927734,100.99787902832031,149.96830526619226,4,True,0.6909999847412109,1,0,0,-1,0,0.0,0.0,0.0,0,0,nan,nan,nan,73,26.100000381469727,0.0,36.0,0,29,-,SELECT OWNER FIRST,
2026-07-18T15:29:04.920,1863.921,mission_20260718_145801_manual,MANUAL,,0,13.330318450927734,100.99787902832031,149.94847039684254,4,True,0.6902499794960022,1,0,0,-1,0,0.0,0.0,0.0,0,0,nan,nan,nan,73,26.100000381469727,0.0,36.0,0,30,-,SELECT OWNER FIRST,
2026-07-18T15:29:06.969,1865.97,mission_20260718_145801_manual,MANUAL,,0,13.330318450927734,100.99787902832031,149.91970164005843,4,True,0.6924999952316284,1,0,0,-1,0,0.0,0.0,0.0,0,0,nan,nan,nan,73,26.100000381469727,0.0,36.0,0,30,-,SELECT OWNER FIRST,
2026-07-18T15:29:09.006,1868.006,mission_20260718_145801_manual,MANUAL,,0,13.330318450927734,100.99787902832031,149.89930669519677,4,True,0.6912500262260437,1,0,0,-1,0,0.0,0.0,0.0,0,0,nan,nan,nan,73,26.100000381469727,0.0,36.0,0,30,-,SELECT OWNER FIRST,
2026-07-18T15:29:11.048,1870.048,mission_20260718_145801_manual,MANUAL,,0,13.33031940460205,100.99787902832031,149.87209522154345,4,True,0.6899999976158142,1,0,0,-1,0,0.0,0.0,0.0,0,0,nan,nan,nan,73,26.100000381469727,0.0,36.0,0,30,-,SELECT OWNER FIRST,
2026-07-18T15:29:13.105,1872.105,mission_20260718_145801_manual,MANUAL,,0,13.330320358276367,100.99787902832031,149.8628198246506,4,True,0.6919999718666077,1,0,0,-1,0,0.0,0.0,0.0,0,0,nan,nan,nan,73,26.100000381469727,0.0,36.0,0,29,-,SELECT OWNER FIRST,
2026-07-18T15:29:15.141,1874.142,mission_20260718_145801_manual,MANUAL,,0,13.33031940460205,100.99787902832031,149.84899552177046,4,True,0.6892499923706055,1,0,0,-1,0,0.0,0.0,0.0,0,0,nan,nan,nan,73,26.100000381469727,0.0,36.0,0,30,-,SELECT OWNER FIRST,
2026-07-18T15:29:17.188,1876.189,mission_20260718_145801_manual,MANUAL,,0,13.330318450927734,100.99787902832031,149.82435219924506,4,True,0.690750002861023,1,0,0,-1,0,0.0,0.0,0.0,0,0,nan,nan,nan,73,26.100000381469727,0.0,36.0,0,30,-,SELECT OWNER FIRST,
2026-07-18T15:29:19.239,1878.239,mission_20260718_145801_manual,MANUAL,,0,13.330317497253418,100.99787902832031,149.81640185905115,4,True,0.6922500133514404,1,0,0,-1,0,0.0,0.0,0.0,0,0,nan,nan,nan,73,26.100000381469727,0.0,36.0,0,29,-,SELECT OWNER FIRST,
2026-07-18T15:29:21.279,1880.28,mission_20260718_145801_manual,MANUAL,,0,13.330317497253418,100.99787902832031,149.80537793373077,4,True,0.6894999742507935,1,0,0,-1,0,0.0,0.0,0.0,0,0,nan,nan,nan,73,26.100000381469727,0.0,36.0,0,30,-,SELECT OWNER FIRST,
2026-07-18T15:29:23.315,1882.315,mission_20260718_145801_manual,MANUAL,,0,13.330317497253418,100.99787902832031,149.79823355585893,4,True,0.6909999847412109,1,0,0,-1,0,0.0,0.0,0.0,0,0,nan,nan,nan,73,26.100000381469727,0.0,36.0,0,29,-,SELECT OWNER FIRST,
2026-07-18T15:29:25.349,1884.35,mission_20260718_145801_manual,MANUAL,,0,13.33031940460205,100.99787902832031,149.78905378161443,4,True,0.690500020980835,1,0,0,-1,0,0.0,0.0,0.0,0,0,nan,nan,nan,73,26.100000381469727,0.0,36.0,0,29,-,SELECT OWNER FIRST,
2026-07-18T15:29:27.411,1886.412,mission_20260718_145801_manual,MANUAL,,0,13.33031940460205,100.99787902832031,149.79346608381826,4,True,0.6917499899864197,1,0,0,-1,0,0.0,0.0,0.0,0,0,nan,nan,nan,73,26.100000381469727,0.0,36.0,0,28,-,SELECT OWNER FIRST,
2026-07-18T15:29:29.452,1888.453,mission_20260718_145801_manual,MANUAL,,0,13.330318450927734,100.99787902832031,149.8120441983607,4,True,0.6909999847412109,1,0,0,-1,0,0.0,0.0,0.0,0,0,nan,nan,nan,73,26.100000381469727,0.0,36.0,0,29,-,SELECT OWNER FIRST,
2026-07-18T15:29:31.507,1890.508,mission_20260718_145801_manual,MANUAL,,0,13.330316543579102,100.99787902832031,149.82830004858533,4,True,0.6897500157356262,1,0,0,-1,0,0.0,0.0,0.0,0,0,nan,nan,nan,73,26.100000381469727,0.0,36.0,0,29,-,SELECT OWNER FIRST,
2026-07-18T15:29:33.553,1892.553,mission_20260718_145801_manual,MANUAL,,0,13.330315589904785,100.99787902832031,149.83849069082697,4,True,0.6875,1,0,0,-1,0,0.0,0.0,0.0,0,0,nan,nan,nan,73,26.100000381469727,0.0,36.0,0,29,-,SELECT OWNER FIRST,
2026-07-18T15:29:35.610,1894.61,mission_20260718_145801_manual,MANUAL,,0,13.330315589904785,100.99787902832031,149.84838080474518,4,True,0.6909999847412109,1,0,0,-1,0,0.0,0.0,0.0,0,0,nan,nan,nan,73,26.100000381469727,0.0,36.0,0,29,-,SELECT OWNER FIRST,
2026-07-18T15:29:37.646,1896.647,mission_20260718_145801_manual,MANUAL,,0,13.330315589904785,100.99787902832031,149.85286140884068,4,True,0.6897500157356262,1,0,0,-1,0,0.0,0.0,0.0,0,0,nan,nan,nan,73,26.100000381469727,0.0,36.0,0,29,-,SELECT OWNER FIRST,
2026-07-18T15:29:39.695,1898.696,mission_20260718_145801_manual,MANUAL,,0,13.330314636230469,100.99787902832031,149.86205484346354,4,True,0.6857500076293945,1,0,0,-1,0,0.0,0.0,0.0,0,0,nan,nan,nan,73,26.100000381469727,0.0,36.0,0,30,-,SELECT OWNER FIRST,
2026-07-18T15:29:41.737,1900.738,mission_20260718_145801_manual,MANUAL,,0,13.330313682556152,100.99788665771484,149.873201712189,4,True,0.6927499771118164,1,0,0,-1,0,0.0,0.0,0.0,0,0,nan,nan,nan,73,26.100000381469727,0.0,36.0,0,30,-,SELECT OWNER FIRST,
2026-07-18T15:29:43.777,1902.778,mission_20260718_145801_manual,MANUAL,,0,13.330313682556152,100.99788665771484,149.89348737402392,4,True,0.6902499794960022,1,0,0,-1,0,0.0,0.0,0.0,0,0,nan,nan,nan,73,26.100000381469727,0.0,36.0,0,29,-,SELECT OWNER FIRST,
2026-07-18T15:29:45.811,1904.812,mission_20260718_145801_manual,MANUAL,,0,13.330314636230469,100.99788665771484,149.91240699802486,4,True,0.6917499899864197,1,0,0,-1,0,0.0,0.0,0.0,0,0,nan,nan,nan,73,26.100000381469727,0.0,36.0,0,30,-,SELECT OWNER FIRST,
2026-07-18T15:29:47.859,1906.859,mission_20260718_145801_manual,MANUAL,,0,13.330315589904785,100.99788665771484,149.92451009323412,4,True,0.6894999742507935,1,0,0,-1,0,0.0,0.0,0.0,0,0,nan,nan,nan,73,26.100000381469727,0.0,36.0,0,30,-,SELECT OWNER FIRST,
2026-07-18T15:29:49.906,1908.907,mission_20260718_145801_manual,MANUAL,,0,13.330315589904785,100.99788665771484,149.93814315081747,4,True,0.6894999742507935,1,0,0,-1,0,0.0,0.0,0.0,0,0,nan,nan,nan,73,26.100000381469727,0.0,36.0,0,30,-,SELECT OWNER FIRST,
2026-07-18T15:29:51.931,1910.931,mission_20260718_145801_manual,MANUAL,,0,13.330315589904785,100.99788665771484,149.94311552853324,4,True,0.6899999976158142,1,0,0,-1,0,0.0,0.0,0.0,0,0,nan,nan,nan,73,26.100000381469727,0.0,36.0,0,30,-,SELECT OWNER FIRST,
2026-07-18T15:29:53.955,1912.956,mission_20260718_145801_manual,MANUAL,,0,13.330315589904785,100.99788665771484,149.9490441327328,4,True,0.6912500262260437,1,0,0,-1,0,0.0,0.0,0.0,0,0,nan,nan,nan,73,26.100000381469727,0.0,36.0,0,29,-,SELECT OWNER FIRST,
2026-07-18T15:29:56.009,1915.01,mission_20260718_145801_manual,MANUAL,,0,13.330316543579102,100.99788665771484,149.95557379357933,4,True,0.6902499794960022,1,0,0,-1,0,0.0,0.0,0.0,0,0,nan,nan,nan,73,26.100000381469727,0.0,36.0,0,29,-,SELECT OWNER FIRST,
2026-07-18T15:29:58.056,1917.057,mission_20260718_145801_manual,MANUAL,,0,13.330316543579102,100.99788665771484,149.97176134191227,4,True,0.6915000081062317,1,0,0,-1,0,0.0,0.0,0.0,0,0,nan,nan,nan,73,26.100000381469727,0.0,36.0,0,28,-,SELECT OWNER FIRST,
2026-07-18T15:30:00.110,1919.111,mission_20260718_145801_manual,MANUAL,,0,13.330317497253418,100.99788665771484,149.9916645131537,4,True,0.6927499771118164,1,0,0,-1,0,0.0,0.0,0.0,0,0,nan,nan,nan,73,26.100000381469727,0.0,36.0,0,28,-,SELECT OWNER FIRST,
2026-07-18T15:30:02.158,1921.158,mission_20260718_145801_manual,MANUAL,,0,13.330317497253418,100.99788665771484,149.9965822493561,4,True,0.6892499923706055,1,0,0,-1,0,0.0,0.0,0.0,0,0,nan,nan,nan,73,26.100000381469727,0.0,36.0,0,28,-,SELECT OWNER FIRST,
2026-07-18T15:30:04.197,1923.197,mission_20260718_145801_manual,MANUAL,,0,13.330316543579102,100.99788665771484,150.00192345728706,4,True,0.6897500157356262,1,0,0,-1,0,0.0,0.0,0.0,0,0,nan,nan,nan,73,26.100000381469727,0.0,36.0,0,28,-,SELECT OWNER FIRST,
2026-07-18T15:30:06.241,1925.242,mission_20260718_145801_manual,MANUAL,,0,13.330315589904785,100.99788665771484,149.99844006081034,4,True,0.6917499899864197,1,0,0,-1,0,0.0,0.0,0.0,0,0,nan,nan,nan,73,26.100000381469727,0.0,36.0,0,28,-,SELECT OWNER FIRST,
2026-07-18T15:30:08.293,1927.293,mission_20260718_145801_manual,MANUAL,,0,13.330315589904785,100.99788665771484,149.99241583396238,4,True,0.6887500286102295,1,0,0,-1,0,0.0,0.0,0.0,0,0,nan,nan,nan,73,26.100000381469727,0.0,36.0,0,28,-,SELECT OWNER FIRST,
2026-07-18T15:30:10.334,1929.334,mission_20260718_145801_manual,MANUAL,,0,13.330315589904785,100.99789428710938,150.0073602878664,4,True,0.6902499794960022,1,0,0,-1,0,0.0,0.0,0.0,0,0,nan,nan,nan,73,26.100000381469727,0.0,36.0,0,28,-,SELECT OWNER FIRST,
2026-07-18T15:30:12.382,1931.383,mission_20260718_145801_manual,MANUAL,,0,13.330314636230469,100.99789428710938,150.0210889680981,4,True,0.6909999847412109,1,0,0,-1,0,0.0,0.0,0.0,0,0,nan,nan,nan,73,26.100000381469727,0.0,36.0,0,28,-,SELECT OWNER FIRST,
2026-07-18T15:30:14.424,1933.424,mission_20260718_145801_manual,MANUAL,,0,13.330314636230469,100.99789428710938,150.02373908149607,4,True,0.690500020980835,1,0,0,-1,0,0.0,0.0,0.0,0,0,nan,nan,nan,73,26.100000381469727,0.0,36.0,0,27,-,SELECT OWNER FIRST,
2026-07-18T15:30:16.477,1935.477,mission_20260718_145801_manual,MANUAL,,0,13.330313682556152,100.99789428710938,150.00551613679048,4,True,0.6922500133514404,1,0,0,-1,0,0.0,0.0,0.0,0,0,nan,nan,nan,73,26.100000381469727,0.0,36.0,0,27,-,SELECT OWNER FIRST,
2026-07-18T15:30:18.508,1937.508,mission_20260718_145801_manual,MANUAL,,0,13.330312728881836,100.99789428710938,149.99339938120286,4,True,0.6909999847412109,1,0,0,-1,0,0.0,0.0,0.0,0,0,nan,nan,nan,73,26.100000381469727,0.0,36.0,0,26,-,SELECT OWNER FIRST,
2026-07-18T15:30:20.575,1939.576,mission_20260718_145801_manual,MANUAL,,0,13.33031177520752,100.99789428710938,149.97288149293615,4,True,0.6915000081062317,1,0,0,-1,0,0.0,0.0,0.0,0,0,nan,nan,nan,73,26.100000381469727,0.0,36.0,0,26,-,SELECT OWNER FIRST,
2026-07-18T15:30:22.610,1941.61,mission_20260718_145801_manual,MANUAL,,0,13.33031177520752,100.99789428710938,149.95625681249635,4,True,0.6902499794960022,1,0,0,-1,0,0.0,0.0,0.0,0,0,nan,nan,nan,73,26.100000381469727,0.0,36.0,0,28,-,SELECT OWNER FIRST,
2026-07-18T15:30:24.676,1943.676,mission_20260718_145801_manual,MANUAL,,0,13.33031177520752,100.99789428710938,149.9377333394673,4,True,0.6884999871253967,1,0,0,-1,0,0.0,0.0,0.0,0,0,nan,nan,nan,73,26.100000381469727,0.0,36.0,0,28,-,SELECT OWNER FIRST,
2026-07-18T15:30:26.716,1945.717,mission_20260718_145801_manual,MANUAL,,0,13.330310821533203,100.99789428710938,149.91080873375907,4,True,0.6894999742507935,1,0,0,-1,0,0.0,0.0,0.0,0,0,nan,nan,nan,73,26.100000381469727,0.0,36.0,0,28,-,SELECT OWNER FIRST,
2026-07-18T15:30:28.765,1947.766,mission_20260718_145801_manual,MANUAL,,0,13.33030891418457,100.99789428710938,149.90175190291964,4,True,0.6902499794960022,1,0,0,-1,0,0.0,0.0,0.0,0,0,nan,nan,nan,73,26.100000381469727,0.0,36.0,0,28,-,SELECT OWNER FIRST,
2026-07-18T15:30:30.812,1949.812,mission_20260718_145801_manual,MANUAL,,0,13.330307960510254,100.99789428710938,149.87639824072056,4,True,0.6899999976158142,1,0,0,-1,0,0.0,0.0,0.0,0,0,nan,nan,nan,73,26.100000381469727,0.0,36.0,0,27,-,SELECT OWNER FIRST,
2026-07-18T15:30:32.862,1951.863,mission_20260718_145801_manual,MANUAL,,0,13.330307006835938,100.99789428710938,149.85159099365507,4,True,0.690500020980835,1,0,0,-1,0,0.0,0.0,0.0,0,0,nan,nan,nan,73,26.100000381469727,0.0,36.0,0,27,-,SELECT OWNER FIRST,
2026-07-18T15:30:34.911,1953.911,mission_20260718_145801_manual,MANUAL,,0,13.330307006835938,100.99789428710938,149.8457580121039,4,True,0.6912500262260437,1,0,0,-1,0,0.0,0.0,0.0,0,0,nan,nan,nan,73,26.100000381469727,0.0,36.0,0,27,-,SELECT OWNER FIRST,
2026-07-18T15:30:36.959,1955.96,mission_20260718_145801_manual,MANUAL,,0,13.330306053161621,100.99789428710938,149.82608706729425,4,True,0.6887500286102295,1,0,0,-1,0,0.0,0.0,0.0,0,0,nan,nan,nan,73,26.100000381469727,0.0,36.0,0,27,-,SELECT OWNER FIRST,
2026-07-18T15:30:39.010,1958.01,mission_20260718_145801_manual,MANUAL,,0,13.330306053161621,100.99789428710938,149.82406533129992,4,True,0.6902499794960022,1,0,0,-1,0,0.0,0.0,0.0,0,0,nan,nan,nan,73,26.100000381469727,0.0,36.0,0,27,-,SELECT OWNER FIRST,
2026-07-18T15:30:41.067,1960.067,mission_20260718_145801_manual,MANUAL,,0,13.330304145812988,100.99789428710938,149.83231619981728,4,True,0.6902499794960022,1,0,0,-1,0,0.0,0.0,0.0,0,0,nan,nan,nan,73,26.100000381469727,0.0,36.0,0,27,-,SELECT OWNER FIRST,
2026-07-18T15:30:43.117,1962.118,mission_20260718_145801_manual,MANUAL,,0,13.330303192138672,100.99789428710938,149.80492714124554,4,True,0.6899999976158142,1,0,0,-1,0,0.0,0.0,0.0,0,0,nan,nan,nan,73,26.100000381469727,0.0,36.0,0,27,-,SELECT OWNER FIRST,
2026-07-18T15:30:45.179,1964.18,mission_20260718_145801_manual,MANUAL,,0,13.330303192138672,100.99789428710938,149.79235959317273,4,True,0.6897500157356262,1,0,0,-1,0,0.0,0.0,0.0,0,0,nan,nan,nan,73,26.100000381469727,0.0,36.0,0,27,-,SELECT OWNER FIRST,
2026-07-18T15:30:47.217,1966.218,mission_20260718_145801_manual,MANUAL,,0,13.330303192138672,100.99789428710938,149.7775380826738,4,True,0.690500020980835,1,0,0,-1,0,0.0,0.0,0.0,0,0,nan,nan,nan,73,26.100000381469727,0.0,36.0,0,27,-,SELECT OWNER FIRST,
2026-07-18T15:30:49.271,1968.272,mission_20260718_145801_manual,MANUAL,,0,13.330302238464355,100.99789428710938,149.77465574284406,4,True,0.6909999847412109,1,0,0,-1,0,0.0,0.0,0.0,0,0,nan,nan,nan,73,26.100000381469727,0.0,36.0,0,27,-,SELECT OWNER FIRST,
2026-07-18T15:30:51.321,1970.321,mission_20260718_145801_manual,MANUAL,,0,13.330302238464355,100.99789428710938,149.76462902514245,4,True,0.6869999766349792,1,0,0,-1,0,0.0,0.0,0.0,0,0,nan,nan,nan,73,26.100000381469727,0.0,36.0,0,27,-,SELECT OWNER FIRST,
2026-07-18T15:30:53.372,1972.373,mission_20260718_145801_manual,MANUAL,,0,13.330300331115723,100.99789428710938,149.76312638352508,4,True,0.6922500133514404,1,0,0,-1,0,0.0,0.0,0.0,0,0,nan,nan,nan,73,26.100000381469727,0.0,36.0,0,28,-,SELECT OWNER FIRST,
2026-07-18T15:30:55.424,1974.425,mission_20260718_145801_manual,MANUAL,,0,13.330300331115723,100.99789428710938,149.76893204431957,4,True,0.6890000104904175,1,0,0,-1,0,0.0,0.0,0.0,0,0,nan,nan,nan,73,26.100000381469727,0.0,36.0,0,28,-,SELECT OWNER FIRST,
2026-07-18T15:30:57.460,1976.461,mission_20260718_145801_manual,MANUAL,,0,13.330299377441406,100.99789428710938,149.77345362955012,4,True,0.690500020980835,1,0,0,-1,0,0.0,0.0,0.0,0,0,nan,nan,nan,73,26.100000381469727,0.0,36.0,0,28,-,SELECT OWNER FIRST,
2026-07-18T15:30:59.501,1978.501,mission_20260718_145801_manual,MANUAL,,0,13.33029842376709,100.99789428710938,149.75584540186983,4,True,0.6890000104904175,1,0,0,-1,0,0.0,0.0,0.0,0,0,nan,nan,nan,73,26.100000381469727,0.0,36.0,0,27,-,SELECT OWNER FIRST,
2026-07-18T15:31:01.517,1980.518,mission_20260718_145801_manual,MANUAL,,0,13.33029842376709,100.99789428710938,149.74126977818102,4,True,0.6897500157356262,1,0,0,-1,0,0.0,0.0,0.0,0,0,nan,nan,nan,73,26.100000381469727,0.0,36.0,0,27,-,SELECT OWNER FIRST,
2026-07-18T15:31:03.560,1982.561,mission_20260718_145801_manual,MANUAL,,0,13.33029842376709,100.99789428710938,149.7322539284766,4,True,0.6882500052452087,1,0,0,-1,0,0.0,0.0,0.0,0,0,nan,nan,nan,73,26.100000381469727,0.0,36.0,0,26,-,SELECT OWNER FIRST,
2026-07-18T15:31:05.594,1984.595,mission_20260718_145801_manual,MANUAL,,0,13.330297470092773,100.99789428710938,149.71573853106352,4,True,0.6909999847412109,1,0,0,-1,0,0.0,0.0,0.0,0,0,nan,nan,nan,73,26.100000381469727,0.0,36.0,0,26,-,SELECT OWNER FIRST,
2026-07-18T15:31:07.646,1986.647,mission_20260718_145801_manual,MANUAL,,0,13.33029556274414,100.99789428710938,149.70766524746458,4,True,0.6924999952316284,1,0,0,-1,0,0.0,0.0,0.0,0,0,nan,nan,nan,73,26.100000381469727,0.0,36.0,0,27,-,SELECT OWNER FIRST,
2026-07-18T15:31:09.699,1988.699,mission_20260718_145801_manual,MANUAL,,0,13.33029556274414,100.99789428710938,149.70541128503845,4,True,0.6924999952316284,1,0,0,-1,0,0.0,0.0,0.0,0,0,nan,nan,nan,73,26.100000381469727,0.0,36.0,0,24,-,SELECT OWNER FIRST,
2026-07-18T15:31:11.738,1990.738,mission_20260718_145801_manual,MANUAL,,0,13.330294609069824,100.99789428710938,149.70765158708622,4,True,0.6897500157356262,1,0,0,-1,0,0.0,0.0,0.0,0,0,nan,nan,nan,73,26.100000381469727,0.0,36.0,0,27,-,SELECT OWNER FIRST,
2026-07-18T15:31:13.796,1992.796,mission_20260718_145801_manual,MANUAL,,0,13.330293655395508,100.99789428710938,149.7137850969609,4,True,0.690750002861023,1,0,0,-1,0,0.0,0.0,0.0,0,0,nan,nan,nan,73,26.100000381469727,0.0,36.0,0,25,-,SELECT OWNER FIRST,
2026-07-18T15:31:15.832,1994.832,mission_20260718_145801_manual,MANUAL,,0,13.330292701721191,100.99789428710938,149.71196826664166,4,True,0.690750002861023,1,0,0,-1,0,0.0,0.0,0.0,0,0,nan,nan,nan,73,26.100000381469727,0.0,36.0,0,24,-,SELECT OWNER FIRST,
2026-07-18T15:31:17.872,1996.872,mission_20260718_145801_manual,MANUAL,,0,13.330291748046875,100.99789428710938,149.71295181388214,4,True,0.6919999718666077,1,0,0,-1,0,0.0,0.0,0.0,0,0,nan,nan,nan,73,26.100000381469727,0.0,36.0,0,24,-,SELECT OWNER FIRST,
2026-07-18T15:31:19.909,1998.91,mission_20260718_145801_manual,MANUAL,,0,13.330290794372559,100.99789428710938,149.7165581537639,4,True,0.6919999718666077,1,0,0,-1,0,0.0,0.0,0.0,0,0,nan,nan,nan,73,26.100000381469727,0.0,36.0,0,24,-,SELECT OWNER FIRST,
2026-07-18T15:31:21.957,2000.957,mission_20260718_145801_manual,MANUAL,,0,13.330291748046875,100.9979019165039,149.71390804036596,4,True,0.6899999976158142,1,0,0,-1,0,0.0,0.0,0.0,0,0,nan,nan,nan,73,26.100000381469727,0.0,36.0,0,25,-,SELECT OWNER FIRST,
2026-07-18T15:31:24.003,2003.004,mission_20260718_145801_manual,MANUAL,,0,13.330291748046875,100.9979019165039,149.70970064383724,4,True,0.6917499899864197,1,0,0,-1,0,0.0,0.0,0.0,0,0,nan,nan,nan,73,26.100000381469727,0.0,36.0,0,24,-,SELECT OWNER FIRST,
2026-07-18T15:31:26.049,2005.05,mission_20260718_145801_manual,MANUAL,,0,13.330290794372559,100.9979019165039,149.69190117086018,4,True,0.6917499899864197,1,0,0,-1,0,0.0,0.0,0.0,0,0,nan,nan,nan,73,26.100000381469727,0.0,36.0,0,25,-,SELECT OWNER FIRST,
2026-07-18T15:31:28.103,2007.103,mission_20260718_145801_manual,MANUAL,,0,13.330290794372559,100.9979019165039,149.70179128477835,4,True,0.6892499923706055,1,0,0,-1,0,0.0,0.0,0.0,0,0,nan,nan,nan,73,26.100000381469727,0.0,36.0,0,26,-,SELECT OWNER FIRST,
2026-07-18T15:31:30.147,2009.148,mission_20260718_145801_manual,MANUAL,,0,13.330291748046875,100.9979019165039,149.71351188939408,4,True,0.6875,1,0,0,-1,0,0.0,0.0,0.0,0,0,nan,nan,nan,73,26.100000381469727,0.0,36.0,0,26,-,SELECT OWNER FIRST,
2026-07-18T15:31:32.196,2011.196,mission_20260718_145801_manual,MANUAL,,0,13.330290794372559,100.9979019165039,149.70803407767974,4,True,0.6912500262260437,1,0,0,-1,0,0.0,0.0,0.0,0,0,nan,nan,nan,73,26.100000381469727,0.0,36.0,0,27,-,SELECT OWNER FIRST,
2026-07-18T15:31:34.233,2013.234,mission_20260718_145801_manual,MANUAL,,0,13.330290794372559,100.9979019165039,149.70336222828746,4,True,0.6909999847412109,1,0,0,-1,0,0.0,0.0,0.0,0,0,nan,nan,nan,73,26.100000381469727,0.0,36.0,0,27,-,SELECT OWNER FIRST,
2026-07-18T15:31:36.280,2015.281,mission_20260718_145801_manual,MANUAL,,0,13.330290794372559,100.9979019165039,149.7008487186729,4,True,0.6894999742507935,1,0,0,-1,0,0.0,0.0,0.0,0,0,nan,nan,nan,73,26.100000381469727,0.0,36.0,0,27,-,SELECT OWNER FIRST,
2026-07-18T15:31:38.338,2017.339,mission_20260718_145801_manual,MANUAL,,0,13.330289840698242,100.9979019165039,149.7020781527235,4,True,0.6897500157356262,1,0,0,-1,0,0.0,0.0,0.0,0,0,nan,nan,nan,73,26.100000381469727,0.0,36.0,0,28,-,SELECT OWNER FIRST,
2026-07-18T15:31:40.378,2019.379,mission_20260718_145801_manual,MANUAL,,0,13.330288887023926,100.9979019165039,149.71470034230967,4,True,0.6917499899864197,1,0,0,-1,0,0.0,0.0,0.0,0,0,nan,nan,nan,73,26.100000381469727,0.0,36.0,0,28,-,SELECT OWNER FIRST,
2026-07-18T15:31:42.436,2021.437,mission_20260718_145801_manual,MANUAL,,0,13.330288887023926,100.9979019165039,149.71974102191714,4,True,0.6909999847412109,1,0,0,-1,0,0.0,0.0,0.0,0,0,nan,nan,nan,73,26.100000381469727,0.0,36.0,0,28,-,SELECT OWNER FIRST,
2026-07-18T15:31:44.476,2023.477,mission_20260718_145801_manual,MANUAL,,0,13.33028793334961,100.9979019165039,149.72680343751892,4,True,0.690750002861023,1,0,0,-1,0,0.0,0.0,0.0,0,0,nan,nan,nan,73,26.100000381469727,0.0,36.0,0,28,-,SELECT OWNER FIRST,
2026-07-18T15:31:46.504,2025.505,mission_20260718_145801_manual,MANUAL,,0,13.33028793334961,100.9979019165039,149.73136600388452,4,True,0.6882500052452087,1,0,0,-1,0,0.0,0.0,0.0,0,0,nan,nan,nan,73,26.100000381469727,0.0,36.0,0,28,-,SELECT OWNER FIRST,
2026-07-18T15:31:48.559,2027.56,mission_20260718_145801_manual,MANUAL,,0,13.33028793334961,100.9979019165039,149.71509649328155,4,True,0.6887500286102295,1,0,0,-1,0,0.0,0.0,0.0,0,0,nan,nan,nan,73,26.100000381469727,0.0,36.0,0,28,-,SELECT OWNER FIRST,
2026-07-18T15:31:50.590,2029.59,mission_20260718_145801_manual,MANUAL,,0,13.33028793334961,100.9979019165039,149.70859415319168,4,True,0.6912500262260437,1,0,0,-1,0,0.0,0.0,0.0,0,0,nan,nan,nan,73,26.100000381469727,0.0,36.0,0,27,-,SELECT OWNER FIRST,
2026-07-18T15:31:52.635,2031.636,mission_20260718_145801_manual,MANUAL,,0,13.330286979675293,100.9979019165039,149.7049195114182,4,True,0.6924999952316284,1,0,0,-1,0,0.0,0.0,0.0,0,0,nan,nan,nan,73,26.100000381469727,0.0,36.0,0,28,-,SELECT OWNER FIRST,
2026-07-18T15:31:54.669,2033.669,mission_20260718_145801_manual,MANUAL,,0,13.330286979675293,100.9979019165039,149.7039906056911,4,True,0.6912500262260437,1,0,0,-1,0,0.0,0.0,0.0,0,0,nan,nan,nan,73,26.100000381469727,0.0,36.0,0,28,-,SELECT OWNER FIRST,
2026-07-18T15:31:56.714,2035.714,mission_20260718_145801_manual,MANUAL,,0,13.330286979675293,100.9979019165039,149.70985090799897,4,True,0.6915000081062317,1,0,0,-1,0,0.0,0.0,0.0,0,0,nan,nan,nan,73,26.100000381469727,0.0,36.0,0,28,-,SELECT OWNER FIRST,
2026-07-18T15:31:58.753,2037.754,mission_20260718_145801_manual,MANUAL,,0,13.330286979675293,100.9979019165039,149.69688720895428,4,True,0.6912500262260437,1,0,0,-1,0,0.0,0.0,0.0,0,0,nan,nan,nan,73,26.100000381469727,0.0,36.0,0,28,-,SELECT OWNER FIRST,
2026-07-18T15:32:00.784,2039.785,mission_20260718_145801_manual,MANUAL,,0,13.330286026000977,100.9979019165039,149.69203777464358,4,True,0.6917499899864197,1,0,0,-1,0,0.0,0.0,0.0,0,0,nan,nan,nan,73,26.100000381469727,0.0,36.0,0,28,-,SELECT OWNER FIRST,
2026-07-18T15:32:02.838,2041.838,mission_20260718_145801_manual,MANUAL,,0,13.330284118652344,100.9979019165039,149.70041158656602,4,True,0.6919999718666077,1,0,0,-1,0,0.0,0.0,0.0,0,0,nan,nan,nan,73,26.100000381469727,0.0,36.0,0,28,-,SELECT OWNER FIRST,
2026-07-18T15:32:04.881,2043.881,mission_20260718_145801_manual,MANUAL,,0,13.330283164978027,100.9979019165039,149.72225453153172,4,True,0.6917499899864197,1,0,0,-1,0,0.0,0.0,0.0,0,0,nan,nan,nan,73,26.100000381469727,0.0,36.0,0,29,-,SELECT OWNER FIRST,
2026-07-18T15:32:06.909,2045.91,mission_20260718_145801_manual,MANUAL,,0,13.330282211303711,100.9979019165039,149.74946600518504,4,True,0.6902499794960022,1,0,0,-1,0,0.0,0.0,0.0,0,0,nan,nan,nan,73,26.100000381469727,0.0,36.0,0,29,-,SELECT OWNER FIRST,
2026-07-18T15:32:08.981,2047.981,mission_20260718_145801_manual,MANUAL,,0,13.330281257629395,100.9979019165039,149.77592615802968,4,True,0.6912500262260437,1,0,0,-1,0,0.0,0.0,0.0,0,0,nan,nan,nan,73,26.100000381469727,0.0,36.0,0,29,-,SELECT OWNER FIRST,
2026-07-18T15:32:11.027,2050.027,mission_20260718_145801_manual,MANUAL,,0,13.330281257629395,100.9979019165039,149.80371136757327,4,True,0.6915000081062317,1,0,0,-1,0,0.0,0.0,0.0,0,0,nan,nan,nan,73,26.100000381469727,0.0,36.0,0,29,-,SELECT OWNER FIRST,
2026-07-18T15:32:13.063,2052.063,mission_20260718_145801_manual,MANUAL,,0,13.330280303955078,100.9979019165039,149.82933823733916,4,True,0.6899999976158142,1,0,0,-1,0,0.0,0.0,0.0,0,0,nan,nan,nan,73,26.100000381469727,0.0,36.0,0,29,-,SELECT OWNER FIRST,
2026-07-18T15:32:15.087,2054.087,mission_20260718_145801_manual,MANUAL,,0,13.330280303955078,100.9979019165039,149.84257514395065,4,True,0.690500020980835,1,0,0,-1,0,0.0,0.0,0.0,0,0,nan,nan,nan,73,26.100000381469727,0.0,36.0,0,29,-,SELECT OWNER FIRST,
2026-07-18T15:32:17.131,2056.131,mission_20260718_145801_manual,MANUAL,,0,13.330279350280762,100.9979019165039,149.86161771135664,4,True,0.690500020980835,1,0,0,-1,0,0.0,0.0,0.0,0,0,nan,nan,nan,73,26.100000381469727,0.0,36.0,0,28,-,SELECT OWNER FIRST,
2026-07-18T15:32:19.183,2058.184,mission_20260718_145801_manual,MANUAL,,0,13.330279350280762,100.9979019165039,149.86339356054086,4,True,0.6922500133514404,1,0,0,-1,0,0.0,0.0,0.0,0,0,nan,nan,nan,73,26.100000381469727,0.0,36.0,0,29,-,SELECT OWNER FIRST,
2026-07-18T15:32:21.229,2060.23,mission_20260718_145801_manual,MANUAL,,0,13.330279350280762,100.9979019165039,149.8844715243195,4,True,0.6899999976158142,1,0,0,-1,0,0.0,0.0,0.0,0,0,nan,nan,nan,73,26.100000381469727,0.0,36.0,0,29,-,SELECT OWNER FIRST,
2026-07-18T15:32:23.281,2062.282,mission_20260718_145801_manual,MANUAL,,0,13.330280303955078,100.99789428710938,149.88635665653044,4,True,0.6915000081062317,1,0,0,-1,0,0.0,0.0,0.0,0,0,nan,nan,nan,73,26.100000381469727,0.0,36.0,0,28,-,SELECT OWNER FIRST,
2026-07-18T15:32:25.310,2064.311,mission_20260718_145801_manual,MANUAL,,0,13.330280303955078,100.99789428710938,149.9007137141658,4,True,0.6912500262260437,1,0,0,-1,0,0.0,0.0,0.0,0,0,nan,nan,nan,73,26.100000381469727,0.0,36.0,0,28,-,SELECT OWNER FIRST,
2026-07-18T15:32:27.349,2066.349,mission_20260718_145801_manual,MANUAL,,0,13.330280303955078,100.99789428710938,149.90423809177753,4,True,0.687749981880188,1,0,0,-1,0,0.0,0.0,0.0,0,0,nan,nan,nan,73,26.100000381469727,0.0,36.0,0,27,-,SELECT OWNER FIRST,
2026-07-18T15:32:29.378,2068.378,mission_20260718_145801_manual,MANUAL,,0,13.330281257629395,100.99789428710938,149.90705212971557,4,True,0.6915000081062317,1,0,0,-1,0,0.0,0.0,0.0,0,0,nan,nan,nan,73,26.100000381469727,0.0,36.0,0,26,-,SELECT OWNER FIRST,
2026-07-18T15:32:31.411,2070.411,mission_20260718_145801_manual,MANUAL,,0,13.330281257629395,100.99789428710938,149.9219009609712,4,True,0.6882500052452087,1,0,0,-1,0,0.0,0.0,0.0,0,0,nan,nan,nan,73,26.100000381469727,0.0,36.0,0,26,-,SELECT OWNER FIRST,
2026-07-18T15:32:33.453,2072.453,mission_20260718_145801_manual,MANUAL,,0,13.330282211303711,100.99789428710938,149.9241276026406,4,True,0.6912500262260437,1,0,0,-1,0,0.0,0.0,0.0,0,0,nan,nan,nan,73,26.100000381469727,0.0,36.0,0,27,-,SELECT OWNER FIRST,
2026-07-18T15:32:35.490,2074.491,mission_20260718_145801_manual,MANUAL,,0,13.330282211303711,100.99789428710938,149.93438654677396,4,True,0.6912500262260437,1,0,0,-1,0,0.0,0.0,0.0,0,0,nan,nan,nan,73,26.100000381469727,0.0,36.0,0,27,-,SELECT OWNER FIRST,
2026-07-18T15:32:37.548,2076.549,mission_20260718_145801_manual,MANUAL,,0,13.330283164978027,100.99789428710938,149.93532911287943,4,True,0.6909999847412109,1,0,0,-1,0,0.0,0.0,0.0,0,0,nan,nan,nan,73,26.100000381469727,0.0,36.0,0,27,-,SELECT OWNER FIRST,
2026-07-18T15:32:39.592,2078.593,mission_20260718_145801_manual,MANUAL,,0,13.330284118652344,100.99789428710938,149.9429925851282,4,True,0.6922500133514404,1,0,0,-1,0,0.0,0.0,0.0,0,0,nan,nan,nan,73,26.100000381469727,0.0,36.0,0,29,-,SELECT OWNER FIRST,
2026-07-18T15:32:41.619,2080.62,mission_20260718_145801_manual,MANUAL,,0,13.330284118652344,100.99789428710938,149.9539891896919,4,True,0.6917499899864197,1,0,0,-1,0,0.0,0.0,0.0,0,0,nan,nan,nan,73,26.100000381469727,0.0,36.0,0,28,-,SELECT OWNER FIRST,
2026-07-18T15:32:43.666,2082.666,mission_20260718_145801_manual,MANUAL,,0,13.330284118652344,100.99789428710938,149.95415311423199,4,True,0.6912500262260437,1,0,0,-1,0,0.0,0.0,0.0,0,0,nan,nan,nan,73,26.100000381469727,0.0,36.0,0,28,-,SELECT OWNER FIRST,
2026-07-18T15:32:45.706,2084.706,mission_20260718_145801_manual,MANUAL,,0,13.330284118652344,100.99789428710938,149.9518718310492,4,True,0.6897500157356262,1,0,0,-1,0,0.0,0.0,0.0,0,0,nan,nan,nan,73,26.100000381469727,0.0,36.0,0,27,-,SELECT OWNER FIRST,
2026-07-18T15:32:47.735,2086.736,mission_20260718_145801_manual,MANUAL,,0,13.330284118652344,100.99789428710938,149.96045054864675,4,True,0.6912500262260437,1,0,0,-1,0,0.0,0.0,0.0,0,0,nan,nan,nan,73,26.100000381469727,0.0,36.0,0,26,-,SELECT OWNER FIRST,
2026-07-18T15:32:49.772,2088.772,mission_20260718_145801_manual,MANUAL,,0,13.330283164978027,100.99789428710938,149.97062753051006,4,True,0.6912500262260437,1,0,0,-1,0,0.0,0.0,0.0,0,0,nan,nan,nan,73,26.100000381469727,0.0,36.0,0,26,-,SELECT OWNER FIRST,
2026-07-18T15:32:51.812,2090.812,mission_20260718_145801_manual,MANUAL,,0,13.330284118652344,100.99788665771484,149.972512662721,4,True,0.690750002861023,1,0,0,-1,0,0.0,0.0,0.0,0,0,nan,nan,nan,73,26.100000381469727,0.0,36.0,0,28,-,SELECT OWNER FIRST,
2026-07-18T15:32:53.834,2092.834,mission_20260718_145801_manual,MANUAL,,0,13.33028507232666,100.99788665771484,149.97413824774344,4,True,0.6902499794960022,1,0,0,-1,0,0.0,0.0,0.0,0,0,nan,nan,nan,73,26.100000381469727,0.0,36.0,0,29,-,SELECT OWNER FIRST,
2026-07-18T15:32:55.871,2094.872,mission_20260718_145801_manual,MANUAL,,0,13.33028507232666,100.99788665771484,149.98308579555615,4,True,0.6862499713897705,1,0,0,-1,0,0.0,0.0,0.0,0,0,nan,nan,nan,73,26.100000381469727,0.0,36.0,0,28,-,SELECT OWNER FIRST,
2026-07-18T15:32:57.895,2096.896,mission_20260718_145801_manual,MANUAL,,0,13.330286026000977,100.99788665771484,149.98520315419887,4,True,0.6912500262260437,1,0,0,-1,0,0.0,0.0,0.0,0,0,nan,nan,nan,73,26.100000381469727,0.0,36.0,0,29,-,SELECT OWNER FIRST,
2026-07-18T15:32:59.930,2098.93,mission_20260718_145801_manual,MANUAL,,0,13.33028507232666,100.99788665771484,150.00404081592976,4,True,0.690500020980835,1,0,0,-1,0,0.0,0.0,0.0,0,0,nan,nan,nan,73,26.100000381469727,0.0,36.0,0,28,-,SELECT OWNER FIRST,
2026-07-18T15:33:01.970,2100.971,mission_20260718_145801_manual,MANUAL,,0,13.33028507232666,100.99788665771484,150.0068958350028,4,True,0.6909999847412109,1,0,0,-1,0,0.0,0.0,0.0,0,0,nan,nan,nan,73,26.100000381469727,0.0,36.0,0,28,-,SELECT OWNER FIRST,
2026-07-18T15:33:04.020,2103.021,mission_20260718_145801_manual,MANUAL,,0,13.33028507232666,100.99788665771484,149.9980848909735,4,True,0.6894999742507935,1,0,0,-1,0,0.0,0.0,0.0,0,0,nan,nan,nan,73,26.100000381469727,0.0,36.0,0,28,-,SELECT OWNER FIRST,
2026-07-18T15:33:06.060,2105.061,mission_20260718_145801_manual,MANUAL,,0,13.33028507232666,100.99788665771484,149.99816685324353,4,True,0.6880000233650208,1,0,0,-1,0,0.0,0.0,0.0,0,0,nan,nan,nan,73,26.100000381469727,0.0,36.0,0,28,-,SELECT OWNER FIRST,
2026-07-18T15:33:08.097,2107.097,mission_20260718_145801_manual,MANUAL,,0,13.33028507232666,100.99788665771484,149.9933037585545,4,True,0.6912500262260437,1,0,0,-1,0,0.0,0.0,0.0,0,0,nan,nan,nan,73,26.100000381469727,0.0,36.0,0,28,-,SELECT OWNER FIRST,
2026-07-18T15:33:10.145,2109.146,mission_20260718_145801_manual,MANUAL,,0,13.33028507232666,100.99788665771484,149.99103613575005,4,True,0.690500020980835,1,0,0,-1,0,0.0,0.0,0.0,0,0,nan,nan,nan,73,26.100000381469727,0.0,36.0,0,29,-,SELECT OWNER FIRST,
2026-07-18T15:33:12.179,2111.18,mission_20260718_145801_manual,MANUAL,,0,13.33028507232666,100.99788665771484,150.012687835419,4,True,0.6912500262260437,1,0,0,-1,0,0.0,0.0,0.0,0,0,nan,nan,nan,73,26.100000381469727,0.0,36.0,0,29,-,SELECT OWNER FIRST,
2026-07-18T15:33:14.210,2113.21,mission_20260718_145801_manual,MANUAL,,0,13.33028507232666,100.99788665771484,150.00923175969896,4,True,0.6899999976158142,1,0,0,-1,0,0.0,0.0,0.0,0,0,nan,nan,nan,73,26.100000381469727,0.0,36.0,0,29,-,SELECT OWNER FIRST,
2026-07-18T15:33:16.257,2115.258,mission_20260718_145801_manual,MANUAL,,0,13.33028507232666,100.99788665771484,150.00240157052895,4,True,0.6917499899864197,1,0,0,-1,0,0.0,0.0,0.0,0,0,nan,nan,nan,73,26.100000381469727,0.0,36.0,0,28,-,SELECT OWNER FIRST,
2026-07-18T15:33:18.292,2117.293,mission_20260718_145801_manual,MANUAL,,0,13.33028507232666,100.99788665771484,150.01304300525584,4,True,0.6899999976158142,1,0,0,-1,0,0.0,0.0,0.0,0,0,nan,nan,nan,73,26.100000381469727,0.0,36.0,0,28,-,SELECT OWNER FIRST,
2026-07-18T15:33:20.338,2119.338,mission_20260718_145801_manual,MANUAL,,0,13.330284118652344,100.99788665771484,150.01817930751167,4,True,0.6915000081062317,1,0,0,-1,0,0.0,0.0,0.0,0,0,nan,nan,nan,73,26.100000381469727,0.0,36.0,0,28,-,SELECT OWNER FIRST,
2026-07-18T15:33:22.370,2121.37,mission_20260718_145801_manual,MANUAL,,0,13.330283164978027,100.99788665771484,150.01416315627972,4,True,0.6899999976158142,1,0,0,-1,0,0.0,0.0,0.0,0,0,nan,nan,nan,73,26.100000381469727,0.0,36.0,0,29,-,SELECT OWNER FIRST,
2026-07-18T15:33:24.406,2123.406,mission_20260718_145801_manual,MANUAL,,0,13.330283164978027,100.99788665771484,150.0132752316876,4,True,0.6892499923706055,1,0,0,-1,0,0.0,0.0,0.0,0,0,nan,nan,nan,73,26.100000381469727,0.0,36.0,0,30,-,SELECT OWNER FIRST,
2026-07-18T15:33:26.463,2125.463,mission_20260718_145801_manual,MANUAL,,0,13.330283164978027,100.99788665771484,150.00843945775523,4,True,0.6912500262260437,1,0,0,-1,0,0.0,0.0,0.0,0,0,nan,nan,nan,73,26.100000381469727,0.0,36.0,0,30,-,SELECT OWNER FIRST,
2026-07-18T15:33:28.519,2127.52,mission_20260718_145801_manual,MANUAL,,0,13.330283164978027,100.99788665771484,150.0058030047356,4,True,0.690750002861023,1,0,0,-1,0,0.0,0.0,0.0,0,0,nan,nan,nan,73,26.100000381469727,0.0,36.0,0,30,-,SELECT OWNER FIRST,
2026-07-18T15:33:30.551,2129.551,mission_20260718_145801_manual,MANUAL,,0,13.330283164978027,100.99788665771484,150.01251025050058,4,True,0.6899999976158142,1,0,0,-1,0,0.0,0.0,0.0,0,0,nan,nan,nan,73,26.100000381469727,0.0,36.0,0,30,-,SELECT OWNER FIRST,
2026-07-18T15:33:32.602,2131.603,mission_20260718_145801_manual,MANUAL,,0,13.330282211303711,100.99788665771484,150.0049014197652,4,True,0.690500020980835,1,0,0,-1,0,0.0,0.0,0.0,0,0,nan,nan,nan,73,26.100000381469727,0.0,36.0,0,30,-,SELECT OWNER FIRST,
2026-07-18T15:33:34.651,2133.652,mission_20260718_145801_manual,MANUAL,,0,13.330282211303711,100.99788665771484,150.0005027779397,4,True,0.6892499923706055,1,0,0,-1,0,0.0,0.0,0.0,0,0,nan,nan,nan,73,26.100000381469727,0.0,36.0,0,30,-,SELECT OWNER FIRST,
2026-07-18T15:33:36.681,2135.681,mission_20260718_145801_manual,MANUAL,,0,13.330282211303711,100.99788665771484,150.00652700478764,4,True,0.6884999871253967,1,0,0,-1,0,0.0,0.0,0.0,0,0,nan,nan,nan,73,26.100000381469727,0.0,36.0,0,30,-,SELECT OWNER FIRST,
2026-07-18T15:33:38.719,2137.72,mission_20260718_145801_manual,MANUAL,,0,13.330282211303711,100.99788665771484,150.0121414202854,4,True,0.6894999742507935,1,0,0,-1,0,0.0,0.0,0.0,0,0,nan,nan,nan,73,26.100000381469727,0.0,36.0,0,30,-,SELECT OWNER FIRST,
2026-07-18T15:33:40.756,2139.756,mission_20260718_145801_manual,MANUAL,,0,13.330282211303711,100.99788665771484,150.02755032705295,4,True,0.6894999742507935,1,0,0,-1,0,0.0,0.0,0.0,0,0,nan,nan,nan,73,26.100000381469727,0.0,36.0,0,30,-,SELECT OWNER FIRST,
2026-07-18T15:33:42.804,2141.805,mission_20260718_145801_manual,MANUAL,,0,13.330281257629395,100.99788665771484,150.03560995027357,4,True,0.6912500262260437,1,0,0,-1,0,0.0,0.0,0.0,0,0,nan,nan,nan,73,26.100000381469727,0.0,36.0,0,30,-,SELECT OWNER FIRST,
2026-07-18T15:33:44.854,2143.855,mission_20260718_145801_manual,MANUAL,,0,13.330282211303711,100.99788665771484,150.03255002552538,4,True,0.6909999847412109,1,0,0,-1,0,0.0,0.0,0.0,0,0,nan,nan,nan,73,26.100000381469727,0.0,36.0,0,30,-,SELECT OWNER FIRST,
2026-07-18T15:33:46.885,2145.885,mission_20260718_145801_manual,MANUAL,,0,13.330282211303711,100.99788665771484,150.02847923278006,4,True,0.6892499923706055,1,0,0,-1,0,0.0,0.0,0.0,0,0,nan,nan,nan,73,26.100000381469727,0.0,36.0,0,30,-,SELECT OWNER FIRST,
2026-07-18T15:33:48.913,2147.913,mission_20260718_145801_manual,MANUAL,,0,13.330282211303711,100.99788665771484,150.01711379800116,4,True,0.6887500286102295,1,0,0,-1,0,0.0,0.0,0.0,0,0,nan,nan,nan,73,26.100000381469727,0.0,36.0,0,29,-,SELECT OWNER FIRST,
2026-07-18T15:33:50.938,2149.938,mission_20260718_145801_manual,MANUAL,,0,13.330283164978027,100.99788665771484,150.0342575728179,4,True,0.690500020980835,1,0,0,-1,0,0.0,0.0,0.0,0,0,nan,nan,nan,73,26.100000381469727,0.0,36.0,0,29,-,SELECT OWNER FIRST,
2026-07-18T15:33:52.965,2151.965,mission_20260718_145801_manual,MANUAL,,0,13.330283164978027,100.99788665771484,150.04793161153626,4,True,0.6894999742507935,1,0,0,-1,0,0.0,0.0,0.0,0,0,nan,nan,nan,73,26.100000381469727,0.0,36.0,0,29,-,SELECT OWNER FIRST,
2026-07-18T15:33:55.012,2154.013,mission_20260718_145801_manual,MANUAL,,0,13.330283164978027,100.99788665771484,150.05406512141093,4,True,0.6912500262260437,1,0,0,-1,0,0.0,0.0,0.0,0,0,nan,nan,nan,73,26.100000381469727,0.0,36.0,0,29,-,SELECT OWNER FIRST,
2026-07-18T15:33:57.038,2156.038,mission_20260718_145801_manual,MANUAL,,0,13.330283164978027,100.99788665771484,150.05820421604795,4,True,0.690750002861023,1,0,0,-1,0,0.0,0.0,0.0,0,0,nan,nan,nan,73,26.100000381469727,0.0,36.0,0,28,-,SELECT OWNER FIRST,
2026-07-18T15:33:59.083,2158.084,mission_20260718_145801_manual,MANUAL,,0,13.330283164978027,100.99788665771484,150.05559508378502,4,True,0.6912500262260437,1,0,0,-1,0,0.0,0.0,0.0,0,0,nan,nan,nan,73,26.100000381469727,0.0,36.0,0,27,-,SELECT OWNER FIRST,
2026-07-18T15:34:01.120,2160.12,mission_20260718_145801_manual,MANUAL,,0,13.330283164978027,100.99788665771484,150.05351870627732,4,True,0.6897500157356262,1,0,0,-1,0,0.0,0.0,0.0,0,0,nan,nan,nan,73,26.100000381469727,0.0,36.0,0,29,-,SELECT OWNER FIRST,
2026-07-18T15:34:03.178,2162.178,mission_20260718_145801_manual,MANUAL,,0,13.330283164978027,100.99788665771484,150.04287727155045,4,True,0.6880000233650208,1,0,0,-1,0,0.0,0.0,0.0,0,0,nan,nan,nan,73,26.100000381469727,0.0,36.0,0,28,-,SELECT OWNER FIRST,
2026-07-18T15:34:05.222,2164.222,mission_20260718_145801_manual,MANUAL,,0,13.330283164978027,100.99788665771484,150.0394485165871,4,True,0.6892499923706055,1,0,0,-1,0,0.0,0.0,0.0,0,0,nan,nan,nan,73,26.100000381469727,0.0,36.0,0,28,-,SELECT OWNER FIRST,
2026-07-18T15:34:07.269,2166.27,mission_20260718_145801_manual,MANUAL,,0,13.330284118652344,100.99787902832031,150.03694866735088,4,True,0.6894999742507935,1,0,0,-1,0,0.0,0.0,0.0,0,0,nan,nan,nan,73,26.100000381469727,0.0,36.0,0,27,-,SELECT OWNER FIRST,
2026-07-18T15:34:09.324,2168.325,mission_20260718_145801_manual,MANUAL,,0,13.330284118652344,100.99787902832031,150.0291349309404,4,True,0.6902499794960022,1,0,0,-1,0,0.0,0.0,0.0,0,0,nan,nan,nan,73,26.100000381469727,0.0,36.0,0,28,-,SELECT OWNER FIRST,
2026-07-18T15:34:11.370,2170.37,mission_20260718_145801_manual,MANUAL,,0,13.330284118652344,100.99787902832031,150.02649847792077,4,True,0.6919999718666077,1,0,0,-1,0,0.0,0.0,0.0,0,0,nan,nan,nan,73,26.100000381469727,0.0,36.0,0,28,-,SELECT OWNER FIRST,
2026-07-18T15:34:13.419,2172.42,mission_20260718_145801_manual,MANUAL,,0,13.33028507232666,100.99787902832031,150.00110383458664,4,True,0.690750002861023,1,0,0,-1,0,0.0,0.0,0.0,0,0,nan,nan,nan,73,26.100000381469727,0.0,36.0,0,28,-,SELECT OWNER FIRST,
2026-07-18T15:34:15.475,2174.475,mission_20260718_145801_manual,MANUAL,,0,13.330286026000977,100.99787902832031,149.98264866344928,4,True,0.6894999742507935,1,0,0,-1,0,0.0,0.0,0.0,0,0,nan,nan,nan,73,26.100000381469727,0.0,36.0,0,27,-,SELECT OWNER FIRST,
2026-07-18T15:34:17.502,2176.502,mission_20260718_145801_manual,MANUAL,,0,13.330286026000977,100.99787902832031,149.9658327377127,4,True,0.690750002861023,1,0,0,-1,0,0.0,0.0,0.0,0,0,nan,nan,nan,73,26.100000381469727,0.0,36.0,0,27,-,SELECT OWNER FIRST,
2026-07-18T15:34:19.533,2178.534,mission_20260718_145801_manual,MANUAL,,0,13.330286026000977,100.99787902832031,149.93959115092153,4,True,0.6924999952316284,1,0,0,-1,0,0.0,0.0,0.0,0,0,nan,nan,nan,73,26.100000381469727,0.0,36.0,0,27,-,SELECT OWNER FIRST,
2026-07-18T15:34:21.562,2180.562,mission_20260718_145801_manual,MANUAL,,0,13.330286979675293,100.99787902832031,149.91147809229776,4,True,0.6922500133514404,1,0,0,-1,0,0.0,0.0,0.0,0,0,nan,nan,nan,73,26.100000381469727,0.0,36.0,0,27,-,SELECT OWNER FIRST,
2026-07-18T15:34:23.620,2182.621,mission_20260718_145801_manual,MANUAL,,0,13.33028793334961,100.99787902832031,149.8836792223758,4,True,0.6915000081062317,1,0,0,-1,0,0.0,0.0,0.0,0,0,nan,nan,nan,73,26.100000381469727,0.0,36.0,0,27,-,SELECT OWNER FIRST,
2026-07-18T15:34:25.661,2184.662,mission_20260718_145801_manual,MANUAL,,0,13.33028793334961,100.99787139892578,149.884130014861,4,True,0.6882500052452087,1,0,0,-1,0,0.0,0.0,0.0,0,0,nan,nan,nan,73,26.100000381469727,0.0,36.0,0,27,-,SELECT OWNER FIRST,
2026-07-18T15:34:27.682,2186.682,mission_20260718_145801_manual,MANUAL,,0,13.33028793334961,100.99787139892578,149.88250442983855,4,True,0.6912500262260437,1,0,0,-1,0,0.0,0.0,0.0,0,0,nan,nan,nan,73,26.100000381469727,0.0,36.0,0,26,-,SELECT OWNER FIRST,
2026-07-18T15:34:29.711,2188.711,mission_20260718_145801_manual,MANUAL,,0,13.33028793334961,100.99787139892578,149.88697137355572,4,True,0.690750002861023,1,0,0,-1,0,0.0,0.0,0.0,0,0,nan,nan,nan,73,26.100000381469727,0.0,36.0,0,27,-,SELECT OWNER FIRST,
2026-07-18T15:34:31.713,2190.714,mission_20260718_145801_manual,MANUAL,,0,13.33028793334961,100.99787139892578,149.87503220288656,4,True,0.690500020980835,1,0,0,-1,0,0.0,0.0,0.0,0,0,nan,nan,nan,73,26.100000381469727,0.0,36.0,0,28,-,SELECT OWNER FIRST,
2026-07-18T15:34:33.745,2192.746,mission_20260718_145801_manual,MANUAL,,0,13.330288887023926,100.99787139892578,149.86549725880522,4,True,0.6922500133514404,1,0,0,-1,0,0.0,0.0,0.0,0,0,nan,nan,nan,73,26.100000381469727,0.0,36.0,0,28,-,SELECT OWNER FIRST,
2026-07-18T15:34:35.771,2194.772,mission_20260718_145801_manual,MANUAL,,0,13.330288887023926,100.99787139892578,149.8390780870956,4,True,0.6880000233650208,1,0,0,-1,0,0.0,0.0,0.0,0,0,nan,nan,nan,73,26.100000381469727,0.0,36.0,0,27,-,SELECT OWNER FIRST,
2026-07-18T15:34:37.793,2196.794,mission_20260718_145801_manual,MANUAL,,0,13.330289840698242,100.99787139892578,149.8066210281597,4,True,0.690500020980835,1,0,0,-1,0,0.0,0.0,0.0,0,0,nan,nan,nan,73,26.100000381469727,0.0,36.0,0,27,-,SELECT OWNER FIRST,
2026-07-18T15:34:39.825,2198.825,mission_20260718_145801_manual,MANUAL,,0,13.330289840698242,100.99787139892578,149.7850512907608,4,True,0.6890000104904175,1,0,0,-1,0,0.0,0.0,0.0,0,0,nan,nan,nan,73,26.100000381469727,0.0,36.0,0,27,-,SELECT OWNER FIRST,
2026-07-18T15:34:41.863,2200.863,mission_20260718_145801_manual,MANUAL,,0,13.330288887023926,100.99787139892578,149.77432789376388,4,True,0.6899999976158142,1,0,0,-1,0,0.0,0.0,0.0,0,0,nan,nan,nan,73,26.100000381469727,0.0,36.0,0,25,-,SELECT OWNER FIRST,
2026-07-18T15:34:43.895,2202.895,mission_20260718_145801_manual,MANUAL,,0,13.330289840698242,100.99787139892578,149.76233408158134,4,True,0.6909999847412109,1,0,0,-1,0,0.0,0.0,0.0,0,0,nan,nan,nan,73,26.100000381469727,0.0,36.0,0,25,-,SELECT OWNER FIRST,
2026-07-18T15:34:45.938,2204.939,mission_20260718_145801_manual,MANUAL,,0,13.330290794372559,100.99787139892578,149.76145981736758,4,True,0.6902499794960022,1,0,0,-1,0,0.0,0.0,0.0,0,0,nan,nan,nan,73,26.100000381469727,0.0,36.0,0,25,-,SELECT OWNER FIRST,
2026-07-18T15:34:47.969,2206.969,mission_20260718_145801_manual,MANUAL,,0,13.330290794372559,100.99787139892578,149.74844147680955,4,True,0.6899999976158142,1,0,0,-1,0,0.0,0.0,0.0,0,0,nan,nan,nan,73,26.100000381469727,0.0,36.0,0,25,-,SELECT OWNER FIRST,
2026-07-18T15:34:50.003,2209.003,mission_20260718_145801_manual,MANUAL,,0,13.330290794372559,100.99787139892578,149.73946660824015,4,True,0.690500020980835,1,0,0,-1,0,0.0,0.0,0.0,0,0,nan,nan,nan,73,26.100000381469727,0.0,36.0,0,26,-,SELECT OWNER FIRST,
2026-07-18T15:34:52.042,2211.043,mission_20260718_145801_manual,MANUAL,,0,13.330289840698242,100.99787902832031,149.72635264503373,4,True,0.6892499923706055,1,0,0,-1,0,0.0,0.0,0.0,0,0,nan,nan,nan,73,26.100000381469727,0.0,36.0,0,26,-,SELECT OWNER FIRST,
2026-07-18T15:34:54.087,2213.088,mission_20260718_145801_manual,MANUAL,,0,13.330289840698242,100.99787902832031,149.71478230457973,4,True,0.6897500157356262,1,0,0,-1,0,0.0,0.0,0.0,0,0,nan,nan,nan,73,26.100000381469727,0.0,36.0,0,25,-,SELECT OWNER FIRST,
2026-07-18T15:34:56.112,2215.112,mission_20260718_145801_manual,MANUAL,,0,13.330289840698242,100.99787902832031,149.70952305891882,4,True,0.690750002861023,1,0,0,-1,0,0.0,0.0,0.0,0,0,nan,nan,nan,73,26.100000381469727,0.0,36.0,0,26,-,SELECT OWNER FIRST,
2026-07-18T15:34:58.150,2217.151,mission_20260718_145801_manual,MANUAL,,0,13.330290794372559,100.99787902832031,149.7020781527235,4,True,0.690750002861023,1,0,0,-1,0,0.0,0.0,0.0,0,0,nan,nan,nan,73,26.100000381469727,0.0,36.0,0,25,-,SELECT OWNER FIRST,
2026-07-18T15:35:00.188,2219.188,mission_20260718_145801_manual,MANUAL,,0,13.330289840698242,100.99787902832031,149.69097226513304,4,True,0.6902499794960022,1,0,0,-1,0,0.0,0.0,0.0,0,0,nan,nan,nan,73,26.100000381469727,0.0,36.0,0,25,-,SELECT OWNER FIRST,
2026-07-18T15:35:02.230,2221.23,mission_20260718_145801_manual,MANUAL,,0,13.330290794372559,100.99787902832031,149.6803035096495,4,True,0.690500020980835,1,0,0,-1,0,0.0,0.0,0.0,0,0,nan,nan,nan,73,26.100000381469727,0.0,36.0,0,25,-,SELECT OWNER FIRST,
2026-07-18T15:35:04.261,2223.261,mission_20260718_145801_manual,MANUAL,,0,13.330290794372559,100.99787902832031,149.66770864082,4,True,0.6887500286102295,1,0,0,-1,0,0.0,0.0,0.0,0,0,nan,nan,nan,73,26.100000381469727,0.0,36.0,0,27,-,SELECT OWNER FIRST,
2026-07-18T15:35:06.308,2225.309,mission_20260718_145801_manual,MANUAL,,0,13.330289840698242,100.99787902832031,149.68613649120067,4,True,0.6915000081062317,1,0,0,-1,0,0.0,0.0,0.0,0,0,nan,nan,nan,73,26.100000381469727,0.0,36.0,0,25,-,SELECT OWNER FIRST,
2026-07-18T15:35:08.346,2227.347,mission_20260718_145801_manual,MANUAL,,0,13.330290794372559,100.99787902832031,149.6743612450716,4,True,0.6915000081062317,1,0,0,-1,0,0.0,0.0,0.0,0,0,nan,nan,nan,73,26.100000381469727,0.0,36.0,0,25,-,SELECT OWNER FIRST,
2026-07-18T15:35:10.377,2229.377,mission_20260718_145801_manual,MANUAL,,0,13.330290794372559,100.99787902832031,149.6661103765542,4,True,0.6899999976158142,1,0,0,-1,0,0.0,0.0,0.0,0,0,nan,nan,nan,73,26.100000381469727,0.0,36.0,0,24,-,SELECT OWNER FIRST,
2026-07-18T15:35:12.421,2231.422,mission_20260718_145801_manual,MANUAL,,0,13.330291748046875,100.99787902832031,149.65847422506212,4,True,0.6882500052452087,1,0,0,-1,0,0.0,0.0,0.0,0,0,nan,nan,nan,73,26.100000381469727,0.0,36.0,0,22,-,SELECT OWNER FIRST,
2026-07-18T15:35:14.455,2233.456,mission_20260718_145801_manual,MANUAL,,0,13.330292701721191,100.99787139892578,149.66417060282993,4,True,0.6894999742507935,1,0,0,-1,0,0.0,0.0,0.0,0,0,nan,nan,nan,73,26.100000381469727,0.0,36.0,0,25,-,SELECT OWNER FIRST,
2026-07-18T15:35:16.492,2235.492,mission_20260718_145801_manual,MANUAL,,0,13.330293655395508,100.99787139892578,149.65978562138278,4,True,0.6922500133514404,1,0,0,-1,0,0.0,0.0,0.0,0,0,nan,nan,nan,73,26.100000381469727,0.0,36.0,0,26,-,SELECT OWNER FIRST,
2026-07-18T15:35:18.537,2237.538,mission_20260718_145801_manual,MANUAL,,0,13.330294609069824,100.99787139892578,149.66104237619007,4,True,0.687749981880188,1,0,0,-1,0,0.0,0.0,0.0,0,0,nan,nan,nan,73,26.100000381469727,0.0,36.0,0,27,-,SELECT OWNER FIRST,
2026-07-18T15:35:20.581,2239.581,mission_20260718_145801_manual,MANUAL,,0,13.330294609069824,100.99787902832031,149.65336524356297,4,True,0.6912500262260437,1,0,0,-1,0,0.0,0.0,0.0,0,0,nan,nan,nan,73,26.100000381469727,0.0,36.0,0,27,-,SELECT OWNER FIRST,
2026-07-18T15:35:22.624,2241.625,mission_20260718_145801_manual,MANUAL,,0,13.33029556274414,100.99787902832031,149.6558650927992,4,True,0.6902499794960022,1,0,0,-1,0,0.0,0.0,0.0,0,0,nan,nan,nan,73,26.100000381469727,0.0,36.0,0,27,-,SELECT OWNER FIRST,
2026-07-18T15:35:24.646,2243.647,mission_20260718_145801_manual,MANUAL,,0,13.330296516418457,100.99787902832031,149.6566573947429,4,True,0.6915000081062317,1,0,0,-1,0,0.0,0.0,0.0,0,0,nan,nan,nan,73,26.100000381469727,0.0,36.0,0,27,-,SELECT OWNER FIRST,
2026-07-18T15:35:26.690,2245.69,mission_20260718_145801_manual,MANUAL,,0,13.330297470092773,100.99787902832031,149.65507279085546,4,True,0.6890000104904175,1,0,0,-1,0,0.0,0.0,0.0,0,0,nan,nan,nan,73,26.100000381469727,0.0,36.0,0,26,-,SELECT OWNER FIRST,
2026-07-18T15:35:28.732,2247.733,mission_20260718_145801_manual,MANUAL,,0,13.330299377441406,100.99787902832031,149.66167075359368,4,True,0.690750002861023,1,0,0,-1,0,0.0,0.0,0.0,0,0,nan,nan,nan,73,26.100000381469727,0.0,36.0,0,26,-,SELECT OWNER FIRST,
2026-07-18T15:35:30.757,2249.757,mission_20260718_145801_manual,MANUAL,,0,13.330299377441406,100.99787902832031,149.6606872063532,4,True,0.6897500157356262,1,0,0,-1,0,0.0,0.0,0.0,0,0,nan,nan,nan,73,26.100000381469727,0.0,36.0,0,26,-,SELECT OWNER FIRST,
2026-07-18T15:35:32.795,2251.796,mission_20260718_145801_manual,MANUAL,,0,13.330300331115723,100.99787902832031,149.66014079121962,4,True,0.6917499899864197,1,0,0,-1,0,0.0,0.0,0.0,0,0,nan,nan,nan,73,26.100000381469727,0.0,36.0,0,26,-,SELECT OWNER FIRST,
2026-07-18T15:35:34.833,2253.834,mission_20260718_145801_manual,MANUAL,,0,13.330301284790039,100.99787902832031,149.65970365911272,4,True,0.6922500133514404,1,0,0,-1,0,0.0,0.0,0.0,0,0,nan,nan,nan,73,26.100000381469727,0.0,36.0,0,26,-,SELECT OWNER FIRST,
2026-07-18T15:35:36.854,2255.855,mission_20260718_145801_manual,MANUAL,,0,13.330302238464355,100.99787902832031,149.65473128139698,4,True,0.6919999718666077,1,0,0,-1,0,0.0,0.0,0.0,0,0,nan,nan,nan,73,26.100000381469727,0.0,36.0,0,26,-,SELECT OWNER FIRST,
2026-07-18T15:35:38.893,2257.893,mission_20260718_145801_manual,MANUAL,,0,13.330303192138672,100.99787902832031,149.66732615022647,4,True,0.6927499771118164,1,0,0,-1,0,0.0,0.0,0.0,0,0,nan,nan,nan,73,26.100000381469727,0.0,36.0,0,27,-,SELECT OWNER FIRST,
2026-07-18T15:35:40.935,2259.936,mission_20260718_145801_manual,MANUAL,,0,13.330304145812988,100.99787902832031,149.66314607445443,4,True,0.690500020980835,1,0,0,-1,0,0.0,0.0,0.0,0,0,nan,nan,nan,73,26.100000381469727,0.0,36.0,0,28,-,SELECT OWNER FIRST,
2026-07-18T15:35:42.976,2261.976,mission_20260718_145801_manual,MANUAL,,0,13.330305099487305,100.99787902832031,149.66580984823074,4,True,0.690750002861023,1,0,0,-1,0,0.0,0.0,0.0,0,0,nan,nan,nan,73,26.100000381469727,0.0,36.0,0,28,-,SELECT OWNER FIRST,
2026-07-18T15:35:45.009,2264.009,mission_20260718_145801_manual,MANUAL,,0,13.330305099487305,100.99787902832031,149.66034569689472,4,True,0.6875,1,0,0,-1,0,0.0,0.0,0.0,0,0,nan,nan,nan,73,26.100000381469727,0.0,36.0,0,28,-,SELECT OWNER FIRST,
2026-07-18T15:35:47.037,2266.037,mission_20260718_145801_manual,MANUAL,,0,13.330306053161621,100.99787902832031,149.66359686693963,4,True,0.6894999742507935,1,0,0,-1,0,0.0,0.0,0.0,0,0,nan,nan,nan,73,26.100000381469727,0.0,36.0,0,28,-,SELECT OWNER FIRST,
2026-07-18T15:35:49.098,2268.098,mission_20260718_145801_manual,MANUAL,,0,13.330306053161621,100.99787902832031,149.66055060256983,4,True,0.6897500157356262,1,0,0,-1,0,0.0,0.0,0.0,0,0,nan,nan,nan,73,26.100000381469727,0.0,36.0,0,28,-,SELECT OWNER FIRST,
2026-07-18T15:35:51.143,2270.143,mission_20260718_145801_manual,MANUAL,,0,13.330307006835938,100.99787902832031,149.66415694245157,4,True,0.6922500133514404,1,0,0,-1,0,0.0,0.0,0.0,0,0,nan,nan,nan,73,26.100000381469727,0.0,36.0,0,28,-,SELECT OWNER FIRST,
2026-07-18T15:35:53.167,2272.167,mission_20260718_145801_manual,MANUAL,,0,13.330307006835938,100.99787139892578,149.65675301739128,4,True,0.6919999718666077,1,0,0,-1,0,0.0,0.0,0.0,0,0,nan,nan,nan,73,26.100000381469727,0.0,36.0,0,28,-,SELECT OWNER FIRST,
2026-07-18T15:35:55.224,2274.225,mission_20260718_145801_manual,MANUAL,,0,13.330307006835938,100.99787139892578,149.6585288665755,4,True,0.6897500157356262,1,0,0,-1,0,0.0,0.0,0.0,0,0,nan,nan,nan,73,26.100000381469727,0.0,36.0,0,28,-,SELECT OWNER FIRST,
2026-07-18T15:35:57.254,2276.254,mission_20260718_145801_manual,MANUAL,,0,13.330307960510254,100.99787139892578,149.66671143320116,4,True,0.6899999976158142,1,0,0,-1,0,0.0,0.0,0.0,0,0,nan,nan,nan,73,26.100000381469727,0.0,36.0,0,28,-,SELECT OWNER FIRST,
2026-07-18T15:35:59.300,2278.301,mission_20260718_145801_manual,MANUAL,,0,13.330307960510254,100.99787139892578,149.6594577723026,4,True,0.6915000081062317,1,0,0,-1,0,0.0,0.0,0.0,0,0,nan,nan,nan,73,26.100000381469727,0.0,36.0,0,28,-,SELECT OWNER FIRST,
2026-07-18T15:36:01.337,2280.337,mission_20260718_145801_manual,MANUAL,,0,13.33030891418457,100.99787139892578,149.66332365937285,4,True,0.6897500157356262,1,0,0,-1,0,0.0,0.0,0.0,0,0,nan,nan,nan,73,26.100000381469727,0.0,36.0,0,28,-,SELECT OWNER FIRST,
2026-07-18T15:36:03.367,2282.367,mission_20260718_145801_manual,MANUAL,,0,13.33030891418457,100.99787139892578,149.66437550850503,4,True,0.6882500052452087,1,0,0,-1,0,0.0,0.0,0.0,0,0,nan,nan,nan,73,26.100000381469727,0.0,36.0,0,28,-,SELECT OWNER FIRST,
2026-07-18T15:36:05.401,2284.402,mission_20260718_145801_manual,MANUAL,,0,13.330309867858887,100.99787139892578,149.6698259994627,4,True,0.6887500286102295,1,0,0,-1,0,0.0,0.0,0.0,0,0,nan,nan,nan,73,26.100000381469727,0.0,36.0,0,28,-,SELECT OWNER FIRST,
2026-07-18T15:36:07.452,2286.453,mission_20260718_145801_manual,MANUAL,,0,13.330309867858887,100.99787139892578,149.67983905678594,4,True,0.6899999976158142,1,0,0,-1,0,0.0,0.0,0.0,0,0,nan,nan,nan,73,26.100000381469727,0.0,36.0,0,28,-,SELECT OWNER FIRST,
2026-07-18T15:36:09.475,2288.476,mission_20260718_145801_manual,MANUAL,,0,13.330309867858887,100.99787139892578,149.6869287931444,4,True,0.6897500157356262,1,0,0,-1,0,0.0,0.0,0.0,0,0,nan,nan,nan,73,26.100000381469727,0.0,36.0,0,28,-,SELECT OWNER FIRST,
2026-07-18T15:36:11.512,2290.513,mission_20260718_145801_manual,MANUAL,,0,13.330310821533203,100.99787139892578,149.6894149820023,4,True,0.690750002861023,1,0,0,-1,0,0.0,0.0,0.0,0,0,nan,nan,nan,73,26.100000381469727,0.0,36.0,0,28,-,SELECT OWNER FIRST,
2026-07-18T15:36:13.542,2292.542,mission_20260718_145801_manual,MANUAL,,0,13.330310821533203,100.99787139892578,149.6848114345017,4,True,0.6894999742507935,1,0,0,-1,0,0.0,0.0,0.0,0,0,nan,nan,nan,73,26.100000381469727,0.0,36.0,0,28,-,SELECT OWNER FIRST,
2026-07-18T15:36:15.574,2294.575,mission_20260718_145801_manual,MANUAL,,0,13.33031177520752,100.99787139892578,149.68616381195736,4,True,0.6915000081062317,1,0,0,-1,0,0.0,0.0,0.0,0,0,nan,nan,nan,73,26.100000381469727,0.0,36.0,0,28,-,SELECT OWNER FIRST,
2026-07-18T15:36:17.607,2296.608,mission_20260718_145801_manual,MANUAL,,0,13.330312728881836,100.99787139892578,149.67787196230498,4,True,0.6890000104904175,1,0,0,-1,0,0.0,0.0,0.0,0,0,nan,nan,nan,73,26.100000381469727,0.0,36.0,0,28,-,SELECT OWNER FIRST,
2026-07-18T15:36:19.646,2298.647,mission_20260718_145801_manual,MANUAL,,0,13.330312728881836,100.99787139892578,149.6855354345537,4,True,0.6902499794960022,1,0,0,-1,0,0.0,0.0,0.0,0,0,nan,nan,nan,73,26.100000381469727,0.0,36.0,0,27,-,SELECT OWNER FIRST,
2026-07-18T15:36:21.705,2300.705,mission_20260718_145801_manual,MANUAL,,0,13.330312728881836,100.99787139892578,149.69543920885025,4,True,0.6912500262260437,1,0,0,-1,0,0.0,0.0,0.0,0,0,nan,nan,nan,73,26.100000381469727,0.0,36.0,0,27,-,SELECT OWNER FIRST,
2026-07-18T15:36:23.756,2302.757,mission_20260718_145801_manual,MANUAL,,0,13.330313682556152,100.99787139892578,149.69220169918364,4,True,0.6915000081062317,1,0,0,-1,0,0.0,0.0,0.0,0,0,nan,nan,nan,73,26.100000381469727,0.0,36.0,0,26,-,SELECT OWNER FIRST,
2026-07-18T15:36:25.784,2304.785,mission_20260718_145801_manual,MANUAL,,0,13.330313682556152,100.99787139892578,149.69381362382777,4,True,0.6894999742507935,1,0,0,-1,0,0.0,0.0,0.0,0,0,nan,nan,nan,73,26.100000381469727,0.0,36.0,0,27,-,SELECT OWNER FIRST,
2026-07-18T15:36:27.815,2306.815,mission_20260718_145801_manual,MANUAL,,0,13.330314636230469,100.99787139892578,149.69470154841989,4,True,0.687749981880188,1,0,0,-1,0,0.0,0.0,0.0,0,0,nan,nan,nan,73,26.100000381469727,0.0,36.0,0,27,-,SELECT OWNER FIRST,
2026-07-18T15:36:29.864,2308.865,mission_20260718_145801_manual,MANUAL,,0,13.330315589904785,100.99787139892578,149.6937863030711,4,True,0.6890000104904175,1,0,0,-1,0,0.0,0.0,0.0,0,0,nan,nan,nan,73,26.100000381469727,0.0,36.0,0,27,-,SELECT OWNER FIRST,
2026-07-18T15:36:31.893,2310.894,mission_20260718_145801_manual,MANUAL,,0,13.330315589904785,100.99787139892578,149.70196886969677,4,True,0.6865000128746033,1,0,0,-1,0,0.0,0.0,0.0,0,0,nan,nan,nan,73,26.100000381469727,0.0,36.0,0,26,-,SELECT OWNER FIRST,
2026-07-18T15:36:33.921,2312.921,mission_20260718_145801_manual,MANUAL,,0,13.330315589904785,100.99787139892578,149.71035634199754,4,True,0.6917499899864197,1,0,0,-1,0,0.0,0.0,0.0,0,0,nan,nan,nan,73,26.100000381469727,0.0,36.0,0,27,-,SELECT OWNER FIRST,
2026-07-18T15:36:35.952,2314.952,mission_20260718_145801_manual,MANUAL,,0,13.330315589904785,100.99787139892578,149.71457739890462,4,True,0.6902499794960022,1,0,0,-1,0,0.0,0.0,0.0,0,0,nan,nan,nan,73,26.100000381469727,0.0,36.0,0,26,-,SELECT OWNER FIRST,
2026-07-18T15:36:37.989,2316.989,mission_20260718_145801_manual,MANUAL,,0,13.330314636230469,100.99787139892578,149.70852585129998,4,True,0.690500020980835,1,0,0,-1,0,0.0,0.0,0.0,0,0,nan,nan,nan,73,26.100000381469727,0.0,36.0,0,25,-,SELECT OWNER FIRST,
2026-07-18T15:36:40.035,2319.036,mission_20260718_145801_manual,MANUAL,,0,13.330315589904785,100.99787139892578,149.71112132318459,4,True,0.6919999718666077,1,0,0,-1,0,0.0,0.0,0.0,0,0,nan,nan,nan,73,26.100000381469727,0.0,36.0,0,25,-,SELECT OWNER FIRST,
2026-07-18T15:36:42.071,2321.072,mission_20260718_145801_manual,MANUAL,,0,13.330316543579102,100.99787139892578,149.72174909753312,4,True,0.6915000081062317,1,0,0,-1,0,0.0,0.0,0.0,0,0,nan,nan,nan,73,26.100000381469727,0.0,36.0,0,25,-,SELECT OWNER FIRST,
2026-07-18T15:36:44.125,2323.125,mission_20260718_145801_manual,MANUAL,,0,13.330317497253418,100.99787139892578,149.72248675796348,4,True,0.690750002861023,1,0,0,-1,0,0.0,0.0,0.0,0,0,nan,nan,nan,73,26.100000381469727,0.0,36.0,0,26,-,SELECT OWNER FIRST,
2026-07-18T15:36:46.173,2325.173,mission_20260718_145801_manual,MANUAL,,0,13.330321311950684,100.99787139892578,149.7447804954144,4,True,0.687749981880188,1,0,0,-1,0,0.0,0.0,0.0,0,0,nan,nan,nan,73,26.100000381469727,0.0,36.0,0,26,-,SELECT OWNER FIRST,
2026-07-18T15:36:48.220,2327.22,mission_20260718_145801_manual,MANUAL,,0,13.330321311950684,100.99787139892578,149.76277121368824,4,True,0.6922500133514404,1,0,0,-1,0,0.0,0.0,0.0,0,0,nan,nan,nan,73,26.100000381469727,0.0,36.0,0,26,-,SELECT OWNER FIRST,
2026-07-18T15:36:50.257,2329.258,mission_20260718_145801_manual,MANUAL,,0,13.330321311950684,100.99787139892578,149.76707423286533,4,True,0.6897500157356262,1,0,0,-1,0,0.0,0.0,0.0,0,0,nan,nan,nan,73,26.100000381469727,0.0,36.0,0,26,-,SELECT OWNER FIRST,
2026-07-18T15:36:52.296,2331.297,mission_20260718_145801_manual,MANUAL,,0,13.330321311950684,100.99787139892578,149.7770599694319,4,True,0.690750002861023,1,0,0,-1,0,0.0,0.0,0.0,0,0,nan,nan,nan,73,26.100000381469727,0.0,36.0,0,27,-,SELECT OWNER FIRST,
2026-07-18T15:36:54.330,2333.331,mission_20260718_145801_manual,MANUAL,,0,13.330321311950684,100.99787139892578,149.7640962703872,4,True,0.6917499899864197,1,0,0,-1,0,0.0,0.0,0.0,0,0,nan,nan,nan,73,26.100000381469727,0.0,36.0,0,27,-,SELECT OWNER FIRST,
2026-07-18T15:36:56.351,2335.351,mission_20260718_145801_manual,MANUAL,,0,13.330320358276367,100.99787902832031,149.7574709868923,4,True,0.6899999976158142,1,0,0,-1,0,0.0,0.0,0.0,0,0,nan,nan,nan,73,26.100000381469727,0.0,36.0,0,27,-,SELECT OWNER FIRST,
2026-07-18T15:36:58.376,2337.376,mission_20260718_145801_manual,MANUAL,,0,13.33031940460205,100.99787902832031,149.75726608121718,4,True,0.6897500157356262,1,0,0,-1,0,0.0,0.0,0.0,0,0,nan,nan,nan,73,26.100000381469727,0.0,36.0,0,28,-,SELECT OWNER FIRST,
2026-07-18T15:37:00.395,2339.395,mission_20260718_145801_manual,MANUAL,,0,13.330318450927734,100.99787902832031,149.74513566525124,4,True,0.6852499842643738,1,0,0,-1,0,0.0,0.0,0.0,0,0,nan,nan,nan,73,26.100000381469727,0.0,36.0,0,28,-,SELECT OWNER FIRST,
2026-07-18T15:37:02.415,2341.415,mission_20260718_145801_manual,MANUAL,,0,13.330317497253418,100.99787902832031,149.75469793008926,4,True,0.6919999718666077,1,0,0,-1,0,0.0,0.0,0.0,0,0,nan,nan,nan,73,26.100000381469727,0.0,36.0,0,28,-,SELECT OWNER FIRST,
2026-07-18T15:37:04.440,2343.44,mission_20260718_145801_manual,MANUAL,,0,13.330317497253418,100.99787902832031,149.7553536282496,4,True,0.6912500262260437,1,0,0,-1,0,0.0,0.0,0.0,0,0,nan,nan,nan,73,26.100000381469727,0.0,36.0,0,28,-,SELECT OWNER FIRST,
2026-07-18T15:37:06.475,2345.476,mission_20260718_145801_manual,MANUAL,,0,13.330318450927734,100.99787902832031,149.7587004209429,4,True,0.6892499923706055,1,0,0,-1,0,0.0,0.0,0.0,0,0,nan,nan,nan,73,26.100000381469727,0.0,36.0,0,28,-,SELECT OWNER FIRST,
2026-07-18T15:37:08.517,2347.517,mission_20260718_145801_manual,MANUAL,,0,13.33031940460205,100.99787902832031,149.75527166597956,4,True,0.6875,1,0,0,-1,0,0.0,0.0,0.0,0,0,nan,nan,nan,73,26.100000381469727,0.0,36.0,0,28,-,SELECT OWNER FIRST,
2026-07-18T15:37:10.564,2349.564,mission_20260718_145801_manual,MANUAL,,0,13.330320358276367,100.99787902832031,149.75165166571944,4,True,0.690500020980835,1,0,0,-1,0,0.0,0.0,0.0,0,0,nan,nan,nan,73,26.100000381469727,0.0,36.0,0,28,-,SELECT OWNER FIRST,
2026-07-18T15:37:12.587,2351.588,mission_20260718_145801_manual,MANUAL,,0,13.33031940460205,100.99787902832031,149.7645743836291,4,True,0.6909999847412109,1,0,0,-1,0,0.0,0.0,0.0,0,0,nan,nan,nan,73,26.100000381469727,0.0,36.0,0,29,-,SELECT OWNER FIRST,
2026-07-18T15:37:14.649,2353.65,mission_20260718_145801_manual,MANUAL,,0,13.33031940460205,100.99788665771484,149.7640962703872,4,True,0.6912500262260437,1,0,0,-1,0,0.0,0.0,0.0,0,0,nan,nan,nan,73,26.100000381469727,0.0,36.0,0,28,-,SELECT OWNER FIRST,
2026-07-18T15:37:16.702,2355.703,mission_20260718_145801_manual,MANUAL,,0,13.33031940460205,100.99788665771484,149.75538094900628,4,True,0.690500020980835,1,0,0,-1,0,0.0,0.0,0.0,0,0,nan,nan,nan,73,26.100000381469727,0.0,36.0,0,29,-,SELECT OWNER FIRST,
2026-07-18T15:37:18.750,2357.75,mission_20260718_145801_manual,MANUAL,,0,13.33031940460205,100.99788665771484,149.7399310611037,4,True,0.6912500262260437,1,0,0,-1,0,0.0,0.0,0.0,0,0,nan,nan,nan,73,26.100000381469727,0.0,36.0,0,27,-,SELECT OWNER FIRST,
2026-07-18T15:37:20.789,2359.789,mission_20260718_145801_manual,MANUAL,,0,13.33031940460205,100.99788665771484,149.7391114384033,4,True,0.6917499899864197,1,0,0,-1,0,0.0,0.0,0.0,0,0,nan,nan,nan,73,26.100000381469727,0.0,36.0,0,28,-,SELECT OWNER FIRST,
2026-07-18T15:37:22.832,2361.832,mission_20260718_145801_manual,MANUAL,,0,13.330318450927734,100.99788665771484,149.75085936377573,4,True,0.6912500262260437,1,0,0,-1,0,0.0,0.0,0.0,0,0,nan,nan,nan,73,26.100000381469727,0.0,36.0,0,28,-,SELECT OWNER FIRST,
2026-07-18T15:37:24.879,2363.88,mission_20260718_145801_manual,MANUAL,,0,13.330317497253418,100.99788665771484,149.75135113739597,4,True,0.690750002861023,1,0,0,-1,0,0.0,0.0,0.0,0,0,nan,nan,nan,73,26.100000381469727,0.0,36.0,0,27,-,SELECT OWNER FIRST,
2026-07-18T15:37:26.913,2365.914,mission_20260718_145801_manual,MANUAL,,0,13.330317497253418,100.99788665771484,149.73889287234985,4,True,0.6919999718666077,1,0,0,-1,0,0.0,0.0,0.0,0,0,nan,nan,nan,73,26.100000381469727,0.0,36.0,0,27,-,SELECT OWNER FIRST,
2026-07-18T15:37:28.927,2367.927,mission_20260718_145801_manual,MANUAL,,0,13.330316543579102,100.99788665771484,149.72923498486347,4,True,0.6899999976158142,1,0,0,-1,0,0.0,0.0,0.0,0,0,nan,nan,nan,73,26.100000381469727,0.0,36.0,0,27,-,SELECT OWNER FIRST,
2026-07-18T15:37:30.971,2369.972,mission_20260718_145801_manual,MANUAL,,0,13.330314636230469,100.99788665771484,149.72438555055277,4,True,0.6899999976158142,1,0,0,-1,0,0.0,0.0,0.0,0,0,nan,nan,nan,73,26.100000381469727,0.0,36.0,0,27,-,SELECT OWNER FIRST,
2026-07-18T15:37:32.997,2371.997,mission_20260718_145801_manual,MANUAL,,0,13.330313682556152,100.99788665771484,149.71435883285116,4,True,0.6880000233650208,1,0,0,-1,0,0.0,0.0,0.0,0,0,nan,nan,nan,73,26.100000381469727,0.0,36.0,0,27,-,SELECT OWNER FIRST,
2026-07-18T15:37:35.041,2374.041,mission_20260718_145801_manual,MANUAL,,0,13.330312728881836,100.99788665771484,149.7175826821394,4,True,0.6909999847412109,1,0,0,-1,0,0.0,0.0,0.0,0,0,nan,nan,nan,73,26.100000381469727,0.0,36.0,0,27,-,SELECT OWNER FIRST,
2026-07-18T15:37:37.076,2376.076,mission_20260718_145801_manual,MANUAL,,0,13.330312728881836,100.99788665771484,149.7256286449817,4,True,0.6890000104904175,1,0,0,-1,0,0.0,0.0,0.0,0,0,nan,nan,nan,73,26.100000381469727,0.0,36.0,0,26,-,SELECT OWNER FIRST,
2026-07-18T15:37:39.115,2378.116,mission_20260718_145801_manual,MANUAL,,0,13.330312728881836,100.99788665771484,149.70970064383724,4,True,0.6902499794960022,1,0,0,-1,0,0.0,0.0,0.0,0,0,nan,nan,nan,73,26.100000381469727,0.0,36.0,0,27,-,SELECT OWNER FIRST,
2026-07-18T15:37:41.155,2380.156,mission_20260718_145801_manual,MANUAL,,0,13.330312728881836,100.99788665771484,149.7076379267079,4,True,0.6915000081062317,1,0,0,-1,0,0.0,0.0,0.0,0,0,nan,nan,nan,73,26.100000381469727,0.0,36.0,0,26,-,SELECT OWNER FIRST,
2026-07-18T15:37:43.183,2382.183,mission_20260718_145801_manual,MANUAL,,0,13.330312728881836,100.99788665771484,149.7049878133099,4,True,0.6909999847412109,1,0,0,-1,0,0.0,0.0,0.0,0,0,nan,nan,nan,73,26.100000381469727,0.0,36.0,0,26,-,SELECT OWNER FIRST,
2026-07-18T15:37:45.232,2384.233,mission_20260718_145801_manual,MANUAL,,0,13.330312728881836,100.99788665771484,149.70875807773177,4,True,0.690500020980835,1,0,0,-1,0,0.0,0.0,0.0,0,0,nan,nan,nan,73,26.100000381469727,0.0,36.0,0,26,-,SELECT OWNER FIRST,
2026-07-18T15:37:47.269,2386.269,mission_20260718_145801_manual,MANUAL,,0,13.330313682556152,100.99788665771484,149.7076106059512,4,True,0.6909999847412109,1,0,0,-1,0,0.0,0.0,0.0,0,0,nan,nan,nan,73,26.100000381469727,0.0,36.0,0,26,-,SELECT OWNER FIRST,
2026-07-18T15:37:49.305,2388.305,mission_20260718_145801_manual,MANUAL,,0,13.330313682556152,100.99788665771484,149.69832154867998,4,True,0.6902499794960022,1,0,0,-1,0,0.0,0.0,0.0,0,0,nan,nan,nan,73,26.100000381469727,0.0,36.0,0,26,-,SELECT OWNER FIRST,
2026-07-18T15:37:51.335,2390.336,mission_20260718_145801_manual,MANUAL,,0,13.330313682556152,100.99788665771484,149.6919148312385,4,True,0.6915000081062317,1,0,0,-1,0,0.0,0.0,0.0,0,0,nan,nan,nan,73,26.100000381469727,0.0,36.0,0,26,-,SELECT OWNER FIRST,
2026-07-18T15:37:53.371,2392.372,mission_20260718_145801_manual,MANUAL,,0,13.330313682556152,100.99788665771484,149.67642396220091,4,True,0.687749981880188,1,0,0,-1,0,0.0,0.0,0.0,0,0,nan,nan,nan,73,26.100000381469727,0.0,36.0,0,25,-,SELECT OWNER FIRST,
2026-07-18T15:37:55.404,2394.404,mission_20260718_145801_manual,MANUAL,,0,13.330313682556152,100.99788665771484,149.6791423774906,4,True,0.6912500262260437,1,0,0,-1,0,0.0,0.0,0.0,0,0,nan,nan,nan,73,26.100000381469727,0.0,36.0,0,26,-,SELECT OWNER FIRST,
2026-07-18T15:37:57.437,2396.438,mission_20260718_145801_manual,MANUAL,,0,13.330314636230469,100.99788665771484,149.67641030182259,4,True,0.6899999976158142,1,0,0,-1,0,0.0,0.0,0.0,0,0,nan,nan,nan,73,26.100000381469727,0.0,36.0,0,26,-,SELECT OWNER FIRST,
2026-07-18T15:37:59.476,2398.477,mission_20260718_145801_manual,MANUAL,,0,13.330314636230469,100.99787902832031,149.67601415085073,4,True,0.6912500262260437,1,0,0,-1,0,0.0,0.0,0.0,0,0,nan,nan,nan,73,26.100000381469727,0.0,36.0,0,26,-,SELECT OWNER FIRST,
2026-07-18T15:38:01.526,2400.526,mission_20260718_145801_manual,MANUAL,,0,13.330314636230469,100.99787902832031,149.6727903015625,4,True,0.690750002861023,1,0,0,-1,0,0.0,0.0,0.0,0,0,nan,nan,nan,73,26.100000381469727,0.0,36.0,0,26,-,SELECT OWNER FIRST,
2026-07-18T15:38:03.561,2402.561,mission_20260718_145801_manual,MANUAL,,0,13.330313682556152,100.99787902832031,149.66093309316332,4,True,0.6909999847412109,1,0,0,-1,0,0.0,0.0,0.0,0,0,nan,nan,nan,73,26.100000381469727,0.0,36.0,0,26,-,SELECT OWNER FIRST,
2026-07-18T15:38:05.592,2404.592,mission_20260718_145801_manual,MANUAL,,0,13.330312728881836,100.99787902832031,149.6584605646838,4,True,0.6880000233650208,1,0,0,-1,0,0.0,0.0,0.0,0,0,nan,nan,nan,73,26.100000381469727,0.0,36.0,0,26,-,SELECT OWNER FIRST,
2026-07-18T15:38:07.633,2406.633,mission_20260718_145801_manual,MANUAL,,0,13.330310821533203,100.99787902832031,149.6653180746105,4,True,0.6890000104904175,1,0,0,-1,0,0.0,0.0,0.0,0,0,nan,nan,nan,73,26.100000381469727,0.0,36.0,0,26,-,SELECT OWNER FIRST,
2026-07-18T15:38:09.670,2408.671,mission_20260718_145801_manual,MANUAL,,0,13.330309867858887,100.99787902832031,149.6768201131728,4,True,0.6897500157356262,1,0,0,-1,0,0.0,0.0,0.0,0,0,nan,nan,nan,73,26.100000381469727,0.0,36.0,0,27,-,SELECT OWNER FIRST,
2026-07-18T15:38:11.724,2410.725,mission_20260718_145801_manual,MANUAL,,0,13.33030891418457,100.99787902832031,149.67930630203068,4,True,0.6909999847412109,1,0,0,-1,0,0.0,0.0,0.0,0,0,nan,nan,nan,73,26.100000381469727,0.0,36.0,0,26,-,SELECT OWNER FIRST,
2026-07-18T15:38:13.744,2412.744,mission_20260718_145801_manual,MANUAL,,0,13.330307960510254,100.99787902832031,149.66988064097606,4,True,0.6912500262260437,1,0,0,-1,0,0.0,0.0,0.0,0,0,nan,nan,nan,73,26.100000381469727,0.0,36.0,0,27,-,SELECT OWNER FIRST,
2026-07-18T15:38:15.765,2414.766,mission_20260718_145801_manual,MANUAL,,0,13.330307960510254,100.99787902832031,149.67653324522763,4,True,0.6855000257492065,1,0,0,-1,0,0.0,0.0,0.0,0,0,nan,nan,nan,73,26.100000381469727,0.0,36.0,0,25,-,SELECT OWNER FIRST,
2026-07-18T15:38:17.814,2416.814,mission_20260718_145801_manual,MANUAL,,0,13.330307006835938,100.99787902832031,149.6885270574102,4,True,0.6909999847412109,1,0,0,-1,0,0.0,0.0,0.0,0,0,nan,nan,nan,73,26.100000381469727,0.0,36.0,0,25,-,SELECT OWNER FIRST,
2026-07-18T15:38:19.857,2418.857,mission_20260718_145801_manual,MANUAL,,0,13.330307960510254,100.99787902832031,149.68329513250595,4,True,0.690750002861023,1,0,0,-1,0,0.0,0.0,0.0,0,0,nan,nan,nan,73,26.100000381469727,0.0,36.0,0,25,-,SELECT OWNER FIRST,
2026-07-18T15:38:21.874,2420.874,mission_20260718_145801_manual,MANUAL,,0,13.330307006835938,100.99787902832031,149.69445566160977,4,True,0.6890000104904175,1,0,0,-1,0,0.0,0.0,0.0,0,0,nan,nan,nan,73,26.100000381469727,0.0,36.0,0,26,-,SELECT OWNER FIRST,
2026-07-18T15:38:23.917,2422.918,mission_20260718_145801_manual,MANUAL,,0,13.330307006835938,100.99787139892578,149.69179188783346,4,True,0.6887500286102295,1,0,0,-1,0,0.0,0.0,0.0,0,0,nan,nan,nan,73,26.100000381469727,0.0,36.0,0,26,-,SELECT OWNER FIRST,
2026-07-18T15:38:25.949,2424.95,mission_20260718_145801_manual,MANUAL,,0,13.330307006835938,100.99787139892578,149.6917099255634,4,True,0.6902499794960022,1,0,0,-1,0,0.0,0.0,0.0,0,0,nan,nan,nan,73,26.100000381469727,0.0,36.0,0,26,-,SELECT OWNER FIRST,
2026-07-18T15:38:28.000,2427.001,mission_20260718_145801_manual,MANUAL,,0,13.330307006835938,100.99787139892578,149.6906444160529,4,True,0.690750002861023,1,0,0,-1,0,0.0,0.0,0.0,0,0,nan,nan,nan,73,26.100000381469727,0.0,36.0,0,26,-,SELECT OWNER FIRST,
2026-07-18T15:38:30.038,2429.039,mission_20260718_145801_manual,MANUAL,,0,13.330307960510254,100.99787139892578,149.67466177339506,4,True,0.6912500262260437,1,0,0,-1,0,0.0,0.0,0.0,0,0,nan,nan,nan,73,26.100000381469727,0.0,36.0,0,26,-,SELECT OWNER FIRST,
2026-07-18T15:38:32.078,2431.078,mission_20260718_145801_manual,MANUAL,,0,13.330307960510254,100.99787139892578,149.67212094302383,4,True,0.6892499923706055,1,0,0,-1,0,0.0,0.0,0.0,0,0,nan,nan,nan,73,26.100000381469727,0.0,36.0,0,27,-,SELECT OWNER FIRST,
2026-07-18T15:38:34.125,2433.126,mission_20260718_145801_manual,MANUAL,,0,13.330307960510254,100.99787139892578,149.67673815090274,4,True,0.6884999871253967,1,0,0,-1,0,0.0,0.0,0.0,0,0,nan,nan,nan,73,26.100000381469727,0.0,36.0,0,27,-,SELECT OWNER FIRST,
2026-07-18T15:38:36.146,2435.147,mission_20260718_145801_manual,MANUAL,,0,13.330307006835938,100.99787139892578,149.66188931964714,4,True,0.6915000081062317,1,0,0,-1,0,0.0,0.0,0.0,0,0,nan,nan,nan,73,26.100000381469727,0.0,36.0,0,27,-,SELECT OWNER FIRST,
2026-07-18T15:38:38.184,2437.185,mission_20260718_145801_manual,MANUAL,,0,13.330307006835938,100.99786376953125,149.64913052627756,4,True,0.6912500262260437,1,0,0,-1,0,0.0,0.0,0.0,0,0,nan,nan,nan,73,26.100000381469727,0.0,36.0,0,26,-,SELECT OWNER FIRST,
2026-07-18T15:38:40.216,2439.217,mission_20260718_145801_manual,MANUAL,,0,13.330306053161621,100.99786376953125,149.6404425256533,4,True,0.690500020980835,1,0,0,-1,0,0.0,0.0,0.0,0,0,nan,nan,nan,73,26.100000381469727,0.0,36.0,0,28,-,SELECT OWNER FIRST,
2026-07-18T15:38:42.251,2441.251,mission_20260718_145801_manual,MANUAL,,0,13.330306053161621,100.99786376953125,149.63512863847902,4,True,0.6917499899864197,1,0,0,-1,0,0.0,0.0,0.0,0,0,nan,nan,nan,73,26.100000381469727,0.0,36.0,0,27,-,SELECT OWNER FIRST,
2026-07-18T15:38:44.294,2443.295,mission_20260718_145801_manual,MANUAL,,0,13.330306053161621,100.99786376953125,149.63191844956913,4,True,0.6884999871253967,1,0,0,-1,0,0.0,0.0,0.0,0,0,nan,nan,nan,73,26.100000381469727,0.0,36.0,0,25,-,SELECT OWNER FIRST,
2026-07-18T15:38:46.327,2445.328,mission_20260718_145801_manual,MANUAL,,0,13.330306053161621,100.99786376953125,149.63331180815982,4,True,0.6902499794960022,1,0,0,-1,0,0.0,0.0,0.0,0,0,nan,nan,nan,73,26.100000381469727,0.0,36.0,0,26,-,SELECT OWNER FIRST,
2026-07-18T15:38:48.364,2447.364,mission_20260718_145801_manual,MANUAL,,0,13.330306053161621,100.99786376953125,149.63052509097844,4,True,0.6917499899864197,1,0,0,-1,0,0.0,0.0,0.0,0,0,nan,nan,nan,73,26.100000381469727,0.0,36.0,0,25,-,SELECT OWNER FIRST,
2026-07-18T15:38:50.394,2449.395,mission_20260718_145801_manual,MANUAL,,0,13.330306053161621,100.99786376953125,149.62445988299547,4,True,0.6892499923706055,1,0,0,-1,0,0.0,0.0,0.0,0,0,nan,nan,nan,73,26.100000381469727,0.0,36.0,0,25,-,SELECT OWNER FIRST,
2026-07-18T15:38:52.431,2451.431,mission_20260718_145801_manual,MANUAL,,0,13.330307006835938,100.99786376953125,149.62925467579282,4,True,0.6884999871253967,1,0,0,-1,0,0.0,0.0,0.0,0,0,nan,nan,nan,73,26.100000381469727,0.0,36.0,0,26,-,SELECT OWNER FIRST,
2026-07-18T15:38:54.457,2453.458,mission_20260718_145801_manual,MANUAL,,0,13.330307006835938,100.99786376953125,149.63018358151993,4,True,0.6912500262260437,1,0,0,-1,0,0.0,0.0,0.0,0,0,nan,nan,nan,73,26.100000381469727,0.0,36.0,0,26,-,SELECT OWNER FIRST,
2026-07-18T15:38:56.507,2455.508,mission_20260718_145801_manual,MANUAL,,0,13.330307006835938,100.99786376953125,149.63403580821182,4,True,0.690750002861023,1,0,0,-1,0,0.0,0.0,0.0,0,0,nan,nan,nan,73,26.100000381469727,0.0,36.0,0,27,-,SELECT OWNER FIRST,
2026-07-18T15:38:58.552,2457.552,mission_20260718_145801_manual,MANUAL,,0,13.330307960510254,100.99786376953125,149.6400053935464,4,True,0.6884999871253967,1,0,0,-1,0,0.0,0.0,0.0,0,0,nan,nan,nan,73,26.100000381469727,0.0,36.0,0,27,-,SELECT OWNER FIRST,
2026-07-18T15:39:00.595,2459.595,mission_20260718_145801_manual,MANUAL,,0,13.330307006835938,100.99786376953125,149.6413714313804,4,True,0.690750002861023,1,0,0,-1,0,0.0,0.0,0.0,0,0,nan,nan,nan,73,26.100000381469727,0.0,36.0,0,26,-,SELECT OWNER FIRST,
2026-07-18T15:39:02.628,2461.629,mission_20260718_145801_manual,MANUAL,,0,13.330306053161621,100.99786376953125,149.64589301661096,4,True,0.6847500205039978,1,0,0,-1,0,0.0,0.0,0.0,0,0,nan,nan,nan,73,26.100000381469727,0.0,36.0,0,26,-,SELECT OWNER FIRST,
2026-07-18T15:39:04.655,2463.655,mission_20260718_145801_manual,MANUAL,,0,13.330306053161621,100.99786376953125,149.6664109048777,4,True,0.6892499923706055,1,0,0,-1,0,0.0,0.0,0.0,0,0,nan,nan,nan,73,26.100000381469727,0.0,36.0,0,26,-,SELECT OWNER FIRST,
2026-07-18T15:39:06.699,2465.7,mission_20260718_145801_manual,MANUAL,,0,13.330306053161621,100.99786376953125,149.67335037707443,4,True,0.6915000081062317,1,0,0,-1,0,0.0,0.0,0.0,0,0,nan,nan,nan,73,26.100000381469727,0.0,36.0,0,26,-,SELECT OWNER FIRST,
2026-07-18T15:39:08.733,2467.734,mission_20260718_145801_manual,MANUAL,,0,13.330307006835938,100.99786376953125,149.6767244905244,4,True,0.6884999871253967,1,0,0,-1,0,0.0,0.0,0.0,0,0,nan,nan,nan,73,26.100000381469727,0.0,36.0,0,27,-,SELECT OWNER FIRST,
2026-07-18T15:39:10.776,2469.776,mission_20260718_145801_manual,MANUAL,,0,13.330307960510254,100.99786376953125,149.68457920806992,4,True,0.6922500133514404,1,0,0,-1,0,0.0,0.0,0.0,0,0,nan,nan,nan,73,26.100000381469727,0.0,36.0,0,26,-,SELECT OWNER FIRST,
2026-07-18T15:39:12.843,2471.843,mission_20260718_145801_manual,MANUAL,,0,13.330307006835938,100.99786376953125,149.69389558609782,4,True,0.6915000081062317,1,0,0,-1,0,0.0,0.0,0.0,0,0,nan,nan,nan,73,26.100000381469727,0.0,36.0,0,26,-,SELECT OWNER FIRST,
2026-07-18T15:39:14.879,2473.879,mission_20260718_145801_manual,MANUAL,,0,13.330307960510254,100.99786376953125,149.70300705845062,4,True,0.6882500052452087,1,0,0,-1,0,0.0,0.0,0.0,0,0,nan,nan,nan,73,26.100000381469727,0.0,36.0,0,27,-,SELECT OWNER FIRST,
2026-07-18T15:39:16.913,2475.914,mission_20260718_145801_manual,MANUAL,,0,13.33030891418457,100.99787139892578,149.70420917174454,4,True,0.6887500286102295,1,0,0,-1,0,0.0,0.0,0.0,0,0,nan,nan,nan,73,26.100000381469727,0.0,36.0,0,26,-,SELECT OWNER FIRST,
2026-07-18T15:39:18.942,2477.943,mission_20260718_145801_manual,MANUAL,,0,13.330309867858887,100.99787139892578,149.6997558884057,4,True,0.6915000081062317,1,0,0,-1,0,0.0,0.0,0.0,0,0,nan,nan,nan,73,26.100000381469727,0.0,36.0,0,26,-,SELECT OWNER FIRST,
2026-07-18T15:39:20.989,2479.989,mission_20260718_145801_manual,MANUAL,,0,13.330309867858887,100.99787139892578,149.69176456707677,4,True,0.6890000104904175,1,0,0,-1,0,0.0,0.0,0.0,0,0,nan,nan,nan,73,26.100000381469727,0.0,36.0,0,26,-,SELECT OWNER FIRST,
2026-07-18T15:39:23.028,2482.028,mission_20260718_145801_manual,MANUAL,,0,13.330310821533203,100.99787139892578,149.67944290581406,4,True,0.6917499899864197,1,0,0,-1,0,0.0,0.0,0.0,0,0,nan,nan,nan,73,26.100000381469727,0.0,36.0,0,26,-,SELECT OWNER FIRST,
2026-07-18T15:39:25.082,2484.082,mission_20260718_145801_manual,MANUAL,,0,13.33031177520752,100.99787139892578,149.69505671825672,4,True,0.6865000128746033,1,0,0,-1,0,0.0,0.0,0.0,0,0,nan,nan,nan,73,26.100000381469727,0.0,36.0,0,26,-,SELECT OWNER FIRST,
2026-07-18T15:39:27.124,2486.124,mission_20260718_145801_manual,MANUAL,,0,13.330314636230469,100.99786376953125,149.71400366301432,4,True,0.6875,1,0,0,-1,0,0.0,0.0,0.0,0,0,nan,nan,nan,73,26.100000381469727,0.0,36.0,0,25,-,SELECT OWNER FIRST,
2026-07-18T15:39:29.146,2488.147,mission_20260718_145801_manual,MANUAL,,0,13.330314636230469,100.99786376953125,149.74684321254375,4,True,0.6909999847412109,1,0,0,-1,0,0.0,0.0,0.0,0,0,nan,nan,nan,73,26.100000381469727,0.0,36.0,0,28,-,SELECT OWNER FIRST,
2026-07-18T15:39:31.171,2490.172,mission_20260718_145801_manual,MANUAL,,0,13.330314636230469,100.99786376953125,149.76585845919308,4,True,0.6915000081062317,1,0,0,-1,0,0.0,0.0,0.0,0,0,nan,nan,nan,73,26.100000381469727,0.0,36.0,0,28,-,SELECT OWNER FIRST,
2026-07-18T15:39:33.208,2492.209,mission_20260718_145801_manual,MANUAL,,0,13.330314636230469,100.99786376953125,149.79733197088848,4,True,0.6887500286102295,1,0,0,-1,0,0.0,0.0,0.0,0,0,nan,nan,nan,73,26.100000381469727,0.0,36.0,0,28,-,SELECT OWNER FIRST,
2026-07-18T15:39:35.246,2494.246,mission_20260718_145801_manual,MANUAL,,0,13.330313682556152,100.99787139892578,149.81032299068985,4,True,0.6915000081062317,1,0,0,-1,0,0.0,0.0,0.0,0,0,nan,nan,nan,73,26.100000381469727,0.0,36.0,0,27,-,SELECT OWNER FIRST,
2026-07-18T15:39:37.289,2496.289,mission_20260718_145801_manual,MANUAL,,0,13.330312728881836,100.99787139892578,149.82290419914102,4,True,0.6922500133514404,1,0,0,-1,0,0.0,0.0,0.0,0,0,nan,nan,nan,73,26.100000381469727,0.0,36.0,0,27,-,SELECT OWNER FIRST,
2026-07-18T15:39:39.321,2498.321,mission_20260718_145801_manual,MANUAL,,0,13.33031177520752,100.99787139892578,149.8393786154191,4,True,0.6865000128746033,1,0,0,-1,0,0.0,0.0,0.0,0,0,nan,nan,nan,73,26.100000381469727,0.0,36.0,0,28,-,SELECT OWNER FIRST,
2026-07-18T15:39:41.356,2500.356,mission_20260718_145801_manual,MANUAL,,0,13.33031177520752,100.99787139892578,149.8547738618083,4,True,0.690750002861023,1,0,0,-1,0,0.0,0.0,0.0,0,0,nan,nan,nan,73,26.100000381469727,0.0,36.0,0,28,-,SELECT OWNER FIRST,
2026-07-18T15:39:43.390,2502.391,mission_20260718_145801_manual,MANUAL,,0,13.33031177520752,100.99787139892578,149.87488193872483,4,True,0.6909999847412109,1,0,0,-1,0,0.0,0.0,0.0,0,0,nan,nan,nan,73,26.100000381469727,0.0,36.0,0,28,-,SELECT OWNER FIRST,
2026-07-18T15:39:45.428,2504.429,mission_20260718_145801_manual,MANUAL,,0,13.33031177520752,100.99787139892578,149.88285959967538,4,True,0.6919999718666077,1,0,0,-1,0,0.0,0.0,0.0,0,0,nan,nan,nan,73,26.100000381469727,0.0,36.0,0,28,-,SELECT OWNER FIRST,
2026-07-18T15:39:47.471,2506.471,mission_20260718_145801_manual,MANUAL,,0,13.33031177520752,100.99787902832031,149.89884224233322,4,True,0.690500020980835,1,0,0,-1,0,0.0,0.0,0.0,0,0,nan,nan,nan,73,26.100000381469727,0.0,36.0,0,27,-,SELECT OWNER FIRST,
2026-07-18T15:39:49.520,2508.521,mission_20260718_145801_manual,MANUAL,,0,13.330312728881836,100.99787902832031,149.9081859411178,4,True,0.6912500262260437,1,0,0,-1,0,0.0,0.0,0.0,0,0,nan,nan,nan,73,26.100000381469727,0.0,36.0,0,27,-,SELECT OWNER FIRST,
2026-07-18T15:39:51.555,2510.556,mission_20260718_145801_manual,MANUAL,,0,13.330313682556152,100.99787902832031,149.9335122825602,4,True,0.6897500157356262,1,0,0,-1,0,0.0,0.0,0.0,0,0,nan,nan,nan,73,26.100000381469727,0.0,36.0,0,28,-,SELECT OWNER FIRST,
2026-07-18T15:39:53.589,2512.589,mission_20260718_145801_manual,MANUAL,,0,13.330313682556152,100.99787902832031,149.95338813304494,4,True,0.6909999847412109,1,0,0,-1,0,0.0,0.0,0.0,0,0,nan,nan,nan,73,26.100000381469727,0.0,36.0,0,28,-,SELECT OWNER FIRST,
2026-07-18T15:39:55.640,2514.641,mission_20260718_145801_manual,MANUAL,,0,13.330314636230469,100.99787902832031,149.9723897193159,4,True,0.6909999847412109,1,0,0,-1,0,0.0,0.0,0.0,0,0,nan,nan,nan,73,26.100000381469727,0.0,36.0,0,28,-,SELECT OWNER FIRST,
2026-07-18T15:39:57.693,2516.693,mission_20260718_145801_manual,MANUAL,,0,13.330314636230469,100.99787902832031,149.99324911704113,4,True,0.6915000081062317,1,0,0,-1,0,0.0,0.0,0.0,0,0,nan,nan,nan,73,26.100000381469727,0.0,36.0,0,28,-,SELECT OWNER FIRST,
2026-07-18T15:39:59.718,2518.718,mission_20260718_145801_manual,MANUAL,,0,13.330316543579102,100.99788665771484,149.9985903249721,4,True,0.6902499794960022,1,0,0,-1,0,0.0,0.0,0.0,0,0,nan,nan,nan,73,26.100000381469727,0.0,36.0,0,28,-,SELECT OWNER FIRST,
2026-07-18T15:40:01.763,2520.764,mission_20260718_145801_manual,MANUAL,,0,13.330317497253418,100.99788665771484,150.00240157052895,4,True,0.6922500133514404,1,0,0,-1,0,0.0,0.0,0.0,0,0,nan,nan,nan,73,26.100000381469727,0.0,36.0,0,28,-,SELECT OWNER FIRST,
2026-07-18T15:40:03.793,2522.794,mission_20260718_145801_manual,MANUAL,,0,13.330318450927734,100.99788665771484,150.00850775964693,4,True,0.6897500157356262,1,0,0,-1,0,0.0,0.0,0.0,0,0,nan,nan,nan,73,26.100000381469727,0.0,36.0,0,28,-,SELECT OWNER FIRST,
2026-07-18T15:40:05.833,2524.834,mission_20260718_145801_manual,MANUAL,,0,13.33031940460205,100.99788665771484,150.02447674192643,4,True,0.6899999976158142,1,0,0,-1,0,0.0,0.0,0.0,0,0,nan,nan,nan,73,26.100000381469727,0.0,36.0,0,27,-,SELECT OWNER FIRST,
2026-07-18T15:40:07.872,2526.872,mission_20260718_145801_manual,MANUAL,,0,13.330320358276367,100.99788665771484,150.0278781761331,4,True,0.690500020980835,1,0,0,-1,0,0.0,0.0,0.0,0,0,nan,nan,nan,73,26.100000381469727,0.0,36.0,0,27,-,SELECT OWNER FIRST,
2026-07-18T15:40:09.899,2528.9,mission_20260718_145801_manual,MANUAL,,0,13.330321311950684,100.99788665771484,150.03132059147478,4,True,0.690500020980835,1,0,0,-1,0,0.0,0.0,0.0,0,0,nan,nan,nan,73,26.100000381469727,0.0,36.0,0,27,-,SELECT OWNER FIRST,
2026-07-18T15:40:11.943,2530.944,mission_20260718_145801_manual,MANUAL,,0,13.330322265625,100.99789428710938,150.0271951572161,4,True,0.690500020980835,1,0,0,-1,0,0.0,0.0,0.0,0,0,nan,nan,nan,73,26.100000381469727,0.0,36.0,0,27,-,SELECT OWNER FIRST,
2026-07-18T15:40:13.977,2532.978,mission_20260718_145801_manual,MANUAL,,0,13.330322265625,100.99789428710938,150.01010602391273,4,True,0.6902499794960022,1,0,0,-1,0,0.0,0.0,0.0,0,0,nan,nan,nan,73,26.100000381469727,0.0,36.0,0,27,-,SELECT OWNER FIRST,
2026-07-18T15:40:16.002,2535.003,mission_20260718_145801_manual,MANUAL,,0,13.330323219299316,100.99789428710938,150.00308458944596,4,True,0.690750002861023,1,0,0,-1,0,0.0,0.0,0.0,0,0,nan,nan,nan,73,26.100000381469727,0.0,36.0,0,27,-,SELECT OWNER FIRST,
2026-07-18T15:40:18.039,2537.04,mission_20260718_145801_manual,MANUAL,,0,13.330323219299316,100.99789428710938,149.9887685129456,4,True,0.6899999976158142,1,0,0,-1,0,0.0,0.0,0.0,0,0,nan,nan,nan,73,26.100000381469727,0.0,36.0,0,25,-,SELECT OWNER FIRST,
2026-07-18T15:40:20.077,2539.078,mission_20260718_145801_manual,MANUAL,,0,13.330324172973633,100.99789428710938,150.00072134399312,4,True,0.6899999976158142,1,0,0,-1,0,0.0,0.0,0.0,0,0,nan,nan,nan,73,26.100000381469727,0.0,36.0,0,26,-,SELECT OWNER FIRST,
2026-07-18T15:40:22.100,2541.1,mission_20260718_145801_manual,MANUAL,,0,13.33032512664795,100.99789428710938,149.99990172129273,4,True,0.6915000081062317,1,0,0,-1,0,0.0,0.0,0.0,0,0,nan,nan,nan,73,26.100000381469727,0.0,36.0,0,26,-,SELECT OWNER FIRST,
2026-07-18T15:40:24.138,2543.138,mission_20260718_145801_manual,MANUAL,,0,13.330326080322266,100.99789428710938,150.00662262743603,4,True,0.6897500157356262,1,0,0,-1,0,0.0,0.0,0.0,0,0,nan,nan,nan,73,26.100000381469727,0.0,36.0,0,26,-,SELECT OWNER FIRST,
2026-07-18T15:40:26.169,2545.169,mission_20260718_145801_manual,MANUAL,,0,13.330327033996582,100.99789428710938,150.02776889310638,4,True,0.6882500052452087,1,0,0,-1,0,0.0,0.0,0.0,0,0,nan,nan,nan,73,26.100000381469727,0.0,36.0,0,26,-,SELECT OWNER FIRST,
2026-07-18T15:40:28.210,2547.211,mission_20260718_145801_manual,MANUAL,,0,13.330327033996582,100.99789428710938,150.03145719525818,4,True,0.6909999847412109,1,0,0,-1,0,0.0,0.0,0.0,0,0,nan,nan,nan,73,26.100000381469727,0.0,36.0,0,26,-,SELECT OWNER FIRST,
2026-07-18T15:40:30.250,2549.25,mission_20260718_145801_manual,MANUAL,,0,13.330327987670898,100.99789428710938,150.03509085589664,4,True,0.6892499923706055,1,0,0,-1,0,0.0,0.0,0.0,0,0,nan,nan,nan,73,26.100000381469727,0.0,36.0,0,26,-,SELECT OWNER FIRST,
2026-07-18T15:40:32.305,2551.305,mission_20260718_145801_manual,MANUAL,,0,13.330328941345215,100.99789428710938,150.04771304548282,4,True,0.6915000081062317,1,0,0,-1,0,0.0,0.0,0.0,0,0,nan,nan,nan,73,26.100000381469727,0.0,36.0,0,26,-,SELECT OWNER FIRST,
2026-07-18T15:40:34.328,2553.329,mission_20260718_145801_manual,MANUAL,,0,13.330328941345215,100.99789428710938,150.03913432788528,4,True,0.6909999847412109,1,0,0,-1,0,0.0,0.0,0.0,0,0,nan,nan,nan,73,26.100000381469727,0.0,36.0,0,27,-,SELECT OWNER FIRST,
2026-07-18T15:40:36.363,2555.364,mission_20260718_145801_manual,MANUAL,,0,13.330328941345215,100.99789428710938,150.03403900676446,4,True,0.6875,1,0,0,-1,0,0.0,0.0,0.0,0,0,nan,nan,nan,73,26.100000381469727,0.0,36.0,0,27,-,SELECT OWNER FIRST,
2026-07-18T15:40:38.391,2557.391,mission_20260718_145801_manual,MANUAL,,0,13.330327987670898,100.99789428710938,150.03996761096403,4,True,0.6902499794960022,1,0,0,-1,0,0.0,0.0,0.0,0,0,nan,nan,nan,73,26.100000381469727,0.0,36.0,0,27,-,SELECT OWNER FIRST,
2026-07-18T15:40:40.432,2559.433,mission_20260718_145801_manual,MANUAL,,0,13.330327987670898,100.99789428710938,150.03285055384887,4,True,0.6875,1,0,0,-1,0,0.0,0.0,0.0,0,0,nan,nan,nan,73,26.100000381469727,0.0,36.0,0,28,-,SELECT OWNER FIRST,
2026-07-18T15:40:42.470,2561.471,mission_20260718_145801_manual,MANUAL,,0,13.330327987670898,100.99789428710938,150.0223184021487,4,True,0.6919999718666077,1,0,0,-1,0,0.0,0.0,0.0,0,0,nan,nan,nan,73,26.100000381469727,0.0,36.0,0,28,-,SELECT OWNER FIRST,
2026-07-18T15:40:44.516,2563.517,mission_20260718_145801_manual,MANUAL,,0,13.330327033996582,100.99789428710938,150.01062511828965,4,True,0.6894999742507935,1,0,0,-1,0,0.0,0.0,0.0,0,0,nan,nan,nan,73,26.100000381469727,0.0,36.0,0,28,-,SELECT OWNER FIRST,
2026-07-18T15:40:46.551,2565.552,mission_20260718_145801_manual,MANUAL,,0,13.330326080322266,100.99789428710938,149.99809855135183,4,True,0.6924999952316284,1,0,0,-1,0,0.0,0.0,0.0,0,0,nan,nan,nan,73,26.100000381469727,0.0,36.0,0,28,-,SELECT OWNER FIRST,
2026-07-18T15:40:48.590,2567.59,mission_20260718_145801_manual,MANUAL,,0,13.33032512664795,100.99789428710938,149.99469711714517,4,True,0.6892499923706055,1,0,0,-1,0,0.0,0.0,0.0,0,0,nan,nan,nan,73,26.100000381469727,0.0,36.0,0,28,-,SELECT OWNER FIRST,
2026-07-18T15:40:50.630,2569.63,mission_20260718_145801_manual,MANUAL,,0,13.330324172973633,100.99789428710938,149.99315349439274,4,True,0.6892499923706055,1,0,0,-1,0,0.0,0.0,0.0,0,0,nan,nan,nan,73,26.100000381469727,0.0,36.0,0,28,-,SELECT OWNER FIRST,
2026-07-18T15:40:52.655,2571.655,mission_20260718_145801_manual,MANUAL,,0,13.330323219299316,100.99788665771484,149.99237485282737,4,True,0.690500020980835,1,0,0,-1,0,0.0,0.0,0.0,0,0,nan,nan,nan,73,26.100000381469727,0.0,36.0,0,28,-,SELECT OWNER FIRST,
2026-07-18T15:40:54.686,2573.687,mission_20260718_145801_manual,MANUAL,,0,13.330322265625,100.99788665771484,150.00424572160486,4,True,0.6892499923706055,1,0,0,-1,0,0.0,0.0,0.0,0,0,nan,nan,nan,73,26.100000381469727,0.0,36.0,0,28,-,SELECT OWNER FIRST,
2026-07-18T15:40:56.724,2575.725,mission_20260718_145801_manual,MANUAL,,0,13.330320358276367,100.99788665771484,150.0137533449295,4,True,0.6892499923706055,1,0,0,-1,0,0.0,0.0,0.0,0,0,nan,nan,nan,73,26.100000381469727,0.0,36.0,0,28,-,SELECT OWNER FIRST,
2026-07-18T15:40:58.769,2577.77,mission_20260718_145801_manual,MANUAL,,0,13.33031940460205,100.99788665771484,150.0150100997368,4,True,0.6890000104904175,1,0,0,-1,0,0.0,0.0,0.0,0,0,nan,nan,nan,73,26.100000381469727,0.0,36.0,0,28,-,SELECT OWNER FIRST,
2026-07-18T15:41:00.794,2579.794,mission_20260718_145801_manual,MANUAL,,0,13.330318450927734,100.99788665771484,150.0196546283724,4,True,0.690750002861023,1,0,0,-1,0,0.0,0.0,0.0,0,0,nan,nan,nan,73,26.100000381469727,0.0,36.0,0,28,-,SELECT OWNER FIRST,
2026-07-18T15:41:02.829,2581.829,mission_20260718_145801_manual,MANUAL,,0,13.330318450927734,100.99788665771484,150.01506474125014,4,True,0.6892499923706055,1,0,0,-1,0,0.0,0.0,0.0,0,0,nan,nan,nan,73,26.100000381469727,0.0,36.0,0,28,-,SELECT OWNER FIRST,
2026-07-18T15:41:04.868,2583.868,mission_20260718_145801_manual,MANUAL,,0,13.330317497253418,100.99788665771484,150.0189989302121,4,True,0.6897500157356262,1,0,0,-1,0,0.0,0.0,0.0,0,0,nan,nan,nan,73,26.100000381469727,0.0,36.0,0,28,-,SELECT OWNER FIRST,
2026-07-18T15:41:06.913,2585.914,mission_20260718_145801_manual,MANUAL,,0,13.330316543579102,100.99788665771484,150.01742798670298,4,True,0.6909999847412109,1,0,0,-1,0,0.0,0.0,0.0,0,0,nan,nan,nan,73,26.100000381469727,0.0,36.0,0,28,-,SELECT OWNER FIRST,
2026-07-18T15:41:08.945,2587.946,mission_20260718_145801_manual,MANUAL,,0,13.330315589904785,100.99788665771484,150.0132752316876,4,True,0.690500020980835,1,0,0,-1,0,0.0,0.0,0.0,0,0,nan,nan,nan,73,26.100000381469727,0.0,36.0,0,28,-,SELECT OWNER FIRST,
2026-07-18T15:41:10.975,2589.975,mission_20260718_145801_manual,MANUAL,,0,13.330314636230469,100.99788665771484,150.02085674166634,4,True,0.6919999718666077,1,0,0,-1,0,0.0,0.0,0.0,0,0,nan,nan,nan,73,26.100000381469727,0.0,36.0,0,28,-,SELECT OWNER FIRST,
2026-07-18T15:41:13.020,2592.02,mission_20260718_145801_manual,MANUAL,,0,13.330312728881836,100.99788665771484,150.01684059043436,4,True,0.6909999847412109,1,0,0,-1,0,0.0,0.0,0.0,0,0,nan,nan,nan,73,26.100000381469727,0.0,36.0,0,27,-,SELECT OWNER FIRST,
2026-07-18T15:41:15.054,2594.054,mission_20260718_145801_manual,MANUAL,,0,13.33031177520752,100.99788665771484,150.017468967838,4,True,0.690500020980835,1,0,0,-1,0,0.0,0.0,0.0,0,0,nan,nan,nan,73,26.100000381469727,0.0,36.0,0,27,-,SELECT OWNER FIRST,
2026-07-18T15:41:17.082,2596.082,mission_20260718_145801_manual,MANUAL,,0,13.330310821533203,100.99789428710938,150.0031392309593,4,True,0.6897500157356262,1,0,0,-1,0,0.0,0.0,0.0,0,0,nan,nan,nan,73,26.100000381469727,0.0,36.0,0,27,-,SELECT OWNER FIRST,
2026-07-18T15:41:19.121,2598.121,mission_20260718_145801_manual,MANUAL,,0,13.33030891418457,100.99789428710938,149.99260707925916,4,True,0.6915000081062317,1,0,0,-1,0,0.0,0.0,0.0,0,0,nan,nan,nan,73,26.100000381469727,0.0,36.0,0,27,-,SELECT OWNER FIRST,
2026-07-18T15:41:21.172,2600.173,mission_20260718_145801_manual,MANUAL,,0,13.330307960510254,100.99789428710938,149.9928256453126,4,True,0.690500020980835,1,0,0,-1,0,0.0,0.0,0.0,0,0,nan,nan,nan,73,26.100000381469727,0.0,36.0,0,28,-,SELECT OWNER FIRST,
2026-07-18T15:41:23.230,2602.231,mission_20260718_145801_manual,MANUAL,,0,13.330306053161621,100.99789428710938,149.9984947023237,4,True,0.6909999847412109,1,0,0,-1,0,0.0,0.0,0.0,0,0,nan,nan,nan,73,26.100000381469727,0.0,36.0,0,28,-,SELECT OWNER FIRST,
2026-07-18T15:41:25.283,2604.283,mission_20260718_145801_manual,MANUAL,,0,13.330305099487305,100.99789428710938,150.0172640621629,4,True,0.6912500262260437,1,0,0,-1,0,0.0,0.0,0.0,0,0,nan,nan,nan,73,26.100000381469727,0.0,36.0,0,28,-,SELECT OWNER FIRST,
2026-07-18T15:41:27.320,2606.32,mission_20260718_145801_manual,MANUAL,,0,13.330305099487305,100.99789428710938,150.02151243982664,4,True,0.6892499923706055,1,0,0,-1,0,0.0,0.0,0.0,0,0,nan,nan,nan,73,26.100000381469727,0.0,36.0,0,28,-,SELECT OWNER FIRST,
2026-07-18T15:41:29.371,2608.372,mission_20260718_145801_manual,MANUAL,,0,13.330304145812988,100.99789428710938,150.03249538401204,4,True,0.687250018119812,1,0,0,-1,0,0.0,0.0,0.0,0,0,nan,nan,nan,73,26.100000381469727,0.0,36.0,0,28,-,SELECT OWNER FIRST,
2026-07-18T15:41:31.402,2610.403,mission_20260718_145801_manual,MANUAL,,0,13.330304145812988,100.99789428710938,150.02584277976044,4,True,0.6909999847412109,1,0,0,-1,0,0.0,0.0,0.0,0,0,nan,nan,nan,73,26.100000381469727,0.0,36.0,0,28,-,SELECT OWNER FIRST,
2026-07-18T15:41:33.433,2612.433,mission_20260718_145801_manual,MANUAL,,0,13.330304145812988,100.99789428710938,150.02596572316548,4,True,0.690750002861023,1,0,0,-1,0,0.0,0.0,0.0,0,0,nan,nan,nan,73,26.100000381469727,0.0,36.0,0,26,-,SELECT OWNER FIRST,
2026-07-18T15:41:35.477,2614.478,mission_20260718_145801_manual,MANUAL,,0,13.330304145812988,100.99789428710938,150.02099334544974,4,True,0.6909999847412109,1,0,0,-1,0,0.0,0.0,0.0,0,0,nan,nan,nan,73,26.100000381469727,0.0,36.0,0,28,-,SELECT OWNER FIRST,
2026-07-18T15:41:37.517,2616.518,mission_20260718_145801_manual,MANUAL,,0,13.330304145812988,100.99789428710938,150.01882134529367,4,True,0.6917499899864197,1,0,0,-1,0,0.0,0.0,0.0,0,0,nan,nan,nan,73,26.100000381469727,0.0,36.0,0,27,-,SELECT OWNER FIRST,
2026-07-18T15:41:39.553,2618.554,mission_20260718_145801_manual,MANUAL,,0,13.330305099487305,100.99789428710938,150.01410851476635,4,True,0.6882500052452087,1,0,0,-1,0,0.0,0.0,0.0,0,0,nan,nan,nan,73,26.100000381469727,0.0,36.0,0,27,-,SELECT OWNER FIRST,
2026-07-18T15:41:41.577,2620.578,mission_20260718_145801_manual,MANUAL,,0,13.330306053161621,100.99789428710938,150.01584338281555,4,True,0.6902499794960022,1,0,0,-1,0,0.0,0.0,0.0,0,0,nan,nan,nan,73,26.100000381469727,0.0,36.0,0,27,-,SELECT OWNER FIRST,
2026-07-18T15:41:43.613,2622.613,mission_20260718_145801_manual,MANUAL,,0,13.330307960510254,100.99789428710938,150.02730444024283,4,True,0.6919999718666077,1,0,0,-1,0,0.0,0.0,0.0,0,0,nan,nan,nan,73,26.100000381469727,0.0,36.0,0,27,-,SELECT OWNER FIRST,
2026-07-18T15:41:45.649,2624.649,mission_20260718_145801_manual,MANUAL,,0,13.33030891418457,100.9979019165039,150.0326593085521,4,True,0.6902499794960022,1,0,0,-1,0,0.0,0.0,0.0,0,0,nan,nan,nan,73,26.100000381469727,0.0,36.0,0,27,-,SELECT OWNER FIRST,
2026-07-18T15:41:47.690,2626.691,mission_20260718_145801_manual,MANUAL,,0,13.330309867858887,100.9979019165039,150.01490081671008,4,True,0.6887500286102295,1,0,0,-1,0,0.0,0.0,0.0,0,0,nan,nan,nan,73,26.100000381469727,0.0,36.0,0,27,-,SELECT OWNER FIRST,
2026-07-18T15:41:49.749,2628.75,mission_20260718_145801_manual,MANUAL,,0,13.330310821533203,100.9979019165039,150.00727832559633,4,True,0.6922500133514404,1,0,0,-1,0,0.0,0.0,0.0,0,0,nan,nan,nan,73,26.100000381469727,0.0,36.0,0,27,-,SELECT OWNER FIRST,
2026-07-18T15:41:51.802,2630.803,mission_20260718_145801_manual,MANUAL,,0,13.33031177520752,100.9979019165039,150.00080330626318,4,True,0.6897500157356262,1,0,0,-1,0,0.0,0.0,0.0,0,0,nan,nan,nan,73,26.100000381469727,0.0,36.0,0,28,-,SELECT OWNER FIRST,
2026-07-18T15:41:53.852,2632.852,mission_20260718_145801_manual,MANUAL,,0,13.330312728881836,100.9979019165039,150.01066609942467,4,True,0.6880000233650208,1,0,0,-1,0,0.0,0.0,0.0,0,0,nan,nan,nan,73,26.100000381469727,0.0,36.0,0,28,-,SELECT OWNER FIRST,
2026-07-18T15:41:55.921,2634.921,mission_20260718_145801_manual,MANUAL,,0,13.330313682556152,100.9979019165039,150.02237304366207,4,True,0.687749981880188,1,0,0,-1,0,0.0,0.0,0.0,0,0,nan,nan,nan,73,26.100000381469727,0.0,36.0,0,28,-,SELECT OWNER FIRST,
2026-07-18T15:41:57.987,2636.988,mission_20260718_145801_manual,MANUAL,,0,13.330314636230469,100.9979019165039,150.02714051570274,4,True,0.6887500286102295,1,0,0,-1,0,0.0,0.0,0.0,0,0,nan,nan,nan,73,26.100000381469727,0.0,36.0,0,29,-,READY owner=Put1 refs=24,"{""cmd"": ""STOP"", ""status"": ""READY"", ""detector"": ""yolo"", ""state"": ""IDLE"", ""owner"": ""Put1"", ""score"": null, ""match_max"": 0.5, ""refs"": 24, ""match_mode"": ""none"", ""steer_zones"": 41, ""people"": 0, ""track_id"": null, ""target_ex"": 0.0, ""target_cx_vel_px_s"": 0.0, ""target_age_s"": null, ""lidar_min_m"": 0.68, ""target_lidar_m"": null, ""target_lidar_deg"": null, ""camera_range_m"""
2026-07-18T15:42:00.037,2639.038,mission_20260718_145801_manual,MANUAL,,0,13.330315589904785,100.9979019165039,150.0395851203705,4,True,0.6892499923706055,1,0,0,-1,0,0.0,0.0,0.0,0,0,nan,nan,nan,73,26.100000381469727,0.0,36.0,0,29,-,READY owner=Put1 refs=24,"{""cmd"": ""STOP"", ""status"": ""READY"", ""detector"": ""yolo"", ""state"": ""IDLE"", ""owner"": ""Put1"", ""score"": null, ""match_max"": 0.5, ""refs"": 24, ""match_mode"": ""none"", ""steer_zones"": 41, ""people"": 0, ""track_id"": null, ""target_ex"": 0.0, ""target_cx_vel_px_s"": 0.0, ""target_age_s"": null, ""lidar_min_m"": 0.68, ""target_lidar_m"": null, ""target_lidar_deg"": null, ""camera_range_m"""
2026-07-18T15:42:02.090,2641.09,mission_20260718_145801_manual,MANUAL,,0,13.330316543579102,100.9979019165039,150.04069161101606,4,True,0.6915000081062317,1,0,0,-1,0,0.0,0.0,0.0,0,0,nan,nan,nan,73,26.100000381469727,0.0,36.0,0,29,-,READY owner=Put1 refs=24,"{""cmd"": ""STOP"", ""status"": ""READY"", ""detector"": ""yolo"", ""state"": ""IDLE"", ""owner"": ""Put1"", ""score"": null, ""match_max"": 0.5, ""refs"": 24, ""match_mode"": ""none"", ""steer_zones"": 41, ""people"": 0, ""track_id"": null, ""target_ex"": 0.0, ""target_cx_vel_px_s"": 0.0, ""target_age_s"": null, ""lidar_min_m"": 0.68, ""target_lidar_m"": null, ""target_lidar_deg"": null, ""camera_range_m"""
2026-07-18T15:42:04.165,2643.165,mission_20260718_145801_manual,MANUAL,,0,13.330316543579102,100.9979019165039,150.04298655457717,4,True,0.687250018119812,1,0,0,-1,0,0.0,0.0,0.0,0,0,nan,nan,nan,73,26.100000381469727,0.0,36.0,0,29,-,READY owner=Put1 refs=24,"{""cmd"": ""STOP"", ""status"": ""READY"", ""detector"": ""yolo"", ""state"": ""IDLE"", ""owner"": ""Put1"", ""score"": null, ""match_max"": 0.5, ""refs"": 24, ""match_mode"": ""none"", ""steer_zones"": 41, ""people"": 0, ""track_id"": null, ""target_ex"": 0.0, ""target_cx_vel_px_s"": 0.0, ""target_age_s"": null, ""lidar_min_m"": 0.68, ""target_lidar_m"": null, ""target_lidar_deg"": null, ""camera_range_m"""
2026-07-18T15:42:06.212,2645.212,mission_20260718_145801_manual,MANUAL,,0,13.330317497253418,100.9979019165039,150.0392162901553,4,True,0.6880000233650208,1,0,0,-1,0,0.0,0.0,0.0,0,0,nan,nan,nan,73,26.100000381469727,0.0,36.0,0,29,-,READY owner=Put1 refs=24,"{""cmd"": ""STOP"", ""status"": ""READY"", ""detector"": ""yolo"", ""state"": ""IDLE"", ""owner"": ""Put1"", ""score"": null, ""match_max"": 0.5, ""refs"": 24, ""match_mode"": ""none"", ""steer_zones"": 41, ""people"": 0, ""track_id"": null, ""target_ex"": 0.0, ""target_cx_vel_px_s"": 0.0, ""target_age_s"": null, ""lidar_min_m"": 0.68, ""target_lidar_m"": null, ""target_lidar_deg"": null, ""camera_range_m"""
2026-07-18T15:42:08.265,2647.266,mission_20260718_145801_manual,MANUAL,,0,13.330318450927734,100.9979019165039,150.0354187049768,4,True,0.6902499794960022,1,0,0,-1,0,0.0,0.0,0.0,0,0,nan,nan,nan,73,26.100000381469727,0.0,36.0,0,28,-,READY owner=Put1 refs=24,"{""cmd"": ""STOP"", ""status"": ""READY"", ""detector"": ""yolo"", ""state"": ""IDLE"", ""owner"": ""Put1"", ""score"": null, ""match_max"": 0.5, ""refs"": 24, ""match_mode"": ""none"", ""steer_zones"": 41, ""people"": 0, ""track_id"": null, ""target_ex"": 0.0, ""target_cx_vel_px_s"": 0.0, ""target_age_s"": null, ""lidar_min_m"": 0.68, ""target_lidar_m"": null, ""target_lidar_deg"": null, ""camera_range_m"""
2026-07-18T15:42:10.330,2649.33,mission_20260718_145801_manual,MANUAL,,0,13.33031940460205,100.9979019165039,150.03338330860413,4,True,0.6882500052452087,1,0,0,-1,0,0.0,0.0,0.0,0,0,nan,nan,nan,73,26.100000381469727,0.0,36.0,0,28,-,READY owner=Put1 refs=24,"{""cmd"": ""STOP"", ""status"": ""READY"", ""detector"": ""yolo"", ""state"": ""IDLE"", ""owner"": ""Put1"", ""score"": null, ""match_max"": 0.5, ""refs"": 24, ""match_mode"": ""none"", ""steer_zones"": 41, ""people"": 0, ""track_id"": null, ""target_ex"": 0.0, ""target_cx_vel_px_s"": 0.0, ""target_age_s"": null, ""lidar_min_m"": 0.68, ""target_lidar_m"": null, ""target_lidar_deg"": null, ""camera_range_m"""
2026-07-18T15:42:12.390,2651.391,mission_20260718_145801_manual,MANUAL,,0,13.330320358276367,100.9979019165039,150.02076111901795,4,True,0.6930000185966492,1,0,0,-1,0,0.0,0.0,0.0,0,0,nan,nan,nan,73,26.100000381469727,0.0,36.0,0,28,-,READY owner=Put1 refs=24,"{""cmd"": ""STOP"", ""status"": ""READY"", ""detector"": ""yolo"", ""state"": ""IDLE"", ""owner"": ""Put1"", ""score"": null, ""match_max"": 0.5, ""refs"": 24, ""match_mode"": ""none"", ""steer_zones"": 41, ""people"": 0, ""track_id"": null, ""target_ex"": 0.0, ""target_cx_vel_px_s"": 0.0, ""target_age_s"": null, ""lidar_min_m"": 0.68, ""target_lidar_m"": null, ""target_lidar_deg"": null, ""camera_range_m"""
2026-07-18T15:42:14.438,2653.438,mission_20260718_145801_manual,MANUAL,,0,13.330321311950684,100.9979019165039,150.02386202490112,4,True,0.6887500286102295,1,0,0,-1,0,0.0,0.0,0.0,0,0,nan,nan,nan,73,26.100000381469727,0.0,36.0,0,28,-,READY owner=Put1 refs=24,"{""cmd"": ""STOP"", ""status"": ""READY"", ""detector"": ""yolo"", ""state"": ""IDLE"", ""owner"": ""Put1"", ""score"": null, ""match_max"": 0.5, ""refs"": 24, ""match_mode"": ""none"", ""steer_zones"": 41, ""people"": 0, ""track_id"": null, ""target_ex"": 0.0, ""target_cx_vel_px_s"": 0.0, ""target_age_s"": null, ""lidar_min_m"": 0.68, ""target_lidar_m"": null, ""target_lidar_deg"": null, ""camera_range_m"""
2026-07-18T15:42:16.494,2655.495,mission_20260718_145801_manual,MANUAL,,0,13.330322265625,100.9979019165039,150.02434013814303,4,True,0.6902499794960022,1,0,0,-1,0,0.0,0.0,0.0,0,0,nan,nan,nan,73,26.100000381469727,0.0,36.0,0,29,-,READY owner=Put1 refs=24,"{""cmd"": ""STOP"", ""status"": ""READY"", ""detector"": ""yolo"", ""state"": ""IDLE"", ""owner"": ""Put1"", ""score"": null, ""match_max"": 0.5, ""refs"": 24, ""match_mode"": ""none"", ""steer_zones"": 41, ""people"": 0, ""track_id"": null, ""target_ex"": 0.0, ""target_cx_vel_px_s"": 0.0, ""target_age_s"": null, ""lidar_min_m"": 0.68, ""target_lidar_m"": null, ""target_lidar_deg"": null, ""camera_range_m"""
2026-07-18T15:42:18.550,2657.551,mission_20260718_145801_manual,MANUAL,,0,13.330323219299316,100.9979019165039,150.02700391191934,4,True,0.687749981880188,1,0,0,-1,0,0.0,0.0,0.0,0,0,nan,nan,nan,73,26.100000381469727,0.0,36.0,0,29,-,READY owner=Put1 refs=24,"{""cmd"": ""STOP"", ""status"": ""READY"", ""detector"": ""yolo"", ""state"": ""IDLE"", ""owner"": ""Put1"", ""score"": null, ""match_max"": 0.5, ""refs"": 24, ""match_mode"": ""none"", ""steer_zones"": 41, ""people"": 0, ""track_id"": null, ""target_ex"": 0.0, ""target_cx_vel_px_s"": 0.0, ""target_age_s"": null, ""lidar_min_m"": 0.68, ""target_lidar_m"": null, ""target_lidar_deg"": null, ""camera_range_m"""
2026-07-18T15:42:20.607,2659.607,mission_20260718_145801_manual,MANUAL,,0,13.330324172973633,100.9979019165039,150.01946338307565,4,True,0.6917499899864197,1,0,0,-1,0,0.0,0.0,0.0,0,0,nan,nan,nan,73,26.100000381469727,0.0,36.0,0,29,-,READY owner=Put1 refs=24,"{""cmd"": ""STOP"", ""status"": ""READY"", ""detector"": ""yolo"", ""state"": ""IDLE"", ""owner"": ""Put1"", ""score"": null, ""match_max"": 0.5, ""refs"": 24, ""match_mode"": ""none"", ""steer_zones"": 41, ""people"": 0, ""track_id"": null, ""target_ex"": 0.0, ""target_cx_vel_px_s"": 0.0, ""target_age_s"": null, ""lidar_min_m"": 0.68, ""target_lidar_m"": null, ""target_lidar_deg"": null, ""camera_range_m"""
2026-07-18T15:42:22.667,2661.668,mission_20260718_145801_manual,MANUAL,,0,13.33032512664795,100.9979019165039,150.01604828849065,4,True,0.6924999952316284,1,0,0,-1,0,0.0,0.0,0.0,0,0,nan,nan,nan,73,26.100000381469727,0.0,36.0,0,29,-,READY owner=Put1 refs=24,"{""cmd"": ""STOP"", ""status"": ""READY"", ""detector"": ""yolo"", ""state"": ""IDLE"", ""owner"": ""Put1"", ""score"": null, ""match_max"": 0.5, ""refs"": 24, ""match_mode"": ""none"", ""steer_zones"": 41, ""people"": 0, ""track_id"": null, ""target_ex"": 0.0, ""target_cx_vel_px_s"": 0.0, ""target_age_s"": null, ""lidar_min_m"": 0.68, ""target_lidar_m"": null, ""target_lidar_deg"": null, ""camera_range_m"""
2026-07-18T15:42:24.728,2663.728,mission_20260718_145801_manual,MANUAL,,0,13.330326080322266,100.9979019165039,150.0225916097155,4,True,0.6882500052452087,1,0,0,-1,0,0.0,0.0,0.0,0,0,nan,nan,nan,73,26.100000381469727,0.0,36.0,0,29,-,READY owner=Put1 refs=24,"{""cmd"": ""STOP"", ""status"": ""READY"", ""detector"": ""yolo"", ""state"": ""IDLE"", ""owner"": ""Put1"", ""score"": null, ""match_max"": 0.5, ""refs"": 24, ""match_mode"": ""none"", ""steer_zones"": 41, ""people"": 0, ""track_id"": null, ""target_ex"": 0.0, ""target_cx_vel_px_s"": 0.0, ""target_age_s"": null, ""lidar_min_m"": 0.68, ""target_lidar_m"": null, ""target_lidar_deg"": null, ""camera_range_m"""
2026-07-18T15:42:26.774,2665.775,mission_20260718_145801_manual,MANUAL,,0,13.330327033996582,100.9979019165039,150.0227282134989,4,True,0.6912500262260437,1,0,0,-1,0,0.0,0.0,0.0,0,0,nan,nan,nan,73,26.100000381469727,0.0,36.0,0,29,-,READY owner=Put1 refs=24,"{""cmd"": ""STOP"", ""status"": ""READY"", ""detector"": ""yolo"", ""state"": ""IDLE"", ""owner"": ""Put1"", ""score"": null, ""match_max"": 0.5, ""refs"": 24, ""match_mode"": ""none"", ""steer_zones"": 41, ""people"": 0, ""track_id"": null, ""target_ex"": 0.0, ""target_cx_vel_px_s"": 0.0, ""target_age_s"": null, ""lidar_min_m"": 0.68, ""target_lidar_m"": null, ""target_lidar_deg"": null, ""camera_range_m"""
2026-07-18T15:42:28.835,2667.836,mission_20260718_145801_manual,MANUAL,,0,13.330327987670898,100.9979019165039,150.01826126978173,4,True,0.6890000104904175,1,0,0,-1,0,0.0,0.0,0.0,0,0,nan,nan,nan,73,26.100000381469727,0.0,36.0,0,29,-,READY owner=Put1 refs=24,"{""cmd"": ""STOP"", ""status"": ""READY"", ""detector"": ""yolo"", ""state"": ""IDLE"", ""owner"": ""Put1"", ""score"": null, ""match_max"": 0.5, ""refs"": 24, ""match_mode"": ""none"", ""steer_zones"": 41, ""people"": 0, ""track_id"": null, ""target_ex"": 0.0, ""target_cx_vel_px_s"": 0.0, ""target_age_s"": null, ""lidar_min_m"": 0.68, ""target_lidar_m"": null, ""target_lidar_deg"": null, ""camera_range_m"""
2026-07-18T15:42:30.868,2669.868,mission_20260718_145801_manual,MANUAL,,0,13.330328941345215,100.9979019165039,150.0177694961615,4,True,0.6909999847412109,1,0,0,-1,0,0.0,0.0,0.0,0,0,nan,nan,nan,73,26.100000381469727,0.0,36.0,0,29,-,READY owner=Put1 refs=24,"{""cmd"": ""STOP"", ""status"": ""READY"", ""detector"": ""yolo"", ""state"": ""IDLE"", ""owner"": ""Put1"", ""score"": null, ""match_max"": 0.5, ""refs"": 24, ""match_mode"": ""none"", ""steer_zones"": 41, ""people"": 0, ""track_id"": null, ""target_ex"": 0.0, ""target_cx_vel_px_s"": 0.0, ""target_age_s"": null, ""lidar_min_m"": 0.68, ""target_lidar_m"": null, ""target_lidar_deg"": null, ""camera_range_m"""
2026-07-18T15:42:32.921,2671.921,mission_20260718_145801_manual,MANUAL,,0,13.330329895019531,100.9979019165039,150.0123190052038,4,True,0.690500020980835,1,0,0,-1,0,0.0,0.0,0.0,0,0,nan,nan,nan,73,26.100000381469727,0.0,36.0,0,29,-,READY owner=Put1 refs=24,"{""cmd"": ""STOP"", ""status"": ""READY"", ""detector"": ""yolo"", ""state"": ""IDLE"", ""owner"": ""Put1"", ""score"": null, ""match_max"": 0.5, ""refs"": 24, ""match_mode"": ""none"", ""steer_zones"": 41, ""people"": 0, ""track_id"": null, ""target_ex"": 0.0, ""target_cx_vel_px_s"": 0.0, ""target_age_s"": null, ""lidar_min_m"": 0.68, ""target_lidar_m"": null, ""target_lidar_deg"": null, ""camera_range_m"""
2026-07-18T15:42:34.957,2673.957,mission_20260718_145801_manual,MANUAL,,0,13.330329895019531,100.9979019165039,150.00641772176093,4,True,0.6892499923706055,1,0,0,-1,0,0.0,0.0,0.0,0,0,nan,nan,nan,73,26.100000381469727,0.0,36.0,0,29,-,READY owner=Put1 refs=24,"{""cmd"": ""STOP"", ""status"": ""READY"", ""detector"": ""yolo"", ""state"": ""IDLE"", ""owner"": ""Put1"", ""score"": null, ""match_max"": 0.5, ""refs"": 24, ""match_mode"": ""none"", ""steer_zones"": 41, ""people"": 0, ""track_id"": null, ""target_ex"": 0.0, ""target_cx_vel_px_s"": 0.0, ""target_age_s"": null, ""lidar_min_m"": 0.68, ""target_lidar_m"": null, ""target_lidar_deg"": null, ""camera_range_m"""
2026-07-18T15:42:37.021,2676.022,mission_20260718_145801_manual,MANUAL,,0,13.330330848693848,100.9979019165039,150.0032758347427,4,True,0.6897500157356262,1,0,0,-1,0,0.0,0.0,0.0,0,0,nan,nan,nan,73,26.100000381469727,0.0,36.0,0,29,-,READY owner=Put1 refs=24,"{""cmd"": ""STOP"", ""status"": ""READY"", ""detector"": ""yolo"", ""state"": ""IDLE"", ""owner"": ""Put1"", ""score"": null, ""match_max"": 0.5, ""refs"": 24, ""match_mode"": ""none"", ""steer_zones"": 41, ""people"": 0, ""track_id"": null, ""target_ex"": 0.0, ""target_cx_vel_px_s"": 0.0, ""target_age_s"": null, ""lidar_min_m"": 0.68, ""target_lidar_m"": null, ""target_lidar_deg"": null, ""camera_range_m"""
2026-07-18T15:42:39.071,2678.071,mission_20260718_145801_manual,MANUAL,,0,13.330331802368164,100.9979019165039,150.00415009895647,4,True,0.6884999871253967,1,0,0,-1,0,0.0,0.0,0.0,0,0,nan,nan,nan,73,26.100000381469727,0.0,36.0,0,29,-,READY owner=Put1 refs=24,"{""cmd"": ""STOP"", ""status"": ""READY"", ""detector"": ""yolo"", ""state"": ""IDLE"", ""owner"": ""Put1"", ""score"": null, ""match_max"": 0.5, ""refs"": 24, ""match_mode"": ""none"", ""steer_zones"": 41, ""people"": 0, ""track_id"": null, ""target_ex"": 0.0, ""target_cx_vel_px_s"": 0.0, ""target_age_s"": null, ""lidar_min_m"": 0.68, ""target_lidar_m"": null, ""target_lidar_deg"": null, ""camera_range_m"""
2026-07-18T15:42:41.167,2680.167,mission_20260718_145801_manual,MANUAL,,0,13.330331802368164,100.9979019165039,149.99038043758972,4,True,0.690750002861023,1,0,0,-1,0,0.0,0.0,0.0,0,0,nan,nan,nan,73,26.100000381469727,0.0,36.0,0,29,-,READY owner=Put1 refs=24,"{""cmd"": ""STOP"", ""status"": ""READY"", ""detector"": ""yolo"", ""state"": ""IDLE"", ""owner"": ""Put1"", ""score"": null, ""match_max"": 0.5, ""refs"": 24, ""match_mode"": ""none"", ""steer_zones"": 41, ""people"": 0, ""track_id"": null, ""target_ex"": 0.0, ""target_cx_vel_px_s"": 0.0, ""target_age_s"": null, ""lidar_min_m"": 0.68, ""target_lidar_m"": null, ""target_lidar_deg"": null, ""camera_range_m"""
2026-07-18T15:42:43.229,2682.23,mission_20260718_145801_manual,MANUAL,,0,13.330331802368164,100.9979019165039,149.98622768257437,4,True,0.6899999976158142,1,0,0,-1,0,0.0,0.0,0.0,0,0,nan,nan,nan,73,26.100000381469727,0.0,36.0,0,28,-,READY owner=Put1 refs=24,"{""cmd"": ""STOP"", ""status"": ""READY"", ""detector"": ""yolo"", ""state"": ""IDLE"", ""owner"": ""Put1"", ""score"": null, ""match_max"": 0.5, ""refs"": 24, ""match_mode"": ""none"", ""steer_zones"": 41, ""people"": 0, ""track_id"": null, ""target_ex"": 0.0, ""target_cx_vel_px_s"": 0.0, ""target_age_s"": null, ""lidar_min_m"": 0.68, ""target_lidar_m"": null, ""target_lidar_deg"": null, ""camera_range_m"""
2026-07-18T15:42:45.285,2684.285,mission_20260718_145801_manual,MANUAL,,0,13.33033275604248,100.9979019165039,149.98697900338306,4,True,0.690500020980835,1,0,0,-1,0,0.0,0.0,0.0,0,0,nan,nan,nan,73,26.100000381469727,0.0,36.0,0,28,-,READY owner=Put1 refs=24,"{""cmd"": ""STOP"", ""status"": ""READY"", ""detector"": ""yolo"", ""state"": ""IDLE"", ""owner"": ""Put1"", ""score"": null, ""match_max"": 0.5, ""refs"": 24, ""match_mode"": ""none"", ""steer_zones"": 41, ""people"": 0, ""track_id"": null, ""target_ex"": 0.0, ""target_cx_vel_px_s"": 0.0, ""target_age_s"": null, ""lidar_min_m"": 0.68, ""target_lidar_m"": null, ""target_lidar_deg"": null, ""camera_range_m"""
2026-07-18T15:42:47.358,2686.358,mission_20260718_145801_manual,MANUAL,,0,13.330333709716797,100.9979019165039,149.98696534300473,4,True,0.6917499899864197,1,0,0,-1,0,0.0,0.0,0.0,0,0,nan,nan,nan,73,26.100000381469727,0.0,36.0,0,28,-,READY owner=Put1 refs=24,"{""cmd"": ""STOP"", ""status"": ""READY"", ""detector"": ""yolo"", ""state"": ""IDLE"", ""owner"": ""Put1"", ""score"": null, ""match_max"": 0.5, ""refs"": 24, ""match_mode"": ""none"", ""steer_zones"": 41, ""people"": 0, ""track_id"": null, ""target_ex"": 0.0, ""target_cx_vel_px_s"": 0.0, ""target_age_s"": null, ""lidar_min_m"": 0.68, ""target_lidar_m"": null, ""target_lidar_deg"": null, ""camera_range_m"""
2026-07-18T15:42:49.435,2688.435,mission_20260718_145801_manual,MANUAL,,0,13.330334663391113,100.9979019165039,149.98191100301892,4,True,0.690500020980835,1,0,0,-1,0,0.0,0.0,0.0,0,0,nan,nan,nan,73,26.100000381469727,0.0,36.0,0,28,-,READY owner=Put1 refs=24,"{""cmd"": ""STOP"", ""status"": ""READY"", ""detector"": ""yolo"", ""state"": ""IDLE"", ""owner"": ""Put1"", ""score"": null, ""match_max"": 0.5, ""refs"": 24, ""match_mode"": ""none"", ""steer_zones"": 41, ""people"": 0, ""track_id"": null, ""target_ex"": 0.0, ""target_cx_vel_px_s"": 0.0, ""target_age_s"": null, ""lidar_min_m"": 0.68, ""target_lidar_m"": null, ""target_lidar_deg"": null, ""camera_range_m"""
2026-07-18T15:42:51.501,2690.501,mission_20260718_145801_manual,MANUAL,,0,13.330334663391113,100.9979019165039,149.9770615687082,4,True,0.6884999871253967,1,0,0,-1,0,0.0,0.0,0.0,0,0,nan,nan,nan,73,26.100000381469727,0.0,36.0,0,29,-,READY owner=Put1 refs=24,"{""cmd"": ""STOP"", ""status"": ""READY"", ""detector"": ""yolo"", ""state"": ""IDLE"", ""owner"": ""Put1"", ""score"": null, ""match_max"": 0.5, ""refs"": 24, ""match_mode"": ""none"", ""steer_zones"": 41, ""people"": 0, ""track_id"": null, ""target_ex"": 0.0, ""target_cx_vel_px_s"": 0.0, ""target_age_s"": null, ""lidar_min_m"": 0.68, ""target_lidar_m"": null, ""target_lidar_deg"": null, ""camera_range_m"""
2026-07-18T15:42:53.540,2692.541,mission_20260718_145801_manual,MANUAL,,0,13.330334663391113,100.9979019165039,149.9763102478995,4,True,0.6909999847412109,1,0,0,-1,0,0.0,0.0,0.0,0,0,nan,nan,nan,73,26.100000381469727,0.0,36.0,0,29,-,READY owner=Put1 refs=24,"{""cmd"": ""STOP"", ""status"": ""READY"", ""detector"": ""yolo"", ""state"": ""IDLE"", ""owner"": ""Put1"", ""score"": null, ""match_max"": 0.5, ""refs"": 24, ""match_mode"": ""none"", ""steer_zones"": 41, ""people"": 0, ""track_id"": null, ""target_ex"": 0.0, ""target_cx_vel_px_s"": 0.0, ""target_age_s"": null, ""lidar_min_m"": 0.68, ""target_lidar_m"": null, ""target_lidar_deg"": null, ""camera_range_m"""
2026-07-18T15:42:55.576,2694.577,mission_20260718_145801_manual,MANUAL,,0,13.33033561706543,100.9979019165039,149.9787964367574,4,True,0.6882500052452087,1,0,0,-1,0,0.0,0.0,0.0,0,0,nan,nan,nan,73,26.100000381469727,0.0,36.0,0,29,-,READY owner=Put1 refs=24,"{""cmd"": ""STOP"", ""status"": ""READY"", ""detector"": ""yolo"", ""state"": ""IDLE"", ""owner"": ""Put1"", ""score"": null, ""match_max"": 0.5, ""refs"": 24, ""match_mode"": ""none"", ""steer_zones"": 41, ""people"": 0, ""track_id"": null, ""target_ex"": 0.0, ""target_cx_vel_px_s"": 0.0, ""target_age_s"": null, ""lidar_min_m"": 0.68, ""target_lidar_m"": null, ""target_lidar_deg"": null, ""camera_range_m"""
2026-07-18T15:42:57.646,2696.647,mission_20260718_145801_manual,MANUAL,,0,13.33033561706543,100.9979019165039,149.9864189278711,4,True,0.6909999847412109,1,0,0,-1,0,0.0,0.0,0.0,0,0,nan,nan,nan,73,26.100000381469727,0.0,36.0,0,29,-,READY owner=Put1 refs=24,"{""cmd"": ""STOP"", ""status"": ""READY"", ""detector"": ""yolo"", ""state"": ""IDLE"", ""owner"": ""Put1"", ""score"": null, ""match_max"": 0.5, ""refs"": 24, ""match_mode"": ""none"", ""steer_zones"": 41, ""people"": 0, ""track_id"": null, ""target_ex"": 0.0, ""target_cx_vel_px_s"": 0.0, ""target_age_s"": null, ""lidar_min_m"": 0.68, ""target_lidar_m"": null, ""target_lidar_deg"": null, ""camera_range_m"""
2026-07-18T15:42:59.709,2698.71,mission_20260718_145801_manual,MANUAL,,0,13.33033561706543,100.9979019165039,149.97976632361954,4,True,0.6915000081062317,1,0,0,-1,0,0.0,0.0,0.0,0,0,nan,nan,nan,73,26.100000381469727,0.0,36.0,0,29,-,READY owner=Put1 refs=24,"{""cmd"": ""STOP"", ""status"": ""READY"", ""detector"": ""yolo"", ""state"": ""IDLE"", ""owner"": ""Put1"", ""score"": null, ""match_max"": 0.5, ""refs"": 24, ""match_mode"": ""none"", ""steer_zones"": 41, ""people"": 0, ""track_id"": null, ""target_ex"": 0.0, ""target_cx_vel_px_s"": 0.0, ""target_age_s"": null, ""lidar_min_m"": 0.68, ""target_lidar_m"": null, ""target_lidar_deg"": null, ""camera_range_m"""
2026-07-18T15:43:01.773,2700.773,mission_20260718_145801_manual,MANUAL,,0,13.33033561706543,100.9979019165039,149.97672005924971,4,True,0.690500020980835,1,0,0,-1,0,0.0,0.0,0.0,0,0,nan,nan,nan,73,26.100000381469727,0.0,36.0,0,29,-,READY owner=Put1 refs=24,"{""cmd"": ""STOP"", ""status"": ""READY"", ""detector"": ""yolo"", ""state"": ""IDLE"", ""owner"": ""Put1"", ""score"": null, ""match_max"": 0.5, ""refs"": 24, ""match_mode"": ""none"", ""steer_zones"": 41, ""people"": 0, ""track_id"": null, ""target_ex"": 0.0, ""target_cx_vel_px_s"": 0.0, ""target_age_s"": null, ""lidar_min_m"": 0.68, ""target_lidar_m"": null, ""target_lidar_deg"": null, ""camera_range_m"""
2026-07-18T15:43:03.864,2702.865,mission_20260718_145801_manual,MANUAL,,0,13.330334663391113,100.9979019165039,149.9629367375046,4,True,0.6917499899864197,1,0,0,-1,0,0.0,0.0,0.0,0,0,nan,nan,nan,73,26.100000381469727,0.0,36.0,0,29,-,READY owner=Put1 refs=24,"{""cmd"": ""STOP"", ""status"": ""READY"", ""detector"": ""yolo"", ""state"": ""IDLE"", ""owner"": ""Put1"", ""score"": null, ""match_max"": 0.5, ""refs"": 24, ""match_mode"": ""none"", ""steer_zones"": 41, ""people"": 0, ""track_id"": null, ""target_ex"": 0.0, ""target_cx_vel_px_s"": 0.0, ""target_age_s"": null, ""lidar_min_m"": 0.68, ""target_lidar_m"": null, ""target_lidar_deg"": null, ""camera_range_m"""
2026-07-18T15:43:05.923,2704.924,mission_20260718_145801_manual,MANUAL,,0,13.330333709716797,100.9979019165039,149.9595489636763,4,True,0.6897500157356262,1,0,0,-1,0,0.0,0.0,0.0,0,0,nan,nan,nan,73,26.100000381469727,0.0,36.0,0,28,-,READY owner=Put1 refs=24,"{""cmd"": ""STOP"", ""status"": ""READY"", ""detector"": ""yolo"", ""state"": ""IDLE"", ""owner"": ""Put1"", ""score"": null, ""match_max"": 0.5, ""refs"": 24, ""match_mode"": ""none"", ""steer_zones"": 41, ""people"": 0, ""track_id"": null, ""target_ex"": 0.0, ""target_cx_vel_px_s"": 0.0, ""target_age_s"": null, ""lidar_min_m"": 0.68, ""target_lidar_m"": null, ""target_lidar_deg"": null, ""camera_range_m"""
2026-07-18T15:43:07.974,2706.975,mission_20260718_145801_manual,MANUAL,,0,13.330333709716797,100.9979019165039,149.9503418686751,4,True,0.6919999718666077,1,0,0,-1,0,0.0,0.0,0.0,0,0,nan,nan,nan,73,26.100000381469727,0.0,36.0,0,27,-,READY owner=Put1 refs=24,"{""cmd"": ""STOP"", ""status"": ""READY"", ""detector"": ""yolo"", ""state"": ""IDLE"", ""owner"": ""Put1"", ""score"": null, ""match_max"": 0.5, ""refs"": 24, ""match_mode"": ""none"", ""steer_zones"": 41, ""people"": 0, ""track_id"": null, ""target_ex"": 0.0, ""target_cx_vel_px_s"": 0.0, ""target_age_s"": null, ""lidar_min_m"": 0.68, ""target_lidar_m"": null, ""target_lidar_deg"": null, ""camera_range_m"""
2026-07-18T15:43:10.019,2709.019,mission_20260718_145801_manual,MANUAL,,0,13.330334663391113,100.9979019165039,149.94894851008442,4,True,0.6894999742507935,1,0,0,-1,0,0.0,0.0,0.0,0,0,nan,nan,nan,73,26.100000381469727,0.0,36.0,0,28,-,READY owner=Put1 refs=24,"{""cmd"": ""STOP"", ""status"": ""READY"", ""detector"": ""yolo"", ""state"": ""IDLE"", ""owner"": ""Put1"", ""score"": null, ""match_max"": 0.5, ""refs"": 24, ""match_mode"": ""none"", ""steer_zones"": 41, ""people"": 0, ""track_id"": null, ""target_ex"": 0.0, ""target_cx_vel_px_s"": 0.0, ""target_age_s"": null, ""lidar_min_m"": 0.68, ""target_lidar_m"": null, ""target_lidar_deg"": null, ""camera_range_m"""
2026-07-18T15:43:12.089,2711.09,mission_20260718_145801_manual,MANUAL,,0,13.330334663391113,100.9979019165039,149.95886594475928,4,True,0.6887500286102295,1,0,0,-1,0,0.0,0.0,0.0,0,0,nan,nan,nan,73,26.100000381469727,0.0,36.0,0,28,-,READY owner=Put1 refs=24,"{""cmd"": ""STOP"", ""status"": ""READY"", ""detector"": ""yolo"", ""state"": ""IDLE"", ""owner"": ""Put1"", ""score"": null, ""match_max"": 0.5, ""refs"": 24, ""match_mode"": ""none"", ""steer_zones"": 41, ""people"": 0, ""track_id"": null, ""target_ex"": 0.0, ""target_cx_vel_px_s"": 0.0, ""target_age_s"": null, ""lidar_min_m"": 0.68, ""target_lidar_m"": null, ""target_lidar_deg"": null, ""camera_range_m"""
2026-07-18T15:43:14.159,2713.159,mission_20260718_145801_manual,MANUAL,,0,13.330334663391113,100.9979019165039,149.9630050393963,4,True,0.6922500133514404,1,0,0,-1,0,0.0,0.0,0.0,0,0,nan,nan,nan,73,26.100000381469727,0.0,36.0,0,29,-,READY owner=Put1 refs=24,"{""cmd"": ""STOP"", ""status"": ""READY"", ""detector"": ""yolo"", ""state"": ""IDLE"", ""owner"": ""Put1"", ""score"": null, ""match_max"": 0.5, ""refs"": 24, ""match_mode"": ""none"", ""steer_zones"": 41, ""people"": 0, ""track_id"": null, ""target_ex"": 0.0, ""target_cx_vel_px_s"": 0.0, ""target_age_s"": null, ""lidar_min_m"": 0.68, ""target_lidar_m"": null, ""target_lidar_deg"": null, ""camera_range_m"""
2026-07-18T15:43:16.213,2715.213,mission_20260718_145801_manual,MANUAL,,0,13.330334663391113,100.9979019165039,149.97024503991653,4,True,0.6894999742507935,1,0,0,-1,0,0.0,0.0,0.0,0,0,nan,nan,nan,73,26.100000381469727,0.0,36.0,0,28,-,READY owner=Put1 refs=24,"{""cmd"": ""STOP"", ""status"": ""READY"", ""detector"": ""yolo"", ""state"": ""IDLE"", ""owner"": ""Put1"", ""score"": null, ""match_max"": 0.5, ""refs"": 24, ""match_mode"": ""none"", ""steer_zones"": 41, ""people"": 0, ""track_id"": null, ""target_ex"": 0.0, ""target_cx_vel_px_s"": 0.0, ""target_age_s"": null, ""lidar_min_m"": 0.68, ""target_lidar_m"": null, ""target_lidar_deg"": null, ""camera_range_m"""
2026-07-18T15:43:18.280,2717.28,mission_20260718_145801_manual,MANUAL,,0,13.330334663391113,100.9979019165039,149.95984949199976,4,True,0.6887500286102295,1,0,0,-1,0,0.0,0.0,0.0,0,0,nan,nan,nan,73,26.100000381469727,0.0,36.0,0,27,-,READY owner=Put1 refs=24,"{""cmd"": ""STOP"", ""status"": ""READY"", ""detector"": ""yolo"", ""state"": ""IDLE"", ""owner"": ""Put1"", ""score"": null, ""match_max"": 0.5, ""refs"": 24, ""match_mode"": ""none"", ""steer_zones"": 41, ""people"": 0, ""track_id"": null, ""target_ex"": 0.0, ""target_cx_vel_px_s"": 0.0, ""target_age_s"": null, ""lidar_min_m"": 0.68, ""target_lidar_m"": null, ""target_lidar_deg"": null, ""camera_range_m"""
2026-07-18T15:43:20.348,2719.348,mission_20260718_145801_manual,MANUAL,,0,13.33033561706543,100.9979019165039,149.96404322815016,4,True,0.6917499899864197,1,0,0,-1,0,0.0,0.0,0.0,0,0,nan,nan,nan,73,26.100000381469727,0.0,36.0,0,27,-,READY owner=Put1 refs=24,"{""cmd"": ""STOP"", ""status"": ""READY"", ""detector"": ""yolo"", ""state"": ""IDLE"", ""owner"": ""Put1"", ""score"": null, ""match_max"": 0.5, ""refs"": 24, ""match_mode"": ""none"", ""steer_zones"": 41, ""people"": 0, ""track_id"": null, ""target_ex"": 0.0, ""target_cx_vel_px_s"": 0.0, ""target_age_s"": null, ""lidar_min_m"": 0.68, ""target_lidar_m"": null, ""target_lidar_deg"": null, ""camera_range_m"""
2026-07-18T15:43:22.403,2721.404,mission_20260718_145801_manual,MANUAL,,0,13.33033561706543,100.9979019165039,149.96278647334287,4,True,0.6897500157356262,1,0,0,-1,0,0.0,0.0,0.0,0,0,nan,nan,nan,73,26.100000381469727,0.0,36.0,0,27,-,READY owner=Put1 refs=24,"{""cmd"": ""STOP"", ""status"": ""READY"", ""detector"": ""yolo"", ""state"": ""IDLE"", ""owner"": ""Put1"", ""score"": null, ""match_max"": 0.5, ""refs"": 24, ""match_mode"": ""none"", ""steer_zones"": 41, ""people"": 0, ""track_id"": null, ""target_ex"": 0.0, ""target_cx_vel_px_s"": 0.0, ""target_age_s"": null, ""lidar_min_m"": 0.68, ""target_lidar_m"": null, ""target_lidar_deg"": null, ""camera_range_m"""
2026-07-18T15:43:24.463,2723.464,mission_20260718_145801_manual,MANUAL,,0,13.330336570739746,100.9979019165039,149.9645076810137,4,True,0.6884999871253967,1,0,0,-1,0,0.0,0.0,0.0,0,0,nan,nan,nan,73,26.100000381469727,0.0,36.0,0,27,-,READY owner=Put1 refs=24,"{""cmd"": ""STOP"", ""status"": ""READY"", ""detector"": ""yolo"", ""state"": ""IDLE"", ""owner"": ""Put1"", ""score"": null, ""match_max"": 0.5, ""refs"": 24, ""match_mode"": ""none"", ""steer_zones"": 41, ""people"": 0, ""track_id"": null, ""target_ex"": 0.0, ""target_cx_vel_px_s"": 0.0, ""target_age_s"": null, ""lidar_min_m"": 0.68, ""target_lidar_m"": null, ""target_lidar_deg"": null, ""camera_range_m"""
2026-07-18T15:43:26.533,2725.533,mission_20260718_145801_manual,MANUAL,,0,13.33033561706543,100.9979019165039,149.97493054968717,4,True,0.6880000233650208,1,0,0,-1,0,0.0,0.0,0.0,0,0,nan,nan,nan,73,26.100000381469727,0.0,36.0,0,28,-,READY owner=Put1 refs=24,"{""cmd"": ""STOP"", ""status"": ""READY"", ""detector"": ""yolo"", ""state"": ""IDLE"", ""owner"": ""Put1"", ""score"": null, ""match_max"": 0.5, ""refs"": 24, ""match_mode"": ""none"", ""steer_zones"": 41, ""people"": 0, ""track_id"": null, ""target_ex"": 0.0, ""target_cx_vel_px_s"": 0.0, ""target_age_s"": null, ""lidar_min_m"": 0.68, ""target_lidar_m"": null, ""target_lidar_deg"": null, ""camera_range_m"""
2026-07-18T15:43:28.578,2727.579,mission_20260718_145801_manual,MANUAL,,0,13.33033561706543,100.99790954589844,149.97682934227643,4,True,0.690750002861023,1,0,0,-1,0,0.0,0.0,0.0,0,0,nan,nan,nan,73,26.100000381469727,0.0,36.0,0,28,-,READY owner=Put1 refs=24,"{""cmd"": ""STOP"", ""status"": ""READY"", ""detector"": ""yolo"", ""state"": ""IDLE"", ""owner"": ""Put1"", ""score"": null, ""match_max"": 0.5, ""refs"": 24, ""match_mode"": ""none"", ""steer_zones"": 41, ""people"": 0, ""track_id"": null, ""target_ex"": 0.0, ""target_cx_vel_px_s"": 0.0, ""target_age_s"": null, ""lidar_min_m"": 0.68, ""target_lidar_m"": null, ""target_lidar_deg"": null, ""camera_range_m"""
2026-07-18T15:43:30.587,2729.588,mission_20260718_145801_manual,MANUAL,,0,13.33033561706543,100.99790954589844,149.9741928892568,4,True,0.6892499923706055,1,0,0,-1,0,0.0,0.0,0.0,0,0,nan,nan,nan,73,26.100000381469727,0.0,36.0,0,28,-,READY owner=Put1 refs=24,"{""cmd"": ""STOP"", ""status"": ""READY"", ""detector"": ""yolo"", ""state"": ""IDLE"", ""owner"": ""Put1"", ""score"": null, ""match_max"": 0.5, ""refs"": 24, ""match_mode"": ""none"", ""steer_zones"": 41, ""people"": 0, ""track_id"": null, ""target_ex"": 0.0, ""target_cx_vel_px_s"": 0.0, ""target_age_s"": null, ""lidar_min_m"": 0.68, ""target_lidar_m"": null, ""target_lidar_deg"": null, ""camera_range_m"""
2026-07-18T15:43:32.616,2731.616,mission_20260718_145801_manual,MANUAL,,0,13.33033561706543,100.99790954589844,149.96904292662262,4,True,0.6919999718666077,1,0,0,-1,0,0.0,0.0,0.0,0,0,nan,nan,nan,73,26.100000381469727,0.0,36.0,0,28,-,READY owner=Put1 refs=24,"{""cmd"": ""STOP"", ""status"": ""READY"", ""detector"": ""yolo"", ""state"": ""IDLE"", ""owner"": ""Put1"", ""score"": null, ""match_max"": 0.5, ""refs"": 24, ""match_mode"": ""none"", ""steer_zones"": 41, ""people"": 0, ""track_id"": null, ""target_ex"": 0.0, ""target_cx_vel_px_s"": 0.0, ""target_age_s"": null, ""lidar_min_m"": 0.68, ""target_lidar_m"": null, ""target_lidar_deg"": null, ""camera_range_m"""
2026-07-18T15:43:34.672,2733.672,mission_20260718_145801_manual,MANUAL,,0,13.33033561706543,100.99790954589844,149.97103734186027,4,True,0.6897500157356262,1,0,0,-1,0,0.0,0.0,0.0,0,0,nan,nan,nan,73,26.100000381469727,0.0,36.0,0,28,-,READY owner=Put1 refs=24,"{""cmd"": ""STOP"", ""status"": ""READY"", ""detector"": ""yolo"", ""state"": ""IDLE"", ""owner"": ""Put1"", ""score"": null, ""match_max"": 0.5, ""refs"": 24, ""match_mode"": ""none"", ""steer_zones"": 41, ""people"": 0, ""track_id"": null, ""target_ex"": 0.0, ""target_cx_vel_px_s"": 0.0, ""target_age_s"": null, ""lidar_min_m"": 0.68, ""target_lidar_m"": null, ""target_lidar_deg"": null, ""camera_range_m"""
2026-07-18T15:43:36.684,2735.685,mission_20260718_145801_manual,MANUAL,,0,13.330336570739746,100.99790954589844,149.9823481351258,4,True,0.6880000233650208,1,0,0,-1,0,0.0,0.0,0.0,0,0,nan,nan,nan,73,26.100000381469727,0.0,36.0,0,28,-,READY owner=Put1 refs=24,"{""cmd"": ""STOP"", ""status"": ""READY"", ""detector"": ""yolo"", ""state"": ""IDLE"", ""owner"": ""Put1"", ""score"": null, ""match_max"": 0.5, ""refs"": 24, ""match_mode"": ""none"", ""steer_zones"": 41, ""people"": 0, ""track_id"": null, ""target_ex"": 0.0, ""target_cx_vel_px_s"": 0.0, ""target_age_s"": null, ""lidar_min_m"": 0.68, ""target_lidar_m"": null, ""target_lidar_deg"": null, ""camera_range_m"""
2026-07-18T15:43:38.801,2737.801,mission_20260718_145801_manual,MANUAL,,0,13.330336570739746,100.99790954589844,149.9940550793632,4,True,0.6894999742507935,1,0,0,-1,0,0.0,0.0,0.0,0,0,nan,nan,nan,73,26.100000381469727,0.0,36.0,0,28,-,READY owner=Put1 refs=24,"{""cmd"": ""STOP"", ""status"": ""READY"", ""detector"": ""yolo"", ""state"": ""IDLE"", ""owner"": ""Put1"", ""score"": null, ""match_max"": 0.5, ""refs"": 24, ""match_mode"": ""none"", ""steer_zones"": 41, ""people"": 0, ""track_id"": null, ""target_ex"": 0.0, ""target_cx_vel_px_s"": 0.0, ""target_age_s"": null, ""lidar_min_m"": 0.68, ""target_lidar_m"": null, ""target_lidar_deg"": null, ""camera_range_m"""
2026-07-18T15:43:40.873,2739.874,mission_20260718_145801_manual,MANUAL,,0,13.330336570739746,100.99790954589844,149.99111809802008,4,True,0.6887500286102295,1,0,0,-1,0,0.0,0.0,0.0,0,0,nan,nan,nan,73,26.100000381469727,0.0,36.0,0,29,-,READY owner=Put1 refs=24,"{""cmd"": ""STOP"", ""status"": ""READY"", ""detector"": ""yolo"", ""state"": ""IDLE"", ""owner"": ""Put1"", ""score"": null, ""match_max"": 0.5, ""refs"": 24, ""match_mode"": ""none"", ""steer_zones"": 41, ""people"": 0, ""track_id"": null, ""target_ex"": 0.0, ""target_cx_vel_px_s"": 0.0, ""target_age_s"": null, ""lidar_min_m"": 0.68, ""target_lidar_m"": null, ""target_lidar_deg"": null, ""camera_range_m"""
2026-07-18T15:43:42.907,2741.907,mission_20260718_145801_manual,MANUAL,,0,13.330336570739746,100.99790954589844,149.99044873948142,4,True,0.6917499899864197,1,0,0,-1,0,0.0,0.0,0.0,0,0,nan,nan,nan,73,26.100000381469727,0.0,36.0,0,29,-,READY owner=Put1 refs=24,"{""cmd"": ""STOP"", ""status"": ""READY"", ""detector"": ""yolo"", ""state"": ""IDLE"", ""owner"": ""Put1"", ""score"": null, ""match_max"": 0.5, ""refs"": 24, ""match_mode"": ""none"", ""steer_zones"": 41, ""people"": 0, ""track_id"": null, ""target_ex"": 0.0, ""target_cx_vel_px_s"": 0.0, ""target_age_s"": null, ""lidar_min_m"": 0.68, ""target_lidar_m"": null, ""target_lidar_deg"": null, ""camera_range_m"""
2026-07-18T15:43:45.017,2744.017,mission_20260718_145801_manual,MANUAL,,0,13.330337524414062,100.99790954589844,149.98416496544502,4,True,0.6882500052452087,1,0,0,-1,0,0.0,0.0,0.0,0,0,nan,nan,nan,73,26.100000381469727,0.0,36.0,0,29,-,READY owner=Put1 refs=24,"{""cmd"": ""STOP"", ""status"": ""READY"", ""detector"": ""yolo"", ""state"": ""IDLE"", ""owner"": ""Put1"", ""score"": null, ""match_max"": 0.5, ""refs"": 24, ""match_mode"": ""none"", ""steer_zones"": 41, ""people"": 0, ""track_id"": null, ""target_ex"": 0.0, ""target_cx_vel_px_s"": 0.0, ""target_age_s"": null, ""lidar_min_m"": 0.68, ""target_lidar_m"": null, ""target_lidar_deg"": null, ""camera_range_m"""
2026-07-18T15:43:47.025,2746.026,mission_20260718_145801_manual,MANUAL,,0,13.330338478088379,100.99790954589844,149.98527145609057,4,True,0.6922500133514404,1,0,0,-1,0,0.0,0.0,0.0,0,0,nan,nan,nan,73,26.100000381469727,0.0,36.0,0,28,-,READY owner=Put1 refs=24,"{""cmd"": ""STOP"", ""status"": ""READY"", ""detector"": ""yolo"", ""state"": ""IDLE"", ""owner"": ""Put1"", ""score"": null, ""match_max"": 0.5, ""refs"": 24, ""match_mode"": ""none"", ""steer_zones"": 41, ""people"": 0, ""track_id"": null, ""target_ex"": 0.0, ""target_cx_vel_px_s"": 0.0, ""target_age_s"": null, ""lidar_min_m"": 0.68, ""target_lidar_m"": null, ""target_lidar_deg"": null, ""camera_range_m"""
2026-07-18T15:43:49.148,2748.148,mission_20260718_145801_manual,MANUAL,,0,13.330339431762695,100.99790954589844,149.98346828614967,4,True,0.6909999847412109,1,0,0,-1,0,0.0,0.0,0.0,0,0,nan,nan,nan,73,26.100000381469727,0.0,36.0,0,29,-,READY owner=Put1 refs=24,"{""cmd"": ""STOP"", ""status"": ""READY"", ""detector"": ""yolo"", ""state"": ""IDLE"", ""owner"": ""Put1"", ""score"": null, ""match_max"": 0.5, ""refs"": 24, ""match_mode"": ""none"", ""steer_zones"": 41, ""people"": 0, ""track_id"": null, ""target_ex"": 0.0, ""target_cx_vel_px_s"": 0.0, ""target_age_s"": null, ""lidar_min_m"": 0.68, ""target_lidar_m"": null, ""target_lidar_deg"": null, ""camera_range_m"""
2026-07-18T15:43:51.276,2750.277,mission_20260718_145801_manual,MANUAL,,0,13.330339431762695,100.99790954589844,149.9722121343975,4,True,0.6917499899864197,1,0,0,-1,0,0.0,0.0,0.0,0,0,nan,nan,nan,73,26.100000381469727,0.0,36.0,0,29,-,READY owner=Put1 refs=24,"{""cmd"": ""STOP"", ""status"": ""READY"", ""detector"": ""yolo"", ""state"": ""IDLE"", ""owner"": ""Put1"", ""score"": null, ""match_max"": 0.5, ""refs"": 24, ""match_mode"": ""none"", ""steer_zones"": 41, ""people"": 0, ""track_id"": null, ""target_ex"": 0.0, ""target_cx_vel_px_s"": 0.0, ""target_age_s"": null, ""lidar_min_m"": 0.68, ""target_lidar_m"": null, ""target_lidar_deg"": null, ""camera_range_m"""
2026-07-18T15:43:53.277,2752.277,mission_20260718_145801_manual,MANUAL,,0,13.330340385437012,100.99790954589844,149.96769054916695,4,True,0.6924999952316284,1,0,0,-1,0,0.0,0.0,0.0,0,0,nan,nan,nan,73,26.100000381469727,0.0,36.0,0,29,-,READY owner=Put1 refs=24,"{""cmd"": ""STOP"", ""status"": ""READY"", ""detector"": ""yolo"", ""state"": ""IDLE"", ""owner"": ""Put1"", ""score"": null, ""match_max"": 0.5, ""refs"": 24, ""match_mode"": ""none"", ""steer_zones"": 41, ""people"": 0, ""track_id"": null, ""target_ex"": 0.0, ""target_cx_vel_px_s"": 0.0, ""target_age_s"": null, ""lidar_min_m"": 0.68, ""target_lidar_m"": null, ""target_lidar_deg"": null, ""camera_range_m"""
2026-07-18T15:43:55.371,2754.371,mission_20260718_145801_manual,MANUAL,,0,13.330341339111328,100.99791717529297,149.95659832195486,4,True,0.6909999847412109,1,0,0,-1,0,0.0,0.0,0.0,0,0,nan,nan,nan,73,26.100000381469727,0.0,36.0,0,29,-,READY owner=Put1 refs=24,"{""cmd"": ""STOP"", ""status"": ""READY"", ""detector"": ""yolo"", ""state"": ""IDLE"", ""owner"": ""Put1"", ""score"": null, ""match_max"": 0.5, ""refs"": 24, ""match_mode"": ""none"", ""steer_zones"": 41, ""people"": 0, ""track_id"": null, ""target_ex"": 0.0, ""target_cx_vel_px_s"": 0.0, ""target_age_s"": null, ""lidar_min_m"": 0.68, ""target_lidar_m"": null, ""target_lidar_deg"": null, ""camera_range_m"""
2026-07-18T15:43:57.452,2756.453,mission_20260718_145801_manual,MANUAL,,0,13.330342292785645,100.99791717529297,149.95476783125727,4,True,0.690500020980835,1,0,0,-1,0,0.0,0.0,0.0,0,0,nan,nan,nan,73,26.100000381469727,0.0,36.0,0,29,-,READY owner=Put1 refs=24,"{""cmd"": ""STOP"", ""status"": ""READY"", ""detector"": ""yolo"", ""state"": ""IDLE"", ""owner"": ""Put1"", ""score"": null, ""match_max"": 0.5, ""refs"": 24, ""match_mode"": ""none"", ""steer_zones"": 41, ""people"": 0, ""track_id"": null, ""target_ex"": 0.0, ""target_cx_vel_px_s"": 0.0, ""target_age_s"": null, ""lidar_min_m"": 0.68, ""target_lidar_m"": null, ""target_lidar_deg"": null, ""camera_range_m"""
2026-07-18T15:43:59.480,2758.481,mission_20260718_145801_manual,MANUAL,,0,13.330343246459961,100.99791717529297,149.9552869256342,4,True,0.6922500133514404,1,0,0,-1,0,0.0,0.0,0.0,0,0,nan,nan,nan,73,26.100000381469727,0.0,36.0,0,29,-,READY owner=Put1 refs=24,"{""cmd"": ""STOP"", ""status"": ""READY"", ""detector"": ""yolo"", ""state"": ""IDLE"", ""owner"": ""Put1"", ""score"": null, ""match_max"": 0.5, ""refs"": 24, ""match_mode"": ""none"", ""steer_zones"": 41, ""people"": 0, ""track_id"": null, ""target_ex"": 0.0, ""target_cx_vel_px_s"": 0.0, ""target_age_s"": null, ""lidar_min_m"": 0.68, ""target_lidar_m"": null, ""target_lidar_deg"": null, ""camera_range_m"""
2026-07-18T15:44:01.559,2760.559,mission_20260718_145801_manual,MANUAL,,0,13.330344200134277,100.99791717529297,149.96139311475218,4,True,0.6927499771118164,1,0,0,-1,0,0.0,0.0,0.0,0,0,nan,nan,nan,73,26.100000381469727,0.0,36.0,0,29,-,READY owner=Put1 refs=24,"{""cmd"": ""STOP"", ""status"": ""READY"", ""detector"": ""yolo"", ""state"": ""IDLE"", ""owner"": ""Put1"", ""score"": null, ""match_max"": 0.5, ""refs"": 24, ""match_mode"": ""none"", ""steer_zones"": 41, ""people"": 0, ""track_id"": null, ""target_ex"": 0.0, ""target_cx_vel_px_s"": 0.0, ""target_age_s"": null, ""lidar_min_m"": 0.68, ""target_lidar_m"": null, ""target_lidar_deg"": null, ""camera_range_m"""
2026-07-18T15:44:03.578,2762.578,mission_20260718_145801_manual,MANUAL,,0,13.330345153808594,100.99791717529297,149.9741245873651,4,True,0.6869999766349792,1,0,0,-1,0,0.0,0.0,0.0,0,0,nan,nan,nan,73,26.100000381469727,0.0,36.0,0,29,-,READY owner=Put1 refs=24,"{""cmd"": ""STOP"", ""status"": ""READY"", ""detector"": ""yolo"", ""state"": ""IDLE"", ""owner"": ""Put1"", ""score"": null, ""match_max"": 0.5, ""refs"": 24, ""match_mode"": ""none"", ""steer_zones"": 41, ""people"": 0, ""track_id"": null, ""target_ex"": 0.0, ""target_cx_vel_px_s"": 0.0, ""target_age_s"": null, ""lidar_min_m"": 0.68, ""target_lidar_m"": null, ""target_lidar_deg"": null, ""camera_range_m"""
2026-07-18T15:44:05.649,2764.649,mission_20260718_145801_manual,MANUAL,,0,13.330345153808594,100.99791717529297,149.9773620970317,4,True,0.6899999976158142,1,0,0,-1,0,0.0,0.0,0.0,0,0,nan,nan,nan,73,26.100000381469727,0.0,36.0,0,29,-,READY owner=Put1 refs=24,"{""cmd"": ""STOP"", ""status"": ""READY"", ""detector"": ""yolo"", ""state"": ""IDLE"", ""owner"": ""Put1"", ""score"": null, ""match_max"": 0.5, ""refs"": 24, ""match_mode"": ""none"", ""steer_zones"": 41, ""people"": 0, ""track_id"": null, ""target_ex"": 0.0, ""target_cx_vel_px_s"": 0.0, ""target_age_s"": null, ""lidar_min_m"": 0.68, ""target_lidar_m"": null, ""target_lidar_deg"": null, ""camera_range_m"""
2026-07-18T15:44:07.728,2766.728,mission_20260718_145801_manual,MANUAL,,0,13.33034610748291,100.99791717529297,149.98218421058573,4,True,0.6880000233650208,1,0,0,-1,0,0.0,0.0,0.0,0,0,nan,nan,nan,73,26.100000381469727,0.0,36.0,0,28,-,READY owner=Put1 refs=24,"{""cmd"": ""STOP"", ""status"": ""READY"", ""detector"": ""yolo"", ""state"": ""IDLE"", ""owner"": ""Put1"", ""score"": null, ""match_max"": 0.5, ""refs"": 24, ""match_mode"": ""none"", ""steer_zones"": 41, ""people"": 0, ""track_id"": null, ""target_ex"": 0.0, ""target_cx_vel_px_s"": 0.0, ""target_age_s"": null, ""lidar_min_m"": 0.68, ""target_lidar_m"": null, ""target_lidar_deg"": null, ""camera_range_m"""
2026-07-18T15:44:09.807,2768.807,mission_20260718_145801_manual,MANUAL,,0,13.33034610748291,100.99791717529297,149.98337266350129,4,True,0.6884999871253967,1,0,0,-1,0,0.0,0.0,0.0,0,0,nan,nan,nan,73,26.100000381469727,0.0,36.0,0,28,-,READY owner=Put1 refs=24,"{""cmd"": ""STOP"", ""status"": ""READY"", ""detector"": ""yolo"", ""state"": ""IDLE"", ""owner"": ""Put1"", ""score"": null, ""match_max"": 0.5, ""refs"": 24, ""match_mode"": ""none"", ""steer_zones"": 41, ""people"": 0, ""track_id"": null, ""target_ex"": 0.0, ""target_cx_vel_px_s"": 0.0, ""target_age_s"": null, ""lidar_min_m"": 0.68, ""target_lidar_m"": null, ""target_lidar_deg"": null, ""camera_range_m"""
2026-07-18T15:44:11.895,2770.895,mission_20260718_145801_manual,MANUAL,,0,13.33034610748291,100.9979248046875,149.98958813564602,4,True,0.6897500157356262,1,0,0,-1,0,0.0,0.0,0.0,0,0,nan,nan,nan,73,26.100000381469727,0.0,36.0,0,28,-,READY owner=Put1 refs=24,"{""cmd"": ""STOP"", ""status"": ""READY"", ""detector"": ""yolo"", ""state"": ""IDLE"", ""owner"": ""Put1"", ""score"": null, ""match_max"": 0.5, ""refs"": 24, ""match_mode"": ""none"", ""steer_zones"": 41, ""people"": 0, ""track_id"": null, ""target_ex"": 0.0, ""target_cx_vel_px_s"": 0.0, ""target_age_s"": null, ""lidar_min_m"": 0.68, ""target_lidar_m"": null, ""target_lidar_deg"": null, ""camera_range_m"""
2026-07-18T15:44:13.977,2772.977,mission_20260718_145801_manual,MANUAL,,0,13.33034610748291,100.9979248046875,149.98124164448026,4,True,0.690500020980835,1,0,0,-1,0,0.0,0.0,0.0,0,0,nan,nan,nan,73,26.100000381469727,0.0,36.0,0,28,-,READY owner=Put1 refs=24,"{""cmd"": ""STOP"", ""status"": ""READY"", ""detector"": ""yolo"", ""state"": ""IDLE"", ""owner"": ""Put1"", ""score"": null, ""match_max"": 0.5, ""refs"": 24, ""match_mode"": ""none"", ""steer_zones"": 41, ""people"": 0, ""track_id"": null, ""target_ex"": 0.0, ""target_cx_vel_px_s"": 0.0, ""target_age_s"": null, ""lidar_min_m"": 0.68, ""target_lidar_m"": null, ""target_lidar_deg"": null, ""camera_range_m"""
2026-07-18T15:44:16.063,2775.063,mission_20260718_145801_manual,MANUAL,,0,13.33034610748291,100.9979248046875,149.98404202203997,4,True,0.6884999871253967,1,0,0,-1,0,0.0,0.0,0.0,0,0,nan,nan,nan,73,26.100000381469727,0.0,36.0,0,28,-,READY owner=Put1 refs=24,"{""cmd"": ""STOP"", ""status"": ""READY"", ""detector"": ""yolo"", ""state"": ""IDLE"", ""owner"": ""Put1"", ""score"": null, ""match_max"": 0.5, ""refs"": 24, ""match_mode"": ""none"", ""steer_zones"": 41, ""people"": 0, ""track_id"": null, ""target_ex"": 0.0, ""target_cx_vel_px_s"": 0.0, ""target_age_s"": null, ""lidar_min_m"": 0.68, ""target_lidar_m"": null, ""target_lidar_deg"": null, ""camera_range_m"""
2026-07-18T15:44:18.158,2777.158,mission_20260718_145801_manual,MANUAL,,0,13.330345153808594,100.9979248046875,149.98212956907236,4,True,0.6912500262260437,1,0,0,-1,0,0.0,0.0,0.0,0,0,nan,nan,nan,73,26.100000381469727,0.0,36.0,0,28,-,READY owner=Put1 refs=24,"{""cmd"": ""STOP"", ""status"": ""READY"", ""detector"": ""yolo"", ""state"": ""IDLE"", ""owner"": ""Put1"", ""score"": null, ""match_max"": 0.5, ""refs"": 24, ""match_mode"": ""none"", ""steer_zones"": 41, ""people"": 0, ""track_id"": null, ""target_ex"": 0.0, ""target_cx_vel_px_s"": 0.0, ""target_age_s"": null, ""lidar_min_m"": 0.68, ""target_lidar_m"": null, ""target_lidar_deg"": null, ""camera_range_m"""
2026-07-18T15:44:20.253,2779.253,mission_20260718_145801_manual,MANUAL,,0,13.33034610748291,100.9979248046875,149.9828535691244,4,True,0.6917499899864197,1,0,0,-1,0,0.0,0.0,0.0,0,0,nan,nan,nan,73,26.100000381469727,0.0,36.0,0,29,-,READY owner=Put1 refs=24,"{""cmd"": ""STOP"", ""status"": ""READY"", ""detector"": ""yolo"", ""state"": ""IDLE"", ""owner"": ""Put1"", ""score"": null, ""match_max"": 0.5, ""refs"": 24, ""match_mode"": ""none"", ""steer_zones"": 41, ""people"": 0, ""track_id"": null, ""target_ex"": 0.0, ""target_cx_vel_px_s"": 0.0, ""target_age_s"": null, ""lidar_min_m"": 0.68, ""target_lidar_m"": null, ""target_lidar_deg"": null, ""camera_range_m"""
2026-07-18T15:44:22.333,2781.333,mission_20260718_145801_manual,MANUAL,,0,13.330347061157227,100.9979248046875,149.98838602235207,4,True,0.690500020980835,1,0,0,-1,0,0.0,0.0,0.0,0,0,nan,nan,nan,73,26.100000381469727,0.0,36.0,0,28,-,READY owner=Put1 refs=24,"{""cmd"": ""STOP"", ""status"": ""READY"", ""detector"": ""yolo"", ""state"": ""IDLE"", ""owner"": ""Put1"", ""score"": null, ""match_max"": 0.5, ""refs"": 24, ""match_mode"": ""none"", ""steer_zones"": 41, ""people"": 0, ""track_id"": null, ""target_ex"": 0.0, ""target_cx_vel_px_s"": 0.0, ""target_age_s"": null, ""lidar_min_m"": 0.68, ""target_lidar_m"": null, ""target_lidar_deg"": null, ""camera_range_m"""
2026-07-18T15:44:24.402,2783.403,mission_20260718_145801_manual,MANUAL,,0,13.330347061157227,100.9979248046875,150.00018858923787,4,True,0.6894999742507935,1,0,0,-1,0,0.0,0.0,0.0,0,0,nan,nan,nan,73,26.100000381469727,0.0,36.0,0,28,-,READY owner=Put1 refs=24,"{""cmd"": ""STOP"", ""status"": ""READY"", ""detector"": ""yolo"", ""state"": ""IDLE"", ""owner"": ""Put1"", ""score"": null, ""match_max"": 0.5, ""refs"": 24, ""match_mode"": ""none"", ""steer_zones"": 41, ""people"": 0, ""track_id"": null, ""target_ex"": 0.0, ""target_cx_vel_px_s"": 0.0, ""target_age_s"": null, ""lidar_min_m"": 0.68, ""target_lidar_m"": null, ""target_lidar_deg"": null, ""camera_range_m"""
2026-07-18T15:44:26.477,2785.478,mission_20260718_145801_manual,MANUAL,,0,13.330347061157227,100.9979248046875,150.00488775938683,4,True,0.6882500052452087,1,0,0,-1,0,0.0,0.0,0.0,0,0,nan,nan,nan,73,26.100000381469727,0.0,36.0,0,28,-,READY owner=Put1 refs=24,"{""cmd"": ""STOP"", ""status"": ""READY"", ""detector"": ""yolo"", ""state"": ""IDLE"", ""owner"": ""Put1"", ""score"": null, ""match_max"": 0.5, ""refs"": 24, ""match_mode"": ""none"", ""steer_zones"": 41, ""people"": 0, ""track_id"": null, ""target_ex"": 0.0, ""target_cx_vel_px_s"": 0.0, ""target_age_s"": null, ""lidar_min_m"": 0.68, ""target_lidar_m"": null, ""target_lidar_deg"": null, ""camera_range_m"""
2026-07-18T15:44:28.567,2787.567,mission_20260718_145801_manual,MANUAL,,0,13.330347061157227,100.9979248046875,150.00036617415628,4,True,0.690500020980835,1,0,0,-1,0,0.0,0.0,0.0,0,0,nan,nan,nan,73,26.100000381469727,0.0,36.0,0,29,-,READY owner=Put1 refs=24,"{""cmd"": ""STOP"", ""status"": ""READY"", ""detector"": ""yolo"", ""state"": ""IDLE"", ""owner"": ""Put1"", ""score"": null, ""match_max"": 0.5, ""refs"": 24, ""match_mode"": ""none"", ""steer_zones"": 41, ""people"": 0, ""track_id"": null, ""target_ex"": 0.0, ""target_cx_vel_px_s"": 0.0, ""target_age_s"": null, ""lidar_min_m"": 0.68, ""target_lidar_m"": null, ""target_lidar_deg"": null, ""camera_range_m"""
2026-07-18T15:44:30.635,2789.635,mission_20260718_145801_manual,MANUAL,,0,13.330347061157227,100.9979248046875,149.9899979469962,4,True,0.6902499794960022,1,0,0,-1,0,0.0,0.0,0.0,0,0,nan,nan,nan,73,26.100000381469727,0.0,36.0,0,29,-,READY owner=Put1 refs=24,"{""cmd"": ""STOP"", ""status"": ""READY"", ""detector"": ""yolo"", ""state"": ""IDLE"", ""owner"": ""Put1"", ""score"": null, ""match_max"": 0.5, ""refs"": 24, ""match_mode"": ""none"", ""steer_zones"": 41, ""people"": 0, ""track_id"": null, ""target_ex"": 0.0, ""target_cx_vel_px_s"": 0.0, ""target_age_s"": null, ""lidar_min_m"": 0.68, ""target_lidar_m"": null, ""target_lidar_deg"": null, ""camera_range_m"""
2026-07-18T15:44:32.739,2791.74,mission_20260718_145801_manual,MANUAL,,0,13.330347061157227,100.9979248046875,149.9782910027588,4,True,0.6882500052452087,1,0,0,-1,0,0.0,0.0,0.0,0,0,nan,nan,nan,73,26.100000381469727,0.0,36.0,0,28,-,READY owner=Put1 refs=24,"{""cmd"": ""STOP"", ""status"": ""READY"", ""detector"": ""yolo"", ""state"": ""IDLE"", ""owner"": ""Put1"", ""score"": null, ""match_max"": 0.5, ""refs"": 24, ""match_mode"": ""none"", ""steer_zones"": 41, ""people"": 0, ""track_id"": null, ""target_ex"": 0.0, ""target_cx_vel_px_s"": 0.0, ""target_age_s"": null, ""lidar_min_m"": 0.68, ""target_lidar_m"": null, ""target_lidar_deg"": null, ""camera_range_m"""
2026-07-18T15:44:34.802,2793.803,mission_20260718_145801_manual,MANUAL,,0,13.330347061157227,100.9979248046875,149.97635122903452,4,True,0.6917499899864197,1,0,0,-1,0,0.0,0.0,0.0,0,0,nan,nan,nan,73,26.100000381469727,0.0,36.0,0,30,-,READY owner=Put1 refs=24,"{""cmd"": ""STOP"", ""status"": ""READY"", ""detector"": ""yolo"", ""state"": ""IDLE"", ""owner"": ""Put1"", ""score"": null, ""match_max"": 0.5, ""refs"": 24, ""match_mode"": ""none"", ""steer_zones"": 41, ""people"": 0, ""track_id"": null, ""target_ex"": 0.0, ""target_cx_vel_px_s"": 0.0, ""target_age_s"": null, ""lidar_min_m"": 0.68, ""target_lidar_m"": null, ""target_lidar_deg"": null, ""camera_range_m"""
2026-07-18T15:44:36.898,2795.898,mission_20260718_145801_manual,MANUAL,,0,13.330347061157227,100.9979248046875,149.98320873896122,4,True,0.6892499923706055,1,0,0,-1,0,0.0,0.0,0.0,0,0,nan,nan,nan,73,26.100000381469727,0.0,36.0,0,30,-,READY owner=Put1 refs=24,"{""cmd"": ""STOP"", ""status"": ""READY"", ""detector"": ""yolo"", ""state"": ""IDLE"", ""owner"": ""Put1"", ""score"": null, ""match_max"": 0.5, ""refs"": 24, ""match_mode"": ""none"", ""steer_zones"": 41, ""people"": 0, ""track_id"": null, ""target_ex"": 0.0, ""target_cx_vel_px_s"": 0.0, ""target_age_s"": null, ""lidar_min_m"": 0.68, ""target_lidar_m"": null, ""target_lidar_deg"": null, ""camera_range_m"""
2026-07-18T15:44:38.953,2797.954,mission_20260718_145801_manual,MANUAL,,0,13.330347061157227,100.9979248046875,149.9850802107938,4,True,0.6934999823570251,1,0,0,-1,0,0.0,0.0,0.0,0,0,nan,nan,nan,73,26.100000381469727,0.0,36.0,0,30,-,READY owner=Put1 refs=24,"{""cmd"": ""STOP"", ""status"": ""READY"", ""detector"": ""yolo"", ""state"": ""IDLE"", ""owner"": ""Put1"", ""score"": null, ""match_max"": 0.5, ""refs"": 24, ""match_mode"": ""none"", ""steer_zones"": 41, ""people"": 0, ""track_id"": null, ""target_ex"": 0.0, ""target_cx_vel_px_s"": 0.0, ""target_age_s"": null, ""lidar_min_m"": 0.68, ""target_lidar_m"": null, ""target_lidar_deg"": null, ""camera_range_m"""
2026-07-18T15:44:41.022,2800.023,mission_20260718_145801_manual,MANUAL,,0,13.330347061157227,100.9979248046875,149.98859092802718,4,True,0.6897500157356262,1,0,0,-1,0,0.0,0.0,0.0,0,0,nan,nan,nan,73,26.100000381469727,0.0,36.0,0,30,-,READY owner=Put1 refs=24,"{""cmd"": ""STOP"", ""status"": ""READY"", ""detector"": ""yolo"", ""state"": ""IDLE"", ""owner"": ""Put1"", ""score"": null, ""match_max"": 0.5, ""refs"": 24, ""match_mode"": ""none"", ""steer_zones"": 41, ""people"": 0, ""track_id"": null, ""target_ex"": 0.0, ""target_cx_vel_px_s"": 0.0, ""target_age_s"": null, ""lidar_min_m"": 0.68, ""target_lidar_m"": null, ""target_lidar_deg"": null, ""camera_range_m"""
2026-07-18T15:44:43.084,2802.084,mission_20260718_145801_manual,MANUAL,,0,13.33034610748291,100.9979248046875,149.984083003175,4,True,0.6887500286102295,1,0,0,-1,0,0.0,0.0,0.0,0,0,nan,nan,nan,73,26.100000381469727,0.0,36.0,0,29,-,READY owner=Put1 refs=24,"{""cmd"": ""STOP"", ""status"": ""READY"", ""detector"": ""yolo"", ""state"": ""IDLE"", ""owner"": ""Put1"", ""score"": null, ""match_max"": 0.5, ""refs"": 24, ""match_mode"": ""none"", ""steer_zones"": 41, ""people"": 0, ""track_id"": null, ""target_ex"": 0.0, ""target_cx_vel_px_s"": 0.0, ""target_age_s"": null, ""lidar_min_m"": 0.68, ""target_lidar_m"": null, ""target_lidar_deg"": null, ""camera_range_m"""
2026-07-18T15:44:45.156,2804.156,mission_20260718_145801_manual,MANUAL,,0,13.330345153808594,100.9979248046875,149.99777070227168,4,True,0.6897500157356262,1,0,0,-1,0,0.0,0.0,0.0,0,0,nan,nan,nan,73,26.100000381469727,0.0,36.0,0,29,-,READY owner=Put1 refs=24,"{""cmd"": ""STOP"", ""status"": ""READY"", ""detector"": ""yolo"", ""state"": ""IDLE"", ""owner"": ""Put1"", ""score"": null, ""match_max"": 0.5, ""refs"": 24, ""match_mode"": ""none"", ""steer_zones"": 41, ""people"": 0, ""track_id"": null, ""target_ex"": 0.0, ""target_cx_vel_px_s"": 0.0, ""target_age_s"": null, ""lidar_min_m"": 0.68, ""target_lidar_m"": null, ""target_lidar_deg"": null, ""camera_range_m"""
2026-07-18T15:44:47.262,2806.262,mission_20260718_145801_manual,MANUAL,,0,13.330343246459961,100.9979248046875,150.00046179680467,4,True,0.6890000104904175,1,0,0,-1,0,0.0,0.0,0.0,0,0,nan,nan,nan,73,26.100000381469727,0.0,36.0,0,29,-,READY owner=Put1 refs=24,"{""cmd"": ""STOP"", ""status"": ""READY"", ""detector"": ""yolo"", ""state"": ""IDLE"", ""owner"": ""Put1"", ""score"": null, ""match_max"": 0.5, ""refs"": 24, ""match_mode"": ""none"", ""steer_zones"": 41, ""people"": 0, ""track_id"": null, ""target_ex"": 0.0, ""target_cx_vel_px_s"": 0.0, ""target_age_s"": null, ""lidar_min_m"": 0.68, ""target_lidar_m"": null, ""target_lidar_deg"": null, ""camera_range_m"""
2026-07-18T15:44:49.363,2808.363,mission_20260718_145801_manual,MANUAL,,0,13.330342292785645,100.9979248046875,149.99737455129983,4,True,0.6875,1,0,0,-1,0,0.0,0.0,0.0,0,0,nan,nan,nan,73,26.100000381469727,0.0,36.0,0,29,-,READY owner=Put1 refs=24,"{""cmd"": ""STOP"", ""status"": ""READY"", ""detector"": ""yolo"", ""state"": ""IDLE"", ""owner"": ""Put1"", ""score"": null, ""match_max"": 0.5, ""refs"": 24, ""match_mode"": ""none"", ""steer_zones"": 41, ""people"": 0, ""track_id"": null, ""target_ex"": 0.0, ""target_cx_vel_px_s"": 0.0, ""target_age_s"": null, ""lidar_min_m"": 0.68, ""target_lidar_m"": null, ""target_lidar_deg"": null, ""camera_range_m"""
2026-07-18T15:44:51.378,2810.378,mission_20260718_145801_manual,MANUAL,,0,13.330341339111328,100.9979248046875,149.99783900416338,4,True,0.6899999976158142,1,0,0,-1,0,0.0,0.0,0.0,0,0,nan,nan,nan,73,26.100000381469727,0.0,36.0,0,29,-,READY owner=Put1 refs=24,"{""cmd"": ""STOP"", ""status"": ""READY"", ""detector"": ""yolo"", ""state"": ""IDLE"", ""owner"": ""Put1"", ""score"": null, ""match_max"": 0.5, ""refs"": 24, ""match_mode"": ""none"", ""steer_zones"": 41, ""people"": 0, ""track_id"": null, ""target_ex"": 0.0, ""target_cx_vel_px_s"": 0.0, ""target_age_s"": null, ""lidar_min_m"": 0.68, ""target_lidar_m"": null, ""target_lidar_deg"": null, ""camera_range_m"""
2026-07-18T15:44:53.493,2812.493,mission_20260718_145801_manual,MANUAL,,0,13.330339431762695,100.9979248046875,149.98958813564602,4,True,0.6902499794960022,1,0,0,-1,0,0.0,0.0,0.0,0,0,nan,nan,nan,73,26.100000381469727,0.0,36.0,0,29,-,READY owner=Put1 refs=24,"{""cmd"": ""STOP"", ""status"": ""READY"", ""detector"": ""yolo"", ""state"": ""IDLE"", ""owner"": ""Put1"", ""score"": null, ""match_max"": 0.5, ""refs"": 24, ""match_mode"": ""none"", ""steer_zones"": 41, ""people"": 0, ""track_id"": null, ""target_ex"": 0.0, ""target_cx_vel_px_s"": 0.0, ""target_age_s"": null, ""lidar_min_m"": 0.68, ""target_lidar_m"": null, ""target_lidar_deg"": null, ""camera_range_m"""
2026-07-18T15:44:55.562,2814.563,mission_20260718_145801_manual,MANUAL,,0,13.330338478088379,100.9979248046875,149.9946014944968,4,True,0.690500020980835,1,0,0,-1,0,0.0,0.0,0.0,0,0,nan,nan,nan,73,26.100000381469727,0.0,36.0,0,29,-,READY owner=Put1 refs=24,"{""cmd"": ""STOP"", ""status"": ""READY"", ""detector"": ""yolo"", ""state"": ""IDLE"", ""owner"": ""Put1"", ""score"": null, ""match_max"": 0.5, ""refs"": 24, ""match_mode"": ""none"", ""steer_zones"": 41, ""people"": 0, ""track_id"": null, ""target_ex"": 0.0, ""target_cx_vel_px_s"": 0.0, ""target_age_s"": null, ""lidar_min_m"": 0.68, ""target_lidar_m"": null, ""target_lidar_deg"": null, ""camera_range_m"""
2026-07-18T15:44:57.620,2816.621,mission_20260718_145801_manual,MANUAL,,0,13.330336570739746,100.9979248046875,149.99035311683306,4,True,0.6899999976158142,1,0,0,-1,0,0.0,0.0,0.0,0,0,nan,nan,nan,73,26.100000381469727,0.0,36.0,0,29,-,READY owner=Put1 refs=24,"{""cmd"": ""STOP"", ""status"": ""READY"", ""detector"": ""yolo"", ""state"": ""IDLE"", ""owner"": ""Put1"", ""score"": null, ""match_max"": 0.5, ""refs"": 24, ""match_mode"": ""none"", ""steer_zones"": 41, ""people"": 0, ""track_id"": null, ""target_ex"": 0.0, ""target_cx_vel_px_s"": 0.0, ""target_age_s"": null, ""lidar_min_m"": 0.68, ""target_lidar_m"": null, ""target_lidar_deg"": null, ""camera_range_m"""
2026-07-18T15:44:59.717,2818.718,mission_20260718_145801_manual,MANUAL,,0,13.330334663391113,100.9979248046875,149.974602700607,4,True,0.6897500157356262,1,0,0,-1,0,0.0,0.0,0.0,0,0,nan,nan,nan,73,26.100000381469727,0.0,36.0,0,28,-,READY owner=Put1 refs=24,"{""cmd"": ""STOP"", ""status"": ""READY"", ""detector"": ""yolo"", ""state"": ""IDLE"", ""owner"": ""Put1"", ""score"": null, ""match_max"": 0.5, ""refs"": 24, ""match_mode"": ""none"", ""steer_zones"": 41, ""people"": 0, ""track_id"": null, ""target_ex"": 0.0, ""target_cx_vel_px_s"": 0.0, ""target_age_s"": null, ""lidar_min_m"": 0.68, ""target_lidar_m"": null, ""target_lidar_deg"": null, ""camera_range_m"""
2026-07-18T15:45:01.743,2820.743,mission_20260718_145801_manual,MANUAL,,0,13.330333709716797,100.99791717529297,149.98807183365025,4,True,0.6892499923706055,1,0,0,-1,0,0.0,0.0,0.0,0,0,nan,nan,nan,73,26.100000381469727,0.0,36.0,0,30,-,READY owner=Put1 refs=24,"{""cmd"": ""STOP"", ""status"": ""READY"", ""detector"": ""yolo"", ""state"": ""IDLE"", ""owner"": ""Put1"", ""score"": null, ""match_max"": 0.5, ""refs"": 24, ""match_mode"": ""none"", ""steer_zones"": 41, ""people"": 0, ""track_id"": null, ""target_ex"": 0.0, ""target_cx_vel_px_s"": 0.0, ""target_age_s"": null, ""lidar_min_m"": 0.68, ""target_lidar_m"": null, ""target_lidar_deg"": null, ""camera_range_m"""
2026-07-18T15:45:03.793,2822.794,mission_20260718_145801_manual,MANUAL,,0,13.33033275604248,100.99791717529297,149.98460209755189,4,True,0.6899999976158142,1,0,0,-1,0,0.0,0.0,0.0,0,0,nan,nan,nan,73,26.100000381469727,0.0,36.0,0,29,-,READY owner=Put1 refs=24,"{""cmd"": ""STOP"", ""status"": ""READY"", ""detector"": ""yolo"", ""state"": ""IDLE"", ""owner"": ""Put1"", ""score"": null, ""match_max"": 0.5, ""refs"": 24, ""match_mode"": ""none"", ""steer_zones"": 41, ""people"": 0, ""track_id"": null, ""target_ex"": 0.0, ""target_cx_vel_px_s"": 0.0, ""target_age_s"": null, ""lidar_min_m"": 0.68, ""target_lidar_m"": null, ""target_lidar_deg"": null, ""camera_range_m"""
2026-07-18T15:45:05.882,2824.883,mission_20260718_145801_manual,MANUAL,,0,13.330331802368164,100.99791717529297,149.97274488915275,4,True,0.6902499794960022,1,0,0,-1,0,0.0,0.0,0.0,0,0,nan,nan,nan,73,26.100000381469727,0.0,36.0,0,29,-,READY owner=Put1 refs=24,"{""cmd"": ""STOP"", ""status"": ""READY"", ""detector"": ""yolo"", ""state"": ""IDLE"", ""owner"": ""Put1"", ""score"": null, ""match_max"": 0.5, ""refs"": 24, ""match_mode"": ""none"", ""steer_zones"": 41, ""people"": 0, ""track_id"": null, ""target_ex"": 0.0, ""target_cx_vel_px_s"": 0.0, ""target_age_s"": null, ""lidar_min_m"": 0.68, ""target_lidar_m"": null, ""target_lidar_deg"": null, ""camera_range_m"""
2026-07-18T15:45:07.979,2826.98,mission_20260718_145801_manual,MANUAL,,0,13.330329895019531,100.99791717529297,149.96788179446372,4,True,0.6902499794960022,1,0,0,-1,0,0.0,0.0,0.0,0,0,nan,nan,nan,73,26.100000381469727,0.0,36.0,0,30,-,READY owner=Put1 refs=24,"{""cmd"": ""STOP"", ""status"": ""READY"", ""detector"": ""yolo"", ""state"": ""IDLE"", ""owner"": ""Put1"", ""score"": null, ""match_max"": 0.5, ""refs"": 24, ""match_mode"": ""none"", ""steer_zones"": 41, ""people"": 0, ""track_id"": null, ""target_ex"": 0.0, ""target_cx_vel_px_s"": 0.0, ""target_age_s"": null, ""lidar_min_m"": 0.68, ""target_lidar_m"": null, ""target_lidar_deg"": null, ""camera_range_m"""
2026-07-18T15:45:10.014,2829.015,mission_20260718_145801_manual,MANUAL,,0,13.330328941345215,100.99791717529297,149.95862005794916,4,True,0.6915000081062317,1,0,0,-1,0,0.0,0.0,0.0,0,0,nan,nan,nan,73,26.100000381469727,0.0,36.0,0,30,-,READY owner=Put1 refs=24,"{""cmd"": ""STOP"", ""status"": ""READY"", ""detector"": ""yolo"", ""state"": ""IDLE"", ""owner"": ""Put1"", ""score"": null, ""match_max"": 0.5, ""refs"": 24, ""match_mode"": ""none"", ""steer_zones"": 41, ""people"": 0, ""track_id"": null, ""target_ex"": 0.0, ""target_cx_vel_px_s"": 0.0, ""target_age_s"": null, ""lidar_min_m"": 0.68, ""target_lidar_m"": null, ""target_lidar_deg"": null, ""camera_range_m"""
2026-07-18T15:45:12.127,2831.127,mission_20260718_145801_manual,MANUAL,,0,13.330327033996582,100.99791717529297,149.96767688878862,4,True,0.690500020980835,1,0,0,-1,0,0.0,0.0,0.0,0,0,nan,nan,nan,73,26.100000381469727,0.0,36.0,0,30,-,READY owner=Put1 refs=24,"{""cmd"": ""STOP"", ""status"": ""READY"", ""detector"": ""yolo"", ""state"": ""IDLE"", ""owner"": ""Put1"", ""score"": null, ""match_max"": 0.5, ""refs"": 24, ""match_mode"": ""none"", ""steer_zones"": 41, ""people"": 0, ""track_id"": null, ""target_ex"": 0.0, ""target_cx_vel_px_s"": 0.0, ""target_age_s"": null, ""lidar_min_m"": 0.68, ""target_lidar_m"": null, ""target_lidar_deg"": null, ""camera_range_m"""
2026-07-18T15:45:14.215,2833.215,mission_20260718_145801_manual,MANUAL,,0,13.33032512664795,100.99791717529297,149.97558624784747,4,True,0.6915000081062317,1,0,0,-1,0,0.0,0.0,0.0,0,0,nan,nan,nan,73,26.100000381469727,0.0,36.0,0,30,-,READY owner=Put1 refs=24,"{""cmd"": ""STOP"", ""status"": ""READY"", ""detector"": ""yolo"", ""state"": ""IDLE"", ""owner"": ""Put1"", ""score"": null, ""match_max"": 0.5, ""refs"": 24, ""match_mode"": ""none"", ""steer_zones"": 41, ""people"": 0, ""track_id"": null, ""target_ex"": 0.0, ""target_cx_vel_px_s"": 0.0, ""target_age_s"": null, ""lidar_min_m"": 0.68, ""target_lidar_m"": null, ""target_lidar_deg"": null, ""camera_range_m"""
2026-07-18T15:45:16.277,2835.278,mission_20260718_145801_manual,MANUAL,,0,13.330323219299316,100.99791717529297,149.97389236093332,4,True,0.6887500286102295,1,0,0,-1,0,0.0,0.0,0.0,0,0,nan,nan,nan,73,26.100000381469727,0.0,36.0,0,31,-,READY owner=Put1 refs=24,"{""cmd"": ""STOP"", ""status"": ""READY"", ""detector"": ""yolo"", ""state"": ""IDLE"", ""owner"": ""Put1"", ""score"": null, ""match_max"": 0.5, ""refs"": 24, ""match_mode"": ""none"", ""steer_zones"": 41, ""people"": 0, ""track_id"": null, ""target_ex"": 0.0, ""target_cx_vel_px_s"": 0.0, ""target_age_s"": null, ""lidar_min_m"": 0.68, ""target_lidar_m"": null, ""target_lidar_deg"": null, ""camera_range_m"""
2026-07-18T15:45:18.342,2837.342,mission_20260718_145801_manual,MANUAL,,0,13.330321311950684,100.99791717529297,149.97370111563657,4,True,0.690750002861023,1,0,0,-1,0,0.0,0.0,0.0,0,0,nan,nan,nan,73,26.100000381469727,0.0,36.0,0,29,-,READY owner=Put1 refs=24,"{""cmd"": ""STOP"", ""status"": ""READY"", ""detector"": ""yolo"", ""state"": ""IDLE"", ""owner"": ""Put1"", ""score"": null, ""match_max"": 0.5, ""refs"": 24, ""match_mode"": ""none"", ""steer_zones"": 41, ""people"": 0, ""track_id"": null, ""target_ex"": 0.0, ""target_cx_vel_px_s"": 0.0, ""target_age_s"": null, ""lidar_min_m"": 0.68, ""target_lidar_m"": null, ""target_lidar_deg"": null, ""camera_range_m"""
2026-07-18T15:45:20.421,2839.421,mission_20260718_145801_manual,MANUAL,,0,13.33031940460205,100.99791717529297,149.96867409640743,4,True,0.6915000081062317,1,0,0,-1,0,0.0,0.0,0.0,0,0,nan,nan,nan,73,26.100000381469727,0.0,36.0,0,28,-,READY owner=Put1 refs=24,"{""cmd"": ""STOP"", ""status"": ""READY"", ""detector"": ""yolo"", ""state"": ""IDLE"", ""owner"": ""Put1"", ""score"": null, ""match_max"": 0.5, ""refs"": 24, ""match_mode"": ""none"", ""steer_zones"": 41, ""people"": 0, ""track_id"": null, ""target_ex"": 0.0, ""target_cx_vel_px_s"": 0.0, ""target_age_s"": null, ""lidar_min_m"": 0.68, ""target_lidar_m"": null, ""target_lidar_deg"": null, ""camera_range_m"""
2026-07-18T15:45:22.424,2841.424,mission_20260718_145801_manual,MANUAL,,0,13.330318450927734,100.99791717529297,149.96520436030906,4,True,0.6894999742507935,1,0,0,-1,0,0.0,0.0,0.0,0,0,nan,nan,nan,73,26.100000381469727,0.0,36.0,0,28,-,READY owner=Put1 refs=24,"{""cmd"": ""STOP"", ""status"": ""READY"", ""detector"": ""yolo"", ""state"": ""IDLE"", ""owner"": ""Put1"", ""score"": null, ""match_max"": 0.5, ""refs"": 24, ""match_mode"": ""none"", ""steer_zones"": 41, ""people"": 0, ""track_id"": null, ""target_ex"": 0.0, ""target_cx_vel_px_s"": 0.0, ""target_age_s"": null, ""lidar_min_m"": 0.68, ""target_lidar_m"": null, ""target_lidar_deg"": null, ""camera_range_m"""
2026-07-18T15:45:24.522,2843.523,mission_20260718_145801_manual,MANUAL,,0,13.330315589904785,100.99791717529297,149.96386564323174,4,True,0.6912500262260437,1,0,0,-1,0,0.0,0.0,0.0,0,0,nan,nan,nan,73,26.100000381469727,0.0,36.0,0,28,-,READY owner=Put1 refs=24,"{""cmd"": ""STOP"", ""status"": ""READY"", ""detector"": ""yolo"", ""state"": ""IDLE"", ""owner"": ""Put1"", ""score"": null, ""match_max"": 0.5, ""refs"": 24, ""match_mode"": ""none"", ""steer_zones"": 41, ""people"": 0, ""track_id"": null, ""target_ex"": 0.0, ""target_cx_vel_px_s"": 0.0, ""target_age_s"": null, ""lidar_min_m"": 0.68, ""target_lidar_m"": null, ""target_lidar_deg"": null, ""camera_range_m"""
2026-07-18T15:45:26.607,2845.607,mission_20260718_145801_manual,MANUAL,,0,13.330313682556152,100.99791717529297,149.95812828432892,4,True,0.6909999847412109,1,0,0,-1,0,0.0,0.0,0.0,0,0,nan,nan,nan,73,26.100000381469727,0.0,36.0,0,27,-,READY owner=Put1 refs=24,"{""cmd"": ""STOP"", ""status"": ""READY"", ""detector"": ""yolo"", ""state"": ""IDLE"", ""owner"": ""Put1"", ""score"": null, ""match_max"": 0.5, ""refs"": 24, ""match_mode"": ""none"", ""steer_zones"": 41, ""people"": 0, ""track_id"": null, ""target_ex"": 0.0, ""target_cx_vel_px_s"": 0.0, ""target_age_s"": null, ""lidar_min_m"": 0.68, ""target_lidar_m"": null, ""target_lidar_deg"": null, ""camera_range_m"""
2026-07-18T15:45:28.633,2847.633,mission_20260718_145801_manual,MANUAL,,0,13.33031177520752,100.99791717529297,149.94819718927573,4,True,0.6909999847412109,1,0,0,-1,0,0.0,0.0,0.0,0,0,nan,nan,nan,73,26.100000381469727,0.0,36.0,0,26,-,READY owner=Put1 refs=24,"{""cmd"": ""STOP"", ""status"": ""READY"", ""detector"": ""yolo"", ""state"": ""IDLE"", ""owner"": ""Put1"", ""score"": null, ""match_max"": 0.5, ""refs"": 24, ""match_mode"": ""none"", ""steer_zones"": 41, ""people"": 0, ""track_id"": null, ""target_ex"": 0.0, ""target_cx_vel_px_s"": 0.0, ""target_age_s"": null, ""lidar_min_m"": 0.68, ""target_lidar_m"": null, ""target_lidar_deg"": null, ""camera_range_m"""
2026-07-18T15:45:30.692,2849.693,mission_20260718_145801_manual,MANUAL,,0,13.33030891418457,100.99791717529297,149.94209100015775,4,True,0.6890000104904175,1,0,0,-1,0,0.0,0.0,0.0,0,0,nan,nan,nan,73,26.100000381469727,0.0,36.0,0,26,-,READY owner=Put1 refs=24,"{""cmd"": ""STOP"", ""status"": ""READY"", ""detector"": ""yolo"", ""state"": ""IDLE"", ""owner"": ""Put1"", ""score"": null, ""match_max"": 0.5, ""refs"": 24, ""match_mode"": ""none"", ""steer_zones"": 41, ""people"": 0, ""track_id"": null, ""target_ex"": 0.0, ""target_cx_vel_px_s"": 0.0, ""target_age_s"": null, ""lidar_min_m"": 0.68, ""target_lidar_m"": null, ""target_lidar_deg"": null, ""camera_range_m"""
2026-07-18T15:45:32.799,2851.8,mission_20260718_145801_manual,MANUAL,,0,13.330307006835938,100.99790954589844,149.9491124346245,4,True,0.6902499794960022,1,0,0,-1,0,0.0,0.0,0.0,0,0,nan,nan,nan,73,26.100000381469727,0.0,36.0,0,26,-,READY owner=Put1 refs=24,"{""cmd"": ""STOP"", ""status"": ""READY"", ""detector"": ""yolo"", ""state"": ""IDLE"", ""owner"": ""Put1"", ""score"": null, ""match_max"": 0.5, ""refs"": 24, ""match_mode"": ""none"", ""steer_zones"": 41, ""people"": 0, ""track_id"": null, ""target_ex"": 0.0, ""target_cx_vel_px_s"": 0.0, ""target_age_s"": null, ""lidar_min_m"": 0.68, ""target_lidar_m"": null, ""target_lidar_deg"": null, ""camera_range_m"""
2026-07-18T15:45:34.976,2853.976,mission_20260718_145801_manual,MANUAL,,0,13.330305099487305,100.99790954589844,149.95370232174676,4,True,0.6875,1,0,0,-1,0,0.0,0.0,0.0,0,0,nan,nan,nan,73,26.100000381469727,0.0,36.0,0,28,-,READY owner=Put1 refs=24,"{""cmd"": ""STOP"", ""status"": ""READY"", ""detector"": ""yolo"", ""state"": ""IDLE"", ""owner"": ""Put1"", ""score"": null, ""match_max"": 0.5, ""refs"": 24, ""match_mode"": ""none"", ""steer_zones"": 41, ""people"": 0, ""track_id"": null, ""target_ex"": 0.0, ""target_cx_vel_px_s"": 0.0, ""target_age_s"": null, ""lidar_min_m"": 0.68, ""target_lidar_m"": null, ""target_lidar_deg"": null, ""camera_range_m"""
2026-07-18T15:45:37.035,2856.035,mission_20260718_145801_manual,MANUAL,,0,13.330304145812988,100.99790954589844,149.9509156045654,4,True,0.6880000233650208,1,0,0,-1,0,0.0,0.0,0.0,0,0,nan,nan,nan,73,26.100000381469727,0.0,36.0,0,28,-,READY owner=Put1 refs=24,"{""cmd"": ""STOP"", ""status"": ""READY"", ""detector"": ""yolo"", ""state"": ""IDLE"", ""owner"": ""Put1"", ""score"": null, ""match_max"": 0.5, ""refs"": 24, ""match_mode"": ""none"", ""steer_zones"": 41, ""people"": 0, ""track_id"": null, ""target_ex"": 0.0, ""target_cx_vel_px_s"": 0.0, ""target_age_s"": null, ""lidar_min_m"": 0.68, ""target_lidar_m"": null, ""target_lidar_deg"": null, ""camera_range_m"""
2026-07-18T15:45:39.037,2858.037,mission_20260718_145801_manual,MANUAL,,0,13.330303192138672,100.99790954589844,149.9436482832885,4,True,0.687749981880188,1,0,0,-1,0,0.0,0.0,0.0,0,0,nan,nan,nan,73,26.100000381469727,0.0,36.0,0,29,-,READY owner=Put1 refs=24,"{""cmd"": ""STOP"", ""status"": ""READY"", ""detector"": ""yolo"", ""state"": ""IDLE"", ""owner"": ""Put1"", ""score"": null, ""match_max"": 0.5, ""refs"": 24, ""match_mode"": ""none"", ""steer_zones"": 41, ""people"": 0, ""track_id"": null, ""target_ex"": 0.0, ""target_cx_vel_px_s"": 0.0, ""target_age_s"": null, ""lidar_min_m"": 0.68, ""target_lidar_m"": null, ""target_lidar_deg"": null, ""camera_range_m"""
2026-07-18T15:45:41.115,2860.116,mission_20260718_145801_manual,MANUAL,,0,13.330300331115723,100.99790954589844,149.94020586794682,4,True,0.6912500262260437,1,0,0,-1,0,0.0,0.0,0.0,0,0,nan,nan,nan,73,26.100000381469727,0.0,36.0,0,29,-,READY owner=Put1 refs=24,"{""cmd"": ""STOP"", ""status"": ""READY"", ""detector"": ""yolo"", ""state"": ""IDLE"", ""owner"": ""Put1"", ""score"": null, ""match_max"": 0.5, ""refs"": 24, ""match_mode"": ""none"", ""steer_zones"": 41, ""people"": 0, ""track_id"": null, ""target_ex"": 0.0, ""target_cx_vel_px_s"": 0.0, ""target_age_s"": null, ""lidar_min_m"": 0.68, ""target_lidar_m"": null, ""target_lidar_deg"": null, ""camera_range_m"""
2026-07-18T15:45:43.225,2862.225,mission_20260718_145801_manual,MANUAL,,0,13.330299377441406,100.99790954589844,149.9411620944306,4,True,0.6915000081062317,1,0,0,-1,0,0.0,0.0,0.0,0,0,nan,nan,nan,73,26.100000381469727,0.0,36.0,0,30,-,READY owner=Put1 refs=24,"{""cmd"": ""STOP"", ""status"": ""READY"", ""detector"": ""yolo"", ""state"": ""IDLE"", ""owner"": ""Put1"", ""score"": null, ""match_max"": 0.5, ""refs"": 24, ""match_mode"": ""none"", ""steer_zones"": 41, ""people"": 0, ""track_id"": null, ""target_ex"": 0.0, ""target_cx_vel_px_s"": 0.0, ""target_age_s"": null, ""lidar_min_m"": 0.68, ""target_lidar_m"": null, ""target_lidar_deg"": null, ""camera_range_m"""
2026-07-18T15:45:45.292,2864.293,mission_20260718_145801_manual,MANUAL,,0,13.330299377441406,100.99790954589844,149.9415992265375,4,True,0.6912500262260437,1,0,0,-1,0,0.0,0.0,0.0,0,0,nan,nan,nan,73,26.100000381469727,0.0,36.0,0,30,-,READY owner=Put1 refs=24,"{""cmd"": ""STOP"", ""status"": ""READY"", ""detector"": ""yolo"", ""state"": ""IDLE"", ""owner"": ""Put1"", ""score"": null, ""match_max"": 0.5, ""refs"": 24, ""match_mode"": ""none"", ""steer_zones"": 41, ""people"": 0, ""track_id"": null, ""target_ex"": 0.0, ""target_cx_vel_px_s"": 0.0, ""target_age_s"": null, ""lidar_min_m"": 0.68, ""target_lidar_m"": null, ""target_lidar_deg"": null, ""camera_range_m"""
2026-07-18T15:45:47.392,2866.392,mission_20260718_145801_manual,MANUAL,,0,13.33029842376709,100.99790954589844,149.93039771629867,4,True,0.6899999976158142,1,0,0,-1,0,0.0,0.0,0.0,0,0,nan,nan,nan,73,26.100000381469727,0.0,36.0,0,30,-,READY owner=Put1 refs=24,"{""cmd"": ""STOP"", ""status"": ""READY"", ""detector"": ""yolo"", ""state"": ""IDLE"", ""owner"": ""Put1"", ""score"": null, ""match_max"": 0.5, ""refs"": 24, ""match_mode"": ""none"", ""steer_zones"": 41, ""people"": 0, ""track_id"": null, ""target_ex"": 0.0, ""target_cx_vel_px_s"": 0.0, ""target_age_s"": null, ""lidar_min_m"": 0.68, ""target_lidar_m"": null, ""target_lidar_deg"": null, ""camera_range_m"""
2026-07-18T15:45:49.475,2868.476,mission_20260718_145801_manual,MANUAL,,0,13.330297470092773,100.99790954589844,149.91990654573354,4,True,0.6892499923706055,1,0,0,-1,0,0.0,0.0,0.0,0,0,nan,nan,nan,73,26.100000381469727,0.0,36.0,0,30,-,READY owner=Put1 refs=24,"{""cmd"": ""STOP"", ""status"": ""READY"", ""detector"": ""yolo"", ""state"": ""IDLE"", ""owner"": ""Put1"", ""score"": null, ""match_max"": 0.5, ""refs"": 24, ""match_mode"": ""none"", ""steer_zones"": 41, ""people"": 0, ""track_id"": null, ""target_ex"": 0.0, ""target_cx_vel_px_s"": 0.0, ""target_age_s"": null, ""lidar_min_m"": 0.68, ""target_lidar_m"": null, ""target_lidar_deg"": null, ""camera_range_m"""
2026-07-18T15:45:51.576,2870.576,mission_20260718_145801_manual,MANUAL,,0,13.330297470092773,100.99790954589844,149.9185268475212,4,True,0.6892499923706055,1,0,0,-1,0,0.0,0.0,0.0,0,0,nan,nan,nan,73,26.100000381469727,0.0,36.0,0,30,-,READY owner=Put1 refs=24,"{""cmd"": ""STOP"", ""status"": ""READY"", ""detector"": ""yolo"", ""state"": ""IDLE"", ""owner"": ""Put1"", ""score"": null, ""match_max"": 0.5, ""refs"": 24, ""match_mode"": ""none"", ""steer_zones"": 41, ""people"": 0, ""track_id"": null, ""target_ex"": 0.0, ""target_cx_vel_px_s"": 0.0, ""target_age_s"": null, ""lidar_min_m"": 0.68, ""target_lidar_m"": null, ""target_lidar_deg"": null, ""camera_range_m"""
2026-07-18T15:45:53.581,2872.582,mission_20260718_145801_manual,MANUAL,,0,13.33029556274414,100.99790954589844,149.91168299797283,4,True,0.6922500133514404,1,0,0,-1,0,0.0,0.0,0.0,0,0,nan,nan,nan,73,26.100000381469727,0.0,36.0,0,30,-,READY owner=Put1 refs=24,"{""cmd"": ""STOP"", ""status"": ""READY"", ""detector"": ""yolo"", ""state"": ""IDLE"", ""owner"": ""Put1"", ""score"": null, ""match_max"": 0.5, ""refs"": 24, ""match_mode"": ""none"", ""steer_zones"": 41, ""people"": 0, ""track_id"": null, ""target_ex"": 0.0, ""target_cx_vel_px_s"": 0.0, ""target_age_s"": null, ""lidar_min_m"": 0.68, ""target_lidar_m"": null, ""target_lidar_deg"": null, ""camera_range_m"""
2026-07-18T15:45:55.664,2874.664,mission_20260718_145801_manual,MANUAL,,0,13.330294609069824,100.99790954589844,149.91662805493192,4,True,0.6897500157356262,1,0,0,-1,0,0.0,0.0,0.0,0,0,nan,nan,nan,73,26.100000381469727,0.0,36.0,0,30,-,READY owner=Put1 refs=24,"{""cmd"": ""STOP"", ""status"": ""READY"", ""detector"": ""yolo"", ""state"": ""IDLE"", ""owner"": ""Put1"", ""score"": null, ""match_max"": 0.5, ""refs"": 24, ""match_mode"": ""none"", ""steer_zones"": 41, ""people"": 0, ""track_id"": null, ""target_ex"": 0.0, ""target_cx_vel_px_s"": 0.0, ""target_age_s"": null, ""lidar_min_m"": 0.68, ""target_lidar_m"": null, ""target_lidar_deg"": null, ""camera_range_m"""
2026-07-18T15:45:57.724,2876.724,mission_20260718_145801_manual,MANUAL,,0,13.330293655395508,100.99790954589844,149.9103989224089,4,True,0.6912500262260437,1,0,0,-1,0,0.0,0.0,0.0,0,0,nan,nan,nan,73,26.100000381469727,0.0,36.0,0,30,-,READY owner=Put1 refs=24,"{""cmd"": ""STOP"", ""status"": ""READY"", ""detector"": ""yolo"", ""state"": ""IDLE"", ""owner"": ""Put1"", ""score"": null, ""match_max"": 0.5, ""refs"": 24, ""match_mode"": ""none"", ""steer_zones"": 41, ""people"": 0, ""track_id"": null, ""target_ex"": 0.0, ""target_cx_vel_px_s"": 0.0, ""target_age_s"": null, ""lidar_min_m"": 0.68, ""target_lidar_m"": null, ""target_lidar_deg"": null, ""camera_range_m"""
2026-07-18T15:45:59.798,2878.798,mission_20260718_145801_manual,MANUAL,,0,13.330292701721191,100.99790954589844,149.91966065892342,4,True,0.6912500262260437,1,0,0,-1,0,0.0,0.0,0.0,0,0,nan,nan,nan,73,26.100000381469727,0.0,36.0,0,30,-,READY owner=Put1 refs=24,"{""cmd"": ""STOP"", ""status"": ""READY"", ""detector"": ""yolo"", ""state"": ""IDLE"", ""owner"": ""Put1"", ""score"": null, ""match_max"": 0.5, ""refs"": 24, ""match_mode"": ""none"", ""steer_zones"": 41, ""people"": 0, ""track_id"": null, ""target_ex"": 0.0, ""target_cx_vel_px_s"": 0.0, ""target_age_s"": null, ""lidar_min_m"": 0.68, ""target_lidar_m"": null, ""target_lidar_deg"": null, ""camera_range_m"""
2026-07-18T15:46:01.860,2880.86,mission_20260718_145801_manual,MANUAL,,0,13.330291748046875,100.99790954589844,149.9197562815718,4,True,0.6887500286102295,1,0,0,-1,0,0.0,0.0,0.0,0,0,nan,nan,nan,73,26.100000381469727,0.0,36.0,0,30,-,READY owner=Put1 refs=24,"{""cmd"": ""STOP"", ""status"": ""READY"", ""detector"": ""yolo"", ""state"": ""IDLE"", ""owner"": ""Put1"", ""score"": null, ""match_max"": 0.5, ""refs"": 24, ""match_mode"": ""none"", ""steer_zones"": 41, ""people"": 0, ""track_id"": null, ""target_ex"": 0.0, ""target_cx_vel_px_s"": 0.0, ""target_age_s"": null, ""lidar_min_m"": 0.68, ""target_lidar_m"": null, ""target_lidar_deg"": null, ""camera_range_m"""
2026-07-18T15:46:03.919,2882.92,mission_20260718_145801_manual,MANUAL,,0,13.330289840698242,100.99790954589844,149.91104096019086,4,True,0.6894999742507935,1,0,0,-1,0,0.0,0.0,0.0,0,0,nan,nan,nan,73,26.100000381469727,0.0,36.0,0,30,-,READY owner=Put1 refs=24,"{""cmd"": ""STOP"", ""status"": ""READY"", ""detector"": ""yolo"", ""state"": ""IDLE"", ""owner"": ""Put1"", ""score"": null, ""match_max"": 0.5, ""refs"": 24, ""match_mode"": ""none"", ""steer_zones"": 41, ""people"": 0, ""track_id"": null, ""target_ex"": 0.0, ""target_cx_vel_px_s"": 0.0, ""target_age_s"": null, ""lidar_min_m"": 0.68, ""target_lidar_m"": null, ""target_lidar_deg"": null, ""camera_range_m"""
2026-07-18T15:46:05.993,2884.993,mission_20260718_145801_manual,MANUAL,,0,13.33028793334961,100.99790954589844,149.92045296086715,4,True,0.690500020980835,1,0,0,-1,0,0.0,0.0,0.0,0,0,nan,nan,nan,73,26.100000381469727,0.0,36.0,0,30,-,READY owner=Put1 refs=24,"{""cmd"": ""STOP"", ""status"": ""READY"", ""detector"": ""yolo"", ""state"": ""IDLE"", ""owner"": ""Put1"", ""score"": null, ""match_max"": 0.5, ""refs"": 24, ""match_mode"": ""none"", ""steer_zones"": 41, ""people"": 0, ""track_id"": null, ""target_ex"": 0.0, ""target_cx_vel_px_s"": 0.0, ""target_age_s"": null, ""lidar_min_m"": 0.68, ""target_lidar_m"": null, ""target_lidar_deg"": null, ""camera_range_m"""
2026-07-18T15:46:08.078,2887.079,mission_20260718_145801_manual,MANUAL,,0,13.330286026000977,100.99790954589844,149.9191142437898,4,True,0.6887500286102295,1,0,0,-1,0,0.0,0.0,0.0,0,0,nan,nan,nan,73,26.100000381469727,0.0,36.0,0,30,-,READY owner=Put1 refs=24,"{""cmd"": ""STOP"", ""status"": ""READY"", ""detector"": ""yolo"", ""state"": ""IDLE"", ""owner"": ""Put1"", ""score"": null, ""match_max"": 0.5, ""refs"": 24, ""match_mode"": ""none"", ""steer_zones"": 41, ""people"": 0, ""track_id"": null, ""target_ex"": 0.0, ""target_cx_vel_px_s"": 0.0, ""target_age_s"": null, ""lidar_min_m"": 0.68, ""target_lidar_m"": null, ""target_lidar_deg"": null, ""camera_range_m"""
2026-07-18T15:46:10.137,2889.137,mission_20260718_145801_manual,MANUAL,,0,13.33028507232666,100.99790954589844,149.91589039450156,4,True,0.6902499794960022,1,0,0,-1,0,0.0,0.0,0.0,0,0,nan,nan,nan,73,26.100000381469727,0.0,36.0,0,30,-,READY owner=Put1 refs=24,"{""cmd"": ""STOP"", ""status"": ""READY"", ""detector"": ""yolo"", ""state"": ""IDLE"", ""owner"": ""Put1"", ""score"": null, ""match_max"": 0.5, ""refs"": 24, ""match_mode"": ""none"", ""steer_zones"": 41, ""people"": 0, ""track_id"": null, ""target_ex"": 0.0, ""target_cx_vel_px_s"": 0.0, ""target_age_s"": null, ""lidar_min_m"": 0.68, ""target_lidar_m"": null, ""target_lidar_deg"": null, ""camera_range_m"""
2026-07-18T15:46:12.191,2891.192,mission_20260718_145801_manual,MANUAL,,0,13.33028507232666,100.99790954589844,149.92225613080802,4,True,0.6887500286102295,1,0,0,-1,0,0.0,0.0,0.0,0,0,nan,nan,nan,73,26.100000381469727,0.0,36.0,0,30,-,READY owner=Put1 refs=24,"{""cmd"": ""STOP"", ""status"": ""READY"", ""detector"": ""yolo"", ""state"": ""IDLE"", ""owner"": ""Put1"", ""score"": null, ""match_max"": 0.5, ""refs"": 24, ""match_mode"": ""none"", ""steer_zones"": 41, ""people"": 0, ""track_id"": null, ""target_ex"": 0.0, ""target_cx_vel_px_s"": 0.0, ""target_age_s"": null, ""lidar_min_m"": 0.68, ""target_lidar_m"": null, ""target_lidar_deg"": null, ""camera_range_m"""
2026-07-18T15:46:14.283,2893.284,mission_20260718_145801_manual,MANUAL,,0,13.33028507232666,100.99790954589844,149.92987862192174,4,True,0.6882500052452087,1,0,0,-1,0,0.0,0.0,0.0,0,0,nan,nan,nan,73,26.100000381469727,0.0,36.0,0,29,-,READY owner=Put1 refs=24,"{""cmd"": ""STOP"", ""status"": ""READY"", ""detector"": ""yolo"", ""state"": ""IDLE"", ""owner"": ""Put1"", ""score"": null, ""match_max"": 0.5, ""refs"": 24, ""match_mode"": ""none"", ""steer_zones"": 41, ""people"": 0, ""track_id"": null, ""target_ex"": 0.0, ""target_cx_vel_px_s"": 0.0, ""target_age_s"": null, ""lidar_min_m"": 0.68, ""target_lidar_m"": null, ""target_lidar_deg"": null, ""camera_range_m"""
2026-07-18T15:46:16.348,2895.349,mission_20260718_145801_manual,MANUAL,,0,13.330286026000977,100.99790954589844,149.93832073573589,4,True,0.6882500052452087,1,0,0,-1,0,0.0,0.0,0.0,0,0,nan,nan,nan,73,26.100000381469727,0.0,36.0,0,29,-,READY owner=Put1 refs=24,"{""cmd"": ""STOP"", ""status"": ""READY"", ""detector"": ""yolo"", ""state"": ""IDLE"", ""owner"": ""Put1"", ""score"": null, ""match_max"": 0.5, ""refs"": 24, ""match_mode"": ""none"", ""steer_zones"": 41, ""people"": 0, ""track_id"": null, ""target_ex"": 0.0, ""target_cx_vel_px_s"": 0.0, ""target_age_s"": null, ""lidar_min_m"": 0.68, ""target_lidar_m"": null, ""target_lidar_deg"": null, ""camera_range_m"""
2026-07-18T15:46:18.426,2897.426,mission_20260718_145801_manual,MANUAL,,0,13.330286979675293,100.99790954589844,149.93567062233794,4,True,0.6917499899864197,1,0,0,-1,0,0.0,0.0,0.0,0,0,nan,nan,nan,73,26.100000381469727,0.0,36.0,0,30,-,READY owner=Put1 refs=24,"{""cmd"": ""STOP"", ""status"": ""READY"", ""detector"": ""yolo"", ""state"": ""IDLE"", ""owner"": ""Put1"", ""score"": null, ""match_max"": 0.5, ""refs"": 24, ""match_mode"": ""none"", ""steer_zones"": 41, ""people"": 0, ""track_id"": null, ""target_ex"": 0.0, ""target_cx_vel_px_s"": 0.0, ""target_age_s"": null, ""lidar_min_m"": 0.68, ""target_lidar_m"": null, ""target_lidar_deg"": null, ""camera_range_m"""
2026-07-18T15:46:20.489,2899.49,mission_20260718_145801_manual,MANUAL,,0,13.330286979675293,100.99790954589844,149.934468509044,4,True,0.6917499899864197,1,0,0,-1,0,0.0,0.0,0.0,0,0,nan,nan,nan,73,26.100000381469727,0.0,36.0,0,30,-,READY owner=Put1 refs=24,"{""cmd"": ""STOP"", ""status"": ""READY"", ""detector"": ""yolo"", ""state"": ""IDLE"", ""owner"": ""Put1"", ""score"": null, ""match_max"": 0.5, ""refs"": 24, ""match_mode"": ""none"", ""steer_zones"": 41, ""people"": 0, ""track_id"": null, ""target_ex"": 0.0, ""target_cx_vel_px_s"": 0.0, ""target_age_s"": null, ""lidar_min_m"": 0.68, ""target_lidar_m"": null, ""target_lidar_deg"": null, ""camera_range_m"""
2026-07-18T15:46:22.569,2901.569,mission_20260718_145801_manual,MANUAL,,0,13.33028793334961,100.99790954589844,149.9328292636432,4,True,0.6912500262260437,1,0,0,-1,0,0.0,0.0,0.0,0,0,nan,nan,nan,73,26.100000381469727,0.0,36.0,0,30,-,READY owner=Put1 refs=24,"{""cmd"": ""STOP"", ""status"": ""READY"", ""detector"": ""yolo"", ""state"": ""IDLE"", ""owner"": ""Put1"", ""score"": null, ""match_max"": 0.5, ""refs"": 24, ""match_mode"": ""none"", ""steer_zones"": 41, ""people"": 0, ""track_id"": null, ""target_ex"": 0.0, ""target_cx_vel_px_s"": 0.0, ""target_age_s"": null, ""lidar_min_m"": 0.68, ""target_lidar_m"": null, ""target_lidar_deg"": null, ""camera_range_m"""
2026-07-18T15:46:24.639,2903.639,mission_20260718_145801_manual,MANUAL,,0,13.330288887023926,100.99790954589844,149.9374328111438,4,True,0.6909999847412109,1,0,0,-1,0,0.0,0.0,0.0,0,0,nan,nan,nan,73,26.100000381469727,0.0,36.0,0,30,-,READY owner=Put1 refs=24,"{""cmd"": ""STOP"", ""status"": ""READY"", ""detector"": ""yolo"", ""state"": ""IDLE"", ""owner"": ""Put1"", ""score"": null, ""match_max"": 0.5, ""refs"": 24, ""match_mode"": ""none"", ""steer_zones"": 41, ""people"": 0, ""track_id"": null, ""target_ex"": 0.0, ""target_cx_vel_px_s"": 0.0, ""target_age_s"": null, ""lidar_min_m"": 0.68, ""target_lidar_m"": null, ""target_lidar_deg"": null, ""camera_range_m"""
2026-07-18T15:46:26.739,2905.739,mission_20260718_145801_manual,MANUAL,,0,13.330289840698242,100.99790954589844,149.95595628417286,4,True,0.6880000233650208,1,0,0,-1,0,0.0,0.0,0.0,0,0,nan,nan,nan,73,26.100000381469727,0.0,36.0,0,29,-,READY owner=Put1 refs=24,"{""cmd"": ""STOP"", ""status"": ""READY"", ""detector"": ""yolo"", ""state"": ""IDLE"", ""owner"": ""Put1"", ""score"": null, ""match_max"": 0.5, ""refs"": 24, ""match_mode"": ""none"", ""steer_zones"": 41, ""people"": 0, ""track_id"": null, ""target_ex"": 0.0, ""target_cx_vel_px_s"": 0.0, ""target_age_s"": null, ""lidar_min_m"": 0.68, ""target_lidar_m"": null, ""target_lidar_deg"": null, ""camera_range_m"""
2026-07-18T15:46:28.854,2907.855,mission_20260718_145801_manual,MANUAL,,0,13.330290794372559,100.99790954589844,149.96504043576897,4,True,0.6880000233650208,1,0,0,-1,0,0.0,0.0,0.0,0,0,nan,nan,nan,73,26.100000381469727,0.0,36.0,0,27,-,READY owner=Put1 refs=24,"{""cmd"": ""STOP"", ""status"": ""READY"", ""detector"": ""yolo"", ""state"": ""IDLE"", ""owner"": ""Put1"", ""score"": null, ""match_max"": 0.5, ""refs"": 24, ""match_mode"": ""none"", ""steer_zones"": 41, ""people"": 0, ""track_id"": null, ""target_ex"": 0.0, ""target_cx_vel_px_s"": 0.0, ""target_age_s"": null, ""lidar_min_m"": 0.68, ""target_lidar_m"": null, ""target_lidar_deg"": null, ""camera_range_m"""
2026-07-18T15:46:30.955,2909.956,mission_20260718_145801_manual,MANUAL,,0,13.330291748046875,100.99790954589844,149.9750398327139,4,True,0.6899999976158142,1,0,0,-1,0,0.0,0.0,0.0,0,0,nan,nan,nan,73,26.100000381469727,0.0,36.0,0,28,-,READY owner=Put1 refs=24,"{""cmd"": ""STOP"", ""status"": ""READY"", ""detector"": ""yolo"", ""state"": ""IDLE"", ""owner"": ""Put1"", ""score"": null, ""match_max"": 0.5, ""refs"": 24, ""match_mode"": ""none"", ""steer_zones"": 41, ""people"": 0, ""track_id"": null, ""target_ex"": 0.0, ""target_cx_vel_px_s"": 0.0, ""target_age_s"": null, ""lidar_min_m"": 0.68, ""target_lidar_m"": null, ""target_lidar_deg"": null, ""camera_range_m"""
2026-07-18T15:46:32.967,2911.968,mission_20260718_145801_manual,MANUAL,,0,13.330291748046875,100.99790954589844,149.97558624784747,4,True,0.6887500286102295,1,0,0,-1,0,0.0,0.0,0.0,0,0,nan,nan,nan,73,26.100000381469727,0.0,36.0,0,29,-,READY owner=Put1 refs=24,"{""cmd"": ""STOP"", ""status"": ""READY"", ""detector"": ""yolo"", ""state"": ""IDLE"", ""owner"": ""Put1"", ""score"": null, ""match_max"": 0.5, ""refs"": 24, ""match_mode"": ""none"", ""steer_zones"": 41, ""people"": 0, ""track_id"": null, ""target_ex"": 0.0, ""target_cx_vel_px_s"": 0.0, ""target_age_s"": null, ""lidar_min_m"": 0.68, ""target_lidar_m"": null, ""target_lidar_deg"": null, ""camera_range_m"""
2026-07-18T15:46:35.080,2914.08,mission_20260718_145801_manual,MANUAL,,0,13.330292701721191,100.99790954589844,149.97442511568858,4,True,0.6875,1,0,0,-1,0,0.0,0.0,0.0,0,0,nan,nan,nan,73,26.100000381469727,0.0,36.0,0,28,-,READY owner=Put1 refs=24,"{""cmd"": ""STOP"", ""status"": ""READY"", ""detector"": ""yolo"", ""state"": ""IDLE"", ""owner"": ""Put1"", ""score"": null, ""match_max"": 0.5, ""refs"": 24, ""match_mode"": ""none"", ""steer_zones"": 41, ""people"": 0, ""track_id"": null, ""target_ex"": 0.0, ""target_cx_vel_px_s"": 0.0, ""target_age_s"": null, ""lidar_min_m"": 0.68, ""target_lidar_m"": null, ""target_lidar_deg"": null, ""camera_range_m"""
2026-07-18T15:46:37.158,2916.158,mission_20260718_145801_manual,MANUAL,,0,13.330292701721191,100.99790954589844,149.97438413455356,4,True,0.6930000185966492,1,0,0,-1,0,0.0,0.0,0.0,0,0,nan,nan,nan,73,26.100000381469727,0.0,36.0,0,29,-,READY owner=Put1 refs=24,"{""cmd"": ""STOP"", ""status"": ""READY"", ""detector"": ""yolo"", ""state"": ""IDLE"", ""owner"": ""Put1"", ""score"": null, ""match_max"": 0.5, ""refs"": 24, ""match_mode"": ""none"", ""steer_zones"": 41, ""people"": 0, ""track_id"": null, ""target_ex"": 0.0, ""target_cx_vel_px_s"": 0.0, ""target_age_s"": null, ""lidar_min_m"": 0.68, ""target_lidar_m"": null, ""target_lidar_deg"": null, ""camera_range_m"""
2026-07-18T15:46:39.252,2918.252,mission_20260718_145801_manual,MANUAL,,0,13.330292701721191,100.99790954589844,149.98527145609057,4,True,0.6899999976158142,1,0,0,-1,0,0.0,0.0,0.0,0,0,nan,nan,nan,73,26.100000381469727,0.0,36.0,0,29,-,READY owner=Put1 refs=24,"{""cmd"": ""STOP"", ""status"": ""READY"", ""detector"": ""yolo"", ""state"": ""IDLE"", ""owner"": ""Put1"", ""score"": null, ""match_max"": 0.5, ""refs"": 24, ""match_mode"": ""none"", ""steer_zones"": 41, ""people"": 0, ""track_id"": null, ""target_ex"": 0.0, ""target_cx_vel_px_s"": 0.0, ""target_age_s"": null, ""lidar_min_m"": 0.68, ""target_lidar_m"": null, ""target_lidar_deg"": null, ""camera_range_m"""
2026-07-18T15:46:41.326,2920.327,mission_20260718_145801_manual,MANUAL,,0,13.330292701721191,100.99790954589844,149.98529877684723,4,True,0.6890000104904175,1,0,0,-1,0,0.0,0.0,0.0,0,0,nan,nan,nan,73,26.100000381469727,0.0,36.0,0,28,-,READY owner=Put1 refs=24,"{""cmd"": ""STOP"", ""status"": ""READY"", ""detector"": ""yolo"", ""state"": ""IDLE"", ""owner"": ""Put1"", ""score"": null, ""match_max"": 0.5, ""refs"": 24, ""match_mode"": ""none"", ""steer_zones"": 41, ""people"": 0, ""track_id"": null, ""target_ex"": 0.0, ""target_cx_vel_px_s"": 0.0, ""target_age_s"": null, ""lidar_min_m"": 0.68, ""target_lidar_m"": null, ""target_lidar_deg"": null, ""camera_range_m"""
2026-07-18T15:46:43.405,2922.406,mission_20260718_145801_manual,MANUAL,,0,13.330292701721191,100.99790954589844,149.98803085251524,4,True,0.6892499923706055,1,0,0,-1,0,0.0,0.0,0.0,0,0,nan,nan,nan,73,26.100000381469727,0.0,36.0,0,27,-,READY owner=Put1 refs=24,"{""cmd"": ""STOP"", ""status"": ""READY"", ""detector"": ""yolo"", ""state"": ""IDLE"", ""owner"": ""Put1"", ""score"": null, ""match_max"": 0.5, ""refs"": 24, ""match_mode"": ""none"", ""steer_zones"": 41, ""people"": 0, ""track_id"": null, ""target_ex"": 0.0, ""target_cx_vel_px_s"": 0.0, ""target_age_s"": null, ""lidar_min_m"": 0.68, ""target_lidar_m"": null, ""target_lidar_deg"": null, ""camera_range_m"""
2026-07-18T15:46:45.494,2924.495,mission_20260718_145801_manual,MANUAL,,0,13.330291748046875,100.99790954589844,149.9762692667645,4,True,0.6915000081062317,1,0,0,-1,0,0.0,0.0,0.0,0,0,nan,nan,nan,73,26.100000381469727,0.0,36.0,0,28,-,READY owner=Put1 refs=24,"{""cmd"": ""STOP"", ""status"": ""READY"", ""detector"": ""yolo"", ""state"": ""IDLE"", ""owner"": ""Put1"", ""score"": null, ""match_max"": 0.5, ""refs"": 24, ""match_mode"": ""none"", ""steer_zones"": 41, ""people"": 0, ""track_id"": null, ""target_ex"": 0.0, ""target_cx_vel_px_s"": 0.0, ""target_age_s"": null, ""lidar_min_m"": 0.68, ""target_lidar_m"": null, ""target_lidar_deg"": null, ""camera_range_m"""
2026-07-18T15:46:47.570,2926.571,mission_20260718_145801_manual,MANUAL,,0,13.330290794372559,100.99790954589844,149.98397372014827,4,True,0.6909999847412109,1,0,0,-1,0,0.0,0.0,0.0,0,0,nan,nan,nan,73,26.100000381469727,0.0,36.0,0,28,-,READY owner=Put1 refs=24,"{""cmd"": ""STOP"", ""status"": ""READY"", ""detector"": ""yolo"", ""state"": ""IDLE"", ""owner"": ""Put1"", ""score"": null, ""match_max"": 0.5, ""refs"": 24, ""match_mode"": ""none"", ""steer_zones"": 41, ""people"": 0, ""track_id"": null, ""target_ex"": 0.0, ""target_cx_vel_px_s"": 0.0, ""target_age_s"": null, ""lidar_min_m"": 0.68, ""target_lidar_m"": null, ""target_lidar_deg"": null, ""camera_range_m"""
2026-07-18T15:46:49.639,2928.64,mission_20260718_145801_manual,MANUAL,,0,13.330289840698242,100.99790954589844,149.98670579581628,4,True,0.6902499794960022,1,0,0,-1,0,0.0,0.0,0.0,0,0,nan,nan,nan,73,26.100000381469727,0.0,36.0,0,27,-,READY owner=Put1 refs=24,"{""cmd"": ""STOP"", ""status"": ""READY"", ""detector"": ""yolo"", ""state"": ""IDLE"", ""owner"": ""Put1"", ""score"": null, ""match_max"": 0.5, ""refs"": 24, ""match_mode"": ""none"", ""steer_zones"": 41, ""people"": 0, ""track_id"": null, ""target_ex"": 0.0, ""target_cx_vel_px_s"": 0.0, ""target_age_s"": null, ""lidar_min_m"": 0.68, ""target_lidar_m"": null, ""target_lidar_deg"": null, ""camera_range_m"""
2026-07-18T15:46:51.701,2930.701,mission_20260718_145801_manual,MANUAL,,0,13.330289840698242,100.99790954589844,149.99837175891864,4,True,0.6890000104904175,1,0,0,-1,0,0.0,0.0,0.0,0,0,nan,nan,nan,73,26.100000381469727,0.0,36.0,0,27,-,READY owner=Put1 refs=24,"{""cmd"": ""STOP"", ""status"": ""READY"", ""detector"": ""yolo"", ""state"": ""IDLE"", ""owner"": ""Put1"", ""score"": null, ""match_max"": 0.5, ""refs"": 24, ""match_mode"": ""none"", ""steer_zones"": 41, ""people"": 0, ""track_id"": null, ""target_ex"": 0.0, ""target_cx_vel_px_s"": 0.0, ""target_age_s"": null, ""lidar_min_m"": 0.68, ""target_lidar_m"": null, ""target_lidar_deg"": null, ""camera_range_m"""
2026-07-18T15:46:53.790,2932.79,mission_20260718_145801_manual,MANUAL,,0,13.330288887023926,100.99791717529297,150.00151364593685,4,True,0.6912500262260437,1,0,0,-1,0,0.0,0.0,0.0,0,0,nan,nan,nan,73,26.100000381469727,0.0,36.0,0,27,-,READY owner=Put1 refs=24,"{""cmd"": ""STOP"", ""status"": ""READY"", ""detector"": ""yolo"", ""state"": ""IDLE"", ""owner"": ""Put1"", ""score"": null, ""match_max"": 0.5, ""refs"": 24, ""match_mode"": ""none"", ""steer_zones"": 41, ""people"": 0, ""track_id"": null, ""target_ex"": 0.0, ""target_cx_vel_px_s"": 0.0, ""target_age_s"": null, ""lidar_min_m"": 0.68, ""target_lidar_m"": null, ""target_lidar_deg"": null, ""camera_range_m"""
2026-07-18T15:46:55.875,2934.876,mission_20260718_145801_manual,MANUAL,,0,13.330286026000977,100.99791717529297,149.9958582493041,4,True,0.6917499899864197,1,0,0,-1,0,0.0,0.0,0.0,0,0,nan,nan,nan,73,26.100000381469727,0.0,36.0,0,28,-,READY owner=Put1 refs=24,"{""cmd"": ""STOP"", ""status"": ""READY"", ""detector"": ""yolo"", ""state"": ""IDLE"", ""owner"": ""Put1"", ""score"": null, ""match_max"": 0.5, ""refs"": 24, ""match_mode"": ""none"", ""steer_zones"": 41, ""people"": 0, ""track_id"": null, ""target_ex"": 0.0, ""target_cx_vel_px_s"": 0.0, ""target_age_s"": null, ""lidar_min_m"": 0.68, ""target_lidar_m"": null, ""target_lidar_deg"": null, ""camera_range_m"""
2026-07-18T15:46:57.959,2936.959,mission_20260718_145801_manual,MANUAL,,0,13.330286026000977,100.99791717529297,149.97543598368574,4,True,0.6899999976158142,1,0,0,-1,0,0.0,0.0,0.0,0,0,nan,nan,nan,73,26.100000381469727,0.0,36.0,0,27,-,READY owner=Put1 refs=24,"{""cmd"": ""STOP"", ""status"": ""READY"", ""detector"": ""yolo"", ""state"": ""IDLE"", ""owner"": ""Put1"", ""score"": null, ""match_max"": 0.5, ""refs"": 24, ""match_mode"": ""none"", ""steer_zones"": 41, ""people"": 0, ""track_id"": null, ""target_ex"": 0.0, ""target_cx_vel_px_s"": 0.0, ""target_age_s"": null, ""lidar_min_m"": 0.68, ""target_lidar_m"": null, ""target_lidar_deg"": null, ""camera_range_m"""
2026-07-18T15:47:00.058,2939.059,mission_20260718_145801_manual,MANUAL,,0,13.33028507232666,100.99791717529297,149.9721165117491,4,True,0.6909999847412109,1,0,0,-1,0,0.0,0.0,0.0,0,0,nan,nan,nan,73,26.100000381469727,0.0,36.0,0,27,-,READY owner=Put1 refs=24,"{""cmd"": ""STOP"", ""status"": ""READY"", ""detector"": ""yolo"", ""state"": ""IDLE"", ""owner"": ""Put1"", ""score"": null, ""match_max"": 0.5, ""refs"": 24, ""match_mode"": ""none"", ""steer_zones"": 41, ""people"": 0, ""track_id"": null, ""target_ex"": 0.0, ""target_cx_vel_px_s"": 0.0, ""target_age_s"": null, ""lidar_min_m"": 0.68, ""target_lidar_m"": null, ""target_lidar_deg"": null, ""camera_range_m"""
2026-07-18T15:47:02.136,2941.137,mission_20260718_145801_manual,MANUAL,,0,13.330284118652344,100.99791717529297,149.97629658752118,4,True,0.6892499923706055,1,0,0,-1,0,0.0,0.0,0.0,0,0,nan,nan,nan,73,26.100000381469727,0.0,36.0,0,28,-,READY owner=Put1 refs=24,"{""cmd"": ""STOP"", ""status"": ""READY"", ""detector"": ""yolo"", ""state"": ""IDLE"", ""owner"": ""Put1"", ""score"": null, ""match_max"": 0.5, ""refs"": 24, ""match_mode"": ""none"", ""steer_zones"": 41, ""people"": 0, ""track_id"": null, ""target_ex"": 0.0, ""target_cx_vel_px_s"": 0.0, ""target_age_s"": null, ""lidar_min_m"": 0.68, ""target_lidar_m"": null, ""target_lidar_deg"": null, ""camera_range_m"""
2026-07-18T15:47:04.213,2943.213,mission_20260718_145801_manual,MANUAL,,0,13.330283164978027,100.99791717529297,149.99111809802008,4,True,0.6919999718666077,1,0,0,-1,0,0.0,0.0,0.0,0,0,nan,nan,nan,73,26.100000381469727,0.0,36.0,0,27,-,READY owner=Put1 refs=24,"{""cmd"": ""STOP"", ""status"": ""READY"", ""detector"": ""yolo"", ""state"": ""IDLE"", ""owner"": ""Put1"", ""score"": null, ""match_max"": 0.5, ""refs"": 24, ""match_mode"": ""none"", ""steer_zones"": 41, ""people"": 0, ""track_id"": null, ""target_ex"": 0.0, ""target_cx_vel_px_s"": 0.0, ""target_age_s"": null, ""lidar_min_m"": 0.68, ""target_lidar_m"": null, ""target_lidar_deg"": null, ""camera_range_m"""
2026-07-18T15:47:06.287,2945.287,mission_20260718_145801_manual,MANUAL,,0,13.330283164978027,100.99791717529297,150.00326217436438,4,True,0.6875,1,0,0,-1,0,0.0,0.0,0.0,0,0,nan,nan,nan,73,26.100000381469727,0.0,36.0,0,27,-,READY owner=Put1 refs=24,"{""cmd"": ""STOP"", ""status"": ""READY"", ""detector"": ""yolo"", ""state"": ""IDLE"", ""owner"": ""Put1"", ""score"": null, ""match_max"": 0.5, ""refs"": 24, ""match_mode"": ""none"", ""steer_zones"": 41, ""people"": 0, ""track_id"": null, ""target_ex"": 0.0, ""target_cx_vel_px_s"": 0.0, ""target_age_s"": null, ""lidar_min_m"": 0.68, ""target_lidar_m"": null, ""target_lidar_deg"": null, ""camera_range_m"""
2026-07-18T15:47:08.355,2947.355,mission_20260718_145801_manual,MANUAL,,0,13.330282211303711,100.99791717529297,150.00246987242065,4,True,0.6912500262260437,1,0,0,-1,0,0.0,0.0,0.0,0,0,nan,nan,nan,73,26.100000381469727,0.0,36.0,0,27,-,READY owner=Put1 refs=24,"{""cmd"": ""STOP"", ""status"": ""READY"", ""detector"": ""yolo"", ""state"": ""IDLE"", ""owner"": ""Put1"", ""score"": null, ""match_max"": 0.5, ""refs"": 24, ""match_mode"": ""none"", ""steer_zones"": 41, ""people"": 0, ""track_id"": null, ""target_ex"": 0.0, ""target_cx_vel_px_s"": 0.0, ""target_age_s"": null, ""lidar_min_m"": 0.68, ""target_lidar_m"": null, ""target_lidar_deg"": null, ""camera_range_m"""
2026-07-18T15:47:10.436,2949.437,mission_20260718_145801_manual,MANUAL,,0,13.330281257629395,100.99791717529297,150.00277040074414,4,True,0.690750002861023,1,0,0,-1,0,0.0,0.0,0.0,0,0,nan,nan,nan,73,26.100000381469727,0.0,36.0,0,27,-,READY owner=Put1 refs=24,"{""cmd"": ""STOP"", ""status"": ""READY"", ""detector"": ""yolo"", ""state"": ""IDLE"", ""owner"": ""Put1"", ""score"": null, ""match_max"": 0.5, ""refs"": 24, ""match_mode"": ""none"", ""steer_zones"": 41, ""people"": 0, ""track_id"": null, ""target_ex"": 0.0, ""target_cx_vel_px_s"": 0.0, ""target_age_s"": null, ""lidar_min_m"": 0.68, ""target_lidar_m"": null, ""target_lidar_deg"": null, ""camera_range_m"""
2026-07-18T15:47:12.500,2951.501,mission_20260718_145801_manual,MANUAL,,0,13.330282211303711,100.99791717529297,149.99594021157412,4,True,0.690500020980835,1,0,0,-1,0,0.0,0.0,0.0,0,0,nan,nan,nan,73,26.100000381469727,0.0,36.0,0,27,-,READY owner=Put1 refs=24,"{""cmd"": ""STOP"", ""status"": ""READY"", ""detector"": ""yolo"", ""state"": ""IDLE"", ""owner"": ""Put1"", ""score"": null, ""match_max"": 0.5, ""refs"": 24, ""match_mode"": ""none"", ""steer_zones"": 41, ""people"": 0, ""track_id"": null, ""target_ex"": 0.0, ""target_cx_vel_px_s"": 0.0, ""target_age_s"": null, ""lidar_min_m"": 0.68, ""target_lidar_m"": null, ""target_lidar_deg"": null, ""camera_range_m"""
2026-07-18T15:47:14.590,2953.591,mission_20260718_145801_manual,MANUAL,,0,13.330281257629395,100.99791717529297,149.9876073807867,4,True,0.6899999976158142,1,0,0,-1,0,0.0,0.0,0.0,0,0,nan,nan,nan,73,26.100000381469727,0.0,36.0,0,27,-,READY owner=Put1 refs=24,"{""cmd"": ""STOP"", ""status"": ""READY"", ""detector"": ""yolo"", ""state"": ""IDLE"", ""owner"": ""Put1"", ""score"": null, ""match_max"": 0.5, ""refs"": 24, ""match_mode"": ""none"", ""steer_zones"": 41, ""people"": 0, ""track_id"": null, ""target_ex"": 0.0, ""target_cx_vel_px_s"": 0.0, ""target_age_s"": null, ""lidar_min_m"": 0.68, ""target_lidar_m"": null, ""target_lidar_deg"": null, ""camera_range_m"""
2026-07-18T15:47:16.674,2955.675,mission_20260718_145801_manual,MANUAL,,0,13.330280303955078,100.99791717529297,150.00524292922367,4,True,0.690500020980835,1,0,0,-1,0,0.0,0.0,0.0,0,0,nan,nan,nan,73,26.100000381469727,0.0,36.0,0,28,-,READY owner=Put1 refs=24,"{""cmd"": ""STOP"", ""status"": ""READY"", ""detector"": ""yolo"", ""state"": ""IDLE"", ""owner"": ""Put1"", ""score"": null, ""match_max"": 0.5, ""refs"": 24, ""match_mode"": ""none"", ""steer_zones"": 41, ""people"": 0, ""track_id"": null, ""target_ex"": 0.0, ""target_cx_vel_px_s"": 0.0, ""target_age_s"": null, ""lidar_min_m"": 0.68, ""target_lidar_m"": null, ""target_lidar_deg"": null, ""camera_range_m"""
2026-07-18T15:47:18.735,2957.736,mission_20260718_145801_manual,MANUAL,,0,13.330279350280762,100.99791717529297,150.01449100535987,4,True,0.6880000233650208,1,0,0,-1,0,0.0,0.0,0.0,0,0,nan,nan,nan,73,26.100000381469727,0.0,36.0,0,28,-,READY owner=Put1 refs=24,"{""cmd"": ""STOP"", ""status"": ""READY"", ""detector"": ""yolo"", ""state"": ""IDLE"", ""owner"": ""Put1"", ""score"": null, ""match_max"": 0.5, ""refs"": 24, ""match_mode"": ""none"", ""steer_zones"": 41, ""people"": 0, ""track_id"": null, ""target_ex"": 0.0, ""target_cx_vel_px_s"": 0.0, ""target_age_s"": null, ""lidar_min_m"": 0.68, ""target_lidar_m"": null, ""target_lidar_deg"": null, ""camera_range_m"""
2026-07-18T15:47:20.827,2959.828,mission_20260718_145801_manual,MANUAL,,0,13.330279350280762,100.99791717529297,150.01184089196192,4,True,0.6930000185966492,1,0,0,-1,0,0.0,0.0,0.0,0,0,nan,nan,nan,73,26.100000381469727,0.0,36.0,0,28,-,READY owner=Put1 refs=24,"{""cmd"": ""STOP"", ""status"": ""READY"", ""detector"": ""yolo"", ""state"": ""IDLE"", ""owner"": ""Put1"", ""score"": null, ""match_max"": 0.5, ""refs"": 24, ""match_mode"": ""none"", ""steer_zones"": 41, ""people"": 0, ""track_id"": null, ""target_ex"": 0.0, ""target_cx_vel_px_s"": 0.0, ""target_age_s"": null, ""lidar_min_m"": 0.68, ""target_lidar_m"": null, ""target_lidar_deg"": null, ""camera_range_m"""
2026-07-18T15:47:22.892,2961.892,mission_20260718_145801_manual,MANUAL,,0,13.330279350280762,100.99791717529297,150.0097918352109,4,True,0.6902499794960022,1,0,0,-1,0,0.0,0.0,0.0,0,0,nan,nan,nan,73,26.100000381469727,0.0,36.0,0,28,-,READY owner=Put1 refs=24,"{""cmd"": ""STOP"", ""status"": ""READY"", ""detector"": ""yolo"", ""state"": ""IDLE"", ""owner"": ""Put1"", ""score"": null, ""match_max"": 0.5, ""refs"": 24, ""match_mode"": ""none"", ""steer_zones"": 41, ""people"": 0, ""track_id"": null, ""target_ex"": 0.0, ""target_cx_vel_px_s"": 0.0, ""target_age_s"": null, ""lidar_min_m"": 0.68, ""target_lidar_m"": null, ""target_lidar_deg"": null, ""camera_range_m"""
2026-07-18T15:47:24.980,2963.98,mission_20260718_145801_manual,MANUAL,,0,13.330279350280762,100.99791717529297,149.9983171174053,4,True,0.690500020980835,1,0,0,-1,0,0.0,0.0,0.0,0,0,nan,nan,nan,73,26.100000381469727,0.0,36.0,0,28,-,READY owner=Put1 refs=24,"{""cmd"": ""STOP"", ""status"": ""READY"", ""detector"": ""yolo"", ""state"": ""IDLE"", ""owner"": ""Put1"", ""score"": null, ""match_max"": 0.5, ""refs"": 24, ""match_mode"": ""none"", ""steer_zones"": 41, ""people"": 0, ""track_id"": null, ""target_ex"": 0.0, ""target_cx_vel_px_s"": 0.0, ""target_age_s"": null, ""lidar_min_m"": 0.68, ""target_lidar_m"": null, ""target_lidar_deg"": null, ""camera_range_m"""
2026-07-18T15:47:27.047,2966.047,mission_20260718_145801_manual,MANUAL,,0,13.330278396606445,100.99791717529297,149.99135032445187,4,True,0.6930000185966492,1,0,0,-1,0,0.0,0.0,0.0,0,0,nan,nan,nan,73,26.100000381469727,0.0,36.0,0,28,-,READY owner=Put1 refs=24,"{""cmd"": ""STOP"", ""status"": ""READY"", ""detector"": ""yolo"", ""state"": ""IDLE"", ""owner"": ""Put1"", ""score"": null, ""match_max"": 0.5, ""refs"": 24, ""match_mode"": ""none"", ""steer_zones"": 41, ""people"": 0, ""track_id"": null, ""target_ex"": 0.0, ""target_cx_vel_px_s"": 0.0, ""target_age_s"": null, ""lidar_min_m"": 0.68, ""target_lidar_m"": null, ""target_lidar_deg"": null, ""camera_range_m"""
2026-07-18T15:47:29.131,2968.131,mission_20260718_145801_manual,MANUAL,,0,13.330276489257812,100.99791717529297,149.9958309285474,4,True,0.6915000081062317,1,0,0,-1,0,0.0,0.0,0.0,0,0,nan,nan,nan,73,26.100000381469727,0.0,36.0,0,26,-,READY owner=Put1 refs=24,"{""cmd"": ""STOP"", ""status"": ""READY"", ""detector"": ""yolo"", ""state"": ""IDLE"", ""owner"": ""Put1"", ""score"": null, ""match_max"": 0.5, ""refs"": 24, ""match_mode"": ""none"", ""steer_zones"": 41, ""people"": 0, ""track_id"": null, ""target_ex"": 0.0, ""target_cx_vel_px_s"": 0.0, ""target_age_s"": null, ""lidar_min_m"": 0.68, ""target_lidar_m"": null, ""target_lidar_deg"": null, ""camera_range_m"""
2026-07-18T15:47:31.209,2970.209,mission_20260718_145801_manual,MANUAL,,0,13.330275535583496,100.99791717529297,149.99475175865854,4,True,0.6892499923706055,1,0,0,-1,0,0.0,0.0,0.0,0,0,nan,nan,nan,73,26.100000381469727,0.0,36.0,0,26,-,READY owner=Put1 refs=24,"{""cmd"": ""STOP"", ""status"": ""READY"", ""detector"": ""yolo"", ""state"": ""IDLE"", ""owner"": ""Put1"", ""score"": null, ""match_max"": 0.5, ""refs"": 24, ""match_mode"": ""none"", ""steer_zones"": 41, ""people"": 0, ""track_id"": null, ""target_ex"": 0.0, ""target_cx_vel_px_s"": 0.0, ""target_age_s"": null, ""lidar_min_m"": 0.68, ""target_lidar_m"": null, ""target_lidar_deg"": null, ""camera_range_m"""
2026-07-18T15:47:33.295,2972.295,mission_20260718_145801_manual,MANUAL,,0,13.330275535583496,100.99791717529297,149.9944648907134,4,True,0.6884999871253967,1,0,0,-1,0,0.0,0.0,0.0,0,0,nan,nan,nan,73,26.100000381469727,0.0,36.0,0,25,-,READY owner=Put1 refs=24,"{""cmd"": ""STOP"", ""status"": ""READY"", ""detector"": ""yolo"", ""state"": ""IDLE"", ""owner"": ""Put1"", ""score"": null, ""match_max"": 0.5, ""refs"": 24, ""match_mode"": ""none"", ""steer_zones"": 41, ""people"": 0, ""track_id"": null, ""target_ex"": 0.0, ""target_cx_vel_px_s"": 0.0, ""target_age_s"": null, ""lidar_min_m"": 0.68, ""target_lidar_m"": null, ""target_lidar_deg"": null, ""camera_range_m"""
2026-07-18T15:47:35.403,2974.404,mission_20260718_145801_manual,MANUAL,,0,13.330275535583496,100.99791717529297,150.00318021209432,4,True,0.6890000104904175,1,0,0,-1,0,0.0,0.0,0.0,0,0,nan,nan,nan,73,26.100000381469727,0.0,36.0,0,27,-,READY owner=Put1 refs=24,"{""cmd"": ""STOP"", ""status"": ""READY"", ""detector"": ""yolo"", ""state"": ""IDLE"", ""owner"": ""Put1"", ""score"": null, ""match_max"": 0.5, ""refs"": 24, ""match_mode"": ""none"", ""steer_zones"": 41, ""people"": 0, ""track_id"": null, ""target_ex"": 0.0, ""target_cx_vel_px_s"": 0.0, ""target_age_s"": null, ""lidar_min_m"": 0.68, ""target_lidar_m"": null, ""target_lidar_deg"": null, ""camera_range_m"""
2026-07-18T15:47:37.505,2976.506,mission_20260718_145801_manual,MANUAL,,0,13.330275535583496,100.99791717529297,150.00909515591556,4,True,0.6902499794960022,1,0,0,-1,0,0.0,0.0,0.0,0,0,nan,nan,nan,73,26.100000381469727,0.0,36.0,0,27,-,READY owner=Put1 refs=24,"{""cmd"": ""STOP"", ""status"": ""READY"", ""detector"": ""yolo"", ""state"": ""IDLE"", ""owner"": ""Put1"", ""score"": null, ""match_max"": 0.5, ""refs"": 24, ""match_mode"": ""none"", ""steer_zones"": 41, ""people"": 0, ""track_id"": null, ""target_ex"": 0.0, ""target_cx_vel_px_s"": 0.0, ""target_age_s"": null, ""lidar_min_m"": 0.68, ""target_lidar_m"": null, ""target_lidar_deg"": null, ""camera_range_m"""
2026-07-18T15:47:39.587,2978.587,mission_20260718_145801_manual,MANUAL,,0,13.330275535583496,100.99790954589844,150.00066670247978,4,True,0.690500020980835,1,0,0,-1,0,0.0,0.0,0.0,0,0,nan,nan,nan,73,26.100000381469727,0.0,36.0,0,26,-,READY owner=Put1 refs=24,"{""cmd"": ""STOP"", ""status"": ""READY"", ""detector"": ""yolo"", ""state"": ""IDLE"", ""owner"": ""Put1"", ""score"": null, ""match_max"": 0.5, ""refs"": 24, ""match_mode"": ""none"", ""steer_zones"": 41, ""people"": 0, ""track_id"": null, ""target_ex"": 0.0, ""target_cx_vel_px_s"": 0.0, ""target_age_s"": null, ""lidar_min_m"": 0.68, ""target_lidar_m"": null, ""target_lidar_deg"": null, ""camera_range_m"""
2026-07-18T15:47:41.656,2980.657,mission_20260718_145801_manual,MANUAL,,0,13.33027458190918,100.99790954589844,149.99574896627735,4,True,0.6897500157356262,1,0,0,-1,0,0.0,0.0,0.0,0,0,nan,nan,nan,73,26.100000381469727,0.0,36.0,0,26,-,READY owner=Put1 refs=24,"{""cmd"": ""STOP"", ""status"": ""READY"", ""detector"": ""yolo"", ""state"": ""IDLE"", ""owner"": ""Put1"", ""score"": null, ""match_max"": 0.5, ""refs"": 24, ""match_mode"": ""none"", ""steer_zones"": 41, ""people"": 0, ""track_id"": null, ""target_ex"": 0.0, ""target_cx_vel_px_s"": 0.0, ""target_age_s"": null, ""lidar_min_m"": 0.68, ""target_lidar_m"": null, ""target_lidar_deg"": null, ""camera_range_m"""
2026-07-18T15:47:43.724,2982.725,mission_20260718_145801_manual,MANUAL,,0,13.33027458190918,100.99790954589844,149.99094051310166,4,True,0.6902499794960022,1,0,0,-1,0,0.0,0.0,0.0,0,0,nan,nan,nan,73,26.100000381469727,0.0,36.0,0,26,-,READY owner=Put1 refs=24,"{""cmd"": ""STOP"", ""status"": ""READY"", ""detector"": ""yolo"", ""state"": ""IDLE"", ""owner"": ""Put1"", ""score"": null, ""match_max"": 0.5, ""refs"": 24, ""match_mode"": ""none"", ""steer_zones"": 41, ""people"": 0, ""track_id"": null, ""target_ex"": 0.0, ""target_cx_vel_px_s"": 0.0, ""target_age_s"": null, ""lidar_min_m"": 0.68, ""target_lidar_m"": null, ""target_lidar_deg"": null, ""camera_range_m"""
2026-07-18T15:47:45.783,2984.784,mission_20260718_145801_manual,MANUAL,,0,13.330276489257812,100.99790954589844,149.98051764442823,4,True,0.6917499899864197,1,0,0,-1,0,0.0,0.0,0.0,0,0,nan,nan,nan,73,26.100000381469727,0.0,36.0,0,27,-,READY owner=Put1 refs=24,"{""cmd"": ""STOP"", ""status"": ""READY"", ""detector"": ""yolo"", ""state"": ""IDLE"", ""owner"": ""Put1"", ""score"": null, ""match_max"": 0.5, ""refs"": 24, ""match_mode"": ""none"", ""steer_zones"": 41, ""people"": 0, ""track_id"": null, ""target_ex"": 0.0, ""target_cx_vel_px_s"": 0.0, ""target_age_s"": null, ""lidar_min_m"": 0.68, ""target_lidar_m"": null, ""target_lidar_deg"": null, ""camera_range_m"""
2026-07-18T15:47:47.866,2986.866,mission_20260718_145801_manual,MANUAL,,0,13.330277442932129,100.99790954589844,149.99283930569092,4,True,0.6927499771118164,1,0,0,-1,0,0.0,0.0,0.0,0,0,nan,nan,nan,73,26.100000381469727,0.0,36.0,0,27,-,READY owner=Put1 refs=24,"{""cmd"": ""STOP"", ""status"": ""READY"", ""detector"": ""yolo"", ""state"": ""IDLE"", ""owner"": ""Put1"", ""score"": null, ""match_max"": 0.5, ""refs"": 24, ""match_mode"": ""none"", ""steer_zones"": 41, ""people"": 0, ""track_id"": null, ""target_ex"": 0.0, ""target_cx_vel_px_s"": 0.0, ""target_age_s"": null, ""lidar_min_m"": 0.68, ""target_lidar_m"": null, ""target_lidar_deg"": null, ""camera_range_m"""
2026-07-18T15:47:49.885,2988.885,mission_20260718_145801_manual,MANUAL,,0,13.330277442932129,100.99790954589844,149.98312677669117,4,True,0.690750002861023,1,0,0,-1,0,0.0,0.0,0.0,0,0,nan,nan,nan,73,26.100000381469727,0.0,36.0,0,28,-,READY owner=Put1 refs=24,"{""cmd"": ""STOP"", ""status"": ""READY"", ""detector"": ""yolo"", ""state"": ""IDLE"", ""owner"": ""Put1"", ""score"": null, ""match_max"": 0.5, ""refs"": 24, ""match_mode"": ""none"", ""steer_zones"": 41, ""people"": 0, ""track_id"": null, ""target_ex"": 0.0, ""target_cx_vel_px_s"": 0.0, ""target_age_s"": null, ""lidar_min_m"": 0.68, ""target_lidar_m"": null, ""target_lidar_deg"": null, ""camera_range_m"""
2026-07-18T15:47:51.972,2990.973,mission_20260718_145801_manual,MANUAL,,0,13.330278396606445,100.99790954589844,149.97732111589667,4,True,0.6882500052452087,1,0,0,-1,0,0.0,0.0,0.0,0,0,nan,nan,nan,73,26.100000381469727,0.0,36.0,0,28,-,READY owner=Put1 refs=24,"{""cmd"": ""STOP"", ""status"": ""READY"", ""detector"": ""yolo"", ""state"": ""IDLE"", ""owner"": ""Put1"", ""score"": null, ""match_max"": 0.5, ""refs"": 24, ""match_mode"": ""none"", ""steer_zones"": 41, ""people"": 0, ""track_id"": null, ""target_ex"": 0.0, ""target_cx_vel_px_s"": 0.0, ""target_age_s"": null, ""lidar_min_m"": 0.68, ""target_lidar_m"": null, ""target_lidar_deg"": null, ""camera_range_m"""
2026-07-18T15:47:54.059,2993.06,mission_20260718_145801_manual,MANUAL,,0,13.330279350280762,100.99790954589844,149.96506775652566,4,True,0.6912500262260437,1,0,0,-1,0,0.0,0.0,0.0,0,0,nan,nan,nan,73,26.100000381469727,0.0,36.0,0,28,-,READY owner=Put1 refs=24,"{""cmd"": ""STOP"", ""status"": ""READY"", ""detector"": ""yolo"", ""state"": ""IDLE"", ""owner"": ""Put1"", ""score"": null, ""match_max"": 0.5, ""refs"": 24, ""match_mode"": ""none"", ""steer_zones"": 41, ""people"": 0, ""track_id"": null, ""target_ex"": 0.0, ""target_cx_vel_px_s"": 0.0, ""target_age_s"": null, ""lidar_min_m"": 0.68, ""target_lidar_m"": null, ""target_lidar_deg"": null, ""camera_range_m"""
2026-07-18T15:47:56.155,2995.155,mission_20260718_145801_manual,MANUAL,,0,13.330280303955078,100.99790954589844,149.96957568137788,4,True,0.6922500133514404,1,0,0,-1,0,0.0,0.0,0.0,0,0,nan,nan,nan,73,26.100000381469727,0.0,36.0,0,28,-,READY owner=Put1 refs=24,"{""cmd"": ""STOP"", ""status"": ""READY"", ""detector"": ""yolo"", ""state"": ""IDLE"", ""owner"": ""Put1"", ""score"": null, ""match_max"": 0.5, ""refs"": 24, ""match_mode"": ""none"", ""steer_zones"": 41, ""people"": 0, ""track_id"": null, ""target_ex"": 0.0, ""target_cx_vel_px_s"": 0.0, ""target_age_s"": null, ""lidar_min_m"": 0.68, ""target_lidar_m"": null, ""target_lidar_deg"": null, ""camera_range_m"""
2026-07-18T15:47:58.237,2997.237,mission_20260718_145801_manual,MANUAL,,0,13.330283164978027,100.99790954589844,149.97408360623007,4,True,0.690750002861023,1,0,0,-1,0,0.0,0.0,0.0,0,0,nan,nan,nan,73,26.100000381469727,0.0,36.0,0,29,-,READY owner=Put1 refs=24,"{""cmd"": ""STOP"", ""status"": ""READY"", ""detector"": ""yolo"", ""state"": ""IDLE"", ""owner"": ""Put1"", ""score"": null, ""match_max"": 0.5, ""refs"": 24, ""match_mode"": ""none"", ""steer_zones"": 41, ""people"": 0, ""track_id"": null, ""target_ex"": 0.0, ""target_cx_vel_px_s"": 0.0, ""target_age_s"": null, ""lidar_min_m"": 0.68, ""target_lidar_m"": null, ""target_lidar_deg"": null, ""camera_range_m"""
2026-07-18T15:48:00.326,2999.326,mission_20260718_145801_manual,MANUAL,,0,13.330286979675293,100.99790954589844,149.96512239803903,4,True,0.6880000233650208,1,0,0,-1,0,0.0,0.0,0.0,0,0,nan,nan,nan,73,26.100000381469727,0.0,36.0,0,29,-,READY owner=Put1 refs=24,"{""cmd"": ""STOP"", ""status"": ""READY"", ""detector"": ""yolo"", ""state"": ""IDLE"", ""owner"": ""Put1"", ""score"": null, ""match_max"": 0.5, ""refs"": 24, ""match_mode"": ""none"", ""steer_zones"": 41, ""people"": 0, ""track_id"": null, ""target_ex"": 0.0, ""target_cx_vel_px_s"": 0.0, ""target_age_s"": null, ""lidar_min_m"": 0.68, ""target_lidar_m"": null, ""target_lidar_deg"": null, ""camera_range_m"""
2026-07-18T15:48:02.403,3001.403,mission_20260718_145801_manual,MANUAL,,0,13.330289840698242,100.99790954589844,149.95983583162143,4,True,0.6890000104904175,1,0,0,-1,0,0.0,0.0,0.0,0,0,nan,nan,nan,73,26.100000381469727,0.0,36.0,0,29,-,READY owner=Put1 refs=24,"{""cmd"": ""STOP"", ""status"": ""READY"", ""detector"": ""yolo"", ""state"": ""IDLE"", ""owner"": ""Put1"", ""score"": null, ""match_max"": 0.5, ""refs"": 24, ""match_mode"": ""none"", ""steer_zones"": 41, ""people"": 0, ""track_id"": null, ""target_ex"": 0.0, ""target_cx_vel_px_s"": 0.0, ""target_age_s"": null, ""lidar_min_m"": 0.68, ""target_lidar_m"": null, ""target_lidar_deg"": null, ""camera_range_m"""
2026-07-18T15:48:04.463,3003.464,mission_20260718_145801_manual,MANUAL,,0,13.330293655395508,100.99790954589844,149.96932979456776,4,True,0.6892499923706055,1,0,0,-1,0,0.0,0.0,0.0,0,0,nan,nan,nan,73,26.100000381469727,0.0,36.0,0,29,-,READY owner=Put1 refs=24,"{""cmd"": ""STOP"", ""status"": ""READY"", ""detector"": ""yolo"", ""state"": ""IDLE"", ""owner"": ""Put1"", ""score"": null, ""match_max"": 0.5, ""refs"": 24, ""match_mode"": ""none"", ""steer_zones"": 41, ""people"": 0, ""track_id"": null, ""target_ex"": 0.0, ""target_cx_vel_px_s"": 0.0, ""target_age_s"": null, ""lidar_min_m"": 0.68, ""target_lidar_m"": null, ""target_lidar_deg"": null, ""camera_range_m"""
2026-07-18T15:48:06.536,3005.537,mission_20260718_145801_manual,MANUAL,,0,13.33029556274414,100.99790954589844,149.9652863225791,4,True,0.6894999742507935,1,0,0,-1,0,0.0,0.0,0.0,0,0,nan,nan,nan,73,26.100000381469727,0.0,36.0,0,30,-,READY owner=Put1 refs=24,"{""cmd"": ""STOP"", ""status"": ""READY"", ""detector"": ""yolo"", ""state"": ""IDLE"", ""owner"": ""Put1"", ""score"": null, ""match_max"": 0.5, ""refs"": 24, ""match_mode"": ""none"", ""steer_zones"": 41, ""people"": 0, ""track_id"": null, ""target_ex"": 0.0, ""target_cx_vel_px_s"": 0.0, ""target_age_s"": null, ""lidar_min_m"": 0.68, ""target_lidar_m"": null, ""target_lidar_deg"": null, ""camera_range_m"""
2026-07-18T15:48:08.630,3007.63,mission_20260718_145801_manual,MANUAL,,0,13.330297470092773,100.99790954589844,149.9662698698196,4,True,0.6887500286102295,1,0,0,-1,0,0.0,0.0,0.0,0,0,nan,nan,nan,73,26.100000381469727,0.0,36.0,0,29,-,READY owner=Put1 refs=24,"{""cmd"": ""STOP"", ""status"": ""READY"", ""detector"": ""yolo"", ""state"": ""IDLE"", ""owner"": ""Put1"", ""score"": null, ""match_max"": 0.5, ""refs"": 24, ""match_mode"": ""none"", ""steer_zones"": 41, ""people"": 0, ""track_id"": null, ""target_ex"": 0.0, ""target_cx_vel_px_s"": 0.0, ""target_age_s"": null, ""lidar_min_m"": 0.68, ""target_lidar_m"": null, ""target_lidar_deg"": null, ""camera_range_m"""
2026-07-18T15:48:10.715,3009.715,mission_20260718_145801_manual,MANUAL,,0,13.330300331115723,100.99790954589844,149.96902926624426,4,True,0.6884999871253967,1,0,0,-1,0,0.0,0.0,0.0,0,0,nan,nan,nan,73,26.100000381469727,0.0,36.0,0,29,-,READY owner=Put1 refs=24,"{""cmd"": ""STOP"", ""status"": ""READY"", ""detector"": ""yolo"", ""state"": ""IDLE"", ""owner"": ""Put1"", ""score"": null, ""match_max"": 0.5, ""refs"": 24, ""match_mode"": ""none"", ""steer_zones"": 41, ""people"": 0, ""track_id"": null, ""target_ex"": 0.0, ""target_cx_vel_px_s"": 0.0, ""target_age_s"": null, ""lidar_min_m"": 0.68, ""target_lidar_m"": null, ""target_lidar_deg"": null, ""camera_range_m"""
2026-07-18T15:48:12.790,3011.791,mission_20260718_145801_manual,MANUAL,,0,13.330302238464355,100.99790954589844,149.96183024685908,4,True,0.6917499899864197,1,0,0,-1,0,0.0,0.0,0.0,0,0,nan,nan,nan,73,26.100000381469727,0.0,36.0,0,29,-,READY owner=Put1 refs=24,"{""cmd"": ""STOP"", ""status"": ""READY"", ""detector"": ""yolo"", ""state"": ""IDLE"", ""owner"": ""Put1"", ""score"": null, ""match_max"": 0.5, ""refs"": 24, ""match_mode"": ""none"", ""steer_zones"": 41, ""people"": 0, ""track_id"": null, ""target_ex"": 0.0, ""target_cx_vel_px_s"": 0.0, ""target_age_s"": null, ""lidar_min_m"": 0.68, ""target_lidar_m"": null, ""target_lidar_deg"": null, ""camera_range_m"""
2026-07-18T15:48:14.858,3013.859,mission_20260718_145801_manual,MANUAL,,0,13.330304145812988,100.99790954589844,149.96570979430766,4,True,0.6894999742507935,1,0,0,-1,0,0.0,0.0,0.0,0,0,nan,nan,nan,73,26.100000381469727,0.0,36.0,0,29,-,READY owner=Put1 refs=24,"{""cmd"": ""STOP"", ""status"": ""READY"", ""detector"": ""yolo"", ""state"": ""IDLE"", ""owner"": ""Put1"", ""score"": null, ""match_max"": 0.5, ""refs"": 24, ""match_mode"": ""none"", ""steer_zones"": 41, ""people"": 0, ""track_id"": null, ""target_ex"": 0.0, ""target_cx_vel_px_s"": 0.0, ""target_age_s"": null, ""lidar_min_m"": 0.68, ""target_lidar_m"": null, ""target_lidar_deg"": null, ""camera_range_m"""
2026-07-18T15:48:16.943,3015.944,mission_20260718_145801_manual,MANUAL,,0,13.330305099487305,100.99791717529297,149.9643300960953,4,True,0.6894999742507935,1,0,0,-1,0,0.0,0.0,0.0,0,0,nan,nan,nan,73,26.100000381469727,0.0,36.0,0,29,-,READY owner=Put1 refs=24,"{""cmd"": ""STOP"", ""status"": ""READY"", ""detector"": ""yolo"", ""state"": ""IDLE"", ""owner"": ""Put1"", ""score"": null, ""match_max"": 0.5, ""refs"": 24, ""match_mode"": ""none"", ""steer_zones"": 41, ""people"": 0, ""track_id"": null, ""target_ex"": 0.0, ""target_cx_vel_px_s"": 0.0, ""target_age_s"": null, ""lidar_min_m"": 0.68, ""target_lidar_m"": null, ""target_lidar_deg"": null, ""camera_range_m"""
2026-07-18T15:48:19.008,3018.009,mission_20260718_145801_manual,MANUAL,,0,13.330306053161621,100.99790954589844,149.98763470154339,4,True,0.6887500286102295,1,0,0,-1,0,0.0,0.0,0.0,0,0,nan,nan,nan,73,26.100000381469727,0.0,36.0,0,29,-,READY owner=Put1 refs=24,"{""cmd"": ""STOP"", ""status"": ""READY"", ""detector"": ""yolo"", ""state"": ""IDLE"", ""owner"": ""Put1"", ""score"": null, ""match_max"": 0.5, ""refs"": 24, ""match_mode"": ""none"", ""steer_zones"": 41, ""people"": 0, ""track_id"": null, ""target_ex"": 0.0, ""target_cx_vel_px_s"": 0.0, ""target_age_s"": null, ""lidar_min_m"": 0.68, ""target_lidar_m"": null, ""target_lidar_deg"": null, ""camera_range_m"""
2026-07-18T15:48:21.089,3020.09,mission_20260718_145801_manual,MANUAL,,0,13.330307006835938,100.99791717529297,149.99457417374012,4,True,0.6894999742507935,1,0,0,-1,0,0.0,0.0,0.0,0,0,nan,nan,nan,73,26.100000381469727,0.0,36.0,0,29,-,READY owner=Put1 refs=24,"{""cmd"": ""STOP"", ""status"": ""READY"", ""detector"": ""yolo"", ""state"": ""IDLE"", ""owner"": ""Put1"", ""score"": null, ""match_max"": 0.5, ""refs"": 24, ""match_mode"": ""none"", ""steer_zones"": 41, ""people"": 0, ""track_id"": null, ""target_ex"": 0.0, ""target_cx_vel_px_s"": 0.0, ""target_age_s"": null, ""lidar_min_m"": 0.68, ""target_lidar_m"": null, ""target_lidar_deg"": null, ""camera_range_m"""
2026-07-18T15:48:23.185,3022.186,mission_20260718_145801_manual,MANUAL,,0,13.330307006835938,100.99791717529297,149.99085855083163,4,True,0.6884999871253967,1,0,0,-1,0,0.0,0.0,0.0,0,0,nan,nan,nan,73,26.100000381469727,0.0,36.0,0,29,-,READY owner=Put1 refs=24,"{""cmd"": ""STOP"", ""status"": ""READY"", ""detector"": ""yolo"", ""state"": ""IDLE"", ""owner"": ""Put1"", ""score"": null, ""match_max"": 0.5, ""refs"": 24, ""match_mode"": ""none"", ""steer_zones"": 41, ""people"": 0, ""track_id"": null, ""target_ex"": 0.0, ""target_cx_vel_px_s"": 0.0, ""target_age_s"": null, ""lidar_min_m"": 0.68, ""target_lidar_m"": null, ""target_lidar_deg"": null, ""camera_range_m"""
2026-07-18T15:48:25.247,3024.248,mission_20260718_145801_manual,MANUAL,,0,13.330307006835938,100.99791717529297,149.99365892839134,4,True,0.6915000081062317,1,0,0,-1,0,0.0,0.0,0.0,0,0,nan,nan,nan,73,26.100000381469727,0.0,36.0,0,29,-,READY owner=Put1 refs=24,"{""cmd"": ""STOP"", ""status"": ""READY"", ""detector"": ""yolo"", ""state"": ""IDLE"", ""owner"": ""Put1"", ""score"": null, ""match_max"": 0.5, ""refs"": 24, ""match_mode"": ""none"", ""steer_zones"": 41, ""people"": 0, ""track_id"": null, ""target_ex"": 0.0, ""target_cx_vel_px_s"": 0.0, ""target_age_s"": null, ""lidar_min_m"": 0.68, ""target_lidar_m"": null, ""target_lidar_deg"": null, ""camera_range_m"""
2026-07-18T15:48:27.325,3026.326,mission_20260718_145801_manual,MANUAL,,0,13.330306053161621,100.99791717529297,149.97941115378268,4,True,0.6912500262260437,1,0,0,-1,0,0.0,0.0,0.0,0,0,nan,nan,nan,73,26.100000381469727,0.0,36.0,0,29,-,READY owner=Put1 refs=24,"{""cmd"": ""STOP"", ""status"": ""READY"", ""detector"": ""yolo"", ""state"": ""IDLE"", ""owner"": ""Put1"", ""score"": null, ""match_max"": 0.5, ""refs"": 24, ""match_mode"": ""none"", ""steer_zones"": 41, ""people"": 0, ""track_id"": null, ""target_ex"": 0.0, ""target_cx_vel_px_s"": 0.0, ""target_age_s"": null, ""lidar_min_m"": 0.68, ""target_lidar_m"": null, ""target_lidar_deg"": null, ""camera_range_m"""
2026-07-18T15:48:29.406,3028.407,mission_20260718_145801_manual,MANUAL,,0,13.330306053161621,100.99791717529297,149.980066851943,4,True,0.6909999847412109,1,0,0,-1,0,0.0,0.0,0.0,0,0,nan,nan,nan,73,26.100000381469727,0.0,36.0,0,29,-,READY owner=Put1 refs=24,"{""cmd"": ""STOP"", ""status"": ""READY"", ""detector"": ""yolo"", ""state"": ""IDLE"", ""owner"": ""Put1"", ""score"": null, ""match_max"": 0.5, ""refs"": 24, ""match_mode"": ""none"", ""steer_zones"": 41, ""people"": 0, ""track_id"": null, ""target_ex"": 0.0, ""target_cx_vel_px_s"": 0.0, ""target_age_s"": null, ""lidar_min_m"": 0.68, ""target_lidar_m"": null, ""target_lidar_deg"": null, ""camera_range_m"""
2026-07-18T15:48:31.485,3030.485,mission_20260718_145801_manual,MANUAL,,0,13.330306053161621,100.99791717529297,149.9931671547711,4,True,0.6880000233650208,1,0,0,-1,0,0.0,0.0,0.0,0,0,nan,nan,nan,73,26.100000381469727,0.0,36.0,0,28,-,READY owner=Put1 refs=24,"{""cmd"": ""STOP"", ""status"": ""READY"", ""detector"": ""yolo"", ""state"": ""IDLE"", ""owner"": ""Put1"", ""score"": null, ""match_max"": 0.5, ""refs"": 24, ""match_mode"": ""none"", ""steer_zones"": 41, ""people"": 0, ""track_id"": null, ""target_ex"": 0.0, ""target_cx_vel_px_s"": 0.0, ""target_age_s"": null, ""lidar_min_m"": 0.68, ""target_lidar_m"": null, ""target_lidar_deg"": null, ""camera_range_m"""
2026-07-18T15:48:33.579,3032.579,mission_20260718_145801_manual,MANUAL,,0,13.330306053161621,100.99791717529297,149.99372723028304,4,True,0.6892499923706055,1,0,0,-1,0,0.0,0.0,0.0,0,0,nan,nan,nan,73,26.100000381469727,0.0,36.0,0,29,-,READY owner=Put1 refs=24,"{""cmd"": ""STOP"", ""status"": ""READY"", ""detector"": ""yolo"", ""state"": ""IDLE"", ""owner"": ""Put1"", ""score"": null, ""match_max"": 0.5, ""refs"": 24, ""match_mode"": ""none"", ""steer_zones"": 41, ""people"": 0, ""track_id"": null, ""target_ex"": 0.0, ""target_cx_vel_px_s"": 0.0, ""target_age_s"": null, ""lidar_min_m"": 0.68, ""target_lidar_m"": null, ""target_lidar_deg"": null, ""camera_range_m"""
2026-07-18T15:48:35.673,3034.673,mission_20260718_145801_manual,MANUAL,,0,13.330305099487305,100.99791717529297,149.9869926637614,4,True,0.690500020980835,1,0,0,-1,0,0.0,0.0,0.0,0,0,nan,nan,nan,73,26.100000381469727,0.0,36.0,0,29,-,READY owner=Put1 refs=24,"{""cmd"": ""STOP"", ""status"": ""READY"", ""detector"": ""yolo"", ""state"": ""IDLE"", ""owner"": ""Put1"", ""score"": null, ""match_max"": 0.5, ""refs"": 24, ""match_mode"": ""none"", ""steer_zones"": 41, ""people"": 0, ""track_id"": null, ""target_ex"": 0.0, ""target_cx_vel_px_s"": 0.0, ""target_age_s"": null, ""lidar_min_m"": 0.68, ""target_lidar_m"": null, ""target_lidar_deg"": null, ""camera_range_m"""
2026-07-18T15:48:37.751,3036.751,mission_20260718_145801_manual,MANUAL,,0,13.330305099487305,100.99791717529297,149.98852262613548,4,True,0.6890000104904175,1,0,0,-1,0,0.0,0.0,0.0,0,0,nan,nan,nan,73,26.100000381469727,0.0,36.0,0,29,-,READY owner=Put1 refs=24,"{""cmd"": ""STOP"", ""status"": ""READY"", ""detector"": ""yolo"", ""state"": ""IDLE"", ""owner"": ""Put1"", ""score"": null, ""match_max"": 0.5, ""refs"": 24, ""match_mode"": ""none"", ""steer_zones"": 41, ""people"": 0, ""track_id"": null, ""target_ex"": 0.0, ""target_cx_vel_px_s"": 0.0, ""target_age_s"": null, ""lidar_min_m"": 0.68, ""target_lidar_m"": null, ""target_lidar_deg"": null, ""camera_range_m"""
2026-07-18T15:48:39.824,3038.825,mission_20260718_145801_manual,MANUAL,,0,13.330306053161621,100.9979248046875,149.98525779571222,4,True,0.6882500052452087,1,0,0,-1,0,0.0,0.0,0.0,0,0,nan,nan,nan,73,26.100000381469727,0.0,36.0,0,29,-,READY owner=Put1 refs=24,"{""cmd"": ""STOP"", ""status"": ""READY"", ""detector"": ""yolo"", ""state"": ""IDLE"", ""owner"": ""Put1"", ""score"": null, ""match_max"": 0.5, ""refs"": 24, ""match_mode"": ""none"", ""steer_zones"": 41, ""people"": 0, ""track_id"": null, ""target_ex"": 0.0, ""target_cx_vel_px_s"": 0.0, ""target_age_s"": null, ""lidar_min_m"": 0.68, ""target_lidar_m"": null, ""target_lidar_deg"": null, ""camera_range_m"""
2026-07-18T15:48:41.902,3040.902,mission_20260718_145801_manual,MANUAL,,0,13.330306053161621,100.9979248046875,149.9888368148373,4,True,0.6899999976158142,1,0,0,-1,0,0.0,0.0,0.0,0,0,nan,nan,nan,73,26.100000381469727,0.0,36.0,0,29,-,READY owner=Put1 refs=24,"{""cmd"": ""STOP"", ""status"": ""READY"", ""detector"": ""yolo"", ""state"": ""IDLE"", ""owner"": ""Put1"", ""score"": null, ""match_max"": 0.5, ""refs"": 24, ""match_mode"": ""none"", ""steer_zones"": 41, ""people"": 0, ""track_id"": null, ""target_ex"": 0.0, ""target_cx_vel_px_s"": 0.0, ""target_age_s"": null, ""lidar_min_m"": 0.68, ""target_lidar_m"": null, ""target_lidar_deg"": null, ""camera_range_m"""
2026-07-18T15:48:43.968,3042.968,mission_20260718_145801_manual,MANUAL,,0,13.330304145812988,100.9979248046875,149.99167817353202,4,True,0.6917499899864197,1,0,0,-1,0,0.0,0.0,0.0,0,0,nan,nan,nan,73,26.100000381469727,0.0,36.0,0,29,-,READY owner=Put1 refs=24,"{""cmd"": ""STOP"", ""status"": ""READY"", ""detector"": ""yolo"", ""state"": ""IDLE"", ""owner"": ""Put1"", ""score"": null, ""match_max"": 0.5, ""refs"": 24, ""match_mode"": ""none"", ""steer_zones"": 41, ""people"": 0, ""track_id"": null, ""target_ex"": 0.0, ""target_cx_vel_px_s"": 0.0, ""target_age_s"": null, ""lidar_min_m"": 0.68, ""target_lidar_m"": null, ""target_lidar_deg"": null, ""camera_range_m"""
2026-07-18T15:48:46.058,3045.058,mission_20260718_145801_manual,MANUAL,,0,13.330303192138672,100.9979248046875,150.00016126848118,4,True,0.6894999742507935,1,0,0,-1,0,0.0,0.0,0.0,0,0,nan,nan,nan,73,26.100000381469727,0.0,36.0,0,29,-,READY owner=Put1 refs=24,"{""cmd"": ""STOP"", ""status"": ""READY"", ""detector"": ""yolo"", ""state"": ""IDLE"", ""owner"": ""Put1"", ""score"": null, ""match_max"": 0.5, ""refs"": 24, ""match_mode"": ""none"", ""steer_zones"": 41, ""people"": 0, ""track_id"": null, ""target_ex"": 0.0, ""target_cx_vel_px_s"": 0.0, ""target_age_s"": null, ""lidar_min_m"": 0.68, ""target_lidar_m"": null, ""target_lidar_deg"": null, ""camera_range_m"""
2026-07-18T15:48:48.138,3047.138,mission_20260718_145801_manual,MANUAL,,0,13.330301284790039,100.9979248046875,149.9985630042154,4,True,0.6902499794960022,1,0,0,-1,0,0.0,0.0,0.0,0,0,nan,nan,nan,73,26.100000381469727,0.0,36.0,0,28,-,READY owner=Put1 refs=24,"{""cmd"": ""STOP"", ""status"": ""READY"", ""detector"": ""yolo"", ""state"": ""IDLE"", ""owner"": ""Put1"", ""score"": null, ""match_max"": 0.5, ""refs"": 24, ""match_mode"": ""none"", ""steer_zones"": 41, ""people"": 0, ""track_id"": null, ""target_ex"": 0.0, ""target_cx_vel_px_s"": 0.0, ""target_age_s"": null, ""lidar_min_m"": 0.68, ""target_lidar_m"": null, ""target_lidar_deg"": null, ""camera_range_m"""
2026-07-18T15:48:50.201,3049.201,mission_20260718_145801_manual,MANUAL,,0,13.330299377441406,100.99793243408203,150.00714172181293,4,True,0.6897500157356262,1,0,0,-1,0,0.0,0.0,0.0,0,0,nan,nan,nan,73,26.100000381469727,0.0,36.0,0,27,-,READY owner=Put1 refs=24,"{""cmd"": ""STOP"", ""status"": ""READY"", ""detector"": ""yolo"", ""state"": ""IDLE"", ""owner"": ""Put1"", ""score"": null, ""match_max"": 0.5, ""refs"": 24, ""match_mode"": ""none"", ""steer_zones"": 41, ""people"": 0, ""track_id"": null, ""target_ex"": 0.0, ""target_cx_vel_px_s"": 0.0, ""target_age_s"": null, ""lidar_min_m"": 0.68, ""target_lidar_m"": null, ""target_lidar_deg"": null, ""camera_range_m"""
2026-07-18T15:48:52.269,3051.27,mission_20260718_145801_manual,MANUAL,,0,13.330297470092773,100.99793243408203,150.01949070383233,4,True,0.6902499794960022,1,0,0,-1,0,0.0,0.0,0.0,0,0,nan,nan,nan,73,26.100000381469727,0.0,36.0,0,28,-,READY owner=Put1 refs=24,"{""cmd"": ""STOP"", ""status"": ""READY"", ""detector"": ""yolo"", ""state"": ""IDLE"", ""owner"": ""Put1"", ""score"": null, ""match_max"": 0.5, ""refs"": 24, ""match_mode"": ""none"", ""steer_zones"": 41, ""people"": 0, ""track_id"": null, ""target_ex"": 0.0, ""target_cx_vel_px_s"": 0.0, ""target_age_s"": null, ""lidar_min_m"": 0.68, ""target_lidar_m"": null, ""target_lidar_deg"": null, ""camera_range_m"""
2026-07-18T15:48:54.353,3053.353,mission_20260718_145801_manual,MANUAL,,0,13.33029556274414,100.99793243408203,150.02035130766774,4,True,0.6909999847412109,1,0,0,-1,0,0.0,0.0,0.0,0,0,nan,nan,nan,73,26.100000381469727,0.0,36.0,0,26,-,READY owner=Put1 refs=24,"{""cmd"": ""STOP"", ""status"": ""READY"", ""detector"": ""yolo"", ""state"": ""IDLE"", ""owner"": ""Put1"", ""score"": null, ""match_max"": 0.5, ""refs"": 24, ""match_mode"": ""none"", ""steer_zones"": 41, ""people"": 0, ""track_id"": null, ""target_ex"": 0.0, ""target_cx_vel_px_s"": 0.0, ""target_age_s"": null, ""lidar_min_m"": 0.68, ""target_lidar_m"": null, ""target_lidar_deg"": null, ""camera_range_m"""
2026-07-18T15:48:56.413,3055.413,mission_20260718_145801_manual,MANUAL,,0,13.33029556274414,100.99793243408203,150.02338391165924,4,True,0.6894999742507935,1,0,0,-1,0,0.0,0.0,0.0,0,0,nan,nan,nan,73,26.100000381469727,0.0,36.0,0,26,-,READY owner=Put1 refs=24,"{""cmd"": ""STOP"", ""status"": ""READY"", ""detector"": ""yolo"", ""state"": ""IDLE"", ""owner"": ""Put1"", ""score"": null, ""match_max"": 0.5, ""refs"": 24, ""match_mode"": ""none"", ""steer_zones"": 41, ""people"": 0, ""track_id"": null, ""target_ex"": 0.0, ""target_cx_vel_px_s"": 0.0, ""target_age_s"": null, ""lidar_min_m"": 0.68, ""target_lidar_m"": null, ""target_lidar_deg"": null, ""camera_range_m"""
2026-07-18T15:48:58.468,3057.468,mission_20260718_145801_manual,MANUAL,,0,13.33029556274414,100.99793243408203,150.01711379800116,4,True,0.6894999742507935,1,0,0,-1,0,0.0,0.0,0.0,0,0,nan,nan,nan,73,26.100000381469727,0.0,36.0,0,25,-,READY owner=Put1 refs=24,"{""cmd"": ""STOP"", ""status"": ""READY"", ""detector"": ""yolo"", ""state"": ""IDLE"", ""owner"": ""Put1"", ""score"": null, ""match_max"": 0.5, ""refs"": 24, ""match_mode"": ""none"", ""steer_zones"": 41, ""people"": 0, ""track_id"": null, ""target_ex"": 0.0, ""target_cx_vel_px_s"": 0.0, ""target_age_s"": null, ""lidar_min_m"": 0.68, ""target_lidar_m"": null, ""target_lidar_deg"": null, ""camera_range_m"""
2026-07-18T15:49:00.535,3059.535,mission_20260718_145801_manual,MANUAL,,0,13.330294609069824,100.99793243408203,150.02711319494605,4,True,0.690500020980835,1,0,0,-1,0,0.0,0.0,0.0,0,0,nan,nan,nan,73,26.100000381469727,0.0,36.0,0,26,-,READY owner=Put1 refs=24,"{""cmd"": ""STOP"", ""status"": ""READY"", ""detector"": ""yolo"", ""state"": ""IDLE"", ""owner"": ""Put1"", ""score"": null, ""match_max"": 0.5, ""refs"": 24, ""match_mode"": ""none"", ""steer_zones"": 41, ""people"": 0, ""track_id"": null, ""target_ex"": 0.0, ""target_cx_vel_px_s"": 0.0, ""target_age_s"": null, ""lidar_min_m"": 0.68, ""target_lidar_m"": null, ""target_lidar_deg"": null, ""camera_range_m"""
2026-07-18T15:49:02.608,3061.609,mission_20260718_145801_manual,MANUAL,,0,13.330294609069824,100.99793243408203,150.02893002526528,4,True,0.6919999718666077,1,0,0,-1,0,0.0,0.0,0.0,0,0,nan,nan,nan,73,26.100000381469727,0.0,36.0,0,27,-,READY owner=Put1 refs=24,"{""cmd"": ""STOP"", ""status"": ""READY"", ""detector"": ""yolo"", ""state"": ""IDLE"", ""owner"": ""Put1"", ""score"": null, ""match_max"": 0.5, ""refs"": 24, ""match_mode"": ""none"", ""steer_zones"": 41, ""people"": 0, ""track_id"": null, ""target_ex"": 0.0, ""target_cx_vel_px_s"": 0.0, ""target_age_s"": null, ""lidar_min_m"": 0.68, ""target_lidar_m"": null, ""target_lidar_deg"": null, ""camera_range_m"""
2026-07-18T15:49:04.679,3063.679,mission_20260718_145801_manual,MANUAL,,0,13.330294609069824,100.99793243408203,150.0369213465942,4,True,0.690500020980835,1,0,0,-1,0,0.0,0.0,0.0,0,0,nan,nan,nan,73,26.100000381469727,0.0,36.0,0,27,-,READY owner=Put1 refs=24,"{""cmd"": ""STOP"", ""status"": ""READY"", ""detector"": ""yolo"", ""state"": ""IDLE"", ""owner"": ""Put1"", ""score"": null, ""match_max"": 0.5, ""refs"": 24, ""match_mode"": ""none"", ""steer_zones"": 41, ""people"": 0, ""track_id"": null, ""target_ex"": 0.0, ""target_cx_vel_px_s"": 0.0, ""target_age_s"": null, ""lidar_min_m"": 0.68, ""target_lidar_m"": null, ""target_lidar_deg"": null, ""camera_range_m"""
2026-07-18T15:49:06.742,3065.743,mission_20260718_145801_manual,MANUAL,,0,13.33029556274414,100.99793243408203,150.0316621009333,4,True,0.6884999871253967,1,0,0,-1,0,0.0,0.0,0.0,0,0,nan,nan,nan,73,26.100000381469727,0.0,36.0,0,27,-,READY owner=Put1 refs=24,"{""cmd"": ""STOP"", ""status"": ""READY"", ""detector"": ""yolo"", ""state"": ""IDLE"", ""owner"": ""Put1"", ""score"": null, ""match_max"": 0.5, ""refs"": 24, ""match_mode"": ""none"", ""steer_zones"": 41, ""people"": 0, ""track_id"": null, ""target_ex"": 0.0, ""target_cx_vel_px_s"": 0.0, ""target_age_s"": null, ""lidar_min_m"": 0.68, ""target_lidar_m"": null, ""target_lidar_deg"": null, ""camera_range_m"""
2026-07-18T15:49:08.832,3067.833,mission_20260718_145801_manual,MANUAL,,0,13.33029556274414,100.99793243408203,150.02871145921185,4,True,0.6912500262260437,1,0,0,-1,0,0.0,0.0,0.0,0,0,nan,nan,nan,73,26.100000381469727,0.0,36.0,0,27,-,READY owner=Put1 refs=24,"{""cmd"": ""STOP"", ""status"": ""READY"", ""detector"": ""yolo"", ""state"": ""IDLE"", ""owner"": ""Put1"", ""score"": null, ""match_max"": 0.5, ""refs"": 24, ""match_mode"": ""none"", ""steer_zones"": 41, ""people"": 0, ""track_id"": null, ""target_ex"": 0.0, ""target_cx_vel_px_s"": 0.0, ""target_age_s"": null, ""lidar_min_m"": 0.68, ""target_lidar_m"": null, ""target_lidar_deg"": null, ""camera_range_m"""
2026-07-18T15:49:10.925,3069.925,mission_20260718_145801_manual,MANUAL,,0,13.330296516418457,100.99793243408203,150.01547455260035,4,True,0.6912500262260437,1,0,0,-1,0,0.0,0.0,0.0,0,0,nan,nan,nan,73,26.100000381469727,0.0,36.0,0,27,-,READY owner=Put1 refs=24,"{""cmd"": ""STOP"", ""status"": ""READY"", ""detector"": ""yolo"", ""state"": ""IDLE"", ""owner"": ""Put1"", ""score"": null, ""match_max"": 0.5, ""refs"": 24, ""match_mode"": ""none"", ""steer_zones"": 41, ""people"": 0, ""track_id"": null, ""target_ex"": 0.0, ""target_cx_vel_px_s"": 0.0, ""target_age_s"": null, ""lidar_min_m"": 0.68, ""target_lidar_m"": null, ""target_lidar_deg"": null, ""camera_range_m"""
2026-07-18T15:49:12.998,3071.999,mission_20260718_145801_manual,MANUAL,,0,13.330296516418457,100.99793243408203,150.0201327416143,4,True,0.6875,1,0,0,-1,0,0.0,0.0,0.0,0,0,nan,nan,nan,73,26.100000381469727,0.0,36.0,0,27,-,READY owner=Put1 refs=24,"{""cmd"": ""STOP"", ""status"": ""READY"", ""detector"": ""yolo"", ""state"": ""IDLE"", ""owner"": ""Put1"", ""score"": null, ""match_max"": 0.5, ""refs"": 24, ""match_mode"": ""none"", ""steer_zones"": 41, ""people"": 0, ""track_id"": null, ""target_ex"": 0.0, ""target_cx_vel_px_s"": 0.0, ""target_age_s"": null, ""lidar_min_m"": 0.68, ""target_lidar_m"": null, ""target_lidar_deg"": null, ""camera_range_m"""
2026-07-18T15:49:15.068,3074.069,mission_20260718_145801_manual,MANUAL,,0,13.330297470092773,100.99793243408203,150.01372602417283,4,True,0.6892499923706055,1,0,0,-1,0,0.0,0.0,0.0,0,0,nan,nan,nan,73,26.100000381469727,0.0,36.0,0,27,-,READY owner=Put1 refs=24,"{""cmd"": ""STOP"", ""status"": ""READY"", ""detector"": ""yolo"", ""state"": ""IDLE"", ""owner"": ""Put1"", ""score"": null, ""match_max"": 0.5, ""refs"": 24, ""match_mode"": ""none"", ""steer_zones"": 41, ""people"": 0, ""track_id"": null, ""target_ex"": 0.0, ""target_cx_vel_px_s"": 0.0, ""target_age_s"": null, ""lidar_min_m"": 0.68, ""target_lidar_m"": null, ""target_lidar_deg"": null, ""camera_range_m"""
2026-07-18T15:49:17.122,3076.123,mission_20260718_145801_manual,MANUAL,,0,13.33029842376709,100.9979248046875,150.0032348536077,4,True,0.6899999976158142,1,0,0,-1,0,0.0,0.0,0.0,0,0,nan,nan,nan,73,26.100000381469727,0.0,36.0,0,27,-,READY owner=Put1 refs=24,"{""cmd"": ""STOP"", ""status"": ""READY"", ""detector"": ""yolo"", ""state"": ""IDLE"", ""owner"": ""Put1"", ""score"": null, ""match_max"": 0.5, ""refs"": 24, ""match_mode"": ""none"", ""steer_zones"": 41, ""people"": 0, ""track_id"": null, ""target_ex"": 0.0, ""target_cx_vel_px_s"": 0.0, ""target_age_s"": null, ""lidar_min_m"": 0.68, ""target_lidar_m"": null, ""target_lidar_deg"": null, ""camera_range_m"""
2026-07-18T15:49:19.197,3078.197,mission_20260718_145801_manual,MANUAL,,0,13.330299377441406,100.9979248046875,150.00785206148663,4,True,0.6884999871253967,1,0,0,-1,0,0.0,0.0,0.0,0,0,nan,nan,nan,73,26.100000381469727,0.0,36.0,0,27,-,READY owner=Put1 refs=24,"{""cmd"": ""STOP"", ""status"": ""READY"", ""detector"": ""yolo"", ""state"": ""IDLE"", ""owner"": ""Put1"", ""score"": null, ""match_max"": 0.5, ""refs"": 24, ""match_mode"": ""none"", ""steer_zones"": 41, ""people"": 0, ""track_id"": null, ""target_ex"": 0.0, ""target_cx_vel_px_s"": 0.0, ""target_age_s"": null, ""lidar_min_m"": 0.68, ""target_lidar_m"": null, ""target_lidar_deg"": null, ""camera_range_m"""
2026-07-18T15:49:21.265,3080.265,mission_20260718_145801_manual,MANUAL,,0,13.330299377441406,100.9979248046875,150.0032348536077,4,True,0.690500020980835,1,0,0,-1,0,0.0,0.0,0.0,0,0,nan,nan,nan,73,26.100000381469727,0.0,36.0,0,28,-,READY owner=Put1 refs=24,"{""cmd"": ""STOP"", ""status"": ""READY"", ""detector"": ""yolo"", ""state"": ""IDLE"", ""owner"": ""Put1"", ""score"": null, ""match_max"": 0.5, ""refs"": 24, ""match_mode"": ""none"", ""steer_zones"": 41, ""people"": 0, ""track_id"": null, ""target_ex"": 0.0, ""target_cx_vel_px_s"": 0.0, ""target_age_s"": null, ""lidar_min_m"": 0.68, ""target_lidar_m"": null, ""target_lidar_deg"": null, ""camera_range_m"""
2026-07-18T15:49:23.329,3082.33,mission_20260718_145801_manual,MANUAL,,0,13.330300331115723,100.9979248046875,149.98655553165452,4,True,0.6912500262260437,1,0,0,-1,0,0.0,0.0,0.0,0,0,nan,nan,nan,73,26.100000381469727,0.0,36.0,0,29,-,READY owner=Put1 refs=24,"{""cmd"": ""STOP"", ""status"": ""READY"", ""detector"": ""yolo"", ""state"": ""IDLE"", ""owner"": ""Put1"", ""score"": null, ""match_max"": 0.5, ""refs"": 24, ""match_mode"": ""none"", ""steer_zones"": 41, ""people"": 0, ""track_id"": null, ""target_ex"": 0.0, ""target_cx_vel_px_s"": 0.0, ""target_age_s"": null, ""lidar_min_m"": 0.68, ""target_lidar_m"": null, ""target_lidar_deg"": null, ""camera_range_m"""
2026-07-18T15:49:25.396,3084.397,mission_20260718_145801_manual,MANUAL,,0,13.330300331115723,100.9979248046875,149.9769932668165,4,True,0.6894999742507935,1,0,0,-1,0,0.0,0.0,0.0,0,0,nan,nan,nan,73,26.100000381469727,0.0,36.0,0,29,-,READY owner=Put1 refs=24,"{""cmd"": ""STOP"", ""status"": ""READY"", ""detector"": ""yolo"", ""state"": ""IDLE"", ""owner"": ""Put1"", ""score"": null, ""match_max"": 0.5, ""refs"": 24, ""match_mode"": ""none"", ""steer_zones"": 41, ""people"": 0, ""track_id"": null, ""target_ex"": 0.0, ""target_cx_vel_px_s"": 0.0, ""target_age_s"": null, ""lidar_min_m"": 0.68, ""target_lidar_m"": null, ""target_lidar_deg"": null, ""camera_range_m"""
2026-07-18T15:49:27.477,3086.477,mission_20260718_145801_manual,MANUAL,,0,13.330301284790039,100.9979248046875,149.97375575714992,4,True,0.6890000104904175,1,0,0,-1,0,0.0,0.0,0.0,0,0,nan,nan,nan,73,26.100000381469727,0.0,36.0,0,29,-,READY owner=Put1 refs=24,"{""cmd"": ""STOP"", ""status"": ""READY"", ""detector"": ""yolo"", ""state"": ""IDLE"", ""owner"": ""Put1"", ""score"": null, ""match_max"": 0.5, ""refs"": 24, ""match_mode"": ""none"", ""steer_zones"": 41, ""people"": 0, ""track_id"": null, ""target_ex"": 0.0, ""target_cx_vel_px_s"": 0.0, ""target_age_s"": null, ""lidar_min_m"": 0.68, ""target_lidar_m"": null, ""target_lidar_deg"": null, ""camera_range_m"""
2026-07-18T15:49:29.551,3088.551,mission_20260718_145801_manual,MANUAL,,0,13.330302238464355,100.9979248046875,149.97148813434546,4,True,0.6887500286102295,1,0,0,-1,0,0.0,0.0,0.0,0,0,nan,nan,nan,73,26.100000381469727,0.0,36.0,0,29,-,READY owner=Put1 refs=24,"{""cmd"": ""STOP"", ""status"": ""READY"", ""detector"": ""yolo"", ""state"": ""IDLE"", ""owner"": ""Put1"", ""score"": null, ""match_max"": 0.5, ""refs"": 24, ""match_mode"": ""none"", ""steer_zones"": 41, ""people"": 0, ""track_id"": null, ""target_ex"": 0.0, ""target_cx_vel_px_s"": 0.0, ""target_age_s"": null, ""lidar_min_m"": 0.68, ""target_lidar_m"": null, ""target_lidar_deg"": null, ""camera_range_m"""
2026-07-18T15:49:31.615,3090.615,mission_20260718_145801_manual,MANUAL,,0,13.330302238464355,100.9979248046875,149.96472624706718,4,True,0.6897500157356262,1,0,0,-1,0,0.0,0.0,0.0,0,0,nan,nan,nan,73,26.100000381469727,0.0,36.0,0,28,-,READY owner=Put1 refs=24,"{""cmd"": ""STOP"", ""status"": ""READY"", ""detector"": ""yolo"", ""state"": ""IDLE"", ""owner"": ""Put1"", ""score"": null, ""match_max"": 0.5, ""refs"": 24, ""match_mode"": ""none"", ""steer_zones"": 41, ""people"": 0, ""track_id"": null, ""target_ex"": 0.0, ""target_cx_vel_px_s"": 0.0, ""target_age_s"": null, ""lidar_min_m"": 0.68, ""target_lidar_m"": null, ""target_lidar_deg"": null, ""camera_range_m"""
2026-07-18T15:49:33.696,3092.696,mission_20260718_145801_manual,MANUAL,,0,13.330303192138672,100.9979248046875,149.97270390801773,4,True,0.6924999952316284,1,0,0,-1,0,0.0,0.0,0.0,0,0,nan,nan,nan,73,26.100000381469727,0.0,36.0,0,30,-,READY owner=Put1 refs=24,"{""cmd"": ""STOP"", ""status"": ""READY"", ""detector"": ""yolo"", ""state"": ""IDLE"", ""owner"": ""Put1"", ""score"": null, ""match_max"": 0.5, ""refs"": 24, ""match_mode"": ""none"", ""steer_zones"": 41, ""people"": 0, ""track_id"": null, ""target_ex"": 0.0, ""target_cx_vel_px_s"": 0.0, ""target_age_s"": null, ""lidar_min_m"": 0.68, ""target_lidar_m"": null, ""target_lidar_deg"": null, ""camera_range_m"""
2026-07-18T15:49:35.779,3094.78,mission_20260718_145801_manual,MANUAL,,0,13.330304145812988,100.99791717529297,149.97441145531025,4,True,0.6909999847412109,1,0,0,-1,0,0.0,0.0,0.0,0,0,nan,nan,nan,73,26.100000381469727,0.0,36.0,0,29,-,READY owner=Put1 refs=24,"{""cmd"": ""STOP"", ""status"": ""READY"", ""detector"": ""yolo"", ""state"": ""IDLE"", ""owner"": ""Put1"", ""score"": null, ""match_max"": 0.5, ""refs"": 24, ""match_mode"": ""none"", ""steer_zones"": 41, ""people"": 0, ""track_id"": null, ""target_ex"": 0.0, ""target_cx_vel_px_s"": 0.0, ""target_age_s"": null, ""lidar_min_m"": 0.68, ""target_lidar_m"": null, ""target_lidar_deg"": null, ""camera_range_m"""
2026-07-18T15:49:37.858,3096.859,mission_20260718_145801_manual,MANUAL,,0,13.330305099487305,100.99791717529297,149.97034066256492,4,True,0.6899999976158142,1,0,0,-1,0,0.0,0.0,0.0,0,0,nan,nan,nan,73,26.100000381469727,0.0,36.0,0,29,-,READY owner=Put1 refs=24,"{""cmd"": ""STOP"", ""status"": ""READY"", ""detector"": ""yolo"", ""state"": ""IDLE"", ""owner"": ""Put1"", ""score"": null, ""match_max"": 0.5, ""refs"": 24, ""match_mode"": ""none"", ""steer_zones"": 41, ""people"": 0, ""track_id"": null, ""target_ex"": 0.0, ""target_cx_vel_px_s"": 0.0, ""target_age_s"": null, ""lidar_min_m"": 0.68, ""target_lidar_m"": null, ""target_lidar_deg"": null, ""camera_range_m"""
2026-07-18T15:49:39.944,3098.945,mission_20260718_145801_manual,MANUAL,,0,13.330306053161621,100.99791717529297,149.9771298705999,4,True,0.6869999766349792,1,0,0,-1,0,0.0,0.0,0.0,0,0,nan,nan,nan,73,26.100000381469727,0.0,36.0,0,29,-,READY owner=Put1 refs=24,"{""cmd"": ""STOP"", ""status"": ""READY"", ""detector"": ""yolo"", ""state"": ""IDLE"", ""owner"": ""Put1"", ""score"": null, ""match_max"": 0.5, ""refs"": 24, ""match_mode"": ""none"", ""steer_zones"": 41, ""people"": 0, ""track_id"": null, ""target_ex"": 0.0, ""target_cx_vel_px_s"": 0.0, ""target_age_s"": null, ""lidar_min_m"": 0.68, ""target_lidar_m"": null, ""target_lidar_deg"": null, ""camera_range_m"""
2026-07-18T15:49:42.032,3101.033,mission_20260718_145801_manual,MANUAL,,0,13.330307006835938,100.99791717529297,149.97370111563657,4,True,0.6894999742507935,1,0,0,-1,0,0.0,0.0,0.0,0,0,nan,nan,nan,73,26.100000381469727,0.0,36.0,0,29,-,READY owner=Put1 refs=24,"{""cmd"": ""STOP"", ""status"": ""READY"", ""detector"": ""yolo"", ""state"": ""IDLE"", ""owner"": ""Put1"", ""score"": null, ""match_max"": 0.5, ""refs"": 24, ""match_mode"": ""none"", ""steer_zones"": 41, ""people"": 0, ""track_id"": null, ""target_ex"": 0.0, ""target_cx_vel_px_s"": 0.0, ""target_age_s"": null, ""lidar_min_m"": 0.68, ""target_lidar_m"": null, ""target_lidar_deg"": null, ""camera_range_m"""
2026-07-18T15:49:44.133,3103.134,mission_20260718_145801_manual,MANUAL,,0,13.330307960510254,100.99791717529297,149.9661332660362,4,True,0.6915000081062317,1,0,0,-1,0,0.0,0.0,0.0,0,0,nan,nan,nan,73,26.100000381469727,0.0,36.0,0,29,-,READY owner=Put1 refs=24,"{""cmd"": ""STOP"", ""status"": ""READY"", ""detector"": ""yolo"", ""state"": ""IDLE"", ""owner"": ""Put1"", ""score"": null, ""match_max"": 0.5, ""refs"": 24, ""match_mode"": ""none"", ""steer_zones"": 41, ""people"": 0, ""track_id"": null, ""target_ex"": 0.0, ""target_cx_vel_px_s"": 0.0, ""target_age_s"": null, ""lidar_min_m"": 0.68, ""target_lidar_m"": null, ""target_lidar_deg"": null, ""camera_range_m"""
2026-07-18T15:49:46.219,3105.22,mission_20260718_145801_manual,MANUAL,,0,13.33030891418457,100.99791717529297,149.96926149267605,4,True,0.6912500262260437,1,0,0,-1,0,0.0,0.0,0.0,0,0,nan,nan,nan,73,26.100000381469727,0.0,36.0,0,29,-,READY owner=Put1 refs=24,"{""cmd"": ""STOP"", ""status"": ""READY"", ""detector"": ""yolo"", ""state"": ""IDLE"", ""owner"": ""Put1"", ""score"": null, ""match_max"": 0.5, ""refs"": 24, ""match_mode"": ""none"", ""steer_zones"": 41, ""people"": 0, ""track_id"": null, ""target_ex"": 0.0, ""target_cx_vel_px_s"": 0.0, ""target_age_s"": null, ""lidar_min_m"": 0.68, ""target_lidar_m"": null, ""target_lidar_deg"": null, ""camera_range_m"""
2026-07-18T15:49:48.306,3107.306,mission_20260718_145801_manual,MANUAL,,0,13.330309867858887,100.99791717529297,149.96031394486334,4,True,0.6887500286102295,1,0,0,-1,0,0.0,0.0,0.0,0,0,nan,nan,nan,73,26.100000381469727,0.0,36.0,0,29,-,READY owner=Put1 refs=24,"{""cmd"": ""STOP"", ""status"": ""READY"", ""detector"": ""yolo"", ""state"": ""IDLE"", ""owner"": ""Put1"", ""score"": null, ""match_max"": 0.5, ""refs"": 24, ""match_mode"": ""none"", ""steer_zones"": 41, ""people"": 0, ""track_id"": null, ""target_ex"": 0.0, ""target_cx_vel_px_s"": 0.0, ""target_age_s"": null, ""lidar_min_m"": 0.68, ""target_lidar_m"": null, ""target_lidar_deg"": null, ""camera_range_m"""
2026-07-18T15:49:50.400,3109.4,mission_20260718_145801_manual,MANUAL,,0,13.330309867858887,100.99791717529297,149.96930247381107,4,True,0.6902499794960022,1,0,0,-1,0,0.0,0.0,0.0,0,0,nan,nan,nan,73,26.100000381469727,0.0,36.0,0,29,-,READY owner=Put1 refs=24,"{""cmd"": ""STOP"", ""status"": ""READY"", ""detector"": ""yolo"", ""state"": ""IDLE"", ""owner"": ""Put1"", ""score"": null, ""match_max"": 0.5, ""refs"": 24, ""match_mode"": ""none"", ""steer_zones"": 41, ""people"": 0, ""track_id"": null, ""target_ex"": 0.0, ""target_cx_vel_px_s"": 0.0, ""target_age_s"": null, ""lidar_min_m"": 0.68, ""target_lidar_m"": null, ""target_lidar_deg"": null, ""camera_range_m"""
2026-07-18T15:49:52.471,3111.472,mission_20260718_145801_manual,MANUAL,,0,13.33031177520752,100.99790954589844,149.97809975746205,4,True,0.6912500262260437,1,0,0,-1,0,0.0,0.0,0.0,0,0,nan,nan,nan,73,26.100000381469727,0.0,36.0,0,29,-,READY owner=Put1 refs=24,"{""cmd"": ""STOP"", ""status"": ""READY"", ""detector"": ""yolo"", ""state"": ""IDLE"", ""owner"": ""Put1"", ""score"": null, ""match_max"": 0.5, ""refs"": 24, ""match_mode"": ""none"", ""steer_zones"": 41, ""people"": 0, ""track_id"": null, ""target_ex"": 0.0, ""target_cx_vel_px_s"": 0.0, ""target_age_s"": null, ""lidar_min_m"": 0.68, ""target_lidar_m"": null, ""target_lidar_deg"": null, ""camera_range_m"""
2026-07-18T15:49:54.568,3113.569,mission_20260718_145801_manual,MANUAL,,0,13.33031177520752,100.99790954589844,149.9674719831135,4,True,0.6894999742507935,1,0,0,-1,0,0.0,0.0,0.0,0,0,nan,nan,nan,73,26.100000381469727,0.0,36.0,0,29,-,READY owner=Put1 refs=24,"{""cmd"": ""STOP"", ""status"": ""READY"", ""detector"": ""yolo"", ""state"": ""IDLE"", ""owner"": ""Put1"", ""score"": null, ""match_max"": 0.5, ""refs"": 24, ""match_mode"": ""none"", ""steer_zones"": 41, ""people"": 0, ""track_id"": null, ""target_ex"": 0.0, ""target_cx_vel_px_s"": 0.0, ""target_age_s"": null, ""lidar_min_m"": 0.68, ""target_lidar_m"": null, ""target_lidar_deg"": null, ""camera_range_m"""
2026-07-18T15:49:56.664,3115.664,mission_20260718_145801_manual,MANUAL,,0,13.330312728881836,100.99790954589844,149.9594533410279,4,True,0.6909999847412109,1,0,0,-1,0,0.0,0.0,0.0,0,0,nan,nan,nan,73,26.100000381469727,0.0,36.0,0,28,-,READY owner=Put1 refs=24,"{""cmd"": ""STOP"", ""status"": ""READY"", ""detector"": ""yolo"", ""state"": ""IDLE"", ""owner"": ""Put1"", ""score"": null, ""match_max"": 0.5, ""refs"": 24, ""match_mode"": ""none"", ""steer_zones"": 41, ""people"": 0, ""track_id"": null, ""target_ex"": 0.0, ""target_cx_vel_px_s"": 0.0, ""target_age_s"": null, ""lidar_min_m"": 0.68, ""target_lidar_m"": null, ""target_lidar_deg"": null, ""camera_range_m"""
2026-07-18T15:49:58.684,3117.685,mission_20260718_145801_manual,MANUAL,,0,13.330313682556152,100.99790954589844,149.94956322710973,4,True,0.690750002861023,1,0,0,-1,0,0.0,0.0,0.0,0,0,nan,nan,nan,73,26.100000381469727,0.0,36.0,0,27,-,READY owner=Put1 refs=24,"{""cmd"": ""STOP"", ""status"": ""READY"", ""detector"": ""yolo"", ""state"": ""IDLE"", ""owner"": ""Put1"", ""score"": null, ""match_max"": 0.5, ""refs"": 24, ""match_mode"": ""none"", ""steer_zones"": 41, ""people"": 0, ""track_id"": null, ""target_ex"": 0.0, ""target_cx_vel_px_s"": 0.0, ""target_age_s"": null, ""lidar_min_m"": 0.68, ""target_lidar_m"": null, ""target_lidar_deg"": null, ""camera_range_m"""
2026-07-18T15:50:00.799,3119.8,mission_20260718_145801_manual,MANUAL,,0,13.330312728881836,100.99790954589844,149.93739183000878,4,True,0.6909999847412109,1,0,0,-1,0,0.0,0.0,0.0,0,0,nan,nan,nan,73,26.100000381469727,0.0,36.0,0,27,-,READY owner=Put1 refs=24,"{""cmd"": ""STOP"", ""status"": ""READY"", ""detector"": ""yolo"", ""state"": ""IDLE"", ""owner"": ""Put1"", ""score"": null, ""match_max"": 0.5, ""refs"": 24, ""match_mode"": ""none"", ""steer_zones"": 41, ""people"": 0, ""track_id"": null, ""target_ex"": 0.0, ""target_cx_vel_px_s"": 0.0, ""target_age_s"": null, ""lidar_min_m"": 0.68, ""target_lidar_m"": null, ""target_lidar_deg"": null, ""camera_range_m"""
2026-07-18T15:50:02.870,3121.87,mission_20260718_145801_manual,MANUAL,,0,13.33031177520752,100.99790954589844,149.9427876794531,4,True,0.6902499794960022,1,0,0,-1,0,0.0,0.0,0.0,0,0,nan,nan,nan,73,26.100000381469727,0.0,36.0,0,28,-,READY owner=Put1 refs=24,"{""cmd"": ""STOP"", ""status"": ""READY"", ""detector"": ""yolo"", ""state"": ""IDLE"", ""owner"": ""Put1"", ""score"": null, ""match_max"": 0.5, ""refs"": 24, ""match_mode"": ""none"", ""steer_zones"": 41, ""people"": 0, ""track_id"": null, ""target_ex"": 0.0, ""target_cx_vel_px_s"": 0.0, ""target_age_s"": null, ""lidar_min_m"": 0.68, ""target_lidar_m"": null, ""target_lidar_deg"": null, ""camera_range_m"""
2026-07-18T15:50:04.922,3123.922,mission_20260718_145801_manual,MANUAL,,0,13.330310821533203,100.9979019165039,149.9411894151873,4,True,0.690500020980835,1,0,0,-1,0,0.0,0.0,0.0,0,0,nan,nan,nan,73,26.100000381469727,0.0,36.0,0,29,-,READY owner=Put1 refs=24,"{""cmd"": ""STOP"", ""status"": ""READY"", ""detector"": ""yolo"", ""state"": ""IDLE"", ""owner"": ""Put1"", ""score"": null, ""match_max"": 0.5, ""refs"": 24, ""match_mode"": ""none"", ""steer_zones"": 41, ""people"": 0, ""track_id"": null, ""target_ex"": 0.0, ""target_cx_vel_px_s"": 0.0, ""target_age_s"": null, ""lidar_min_m"": 0.68, ""target_lidar_m"": null, ""target_lidar_deg"": null, ""camera_range_m"""
2026-07-18T15:50:06.985,3125.986,mission_20260718_145801_manual,MANUAL,,0,13.330309867858887,100.9979019165039,149.94053371702697,4,True,0.6897500157356262,1,0,0,-1,0,0.0,0.0,0.0,0,0,nan,nan,nan,73,26.100000381469727,0.0,36.0,0,28,-,READY owner=Put1 refs=24,"{""cmd"": ""STOP"", ""status"": ""READY"", ""detector"": ""yolo"", ""state"": ""IDLE"", ""owner"": ""Put1"", ""score"": null, ""match_max"": 0.5, ""refs"": 24, ""match_mode"": ""none"", ""steer_zones"": 41, ""people"": 0, ""track_id"": null, ""target_ex"": 0.0, ""target_cx_vel_px_s"": 0.0, ""target_age_s"": null, ""lidar_min_m"": 0.68, ""target_lidar_m"": null, ""target_lidar_deg"": null, ""camera_range_m"""
2026-07-18T15:50:09.076,3128.077,mission_20260718_145801_manual,MANUAL,,0,13.330309867858887,100.9979019165039,149.94312918891157,4,True,0.6892499923706055,1,0,0,-1,0,0.0,0.0,0.0,0,0,nan,nan,nan,73,26.100000381469727,0.0,36.0,0,29,-,READY owner=Put1 refs=24,"{""cmd"": ""STOP"", ""status"": ""READY"", ""detector"": ""yolo"", ""state"": ""IDLE"", ""owner"": ""Put1"", ""score"": null, ""match_max"": 0.5, ""refs"": 24, ""match_mode"": ""none"", ""steer_zones"": 41, ""people"": 0, ""track_id"": null, ""target_ex"": 0.0, ""target_cx_vel_px_s"": 0.0, ""target_age_s"": null, ""lidar_min_m"": 0.68, ""target_lidar_m"": null, ""target_lidar_deg"": null, ""camera_range_m"""
2026-07-18T15:50:11.162,3130.162,mission_20260718_145801_manual,MANUAL,,0,13.33030891418457,100.9979019165039,149.9558606615245,4,True,0.6902499794960022,1,0,0,-1,0,0.0,0.0,0.0,0,0,nan,nan,nan,73,26.100000381469727,0.0,36.0,0,30,-,READY owner=Put1 refs=24,"{""cmd"": ""STOP"", ""status"": ""READY"", ""detector"": ""yolo"", ""state"": ""IDLE"", ""owner"": ""Put1"", ""score"": null, ""match_max"": 0.5, ""refs"": 24, ""match_mode"": ""none"", ""steer_zones"": 41, ""people"": 0, ""track_id"": null, ""target_ex"": 0.0, ""target_cx_vel_px_s"": 0.0, ""target_age_s"": null, ""lidar_min_m"": 0.68, ""target_lidar_m"": null, ""target_lidar_deg"": null, ""camera_range_m"""
2026-07-18T15:50:13.265,3132.266,mission_20260718_145801_manual,MANUAL,,0,13.330309867858887,100.9979019165039,149.94713167976522,4,True,0.6892499923706055,1,0,0,-1,0,0.0,0.0,0.0,0,0,nan,nan,nan,73,26.100000381469727,0.0,36.0,0,30,-,READY owner=Put1 refs=24,"{""cmd"": ""STOP"", ""status"": ""READY"", ""detector"": ""yolo"", ""state"": ""IDLE"", ""owner"": ""Put1"", ""score"": null, ""match_max"": 0.5, ""refs"": 24, ""match_mode"": ""none"", ""steer_zones"": 41, ""people"": 0, ""track_id"": null, ""target_ex"": 0.0, ""target_cx_vel_px_s"": 0.0, ""target_age_s"": null, ""lidar_min_m"": 0.68, ""target_lidar_m"": null, ""target_lidar_deg"": null, ""camera_range_m"""
2026-07-18T15:50:15.349,3134.35,mission_20260718_145801_manual,MANUAL,,0,13.330309867858887,100.9979019165039,149.93655854693003,4,True,0.6899999976158142,1,0,0,-1,0,0.0,0.0,0.0,0,0,nan,nan,nan,73,26.100000381469727,0.0,36.0,0,29,-,READY owner=Put1 refs=24,"{""cmd"": ""STOP"", ""status"": ""READY"", ""detector"": ""yolo"", ""state"": ""IDLE"", ""owner"": ""Put1"", ""score"": null, ""match_max"": 0.5, ""refs"": 24, ""match_mode"": ""none"", ""steer_zones"": 41, ""people"": 0, ""track_id"": null, ""target_ex"": 0.0, ""target_cx_vel_px_s"": 0.0, ""target_age_s"": null, ""lidar_min_m"": 0.68, ""target_lidar_m"": null, ""target_lidar_deg"": null, ""camera_range_m"""
2026-07-18T15:50:17.434,3136.435,mission_20260718_145801_manual,MANUAL,,0,13.330309867858887,100.99789428710938,149.93956383016484,4,True,0.6899999976158142,1,0,0,-1,0,0.0,0.0,0.0,0,0,nan,nan,nan,73,26.100000381469727,0.0,36.0,0,29,-,READY owner=Put1 refs=24,"{""cmd"": ""STOP"", ""status"": ""READY"", ""detector"": ""yolo"", ""state"": ""IDLE"", ""owner"": ""Put1"", ""score"": null, ""match_max"": 0.5, ""refs"": 24, ""match_mode"": ""none"", ""steer_zones"": 41, ""people"": 0, ""track_id"": null, ""target_ex"": 0.0, ""target_cx_vel_px_s"": 0.0, ""target_age_s"": null, ""lidar_min_m"": 0.68, ""target_lidar_m"": null, ""target_lidar_deg"": null, ""camera_range_m"""
2026-07-18T15:50:19.510,3138.511,mission_20260718_145801_manual,MANUAL,,0,13.330309867858887,100.99789428710938,149.94396247199032,4,True,0.6909999847412109,1,0,0,-1,0,0.0,0.0,0.0,0,0,nan,nan,nan,73,26.100000381469727,0.0,36.0,0,30,-,READY owner=Put1 refs=24,"{""cmd"": ""STOP"", ""status"": ""READY"", ""detector"": ""yolo"", ""state"": ""IDLE"", ""owner"": ""Put1"", ""score"": null, ""match_max"": 0.5, ""refs"": 24, ""match_mode"": ""none"", ""steer_zones"": 41, ""people"": 0, ""track_id"": null, ""target_ex"": 0.0, ""target_cx_vel_px_s"": 0.0, ""target_age_s"": null, ""lidar_min_m"": 0.68, ""target_lidar_m"": null, ""target_lidar_deg"": null, ""camera_range_m"""
2026-07-18T15:50:21.580,3140.58,mission_20260718_145801_manual,MANUAL,,0,13.330309867858887,100.99789428710938,149.93549303741952,4,True,0.6902499794960022,1,0,0,-1,0,0.0,0.0,0.0,0,0,nan,nan,nan,73,26.100000381469727,0.0,36.0,0,30,-,READY owner=Put1 refs=24,"{""cmd"": ""STOP"", ""status"": ""READY"", ""detector"": ""yolo"", ""state"": ""IDLE"", ""owner"": ""Put1"", ""score"": null, ""match_max"": 0.5, ""refs"": 24, ""match_mode"": ""none"", ""steer_zones"": 41, ""people"": 0, ""track_id"": null, ""target_ex"": 0.0, ""target_cx_vel_px_s"": 0.0, ""target_age_s"": null, ""lidar_min_m"": 0.68, ""target_lidar_m"": null, ""target_lidar_deg"": null, ""camera_range_m"""
2026-07-18T15:50:23.671,3142.671,mission_20260718_145801_manual,MANUAL,,0,13.330310821533203,100.99789428710938,149.93506956569098,4,True,0.6892499923706055,1,0,0,-1,0,0.0,0.0,0.0,0,0,nan,nan,nan,73,26.100000381469727,0.0,36.0,0,30,-,READY owner=Put1 refs=24,"{""cmd"": ""STOP"", ""status"": ""READY"", ""detector"": ""yolo"", ""state"": ""IDLE"", ""owner"": ""Put1"", ""score"": null, ""match_max"": 0.5, ""refs"": 24, ""match_mode"": ""none"", ""steer_zones"": 41, ""people"": 0, ""track_id"": null, ""target_ex"": 0.0, ""target_cx_vel_px_s"": 0.0, ""target_age_s"": null, ""lidar_min_m"": 0.68, ""target_lidar_m"": null, ""target_lidar_deg"": null, ""camera_range_m"""
2026-07-18T15:50:25.754,3144.754,mission_20260718_145801_manual,MANUAL,,0,13.330310821533203,100.99789428710938,149.9282257161426,4,True,0.6897500157356262,1,0,0,-1,0,0.0,0.0,0.0,0,0,nan,nan,nan,73,26.100000381469727,0.0,36.0,0,30,-,READY owner=Put1 refs=24,"{""cmd"": ""STOP"", ""status"": ""READY"", ""detector"": ""yolo"", ""state"": ""IDLE"", ""owner"": ""Put1"", ""score"": null, ""match_max"": 0.5, ""refs"": 24, ""match_mode"": ""none"", ""steer_zones"": 41, ""people"": 0, ""track_id"": null, ""target_ex"": 0.0, ""target_cx_vel_px_s"": 0.0, ""target_age_s"": null, ""lidar_min_m"": 0.68, ""target_lidar_m"": null, ""target_lidar_deg"": null, ""camera_range_m"""
2026-07-18T15:50:27.828,3146.829,mission_20260718_145801_manual,MANUAL,,0,13.33031177520752,100.99789428710938,149.9346734147191,4,True,0.6887500286102295,1,0,0,-1,0,0.0,0.0,0.0,0,0,nan,nan,nan,73,26.100000381469727,0.0,36.0,0,30,-,READY owner=Put1 refs=24,"{""cmd"": ""STOP"", ""status"": ""READY"", ""detector"": ""yolo"", ""state"": ""IDLE"", ""owner"": ""Put1"", ""score"": null, ""match_max"": 0.5, ""refs"": 24, ""match_mode"": ""none"", ""steer_zones"": 41, ""people"": 0, ""track_id"": null, ""target_ex"": 0.0, ""target_cx_vel_px_s"": 0.0, ""target_age_s"": null, ""lidar_min_m"": 0.68, ""target_lidar_m"": null, ""target_lidar_deg"": null, ""camera_range_m"""
2026-07-18T15:50:29.909,3148.909,mission_20260718_145801_manual,MANUAL,,0,13.33031177520752,100.99789428710938,149.94330677383,4,True,0.6887500286102295,1,0,0,-1,0,0.0,0.0,0.0,0,0,nan,nan,nan,73,26.100000381469727,0.0,36.0,0,30,-,READY owner=Put1 refs=24,"{""cmd"": ""STOP"", ""status"": ""READY"", ""detector"": ""yolo"", ""state"": ""IDLE"", ""owner"": ""Put1"", ""score"": null, ""match_max"": 0.5, ""refs"": 24, ""match_mode"": ""none"", ""steer_zones"": 41, ""people"": 0, ""track_id"": null, ""target_ex"": 0.0, ""target_cx_vel_px_s"": 0.0, ""target_age_s"": null, ""lidar_min_m"": 0.68, ""target_lidar_m"": null, ""target_lidar_deg"": null, ""camera_range_m"""
2026-07-18T15:50:31.981,3150.981,mission_20260718_145801_manual,MANUAL,,0,13.33031177520752,100.99789428710938,149.94215930204945,4,True,0.690500020980835,1,0,0,-1,0,0.0,0.0,0.0,0,0,nan,nan,nan,73,26.100000381469727,0.0,36.0,0,29,-,READY owner=Put1 refs=24,"{""cmd"": ""STOP"", ""status"": ""READY"", ""detector"": ""yolo"", ""state"": ""IDLE"", ""owner"": ""Put1"", ""score"": null, ""match_max"": 0.5, ""refs"": 24, ""match_mode"": ""none"", ""steer_zones"": 41, ""people"": 0, ""track_id"": null, ""target_ex"": 0.0, ""target_cx_vel_px_s"": 0.0, ""target_age_s"": null, ""lidar_min_m"": 0.68, ""target_lidar_m"": null, ""target_lidar_deg"": null, ""camera_range_m"""
2026-07-18T15:50:34.001,3153.001,mission_20260718_145801_manual,MANUAL,,0,13.330310821533203,100.99789428710938,149.93612141482316,4,True,0.6875,1,0,0,-1,0,0.0,0.0,0.0,0,0,nan,nan,nan,73,26.100000381469727,0.0,36.0,0,28,-,READY owner=Put1 refs=24,"{""cmd"": ""STOP"", ""status"": ""READY"", ""detector"": ""yolo"", ""state"": ""IDLE"", ""owner"": ""Put1"", ""score"": null, ""match_max"": 0.5, ""refs"": 24, ""match_mode"": ""none"", ""steer_zones"": 41, ""people"": 0, ""track_id"": null, ""target_ex"": 0.0, ""target_cx_vel_px_s"": 0.0, ""target_age_s"": null, ""lidar_min_m"": 0.68, ""target_lidar_m"": null, ""target_lidar_deg"": null, ""camera_range_m"""
2026-07-18T15:50:36.078,3155.078,mission_20260718_145801_manual,MANUAL,,0,13.330310821533203,100.99789428710938,149.94072496232374,4,True,0.6912500262260437,1,0,0,-1,0,0.0,0.0,0.0,0,0,nan,nan,nan,73,26.100000381469727,0.0,36.0,0,30,-,READY owner=Put1 refs=24,"{""cmd"": ""STOP"", ""status"": ""READY"", ""detector"": ""yolo"", ""state"": ""IDLE"", ""owner"": ""Put1"", ""score"": null, ""match_max"": 0.5, ""refs"": 24, ""match_mode"": ""none"", ""steer_zones"": 41, ""people"": 0, ""track_id"": null, ""target_ex"": 0.0, ""target_cx_vel_px_s"": 0.0, ""target_age_s"": null, ""lidar_min_m"": 0.68, ""target_lidar_m"": null, ""target_lidar_deg"": null, ""camera_range_m"""
2026-07-18T15:50:38.140,3157.14,mission_20260718_145801_manual,MANUAL,,0,13.33031177520752,100.99789428710938,149.94073862270207,4,True,0.6909999847412109,1,0,0,-1,0,0.0,0.0,0.0,0,0,nan,nan,nan,73,26.100000381469727,0.0,36.0,0,29,-,READY owner=Put1 refs=24,"{""cmd"": ""STOP"", ""status"": ""READY"", ""detector"": ""yolo"", ""state"": ""IDLE"", ""owner"": ""Put1"", ""score"": null, ""match_max"": 0.5, ""refs"": 24, ""match_mode"": ""none"", ""steer_zones"": 41, ""people"": 0, ""track_id"": null, ""target_ex"": 0.0, ""target_cx_vel_px_s"": 0.0, ""target_age_s"": null, ""lidar_min_m"": 0.68, ""target_lidar_m"": null, ""target_lidar_deg"": null, ""camera_range_m"""
2026-07-18T15:50:40.198,3159.198,mission_20260718_145801_manual,MANUAL,,0,13.33031177520752,100.99789428710938,149.9545356048255,4,True,0.6915000081062317,1,0,0,-1,0,0.0,0.0,0.0,0,0,nan,nan,nan,73,26.100000381469727,0.0,36.0,0,27,-,READY owner=Put1 refs=24,"{""cmd"": ""STOP"", ""status"": ""READY"", ""detector"": ""yolo"", ""state"": ""IDLE"", ""owner"": ""Put1"", ""score"": null, ""match_max"": 0.5, ""refs"": 24, ""match_mode"": ""none"", ""steer_zones"": 41, ""people"": 0, ""track_id"": null, ""target_ex"": 0.0, ""target_cx_vel_px_s"": 0.0, ""target_age_s"": null, ""lidar_min_m"": 0.68, ""target_lidar_m"": null, ""target_lidar_deg"": null, ""camera_range_m"""
2026-07-18T15:50:42.269,3161.27,mission_20260718_145801_manual,MANUAL,,0,13.330310821533203,100.99789428710938,149.96103794491535,4,True,0.6919999718666077,1,0,0,-1,0,0.0,0.0,0.0,0,0,nan,nan,nan,73,26.100000381469727,0.0,36.0,0,29,-,READY owner=Put1 refs=24,"{""cmd"": ""STOP"", ""status"": ""READY"", ""detector"": ""yolo"", ""state"": ""IDLE"", ""owner"": ""Put1"", ""score"": null, ""match_max"": 0.5, ""refs"": 24, ""match_mode"": ""none"", ""steer_zones"": 41, ""people"": 0, ""track_id"": null, ""target_ex"": 0.0, ""target_cx_vel_px_s"": 0.0, ""target_age_s"": null, ""lidar_min_m"": 0.68, ""target_lidar_m"": null, ""target_lidar_deg"": null, ""camera_range_m"""
2026-07-18T15:50:44.283,3163.284,mission_20260718_145801_manual,MANUAL,,0,13.330310821533203,100.99789428710938,149.9682506246789,4,True,0.6899999976158142,1,0,0,-1,0,0.0,0.0,0.0,0,0,nan,nan,nan,73,26.100000381469727,0.0,36.0,0,29,-,READY owner=Put1 refs=24,"{""cmd"": ""STOP"", ""status"": ""READY"", ""detector"": ""yolo"", ""state"": ""IDLE"", ""owner"": ""Put1"", ""score"": null, ""match_max"": 0.5, ""refs"": 24, ""match_mode"": ""none"", ""steer_zones"": 41, ""people"": 0, ""track_id"": null, ""target_ex"": 0.0, ""target_cx_vel_px_s"": 0.0, ""target_age_s"": null, ""lidar_min_m"": 0.68, ""target_lidar_m"": null, ""target_lidar_deg"": null, ""camera_range_m"""
2026-07-18T15:50:46.289,3165.29,mission_20260718_145801_manual,MANUAL,,0,13.33031177520752,100.99789428710938,149.9765834554663,4,True,0.6882500052452087,1,0,0,-1,0,0.0,0.0,0.0,0,0,nan,nan,nan,73,26.100000381469727,0.0,36.0,0,29,-,READY owner=Put1 refs=24,"{""cmd"": ""STOP"", ""status"": ""READY"", ""detector"": ""yolo"", ""state"": ""IDLE"", ""owner"": ""Put1"", ""score"": null, ""match_max"": 0.5, ""refs"": 24, ""match_mode"": ""none"", ""steer_zones"": 41, ""people"": 0, ""track_id"": null, ""target_ex"": 0.0, ""target_cx_vel_px_s"": 0.0, ""target_age_s"": null, ""lidar_min_m"": 0.68, ""target_lidar_m"": null, ""target_lidar_deg"": null, ""camera_range_m"""
2026-07-18T15:50:48.369,3167.37,mission_20260718_145801_manual,MANUAL,,0,13.330312728881836,100.99789428710938,149.98042202177984,4,True,0.690750002861023,1,0,0,-1,0,0.0,0.0,0.0,0,0,nan,nan,nan,73,26.100000381469727,0.0,36.0,0,29,-,READY owner=Put1 refs=24,"{""cmd"": ""STOP"", ""status"": ""READY"", ""detector"": ""yolo"", ""state"": ""IDLE"", ""owner"": ""Put1"", ""score"": null, ""match_max"": 0.5, ""refs"": 24, ""match_mode"": ""none"", ""steer_zones"": 41, ""people"": 0, ""track_id"": null, ""target_ex"": 0.0, ""target_cx_vel_px_s"": 0.0, ""target_age_s"": null, ""lidar_min_m"": 0.68, ""target_lidar_m"": null, ""target_lidar_deg"": null, ""camera_range_m"""
2026-07-18T15:50:50.441,3169.442,mission_20260718_145801_manual,MANUAL,,0,13.330312728881836,100.99789428710938,149.99192406034214,4,True,0.6894999742507935,1,0,0,-1,0,0.0,0.0,0.0,0,0,nan,nan,nan,73,26.100000381469727,0.0,36.0,0,31,-,READY owner=Put1 refs=24,"{""cmd"": ""STOP"", ""status"": ""READY"", ""detector"": ""yolo"", ""state"": ""IDLE"", ""owner"": ""Put1"", ""score"": null, ""match_max"": 0.5, ""refs"": 24, ""match_mode"": ""none"", ""steer_zones"": 41, ""people"": 0, ""track_id"": null, ""target_ex"": 0.0, ""target_cx_vel_px_s"": 0.0, ""target_age_s"": null, ""lidar_min_m"": 0.68, ""target_lidar_m"": null, ""target_lidar_deg"": null, ""camera_range_m"""
2026-07-18T15:50:52.529,3171.53,mission_20260718_145801_manual,MANUAL,,0,13.330312728881836,100.99789428710938,149.99935530615912,4,True,0.6912500262260437,1,0,0,-1,0,0.0,0.0,0.0,0,0,nan,nan,nan,73,26.100000381469727,0.0,36.0,0,31,-,READY owner=Put1 refs=24,"{""cmd"": ""STOP"", ""status"": ""READY"", ""detector"": ""yolo"", ""state"": ""IDLE"", ""owner"": ""Put1"", ""score"": null, ""match_max"": 0.5, ""refs"": 24, ""match_mode"": ""none"", ""steer_zones"": 41, ""people"": 0, ""track_id"": null, ""target_ex"": 0.0, ""target_cx_vel_px_s"": 0.0, ""target_age_s"": null, ""lidar_min_m"": 0.68, ""target_lidar_m"": null, ""target_lidar_deg"": null, ""camera_range_m"""
2026-07-18T15:50:54.603,3173.604,mission_20260718_145801_manual,MANUAL,,0,13.33031177520752,100.99789428710938,150.01342549584936,4,True,0.6915000081062317,1,0,0,-1,0,0.0,0.0,0.0,0,0,nan,nan,nan,73,26.100000381469727,0.0,36.0,0,31,-,READY owner=Put1 refs=24,"{""cmd"": ""STOP"", ""status"": ""READY"", ""detector"": ""yolo"", ""state"": ""IDLE"", ""owner"": ""Put1"", ""score"": null, ""match_max"": 0.5, ""refs"": 24, ""match_mode"": ""none"", ""steer_zones"": 41, ""people"": 0, ""track_id"": null, ""target_ex"": 0.0, ""target_cx_vel_px_s"": 0.0, ""target_age_s"": null, ""lidar_min_m"": 0.68, ""target_lidar_m"": null, ""target_lidar_deg"": null, ""camera_range_m"""
2026-07-18T15:50:56.702,3175.702,mission_20260718_145801_manual,MANUAL,,0,13.330309867858887,100.99789428710938,150.0178787791882,4,True,0.6892499923706055,1,0,0,-1,0,0.0,0.0,0.0,0,0,nan,nan,nan,73,26.100000381469727,0.0,36.0,0,31,-,READY owner=Put1 refs=24,"{""cmd"": ""STOP"", ""status"": ""READY"", ""detector"": ""yolo"", ""state"": ""IDLE"", ""owner"": ""Put1"", ""score"": null, ""match_max"": 0.5, ""refs"": 24, ""match_mode"": ""none"", ""steer_zones"": 41, ""people"": 0, ""track_id"": null, ""target_ex"": 0.0, ""target_cx_vel_px_s"": 0.0, ""target_age_s"": null, ""lidar_min_m"": 0.68, ""target_lidar_m"": null, ""target_lidar_deg"": null, ""camera_range_m"""
2026-07-18T15:50:58.763,3177.764,mission_20260718_145801_manual,MANUAL,,0,13.330307960510254,100.99789428710938,150.0209523643147,4,True,0.6909999847412109,1,0,0,-1,0,0.0,0.0,0.0,0,0,nan,nan,nan,73,26.100000381469727,0.0,36.0,0,31,-,READY owner=Put1 refs=24,"{""cmd"": ""STOP"", ""status"": ""READY"", ""detector"": ""yolo"", ""state"": ""IDLE"", ""owner"": ""Put1"", ""score"": null, ""match_max"": 0.5, ""refs"": 24, ""match_mode"": ""none"", ""steer_zones"": 41, ""people"": 0, ""track_id"": null, ""target_ex"": 0.0, ""target_cx_vel_px_s"": 0.0, ""target_age_s"": null, ""lidar_min_m"": 0.68, ""target_lidar_m"": null, ""target_lidar_deg"": null, ""camera_range_m"""
2026-07-18T15:51:00.833,3179.834,mission_20260718_145801_manual,MANUAL,,0,13.330307006835938,100.99789428710938,150.02816504407824,4,True,0.6887500286102295,1,0,0,-1,0,0.0,0.0,0.0,0,0,nan,nan,nan,73,26.100000381469727,0.0,36.0,0,30,-,READY owner=Put1 refs=24,"{""cmd"": ""STOP"", ""status"": ""READY"", ""detector"": ""yolo"", ""state"": ""IDLE"", ""owner"": ""Put1"", ""score"": null, ""match_max"": 0.5, ""refs"": 24, ""match_mode"": ""none"", ""steer_zones"": 41, ""people"": 0, ""track_id"": null, ""target_ex"": 0.0, ""target_cx_vel_px_s"": 0.0, ""target_age_s"": null, ""lidar_min_m"": 0.68, ""target_lidar_m"": null, ""target_lidar_deg"": null, ""camera_range_m"""
2026-07-18T15:51:02.895,3181.895,mission_20260718_145801_manual,MANUAL,,0,13.330306053161621,100.99789428710938,150.04182542241827,4,True,0.6912500262260437,1,0,0,-1,0,0.0,0.0,0.0,0,0,nan,nan,nan,73,26.100000381469727,0.0,36.0,0,30,-,READY owner=Put1 refs=24,"{""cmd"": ""STOP"", ""status"": ""READY"", ""detector"": ""yolo"", ""state"": ""IDLE"", ""owner"": ""Put1"", ""score"": null, ""match_max"": 0.5, ""refs"": 24, ""match_mode"": ""none"", ""steer_zones"": 41, ""people"": 0, ""track_id"": null, ""target_ex"": 0.0, ""target_cx_vel_px_s"": 0.0, ""target_age_s"": null, ""lidar_min_m"": 0.68, ""target_lidar_m"": null, ""target_lidar_deg"": null, ""camera_range_m"""
2026-07-18T15:51:04.999,3184.0,mission_20260718_145801_manual,MANUAL,,0,13.330305099487305,100.99789428710938,150.0505407437992,4,True,0.6899999976158142,1,0,0,-1,0,0.0,0.0,0.0,0,0,nan,nan,nan,73,26.100000381469727,0.0,36.0,0,30,-,READY owner=Put1 refs=24,"{""cmd"": ""STOP"", ""status"": ""READY"", ""detector"": ""yolo"", ""state"": ""IDLE"", ""owner"": ""Put1"", ""score"": null, ""match_max"": 0.5, ""refs"": 24, ""match_mode"": ""none"", ""steer_zones"": 41, ""people"": 0, ""track_id"": null, ""target_ex"": 0.0, ""target_cx_vel_px_s"": 0.0, ""target_age_s"": null, ""lidar_min_m"": 0.68, ""target_lidar_m"": null, ""target_lidar_deg"": null, ""camera_range_m"""
2026-07-18T15:51:07.069,3186.069,mission_20260718_145801_manual,MANUAL,,0,13.330305099487305,100.99789428710938,150.0563737253504,4,True,0.6897500157356262,1,0,0,-1,0,0.0,0.0,0.0,0,0,nan,nan,nan,73,26.100000381469727,0.0,36.0,0,30,-,READY owner=Put1 refs=24,"{""cmd"": ""STOP"", ""status"": ""READY"", ""detector"": ""yolo"", ""state"": ""IDLE"", ""owner"": ""Put1"", ""score"": null, ""match_max"": 0.5, ""refs"": 24, ""match_mode"": ""none"", ""steer_zones"": 41, ""people"": 0, ""track_id"": null, ""target_ex"": 0.0, ""target_cx_vel_px_s"": 0.0, ""target_age_s"": null, ""lidar_min_m"": 0.68, ""target_lidar_m"": null, ""target_lidar_deg"": null, ""camera_range_m"""
2026-07-18T15:51:09.162,3188.163,mission_20260718_145801_manual,MANUAL,,0,13.330304145812988,100.99789428710938,150.06097727285098,4,True,0.6922500133514404,1,0,0,-1,0,0.0,0.0,0.0,0,0,nan,nan,nan,73,26.100000381469727,0.0,36.0,0,29,-,READY owner=Put1 refs=24,"{""cmd"": ""STOP"", ""status"": ""READY"", ""detector"": ""yolo"", ""state"": ""IDLE"", ""owner"": ""Put1"", ""score"": null, ""match_max"": 0.5, ""refs"": 24, ""match_mode"": ""none"", ""steer_zones"": 41, ""people"": 0, ""track_id"": null, ""target_ex"": 0.0, ""target_cx_vel_px_s"": 0.0, ""target_age_s"": null, ""lidar_min_m"": 0.68, ""target_lidar_m"": null, ""target_lidar_deg"": null, ""camera_range_m"""
2026-07-18T15:51:11.235,3190.235,mission_20260718_145801_manual,MANUAL,,0,13.330304145812988,100.99789428710938,150.0689412734232,4,True,0.6894999742507935,1,0,0,-1,0,0.0,0.0,0.0,0,0,nan,nan,nan,73,26.100000381469727,0.0,36.0,0,28,-,READY owner=Put1 refs=24,"{""cmd"": ""STOP"", ""status"": ""READY"", ""detector"": ""yolo"", ""state"": ""IDLE"", ""owner"": ""Put1"", ""score"": null, ""match_max"": 0.5, ""refs"": 24, ""match_mode"": ""none"", ""steer_zones"": 41, ""people"": 0, ""track_id"": null, ""target_ex"": 0.0, ""target_cx_vel_px_s"": 0.0, ""target_age_s"": null, ""lidar_min_m"": 0.68, ""target_lidar_m"": null, ""target_lidar_deg"": null, ""camera_range_m"""
2026-07-18T15:51:13.307,3192.307,mission_20260718_145801_manual,MANUAL,,0,13.330304145812988,100.99789428710938,150.06752059407586,4,True,0.6902499794960022,1,0,0,-1,0,0.0,0.0,0.0,0,0,nan,nan,nan,73,26.100000381469727,0.0,36.0,0,30,-,READY owner=Put1 refs=24,"{""cmd"": ""STOP"", ""status"": ""READY"", ""detector"": ""yolo"", ""state"": ""IDLE"", ""owner"": ""Put1"", ""score"": null, ""match_max"": 0.5, ""refs"": 24, ""match_mode"": ""none"", ""steer_zones"": 41, ""people"": 0, ""track_id"": null, ""target_ex"": 0.0, ""target_cx_vel_px_s"": 0.0, ""target_age_s"": null, ""lidar_min_m"": 0.68, ""target_lidar_m"": null, ""target_lidar_deg"": null, ""camera_range_m"""
2026-07-18T15:51:15.387,3194.387,mission_20260718_145801_manual,MANUAL,,0,13.330305099487305,100.99789428710938,150.06745229218416,4,True,0.6892499923706055,1,0,0,-1,0,0.0,0.0,0.0,0,0,nan,nan,nan,73,26.100000381469727,0.0,36.0,0,29,-,READY owner=Put1 refs=24,"{""cmd"": ""STOP"", ""status"": ""READY"", ""detector"": ""yolo"", ""state"": ""IDLE"", ""owner"": ""Put1"", ""score"": null, ""match_max"": 0.5, ""refs"": 24, ""match_mode"": ""none"", ""steer_zones"": 41, ""people"": 0, ""track_id"": null, ""target_ex"": 0.0, ""target_cx_vel_px_s"": 0.0, ""target_age_s"": null, ""lidar_min_m"": 0.68, ""target_lidar_m"": null, ""target_lidar_deg"": null, ""camera_range_m"""
2026-07-18T15:51:17.466,3196.467,mission_20260718_145801_manual,MANUAL,,0,13.330306053161621,100.99789428710938,150.05626444232368,4,True,0.6919999718666077,1,0,0,-1,0,0.0,0.0,0.0,0,0,nan,nan,nan,73,26.100000381469727,0.0,36.0,0,29,-,READY owner=Put1 refs=24,"{""cmd"": ""STOP"", ""status"": ""READY"", ""detector"": ""yolo"", ""state"": ""IDLE"", ""owner"": ""Put1"", ""score"": null, ""match_max"": 0.5, ""refs"": 24, ""match_mode"": ""none"", ""steer_zones"": 41, ""people"": 0, ""track_id"": null, ""target_ex"": 0.0, ""target_cx_vel_px_s"": 0.0, ""target_age_s"": null, ""lidar_min_m"": 0.68, ""target_lidar_m"": null, ""target_lidar_deg"": null, ""camera_range_m"""
2026-07-18T15:51:19.544,3198.544,mission_20260718_145801_manual,MANUAL,,0,13.330307006835938,100.99789428710938,150.06526663164976,4,True,0.6887500286102295,1,0,0,-1,0,0.0,0.0,0.0,0,0,nan,nan,nan,73,26.100000381469727,0.0,36.0,0,30,-,READY owner=Put1 refs=24,"{""cmd"": ""STOP"", ""status"": ""READY"", ""detector"": ""yolo"", ""state"": ""IDLE"", ""owner"": ""Put1"", ""score"": null, ""match_max"": 0.5, ""refs"": 24, ""match_mode"": ""none"", ""steer_zones"": 41, ""people"": 0, ""track_id"": null, ""target_ex"": 0.0, ""target_cx_vel_px_s"": 0.0, ""target_age_s"": null, ""lidar_min_m"": 0.68, ""target_lidar_m"": null, ""target_lidar_deg"": null, ""camera_range_m"""
2026-07-18T15:51:21.622,3200.623,mission_20260718_145801_manual,MANUAL,,0,13.330307960510254,100.99789428710938,150.07384534924728,4,True,0.6902499794960022,1,0,0,-1,0,0.0,0.0,0.0,0,0,nan,nan,nan,73,26.100000381469727,0.0,36.0,0,30,-,READY owner=Put1 refs=24,"{""cmd"": ""STOP"", ""status"": ""READY"", ""detector"": ""yolo"", ""state"": ""IDLE"", ""owner"": ""Put1"", ""score"": null, ""match_max"": 0.5, ""refs"": 24, ""match_mode"": ""none"", ""steer_zones"": 41, ""people"": 0, ""track_id"": null, ""target_ex"": 0.0, ""target_cx_vel_px_s"": 0.0, ""target_age_s"": null, ""lidar_min_m"": 0.68, ""target_lidar_m"": null, ""target_lidar_deg"": null, ""camera_range_m"""
2026-07-18T15:51:23.696,3202.697,mission_20260718_145801_manual,MANUAL,,0,13.33030891418457,100.9979019165039,150.08148150073936,4,True,0.6875,1,0,0,-1,0,0.0,0.0,0.0,0,0,nan,nan,nan,73,26.100000381469727,0.0,36.0,0,30,-,READY owner=Put1 refs=24,"{""cmd"": ""STOP"", ""status"": ""READY"", ""detector"": ""yolo"", ""state"": ""IDLE"", ""owner"": ""Put1"", ""score"": null, ""match_max"": 0.5, ""refs"": 24, ""match_mode"": ""none"", ""steer_zones"": 41, ""people"": 0, ""track_id"": null, ""target_ex"": 0.0, ""target_cx_vel_px_s"": 0.0, ""target_age_s"": null, ""lidar_min_m"": 0.68, ""target_lidar_m"": null, ""target_lidar_deg"": null, ""camera_range_m"""
2026-07-18T15:51:25.764,3204.764,mission_20260718_145801_manual,MANUAL,,0,13.330309867858887,100.9979019165039,150.0803340289588,4,True,0.6892499923706055,1,0,0,-1,0,0.0,0.0,0.0,0,0,nan,nan,nan,73,26.100000381469727,0.0,36.0,0,30,-,READY owner=Put1 refs=24,"{""cmd"": ""STOP"", ""status"": ""READY"", ""detector"": ""yolo"", ""state"": ""IDLE"", ""owner"": ""Put1"", ""score"": null, ""match_max"": 0.5, ""refs"": 24, ""match_mode"": ""none"", ""steer_zones"": 41, ""people"": 0, ""track_id"": null, ""target_ex"": 0.0, ""target_cx_vel_px_s"": 0.0, ""target_age_s"": null, ""lidar_min_m"": 0.68, ""target_lidar_m"": null, ""target_lidar_deg"": null, ""camera_range_m"""
2026-07-18T15:51:27.853,3206.853,mission_20260718_145801_manual,MANUAL,,0,13.330310821533203,100.9979019165039,150.0793095005833,4,True,0.6899999976158142,1,0,0,-1,0,0.0,0.0,0.0,0,0,nan,nan,nan,73,26.100000381469727,0.0,36.0,0,29,-,READY owner=Put1 refs=24,"{""cmd"": ""STOP"", ""status"": ""READY"", ""detector"": ""yolo"", ""state"": ""IDLE"", ""owner"": ""Put1"", ""score"": null, ""match_max"": 0.5, ""refs"": 24, ""match_mode"": ""none"", ""steer_zones"": 41, ""people"": 0, ""track_id"": null, ""target_ex"": 0.0, ""target_cx_vel_px_s"": 0.0, ""target_age_s"": null, ""lidar_min_m"": 0.68, ""target_lidar_m"": null, ""target_lidar_deg"": null, ""camera_range_m"""
2026-07-18T15:51:29.940,3208.941,mission_20260718_145801_manual,MANUAL,,0,13.330310821533203,100.9979019165039,150.0884209729361,4,True,0.6917499899864197,1,0,0,-1,0,0.0,0.0,0.0,0,0,nan,nan,nan,73,26.100000381469727,0.0,36.0,0,30,-,READY owner=Put1 refs=24,"{""cmd"": ""STOP"", ""status"": ""READY"", ""detector"": ""yolo"", ""state"": ""IDLE"", ""owner"": ""Put1"", ""score"": null, ""match_max"": 0.5, ""refs"": 24, ""match_mode"": ""none"", ""steer_zones"": 41, ""people"": 0, ""track_id"": null, ""target_ex"": 0.0, ""target_cx_vel_px_s"": 0.0, ""target_age_s"": null, ""lidar_min_m"": 0.68, ""target_lidar_m"": null, ""target_lidar_deg"": null, ""camera_range_m"""
2026-07-18T15:51:31.991,3210.992,mission_20260718_145801_manual,MANUAL,,0,13.33031177520752,100.9979019165039,150.08055259501225,4,True,0.6912500262260437,1,0,0,-1,0,0.0,0.0,0.0,0,0,nan,nan,nan,73,26.100000381469727,0.0,36.0,0,30,-,READY owner=Put1 refs=24,"{""cmd"": ""STOP"", ""status"": ""READY"", ""detector"": ""yolo"", ""state"": ""IDLE"", ""owner"": ""Put1"", ""score"": null, ""match_max"": 0.5, ""refs"": 24, ""match_mode"": ""none"", ""steer_zones"": 41, ""people"": 0, ""track_id"": null, ""target_ex"": 0.0, ""target_cx_vel_px_s"": 0.0, ""target_age_s"": null, ""lidar_min_m"": 0.68, ""target_lidar_m"": null, ""target_lidar_deg"": null, ""camera_range_m"""
2026-07-18T15:51:34.052,3213.052,mission_20260718_145801_manual,MANUAL,,0,13.33031177520752,100.9979019165039,150.07116791509264,4,True,0.6882500052452087,1,0,0,-1,0,0.0,0.0,0.0,0,0,nan,nan,nan,73,26.100000381469727,0.0,36.0,0,29,-,READY owner=Put1 refs=24,"{""cmd"": ""STOP"", ""status"": ""READY"", ""detector"": ""yolo"", ""state"": ""IDLE"", ""owner"": ""Put1"", ""score"": null, ""match_max"": 0.5, ""refs"": 24, ""match_mode"": ""none"", ""steer_zones"": 41, ""people"": 0, ""track_id"": null, ""target_ex"": 0.0, ""target_cx_vel_px_s"": 0.0, ""target_age_s"": null, ""lidar_min_m"": 0.68, ""target_lidar_m"": null, ""target_lidar_deg"": null, ""camera_range_m"""
2026-07-18T15:51:36.110,3215.111,mission_20260718_145801_manual,MANUAL,,0,13.330312728881836,100.9979019165039,150.05911946139673,4,True,0.690750002861023,1,0,0,-1,0,0.0,0.0,0.0,0,0,nan,nan,nan,73,26.100000381469727,0.0,36.0,0,28,-,READY owner=Put1 refs=24,"{""cmd"": ""STOP"", ""status"": ""READY"", ""detector"": ""yolo"", ""state"": ""IDLE"", ""owner"": ""Put1"", ""score"": null, ""match_max"": 0.5, ""refs"": 24, ""match_mode"": ""none"", ""steer_zones"": 41, ""people"": 0, ""track_id"": null, ""target_ex"": 0.0, ""target_cx_vel_px_s"": 0.0, ""target_age_s"": null, ""lidar_min_m"": 0.68, ""target_lidar_m"": null, ""target_lidar_deg"": null, ""camera_range_m"""
2026-07-18T15:51:38.202,3217.202,mission_20260718_145801_manual,MANUAL,,0,13.33031177520752,100.99789428710938,150.04727591337593,4,True,0.6909999847412109,1,0,0,-1,0,0.0,0.0,0.0,0,0,nan,nan,nan,73,26.100000381469727,0.0,36.0,0,28,-,READY owner=Put1 refs=24,"{""cmd"": ""STOP"", ""status"": ""READY"", ""detector"": ""yolo"", ""state"": ""IDLE"", ""owner"": ""Put1"", ""score"": null, ""match_max"": 0.5, ""refs"": 24, ""match_mode"": ""none"", ""steer_zones"": 41, ""people"": 0, ""track_id"": null, ""target_ex"": 0.0, ""target_cx_vel_px_s"": 0.0, ""target_age_s"": null, ""lidar_min_m"": 0.68, ""target_lidar_m"": null, ""target_lidar_deg"": null, ""camera_range_m"""
2026-07-18T15:51:40.282,3219.282,mission_20260718_145801_manual,MANUAL,,0,13.33031177520752,100.9979019165039,150.0467841397557,4,True,0.6909999847412109,1,0,0,-1,0,0.0,0.0,0.0,0,0,nan,nan,nan,73,26.100000381469727,0.0,36.0,0,28,-,READY owner=Put1 refs=24,"{""cmd"": ""STOP"", ""status"": ""READY"", ""detector"": ""yolo"", ""state"": ""IDLE"", ""owner"": ""Put1"", ""score"": null, ""match_max"": 0.5, ""refs"": 24, ""match_mode"": ""none"", ""steer_zones"": 41, ""people"": 0, ""track_id"": null, ""target_ex"": 0.0, ""target_cx_vel_px_s"": 0.0, ""target_age_s"": null, ""lidar_min_m"": 0.68, ""target_lidar_m"": null, ""target_lidar_deg"": null, ""camera_range_m"""
2026-07-18T15:51:42.378,3221.379,mission_20260718_145801_manual,MANUAL,,0,13.330310821533203,100.99789428710938,150.04541810192168,4,True,0.6892499923706055,1,0,0,-1,0,0.0,0.0,0.0,0,0,nan,nan,nan,73,26.100000381469727,0.0,36.0,0,28,-,READY owner=Put1 refs=24,"{""cmd"": ""STOP"", ""status"": ""READY"", ""detector"": ""yolo"", ""state"": ""IDLE"", ""owner"": ""Put1"", ""score"": null, ""match_max"": 0.5, ""refs"": 24, ""match_mode"": ""none"", ""steer_zones"": 41, ""people"": 0, ""track_id"": null, ""target_ex"": 0.0, ""target_cx_vel_px_s"": 0.0, ""target_age_s"": null, ""lidar_min_m"": 0.68, ""target_lidar_m"": null, ""target_lidar_deg"": null, ""camera_range_m"""
2026-07-18T15:51:44.459,3223.46,mission_20260718_145801_manual,MANUAL,,0,13.330310821533203,100.99789428710938,150.04405206408768,4,True,0.6890000104904175,1,0,0,-1,0,0.0,0.0,0.0,0,0,nan,nan,nan,73,26.100000381469727,0.0,36.0,0,28,-,READY owner=Put1 refs=24,"{""cmd"": ""STOP"", ""status"": ""READY"", ""detector"": ""yolo"", ""state"": ""IDLE"", ""owner"": ""Put1"", ""score"": null, ""match_max"": 0.5, ""refs"": 24, ""match_mode"": ""none"", ""steer_zones"": 41, ""people"": 0, ""track_id"": null, ""target_ex"": 0.0, ""target_cx_vel_px_s"": 0.0, ""target_age_s"": null, ""lidar_min_m"": 0.68, ""target_lidar_m"": null, ""target_lidar_deg"": null, ""camera_range_m"""
2026-07-18T15:51:46.549,3225.549,mission_20260718_145801_manual,MANUAL,,0,13.330309867858887,100.99789428710938,150.03188066698672,4,True,0.690750002861023,1,0,0,-1,0,0.0,0.0,0.0,0,0,nan,nan,nan,73,26.100000381469727,0.0,36.0,0,27,-,READY owner=Put1 refs=24,"{""cmd"": ""STOP"", ""status"": ""READY"", ""detector"": ""yolo"", ""state"": ""IDLE"", ""owner"": ""Put1"", ""score"": null, ""match_max"": 0.5, ""refs"": 24, ""match_mode"": ""none"", ""steer_zones"": 41, ""people"": 0, ""track_id"": null, ""target_ex"": 0.0, ""target_cx_vel_px_s"": 0.0, ""target_age_s"": null, ""lidar_min_m"": 0.68, ""target_lidar_m"": null, ""target_lidar_deg"": null, ""camera_range_m"""
2026-07-18T15:51:48.651,3227.652,mission_20260718_145801_manual,MANUAL,,0,13.330307960510254,100.99789428710938,150.0269219496493,4,True,0.6887500286102295,1,0,0,-1,0,0.0,0.0,0.0,0,0,nan,nan,nan,73,26.100000381469727,0.0,36.0,0,27,-,READY owner=Put1 refs=24,"{""cmd"": ""STOP"", ""status"": ""READY"", ""detector"": ""yolo"", ""state"": ""IDLE"", ""owner"": ""Put1"", ""score"": null, ""match_max"": 0.5, ""refs"": 24, ""match_mode"": ""none"", ""steer_zones"": 41, ""people"": 0, ""track_id"": null, ""target_ex"": 0.0, ""target_cx_vel_px_s"": 0.0, ""target_age_s"": null, ""lidar_min_m"": 0.68, ""target_lidar_m"": null, ""target_lidar_deg"": null, ""camera_range_m"""
2026-07-18T15:51:50.738,3229.739,mission_20260718_145801_manual,MANUAL,,0,13.330306053161621,100.99789428710938,150.02686730813593,4,True,0.6887500286102295,1,0,0,-1,0,0.0,0.0,0.0,0,0,nan,nan,nan,73,26.100000381469727,0.0,36.0,0,27,-,READY owner=Put1 refs=24,"{""cmd"": ""STOP"", ""status"": ""READY"", ""detector"": ""yolo"", ""state"": ""IDLE"", ""owner"": ""Put1"", ""score"": null, ""match_max"": 0.5, ""refs"": 24, ""match_mode"": ""none"", ""steer_zones"": 41, ""people"": 0, ""track_id"": null, ""target_ex"": 0.0, ""target_cx_vel_px_s"": 0.0, ""target_age_s"": null, ""lidar_min_m"": 0.68, ""target_lidar_m"": null, ""target_lidar_deg"": null, ""camera_range_m"""
2026-07-18T15:51:52.810,3231.811,mission_20260718_145801_manual,MANUAL,,0,13.330305099487305,100.99789428710938,150.02543296841023,4,True,0.6899999976158142,1,0,0,-1,0,0.0,0.0,0.0,0,0,nan,nan,nan,73,26.100000381469727,0.0,36.0,0,30,-,READY owner=Put1 refs=24,"{""cmd"": ""STOP"", ""status"": ""READY"", ""detector"": ""yolo"", ""state"": ""IDLE"", ""owner"": ""Put1"", ""score"": null, ""match_max"": 0.5, ""refs"": 24, ""match_mode"": ""none"", ""steer_zones"": 41, ""people"": 0, ""track_id"": null, ""target_ex"": 0.0, ""target_cx_vel_px_s"": 0.0, ""target_age_s"": null, ""lidar_min_m"": 0.68, ""target_lidar_m"": null, ""target_lidar_deg"": null, ""camera_range_m"""
2026-07-18T15:51:54.902,3233.903,mission_20260718_145801_manual,MANUAL,,0,13.330304145812988,100.99789428710938,150.0223867040404,4,True,0.6894999742507935,1,0,0,-1,0,0.0,0.0,0.0,0,0,nan,nan,nan,73,26.100000381469727,0.0,36.0,0,30,-,READY owner=Put1 refs=24,"{""cmd"": ""STOP"", ""status"": ""READY"", ""detector"": ""yolo"", ""state"": ""IDLE"", ""owner"": ""Put1"", ""score"": null, ""match_max"": 0.5, ""refs"": 24, ""match_mode"": ""none"", ""steer_zones"": 41, ""people"": 0, ""track_id"": null, ""target_ex"": 0.0, ""target_cx_vel_px_s"": 0.0, ""target_age_s"": null, ""lidar_min_m"": 0.68, ""target_lidar_m"": null, ""target_lidar_deg"": null, ""camera_range_m"""
2026-07-18T15:51:56.904,3235.904,mission_20260718_145801_manual,MANUAL,,0,13.330302238464355,100.99789428710938,150.0190399113471,4,True,0.6880000233650208,1,0,0,-1,0,0.0,0.0,0.0,0,0,nan,nan,nan,73,26.100000381469727,0.0,36.0,0,28,-,READY owner=Put1 refs=24,"{""cmd"": ""STOP"", ""status"": ""READY"", ""detector"": ""yolo"", ""state"": ""IDLE"", ""owner"": ""Put1"", ""score"": null, ""match_max"": 0.5, ""refs"": 24, ""match_mode"": ""none"", ""steer_zones"": 41, ""people"": 0, ""track_id"": null, ""target_ex"": 0.0, ""target_cx_vel_px_s"": 0.0, ""target_age_s"": null, ""lidar_min_m"": 0.68, ""target_lidar_m"": null, ""target_lidar_deg"": null, ""camera_range_m"""
2026-07-18T15:51:58.974,3237.975,mission_20260718_145801_manual,MANUAL,,0,13.330302238464355,100.99789428710938,149.9930988528794,4,True,0.6915000081062317,1,0,0,-1,0,0.0,0.0,0.0,0,0,nan,nan,nan,73,26.100000381469727,0.0,36.0,0,28,-,READY owner=Put1 refs=24,"{""cmd"": ""STOP"", ""status"": ""READY"", ""detector"": ""yolo"", ""state"": ""IDLE"", ""owner"": ""Put1"", ""score"": null, ""match_max"": 0.5, ""refs"": 24, ""match_mode"": ""none"", ""steer_zones"": 41, ""people"": 0, ""track_id"": null, ""target_ex"": 0.0, ""target_cx_vel_px_s"": 0.0, ""target_age_s"": null, ""lidar_min_m"": 0.68, ""target_lidar_m"": null, ""target_lidar_deg"": null, ""camera_range_m"""
2026-07-18T15:52:01.027,3240.028,mission_20260718_145801_manual,MANUAL,,0,13.33029842376709,100.99789428710938,149.96912488889265,4,True,0.6894999742507935,1,0,0,-1,0,0.0,0.0,0.0,0,0,nan,nan,nan,73,26.100000381469727,0.0,36.0,0,27,-,READY owner=Put1 refs=24,"{""cmd"": ""STOP"", ""status"": ""READY"", ""detector"": ""yolo"", ""state"": ""IDLE"", ""owner"": ""Put1"", ""score"": null, ""match_max"": 0.5, ""refs"": 24, ""match_mode"": ""none"", ""steer_zones"": 41, ""people"": 0, ""track_id"": null, ""target_ex"": 0.0, ""target_cx_vel_px_s"": 0.0, ""target_age_s"": null, ""lidar_min_m"": 0.68, ""target_lidar_m"": null, ""target_lidar_deg"": null, ""camera_range_m"""
2026-07-18T15:52:03.033,3242.033,mission_20260718_145801_manual,MANUAL,,0,13.33029556274414,100.9979019165039,149.9708870776985,4,True,0.690750002861023,1,0,0,-1,0,0.0,0.0,0.0,0,0,nan,nan,nan,73,26.100000381469727,0.0,36.0,0,29,-,READY owner=Put1 refs=24,"{""cmd"": ""STOP"", ""status"": ""READY"", ""detector"": ""yolo"", ""state"": ""IDLE"", ""owner"": ""Put1"", ""score"": null, ""match_max"": 0.5, ""refs"": 24, ""match_mode"": ""none"", ""steer_zones"": 41, ""people"": 0, ""track_id"": null, ""target_ex"": 0.0, ""target_cx_vel_px_s"": 0.0, ""target_age_s"": null, ""lidar_min_m"": 0.68, ""target_lidar_m"": null, ""target_lidar_deg"": null, ""camera_range_m"""
2026-07-18T15:52:05.040,3244.041,mission_20260718_145801_manual,MANUAL,,0,13.330293655395508,100.9979019165039,149.96502677539064,4,True,0.6902499794960022,1,0,0,-1,0,0.0,0.0,0.0,0,0,nan,nan,nan,73,26.100000381469727,0.0,36.0,0,29,-,READY owner=Put1 refs=24,"{""cmd"": ""STOP"", ""status"": ""READY"", ""detector"": ""yolo"", ""state"": ""IDLE"", ""owner"": ""Put1"", ""score"": null, ""match_max"": 0.5, ""refs"": 24, ""match_mode"": ""none"", ""steer_zones"": 41, ""people"": 0, ""track_id"": null, ""target_ex"": 0.0, ""target_cx_vel_px_s"": 0.0, ""target_age_s"": null, ""lidar_min_m"": 0.68, ""target_lidar_m"": null, ""target_lidar_deg"": null, ""camera_range_m"""
2026-07-18T15:52:07.132,3246.132,mission_20260718_145801_manual,MANUAL,,0,13.330291748046875,100.9979019165039,149.9698898700797,4,True,0.6884999871253967,1,0,0,-1,0,0.0,0.0,0.0,0,0,nan,nan,nan,73,26.100000381469727,0.0,36.0,0,29,-,READY owner=Put1 refs=24,"{""cmd"": ""STOP"", ""status"": ""READY"", ""detector"": ""yolo"", ""state"": ""IDLE"", ""owner"": ""Put1"", ""score"": null, ""match_max"": 0.5, ""refs"": 24, ""match_mode"": ""none"", ""steer_zones"": 41, ""people"": 0, ""track_id"": null, ""target_ex"": 0.0, ""target_cx_vel_px_s"": 0.0, ""target_age_s"": null, ""lidar_min_m"": 0.68, ""target_lidar_m"": null, ""target_lidar_deg"": null, ""camera_range_m"""
2026-07-18T15:52:09.202,3248.202,mission_20260718_145801_manual,MANUAL,,0,13.330290794372559,100.9979019165039,149.9724443608293,4,True,0.6899999976158142,1,0,0,-1,0,0.0,0.0,0.0,0,0,nan,nan,nan,73,26.100000381469727,0.0,36.0,0,28,-,READY owner=Put1 refs=24,"{""cmd"": ""STOP"", ""status"": ""READY"", ""detector"": ""yolo"", ""state"": ""IDLE"", ""owner"": ""Put1"", ""score"": null, ""match_max"": 0.5, ""refs"": 24, ""match_mode"": ""none"", ""steer_zones"": 41, ""people"": 0, ""track_id"": null, ""target_ex"": 0.0, ""target_cx_vel_px_s"": 0.0, ""target_age_s"": null, ""lidar_min_m"": 0.68, ""target_lidar_m"": null, ""target_lidar_deg"": null, ""camera_range_m"""
2026-07-18T15:52:11.292,3250.293,mission_20260718_145801_manual,MANUAL,,0,13.330290794372559,100.9979019165039,149.97438413455356,4,True,0.6919999718666077,1,0,0,-1,0,0.0,0.0,0.0,0,0,nan,nan,nan,73,26.100000381469727,0.0,36.0,0,29,-,READY owner=Put1 refs=24,"{""cmd"": ""STOP"", ""status"": ""READY"", ""detector"": ""yolo"", ""state"": ""IDLE"", ""owner"": ""Put1"", ""score"": null, ""match_max"": 0.5, ""refs"": 24, ""match_mode"": ""none"", ""steer_zones"": 41, ""people"": 0, ""track_id"": null, ""target_ex"": 0.0, ""target_cx_vel_px_s"": 0.0, ""target_age_s"": null, ""lidar_min_m"": 0.68, ""target_lidar_m"": null, ""target_lidar_deg"": null, ""camera_range_m"""
2026-07-18T15:52:13.372,3252.372,mission_20260718_145801_manual,MANUAL,,0,13.330289840698242,100.9979019165039,149.9724853419643,4,True,0.6922500133514404,1,0,0,-1,0,0.0,0.0,0.0,0,0,nan,nan,nan,73,26.100000381469727,0.0,36.0,0,29,-,READY owner=Put1 refs=24,"{""cmd"": ""STOP"", ""status"": ""READY"", ""detector"": ""yolo"", ""state"": ""IDLE"", ""owner"": ""Put1"", ""score"": null, ""match_max"": 0.5, ""refs"": 24, ""match_mode"": ""none"", ""steer_zones"": 41, ""people"": 0, ""track_id"": null, ""target_ex"": 0.0, ""target_cx_vel_px_s"": 0.0, ""target_age_s"": null, ""lidar_min_m"": 0.68, ""target_lidar_m"": null, ""target_lidar_deg"": null, ""camera_range_m"""
2026-07-18T15:52:15.476,3254.477,mission_20260718_145801_manual,MANUAL,,0,13.330288887023926,100.9979019165039,149.98458843717356,4,True,0.6890000104904175,1,0,0,-1,0,0.0,0.0,0.0,0,0,nan,nan,nan,73,26.100000381469727,0.0,36.0,0,29,-,READY owner=Put1 refs=24,"{""cmd"": ""STOP"", ""status"": ""READY"", ""detector"": ""yolo"", ""state"": ""IDLE"", ""owner"": ""Put1"", ""score"": null, ""match_max"": 0.5, ""refs"": 24, ""match_mode"": ""none"", ""steer_zones"": 41, ""people"": 0, ""track_id"": null, ""target_ex"": 0.0, ""target_cx_vel_px_s"": 0.0, ""target_age_s"": null, ""lidar_min_m"": 0.68, ""target_lidar_m"": null, ""target_lidar_deg"": null, ""camera_range_m"""
2026-07-18T15:52:17.564,3256.564,mission_20260718_145801_manual,MANUAL,,0,13.33028793334961,100.9979019165039,149.98230715399077,4,True,0.6897500157356262,1,0,0,-1,0,0.0,0.0,0.0,0,0,nan,nan,nan,73,26.100000381469727,0.0,36.0,0,29,-,READY owner=Put1 refs=24,"{""cmd"": ""STOP"", ""status"": ""READY"", ""detector"": ""yolo"", ""state"": ""IDLE"", ""owner"": ""Put1"", ""score"": null, ""match_max"": 0.5, ""refs"": 24, ""match_mode"": ""none"", ""steer_zones"": 41, ""people"": 0, ""track_id"": null, ""target_ex"": 0.0, ""target_cx_vel_px_s"": 0.0, ""target_age_s"": null, ""lidar_min_m"": 0.68, ""target_lidar_m"": null, ""target_lidar_deg"": null, ""camera_range_m"""
2026-07-18T15:52:19.680,3258.68,mission_20260718_145801_manual,MANUAL,,0,13.330286026000977,100.9979019165039,149.97652881395294,4,True,0.6912500262260437,1,0,0,-1,0,0.0,0.0,0.0,0,0,nan,nan,nan,73,26.100000381469727,0.0,36.0,0,29,-,READY owner=Put1 refs=24,"{""cmd"": ""STOP"", ""status"": ""READY"", ""detector"": ""yolo"", ""state"": ""IDLE"", ""owner"": ""Put1"", ""score"": null, ""match_max"": 0.5, ""refs"": 24, ""match_mode"": ""none"", ""steer_zones"": 41, ""people"": 0, ""track_id"": null, ""target_ex"": 0.0, ""target_cx_vel_px_s"": 0.0, ""target_age_s"": null, ""lidar_min_m"": 0.68, ""target_lidar_m"": null, ""target_lidar_deg"": null, ""camera_range_m"""
2026-07-18T15:52:21.758,3260.758,mission_20260718_145801_manual,MANUAL,,0,13.330286026000977,100.9979019165039,149.98195198415394,4,True,0.6869999766349792,1,0,0,-1,0,0.0,0.0,0.0,0,0,nan,nan,nan,73,26.100000381469727,0.0,36.0,0,28,-,READY owner=Put1 refs=24,"{""cmd"": ""STOP"", ""status"": ""READY"", ""detector"": ""yolo"", ""state"": ""IDLE"", ""owner"": ""Put1"", ""score"": null, ""match_max"": 0.5, ""refs"": 24, ""match_mode"": ""none"", ""steer_zones"": 41, ""people"": 0, ""track_id"": null, ""target_ex"": 0.0, ""target_cx_vel_px_s"": 0.0, ""target_age_s"": null, ""lidar_min_m"": 0.68, ""target_lidar_m"": null, ""target_lidar_deg"": null, ""camera_range_m"""
2026-07-18T15:52:23.843,3262.843,mission_20260718_145801_manual,MANUAL,,0,13.330286026000977,100.9979019165039,149.99451953222675,4,True,0.6884999871253967,1,0,0,-1,0,0.0,0.0,0.0,0,0,nan,nan,nan,73,26.100000381469727,0.0,36.0,0,29,-,READY owner=Put1 refs=24,"{""cmd"": ""STOP"", ""status"": ""READY"", ""detector"": ""yolo"", ""state"": ""IDLE"", ""owner"": ""Put1"", ""score"": null, ""match_max"": 0.5, ""refs"": 24, ""match_mode"": ""none"", ""steer_zones"": 41, ""people"": 0, ""track_id"": null, ""target_ex"": 0.0, ""target_cx_vel_px_s"": 0.0, ""target_age_s"": null, ""lidar_min_m"": 0.68, ""target_lidar_m"": null, ""target_lidar_deg"": null, ""camera_range_m"""
2026-07-18T15:52:25.923,3264.924,mission_20260718_145801_manual,MANUAL,,0,13.330286026000977,100.9979019165039,150.00048911756136,4,True,0.6892499923706055,1,0,0,-1,0,0.0,0.0,0.0,0,0,nan,nan,nan,73,26.100000381469727,0.0,36.0,0,29,-,READY owner=Put1 refs=24,"{""cmd"": ""STOP"", ""status"": ""READY"", ""detector"": ""yolo"", ""state"": ""IDLE"", ""owner"": ""Put1"", ""score"": null, ""match_max"": 0.5, ""refs"": 24, ""match_mode"": ""none"", ""steer_zones"": 41, ""people"": 0, ""track_id"": null, ""target_ex"": 0.0, ""target_cx_vel_px_s"": 0.0, ""target_age_s"": null, ""lidar_min_m"": 0.68, ""target_lidar_m"": null, ""target_lidar_deg"": null, ""camera_range_m"""
2026-07-18T15:52:28.001,3267.002,mission_20260718_145801_manual,MANUAL,,0,13.330286026000977,100.99790954589844,150.0030026271759,4,True,0.690750002861023,1,0,0,-1,0,0.0,0.0,0.0,0,0,nan,nan,nan,73,26.100000381469727,0.0,36.0,0,30,-,READY owner=Put1 refs=24,"{""cmd"": ""STOP"", ""status"": ""READY"", ""detector"": ""yolo"", ""state"": ""IDLE"", ""owner"": ""Put1"", ""score"": null, ""match_max"": 0.5, ""refs"": 24, ""match_mode"": ""none"", ""steer_zones"": 41, ""people"": 0, ""track_id"": null, ""target_ex"": 0.0, ""target_cx_vel_px_s"": 0.0, ""target_age_s"": null, ""lidar_min_m"": 0.68, ""target_lidar_m"": null, ""target_lidar_deg"": null, ""camera_range_m"""
2026-07-18T15:52:30.070,3269.07,mission_20260718_145801_manual,MANUAL,,0,13.330286026000977,100.99790954589844,150.00574836322227,4,True,0.6894999742507935,1,0,0,-1,0,0.0,0.0,0.0,0,0,nan,nan,nan,73,26.100000381469727,0.0,36.0,0,29,-,READY owner=Put1 refs=24,"{""cmd"": ""STOP"", ""status"": ""READY"", ""detector"": ""yolo"", ""state"": ""IDLE"", ""owner"": ""Put1"", ""score"": null, ""match_max"": 0.5, ""refs"": 24, ""match_mode"": ""none"", ""steer_zones"": 41, ""people"": 0, ""track_id"": null, ""target_ex"": 0.0, ""target_cx_vel_px_s"": 0.0, ""target_age_s"": null, ""lidar_min_m"": 0.68, ""target_lidar_m"": null, ""target_lidar_deg"": null, ""camera_range_m"""
2026-07-18T15:52:32.134,3271.134,mission_20260718_145801_manual,MANUAL,,0,13.330286026000977,100.99790954589844,150.00984647672428,4,True,0.6899999976158142,1,0,0,-1,0,0.0,0.0,0.0,0,0,nan,nan,nan,73,26.100000381469727,0.0,36.0,0,28,-,READY owner=Put1 refs=24,"{""cmd"": ""STOP"", ""status"": ""READY"", ""detector"": ""yolo"", ""state"": ""IDLE"", ""owner"": ""Put1"", ""score"": null, ""match_max"": 0.5, ""refs"": 24, ""match_mode"": ""none"", ""steer_zones"": 41, ""people"": 0, ""track_id"": null, ""target_ex"": 0.0, ""target_cx_vel_px_s"": 0.0, ""target_age_s"": null, ""lidar_min_m"": 0.68, ""target_lidar_m"": null, ""target_lidar_deg"": null, ""camera_range_m"""
2026-07-18T15:52:34.198,3273.199,mission_20260718_145801_manual,MANUAL,,0,13.330286979675293,100.99790954589844,150.00987379748094,4,True,0.6919999718666077,1,0,0,-1,0,0.0,0.0,0.0,0,0,nan,nan,nan,73,26.100000381469727,0.0,36.0,0,28,-,READY owner=Put1 refs=24,"{""cmd"": ""STOP"", ""status"": ""READY"", ""detector"": ""yolo"", ""state"": ""IDLE"", ""owner"": ""Put1"", ""score"": null, ""match_max"": 0.5, ""refs"": 24, ""match_mode"": ""none"", ""steer_zones"": 41, ""people"": 0, ""track_id"": null, ""target_ex"": 0.0, ""target_cx_vel_px_s"": 0.0, ""target_age_s"": null, ""lidar_min_m"": 0.68, ""target_lidar_m"": null, ""target_lidar_deg"": null, ""camera_range_m"""
2026-07-18T15:52:36.278,3275.279,mission_20260718_145801_manual,MANUAL,,0,13.330286979675293,100.99790954589844,150.01834323205176,4,True,0.6882500052452087,1,0,0,-1,0,0.0,0.0,0.0,0,0,nan,nan,nan,73,26.100000381469727,0.0,36.0,0,28,-,READY owner=Put1 refs=24,"{""cmd"": ""STOP"", ""status"": ""READY"", ""detector"": ""yolo"", ""state"": ""IDLE"", ""owner"": ""Put1"", ""score"": null, ""match_max"": 0.5, ""refs"": 24, ""match_mode"": ""none"", ""steer_zones"": 41, ""people"": 0, ""track_id"": null, ""target_ex"": 0.0, ""target_cx_vel_px_s"": 0.0, ""target_age_s"": null, ""lidar_min_m"": 0.68, ""target_lidar_m"": null, ""target_lidar_deg"": null, ""camera_range_m"""
2026-07-18T15:52:38.391,3277.391,mission_20260718_145801_manual,MANUAL,,0,13.330286979675293,100.99790954589844,150.0068958350028,4,True,0.6890000104904175,1,0,0,-1,0,0.0,0.0,0.0,0,0,nan,nan,nan,73,26.100000381469727,0.0,36.0,0,28,-,READY owner=Put1 refs=24,"{""cmd"": ""STOP"", ""status"": ""READY"", ""detector"": ""yolo"", ""state"": ""IDLE"", ""owner"": ""Put1"", ""score"": null, ""match_max"": 0.5, ""refs"": 24, ""match_mode"": ""none"", ""steer_zones"": 41, ""people"": 0, ""track_id"": null, ""target_ex"": 0.0, ""target_cx_vel_px_s"": 0.0, ""target_age_s"": null, ""lidar_min_m"": 0.68, ""target_lidar_m"": null, ""target_lidar_deg"": null, ""camera_range_m"""
