iso_time,elapsed_s,mission_id,run_mode,event,hw_mode,lat,lng,yaw_deg,gps_fix,gps_ready,lidar_min_front_m,lidar_obstacle,pwm_l,pwm_r,enc_l,enc_r,wheel_speed_l_kph,wheel_speed_r_kph,wheel_speed_avg_kph,wp_idx,path_len,target_lat,target_lng,dist_to_target_m,battery_soc_pct,battery_voltage_v,battery_current_a,battery_temp_c,battery_status,follow_status,follow_debug
2026-06-20T15:25:37.075,0.076,mission_20260620_152537_manual,MANUAL,MISSION_START,0,13.341951370239258,101.02149963378906,51.80479236382314,4,True,3.2214999198913574,1,0,0,201443,183,0.0,0.0,0.0,0,0,nan,nan,nan,87,26.299999237060547,-1.100000023841858,34.0,0,READY owner=Surnn refs=24,"{""cmd"": ""STOP"", ""status"": ""READY"", ""detector"": ""yolo"", ""state"": ""IDLE"", ""owner"": ""Surnn"", ""score"": null, ""match_max"": 0.5, ""refs"": 24, ""match_mode"": ""osnet"", ""steer_zones"": 41, ""people"": 0, ""track_id"": null, ""target_ex"": 0.848, ""target_cx_vel_px_s"": 102.0, ""target_age_s"": 3970.78, ""lidar_min_m"": 2.37, ""target_lidar_m"": 3.22, ""target_lidar_deg"": 10.2, ""camera"
2026-06-20T15:25:39.079,2.08,mission_20260620_152537_manual,MANUAL,,0,13.341951370239258,101.02149963378906,51.82544685587326,4,True,3.21875,1,0,0,183786,0,0.0,0.0,0.0,0,0,nan,nan,nan,87,-1.2999999523162842,34.0,0.0,0,READY owner=Surnn refs=24,"{""cmd"": ""STOP"", ""status"": ""READY"", ""detector"": ""yolo"", ""state"": ""IDLE"", ""owner"": ""Surnn"", ""score"": null, ""match_max"": 0.5, ""refs"": 24, ""match_mode"": ""osnet"", ""steer_zones"": 41, ""people"": 0, ""track_id"": null, ""target_ex"": 0.848, ""target_cx_vel_px_s"": 102.0, ""target_age_s"": 3972.88, ""lidar_min_m"": 2.37, ""target_lidar_m"": 3.22, ""target_lidar_deg"": 10.2, ""camera"
2026-06-20T15:25:41.080,4.08,mission_20260620_152537_manual,MANUAL,,0,13.341951370239258,101.02149963378906,51.83061730907496,4,True,3.220750093460083,1,0,0,201443,183786,0.0,0.0,0.0,0,0,nan,nan,nan,87,26.299999237060547,-1.2000000476837158,34.0,0,READY owner=Surnn refs=24,"{""cmd"": ""STOP"", ""status"": ""READY"", ""detector"": ""yolo"", ""state"": ""IDLE"", ""owner"": ""Surnn"", ""score"": null, ""match_max"": 0.5, ""refs"": 24, ""match_mode"": ""osnet"", ""steer_zones"": 41, ""people"": 0, ""track_id"": null, ""target_ex"": 0.848, ""target_cx_vel_px_s"": 102.0, ""target_age_s"": 3974.98, ""lidar_min_m"": 2.37, ""target_lidar_m"": 3.22, ""target_lidar_deg"": 10.2, ""camera"
2026-06-20T15:25:43.085,6.085,mission_20260620_152537_manual,MANUAL,,0,13.341950416564941,101.02149963378906,51.837246007664454,4,True,3.2204999923706055,1,0,0,201443,1837,0.0,0.0,0.0,0,0,nan,nan,nan,87,26.299999237060547,-1.2999999523162842,34.0,0,READY owner=Surnn refs=24,"{""cmd"": ""STOP"", ""status"": ""READY"", ""detector"": ""yolo"", ""state"": ""IDLE"", ""owner"": ""Surnn"", ""score"": null, ""match_max"": 0.5, ""refs"": 24, ""match_mode"": ""osnet"", ""steer_zones"": 41, ""people"": 0, ""track_id"": null, ""target_ex"": 0.848, ""target_cx_vel_px_s"": 102.0, ""target_age_s"": 3977.08, ""lidar_min_m"": 2.37, ""target_lidar_m"": 3.22, ""target_lidar_deg"": 10.2, ""camera"
2026-06-20T15:25:45.085,8.086,mission_20260620_152537_manual,MANUAL,,0,13.341950416564941,101.02149963378906,51.84157976269283,4,True,3.219249963760376,1,0,0,0,1,0.0,0.0,0.0,0,0,nan,nan,nan,87,34.0,0.0,0.0,0,READY owner=Surnn refs=24,"{""cmd"": ""STOP"", ""status"": ""READY"", ""detector"": ""yolo"", ""state"": ""IDLE"", ""owner"": ""Surnn"", ""score"": null, ""match_max"": 0.5, ""refs"": 24, ""match_mode"": ""osnet"", ""steer_zones"": 41, ""people"": 0, ""track_id"": null, ""target_ex"": 0.848, ""target_cx_vel_px_s"": 102.0, ""target_age_s"": 3979.08, ""lidar_min_m"": 2.37, ""target_lidar_m"": 3.22, ""target_lidar_deg"": 10.2, ""camera"
2026-06-20T15:25:47.090,10.091,mission_20260620_152537_manual,MANUAL,,0,13.341950416564941,101.02149963378906,51.842952630716006,4,True,3.2184998989105225,1,0,0,201443,18,0.0,0.0,0.0,0,0,nan,nan,nan,87,-1.100000023841858,34.0,0.0,0,READY owner=Surnn refs=24,"{""cmd"": ""STOP"", ""status"": ""READY"", ""detector"": ""yolo"", ""state"": ""IDLE"", ""owner"": ""Surnn"", ""score"": null, ""match_max"": 0.5, ""refs"": 24, ""match_mode"": ""osnet"", ""steer_zones"": 41, ""people"": 0, ""track_id"": null, ""target_ex"": 0.848, ""target_cx_vel_px_s"": 102.0, ""target_age_s"": 3981.28, ""lidar_min_m"": 2.37, ""target_lidar_m"": 3.22, ""target_lidar_deg"": 10.2, ""camera"
2026-06-20T15:25:49.090,12.091,mission_20260620_152537_manual,MANUAL,,0,13.341949462890625,101.02149963378906,51.85116934828753,4,True,3.2190001010894775,1,0,0,183786,0,0.0,0.0,0.0,0,0,nan,nan,nan,87,-1.2000000476837158,34.0,0.0,0,READY owner=Surnn refs=24,"{""cmd"": ""STOP"", ""status"": ""READY"", ""detector"": ""yolo"", ""state"": ""IDLE"", ""owner"": ""Surnn"", ""score"": null, ""match_max"": 0.5, ""refs"": 24, ""match_mode"": ""osnet"", ""steer_zones"": 41, ""people"": 0, ""track_id"": null, ""target_ex"": 0.848, ""target_cx_vel_px_s"": 102.0, ""target_age_s"": 3983.48, ""lidar_min_m"": 2.37, ""target_lidar_m"": 3.22, ""target_lidar_deg"": 10.2, ""camera"
2026-06-20T15:25:51.090,14.091,mission_20260620_152537_manual,MANUAL,,0,13.341950416564941,101.0215072631836,51.84782597068881,4,True,3.2200000286102295,1,0,0,201443,183786,0.0,0.0,0.0,0,0,nan,nan,nan,87,26.299999237060547,-1.100000023841858,34.0,0,READY owner=Surnn refs=24,"{""cmd"": ""STOP"", ""status"": ""READY"", ""detector"": ""yolo"", ""state"": ""IDLE"", ""owner"": ""Surnn"", ""score"": null, ""match_max"": 0.5, ""refs"": 24, ""match_mode"": ""osnet"", ""steer_zones"": 41, ""people"": 0, ""track_id"": null, ""target_ex"": 0.848, ""target_cx_vel_px_s"": 102.0, ""target_age_s"": 3985.58, ""lidar_min_m"": 2.37, ""target_lidar_m"": 3.22, ""target_lidar_deg"": 10.2, ""camera"
2026-06-20T15:25:53.095,16.096,mission_20260620_152537_manual,MANUAL,,0,13.341950416564941,101.0215072631836,51.84025129089926,4,True,3.2195000648498535,1,0,0,0,0,0.0,0.0,0.0,0,0,nan,nan,nan,87,26.299999237060547,-1.2999999523162842,34.0,0,READY owner=Surnn refs=24,"{""cmd"": ""STOP"", ""status"": ""READY"", ""detector"": ""yolo"", ""state"": ""IDLE"", ""owner"": ""Surnn"", ""score"": null, ""match_max"": 0.5, ""refs"": 24, ""match_mode"": ""osnet"", ""steer_zones"": 41, ""people"": 0, ""track_id"": null, ""target_ex"": 0.848, ""target_cx_vel_px_s"": 102.0, ""target_age_s"": 3987.68, ""lidar_min_m"": 2.37, ""target_lidar_m"": 3.22, ""target_lidar_deg"": 10.2, ""camera"
2026-06-20T15:25:55.152,18.152,mission_20260620_152537_manual,MANUAL,,0,13.341950416564941,101.0215072631836,51.832140441259874,4,True,3.2160000801086426,1,0,0,0,1,0.0,0.0,0.0,0,0,nan,nan,nan,87,34.0,0.0,0.0,0,READY owner=Surnn refs=24,"{""cmd"": ""STOP"", ""status"": ""READY"", ""detector"": ""yolo"", ""state"": ""IDLE"", ""owner"": ""Surnn"", ""score"": null, ""match_max"": 0.5, ""refs"": 24, ""match_mode"": ""osnet"", ""steer_zones"": 41, ""people"": 0, ""track_id"": null, ""target_ex"": 0.848, ""target_cx_vel_px_s"": 102.0, ""target_age_s"": 3989.78, ""lidar_min_m"": 2.37, ""target_lidar_m"": 3.22, ""target_lidar_deg"": 10.2, ""camera"
2026-06-20T15:25:57.155,20.155,mission_20260620_152537_manual,MANUAL,,0,13.341950416564941,101.0215072631836,51.82806964851454,4,True,3.2184998989105225,1,0,0,183786,0,0.0,0.0,0.0,0,0,nan,nan,nan,87,-1.2999999523162842,34.0,0.0,0,READY owner=Surnn refs=24,"{""cmd"": ""STOP"", ""status"": ""READY"", ""detector"": ""yolo"", ""state"": ""IDLE"", ""owner"": ""Surnn"", ""score"": null, ""match_max"": 0.5, ""refs"": 24, ""match_mode"": ""osnet"", ""steer_zones"": 41, ""people"": 0, ""track_id"": null, ""target_ex"": 0.848, ""target_cx_vel_px_s"": 102.0, ""target_age_s"": 3990.88, ""lidar_min_m"": 2.37, ""target_lidar_m"": 3.22, ""target_lidar_deg"": 10.2, ""camera"
2026-06-20T15:25:59.155,22.155,mission_20260620_152537_manual,MANUAL,,0,13.341951370239258,101.0215072631836,51.82547076153536,4,True,3.2184998989105225,1,0,0,0,0,0.0,0.0,0.0,0,0,nan,nan,nan,87,0.0,0.0,0.0,0,READY owner=Surnn refs=24,"{""cmd"": ""STOP"", ""status"": ""READY"", ""detector"": ""yolo"", ""state"": ""IDLE"", ""owner"": ""Surnn"", ""score"": null, ""match_max"": 0.5, ""refs"": 24, ""match_mode"": ""osnet"", ""steer_zones"": 41, ""people"": 0, ""track_id"": null, ""target_ex"": 0.848, ""target_cx_vel_px_s"": 102.0, ""target_age_s"": 3992.88, ""lidar_min_m"": 2.37, ""target_lidar_m"": 3.22, ""target_lidar_deg"": 10.2, ""camera"
2026-06-20T15:26:01.159,24.16,mission_20260620_152537_manual,MANUAL,,0,13.341951370239258,101.0215072631836,51.822906025502014,4,True,3.220249891281128,1,0,0,201443,183786,0.0,0.0,0.0,0,0,nan,nan,nan,87,34.0,0.0,0.0,0,READY owner=Surnn refs=24,"{""cmd"": ""STOP"", ""status"": ""READY"", ""detector"": ""yolo"", ""state"": ""IDLE"", ""owner"": ""Surnn"", ""score"": null, ""match_max"": 0.5, ""refs"": 24, ""match_mode"": ""osnet"", ""steer_zones"": 41, ""people"": 0, ""track_id"": null, ""target_ex"": 0.848, ""target_cx_vel_px_s"": 102.0, ""target_age_s"": 3995.08, ""lidar_min_m"": 2.36, ""target_lidar_m"": 3.22, ""target_lidar_deg"": 10.2, ""camera"
2026-06-20T15:26:03.160,26.16,mission_20260620_152537_manual,MANUAL,,0,13.341951370239258,101.0215072631836,51.83788804544644,4,True,3.2204999923706055,1,0,0,34,0,0.0,0.0,0.0,0,0,nan,nan,nan,87,26.299999237060547,-1.2000000476837158,34.0,0,READY owner=Surnn refs=24,"{""cmd"": ""STOP"", ""status"": ""READY"", ""detector"": ""yolo"", ""state"": ""IDLE"", ""owner"": ""Surnn"", ""score"": null, ""match_max"": 0.5, ""refs"": 24, ""match_mode"": ""osnet"", ""steer_zones"": 41, ""people"": 0, ""track_id"": null, ""target_ex"": 0.848, ""target_cx_vel_px_s"": 102.0, ""target_age_s"": 3997.18, ""lidar_min_m"": 2.37, ""target_lidar_m"": 3.22, ""target_lidar_deg"": 10.2, ""camera"
2026-06-20T15:26:05.164,28.165,mission_20260620_152537_manual,MANUAL,,0,13.341951370239258,101.0215072631836,51.843253159039485,4,True,3.2190001010894775,1,0,0,183786,0,0.0,0.0,0.0,0,0,nan,nan,nan,87,-1.100000023841858,34.0,0.0,0,READY owner=Surnn refs=24,"{""cmd"": ""STOP"", ""status"": ""READY"", ""detector"": ""yolo"", ""state"": ""IDLE"", ""owner"": ""Surnn"", ""score"": null, ""match_max"": 0.5, ""refs"": 24, ""match_mode"": ""osnet"", ""steer_zones"": 41, ""people"": 0, ""track_id"": null, ""target_ex"": 0.848, ""target_cx_vel_px_s"": 102.0, ""target_age_s"": 3999.28, ""lidar_min_m"": 2.37, ""target_lidar_m"": 3.22, ""target_lidar_deg"": 10.2, ""camera"
2026-06-20T15:26:07.164,30.165,mission_20260620_152537_manual,MANUAL,,0,13.341952323913574,101.02149963378906,51.85299642389051,4,True,3.2174999713897705,1,0,0,0,0,0.0,0.0,0.0,0,0,nan,nan,nan,87,26.299999237060547,-1.2000000476837158,34.0,0,READY owner=Surnn refs=24,"{""cmd"": ""STOP"", ""status"": ""READY"", ""detector"": ""yolo"", ""state"": ""IDLE"", ""owner"": ""Surnn"", ""score"": null, ""match_max"": 0.5, ""refs"": 24, ""match_mode"": ""osnet"", ""steer_zones"": 41, ""people"": 0, ""track_id"": null, ""target_ex"": 0.848, ""target_cx_vel_px_s"": 102.0, ""target_age_s"": 4001.38, ""lidar_min_m"": 2.37, ""target_lidar_m"": 3.22, ""target_lidar_deg"": 10.2, ""camera"
2026-06-20T15:26:09.165,32.165,mission_20260620_152537_manual,MANUAL,,0,13.341952323913574,101.02149963378906,51.86291385856536,4,True,3.2174999713897705,1,0,0,0,0,0.0,0.0,0.0,0,0,nan,nan,nan,87,26.299999237060547,-1.0,34.0,0,READY owner=Surnn refs=24,"{""cmd"": ""STOP"", ""status"": ""READY"", ""detector"": ""yolo"", ""state"": ""IDLE"", ""owner"": ""Surnn"", ""score"": null, ""match_max"": 0.5, ""refs"": 24, ""match_mode"": ""osnet"", ""steer_zones"": 41, ""people"": 0, ""track_id"": null, ""target_ex"": 0.848, ""target_cx_vel_px_s"": 102.0, ""target_age_s"": 4003.38, ""lidar_min_m"": 2.37, ""target_lidar_m"": 3.22, ""target_lidar_deg"": 10.2, ""camera"
2026-06-20T15:26:11.170,34.17,mission_20260620_152537_manual,MANUAL,,0,13.34195327758789,101.02149963378906,51.86774280230856,4,True,3.2219998836517334,1,0,0,201443,183,0.0,0.0,0.0,0,0,nan,nan,nan,87,26.299999237060547,-1.0,34.0,0,READY owner=Surnn refs=24,"{""cmd"": ""STOP"", ""status"": ""READY"", ""detector"": ""yolo"", ""state"": ""IDLE"", ""owner"": ""Surnn"", ""score"": null, ""match_max"": 0.5, ""refs"": 24, ""match_mode"": ""osnet"", ""steer_zones"": 41, ""people"": 0, ""track_id"": null, ""target_ex"": 0.848, ""target_cx_vel_px_s"": 102.0, ""target_age_s"": 4005.48, ""lidar_min_m"": 2.36, ""target_lidar_m"": 3.22, ""target_lidar_deg"": 10.2, ""camera"
2026-06-20T15:26:13.170,36.17,mission_20260620_152537_manual,MANUAL,,0,13.34195327758789,101.02149963378906,51.882519916577884,4,True,3.223249912261963,1,0,0,201443,183786,0.0,0.0,0.0,0,0,nan,nan,nan,87,26.299999237060547,-1.2999999523162842,34.0,0,READY owner=Surnn refs=24,"{""cmd"": ""STOP"", ""status"": ""READY"", ""detector"": ""yolo"", ""state"": ""IDLE"", ""owner"": ""Surnn"", ""score"": null, ""match_max"": 0.5, ""refs"": 24, ""match_mode"": ""osnet"", ""steer_zones"": 41, ""people"": 0, ""track_id"": null, ""target_ex"": 0.848, ""target_cx_vel_px_s"": 102.0, ""target_age_s"": 4007.68, ""lidar_min_m"": 2.36, ""target_lidar_m"": 3.22, ""target_lidar_deg"": 10.2, ""camera"
2026-06-20T15:26:15.170,38.171,mission_20260620_152537_manual,MANUAL,,0,13.34195327758789,101.02149963378906,51.87562142551617,4,True,3.2219998836517334,1,0,0,201443,183786,0.0,0.0,0.0,0,0,nan,nan,nan,87,26.299999237060547,-1.2000000476837158,34.0,0,READY owner=Surnn refs=24,"{""cmd"": ""STOP"", ""status"": ""READY"", ""detector"": ""yolo"", ""state"": ""IDLE"", ""owner"": ""Surnn"", ""score"": null, ""match_max"": 0.5, ""refs"": 24, ""match_mode"": ""osnet"", ""steer_zones"": 41, ""people"": 0, ""track_id"": null, ""target_ex"": 0.848, ""target_cx_vel_px_s"": 102.0, ""target_age_s"": 4008.78, ""lidar_min_m"": 2.37, ""target_lidar_m"": 3.22, ""target_lidar_deg"": 10.2, ""camera"
2026-06-20T15:26:17.171,40.171,mission_20260620_152537_manual,MANUAL,,0,13.34195327758789,101.02149963378906,51.87859255780513,4,True,3.2195000648498535,1,0,0,201443,183786,0.0,0.0,0.0,0,0,nan,nan,nan,87,26.299999237060547,-1.2000000476837158,34.0,0,READY owner=Surnn refs=24,"{""cmd"": ""STOP"", ""status"": ""READY"", ""detector"": ""yolo"", ""state"": ""IDLE"", ""owner"": ""Surnn"", ""score"": null, ""match_max"": 0.5, ""refs"": 24, ""match_mode"": ""osnet"", ""steer_zones"": 41, ""people"": 0, ""track_id"": null, ""target_ex"": 0.848, ""target_cx_vel_px_s"": 102.0, ""target_age_s"": 4010.98, ""lidar_min_m"": 2.37, ""target_lidar_m"": 3.22, ""target_lidar_deg"": 10.2, ""camera"
2026-06-20T15:26:19.174,42.175,mission_20260620_152537_manual,MANUAL,,0,13.34195327758789,101.02149963378906,51.87398901030454,4,True,3.2214999198913574,1,0,0,201443,183786,0.0,0.0,0.0,0,0,nan,nan,nan,87,26.299999237060547,-1.2000000476837158,34.0,0,READY owner=Surnn refs=24,"{""cmd"": ""STOP"", ""status"": ""READY"", ""detector"": ""yolo"", ""state"": ""IDLE"", ""owner"": ""Surnn"", ""score"": null, ""match_max"": 0.5, ""refs"": 24, ""match_mode"": ""osnet"", ""steer_zones"": 41, ""people"": 0, ""track_id"": null, ""target_ex"": 0.848, ""target_cx_vel_px_s"": 102.0, ""target_age_s"": 4013.08, ""lidar_min_m"": 2.36, ""target_lidar_m"": 3.22, ""target_lidar_deg"": 10.2, ""camera"
2026-06-20T15:26:21.175,44.176,mission_20260620_152537_manual,MANUAL,,0,13.34195327758789,101.02149963378906,51.87068661384084,4,True,3.2195000648498535,1,0,0,201443,183786,0.0,0.0,0.0,0,0,nan,nan,nan,87,26.299999237060547,-1.2000000476837158,34.0,0,READY owner=Surnn refs=24,"{""cmd"": ""STOP"", ""status"": ""READY"", ""detector"": ""yolo"", ""state"": ""IDLE"", ""owner"": ""Surnn"", ""score"": null, ""match_max"": 0.5, ""refs"": 24, ""match_mode"": ""osnet"", ""steer_zones"": 41, ""people"": 0, ""track_id"": null, ""target_ex"": 0.848, ""target_cx_vel_px_s"": 102.0, ""target_age_s"": 4015.18, ""lidar_min_m"": 2.37, ""target_lidar_m"": 3.22, ""target_lidar_deg"": 10.2, ""camera"
2026-06-20T15:26:23.231,46.231,mission_20260620_152537_manual,MANUAL,,0,13.341952323913574,101.02149963378906,51.870771991205466,4,True,3.2200000286102295,1,0,0,201443,183786,0.0,0.0,0.0,0,0,nan,nan,nan,87,26.299999237060547,-1.2000000476837158,34.0,0,READY owner=Surnn refs=24,"{""cmd"": ""STOP"", ""status"": ""READY"", ""detector"": ""yolo"", ""state"": ""IDLE"", ""owner"": ""Surnn"", ""score"": null, ""match_max"": 0.5, ""refs"": 24, ""match_mode"": ""osnet"", ""steer_zones"": 41, ""people"": 0, ""track_id"": null, ""target_ex"": 0.848, ""target_cx_vel_px_s"": 102.0, ""target_age_s"": 4017.28, ""lidar_min_m"": 2.37, ""target_lidar_m"": 3.22, ""target_lidar_deg"": 10.2, ""camera"
2026-06-20T15:26:25.235,48.236,mission_20260620_152537_manual,MANUAL,,0,13.341952323913574,101.02149963378906,51.86730567020168,4,True,3.2219998836517334,1,0,0,201443,183786,0.0,0.0,0.0,0,0,nan,nan,nan,87,26.299999237060547,-1.2000000476837158,34.0,0,READY owner=Surnn refs=24,"{""cmd"": ""STOP"", ""status"": ""READY"", ""detector"": ""yolo"", ""state"": ""IDLE"", ""owner"": ""Surnn"", ""score"": null, ""match_max"": 0.5, ""refs"": 24, ""match_mode"": ""osnet"", ""steer_zones"": 41, ""people"": 0, ""track_id"": null, ""target_ex"": 0.848, ""target_cx_vel_px_s"": 102.0, ""target_age_s"": 4019.38, ""lidar_min_m"": 2.37, ""target_lidar_m"": 3.22, ""target_lidar_deg"": 10.2, ""camera"
2026-06-20T15:26:27.240,50.24,mission_20260620_152537_manual,MANUAL,,0,13.341952323913574,101.02149963378906,51.87030412324732,4,True,3.2179999351501465,1,0,0,201443,183786,0.0,0.0,0.0,0,0,nan,nan,nan,87,26.299999237060547,-1.0,34.0,0,READY owner=Surnn refs=24,"{""cmd"": ""STOP"", ""status"": ""READY"", ""detector"": ""yolo"", ""state"": ""IDLE"", ""owner"": ""Surnn"", ""score"": null, ""match_max"": 0.5, ""refs"": 24, ""match_mode"": ""osnet"", ""steer_zones"": 41, ""people"": 0, ""track_id"": null, ""target_ex"": 0.848, ""target_cx_vel_px_s"": 102.0, ""target_age_s"": 4021.38, ""lidar_min_m"": 2.37, ""target_lidar_m"": 3.22, ""target_lidar_deg"": 10.2, ""camera"
2026-06-20T15:26:29.244,52.245,mission_20260620_152537_manual,MANUAL,,0,13.341952323913574,101.02149200439453,51.86678999091935,4,True,3.217750072479248,1,0,0,201443,183786,0.0,0.0,0.0,0,0,nan,nan,nan,87,26.299999237060547,-1.2000000476837158,34.0,0,READY owner=Surnn refs=24,"{""cmd"": ""STOP"", ""status"": ""READY"", ""detector"": ""yolo"", ""state"": ""IDLE"", ""owner"": ""Surnn"", ""score"": null, ""match_max"": 0.5, ""refs"": 24, ""match_mode"": ""osnet"", ""steer_zones"": 41, ""people"": 0, ""track_id"": null, ""target_ex"": 0.848, ""target_cx_vel_px_s"": 102.0, ""target_age_s"": 4023.48, ""lidar_min_m"": 2.37, ""target_lidar_m"": 3.22, ""target_lidar_deg"": 10.2, ""camera"
2026-06-20T15:26:31.250,54.25,mission_20260620_152537_manual,MANUAL,,0,13.341952323913574,101.02149200439453,51.880248878678856,4,True,3.219249963760376,1,0,0,201443,183786,0.0,0.0,0.0,0,0,nan,nan,nan,87,26.299999237060547,-1.100000023841858,34.0,0,READY owner=Surnn refs=24,"{""cmd"": ""STOP"", ""status"": ""READY"", ""detector"": ""yolo"", ""state"": ""IDLE"", ""owner"": ""Surnn"", ""score"": null, ""match_max"": 0.5, ""refs"": 24, ""match_mode"": ""osnet"", ""steer_zones"": 41, ""people"": 0, ""track_id"": null, ""target_ex"": 0.848, ""target_cx_vel_px_s"": 102.0, ""target_age_s"": 4025.58, ""lidar_min_m"": 2.37, ""target_lidar_m"": 3.22, ""target_lidar_deg"": 10.2, ""camera"
2026-06-20T15:26:33.250,56.25,mission_20260620_152537_manual,MANUAL,,0,13.341952323913574,101.02149200439453,51.88429918085667,4,True,3.224250078201294,1,0,0,201443,183786,0.0,0.0,0.0,0,0,nan,nan,nan,87,26.299999237060547,-1.100000023841858,34.0,0,READY owner=Surnn refs=24,"{""cmd"": ""STOP"", ""status"": ""READY"", ""detector"": ""yolo"", ""state"": ""IDLE"", ""owner"": ""Surnn"", ""score"": null, ""match_max"": 0.5, ""refs"": 24, ""match_mode"": ""osnet"", ""steer_zones"": 41, ""people"": 0, ""track_id"": null, ""target_ex"": 0.848, ""target_cx_vel_px_s"": 102.0, ""target_age_s"": 4027.68, ""lidar_min_m"": 2.37, ""target_lidar_m"": 3.22, ""target_lidar_deg"": 10.2, ""camera"
2026-06-20T15:26:35.250,58.25,mission_20260620_152537_manual,MANUAL,,0,13.341952323913574,101.02149200439453,51.871970689404804,4,True,3.220249891281128,1,0,0,201443,183786,0.0,0.0,0.0,0,0,nan,nan,nan,87,26.299999237060547,-1.2000000476837158,34.0,0,READY owner=Surnn refs=24,"{""cmd"": ""STOP"", ""status"": ""READY"", ""detector"": ""yolo"", ""state"": ""IDLE"", ""owner"": ""Surnn"", ""score"": null, ""match_max"": 0.5, ""refs"": 24, ""match_mode"": ""osnet"", ""steer_zones"": 41, ""people"": 0, ""track_id"": null, ""target_ex"": 0.848, ""target_cx_vel_px_s"": 102.0, ""target_age_s"": 4029.68, ""lidar_min_m"": 2.37, ""target_lidar_m"": 3.22, ""target_lidar_deg"": 10.2, ""camera"
2026-06-20T15:26:37.253,60.253,mission_20260620_152537_manual,MANUAL,,0,13.341952323913574,101.02149200439453,51.86906102881838,4,True,3.2190001010894775,1,0,0,201443,183786,0.0,0.0,0.0,0,0,nan,nan,nan,87,26.299999237060547,-1.100000023841858,34.0,0,READY owner=Surnn refs=24,"{""cmd"": ""STOP"", ""status"": ""READY"", ""detector"": ""yolo"", ""state"": ""IDLE"", ""owner"": ""Surnn"", ""score"": null, ""match_max"": 0.5, ""refs"": 24, ""match_mode"": ""osnet"", ""steer_zones"": 41, ""people"": 0, ""track_id"": null, ""target_ex"": 0.848, ""target_cx_vel_px_s"": 102.0, ""target_age_s"": 4031.88, ""lidar_min_m"": 2.37, ""target_lidar_m"": 3.22, ""target_lidar_deg"": 10.2, ""camera"
2026-06-20T15:26:39.255,62.255,mission_20260620_152537_manual,MANUAL,,0,13.341952323913574,101.02149200439453,51.86444382093945,4,True,3.2174999713897705,1,0,0,201443,183786,0.0,0.0,0.0,0,0,nan,nan,nan,87,26.299999237060547,-1.2000000476837158,34.0,0,READY owner=Surnn refs=24,"{""cmd"": ""STOP"", ""status"": ""READY"", ""detector"": ""yolo"", ""state"": ""IDLE"", ""owner"": ""Surnn"", ""score"": null, ""match_max"": 0.5, ""refs"": 24, ""match_mode"": ""osnet"", ""steer_zones"": 41, ""people"": 0, ""track_id"": null, ""target_ex"": 0.848, ""target_cx_vel_px_s"": 102.0, ""target_age_s"": 4033.88, ""lidar_min_m"": 2.37, ""target_lidar_m"": 3.22, ""target_lidar_deg"": 10.2, ""camera"
2026-06-20T15:26:41.255,64.255,mission_20260620_152537_manual,MANUAL,,0,13.34195327758789,101.02149200439453,51.859256292264824,4,True,3.21875,1,0,0,201443,183786,0.0,0.0,0.0,0,0,nan,nan,nan,87,26.299999237060547,-1.2000000476837158,34.0,0,READY owner=Surnn refs=24,"{""cmd"": ""STOP"", ""status"": ""READY"", ""detector"": ""yolo"", ""state"": ""IDLE"", ""owner"": ""Surnn"", ""score"": null, ""match_max"": 0.5, ""refs"": 24, ""match_mode"": ""osnet"", ""steer_zones"": 41, ""people"": 0, ""track_id"": null, ""target_ex"": 0.848, ""target_cx_vel_px_s"": 102.0, ""target_age_s"": 4034.88, ""lidar_min_m"": 2.37, ""target_lidar_m"": 3.22, ""target_lidar_deg"": 10.2, ""camera"
2026-06-20T15:26:43.276,66.277,mission_20260620_152537_manual,MANUAL,,0,13.34195327758789,101.02149200439453,51.85195140494749,4,True,3.217250108718872,1,0,0,201443,183786,0.0,0.0,0.0,0,0,nan,nan,nan,87,26.299999237060547,-1.2999999523162842,34.0,0,READY owner=Surnn refs=24,"{""cmd"": ""STOP"", ""status"": ""READY"", ""detector"": ""yolo"", ""state"": ""IDLE"", ""owner"": ""Surnn"", ""score"": null, ""match_max"": 0.5, ""refs"": 24, ""match_mode"": ""osnet"", ""steer_zones"": 41, ""people"": 0, ""track_id"": null, ""target_ex"": 0.848, ""target_cx_vel_px_s"": 102.0, ""target_age_s"": 4036.98, ""lidar_min_m"": 2.37, ""target_lidar_m"": 3.22, ""target_lidar_deg"": 10.2, ""camera"
2026-06-20T15:26:45.316,68.316,mission_20260620_152537_manual,MANUAL,,0,13.34195327758789,101.02149200439453,51.83206189408442,4,True,3.2170000076293945,1,0,0,201443,183786,0.0,0.0,0.0,0,0,nan,nan,nan,87,26.299999237060547,-1.100000023841858,34.0,0,READY owner=Surnn refs=24,"{""cmd"": ""STOP"", ""status"": ""READY"", ""detector"": ""yolo"", ""state"": ""IDLE"", ""owner"": ""Surnn"", ""score"": null, ""match_max"": 0.5, ""refs"": 24, ""match_mode"": ""osnet"", ""steer_zones"": 41, ""people"": 0, ""track_id"": null, ""target_ex"": 0.848, ""target_cx_vel_px_s"": 102.0, ""target_age_s"": 4039.08, ""lidar_min_m"": 2.37, ""target_lidar_m"": 3.22, ""target_lidar_deg"": 10.2, ""camera"
2026-06-20T15:26:47.320,70.32,mission_20260620_152537_manual,MANUAL,,0,13.34195327758789,101.02149200439453,51.84357759302506,4,True,3.2190001010894775,1,0,0,201443,183786,0.0,0.0,0.0,0,0,nan,nan,nan,87,26.299999237060547,-1.2000000476837158,34.0,0,READY owner=Surnn refs=24,"{""cmd"": ""STOP"", ""status"": ""READY"", ""detector"": ""yolo"", ""state"": ""IDLE"", ""owner"": ""Surnn"", ""score"": null, ""match_max"": 0.5, ""refs"": 24, ""match_mode"": ""osnet"", ""steer_zones"": 41, ""people"": 0, ""track_id"": null, ""target_ex"": 0.848, ""target_cx_vel_px_s"": 102.0, ""target_age_s"": 4041.08, ""lidar_min_m"": 2.37, ""target_lidar_m"": 3.22, ""target_lidar_deg"": 10.2, ""camera"
2026-06-20T15:26:49.325,72.325,mission_20260620_152537_manual,MANUAL,,0,13.341954231262207,101.02149200439453,51.83815442282407,4,True,3.2190001010894775,1,0,0,201443,183786,0.0,0.0,0.0,0,0,nan,nan,nan,87,26.299999237060547,-1.2000000476837158,34.0,0,READY owner=Surnn refs=24,"{""cmd"": ""STOP"", ""status"": ""READY"", ""detector"": ""yolo"", ""state"": ""IDLE"", ""owner"": ""Surnn"", ""score"": null, ""match_max"": 0.5, ""refs"": 24, ""match_mode"": ""osnet"", ""steer_zones"": 41, ""people"": 0, ""track_id"": null, ""target_ex"": 0.848, ""target_cx_vel_px_s"": 102.0, ""target_age_s"": 4043.28, ""lidar_min_m"": 2.37, ""target_lidar_m"": 3.22, ""target_lidar_deg"": 10.2, ""camera"
2026-06-20T15:26:51.329,74.33,mission_20260620_152537_manual,MANUAL,,0,13.341954231262207,101.02149200439453,51.82718172392244,4,True,3.215749979019165,1,0,0,201443,183786,0.0,0.0,0.0,0,0,nan,nan,nan,87,26.299999237060547,-1.0,34.0,0,READY owner=Surnn refs=24,"{""cmd"": ""STOP"", ""status"": ""READY"", ""detector"": ""yolo"", ""state"": ""IDLE"", ""owner"": ""Surnn"", ""score"": null, ""match_max"": 0.5, ""refs"": 24, ""match_mode"": ""osnet"", ""steer_zones"": 41, ""people"": 0, ""track_id"": null, ""target_ex"": 0.848, ""target_cx_vel_px_s"": 102.0, ""target_age_s"": 4045.38, ""lidar_min_m"": 2.37, ""target_lidar_m"": 3.22, ""target_lidar_deg"": 10.2, ""camera"
2026-06-20T15:26:53.331,76.332,mission_20260620_152537_manual,MANUAL,,0,13.341955184936523,101.02149200439453,51.83850276247174,4,True,3.222749948501587,1,0,0,201443,183786,0.0,0.0,0.0,0,0,nan,nan,nan,87,26.299999237060547,-1.0,34.0,0,READY owner=Surnn refs=24,"{""cmd"": ""STOP"", ""status"": ""READY"", ""detector"": ""yolo"", ""state"": ""IDLE"", ""owner"": ""Surnn"", ""score"": null, ""match_max"": 0.5, ""refs"": 24, ""match_mode"": ""osnet"", ""steer_zones"": 41, ""people"": 0, ""track_id"": null, ""target_ex"": 0.848, ""target_cx_vel_px_s"": 102.0, ""target_age_s"": 4047.48, ""lidar_min_m"": 2.37, ""target_lidar_m"": 3.22, ""target_lidar_deg"": 10.2, ""camera"
2026-06-20T15:26:55.335,78.335,mission_20260620_152537_manual,MANUAL,,0,13.341955184936523,101.02149200439453,51.83176136576094,4,True,3.2195000648498535,1,0,0,201443,183786,0.0,0.0,0.0,0,0,nan,nan,nan,87,26.299999237060547,-1.2999999523162842,34.0,0,READY owner=Surnn refs=24,"{""cmd"": ""STOP"", ""status"": ""READY"", ""detector"": ""yolo"", ""state"": ""IDLE"", ""owner"": ""Surnn"", ""score"": null, ""match_max"": 0.5, ""refs"": 24, ""match_mode"": ""osnet"", ""steer_zones"": 41, ""people"": 0, ""track_id"": null, ""target_ex"": 0.848, ""target_cx_vel_px_s"": 102.0, ""target_age_s"": 4049.58, ""lidar_min_m"": 2.37, ""target_lidar_m"": 3.22, ""target_lidar_deg"": 10.2, ""camera"
2026-06-20T15:26:57.339,80.34,mission_20260620_152537_manual,MANUAL,,0,13.341955184936523,101.02149200439453,51.82901904480918,4,True,3.21875,1,0,0,201443,183786,0.0,0.0,0.0,0,0,nan,nan,nan,87,26.299999237060547,-1.100000023841858,34.0,0,READY owner=Surnn refs=24,"{""cmd"": ""STOP"", ""status"": ""READY"", ""detector"": ""yolo"", ""state"": ""IDLE"", ""owner"": ""Surnn"", ""score"": null, ""match_max"": 0.5, ""refs"": 24, ""match_mode"": ""osnet"", ""steer_zones"": 41, ""people"": 0, ""track_id"": null, ""target_ex"": 0.848, ""target_cx_vel_px_s"": 102.0, ""target_age_s"": 4051.68, ""lidar_min_m"": 2.37, ""target_lidar_m"": 3.22, ""target_lidar_deg"": 10.2, ""camera"
2026-06-20T15:26:59.340,82.34,mission_20260620_152537_manual,MANUAL,,0,13.341955184936523,101.02149200439453,51.82510193132018,4,True,3.2184998989105225,1,0,0,201443,183786,0.0,0.0,0.0,0,0,nan,nan,nan,87,26.299999237060547,-1.2999999523162842,34.0,0,READY owner=Surnn refs=24,"{""cmd"": ""STOP"", ""status"": ""READY"", ""detector"": ""yolo"", ""state"": ""IDLE"", ""owner"": ""Surnn"", ""score"": null, ""match_max"": 0.5, ""refs"": 24, ""match_mode"": ""osnet"", ""steer_zones"": 41, ""people"": 0, ""track_id"": null, ""target_ex"": 0.848, ""target_cx_vel_px_s"": 102.0, ""target_age_s"": 4053.88, ""lidar_min_m"": 2.37, ""target_lidar_m"": 3.22, ""target_lidar_deg"": 10.2, ""camera"
2026-06-20T15:27:01.392,84.393,mission_20260620_152537_manual,MANUAL,,0,13.341955184936523,101.02149200439453,51.81316276065099,4,True,3.218250036239624,1,0,0,201443,183786,0.0,0.0,0.0,0,0,nan,nan,nan,87,26.299999237060547,-1.100000023841858,34.0,0,READY owner=Surnn refs=24,"{""cmd"": ""STOP"", ""status"": ""READY"", ""detector"": ""yolo"", ""state"": ""IDLE"", ""owner"": ""Surnn"", ""score"": null, ""match_max"": 0.5, ""refs"": 24, ""match_mode"": ""osnet"", ""steer_zones"": 41, ""people"": 0, ""track_id"": null, ""target_ex"": 0.848, ""target_cx_vel_px_s"": 102.0, ""target_age_s"": 4055.98, ""lidar_min_m"": 2.37, ""target_lidar_m"": 3.22, ""target_lidar_deg"": 10.2, ""camera"
2026-06-20T15:27:03.397,86.398,mission_20260620_152537_manual,MANUAL,,0,13.341955184936523,101.02149200439453,51.833096667743675,4,True,3.220249891281128,1,0,0,201443,183786,0.0,0.0,0.0,0,0,nan,nan,nan,87,26.299999237060547,-1.2000000476837158,34.0,0,READY owner=Surnn refs=24,"{""cmd"": ""STOP"", ""status"": ""READY"", ""detector"": ""yolo"", ""state"": ""IDLE"", ""owner"": ""Surnn"", ""score"": null, ""match_max"": 0.5, ""refs"": 24, ""match_mode"": ""osnet"", ""steer_zones"": 41, ""people"": 0, ""track_id"": null, ""target_ex"": 0.848, ""target_cx_vel_px_s"": 102.0, ""target_age_s"": 4058.08, ""lidar_min_m"": 2.37, ""target_lidar_m"": 3.22, ""target_lidar_deg"": 10.2, ""camera"
2026-06-20T15:27:05.397,88.398,mission_20260620_152537_manual,MANUAL,,0,13.341955184936523,101.02149200439453,51.84462602706266,4,True,3.222249984741211,1,0,0,201443,183786,0.0,0.0,0.0,0,0,nan,nan,nan,87,26.299999237060547,-1.2999999523162842,34.0,0,READY owner=Surnn refs=24,"{""cmd"": ""STOP"", ""status"": ""READY"", ""detector"": ""yolo"", ""state"": ""IDLE"", ""owner"": ""Surnn"", ""score"": null, ""match_max"": 0.5, ""refs"": 24, ""match_mode"": ""osnet"", ""steer_zones"": 41, ""people"": 0, ""track_id"": null, ""target_ex"": 0.848, ""target_cx_vel_px_s"": 102.0, ""target_age_s"": 4059.18, ""lidar_min_m"": 2.37, ""target_lidar_m"": 3.22, ""target_lidar_deg"": 10.2, ""camera"
2026-06-20T15:27:07.399,90.4,mission_20260620_152537_manual,MANUAL,,0,13.341955184936523,101.02149200439453,51.847621065013705,4,True,3.2179999351501465,1,0,0,201443,183786,0.0,0.0,0.0,0,0,nan,nan,nan,87,26.299999237060547,-1.100000023841858,34.0,0,READY owner=Surnn refs=24,"{""cmd"": ""STOP"", ""status"": ""READY"", ""detector"": ""yolo"", ""state"": ""IDLE"", ""owner"": ""Surnn"", ""score"": null, ""match_max"": 0.5, ""refs"": 24, ""match_mode"": ""osnet"", ""steer_zones"": 41, ""people"": 0, ""track_id"": null, ""target_ex"": 0.848, ""target_cx_vel_px_s"": 102.0, ""target_age_s"": 4061.28, ""lidar_min_m"": 2.37, ""target_lidar_m"": 3.22, ""target_lidar_deg"": 10.2, ""camera"
2026-06-20T15:27:09.401,92.401,mission_20260620_152537_manual,MANUAL,,0,13.341955184936523,101.02149200439453,51.857596556296514,4,True,3.2179999351501465,1,0,0,201443,183786,0.0,0.0,0.0,0,0,nan,nan,nan,87,26.299999237060547,-1.2000000476837158,34.0,0,READY owner=Surnn refs=24,"{""cmd"": ""STOP"", ""status"": ""READY"", ""detector"": ""yolo"", ""state"": ""IDLE"", ""owner"": ""Surnn"", ""score"": null, ""match_max"": 0.5, ""refs"": 24, ""match_mode"": ""osnet"", ""steer_zones"": 41, ""people"": 0, ""track_id"": null, ""target_ex"": 0.848, ""target_cx_vel_px_s"": 102.0, ""target_age_s"": 4063.38, ""lidar_min_m"": 2.37, ""target_lidar_m"": 3.22, ""target_lidar_deg"": 10.2, ""camera"
2026-06-20T15:27:11.403,94.403,mission_20260620_152537_manual,MANUAL,,0,13.34195613861084,101.02149200439453,51.85219387666303,4,True,3.219249963760376,1,0,0,201443,183786,0.0,0.0,0.0,0,0,nan,nan,nan,87,26.299999237060547,-1.2000000476837158,34.0,0,READY owner=Surnn refs=24,"{""cmd"": ""STOP"", ""status"": ""READY"", ""detector"": ""yolo"", ""state"": ""IDLE"", ""owner"": ""Surnn"", ""score"": null, ""match_max"": 0.5, ""refs"": 24, ""match_mode"": ""osnet"", ""steer_zones"": 41, ""people"": 0, ""track_id"": null, ""target_ex"": 0.848, ""target_cx_vel_px_s"": 102.0, ""target_age_s"": 4065.38, ""lidar_min_m"": 2.37, ""target_lidar_m"": 3.22, ""target_lidar_deg"": 10.2, ""camera"
2026-06-20T15:27:13.405,96.405,mission_20260620_152537_manual,MANUAL,,0,13.341957092285156,101.02149200439453,51.853283291835645,4,True,3.2149999141693115,1,0,0,201443,183786,0.0,0.0,0.0,0,0,nan,nan,nan,87,26.299999237060547,-1.2000000476837158,34.0,0,READY owner=Surnn refs=24,"{""cmd"": ""STOP"", ""status"": ""READY"", ""detector"": ""yolo"", ""state"": ""IDLE"", ""owner"": ""Surnn"", ""score"": null, ""match_max"": 0.5, ""refs"": 24, ""match_mode"": ""osnet"", ""steer_zones"": 41, ""people"": 0, ""track_id"": null, ""target_ex"": 0.848, ""target_cx_vel_px_s"": 102.0, ""target_age_s"": 4067.58, ""lidar_min_m"": 2.37, ""target_lidar_m"": 3.22, ""target_lidar_deg"": 10.2, ""camera"
2026-06-20T15:27:15.405,98.405,mission_20260620_152537_manual,MANUAL,,0,13.341957092285156,101.02149200439453,51.84904174436107,4,True,3.2190001010894775,1,0,0,201443,183786,0.0,0.0,0.0,0,0,nan,nan,nan,87,26.299999237060547,-1.2000000476837158,34.0,0,READY owner=Surnn refs=24,"{""cmd"": ""STOP"", ""status"": ""READY"", ""detector"": ""yolo"", ""state"": ""IDLE"", ""owner"": ""Surnn"", ""score"": null, ""match_max"": 0.5, ""refs"": 24, ""match_mode"": ""osnet"", ""steer_zones"": 41, ""people"": 0, ""track_id"": null, ""target_ex"": 0.848, ""target_cx_vel_px_s"": 102.0, ""target_age_s"": 4069.78, ""lidar_min_m"": 2.37, ""target_lidar_m"": 3.22, ""target_lidar_deg"": 10.2, ""camera"
2026-06-20T15:27:17.409,100.41,mission_20260620_152537_manual,MANUAL,,0,13.341958045959473,101.02149200439453,51.85990174514139,4,True,3.2170000076293945,1,0,0,201443,183786,0.0,0.0,0.0,0,0,nan,nan,nan,87,26.299999237060547,-1.2999999523162842,34.0,0,READY owner=Surnn refs=24,"{""cmd"": ""STOP"", ""status"": ""READY"", ""detector"": ""yolo"", ""state"": ""IDLE"", ""owner"": ""Surnn"", ""score"": null, ""match_max"": 0.5, ""refs"": 24, ""match_mode"": ""osnet"", ""steer_zones"": 41, ""people"": 0, ""track_id"": null, ""target_ex"": 0.848, ""target_cx_vel_px_s"": 102.0, ""target_age_s"": 4071.88, ""lidar_min_m"": 2.37, ""target_lidar_m"": 3.22, ""target_lidar_deg"": 10.2, ""camera"
2026-06-20T15:27:19.409,102.41,mission_20260620_152537_manual,MANUAL,,0,13.341958045959473,101.02149200439453,51.853416480524466,4,True,3.217250108718872,1,0,0,183786,0,0.0,0.0,0.0,0,0,nan,nan,nan,87,-1.0,34.0,0.0,0,READY owner=Surnn refs=24,"{""cmd"": ""STOP"", ""status"": ""READY"", ""detector"": ""yolo"", ""state"": ""IDLE"", ""owner"": ""Surnn"", ""score"": null, ""match_max"": 0.5, ""refs"": 24, ""match_mode"": ""osnet"", ""steer_zones"": 41, ""people"": 0, ""track_id"": null, ""target_ex"": 0.848, ""target_cx_vel_px_s"": 102.0, ""target_age_s"": 4073.88, ""lidar_min_m"": 2.37, ""target_lidar_m"": 3.22, ""target_lidar_deg"": 10.2, ""camera"
2026-06-20T15:27:21.410,104.41,mission_20260620_152537_manual,MANUAL,,0,13.341958045959473,101.02149200439453,51.85023019727665,4,True,3.2190001010894775,1,0,0,201443,183786,0.0,0.0,0.0,0,0,nan,nan,nan,87,26.299999237060547,-1.100000023841858,34.0,0,READY owner=Surnn refs=24,"{""cmd"": ""STOP"", ""status"": ""READY"", ""detector"": ""yolo"", ""state"": ""IDLE"", ""owner"": ""Surnn"", ""score"": null, ""match_max"": 0.5, ""refs"": 24, ""match_mode"": ""osnet"", ""steer_zones"": 41, ""people"": 0, ""track_id"": null, ""target_ex"": 0.848, ""target_cx_vel_px_s"": 102.0, ""target_age_s"": 4075.98, ""lidar_min_m"": 2.37, ""target_lidar_m"": 3.22, ""target_lidar_deg"": 10.2, ""camera"
2026-06-20T15:27:23.415,106.415,mission_20260620_152537_manual,MANUAL,,0,13.341958999633789,101.02149200439453,51.85472104665593,4,True,3.2200000286102295,1,0,0,201443,183786,0.0,0.0,0.0,0,0,nan,nan,nan,87,26.299999237060547,-1.2000000476837158,34.0,0,READY owner=Surnn refs=24,"{""cmd"": ""STOP"", ""status"": ""READY"", ""detector"": ""yolo"", ""state"": ""IDLE"", ""owner"": ""Surnn"", ""score"": null, ""match_max"": 0.5, ""refs"": 24, ""match_mode"": ""osnet"", ""steer_zones"": 41, ""people"": 0, ""track_id"": null, ""target_ex"": 0.848, ""target_cx_vel_px_s"": 102.0, ""target_age_s"": 4078.08, ""lidar_min_m"": 2.37, ""target_lidar_m"": 3.22, ""target_lidar_deg"": 10.2, ""camera"
2026-06-20T15:27:25.475,108.476,mission_20260620_152537_manual,MANUAL,,0,13.341958999633789,101.02149200439453,51.84193834762426,4,True,3.2209999561309814,1,0,0,0,1,0.0,0.0,0.0,0,0,nan,nan,nan,87,34.0,0.0,0.0,0,READY owner=Surnn refs=24,"{""cmd"": ""STOP"", ""status"": ""READY"", ""detector"": ""yolo"", ""state"": ""IDLE"", ""owner"": ""Surnn"", ""score"": null, ""match_max"": 0.5, ""refs"": 24, ""match_mode"": ""osnet"", ""steer_zones"": 41, ""people"": 0, ""track_id"": null, ""target_ex"": 0.848, ""target_cx_vel_px_s"": 102.0, ""target_age_s"": 4080.08, ""lidar_min_m"": 2.37, ""target_lidar_m"": 3.22, ""target_lidar_deg"": 10.2, ""camera"
2026-06-20T15:27:27.481,110.481,mission_20260620_152537_manual,MANUAL,,0,13.341958999633789,101.02149963378906,51.854481990034984,4,True,3.2200000286102295,1,0,0,201443,183786,0.0,0.0,0.0,0,0,nan,nan,nan,87,26.299999237060547,-1.2999999523162842,34.0,0,READY owner=Surnn refs=24,"{""cmd"": ""STOP"", ""status"": ""READY"", ""detector"": ""yolo"", ""state"": ""IDLE"", ""owner"": ""Surnn"", ""score"": null, ""match_max"": 0.5, ""refs"": 24, ""match_mode"": ""osnet"", ""steer_zones"": 41, ""people"": 0, ""track_id"": null, ""target_ex"": 0.848, ""target_cx_vel_px_s"": 102.0, ""target_age_s"": 4082.18, ""lidar_min_m"": 2.37, ""target_lidar_m"": 3.22, ""target_lidar_deg"": 10.2, ""camera"
2026-06-20T15:27:29.486,112.486,mission_20260620_152537_manual,MANUAL,,0,13.341958999633789,101.02149963378906,51.85436246172451,4,True,3.2160000801086426,1,0,0,0,0,0.0,0.0,0.0,0,0,nan,nan,nan,87,26.299999237060547,-1.2000000476837158,34.0,0,READY owner=Surnn refs=24,"{""cmd"": ""STOP"", ""status"": ""READY"", ""detector"": ""yolo"", ""state"": ""IDLE"", ""owner"": ""Surnn"", ""score"": null, ""match_max"": 0.5, ""refs"": 24, ""match_mode"": ""osnet"", ""steer_zones"": 41, ""people"": 0, ""track_id"": null, ""target_ex"": 0.848, ""target_cx_vel_px_s"": 102.0, ""target_age_s"": 4083.28, ""lidar_min_m"": 2.37, ""target_lidar_m"": 3.22, ""target_lidar_deg"": 10.2, ""camera"
2026-06-20T15:27:31.490,114.491,mission_20260620_152537_manual,MANUAL,,0,13.341958999633789,101.02149963378906,51.87915604841166,4,True,3.2214999198913574,1,0,0,201443,183786,0.0,0.0,0.0,0,0,nan,nan,nan,87,26.299999237060547,-1.2000000476837158,34.0,0,READY owner=Surnn refs=24,"{""cmd"": ""STOP"", ""status"": ""READY"", ""detector"": ""yolo"", ""state"": ""IDLE"", ""owner"": ""Surnn"", ""score"": null, ""match_max"": 0.5, ""refs"": 24, ""match_mode"": ""osnet"", ""steer_zones"": 41, ""people"": 0, ""track_id"": null, ""target_ex"": 0.848, ""target_cx_vel_px_s"": 102.0, ""target_age_s"": 4085.38, ""lidar_min_m"": 2.37, ""target_lidar_m"": 3.22, ""target_lidar_deg"": 10.2, ""camera"
2026-06-20T15:27:33.495,116.496,mission_20260620_152537_manual,MANUAL,,0,13.341958999633789,101.02149963378906,51.88184714294464,4,True,3.2195000648498535,1,0,0,183786,0,0.0,0.0,0.0,0,0,nan,nan,nan,87,-1.0,34.0,0.0,0,READY owner=Surnn refs=24,"{""cmd"": ""STOP"", ""status"": ""READY"", ""detector"": ""yolo"", ""state"": ""IDLE"", ""owner"": ""Surnn"", ""score"": null, ""match_max"": 0.5, ""refs"": 24, ""match_mode"": ""osnet"", ""steer_zones"": 41, ""people"": 0, ""track_id"": null, ""target_ex"": 0.848, ""target_cx_vel_px_s"": 102.0, ""target_age_s"": 4087.58, ""lidar_min_m"": 2.37, ""target_lidar_m"": 3.22, ""target_lidar_deg"": 10.2, ""camera"
2026-06-20T15:27:35.500,118.5,mission_20260620_152537_manual,MANUAL,,0,13.341958999633789,101.02149963378906,51.87241123660627,4,True,3.2195000648498535,1,0,0,201443,183786,0.0,0.0,0.0,0,0,nan,nan,nan,87,26.299999237060547,-1.2999999523162842,34.0,0,READY owner=Surnn refs=24,"{""cmd"": ""STOP"", ""status"": ""READY"", ""detector"": ""yolo"", ""state"": ""IDLE"", ""owner"": ""Surnn"", ""score"": null, ""match_max"": 0.5, ""refs"": 24, ""match_mode"": ""osnet"", ""steer_zones"": 41, ""people"": 0, ""track_id"": null, ""target_ex"": 0.848, ""target_cx_vel_px_s"": 102.0, ""target_age_s"": 4089.68, ""lidar_min_m"": 2.37, ""target_lidar_m"": 3.22, ""target_lidar_deg"": 10.2, ""camera"
2026-06-20T15:27:37.500,120.501,mission_20260620_152537_manual,MANUAL,,0,13.341959953308105,101.02149963378906,51.87787197284769,4,True,3.2230000495910645,1,0,0,0,0,0.0,0.0,0.0,0,0,nan,nan,nan,87,0.0,0.0,0.0,0,READY owner=Surnn refs=24,"{""cmd"": ""STOP"", ""status"": ""READY"", ""detector"": ""yolo"", ""state"": ""IDLE"", ""owner"": ""Surnn"", ""score"": null, ""match_max"": 0.5, ""refs"": 24, ""match_mode"": ""osnet"", ""steer_zones"": 41, ""people"": 0, ""track_id"": null, ""target_ex"": 0.848, ""target_cx_vel_px_s"": 102.0, ""target_age_s"": 4091.78, ""lidar_min_m"": 2.37, ""target_lidar_m"": 3.22, ""target_lidar_deg"": 10.2, ""camera"
2026-06-20T15:27:39.505,122.505,mission_20260620_152537_manual,MANUAL,,0,13.341959953308105,101.02149963378906,51.87473350092407,4,True,3.214750051498413,1,0,0,201443,183786,0.0,0.0,0.0,0,0,nan,nan,nan,87,26.299999237060547,-1.0,34.0,0,READY owner=Surnn refs=24,"{""cmd"": ""STOP"", ""status"": ""READY"", ""detector"": ""yolo"", ""state"": ""IDLE"", ""owner"": ""Surnn"", ""score"": null, ""match_max"": 0.5, ""refs"": 24, ""match_mode"": ""osnet"", ""steer_zones"": 41, ""people"": 0, ""track_id"": null, ""target_ex"": 0.848, ""target_cx_vel_px_s"": 102.0, ""target_age_s"": 4093.88, ""lidar_min_m"": 2.37, ""target_lidar_m"": 3.22, ""target_lidar_deg"": 10.2, ""camera"
2026-06-20T15:27:41.559,124.559,mission_20260620_152537_manual,MANUAL,,0,13.341959953308105,101.02149963378906,51.87854816157552,4,True,3.2195000648498535,1,0,0,201443,1837,0.0,0.0,0.0,0,0,nan,nan,nan,87,26.299999237060547,-1.2000000476837158,34.0,0,READY owner=Surnn refs=24,"{""cmd"": ""STOP"", ""status"": ""READY"", ""detector"": ""yolo"", ""state"": ""IDLE"", ""owner"": ""Surnn"", ""score"": null, ""match_max"": 0.5, ""refs"": 24, ""match_mode"": ""osnet"", ""steer_zones"": 41, ""people"": 0, ""track_id"": null, ""target_ex"": 0.848, ""target_cx_vel_px_s"": 102.0, ""target_age_s"": 4095.88, ""lidar_min_m"": 2.37, ""target_lidar_m"": 3.22, ""target_lidar_deg"": 10.2, ""camera"
2026-06-20T15:27:43.560,126.561,mission_20260620_152537_manual,MANUAL,,0,13.341960906982422,101.02149963378906,51.875730708542896,4,True,3.2179999351501465,1,0,0,0,1,0.0,0.0,0.0,0,0,nan,nan,nan,87,34.0,0.0,0.0,0,READY owner=Surnn refs=24,"{""cmd"": ""STOP"", ""status"": ""READY"", ""detector"": ""yolo"", ""state"": ""IDLE"", ""owner"": ""Surnn"", ""score"": null, ""match_max"": 0.5, ""refs"": 24, ""match_mode"": ""osnet"", ""steer_zones"": 41, ""people"": 0, ""track_id"": null, ""target_ex"": 0.848, ""target_cx_vel_px_s"": 102.0, ""target_age_s"": 4097.98, ""lidar_min_m"": 2.37, ""target_lidar_m"": 3.22, ""target_lidar_deg"": 10.2, ""camera"
2026-06-20T15:27:45.565,128.565,mission_20260620_152537_manual,MANUAL,,0,13.341961860656738,101.02149200439453,51.86876391558948,4,True,3.21875,1,0,0,201443,183786,0.0,0.0,0.0,0,0,nan,nan,nan,87,26.299999237060547,-1.2000000476837158,34.0,0,READY owner=Surnn refs=24,"{""cmd"": ""STOP"", ""status"": ""READY"", ""detector"": ""yolo"", ""state"": ""IDLE"", ""owner"": ""Surnn"", ""score"": null, ""match_max"": 0.5, ""refs"": 24, ""match_mode"": ""osnet"", ""steer_zones"": 41, ""people"": 0, ""track_id"": null, ""target_ex"": 0.848, ""target_cx_vel_px_s"": 102.0, ""target_age_s"": 4100.08, ""lidar_min_m"": 2.37, ""target_lidar_m"": 3.22, ""target_lidar_deg"": 10.2, ""camera"
2026-06-20T15:27:47.569,130.57,mission_20260620_152537_manual,MANUAL,,0,13.341961860656738,101.02149200439453,51.87180676486472,4,True,3.219749927520752,1,0,0,0,0,0.0,0.0,0.0,0,0,nan,nan,nan,87,26.299999237060547,-1.2000000476837158,34.0,0,READY owner=Surnn refs=24,"{""cmd"": ""STOP"", ""status"": ""READY"", ""detector"": ""yolo"", ""state"": ""IDLE"", ""owner"": ""Surnn"", ""score"": null, ""match_max"": 0.5, ""refs"": 24, ""match_mode"": ""osnet"", ""steer_zones"": 41, ""people"": 0, ""track_id"": null, ""target_ex"": 0.848, ""target_cx_vel_px_s"": 102.0, ""target_age_s"": 4102.18, ""lidar_min_m"": 2.37, ""target_lidar_m"": 3.22, ""target_lidar_deg"": 10.2, ""camera"
2026-06-20T15:27:49.570,132.57,mission_20260620_152537_manual,MANUAL,,0,13.341962814331055,101.02149200439453,51.8586244997666,4,True,3.2184998989105225,1,0,0,183786,0,0.0,0.0,0.0,0,0,nan,nan,nan,87,-1.2000000476837158,34.0,0.0,0,READY owner=Surnn refs=24,"{""cmd"": ""STOP"", ""status"": ""READY"", ""detector"": ""yolo"", ""state"": ""IDLE"", ""owner"": ""Surnn"", ""score"": null, ""match_max"": 0.5, ""refs"": 24, ""match_mode"": ""osnet"", ""steer_zones"": 41, ""people"": 0, ""track_id"": null, ""target_ex"": 0.848, ""target_cx_vel_px_s"": 102.0, ""target_age_s"": 4103.28, ""lidar_min_m"": 2.37, ""target_lidar_m"": 3.22, ""target_lidar_deg"": 10.2, ""camera"
2026-06-20T15:27:51.570,134.57,mission_20260620_152537_manual,MANUAL,,0,13.341963768005371,101.02149200439453,51.84920908399573,4,True,3.2149999141693115,1,0,0,183786,0,0.0,0.0,0.0,0,0,nan,nan,nan,87,-1.2000000476837158,34.0,0.0,0,READY owner=Surnn refs=24,"{""cmd"": ""STOP"", ""status"": ""READY"", ""detector"": ""yolo"", ""state"": ""IDLE"", ""owner"": ""Surnn"", ""score"": null, ""match_max"": 0.5, ""refs"": 24, ""match_mode"": ""osnet"", ""steer_zones"": 41, ""people"": 0, ""track_id"": null, ""target_ex"": 0.848, ""target_cx_vel_px_s"": 102.0, ""target_age_s"": 4105.38, ""lidar_min_m"": 2.37, ""target_lidar_m"": 3.22, ""target_lidar_deg"": 10.2, ""camera"
2026-06-20T15:27:53.575,136.575,mission_20260620_152537_manual,MANUAL,,0,13.341964721679688,101.02149200439453,51.83941459272594,4,True,3.218250036239624,1,0,0,201443,183786,0.0,0.0,0.0,0,0,nan,nan,nan,87,26.299999237060547,-1.2000000476837158,34.0,0,READY owner=Surnn refs=24,"{""cmd"": ""STOP"", ""status"": ""READY"", ""detector"": ""yolo"", ""state"": ""IDLE"", ""owner"": ""Surnn"", ""score"": null, ""match_max"": 0.5, ""refs"": 24, ""match_mode"": ""osnet"", ""steer_zones"": 41, ""people"": 0, ""track_id"": null, ""target_ex"": 0.848, ""target_cx_vel_px_s"": 102.0, ""target_age_s"": 4107.48, ""lidar_min_m"": 2.37, ""target_lidar_m"": 3.22, ""target_lidar_deg"": 10.2, ""camera"
2026-06-20T15:27:55.580,138.581,mission_20260620_152537_manual,MANUAL,,0,13.341964721679688,101.02149200439453,51.82602742195271,4,True,3.2179999351501465,1,0,0,201443,183786,0.0,0.0,0.0,0,0,nan,nan,nan,87,26.299999237060547,-1.2000000476837158,34.0,0,READY owner=Surnn refs=24,"{""cmd"": ""STOP"", ""status"": ""READY"", ""detector"": ""yolo"", ""state"": ""IDLE"", ""owner"": ""Surnn"", ""score"": null, ""match_max"": 0.5, ""refs"": 24, ""match_mode"": ""osnet"", ""steer_zones"": 41, ""people"": 0, ""track_id"": null, ""target_ex"": 0.848, ""target_cx_vel_px_s"": 102.0, ""target_age_s"": 4109.58, ""lidar_min_m"": 2.37, ""target_lidar_m"": 3.22, ""target_lidar_deg"": 10.2, ""camera"
2026-06-20T15:27:57.585,140.585,mission_20260620_152537_manual,MANUAL,,0,13.341964721679688,101.021484375,51.81963777998416,4,True,3.2160000801086426,1,0,0,0,0,0.0,0.0,0.0,0,0,nan,nan,nan,87,0.0,0.0,0.0,0,READY owner=Surnn refs=24,"{""cmd"": ""STOP"", ""status"": ""READY"", ""detector"": ""yolo"", ""state"": ""IDLE"", ""owner"": ""Surnn"", ""score"": null, ""match_max"": 0.5, ""refs"": 24, ""match_mode"": ""osnet"", ""steer_zones"": 41, ""people"": 0, ""track_id"": null, ""target_ex"": 0.848, ""target_cx_vel_px_s"": 102.0, ""target_age_s"": 4111.68, ""lidar_min_m"": 2.37, ""target_lidar_m"": 3.22, ""target_lidar_deg"": 10.2, ""camera"
2026-06-20T15:27:59.585,142.586,mission_20260620_152537_manual,MANUAL,,0,13.341965675354004,101.021484375,51.812073345478375,4,True,3.219249963760376,1,0,0,0,1,0.0,0.0,0.0,0,0,nan,nan,nan,87,34.0,0.0,0.0,0,READY owner=Surnn refs=24,"{""cmd"": ""STOP"", ""status"": ""READY"", ""detector"": ""yolo"", ""state"": ""IDLE"", ""owner"": ""Surnn"", ""score"": null, ""match_max"": 0.5, ""refs"": 24, ""match_mode"": ""osnet"", ""steer_zones"": 41, ""people"": 0, ""track_id"": null, ""target_ex"": 0.848, ""target_cx_vel_px_s"": 102.0, ""target_age_s"": 4113.78, ""lidar_min_m"": 2.37, ""target_lidar_m"": 3.22, ""target_lidar_deg"": 10.2, ""camera"
2026-06-20T15:28:01.591,144.591,mission_20260620_152537_manual,MANUAL,,0,13.341965675354004,101.021484375,51.811677194506515,4,True,3.2155001163482666,1,0,0,183786,0,0.0,0.0,0.0,0,0,nan,nan,nan,87,-1.2999999523162842,34.0,0.0,0,READY owner=Surnn refs=24,"{""cmd"": ""STOP"", ""status"": ""READY"", ""detector"": ""yolo"", ""state"": ""IDLE"", ""owner"": ""Surnn"", ""score"": null, ""match_max"": 0.5, ""refs"": 24, ""match_mode"": ""osnet"", ""steer_zones"": 41, ""people"": 0, ""track_id"": null, ""target_ex"": 0.848, ""target_cx_vel_px_s"": 102.0, ""target_age_s"": 4115.88, ""lidar_min_m"": 2.36, ""target_lidar_m"": 3.22, ""target_lidar_deg"": 10.2, ""camera"
2026-06-20T15:28:03.640,146.641,mission_20260620_152537_manual,MANUAL,,0,13.341965675354004,101.021484375,51.81430681733697,4,True,3.2195000648498535,1,0,0,0,1,0.0,0.0,0.0,0,0,nan,nan,nan,87,34.0,0.0,0.0,0,READY owner=Surnn refs=24,"{""cmd"": ""STOP"", ""status"": ""READY"", ""detector"": ""yolo"", ""state"": ""IDLE"", ""owner"": ""Surnn"", ""score"": null, ""match_max"": 0.5, ""refs"": 24, ""match_mode"": ""osnet"", ""steer_zones"": 41, ""people"": 0, ""track_id"": null, ""target_ex"": 0.848, ""target_cx_vel_px_s"": 102.0, ""target_age_s"": 4117.98, ""lidar_min_m"": 2.37, ""target_lidar_m"": 3.22, ""target_lidar_deg"": 10.2, ""camera"
2026-06-20T15:28:05.641,148.641,mission_20260620_152537_manual,MANUAL,,0,13.34196662902832,101.021484375,51.81052972272595,4,True,3.215749979019165,1,0,0,0,0,0.0,0.0,0.0,0,0,nan,nan,nan,87,26.299999237060547,-1.100000023841858,34.0,0,READY owner=Surnn refs=24,"{""cmd"": ""STOP"", ""status"": ""READY"", ""detector"": ""yolo"", ""state"": ""IDLE"", ""owner"": ""Surnn"", ""score"": null, ""match_max"": 0.5, ""refs"": 24, ""match_mode"": ""osnet"", ""steer_zones"": 41, ""people"": 0, ""track_id"": null, ""target_ex"": 0.848, ""target_cx_vel_px_s"": 102.0, ""target_age_s"": 4120.18, ""lidar_min_m"": 2.37, ""target_lidar_m"": 3.22, ""target_lidar_deg"": 10.2, ""camera"
2026-06-20T15:28:07.645,150.645,mission_20260620_152537_manual,MANUAL,,0,13.34196662902832,101.021484375,51.814112156945626,4,True,3.215250015258789,1,0,0,201443,183786,0.0,0.0,0.0,0,0,nan,nan,nan,87,26.299999237060547,-1.100000023841858,34.0,0,READY owner=Surnn refs=24,"{""cmd"": ""STOP"", ""status"": ""READY"", ""detector"": ""yolo"", ""state"": ""IDLE"", ""owner"": ""Surnn"", ""score"": null, ""match_max"": 0.5, ""refs"": 24, ""match_mode"": ""osnet"", ""steer_zones"": 41, ""people"": 0, ""track_id"": null, ""target_ex"": 0.848, ""target_cx_vel_px_s"": 102.0, ""target_age_s"": 4122.28, ""lidar_min_m"": 2.37, ""target_lidar_m"": 3.22, ""target_lidar_deg"": 10.2, ""camera"
2026-06-20T15:28:09.645,152.645,mission_20260620_152537_manual,MANUAL,,0,13.34196662902832,101.021484375,51.80027419368718,4,True,3.2209999561309814,1,0,0,183786,0,0.0,0.0,0.0,0,0,nan,nan,nan,87,-1.100000023841858,34.0,0.0,0,READY owner=Surnn refs=24,"{""cmd"": ""STOP"", ""status"": ""READY"", ""detector"": ""yolo"", ""state"": ""IDLE"", ""owner"": ""Surnn"", ""score"": null, ""match_max"": 0.5, ""refs"": 24, ""match_mode"": ""osnet"", ""steer_zones"": 41, ""people"": 0, ""track_id"": null, ""target_ex"": 0.848, ""target_cx_vel_px_s"": 102.0, ""target_age_s"": 4123.38, ""lidar_min_m"": 2.37, ""target_lidar_m"": 3.22, ""target_lidar_deg"": 10.2, ""camera"
2026-06-20T15:28:11.647,154.647,mission_20260620_152537_manual,MANUAL,,0,13.341967582702637,101.021484375,51.79914038228495,4,True,3.224250078201294,1,0,0,201443,183786,0.0,0.0,0.0,0,0,nan,nan,nan,87,26.299999237060547,-1.2000000476837158,34.0,0,READY owner=Surnn refs=24,"{""cmd"": ""STOP"", ""status"": ""READY"", ""detector"": ""yolo"", ""state"": ""IDLE"", ""owner"": ""Surnn"", ""score"": null, ""match_max"": 0.5, ""refs"": 24, ""match_mode"": ""osnet"", ""steer_zones"": 41, ""people"": 0, ""track_id"": null, ""target_ex"": 0.848, ""target_cx_vel_px_s"": 102.0, ""target_age_s"": 4125.48, ""lidar_min_m"": 2.37, ""target_lidar_m"": 3.22, ""target_lidar_deg"": 10.2, ""camera"
2026-06-20T15:28:13.649,156.65,mission_20260620_152537_manual,MANUAL,,0,13.341967582702637,101.021484375,51.79592677828047,4,True,3.218250036239624,1,0,0,201443,183786,0.0,0.0,0.0,0,0,nan,nan,nan,87,26.299999237060547,-1.2999999523162842,34.0,0,READY owner=Surnn refs=24,"{""cmd"": ""STOP"", ""status"": ""READY"", ""detector"": ""yolo"", ""state"": ""IDLE"", ""owner"": ""Surnn"", ""score"": null, ""match_max"": 0.5, ""refs"": 24, ""match_mode"": ""osnet"", ""steer_zones"": 41, ""people"": 0, ""track_id"": null, ""target_ex"": 0.848, ""target_cx_vel_px_s"": 102.0, ""target_age_s"": 4127.48, ""lidar_min_m"": 2.37, ""target_lidar_m"": 3.22, ""target_lidar_deg"": 10.2, ""camera"
2026-06-20T15:28:15.649,158.65,mission_20260620_152537_manual,MANUAL,,0,13.341967582702637,101.02147674560547,51.78966007971698,4,True,3.222749948501587,1,0,0,201443,183786,0.0,0.0,0.0,0,0,nan,nan,nan,87,26.299999237060547,-1.100000023841858,34.0,0,READY owner=Surnn refs=24,"{""cmd"": ""STOP"", ""status"": ""READY"", ""detector"": ""yolo"", ""state"": ""IDLE"", ""owner"": ""Surnn"", ""score"": null, ""match_max"": 0.5, ""refs"": 24, ""match_mode"": ""osnet"", ""steer_zones"": 41, ""people"": 0, ""track_id"": null, ""target_ex"": 0.848, ""target_cx_vel_px_s"": 102.0, ""target_age_s"": 4129.58, ""lidar_min_m"": 2.37, ""target_lidar_m"": 3.22, ""target_lidar_deg"": 10.2, ""camera"
2026-06-20T15:28:17.650,160.65,mission_20260620_152537_manual,MANUAL,,0,13.341968536376953,101.02147674560547,51.80078645787493,4,True,3.2214999198913574,1,0,0,201443,183786,0.0,0.0,0.0,0,0,nan,nan,nan,87,26.299999237060547,-1.0,34.0,0,READY owner=Surnn refs=24,"{""cmd"": ""STOP"", ""status"": ""READY"", ""detector"": ""yolo"", ""state"": ""IDLE"", ""owner"": ""Surnn"", ""score"": null, ""match_max"": 0.5, ""refs"": 24, ""match_mode"": ""osnet"", ""steer_zones"": 41, ""people"": 0, ""track_id"": null, ""target_ex"": 0.848, ""target_cx_vel_px_s"": 102.0, ""target_age_s"": 4131.68, ""lidar_min_m"": 2.36, ""target_lidar_m"": 3.22, ""target_lidar_deg"": 10.2, ""camera"
2026-06-20T15:28:19.656,162.656,mission_20260620_152537_manual,MANUAL,,0,13.341968536376953,101.02147674560547,51.790319192971886,4,True,3.2214999198913574,1,0,0,201443,183786,0.0,0.0,0.0,0,0,nan,nan,nan,87,26.299999237060547,-1.0,34.0,0,READY owner=Surnn refs=24,"{""cmd"": ""STOP"", ""status"": ""READY"", ""detector"": ""yolo"", ""state"": ""IDLE"", ""owner"": ""Surnn"", ""score"": null, ""match_max"": 0.5, ""refs"": 24, ""match_mode"": ""osnet"", ""steer_zones"": 41, ""people"": 0, ""track_id"": null, ""target_ex"": 0.848, ""target_cx_vel_px_s"": 102.0, ""target_age_s"": 4133.88, ""lidar_min_m"": 2.37, ""target_lidar_m"": 3.22, ""target_lidar_deg"": 10.2, ""camera"
2026-06-20T15:28:21.660,164.66,mission_20260620_152537_manual,MANUAL,,0,13.341968536376953,101.02147674560547,51.782399588629254,4,True,3.218250036239624,1,0,0,201443,183786,0.0,0.0,0.0,0,0,nan,nan,nan,87,26.299999237060547,-1.100000023841858,34.0,0,READY owner=Surnn refs=24,"{""cmd"": ""STOP"", ""status"": ""READY"", ""detector"": ""yolo"", ""state"": ""IDLE"", ""owner"": ""Surnn"", ""score"": null, ""match_max"": 0.5, ""refs"": 24, ""match_mode"": ""osnet"", ""steer_zones"": 41, ""people"": 0, ""track_id"": null, ""target_ex"": 0.848, ""target_cx_vel_px_s"": 102.0, ""target_age_s"": 4135.98, ""lidar_min_m"": 2.37, ""target_lidar_m"": 3.22, ""target_lidar_deg"": 10.2, ""camera"
2026-06-20T15:28:23.660,166.66,mission_20260620_152537_manual,MANUAL,,0,13.34196949005127,101.02147674560547,51.78161411687471,4,True,3.2179999351501465,1,0,0,201443,183786,0.0,0.0,0.0,0,0,nan,nan,nan,87,26.299999237060547,-1.2000000476837158,34.0,0,READY owner=Surnn refs=24,"{""cmd"": ""STOP"", ""status"": ""READY"", ""detector"": ""yolo"", ""state"": ""IDLE"", ""owner"": ""Surnn"", ""score"": null, ""match_max"": 0.5, ""refs"": 24, ""match_mode"": ""osnet"", ""steer_zones"": 41, ""people"": 0, ""track_id"": null, ""target_ex"": 0.848, ""target_cx_vel_px_s"": 102.0, ""target_age_s"": 4138.18, ""lidar_min_m"": 2.37, ""target_lidar_m"": 3.22, ""target_lidar_deg"": 10.2, ""camera"
2026-06-20T15:28:25.664,168.665,mission_20260620_152537_manual,MANUAL,,0,13.34196949005127,101.02147674560547,51.77004036132612,4,True,3.2204999923706055,1,0,0,201443,183786,0.0,0.0,0.0,0,0,nan,nan,nan,87,26.299999237060547,-1.2000000476837158,34.0,0,READY owner=Surnn refs=24,"{""cmd"": ""STOP"", ""status"": ""READY"", ""detector"": ""yolo"", ""state"": ""IDLE"", ""owner"": ""Surnn"", ""score"": null, ""match_max"": 0.5, ""refs"": 24, ""match_mode"": ""osnet"", ""steer_zones"": 41, ""people"": 0, ""track_id"": null, ""target_ex"": 0.848, ""target_cx_vel_px_s"": 102.0, ""target_age_s"": 4139.28, ""lidar_min_m"": 2.36, ""target_lidar_m"": 3.22, ""target_lidar_deg"": 10.2, ""camera"
2026-06-20T15:28:27.665,170.665,mission_20260620_152537_manual,MANUAL,,0,13.341970443725586,101.02146911621094,51.768032285710134,4,True,3.2160000801086426,1,0,0,201443,183786,0.0,0.0,0.0,0,0,nan,nan,nan,87,26.299999237060547,-1.2999999523162842,34.0,0,READY owner=Surnn refs=24,"{""cmd"": ""STOP"", ""status"": ""READY"", ""detector"": ""yolo"", ""state"": ""IDLE"", ""owner"": ""Surnn"", ""score"": null, ""match_max"": 0.5, ""refs"": 24, ""match_mode"": ""osnet"", ""steer_zones"": 41, ""people"": 0, ""track_id"": null, ""target_ex"": 0.848, ""target_cx_vel_px_s"": 102.0, ""target_age_s"": 4141.38, ""lidar_min_m"": 2.37, ""target_lidar_m"": 3.22, ""target_lidar_deg"": 10.2, ""camera"
2026-06-20T15:28:29.666,172.666,mission_20260620_152537_manual,MANUAL,,0,13.341970443725586,101.02146911621094,51.764559134517185,4,True,3.21875,1,0,0,201443,183786,0.0,0.0,0.0,0,0,nan,nan,nan,87,26.299999237060547,-1.2000000476837158,34.0,0,READY owner=Surnn refs=24,"{""cmd"": ""STOP"", ""status"": ""READY"", ""detector"": ""yolo"", ""state"": ""IDLE"", ""owner"": ""Surnn"", ""score"": null, ""match_max"": 0.5, ""refs"": 24, ""match_mode"": ""osnet"", ""steer_zones"": 41, ""people"": 0, ""track_id"": null, ""target_ex"": 0.848, ""target_cx_vel_px_s"": 102.0, ""target_age_s"": 4143.48, ""lidar_min_m"": 2.37, ""target_lidar_m"": 3.22, ""target_lidar_deg"": 10.2, ""camera"
2026-06-20T15:28:31.715,174.716,mission_20260620_152537_manual,MANUAL,,0,13.341971397399902,101.02146911621094,51.76607543651293,4,True,3.21875,1,0,0,201443,183786,0.0,0.0,0.0,0,0,nan,nan,nan,87,26.299999237060547,-1.2000000476837158,34.0,0,READY owner=Surnn refs=24,"{""cmd"": ""STOP"", ""status"": ""READY"", ""detector"": ""yolo"", ""state"": ""IDLE"", ""owner"": ""Surnn"", ""score"": null, ""match_max"": 0.5, ""refs"": 24, ""match_mode"": ""osnet"", ""steer_zones"": 41, ""people"": 0, ""track_id"": null, ""target_ex"": 0.848, ""target_cx_vel_px_s"": 102.0, ""target_age_s"": 4145.58, ""lidar_min_m"": 2.37, ""target_lidar_m"": 3.22, ""target_lidar_deg"": 10.2, ""camera"
2026-06-20T15:28:33.720,176.72,mission_20260620_152537_manual,MANUAL,,0,13.341971397399902,101.02146911621094,51.76143773806648,4,True,3.2165000438690186,1,0,0,201443,183786,0.0,0.0,0.0,0,0,nan,nan,nan,87,26.299999237060547,-1.2000000476837158,34.0,0,READY owner=Surnn refs=24,"{""cmd"": ""STOP"", ""status"": ""READY"", ""detector"": ""yolo"", ""state"": ""IDLE"", ""owner"": ""Surnn"", ""score"": null, ""match_max"": 0.5, ""refs"": 24, ""match_mode"": ""osnet"", ""steer_zones"": 41, ""people"": 0, ""track_id"": null, ""target_ex"": 0.848, ""target_cx_vel_px_s"": 102.0, ""target_age_s"": 4147.58, ""lidar_min_m"": 2.37, ""target_lidar_m"": 3.22, ""target_lidar_deg"": 10.2, ""camera"
2026-06-20T15:28:35.720,178.72,mission_20260620_152537_manual,MANUAL,,0,13.341972351074219,101.0214614868164,51.748275963535875,4,True,3.2179999351501465,1,0,0,201443,183786,0.0,0.0,0.0,0,0,nan,nan,nan,87,26.299999237060547,-1.100000023841858,34.0,0,READY owner=Surnn refs=24,"{""cmd"": ""STOP"", ""status"": ""READY"", ""detector"": ""yolo"", ""state"": ""IDLE"", ""owner"": ""Surnn"", ""score"": null, ""match_max"": 0.5, ""refs"": 24, ""match_mode"": ""osnet"", ""steer_zones"": 41, ""people"": 0, ""track_id"": null, ""target_ex"": 0.848, ""target_cx_vel_px_s"": 102.0, ""target_age_s"": 4149.68, ""lidar_min_m"": 2.37, ""target_lidar_m"": 3.22, ""target_lidar_deg"": 10.2, ""camera"
2026-06-20T15:28:37.723,180.724,mission_20260620_152537_manual,MANUAL,,0,13.341972351074219,101.0214614868164,51.74117256679906,4,True,3.219249963760376,1,0,0,201443,183786,0.0,0.0,0.0,0,0,nan,nan,nan,87,26.299999237060547,-1.2000000476837158,34.0,0,READY owner=Surnn refs=24,"{""cmd"": ""STOP"", ""status"": ""READY"", ""detector"": ""yolo"", ""state"": ""IDLE"", ""owner"": ""Surnn"", ""score"": null, ""match_max"": 0.5, ""refs"": 24, ""match_mode"": ""osnet"", ""steer_zones"": 41, ""people"": 0, ""track_id"": null, ""target_ex"": 0.848, ""target_cx_vel_px_s"": 102.0, ""target_age_s"": 4151.78, ""lidar_min_m"": 2.37, ""target_lidar_m"": 3.22, ""target_lidar_deg"": 10.2, ""camera"
2026-06-20T15:28:39.724,182.725,mission_20260620_152537_manual,MANUAL,,0,13.341972351074219,101.0214614868164,51.73823558545595,4,True,3.2184998989105225,1,0,0,201443,183786,0.0,0.0,0.0,0,0,nan,nan,nan,87,26.299999237060547,-1.0,34.0,0,READY owner=Surnn refs=24,"{""cmd"": ""STOP"", ""status"": ""READY"", ""detector"": ""yolo"", ""state"": ""IDLE"", ""owner"": ""Surnn"", ""score"": null, ""match_max"": 0.5, ""refs"": 24, ""match_mode"": ""osnet"", ""steer_zones"": 41, ""people"": 0, ""track_id"": null, ""target_ex"": 0.848, ""target_cx_vel_px_s"": 102.0, ""target_age_s"": 4153.88, ""lidar_min_m"": 2.37, ""target_lidar_m"": 3.22, ""target_lidar_deg"": 10.2, ""camera"
2026-06-20T15:28:41.725,184.725,mission_20260620_152537_manual,MANUAL,,0,13.341972351074219,101.0214614868164,51.7364938872176,4,True,3.2195000648498535,1,0,0,201443,183786,0.0,0.0,0.0,0,0,nan,nan,nan,87,26.299999237060547,-1.100000023841858,34.0,0,READY owner=Surnn refs=24,"{""cmd"": ""STOP"", ""status"": ""READY"", ""detector"": ""yolo"", ""state"": ""IDLE"", ""owner"": ""Surnn"", ""score"": null, ""match_max"": 0.5, ""refs"": 24, ""match_mode"": ""osnet"", ""steer_zones"": 41, ""people"": 0, ""track_id"": null, ""target_ex"": 0.848, ""target_cx_vel_px_s"": 102.0, ""target_age_s"": 4155.88, ""lidar_min_m"": 2.37, ""target_lidar_m"": 3.22, ""target_lidar_deg"": 10.2, ""camera"
2026-06-20T15:28:43.726,186.727,mission_20260620_152537_manual,MANUAL,,0,13.341973304748535,101.0214614868164,51.74379194434576,4,True,3.219749927520752,1,0,0,201443,183786,0.0,0.0,0.0,0,0,nan,nan,nan,87,26.299999237060547,-1.2000000476837158,34.0,0,READY owner=Surnn refs=24,"{""cmd"": ""STOP"", ""status"": ""READY"", ""detector"": ""yolo"", ""state"": ""IDLE"", ""owner"": ""Surnn"", ""score"": null, ""match_max"": 0.5, ""refs"": 24, ""match_mode"": ""osnet"", ""steer_zones"": 41, ""people"": 0, ""track_id"": null, ""target_ex"": 0.848, ""target_cx_vel_px_s"": 102.0, ""target_age_s"": 4158.08, ""lidar_min_m"": 2.37, ""target_lidar_m"": 3.22, ""target_lidar_deg"": 10.2, ""camera"
2026-06-20T15:28:45.730,188.73,mission_20260620_152537_manual,MANUAL,,0,13.341973304748535,101.0214614868164,51.74037684976075,4,True,3.2190001010894775,1,0,0,201443,183786,0.0,0.0,0.0,0,0,nan,nan,nan,87,26.299999237060547,-1.2000000476837158,34.0,0,READY owner=Surnn refs=24,"{""cmd"": ""STOP"", ""status"": ""READY"", ""detector"": ""yolo"", ""state"": ""IDLE"", ""owner"": ""Surnn"", ""score"": null, ""match_max"": 0.5, ""refs"": 24, ""match_mode"": ""osnet"", ""steer_zones"": 41, ""people"": 0, ""track_id"": null, ""target_ex"": 0.848, ""target_cx_vel_px_s"": 102.0, ""target_age_s"": 4160.28, ""lidar_min_m"": 2.37, ""target_lidar_m"": 3.22, ""target_lidar_deg"": 10.2, ""camera"
2026-06-20T15:28:47.735,190.735,mission_20260620_152537_manual,MANUAL,,0,13.341972351074219,101.0214614868164,51.73659634005515,4,True,3.2135000228881836,1,0,0,201443,183786,0.0,0.0,0.0,0,0,nan,nan,nan,87,26.299999237060547,-1.100000023841858,34.0,0,READY owner=Surnn refs=24,"{""cmd"": ""STOP"", ""status"": ""READY"", ""detector"": ""yolo"", ""state"": ""IDLE"", ""owner"": ""Surnn"", ""score"": null, ""match_max"": 0.5, ""refs"": 24, ""match_mode"": ""osnet"", ""steer_zones"": 41, ""people"": 0, ""track_id"": null, ""target_ex"": 0.848, ""target_cx_vel_px_s"": 102.0, ""target_age_s"": 4162.38, ""lidar_min_m"": 2.37, ""target_lidar_m"": 3.22, ""target_lidar_deg"": 10.2, ""camera"
2026-06-20T15:28:49.740,192.74,mission_20260620_152537_manual,MANUAL,,0,13.341972351074219,101.0214614868164,51.73384035872505,4,True,3.2190001010894775,1,0,0,201443,183786,0.0,0.0,0.0,0,0,nan,nan,nan,87,26.299999237060547,-1.100000023841858,34.0,0,READY owner=Surnn refs=24,"{""cmd"": ""STOP"", ""status"": ""READY"", ""detector"": ""yolo"", ""state"": ""IDLE"", ""owner"": ""Surnn"", ""score"": null, ""match_max"": 0.5, ""refs"": 24, ""match_mode"": ""osnet"", ""steer_zones"": 41, ""people"": 0, ""track_id"": null, ""target_ex"": 0.848, ""target_cx_vel_px_s"": 102.0, ""target_age_s"": 4164.38, ""lidar_min_m"": 2.37, ""target_lidar_m"": 3.22, ""target_lidar_deg"": 10.2, ""camera"
2026-06-20T15:28:51.740,194.74,mission_20260620_152537_manual,MANUAL,,0,13.341972351074219,101.02145385742188,51.72888847157679,4,True,3.221250057220459,1,0,0,201443,183786,0.0,0.0,0.0,0,0,nan,nan,nan,87,26.299999237060547,-1.2000000476837158,34.0,0,READY owner=Surnn refs=24,"{""cmd"": ""STOP"", ""status"": ""READY"", ""detector"": ""yolo"", ""state"": ""IDLE"", ""owner"": ""Surnn"", ""score"": null, ""match_max"": 0.5, ""refs"": 24, ""match_mode"": ""osnet"", ""steer_zones"": 41, ""people"": 0, ""track_id"": null, ""target_ex"": 0.848, ""target_cx_vel_px_s"": 102.0, ""target_age_s"": 4165.48, ""lidar_min_m"": 2.37, ""target_lidar_m"": 3.22, ""target_lidar_deg"": 10.2, ""camera"
2026-06-20T15:28:53.750,196.751,mission_20260620_152537_manual,MANUAL,,0,13.341972351074219,101.02145385742188,51.72951684898043,4,True,3.222249984741211,1,0,0,201443,183786,0.0,0.0,0.0,0,0,nan,nan,nan,87,26.299999237060547,-1.2000000476837158,34.0,0,READY owner=Surnn refs=24,"{""cmd"": ""STOP"", ""status"": ""READY"", ""detector"": ""yolo"", ""state"": ""IDLE"", ""owner"": ""Surnn"", ""score"": null, ""match_max"": 0.5, ""refs"": 24, ""match_mode"": ""osnet"", ""steer_zones"": 41, ""people"": 0, ""track_id"": null, ""target_ex"": 0.848, ""target_cx_vel_px_s"": 102.0, ""target_age_s"": 4167.68, ""lidar_min_m"": 2.37, ""target_lidar_m"": 3.22, ""target_lidar_deg"": 10.2, ""camera"
2026-06-20T15:28:55.791,198.791,mission_20260620_152537_manual,MANUAL,,0,13.341972351074219,101.02145385742188,51.72114645215258,4,True,3.2184998989105225,1,0,0,201443,183786,0.0,0.0,0.0,0,0,nan,nan,nan,87,26.299999237060547,-1.100000023841858,34.0,0,READY owner=Surnn refs=24,"{""cmd"": ""STOP"", ""status"": ""READY"", ""detector"": ""yolo"", ""state"": ""IDLE"", ""owner"": ""Surnn"", ""score"": null, ""match_max"": 0.5, ""refs"": 24, ""match_mode"": ""osnet"", ""steer_zones"": 41, ""people"": 0, ""track_id"": null, ""target_ex"": 0.848, ""target_cx_vel_px_s"": 102.0, ""target_age_s"": 4169.88, ""lidar_min_m"": 2.37, ""target_lidar_m"": 3.22, ""target_lidar_deg"": 10.2, ""camera"
2026-06-20T15:28:57.799,200.799,mission_20260620_152537_manual,MANUAL,,0,13.341972351074219,101.0214614868164,51.72723215070306,4,True,3.2174999713897705,1,0,0,201443,183786,0.0,0.0,0.0,0,0,nan,nan,nan,87,26.299999237060547,-1.0,34.0,0,READY owner=Surnn refs=24,"{""cmd"": ""STOP"", ""status"": ""READY"", ""detector"": ""yolo"", ""state"": ""IDLE"", ""owner"": ""Surnn"", ""score"": null, ""match_max"": 0.5, ""refs"": 24, ""match_mode"": ""osnet"", ""steer_zones"": 41, ""people"": 0, ""track_id"": null, ""target_ex"": 0.848, ""target_cx_vel_px_s"": 102.0, ""target_age_s"": 4172.08, ""lidar_min_m"": 2.37, ""target_lidar_m"": 3.22, ""target_lidar_deg"": 10.2, ""camera"
2026-06-20T15:28:59.800,202.8,mission_20260620_152537_manual,MANUAL,,0,13.341973304748535,101.0214614868164,51.72600271665246,4,True,3.2174999713897705,1,0,0,201443,183786,0.0,0.0,0.0,0,0,nan,nan,nan,87,26.299999237060547,-1.2000000476837158,34.0,0,READY owner=Surnn refs=24,"{""cmd"": ""STOP"", ""status"": ""READY"", ""detector"": ""yolo"", ""state"": ""IDLE"", ""owner"": ""Surnn"", ""score"": null, ""match_max"": 0.5, ""refs"": 24, ""match_mode"": ""osnet"", ""steer_zones"": 41, ""people"": 0, ""track_id"": null, ""target_ex"": 0.848, ""target_cx_vel_px_s"": 102.0, ""target_age_s"": 4174.28, ""lidar_min_m"": 2.37, ""target_lidar_m"": 3.22, ""target_lidar_deg"": 10.2, ""camera"
2026-06-20T15:29:01.805,204.805,mission_20260620_152537_manual,MANUAL,,0,13.341973304748535,101.0214614868164,51.732887547335835,4,True,3.219249963760376,1,0,0,201443,183786,0.0,0.0,0.0,0,0,nan,nan,nan,87,26.299999237060547,-1.2999999523162842,34.0,0,READY owner=Surnn refs=24,"{""cmd"": ""STOP"", ""status"": ""READY"", ""detector"": ""yolo"", ""state"": ""IDLE"", ""owner"": ""Surnn"", ""score"": null, ""match_max"": 0.5, ""refs"": 24, ""match_mode"": ""osnet"", ""steer_zones"": 41, ""people"": 0, ""track_id"": null, ""target_ex"": 0.848, ""target_cx_vel_px_s"": 102.0, ""target_age_s"": 4176.38, ""lidar_min_m"": 2.37, ""target_lidar_m"": 3.22, ""target_lidar_deg"": 10.2, ""camera"
2026-06-20T15:29:03.810,206.81,mission_20260620_152537_manual,MANUAL,,0,13.341974258422852,101.0214614868164,51.73358081153659,4,True,3.2179999351501465,1,0,0,201443,183786,0.0,0.0,0.0,0,0,nan,nan,nan,87,26.299999237060547,-1.2000000476837158,34.0,0,READY owner=Surnn refs=24,"{""cmd"": ""STOP"", ""status"": ""READY"", ""detector"": ""yolo"", ""state"": ""IDLE"", ""owner"": ""Surnn"", ""score"": null, ""match_max"": 0.5, ""refs"": 24, ""match_mode"": ""osnet"", ""steer_zones"": 41, ""people"": 0, ""track_id"": null, ""target_ex"": 0.848, ""target_cx_vel_px_s"": 102.0, ""target_age_s"": 4178.48, ""lidar_min_m"": 2.37, ""target_lidar_m"": 3.22, ""target_lidar_deg"": 10.2, ""camera"
2026-06-20T15:29:05.810,208.811,mission_20260620_152537_manual,MANUAL,,0,13.341974258422852,101.0214614868164,51.749232190019676,4,True,2.36899995803833,1,0,0,201443,183786,0.0,0.0,0.0,0,0,nan,nan,nan,87,26.299999237060547,-1.2999999523162842,34.0,0,READY owner=Surnn refs=24,"{""cmd"": ""STOP"", ""status"": ""READY"", ""detector"": ""yolo"", ""state"": ""IDLE"", ""owner"": ""Surnn"", ""score"": null, ""match_max"": 0.5, ""refs"": 24, ""match_mode"": ""osnet"", ""steer_zones"": 41, ""people"": 0, ""track_id"": null, ""target_ex"": 0.848, ""target_cx_vel_px_s"": 102.0, ""target_age_s"": 4179.58, ""lidar_min_m"": 2.37, ""target_lidar_m"": 3.22, ""target_lidar_deg"": 10.2, ""camera"
2026-06-20T15:29:07.814,210.815,mission_20260620_152537_manual,MANUAL,,0,13.341975212097168,101.0214614868164,51.76893045558599,4,True,3.216749906539917,1,0,0,0,1,0.0,0.0,0.0,0,0,nan,nan,nan,87,26.299999237060547,-1.2999999523162842,34.0,0,READY owner=Surnn refs=24,"{""cmd"": ""STOP"", ""status"": ""READY"", ""detector"": ""yolo"", ""state"": ""IDLE"", ""owner"": ""Surnn"", ""score"": null, ""match_max"": 0.5, ""refs"": 24, ""match_mode"": ""osnet"", ""steer_zones"": 41, ""people"": 0, ""track_id"": null, ""target_ex"": 0.848, ""target_cx_vel_px_s"": 102.0, ""target_age_s"": 4181.68, ""lidar_min_m"": 2.37, ""target_lidar_m"": 3.22, ""target_lidar_deg"": 10.2, ""camera"
2026-06-20T15:29:09.815,212.815,mission_20260620_152537_manual,MANUAL,,0,13.341975212097168,101.0214614868164,51.76445326658504,4,True,3.2170000076293945,1,0,0,201443,183786,0.0,0.0,0.0,0,0,nan,nan,nan,87,26.299999237060547,-1.2999999523162842,34.0,0,READY owner=Surnn refs=24,"{""cmd"": ""STOP"", ""status"": ""READY"", ""detector"": ""yolo"", ""state"": ""IDLE"", ""owner"": ""Surnn"", ""score"": null, ""match_max"": 0.5, ""refs"": 24, ""match_mode"": ""osnet"", ""steer_zones"": 41, ""people"": 0, ""track_id"": null, ""target_ex"": 0.848, ""target_cx_vel_px_s"": 102.0, ""target_age_s"": 4183.78, ""lidar_min_m"": 2.37, ""target_lidar_m"": 3.22, ""target_lidar_deg"": 10.2, ""camera"
2026-06-20T15:29:11.815,214.816,mission_20260620_152537_manual,MANUAL,,0,13.341975212097168,101.0214614868164,51.76367462501967,4,True,3.220249891281128,1,0,0,0,1,0.0,0.0,0.0,0,0,nan,nan,nan,87,34.0,0.0,0.0,0,READY owner=Surnn refs=24,"{""cmd"": ""STOP"", ""status"": ""READY"", ""detector"": ""yolo"", ""state"": ""IDLE"", ""owner"": ""Surnn"", ""score"": null, ""match_max"": 0.5, ""refs"": 24, ""match_mode"": ""osnet"", ""steer_zones"": 41, ""people"": 0, ""track_id"": null, ""target_ex"": 0.848, ""target_cx_vel_px_s"": 102.0, ""target_age_s"": 4185.98, ""lidar_min_m"": 2.37, ""target_lidar_m"": 3.22, ""target_lidar_deg"": 10.2, ""camera"
2026-06-20T15:29:13.815,216.816,mission_20260620_152537_manual,MANUAL,,0,13.341975212097168,101.0214614868164,51.76773517248124,4,True,3.2174999713897705,1,0,0,34,0,0.0,0.0,0.0,0,0,nan,nan,nan,87,26.299999237060547,-1.0,34.0,0,READY owner=Surnn refs=24,"{""cmd"": ""STOP"", ""status"": ""READY"", ""detector"": ""yolo"", ""state"": ""IDLE"", ""owner"": ""Surnn"", ""score"": null, ""match_max"": 0.5, ""refs"": 24, ""match_mode"": ""osnet"", ""steer_zones"": 41, ""people"": 0, ""track_id"": null, ""target_ex"": 0.848, ""target_cx_vel_px_s"": 102.0, ""target_age_s"": 4188.18, ""lidar_min_m"": 2.36, ""target_lidar_m"": 3.22, ""target_lidar_deg"": 10.2, ""camera"
2026-06-20T15:29:15.877,218.878,mission_20260620_152537_manual,MANUAL,,0,13.341975212097168,101.0214614868164,51.77657685236182,4,True,3.2184998989105225,1,0,0,183786,0,0.0,0.0,0.0,0,0,nan,nan,nan,87,-1.2999999523162842,34.0,0.0,0,READY owner=Surnn refs=24,"{""cmd"": ""STOP"", ""status"": ""READY"", ""detector"": ""yolo"", ""state"": ""IDLE"", ""owner"": ""Surnn"", ""score"": null, ""match_max"": 0.5, ""refs"": 24, ""match_mode"": ""osnet"", ""steer_zones"": 41, ""people"": 0, ""track_id"": null, ""target_ex"": 0.848, ""target_cx_vel_px_s"": 102.0, ""target_age_s"": 4190.38, ""lidar_min_m"": 2.37, ""target_lidar_m"": 3.22, ""target_lidar_deg"": 10.2, ""camera"
2026-06-20T15:29:17.888,220.889,mission_20260620_152537_manual,MANUAL,,0,13.341976165771484,101.0214614868164,51.77607141836324,4,True,3.218250036239624,1,0,0,201443,18378,0.0,0.0,0.0,0,0,nan,nan,nan,87,-1.2000000476837158,34.0,0.0,0,READY owner=Surnn refs=24,"{""cmd"": ""STOP"", ""status"": ""READY"", ""detector"": ""yolo"", ""state"": ""IDLE"", ""owner"": ""Surnn"", ""score"": null, ""match_max"": 0.5, ""refs"": 24, ""match_mode"": ""osnet"", ""steer_zones"": 41, ""people"": 0, ""track_id"": null, ""target_ex"": 0.848, ""target_cx_vel_px_s"": 102.0, ""target_age_s"": 4192.48, ""lidar_min_m"": 2.37, ""target_lidar_m"": 3.22, ""target_lidar_deg"": 10.2, ""camera"
2026-06-20T15:29:19.890,222.89,mission_20260620_152537_manual,MANUAL,,0,13.341976165771484,101.0214614868164,51.77814438077634,4,True,3.2190001010894775,1,0,0,183786,0,0.0,0.0,0.0,0,0,nan,nan,nan,87,-1.2000000476837158,34.0,0.0,0,READY owner=Surnn refs=24,"{""cmd"": ""STOP"", ""status"": ""READY"", ""detector"": ""yolo"", ""state"": ""IDLE"", ""owner"": ""Surnn"", ""score"": null, ""match_max"": 0.5, ""refs"": 24, ""match_mode"": ""osnet"", ""steer_zones"": 41, ""people"": 0, ""track_id"": null, ""target_ex"": 0.848, ""target_cx_vel_px_s"": 102.0, ""target_age_s"": 4194.58, ""lidar_min_m"": 2.37, ""target_lidar_m"": 3.22, ""target_lidar_deg"": 10.2, ""camera"
2026-06-20T15:29:21.890,224.891,mission_20260620_152537_manual,MANUAL,,0,13.341976165771484,101.0214614868164,51.777543324129375,4,True,3.215749979019165,1,0,0,201443,183786,0.0,0.0,0.0,0,0,nan,nan,nan,87,26.299999237060547,-1.100000023841858,34.0,0,READY owner=Surnn refs=24,"{""cmd"": ""STOP"", ""status"": ""READY"", ""detector"": ""yolo"", ""state"": ""IDLE"", ""owner"": ""Surnn"", ""score"": null, ""match_max"": 0.5, ""refs"": 24, ""match_mode"": ""osnet"", ""steer_zones"": 41, ""people"": 0, ""track_id"": null, ""target_ex"": 0.848, ""target_cx_vel_px_s"": 102.0, ""target_age_s"": 4196.58, ""lidar_min_m"": 2.37, ""target_lidar_m"": 3.22, ""target_lidar_deg"": 10.2, ""camera"
2026-06-20T15:29:23.891,226.892,mission_20260620_152537_manual,MANUAL,,0,13.341976165771484,101.0214614868164,51.77983485259592,4,True,3.2170000076293945,1,0,0,201443,183786,0.0,0.0,0.0,0,0,nan,nan,nan,87,26.299999237060547,-1.2000000476837158,34.0,0,READY owner=Surnn refs=24,"{""cmd"": ""STOP"", ""status"": ""READY"", ""detector"": ""yolo"", ""state"": ""IDLE"", ""owner"": ""Surnn"", ""score"": null, ""match_max"": 0.5, ""refs"": 24, ""match_mode"": ""osnet"", ""steer_zones"": 41, ""people"": 0, ""track_id"": null, ""target_ex"": 0.848, ""target_cx_vel_px_s"": 102.0, ""target_age_s"": 4197.68, ""lidar_min_m"": 2.37, ""target_lidar_m"": 3.22, ""target_lidar_deg"": 10.2, ""camera"
2026-06-20T15:29:25.895,228.896,mission_20260620_152537_manual,MANUAL,,0,13.341975212097168,101.0214614868164,51.78048713566165,4,True,3.220249891281128,1,0,0,201443,183786,0.0,0.0,0.0,0,0,nan,nan,nan,87,26.299999237060547,-1.2000000476837158,34.0,0,READY owner=Surnn refs=24,"{""cmd"": ""STOP"", ""status"": ""READY"", ""detector"": ""yolo"", ""state"": ""IDLE"", ""owner"": ""Surnn"", ""score"": null, ""match_max"": 0.5, ""refs"": 24, ""match_mode"": ""osnet"", ""steer_zones"": 41, ""people"": 0, ""track_id"": null, ""target_ex"": 0.848, ""target_cx_vel_px_s"": 102.0, ""target_age_s"": 4199.88, ""lidar_min_m"": 1.58, ""target_lidar_m"": 3.22, ""target_lidar_deg"": 10.2, ""camera"
2026-06-20T15:29:27.900,230.901,mission_20260620_152537_manual,MANUAL,,0,13.341974258422852,101.0214614868164,51.79018600428307,4,True,3.2219998836517334,1,0,0,201443,183786,0.0,0.0,0.0,0,0,nan,nan,nan,87,26.299999237060547,-1.2999999523162842,34.0,0,READY owner=Surnn refs=24,"{""cmd"": ""STOP"", ""status"": ""READY"", ""detector"": ""yolo"", ""state"": ""IDLE"", ""owner"": ""Surnn"", ""score"": null, ""match_max"": 0.5, ""refs"": 24, ""match_mode"": ""osnet"", ""steer_zones"": 41, ""people"": 0, ""track_id"": null, ""target_ex"": 0.848, ""target_cx_vel_px_s"": 102.0, ""target_age_s"": 4202.08, ""lidar_min_m"": 1.18, ""target_lidar_m"": 3.22, ""target_lidar_deg"": 10.2, ""camera"
2026-06-20T15:29:29.905,232.905,mission_20260620_152537_manual,MANUAL,,0,13.341973304748535,101.0214614868164,51.79712206138522,4,True,3.2174999713897705,1,0,0,201443,1837,0.0,0.0,0.0,0,0,nan,nan,nan,87,26.299999237060547,-1.100000023841858,34.0,0,READY owner=Surnn refs=24,"{""cmd"": ""STOP"", ""status"": ""READY"", ""detector"": ""yolo"", ""state"": ""IDLE"", ""owner"": ""Surnn"", ""score"": null, ""match_max"": 0.5, ""refs"": 24, ""match_mode"": ""osnet"", ""steer_zones"": 41, ""people"": 0, ""track_id"": null, ""target_ex"": 0.848, ""target_cx_vel_px_s"": 102.0, ""target_age_s"": 4204.18, ""lidar_min_m"": 1.03, ""target_lidar_m"": 3.22, ""target_lidar_deg"": 10.2, ""camera"
2026-06-20T15:29:31.905,234.905,mission_20260620_152537_manual,MANUAL,,0,13.341972351074219,101.02146911621094,51.80337509957037,4,True,3.219749927520752,1,0,0,0,0,0.0,0.0,0.0,0,0,nan,nan,nan,87,34.0,0.0,0.0,0,READY owner=Surnn refs=24,"{""cmd"": ""STOP"", ""status"": ""READY"", ""detector"": ""yolo"", ""state"": ""IDLE"", ""owner"": ""Surnn"", ""score"": null, ""match_max"": 0.5, ""refs"": 24, ""match_mode"": ""osnet"", ""steer_zones"": 41, ""people"": 0, ""track_id"": null, ""target_ex"": 0.848, ""target_cx_vel_px_s"": 102.0, ""target_age_s"": 4206.38, ""lidar_min_m"": 1.34, ""target_lidar_m"": 3.22, ""target_lidar_deg"": 10.2, ""camera"
2026-06-20T15:29:33.961,236.961,mission_20260620_152537_manual,MANUAL,,0,13.341971397399902,101.02146911621094,51.79901743887989,4,True,3.214750051498413,1,0,0,34,0,0.0,0.0,0.0,0,0,nan,nan,nan,87,34.0,0.0,0.0,0,READY owner=Surnn refs=24,"{""cmd"": ""STOP"", ""status"": ""READY"", ""detector"": ""yolo"", ""state"": ""IDLE"", ""owner"": ""Surnn"", ""score"": null, ""match_max"": 0.5, ""refs"": 24, ""match_mode"": ""osnet"", ""steer_zones"": 41, ""people"": 0, ""track_id"": null, ""target_ex"": 0.848, ""target_cx_vel_px_s"": 102.0, ""target_age_s"": 4208.48, ""lidar_min_m"": 1.39, ""target_lidar_m"": 3.22, ""target_lidar_deg"": 10.2, ""camera"
2026-06-20T15:29:35.966,238.966,mission_20260620_152537_manual,MANUAL,,0,13.341970443725586,101.02146911621094,51.795919948091296,4,True,3.2204999923706055,1,0,0,201443,183786,0.0,0.0,0.0,0,0,nan,nan,nan,87,26.299999237060547,-1.0,34.0,0,READY owner=Surnn refs=24,"{""cmd"": ""STOP"", ""status"": ""READY"", ""detector"": ""yolo"", ""state"": ""IDLE"", ""owner"": ""Surnn"", ""score"": null, ""match_max"": 0.5, ""refs"": 24, ""match_mode"": ""osnet"", ""steer_zones"": 41, ""people"": 0, ""track_id"": null, ""target_ex"": 0.848, ""target_cx_vel_px_s"": 102.0, ""target_age_s"": 4209.58, ""lidar_min_m"": 1.39, ""target_lidar_m"": 3.22, ""target_lidar_deg"": 10.2, ""camera"
2026-06-20T15:29:37.970,240.97,mission_20260620_152537_manual,MANUAL,,0,13.34196949005127,101.02146911621094,51.806629684709876,4,True,3.220249891281128,1,0,0,34,0,0.0,0.0,0.0,0,0,nan,nan,nan,87,26.299999237060547,-1.100000023841858,34.0,0,READY owner=Surnn refs=24,"{""cmd"": ""STOP"", ""status"": ""READY"", ""detector"": ""yolo"", ""state"": ""IDLE"", ""owner"": ""Surnn"", ""score"": null, ""match_max"": 0.5, ""refs"": 24, ""match_mode"": ""osnet"", ""steer_zones"": 41, ""people"": 0, ""track_id"": null, ""target_ex"": 0.848, ""target_cx_vel_px_s"": 102.0, ""target_age_s"": 4211.78, ""lidar_min_m"": 1.41, ""target_lidar_m"": 3.22, ""target_lidar_deg"": 10.2, ""camera"
2026-06-20T15:29:39.975,242.975,mission_20260620_152537_manual,MANUAL,,0,13.34196949005127,101.02146911621094,51.49116032241991,4,True,2.934499979019165,1,0,0,201786,184143,0.4536000072956085,0.43199999034404757,0.4428000122308731,0,0,nan,nan,nan,87,26.200000762939453,-9.300000190734863,34.0,0,READY owner=Surnn refs=24,"{""cmd"": ""STOP"", ""status"": ""READY"", ""detector"": ""yolo"", ""state"": ""IDLE"", ""owner"": ""Surnn"", ""score"": null, ""match_max"": 0.5, ""refs"": 24, ""match_mode"": ""osnet"", ""steer_zones"": 41, ""people"": 0, ""track_id"": null, ""target_ex"": 0.848, ""target_cx_vel_px_s"": 102.0, ""target_age_s"": 4213.78, ""lidar_min_m"": 1.54, ""target_lidar_m"": 3.22, ""target_lidar_deg"": 10.2, ""camera"
2026-06-20T15:29:41.980,244.981,mission_20260620_152537_manual,MANUAL,,0,13.34196949005127,101.02146911621094,50.730755362122395,4,True,2.7960000038146973,1,0,0,184323,0,0.0,0.0,0.0,0,0,nan,nan,nan,87,-12.0,34.0,0.0,0,READY owner=Surnn refs=24,"{""cmd"": ""STOP"", ""status"": ""READY"", ""detector"": ""yolo"", ""state"": ""IDLE"", ""owner"": ""Surnn"", ""score"": null, ""match_max"": 0.5, ""refs"": 24, ""match_mode"": ""osnet"", ""steer_zones"": 41, ""people"": 0, ""track_id"": null, ""target_ex"": 0.848, ""target_cx_vel_px_s"": 102.0, ""target_age_s"": 4215.88, ""lidar_min_m"": 1.97, ""target_lidar_m"": 3.22, ""target_lidar_deg"": 10.2, ""camera"
2026-06-20T15:29:43.985,246.985,mission_20260620_152537_manual,MANUAL,,0,13.341968536376953,101.02146911621094,50.7701587234442,4,True,2.697499990463257,1,0,0,202104,184,0.0,0.0,0.0,0,0,nan,nan,nan,87,34.0,0.0,0.21400000154972076,0,READY owner=Surnn refs=24,"{""cmd"": ""STOP"", ""status"": ""READY"", ""detector"": ""yolo"", ""state"": ""IDLE"", ""owner"": ""Surnn"", ""score"": null, ""match_max"": 0.5, ""refs"": 24, ""match_mode"": ""osnet"", ""steer_zones"": 41, ""people"": 0, ""track_id"": null, ""target_ex"": 0.848, ""target_cx_vel_px_s"": 102.0, ""target_age_s"": 4218.08, ""lidar_min_m"": 2.16, ""target_lidar_m"": 3.22, ""target_lidar_deg"": 10.2, ""camera"
2026-06-20T15:29:45.985,248.985,mission_20260620_152537_manual,MANUAL,,0,13.341968536376953,101.02146911621094,50.840110105828884,4,True,2.695499897003174,1,0,0,184476,1,0.0,0.0,0.0,0,0,nan,nan,nan,87,-1.2999999523162842,34.0,0.0,0,READY owner=Surnn refs=24,"{""cmd"": ""STOP"", ""status"": ""READY"", ""detector"": ""yolo"", ""state"": ""IDLE"", ""owner"": ""Surnn"", ""score"": null, ""match_max"": 0.5, ""refs"": 24, ""match_mode"": ""osnet"", ""steer_zones"": 41, ""people"": 0, ""track_id"": null, ""target_ex"": 0.848, ""target_cx_vel_px_s"": 102.0, ""target_age_s"": 4220.28, ""lidar_min_m"": 2.11, ""target_lidar_m"": 3.22, ""target_lidar_deg"": 10.2, ""camera"
2026-06-20T15:29:47.985,250.985,mission_20260620_152537_manual,MANUAL,,0,13.34196662902832,101.02146911621094,50.90523937465954,4,True,2.6992499828338623,1,0,0,184476,1,0.0,0.0,0.0,0,0,nan,nan,nan,87,-1.100000023841858,34.0,0.0,0,READY owner=Surnn refs=24,"{""cmd"": ""STOP"", ""status"": ""READY"", ""detector"": ""yolo"", ""state"": ""IDLE"", ""owner"": ""Surnn"", ""score"": null, ""match_max"": 0.5, ""refs"": 24, ""match_mode"": ""osnet"", ""steer_zones"": 41, ""people"": 0, ""track_id"": null, ""target_ex"": 0.848, ""target_cx_vel_px_s"": 102.0, ""target_age_s"": 4222.38, ""lidar_min_m"": 2.11, ""target_lidar_m"": 3.22, ""target_lidar_deg"": 10.2, ""camera"
2026-06-20T15:29:49.986,252.986,mission_20260620_152537_manual,MANUAL,,0,13.341965675354004,101.02146911621094,50.97277970026721,4,True,2.694999933242798,1,0,0,0,1,0.0,0.0,0.0,0,0,nan,nan,nan,87,34.0,0.0,0.0,0,READY owner=Surnn refs=24,"{""cmd"": ""STOP"", ""status"": ""READY"", ""detector"": ""yolo"", ""state"": ""IDLE"", ""owner"": ""Surnn"", ""score"": null, ""match_max"": 0.5, ""refs"": 24, ""match_mode"": ""osnet"", ""steer_zones"": 41, ""people"": 0, ""track_id"": null, ""target_ex"": 0.848, ""target_cx_vel_px_s"": 102.0, ""target_age_s"": 4224.58, ""lidar_min_m"": 2.1, ""target_lidar_m"": 3.22, ""target_lidar_deg"": 10.2, ""camera_"
2026-06-20T15:29:51.990,254.99,mission_20260620_152537_manual,MANUAL,,0,13.341963768005371,101.0214614868164,51.04227004488292,4,True,2.6977500915527344,1,0,0,0,0,0.0,0.0,0.0,0,0,nan,nan,nan,87,26.299999237060547,-1.2000000476837158,34.0,0,READY owner=Surnn refs=24,"{""cmd"": ""STOP"", ""status"": ""READY"", ""detector"": ""yolo"", ""state"": ""IDLE"", ""owner"": ""Surnn"", ""score"": null, ""match_max"": 0.5, ""refs"": 24, ""match_mode"": ""osnet"", ""steer_zones"": 41, ""people"": 0, ""track_id"": null, ""target_ex"": 0.848, ""target_cx_vel_px_s"": 102.0, ""target_age_s"": 4225.68, ""lidar_min_m"": 2.11, ""target_lidar_m"": 3.22, ""target_lidar_deg"": 10.2, ""camera"
2026-06-20T15:29:54.043,257.044,mission_20260620_152537_manual,MANUAL,,0,13.341962814331055,101.0214614868164,51.07511642460151,4,True,2.6947500705718994,1,0,0,202103,184476,0.0,0.0,0.0,0,0,nan,nan,nan,87,26.299999237060547,-1.5,34.0,0,READY owner=Surnn refs=24,"{""cmd"": ""STOP"", ""status"": ""READY"", ""detector"": ""yolo"", ""state"": ""IDLE"", ""owner"": ""Surnn"", ""score"": null, ""match_max"": 0.5, ""refs"": 24, ""match_mode"": ""osnet"", ""steer_zones"": 41, ""people"": 0, ""track_id"": null, ""target_ex"": 0.848, ""target_cx_vel_px_s"": 102.0, ""target_age_s"": 4227.88, ""lidar_min_m"": 2.39, ""target_lidar_m"": 3.22, ""target_lidar_deg"": 10.2, ""camera"
2026-06-20T15:29:56.048,259.048,mission_20260620_152537_manual,MANUAL,,0,13.341961860656738,101.0214614868164,51.13507182513588,4,True,2.6957499980926514,1,0,0,202103,184476,0.0,0.0,0.0,0,0,nan,nan,nan,87,26.299999237060547,-1.100000023841858,34.0,0,READY owner=Surnn refs=24,"{""cmd"": ""STOP"", ""status"": ""READY"", ""detector"": ""yolo"", ""state"": ""IDLE"", ""owner"": ""Surnn"", ""score"": null, ""match_max"": 0.5, ""refs"": 24, ""match_mode"": ""osnet"", ""steer_zones"": 41, ""people"": 0, ""track_id"": null, ""target_ex"": 0.848, ""target_cx_vel_px_s"": 102.0, ""target_age_s"": 4229.98, ""lidar_min_m"": 1.92, ""target_lidar_m"": 3.22, ""target_lidar_deg"": 10.2, ""camera"
2026-06-20T15:29:58.077,261.078,mission_20260620_152537_manual,MANUAL,,0,13.341965675354004,101.02146911621094,50.417557037731456,4,True,1.9910000562667847,1,-37,36,203475,185882,4.010399866104126,4.067999982833863,4.039199924468995,0,0,nan,nan,nan,87,26.100000381469727,-23.5,33.0,0,READY owner=Surnn refs=24,"{""cmd"": ""STOP"", ""status"": ""READY"", ""detector"": ""yolo"", ""state"": ""IDLE"", ""owner"": ""Surnn"", ""score"": null, ""match_max"": 0.5, ""refs"": 24, ""match_mode"": ""osnet"", ""steer_zones"": 41, ""people"": 0, ""track_id"": null, ""target_ex"": 0.848, ""target_cx_vel_px_s"": 102.0, ""target_age_s"": 4232.18, ""lidar_min_m"": 2.23, ""target_lidar_m"": 3.22, ""target_lidar_deg"": 10.2, ""camera"
2026-06-20T15:30:00.082,263.082,mission_20260620_152537_manual,MANUAL,,0,13.341967582702637,101.02147674560547,51.035234950037804,4,True,-1.0,1,0,0,203668,18,0.0,0.0,0.0,0,0,nan,nan,nan,87,26.299999237060547,-1.100000023841858,33.0,0,READY owner=Surnn refs=24,"{""cmd"": ""STOP"", ""status"": ""READY"", ""detector"": ""yolo"", ""state"": ""IDLE"", ""owner"": ""Surnn"", ""score"": null, ""match_max"": 0.5, ""refs"": 24, ""match_mode"": ""osnet"", ""steer_zones"": 41, ""people"": 0, ""track_id"": null, ""target_ex"": 0.848, ""target_cx_vel_px_s"": 102.0, ""target_age_s"": 4234.28, ""lidar_min_m"": 1.95, ""target_lidar_m"": 3.22, ""target_lidar_deg"": 10.2, ""camera"
2026-06-20T15:30:02.086,265.087,mission_20260620_152537_manual,MANUAL,,0,13.34196662902832,101.02147674560547,50.984674474706786,4,True,-1.0,0,0,0,203668,186,0.0,0.0,0.0,0,0,nan,nan,nan,87,26.200000762939453,-2.799999952316284,34.0,0,READY owner=Surnn refs=24,"{""cmd"": ""STOP"", ""status"": ""READY"", ""detector"": ""yolo"", ""state"": ""IDLE"", ""owner"": ""Surnn"", ""score"": null, ""match_max"": 0.5, ""refs"": 24, ""match_mode"": ""osnet"", ""steer_zones"": 41, ""people"": 0, ""track_id"": null, ""target_ex"": 0.848, ""target_cx_vel_px_s"": 102.0, ""target_age_s"": 4236.28, ""lidar_min_m"": 1.95, ""target_lidar_m"": 3.22, ""target_lidar_deg"": 10.2, ""camera"
2026-06-20T15:30:04.087,267.087,mission_20260620_152537_manual,MANUAL,,0,13.34196662902832,101.02147674560547,50.88071558044461,4,True,3.8399999141693115,0,0,0,0,0,0.0,0.0,0.0,0,0,nan,nan,nan,87,26.200000762939453,-2.9000000953674316,34.0,0,READY owner=Surnn refs=24,"{""cmd"": ""STOP"", ""status"": ""READY"", ""detector"": ""yolo"", ""state"": ""IDLE"", ""owner"": ""Surnn"", ""score"": null, ""match_max"": 0.5, ""refs"": 24, ""match_mode"": ""osnet"", ""steer_zones"": 41, ""people"": 0, ""track_id"": null, ""target_ex"": 0.848, ""target_cx_vel_px_s"": 102.0, ""target_age_s"": 4238.48, ""lidar_min_m"": 1.95, ""target_lidar_m"": 3.22, ""target_lidar_deg"": 10.2, ""camera"
2026-06-20T15:30:06.108,269.109,mission_20260620_152537_manual,MANUAL,,0,13.34196662902832,101.02147674560547,50.76254306251963,4,True,-1.0,0,0,0,1,1,0.0,0.0,0.0,0,0,nan,nan,nan,87,34.0,0.0,0.0,0,READY owner=Surnn refs=24,"{""cmd"": ""STOP"", ""status"": ""READY"", ""detector"": ""yolo"", ""state"": ""IDLE"", ""owner"": ""Surnn"", ""score"": null, ""match_max"": 0.5, ""refs"": 24, ""match_mode"": ""osnet"", ""steer_zones"": 41, ""people"": 0, ""track_id"": null, ""target_ex"": 0.848, ""target_cx_vel_px_s"": 102.0, ""target_age_s"": 4240.58, ""lidar_min_m"": 1.95, ""target_lidar_m"": 3.22, ""target_lidar_deg"": 10.2, ""camera"
2026-06-20T15:30:08.110,271.111,mission_20260620_152537_manual,MANUAL,,0,13.34196662902832,101.02147674560547,50.67439605618603,4,True,-1.0,0,0,0,34,0,0.0,0.0,0.0,0,0,nan,nan,nan,87,26.200000762939453,-2.700000047683716,34.0,0,READY owner=Surnn refs=24,"{""cmd"": ""STOP"", ""status"": ""READY"", ""detector"": ""yolo"", ""state"": ""IDLE"", ""owner"": ""Surnn"", ""score"": null, ""match_max"": 0.5, ""refs"": 24, ""match_mode"": ""osnet"", ""steer_zones"": 41, ""people"": 0, ""track_id"": null, ""target_ex"": 0.848, ""target_cx_vel_px_s"": 102.0, ""target_age_s"": 4242.58, ""lidar_min_m"": 1.95, ""target_lidar_m"": 3.22, ""target_lidar_deg"": 10.2, ""camera"
2026-06-20T15:30:10.116,273.116,mission_20260620_152537_manual,MANUAL,,0,13.34196662902832,101.02147674560547,50.6164828822135,4,True,-1.0,0,0,0,203671,186165,0.0,0.0,0.0,0,0,nan,nan,nan,87,26.200000762939453,-2.799999952316284,34.0,0,READY owner=Surnn refs=24,"{""cmd"": ""STOP"", ""status"": ""READY"", ""detector"": ""yolo"", ""state"": ""IDLE"", ""owner"": ""Surnn"", ""score"": null, ""match_max"": 0.5, ""refs"": 24, ""match_mode"": ""osnet"", ""steer_zones"": 41, ""people"": 0, ""track_id"": null, ""target_ex"": 0.848, ""target_cx_vel_px_s"": 102.0, ""target_age_s"": 4244.68, ""lidar_min_m"": 1.95, ""target_lidar_m"": 3.22, ""target_lidar_deg"": 10.2, ""camera"
2026-06-20T15:30:11.915,,mission_20260620_152537_manual,MANUAL,START_REQUEST,,,,,,,,,,,,,,,,,,,,,,,,,,READY owner=Surnn refs=24,"{""cmd"": ""STOP"", ""status"": ""READY"", ""detector"": ""yolo"", ""state"": ""IDLE"", ""owner"": ""Surnn"", ""score"": null, ""match_max"": 0.5, ""refs"": 24, ""match_mode"": ""osnet"", ""steer_zones"": 41, ""people"": 0, ""track_id"": null, ""target_ex"": 0.848, ""target_cx_vel_px_s"": 102.0, ""target_age_s"": 4245.68, ""lidar_min_m"": 1.95, ""target_lidar_m"": 3.22, ""target_lidar_deg"": 10.2, ""camera"
2026-06-20T15:30:11.918,,mission_20260620_152537_manual,MANUAL,START_REQUEST,,,,,,,,,,,,,,,,,,,,,,,,,,FOLLOW IDLE,"{""cmd"": ""STOP"", ""status"": ""READY"", ""detector"": ""yolo"", ""state"": ""IDLE"", ""owner"": ""Surnn"", ""score"": null, ""match_max"": 0.5, ""refs"": 24, ""match_mode"": ""osnet"", ""steer_zones"": 41, ""people"": 0, ""track_id"": null, ""target_ex"": 0.848, ""target_cx_vel_px_s"": 102.0, ""target_age_s"": 4245.68, ""lidar_min_m"": 1.95, ""target_lidar_m"": 3.22, ""target_lidar_deg"": 10.2, ""camera"
2026-06-20T15:30:12.120,275.12,mission_20260620_152537_manual,MANUAL,,0,13.34196662902832,101.02147674560547,50.53074693265691,4,True,-1.0,0,0,0,0,1,0.0,0.0,0.0,0,0,nan,nan,nan,87,34.0,0.0,0.0,0,READY owner=Surnn refs=24,"{""cmd"": ""STOP"", ""status"": ""READY"", ""detector"": ""yolo"", ""state"": ""IDLE"", ""owner"": ""Surnn"", ""score"": null, ""match_max"": 0.5, ""refs"": 24, ""match_mode"": ""osnet"", ""steer_zones"": 41, ""people"": 0, ""track_id"": null, ""target_ex"": 0.848, ""target_cx_vel_px_s"": 102.0, ""target_age_s"": 4246.78, ""lidar_min_m"": 1.95, ""target_lidar_m"": 3.22, ""target_lidar_deg"": 10.2, ""camera"
2026-06-20T15:30:14.125,277.125,mission_20260620_152537_manual,MANUAL,,0,13.34196662902832,101.02147674560547,50.467379852632114,4,True,-1.0,0,0,0,203671,186165,0.0,0.0,0.0,0,0,nan,nan,nan,87,26.299999237060547,-1.2000000476837158,34.0,0,READY owner=Surnn refs=24,"{""cmd"": ""STOP"", ""status"": ""READY"", ""detector"": ""yolo"", ""state"": ""IDLE"", ""owner"": ""Surnn"", ""score"": null, ""match_max"": 0.5, ""refs"": 24, ""match_mode"": ""osnet"", ""steer_zones"": 41, ""people"": 0, ""track_id"": null, ""target_ex"": 0.848, ""target_cx_vel_px_s"": 102.0, ""target_age_s"": 4247.88, ""lidar_min_m"": 1.95, ""target_lidar_m"": 3.22, ""target_lidar_deg"": 10.2, ""camera"
2026-06-20T15:30:16.130,279.13,mission_20260620_152537_manual,MANUAL,,0,13.34196662902832,101.02147674560547,50.4024691498549,4,True,-1.0,0,0,0,0,0,0.0,0.0,0.0,0,0,nan,nan,nan,87,26.299999237060547,-1.2000000476837158,34.0,0,READY owner=Surnn refs=24,"{""cmd"": ""STOP"", ""status"": ""READY"", ""detector"": ""yolo"", ""state"": ""IDLE"", ""owner"": ""Surnn"", ""score"": null, ""match_max"": 0.5, ""refs"": 24, ""match_mode"": ""osnet"", ""steer_zones"": 41, ""people"": 0, ""track_id"": null, ""target_ex"": 0.848, ""target_cx_vel_px_s"": 102.0, ""target_age_s"": 4249.98, ""lidar_min_m"": 1.95, ""target_lidar_m"": 3.22, ""target_lidar_deg"": 10.2, ""camera"
2026-06-20T15:30:18.130,281.13,mission_20260620_152537_manual,MANUAL,,0,13.341967582702637,101.02147674560547,50.341813654930604,4,True,-1.0,0,0,0,203671,186165,0.0,0.0,0.0,0,0,nan,nan,nan,87,26.299999237060547,-1.2000000476837158,34.0,0,READY owner=Surnn refs=24,"{""cmd"": ""STOP"", ""status"": ""READY"", ""detector"": ""yolo"", ""state"": ""IDLE"", ""owner"": ""Surnn"", ""score"": null, ""match_max"": 0.5, ""refs"": 24, ""match_mode"": ""osnet"", ""steer_zones"": 41, ""people"": 0, ""track_id"": null, ""target_ex"": 0.848, ""target_cx_vel_px_s"": 102.0, ""target_age_s"": 4252.08, ""lidar_min_m"": 1.95, ""target_lidar_m"": 3.22, ""target_lidar_deg"": 10.2, ""camera"
2026-06-20T15:30:20.135,283.135,mission_20260620_152537_manual,MANUAL,,0,13.341967582702637,101.021484375,50.27471046142981,4,True,3.8385000228881836,0,0,0,203671,186165,0.0,0.0,0.0,0,0,nan,nan,nan,87,26.299999237060547,-1.2999999523162842,34.0,0,READY owner=Surnn refs=24,"{""cmd"": ""STOP"", ""status"": ""READY"", ""detector"": ""yolo"", ""state"": ""IDLE"", ""owner"": ""Surnn"", ""score"": null, ""match_max"": 0.5, ""refs"": 24, ""match_mode"": ""osnet"", ""steer_zones"": 41, ""people"": 0, ""track_id"": null, ""target_ex"": 0.848, ""target_cx_vel_px_s"": 102.0, ""target_age_s"": 4254.18, ""lidar_min_m"": 1.95, ""target_lidar_m"": 3.22, ""target_lidar_deg"": 10.2, ""camera"
2026-06-20T15:30:22.135,285.135,mission_20260620_152537_manual,MANUAL,,0,13.341967582702637,101.021484375,50.23154708096992,4,True,-1.0,0,0,0,203672,186165,0.0,0.0,0.0,0,0,nan,nan,nan,87,26.299999237060547,-1.100000023841858,34.0,0,READY owner=Surnn refs=24,"{""cmd"": ""STOP"", ""status"": ""READY"", ""detector"": ""yolo"", ""state"": ""IDLE"", ""owner"": ""Surnn"", ""score"": null, ""match_max"": 0.5, ""refs"": 24, ""match_mode"": ""osnet"", ""steer_zones"": 41, ""people"": 0, ""track_id"": null, ""target_ex"": 0.848, ""target_cx_vel_px_s"": 102.0, ""target_age_s"": 4256.38, ""lidar_min_m"": 1.95, ""target_lidar_m"": 3.22, ""target_lidar_deg"": 10.2, ""camera"
2026-06-20T15:30:24.140,287.14,mission_20260620_152537_manual,MANUAL,,0,13.341967582702637,101.021484375,50.21661970253885,4,True,-1.0,0,0,0,203672,186165,0.0,0.0,0.0,0,0,nan,nan,nan,87,26.299999237060547,-1.100000023841858,34.0,0,READY owner=Surnn refs=24,"{""cmd"": ""STOP"", ""status"": ""READY"", ""detector"": ""yolo"", ""state"": ""IDLE"", ""owner"": ""Surnn"", ""score"": null, ""match_max"": 0.5, ""refs"": 24, ""match_mode"": ""osnet"", ""steer_zones"": 41, ""people"": 0, ""track_id"": null, ""target_ex"": 0.848, ""target_cx_vel_px_s"": 102.0, ""target_age_s"": 4258.58, ""lidar_min_m"": 1.95, ""target_lidar_m"": 3.22, ""target_lidar_deg"": 10.2, ""camera"
2026-06-20T15:30:26.144,289.145,mission_20260620_152537_manual,MANUAL,,0,13.341967582702637,101.021484375,50.207740456617834,4,True,-1.0,0,0,0,203672,186165,0.0,0.0,0.0,0,0,nan,nan,nan,87,26.299999237060547,-1.2999999523162842,34.0,0,READY owner=Surnn refs=24,"{""cmd"": ""STOP"", ""status"": ""READY"", ""detector"": ""yolo"", ""state"": ""IDLE"", ""owner"": ""Surnn"", ""score"": null, ""match_max"": 0.5, ""refs"": 24, ""match_mode"": ""osnet"", ""steer_zones"": 41, ""people"": 0, ""track_id"": null, ""target_ex"": 0.848, ""target_cx_vel_px_s"": 102.0, ""target_age_s"": 4260.68, ""lidar_min_m"": 1.95, ""target_lidar_m"": 3.22, ""target_lidar_deg"": 10.2, ""camera"
2026-06-20T15:30:28.145,291.145,mission_20260620_152537_manual,MANUAL,,0,13.34196949005127,101.021484375,50.202972984577166,4,True,-1.0,0,0,0,0,1,0.0,0.0,0.0,0,0,nan,nan,nan,87,34.0,0.0,0.0,0,READY owner=Surnn refs=24,"{""cmd"": ""STOP"", ""status"": ""READY"", ""detector"": ""yolo"", ""state"": ""IDLE"", ""owner"": ""Surnn"", ""score"": null, ""match_max"": 0.5, ""refs"": 24, ""match_mode"": ""osnet"", ""steer_zones"": 41, ""people"": 0, ""track_id"": null, ""target_ex"": 0.848, ""target_cx_vel_px_s"": 102.0, ""target_age_s"": 4262.78, ""lidar_min_m"": 1.95, ""target_lidar_m"": 3.22, ""target_lidar_deg"": 10.2, ""camera"
2026-06-20T15:30:30.150,293.15,mission_20260620_152537_manual,MANUAL,,0,13.341970443725586,101.021484375,50.19661407845989,4,True,-1.0,0,0,0,186165,0,0.0,0.0,0.0,0,0,nan,nan,nan,87,-1.0,34.0,0.0,0,READY owner=Surnn refs=24,"{""cmd"": ""STOP"", ""status"": ""READY"", ""detector"": ""yolo"", ""state"": ""IDLE"", ""owner"": ""Surnn"", ""score"": null, ""match_max"": 0.5, ""refs"": 24, ""match_mode"": ""osnet"", ""steer_zones"": 41, ""people"": 0, ""track_id"": null, ""target_ex"": 0.848, ""target_cx_vel_px_s"": 102.0, ""target_age_s"": 4263.78, ""lidar_min_m"": 1.95, ""target_lidar_m"": 3.22, ""target_lidar_deg"": 10.2, ""camera"
2026-06-20T15:30:32.150,295.15,mission_20260620_152537_manual,MANUAL,,0,13.341971397399902,101.021484375,50.197399550214435,4,True,-1.0,0,0,0,203672,186165,0.0,0.0,0.0,0,0,nan,nan,nan,87,26.299999237060547,-1.2000000476837158,34.0,0,READY owner=Surnn refs=24,"{""cmd"": ""STOP"", ""status"": ""READY"", ""detector"": ""yolo"", ""state"": ""IDLE"", ""owner"": ""Surnn"", ""score"": null, ""match_max"": 0.5, ""refs"": 24, ""match_mode"": ""osnet"", ""steer_zones"": 41, ""people"": 0, ""track_id"": null, ""target_ex"": 0.848, ""target_cx_vel_px_s"": 102.0, ""target_age_s"": 4265.88, ""lidar_min_m"": 1.95, ""target_lidar_m"": 3.22, ""target_lidar_deg"": 10.2, ""camera"
2026-06-20T15:30:34.152,297.153,mission_20260620_152537_manual,MANUAL,,0,13.341971397399902,101.021484375,50.194472814155084,4,True,-1.0,0,0,0,0,0,0.0,0.0,0.0,0,0,nan,nan,nan,87,26.299999237060547,-1.2000000476837158,34.0,0,READY owner=Surnn refs=24,"{""cmd"": ""STOP"", ""status"": ""READY"", ""detector"": ""yolo"", ""state"": ""IDLE"", ""owner"": ""Surnn"", ""score"": null, ""match_max"": 0.5, ""refs"": 24, ""match_mode"": ""osnet"", ""steer_zones"": 41, ""people"": 0, ""track_id"": null, ""target_ex"": 0.848, ""target_cx_vel_px_s"": 102.0, ""target_age_s"": 4267.98, ""lidar_min_m"": 1.95, ""target_lidar_m"": 3.22, ""target_lidar_deg"": 10.2, ""camera"
2026-06-20T15:30:36.155,299.155,mission_20260620_152537_manual,MANUAL,,0,13.341971397399902,101.021484375,50.18692545512222,4,True,-1.0,0,0,0,203672,186165,0.0,0.0,0.0,0,0,nan,nan,nan,87,26.299999237060547,-1.100000023841858,33.0,0,READY owner=Surnn refs=24,"{""cmd"": ""STOP"", ""status"": ""READY"", ""detector"": ""yolo"", ""state"": ""IDLE"", ""owner"": ""Surnn"", ""score"": null, ""match_max"": 0.5, ""refs"": 24, ""match_mode"": ""osnet"", ""steer_zones"": 41, ""people"": 0, ""track_id"": null, ""target_ex"": 0.848, ""target_cx_vel_px_s"": 102.0, ""target_age_s"": 4269.98, ""lidar_min_m"": 1.95, ""target_lidar_m"": 3.22, ""target_lidar_deg"": 10.2, ""camera"
2026-06-20T15:30:38.165,301.165,mission_20260620_152537_manual,MANUAL,,0,13.341971397399902,101.021484375,50.18159107738044,4,True,-1.0,0,0,0,203672,186165,0.0,0.0,0.0,0,0,nan,nan,nan,87,26.299999237060547,-1.2000000476837158,33.0,0,READY owner=Surnn refs=24,"{""cmd"": ""STOP"", ""status"": ""READY"", ""detector"": ""yolo"", ""state"": ""IDLE"", ""owner"": ""Surnn"", ""score"": null, ""match_max"": 0.5, ""refs"": 24, ""match_mode"": ""osnet"", ""steer_zones"": 41, ""people"": 0, ""track_id"": null, ""target_ex"": 0.848, ""target_cx_vel_px_s"": 102.0, ""target_age_s"": 4272.08, ""lidar_min_m"": 1.95, ""target_lidar_m"": 3.22, ""target_lidar_deg"": 10.2, ""camera"
2026-06-20T15:30:40.169,303.169,mission_20260620_152537_manual,MANUAL,,0,13.341971397399902,101.021484375,50.1710316049236,4,True,-1.0,0,0,0,203672,186165,0.0,0.0,0.0,0,0,nan,nan,nan,87,26.299999237060547,-1.2000000476837158,33.0,0,READY owner=Surnn refs=24,"{""cmd"": ""STOP"", ""status"": ""READY"", ""detector"": ""yolo"", ""state"": ""IDLE"", ""owner"": ""Surnn"", ""score"": null, ""match_max"": 0.5, ""refs"": 24, ""match_mode"": ""osnet"", ""steer_zones"": 41, ""people"": 0, ""track_id"": null, ""target_ex"": 0.848, ""target_cx_vel_px_s"": 102.0, ""target_age_s"": 4274.18, ""lidar_min_m"": 1.95, ""target_lidar_m"": 3.22, ""target_lidar_deg"": 10.2, ""camera"
2026-06-20T15:30:42.170,305.17,mission_20260620_152537_manual,MANUAL,,0,13.341971397399902,101.021484375,50.130125601984396,4,True,-1.0,0,0,0,203673,186166,0.0,0.0,0.0,0,0,nan,nan,nan,87,26.299999237060547,-1.2999999523162842,33.0,0,READY owner=Surnn refs=24,"{""cmd"": ""STOP"", ""status"": ""READY"", ""detector"": ""yolo"", ""state"": ""IDLE"", ""owner"": ""Surnn"", ""score"": null, ""match_max"": 0.5, ""refs"": 24, ""match_mode"": ""osnet"", ""steer_zones"": 41, ""people"": 0, ""track_id"": null, ""target_ex"": 0.848, ""target_cx_vel_px_s"": 102.0, ""target_age_s"": 4276.38, ""lidar_min_m"": 1.95, ""target_lidar_m"": 3.22, ""target_lidar_deg"": 10.2, ""camera"
2026-06-20T15:30:44.174,307.175,mission_20260620_152537_manual,MANUAL,,0,13.341971397399902,101.021484375,50.08249527780731,4,True,-1.0,0,0,0,0,0,0.0,0.0,0.0,0,0,nan,nan,nan,87,33.0,0.0,0.0,0,READY owner=Surnn refs=24,"{""cmd"": ""STOP"", ""status"": ""READY"", ""detector"": ""yolo"", ""state"": ""IDLE"", ""owner"": ""Surnn"", ""score"": null, ""match_max"": 0.5, ""refs"": 24, ""match_mode"": ""osnet"", ""steer_zones"": 41, ""people"": 0, ""track_id"": null, ""target_ex"": 0.848, ""target_cx_vel_px_s"": 102.0, ""target_age_s"": 4278.48, ""lidar_min_m"": 1.95, ""target_lidar_m"": 3.22, ""target_lidar_deg"": 10.2, ""camera"
2026-06-20T15:30:46.174,309.175,mission_20260620_152537_manual,MANUAL,,0,13.341972351074219,101.021484375,50.029110519254495,4,True,-1.0,0,0,0,203674,186166,0.0,0.0,0.0,0,0,nan,nan,nan,87,26.299999237060547,-1.0,33.0,0,READY owner=Surnn refs=24,"{""cmd"": ""STOP"", ""status"": ""READY"", ""detector"": ""yolo"", ""state"": ""IDLE"", ""owner"": ""Surnn"", ""score"": null, ""match_max"": 0.5, ""refs"": 24, ""match_mode"": ""osnet"", ""steer_zones"": 41, ""people"": 0, ""track_id"": null, ""target_ex"": 0.848, ""target_cx_vel_px_s"": 102.0, ""target_age_s"": 4280.58, ""lidar_min_m"": 1.95, ""target_lidar_m"": 3.22, ""target_lidar_deg"": 10.2, ""camera"
2026-06-20T15:30:48.175,311.175,mission_20260620_152537_manual,MANUAL,,0,13.341972351074219,101.021484375,49.98182170453591,4,True,3.836250066757202,0,0,0,0,1,0.0,0.0,0.0,0,0,nan,nan,nan,87,33.0,0.0,0.0,0,READY owner=Surnn refs=24,"{""cmd"": ""STOP"", ""status"": ""READY"", ""detector"": ""yolo"", ""state"": ""IDLE"", ""owner"": ""Surnn"", ""score"": null, ""match_max"": 0.5, ""refs"": 24, ""match_mode"": ""osnet"", ""steer_zones"": 41, ""people"": 0, ""track_id"": null, ""target_ex"": 0.848, ""target_cx_vel_px_s"": 102.0, ""target_age_s"": 4282.68, ""lidar_min_m"": 1.95, ""target_lidar_m"": 3.22, ""target_lidar_deg"": 10.2, ""camera"
2026-06-20T15:30:50.179,313.18,mission_20260620_152537_manual,MANUAL,,0,13.341972351074219,101.021484375,49.94122306010935,4,True,-1.0,0,0,0,203674,186166,0.0,0.0,0.0,0,0,nan,nan,nan,87,26.299999237060547,-1.2000000476837158,33.0,0,READY owner=Surnn refs=24,"{""cmd"": ""STOP"", ""status"": ""READY"", ""detector"": ""yolo"", ""state"": ""IDLE"", ""owner"": ""Surnn"", ""score"": null, ""match_max"": 0.5, ""refs"": 24, ""match_mode"": ""osnet"", ""steer_zones"": 41, ""people"": 0, ""track_id"": null, ""target_ex"": 0.848, ""target_cx_vel_px_s"": 102.0, ""target_age_s"": 4284.78, ""lidar_min_m"": 1.95, ""target_lidar_m"": 3.22, ""target_lidar_deg"": 10.2, ""camera"
2026-06-20T15:30:52.180,315.18,mission_20260620_152537_manual,MANUAL,,0,13.341972351074219,101.021484375,49.9101900956154,4,True,-1.0,0,0,0,203674,186,0.0,0.0,0.0,0,0,nan,nan,nan,87,26.299999237060547,-1.0,33.0,0,READY owner=Surnn refs=24,"{""cmd"": ""STOP"", ""status"": ""READY"", ""detector"": ""yolo"", ""state"": ""IDLE"", ""owner"": ""Surnn"", ""score"": null, ""match_max"": 0.5, ""refs"": 24, ""match_mode"": ""osnet"", ""steer_zones"": 41, ""people"": 0, ""track_id"": null, ""target_ex"": 0.848, ""target_cx_vel_px_s"": 102.0, ""target_age_s"": 4286.88, ""lidar_min_m"": 1.95, ""target_lidar_m"": 3.22, ""target_lidar_deg"": 10.2, ""camera"
2026-06-20T15:30:54.180,317.18,mission_20260620_152537_manual,MANUAL,,0,13.341972351074219,101.021484375,49.879864055700544,4,True,-1.0,0,0,0,186166,0,0.0,0.0,0.0,0,0,nan,nan,nan,87,-1.100000023841858,33.0,0.0,0,READY owner=Surnn refs=24,"{""cmd"": ""STOP"", ""status"": ""READY"", ""detector"": ""yolo"", ""state"": ""IDLE"", ""owner"": ""Surnn"", ""score"": null, ""match_max"": 0.5, ""refs"": 24, ""match_mode"": ""osnet"", ""steer_zones"": 41, ""people"": 0, ""track_id"": null, ""target_ex"": 0.848, ""target_cx_vel_px_s"": 102.0, ""target_age_s"": 4287.98, ""lidar_min_m"": 1.95, ""target_lidar_m"": 3.22, ""target_lidar_deg"": 10.2, ""camera"
2026-06-20T15:30:56.186,319.187,mission_20260620_152537_manual,MANUAL,,0,13.341972351074219,101.021484375,49.860906865659175,4,True,-1.0,0,0,0,203674,186166,0.0,0.0,0.0,0,0,nan,nan,nan,87,26.299999237060547,-1.2000000476837158,33.0,0,READY owner=Surnn refs=24,"{""cmd"": ""STOP"", ""status"": ""READY"", ""detector"": ""yolo"", ""state"": ""IDLE"", ""owner"": ""Surnn"", ""score"": null, ""match_max"": 0.5, ""refs"": 24, ""match_mode"": ""osnet"", ""steer_zones"": 41, ""people"": 0, ""track_id"": null, ""target_ex"": 0.848, ""target_cx_vel_px_s"": 102.0, ""target_age_s"": 4290.08, ""lidar_min_m"": 1.95, ""target_lidar_m"": 3.22, ""target_lidar_deg"": 10.2, ""camera"
2026-06-20T15:30:58.190,321.191,mission_20260620_152537_manual,MANUAL,,0,13.341972351074219,101.021484375,49.8228866176443,4,True,-1.0,0,0,0,0,0,0.0,0.0,0.0,0,0,nan,nan,nan,87,26.299999237060547,-1.2000000476837158,33.0,0,READY owner=Surnn refs=24,"{""cmd"": ""STOP"", ""status"": ""READY"", ""detector"": ""yolo"", ""state"": ""IDLE"", ""owner"": ""Surnn"", ""score"": null, ""match_max"": 0.5, ""refs"": 24, ""match_mode"": ""osnet"", ""steer_zones"": 41, ""people"": 0, ""track_id"": null, ""target_ex"": 0.848, ""target_cx_vel_px_s"": 102.0, ""target_age_s"": 4292.18, ""lidar_min_m"": 1.95, ""target_lidar_m"": 3.22, ""target_lidar_deg"": 10.2, ""camera"
2026-06-20T15:31:00.191,323.192,mission_20260620_152537_manual,MANUAL,,0,13.341973304748535,101.021484375,49.78906693596898,4,True,3.8399999141693115,0,0,0,186166,0,0.0,0.0,0.0,0,0,nan,nan,nan,87,-1.2000000476837158,33.0,0.0,0,READY owner=Surnn refs=24,"{""cmd"": ""STOP"", ""status"": ""READY"", ""detector"": ""yolo"", ""state"": ""IDLE"", ""owner"": ""Surnn"", ""score"": null, ""match_max"": 0.5, ""refs"": 24, ""match_mode"": ""osnet"", ""steer_zones"": 41, ""people"": 0, ""track_id"": null, ""target_ex"": 0.848, ""target_cx_vel_px_s"": 102.0, ""target_age_s"": 4294.28, ""lidar_min_m"": 1.95, ""target_lidar_m"": 3.22, ""target_lidar_deg"": 10.2, ""camera"
2026-06-20T15:31:02.195,325.196,mission_20260620_152537_manual,MANUAL,,0,13.341973304748535,101.021484375,49.78360961482214,4,True,3.8320000171661377,0,0,0,203674,1861,0.0,0.0,0.0,0,0,nan,nan,nan,87,26.299999237060547,-1.100000023841858,33.0,0,READY owner=Surnn refs=24,"{""cmd"": ""STOP"", ""status"": ""READY"", ""detector"": ""yolo"", ""state"": ""IDLE"", ""owner"": ""Surnn"", ""score"": null, ""match_max"": 0.5, ""refs"": 24, ""match_mode"": ""osnet"", ""steer_zones"": 41, ""people"": 0, ""track_id"": null, ""target_ex"": 0.848, ""target_cx_vel_px_s"": 102.0, ""target_age_s"": 4296.38, ""lidar_min_m"": 1.95, ""target_lidar_m"": 3.22, ""target_lidar_deg"": 10.2, ""camera"
2026-06-20T15:31:04.200,327.201,mission_20260620_152537_manual,MANUAL,,0,13.341973304748535,101.021484375,49.79598250250362,4,True,-1.0,0,0,0,203674,186166,0.0,0.0,0.0,0,0,nan,nan,nan,87,26.299999237060547,-1.2000000476837158,33.0,0,READY owner=Surnn refs=24,"{""cmd"": ""STOP"", ""status"": ""READY"", ""detector"": ""yolo"", ""state"": ""IDLE"", ""owner"": ""Surnn"", ""score"": null, ""match_max"": 0.5, ""refs"": 24, ""match_mode"": ""osnet"", ""steer_zones"": 41, ""people"": 0, ""track_id"": null, ""target_ex"": 0.848, ""target_cx_vel_px_s"": 102.0, ""target_age_s"": 4298.38, ""lidar_min_m"": 1.95, ""target_lidar_m"": 3.22, ""target_lidar_deg"": 10.2, ""camera"
2026-06-20T15:31:06.203,329.204,mission_20260620_152537_manual,MANUAL,,0,13.341973304748535,101.021484375,49.814126900033756,4,True,-1.0,0,0,0,203674,186167,0.0,0.0,0.0,0,0,nan,nan,nan,87,26.299999237060547,-1.899999976158142,33.0,0,READY owner=Surnn refs=24,"{""cmd"": ""STOP"", ""status"": ""READY"", ""detector"": ""yolo"", ""state"": ""IDLE"", ""owner"": ""Surnn"", ""score"": null, ""match_max"": 0.5, ""refs"": 24, ""match_mode"": ""osnet"", ""steer_zones"": 41, ""people"": 0, ""track_id"": null, ""target_ex"": 0.848, ""target_cx_vel_px_s"": 102.0, ""target_age_s"": 4300.48, ""lidar_min_m"": 1.94, ""target_lidar_m"": 3.22, ""target_lidar_deg"": 10.2, ""camera"
2026-06-20T15:31:08.205,331.206,mission_20260620_152537_manual,MANUAL,,0,13.341973304748535,101.021484375,49.8403787321087,4,True,-1.0,0,0,0,203674,186167,0.0,0.0,0.0,0,0,nan,nan,nan,87,26.299999237060547,-1.2999999523162842,33.0,0,READY owner=Surnn refs=24,"{""cmd"": ""STOP"", ""status"": ""READY"", ""detector"": ""yolo"", ""state"": ""IDLE"", ""owner"": ""Surnn"", ""score"": null, ""match_max"": 0.5, ""refs"": 24, ""match_mode"": ""osnet"", ""steer_zones"": 41, ""people"": 0, ""track_id"": null, ""target_ex"": 0.848, ""target_cx_vel_px_s"": 102.0, ""target_age_s"": 4302.68, ""lidar_min_m"": 1.95, ""target_lidar_m"": 3.22, ""target_lidar_deg"": 10.2, ""camera"
2026-06-20T15:31:10.210,333.21,mission_20260620_152537_manual,MANUAL,,0,13.341972351074219,101.021484375,49.86455418667596,4,True,-1.0,0,0,0,33,0,0.0,0.0,0.0,0,0,nan,nan,nan,87,-1.100000023841858,33.0,0.0,0,READY owner=Surnn refs=24,"{""cmd"": ""STOP"", ""status"": ""READY"", ""detector"": ""yolo"", ""state"": ""IDLE"", ""owner"": ""Surnn"", ""score"": null, ""match_max"": 0.5, ""refs"": 24, ""match_mode"": ""osnet"", ""steer_zones"": 41, ""people"": 0, ""track_id"": null, ""target_ex"": 0.848, ""target_cx_vel_px_s"": 102.0, ""target_age_s"": 4304.78, ""lidar_min_m"": 1.95, ""target_lidar_m"": 3.22, ""target_lidar_deg"": 10.2, ""camera"
2026-06-20T15:31:12.210,335.21,mission_20260620_152537_manual,MANUAL,,0,13.341972351074219,101.021484375,49.886789867518935,4,True,-1.0,0,0,0,0,1,0.0,0.0,0.0,0,0,nan,nan,nan,87,33.0,0.0,0.0,0,READY owner=Surnn refs=24,"{""cmd"": ""STOP"", ""status"": ""READY"", ""detector"": ""yolo"", ""state"": ""IDLE"", ""owner"": ""Surnn"", ""score"": null, ""match_max"": 0.5, ""refs"": 24, ""match_mode"": ""osnet"", ""steer_zones"": 41, ""people"": 0, ""track_id"": null, ""target_ex"": 0.848, ""target_cx_vel_px_s"": 102.0, ""target_age_s"": 4305.88, ""lidar_min_m"": 1.94, ""target_lidar_m"": 3.22, ""target_lidar_deg"": 10.2, ""camera"
2026-06-20T15:31:14.215,337.215,mission_20260620_152537_manual,MANUAL,,0,13.341971397399902,101.021484375,49.88020898025363,4,True,-1.0,0,0,0,34,0,0.0,0.0,0.0,0,0,nan,nan,nan,87,26.299999237060547,-1.100000023841858,34.0,0,READY owner=Surnn refs=24,"{""cmd"": ""STOP"", ""status"": ""READY"", ""detector"": ""yolo"", ""state"": ""IDLE"", ""owner"": ""Surnn"", ""score"": null, ""match_max"": 0.5, ""refs"": 24, ""match_mode"": ""osnet"", ""steer_zones"": 41, ""people"": 0, ""track_id"": null, ""target_ex"": 0.848, ""target_cx_vel_px_s"": 102.0, ""target_age_s"": 4307.98, ""lidar_min_m"": 1.95, ""target_lidar_m"": 3.22, ""target_lidar_deg"": 10.2, ""camera"
2026-06-20T15:31:16.220,339.22,mission_20260620_152537_manual,MANUAL,,0,13.341971397399902,101.021484375,49.867832677477566,4,True,-1.0,0,0,0,34,0,0.0,0.0,0.0,0,0,nan,nan,nan,87,34.0,0.0,0.0,0,READY owner=Surnn refs=24,"{""cmd"": ""STOP"", ""status"": ""READY"", ""detector"": ""yolo"", ""state"": ""IDLE"", ""owner"": ""Surnn"", ""score"": null, ""match_max"": 0.5, ""refs"": 24, ""match_mode"": ""osnet"", ""steer_zones"": 41, ""people"": 0, ""track_id"": null, ""target_ex"": 0.848, ""target_cx_vel_px_s"": 102.0, ""target_age_s"": 4310.08, ""lidar_min_m"": 1.95, ""target_lidar_m"": 3.22, ""target_lidar_deg"": 10.2, ""camera"
2026-06-20T15:31:18.233,341.233,mission_20260620_152537_manual,MANUAL,,0,13.341971397399902,101.021484375,49.85848897869299,4,True,-1.0,0,0,0,203676,186167,0.0,0.0,0.0,0,0,nan,nan,nan,87,26.299999237060547,-1.2999999523162842,34.0,0,READY owner=Surnn refs=24,"{""cmd"": ""STOP"", ""status"": ""READY"", ""detector"": ""yolo"", ""state"": ""IDLE"", ""owner"": ""Surnn"", ""score"": null, ""match_max"": 0.5, ""refs"": 24, ""match_mode"": ""osnet"", ""steer_zones"": 41, ""people"": 0, ""track_id"": null, ""target_ex"": 0.848, ""target_cx_vel_px_s"": 102.0, ""target_age_s"": 4312.28, ""lidar_min_m"": 1.95, ""target_lidar_m"": 3.22, ""target_lidar_deg"": 10.2, ""camera"
2026-06-20T15:31:20.234,343.235,mission_20260620_152537_manual,MANUAL,,0,13.341971397399902,101.021484375,49.82752090099615,4,True,-1.0,0,0,0,203676,186167,0.0,0.0,0.0,0,0,nan,nan,nan,87,26.299999237060547,-1.0,34.0,0,READY owner=Surnn refs=24,"{""cmd"": ""STOP"", ""status"": ""READY"", ""detector"": ""yolo"", ""state"": ""IDLE"", ""owner"": ""Surnn"", ""score"": null, ""match_max"": 0.5, ""refs"": 24, ""match_mode"": ""osnet"", ""steer_zones"": 41, ""people"": 0, ""track_id"": null, ""target_ex"": 0.848, ""target_cx_vel_px_s"": 102.0, ""target_age_s"": 4314.38, ""lidar_min_m"": 1.95, ""target_lidar_m"": 3.22, ""target_lidar_deg"": 10.2, ""camera"
2026-06-20T15:31:22.235,345.235,mission_20260620_152537_manual,MANUAL,,0,13.341971397399902,101.02149200439453,49.80202038972991,4,True,-1.0,0,0,0,203676,186167,0.0,0.0,0.0,0,0,nan,nan,nan,87,26.299999237060547,-1.100000023841858,34.0,0,READY owner=Surnn refs=24,"{""cmd"": ""STOP"", ""status"": ""READY"", ""detector"": ""yolo"", ""state"": ""IDLE"", ""owner"": ""Surnn"", ""score"": null, ""match_max"": 0.5, ""refs"": 24, ""match_mode"": ""osnet"", ""steer_zones"": 41, ""people"": 0, ""track_id"": null, ""target_ex"": 0.848, ""target_cx_vel_px_s"": 102.0, ""target_age_s"": 4316.48, ""lidar_min_m"": 1.95, ""target_lidar_m"": 3.22, ""target_lidar_deg"": 10.2, ""camera"
2026-06-20T15:31:24.242,347.242,mission_20260620_152537_manual,MANUAL,,0,13.341970443725586,101.02149200439453,49.784603407346374,4,True,-1.0,0,0,0,0,1,0.0,0.0,0.0,0,0,nan,nan,nan,87,34.0,0.0,0.0,0,READY owner=Surnn refs=24,"{""cmd"": ""STOP"", ""status"": ""READY"", ""detector"": ""yolo"", ""state"": ""IDLE"", ""owner"": ""Surnn"", ""score"": null, ""match_max"": 0.5, ""refs"": 24, ""match_mode"": ""osnet"", ""steer_zones"": 41, ""people"": 0, ""track_id"": null, ""target_ex"": 0.848, ""target_cx_vel_px_s"": 102.0, ""target_age_s"": 4318.68, ""lidar_min_m"": 1.95, ""target_lidar_m"": 3.22, ""target_lidar_deg"": 10.2, ""camera"
2026-06-20T15:31:26.244,349.245,mission_20260620_152537_manual,MANUAL,,0,13.341970443725586,101.02149200439453,49.796084955341165,4,True,-1.0,0,0,0,186168,0,0.0,0.0,0.0,0,0,nan,nan,nan,87,-1.100000023841858,34.0,0.0,0,READY owner=Surnn refs=24,"{""cmd"": ""STOP"", ""status"": ""READY"", ""detector"": ""yolo"", ""state"": ""IDLE"", ""owner"": ""Surnn"", ""score"": null, ""match_max"": 0.5, ""refs"": 24, ""match_mode"": ""osnet"", ""steer_zones"": 41, ""people"": 0, ""track_id"": null, ""target_ex"": 0.848, ""target_cx_vel_px_s"": 102.0, ""target_age_s"": 4320.78, ""lidar_min_m"": 1.95, ""target_lidar_m"": 3.22, ""target_lidar_deg"": 10.2, ""camera"
2026-06-20T15:31:28.249,351.25,mission_20260620_152537_manual,MANUAL,,0,13.34196949005127,101.02149200439453,49.81665407002666,4,True,-1.0,0,0,0,203676,186168,0.0,0.0,0.0,0,0,nan,nan,nan,87,26.299999237060547,-1.0,34.0,0,READY owner=Surnn refs=24,"{""cmd"": ""STOP"", ""status"": ""READY"", ""detector"": ""yolo"", ""state"": ""IDLE"", ""owner"": ""Surnn"", ""score"": null, ""match_max"": 0.5, ""refs"": 24, ""match_mode"": ""osnet"", ""steer_zones"": 41, ""people"": 0, ""track_id"": null, ""target_ex"": 0.848, ""target_cx_vel_px_s"": 102.0, ""target_age_s"": 4322.88, ""lidar_min_m"": 1.95, ""target_lidar_m"": 3.22, ""target_lidar_deg"": 10.2, ""camera"
2026-06-20T15:31:30.250,353.25,mission_20260620_152537_manual,MANUAL,,0,13.341968536376953,101.02149200439453,49.82940944830166,4,True,-1.0,0,0,0,203676,186,0.0,0.0,0.0,0,0,nan,nan,nan,87,-1.100000023841858,34.0,0.0,0,READY owner=Surnn refs=24,"{""cmd"": ""STOP"", ""status"": ""READY"", ""detector"": ""yolo"", ""state"": ""IDLE"", ""owner"": ""Surnn"", ""score"": null, ""match_max"": 0.5, ""refs"": 24, ""match_mode"": ""osnet"", ""steer_zones"": 41, ""people"": 0, ""track_id"": null, ""target_ex"": 0.848, ""target_cx_vel_px_s"": 102.0, ""target_age_s"": 4323.98, ""lidar_min_m"": 1.95, ""target_lidar_m"": 3.22, ""target_lidar_deg"": 10.2, ""camera"
2026-06-20T15:31:32.250,355.25,mission_20260620_152537_manual,MANUAL,,0,13.341967582702637,101.02149200439453,49.849059902543786,4,True,-1.0,0,0,0,203676,186,0.0,0.0,0.0,0,0,nan,nan,nan,87,26.299999237060547,-1.2000000476837158,34.0,0,READY owner=Surnn refs=24,"{""cmd"": ""STOP"", ""status"": ""READY"", ""detector"": ""yolo"", ""state"": ""IDLE"", ""owner"": ""Surnn"", ""score"": null, ""match_max"": 0.5, ""refs"": 24, ""match_mode"": ""osnet"", ""steer_zones"": 41, ""people"": 0, ""track_id"": null, ""target_ex"": 0.848, ""target_cx_vel_px_s"": 102.0, ""target_age_s"": 4326.18, ""lidar_min_m"": 1.95, ""target_lidar_m"": 3.22, ""target_lidar_deg"": 10.2, ""camera"
2026-06-20T15:31:34.250,357.25,mission_20260620_152537_manual,MANUAL,,0,13.341967582702637,101.02149200439453,49.86505279048537,4,True,-1.0,0,0,0,203676,186168,0.0,0.0,0.0,0,0,nan,nan,nan,87,26.299999237060547,-1.2000000476837158,34.0,0,READY owner=Surnn refs=24,"{""cmd"": ""STOP"", ""status"": ""READY"", ""detector"": ""yolo"", ""state"": ""IDLE"", ""owner"": ""Surnn"", ""score"": null, ""match_max"": 0.5, ""refs"": 24, ""match_mode"": ""osnet"", ""steer_zones"": 41, ""people"": 0, ""track_id"": null, ""target_ex"": 0.848, ""target_cx_vel_px_s"": 102.0, ""target_age_s"": 4328.28, ""lidar_min_m"": 1.95, ""target_lidar_m"": 3.22, ""target_lidar_deg"": 10.2, ""camera"
2026-06-20T15:31:36.250,359.25,mission_20260620_152537_manual,MANUAL,,0,13.34196662902832,101.02149200439453,49.880485602915016,4,True,-1.0,0,0,0,34,0,0.0,0.0,0.0,0,0,nan,nan,nan,87,26.299999237060547,-1.2000000476837158,34.0,0,READY owner=Surnn refs=24,"{""cmd"": ""STOP"", ""status"": ""READY"", ""detector"": ""yolo"", ""state"": ""IDLE"", ""owner"": ""Surnn"", ""score"": null, ""match_max"": 0.5, ""refs"": 24, ""match_mode"": ""osnet"", ""steer_zones"": 41, ""people"": 0, ""track_id"": null, ""target_ex"": 0.848, ""target_cx_vel_px_s"": 102.0, ""target_age_s"": 4330.38, ""lidar_min_m"": 1.95, ""target_lidar_m"": 3.22, ""target_lidar_deg"": 10.2, ""camera"
2026-06-20T15:31:38.255,361.255,mission_20260620_152537_manual,MANUAL,,0,13.341965675354004,101.02149200439453,49.8992105665246,4,True,3.836750030517578,0,0,0,186168,0,0.0,0.0,0.0,0,0,nan,nan,nan,87,-1.2000000476837158,34.0,0.0,0,READY owner=Surnn refs=24,"{""cmd"": ""STOP"", ""status"": ""READY"", ""detector"": ""yolo"", ""state"": ""IDLE"", ""owner"": ""Surnn"", ""score"": null, ""match_max"": 0.5, ""refs"": 24, ""match_mode"": ""osnet"", ""steer_zones"": 41, ""people"": 0, ""track_id"": null, ""target_ex"": 0.848, ""target_cx_vel_px_s"": 102.0, ""target_age_s"": 4332.58, ""lidar_min_m"": 1.95, ""target_lidar_m"": 3.22, ""target_lidar_deg"": 10.2, ""camera"
2026-06-20T15:31:40.255,363.255,mission_20260620_152537_manual,MANUAL,,0,13.341965675354004,101.02149200439453,49.92498087026306,4,True,-1.0,0,0,0,203677,186168,0.0,0.0,0.0,0,0,nan,nan,nan,87,26.299999237060547,-1.2000000476837158,34.0,0,READY owner=Surnn refs=24,"{""cmd"": ""STOP"", ""status"": ""READY"", ""detector"": ""yolo"", ""state"": ""IDLE"", ""owner"": ""Surnn"", ""score"": null, ""match_max"": 0.5, ""refs"": 24, ""match_mode"": ""osnet"", ""steer_zones"": 41, ""people"": 0, ""track_id"": null, ""target_ex"": 0.848, ""target_cx_vel_px_s"": 102.0, ""target_age_s"": 4334.68, ""lidar_min_m"": 1.95, ""target_lidar_m"": 3.22, ""target_lidar_deg"": 10.2, ""camera"
2026-06-20T15:31:42.255,365.255,mission_20260620_152537_manual,MANUAL,,0,13.341965675354004,101.02149200439453,49.948992400290244,4,True,3.835750102996826,0,0,0,186168,0,0.0,0.0,0.0,0,0,nan,nan,nan,87,-1.100000023841858,34.0,0.0,0,READY owner=Surnn refs=24,"{""cmd"": ""STOP"", ""status"": ""READY"", ""detector"": ""yolo"", ""state"": ""IDLE"", ""owner"": ""Surnn"", ""score"": null, ""match_max"": 0.5, ""refs"": 24, ""match_mode"": ""osnet"", ""steer_zones"": 41, ""people"": 0, ""track_id"": null, ""target_ex"": 0.848, ""target_cx_vel_px_s"": 102.0, ""target_age_s"": 4336.78, ""lidar_min_m"": 1.95, ""target_lidar_m"": 3.22, ""target_lidar_deg"": 10.2, ""camera"
2026-06-20T15:31:44.260,367.26,mission_20260620_152537_manual,MANUAL,,0,13.341965675354004,101.02149200439453,49.96818864695256,4,True,-1.0,0,0,0,203677,186168,0.0,0.0,0.0,0,0,nan,nan,nan,87,26.299999237060547,-1.399999976158142,34.0,0,READY owner=Surnn refs=24,"{""cmd"": ""STOP"", ""status"": ""READY"", ""detector"": ""yolo"", ""state"": ""IDLE"", ""owner"": ""Surnn"", ""score"": null, ""match_max"": 0.5, ""refs"": 24, ""match_mode"": ""osnet"", ""steer_zones"": 41, ""people"": 0, ""track_id"": null, ""target_ex"": 0.848, ""target_cx_vel_px_s"": 102.0, ""target_age_s"": 4337.88, ""lidar_min_m"": 1.95, ""target_lidar_m"": 3.22, ""target_lidar_deg"": 10.2, ""camera"
2026-06-20T15:31:46.265,369.266,mission_20260620_152537_manual,MANUAL,,0,13.341965675354004,101.02149200439453,49.97145006228124,4,True,-1.0,0,0,0,203677,1861,0.0,0.0,0.0,0,0,nan,nan,nan,87,26.299999237060547,-1.2000000476837158,34.0,0,READY owner=Surnn refs=24,"{""cmd"": ""STOP"", ""status"": ""READY"", ""detector"": ""yolo"", ""state"": ""IDLE"", ""owner"": ""Surnn"", ""score"": null, ""match_max"": 0.5, ""refs"": 24, ""match_mode"": ""osnet"", ""steer_zones"": 41, ""people"": 0, ""track_id"": null, ""target_ex"": 0.848, ""target_cx_vel_px_s"": 102.0, ""target_age_s"": 4340.08, ""lidar_min_m"": 1.95, ""target_lidar_m"": 3.22, ""target_lidar_deg"": 10.2, ""camera"
2026-06-20T15:31:48.265,371.266,mission_20260620_152537_manual,MANUAL,,0,13.341965675354004,101.02149200439453,49.98227249702113,4,True,-1.0,0,0,0,203677,186168,0.0,0.0,0.0,0,0,nan,nan,nan,87,26.299999237060547,-1.100000023841858,34.0,0,READY owner=Surnn refs=24,"{""cmd"": ""STOP"", ""status"": ""READY"", ""detector"": ""yolo"", ""state"": ""IDLE"", ""owner"": ""Surnn"", ""score"": null, ""match_max"": 0.5, ""refs"": 24, ""match_mode"": ""osnet"", ""steer_zones"": 41, ""people"": 0, ""track_id"": null, ""target_ex"": 0.848, ""target_cx_vel_px_s"": 102.0, ""target_age_s"": 4342.08, ""lidar_min_m"": 1.95, ""target_lidar_m"": 3.22, ""target_lidar_deg"": 10.2, ""camera"
2026-06-20T15:31:50.270,373.27,mission_20260620_152537_manual,MANUAL,,0,13.341965675354004,101.02149200439453,49.96688408082109,4,True,-1.0,0,0,0,0,0,0.0,0.0,0.0,0,0,nan,nan,nan,87,26.299999237060547,-1.0,34.0,0,READY owner=Surnn refs=24,"{""cmd"": ""STOP"", ""status"": ""READY"", ""detector"": ""yolo"", ""state"": ""IDLE"", ""owner"": ""Surnn"", ""score"": null, ""match_max"": 0.5, ""refs"": 24, ""match_mode"": ""osnet"", ""steer_zones"": 41, ""people"": 0, ""track_id"": null, ""target_ex"": 0.848, ""target_cx_vel_px_s"": 102.0, ""target_age_s"": 4344.08, ""lidar_min_m"": 1.95, ""target_lidar_m"": 3.22, ""target_lidar_deg"": 10.2, ""camera"
2026-06-20T15:31:52.270,375.27,mission_20260620_152537_manual,MANUAL,,0,13.34196662902832,101.02149200439453,49.94272228663217,4,True,-1.0,0,0,0,203677,186168,0.0,0.0,0.0,0,0,nan,nan,nan,87,26.299999237060547,-1.2000000476837158,34.0,0,READY owner=Surnn refs=24,"{""cmd"": ""STOP"", ""status"": ""READY"", ""detector"": ""yolo"", ""state"": ""IDLE"", ""owner"": ""Surnn"", ""score"": null, ""match_max"": 0.5, ""refs"": 24, ""match_mode"": ""osnet"", ""steer_zones"": 41, ""people"": 0, ""track_id"": null, ""target_ex"": 0.848, ""target_cx_vel_px_s"": 102.0, ""target_age_s"": 4346.18, ""lidar_min_m"": 1.95, ""target_lidar_m"": 3.22, ""target_lidar_deg"": 10.2, ""camera"
2026-06-20T15:31:54.270,377.27,mission_20260620_152537_manual,MANUAL,,0,13.34196662902832,101.02149200439453,49.9202338887899,4,True,-1.0,0,0,0,203677,186168,0.0,0.0,0.0,0,0,nan,nan,nan,87,26.299999237060547,-1.2000000476837158,34.0,0,READY owner=Surnn refs=24,"{""cmd"": ""STOP"", ""status"": ""READY"", ""detector"": ""yolo"", ""state"": ""IDLE"", ""owner"": ""Surnn"", ""score"": null, ""match_max"": 0.5, ""refs"": 24, ""match_mode"": ""osnet"", ""steer_zones"": 41, ""people"": 0, ""track_id"": null, ""target_ex"": 0.848, ""target_cx_vel_px_s"": 102.0, ""target_age_s"": 4348.28, ""lidar_min_m"": 1.94, ""target_lidar_m"": 3.22, ""target_lidar_deg"": 10.2, ""camera"
2026-06-20T15:31:56.275,379.275,mission_20260620_152537_manual,MANUAL,,0,13.34196662902832,101.02149200439453,49.885406754212006,4,True,-1.0,0,0,0,203677,186168,0.0,0.0,0.0,0,0,nan,nan,nan,87,26.0,-1.0,34.0,0,READY owner=Surnn refs=24,"{""cmd"": ""STOP"", ""status"": ""READY"", ""detector"": ""yolo"", ""state"": ""IDLE"", ""owner"": ""Surnn"", ""score"": null, ""match_max"": 0.5, ""refs"": 24, ""match_mode"": ""osnet"", ""steer_zones"": 41, ""people"": 0, ""track_id"": null, ""target_ex"": 0.848, ""target_cx_vel_px_s"": 102.0, ""target_age_s"": 4350.38, ""lidar_min_m"": 1.95, ""target_lidar_m"": 3.22, ""target_lidar_deg"": 10.2, ""camera"
2026-06-20T15:31:58.276,381.276,mission_20260620_152537_manual,MANUAL,,0,13.34196662902832,101.02149200439453,49.861152752469295,4,True,-1.0,0,0,0,203677,186168,0.0,0.0,0.0,0,0,nan,nan,nan,87,26.299999237060547,-1.2000000476837158,34.0,0,READY owner=Surnn refs=24,"{""cmd"": ""STOP"", ""status"": ""READY"", ""detector"": ""yolo"", ""state"": ""IDLE"", ""owner"": ""Surnn"", ""score"": null, ""match_max"": 0.5, ""refs"": 24, ""match_mode"": ""osnet"", ""steer_zones"": 41, ""people"": 0, ""track_id"": null, ""target_ex"": 0.848, ""target_cx_vel_px_s"": 102.0, ""target_age_s"": 4352.48, ""lidar_min_m"": 1.95, ""target_lidar_m"": 3.22, ""target_lidar_deg"": 10.2, ""camera"
2026-06-20T15:32:00.277,383.277,mission_20260620_152537_manual,MANUAL,,0,13.341967582702637,101.02149200439453,49.846809355212265,4,True,-1.0,0,0,0,203677,186168,0.0,0.0,0.0,0,0,nan,nan,nan,87,26.299999237060547,-1.100000023841858,34.0,0,READY owner=Surnn refs=24,"{""cmd"": ""STOP"", ""status"": ""READY"", ""detector"": ""yolo"", ""state"": ""IDLE"", ""owner"": ""Surnn"", ""score"": null, ""match_max"": 0.5, ""refs"": 24, ""match_mode"": ""osnet"", ""steer_zones"": 41, ""people"": 0, ""track_id"": null, ""target_ex"": 0.848, ""target_cx_vel_px_s"": 102.0, ""target_age_s"": 4354.58, ""lidar_min_m"": 1.95, ""target_lidar_m"": 3.22, ""target_lidar_deg"": 10.2, ""camera"
2026-06-20T15:32:02.280,385.281,mission_20260620_152537_manual,MANUAL,,0,13.341967582702637,101.021484375,49.82594995748705,4,True,-1.0,0,0,0,203677,186168,0.0,0.0,0.0,0,0,nan,nan,nan,87,26.299999237060547,-1.2000000476837158,34.0,0,READY owner=Surnn refs=24,"{""cmd"": ""STOP"", ""status"": ""READY"", ""detector"": ""yolo"", ""state"": ""IDLE"", ""owner"": ""Surnn"", ""score"": null, ""match_max"": 0.5, ""refs"": 24, ""match_mode"": ""osnet"", ""steer_zones"": 41, ""people"": 0, ""track_id"": null, ""target_ex"": 0.848, ""target_cx_vel_px_s"": 102.0, ""target_age_s"": 4356.58, ""lidar_min_m"": 1.95, ""target_lidar_m"": 3.22, ""target_lidar_deg"": 10.2, ""camera"
2026-06-20T15:32:04.280,387.281,mission_20260620_152537_manual,MANUAL,,0,13.341968536376953,101.021484375,49.81180122062137,4,True,-1.0,0,0,0,203677,186168,0.0,0.0,0.0,0,0,nan,nan,nan,87,26.299999237060547,-1.100000023841858,34.0,0,READY owner=Surnn refs=24,"{""cmd"": ""STOP"", ""status"": ""READY"", ""detector"": ""yolo"", ""state"": ""IDLE"", ""owner"": ""Surnn"", ""score"": null, ""match_max"": 0.5, ""refs"": 24, ""match_mode"": ""osnet"", ""steer_zones"": 41, ""people"": 0, ""track_id"": null, ""target_ex"": 0.848, ""target_cx_vel_px_s"": 102.0, ""target_age_s"": 4358.78, ""lidar_min_m"": 1.95, ""target_lidar_m"": 3.22, ""target_lidar_deg"": 10.2, ""camera"
2026-06-20T15:32:06.281,389.281,mission_20260620_152537_manual,MANUAL,,0,13.341968536376953,101.021484375,49.79098963422034,4,True,-1.0,0,0,0,203677,186168,0.0,0.0,0.0,0,0,nan,nan,nan,87,26.299999237060547,-1.2000000476837158,34.0,0,READY owner=Surnn refs=24,"{""cmd"": ""STOP"", ""status"": ""READY"", ""detector"": ""yolo"", ""state"": ""IDLE"", ""owner"": ""Surnn"", ""score"": null, ""match_max"": 0.5, ""refs"": 24, ""match_mode"": ""osnet"", ""steer_zones"": 41, ""people"": 0, ""track_id"": null, ""target_ex"": 0.848, ""target_cx_vel_px_s"": 102.0, ""target_age_s"": 4360.98, ""lidar_min_m"": 1.95, ""target_lidar_m"": 3.22, ""target_lidar_deg"": 10.2, ""camera"
2026-06-20T15:32:08.300,391.3,mission_20260620_152537_manual,MANUAL,,0,13.34196949005127,101.021484375,49.77110012335726,4,True,-1.0,0,0,0,203677,186168,0.0,0.0,0.0,0,0,nan,nan,nan,87,26.299999237060547,-1.2000000476837158,34.0,0,READY owner=Surnn refs=24,"{""cmd"": ""STOP"", ""status"": ""READY"", ""detector"": ""yolo"", ""state"": ""IDLE"", ""owner"": ""Surnn"", ""score"": null, ""match_max"": 0.5, ""refs"": 24, ""match_mode"": ""osnet"", ""steer_zones"": 41, ""people"": 0, ""track_id"": null, ""target_ex"": 0.848, ""target_cx_vel_px_s"": 102.0, ""target_age_s"": 4362.08, ""lidar_min_m"": 1.94, ""target_lidar_m"": 3.22, ""target_lidar_deg"": 10.2, ""camera"
2026-06-20T15:32:10.309,393.309,mission_20260620_152537_manual,MANUAL,,0,13.341970443725586,101.021484375,49.762111594409525,4,True,3.8394999504089355,0,0,0,203677,186168,0.0,0.0,0.0,0,0,nan,nan,nan,87,26.299999237060547,-1.100000023841858,34.0,0,READY owner=Surnn refs=24,"{""cmd"": ""STOP"", ""status"": ""READY"", ""detector"": ""yolo"", ""state"": ""IDLE"", ""owner"": ""Surnn"", ""score"": null, ""match_max"": 0.5, ""refs"": 24, ""match_mode"": ""osnet"", ""steer_zones"": 41, ""people"": 0, ""track_id"": null, ""target_ex"": 0.848, ""target_cx_vel_px_s"": 102.0, ""target_age_s"": 4364.18, ""lidar_min_m"": 1.95, ""target_lidar_m"": 3.22, ""target_lidar_deg"": 10.2, ""camera"
2026-06-20T15:32:12.312,395.313,mission_20260620_152537_manual,MANUAL,,0,13.341971397399902,101.021484375,49.743673498745075,4,True,-1.0,0,0,0,203677,186168,0.0,0.0,0.0,0,0,nan,nan,nan,87,26.299999237060547,-1.2999999523162842,34.0,0,READY owner=Surnn refs=24,"{""cmd"": ""STOP"", ""status"": ""READY"", ""detector"": ""yolo"", ""state"": ""IDLE"", ""owner"": ""Surnn"", ""score"": null, ""match_max"": 0.5, ""refs"": 24, ""match_mode"": ""osnet"", ""steer_zones"": 41, ""people"": 0, ""track_id"": null, ""target_ex"": 0.848, ""target_cx_vel_px_s"": 102.0, ""target_age_s"": 4366.28, ""lidar_min_m"": 1.95, ""target_lidar_m"": 3.22, ""target_lidar_deg"": 10.2, ""camera"
2026-06-20T15:32:14.312,397.313,mission_20260620_152537_manual,MANUAL,,0,13.341972351074219,101.021484375,49.73633104538731,4,True,-1.0,0,0,0,0,1,0.0,0.0,0.0,0,0,nan,nan,nan,87,34.0,0.0,0.0,0,READY owner=Surnn refs=24,"{""cmd"": ""STOP"", ""status"": ""READY"", ""detector"": ""yolo"", ""state"": ""IDLE"", ""owner"": ""Surnn"", ""score"": null, ""match_max"": 0.5, ""refs"": 24, ""match_mode"": ""osnet"", ""steer_zones"": 41, ""people"": 0, ""track_id"": null, ""target_ex"": 0.848, ""target_cx_vel_px_s"": 102.0, ""target_age_s"": 4368.38, ""lidar_min_m"": 1.95, ""target_lidar_m"": 3.22, ""target_lidar_deg"": 10.2, ""camera"
2026-06-20T15:32:16.312,399.313,mission_20260620_152537_manual,MANUAL,,0,13.341972351074219,101.021484375,49.72222328965665,4,True,-1.0,0,0,0,203677,186168,0.0,0.0,0.0,0,0,nan,nan,nan,87,26.299999237060547,-1.2999999523162842,34.0,0,READY owner=Surnn refs=24,"{""cmd"": ""STOP"", ""status"": ""READY"", ""detector"": ""yolo"", ""state"": ""IDLE"", ""owner"": ""Surnn"", ""score"": null, ""match_max"": 0.5, ""refs"": 24, ""match_mode"": ""osnet"", ""steer_zones"": 41, ""people"": 0, ""track_id"": null, ""target_ex"": 0.848, ""target_cx_vel_px_s"": 102.0, ""target_age_s"": 4370.48, ""lidar_min_m"": 1.95, ""target_lidar_m"": 3.22, ""target_lidar_deg"": 10.2, ""camera"
2026-06-20T15:32:18.315,401.315,mission_20260620_152537_manual,MANUAL,,0,13.341973304748535,101.02147674560547,49.69780194827927,4,True,-1.0,0,0,0,203677,186168,0.0,0.0,0.0,0,0,nan,nan,nan,87,26.299999237060547,-1.2000000476837158,34.0,0,READY owner=Surnn refs=24,"{""cmd"": ""STOP"", ""status"": ""READY"", ""detector"": ""yolo"", ""state"": ""IDLE"", ""owner"": ""Surnn"", ""score"": null, ""match_max"": 0.5, ""refs"": 24, ""match_mode"": ""osnet"", ""steer_zones"": 41, ""people"": 0, ""track_id"": null, ""target_ex"": 0.848, ""target_cx_vel_px_s"": 102.0, ""target_age_s"": 4372.58, ""lidar_min_m"": 1.95, ""target_lidar_m"": 3.22, ""target_lidar_deg"": 10.2, ""camera"
2026-06-20T15:32:20.320,403.321,mission_20260620_152537_manual,MANUAL,,0,13.341974258422852,101.02147674560547,49.689749155247824,4,True,-1.0,0,0,0,0,0,0.0,0.0,0.0,0,0,nan,nan,nan,87,0.0,0.0,0.0,0,READY owner=Surnn refs=24,"{""cmd"": ""STOP"", ""status"": ""READY"", ""detector"": ""yolo"", ""state"": ""IDLE"", ""owner"": ""Surnn"", ""score"": null, ""match_max"": 0.5, ""refs"": 24, ""match_mode"": ""osnet"", ""steer_zones"": 41, ""people"": 0, ""track_id"": null, ""target_ex"": 0.848, ""target_cx_vel_px_s"": 102.0, ""target_age_s"": 4374.78, ""lidar_min_m"": 1.94, ""target_lidar_m"": 3.22, ""target_lidar_deg"": 10.2, ""camera"
2026-06-20T15:32:22.320,405.321,mission_20260620_152537_manual,MANUAL,,0,13.341975212097168,101.02147674560547,49.674176323940195,4,True,-1.0,0,0,0,186168,0,0.0,0.0,0.0,0,0,nan,nan,nan,87,-1.2999999523162842,34.0,0.0,0,READY owner=Surnn refs=24,"{""cmd"": ""STOP"", ""status"": ""READY"", ""detector"": ""yolo"", ""state"": ""IDLE"", ""owner"": ""Surnn"", ""score"": null, ""match_max"": 0.5, ""refs"": 24, ""match_mode"": ""osnet"", ""steer_zones"": 41, ""people"": 0, ""track_id"": null, ""target_ex"": 0.848, ""target_cx_vel_px_s"": 102.0, ""target_age_s"": 4376.88, ""lidar_min_m"": 1.95, ""target_lidar_m"": 3.22, ""target_lidar_deg"": 10.2, ""camera"
2026-06-20T15:32:24.325,407.325,mission_20260620_152537_manual,MANUAL,,0,13.341975212097168,101.02147674560547,49.66035202106009,4,True,-1.0,0,0,0,203677,186168,0.0,0.0,0.0,0,0,nan,nan,nan,87,26.299999237060547,-1.2000000476837158,34.0,0,READY owner=Surnn refs=24,"{""cmd"": ""STOP"", ""status"": ""READY"", ""detector"": ""yolo"", ""state"": ""IDLE"", ""owner"": ""Surnn"", ""score"": null, ""match_max"": 0.5, ""refs"": 24, ""match_mode"": ""osnet"", ""steer_zones"": 41, ""people"": 0, ""track_id"": null, ""target_ex"": 0.848, ""target_cx_vel_px_s"": 102.0, ""target_age_s"": 4378.98, ""lidar_min_m"": 1.95, ""target_lidar_m"": 3.22, ""target_lidar_deg"": 10.2, ""camera"
2026-06-20T15:32:26.330,409.331,mission_20260620_152537_manual,MANUAL,,0,13.341975212097168,101.02147674560547,49.66433743644079,4,True,-1.0,0,0,0,203677,186168,0.0,0.0,0.0,0,0,nan,nan,nan,87,26.299999237060547,-1.2999999523162842,34.0,0,READY owner=Surnn refs=24,"{""cmd"": ""STOP"", ""status"": ""READY"", ""detector"": ""yolo"", ""state"": ""IDLE"", ""owner"": ""Surnn"", ""score"": null, ""match_max"": 0.5, ""refs"": 24, ""match_mode"": ""osnet"", ""steer_zones"": 41, ""people"": 0, ""track_id"": null, ""target_ex"": 0.848, ""target_cx_vel_px_s"": 102.0, ""target_age_s"": 4379.98, ""lidar_min_m"": 1.94, ""target_lidar_m"": 3.22, ""target_lidar_deg"": 10.2, ""camera"
2026-06-20T15:32:28.333,411.334,mission_20260620_152537_manual,MANUAL,,0,13.3419771194458,101.02147674560547,49.65977828516981,4,True,-1.0,0,0,0,0,1,0.0,0.0,0.0,0,0,nan,nan,nan,87,34.0,0.0,0.0,0,READY owner=Surnn refs=24,"{""cmd"": ""STOP"", ""status"": ""READY"", ""detector"": ""yolo"", ""state"": ""IDLE"", ""owner"": ""Surnn"", ""score"": null, ""match_max"": 0.5, ""refs"": 24, ""match_mode"": ""osnet"", ""steer_zones"": 41, ""people"": 0, ""track_id"": null, ""target_ex"": 0.848, ""target_cx_vel_px_s"": 102.0, ""target_age_s"": 4382.08, ""lidar_min_m"": 1.95, ""target_lidar_m"": 3.22, ""target_lidar_deg"": 10.2, ""camera"
2026-06-20T15:32:30.335,413.336,mission_20260620_152537_manual,MANUAL,,0,13.341978073120117,101.02147674560547,49.64968668067112,4,True,-1.0,0,0,0,34,0,0.0,0.0,0.0,0,0,nan,nan,nan,87,26.299999237060547,-1.2999999523162842,34.0,0,READY owner=Surnn refs=24,"{""cmd"": ""STOP"", ""status"": ""READY"", ""detector"": ""yolo"", ""state"": ""IDLE"", ""owner"": ""Surnn"", ""score"": null, ""match_max"": 0.5, ""refs"": 24, ""match_mode"": ""osnet"", ""steer_zones"": 41, ""people"": 0, ""track_id"": null, ""target_ex"": 0.848, ""target_cx_vel_px_s"": 102.0, ""target_age_s"": 4384.08, ""lidar_min_m"": 1.95, ""target_lidar_m"": 3.22, ""target_lidar_deg"": 10.2, ""camera"
2026-06-20T15:32:32.340,415.34,mission_20260620_152537_manual,MANUAL,,0,13.341979026794434,101.02147674560547,49.642258849948725,4,True,-1.0,0,0,0,0,1,0.0,0.0,0.0,0,0,nan,nan,nan,87,34.0,0.0,0.0,0,READY owner=Surnn refs=24,"{""cmd"": ""STOP"", ""status"": ""READY"", ""detector"": ""yolo"", ""state"": ""IDLE"", ""owner"": ""Surnn"", ""score"": null, ""match_max"": 0.5, ""refs"": 24, ""match_mode"": ""osnet"", ""steer_zones"": 41, ""people"": 0, ""track_id"": null, ""target_ex"": 0.848, ""target_cx_vel_px_s"": 102.0, ""target_age_s"": 4386.18, ""lidar_min_m"": 1.94, ""target_lidar_m"": 3.22, ""target_lidar_deg"": 10.2, ""camera"
2026-06-20T15:32:34.340,417.34,mission_20260620_152537_manual,MANUAL,,0,13.341979026794434,101.02147674560547,49.6347934531859,4,True,-1.0,0,0,0,203677,186168,0.0,0.0,0.0,0,0,nan,nan,nan,87,26.299999237060547,-1.2999999523162842,34.0,0,READY owner=Surnn refs=24,"{""cmd"": ""STOP"", ""status"": ""READY"", ""detector"": ""yolo"", ""state"": ""IDLE"", ""owner"": ""Surnn"", ""score"": null, ""match_max"": 0.5, ""refs"": 24, ""match_mode"": ""osnet"", ""steer_zones"": 41, ""people"": 0, ""track_id"": null, ""target_ex"": 0.848, ""target_cx_vel_px_s"": 102.0, ""target_age_s"": 4388.18, ""lidar_min_m"": 1.95, ""target_lidar_m"": 3.22, ""target_lidar_deg"": 10.2, ""camera"
2026-06-20T15:32:36.345,419.345,mission_20260620_152537_manual,MANUAL,,0,13.341979026794434,101.02147674560547,49.63110515103409,4,True,-1.0,0,0,0,203678,186170,0.0,0.0,0.0,0,0,nan,nan,nan,87,26.299999237060547,-1.100000023841858,34.0,0,READY owner=Surnn refs=24,"{""cmd"": ""STOP"", ""status"": ""READY"", ""detector"": ""yolo"", ""state"": ""IDLE"", ""owner"": ""Surnn"", ""score"": null, ""match_max"": 0.5, ""refs"": 24, ""match_mode"": ""osnet"", ""steer_zones"": 41, ""people"": 0, ""track_id"": null, ""target_ex"": 0.848, ""target_cx_vel_px_s"": 102.0, ""target_age_s"": 4390.38, ""lidar_min_m"": 1.95, ""target_lidar_m"": 3.22, ""target_lidar_deg"": 10.2, ""camera"
2026-06-20T15:32:38.350,421.35,mission_20260620_152537_manual,MANUAL,,0,13.341979026794434,101.02147674560547,49.62124577296718,4,True,-1.0,0,0,0,186170,0,0.0,0.0,0.0,0,0,nan,nan,nan,87,-1.100000023841858,34.0,0.0,0,READY owner=Surnn refs=24,"{""cmd"": ""STOP"", ""status"": ""READY"", ""detector"": ""yolo"", ""state"": ""IDLE"", ""owner"": ""Surnn"", ""score"": null, ""match_max"": 0.5, ""refs"": 24, ""match_mode"": ""osnet"", ""steer_zones"": 41, ""people"": 0, ""track_id"": null, ""target_ex"": 0.848, ""target_cx_vel_px_s"": 102.0, ""target_age_s"": 4392.48, ""lidar_min_m"": 1.95, ""target_lidar_m"": 3.22, ""target_lidar_deg"": 10.2, ""camera"
2026-06-20T15:32:40.350,423.35,mission_20260620_152537_manual,MANUAL,,0,13.341979026794434,101.02147674560547,49.61371207431266,4,True,-1.0,0,0,0,203678,186170,0.0,0.0,0.0,0,0,nan,nan,nan,87,26.299999237060547,-1.100000023841858,34.0,0,READY owner=Surnn refs=24,"{""cmd"": ""STOP"", ""status"": ""READY"", ""detector"": ""yolo"", ""state"": ""IDLE"", ""owner"": ""Surnn"", ""score"": null, ""match_max"": 0.5, ""refs"": 24, ""match_mode"": ""osnet"", ""steer_zones"": 41, ""people"": 0, ""track_id"": null, ""target_ex"": 0.848, ""target_cx_vel_px_s"": 102.0, ""target_age_s"": 4394.68, ""lidar_min_m"": 1.94, ""target_lidar_m"": 3.22, ""target_lidar_deg"": 10.2, ""camera"
2026-06-20T15:32:42.350,425.35,mission_20260620_152537_manual,MANUAL,,0,13.341979026794434,101.02147674560547,49.60937148909511,4,True,-1.0,0,0,0,186170,0,0.0,0.0,0.0,0,0,nan,nan,nan,87,-1.100000023841858,34.0,0.0,0,READY owner=Surnn refs=24,"{""cmd"": ""STOP"", ""status"": ""READY"", ""detector"": ""yolo"", ""state"": ""IDLE"", ""owner"": ""Surnn"", ""score"": null, ""match_max"": 0.5, ""refs"": 24, ""match_mode"": ""osnet"", ""steer_zones"": 41, ""people"": 0, ""track_id"": null, ""target_ex"": 0.848, ""target_cx_vel_px_s"": 102.0, ""target_age_s"": 4396.78, ""lidar_min_m"": 1.95, ""target_lidar_m"": 3.22, ""target_lidar_deg"": 10.2, ""camera"
2026-06-20T15:32:44.380,427.381,mission_20260620_152537_manual,MANUAL,,0,13.34197998046875,101.02147674560547,49.61934356528333,4,True,3.8375000953674316,0,0,0,0,0,0.0,0.0,0.0,0,0,nan,nan,nan,87,0.0,0.0,0.0,0,READY owner=Surnn refs=24,"{""cmd"": ""STOP"", ""status"": ""READY"", ""detector"": ""yolo"", ""state"": ""IDLE"", ""owner"": ""Surnn"", ""score"": null, ""match_max"": 0.5, ""refs"": 24, ""match_mode"": ""osnet"", ""steer_zones"": 41, ""people"": 0, ""track_id"": null, ""target_ex"": 0.848, ""target_cx_vel_px_s"": 102.0, ""target_age_s"": 4398.88, ""lidar_min_m"": 1.94, ""target_lidar_m"": 3.22, ""target_lidar_deg"": 10.2, ""camera"
2026-06-20T15:32:46.384,429.385,mission_20260620_152537_manual,MANUAL,,0,13.341980934143066,101.02147674560547,49.60487380952666,4,True,-1.0,0,0,0,0,0,0.0,0.0,0.0,0,0,nan,nan,nan,87,34.0,0.0,0.0,0,READY owner=Surnn refs=24,"{""cmd"": ""STOP"", ""status"": ""READY"", ""detector"": ""yolo"", ""state"": ""IDLE"", ""owner"": ""Surnn"", ""score"": null, ""match_max"": 0.5, ""refs"": 24, ""match_mode"": ""osnet"", ""steer_zones"": 41, ""people"": 0, ""track_id"": null, ""target_ex"": 0.848, ""target_cx_vel_px_s"": 102.0, ""target_age_s"": 4400.98, ""lidar_min_m"": 1.95, ""target_lidar_m"": 3.22, ""target_lidar_deg"": 10.2, ""camera"
2026-06-20T15:32:48.385,431.385,mission_20260620_152537_manual,MANUAL,,0,13.341980934143066,101.02147674560547,49.606058847347654,4,True,-1.0,0,0,0,0,0,0.0,0.0,0.0,0,0,nan,nan,nan,87,26.299999237060547,-1.100000023841858,34.0,0,READY owner=Surnn refs=24,"{""cmd"": ""STOP"", ""status"": ""READY"", ""detector"": ""yolo"", ""state"": ""IDLE"", ""owner"": ""Surnn"", ""score"": null, ""match_max"": 0.5, ""refs"": 24, ""match_mode"": ""osnet"", ""steer_zones"": 41, ""people"": 0, ""track_id"": null, ""target_ex"": 0.848, ""target_cx_vel_px_s"": 102.0, ""target_age_s"": 4403.08, ""lidar_min_m"": 1.95, ""target_lidar_m"": 3.22, ""target_lidar_deg"": 10.2, ""camera"
2026-06-20T15:32:50.389,433.39,mission_20260620_152537_manual,MANUAL,,0,13.341981887817383,101.02147674560547,49.60223735650703,4,True,-1.0,0,0,0,0,1,0.0,0.0,0.0,0,0,nan,nan,nan,87,34.0,0.0,0.0,0,READY owner=Surnn refs=24,"{""cmd"": ""STOP"", ""status"": ""READY"", ""detector"": ""yolo"", ""state"": ""IDLE"", ""owner"": ""Surnn"", ""score"": null, ""match_max"": 0.5, ""refs"": 24, ""match_mode"": ""osnet"", ""steer_zones"": 41, ""people"": 0, ""track_id"": null, ""target_ex"": 0.848, ""target_cx_vel_px_s"": 102.0, ""target_age_s"": 4404.18, ""lidar_min_m"": 1.95, ""target_lidar_m"": 3.22, ""target_lidar_deg"": 10.2, ""camera"
2026-06-20T15:32:52.390,435.39,mission_20260620_152537_manual,MANUAL,,0,13.341980934143066,101.02147674560547,49.60250031879008,4,True,-1.0,0,0,0,0,0,0.0,0.0,0.0,0,0,nan,nan,nan,87,26.299999237060547,-1.2000000476837158,34.0,0,READY owner=Surnn refs=24,"{""cmd"": ""STOP"", ""status"": ""READY"", ""detector"": ""yolo"", ""state"": ""IDLE"", ""owner"": ""Surnn"", ""score"": null, ""match_max"": 0.5, ""refs"": 24, ""match_mode"": ""osnet"", ""steer_zones"": 41, ""people"": 0, ""track_id"": null, ""target_ex"": 0.848, ""target_cx_vel_px_s"": 102.0, ""target_age_s"": 4406.28, ""lidar_min_m"": 1.95, ""target_lidar_m"": 3.22, ""target_lidar_deg"": 10.2, ""camera"
2026-06-20T15:32:54.395,437.396,mission_20260620_152537_manual,MANUAL,,0,13.341980934143066,101.02147674560547,49.60774248897807,4,True,-1.0,0,0,0,186170,0,0.0,0.0,0.0,0,0,nan,nan,nan,87,-1.2000000476837158,34.0,0.0,0,READY owner=Surnn refs=24,"{""cmd"": ""STOP"", ""status"": ""READY"", ""detector"": ""yolo"", ""state"": ""IDLE"", ""owner"": ""Surnn"", ""score"": null, ""match_max"": 0.5, ""refs"": 24, ""match_mode"": ""osnet"", ""steer_zones"": 41, ""people"": 0, ""track_id"": null, ""target_ex"": 0.848, ""target_cx_vel_px_s"": 102.0, ""target_age_s"": 4408.38, ""lidar_min_m"": 1.95, ""target_lidar_m"": 3.22, ""target_lidar_deg"": 10.2, ""camera"
2026-06-20T15:32:56.396,439.396,mission_20260620_152537_manual,MANUAL,,0,13.341980934143066,101.02147674560547,49.60603835678015,4,True,-1.0,0,0,0,203678,186170,0.0,0.0,0.0,0,0,nan,nan,nan,87,26.299999237060547,-1.2000000476837158,34.0,0,READY owner=Surnn refs=24,"{""cmd"": ""STOP"", ""status"": ""READY"", ""detector"": ""yolo"", ""state"": ""IDLE"", ""owner"": ""Surnn"", ""score"": null, ""match_max"": 0.5, ""refs"": 24, ""match_mode"": ""osnet"", ""steer_zones"": 41, ""people"": 0, ""track_id"": null, ""target_ex"": 0.848, ""target_cx_vel_px_s"": 102.0, ""target_age_s"": 4410.58, ""lidar_min_m"": 1.95, ""target_lidar_m"": 3.22, ""target_lidar_deg"": 10.2, ""camera"
2026-06-20T15:32:58.397,441.398,mission_20260620_152537_manual,MANUAL,,0,13.341980934143066,101.02147674560547,49.604064432110015,4,True,-1.0,0,0,0,203678,186170,0.0,0.0,0.0,0,0,nan,nan,nan,87,26.299999237060547,-1.0,34.0,0,READY owner=Surnn refs=24,"{""cmd"": ""STOP"", ""status"": ""READY"", ""detector"": ""yolo"", ""state"": ""IDLE"", ""owner"": ""Surnn"", ""score"": null, ""match_max"": 0.5, ""refs"": 24, ""match_mode"": ""osnet"", ""steer_zones"": 41, ""people"": 0, ""track_id"": null, ""target_ex"": 0.848, ""target_cx_vel_px_s"": 102.0, ""target_age_s"": 4412.58, ""lidar_min_m"": 1.95, ""target_lidar_m"": 3.22, ""target_lidar_deg"": 10.2, ""camera"
2026-06-20T15:33:00.400,443.401,mission_20260620_152537_manual,MANUAL,,0,13.341980934143066,101.02147674560547,49.61025941368722,4,True,-1.0,0,0,0,203679,186170,0.0,0.0,0.0,0,0,nan,nan,nan,87,26.299999237060547,-1.100000023841858,34.0,0,READY owner=Surnn refs=24,"{""cmd"": ""STOP"", ""status"": ""READY"", ""detector"": ""yolo"", ""state"": ""IDLE"", ""owner"": ""Surnn"", ""score"": null, ""match_max"": 0.5, ""refs"": 24, ""match_mode"": ""osnet"", ""steer_zones"": 41, ""people"": 0, ""track_id"": null, ""target_ex"": 0.848, ""target_cx_vel_px_s"": 102.0, ""target_age_s"": 4414.68, ""lidar_min_m"": 1.94, ""target_lidar_m"": 3.22, ""target_lidar_deg"": 10.2, ""camera"
2026-06-20T15:33:02.402,445.403,mission_20260620_152537_manual,MANUAL,,0,13.34197998046875,101.021484375,49.61416969698705,4,True,-1.0,0,0,0,0,1,0.0,0.0,0.0,0,0,nan,nan,nan,87,33.0,0.0,0.0,0,READY owner=Surnn refs=24,"{""cmd"": ""STOP"", ""status"": ""READY"", ""detector"": ""yolo"", ""state"": ""IDLE"", ""owner"": ""Surnn"", ""score"": null, ""match_max"": 0.5, ""refs"": 24, ""match_mode"": ""osnet"", ""steer_zones"": 41, ""people"": 0, ""track_id"": null, ""target_ex"": 0.848, ""target_cx_vel_px_s"": 102.0, ""target_age_s"": 4416.68, ""lidar_min_m"": 1.95, ""target_lidar_m"": 3.22, ""target_lidar_deg"": 10.2, ""camera"
2026-06-20T15:33:04.405,447.406,mission_20260620_152537_manual,MANUAL,,0,13.341979026794434,101.021484375,49.60993497970164,4,True,-1.0,0,0,0,203680,186170,0.0,0.0,0.0,0,0,nan,nan,nan,87,26.299999237060547,-2.4000000953674316,33.0,0,READY owner=Surnn refs=24,"{""cmd"": ""STOP"", ""status"": ""READY"", ""detector"": ""yolo"", ""state"": ""IDLE"", ""owner"": ""Surnn"", ""score"": null, ""match_max"": 0.5, ""refs"": 24, ""match_mode"": ""osnet"", ""steer_zones"": 41, ""people"": 0, ""track_id"": null, ""target_ex"": 0.848, ""target_cx_vel_px_s"": 102.0, ""target_age_s"": 4418.78, ""lidar_min_m"": 1.94, ""target_lidar_m"": 3.22, ""target_lidar_deg"": 10.2, ""camera"
2026-06-20T15:33:06.406,449.407,mission_20260620_152537_manual,MANUAL,,0,13.341978073120117,101.021484375,49.61990364079527,4,True,-1.0,0,0,0,203681,186170,0.0,0.0,0.0,0,0,nan,nan,nan,87,26.299999237060547,-1.100000023841858,33.0,0,READY owner=Surnn refs=24,"{""cmd"": ""STOP"", ""status"": ""READY"", ""detector"": ""yolo"", ""state"": ""IDLE"", ""owner"": ""Surnn"", ""score"": null, ""match_max"": 0.5, ""refs"": 24, ""match_mode"": ""osnet"", ""steer_zones"": 41, ""people"": 0, ""track_id"": null, ""target_ex"": 0.848, ""target_cx_vel_px_s"": 102.0, ""target_age_s"": 4420.98, ""lidar_min_m"": 1.95, ""target_lidar_m"": 3.22, ""target_lidar_deg"": 10.2, ""camera"
2026-06-20T15:33:08.411,451.412,mission_20260620_152537_manual,MANUAL,,0,13.341978073120117,101.021484375,49.625244848726226,4,True,-1.0,0,0,0,186170,0,0.0,0.0,0.0,0,0,nan,nan,nan,87,-1.0,33.0,0.0,0,READY owner=Surnn refs=24,"{""cmd"": ""STOP"", ""status"": ""READY"", ""detector"": ""yolo"", ""state"": ""IDLE"", ""owner"": ""Surnn"", ""score"": null, ""match_max"": 0.5, ""refs"": 24, ""match_mode"": ""osnet"", ""steer_zones"": 41, ""people"": 0, ""track_id"": null, ""target_ex"": 0.848, ""target_cx_vel_px_s"": 102.0, ""target_age_s"": 4423.08, ""lidar_min_m"": 1.95, ""target_lidar_m"": 3.22, ""target_lidar_deg"": 10.2, ""camera"
2026-06-20T15:33:10.415,453.416,mission_20260620_152537_manual,MANUAL,,0,13.3419771194458,101.021484375,49.63646684953255,4,True,-1.0,0,0,0,203681,186170,0.0,0.0,0.0,0,0,nan,nan,nan,87,26.299999237060547,-1.100000023841858,33.0,0,READY owner=Surnn refs=24,"{""cmd"": ""STOP"", ""status"": ""READY"", ""detector"": ""yolo"", ""state"": ""IDLE"", ""owner"": ""Surnn"", ""score"": null, ""match_max"": 0.5, ""refs"": 24, ""match_mode"": ""osnet"", ""steer_zones"": 41, ""people"": 0, ""track_id"": null, ""target_ex"": 0.848, ""target_cx_vel_px_s"": 102.0, ""target_age_s"": 4424.18, ""lidar_min_m"": 1.95, ""target_lidar_m"": 3.22, ""target_lidar_deg"": 10.2, ""camera"
2026-06-20T15:33:12.415,455.416,mission_20260620_152537_manual,MANUAL,,0,13.341976165771484,101.021484375,49.642661831109756,4,True,-1.0,0,0,0,203681,1861,0.0,0.0,0.0,0,0,nan,nan,nan,87,26.299999237060547,-1.100000023841858,33.0,0,READY owner=Surnn refs=24,"{""cmd"": ""STOP"", ""status"": ""READY"", ""detector"": ""yolo"", ""state"": ""IDLE"", ""owner"": ""Surnn"", ""score"": null, ""match_max"": 0.5, ""refs"": 24, ""match_mode"": ""osnet"", ""steer_zones"": 41, ""people"": 0, ""track_id"": null, ""target_ex"": 0.848, ""target_cx_vel_px_s"": 102.0, ""target_age_s"": 4426.28, ""lidar_min_m"": 1.94, ""target_lidar_m"": 3.22, ""target_lidar_deg"": 10.2, ""camera"
2026-06-20T15:33:14.415,457.416,mission_20260620_152537_manual,MANUAL,,0,13.341976165771484,101.02149200439453,49.64642185024785,4,True,-1.0,0,0,0,186170,0,0.0,0.0,0.0,0,0,nan,nan,nan,87,-1.2999999523162842,34.0,0.0,0,READY owner=Surnn refs=24,"{""cmd"": ""STOP"", ""status"": ""READY"", ""detector"": ""yolo"", ""state"": ""IDLE"", ""owner"": ""Surnn"", ""score"": null, ""match_max"": 0.5, ""refs"": 24, ""match_mode"": ""osnet"", ""steer_zones"": 41, ""people"": 0, ""track_id"": null, ""target_ex"": 0.848, ""target_cx_vel_px_s"": 102.0, ""target_age_s"": 4428.38, ""lidar_min_m"": 1.94, ""target_lidar_m"": 3.22, ""target_lidar_deg"": 10.2, ""camera"
2026-06-20T15:33:16.415,459.416,mission_20260620_152537_manual,MANUAL,,0,13.341975212097168,101.02149200439453,49.65003502031878,4,True,-1.0,0,0,0,186170,0,0.0,0.0,0.0,0,0,nan,nan,nan,87,-1.2000000476837158,34.0,0.0,0,READY owner=Surnn refs=24,"{""cmd"": ""STOP"", ""status"": ""READY"", ""detector"": ""yolo"", ""state"": ""IDLE"", ""owner"": ""Surnn"", ""score"": null, ""match_max"": 0.5, ""refs"": 24, ""match_mode"": ""osnet"", ""steer_zones"": 41, ""people"": 0, ""track_id"": null, ""target_ex"": 0.848, ""target_cx_vel_px_s"": 102.0, ""target_age_s"": 4430.58, ""lidar_min_m"": 1.95, ""target_lidar_m"": 3.22, ""target_lidar_deg"": 10.2, ""camera"
2026-06-20T15:33:18.421,461.421,mission_20260620_152537_manual,MANUAL,,0,13.341974258422852,101.02149200439453,49.65512692634503,4,True,-1.0,0,0,0,0,1,0.0,0.0,0.0,0,0,nan,nan,nan,87,34.0,0.0,0.0,0,READY owner=Surnn refs=24,"{""cmd"": ""STOP"", ""status"": ""READY"", ""detector"": ""yolo"", ""state"": ""IDLE"", ""owner"": ""Surnn"", ""score"": null, ""match_max"": 0.5, ""refs"": 24, ""match_mode"": ""osnet"", ""steer_zones"": 41, ""people"": 0, ""track_id"": null, ""target_ex"": 0.848, ""target_cx_vel_px_s"": 102.0, ""target_age_s"": 4432.58, ""lidar_min_m"": 1.95, ""target_lidar_m"": 3.22, ""target_lidar_deg"": 10.2, ""camera"
2026-06-20T15:33:20.428,463.428,mission_20260620_152537_manual,MANUAL,,0,13.341973304748535,101.02149200439453,49.66338120995699,4,True,-1.0,0,0,0,186170,0,0.0,0.0,0.0,0,0,nan,nan,nan,87,-1.2000000476837158,34.0,0.0,0,READY owner=Surnn refs=24,"{""cmd"": ""STOP"", ""status"": ""READY"", ""detector"": ""yolo"", ""state"": ""IDLE"", ""owner"": ""Surnn"", ""score"": null, ""match_max"": 0.5, ""refs"": 24, ""match_mode"": ""osnet"", ""steer_zones"": 41, ""people"": 0, ""track_id"": null, ""target_ex"": 0.848, ""target_cx_vel_px_s"": 102.0, ""target_age_s"": 4434.68, ""lidar_min_m"": 1.94, ""target_lidar_m"": 3.22, ""target_lidar_deg"": 10.2, ""camera"
2026-06-20T15:33:22.431,465.431,mission_20260620_152537_manual,MANUAL,,0,13.341972351074219,101.02149200439453,49.654723945183996,4,True,-1.0,0,0,0,203681,186170,0.0,0.0,0.0,0,0,nan,nan,nan,87,26.299999237060547,-1.100000023841858,34.0,0,READY owner=Surnn refs=24,"{""cmd"": ""STOP"", ""status"": ""READY"", ""detector"": ""yolo"", ""state"": ""IDLE"", ""owner"": ""Surnn"", ""score"": null, ""match_max"": 0.5, ""refs"": 24, ""match_mode"": ""osnet"", ""steer_zones"": 41, ""people"": 0, ""track_id"": null, ""target_ex"": 0.848, ""target_cx_vel_px_s"": 102.0, ""target_age_s"": 4436.78, ""lidar_min_m"": 1.95, ""target_lidar_m"": 3.22, ""target_lidar_deg"": 10.2, ""camera"
2026-06-20T15:33:24.435,467.435,mission_20260620_152537_manual,MANUAL,,0,13.341971397399902,101.02149200439453,49.66406422887399,4,True,-1.0,0,0,0,203681,186170,0.0,0.0,0.0,0,0,nan,nan,nan,87,26.299999237060547,-1.2000000476837158,34.0,0,READY owner=Surnn refs=24,"{""cmd"": ""STOP"", ""status"": ""READY"", ""detector"": ""yolo"", ""state"": ""IDLE"", ""owner"": ""Surnn"", ""score"": null, ""match_max"": 0.5, ""refs"": 24, ""match_mode"": ""osnet"", ""steer_zones"": 41, ""people"": 0, ""track_id"": null, ""target_ex"": 0.848, ""target_cx_vel_px_s"": 102.0, ""target_age_s"": 4438.98, ""lidar_min_m"": 1.95, ""target_lidar_m"": 3.22, ""target_lidar_deg"": 10.2, ""camera"
2026-06-20T15:33:26.525,469.525,mission_20260620_152537_manual,MANUAL,,0,13.341971397399902,101.02149200439453,49.667035361162945,4,True,1.944000005722046,0,0,0,203681,186170,0.0,0.0,0.0,0,0,nan,nan,nan,87,26.299999237060547,-1.2000000476837158,34.0,0,READY owner=Surnn refs=24,"{""cmd"": ""STOP"", ""status"": ""READY"", ""detector"": ""yolo"", ""state"": ""IDLE"", ""owner"": ""Surnn"", ""score"": null, ""match_max"": 0.5, ""refs"": 24, ""match_mode"": ""osnet"", ""steer_zones"": 41, ""people"": 0, ""track_id"": null, ""target_ex"": 0.848, ""target_cx_vel_px_s"": 102.0, ""target_age_s"": 4441.08, ""lidar_min_m"": 1.95, ""target_lidar_m"": 3.22, ""target_lidar_deg"": 10.2, ""camera"
2026-06-20T15:33:28.536,471.537,mission_20260620_152537_manual,MANUAL,,0,13.341970443725586,101.02149200439453,49.66886926695509,4,True,-1.0,0,0,0,203681,1861,0.0,0.0,0.0,0,0,nan,nan,nan,87,-1.2999999523162842,34.0,0.0,0,READY owner=Surnn refs=24,"{""cmd"": ""STOP"", ""status"": ""READY"", ""detector"": ""yolo"", ""state"": ""IDLE"", ""owner"": ""Surnn"", ""score"": null, ""match_max"": 0.5, ""refs"": 24, ""match_mode"": ""osnet"", ""steer_zones"": 41, ""people"": 0, ""track_id"": null, ""target_ex"": 0.848, ""target_cx_vel_px_s"": 102.0, ""target_age_s"": 4442.18, ""lidar_min_m"": 1.95, ""target_lidar_m"": 3.22, ""target_lidar_deg"": 10.2, ""camera"
2026-06-20T15:33:30.547,473.548,mission_20260620_152537_manual,MANUAL,,0,13.341970443725586,101.02149200439453,49.66658456867773,4,True,3.834249973297119,0,0,0,34,0,0.0,0.0,0.0,0,0,nan,nan,nan,87,26.299999237060547,-1.100000023841858,34.0,0,READY owner=Surnn refs=24,"{""cmd"": ""STOP"", ""status"": ""READY"", ""detector"": ""yolo"", ""state"": ""IDLE"", ""owner"": ""Surnn"", ""score"": null, ""match_max"": 0.5, ""refs"": 24, ""match_mode"": ""osnet"", ""steer_zones"": 41, ""people"": 0, ""track_id"": null, ""target_ex"": 0.848, ""target_cx_vel_px_s"": 102.0, ""target_age_s"": 4444.28, ""lidar_min_m"": 1.95, ""target_lidar_m"": 3.22, ""target_lidar_deg"": 10.2, ""camera"
2026-06-20T15:33:32.549,475.55,mission_20260620_152537_manual,MANUAL,,0,13.34196949005127,101.02149200439453,49.66810087067347,4,True,-1.0,0,0,0,0,1,0.0,0.0,0.0,0,0,nan,nan,nan,87,34.0,0.0,0.0,0,READY owner=Surnn refs=24,"{""cmd"": ""STOP"", ""status"": ""READY"", ""detector"": ""yolo"", ""state"": ""IDLE"", ""owner"": ""Surnn"", ""score"": null, ""match_max"": 0.5, ""refs"": 24, ""match_mode"": ""osnet"", ""steer_zones"": 41, ""people"": 0, ""track_id"": null, ""target_ex"": 0.848, ""target_cx_vel_px_s"": 102.0, ""target_age_s"": 4446.48, ""lidar_min_m"": 1.95, ""target_lidar_m"": 3.22, ""target_lidar_deg"": 10.2, ""camera"
2026-06-20T15:33:34.554,477.555,mission_20260620_152537_manual,MANUAL,,0,13.34196949005127,101.02149200439453,49.665744455409815,4,True,-1.0,0,0,0,0,0,0.0,0.0,0.0,0,0,nan,nan,nan,87,26.299999237060547,-1.100000023841858,34.0,0,READY owner=Surnn refs=24,"{""cmd"": ""STOP"", ""status"": ""READY"", ""detector"": ""yolo"", ""state"": ""IDLE"", ""owner"": ""Surnn"", ""score"": null, ""match_max"": 0.5, ""refs"": 24, ""match_mode"": ""osnet"", ""steer_zones"": 41, ""people"": 0, ""track_id"": null, ""target_ex"": 0.848, ""target_cx_vel_px_s"": 102.0, ""target_age_s"": 4448.58, ""lidar_min_m"": 1.95, ""target_lidar_m"": 3.22, ""target_lidar_deg"": 10.2, ""camera"
2026-06-20T15:33:36.555,479.555,mission_20260620_152537_manual,MANUAL,,1,13.34196949005127,101.02149963378906,49.673653814468686,4,True,-1.0,0,0,0,0,1,0.0,0.0,0.0,0,0,nan,nan,nan,87,26.299999237060547,-1.2000000476837158,34.0,0,READY owner=Surnn refs=24,"{""cmd"": ""STOP"", ""status"": ""READY"", ""detector"": ""yolo"", ""state"": ""IDLE"", ""owner"": ""Surnn"", ""score"": null, ""match_max"": 0.5, ""refs"": 24, ""match_mode"": ""osnet"", ""steer_zones"": 41, ""people"": 0, ""track_id"": null, ""target_ex"": 0.848, ""target_cx_vel_px_s"": 102.0, ""target_age_s"": 4450.68, ""lidar_min_m"": 1.94, ""target_lidar_m"": 3.22, ""target_lidar_deg"": 10.2, ""camera"
2026-06-20T15:33:37.826,480.827,mission_20260620_152537_manual,MANUAL,MODE_CHANGE,1,13.34196949005127,101.02149200439453,49.678800362008296,4,True,-1.0,0,0,0,0,1,0.0,0.0,0.0,0,0,nan,nan,nan,87,26.299999237060547,-1.2000000476837158,34.0,0,READY owner=Surnn refs=24,"{""cmd"": ""STOP"", ""status"": ""READY"", ""detector"": ""yolo"", ""state"": ""IDLE"", ""owner"": ""Surnn"", ""score"": null, ""match_max"": 0.5, ""refs"": 24, ""match_mode"": ""osnet"", ""steer_zones"": 41, ""people"": 0, ""track_id"": null, ""target_ex"": 0.848, ""target_cx_vel_px_s"": 102.0, ""target_age_s"": 4451.78, ""lidar_min_m"": 1.95, ""target_lidar_m"": 3.22, ""target_lidar_deg"": 10.2, ""camera"
