iso_time,elapsed_s,training_id,event,label,hw_mode,lat,lng,yaw_deg,gps_fix,gps_ready,ref_mode,ref_path_len,ref_segment_idx,ref_progress_m,ref_cross_track_m,ref_along_segment_m,ref_segment_len_m,ref_heading_deg,ref_heading_error_deg,ref_dist_to_start_m,ref_dist_to_end_m,lidar_min_front_m,lidar_obstacle,pwm_l,pwm_r,enc_l,enc_r,wheel_speed_l_kph,wheel_speed_r_kph,wheel_speed_avg_kph,battery_soc_pct,battery_voltage_v,battery_current_a,battery_temp_c,battery_status,wp_idx,path_len,target_lat,target_lng,dist_to_target_m,gps_step_m,gps_speed_mps,gps_jump_flag,speed_valid,battery_valid,row_quality,quality_flags
2026-06-17T15:50:45.386,0.172,training_20260617_155045_line,SAMPLE,uturn,0,13.341752052307129,101.0213394165039,55.072607579756536,4,True,LINE,3,1,10.349765270829621,-0.17318399024857564,8.063299580848911,8.063299580848911,68.62937772656517,-13.556770146808617,8.103486758770286,0.17737635052902784,-1.0,1,0,0,62752,-24,0.0,0.0,0.0,80,26.100000381469727,-1.5,41.0,0,0,3,13.34170913696289,101.02128601074219,7.493931997599313,,,0,1,1,GOOD,
2026-06-17T15:50:45.598,0.384,training_20260617_155045_line,SAMPLE,uturn,0,13.341752052307129,101.0213394165039,55.01557891528151,4,True,LINE,3,1,10.349765270829621,-0.17318399024857564,8.063299580848911,8.063299580848911,68.62937772656517,-13.613798811283658,8.103486758770286,0.17737635052902784,-1.0,1,0,0,62752,-24,0.0,0.0,0.0,80,26.100000381469727,-1.5,41.0,0,0,3,13.34170913696289,101.02128601074219,7.493931997599313,0.0,0.0,0,1,1,GOOD,
2026-06-17T15:50:45.800,0.586,training_20260617_155045_line,SAMPLE,uturn,0,13.341752052307129,101.0213394165039,54.96468034558658,4,True,LINE,3,1,10.349765270829621,-0.17318399024857564,8.063299580848911,8.063299580848911,68.62937772656517,-13.664697380978595,8.103486758770286,0.17737635052902784,1.7269999980926514,1,0,0,62752,-24,0.0,0.0,0.0,80,26.100000381469727,-1.7000000476837158,41.0,0,0,3,13.34170913696289,101.02128601074219,7.493931997599313,0.0,0.0,0,1,1,GOOD,
2026-06-17T15:50:46.201,0.986,training_20260617_155045_line,SAMPLE,uturn,0,13.341752052307129,101.0213394165039,54.908642058541204,4,True,LINE,3,1,10.349765270829621,-0.17318399024857564,8.063299580848911,8.063299580848911,68.62937772656517,-13.720735668023963,8.103486758770286,0.17737635052902784,-1.0,1,0,0,62752,-24,0.0,0.0,0.0,80,26.100000381469727,-1.7000000476837158,41.0,0,0,3,13.34170913696289,101.02128601074219,7.493931997599313,0.0,0.0,0,1,1,GOOD,
2026-06-17T15:50:46.404,1.19,training_20260617_155045_line,SAMPLE,uturn,0,13.341752052307129,101.0213394165039,54.86194405518583,4,True,LINE,3,1,10.349765270829621,-0.17318399024857564,8.063299580848911,8.063299580848911,68.62937772656517,-13.767433671379337,8.103486758770286,0.17737635052902784,-1.0,1,0,0,62752,-24,0.0,0.0,0.0,80,26.100000381469727,-1.7000000476837158,41.0,0,0,3,13.34170913696289,101.02128601074219,7.493931997599313,0.0,0.0,0,1,1,GOOD,
2026-06-17T15:50:46.606,1.391,training_20260617_155045_line,SAMPLE,uturn,0,13.341752052307129,101.0213394165039,54.80928329668503,4,True,LINE,3,1,10.349765270829621,-0.17318399024857564,8.063299580848911,8.063299580848911,68.62937772656517,-13.820094429880129,8.103486758770286,0.17737635052902784,-1.0,1,0,0,62752,-24,0.0,0.0,0.0,80,26.100000381469727,-1.7000000476837158,41.0,0,0,3,13.34170913696289,101.02128601074219,7.493931997599313,0.0,0.0,0,1,1,GOOD,
2026-06-17T15:50:46.809,1.594,training_20260617_155045_line,SAMPLE,uturn,0,13.341752052307129,101.0213394165039,54.7593853497035,4,True,LINE,3,1,10.349765270829621,-0.17318399024857564,8.063299580848911,8.063299580848911,68.62937772656517,-13.86999237686166,8.103486758770286,0.17737635052902784,-1.0,1,0,0,62752,-24,0.0,0.0,0.0,80,26.100000381469727,-1.7000000476837158,41.0,0,0,3,13.34170913696289,101.02128601074219,7.493931997599313,0.0,0.0,0,1,1,GOOD,
2026-06-17T15:50:47.212,1.998,training_20260617_155045_line,SAMPLE,uturn,0,13.341752052307129,101.0213394165039,54.71070659148882,4,True,LINE,3,1,10.349765270829621,-0.17318399024857564,8.063299580848911,8.063299580848911,68.62937772656517,-13.918671135076352,8.103486758770286,0.17737635052902784,1.7304999828338623,1,0,0,62752,-24,0.0,0.0,0.0,80,26.100000381469727,-1.600000023841858,41.0,0,0,3,13.34170913696289,101.02128601074219,7.493931997599313,0.0,0.0,0,1,1,GOOD,
2026-06-17T15:50:47.413,2.198,training_20260617_155045_line,SAMPLE,uturn,0,13.341752052307129,101.0213394165039,54.66775836198778,4,True,LINE,3,1,10.349765270829621,-0.17318399024857564,8.063299580848911,8.063299580848911,68.62937772656517,-13.961619364577388,8.103486758770286,0.17737635052902784,-1.0,1,0,0,62752,-24,0.0,0.0,0.0,80,26.100000381469727,-1.600000023841858,41.0,0,0,3,13.34170913696289,101.02128601074219,7.493931997599313,0.0,0.0,0,1,1,GOOD,
2026-06-17T15:50:47.813,2.598,training_20260617_155045_line,SAMPLE,uturn,0,13.341751098632812,101.0213394165039,54.56917824169699,4,True,LINE,3,1,10.34945937502123,-0.07443151239573739,8.062993685040517,8.063299580848911,68.62937772656517,-14.060199484868178,8.063337225680245,0.07443213685934795,-1.0,1,0,0,62752,-24,0.0,0.0,0.0,80,26.100000381469727,-1.7999999523162842,41.0,0,0,3,13.34170913696289,101.02128601074219,7.426855818789705,0.106,0.265,0,1,1,GOOD,
2026-06-17T15:50:48.019,2.804,training_20260617_155045_line,SAMPLE,uturn,0,13.341751098632812,101.0213394165039,54.56917824169699,4,True,LINE,3,1,10.34945937502123,-0.07443151239573739,8.062993685040517,8.063299580848911,68.62937772656517,-14.060199484868178,8.063337225680245,0.07443213685934795,-1.0,1,0,0,62752,-24,0.0,0.0,0.0,80,26.100000381469727,-1.7999999523162842,41.0,0,0,3,13.34170913696289,101.02128601074219,7.426855818789705,0.0,0.0,0,1,1,GOOD,
2026-06-17T15:50:48.219,3.005,training_20260617_155045_line,SAMPLE,uturn,0,13.341751098632812,101.0213394165039,54.52202944585639,4,True,LINE,3,1,10.34945937502123,-0.07443151239573739,8.062993685040517,8.063299580848911,68.62937772656517,-14.107348280708777,8.063337225680245,0.07443213685934795,-1.0,1,0,0,62752,-24,0.0,0.0,0.0,80,26.100000381469727,-1.7999999523162842,41.0,0,0,3,13.34170913696289,101.02128601074219,7.426855818789705,0.0,0.0,0,1,1,GOOD,
2026-06-17T15:50:48.423,3.209,training_20260617_155045_line,SAMPLE,uturn,0,13.341751098632812,101.0213394165039,54.47478502736741,4,True,LINE,3,1,10.34945937502123,-0.07443151239573739,8.062993685040517,8.063299580848911,68.62937772656517,-14.154592699197764,8.063337225680245,0.07443213685934795,-1.0,1,0,0,62752,-24,0.0,0.0,0.0,80,26.100000381469727,-1.7999999523162842,41.0,0,0,3,13.34170913696289,101.02128601074219,7.426855818789705,0.0,0.0,0,1,1,GOOD,
2026-06-17T15:50:48.746,3.531,training_20260617_155045_line,SAMPLE,uturn,0,13.341752052307129,101.0213394165039,54.96468034558658,4,True,LINE,3,1,10.349765270829621,-0.17318399024857564,8.063299580848911,8.063299580848911,68.62937772656517,-13.664697380978595,8.103486758770286,0.17737635052902784,-1.0,1,0,0,62752,-24,0.0,0.0,0.0,80,26.100000381469727,-1.7000000476837158,41.0,0,0,3,13.34170913696289,101.02128601074219,7.493931997599313,0.106,0.329,0,1,1,GOOD,
2026-06-17T15:50:49.033,3.819,training_20260617_155045_line,SAMPLE,uturn,0,13.341751098632812,101.0213394165039,54.39070539868455,4,True,LINE,3,1,10.34945937502123,-0.07443151239573739,8.062993685040517,8.063299580848911,68.62937772656517,-14.238672327880607,8.063337225680245,0.07443213685934795,-1.0,1,0,0,62752,-24,0.0,0.0,0.0,80,26.100000381469727,-1.600000023841858,41.0,0,0,3,13.34170913696289,101.02128601074219,7.426855818789705,0.106,0.368,0,1,1,GOOD,
2026-06-17T15:50:49.234,4.019,training_20260617_155045_line,SAMPLE,uturn,0,13.341751098632812,101.0213394165039,54.34392884815372,4,True,LINE,3,1,10.34945937502123,-0.07443151239573739,8.062993685040517,8.063299580848911,68.62937772656517,-14.285448878411444,8.063337225680245,0.07443213685934795,-1.0,1,0,0,62752,-24,0.0,0.0,0.0,80,26.100000381469727,-1.600000023841858,41.0,0,0,3,13.34170913696289,101.02128601074219,7.426855818789705,0.0,0.0,0,1,1,GOOD,
2026-06-17T15:50:49.635,4.42,training_20260617_155045_line,SAMPLE,uturn,0,13.341751098632812,101.0213394165039,54.250922162225656,4,True,LINE,3,1,10.34945937502123,-0.07443151239573739,8.062993685040517,8.063299580848911,68.62937772656517,-14.378455564339504,8.063337225680245,0.07443213685934795,-1.0,1,0,0,62752,-24,0.0,0.0,0.0,80,26.100000381469727,-1.600000023841858,41.0,0,0,3,13.34170913696289,101.02128601074219,7.426855818789705,0.0,0.0,0,1,1,GOOD,
2026-06-17T15:50:49.838,4.624,training_20260617_155045_line,SAMPLE,uturn,0,13.341751098632812,101.0213394165039,54.23893518023229,4,True,LINE,3,1,10.34945937502123,-0.07443151239573739,8.062993685040517,8.063299580848911,68.62937772656517,-14.390442546332878,8.063337225680245,0.07443213685934795,-1.0,1,80,80,62752,-24,0.0,0.0,0.0,80,26.100000381469727,-1.7999999523162842,41.0,0,0,3,13.34170913696289,101.02128601074219,7.426855818789705,0.0,0.0,0,1,1,GOOD,
2026-06-17T15:50:50.038,4.824,training_20260617_155045_line,SAMPLE,uturn,0,13.341751098632812,101.0213394165039,54.23893518023229,4,True,LINE,3,1,10.34945937502123,-0.07443151239573739,8.062993685040517,8.063299580848911,68.62937772656517,-14.390442546332878,8.063337225680245,0.07443213685934795,-1.0,1,240,242,62752,-24,0.0,0.0,0.0,80,26.100000381469727,-1.7999999523162842,41.0,0,0,3,13.34170913696289,101.02128601074219,7.426855818789705,0.0,0.0,0,1,1,GOOD,
2026-06-17T15:50:50.242,5.028,training_20260617_155045_line,SAMPLE,uturn,0,13.341751098632812,101.0213394165039,58.83658822756716,4,True,LINE,3,1,10.34945937502123,-0.07443151239573739,8.062993685040517,8.063299580848911,68.62937772656517,-9.79278949899799,8.063337225680245,0.07443213685934795,-1.0,1,245,255,62752,-24,0.0,0.0,0.0,80,26.100000381469727,-1.7999999523162842,41.0,0,0,3,13.34170913696289,101.02128601074219,7.426855818789705,0.0,0.0,0,1,1,GOOD,
2026-06-17T15:50:50.448,5.234,training_20260617_155045_line,SAMPLE,uturn,0,13.341751098632812,101.0213394165039,65.64188818824438,4,True,LINE,3,1,10.34945937502123,-0.07443151239573739,8.062993685040517,8.063299580848911,68.62937772656517,-2.9874895383208013,8.063337225680245,0.07443213685934795,-1.0,1,174,255,62752,-24,0.0,0.0,0.0,80,26.100000381469727,-1.7999999523162842,41.0,0,0,3,13.34170913696289,101.02128601074219,7.426855818789705,0.0,0.0,0,1,1,GOOD,
2026-06-17T15:50:50.652,5.438,training_20260617_155045_line,SAMPLE,uturn,0,13.341751098632812,101.0213394165039,67.28012272105028,4,True,LINE,3,1,10.34945937502123,-0.07443151239573739,8.062993685040517,8.063299580848911,68.62937772656517,-1.349255005514891,8.063337225680245,0.07443213685934795,-1.0,1,-50,255,62752,-24,0.0,0.0,0.0,80,26.100000381469727,-1.7999999523162842,41.0,0,0,3,13.34170913696289,101.02128601074219,7.426855818789705,0.0,0.0,0,1,1,GOOD,
2026-06-17T15:50:50.853,5.639,training_20260617_155045_line,SAMPLE,uturn,0,13.341751098632812,101.0213394165039,64.97183297028779,4,True,LINE,3,1,10.34945937502123,-0.07443151239573739,8.062993685040517,8.063299580848911,68.62937772656517,-3.657544756277389,8.063337225680245,0.07443213685934795,-1.0,1,-150,255,62752,-24,0.0,0.0,0.0,80,26.100000381469727,-1.7999999523162842,41.0,0,0,3,13.34170913696289,101.02128601074219,7.426855818789705,0.0,0.0,0,1,1,GOOD,
2026-06-17T15:50:51.065,5.85,training_20260617_155045_line,SAMPLE,uturn,0,13.341751098632812,101.0213394165039,64.4824430860672,4,True,LINE,3,1,10.34945937502123,-0.07443151239573739,8.062993685040517,8.063299580848911,68.62937772656517,-4.14693464049796,8.063337225680245,0.07443213685934795,-1.0,1,-150,255,-244,255,0.0,0.0,0.0,80,25.600000381469727,-77.19999694824219,41.0,0,0,3,13.34170913696289,101.02128601074219,7.426855818789705,0.0,0.0,0,1,1,GOOD,
2026-06-17T15:50:51.470,6.256,training_20260617_155045_line,SAMPLE,uturn,0,13.341751098632812,101.0213394165039,68.58816541881025,4,True,LINE,3,1,10.34945937502123,-0.07443151239573739,8.062993685040517,8.063299580848911,68.62937772656517,-0.04121230775490403,8.063337225680245,0.07443213685934795,1.7109999656677246,1,174,255,62752,-24,0.0,0.0,0.0,80,25.600000381469727,-77.19999694824219,41.0,0,0,3,13.34170913696289,101.02128601074219,7.426855818789705,0.0,0.0,0,1,1,GOOD,
2026-06-17T15:50:51.671,6.457,training_20260617_155045_line,SAMPLE,uturn,0,13.341751098632812,101.0213394165039,75.06285690290218,4,True,LINE,3,1,10.34945937502123,-0.07443151239573739,8.062993685040517,8.063299580848911,68.62937772656517,6.433479176337016,8.063337225680245,0.07443213685934795,1.6885000467300415,1,110,255,62752,-24,0.0,0.0,0.0,80,25.600000381469727,-77.19999694824219,41.0,0,0,3,13.34170913696289,101.02128601074219,7.426855818789705,0.0,0.0,0,1,1,GOOD,
2026-06-17T15:50:51.897,6.682,training_20260617_155045_line,SAMPLE,uturn,0,13.341751098632812,101.0213394165039,75.06010433666667,4,True,LINE,3,1,10.34945937502123,-0.07443151239573739,8.062993685040517,8.063299580848911,68.62937772656517,6.4307266101014875,8.063337225680245,0.07443213685934795,-1.0,1,110,255,62752,-24,0.0,0.0,0.0,80,25.600000381469727,-77.19999694824219,41.0,0,0,3,13.34170913696289,101.02128601074219,7.426855818789705,0.0,0.0,0,1,1,GOOD,
2026-06-17T15:50:52.287,7.073,training_20260617_155045_line,SAMPLE,uturn,0,13.341752052307129,101.0213394165039,73.17751978630356,4,True,LINE,3,1,10.349765270829621,-0.17318399024857564,8.063299580848911,8.063299580848911,68.62937772656517,4.548142059738382,8.103486758770286,0.17737635052902784,-1.0,1,-104,255,62752,-24,0.0,0.0,0.0,80,25.5,-74.4000015258789,41.0,0,0,3,13.34170913696289,101.02128601074219,7.493931997599313,0.106,0.271,0,1,1,GOOD,
2026-06-17T15:50:52.488,7.273,training_20260617_155045_line,SAMPLE,uturn,0,13.341752052307129,101.0213394165039,76.05350754012083,4,True,LINE,3,1,10.349765270829621,-0.17318399024857564,8.063299580848911,8.063299580848911,68.62937772656517,7.42412981355568,8.103486758770286,0.17737635052902784,-1.0,1,128,255,62752,-24,0.0,0.0,0.0,80,25.5,-74.4000015258789,41.0,0,0,3,13.34170913696289,101.02128601074219,7.493931997599313,0.0,0.0,0,1,1,GOOD,
2026-06-17T15:50:52.694,7.48,training_20260617_155045_line,SAMPLE,uturn,0,13.341752052307129,101.0213394165039,85.54827644876062,4,True,LINE,3,1,10.349765270829621,-0.17318399024857564,8.063299580848911,8.063299580848911,68.62937772656517,16.91889872219545,8.103486758770286,0.17737635052902784,3.1649999618530273,1,156,255,62752,-24,0.0,0.0,0.0,80,25.5,-74.4000015258789,41.0,0,0,3,13.34170913696289,101.02128601074219,7.493931997599313,0.0,0.0,0,1,1,GOOD,
2026-06-17T15:50:53.503,8.289,training_20260617_155045_line,SAMPLE,uturn,0,13.341752052307129,101.02134704589844,98.26080211690677,4,True,LINE,3,1,10.349765270829621,0.12761086391624707,8.063299580848911,8.063299580848911,68.62937772656517,29.631424390341607,8.87125177718623,0.8170611361128716,2.9670000076293945,1,227,255,62752,-24,0.0,0.0,0.0,80,25.399999618530273,-69.4000015258789,41.0,0,0,3,13.34170913696289,101.02128601074219,8.147369446436782,0.0,0.0,0,1,1,GOOD,
2026-06-17T15:50:53.718,8.503,training_20260617_155045_line,SAMPLE,uturn,0,13.341752052307129,101.02134704589844,104.83818549516984,4,True,LINE,3,1,10.349765270829621,0.12761086391624707,8.063299580848911,8.063299580848911,68.62937772656517,36.208807768604686,8.87125177718623,0.8170611361128716,-1.0,1,254,255,62752,-24,0.0,0.0,0.0,80,25.399999618530273,-69.4000015258789,41.0,0,0,3,13.34170913696289,101.02128601074219,8.147369446436782,0.0,0.0,0,1,1,GOOD,
2026-06-17T15:50:54.919,9.705,training_20260617_155045_line,SAMPLE,uturn,0,13.341752052307129,101.02134704589844,133.5677779745627,4,True,LINE,3,1,10.349765270829621,0.12761086391624707,8.063299580848911,8.063299580848911,68.62937772656517,64.93840024799752,8.87125177718623,0.8170611361128716,-1.0,1,-137,255,41,0,0.0,0.0,0.0,80,25.100000381469727,-87.9000015258789,41.0,0,0,3,13.34170913696289,101.02128601074219,8.147369446436782,0.0,0.0,0,1,1,GOOD,
2026-06-17T15:50:55.124,9.909,training_20260617_155045_line,SAMPLE,uturn,0,13.341751098632812,101.02134704589844,139.8304194056824,4,True,LINE,3,1,10.349765270829621,0.22636334236277358,8.063299580848911,8.063299580848911,68.62937772656517,71.20104167911722,8.834592107797109,0.8010409951604189,-1.0,1,172,255,62752,-24,0.0,0.0,0.0,80,25.299999237060547,-98.80000305175781,41.0,0,0,3,13.34170913696289,101.02128601074219,8.085715769523729,0.106,0.52,0,1,1,GOOD,
2026-06-17T15:50:55.733,10.519,training_20260617_155045_line,SAMPLE,uturn,0,13.341750144958496,101.02134704589844,160.3909007320649,4,True,LINE,3,1,10.349765270829621,0.3251158208092996,8.063299580848911,8.063299580848911,68.62937772656517,91.76152300549973,8.7990577836526,0.7988961157087122,-1.0,1,254,157,62752,-24,0.0,0.0,0.0,80,25.299999237060547,-98.80000305175781,41.0,0,0,3,13.34170913696289,101.02128601074219,8.024989761133853,0.106,0.262,0,1,1,GOOD,
2026-06-17T15:50:56.139,10.925,training_20260617_155045_line,SAMPLE,uturn,0,13.341751098632812,101.02134704589844,167.89002496901037,4,True,LINE,3,1,10.349765270829621,0.22636334236277358,8.063299580848911,8.063299580848911,68.62937772656517,99.2606472424452,8.834592107797109,0.8010409951604189,-1.0,1,254,157,62752,-2,0.0,0.0,0.0,80,25.299999237060547,-98.80000305175781,41.0,0,0,3,13.34170913696289,101.02128601074219,8.085715769523729,0.106,0.261,0,1,1,GOOD,
2026-06-17T15:50:56.538,11.324,training_20260617_155045_line,SAMPLE,uturn,0,13.341750144958496,101.02134704589844,169.13863819080206,4,True,LINE,3,1,10.349765270829621,0.3251158208092996,8.063299580848911,8.063299580848911,68.62937772656517,100.50926046423689,8.7990577836526,0.7988961157087122,1.812999963760376,1,254,157,254,254,0.0,0.0,0.0,80,25.299999237060547,-82.30000305175781,41.0,0,0,3,13.34170913696289,101.02128601074219,8.024989761133853,0.106,0.266,0,1,1,GOOD,
2026-06-17T15:50:56.938,11.724,training_20260617_155045_line,SAMPLE,uturn,0,13.341750144958496,101.02134704589844,-178.7613775237312,4,True,LINE,3,1,10.349765270829621,0.3251158208092996,8.063299580848911,8.063299580848911,68.62937772656517,112.60924474970363,8.7990577836526,0.7988961157087122,-1.0,1,254,157,254,254,0.0,0.0,0.0,80,25.299999237060547,-97.9000015258789,41.0,0,0,3,13.34170913696289,101.02128601074219,8.024989761133853,0.0,0.0,0,1,1,GOOD,
2026-06-17T15:50:57.143,11.929,training_20260617_155045_line,SAMPLE,uturn,0,13.341750144958496,101.02134704589844,-179.51220655881235,4,True,LINE,3,1,10.349765270829621,0.3251158208092996,8.063299580848911,8.063299580848911,68.62937772656517,111.85841571462248,8.7990577836526,0.7988961157087122,-1.0,1,254,157,254,254,0.0,0.0,0.0,80,25.299999237060547,-97.9000015258789,41.0,0,0,3,13.34170913696289,101.02128601074219,8.024989761133853,0.0,0.0,0,1,1,GOOD,
2026-06-17T15:50:57.353,12.139,training_20260617_155045_line,SAMPLE,uturn,0,13.341750144958496,101.02134704589844,-178.85812032313527,4,True,LINE,3,1,10.349765270829621,0.3251158208092996,8.063299580848911,8.063299580848911,68.62937772656517,112.51250195029957,8.7990577836526,0.7988961157087122,-1.0,1,254,20,62752,-24,0.0,0.0,0.0,80,25.299999237060547,-97.9000015258789,41.0,0,0,3,13.34170913696289,101.02128601074219,8.024989761133853,0.0,0.0,0,1,1,GOOD,
2026-06-17T15:50:57.617,12.403,training_20260617_155045_line,SAMPLE,uturn,0,13.341750144958496,101.02134704589844,-178.85812032313527,4,True,LINE,3,1,10.349765270829621,0.3251158208092996,8.063299580848911,8.063299580848911,68.62937772656517,112.51250195029957,8.7990577836526,0.7988961157087122,-1.0,1,254,20,62752,-24,0.0,0.0,0.0,80,25.299999237060547,-97.9000015258789,41.0,0,0,3,13.34170913696289,101.02128601074219,8.024989761133853,0.0,0.0,0,1,1,GOOD,
2026-06-17T15:50:57.957,12.743,training_20260617_155045_line,SAMPLE,uturn,0,13.341751098632812,101.02134704589844,-177.7816278684279,4,True,LINE,3,1,10.349765270829621,0.22636334236277358,8.063299580848911,8.063299580848911,68.62937772656517,113.58899440500693,8.834592107797109,0.8010409951604189,2.195499897003174,1,38,214,62752,-24,0.0,0.0,0.0,80,25.5,-63.599998474121094,41.0,0,0,3,13.34170913696289,101.02128601074219,8.085715769523729,0.106,0.312,0,1,1,GOOD,
2026-06-17T15:50:58.160,12.945,training_20260617_155045_line,SAMPLE,uturn,0,13.341752052307129,101.02134704589844,-176.3000505544254,4,True,LINE,3,1,10.349765270829621,0.12761086391624707,8.063299580848911,8.063299580848911,68.62937772656517,115.07057171900942,8.87125177718623,0.8170611361128716,2.2265000343322754,1,38,214,62752,-24,0.0,0.0,0.0,80,25.5,-63.599998474121094,41.0,0,0,3,13.34170913696289,101.02128601074219,8.147369446436782,0.106,0.525,0,1,1,GOOD,
2026-06-17T15:50:58.564,13.35,training_20260617_155045_line,SAMPLE,uturn,0,13.341752052307129,101.02134704589844,-174.4282372123834,4,True,LINE,3,1,10.349765270829621,0.12761086391624707,8.063299580848911,8.063299580848911,68.62937772656517,116.94238506105143,8.87125177718623,0.8170611361128716,-1.0,1,-78,255,62752,-24,0.0,0.0,0.0,80,25.5,-63.599998474121094,41.0,0,0,3,13.34170913696289,101.02128601074219,8.147369446436782,0.0,0.0,0,1,1,GOOD,
2026-06-17T15:50:58.771,13.557,training_20260617_155045_line,SAMPLE,uturn,0,13.341751098632812,101.02134704589844,-174.4282372123834,4,True,LINE,3,1,10.349765270829621,0.22636334236277358,8.063299580848911,8.063299580848911,68.62937772656517,116.94238506105143,8.834592107797109,0.8010409951604189,-1.0,1,120,255,62752,-24,0.0,0.0,0.0,80,25.5,-63.599998474121094,41.0,0,0,3,13.34170913696289,101.02128601074219,8.085715769523729,0.106,0.512,0,1,1,GOOD,
2026-06-17T15:50:58.977,13.763,training_20260617_155045_line,SAMPLE,uturn,0,13.341751098632812,101.02134704589844,-167.32973089101588,4,True,LINE,3,1,10.349765270829621,0.22636334236277358,8.063299580848911,8.063299580848911,68.62937772656517,124.04089138241898,8.834592107797109,0.8010409951604189,-1.0,1,120,255,62752,-24,0.0,0.0,0.0,80,25.5,-63.599998474121094,41.0,0,0,3,13.34170913696289,101.02128601074219,8.085715769523729,0.0,0.0,0,1,1,GOOD,
2026-06-17T15:50:59.379,14.165,training_20260617_155045_line,SAMPLE,uturn,0,13.341750144958496,101.02134704589844,-146.34775859095188,4,True,LINE,3,1,10.349765270829621,0.3251158208092996,8.063299580848911,8.063299580848911,68.62937772656517,145.02286368248292,8.7990577836526,0.7988961157087122,-1.0,1,254,107,62752,-24,0.0,0.0,0.0,80,25.600000381469727,-63.70000076293945,41.0,0,0,3,13.34170913696289,101.02128601074219,8.024989761133853,0.106,0.264,0,1,1,GOOD,
2026-06-17T15:50:59.579,14.365,training_20260617_155045_line,SAMPLE,uturn,0,13.341750144958496,101.02134704589844,-138.1905456274757,4,True,LINE,3,1,10.349765270829621,0.3251158208092996,8.063299580848911,8.063299580848911,68.62937772656517,153.18007664595916,8.7990577836526,0.7988961157087122,-1.0,1,62,255,62752,-24,0.0,0.0,0.0,80,25.600000381469727,-63.70000076293945,41.0,0,0,3,13.34170913696289,101.02128601074219,8.024989761133853,0.0,0.0,0,1,1,GOOD,
2026-06-17T15:50:59.782,14.568,training_20260617_155045_line,SAMPLE,uturn,0,13.341750144958496,101.02134704589844,-138.1905456274757,4,True,LINE,3,1,10.349765270829621,0.3251158208092996,8.063299580848911,8.063299580848911,68.62937772656517,153.18007664595916,8.7990577836526,0.7988961157087122,2.2290000915527344,1,0,255,62752,-24,0.0,0.0,0.0,80,25.399999618530273,-74.69999694824219,41.0,0,0,3,13.34170913696289,101.02128601074219,8.024989761133853,0.0,0.0,0,1,1,GOOD,
2026-06-17T15:50:59.990,14.776,training_20260617_155045_line,SAMPLE,uturn,0,13.341751098632812,101.02134704589844,-134.59036657634033,4,True,LINE,3,1,10.349765270829621,0.22636334236277358,8.063299580848911,8.063299580848911,68.62937772656517,156.7802556970945,8.834592107797109,0.8010409951604189,2.2190001010894775,1,0,255,62752,-24,0.0,0.0,0.0,80,25.399999618530273,-74.69999694824219,41.0,0,0,3,13.34170913696289,101.02128601074219,8.085715769523729,0.106,0.51,0,1,1,GOOD,
2026-06-17T15:51:00.395,15.18,training_20260617_155045_line,SAMPLE,uturn,0,13.341751098632812,101.02134704589844,-129.9346910720062,4,True,LINE,3,1,10.349765270829621,0.22636334236277358,8.063299580848911,8.063299580848911,68.62937772656517,161.43593120142862,8.834592107797109,0.8010409951604189,-1.0,1,162,163,62752,-24,0.0,0.0,0.0,80,25.399999618530273,-74.69999694824219,41.0,0,0,3,13.34170913696289,101.02128601074219,8.085715769523729,0.0,0.0,0,1,1,GOOD,
2026-06-17T15:51:00.598,15.384,training_20260617_155045_line,SAMPLE,uturn,0,13.341751098632812,101.02134704589844,-130.39607035044054,4,True,LINE,3,1,10.349765270829621,0.22636334236277358,8.063299580848911,8.063299580848911,68.62937772656517,160.9745519229943,8.834592107797109,0.8010409951604189,2.2325000762939453,1,162,163,62752,-24,0.0,0.0,0.0,80,25.399999618530273,-74.69999694824219,41.0,0,0,3,13.34170913696289,101.02128601074219,8.085715769523729,0.0,0.0,0,1,1,GOOD,
2026-06-17T15:51:00.803,15.589,training_20260617_155045_line,SAMPLE,uturn,0,13.341751098632812,101.02134704589844,-131.17872806705398,4,True,LINE,3,1,10.349765270829621,0.22636334236277358,8.063299580848911,8.063299580848911,68.62937772656517,160.19189420638088,8.834592107797109,0.8010409951604189,-1.0,1,0,0,62752,-24,0.0,0.0,0.0,80,25.899999618530273,-63.5,41.0,0,0,3,13.34170913696289,101.02128601074219,8.085715769523729,0.0,0.0,0,1,1,GOOD,
2026-06-17T15:51:01.414,16.199,training_20260617_155045_line,SAMPLE,uturn,0,13.341751098632812,101.02134704589844,-127.48798070752422,4,True,LINE,3,1,10.349765270829621,0.22636334236277358,8.063299580848911,8.063299580848911,68.62937772656517,163.8826415659106,8.834592107797109,0.8010409951604189,-1.0,1,0,0,62752,-24,0.0,0.0,0.0,80,25.899999618530273,-63.5,41.0,0,0,3,13.34170913696289,101.02128601074219,8.085715769523729,0.0,0.0,0,1,1,GOOD,
2026-06-17T15:51:01.618,16.404,training_20260617_155045_line,SAMPLE,uturn,0,13.341751098632812,101.02134704589844,-127.48098659381412,4,True,LINE,3,1,10.349765270829621,0.22636334236277358,8.063299580848911,8.063299580848911,68.62937772656517,163.8896356796207,8.834592107797109,0.8010409951604189,2.4584999084472656,1,0,0,62752,-24,0.0,0.0,0.0,80,25.899999618530273,-63.5,41.0,0,0,3,13.34170913696289,101.02128601074219,8.085715769523729,0.0,0.0,0,1,1,GOOD,
2026-06-17T15:51:01.819,16.604,training_20260617_155045_line,SAMPLE,uturn,0,13.341751098632812,101.02134704589844,-127.3867436436463,4,True,LINE,3,1,10.349765270829621,0.22636334236277358,8.063299580848911,8.063299580848911,68.62937772656517,163.98387862978853,8.834592107797109,0.8010409951604189,2.2149999141693115,1,0,0,62752,-24,0.0,0.0,0.0,80,25.899999618530273,-63.5,41.0,0,0,3,13.34170913696289,101.02128601074219,8.085715769523729,0.0,0.0,0,1,1,GOOD,
2026-06-17T15:51:02.024,16.81,training_20260617_155045_line,SAMPLE,uturn,0,13.341751098632812,101.02134704589844,-127.3867436436463,4,True,LINE,3,1,10.349765270829621,0.22636334236277358,8.063299580848911,8.063299580848911,68.62937772656517,163.98387862978853,8.834592107797109,0.8010409951604189,-1.0,1,0,0,62752,-24,0.0,0.0,0.0,80,25.899999618530273,-26.100000381469727,41.0,0,0,3,13.34170913696289,101.02128601074219,8.085715769523729,0.0,0.0,0,1,1,GOOD,
2026-06-17T15:51:02.229,17.014,training_20260617_155045_line,SAMPLE,uturn,0,13.341751098632812,101.02134704589844,-127.26688748409092,4,True,LINE,3,1,10.349765270829621,0.22636334236277358,8.063299580848911,8.063299580848911,68.62937772656517,164.1037347893439,8.834592107797109,0.8010409951604189,-1.0,1,0,0,62752,-24,0.0,0.0,0.0,80,25.899999618530273,-26.100000381469727,41.0,0,0,3,13.34170913696289,101.02128601074219,8.085715769523729,0.0,0.0,0,1,1,GOOD,
2026-06-17T15:51:02.429,17.215,training_20260617_155045_line,SAMPLE,uturn,0,13.341751098632812,101.02134704589844,-127.14427192811084,4,True,LINE,3,1,10.349765270829621,0.22636334236277358,8.063299580848911,8.063299580848911,68.62937772656517,164.22635034532402,8.834592107797109,0.8010409951604189,2.190999984741211,1,0,0,62752,-24,0.0,0.0,0.0,80,25.899999618530273,-26.100000381469727,41.0,0,0,3,13.34170913696289,101.02128601074219,8.085715769523729,0.0,0.0,0,1,1,GOOD,
2026-06-17T15:51:02.633,17.419,training_20260617_155045_line,SAMPLE,uturn,0,13.341751098632812,101.02134704589844,-127.00876097497779,4,True,LINE,3,1,10.349765270829621,0.22636334236277358,8.063299580848911,8.063299580848911,68.62937772656517,164.36186129845703,8.834592107797109,0.8010409951604189,-1.0,1,0,0,62752,-24,0.0,0.0,0.0,80,25.899999618530273,-26.100000381469727,41.0,0,0,3,13.34170913696289,101.02128601074219,8.085715769523729,0.0,0.0,0,1,1,GOOD,
2026-06-17T15:51:02.840,17.625,training_20260617_155045_line,SAMPLE,uturn,0,13.341751098632812,101.02134704589844,-126.8904757589315,4,True,LINE,3,1,10.349765270829621,0.22636334236277358,8.063299580848911,8.063299580848911,68.62937772656517,164.4801465145033,8.834592107797109,0.8010409951604189,-1.0,1,0,0,62752,-24,0.0,0.0,0.0,80,25.899999618530273,-26.100000381469727,41.0,0,0,3,13.34170913696289,101.02128601074219,8.085715769523729,0.0,0.0,0,1,1,GOOD,
2026-06-17T15:51:03.050,17.836,training_20260617_155045_line,SAMPLE,uturn,0,13.341751098632812,101.02134704589844,-126.75827061735674,4,True,LINE,3,1,10.349765270829621,0.22636334236277358,8.063299580848911,8.063299580848911,68.62937772656517,164.6123516560781,8.834592107797109,0.8010409951604189,2.2114999294281006,1,0,0,62752,-24,0.0,0.0,0.0,80,25.899999618530273,-26.100000381469727,41.0,0,0,3,13.34170913696289,101.02128601074219,8.085715769523729,0.0,0.0,0,1,1,GOOD,
2026-06-17T15:51:03.257,18.042,training_20260617_155045_line,SAMPLE,uturn,0,13.341751098632812,101.02134704589844,-126.75827061735674,4,True,LINE,3,1,10.349765270829621,0.22636334236277358,8.063299580848911,8.063299580848911,68.62937772656517,164.6123516560781,8.834592107797109,0.8010409951604189,-1.0,1,0,0,62752,-24,0.0,0.0,0.0,80,26.0,-1.7999999523162842,41.0,0,0,3,13.34170913696289,101.02128601074219,8.085715769523729,0.0,0.0,0,1,1,GOOD,
2026-06-17T15:51:03.667,18.452,training_20260617_155045_line,SAMPLE,uturn,0,13.341751098632812,101.02134704589844,-127.57130901539837,4,True,LINE,3,1,10.349765270829621,0.22636334236277358,8.063299580848911,8.063299580848911,68.62937772656517,163.79931325803648,8.834592107797109,0.8010409951604189,-1.0,1,0,0,62752,-24,0.0,0.0,0.0,80,26.0,-1.7999999523162842,41.0,0,0,3,13.34170913696289,101.02128601074219,8.085715769523729,0.0,0.0,0,1,1,GOOD,
2026-06-17T15:51:04.060,18.845,training_20260617_155045_line,SAMPLE,uturn,0,13.341751098632812,101.02134704589844,-127.57584426100726,4,True,LINE,3,1,10.349765270829621,0.22636334236277358,8.063299580848911,8.063299580848911,68.62937772656517,163.79477801242757,8.834592107797109,0.8010409951604189,-1.0,1,0,0,62752,-24,0.0,0.0,0.0,80,26.0,-1.7999999523162842,41.0,0,0,3,13.34170913696289,101.02128601074219,8.085715769523729,0.0,0.0,0,1,1,GOOD,
2026-06-17T15:51:04.462,19.248,training_20260617_155045_line,SAMPLE,uturn,0,13.341752052307129,101.02134704589844,-126.61453611646299,4,True,LINE,3,1,10.349765270829621,0.12761086391624707,8.063299580848911,8.063299580848911,68.62937772656517,164.75608615697183,8.87125177718623,0.8170611361128716,-1.0,1,112,1,62752,-24,0.0,0.0,0.0,80,25.799999237060547,-7.300000190734863,41.0,0,0,3,13.34170913696289,101.02128601074219,8.147369446436782,0.106,0.263,0,1,1,GOOD,
2026-06-17T15:51:06.099,20.884,training_20260617_155045_line,SAMPLE,uturn,0,13.341752052307129,101.02134704589844,-125.57357430581803,4,True,LINE,3,1,10.349765270829621,0.12761086391624707,8.063299580848911,8.063299580848911,68.62937772656517,165.79704796761678,8.87125177718623,0.8170611361128716,2.202500104904175,1,-83,83,62752,-24,0.0,0.0,0.0,80,25.0,-37.0,41.0,0,0,3,13.34170913696289,101.02128601074219,8.147369446436782,0.0,0.0,0,1,1,GOOD,
2026-06-17T15:51:06.303,21.089,training_20260617_155045_line,SAMPLE,uturn,0,13.341752052307129,101.02134704589844,-125.41176712438043,4,True,LINE,3,1,10.349765270829621,0.12761086391624707,8.063299580848911,8.063299580848911,68.62937772656517,165.9588551490544,8.87125177718623,0.8170611361128716,2.196000099182129,1,-83,83,62752,-24,0.0,0.0,0.0,80,25.799999237060547,-37.0,41.0,0,0,3,13.34170913696289,101.02128601074219,8.147369446436782,0.0,0.0,0,1,1,GOOD,
2026-06-17T15:51:06.509,21.294,training_20260617_155045_line,SAMPLE,uturn,0,13.341752052307129,101.02134704589844,-125.41176712438043,4,True,LINE,3,1,10.349765270829621,0.12761086391624707,8.063299580848911,8.063299580848911,68.62937772656517,165.9588551490544,8.87125177718623,0.8170611361128716,2.174499988555908,1,-83,83,41,0,0.0,0.0,0.0,80,25.799999237060547,-37.0,41.0,0,0,3,13.34170913696289,101.02128601074219,8.147369446436782,0.0,0.0,0,1,1,GOOD,
2026-06-17T15:51:06.713,21.499,training_20260617_155045_line,SAMPLE,uturn,0,13.341752052307129,101.02134704589844,-125.24853926359546,4,True,LINE,3,1,10.349765270829621,0.12761086391624707,8.063299580848911,8.063299580848911,68.62937772656517,166.12208300983934,8.87125177718623,0.8170611361128716,1.7410000562667847,1,-83,83,0,0,0.0,0.0,0.0,80,25.799999237060547,-37.0,41.0,0,0,3,13.34170913696289,101.02128601074219,8.147369446436782,0.0,0.0,0,1,1,GOOD,
2026-06-17T15:51:06.914,21.7,training_20260617_155045_line,SAMPLE,uturn,0,13.341752052307129,101.02134704589844,-125.19833737319587,4,True,LINE,3,1,10.349765270829621,0.12761086391624707,8.063299580848911,8.063299580848911,68.62937772656517,166.172284900239,8.87125177718623,0.8170611361128716,1.718500018119812,1,-83,83,0,0,0.0,0.0,0.0,80,25.799999237060547,-37.0,41.0,0,0,3,13.34170913696289,101.02128601074219,8.147369446436782,0.0,0.0,0,1,1,GOOD,
2026-06-17T15:51:07.124,21.909,training_20260617_155045_line,SAMPLE,uturn,0,13.341752052307129,101.02134704589844,-124.98259901807184,4,True,LINE,3,1,10.349765270829621,0.12761086391624707,8.063299580848911,8.063299580848911,68.62937772656517,166.388023255363,8.87125177718623,0.8170611361128716,2.192500114440918,1,-83,83,62752,-24,0.0,0.0,0.0,80,26.0,-22.299999237060547,41.0,0,0,3,13.34170913696289,101.02128601074219,8.147369446436782,0.0,0.0,0,1,1,GOOD,
2026-06-17T15:51:07.519,22.304,training_20260617_155045_line,SAMPLE,uturn,0,13.341752052307129,101.02134704589844,-124.8522107068163,4,True,LINE,3,1,10.349765270829621,0.12761086391624707,8.063299580848911,8.063299580848911,68.62937772656517,166.5184115666185,8.87125177718623,0.8170611361128716,2.189500093460083,1,-83,83,62752,-24,0.0,0.0,0.0,80,26.0,-22.299999237060547,41.0,0,0,3,13.34170913696289,101.02128601074219,8.147369446436782,0.0,0.0,0,1,1,GOOD,
2026-06-17T15:51:07.720,22.506,training_20260617_155045_line,SAMPLE,uturn,0,13.341752052307129,101.02134704589844,-124.73182179250566,4,True,LINE,3,1,10.349765270829621,0.12761086391624707,8.063299580848911,8.063299580848911,68.62937772656517,166.63880048092915,8.87125177718623,0.8170611361128716,2.183000087738037,1,-83,83,41,0,0.0,0.0,0.0,80,26.0,-22.299999237060547,41.0,0,0,3,13.34170913696289,101.02128601074219,8.147369446436782,0.0,0.0,0,1,1,GOOD,
2026-06-17T15:51:07.925,22.71,training_20260617_155045_line,SAMPLE,uturn,0,13.341752052307129,101.02134704589844,-124.64455929566957,4,True,LINE,3,1,10.349765270829621,0.12761086391624707,8.063299580848911,8.063299580848911,68.62937772656517,166.72606297776525,8.87125177718623,0.8170611361128716,2.193000078201294,1,-83,83,41,0,0.0,0.0,0.0,80,26.0,-22.299999237060547,41.0,0,0,3,13.34170913696289,101.02128601074219,8.147369446436782,0.0,0.0,0,1,1,GOOD,
2026-06-17T15:51:08.534,23.32,training_20260617_155045_line,SAMPLE,uturn,0,13.341752052307129,101.02134704589844,-124.43892962051717,4,True,LINE,3,1,10.349765270829621,0.12761086391624707,8.063299580848911,8.063299580848911,68.62937772656517,166.93169265291766,8.87125177718623,0.8170611361128716,2.192500114440918,1,-83,83,62752,-24,0.0,0.0,0.0,80,26.0,-1.5,41.0,0,0,3,13.34170913696289,101.02128601074219,8.147369446436782,0.0,0.0,0,1,1,GOOD,
2026-06-17T15:51:08.763,23.549,training_20260617_155045_line,SAMPLE,uturn,0,13.341752052307129,101.02134704589844,-124.3513665953576,4,True,LINE,3,1,10.349765270829621,0.12761086391624707,8.063299580848911,8.063299580848911,68.62937772656517,167.01925567807723,8.87125177718623,0.8170611361128716,2.192500114440918,1,-83,83,62752,-24,0.0,0.0,0.0,80,26.0,-1.5,41.0,0,0,3,13.34170913696289,101.02128601074219,8.147369446436782,0.0,0.0,0,1,1,GOOD,
2026-06-17T15:51:08.971,23.757,training_20260617_155045_line,SAMPLE,uturn,0,13.341753005981445,101.02134704589844,-124.23161971882894,4,True,LINE,3,1,10.349765270829621,0.02885838546972143,8.063299580848911,8.063299580848911,68.62937772656517,167.1390025546059,8.909022899807479,0.8461688226056633,2.19350004196167,1,-83,83,62752,-24,0.0,0.0,0.0,80,26.0,-1.5,41.0,0,0,3,13.34170913696289,101.02128601074219,8.209929892509667,0.106,0.51,0,1,1,GOOD,
2026-06-17T15:51:09.176,23.961,training_20260617_155045_line,SAMPLE,uturn,0,13.341753005981445,101.02134704589844,-124.12422182431966,4,True,LINE,3,1,10.349765270829621,0.02885838546972143,8.063299580848911,8.063299580848911,68.62937772656517,167.24640044911519,8.909022899807479,0.8461688226056633,2.1902499198913574,1,-83,83,62752,-24,0.0,0.0,0.0,80,26.0,-1.5,41.0,0,0,3,13.34170913696289,101.02128601074219,8.209929892509667,0.0,0.0,0,1,1,GOOD,
2026-06-17T15:51:09.377,24.162,training_20260617_155045_line,SAMPLE,uturn,0,13.341753005981445,101.02134704589844,-124.0454287620544,4,True,LINE,3,1,10.349765270829621,0.02885838546972143,8.063299580848911,8.063299580848911,68.62937772656517,167.32519351138046,8.909022899807479,0.8461688226056633,2.1942501068115234,1,-83,83,62752,-24,0.0,0.0,0.0,80,26.0,-1.5,41.0,0,0,3,13.34170913696289,101.02128601074219,8.209929892509667,0.0,0.0,0,1,1,GOOD,
2026-06-17T15:51:09.581,24.367,training_20260617_155045_line,SAMPLE,uturn,0,13.341753005981445,101.02134704589844,-123.93221154637226,4,True,LINE,3,1,10.349765270829621,0.02885838546972143,8.063299580848911,8.063299580848911,68.62937772656517,167.43841072706255,8.909022899807479,0.8461688226056633,2.195499897003174,1,-83,83,62752,-24,0.0,0.0,0.0,80,26.0,-1.5,41.0,0,0,3,13.34170913696289,101.02128601074219,8.209929892509667,0.0,0.0,0,1,1,GOOD,
2026-06-17T15:51:09.984,24.769,training_20260617_155045_line,SAMPLE,uturn,0,13.341753005981445,101.02134704589844,-123.85242127648817,4,True,LINE,3,1,10.349765270829621,0.02885838546972143,8.063299580848911,8.063299580848911,68.62937772656517,167.5182009969467,8.909022899807479,0.8461688226056633,2.197999954223633,1,-83,83,62752,-24,0.0,0.0,0.0,80,26.0,-1.7000000476837158,40.0,0,0,3,13.34170913696289,101.02128601074219,8.209929892509667,0.0,0.0,0,1,1,GOOD,
2026-06-17T15:51:10.189,24.974,training_20260617_155045_line,SAMPLE,uturn,0,13.341753005981445,101.02134704589844,-123.74947666531774,4,True,LINE,3,1,10.349765270829621,0.02885838546972143,8.063299580848911,8.063299580848911,68.62937772656517,167.6211456081171,8.909022899807479,0.8461688226056633,1.8515000343322754,1,-83,83,62752,-24,0.0,0.0,0.0,80,26.0,-1.7000000476837158,40.0,0,0,3,13.34170913696289,101.02128601074219,8.209929892509667,0.0,0.0,0,1,1,GOOD,
2026-06-17T15:51:10.389,25.175,training_20260617_155045_line,SAMPLE,uturn,0,13.341753005981445,101.02134704589844,-123.66845696138306,4,True,LINE,3,1,10.349765270829621,0.02885838546972143,8.063299580848911,8.063299580848911,68.62937772656517,167.70216531205176,8.909022899807479,0.8461688226056633,2.19950008392334,1,-83,83,62752,-24,0.0,0.0,0.0,80,26.0,-1.7000000476837158,40.0,0,0,3,13.34170913696289,101.02128601074219,8.209929892509667,0.0,0.0,0,1,1,GOOD,
2026-06-17T15:51:10.594,25.379,training_20260617_155045_line,SAMPLE,uturn,0,13.341753005981445,101.02134704589844,-123.55166072657583,4,True,LINE,3,1,10.349765270829621,0.02885838546972143,8.063299580848911,8.063299580848911,68.62937772656517,167.818961546859,8.909022899807479,0.8461688226056633,2.1972498893737793,1,-83,83,62752,-24,0.0,0.0,0.0,80,26.0,-1.7000000476837158,40.0,0,0,3,13.34170913696289,101.02128601074219,8.209929892509667,0.0,0.0,0,1,1,GOOD,
2026-06-17T15:51:10.795,25.581,training_20260617_155045_line,SAMPLE,uturn,0,13.341753005981445,101.02134704589844,-123.48722472194594,4,True,LINE,3,1,10.349765270829621,0.02885838546972143,8.063299580848911,8.063299580848911,68.62937772656517,167.88339755148888,8.909022899807479,0.8461688226056633,1.7130000591278076,1,-83,83,62752,-24,0.0,0.0,0.0,80,26.0,-1.5,40.0,0,0,3,13.34170913696289,101.02128601074219,8.209929892509667,0.0,0.0,0,1,1,GOOD,
2026-06-17T15:51:10.997,25.783,training_20260617_155045_line,SAMPLE,uturn,0,13.341753005981445,101.02134704589844,-123.48722472194594,4,True,LINE,3,1,10.349765270829621,0.02885838546972143,8.063299580848911,8.063299580848911,68.62937772656517,167.88339755148888,8.909022899807479,0.8461688226056633,2.2070000171661377,1,-83,83,62752,-24,0.0,0.0,0.0,80,26.0,-1.5,40.0,0,0,3,13.34170913696289,101.02128601074219,8.209929892509667,0.0,0.0,0,1,1,GOOD,
2026-06-17T15:51:11.198,25.983,training_20260617_155045_line,SAMPLE,uturn,0,13.341753005981445,101.02134704589844,-123.36447256218247,4,True,LINE,3,1,10.349765270829621,0.02885838546972143,8.063299580848911,8.063299580848911,68.62937772656517,168.00614971125236,8.909022899807479,0.8461688226056633,2.19350004196167,1,-83,83,62752,-24,0.0,0.0,0.0,80,26.0,-1.5,40.0,0,0,3,13.34170913696289,101.02128601074219,8.209929892509667,0.0,0.0,0,1,1,GOOD,
2026-06-17T15:51:11.402,26.187,training_20260617_155045_line,SAMPLE,uturn,0,13.341753005981445,101.02135467529297,-123.29600674594225,4,True,LINE,3,1,10.349765270829621,0.32965323904085675,8.063299580848911,8.063299580848911,68.62937772656517,168.0746155274926,9.683287025314023,1.6476881523235958,2.194499969482422,1,-83,83,62752,-24,0.0,0.0,0.0,80,26.0,-1.5,40.0,0,0,3,13.34170913696289,101.02128601074219,8.887424215592475,0.825,4.045,1,1,1,USABLE,gps_jump
2026-06-17T15:51:11.603,26.389,training_20260617_155045_line,SAMPLE,uturn,0,13.341753005981445,101.02135467529297,-123.18620462484513,4,True,LINE,3,1,10.349765270829621,0.32965323904085675,8.063299580848911,8.063299580848911,68.62937772656517,168.18441764858972,9.683287025314023,1.6476881523235958,2.195499897003174,1,-83,83,62752,-24,0.0,0.0,0.0,80,26.0,-1.5,40.0,0,0,3,13.34170913696289,101.02128601074219,8.887424215592475,0.0,0.0,0,1,1,GOOD,
2026-06-17T15:51:11.811,26.596,training_20260617_155045_line,SAMPLE,uturn,0,13.341752052307129,101.02135467529297,-123.10805360036184,4,True,LINE,3,1,10.349765270829621,0.4284057180810702,8.063299580848911,8.063299580848911,68.62937772656517,168.26256867307302,9.648547389963722,1.6329309474053795,2.194000005722046,1,-83,83,62752,-24,0.0,0.0,0.0,80,26.0,-1.5,40.0,0,0,3,13.34170913696289,101.02128601074219,8.82966529889056,0.106,0.512,0,1,1,GOOD,
2026-06-17T15:51:12.012,26.798,training_20260617_155045_line,SAMPLE,uturn,0,13.341752052307129,101.02135467529297,-123.10805360036184,4,True,LINE,3,1,10.349765270829621,0.4284057180810702,8.063299580848911,8.063299580848911,68.62937772656517,168.26256867307302,9.648547389963722,1.6329309474053795,2.194499969482422,1,-83,83,62752,-24,0.0,0.0,0.0,80,26.0,-1.5,40.0,0,0,3,13.34170913696289,101.02128601074219,8.82966529889056,0.0,0.0,0,1,1,GOOD,
2026-06-17T15:51:12.214,27.0,training_20260617_155045_line,SAMPLE,uturn,0,13.341753005981445,101.02135467529297,-123.57705536990994,4,True,LINE,3,1,10.349765270829621,0.32965323904085675,8.063299580848911,8.063299580848911,68.62937772656517,167.7935669035249,9.683287025314023,1.6476881523235958,2.2074999809265137,1,-83,83,62752,-24,0.0,0.0,0.0,80,26.0,-1.5,40.0,0,0,3,13.34170913696289,101.02128601074219,8.887424215592475,0.106,0.525,0,1,1,GOOD,
2026-06-17T15:51:12.417,27.203,training_20260617_155045_line,SAMPLE,uturn,0,13.341753005981445,101.02135467529297,-122.92598807784599,4,True,LINE,3,1,10.349765270829621,0.32965323904085675,8.063299580848911,8.063299580848911,68.62937772656517,168.44463419558883,9.683287025314023,1.6476881523235958,1.9930000305175781,1,-83,83,-99,98,0.0,0.0,0.0,80,26.0,-1.600000023841858,40.0,0,0,3,13.34170913696289,101.02128601074219,8.887424215592475,0.0,0.0,0,1,1,GOOD,
2026-06-17T15:51:12.622,27.408,training_20260617_155045_line,SAMPLE,uturn,0,13.341752052307129,101.02134704589844,-123.83937561517345,4,True,LINE,3,1,10.349765270829621,0.12761086391624707,8.063299580848911,8.063299580848911,68.62937772656517,167.53124665826135,8.87125177718623,0.8170611361128716,2.180500030517578,1,-104,58,62752,-24,0.0,0.0,0.0,80,26.0,-1.600000023841858,40.0,0,0,3,13.34170913696289,101.02128601074219,8.147369446436782,0.832,4.059,1,1,1,USABLE,gps_jump
2026-06-17T15:51:12.827,27.613,training_20260617_155045_line,SAMPLE,uturn,0,13.341752052307129,101.02134704589844,-123.62564533566541,4,True,LINE,3,1,10.349765270829621,0.12761086391624707,8.063299580848911,8.063299580848911,68.62937772656517,167.74497693776942,8.87125177718623,0.8170611361128716,-1.0,1,-79,77,62752,-24,0.0,0.0,0.0,80,25.899999618530273,-11.100000381469727,40.0,0,0,3,13.34170913696289,101.02128601074219,8.147369446436782,0.0,0.0,0,1,1,GOOD,
2026-06-17T15:51:13.035,27.82,training_20260617_155045_line,SAMPLE,uturn,0,13.341752052307129,101.02134704589844,-123.62564533566541,4,True,LINE,3,1,10.349765270829621,0.12761086391624707,8.063299580848911,8.063299580848911,68.62937772656517,167.74497693776942,8.87125177718623,0.8170611361128716,-1.0,1,-79,77,40,0,0.0,0.0,0.0,80,25.899999618530273,-11.100000381469727,40.0,0,0,3,13.34170913696289,101.02128601074219,8.147369446436782,0.0,0.0,0,1,1,GOOD,
2026-06-17T15:51:13.435,28.221,training_20260617_155045_line,SAMPLE,uturn,0,13.341752052307129,101.02134704589844,-124.04521019600095,4,True,LINE,3,1,10.349765270829621,0.12761086391624707,8.063299580848911,8.063299580848911,68.62937772656517,167.3254120774339,8.87125177718623,0.8170611361128716,2.1584999561309814,1,-79,77,-70,74,0.0,0.0,0.0,80,25.899999618530273,-11.100000381469727,40.0,0,0,3,13.34170913696289,101.02128601074219,8.147369446436782,0.0,0.0,0,1,1,GOOD,
2026-06-17T15:51:13.655,28.44,training_20260617_155045_line,SAMPLE,uturn,0,13.341752052307129,101.02134704589844,-124.36759512482556,4,True,LINE,3,1,10.349765270829621,0.12761086391624707,8.063299580848911,8.063299580848911,68.62937772656517,167.00302714860925,8.87125177718623,0.8170611361128716,1.753999948501587,1,-79,77,-101,106,0.0,0.0,0.0,80,25.899999618530273,-11.100000381469727,40.0,0,0,3,13.34170913696289,101.02128601074219,8.147369446436782,0.0,0.0,0,1,1,GOOD,
2026-06-17T15:51:13.865,28.651,training_20260617_155045_line,SAMPLE,uturn,0,13.341752052307129,101.02134704589844,-124.17772952627755,4,True,LINE,3,1,10.349765270829621,0.12761086391624707,8.063299580848911,8.063299580848911,68.62937772656517,167.19289274715732,8.87125177718623,0.8170611361128716,-1.0,1,-79,77,-101,106,0.0,0.0,0.0,80,25.899999618530273,-11.100000381469727,40.0,0,0,3,13.34170913696289,101.02128601074219,8.147369446436782,0.0,0.0,0,1,1,GOOD,
2026-06-17T15:51:14.258,29.044,training_20260617_155045_line,SAMPLE,uturn,0,13.341751098632812,101.02134704589844,-122.81328995654077,4,True,LINE,3,1,10.349765270829621,0.22636334236277358,8.063299580848911,8.063299580848911,68.62937772656517,168.55733231689408,8.834592107797109,0.8010409951604189,-1.0,1,-79,77,62752,-24,0.0,0.0,0.0,80,25.899999618530273,-15.600000381469727,40.0,0,0,3,13.34170913696289,101.02128601074219,8.085715769523729,0.106,0.27,0,1,1,GOOD,
2026-06-17T15:51:14.464,29.25,training_20260617_155045_line,SAMPLE,uturn,0,13.341751098632812,101.02134704589844,-120.34291981677389,4,True,LINE,3,1,10.349765270829621,0.22636334236277358,8.063299580848911,8.063299580848911,68.62937772656517,171.02770245666096,8.834592107797109,0.8010409951604189,1.6890000104904175,1,-79,77,62752,-24,0.0,0.0,0.0,80,25.899999618530273,-15.600000381469727,40.0,0,0,3,13.34170913696289,101.02128601074219,8.085715769523729,0.0,0.0,0,1,1,GOOD,
2026-06-17T15:51:14.669,29.454,training_20260617_155045_line,SAMPLE,uturn,0,13.341751098632812,101.02134704589844,-120.37044547912903,4,True,LINE,3,1,10.349765270829621,0.22636334236277358,8.063299580848911,8.063299580848911,68.62937772656517,171.0001767943058,8.834592107797109,0.8010409951604189,-1.0,1,-79,77,62752,-24,0.0,0.0,0.0,80,25.899999618530273,-15.600000381469727,40.0,0,0,3,13.34170913696289,101.02128601074219,8.085715769523729,0.0,0.0,0,1,1,GOOD,
2026-06-17T15:51:14.874,29.66,training_20260617_155045_line,SAMPLE,uturn,0,13.341751098632812,101.02134704589844,-120.94230989757752,4,True,LINE,3,1,10.349765270829621,0.22636334236277358,8.063299580848911,8.063299580848911,68.62937772656517,170.42831237585733,8.834592107797109,0.8010409951604189,1.7065000534057617,1,-79,77,40,0,0.0,0.0,0.0,80,25.899999618530273,-15.600000381469727,40.0,0,0,3,13.34170913696289,101.02128601074219,8.085715769523729,0.0,0.0,0,1,1,GOOD,
2026-06-17T15:51:15.078,29.864,training_20260617_155045_line,SAMPLE,uturn,0,13.341751098632812,101.02134704589844,-120.67187538758003,4,True,LINE,3,1,10.349765270829621,0.22636334236277358,8.063299580848911,8.063299580848911,68.62937772656517,170.6987468858548,8.834592107797109,0.8010409951604189,-1.0,1,-79,77,40,0,0.0,0.0,0.0,80,25.899999618530273,-15.600000381469727,40.0,0,0,3,13.34170913696289,101.02128601074219,8.085715769523729,0.0,0.0,0,1,1,GOOD,
2026-06-17T15:51:15.281,30.067,training_20260617_155045_line,SAMPLE,uturn,0,13.341751098632812,101.02134704589844,-120.67187538758003,4,True,LINE,3,1,10.349765270829621,0.22636334236277358,8.063299580848911,8.063299580848911,68.62937772656517,170.6987468858548,8.834592107797109,0.8010409951604189,1.6430000066757202,1,-79,77,40,0,0.0,0.0,0.0,80,25.899999618530273,-15.600000381469727,40.0,0,0,3,13.34170913696289,101.02128601074219,8.085715769523729,0.0,0.0,0,1,1,GOOD,
2026-06-17T15:51:15.482,30.268,training_20260617_155045_line,SAMPLE,uturn,0,13.341750144958496,101.02134704589844,-120.78843939595548,4,True,LINE,3,1,10.349765270829621,0.3251158208092996,8.063299580848911,8.063299580848911,68.62937772656517,170.58218287747934,8.7990577836526,0.7988961157087122,2.1510000228881836,1,-79,77,40,0,0.0,0.0,0.0,80,25.899999618530273,-15.600000381469727,40.0,0,0,3,13.34170913696289,101.02128601074219,8.024989761133853,0.106,0.528,0,1,1,GOOD,
2026-06-17T15:51:18.333,33.118,training_20260617_155045_line,SAMPLE,uturn,0,13.341745376586914,101.02133178710938,-126.64469823183776,4,True,LINE,3,1,9.348907855355943,0.21728849640065206,7.0624421653752325,8.063299580848911,68.62937772656517,164.72592404159707,7.065784006742496,1.0241727942102596,-1.0,1,-79,77,62752,-24,0.0,0.0,0.0,80,25.700000762939453,-35.20000076293945,40.0,0,0,3,13.34170913696289,101.02128601074219,6.384954837759555,0.106,0.505,0,1,1,GOOD,
2026-06-17T15:51:18.537,33.322,training_20260617_155045_line,SAMPLE,uturn,0,13.341745376586914,101.02133178710938,-126.64469823183776,4,True,LINE,3,1,9.348907855355943,0.21728849640065206,7.0624421653752325,8.063299580848911,68.62937772656517,164.72592404159707,7.065784006742496,1.0241727942102596,-1.0,1,-79,77,62752,-24,0.0,0.0,0.0,80,25.700000762939453,-35.20000076293945,40.0,0,0,3,13.34170913696289,101.02128601074219,6.384954837759555,0.0,0.0,0,1,1,GOOD,
2026-06-17T15:51:18.751,33.537,training_20260617_155045_line,SAMPLE,uturn,0,13.341744422912598,101.02133178710938,-134.00660396835767,4,True,LINE,3,1,9.310265595744873,0.3160409736598025,7.023799905764163,8.063299580848911,68.62937772656517,157.36401830507714,7.030906556998499,1.0864812710933243,-1.0,1,-79,77,-255,-254,0.0,0.0,0.0,80,25.700000762939453,-35.20000076293945,40.0,0,0,3,13.34170913696289,101.02128601074219,6.318564131003823,0.106,0.493,0,1,1,GOOD,
2026-06-17T15:51:19.554,34.34,training_20260617_155045_line,SAMPLE,uturn,0,13.341744422912598,101.02133178710938,-150.61460508621553,4,True,LINE,3,1,9.310265595744873,0.3160409736598025,7.023799905764163,8.063299580848911,68.62937772656517,140.7560171872193,7.030906556998499,1.0864812710933243,-1.0,1,-255,-41,62752,-24,0.0,0.0,0.0,80,25.0,-50.20000076293945,40.0,0,0,3,13.34170913696289,101.02128601074219,6.318564131003823,0.0,0.0,0,1,1,GOOD,
2026-06-17T15:51:19.754,34.54,training_20260617_155045_line,SAMPLE,uturn,0,13.341745376586914,101.02133178710938,-150.61460508621553,4,True,LINE,3,1,9.348907855355943,0.21728849640065206,7.0624421653752325,8.063299580848911,68.62937772656517,140.7560171872193,7.065784006742496,1.0241727942102596,-1.0,1,-255,-41,62752,-24,0.0,0.0,0.0,80,25.0,-50.20000076293945,40.0,0,0,3,13.34170913696289,101.02128601074219,6.384954837759555,0.106,0.53,0,1,1,GOOD,
2026-06-17T15:51:19.957,34.743,training_20260617_155045_line,SAMPLE,uturn,0,13.341745376586914,101.02133178710938,-149.1359101120428,4,True,LINE,3,1,9.348907855355943,0.21728849640065206,7.0624421653752325,8.063299580848911,68.62937772656517,142.23471216139205,7.065784006742496,1.0241727942102596,-1.0,1,-255,-41,62752,-24,0.0,0.0,0.0,80,25.0,-50.20000076293945,40.0,0,0,3,13.34170913696289,101.02128601074219,6.384954837759555,0.0,0.0,0,1,1,GOOD,
2026-06-17T15:51:20.782,35.568,training_20260617_155045_line,SAMPLE,uturn,0,13.341745376586914,101.02133178710938,-172.17606429584174,4,True,LINE,3,1,9.348907855355943,0.21728849640065206,7.0624421653752325,8.063299580848911,68.62937772656517,119.19455797759309,7.065784006742496,1.0241727942102596,2.1614999771118164,1,-255,-219,62752,-24,0.0,0.0,0.0,80,25.299999237060547,-103.5999984741211,40.0,0,0,3,13.34170913696289,101.02128601074219,6.384954837759555,0.106,0.489,0,1,1,GOOD,
2026-06-17T15:51:21.173,35.958,training_20260617_155045_line,SAMPLE,uturn,0,13.341745376586914,101.02133178710938,-169.29229012637066,4,True,LINE,3,1,9.348907855355943,0.21728849640065206,7.0624421653752325,8.063299580848911,68.62937772656517,122.0783321470642,7.065784006742496,1.0241727942102596,-1.0,1,-255,-219,62752,-24,0.0,0.0,0.0,80,25.100000381469727,-101.5999984741211,40.0,0,0,3,13.34170913696289,101.02128601074219,6.384954837759555,0.0,0.0,0,1,1,GOOD,
2026-06-17T15:51:21.376,36.162,training_20260617_155045_line,SAMPLE,uturn,0,13.341744422912598,101.02133178710938,-174.4296715521091,4,True,LINE,3,1,9.310265595744873,0.3160409736598025,7.023799905764163,8.063299580848911,68.62937772656517,116.94095072132575,7.030906556998499,1.0864812710933243,-1.0,1,-255,-219,62752,-24,0.0,0.0,0.0,80,25.100000381469727,-101.5999984741211,40.0,0,0,3,13.34170913696289,101.02128601074219,6.318564131003823,0.106,0.52,0,1,1,GOOD,
2026-06-17T15:51:21.579,36.364,training_20260617_155045_line,SAMPLE,uturn,0,13.341744422912598,101.02133178710938,176.39234007049063,4,True,LINE,3,1,9.310265595744873,0.3160409736598025,7.023799905764163,8.063299580848911,68.62937772656517,107.76296234392544,7.030906556998499,1.0864812710933243,-1.0,1,-255,-219,62752,-24,0.0,0.0,0.0,80,25.100000381469727,-101.5999984741211,40.0,0,0,3,13.34170913696289,101.02128601074219,6.318564131003823,0.0,0.0,0,1,1,GOOD,
2026-06-17T15:51:21.787,36.572,training_20260617_155045_line,SAMPLE,uturn,0,13.341744422912598,101.02133178710938,176.39234007049063,4,True,LINE,3,1,9.310265595744873,0.3160409736598025,7.023799905764163,8.063299580848911,68.62937772656517,107.76296234392544,7.030906556998499,1.0864812710933243,-1.0,1,-255,-219,62752,-24,0.0,0.0,0.0,80,25.100000381469727,-101.5999984741211,40.0,0,0,3,13.34170913696289,101.02128601074219,6.318564131003823,0.0,0.0,0,1,1,GOOD,
2026-06-17T15:51:22.179,36.965,training_20260617_155045_line,SAMPLE,uturn,0,13.341745376586914,101.02133178710938,171.77428524810492,4,True,LINE,3,1,9.348907855355943,0.21728849640065206,7.0624421653752325,8.063299580848911,68.62937772656517,103.14490752153972,7.065784006742496,1.0241727942102596,-1.0,1,-255,-219,62752,-24,0.0,0.0,0.0,80,25.100000381469727,-101.5999984741211,40.0,0,0,3,13.34170913696289,101.02128601074219,6.384954837759555,0.106,0.27,0,1,1,GOOD,
2026-06-17T15:51:22.380,37.166,training_20260617_155045_line,SAMPLE,uturn,0,13.341745376586914,101.02133178710938,172.7849483395917,4,True,LINE,3,1,9.348907855355943,0.21728849640065206,7.0624421653752325,8.063299580848911,68.62937772656517,104.1555706130265,7.065784006742496,1.0241727942102596,-1.0,1,-255,-219,62752,-24,0.0,0.0,0.0,80,25.100000381469727,-101.5999984741211,40.0,0,0,3,13.34170913696289,101.02128601074219,6.384954837759555,0.0,0.0,0,1,1,GOOD,
2026-06-17T15:51:22.584,37.37,training_20260617_155045_line,SAMPLE,uturn,0,13.341744422912598,101.02133178710938,162.45313974816685,4,True,LINE,3,1,9.310265595744873,0.3160409736598025,7.023799905764163,8.063299580848911,68.62937772656517,93.82376202160168,7.030906556998499,1.0864812710933243,-1.0,1,-255,-219,62752,-24,0.0,0.0,0.0,80,25.100000381469727,-101.5999984741211,40.0,0,0,3,13.34170913696289,101.02128601074219,6.318564131003823,0.106,0.52,0,1,1,GOOD,
2026-06-17T15:51:22.788,37.573,training_20260617_155045_line,SAMPLE,uturn,0,13.341744422912598,101.02133178710938,162.45313974816685,4,True,LINE,3,1,9.310265595744873,0.3160409736598025,7.023799905764163,8.063299580848911,68.62937772656517,93.82376202160168,7.030906556998499,1.0864812710933243,1.718999981880188,1,-255,-219,62752,-24,0.0,0.0,0.0,80,25.100000381469727,-101.5999984741211,40.0,0,0,3,13.34170913696289,101.02128601074219,6.318564131003823,0.0,0.0,0,1,1,GOOD,
2026-06-17T15:51:22.988,37.773,training_20260617_155045_line,SAMPLE,uturn,0,13.341744422912598,101.02133178710938,153.86551558395314,4,True,LINE,3,1,9.310265595744873,0.3160409736598025,7.023799905764163,8.063299580848911,68.62937772656517,85.23613785738797,7.030906556998499,1.0864812710933243,-1.0,1,-255,-219,62752,-24,0.0,0.0,0.0,80,25.100000381469727,-101.5999984741211,40.0,0,0,3,13.34170913696289,101.02128601074219,6.318564131003823,0.0,0.0,0,1,1,GOOD,
2026-06-17T15:51:23.190,37.975,training_20260617_155045_line,SAMPLE,uturn,0,13.341744422912598,101.02133178710938,147.00581999672593,4,True,LINE,3,1,9.310265595744873,0.3160409736598025,7.023799905764163,8.063299580848911,68.62937772656517,78.37644227016074,7.030906556998499,1.0864812710933243,-1.0,1,-255,-219,62752,-24,0.0,0.0,0.0,80,25.100000381469727,-101.5999984741211,40.0,0,0,3,13.34170913696289,101.02128601074219,6.318564131003823,0.0,0.0,0,1,1,GOOD,
2026-06-17T15:51:23.391,38.177,training_20260617_155045_line,SAMPLE,uturn,0,13.341744422912598,101.02133178710938,142.8391040746947,4,True,LINE,3,1,9.310265595744873,0.3160409736598025,7.023799905764163,8.063299580848911,68.62937772656517,74.20972634812952,7.030906556998499,1.0864812710933243,-1.0,1,-255,-219,62752,-24,0.0,0.0,0.0,80,25.100000381469727,-101.5999984741211,40.0,0,0,3,13.34170913696289,101.02128601074219,6.318564131003823,0.0,0.0,0,1,1,GOOD,
2026-06-17T15:51:23.600,38.385,training_20260617_155045_line,SAMPLE,uturn,0,13.341745376586914,101.02133178710938,138.82564393726017,4,True,LINE,3,1,9.348907855355943,0.21728849640065206,7.0624421653752325,8.063299580848911,68.62937772656517,70.196266210695,7.065784006742496,1.0241727942102596,-1.0,1,-255,-219,62752,-24,0.0,0.0,0.0,80,25.100000381469727,-101.5999984741211,40.0,0,0,3,13.34170913696289,101.02128601074219,6.384954837759555,0.106,0.51,0,1,1,GOOD,
2026-06-17T15:51:23.801,38.586,training_20260617_155045_line,SAMPLE,uturn,0,13.341745376586914,101.02133178710938,137.3158169608505,4,True,LINE,3,1,9.348907855355943,0.21728849640065206,7.0624421653752325,8.063299580848911,68.62937772656517,68.68643923428533,7.065784006742496,1.0241727942102596,-1.0,1,-255,-219,62752,-24,0.0,0.0,0.0,80,25.100000381469727,-101.5999984741211,40.0,0,0,3,13.34170913696289,101.02128601074219,6.384954837759555,0.0,0.0,0,1,1,GOOD,
2026-06-17T15:51:24.021,38.806,training_20260617_155045_line,SAMPLE,uturn,0,13.341744422912598,101.02133178710938,137.3158169608505,4,True,LINE,3,1,9.310265595744873,0.3160409736598025,7.023799905764163,8.063299580848911,68.62937772656517,68.68643923428533,7.030906556998499,1.0864812710933243,-1.0,1,-255,-219,-201,-254,0.0,0.0,0.0,80,25.200000762939453,-89.69999694824219,40.0,0,0,3,13.34170913696289,101.02128601074219,6.318564131003823,0.106,0.482,0,1,1,GOOD,
2026-06-17T15:51:24.403,39.188,training_20260617_155045_line,SAMPLE,uturn,0,13.341744422912598,101.02133178710938,117.10400313121882,4,True,LINE,3,1,9.310265595744873,0.3160409736598025,7.023799905764163,8.063299580848911,68.62937772656517,48.47462540465364,7.030906556998499,1.0864812710933243,-1.0,1,-255,-219,-201,-254,0.0,0.0,0.0,80,25.200000762939453,-89.69999694824219,40.0,0,0,3,13.34170913696289,101.02128601074219,6.318564131003823,0.0,0.0,0,1,1,GOOD,
2026-06-17T15:51:24.609,39.394,training_20260617_155045_line,SAMPLE,uturn,0,13.341744422912598,101.02133178710938,115.79208771619945,4,True,LINE,3,1,9.310265595744873,0.3160409736598025,7.023799905764163,8.063299580848911,68.62937772656517,47.162709989634266,7.030906556998499,1.0864812710933243,-1.0,1,-255,-219,40,0,0.0,0.0,0.0,80,25.200000762939453,-89.69999694824219,40.0,0,0,3,13.34170913696289,101.02128601074219,6.318564131003823,0.0,0.0,0,1,1,GOOD,
2026-06-17T15:51:26.432,41.217,training_20260617_155045_line,SAMPLE,uturn,0,13.341742515563965,101.02133178710938,81.56976638930905,4,True,LINE,3,1,9.23298107652273,0.5135459281781001,6.946515386542019,8.063299580848911,68.62937772656517,12.940388662743885,6.965472377076326,1.229201565433759,-1.0,1,-255,-186,62752,-24,0.0,0.0,0.0,80,25.5,-82.19999694824219,40.0,0,0,3,13.34170913696289,101.02128601074219,6.189097925249039,0.0,0.0,0,1,1,GOOD,
2026-06-17T15:51:26.632,41.418,training_20260617_155045_line,SAMPLE,uturn,0,13.341742515563965,101.02133178710938,80.45028472396562,4,True,LINE,3,1,9.23298107652273,0.5135459281781001,6.946515386542019,8.063299580848911,68.62937772656517,11.82090699740047,6.965472377076326,1.229201565433759,-1.0,1,-255,-186,62752,-24,0.0,0.0,0.0,80,25.5,-82.19999694824219,40.0,0,0,3,13.34170913696289,101.02128601074219,6.189097925249039,0.0,0.0,0,1,1,GOOD,
2026-06-17T15:51:26.834,41.619,training_20260617_155045_line,SAMPLE,uturn,0,13.341742515563965,101.02133178710938,81.17698270070913,4,True,LINE,3,1,9.23298107652273,0.5135459281781001,6.946515386542019,8.063299580848911,68.62937772656517,12.547604974143951,6.965472377076326,1.229201565433759,-1.0,1,-255,-186,62752,-24,0.0,0.0,0.0,80,25.5,-82.19999694824219,40.0,0,0,3,13.34170913696289,101.02128601074219,6.189097925249039,0.0,0.0,0,1,1,GOOD,
2026-06-17T15:51:27.038,41.823,training_20260617_155045_line,SAMPLE,uturn,0,13.341742515563965,101.02133178710938,81.17698270070913,4,True,LINE,3,1,9.23298107652273,0.5135459281781001,6.946515386542019,8.063299580848911,68.62937772656517,12.547604974143951,6.965472377076326,1.229201565433759,-1.0,1,-255,-186,62752,-24,0.0,0.0,0.0,80,25.5,-82.19999694824219,40.0,0,0,3,13.34170913696289,101.02128601074219,6.189097925249039,0.0,0.0,0,1,1,GOOD,
2026-06-17T15:51:27.241,42.026,training_20260617_155045_line,SAMPLE,uturn,0,13.341742515563965,101.02133178710938,74.9207684775984,4,True,LINE,3,1,9.23298107652273,0.5135459281781001,6.946515386542019,8.063299580848911,68.62937772656517,6.291390751033248,6.965472377076326,1.229201565433759,2.6640000343322754,1,-255,-186,62752,-24,0.0,0.0,0.0,80,25.5,-82.19999694824219,40.0,0,0,3,13.34170913696289,101.02128601074219,6.189097925249039,0.0,0.0,0,1,1,GOOD,
2026-06-17T15:51:27.444,42.229,training_20260617_155045_line,SAMPLE,uturn,0,13.341742515563965,101.02133178710938,60.419382114880065,4,True,LINE,3,1,9.23298107652273,0.5135459281781001,6.946515386542019,8.063299580848911,68.62937772656517,-8.209995611685088,6.965472377076326,1.229201565433759,2.6659998893737793,1,-255,-186,62752,-24,0.0,0.0,0.0,80,25.5,-82.19999694824219,40.0,0,0,3,13.34170913696289,101.02128601074219,6.189097925249039,0.0,0.0,0,1,1,GOOD,
2026-06-17T15:51:27.649,42.434,training_20260617_155045_line,SAMPLE,uturn,0,13.341742515563965,101.02133178710938,55.29741301100375,4,True,LINE,3,1,9.23298107652273,0.5135459281781001,6.946515386542019,8.063299580848911,68.62937772656517,-13.331964715561412,6.965472377076326,1.229201565433759,2.6489999294281006,1,-160,158,62752,-24,0.0,0.0,0.0,80,25.200000762939453,-76.9000015258789,40.0,0,0,3,13.34170913696289,101.02128601074219,6.189097925249039,0.0,0.0,0,1,1,GOOD,
2026-06-17T15:51:27.850,42.636,training_20260617_155045_line,SAMPLE,uturn,0,13.341742515563965,101.0213394165039,58.455101671854436,4,True,LINE,3,1,10.001679052176417,0.8143407882797992,7.715213362195705,8.063299580848911,68.62937772656517,-10.174276054710731,7.758071161291274,0.8856155722273862,2.6740000247955322,1,-185,183,62752,-24,0.0,0.0,0.0,80,25.399999618530273,-81.0,40.0,0,0,3,13.34170913696289,101.02128601074219,6.867517550648075,0.825,4.099,1,1,1,USABLE,gps_jump
2026-06-17T15:51:28.054,42.839,training_20260617_155045_line,SAMPLE,uturn,0,13.341742515563965,101.0213394165039,58.91667219558556,4,True,LINE,3,1,10.001679052176417,0.8143407882797992,7.715213362195705,8.063299580848911,68.62937772656517,-9.712705530979605,7.758071161291274,0.8856155722273862,2.680000066757202,1,-185,183,62752,-24,0.0,0.0,0.0,80,25.399999618530273,-81.0,40.0,0,0,3,13.34170913696289,101.02128601074219,6.867517550648075,0.0,0.0,0,1,1,GOOD,
2026-06-17T15:51:29.074,43.859,training_20260617_155045_line,SAMPLE,uturn,0,13.341744422912598,101.0213394165039,53.12224023207022,4,True,LINE,3,1,10.078963568364156,0.616835832574126,7.792497878383445,8.063299580848911,68.62937772656517,-15.507137494494941,7.816873392153536,0.673661644655552,-1.0,1,-153,28,62752,-24,0.0,0.0,0.0,80,25.799999237060547,-40.099998474121094,40.0,0,0,3,13.34170913696289,101.02128601074219,6.984419574153129,0.106,0.261,0,1,1,GOOD,
2026-06-17T15:51:29.467,44.253,training_20260617_155045_line,SAMPLE,uturn,0,13.341745376586914,101.0213394165039,49.877463244207284,4,True,LINE,3,1,10.117605826458025,0.5180833547212882,7.831140136477314,8.063299580848911,68.62937772656517,-18.751914482357876,7.848258800497418,0.5677220924996831,2.498500108718872,1,-88,105,62752,-24,0.0,0.0,0.0,80,25.799999237060547,-40.099998474121094,40.0,0,0,3,13.34170913696289,101.02128601074219,7.044537767339204,0.106,0.269,0,1,1,GOOD,
2026-06-17T15:51:30.074,44.86,training_20260617_155045_line,SAMPLE,uturn,0,13.34174633026123,101.02134704589844,57.39419570883304,4,True,LINE,3,1,10.349765270829621,0.7201257345954004,8.063299580848911,8.063299580848911,68.62937772656517,-11.235182017732143,8.668444155414305,0.9216364980920206,-1.0,1,-84,128,62752,-24,0.0,0.0,0.0,80,25.600000381469727,-24.899999618530273,40.0,0,0,3,13.34170913696289,101.02128601074219,7.791791246515153,0.832,2.074,1,1,1,USABLE,gps_jump
2026-06-17T15:51:30.482,45.268,training_20260617_155045_line,SAMPLE,uturn,0,13.341747283935547,101.02134704589844,56.76291888988919,4,True,LINE,3,1,10.349765270829621,0.6213732561488747,8.063299580848911,8.063299580848911,68.62937772656517,-11.866458836675974,8.699342601523902,0.8734319085693545,-1.0,1,-129,141,62752,-24,0.0,0.0,0.0,80,25.600000381469727,-24.899999618530273,40.0,0,0,3,13.34170913696289,101.02128601074219,7.848591431623283,0.106,0.52,0,1,1,GOOD,
2026-06-17T15:51:30.689,45.475,training_20260617_155045_line,SAMPLE,uturn,0,13.341747283935547,101.02134704589844,57.14810057794289,4,True,LINE,3,1,10.349765270829621,0.6213732561488747,8.063299580848911,8.063299580848911,68.62937772656517,-11.481277148622269,8.699342601523902,0.8734319085693545,-1.0,1,-129,141,62752,-24,0.0,0.0,0.0,80,25.600000381469727,-24.899999618530273,40.0,0,0,3,13.34170913696289,101.02128601074219,7.848591431623283,0.0,0.0,0,1,1,GOOD,
2026-06-17T15:51:30.894,45.68,training_20260617_155045_line,SAMPLE,uturn,0,13.341748237609863,101.02134704589844,56.64746478725388,4,True,LINE,3,1,10.349765270829621,0.5226207777023496,8.063299580848911,8.063299580848911,68.62937772656517,-11.981912939311286,8.731419694060424,0.8359684893488651,-1.0,1,-129,141,62752,-24,0.0,0.0,0.0,80,25.600000381469727,-24.899999618530273,40.0,0,0,3,13.34170913696289,101.02128601074219,7.906405924553582,0.106,0.517,0,1,1,GOOD,
2026-06-17T15:51:31.099,45.885,training_20260617_155045_line,SAMPLE,uturn,0,13.341748237609863,101.02134704589844,57.68692395628144,4,True,LINE,3,1,10.349765270829621,0.5226207777023496,8.063299580848911,8.063299580848911,68.62937772656517,-10.94245377028372,8.731419694060424,0.8359684893488651,-1.0,1,-132,150,62752,-24,0.0,0.0,0.0,80,25.799999237060547,-24.799999237060547,40.0,0,0,3,13.34170913696289,101.02128601074219,7.906405924553582,0.0,0.0,0,1,1,GOOD,
2026-06-17T15:51:31.498,46.284,training_20260617_155045_line,SAMPLE,uturn,0,13.34174919128418,101.02134704589844,56.91364067430386,4,True,LINE,3,1,10.349765270829621,0.42386829925582487,8.063299580848911,8.063299580848911,68.62937772656517,-11.715737052261318,8.764662492129926,0.8107366301374805,2.685499906539917,1,-132,150,62752,-24,0.0,0.0,0.0,80,25.799999237060547,-24.799999237060547,40.0,0,0,3,13.34170913696289,101.02128601074219,7.965212638659869,0.106,0.266,0,1,1,GOOD,
2026-06-17T15:51:31.706,46.492,training_20260617_155045_line,SAMPLE,uturn,0,13.341750144958496,101.02135467529297,56.86186442530058,4,True,LINE,3,1,10.349765270829621,0.625910676161498,8.063299580848911,8.063299580848911,68.62937772656517,-11.767513301264586,9.582211468959214,1.6239179777081134,-1.0,1,-151,151,62752,-24,0.0,0.0,0.0,80,25.799999237060547,-24.799999237060547,40.0,0,0,3,13.34170913696289,101.02128601074219,8.716869917089124,0.832,4.006,1,1,1,USABLE,gps_jump
2026-06-17T15:51:31.915,46.701,training_20260617_155045_line,SAMPLE,uturn,0,13.341751098632812,101.02135467529297,55.93923222693151,4,True,LINE,3,1,10.349765270829621,0.5271581971212845,8.063299580848911,8.063299580848911,68.62937772656517,-12.690145499633672,9.614851866259926,1.6249742344622735,2.4260001182556152,1,-151,151,62752,-24,0.0,0.0,0.0,80,25.799999237060547,-24.799999237060547,40.0,0,0,3,13.34170913696289,101.02128601074219,8.77280798518639,0.106,0.507,0,1,1,GOOD,
2026-06-17T15:51:32.320,47.106,training_20260617_155045_line,SAMPLE,uturn,0,13.341752052307129,101.02135467529297,35.66578277022962,4,True,LINE,3,1,10.349765270829621,0.4284057180810702,8.063299580848911,8.063299580848911,68.62937772656517,-32.963594956335555,9.648547389963722,1.6329309474053795,1.9704999923706055,1,-234,-254,62752,-24,0.0,0.0,0.0,80,25.700000762939453,-27.299999237060547,40.0,0,0,3,13.34170913696289,101.02128601074219,8.82966529889056,0.106,0.262,0,1,1,GOOD,
2026-06-17T15:51:32.719,47.504,training_20260617_155045_line,SAMPLE,uturn,0,13.341753005981445,101.02135467529297,23.05229313750136,4,True,LINE,3,1,10.349765270829621,0.32965323904085675,8.063299580848911,8.063299580848911,68.62937772656517,-45.577084589063816,9.683287025314023,1.6476881523235958,1.9830000400543213,1,-234,-254,62752,-2,0.0,0.0,0.0,80,25.700000762939453,-27.299999237060547,40.0,0,0,3,13.34170913696289,101.02128601074219,8.887424215592475,0.106,0.266,0,1,1,GOOD,
2026-06-17T15:51:32.947,47.732,training_20260617_155045_line,SAMPLE,uturn,0,13.341753005981445,101.02135467529297,18.269135567403524,4,True,LINE,3,1,10.349765270829621,0.32965323904085675,8.063299580848911,8.063299580848911,68.62937772656517,-50.36024215916166,9.683287025314023,1.6476881523235958,1.8309999704360962,1,-255,199,62752,-24,0.0,0.0,0.0,80,25.399999618530273,-70.0999984741211,40.0,0,0,3,13.34170913696289,101.02128601074219,8.887424215592475,0.0,0.0,0,1,1,GOOD,
2026-06-17T15:51:33.347,48.133,training_20260617_155045_line,SAMPLE,uturn,0,13.341753959655762,101.02135467529297,15.972052449521733,4,True,LINE,3,1,10.349765270829621,0.23090076000064286,8.063299580848911,8.063299580848911,68.62937772656517,-52.65732527704344,9.719059576154445,1.6690654773274163,2.4019999504089355,1,-255,199,40,0,0.0,0.0,0.0,80,25.399999618530273,-70.0999984741211,40.0,0,0,3,13.34170913696289,101.02128601074219,8.946067272123111,0.106,0.264,0,1,1,GOOD,
2026-06-17T15:51:33.564,48.35,training_20260617_155045_line,SAMPLE,uturn,0,13.341754913330078,101.0213623046875,7.057323268880117,4,True,LINE,3,1,10.349765270829621,0.4329431333441882,8.063299580848911,8.063299580848911,68.62937772656517,-61.572054457685056,10.532558458421347,2.498158527267199,1.7259999513626099,1,-255,199,40,0,0.0,0.0,0.0,80,25.399999618530273,-70.0999984741211,40.0,0,0,3,13.34170913696289,101.02128601074219,9.697758976216612,0.832,3.834,1,1,1,USABLE,gps_jump
2026-06-17T15:51:33.779,48.565,training_20260617_155045_line,SAMPLE,uturn,0,13.341755867004395,101.0213623046875,7.057323268880117,4,True,LINE,3,1,10.349765270829621,0.3341906537102865,8.063299580848911,8.063299580848911,68.62937772656517,-61.572054457685056,10.56758440477547,2.521245810776344,-1.0,1,-255,199,40,0,0.0,0.0,0.0,80,25.399999618530273,-70.0999984741211,40.0,0,0,3,13.34170913696289,101.02128601074219,9.753836202392831,0.106,0.493,0,1,1,GOOD,
2026-06-17T15:51:34.167,48.953,training_20260617_155045_line,SAMPLE,uturn,0,13.341755867004395,101.0213623046875,-10.76247080161437,4,True,LINE,3,1,10.349765270829621,0.3341906537102865,8.063299580848911,8.063299580848911,68.62937772656517,-79.39184852817954,10.56758440477547,2.521245810776344,-1.0,1,-255,199,40,0,0.0,0.0,0.0,80,25.399999618530273,-70.0999984741211,40.0,0,0,3,13.34170913696289,101.02128601074219,9.753836202392831,0.0,0.0,0,1,1,GOOD,
2026-06-17T15:51:34.369,49.155,training_20260617_155045_line,SAMPLE,uturn,0,13.341755867004395,101.0213623046875,-13.508482616847235,4,True,LINE,3,1,10.349765270829621,0.3341906537102865,8.063299580848911,8.063299580848911,68.62937772656517,-82.1378603434124,10.56758440477547,2.521245810776344,-1.0,1,-255,199,40,0,0.0,0.0,0.0,80,25.399999618530273,-70.0999984741211,40.0,0,0,3,13.34170913696289,101.02128601074219,9.753836202392831,0.0,0.0,0,1,1,GOOD,
2026-06-17T15:51:34.574,49.36,training_20260617_155045_line,SAMPLE,uturn,0,13.341756820678711,101.0213623046875,-12.166936133661057,4,True,LINE,3,1,10.349765270829621,0.23543817407638393,8.063299580848911,8.063299580848911,68.62937772656517,-80.79631386022622,10.603555213985057,2.5485398567301307,1.7300000190734863,1,-255,199,40,0,0.0,0.0,0.0,80,25.399999618530273,-70.0999984741211,40.0,0,0,3,13.34170913696289,101.02128601074219,9.810739152449903,0.106,0.517,0,1,1,GOOD,
2026-06-17T15:51:34.777,49.563,training_20260617_155045_line,SAMPLE,uturn,0,13.341756820678711,101.0213623046875,-12.166936133661057,4,True,LINE,3,1,10.349765270829621,0.23543817407638393,8.063299580848911,8.063299580848911,68.62937772656517,-80.79631386022622,10.603555213985057,2.5485398567301307,-1.0,1,-255,139,62752,-24,0.0,0.0,0.0,80,25.399999618530273,-99.69999694824219,40.0,0,0,3,13.34170913696289,101.02128601074219,9.810739152449903,0.0,0.0,0,1,1,GOOD,
2026-06-17T15:51:34.980,49.765,training_20260617_155045_line,SAMPLE,uturn,0,13.341757774353027,101.0213623046875,-14.189361977091004,4,True,LINE,3,1,10.349765270829621,0.1366856944424809,8.063299580848911,8.063299580848911,68.62937772656517,-82.81873970365618,10.640461303533364,2.5799071526533948,-1.0,1,-255,139,62752,-24,0.0,0.0,0.0,80,25.399999618530273,-99.69999694824219,40.0,0,0,3,13.34170913696289,101.02128601074219,9.86845354266327,0.106,0.525,0,1,1,GOOD,
2026-06-17T15:51:37.414,52.199,training_20260617_155045_line,SAMPLE,uturn,0,13.341760635375977,101.02135467529297,-64.90844881479008,4,True,LINE,3,1,10.349765270829621,-0.4603665932808619,8.063299580848911,8.063299580848911,68.62937772656517,-133.53782654135523,9.99741739210681,1.9778367640647558,2.6545000076293945,1,-255,139,62752,-24,0.0,0.0,0.0,80,25.399999618530273,-89.80000305175781,40.0,0,0,3,13.34170913696289,101.02128601074219,9.379900225434719,0.825,4.039,1,1,1,USABLE,gps_jump
2026-06-17T15:51:38.658,53.444,training_20260617_155045_line,SAMPLE,uturn,0,13.341761589050293,101.02135467529297,-94.8706718733168,4,True,LINE,3,1,10.349765270829621,-0.5591190723210779,8.063299580848911,8.063299580848911,68.62937772656517,-163.50004959988195,10.041033331191906,2.0402612581401134,2.4489998817443848,1,-255,139,62752,-24,0.0,0.0,0.0,80,25.200000762939453,-84.4000015258789,40.0,0,0,3,13.34170913696289,101.02128601074219,9.445012604779604,0.0,0.0,0,1,1,GOOD,
2026-06-17T15:51:41.506,56.292,training_20260617_155045_line,SAMPLE,uturn,0,13.341760635375977,101.02134704589844,-120.81183962405194,4,True,LINE,3,1,10.349765270829621,-0.7611614421024955,8.063299580848911,8.063299580848911,68.62937772656517,170.55878264938292,9.249486276614482,1.3830993302913324,-1.0,1,-255,139,62752,-24,0.0,0.0,0.0,80,25.200000762939453,-73.9000015258789,40.0,0,0,3,13.34170913696289,101.02128601074219,8.740661774541637,0.106,0.512,0,1,1,GOOD,
2026-06-17T15:51:41.709,56.494,training_20260617_155045_line,SAMPLE,uturn,0,13.341760635375977,101.02134704589844,-120.12435376333347,4,True,LINE,3,1,10.349765270829621,-0.7611614421024955,8.063299580848911,8.063299580848911,68.62937772656517,171.24626851010134,9.249486276614482,1.3830993302913324,1.7055000066757202,1,-255,139,62752,-24,0.0,0.0,0.0,80,25.200000762939453,-73.9000015258789,40.0,0,0,3,13.34170913696289,101.02128601074219,8.740661774541637,0.0,0.0,0,1,1,GOOD,
2026-06-17T15:51:41.912,56.698,training_20260617_155045_line,SAMPLE,uturn,0,13.34175968170166,101.02134704589844,-119.83657057284415,4,True,LINE,3,1,10.349765270829621,-0.6624089636559677,8.063299580848911,8.063299580848911,68.62937772656517,171.53405170059068,9.20334129706884,1.29793164895762,1.6469999551773071,1,-244,248,62752,-24,0.0,0.0,0.0,80,25.5,-84.4000015258789,40.0,0,0,3,13.34170913696289,101.02128601074219,8.671558331572157,0.106,0.52,0,1,1,GOOD,
2026-06-17T15:51:46.784,61.569,training_20260617_155045_line,SAMPLE,uturn,0,13.341740608215332,101.02130126953125,-118.52001062918917,4,True,LINE,3,1,6.080904642548237,-0.4921285624598945,3.794438952567526,8.063299580848911,68.62937772656517,172.85061164424565,3.8262197384299017,4.2971340416575465,1.4665000438690186,1,-255,-148,62752,-24,0.0,0.0,0.0,80,25.700000762939453,-25.799999237060547,40.0,0,0,3,13.34170913696289,101.02128601074219,3.869315475422568,0.106,0.52,0,1,1,GOOD,
2026-06-17T15:51:47.194,61.979,training_20260617_155045_line,SAMPLE,uturn,0,13.341739654541016,101.02129364013672,-134.2343224752859,4,True,LINE,3,1,5.273564396663072,-0.6941709494582561,2.98709870668236,8.063299580848911,68.62937772656517,157.1362997981489,3.066697244681191,5.123444894239271,-1.0,1,-255,-241,62752,-24,0.0,0.0,0.0,80,25.600000381469727,-30.0,40.0,0,0,3,13.34170913696289,101.02128601074219,3.4923540473817987,0.825,4.027,1,1,1,USABLE,gps_jump
2026-06-17T15:51:47.998,62.784,training_20260617_155045_line,SAMPLE,uturn,0,13.3417387008667,101.02129364013672,-136.6591352532888,4,True,LINE,3,1,5.2349221294659944,-0.5954184751675442,2.9484564394852835,8.063299580848911,68.62937772656517,154.71148702014602,3.007975820400336,5.149382742745682,-1.0,1,-255,106,62752,-24,0.0,0.0,0.0,80,25.399999618530273,-73.0999984741211,40.0,0,0,3,13.34170913696289,101.02128601074219,3.389407677960211,0.0,0.0,0,1,1,GOOD,
2026-06-17T15:51:48.199,62.984,training_20260617_155045_line,SAMPLE,uturn,0,13.3417387008667,101.02129364013672,-137.91079473945032,4,True,LINE,3,1,5.2349221294659944,-0.5954184751675442,2.9484564394852835,8.063299580848911,68.62937772656517,153.45982753398448,3.007975820400336,5.149382742745682,-1.0,1,-255,106,62752,-24,0.0,0.0,0.0,80,25.399999618530273,-73.0999984741211,40.0,0,0,3,13.34170913696289,101.02128601074219,3.389407677960211,0.0,0.0,0,1,1,GOOD,
2026-06-17T15:51:48.403,63.189,training_20260617_155045_line,SAMPLE,uturn,0,13.341737747192383,101.02129364013672,-139.02647881961522,4,True,LINE,3,1,5.196279862268916,-0.4966660008768324,2.9098141722882045,8.063299580848911,68.62937772656517,152.34414345381958,2.9518969551250054,5.177363057604997,-1.0,1,-255,-233,62752,-24,0.0,0.0,0.0,80,25.399999618530273,-73.0999984741211,40.0,0,0,3,13.34170913696289,101.02128601074219,3.2866582685993646,0.106,0.517,0,1,1,GOOD,
2026-06-17T15:51:48.618,63.404,training_20260617_155045_line,SAMPLE,uturn,0,13.341737747192383,101.02129364013672,-145.84665493230474,4,True,LINE,3,1,5.196279862268916,-0.4966660008768324,2.9098141722882045,8.063299580848911,68.62937772656517,145.52396734113006,2.9518969551250054,5.177363057604997,-1.0,1,-237,-254,62752,-24,0.0,0.0,0.0,80,25.399999618530273,-73.0999984741211,40.0,0,0,3,13.34170913696289,101.02128601074219,3.2866582685993646,0.0,0.0,0,1,1,GOOD,
2026-06-17T15:51:49.219,64.005,training_20260617_155045_line,SAMPLE,uturn,0,13.341737747192383,101.02129364013672,-152.42192778211427,4,True,LINE,3,1,5.196279862268916,-0.4966660008768324,2.9098141722882045,8.063299580848911,68.62937772656517,138.94869449132057,2.9518969551250054,5.177363057604997,-1.0,1,-255,52,62752,-24,0.0,0.0,0.0,80,25.0,-64.4000015258789,40.0,0,0,3,13.34170913696289,101.02128601074219,3.2866582685993646,0.0,0.0,0,1,1,GOOD,
2026-06-17T15:51:49.619,64.404,training_20260617_155045_line,SAMPLE,uturn,0,13.341737747192383,101.02129364013672,-152.71767497317583,4,True,LINE,3,1,5.196279862268916,-0.4966660008768324,2.9098141722882045,8.063299580848911,68.62937772656517,138.65294730025903,2.9518969551250054,5.177363057604997,-1.0,1,-255,42,62752,-24,0.0,0.0,0.0,80,25.0,-64.4000015258789,40.0,0,0,3,13.34170913696289,101.02128601074219,3.2866582685993646,0.0,0.0,0,1,1,GOOD,
2026-06-17T15:51:49.824,64.609,training_20260617_155045_line,SAMPLE,uturn,0,13.341737747192383,101.02129364013672,-151.91403491543213,4,True,LINE,3,1,5.196279862268916,-0.4966660008768324,2.9098141722882045,8.063299580848911,68.62937772656517,139.4565873580027,2.9518969551250054,5.177363057604997,3.1584999561309814,1,-255,42,62752,-24,0.0,0.0,0.0,80,25.5,-60.5,40.0,0,0,3,13.34170913696289,101.02128601074219,3.2866582685993646,0.0,0.0,0,1,1,GOOD,
2026-06-17T15:51:50.026,64.812,training_20260617_155045_line,SAMPLE,uturn,0,13.341736793518066,101.02129364013672,-151.91403491543213,4,True,LINE,3,1,5.157637595071838,-0.39791352658612045,2.8711719050911273,8.063299580848911,68.62937772656517,139.4565873580027,2.8986140279838595,5.207352914985138,3.1465001106262207,1,-255,42,62752,-24,0.0,0.0,0.0,80,25.5,-60.5,40.0,0,0,3,13.34170913696289,101.02128601074219,3.1841248866328815,0.106,0.522,0,1,1,GOOD,
2026-06-17T15:51:50.228,65.014,training_20260617_155045_line,SAMPLE,uturn,0,13.341736793518066,101.02129364013672,-153.7128745163817,4,True,LINE,3,1,5.157637595071838,-0.39791352658612045,2.8711719050911273,8.063299580848911,68.62937772656517,137.65774775705313,2.8986140279838595,5.207352914985138,-1.0,1,-255,245,62752,-24,0.0,0.0,0.0,80,25.5,-60.5,40.0,0,0,3,13.34170913696289,101.02128601074219,3.1841248866328815,0.0,0.0,0,1,1,GOOD,
2026-06-17T15:51:50.432,65.217,training_20260617_155045_line,SAMPLE,uturn,0,13.341736793518066,101.02129364013672,-152.69693851885566,4,True,LINE,3,1,5.157637595071838,-0.39791352658612045,2.8711719050911273,8.063299580848911,68.62937772656517,138.6736837545792,2.8986140279838595,5.207352914985138,2.938499927520752,1,-255,170,62752,-24,0.0,0.0,0.0,80,25.5,-60.5,40.0,0,0,3,13.34170913696289,101.02128601074219,3.1841248866328815,0.0,0.0,0,1,1,GOOD,
2026-06-17T15:51:50.633,65.419,training_20260617_155045_line,SAMPLE,uturn,0,13.34173583984375,101.02129364013672,-157.90945202546425,4,True,LINE,3,1,5.11899532787476,-0.2991610522954091,2.8325296378940488,8.063299580848911,68.62937772656517,133.46117024797059,2.8482839543765093,5.239317807132985,-1.0,1,-255,170,62752,-24,0.0,0.0,0.0,80,25.5,-60.5,40.0,0,0,3,13.34170913696289,101.02128601074219,3.081829094025572,0.106,0.525,0,1,1,GOOD,
2026-06-17T15:51:50.842,65.627,training_20260617_155045_line,SAMPLE,uturn,0,13.341734886169434,101.02129364013672,-170.69898124631314,4,True,LINE,3,1,5.080353060677681,-0.20040857800469777,2.79388737069697,8.063299580848911,68.62937772656517,120.67164102712172,2.801065911091328,5.273221817737492,2.7070000171661377,1,-255,170,62752,-24,0.0,0.0,0.0,80,25.5,-60.5,40.0,0,0,3,13.34170913696289,101.02128601074219,2.9797953600667664,0.106,0.51,0,1,1,GOOD,
2026-06-17T15:51:51.449,66.235,training_20260617_155045_line,SAMPLE,uturn,0,13.3417329788208,101.02129364013672,169.84343175087733,4,True,LINE,3,1,5.003068526283523,-0.002903629423274735,2.716602836302812,8.063299580848911,68.62937772656517,101.21405402431219,2.716604388068368,5.346697532576771,2.6875,1,-89,-254,62752,-24,0.0,0.0,0.0,80,25.399999618530273,-54.599998474121094,40.0,0,0,3,13.34170913696289,101.02128601074219,2.7766295557775336,0.0,0.0,0,1,1,GOOD,
2026-06-17T15:51:51.654,66.44,training_20260617_155045_line,SAMPLE,uturn,0,13.3417329788208,101.02129364013672,165.2475204017808,4,True,LINE,3,1,5.003068526283523,-0.002903629423274735,2.716602836302812,8.063299580848911,68.62937772656517,96.61814267521561,2.716604388068368,5.346697532576771,2.6575000286102295,1,-255,20,62752,-24,0.0,0.0,0.0,80,25.399999618530273,-54.599998474121094,40.0,0,0,3,13.34170913696289,101.02128601074219,2.7766295557775336,0.0,0.0,0,1,1,GOOD,
2026-06-17T15:51:51.859,66.644,training_20260617_155045_line,SAMPLE,uturn,0,13.3417329788208,101.02129364013672,165.19237345442212,4,True,LINE,3,1,5.003068526283523,-0.002903629423274735,2.716602836302812,8.063299580848911,68.62937772656517,96.56299572785696,2.716604388068368,5.346697532576771,-1.0,1,-255,0,62752,-24,0.0,0.0,0.0,80,25.200000762939453,-72.4000015258789,40.0,0,0,3,13.34170913696289,101.02128601074219,2.7766295557775336,0.0,0.0,0,1,1,GOOD,
2026-06-17T15:51:52.063,66.848,training_20260617_155045_line,SAMPLE,uturn,0,13.341732025146484,101.02129364013672,156.35781063095578,4,True,LINE,3,1,4.964426259086444,0.09584884486743639,2.677960569105733,8.063299580848911,68.62937772656517,87.72843290439062,2.679675318158438,5.38619192154721,-1.0,1,-169,-254,62752,-24,0.0,0.0,0.0,80,25.200000762939453,-72.4000015258789,40.0,0,0,3,13.34170913696289,101.02128601074219,2.6755659530398996,0.106,0.52,0,1,1,GOOD,
2026-06-17T15:51:52.667,67.453,training_20260617_155045_line,SAMPLE,uturn,0,13.341731071472168,101.02129364013672,139.68010060242875,4,True,LINE,3,1,4.925783991889366,0.19460131915814785,2.6393183019086544,8.063299580848911,68.62937772656517,71.05072287586358,2.6464827171565037,5.427471131070497,-1.0,1,-45,-254,62752,-24,0.0,0.0,0.0,80,25.200000762939453,-72.4000015258789,40.0,0,0,3,13.34170913696289,101.02128601074219,2.574902949646957,0.0,0.0,0,1,1,GOOD,
2026-06-17T15:51:52.873,67.659,training_20260617_155045_line,SAMPLE,uturn,0,13.341730117797852,101.02129364013672,138.42566805946421,4,True,LINE,3,1,4.8871417246922855,0.293353793448859,2.600676034711574,8.063299580848911,68.62937772656517,69.79629033289905,2.6171687537592896,5.470494757647816,-1.0,1,-45,-254,62752,-24,0.0,0.0,0.0,80,25.200000762939453,-72.4000015258789,40.0,0,0,3,13.34170913696289,101.02128601074219,2.474689431650006,0.106,0.515,0,1,1,GOOD,
2026-06-17T15:51:53.080,67.865,training_20260617_155045_line,SAMPLE,uturn,0,13.341730117797852,101.02129364013672,138.51928263222842,4,True,LINE,3,1,4.8871417246922855,0.293353793448859,2.600676034711574,8.063299580848911,68.62937772656517,69.88990490566326,2.6171687537592896,5.470494757647816,2.427500009536743,1,-255,255,62752,-24,0.0,0.0,0.0,80,25.399999618530273,-74.30000305175781,40.0,0,0,3,13.34170913696289,101.02128601074219,2.474689431650006,0.0,0.0,0,1,1,GOOD,
2026-06-17T15:51:53.698,68.484,training_20260617_155045_line,SAMPLE,uturn,0,13.341729164123535,101.02129364013672,129.65767225964882,4,True,LINE,3,1,4.8484994574952065,0.39210626773957025,2.562033767514495,8.063299580848911,68.62937772656517,61.02829453308365,2.5918650333466773,5.5152219774263065,2.0304999351501465,1,-86,-254,62752,-24,0.0,0.0,0.0,80,25.399999618530273,-74.30000305175781,40.0,0,0,3,13.34170913696289,101.02128601074219,2.3749822984867066,0.106,0.5,0,1,1,GOOD,
2026-06-17T15:51:53.899,68.684,training_20260617_155045_line,SAMPLE,uturn,0,13.341728210449219,101.02129364013672,113.74234111608945,4,True,LINE,3,1,4.809857190298127,0.49085874203028107,2.5233915003174148,8.063299580848911,68.62937772656517,45.11296338952428,2.5706899790721023,5.561611688989566,1.997499942779541,1,-86,-254,62752,-24,0.0,0.0,0.0,80,25.399999618530273,-74.30000305175781,40.0,0,0,3,13.34170913696289,101.02128601074219,2.275848106775912,0.106,0.53,0,1,1,GOOD,
2026-06-17T15:51:54.103,68.888,training_20260617_155045_line,SAMPLE,uturn,0,13.341727256774902,101.02129364013672,102.86049739080347,4,True,LINE,3,1,4.771214923101047,0.5896112163209922,2.484749233120336,8.063299580848911,68.62937772656517,34.23111966423829,2.5537462947410448,5.609622647728628,1.9839999675750732,1,-86,-254,62752,-24,0.0,0.0,0.0,80,25.399999618530273,-74.30000305175781,40.0,0,0,3,13.34170913696289,101.02128601074219,2.1773651150165754,0.106,0.52,0,1,1,GOOD,
2026-06-17T15:51:54.503,69.289,training_20260617_155045_line,SAMPLE,uturn,0,13.341727256774902,101.02129364013672,97.82110185889803,4,True,LINE,3,1,4.771214923101047,0.5896112163209922,2.484749233120336,8.063299580848911,68.62937772656517,29.191724132332865,2.5537462947410448,5.609622647728628,2.066499948501587,1,-255,159,62752,-24,0.0,0.0,0.0,80,25.399999618530273,-71.5,40.0,0,0,3,13.34170913696289,101.02128601074219,2.1773651150165754,0.0,0.0,0,1,1,GOOD,
2026-06-17T15:51:54.710,69.495,training_20260617_155045_line,SAMPLE,uturn,0,13.341727256774902,101.02129364013672,98.55788802504564,4,True,LINE,3,1,4.771214923101047,0.5896112163209922,2.484749233120336,8.063299580848911,68.62937772656517,29.92851029848049,2.5537462947410448,5.609622647728628,2.0434999465942383,1,-255,159,62752,-24,0.0,0.0,0.0,80,25.399999618530273,-71.5,40.0,0,0,3,13.34170913696289,101.02128601074219,2.1773651150165754,0.0,0.0,0,1,1,GOOD,
2026-06-17T15:51:54.921,69.707,training_20260617_155045_line,SAMPLE,uturn,0,13.341727256774902,101.02129364013672,93.1088723882362,4,True,LINE,3,1,4.771214923101047,0.5896112163209922,2.484749233120336,8.063299580848911,68.62937772656517,24.479494661671026,2.5537462947410448,5.609622647728628,2.0134999752044678,1,-229,-254,62752,-24,0.0,0.0,0.0,80,25.399999618530273,-73.80000305175781,40.0,0,0,3,13.34170913696289,101.02128601074219,2.1773651150165754,0.0,0.0,0,1,1,GOOD,
2026-06-17T15:51:55.130,69.916,training_20260617_155045_line,SAMPLE,uturn,0,13.341727256774902,101.02129364013672,81.03117865249688,4,True,LINE,3,1,4.771214923101047,0.5896112163209922,2.484749233120336,8.063299580848911,68.62937772656517,12.401800925931695,2.5537462947410448,5.609622647728628,1.8235000371932983,1,-229,-254,62752,-24,0.0,0.0,0.0,80,25.399999618530273,-73.80000305175781,40.0,0,0,3,13.34170913696289,101.02128601074219,2.1773651150165754,0.0,0.0,0,1,1,GOOD,
2026-06-17T15:51:55.332,70.118,training_20260617_155045_line,SAMPLE,uturn,0,13.341727256774902,101.02129364013672,76.79478797074232,4,True,LINE,3,1,4.771214923101047,0.5896112163209922,2.484749233120336,8.063299580848911,68.62937772656517,8.165410244177167,2.5537462947410448,5.609622647728628,-1.0,1,-229,-254,62752,-24,0.0,0.0,0.0,80,25.399999618530273,-73.80000305175781,40.0,0,0,3,13.34170913696289,101.02128601074219,2.1773651150165754,0.0,0.0,0,1,1,GOOD,
2026-06-17T15:51:55.539,70.325,training_20260617_155045_line,SAMPLE,uturn,0,13.341727256774902,101.02129364013672,76.79478797074232,4,True,LINE,3,1,4.771214923101047,0.5896112163209922,2.484749233120336,8.063299580848911,68.62937772656517,8.165410244177167,2.5537462947410448,5.609622647728628,1.780500054359436,1,-255,-1,62752,-24,0.0,0.0,0.0,80,25.399999618530273,-73.80000305175781,40.0,0,0,3,13.34170913696289,101.02128601074219,2.1773651150165754,0.0,0.0,0,1,1,GOOD,
2026-06-17T15:51:55.944,70.73,training_20260617_155045_line,SAMPLE,uturn,0,13.341727256774902,101.02129364013672,61.71741858550597,4,True,LINE,3,1,4.771214923101047,0.5896112163209922,2.484749233120336,8.063299580848911,68.62937772656517,-6.911959141059185,2.5537462947410448,5.609622647728628,-1.0,1,-255,67,62752,-24,0.0,0.0,0.0,80,25.0,-83.4000015258789,40.0,0,0,3,13.34170913696289,101.02128601074219,2.1773651150165754,0.0,0.0,0,1,1,GOOD,
2026-06-17T15:51:56.148,70.933,training_20260617_155045_line,SAMPLE,uturn,0,13.341727256774902,101.02129364013672,61.31968300975778,4,True,LINE,3,1,4.771214923101047,0.5896112163209922,2.484749233120336,8.063299580848911,68.62937772656517,-7.309694716807371,2.5537462947410448,5.609622647728628,-1.0,1,-255,67,62752,-24,0.0,0.0,0.0,80,25.0,-83.4000015258789,40.0,0,0,3,13.34170913696289,101.02128601074219,2.1773651150165754,0.0,0.0,0,1,1,GOOD,
2026-06-17T15:51:56.353,71.139,training_20260617_155045_line,SAMPLE,uturn,0,13.341727256774902,101.02129364013672,62.932154069014395,4,True,LINE,3,1,4.771214923101047,0.5896112163209922,2.484749233120336,8.063299580848911,68.62937772656517,-5.697223657550779,2.5537462947410448,5.609622647728628,-1.0,1,-255,67,40,0,0.0,0.0,0.0,80,25.0,-83.4000015258789,40.0,0,0,3,13.34170913696289,101.02128601074219,2.1773651150165754,0.0,0.0,0,1,1,GOOD,
2026-06-17T15:51:56.757,71.543,training_20260617_155045_line,SAMPLE,uturn,0,13.341728210449219,101.02130126953125,63.815857604208986,4,True,LINE,3,1,5.5785551887098235,0.7916536110372885,3.292089498729112,8.063299580848911,68.62937772656517,-4.813520122356181,3.385936902470404,4.8364410546204075,-1.0,1,-247,241,62752,-24,0.0,0.0,0.0,80,25.0,-83.4000015258789,40.0,0,0,3,13.34170913696289,101.02128601074219,2.687676920550605,0.106,0.52,0,1,1,GOOD,
2026-06-17T15:51:57.164,71.95,training_20260617_155045_line,SAMPLE,uturn,0,13.341729164123535,101.02130126953125,63.349963570733244,4,True,LINE,3,1,5.617197454389703,0.6929011361528904,3.3307317644089913,8.063299580848911,68.62937772656517,-5.279414155831915,3.402041456379537,4.783023205647638,1.7424999475479126,1,-238,232,62752,-24,0.0,0.0,0.0,80,25.0,-78.0999984741211,40.0,0,0,3,13.34170913696289,101.02128601074219,2.772122568394298,0.106,0.261,0,1,1,GOOD,
2026-06-17T15:51:57.569,72.355,training_20260617_155045_line,SAMPLE,uturn,0,13.341730117797852,101.02130889892578,63.765621562863544,4,True,LINE,3,1,6.4245377154468795,0.8949435290881255,4.138072025466168,8.063299580848911,68.62937772656517,-4.863756163701623,4.233741136182322,4.025957796114269,-1.0,1,-238,232,62752,-24,0.0,0.0,0.0,80,25.0,-78.0999984741211,40.0,0,0,3,13.34170913696289,101.02128601074219,3.40221713070631,0.832,2.055,1,1,1,USABLE,gps_jump
2026-06-17T15:51:57.936,72.722,training_20260617_155045_line,SAMPLE,uturn,0,13.341730117797852,101.02130889892578,63.765621562863544,4,True,LINE,3,1,6.4245377154468795,0.8949435290881255,4.138072025466168,8.063299580848911,68.62937772656517,-4.863756163701623,4.233741136182322,4.025957796114269,-1.0,1,-238,232,62752,-24,0.0,0.0,0.0,80,25.0,-78.0999984741211,40.0,0,0,3,13.34170913696289,101.02128601074219,3.40221713070631,0.0,0.0,0,1,1,GOOD,
2026-06-17T15:51:58.172,72.958,training_20260617_155045_line,SAMPLE,uturn,0,13.341732025146484,101.02130889892578,64.06315143329847,4,True,LINE,3,1,6.501822243772235,0.6974385781319542,4.215356553791524,8.063299580848911,68.62937772656517,-4.566226293266709,4.272663273165798,3.910637647070325,-1.0,1,-238,232,62752,-24,0.0,0.0,0.0,80,25.0,-78.0999984741211,40.0,0,0,3,13.34170913696289,101.02128601074219,3.551006441472959,0.212,0.899,0,1,1,GOOD,
2026-06-17T15:51:58.581,73.366,training_20260617_155045_line,SAMPLE,uturn,0,13.3417329788208,101.02131652832031,74.70484570736679,4,True,LINE,3,1,7.309162498760607,0.8994809686924402,5.022696808779895,8.063299580848911,68.62937772656517,6.075467980801619,5.102602203382863,3.1708566518418477,-1.0,1,43,255,62752,-24,0.0,0.0,0.0,80,25.700000762939453,-34.20000076293945,40.0,0,0,3,13.34170913696289,101.02128601074219,4.234416678719125,0.832,2.038,1,1,1,USABLE,gps_jump
2026-06-17T15:51:58.789,73.574,training_20260617_155045_line,SAMPLE,uturn,0,13.341733932495117,101.02131652832031,74.70484570736679,4,True,LINE,3,1,7.347804761406083,0.8007284926206669,5.061339071425372,8.063299580848911,68.62937772656517,6.075467980801619,5.124287200658411,3.106917060494977,-1.0,1,43,255,62752,-24,0.0,0.0,0.0,80,25.700000762939453,-34.20000076293945,40.0,0,0,3,13.34170913696289,101.02128601074219,4.3016036127943815,0.106,0.51,0,1,1,GOOD,
2026-06-17T15:51:58.993,73.778,training_20260617_155045_line,SAMPLE,uturn,0,13.341733932495117,101.02131652832031,83.51512037814459,4,True,LINE,3,1,7.347804761406083,0.8007284926206669,5.061339071425372,8.063299580848911,68.62937772656517,14.88574265157942,5.124287200658411,3.106917060494977,-1.0,1,43,255,62752,-24,0.0,0.0,0.0,80,25.700000762939453,-34.20000076293945,40.0,0,0,3,13.34170913696289,101.02128601074219,4.3016036127943815,0.0,0.0,0,1,1,GOOD,
2026-06-17T15:51:59.193,73.979,training_20260617_155045_line,SAMPLE,uturn,0,13.341733932495117,101.02132415771484,95.00666093969174,4,True,LINE,3,1,8.116502750714577,1.101523358065551,5.830037060733866,8.063299580848911,68.62937772656517,26.37728321312659,5.933185134301336,2.490143720151824,-1.0,1,43,255,62752,-24,0.0,0.0,0.0,80,25.700000762939453,-34.20000076293945,40.0,0,0,3,13.34170913696289,101.02128601074219,4.963482786189233,0.825,4.124,1,1,1,USABLE,gps_jump
2026-06-17T15:51:59.394,74.18,training_20260617_155045_line,SAMPLE,uturn,0,13.341734886169434,101.02132415771484,105.52251580849176,4,True,LINE,3,1,8.155145011842853,1.0027708814000909,5.868679321862142,8.063299580848911,68.62937772656517,36.893138081926594,5.953733822017592,2.412863035252738,-1.0,1,43,255,62752,-24,0.0,0.0,0.0,80,25.700000762939453,-34.20000076293945,40.0,0,0,3,13.34170913696289,101.02128601074219,5.023162443039831,0.106,0.528,0,1,1,GOOD,
2026-06-17T15:51:59.598,74.383,training_20260617_155045_line,SAMPLE,uturn,0,13.341734886169434,101.02132415771484,114.20563284749142,4,True,LINE,3,1,8.155145011842853,1.0027708814000909,5.868679321862142,8.063299580848911,68.62937772656517,45.57625512092625,5.953733822017592,2.412863035252738,1.7009999752044678,1,43,255,62752,-24,0.0,0.0,0.0,80,25.700000762939453,-34.20000076293945,40.0,0,0,3,13.34170913696289,101.02128601074219,5.023162443039831,0.0,0.0,0,1,1,GOOD,
2026-06-17T15:51:59.802,74.587,training_20260617_155045_line,SAMPLE,uturn,0,13.341734886169434,101.02132415771484,120.4463015600512,4,True,LINE,3,1,8.155145011842853,1.0027708814000909,5.868679321862142,8.063299580848911,68.62937772656517,51.816923833486044,5.953733822017592,2.412863035252738,-1.0,1,43,255,62752,-24,0.0,0.0,0.0,80,25.700000762939453,-34.20000076293945,40.0,0,0,3,13.34170913696289,101.02128601074219,5.023162443039831,0.0,0.0,0,1,1,GOOD,
2026-06-17T15:52:00.010,74.796,training_20260617_155045_line,SAMPLE,uturn,0,13.341734886169434,101.02132415771484,120.4463015600512,4,True,LINE,3,1,8.155145011842853,1.0027708814000909,5.868679321862142,8.063299580848911,68.62937772656517,51.816923833486044,5.953733822017592,2.412863035252738,-1.0,1,43,255,62752,-24,0.0,0.0,0.0,80,25.700000762939453,-34.20000076293945,40.0,0,0,3,13.34170913696289,101.02128601074219,5.023162443039831,0.0,0.0,0,1,1,GOOD,
2026-06-17T15:52:00.212,74.998,training_20260617_155045_line,SAMPLE,uturn,0,13.341734886169434,101.02132415771484,125.93978172835743,4,True,LINE,3,1,8.155145011842853,1.0027708814000909,5.868679321862142,8.063299580848911,68.62937772656517,57.31040400179228,5.953733822017592,2.412863035252738,-1.0,1,43,255,62752,-24,0.0,0.0,0.0,80,25.700000762939453,-34.20000076293945,40.0,0,0,3,13.34170913696289,101.02128601074219,5.023162443039831,0.0,0.0,0,1,1,GOOD,
2026-06-17T15:52:00.414,75.2,training_20260617_155045_line,SAMPLE,uturn,0,13.341734886169434,101.02132415771484,126.25637465676586,4,True,LINE,3,1,8.155145011842853,1.0027708814000909,5.868679321862142,8.063299580848911,68.62937772656517,57.626996930200676,5.953733822017592,2.412863035252738,-1.0,1,43,255,62752,-24,0.0,0.0,0.0,80,25.700000762939453,-34.20000076293945,40.0,0,0,3,13.34170913696289,101.02128601074219,5.023162443039831,0.0,0.0,0,1,1,GOOD,
2026-06-17T15:52:00.616,75.401,training_20260617_155045_line,SAMPLE,uturn,0,13.341734886169434,101.02132415771484,127.11430105803282,4,True,LINE,3,1,8.155145011842853,1.0027708814000909,5.868679321862142,8.063299580848911,68.62937772656517,58.484923331467655,5.953733822017592,2.412863035252738,1.7365000247955322,1,43,255,62752,-24,0.0,0.0,0.0,80,25.299999237060547,-86.80000305175781,40.0,0,0,3,13.34170913696289,101.02128601074219,5.023162443039831,0.0,0.0,0,1,1,GOOD,
2026-06-17T15:52:00.817,75.602,training_20260617_155045_line,SAMPLE,uturn,0,13.341734886169434,101.02132415771484,134.25219025015465,4,True,LINE,3,1,8.155145011842853,1.0027708814000909,5.868679321862142,8.063299580848911,68.62937772656517,65.62281252358949,5.953733822017592,2.412863035252738,-1.0,1,43,255,62752,-24,0.0,0.0,0.0,80,25.299999237060547,-86.80000305175781,40.0,0,0,3,13.34170913696289,101.02128601074219,5.023162443039831,0.0,0.0,0,1,1,GOOD,
2026-06-17T15:52:01.017,75.803,training_20260617_155045_line,SAMPLE,uturn,0,13.341733932495117,101.02132415771484,134.25219025015465,4,True,LINE,3,1,8.116502750714577,1.101523358065551,5.830037060733866,8.063299580848911,68.62937772656517,65.62281252358949,5.933185134301336,2.490143720151824,-1.0,1,43,255,40,0,0.0,0.0,0.0,80,25.299999237060547,-86.80000305175781,40.0,0,0,3,13.34170913696289,101.02128601074219,4.963482786189233,0.106,0.528,0,1,1,GOOD,
2026-06-17T15:52:01.220,76.005,training_20260617_155045_line,SAMPLE,uturn,0,13.341733932495117,101.02132415771484,146.7025322768207,4,True,LINE,3,1,8.116502750714577,1.101523358065551,5.830037060733866,8.063299580848911,68.62937772656517,78.07315455025554,5.933185134301336,2.490143720151824,1.7315000295639038,1,43,255,40,0,0.0,0.0,0.0,80,25.299999237060547,-86.80000305175781,40.0,0,0,3,13.34170913696289,101.02128601074219,4.963482786189233,0.0,0.0,0,1,1,GOOD,
2026-06-17T15:52:01.423,76.209,training_20260617_155045_line,SAMPLE,uturn,0,13.341733932495117,101.02132415771484,150.7465370202235,4,True,LINE,3,1,8.116502750714577,1.101523358065551,5.830037060733866,8.063299580848911,68.62937772656517,82.11715929365835,5.933185134301336,2.490143720151824,-1.0,1,43,255,62752,-24,0.0,0.0,0.0,80,25.299999237060547,-86.80000305175781,40.0,0,0,3,13.34170913696289,101.02128601074219,4.963482786189233,0.0,0.0,0,1,1,GOOD,
2026-06-17T15:52:01.627,76.413,training_20260617_155045_line,SAMPLE,uturn,0,13.3417329788208,101.02132415771484,148.26119510579593,4,True,LINE,3,1,8.0778604895863,1.2002758347310116,5.791394799605589,8.063299580848911,68.62937772656517,79.63181737923077,5.914466654258681,2.569477382488395,-1.0,1,43,255,62752,-24,0.0,0.0,0.0,80,25.299999237060547,-86.80000305175781,40.0,0,0,3,13.34170913696289,101.02128601074219,4.9053697475738876,0.106,0.52,0,1,1,GOOD,
2026-06-17T15:52:02.442,77.228,training_20260617_155045_line,SAMPLE,uturn,0,13.341732025146484,101.02132415771484,168.22167163434952,4,True,LINE,3,1,8.039218228458024,1.2990283113964716,5.752752538477313,8.063299580848911,68.62937772656517,99.59229390778432,5.8975958086975355,2.6506796945712994,-1.0,1,43,255,-226,227,0.0,0.0,0.0,80,25.600000381469727,-71.5999984741211,40.0,0,0,3,13.34170913696289,101.02128601074219,4.848879654519662,0.0,0.0,0,1,1,GOOD,
2026-06-17T15:52:02.649,77.434,training_20260617_155045_line,SAMPLE,uturn,0,13.341731071472168,101.02132415771484,164.8637320723178,4,True,LINE,3,1,8.000575967329748,1.3977807880619315,5.714110277349036,8.063299580848911,68.62937772656517,96.23435434575265,5.8825884942923645,2.733584134298982,-1.0,1,43,255,-226,227,0.0,0.0,0.0,80,25.600000381469727,-71.5999984741211,40.0,0,0,3,13.34170913696289,101.02128601074219,4.794069878464608,0.106,0.515,0,1,1,GOOD,
2026-06-17T15:52:02.849,77.635,training_20260617_155045_line,SAMPLE,uturn,0,13.341730117797852,101.02132415771484,163.9356596282748,4,True,LINE,3,1,7.961933706201471,1.4965332647273915,5.675468016220759,8.063299580848911,68.62937772656517,95.30628190170967,5.869459005358195,2.8180404800774195,1.6410000324249268,1,43,255,-226,227,0.0,0.0,0.0,80,25.600000381469727,-71.5999984741211,40.0,0,0,3,13.34170913696289,101.02128601074219,4.740998697233943,0.106,0.528,0,1,1,GOOD,
2026-06-17T15:52:03.052,77.837,training_20260617_155045_line,SAMPLE,uturn,0,13.341729164123535,101.02132415771484,163.9356596282748,4,True,LINE,3,1,7.923291445073193,1.5952857413928516,5.636825755092482,8.063299580848911,68.62937772656517,95.30628190170967,5.858219967700535,2.903913329871289,-1.0,1,43,255,62752,-24,0.0,0.0,0.0,80,25.399999618530273,-74.4000015258789,40.0,0,0,3,13.34170913696289,101.02128601074219,4.689725135520369,0.106,0.525,0,1,1,GOOD,
2026-06-17T15:52:03.252,78.037,training_20260617_155045_line,SAMPLE,uturn,0,13.341728210449219,101.02132415771484,166.57768608226246,4,True,LINE,3,1,7.884649183944915,1.6940382180583107,5.5981834939642034,8.063299580848911,68.62937772656517,97.94830835569729,5.8488822792338215,2.9910806842074127,-1.0,1,43,255,62752,-24,0.0,0.0,0.0,80,25.399999618530273,-74.4000015258789,40.0,0,0,3,13.34170913696289,101.02128601074219,4.640308782643079,0.106,0.53,0,1,1,GOOD,
2026-06-17T15:52:03.454,78.24,training_20260617_155045_line,SAMPLE,uturn,0,13.341726303100586,101.02132415771484,-179.5343363717232,4,True,LINE,3,1,7.807364661688357,1.8915431713892294,5.520898971707646,8.063299580848911,68.62937772656517,111.83628590171162,5.835945598189874,3.168870047740005,-1.0,1,43,255,62752,-24,0.0,0.0,0.0,80,25.399999618530273,-74.4000015258789,40.0,0,0,3,13.34170913696289,101.02128601074219,4.547287626411636,0.212,1.045,0,1,1,GOOD,
2026-06-17T15:52:03.674,78.46,training_20260617_155045_line,SAMPLE,uturn,0,13.34172534942627,101.02132415771484,-171.2649990228321,4,True,LINE,3,1,7.768722400560078,1.9902956480546887,5.4822567105793665,8.063299580848911,68.62937772656517,120.10562325060278,5.832359334553893,3.259303616948608,1.7165000438690186,1,43,255,62752,-24,0.0,0.0,0.0,80,25.399999618530273,-74.4000015258789,40.0,0,0,3,13.34170913696289,101.02128601074219,4.503802855900258,0.106,0.482,0,1,1,GOOD,
2026-06-17T15:52:06.919,81.704,training_20260617_155045_line,SAMPLE,uturn,0,13.341707229614258,101.02131652832031,-135.88571195243324,4,True,LINE,3,0,0.0,2.485694199122865,0.0,2.2864656899807114,318.21548398766015,-94.10119594009336,3.4855154932413246,5.343237411634982,1.4984999895095825,1,43,255,40,0,0.0,0.0,0.0,79,25.600000381469727,-43.599998474121094,40.0,0,0,3,13.34170913696289,101.02128601074219,3.308620464712577,0.106,0.522,0,1,1,GOOD,
2026-06-17T15:52:07.120,81.906,training_20260617_155045_line,SAMPLE,uturn,0,13.341705322265625,101.02131652832031,-132.35036505689962,4,True,LINE,3,0,0.0,2.3443737426795517,0.0,2.2864656899807114,318.21548398766015,-90.56584904455974,3.5020074671187635,5.42112602348734,1.4285000562667847,1,0,255,62752,-24,0.0,0.0,0.0,79,25.600000381469727,-43.599998474121094,40.0,0,0,3,13.34170913696289,101.02128601074219,3.3289507021728295,0.212,1.05,0,1,1,GOOD,
2026-06-17T15:52:07.324,82.109,training_20260617_155045_line,SAMPLE,uturn,0,13.341704368591309,101.02130889892578,-130.5545853806982,4,True,LINE,3,0,0.0,1.6582087170088278,0.0,2.2864656899807114,318.21548398766015,-88.77006936835835,2.6998186571015133,4.718043524818747,1.2230000495910645,1,0,255,-230,231,0.0,0.0,0.0,79,25.600000381469727,-43.599998474121094,40.0,0,0,3,13.34170913696289,101.02128601074219,2.532488968866785,0.832,4.087,1,1,1,USABLE,gps_jump
2026-06-17T15:52:07.543,82.329,training_20260617_155045_line,SAMPLE,uturn,0,13.341703414916992,101.02130889892578,-130.5545853806982,4,True,LINE,3,0,0.0,1.5875484875723338,0.0,2.2864656899807114,318.21548398766015,-88.77006936835835,2.720820862214668,4.768162299548679,1.1725000143051147,1,0,255,-230,231,0.0,0.0,0.0,79,25.600000381469727,-43.599998474121094,40.0,0,0,3,13.34170913696289,101.02128601074219,2.556794563033665,0.106,0.482,0,1,1,GOOD,
2026-06-17T15:52:07.937,82.723,training_20260617_155045_line,SAMPLE,uturn,0,13.34170150756836,101.02130889892578,-126.97253365162004,4,True,LINE,3,0,0.0,1.4462280286993447,0.0,2.2864656899807114,318.21548398766015,-85.18801763928019,2.7745321382670762,4.873778554294382,-1.0,1,0,255,-230,231,0.0,0.0,0.0,79,25.600000381469727,-43.599998474121094,40.0,0,0,3,13.34170913696289,101.02128601074219,2.617645165748718,0.212,0.538,0,1,1,GOOD,
2026-06-17T15:52:08.138,82.924,training_20260617_155045_line,SAMPLE,uturn,0,13.341700553894043,101.02130126953125,-116.20994502924249,4,True,LINE,3,0,0.0,0.7600629969544356,0.0,2.2864656899807114,318.21548398766015,-74.42542901690263,2.0434538776676026,4.251794360281506,-1.0,1,0,255,98,255,0.0,0.0,0.0,79,25.799999237060547,-21.299999237060547,40.0,0,0,3,13.34170913696289,101.02128601074219,1.9069254048345683,0.832,4.14,1,1,1,USABLE,gps_jump
2026-06-17T15:52:08.766,83.552,training_20260617_155045_line,SAMPLE,uturn,0,13.34169864654541,101.02130126953125,-110.6929485196239,4,True,LINE,3,0,0.0,0.6187425356517728,0.0,2.2864656899807114,318.21548398766015,-68.90843250728403,2.1461149677594653,4.385321450748936,-1.0,1,-204,2,62752,-24,0.0,0.0,0.0,79,25.799999237060547,-21.299999237060547,40.0,0,0,3,13.34170913696289,101.02128601074219,2.0214290887458106,0.106,0.476,0,1,1,GOOD,
2026-06-17T15:52:09.764,84.549,training_20260617_155045_line,SAMPLE,uturn,0,13.341696739196777,101.02129364013672,-105.17209295312425,4,True,LINE,3,0,0.0,-0.13808273281865152,0.0,2.2864656899807114,318.21548398766015,-63.38757694078441,1.668827141993683,3.951983426966882,-1.0,1,-204,2,84,255,0.0,0.0,0.0,79,25.600000381469727,-42.29999923706055,40.0,0,0,3,13.34170913696289,101.02128601074219,1.6068061300508527,0.106,0.525,0,1,1,GOOD,
2026-06-17T15:52:09.974,84.759,training_20260617_155045_line,SAMPLE,uturn,0,13.341696739196777,101.02128601074219,-96.79692865323295,4,True,LINE,3,0,0.0,-0.7535875399864125,0.0,2.2864656899807114,318.21548398766015,-55.0124126408931,1.3441872221582156,3.4820682280665367,-1.0,1,146,255,62752,-24,0.0,0.0,0.0,79,25.700000762939453,-35.29999923706055,40.0,0,0,3,13.34170913696289,101.02128601074219,1.3785686935227046,0.825,3.934,1,1,1,USABLE,gps_jump
2026-06-17T15:52:10.371,85.157,training_20260617_155045_line,SAMPLE,uturn,0,13.341696739196777,101.02128601074219,-78.34838279935342,4,True,LINE,3,0,0.0,-0.7535875399864125,0.0,2.2864656899807114,318.21548398766015,-36.56386678701358,1.3441872221582156,3.4820682280665367,-1.0,1,146,255,40,0,0.0,0.0,0.0,79,25.700000762939453,-35.29999923706055,40.0,0,0,3,13.34170913696289,101.02128601074219,1.3785686935227046,0.0,0.0,0,1,1,GOOD,
2026-06-17T15:52:11.583,86.369,training_20260617_155045_line,SAMPLE,uturn,0,13.341696739196777,101.02127838134766,-69.53992495889486,4,True,LINE,3,0,0.0,-1.3690923471541734,0.0,2.2864656899807114,318.21548398766015,-27.755408946555008,1.4803523710741453,3.161356321626179,-1.0,1,103,255,62752,-24,0.0,0.0,0.0,79,25.399999618530273,-55.900001525878906,40.0,0,0,3,13.34170913696289,101.02128601074219,1.6068061300508527,0.825,4.047,1,1,1,USABLE,gps_jump
2026-06-17T15:52:11.787,86.573,training_20260617_155045_line,SAMPLE,uturn,0,13.341696739196777,101.02127838134766,-69.53992495889486,4,True,LINE,3,0,0.0,-1.3690923471541734,0.0,2.2864656899807114,318.21548398766015,-27.755408946555008,1.4803523710741453,3.161356321626179,-1.0,1,39,255,62752,-24,0.0,0.0,0.0,79,25.5,-60.5,40.0,0,0,3,13.34170913696289,101.02128601074219,1.6068061300508527,0.0,0.0,0,1,1,GOOD,
2026-06-17T15:52:12.189,86.974,training_20260617_155045_line,SAMPLE,uturn,0,13.341697692871094,101.02127838134766,-62.75128382960329,4,True,LINE,3,0,0.0,-1.2984321128583318,0.0,2.2864656899807114,318.21548398766015,-20.966767817263417,1.3856997949851215,3.059624647167304,-1.0,1,39,255,62752,-24,0.0,0.0,0.0,79,25.5,-60.5,40.0,0,0,3,13.34170913696289,101.02128601074219,1.5168038887946613,0.106,0.264,0,1,1,GOOD,
2026-06-17T15:52:12.396,87.181,training_20260617_155045_line,SAMPLE,uturn,0,13.341697692871094,101.02127838134766,-62.701874241147415,4,True,LINE,3,0,0.0,-1.2984321128583318,0.0,2.2864656899807114,318.21548398766015,-20.917358228807586,1.3856997949851215,3.059624647167304,-1.0,1,39,255,62752,-24,0.0,0.0,0.0,79,25.5,-60.5,40.0,0,0,3,13.34170913696289,101.02128601074219,1.5168038887946613,0.0,0.0,0,1,1,GOOD,
2026-06-17T15:52:12.599,87.385,training_20260617_155045_line,SAMPLE,uturn,0,13.341697692871094,101.02127838134766,-55.555013595550776,4,True,LINE,3,0,0.0,-1.2984321128583318,0.0,2.2864656899807114,318.21548398766015,-13.770497583210954,1.3856997949851215,3.059624647167304,-1.0,1,39,255,62752,-24,0.0,0.0,0.0,79,25.5,-60.5,40.0,0,0,3,13.34170913696289,101.02128601074219,1.5168038887946613,0.0,0.0,0,1,1,GOOD,
2026-06-17T15:52:12.801,87.586,training_20260617_155045_line,SAMPLE,uturn,0,13.34169864654541,101.02127838134766,-54.56210558081144,4,True,LINE,3,0,0.0,-1.2277718785624905,0.0,2.2864656899807114,318.21548398766015,-12.77758956847157,1.2928167902236214,2.9581958560593695,-1.0,1,39,255,62752,-24,0.0,0.0,0.0,79,25.5,-60.5,40.0,0,0,3,13.34170913696289,101.02128601074219,1.4290040890569744,0.106,0.528,0,1,1,GOOD,
2026-06-17T15:52:13.004,87.789,training_20260617_155045_line,SAMPLE,uturn,0,13.34169864654541,101.02127838134766,-54.56210558081144,4,True,LINE,3,0,0.0,-1.2277718785624905,0.0,2.2864656899807114,318.21548398766015,-12.77758956847157,1.2928167902236214,2.9581958560593695,-1.0,1,39,255,62752,-24,0.0,0.0,0.0,79,25.5,-60.5,40.0,0,0,3,13.34170913696289,101.02128601074219,1.4290040890569744,0.0,0.0,0,1,1,GOOD,
2026-06-17T15:52:13.207,87.993,training_20260617_155045_line,SAMPLE,uturn,0,13.34169864654541,101.02127838134766,-55.260198725310936,4,True,LINE,3,0,0.0,-1.2277718785624905,0.0,2.2864656899807114,318.21548398766015,-13.475682712971093,1.2928167902236214,2.9581958560593695,-1.0,1,39,255,62752,-24,0.0,0.0,0.0,79,25.5,-60.5,40.0,0,0,3,13.34170913696289,101.02128601074219,1.4290040890569744,0.0,0.0,0,1,1,GOOD,
2026-06-17T15:52:14.424,89.21,training_20260617_155045_line,SAMPLE,uturn,0,13.341697692871094,101.02127838134766,-33.881699792981856,4,True,LINE,3,0,0.0,-1.2984321128583318,0.0,2.2864656899807114,318.21548398766015,7.902816219357987,1.3856997949851215,3.059624647167304,-1.0,1,118,2,-24,0,0.0,0.0,0.0,79,25.0,40.0,0.0,0,0,3,13.34170913696289,101.02128601074219,1.5168038887946613,0.106,0.271,0,1,1,GOOD,
2026-06-17T15:52:14.627,89.413,training_20260617_155045_line,SAMPLE,uturn,0,13.341697692871094,101.02127838134766,-35.45969547240282,4,True,LINE,3,0,0.0,-1.2984321128583318,0.0,2.2864656899807114,318.21548398766015,6.324820539937036,1.3856997949851215,3.059624647167304,-1.0,1,-188,255,62752,-2,0.0,0.0,0.0,79,25.399999618530273,-71.19999694824219,40.0,0,0,3,13.34170913696289,101.02128601074219,1.5168038887946613,0.0,0.0,0,1,1,GOOD,
2026-06-17T15:52:14.827,89.613,training_20260617_155045_line,SAMPLE,uturn,0,13.341697692871094,101.02127838134766,-34.168728247567884,4,True,LINE,3,0,0.0,-1.2984321128583318,0.0,2.2864656899807114,318.21548398766015,7.615787764771994,1.3856997949851215,3.059624647167304,-1.0,1,-174,255,62752,-24,0.0,0.0,0.0,79,25.399999618530273,-71.19999694824219,40.0,0,0,3,13.34170913696289,101.02128601074219,1.5168038887946613,0.0,0.0,0,1,1,GOOD,
2026-06-17T15:52:15.029,89.814,training_20260617_155045_line,SAMPLE,uturn,0,13.34169864654541,101.02127838134766,-34.168728247567884,4,True,LINE,3,0,0.0,-1.2277718785624905,0.0,2.2864656899807114,318.21548398766015,7.615787764771994,1.2928167902236214,2.9581958560593695,-1.0,1,-79,255,62752,-24,0.0,0.0,0.0,79,25.399999618530273,-67.5,40.0,0,0,3,13.34170913696289,101.02128601074219,1.4290040890569744,0.106,0.528,0,1,1,GOOD,
2026-06-17T15:52:15.233,90.019,training_20260617_155045_line,SAMPLE,uturn,0,13.341699600219727,101.02127838134766,-32.96987295387974,4,True,LINE,3,0,0.0,-1.157111644266649,0.0,2.2864656899807114,318.21548398766015,8.814643058460092,1.2021136120732276,2.8571022060901745,-1.0,1,158,200,62752,-24,0.0,0.0,0.0,79,25.399999618530273,-67.5,40.0,0,0,3,13.34170913696289,101.02128601074219,1.343838490297787,0.106,0.517,0,1,1,GOOD,
2026-06-17T15:52:15.438,90.224,training_20260617_155045_line,SAMPLE,uturn,0,13.341700553894043,101.02127838134766,-27.920747817501603,4,True,LINE,3,0,0.0,-1.0864514099708076,0.0,2.2864656899807114,318.21548398766015,13.863768194838258,1.11412278118918,2.7563805726476147,-1.0,1,158,200,194,191,0.0,0.0,0.0,79,25.399999618530273,-67.5,40.0,0,0,3,13.34170913696289,101.02128601074219,1.261840576877861,0.106,0.517,0,1,1,GOOD,
2026-06-17T15:52:15.839,90.624,training_20260617_155045_line,SAMPLE,uturn,0,13.34170150756836,101.02127838134766,-18.202314119205997,4,True,LINE,3,0,0.0,-1.0157911756749658,0.0,2.2864656899807114,318.21548398766015,23.582201893133856,1.0295399743492335,2.656073278070162,-1.0,1,-91,255,62752,-24,0.0,0.0,0.0,79,25.399999618530273,-67.5,40.0,0,0,3,13.34170913696289,101.02128601074219,1.1836688501816743,0.106,0.265,0,1,1,GOOD,
2026-06-17T15:52:16.044,90.829,training_20260617_155045_line,SAMPLE,uturn,0,13.34170150756836,101.02127838134766,-18.202314119205997,4,True,LINE,3,0,0.0,-1.0157911756749658,0.0,2.2864656899807114,318.21548398766015,23.582201893133856,1.0295399743492335,2.656073278070162,-1.0,1,-91,255,62752,-24,0.0,0.0,0.0,79,25.399999618530273,-67.5,40.0,0,0,3,13.34170913696289,101.02128601074219,1.1836688501816743,0.0,0.0,0,1,1,GOOD,
2026-06-17T15:52:16.244,91.03,training_20260617_155045_line,SAMPLE,uturn,0,13.341702461242676,101.02127838134766,-17.77849063592295,4,True,LINE,3,0,0.0,-0.945130941379124,0.0,2.2864656899807114,318.21548398766015,24.006025376416915,0.9492766182660687,2.556229099214877,1.7480000257492065,1,-66,255,62752,-24,0.0,0.0,0.0,79,25.0,-53.70000076293945,40.0,0,0,3,13.34170913696289,101.02128601074219,1.1101318859985496,0.106,0.528,0,1,1,GOOD,
2026-06-17T15:52:16.448,91.234,training_20260617_155045_line,SAMPLE,uturn,0,13.341702461242676,101.02127838134766,-15.179108468018272,4,True,LINE,3,0,0.0,-0.945130941379124,0.0,2.2864656899807114,318.21548398766015,26.605407544321565,0.9492766182660687,2.556229099214877,-1.0,1,0,255,62752,-24,0.0,0.0,0.0,79,25.5,-53.70000076293945,40.0,0,0,3,13.34170913696289,101.02128601074219,1.1101318859985496,0.0,0.0,0,1,1,GOOD,
2026-06-17T15:52:17.053,91.838,training_20260617_155045_line,SAMPLE,uturn,0,13.341704368591309,101.02127838134766,-4.024111390558324,4,True,LINE,3,0,0.06952378145058374,-0.8038104727874409,0.06952378145058374,2.2864656899807114,318.21548398766015,37.760404621781504,0.8068115221970729,2.3581651261135113,-1.0,1,60,182,-93,214,0.0,0.0,0.0,79,25.200000762939453,-64.5999984741211,40.0,0,0,3,13.34170913696289,101.02128601074219,0.9810739906384658,0.0,0.0,0,1,1,GOOD,
2026-06-17T15:52:17.259,92.045,training_20260617_155045_line,SAMPLE,uturn,0,13.341705322265625,101.02127838134766,-1.3365164757492858,4,True,LINE,3,0,0.14859594647674695,-0.7331502384915991,0.14859594647674695,2.2864656899807114,318.21548398766015,40.447999536590544,0.748057502809516,2.2600876901502036,-1.0,1,60,182,-93,214,0.0,0.0,0.0,79,25.200000762939453,-64.5999984741211,40.0,0,0,3,13.34170913696289,101.02128601074219,0.9280617913067977,0.106,0.512,0,1,1,GOOD,
2026-06-17T15:52:17.464,92.25,training_20260617_155045_line,SAMPLE,uturn,0,13.341705322265625,101.02127838134766,-3.953383501042373,4,True,LINE,3,0,0.14859594647674695,-0.7331502384915991,0.14859594647674695,2.2864656899807114,318.21548398766015,37.83113251129748,0.748057502809516,2.2600876901502036,-1.0,1,-142,255,62752,-24,0.0,0.0,0.0,79,25.200000762939453,-64.5999984741211,40.0,0,0,3,13.34170913696289,101.02128601074219,0.9280617913067977,0.0,0.0,0,1,1,GOOD,
2026-06-17T15:52:17.667,92.453,training_20260617_155045_line,SAMPLE,uturn,0,13.341706275939941,101.02127838134766,-2.409480924306932,4,True,LINE,3,0,0.22766811150290997,-0.6624900041957573,0.22766811150290997,2.2864656899807114,318.21548398766015,39.37503508803292,0.7005182186457366,2.162762244053735,-1.0,1,-49,255,62752,-24,0.0,0.0,0.0,79,25.200000762939453,-64.5999984741211,40.0,0,0,3,13.34170913696289,101.02128601074219,0.8846365094462332,0.106,0.522,0,1,1,GOOD,
2026-06-17T15:52:17.877,92.662,training_20260617_155045_line,SAMPLE,uturn,0,13.341706275939941,101.02127838134766,1.1481729421691262,4,True,LINE,3,0,0.22766811150290997,-0.6624900041957573,0.22766811150290997,2.2864656899807114,318.21548398766015,42.93268895450899,0.7005182186457366,2.162762244053735,-1.0,1,-49,255,62752,-24,0.0,0.0,0.0,79,25.200000762939453,-64.5999984741211,40.0,0,0,3,13.34170913696289,101.02128601074219,0.8846365094462332,0.0,0.0,0,1,1,GOOD,
2026-06-17T15:52:18.279,93.064,training_20260617_155045_line,SAMPLE,uturn,0,13.341708183288574,101.02127838134766,9.041929927988878,4,True,LINE,3,0,0.3858124415552362,-0.5211695356040736,0.3858124415552362,2.2864656899807114,318.21548398766015,50.82644594032871,0.6484357523306211,1.9708121408526198,-1.0,1,81,240,62752,-24,0.0,0.0,0.0,79,25.5,-66.5,40.0,0,0,3,13.34170913696289,101.02128601074219,0.8322376706953911,0.212,0.528,0,1,1,GOOD,
2026-06-17T15:52:18.480,93.266,training_20260617_155045_line,SAMPLE,uturn,0,13.34170913696289,101.02127838134766,16.816074293185842,4,True,LINE,3,0,0.4648846065813993,-0.45050930130823186,0.4648846065813993,2.2864656899807114,318.21548398766015,58.600590305525714,0.647361049184745,1.8764637773279722,1.749500036239624,1,81,240,62752,-24,0.0,0.0,0.0,79,25.5,-66.5,40.0,0,0,3,13.34170913696289,101.02128601074219,0.8254539731821099,0.106,0.525,0,1,1,GOOD,
2026-06-17T15:52:18.692,93.477,training_20260617_155045_line,SAMPLE,uturn,0,13.341710090637207,101.02127838134766,23.495287254237336,4,True,LINE,3,0,0.5439567716075624,-0.37984906701238996,0.5439567716075624,2.2864656899807114,318.21548398766015,65.27980326657718,0.6634563158851567,1.7834300302229888,-1.0,1,0,255,62752,-24,0.0,0.0,0.0,79,25.5,-66.5,40.0,0,0,3,13.34170913696289,101.02128601074219,0.832237667463513,0.106,0.503,0,1,1,GOOD,
2026-06-17T15:52:18.900,93.685,training_20260617_155045_line,SAMPLE,uturn,0,13.341710090637207,101.02127838134766,26.96583785266234,4,True,LINE,3,0,0.5439567716075624,-0.37984906701238996,0.5439567716075624,2.2864656899807114,318.21548398766015,68.75035386500218,0.6634563158851567,1.7834300302229888,-1.0,1,-24,255,62752,-24,0.0,0.0,0.0,79,25.5,-48.400001525878906,40.0,0,0,3,13.34170913696289,101.02128601074219,0.832237667463513,0.0,0.0,0,1,1,GOOD,
2026-06-17T15:52:19.292,94.077,training_20260617_155045_line,SAMPLE,uturn,0,13.341711044311523,101.02127838134766,30.424421959661476,4,True,LINE,3,0,0.6230289366337253,-0.30918883271654807,0.6230289366337253,2.2864656899807114,318.21548398766015,72.20893797200131,0.6955305817572454,1.691927773211291,-1.0,1,-27,255,62752,-24,0.0,0.0,0.0,79,25.5,-48.400001525878906,40.0,0,0,3,13.34170913696289,101.02128601074219,0.8522648417208246,0.106,0.271,0,1,1,GOOD,
2026-06-17T15:52:19.495,94.281,training_20260617_155045_line,SAMPLE,uturn,0,13.34171199798584,101.02127838134766,32.15488795192464,4,True,LINE,3,0,0.7021011016598881,-0.23852859842070603,0.7021011016598881,2.2864656899807114,318.21548398766015,73.9394039642645,0.7415132158070923,1.6022194165630368,-1.0,1,-27,255,62752,-24,0.0,0.0,0.0,79,25.5,-48.400001525878906,40.0,0,0,3,13.34170913696289,101.02128601074219,0.8846365003248912,0.106,0.52,0,1,1,GOOD,
2026-06-17T15:52:19.700,94.485,training_20260617_155045_line,SAMPLE,uturn,0,13.341712951660156,101.02127838134766,35.084130690700505,4,True,LINE,3,0,0.7811732666860511,-0.16786836412486408,0.7811732666860511,2.2864656899807114,318.21548398766015,76.86864670304033,0.7990065458173133,1.5146237420048638,-1.0,1,-27,255,62752,-24,0.0,0.0,0.0,79,25.5,-48.400001525878906,40.0,0,0,3,13.34170913696289,101.02128601074219,0.928061779714075,0.106,0.52,0,1,1,GOOD,
2026-06-17T15:52:20.099,94.885,training_20260617_155045_line,SAMPLE,uturn,0,13.341714859008789,101.02127838134766,38.687581402448316,4,True,LINE,3,0,0.939317596738377,-0.02654789553318002,0.939317596738377,2.2864656899807114,318.21548398766015,80.47209741478815,0.9396926829020225,1.3474096548070515,-1.0,1,0,255,40,0,0.0,0.0,0.0,79,25.700000762939453,-47.900001525878906,40.0,0,0,3,13.34170913696289,101.02128601074219,1.0422111980975997,0.212,0.53,0,1,1,GOOD,
2026-06-17T15:52:20.300,95.086,training_20260617_155045_line,SAMPLE,uturn,0,13.341715812683105,101.02127838134766,44.12334988736253,4,True,LINE,3,0,1.0183897617645397,0.04411233876266194,1.0183897617645397,2.2864656899807114,318.21548398766015,85.90786589970236,1.0193446940549344,1.2688429590995427,-1.0,1,0,255,40,0,0.0,0.0,0.0,79,25.700000762939453,-47.900001525878906,40.0,0,0,3,13.34170913696289,101.02128601074219,1.110131869038551,0.106,0.528,0,1,1,GOOD,
2026-06-17T15:52:20.504,95.29,training_20260617_155045_line,SAMPLE,uturn,0,13.341716766357422,101.02127838134766,44.12334988736253,4,True,LINE,3,0,1.0974619267907024,0.11477257305850419,1.0974619267907024,2.2864656899807114,318.21548398766015,85.90786589970236,1.1034470645579837,1.1945303193435672,-1.0,1,0,255,40,0,0.0,0.0,0.0,79,25.700000762939453,-47.900001525878906,40.0,0,0,3,13.34170913696289,101.02128601074219,1.183668832003004,0.106,0.52,0,1,1,GOOD,
2026-06-17T15:52:22.334,97.12,training_20260617_155045_line,SAMPLE,uturn,0,13.341719627380371,101.02128601074219,60.46554053329101,4,True,LINE,3,0,0.7846528754819031,0.942258053957702,0.7846528754819031,2.2864656899807114,318.21548398766015,102.25005654563085,1.2261852940115432,1.7729331158953605,-1.0,1,0,255,62752,-24,0.0,0.0,0.0,79,25.5,-64.19999694824219,40.0,0,0,3,13.34170913696289,101.02128601074219,1.1664812022115192,0.832,4.12,1,1,1,USABLE,gps_jump
2026-06-17T15:52:22.745,97.53,training_20260617_155045_line,SAMPLE,uturn,0,13.341721534729004,101.02128601074219,66.57519255719161,4,True,LINE,3,1,3.770663310886466,0.8813311889024403,1.4841976209057544,8.063299580848911,68.62937772656517,-2.054185169373568,1.7261480940042457,6.6378708031750175,2.190000057220459,1,0,255,62752,-24,0.0,0.0,0.0,79,25.5,-64.19999694824219,40.0,0,0,3,13.34170913696289,101.02128601074219,1.3785686935227046,0.212,0.517,0,1,1,GOOD,
2026-06-17T15:52:22.947,97.733,training_20260617_155045_line,SAMPLE,uturn,0,13.341721534729004,101.02128601074219,67.36685246313111,4,True,LINE,3,1,3.770663310886466,0.8813311889024403,1.4841976209057544,8.063299580848911,68.62937772656517,-1.2625252634340427,1.7261480940042457,6.6378708031750175,3.127500057220459,1,-107,246,62752,-24,0.0,0.0,0.0,79,25.5,-37.20000076293945,40.0,0,0,3,13.34170913696289,101.02128601074219,1.3785686935227046,0.0,0.0,0,1,1,GOOD,
2026-06-17T15:52:24.581,99.367,training_20260617_155045_line,SAMPLE,uturn,0,13.341726303100586,101.02129364013672,71.49343419359937,4,True,LINE,3,1,4.732572655903967,0.688363690611703,2.4461069659232555,8.063299580848911,68.62937772656517,2.864056467034203,2.5411186236165437,5.659213591365839,-1.0,1,-107,246,62752,-24,0.0,0.0,0.0,79,25.700000762939453,-33.900001525878906,40.0,0,0,3,13.34170913696289,101.02128601074219,2.0796258401578203,0.106,0.525,0,1,1,GOOD,
2026-06-17T15:52:24.784,99.57,training_20260617_155045_line,SAMPLE,uturn,0,13.341726303100586,101.02130126953125,71.49343419359937,4,True,LINE,3,1,5.501270657350064,0.9891585608060847,3.214804967369353,8.063299580848911,68.62937772656517,2.864056467034203,3.3635406399564483,4.948366994158952,-1.0,1,-107,246,62752,-24,0.0,0.0,0.0,79,25.700000762939453,-33.900001525878906,40.0,0,0,3,13.34170913696289,101.02128601074219,2.5236810962035507,0.825,4.058,1,1,1,USABLE,gps_jump
2026-06-17T15:52:24.985,99.77,training_20260617_155045_line,SAMPLE,uturn,0,13.341726303100586,101.02130126953125,71.72536009705632,4,True,LINE,3,1,5.501270657350064,0.9891585608060847,3.214804967369353,8.063299580848911,68.62937772656517,3.095982370491157,3.3635406399564483,4.948366994158952,-1.0,1,-107,246,62752,-24,0.0,0.0,0.0,79,25.700000762939453,-26.299999237060547,40.0,0,0,3,13.34170913696289,101.02128601074219,2.5236810962035507,0.0,0.0,0,1,1,GOOD,
2026-06-17T15:52:25.188,99.974,training_20260617_155045_line,SAMPLE,uturn,0,13.341727256774902,101.02130126953125,71.90196146823617,4,True,LINE,3,1,5.539912923029945,0.8904060859216868,3.2534472330492332,8.063299580848911,68.62937772656517,3.272583741670985,3.373090852034983,4.891574768503193,-1.0,1,-107,246,62752,-24,0.0,0.0,0.0,79,25.700000762939453,-26.299999237060547,40.0,0,0,3,13.34170913696289,101.02128601074219,2.6048112170184425,0.106,0.52,0,1,1,GOOD,
2026-06-17T15:52:25.389,100.175,training_20260617_155045_line,SAMPLE,uturn,0,13.341727256774902,101.02130126953125,72.63345423777703,4,True,LINE,3,1,5.539912923029945,0.8904060859216868,3.2534472330492332,8.063299580848911,68.62937772656517,4.004076511211849,3.373090852034983,4.891574768503193,1.7285000085830688,1,-168,16,62752,-24,0.0,0.0,0.0,79,25.700000762939453,-26.299999237060547,40.0,0,0,3,13.34170913696289,101.02128601074219,2.6048112170184425,0.0,0.0,0,1,1,GOOD,
2026-06-17T15:52:25.597,100.383,training_20260617_155045_line,SAMPLE,uturn,0,13.341728210449219,101.02130126953125,72.47254181112069,4,True,LINE,3,1,5.5785551887098235,0.7916536110372885,3.292089498729112,8.063299580848911,68.62937772656517,3.843164084555525,3.385936902470404,4.8364410546204075,-1.0,1,-168,16,62752,-24,0.0,0.0,0.0,79,25.700000762939453,-26.299999237060547,40.0,0,0,3,13.34170913696289,101.02128601074219,2.687676920550605,0.106,0.51,0,1,1,GOOD,
2026-06-17T15:52:25.801,100.587,training_20260617_155045_line,SAMPLE,uturn,0,13.341728210449219,101.02130126953125,72.32269429091978,4,True,LINE,3,1,5.5785551887098235,0.7916536110372885,3.292089498729112,8.063299580848911,68.62937772656517,3.6933165643546317,3.385936902470404,4.8364410546204075,-1.0,1,-168,16,40,0,0.0,0.0,0.0,79,25.700000762939453,-26.299999237060547,40.0,0,0,3,13.34170913696289,101.02128601074219,2.687676920550605,0.0,0.0,0,1,1,GOOD,
2026-06-17T15:52:26.004,100.789,training_20260617_155045_line,SAMPLE,uturn,0,13.341729164123535,101.02130889892578,72.32269429091978,4,True,LINE,3,1,6.3858954512842,0.9936960045662111,4.0994297613034885,8.063299580848911,68.62937772656517,3.6933165643546317,4.218146052159838,4.08652623737766,-1.0,1,-168,16,40,0,0.0,0.0,0.0,79,25.700000762939453,-26.299999237060547,40.0,0,0,3,13.34170913696289,101.02128601074219,3.330395556235624,0.832,4.112,1,1,1,USABLE,gps_jump
2026-06-17T15:52:26.208,100.994,training_20260617_155045_line,SAMPLE,uturn,0,13.341729164123535,101.02130889892578,72.53591913642924,4,True,LINE,3,1,6.3858954512842,0.9936960045662111,4.0994297613034885,8.063299580848911,68.62937772656517,3.906541409864076,4.218146052159838,4.08652623737766,-1.0,1,-168,16,40,0,0.0,0.0,0.0,79,25.700000762939453,-26.299999237060547,40.0,0,0,3,13.34170913696289,101.02128601074219,3.330395556235624,0.0,0.0,0,1,1,GOOD,
2026-06-17T15:52:26.409,101.195,training_20260617_155045_line,SAMPLE,uturn,0,13.341730117797852,101.02130889892578,73.22965462023826,4,True,LINE,3,1,6.4245377154468795,0.8949435290881255,4.138072025466168,8.063299580848911,68.62937772656517,4.600276893673083,4.233741136182322,4.025957796114269,-1.0,1,-168,16,40,0,0.0,0.0,0.0,79,25.700000762939453,-26.299999237060547,40.0,0,0,3,13.34170913696289,101.02128601074219,3.40221713070631,0.106,0.528,0,1,1,GOOD,
2026-06-17T15:52:26.612,101.397,training_20260617_155045_line,SAMPLE,uturn,0,13.341731071472168,101.02130889892578,72.9069896536577,4,True,LINE,3,1,6.463179979609557,0.7961910536100403,4.176714289628846,8.063299580848911,68.62937772656517,4.277611927092551,4.2519245584838945,3.967299612506701,1.7274999618530273,1,-195,1,62752,-24,0.0,0.0,0.0,79,25.700000762939453,-26.0,40.0,0,0,3,13.34170913696289,101.02128601074219,3.4757903849245997,0.106,0.525,0,1,1,GOOD,
2026-06-17T15:52:26.815,101.6,training_20260617_155045_line,SAMPLE,uturn,0,13.341731071472168,101.02130889892578,73.13314404726599,4,True,LINE,3,1,6.463179979609557,0.7961910536100403,4.176714289628846,8.063299580848911,68.62937772656517,4.503766320700834,4.2519245584838945,3.967299612506701,-1.0,1,-195,1,40,0,0.0,0.0,0.0,79,25.700000762939453,-26.0,40.0,0,0,3,13.34170913696289,101.02128601074219,3.4757903849245997,0.0,0.0,0,1,1,GOOD,
2026-06-17T15:52:29.858,104.643,training_20260617_155045_line,SAMPLE,uturn,0,13.341740608215332,101.0213394165039,34.814601180768044,4,True,LINE,3,1,9.924394535988675,1.0118457439854716,7.637928846007965,8.063299580848911,68.62937772656517,-33.814776545797116,7.704660204467298,1.0976211003823688,1.9739999771118164,1,-195,1,-255,-218,0.0,0.0,0.0,79,25.399999618530273,-34.79999923706055,40.0,0,0,3,13.34170913696289,101.02128601074219,6.755252773734422,0.106,0.522,0,1,1,GOOD,
2026-06-17T15:52:30.064,104.849,training_20260617_155045_line,SAMPLE,uturn,0,13.341740608215332,101.0213394165039,26.13104359456692,4,True,LINE,3,1,9.924394535988675,1.0118457439854716,7.637928846007965,8.063299580848911,68.62937772656517,-42.49833413199826,7.704660204467298,1.0976211003823688,3.1475000381469727,1,-195,1,-255,-218,0.0,0.0,0.0,79,25.399999618530273,-34.79999923706055,40.0,0,0,3,13.34170913696289,101.02128601074219,6.755252773734422,0.0,0.0,0,1,1,GOOD,
2026-06-17T15:52:30.270,105.056,training_20260617_155045_line,SAMPLE,uturn,0,13.341741561889648,101.0213394165039,26.13104359456692,4,True,LINE,3,1,9.963036794082544,0.9130932661326354,7.676571104101834,8.063299580848911,68.62937772656517,-42.49833413199826,7.730684525253118,0.991613954568739,2.9730000495910645,1,-195,1,-255,-218,0.0,0.0,0.0,79,25.399999618530273,-34.79999923706055,40.0,0,0,3,13.34170913696289,101.02128601074219,6.8107909523608425,0.106,0.512,0,1,1,GOOD,
2026-06-17T15:52:30.475,105.261,training_20260617_155045_line,SAMPLE,uturn,0,13.341741561889648,101.0213394165039,26.622646460078585,4,True,LINE,3,1,9.963036794082544,0.9130932661326354,7.676571104101834,8.063299580848911,68.62937772656517,-42.00673126648658,7.730684525253118,0.991613954568739,2.940999984741211,1,-195,1,-255,-218,0.0,0.0,0.0,79,25.399999618530273,-34.79999923706055,40.0,0,0,3,13.34170913696289,101.02128601074219,6.8107909523608425,0.0,0.0,0,1,1,GOOD,
2026-06-17T15:52:30.685,105.471,training_20260617_155045_line,SAMPLE,uturn,0,13.341742515563965,101.0213394165039,24.070474559717034,4,True,LINE,3,1,10.001679052176417,0.8143407882797992,7.715213362195705,8.063299580848911,68.62937772656517,-44.558903166848125,7.758071161291274,0.8856155722273862,-1.0,1,-195,1,-255,-218,0.0,0.0,0.0,79,25.399999618530273,-34.79999923706055,40.0,0,0,3,13.34170913696289,101.02128601074219,6.867517550648075,0.106,0.505,0,1,1,GOOD,
2026-06-17T15:52:30.890,105.675,training_20260617_155045_line,SAMPLE,uturn,0,13.341743469238281,101.02134704589844,21.847886607565282,4,True,LINE,3,1,10.349765270829621,1.0163831699349732,8.063299580848911,8.063299580848911,68.62937772656517,-46.781491118999895,8.582945561868115,1.115324505985586,2.932499885559082,1,-195,1,-255,-218,0.0,0.0,0.0,79,25.399999618530273,-34.79999923706055,40.0,0,0,3,13.34170913696289,101.02128601074219,7.627701111563129,0.832,4.07,1,1,1,USABLE,gps_jump
2026-06-17T15:52:31.292,106.078,training_20260617_155045_line,SAMPLE,uturn,0,13.34174633026123,101.02134704589844,19.200476256964368,4,True,LINE,3,1,10.349765270829621,0.7201257345954004,8.063299580848911,8.063299580848911,68.62937772656517,-49.42890146960082,8.668444155414305,0.9216364980920206,-1.0,1,-255,20,62752,-24,0.0,0.0,0.0,79,25.600000381469727,-61.79999923706055,40.0,0,0,3,13.34170913696289,101.02128601074219,7.791791246515153,0.318,0.789,0,1,1,GOOD,
2026-06-17T15:52:31.494,106.28,training_20260617_155045_line,SAMPLE,uturn,0,13.34174919128418,101.02134704589844,14.146866247622476,4,True,LINE,3,1,10.349765270829621,0.42386829925582487,8.063299580848911,8.063299580848911,68.62937772656517,-54.48251147894268,8.764662492129926,0.8107366301374805,-1.0,1,-255,-109,62752,-24,0.0,0.0,0.0,79,25.600000381469727,-61.79999923706055,40.0,0,0,3,13.34170913696289,101.02128601074219,7.965212638659869,0.318,1.575,0,1,1,GOOD,
2026-06-17T15:52:31.695,106.481,training_20260617_155045_line,SAMPLE,uturn,0,13.34174919128418,101.02134704589844,6.9117138810592,4,True,LINE,3,1,10.349765270829621,0.42386829925582487,8.063299580848911,8.063299580848911,68.62937772656517,-61.71766384550597,8.764662492129926,0.8107366301374805,2.6700000762939453,1,-255,-109,0,0,0.0,0.0,0.0,79,25.600000381469727,-61.79999923706055,40.0,0,0,3,13.34170913696289,101.02128601074219,7.965212638659869,0.0,0.0,0,1,1,GOOD,
2026-06-17T15:52:31.904,106.69,training_20260617_155045_line,SAMPLE,uturn,0,13.341751098632812,101.02134704589844,-1.8705290530346204,4,True,LINE,3,1,10.349765270829621,0.22636334236277358,8.063299580848911,8.063299580848911,68.62937772656517,-70.49990677959978,8.834592107797109,0.8010409951604189,-1.0,1,-255,-149,-255,-163,0.0,0.0,0.0,79,25.600000381469727,-37.0,40.0,0,0,3,13.34170913696289,101.02128601074219,8.085715769523729,0.212,1.015,0,1,1,GOOD,
2026-06-17T15:52:32.305,107.09,training_20260617_155045_line,SAMPLE,uturn,0,13.341752052307129,101.02134704589844,-14.247961585075128,4,True,LINE,3,1,10.349765270829621,0.12761086391624707,8.063299580848911,8.063299580848911,68.62937772656517,-82.8773393116403,8.87125177718623,0.8170611361128716,2.6614999771118164,1,-255,-149,62752,-24,0.0,0.0,0.0,79,25.600000381469727,-37.0,40.0,0,0,3,13.34170913696289,101.02128601074219,8.147369446436782,0.106,0.265,0,1,1,GOOD,
2026-06-17T15:52:32.509,107.295,training_20260617_155045_line,SAMPLE,uturn,0,13.341753005981445,101.02134704589844,-14.247961585075128,4,True,LINE,3,1,10.349765270829621,0.02885838546972143,8.063299580848911,8.063299580848911,68.62937772656517,-82.8773393116403,8.909022899807479,0.8461688226056633,-1.0,1,-255,-149,62752,-24,0.0,0.0,0.0,79,25.600000381469727,-37.0,40.0,0,0,3,13.34170913696289,101.02128601074219,8.209929892509667,0.106,0.517,0,1,1,GOOD,
2026-06-17T15:52:32.709,107.495,training_20260617_155045_line,SAMPLE,uturn,0,13.341753005981445,101.02134704589844,-14.187880679814757,4,True,LINE,3,1,10.349765270829621,0.02885838546972143,8.063299580848911,8.063299580848911,68.62937772656517,-82.81725840637992,8.909022899807479,0.8461688226056633,-1.0,1,-255,-149,62752,-24,0.0,0.0,0.0,79,25.600000381469727,-37.0,40.0,0,0,3,13.34170913696289,101.02128601074219,8.209929892509667,0.0,0.0,0,1,1,GOOD,
2026-06-17T15:52:32.910,107.696,training_20260617_155045_line,SAMPLE,uturn,0,13.341753959655762,101.02134704589844,-15.273429965361563,4,True,LINE,3,1,10.349765270829621,-0.06989409297680553,8.063299580848911,8.063299580848911,68.62937772656517,-83.90280769192672,8.947891400567155,0.8870766621543981,2.1514999866485596,1,-255,-149,-255,0,0.0,0.0,0.0,79,25.399999618530273,-71.0999984741211,40.0,0,0,3,13.34170913696289,101.02128601074219,8.273376537732425,0.106,0.528,0,1,1,GOOD,
2026-06-17T15:52:33.114,107.899,training_20260617_155045_line,SAMPLE,uturn,0,13.341754913330078,101.02134704589844,-17.806801770032653,4,True,LINE,3,1,10.349765270829621,-0.16864657142333203,8.063299580848911,8.063299580848911,68.62937772656517,-86.43617949659782,8.987843042431177,0.9382424445277767,2.2054998874664307,1,-255,-149,-255,0,0.0,0.0,0.0,79,25.399999618530273,-71.0999984741211,40.0,0,0,3,13.34170913696289,101.02128601074219,8.337689151213558,0.106,0.522,0,1,1,GOOD,
2026-06-17T15:52:33.514,108.3,training_20260617_155045_line,SAMPLE,uturn,0,13.341756820678711,101.02134704589844,-20.93999395742509,4,True,LINE,3,1,10.349765270829621,-0.36615152831638553,8.063299580848911,8.063299580848911,68.62937772656517,-89.56937168399025,9.070938115178839,1.0651564678573782,2.2119998931884766,1,-255,-149,62752,-24,0.0,0.0,0.0,79,25.399999618530273,-71.0999984741211,40.0,0,0,3,13.34170913696289,101.02128601074219,8.46883310335881,0.212,0.529,0,1,1,GOOD,
2026-06-17T15:52:33.722,108.508,training_20260617_155045_line,SAMPLE,uturn,0,13.341756820678711,101.02134704589844,-23.143192710070473,4,True,LINE,3,1,10.349765270829621,-0.36615152831638553,8.063299580848911,8.063299580848911,68.62937772656517,-91.77257043663565,9.070938115178839,1.0651564678573782,1.7999999523162842,1,-255,-149,62752,-24,0.0,0.0,0.0,79,25.399999618530273,-71.0999984741211,40.0,0,0,3,13.34170913696289,101.02128601074219,8.46883310335881,0.0,0.0,0,1,1,GOOD,
2026-06-17T15:52:33.927,108.712,training_20260617_155045_line,SAMPLE,uturn,0,13.341756820678711,101.02134704589844,-22.69855934793369,4,True,LINE,3,1,10.349765270829621,-0.36615152831638553,8.063299580848911,8.063299580848911,68.62937772656517,-91.32793707449886,9.070938115178839,1.0651564678573782,1.7897499799728394,1,-255,163,62752,-24,0.0,0.0,0.0,79,25.299999237060547,-63.5,40.0,0,0,3,13.34170913696289,101.02128601074219,8.46883310335881,0.0,0.0,0,1,1,GOOD,
2026-06-17T15:52:34.324,109.109,training_20260617_155045_line,SAMPLE,uturn,0,13.341757774353027,101.02134704589844,-22.719435821131835,4,True,LINE,3,1,10.349765270829621,-0.4649040067629129,8.063299580848911,8.063299580848911,68.62937772656517,-91.348813547697,9.11405244577817,1.138166875791456,1.7335000038146973,1,-255,-118,62752,-24,0.0,0.0,0.0,79,25.299999237060547,-63.5,40.0,0,0,3,13.34170913696289,101.02128601074219,8.535625743650247,0.106,0.267,0,1,1,GOOD,
2026-06-17T15:52:34.530,109.316,training_20260617_155045_line,SAMPLE,uturn,0,13.341757774353027,101.02134704589844,-22.719435821131835,4,True,LINE,3,1,10.349765270829621,-0.4649040067629129,8.063299580848911,8.063299580848911,68.62937772656517,-91.348813547697,9.11405244577817,1.138166875791456,1.7020000219345093,1,-255,-254,62752,-24,0.0,0.0,0.0,79,25.299999237060547,-63.5,40.0,0,0,3,13.34170913696289,101.02128601074219,8.535625743650247,0.0,0.0,0,1,1,GOOD,
2026-06-17T15:52:34.930,109.716,training_20260617_155045_line,SAMPLE,uturn,0,13.341758728027344,101.02134704589844,-44.09005954534789,4,True,LINE,3,1,10.349765270829621,-0.5636564852094403,8.063299580848911,8.063299580848911,68.62937772656517,-112.71943727191305,9.15819175554712,1.2160509550445233,1.7100000381469727,1,-215,-254,62752,-24,0.0,0.0,0.0,79,25.100000381469727,-79.69999694824219,40.0,0,0,3,13.34170913696289,101.02128601074219,8.60320696547334,0.106,0.265,0,1,1,GOOD,
2026-06-17T15:52:35.132,109.918,training_20260617_155045_line,SAMPLE,uturn,0,13.341758728027344,101.02134704589844,-52.71074865533363,4,True,LINE,3,1,10.349765270829621,-0.5636564852094403,8.063299580848911,8.063299580848911,68.62937772656517,-121.3401263818988,9.15819175554712,1.2160509550445233,1.969499945640564,1,-255,-242,62752,-24,0.0,0.0,0.0,79,25.100000381469727,-79.69999694824219,40.0,0,0,3,13.34170913696289,101.02128601074219,8.60320696547334,0.0,0.0,0,1,1,GOOD,
2026-06-17T15:52:35.338,110.124,training_20260617_155045_line,SAMPLE,uturn,0,13.341758728027344,101.02134704589844,-57.88890631041706,4,True,LINE,3,1,10.349765270829621,-0.5636564852094403,8.063299580848911,8.063299580848911,68.62937772656517,-126.51828403698224,9.15819175554712,1.2160509550445233,-1.0,1,-255,-242,62752,-24,0.0,0.0,0.0,79,25.100000381469727,-79.69999694824219,40.0,0,0,3,13.34170913696289,101.02128601074219,8.60320696547334,0.0,0.0,0,1,1,GOOD,
2026-06-17T15:52:35.538,110.324,training_20260617_155045_line,SAMPLE,uturn,0,13.341758728027344,101.02134704589844,-57.88890631041706,4,True,LINE,3,1,10.349765270829621,-0.5636564852094403,8.063299580848911,8.063299580848911,68.62937772656517,-126.51828403698224,9.15819175554712,1.2160509550445233,1.9850000143051147,1,-255,-242,62752,-24,0.0,0.0,0.0,79,25.100000381469727,-79.69999694824219,40.0,0,0,3,13.34170913696289,101.02128601074219,8.60320696547334,0.0,0.0,0,1,1,GOOD,
2026-06-17T15:52:35.742,110.528,training_20260617_155045_line,SAMPLE,uturn,0,13.341758728027344,101.02134704589844,-60.10937348883152,4,True,LINE,3,1,10.349765270829621,-0.5636564852094403,8.063299580848911,8.063299580848911,68.62937772656517,-128.7387512153967,9.15819175554712,1.2160509550445233,1.9824999570846558,1,-255,-242,62752,-24,0.0,0.0,0.0,79,25.100000381469727,-79.69999694824219,40.0,0,0,3,13.34170913696289,101.02128601074219,8.60320696547334,0.0,0.0,0,1,1,GOOD,
2026-06-17T15:52:35.943,110.729,training_20260617_155045_line,SAMPLE,uturn,0,13.341758728027344,101.02134704589844,-59.83325626144459,4,True,LINE,3,1,10.349765270829621,-0.5636564852094403,8.063299580848911,8.063299580848911,68.62937772656517,-128.46263398800977,9.15819175554712,1.2160509550445233,1.9555000066757202,1,-255,-242,0,0,0.0,0.0,0.0,79,25.100000381469727,-109.9000015258789,40.0,0,0,3,13.34170913696289,101.02128601074219,8.60320696547334,0.0,0.0,0,1,1,GOOD,
2026-06-17T15:52:36.148,110.934,training_20260617_155045_line,SAMPLE,uturn,0,13.341758728027344,101.02134704589844,-59.058166394431545,4,True,LINE,3,1,10.349765270829621,-0.5636564852094403,8.063299580848911,8.063299580848911,68.62937772656517,-127.6875441209967,9.15819175554712,1.2160509550445233,-1.0,1,-255,-242,0,0,0.0,0.0,0.0,79,25.100000381469727,-109.9000015258789,40.0,0,0,3,13.34170913696289,101.02128601074219,8.60320696547334,0.0,0.0,0,1,1,GOOD,
2026-06-17T15:52:36.349,111.135,training_20260617_155045_line,SAMPLE,uturn,0,13.341758728027344,101.02134704589844,-60.64266099884778,4,True,LINE,3,1,10.349765270829621,-0.5636564852094403,8.063299580848911,8.063299580848911,68.62937772656517,-129.27203872541295,9.15819175554712,1.2160509550445233,1.9830000400543213,1,-255,-242,0,0,0.0,0.0,0.0,79,25.100000381469727,-109.9000015258789,40.0,0,0,3,13.34170913696289,101.02128601074219,8.60320696547334,0.0,0.0,0,1,1,GOOD,
2026-06-17T15:52:36.756,111.542,training_20260617_155045_line,SAMPLE,uturn,0,13.341758728027344,101.02134704589844,-60.81894818132581,4,True,LINE,3,1,10.349765270829621,-0.5636564852094403,8.063299580848911,8.063299580848911,68.62937772656517,-129.448325907891,9.15819175554712,1.2160509550445233,2.006500005722046,1,0,-254,62752,-24,0.0,0.0,0.0,79,25.100000381469727,-109.9000015258789,40.0,0,0,3,13.34170913696289,101.02128601074219,8.60320696547334,0.0,0.0,0,1,1,GOOD,
2026-06-17T15:52:36.957,111.743,training_20260617_155045_line,SAMPLE,uturn,0,13.341758728027344,101.02134704589844,-60.84520342849534,4,True,LINE,3,1,10.349765270829621,-0.5636564852094403,8.063299580848911,8.063299580848911,68.62937772656517,-129.4745811550605,9.15819175554712,1.2160509550445233,1.6974999904632568,1,0,-254,62752,-24,0.0,0.0,0.0,79,25.399999618530273,-60.0,40.0,0,0,3,13.34170913696289,101.02128601074219,8.60320696547334,0.0,0.0,0,1,1,GOOD,
2026-06-17T15:52:37.162,111.948,training_20260617_155045_line,SAMPLE,uturn,0,13.341758728027344,101.02134704589844,-60.762797196159134,4,True,LINE,3,1,10.349765270829621,-0.5636564852094403,8.063299580848911,8.063299580848911,68.62937772656517,-129.3921749227243,9.15819175554712,1.2160509550445233,-1.0,1,0,-254,62752,-24,0.0,0.0,0.0,79,25.399999618530273,-60.0,40.0,0,0,3,13.34170913696289,101.02128601074219,8.60320696547334,0.0,0.0,0,1,1,GOOD,
2026-06-17T15:52:37.591,112.376,training_20260617_155045_line,SAMPLE,uturn,0,13.341758728027344,101.02134704589844,-60.2298238748447,4,True,LINE,3,1,10.349765270829621,-0.5636564852094403,8.063299580848911,8.063299580848911,68.62937772656517,-128.85920160140986,9.15819175554712,1.2160509550445233,1.6829999685287476,1,96,-254,62752,-24,0.0,0.0,0.0,79,25.399999618530273,-60.0,40.0,0,0,3,13.34170913696289,101.02128601074219,8.60320696547334,0.0,0.0,0,1,1,GOOD,
2026-06-17T15:52:37.795,112.581,training_20260617_155045_line,SAMPLE,uturn,0,13.341758728027344,101.02134704589844,-59.93238962705816,4,True,LINE,3,1,10.349765270829621,-0.5636564852094403,8.063299580848911,8.063299580848911,68.62937772656517,-128.56176735362334,9.15819175554712,1.2160509550445233,2.1429998874664307,1,109,-254,62752,-24,0.0,0.0,0.0,79,25.399999618530273,-56.099998474121094,40.0,0,0,3,13.34170913696289,101.02128601074219,8.60320696547334,0.0,0.0,0,1,1,GOOD,
2026-06-17T15:52:37.997,112.783,training_20260617_155045_line,SAMPLE,uturn,0,13.341758728027344,101.02134704589844,-59.93238962705816,4,True,LINE,3,1,10.349765270829621,-0.5636564852094403,8.063299580848911,8.063299580848911,68.62937772656517,-128.56176735362334,9.15819175554712,1.2160509550445233,2.187000036239624,1,52,-254,62752,-24,0.0,0.0,0.0,79,25.399999618530273,-56.099998474121094,40.0,0,0,3,13.34170913696289,101.02128601074219,8.60320696547334,0.0,0.0,0,1,1,GOOD,
2026-06-17T15:52:38.202,112.988,training_20260617_155045_line,SAMPLE,uturn,0,13.341757774353027,101.02134704589844,-61.41139195974355,4,True,LINE,3,1,10.349765270829621,-0.4649040067629129,8.063299580848911,8.063299580848911,68.62937772656517,-130.04076968630872,9.11405244577817,1.138166875791456,1.7389999628067017,1,0,-254,62752,-24,0.0,0.0,0.0,79,25.399999618530273,-56.099998474121094,40.0,0,0,3,13.34170913696289,101.02128601074219,8.535625743650247,0.106,0.517,0,1,1,GOOD,
2026-06-17T15:52:38.633,113.419,training_20260617_155045_line,SAMPLE,uturn,0,13.341757774353027,101.02134704589844,-66.4927863248554,4,True,LINE,3,1,10.349765270829621,-0.4649040067629129,8.063299580848911,8.063299580848911,68.62937772656517,-135.12216405142055,9.11405244577817,1.138166875791456,1.7695000171661377,1,-126,-254,62752,-24,0.0,0.0,0.0,79,25.399999618530273,-56.099998474121094,40.0,0,0,3,13.34170913696289,101.02128601074219,8.535625743650247,0.0,0.0,0,1,1,GOOD,
2026-06-17T15:52:39.041,113.827,training_20260617_155045_line,SAMPLE,uturn,0,13.341756820678711,101.02134704589844,-72.41861063743427,4,True,LINE,3,1,10.349765270829621,-0.36615152831638553,8.063299580848911,8.063299580848911,68.62937772656517,-141.04798836399942,9.070938115178839,1.0651564678573782,-1.0,1,-126,-254,62752,-24,0.0,0.0,0.0,79,25.100000381469727,-50.900001525878906,40.0,0,0,3,13.34170913696289,101.02128601074219,8.46883310335881,0.106,0.26,0,1,1,GOOD,
2026-06-17T15:52:39.414,114.199,training_20260617_155045_line,SAMPLE,uturn,0,13.341756820678711,101.02134704589844,-69.39485174092378,4,True,LINE,3,1,10.349765270829621,-0.36615152831638553,8.063299580848911,8.063299580848911,68.62937772656517,-138.02422946748896,9.070938115178839,1.0651564678573782,2.200000047683716,1,-255,230,-24,0,0.0,0.0,0.0,79,25.100000381469727,-50.900001525878906,40.0,0,0,3,13.34170913696289,101.02128601074219,8.46883310335881,0.0,0.0,0,1,1,GOOD,
2026-06-17T15:52:39.620,114.405,training_20260617_155045_line,SAMPLE,uturn,0,13.341756820678711,101.02134704589844,-73.161065860593,4,True,LINE,3,1,10.349765270829621,-0.36615152831638553,8.063299580848911,8.063299580848911,68.62937772656517,-141.79044358715817,9.070938115178839,1.0651564678573782,-1.0,1,-255,-227,62752,-24,0.0,0.0,0.0,79,25.100000381469727,-50.900001525878906,40.0,0,0,3,13.34170913696289,101.02128601074219,8.46883310335881,0.0,0.0,0,1,1,GOOD,
2026-06-17T15:52:39.826,114.611,training_20260617_155045_line,SAMPLE,uturn,0,13.341757774353027,101.02134704589844,-84.20007906887014,4,True,LINE,3,1,10.349765270829621,-0.4649040067629129,8.063299580848911,8.063299580848911,68.62937772656517,-152.8294567954353,9.11405244577817,1.138166875791456,1.7039999961853027,1,-255,-248,62752,-24,0.0,0.0,0.0,79,25.299999237060547,-85.5,40.0,0,0,3,13.34170913696289,101.02128601074219,8.535625743650247,0.106,0.515,0,1,1,GOOD,
2026-06-17T15:52:40.029,114.815,training_20260617_155045_line,SAMPLE,uturn,0,13.341757774353027,101.02134704589844,-84.20007906887014,4,True,LINE,3,1,10.349765270829621,-0.4649040067629129,8.063299580848911,8.063299580848911,68.62937772656517,-152.8294567954353,9.11405244577817,1.138166875791456,-1.0,1,-255,-253,62752,-24,0.0,0.0,0.0,79,25.299999237060547,-85.5,40.0,0,0,3,13.34170913696289,101.02128601074219,8.535625743650247,0.0,0.0,0,1,1,GOOD,
2026-06-17T15:52:40.237,115.022,training_20260617_155045_line,SAMPLE,uturn,0,13.341757774353027,101.02134704589844,-92.38696920429004,4,True,LINE,3,1,10.349765270829621,-0.4649040067629129,8.063299580848911,8.063299580848911,68.62937772656517,-161.0163469308552,9.11405244577817,1.138166875791456,1.6859999895095825,1,-225,-254,62752,-24,0.0,0.0,0.0,79,25.299999237060547,-85.5,40.0,0,0,3,13.34170913696289,101.02128601074219,8.535625743650247,0.0,0.0,0,1,1,GOOD,
2026-06-17T15:52:40.634,115.42,training_20260617_155045_line,SAMPLE,uturn,0,13.341757774353027,101.02134704589844,-99.1200125937377,4,True,LINE,3,1,10.349765270829621,-0.4649040067629129,8.063299580848911,8.063299580848911,68.62937772656517,-167.74939032030287,9.11405244577817,1.138166875791456,1.7235000133514404,1,-255,0,62752,-24,0.0,0.0,0.0,79,25.299999237060547,-85.5,40.0,0,0,3,13.34170913696289,101.02128601074219,8.535625743650247,0.0,0.0,0,1,1,GOOD,
2026-06-17T15:52:40.835,115.62,training_20260617_155045_line,SAMPLE,uturn,0,13.341757774353027,101.02134704589844,-103.52902264638598,4,True,LINE,3,1,10.349765270829621,-0.4649040067629129,8.063299580848911,8.063299580848911,68.62937772656517,-172.15840037295115,9.11405244577817,1.138166875791456,1.7039999961853027,1,-255,-16,62752,-24,0.0,0.0,0.0,79,25.399999618530273,-95.5,40.0,0,0,3,13.34170913696289,101.02128601074219,8.535625743650247,0.0,0.0,0,1,1,GOOD,
2026-06-17T15:52:41.239,116.025,training_20260617_155045_line,SAMPLE,uturn,0,13.341757774353027,101.02134704589844,-109.37299397195142,4,True,LINE,3,1,10.349765270829621,-0.4649040067629129,8.063299580848911,8.063299580848911,68.62937772656517,-178.00237169851658,9.11405244577817,1.138166875791456,1.7070000171661377,1,-222,-141,62752,-24,0.0,0.0,0.0,79,25.399999618530273,-95.5,40.0,0,0,3,13.34170913696289,101.02128601074219,8.535625743650247,0.0,0.0,0,1,1,GOOD,
2026-06-17T15:52:41.443,116.229,training_20260617_155045_line,SAMPLE,uturn,0,13.341757774353027,101.02134704589844,-113.34800014435876,4,True,LINE,3,1,10.349765270829621,-0.4649040067629129,8.063299580848911,8.063299580848911,68.62937772656517,178.02262212907607,9.11405244577817,1.138166875791456,1.7120000123977661,1,-222,-141,62752,-24,0.0,0.0,0.0,79,25.399999618530273,-95.5,40.0,0,0,3,13.34170913696289,101.02128601074219,8.535625743650247,0.0,0.0,0,1,1,GOOD,
2026-06-17T15:52:41.643,116.429,training_20260617_155045_line,SAMPLE,uturn,0,13.341757774353027,101.02134704589844,-114.25153854890307,4,True,LINE,3,1,10.349765270829621,-0.4649040067629129,8.063299580848911,8.063299580848911,68.62937772656517,177.11908372453178,9.11405244577817,1.138166875791456,-1.0,1,-222,-141,62752,-24,0.0,0.0,0.0,79,25.399999618530273,-95.5,40.0,0,0,3,13.34170913696289,101.02128601074219,8.535625743650247,0.0,0.0,0,1,1,GOOD,
2026-06-17T15:52:41.849,116.634,training_20260617_155045_line,SAMPLE,uturn,0,13.341757774353027,101.02134704589844,-112.7235159485445,4,True,LINE,3,1,10.349765270829621,-0.4649040067629129,8.063299580848911,8.063299580848911,68.62937772656517,178.64710632489033,9.11405244577817,1.138166875791456,-1.0,1,0,0,62752,-24,0.0,0.0,0.0,79,25.399999618530273,-95.5,40.0,0,0,3,13.34170913696289,101.02128601074219,8.535625743650247,0.0,0.0,0,1,1,GOOD,
2026-06-17T15:52:42.054,116.84,training_20260617_155045_line,SAMPLE,uturn,0,13.341757774353027,101.02134704589844,-112.51083068797948,4,True,LINE,3,1,10.349765270829621,-0.4649040067629129,8.063299580848911,8.063299580848911,68.62937772656517,178.85979158545535,9.11405244577817,1.138166875791456,1.6929999589920044,1,0,0,62752,-24,0.0,0.0,0.0,79,25.799999237060547,-69.5,40.0,0,0,3,13.34170913696289,101.02128601074219,8.535625743650247,0.0,0.0,0,1,1,GOOD,
2026-06-17T15:52:42.260,117.046,training_20260617_155045_line,SAMPLE,uturn,0,13.341757774353027,101.02134704589844,-112.51083068797948,4,True,LINE,3,1,10.349765270829621,-0.4649040067629129,8.063299580848911,8.063299580848911,68.62937772656517,178.85979158545535,9.11405244577817,1.138166875791456,1.690500020980835,1,0,0,62752,-24,0.0,0.0,0.0,79,25.799999237060547,-69.5,40.0,0,0,3,13.34170913696289,101.02128601074219,8.535625743650247,0.0,0.0,0,1,1,GOOD,
2026-06-17T15:52:42.479,117.265,training_20260617_155045_line,SAMPLE,uturn,0,13.341757774353027,101.02134704589844,-112.4378023053737,4,True,LINE,3,1,10.349765270829621,-0.4649040067629129,8.063299580848911,8.063299580848911,68.62937772656517,178.93281996806115,9.11405244577817,1.138166875791456,1.7020000219345093,1,0,0,62752,-24,0.0,0.0,0.0,79,25.799999237060547,-69.5,40.0,0,0,3,13.34170913696289,101.02128601074219,8.535625743650247,0.0,0.0,0,1,1,GOOD,
2026-06-17T15:52:42.880,117.666,training_20260617_155045_line,SAMPLE,uturn,0,13.341757774353027,101.02134704589844,-112.33786297743806,4,True,LINE,3,1,10.349765270829621,-0.4649040067629129,8.063299580848911,8.063299580848911,68.62937772656517,179.03275929599675,9.11405244577817,1.138166875791456,1.6955000162124634,1,0,0,62752,-24,0.0,0.0,0.0,79,25.899999618530273,-2.299999952316284,40.0,0,0,3,13.34170913696289,101.02128601074219,8.535625743650247,0.0,0.0,0,1,1,GOOD,
2026-06-17T15:52:43.084,117.87,training_20260617_155045_line,SAMPLE,uturn,0,13.341757774353027,101.02134704589844,-112.28128169035368,4,True,LINE,3,1,10.349765270829621,-0.4649040067629129,8.063299580848911,8.063299580848911,68.62937772656517,179.08934058308114,9.11405244577817,1.138166875791456,1.687999963760376,1,0,0,62752,-24,0.0,0.0,0.0,79,25.0,-2.299999952316284,40.0,0,0,3,13.34170913696289,101.02128601074219,8.535625743650247,0.0,0.0,0,1,1,GOOD,
2026-06-17T15:52:43.287,118.073,training_20260617_155045_line,SAMPLE,uturn,0,13.341757774353027,101.02134704589844,-112.28128169035368,4,True,LINE,3,1,10.349765270829621,-0.4649040067629129,8.063299580848911,8.063299580848911,68.62937772656517,179.08934058308114,9.11405244577817,1.138166875791456,1.7007499933242798,1,0,0,0,0,0.0,0.0,0.0,79,25.0,-2.299999952316284,40.0,0,0,3,13.34170913696289,101.02128601074219,8.535625743650247,0.0,0.0,0,1,1,GOOD,
2026-06-17T15:52:43.490,118.275,training_20260617_155045_line,SAMPLE,uturn,0,13.341757774353027,101.02134704589844,-112.22609376185999,4,True,LINE,3,1,10.349765270829621,-0.4649040067629129,8.063299580848911,8.063299580848911,68.62937772656517,179.14452851157483,9.11405244577817,1.138166875791456,1.690999984741211,1,0,0,62752,-24,0.0,0.0,0.0,79,25.899999618530273,-2.299999952316284,40.0,0,0,3,13.34170913696289,101.02128601074219,8.535625743650247,0.0,0.0,0,1,1,GOOD,
2026-06-17T15:52:43.699,118.484,training_20260617_155045_line,SAMPLE,uturn,0,13.341757774353027,101.02134704589844,-112.17074873901537,4,True,LINE,3,1,10.349765270829621,-0.4649040067629129,8.063299580848911,8.063299580848911,68.62937772656517,179.19987353441945,9.11405244577817,1.138166875791456,1.687250018119812,1,0,0,62752,-24,0.0,0.0,0.0,79,25.899999618530273,-2.299999952316284,40.0,0,0,3,13.34170913696289,101.02128601074219,8.535625743650247,0.0,0.0,0,1,1,GOOD,
2026-06-17T15:52:43.907,118.692,training_20260617_155045_line,SAMPLE,uturn,0,13.341757774353027,101.02134704589844,-112.12804639632445,4,True,LINE,3,1,10.349765270829621,-0.4649040067629129,8.063299580848911,8.063299580848911,68.62937772656517,179.24257587711037,9.11405244577817,1.138166875791456,1.6924999952316284,1,0,0,40,0,0.0,0.0,0.0,79,25.899999618530273,-1.600000023841858,40.0,0,0,3,13.34170913696289,101.02128601074219,8.535625743650247,0.0,0.0,0,1,1,GOOD,
2026-06-17T15:52:44.305,119.091,training_20260617_155045_line,SAMPLE,uturn,0,13.341757774353027,101.02134704589844,-112.02147495470474,4,True,LINE,3,1,10.349765270829621,-0.4649040067629129,8.063299580848911,8.063299580848911,68.62937772656517,179.3491473187301,9.11405244577817,1.138166875791456,1.687999963760376,1,0,0,62752,-24,0.0,0.0,0.0,79,25.899999618530273,-1.600000023841858,40.0,0,0,3,13.34170913696289,101.02128601074219,8.535625743650247,0.0,0.0,0,1,1,GOOD,
2026-06-17T15:52:44.508,119.294,training_20260617_155045_line,SAMPLE,uturn,0,13.341757774353027,101.02134704589844,-112.02147495470474,4,True,LINE,3,1,10.349765270829621,-0.4649040067629129,8.063299580848911,8.063299580848911,68.62937772656517,179.3491473187301,9.11405244577817,1.138166875791456,1.6927499771118164,1,0,0,0,0,0.0,0.0,0.0,79,25.899999618530273,-1.600000023841858,40.0,0,0,3,13.34170913696289,101.02128601074219,8.535625743650247,0.0,0.0,0,1,1,GOOD,
2026-06-17T15:52:44.915,119.7,training_20260617_155045_line,SAMPLE,uturn,0,13.341757774353027,101.02134704589844,-111.93309913703395,4,True,LINE,3,1,10.349765270829621,-0.4649040067629129,8.063299580848911,8.063299580848911,68.62937772656517,179.4375231364009,9.11405244577817,1.138166875791456,-1.0,1,0,0,62752,-24,0.0,0.0,0.0,79,25.899999618530273,-1.7999999523162842,40.0,0,0,3,13.34170913696289,101.02128601074219,8.535625743650247,0.0,0.0,0,1,1,GOOD,
2026-06-17T15:52:45.117,119.902,training_20260617_155045_line,SAMPLE,uturn,0,13.341757774353027,101.02134704589844,-111.88489849206117,4,True,LINE,3,1,10.349765270829621,-0.4649040067629129,8.063299580848911,8.063299580848911,68.62937772656517,179.48572378137368,9.11405244577817,1.138166875791456,1.6974999904632568,1,0,0,40,0,0.0,0.0,0.0,79,25.899999618530273,-1.7999999523162842,40.0,0,0,3,13.34170913696289,101.02128601074219,8.535625743650247,0.0,0.0,0,1,1,GOOD,
2026-06-17T15:52:45.318,120.103,training_20260617_155045_line,SAMPLE,uturn,0,13.341758728027344,101.02134704589844,-111.8404954322669,4,True,LINE,3,1,10.349765270829621,-0.5636564852094403,8.063299580848911,8.063299580848911,68.62937772656517,179.53012684116794,9.15819175554712,1.2160509550445233,1.6985000371932983,1,0,0,62752,-24,0.0,0.0,0.0,79,25.899999618530273,-1.7999999523162842,40.0,0,0,3,13.34170913696289,101.02128601074219,8.60320696547334,0.106,0.528,0,1,1,GOOD,
2026-06-17T15:52:45.518,120.304,training_20260617_155045_line,SAMPLE,uturn,0,13.341758728027344,101.02134704589844,-111.8404954322669,4,True,LINE,3,1,10.349765270829621,-0.5636564852094403,8.063299580848911,8.063299580848911,68.62937772656517,179.53012684116794,9.15819175554712,1.2160509550445233,1.6855000257492065,1,0,0,62752,-24,0.0,0.0,0.0,79,25.899999618530273,-1.7999999523162842,40.0,0,0,3,13.34170913696289,101.02128601074219,8.60320696547334,0.0,0.0,0,1,1,GOOD,
2026-06-17T15:52:45.728,120.514,training_20260617_155045_line,SAMPLE,uturn,0,13.341758728027344,101.02134704589844,-111.79634508947194,4,True,LINE,3,1,10.349765270829621,-0.5636564852094403,8.063299580848911,8.063299580848911,68.62937772656517,179.57427718396286,9.15819175554712,1.2160509550445233,1.7062499523162842,1,0,0,62752,-24,0.0,0.0,0.0,79,25.899999618530273,-1.7999999523162842,40.0,0,0,3,13.34170913696289,101.02128601074219,8.60320696547334,0.0,0.0,0,1,1,GOOD,
2026-06-17T15:52:46.060,120.846,training_20260617_155045_line,SAMPLE,uturn,0,13.341758728027344,101.02134704589844,-111.7538749732128,4,True,LINE,3,1,10.349765270829621,-0.5636564852094403,8.063299580848911,8.063299580848911,68.62937772656517,179.61674730022202,9.15819175554712,1.2160509550445233,1.6974999904632568,1,0,0,0,0,0.0,0.0,0.0,79,25.899999618530273,-1.600000023841858,40.0,0,0,3,13.34170913696289,101.02128601074219,8.60320696547334,0.0,0.0,0,1,1,GOOD,
2026-06-17T15:52:46.328,121.114,training_20260617_155045_line,SAMPLE,uturn,0,13.341758728027344,101.02134704589844,-111.67913221312536,4,True,LINE,3,1,10.349765270829621,-0.5636564852094403,8.063299580848911,8.063299580848911,68.62937772656517,179.6914900603095,9.15819175554712,1.2160509550445233,1.6885000467300415,1,0,0,62752,-24,0.0,0.0,0.0,79,25.899999618530273,-1.600000023841858,40.0,0,0,3,13.34170913696289,101.02128601074219,8.60320696547334,0.0,0.0,0,1,1,GOOD,
2026-06-17T15:52:46.529,121.315,training_20260617_155045_line,SAMPLE,uturn,0,13.341758728027344,101.02134704589844,-111.67913221312536,4,True,LINE,3,1,10.349765270829621,-0.5636564852094403,8.063299580848911,8.063299580848911,68.62937772656517,179.6914900603095,9.15819175554712,1.2160509550445233,1.7009999752044678,1,0,0,62752,-24,0.0,0.0,0.0,79,25.899999618530273,-1.600000023841858,40.0,0,0,3,13.34170913696289,101.02128601074219,8.60320696547334,0.0,0.0,0,1,1,GOOD,
2026-06-17T15:52:46.732,121.518,training_20260617_155045_line,SAMPLE,uturn,0,13.341758728027344,101.02134704589844,-111.63321285133536,4,True,LINE,3,1,10.349765270829621,-0.5636564852094403,8.063299580848911,8.063299580848911,68.62937772656517,179.73740942209946,9.15819175554712,1.2160509550445233,-1.0,1,0,0,62752,-24,0.0,0.0,0.0,79,25.899999618530273,-1.600000023841858,40.0,0,0,3,13.34170913696289,101.02128601074219,8.60320696547334,0.0,0.0,0,1,1,GOOD,
2026-06-17T15:52:47.136,121.922,training_20260617_155045_line,SAMPLE,uturn,0,13.341758728027344,101.02134704589844,-111.56590133706489,4,True,LINE,3,1,10.349765270829621,-0.5636564852094403,8.063299580848911,8.063299580848911,68.62937772656517,179.80472093636996,9.15819175554712,1.2160509550445233,1.687999963760376,1,0,0,0,0,0.0,0.0,0.0,79,25.899999618530273,-1.600000023841858,40.0,0,0,3,13.34170913696289,101.02128601074219,8.60320696547334,0.0,0.0,0,1,1,GOOD,
2026-06-17T15:52:47.339,122.124,training_20260617_155045_line,SAMPLE,uturn,0,13.341758728027344,101.02134704589844,-111.52710586257922,4,True,LINE,3,1,10.349765270829621,-0.5636564852094403,8.063299580848911,8.063299580848911,68.62937772656517,179.8435164108556,9.15819175554712,1.2160509550445233,-1.0,1,0,0,62752,-24,0.0,0.0,0.0,79,25.899999618530273,-1.600000023841858,40.0,0,0,3,13.34170913696289,101.02128601074219,8.60320696547334,0.0,0.0,0,1,1,GOOD,
2026-06-17T15:52:47.543,122.329,training_20260617_155045_line,SAMPLE,uturn,0,13.341758728027344,101.02134704589844,-111.52710586257922,4,True,LINE,3,1,10.349765270829621,-0.5636564852094403,8.063299580848911,8.063299580848911,68.62937772656517,179.8435164108556,9.15819175554712,1.2160509550445233,-1.0,1,0,0,62752,-24,0.0,0.0,0.0,79,25.899999618530273,-1.600000023841858,40.0,0,0,3,13.34170913696289,101.02128601074219,8.60320696547334,0.0,0.0,0,1,1,GOOD,
2026-06-17T15:52:47.750,122.535,training_20260617_155045_line,SAMPLE,uturn,0,13.341758728027344,101.02134704589844,-111.48535291618293,4,True,LINE,3,1,10.349765270829621,-0.5636564852094403,8.063299580848911,8.063299580848911,68.62937772656517,179.8852693572519,9.15819175554712,1.2160509550445233,-1.0,1,0,0,62752,-24,0.0,0.0,0.0,79,25.899999618530273,-1.600000023841858,40.0,0,0,3,13.34170913696289,101.02128601074219,8.60320696547334,0.0,0.0,0,1,1,GOOD,
