iso_time,elapsed_s,mission_id,run_mode,event,hw_mode,lat,lng,yaw_deg,gps_fix,gps_ready,lidar_min_front_m,lidar_obstacle,pwm_l,pwm_r,enc_l,enc_r,wheel_speed_l_kph,wheel_speed_r_kph,wheel_speed_avg_kph,wp_idx,path_len,target_lat,target_lng,dist_to_target_m,battery_soc_pct,battery_voltage_v,battery_current_a,battery_temp_c,battery_status,num_sats,segment,follow_status,follow_debug
2026-07-08T18:09:00.129,0.129,mission_20260708_180900_manual,MANUAL,MISSION_START,0,13.330352783203125,100.99788665771484,140.50994126582864,4,True,0.6850000023841858,1,0,0,0,0,0.0,0.0,0.0,0,0,nan,nan,nan,,nan,nan,nan,2,27,-,SELECT OWNER FIRST,
2026-07-08T18:09:02.154,2.154,mission_20260708_180900_manual,MANUAL,,0,13.330350875854492,100.99788665771484,140.53465289024572,4,True,0.6837499737739563,1,0,0,0,0,0.0,0.0,0.0,0,0,nan,nan,nan,,nan,nan,nan,2,27,-,SELECT OWNER FIRST,
2026-07-08T18:09:04.192,4.192,mission_20260708_180900_manual,MANUAL,,0,13.33034896850586,100.99788665771484,140.56861259079903,4,True,0.684249997138977,1,0,0,0,0,0.0,0.0,0.0,0,0,nan,nan,nan,,nan,nan,nan,2,28,-,SELECT OWNER FIRST,
2026-07-08T18:09:06.211,6.212,mission_20260708_180900_manual,MANUAL,,0,13.330348014831543,100.99788665771484,140.58101621433178,4,True,0.6852499842643738,1,0,0,0,0,0.0,0.0,0.0,0,0,nan,nan,nan,,nan,nan,nan,2,27,-,SELECT OWNER FIRST,
2026-07-08T18:09:08.254,8.255,mission_20260708_180900_manual,MANUAL,,0,13.330347061157227,100.99788665771484,140.58992278100948,4,True,0.6847500205039978,1,0,0,0,0,0.0,0.0,0.0,0,0,nan,nan,nan,,nan,nan,nan,2,27,-,SELECT OWNER FIRST,
2026-07-08T18:09:10.279,10.279,mission_20260708_180900_manual,MANUAL,,0,13.330344200134277,100.99788665771484,140.59734036644812,4,True,0.6834999918937683,1,0,0,0,0,0.0,0.0,0.0,0,0,nan,nan,nan,,nan,nan,nan,2,26,-,SELECT OWNER FIRST,
2026-07-08T18:09:12.302,12.303,mission_20260708_180900_manual,MANUAL,,0,13.330341339111328,100.99788665771484,140.593037347271,4,True,0.6830000281333923,1,0,0,0,0,0.0,0.0,0.0,0,0,nan,nan,nan,,nan,nan,nan,2,26,-,SELECT OWNER FIRST,
2026-07-08T18:09:14.331,14.332,mission_20260708_180900_manual,MANUAL,,0,13.330340385437012,100.99788665771484,140.58168557287044,4,True,0.6830000281333923,1,0,0,0,0,0.0,0.0,0.0,0,0,nan,nan,nan,,nan,nan,nan,2,26,-,SELECT OWNER FIRST,
2026-07-08T18:09:16.372,16.372,mission_20260708_180900_manual,MANUAL,,0,13.330340385437012,100.99788665771484,140.57924036514757,4,True,0.6837499737739563,1,0,0,0,0,0.0,0.0,0.0,0,0,nan,nan,nan,,nan,nan,nan,2,26,-,SELECT OWNER FIRST,
2026-07-08T18:09:18.411,18.411,mission_20260708_180900_manual,MANUAL,,0,13.330341339111328,100.99788665771484,140.5764809687229,4,True,0.6847500205039978,1,0,0,0,0,0.0,0.0,0.0,0,0,nan,nan,nan,,nan,nan,nan,2,26,-,SELECT OWNER FIRST,
2026-07-08T18:09:20.450,20.451,mission_20260708_180900_manual,MANUAL,,0,13.330342292785645,100.99788665771484,140.5632030809764,4,True,0.6832500100135803,1,0,0,0,0,0.0,0.0,0.0,0,0,nan,nan,nan,,nan,nan,nan,2,25,-,SELECT OWNER FIRST,
2026-07-08T18:09:22.468,22.469,mission_20260708_180900_manual,MANUAL,,0,13.330342292785645,100.99788665771484,140.56006119395818,4,True,0.6847500205039978,1,0,0,0,0,0.0,0.0,0.0,0,0,nan,nan,nan,,nan,nan,nan,2,27,-,SELECT OWNER FIRST,
2026-07-08T18:09:24.476,24.477,mission_20260708_180900_manual,MANUAL,,0,13.330343246459961,100.99788665771484,140.5506765140386,4,True,0.6837499737739563,1,0,0,0,0,0.0,0.0,0.0,0,0,nan,nan,nan,,nan,nan,nan,2,26,-,SELECT OWNER FIRST,
2026-07-08T18:09:26.515,26.516,mission_20260708_180900_manual,MANUAL,,0,13.330344200134277,100.99788665771484,140.54082738125544,4,True,0.6827499866485596,1,0,0,0,0,0.0,0.0,0.0,0,0,nan,nan,nan,,nan,nan,nan,2,26,-,SELECT OWNER FIRST,
2026-07-08T18:09:28.549,28.55,mission_20260708_180900_manual,MANUAL,,0,13.330344200134277,100.99788665771484,140.54701553264346,4,True,0.6834999918937683,1,0,0,0,0,0.0,0.0,0.0,0,0,nan,nan,nan,,nan,nan,nan,2,27,-,SELECT OWNER FIRST,
2026-07-08T18:09:30.574,30.575,mission_20260708_180900_manual,MANUAL,,0,13.330345153808594,100.99788665771484,140.54579975897119,4,True,0.684499979019165,1,0,0,0,0,0.0,0.0,0.0,0,0,nan,nan,nan,,nan,nan,nan,2,28,-,SELECT OWNER FIRST,
2026-07-08T18:09:32.594,32.595,mission_20260708_180900_manual,MANUAL,,0,13.33034610748291,100.99788665771484,140.54793077799224,4,True,0.6827499866485596,1,0,0,0,0,0.0,0.0,0.0,0,0,nan,nan,nan,,nan,nan,nan,2,28,-,SELECT OWNER FIRST,
2026-07-08T18:09:34.616,34.616,mission_20260708_180900_manual,MANUAL,,0,13.330347061157227,100.99788665771484,140.55481560867563,4,True,0.6827499866485596,1,0,0,0,0,0.0,0.0,0.0,0,0,nan,nan,nan,,nan,nan,nan,2,28,-,SELECT OWNER FIRST,
2026-07-08T18:09:36.653,36.653,mission_20260708_180900_manual,MANUAL,,0,13.330347061157227,100.99788665771484,140.54947440074466,4,True,0.6827499866485596,1,0,0,0,0,0.0,0.0,0.0,0,0,nan,nan,nan,,nan,nan,nan,2,29,-,SELECT OWNER FIRST,
2026-07-08T18:09:38.661,38.661,mission_20260708_180900_manual,MANUAL,,0,13.33034896850586,100.99788665771484,140.54608662691635,4,True,0.6825000047683716,1,0,0,0,0,0.0,0.0,0.0,0,0,nan,nan,nan,,nan,nan,nan,2,29,-,SELECT OWNER FIRST,
2026-07-08T18:09:40.674,40.675,mission_20260708_180900_manual,MANUAL,,0,13.330350875854492,100.99788665771484,140.54435175886715,4,True,0.6832500100135803,1,0,0,0,0,0.0,0.0,0.0,0,0,nan,nan,nan,,nan,nan,nan,2,28,-,SELECT OWNER FIRST,
2026-07-08T18:09:42.693,42.693,mission_20260708_180900_manual,MANUAL,,0,13.330351829528809,100.99788665771484,140.5444337211372,4,True,0.684249997138977,1,0,0,0,0,0.0,0.0,0.0,0,0,nan,nan,nan,,nan,nan,nan,2,29,-,SELECT OWNER FIRST,
2026-07-08T18:09:44.724,44.725,mission_20260708_180900_manual,MANUAL,,0,13.330351829528809,100.99788665771484,140.54376436259852,4,True,0.684249997138977,1,0,0,0,0,0.0,0.0,0.0,0,0,nan,nan,nan,,nan,nan,nan,2,29,-,SELECT OWNER FIRST,
2026-07-08T18:09:46.754,46.755,mission_20260708_180900_manual,MANUAL,,0,13.330350875854492,100.99788665771484,140.5417699473609,4,True,0.6830000281333923,1,0,0,0,0,0.0,0.0,0.0,0,0,nan,nan,nan,,nan,nan,nan,2,29,-,SELECT OWNER FIRST,
2026-07-08T18:09:48.776,48.777,mission_20260708_180900_manual,MANUAL,,0,13.330350875854492,100.99788665771484,140.5301313050152,4,True,0.6834999918937683,1,0,0,0,0,0.0,0.0,0.0,0,0,nan,nan,nan,,nan,nan,nan,2,29,-,SELECT OWNER FIRST,
2026-07-08T18:09:50.806,50.806,mission_20260708_180900_manual,MANUAL,,0,13.330350875854492,100.99788665771484,140.52913409739637,4,True,0.6830000281333923,1,0,0,0,0,0.0,0.0,0.0,0,0,nan,nan,nan,,nan,nan,nan,2,29,-,SELECT OWNER FIRST,
2026-07-08T18:09:52.837,52.838,mission_20260708_180900_manual,MANUAL,,0,13.330350875854492,100.99788665771484,140.52577364432472,4,True,0.6840000152587891,1,0,0,0,0,0.0,0.0,0.0,0,0,nan,nan,nan,,nan,nan,nan,2,29,-,SELECT OWNER FIRST,
2026-07-08T18:09:54.856,54.857,mission_20260708_180900_manual,MANUAL,,0,13.330350875854492,100.99788665771484,140.52216730444295,4,True,0.6832500100135803,1,0,0,0,0,0.0,0.0,0.0,0,0,nan,nan,nan,,nan,nan,nan,2,29,-,SELECT OWNER FIRST,
2026-07-08T18:09:56.870,56.871,mission_20260708_180900_manual,MANUAL,,0,13.33034896850586,100.99788665771484,140.52519990843444,4,True,0.6822500228881836,1,0,0,0,0,0.0,0.0,0.0,0,0,nan,nan,nan,,nan,nan,nan,2,29,-,SELECT OWNER FIRST,
2026-07-08T18:09:58.886,58.886,mission_20260708_180900_manual,MANUAL,,0,13.330348014831543,100.99788665771484,140.50988662431527,4,True,0.6847500205039978,1,0,0,0,0,0.0,0.0,0.0,0,0,nan,nan,nan,,nan,nan,nan,2,28,-,SELECT OWNER FIRST,
2026-07-08T18:10:00.913,60.914,mission_20260708_180900_manual,MANUAL,,0,13.330348014831543,100.99788665771484,140.51002322809867,4,True,0.6840000152587891,1,0,0,0,0,0.0,0.0,0.0,0,0,nan,nan,nan,,nan,nan,nan,2,27,-,SELECT OWNER FIRST,
2026-07-08T18:10:02.936,62.937,mission_20260708_180900_manual,MANUAL,,0,13.330348014831543,100.99788665771484,140.5001057934238,4,True,0.6834999918937683,1,0,0,0,0,0.0,0.0,0.0,0,0,nan,nan,nan,,nan,nan,nan,2,26,-,SELECT OWNER FIRST,
2026-07-08T18:10:04.964,64.965,mission_20260708_180900_manual,MANUAL,,0,13.330348014831543,100.99788665771484,140.51200398295796,4,True,0.6832500100135803,1,0,0,0,0,0.0,0.0,0.0,0,0,nan,nan,nan,,nan,nan,nan,2,27,-,SELECT OWNER FIRST,
2026-07-08T18:10:06.977,66.978,mission_20260708_180900_manual,MANUAL,,0,13.330348014831543,100.99788665771484,140.5060070768667,4,True,0.6840000152587891,1,0,0,0,0,0.0,0.0,0.0,0,0,nan,nan,nan,,nan,nan,nan,2,28,-,SELECT OWNER FIRST,
2026-07-08T18:10:08.998,68.999,mission_20260708_180900_manual,MANUAL,,0,13.33034896850586,100.99787902832031,140.50267394455173,4,True,0.6825000047683716,1,0,0,0,0,0.0,0.0,0.0,0,0,nan,nan,nan,,nan,nan,nan,2,28,-,SELECT OWNER FIRST,
2026-07-08T18:10:11.023,71.024,mission_20260708_180900_manual,MANUAL,,0,13.33034896850586,100.99787902832031,140.49449137792607,4,True,0.6837499737739563,1,0,0,0,0,0.0,0.0,0.0,0,0,nan,nan,nan,,nan,nan,nan,2,28,-,SELECT OWNER FIRST,
2026-07-08T18:10:13.058,73.059,mission_20260708_180900_manual,MANUAL,,0,13.330351829528809,100.99787902832031,140.49884903861653,4,True,0.684249997138977,1,0,0,0,0,0.0,0.0,0.0,0,0,nan,nan,nan,,nan,nan,nan,2,27,-,SELECT OWNER FIRST,
2026-07-08T18:10:15.083,75.084,mission_20260708_180900_manual,MANUAL,,0,13.330350875854492,100.99787902832031,140.49417718922425,4,True,0.6832500100135803,1,0,0,0,0,0.0,0.0,0.0,0,0,nan,nan,nan,,nan,nan,nan,2,27,-,SELECT OWNER FIRST,
2026-07-08T18:10:17.102,77.102,mission_20260708_180900_manual,MANUAL,,0,13.330350875854492,100.99787902832031,140.49077575501758,4,True,0.6819999814033508,1,0,0,0,0,0.0,0.0,0.0,0,0,nan,nan,nan,,nan,nan,nan,2,28,-,SELECT OWNER FIRST,
2026-07-08T18:10:19.131,79.131,mission_20260708_180900_manual,MANUAL,,0,13.330350875854492,100.99787902832031,140.48585801881518,4,True,0.6830000281333923,1,0,0,0,0,0.0,0.0,0.0,0,0,nan,nan,nan,,nan,nan,nan,2,30,-,SELECT OWNER FIRST,
2026-07-08T18:10:21.133,81.133,mission_20260708_180900_manual,MANUAL,,0,13.330349922180176,100.99787902832031,140.47868632018665,4,True,0.6832500100135803,1,0,0,0,0,0.0,0.0,0.0,0,0,nan,nan,nan,,nan,nan,nan,2,29,-,SELECT OWNER FIRST,
2026-07-08T18:10:23.155,83.156,mission_20260708_180900_manual,MANUAL,,0,13.330349922180176,100.99787902832031,140.48983318891212,4,True,0.6825000047683716,1,0,0,0,0,0.0,0.0,0.0,0,0,nan,nan,nan,,nan,nan,nan,2,28,-,SELECT OWNER FIRST,
2026-07-08T18:10:25.169,85.169,mission_20260708_180900_manual,MANUAL,,0,13.33034896850586,100.99787902832031,140.4845739432512,4,True,0.6840000152587891,1,0,0,0,0,0.0,0.0,0.0,0,0,nan,nan,nan,,nan,nan,nan,2,29,-,SELECT OWNER FIRST,
2026-07-08T18:10:27.196,87.197,mission_20260708_180900_manual,MANUAL,,0,13.330348014831543,100.99787902832031,140.48602194335524,4,True,0.6830000281333923,1,0,0,0,0,0.0,0.0,0.0,0,0,nan,nan,nan,,nan,nan,nan,2,28,-,SELECT OWNER FIRST,
2026-07-08T18:10:29.222,89.222,mission_20260708_180900_manual,MANUAL,,0,13.330347061157227,100.99787902832031,140.48289371671538,4,True,0.6830000281333923,1,0,0,0,0,0.0,0.0,0.0,0,0,nan,nan,nan,,nan,nan,nan,2,29,-,SELECT OWNER FIRST,
2026-07-08T18:10:31.244,91.245,mission_20260708_180900_manual,MANUAL,,0,13.330345153808594,100.99787902832031,140.47995673537227,4,True,0.6837499737739563,1,0,0,0,0,0.0,0.0,0.0,0,0,nan,nan,nan,,nan,nan,nan,2,29,-,SELECT OWNER FIRST,
2026-07-08T18:10:33.280,93.28,mission_20260708_180900_manual,MANUAL,,0,13.330345153808594,100.99787902832031,140.4865546981105,4,True,0.6847500205039978,1,0,0,0,0,0.0,0.0,0.0,0,0,nan,nan,nan,,nan,nan,nan,2,30,-,SELECT OWNER FIRST,
2026-07-08T18:10:35.296,95.296,mission_20260708_180900_manual,MANUAL,,0,13.330345153808594,100.99787902832031,140.49050254745077,4,True,0.6830000281333923,1,0,0,0,0,0.0,0.0,0.0,0,0,nan,nan,nan,,nan,nan,nan,2,31,-,SELECT OWNER FIRST,
2026-07-08T18:10:37.334,97.335,mission_20260708_180900_manual,MANUAL,,0,13.330344200134277,100.99787902832031,140.4983982461313,4,True,0.684499979019165,1,0,0,0,0,0.0,0.0,0.0,0,0,nan,nan,nan,,nan,nan,nan,2,31,-,SELECT OWNER FIRST,
2026-07-08T18:10:39.367,99.368,mission_20260708_180900_manual,MANUAL,,0,13.330344200134277,100.99787902832031,140.48861741523984,4,True,0.6840000152587891,1,0,0,0,0,0.0,0.0,0.0,0,0,nan,nan,nan,,nan,nan,nan,2,31,-,SELECT OWNER FIRST,
2026-07-08T18:10:41.391,101.391,mission_20260708_180900_manual,MANUAL,,0,13.330345153808594,100.99787902832031,140.49193688717648,4,True,0.6840000152587891,1,0,0,0,0,0.0,0.0,0.0,0,0,nan,nan,nan,,nan,nan,nan,2,31,-,SELECT OWNER FIRST,
2026-07-08T18:10:43.422,103.422,mission_20260708_180900_manual,MANUAL,,0,13.330343246459961,100.99787902832031,140.48394556584756,4,True,0.6847500205039978,1,0,0,0,0,0.0,0.0,0.0,0,0,nan,nan,nan,,nan,nan,nan,2,31,-,SELECT OWNER FIRST,
2026-07-08T18:10:45.445,105.446,mission_20260708_180900_manual,MANUAL,,0,13.330342292785645,100.99787902832031,140.48180088644818,4,True,0.6840000152587891,1,0,0,0,0,0.0,0.0,0.0,0,0,nan,nan,nan,,nan,nan,nan,2,29,-,SELECT OWNER FIRST,
2026-07-08T18:10:47.460,107.46,mission_20260708_180900_manual,MANUAL,,0,13.330340385437012,100.99787902832031,140.48128179207126,4,True,0.6837499737739563,1,0,0,0,0,0.0,0.0,0.0,0,0,nan,nan,nan,,nan,nan,nan,2,29,-,SELECT OWNER FIRST,
2026-07-08T18:10:49.486,109.487,mission_20260708_180900_manual,MANUAL,,0,13.330338478088379,100.99787902832031,140.4894233775619,4,True,0.6830000281333923,1,0,0,0,0,0.0,0.0,0.0,0,0,nan,nan,nan,,nan,nan,nan,2,31,-,SELECT OWNER FIRST,
2026-07-08T18:10:51.518,111.518,mission_20260708_180900_manual,MANUAL,,0,13.330338478088379,100.99787902832031,140.4937127363607,4,True,0.6834999918937683,1,0,0,0,0,0.0,0.0,0.0,0,0,nan,nan,nan,,nan,nan,nan,2,31,-,SELECT OWNER FIRST,
2026-07-08T18:10:53.541,113.541,mission_20260708_180900_manual,MANUAL,,0,13.330337524414062,100.99787902832031,140.49345318917221,4,True,0.6825000047683716,1,0,0,0,0,0.0,0.0,0.0,0,0,nan,nan,nan,,nan,nan,nan,2,32,-,SELECT OWNER FIRST,
2026-07-08T18:10:55.576,115.576,mission_20260708_180900_manual,MANUAL,,0,13.330337524414062,100.99787902832031,140.48476518854795,4,True,0.6840000152587891,1,0,0,0,0,0.0,0.0,0.0,0,0,nan,nan,nan,,nan,nan,nan,2,32,-,SELECT OWNER FIRST,
2026-07-08T18:10:57.605,117.605,mission_20260708_180900_manual,MANUAL,,0,13.330337524414062,100.99787902832031,140.48783877367447,4,True,0.6850000023841858,1,0,0,0,0,0.0,0.0,0.0,0,0,nan,nan,nan,,nan,nan,nan,2,32,-,SELECT OWNER FIRST,
2026-07-08T18:10:59.633,119.633,mission_20260708_180900_manual,MANUAL,,0,13.330336570739746,100.99787139892578,140.4782491880798,4,True,0.6832500100135803,1,0,0,0,0,0.0,0.0,0.0,0,0,nan,nan,nan,,nan,nan,nan,2,31,-,SELECT OWNER FIRST,
2026-07-08T18:11:01.654,121.654,mission_20260708_180900_manual,MANUAL,,0,13.33033561706543,100.99787139892578,140.49162269847466,4,True,0.6834999918937683,1,0,0,0,0,0.0,0.0,0.0,0,0,nan,nan,nan,,nan,nan,nan,2,31,-,SELECT OWNER FIRST,
2026-07-08T18:11:03.676,123.677,mission_20260708_180900_manual,MANUAL,,0,13.330334663391113,100.99787139892578,140.49301605706535,4,True,0.6834999918937683,1,0,0,0,0,0.0,0.0,0.0,0,0,nan,nan,nan,,nan,nan,nan,2,31,-,SELECT OWNER FIRST,
2026-07-08T18:11:05.695,125.695,mission_20260708_180900_manual,MANUAL,,0,13.330333709716797,100.99787139892578,140.49889001975154,4,True,0.684249997138977,1,0,0,0,0,0.0,0.0,0.0,0,0,nan,nan,nan,,nan,nan,nan,2,31,-,SELECT OWNER FIRST,
2026-07-08T18:11:07.718,127.718,mission_20260708_180900_manual,MANUAL,,0,13.33033275604248,100.99787139892578,140.49898564239993,4,True,0.6837499737739563,1,0,0,0,0,0.0,0.0,0.0,0,0,nan,nan,nan,,nan,nan,nan,2,32,-,SELECT OWNER FIRST,
2026-07-08T18:11:09.746,129.746,mission_20260708_180900_manual,MANUAL,,0,13.330331802368164,100.99787139892578,140.49804307629446,4,True,0.6840000152587891,1,0,0,0,0,0.0,0.0,0.0,0,0,nan,nan,nan,,nan,nan,nan,2,30,-,SELECT OWNER FIRST,
2026-07-08T18:11:11.757,131.757,mission_20260708_180900_manual,MANUAL,,0,13.330331802368164,100.99787139892578,140.5023597558499,4,True,0.684499979019165,1,0,0,0,0,0.0,0.0,0.0,0,0,nan,nan,nan,,nan,nan,nan,2,30,-,SELECT OWNER FIRST,
2026-07-08T18:11:13.795,133.796,mission_20260708_180900_manual,MANUAL,,0,13.330330848693848,100.99787139892578,140.507946850591,4,True,0.6832500100135803,1,0,0,0,0,0.0,0.0,0.0,0,0,nan,nan,nan,,nan,nan,nan,2,30,-,SELECT OWNER FIRST,
2026-07-08T18:11:15.825,135.825,mission_20260708_180900_manual,MANUAL,,0,13.330330848693848,100.99787139892578,140.50965439788348,4,True,0.6832500100135803,1,0,0,0,0,0.0,0.0,0.0,0,0,nan,nan,nan,,nan,nan,nan,2,30,-,SELECT OWNER FIRST,
2026-07-08T18:11:17.846,137.847,mission_20260708_180900_manual,MANUAL,,0,13.330329895019531,100.99787139892578,140.5041902465475,4,True,0.684249997138977,1,0,0,0,0,0.0,0.0,0.0,0,0,nan,nan,nan,,nan,nan,nan,2,31,-,SELECT OWNER FIRST,
2026-07-08T18:11:19.878,139.878,mission_20260708_180900_manual,MANUAL,,0,13.330328941345215,100.99787139892578,140.51530979451627,4,True,0.6852499842643738,1,0,0,0,0,0.0,0.0,0.0,0,0,nan,nan,nan,,nan,nan,nan,2,31,-,SELECT OWNER FIRST,
2026-07-08T18:11:21.891,141.891,mission_20260708_180900_manual,MANUAL,,0,13.330327033996582,100.99787139892578,140.5127006622533,4,True,0.6850000023841858,1,0,0,0,0,0.0,0.0,0.0,0,0,nan,nan,nan,,nan,nan,nan,2,32,-,SELECT OWNER FIRST,
2026-07-08T18:11:23.924,143.925,mission_20260708_180900_manual,MANUAL,,0,13.330326080322266,100.99786376953125,140.51250941695656,4,True,0.6822500228881836,1,0,0,0,0,0.0,0.0,0.0,0,0,nan,nan,nan,,nan,nan,nan,2,31,-,SELECT OWNER FIRST,
2026-07-08T18:11:25.958,145.959,mission_20260708_180900_manual,MANUAL,,0,13.330327033996582,100.99786376953125,140.50522843530132,4,True,0.6837499737739563,1,0,0,0,0,0.0,0.0,0.0,0,0,nan,nan,nan,,nan,nan,nan,2,32,-,SELECT OWNER FIRST,
2026-07-08T18:11:27.978,147.979,mission_20260708_180900_manual,MANUAL,,0,13.330326080322266,100.99786376953125,140.5164162851618,4,True,0.6830000281333923,1,0,0,0,0,0.0,0.0,0.0,0,0,nan,nan,nan,,nan,nan,nan,2,31,-,SELECT OWNER FIRST,
2026-07-08T18:11:30.009,150.009,mission_20260708_180900_manual,MANUAL,,0,13.330326080322266,100.99786376953125,140.5078785486993,4,True,0.6840000152587891,1,0,0,0,0,0.0,0.0,0.0,0,0,nan,nan,nan,,nan,nan,nan,2,32,-,SELECT OWNER FIRST,
2026-07-08T18:11:32.032,152.032,mission_20260708_180900_manual,MANUAL,,0,13.33032512664795,100.99786376953125,140.51145756782438,4,True,0.6832500100135803,1,0,0,0,0,0.0,0.0,0.0,0,0,nan,nan,nan,,nan,nan,nan,2,32,-,SELECT OWNER FIRST,
2026-07-08T18:11:34.070,154.071,mission_20260708_180900_manual,MANUAL,,0,13.33032512664795,100.99786376953125,140.50898503934482,4,True,0.6827499866485596,1,0,0,0,0,0.0,0.0,0.0,0,0,nan,nan,nan,,nan,nan,nan,2,31,-,SELECT OWNER FIRST,
2026-07-08T18:11:36.086,156.086,mission_20260708_180900_manual,MANUAL,,0,13.330324172973633,100.99786376953125,140.5170583229438,4,True,0.6837499737739563,1,0,0,0,0,0.0,0.0,0.0,0,0,nan,nan,nan,,nan,nan,nan,2,31,-,SELECT OWNER FIRST,
2026-07-08T18:11:38.120,158.12,mission_20260708_180900_manual,MANUAL,,0,13.330323219299316,100.99786376953125,140.50533771832804,4,True,0.684249997138977,1,0,0,0,0,0.0,0.0,0.0,0,0,nan,nan,nan,,nan,nan,nan,2,32,-,SELECT OWNER FIRST,
2026-07-08T18:11:40.139,160.14,mission_20260708_180900_manual,MANUAL,,0,13.330323219299316,100.99786376953125,140.49727809510742,4,True,0.6840000152587891,1,0,0,0,0,0.0,0.0,0.0,0,0,nan,nan,nan,,nan,nan,nan,2,31,-,SELECT OWNER FIRST,
2026-07-08T18:11:42.167,162.167,mission_20260708_180900_manual,MANUAL,,0,13.330321311950684,100.99786376953125,140.49940911412847,4,True,0.6822500228881836,1,0,0,0,0,0.0,0.0,0.0,0,0,nan,nan,nan,,nan,nan,nan,2,31,-,SELECT OWNER FIRST,
2026-07-08T18:11:44.198,164.198,mission_20260708_180900_manual,MANUAL,,0,13.330321311950684,100.99786376953125,140.5047093409244,4,True,0.6837499737739563,1,0,0,0,0,0.0,0.0,0.0,0,0,nan,nan,nan,,nan,nan,nan,2,31,-,SELECT OWNER FIRST,
2026-07-08T18:11:46.232,166.232,mission_20260708_180900_manual,MANUAL,,0,13.330320358276367,100.99785614013672,140.5024963596333,4,True,0.684499979019165,1,0,0,0,0,0.0,0.0,0.0,0,0,nan,nan,nan,,nan,nan,nan,2,31,-,SELECT OWNER FIRST,
2026-07-08T18:11:48.255,168.255,mission_20260708_180900_manual,MANUAL,,0,13.33031940460205,100.99785614013672,140.51485900203105,4,True,0.6834999918937683,1,0,0,0,0,0.0,0.0,0.0,0,0,nan,nan,nan,,nan,nan,nan,2,31,-,SELECT OWNER FIRST,
2026-07-08T18:11:50.284,170.284,mission_20260708_180900_manual,MANUAL,,0,13.33031940460205,100.99785614013672,140.51244111506486,4,True,0.6830000281333923,1,0,0,0,0,0.0,0.0,0.0,0,0,nan,nan,nan,,nan,nan,nan,2,31,-,SELECT OWNER FIRST,
2026-07-08T18:11:52.309,172.31,mission_20260708_180900_manual,MANUAL,,0,13.33031940460205,100.99785614013672,140.50729115243067,4,True,0.6830000281333923,1,0,0,0,0,0.0,0.0,0.0,0,0,nan,nan,nan,,nan,nan,nan,2,31,-,SELECT OWNER FIRST,
2026-07-08T18:11:54.341,174.342,mission_20260708_180900_manual,MANUAL,,0,13.330320358276367,100.99785614013672,140.51528247375958,4,True,0.6832500100135803,1,0,0,0,0,0.0,0.0,0.0,0,0,nan,nan,nan,,nan,nan,nan,2,30,-,SELECT OWNER FIRST,
2026-07-08T18:11:56.365,176.366,mission_20260708_180900_manual,MANUAL,,0,13.330318450927734,100.99785614013672,140.51380715289886,4,True,0.6832500100135803,1,0,0,0,0,0.0,0.0,0.0,0,0,nan,nan,nan,,nan,nan,nan,2,30,-,SELECT OWNER FIRST,
2026-07-08T18:11:58.393,178.394,mission_20260708_180900_manual,MANUAL,,0,13.33031940460205,100.99785614013672,140.4994910763985,4,True,0.6827499866485596,1,0,0,0,0,0.0,0.0,0.0,0,0,nan,nan,nan,,nan,nan,nan,2,30,-,SELECT OWNER FIRST,
2026-07-08T18:12:00.424,180.424,mission_20260708_180900_manual,MANUAL,,0,13.330318450927734,100.99785614013672,140.4981250385645,4,True,0.6827499866485596,1,0,0,0,0,0.0,0.0,0.0,0,0,nan,nan,nan,,nan,nan,nan,2,30,-,SELECT OWNER FIRST,
2026-07-08T18:12:02.461,182.461,mission_20260708_180900_manual,MANUAL,,0,13.330318450927734,100.99785614013672,140.49811137818617,4,True,0.6832500100135803,1,0,0,0,0,0.0,0.0,0.0,0,0,nan,nan,nan,,nan,nan,nan,2,30,-,SELECT OWNER FIRST,
2026-07-08T18:12:04.480,184.481,mission_20260708_180900_manual,MANUAL,,0,13.330317497253418,100.99785614013672,140.507946850591,4,True,0.6834999918937683,1,0,0,0,0,0.0,0.0,0.0,0,0,nan,nan,nan,,nan,nan,nan,2,29,-,SELECT OWNER FIRST,
2026-07-08T18:12:06.514,186.514,mission_20260708_180900_manual,MANUAL,,0,13.330316543579102,100.99785614013672,140.5155556813264,4,True,0.6832500100135803,1,0,0,0,0,0.0,0.0,0.0,0,0,nan,nan,nan,,nan,nan,nan,2,29,-,SELECT OWNER FIRST,
2026-07-08T18:12:08.525,188.526,mission_20260708_180900_manual,MANUAL,,0,13.330315589904785,100.99785614013672,140.51096579420414,4,True,0.684499979019165,1,0,0,0,0,0.0,0.0,0.0,0,0,nan,nan,nan,,nan,nan,nan,2,29,-,SELECT OWNER FIRST,
2026-07-08T18:12:10.556,190.557,mission_20260708_180900_manual,MANUAL,,0,13.330316543579102,100.99784851074219,140.51451749257254,4,True,0.684249997138977,1,0,0,0,0,0.0,0.0,0.0,0,0,nan,nan,nan,,nan,nan,nan,2,31,-,SELECT OWNER FIRST,
2026-07-08T18:12:12.576,192.577,mission_20260708_180900_manual,MANUAL,,0,13.330318450927734,100.99784851074219,140.5180828513193,4,True,0.6837499737739563,1,0,0,0,0,0.0,0.0,0.0,0,0,nan,nan,nan,,nan,nan,nan,2,31,-,SELECT OWNER FIRST,
2026-07-08T18:12:14.608,194.608,mission_20260708_180900_manual,MANUAL,,0,13.330320358276367,100.99784851074219,140.53802700369573,4,True,0.684249997138977,1,0,0,0,0,0.0,0.0,0.0,0,0,nan,nan,nan,,nan,nan,nan,2,32,-,SELECT OWNER FIRST,
2026-07-08T18:12:16.631,196.632,mission_20260708_180900_manual,MANUAL,,0,13.330320358276367,100.99784851074219,140.53782209802063,4,True,0.684499979019165,1,0,0,0,0,0.0,0.0,0.0,0,0,nan,nan,nan,,nan,nan,nan,2,32,-,SELECT OWNER FIRST,
2026-07-08T18:12:18.663,198.663,mission_20260708_180900_manual,MANUAL,,0,13.330320358276367,100.99784851074219,140.53488511667751,4,True,0.6840000152587891,1,0,0,0,0,0.0,0.0,0.0,0,0,nan,nan,nan,,nan,nan,nan,2,32,-,SELECT OWNER FIRST,
2026-07-08T18:12:20.700,200.7,mission_20260708_180900_manual,MANUAL,,0,13.33031940460205,100.99784851074219,140.5423573436295,4,True,0.6837499737739563,1,0,0,0,0,0.0,0.0,0.0,0,0,nan,nan,nan,,nan,nan,nan,2,32,-,SELECT OWNER FIRST,
2026-07-08T18:12:22.718,202.719,mission_20260708_180900_manual,MANUAL,,0,13.330318450927734,100.99784851074219,140.53618285261982,4,True,0.684249997138977,1,0,0,0,0,0.0,0.0,0.0,0,0,nan,nan,nan,,nan,nan,nan,2,31,-,SELECT OWNER FIRST,
2026-07-08T18:12:24.745,204.745,mission_20260708_180900_manual,MANUAL,,0,13.33031940460205,100.99784851074219,140.53159296549757,4,True,0.6847500205039978,1,0,0,0,0,0.0,0.0,0.0,0,0,nan,nan,nan,,nan,nan,nan,2,29,-,SELECT OWNER FIRST,
2026-07-08T18:12:26.761,206.762,mission_20260708_180900_manual,MANUAL,,0,13.330318450927734,100.99784851074219,140.5286013426411,4,True,0.6834999918937683,1,0,0,0,0,0.0,0.0,0.0,0,0,nan,nan,nan,,nan,nan,nan,2,29,-,SELECT OWNER FIRST,
2026-07-08T18:12:28.780,208.781,mission_20260708_180900_manual,MANUAL,,0,13.330317497253418,100.99784851074219,140.53280873916984,4,True,0.6827499866485596,1,0,0,0,0,0.0,0.0,0.0,0,0,nan,nan,nan,,nan,nan,nan,2,30,-,SELECT OWNER FIRST,
2026-07-08T18:12:30.807,210.808,mission_20260708_180900_manual,MANUAL,,0,13.330314636230469,100.99784851074219,140.53556813559453,4,True,0.6834999918937683,1,0,0,0,0,0.0,0.0,0.0,0,0,nan,nan,nan,,nan,nan,nan,2,29,-,SELECT OWNER FIRST,
2026-07-08T18:12:32.834,212.835,mission_20260708_180900_manual,MANUAL,,0,13.330312728881836,100.99784851074219,140.5346119091107,4,True,0.6837499737739563,1,0,0,0,0,0.0,0.0,0.0,0,0,nan,nan,nan,,nan,nan,nan,2,29,-,SELECT OWNER FIRST,
2026-07-08T18:12:34.859,214.859,mission_20260708_180900_manual,MANUAL,,0,13.330313682556152,100.99784851074219,140.53159296549757,4,True,0.684249997138977,1,0,0,0,0,0.0,0.0,0.0,0,0,nan,nan,nan,,nan,nan,nan,2,28,-,SELECT OWNER FIRST,
2026-07-08T18:12:36.893,216.894,mission_20260708_180900_manual,MANUAL,,0,13.330312728881836,100.99784851074219,140.53692051305018,4,True,0.684249997138977,1,0,0,0,0,0.0,0.0,0.0,0,0,nan,nan,nan,,nan,nan,nan,2,29,-,SELECT OWNER FIRST,
2026-07-08T18:12:38.921,218.921,mission_20260708_180900_manual,MANUAL,,0,13.330313682556152,100.99784851074219,140.53827289050585,4,True,0.6834999918937683,1,0,0,0,0,0.0,0.0,0.0,0,0,nan,nan,nan,,nan,nan,nan,2,29,-,SELECT OWNER FIRST,
2026-07-08T18:12:40.950,220.951,mission_20260708_180900_manual,MANUAL,,0,13.330313682556152,100.99784851074219,140.55157809900902,4,True,0.6837499737739563,1,0,0,0,0,0.0,0.0,0.0,0,0,nan,nan,nan,,nan,nan,nan,2,30,-,SELECT OWNER FIRST,
2026-07-08T18:12:42.964,222.965,mission_20260708_180900_manual,MANUAL,,0,13.330313682556152,100.99785614013672,140.54398292865199,4,True,0.684499979019165,1,0,0,0,0,0.0,0.0,0.0,0,0,nan,nan,nan,,nan,nan,nan,2,29,-,SELECT OWNER FIRST,
2026-07-08T18:12:44.996,224.996,mission_20260708_180900_manual,MANUAL,,0,13.330313682556152,100.99785614013672,140.54432443811046,4,True,0.6834999918937683,1,0,0,0,0,0.0,0.0,0.0,0,0,nan,nan,nan,,nan,nan,nan,2,29,-,SELECT OWNER FIRST,
2026-07-08T18:12:47.012,227.013,mission_20260708_180900_manual,MANUAL,,0,13.330312728881836,100.99785614013672,140.55288949532968,4,True,0.6837499737739563,1,0,0,0,0,0.0,0.0,0.0,0,0,nan,nan,nan,,nan,nan,nan,2,30,-,SELECT OWNER FIRST,
2026-07-08T18:12:49.026,229.026,mission_20260708_180900_manual,MANUAL,,0,13.330313682556152,100.99785614013672,140.54435175886715,4,True,0.6832500100135803,1,0,0,0,0,0.0,0.0,0.0,0,0,nan,nan,nan,,nan,nan,nan,2,28,-,SELECT OWNER FIRST,
2026-07-08T18:12:51.061,231.062,mission_20260708_180900_manual,MANUAL,,0,13.330313682556152,100.99785614013672,140.55441945770374,4,True,0.684499979019165,1,0,0,0,0,0.0,0.0,0.0,0,0,nan,nan,nan,,nan,nan,nan,2,27,-,SELECT OWNER FIRST,
2026-07-08T18:12:53.080,233.081,mission_20260708_180900_manual,MANUAL,,0,13.330314636230469,100.99785614013672,140.55560791061933,4,True,0.684499979019165,1,0,0,0,0,0.0,0.0,0.0,0,0,nan,nan,nan,,nan,nan,nan,2,28,-,SELECT OWNER FIRST,
2026-07-08T18:12:55.100,235.101,mission_20260708_180900_manual,MANUAL,,0,13.330314636230469,100.99785614013672,140.55732911829017,4,True,0.684249997138977,1,0,0,0,0,0.0,0.0,0.0,0,0,nan,nan,nan,,nan,nan,nan,2,30,-,SELECT OWNER FIRST,
2026-07-08T18:12:57.122,237.123,mission_20260708_180900_manual,MANUAL,,0,13.330317497253418,100.99785614013672,140.55275289154628,4,True,0.6840000152587891,1,0,0,0,0,0.0,0.0,0.0,0,0,nan,nan,nan,,nan,nan,nan,2,30,-,SELECT OWNER FIRST,
2026-07-08T18:12:59.152,239.153,mission_20260708_180900_manual,MANUAL,,0,13.330318450927734,100.99785614013672,140.55329930667986,4,True,0.6834999918937683,1,0,0,0,0,0.0,0.0,0.0,0,0,nan,nan,nan,,nan,nan,nan,2,30,-,SELECT OWNER FIRST,
2026-07-08T18:13:01.181,241.182,mission_20260708_180900_manual,MANUAL,,0,13.330318450927734,100.99785614013672,140.55765696737035,4,True,0.6830000281333923,1,0,0,0,0,0.0,0.0,0.0,0,0,nan,nan,nan,,nan,nan,nan,2,29,-,SELECT OWNER FIRST,
2026-07-08T18:13:03.190,243.191,mission_20260708_180900_manual,MANUAL,,0,13.33031940460205,100.99785614013672,140.55609968423957,4,True,0.6837499737739563,1,0,0,0,0,0.0,0.0,0.0,0,0,nan,nan,nan,,nan,nan,nan,2,29,-,SELECT OWNER FIRST,
2026-07-08T18:13:05.209,245.209,mission_20260708_180900_manual,MANUAL,,0,13.330321311950684,100.99786376953125,140.56212391108753,4,True,0.6852499842643738,1,0,0,0,0,0.0,0.0,0.0,0,0,nan,nan,nan,,nan,nan,nan,2,29,-,SELECT OWNER FIRST,
2026-07-08T18:13:07.234,247.235,mission_20260708_180900_manual,MANUAL,,0,13.330321311950684,100.99786376953125,140.55884542028593,4,True,0.6834999918937683,1,0,0,0,0,0.0,0.0,0.0,0,0,nan,nan,nan,,nan,nan,nan,2,29,-,SELECT OWNER FIRST,
2026-07-08T18:13:09.259,249.26,mission_20260708_180900_manual,MANUAL,,0,13.330322265625,100.99786376953125,140.5619736469258,4,True,0.6822500228881836,1,0,0,0,0,0.0,0.0,0.0,0,0,nan,nan,nan,,nan,nan,nan,2,29,-,SELECT OWNER FIRST,
2026-07-08T18:13:11.281,251.281,mission_20260708_180900_manual,MANUAL,,0,13.330321311950684,100.99786376953125,140.55633191067136,4,True,0.6847500205039978,1,0,0,0,0,0.0,0.0,0.0,0,0,nan,nan,nan,,nan,nan,nan,2,29,-,SELECT OWNER FIRST,
2026-07-08T18:13:13.299,253.3,mission_20260708_180900_manual,MANUAL,,0,13.330322265625,100.99786376953125,140.55984262790474,4,True,0.6834999918937683,1,0,0,0,0,0.0,0.0,0.0,0,0,nan,nan,nan,,nan,nan,nan,2,28,-,SELECT OWNER FIRST,
2026-07-08T18:13:15.327,255.328,mission_20260708_180900_manual,MANUAL,,0,13.330322265625,100.99786376953125,140.56507455280897,4,True,0.6834999918937683,1,0,0,0,0,0.0,0.0,0.0,0,0,nan,nan,nan,,nan,nan,nan,2,28,-,SELECT OWNER FIRST,
2026-07-08T18:13:17.345,257.346,mission_20260708_180900_manual,MANUAL,,0,13.330323219299316,100.99786376953125,140.57241017597758,4,True,0.6847500205039978,1,0,0,0,0,0.0,0.0,0.0,0,0,nan,nan,nan,,nan,nan,nan,2,29,-,SELECT OWNER FIRST,
2026-07-08T18:13:19.374,259.375,mission_20260708_180900_manual,MANUAL,,0,13.330324172973633,100.99786376953125,140.5753881384557,4,True,0.684499979019165,1,0,0,0,0,0.0,0.0,0.0,0,0,nan,nan,nan,,nan,nan,nan,2,29,-,SELECT OWNER FIRST,
2026-07-08T18:13:21.400,261.401,mission_20260708_180900_manual,MANUAL,,0,13.330324172973633,100.99786376953125,140.57792896882694,4,True,0.6837499737739563,1,0,0,0,0,0.0,0.0,0.0,0,0,nan,nan,nan,,nan,nan,nan,2,29,-,SELECT OWNER FIRST,
2026-07-08T18:13:23.414,263.415,mission_20260708_180900_manual,MANUAL,,0,13.33032512664795,100.99786376953125,140.58183583703217,4,True,0.6830000281333923,1,0,0,0,0,0.0,0.0,0.0,0,0,nan,nan,nan,,nan,nan,nan,2,29,-,SELECT OWNER FIRST,
2026-07-08T18:13:25.436,265.437,mission_20260708_180900_manual,MANUAL,,0,13.330327033996582,100.99786376953125,140.5813304030336,4,True,0.6837499737739563,1,0,0,0,0,0.0,0.0,0.0,0,0,nan,nan,nan,,nan,nan,nan,2,29,-,SELECT OWNER FIRST,
2026-07-08T18:13:27.457,267.458,mission_20260708_180900_manual,MANUAL,,0,13.330327987670898,100.99786376953125,140.58369364848642,4,True,0.6840000152587891,1,0,0,0,0,0.0,0.0,0.0,0,0,nan,nan,nan,,nan,nan,nan,2,28,-,SELECT OWNER FIRST,
2026-07-08T18:13:29.488,269.488,mission_20260708_180900_manual,MANUAL,,0,13.330327987670898,100.99786376953125,140.58876164885058,4,True,0.684249997138977,1,0,0,0,0,0.0,0.0,0.0,0,0,nan,nan,nan,,nan,nan,nan,2,28,-,SELECT OWNER FIRST,
2026-07-08T18:13:31.497,271.498,mission_20260708_180900_manual,MANUAL,,0,13.330327987670898,100.99786376953125,140.58810595069025,4,True,0.6840000152587891,1,0,0,0,0,0.0,0.0,0.0,0,0,nan,nan,nan,,nan,nan,nan,2,28,-,SELECT OWNER FIRST,
2026-07-08T18:13:33.523,273.523,mission_20260708_180900_manual,MANUAL,,0,13.330327987670898,100.99786376953125,140.57357130813648,4,True,0.6832500100135803,1,0,0,0,0,0.0,0.0,0.0,0,0,nan,nan,nan,,nan,nan,nan,2,28,-,SELECT OWNER FIRST,
2026-07-08T18:13:35.535,275.535,mission_20260708_180900_manual,MANUAL,,0,13.330328941345215,100.99786376953125,140.5784344028255,4,True,0.6825000047683716,1,0,0,0,0,0.0,0.0,0.0,0,0,nan,nan,nan,,nan,nan,nan,2,28,-,SELECT OWNER FIRST,
2026-07-08T18:13:37.554,277.554,mission_20260708_180900_manual,MANUAL,,0,13.330327987670898,100.99786376953125,140.56889945874417,4,True,0.6827499866485596,1,0,0,0,0,0.0,0.0,0.0,0,0,nan,nan,nan,,nan,nan,nan,2,28,-,SELECT OWNER FIRST,
2026-07-08T18:13:39.567,279.568,mission_20260708_180900_manual,MANUAL,,0,13.330328941345215,100.99786376953125,140.56630398685957,4,True,0.6827499866485596,1,0,0,0,0,0.0,0.0,0.0,0,0,nan,nan,nan,,nan,nan,nan,2,27,-,SELECT OWNER FIRST,
2026-07-08T18:13:41.611,281.611,mission_20260708_180900_manual,MANUAL,,0,13.330327987670898,100.99786376953125,140.5571242126151,4,True,0.684499979019165,1,0,0,0,0,0.0,0.0,0.0,0,0,nan,nan,nan,,nan,nan,nan,2,26,-,SELECT OWNER FIRST,
2026-07-08T18:13:43.643,283.643,mission_20260708_180900_manual,MANUAL,,0,13.330327033996582,100.99786376953125,140.54749364588537,4,True,0.684249997138977,1,0,0,0,0,0.0,0.0,0.0,0,0,nan,nan,nan,,nan,nan,nan,2,27,-,SELECT OWNER FIRST,
2026-07-08T18:13:45.681,285.682,mission_20260708_180900_manual,MANUAL,,0,13.330323219299316,100.99786376953125,140.53794504142567,4,True,0.6832500100135803,1,0,0,0,0,0.0,0.0,0.0,0,0,nan,nan,nan,,nan,nan,nan,2,26,-,SELECT OWNER FIRST,
2026-07-08T18:13:47.725,287.726,mission_20260708_180900_manual,MANUAL,,0,13.330323219299316,100.99786376953125,140.52970783328664,4,True,0.6830000281333923,1,0,0,0,0,0.0,0.0,0.0,0,0,nan,nan,nan,,nan,nan,nan,2,26,-,SELECT OWNER FIRST,
2026-07-08T18:13:49.766,289.767,mission_20260708_180900_manual,MANUAL,,0,13.330322265625,100.99786376953125,140.52517258767776,4,True,0.684249997138977,1,0,0,0,0,0.0,0.0,0.0,0,0,nan,nan,nan,,nan,nan,nan,2,26,-,SELECT OWNER FIRST,
2026-07-08T18:13:51.801,291.802,mission_20260708_180900_manual,MANUAL,,0,13.330323219299316,100.99786376953125,140.5270577198887,4,True,0.6825000047683716,1,0,0,0,0,0.0,0.0,0.0,0,0,nan,nan,nan,,nan,nan,nan,2,26,-,SELECT OWNER FIRST,
2026-07-08T18:13:53.833,293.833,mission_20260708_180900_manual,MANUAL,,0,13.330323219299316,100.99786376953125,140.51824677585935,4,True,0.6837499737739563,1,0,0,0,0,0.0,0.0,0.0,0,0,nan,nan,nan,,nan,nan,nan,2,26,-,SELECT OWNER FIRST,
2026-07-08T18:13:55.878,295.878,mission_20260708_180900_manual,MANUAL,,0,13.330323219299316,100.99786376953125,140.51603379456827,4,True,0.6837499737739563,1,0,0,0,0,0.0,0.0,0.0,0,0,nan,nan,nan,,nan,nan,nan,2,26,-,SELECT OWNER FIRST,
2026-07-08T18:13:57.897,297.897,mission_20260708_180900_manual,MANUAL,,0,13.330323219299316,100.99786376953125,140.52342405925023,4,True,0.6827499866485596,1,0,0,0,0,0.0,0.0,0.0,0,0,nan,nan,nan,,nan,nan,nan,2,27,-,SELECT OWNER FIRST,
2026-07-08T18:13:59.915,299.915,mission_20260708_180900_manual,MANUAL,,0,13.330323219299316,100.99786376953125,140.5259375688648,4,True,0.6832500100135803,1,0,0,0,0,0.0,0.0,0.0,0,0,nan,nan,nan,,nan,nan,nan,2,26,-,SELECT OWNER FIRST,
2026-07-08T18:14:01.944,301.944,mission_20260708_180900_manual,MANUAL,,0,13.330324172973633,100.99786376953125,140.51875220985795,4,True,0.6834999918937683,1,0,0,0,0,0.0,0.0,0.0,0,0,nan,nan,nan,,nan,nan,nan,2,26,-,SELECT OWNER FIRST,
2026-07-08T18:14:03.969,303.97,mission_20260708_180900_manual,MANUAL,,0,13.330324172973633,100.99786376953125,140.52182579498447,4,True,0.6840000152587891,1,0,0,0,0,0.0,0.0,0.0,0,0,nan,nan,nan,,nan,nan,nan,2,28,-,SELECT OWNER FIRST,
2026-07-08T18:14:05.980,305.981,mission_20260708_180900_manual,MANUAL,,0,13.33032512664795,100.99786376953125,140.53185251268604,4,True,0.6827499866485596,1,0,0,0,0,0.0,0.0,0.0,0,0,nan,nan,nan,,nan,nan,nan,2,29,-,SELECT OWNER FIRST,
2026-07-08T18:14:08.007,308.007,mission_20260708_180900_manual,MANUAL,,0,13.330326080322266,100.99786376953125,140.52442126686907,4,True,0.6822500228881836,1,0,0,0,0,0.0,0.0,0.0,0,0,nan,nan,nan,,nan,nan,nan,2,29,-,SELECT OWNER FIRST,
2026-07-08T18:14:10.026,310.027,mission_20260708_180900_manual,MANUAL,,0,13.330326080322266,100.99786376953125,140.529721493665,4,True,0.6822500228881836,1,0,0,0,0,0.0,0.0,0.0,0,0,nan,nan,nan,,nan,nan,nan,2,29,-,SELECT OWNER FIRST,
2026-07-08T18:14:12.047,312.048,mission_20260708_180900_manual,MANUAL,,0,13.330324172973633,100.99786376953125,140.52351968189862,4,True,0.6830000281333923,1,0,0,0,0,0.0,0.0,0.0,0,0,nan,nan,nan,,nan,nan,nan,2,29,-,SELECT OWNER FIRST,
2026-07-08T18:14:14.068,314.068,mission_20260708_180900_manual,MANUAL,,0,13.33032512664795,100.99786376953125,140.50697696372885,4,True,0.6819999814033508,1,0,0,0,0,0.0,0.0,0.0,0,0,nan,nan,nan,,nan,nan,nan,2,28,-,SELECT OWNER FIRST,
2026-07-08T18:14:16.090,316.09,mission_20260708_180900_manual,MANUAL,,0,13.330324172973633,100.99786376953125,140.5136842094938,4,True,0.6819999814033508,1,0,0,0,0,0.0,0.0,0.0,0,0,nan,nan,nan,,nan,nan,nan,2,28,-,SELECT OWNER FIRST,
2026-07-08T18:14:18.127,318.127,mission_20260708_180900_manual,MANUAL,,0,13.330324172973633,100.99786376953125,140.51719492672717,4,True,0.6834999918937683,1,0,0,0,0,0.0,0.0,0.0,0,0,nan,nan,nan,,nan,nan,nan,2,28,-,SELECT OWNER FIRST,
2026-07-08T18:14:20.138,320.138,mission_20260708_180900_manual,MANUAL,,0,13.330324172973633,100.99786376953125,140.5274675312389,4,True,0.6827499866485596,1,0,0,0,0,0.0,0.0,0.0,0,0,nan,nan,nan,,nan,nan,nan,2,28,-,SELECT OWNER FIRST,
2026-07-08T18:14:22.163,322.163,mission_20260708_180900_manual,MANUAL,,0,13.330324172973633,100.99786376953125,140.52537749335286,4,True,0.6832500100135803,1,0,0,0,0,0.0,0.0,0.0,0,0,nan,nan,nan,,nan,nan,nan,2,28,-,SELECT OWNER FIRST,
2026-07-08T18:14:24.178,324.178,mission_20260708_180900_manual,MANUAL,,0,13.330324172973633,100.99786376953125,140.53692051305018,4,True,0.6830000281333923,1,0,0,0,0,0.0,0.0,0.0,0,0,nan,nan,nan,,nan,nan,nan,2,28,-,SELECT OWNER FIRST,
2026-07-08T18:14:26.198,326.198,mission_20260708_180900_manual,MANUAL,,0,13.330324172973633,100.99787139892578,140.53192081457775,4,True,0.6834999918937683,1,0,0,0,0,0.0,0.0,0.0,0,0,nan,nan,nan,,nan,nan,nan,2,28,-,SELECT OWNER FIRST,
2026-07-08T18:14:28.225,328.226,mission_20260708_180900_manual,MANUAL,,0,13.330324172973633,100.99787139892578,140.51763205883407,4,True,0.6822500228881836,1,0,0,0,0,0.0,0.0,0.0,0,0,nan,nan,nan,,nan,nan,nan,2,28,-,SELECT OWNER FIRST,
2026-07-08T18:14:30.255,330.256,mission_20260708_180900_manual,MANUAL,,0,13.330322265625,100.99787139892578,140.52815055015589,4,True,0.6825000047683716,1,0,0,0,0,0.0,0.0,0.0,0,0,nan,nan,nan,,nan,nan,nan,2,28,-,SELECT OWNER FIRST,
2026-07-08T18:14:32.292,332.292,mission_20260708_180900_manual,MANUAL,,0,13.330322265625,100.99787139892578,140.52757681426561,4,True,0.6840000152587891,1,0,0,0,0,0.0,0.0,0.0,0,0,nan,nan,nan,,nan,nan,nan,2,28,-,SELECT OWNER FIRST,
2026-07-08T18:14:34.340,334.34,mission_20260708_180900_manual,MANUAL,,0,13.330321311950684,100.99787139892578,140.53089628620222,4,True,0.684249997138977,1,0,0,0,0,0.0,0.0,0.0,0,0,nan,nan,nan,,nan,nan,nan,2,28,-,SELECT OWNER FIRST,
2026-07-08T18:14:36.372,336.372,mission_20260708_180900_manual,MANUAL,,0,13.330321311950684,100.99787139892578,140.54369606070682,4,True,0.6847500205039978,1,0,0,0,0,0.0,0.0,0.0,0,0,nan,nan,nan,,nan,nan,nan,2,28,-,SELECT OWNER FIRST,
2026-07-08T18:14:38.407,338.408,mission_20260708_180900_manual,MANUAL,,0,13.33031940460205,100.99787139892578,140.54843621199083,4,True,0.6834999918937683,1,0,0,0,0,0.0,0.0,0.0,0,0,nan,nan,nan,,nan,nan,nan,2,28,-,SELECT OWNER FIRST,
2026-07-08T18:14:40.437,340.438,mission_20260708_180900_manual,MANUAL,,0,13.330317497253418,100.99787139892578,140.5542008916503,4,True,0.6834999918937683,1,0,0,0,0,0.0,0.0,0.0,0,0,nan,nan,nan,,nan,nan,nan,2,28,-,SELECT OWNER FIRST,
2026-07-08T18:14:42.467,342.467,mission_20260708_180900_manual,MANUAL,,0,13.330315589904785,100.99787139892578,140.54940609885296,4,True,0.6834999918937683,1,0,0,0,0,0.0,0.0,0.0,0,0,nan,nan,nan,,nan,nan,nan,2,28,-,SELECT OWNER FIRST,
2026-07-08T18:14:44.509,344.509,mission_20260708_180900_manual,MANUAL,,0,13.330314636230469,100.99787139892578,140.55435115581204,4,True,0.6834999918937683,1,0,0,0,0,0.0,0.0,0.0,0,0,nan,nan,nan,,nan,nan,nan,2,28,-,SELECT OWNER FIRST,
2026-07-08T18:14:46.549,346.55,mission_20260708_180900_manual,MANUAL,,0,13.330313682556152,100.99787139892578,140.5484635327475,4,True,0.6834999918937683,1,0,0,0,0,0.0,0.0,0.0,0,0,nan,nan,nan,,nan,nan,nan,2,28,-,SELECT OWNER FIRST,
2026-07-08T18:14:48.591,348.592,mission_20260708_180900_manual,MANUAL,,0,13.330312728881836,100.99787139892578,140.5455265514044,4,True,0.6822500228881836,1,0,0,0,0,0.0,0.0,0.0,0,0,nan,nan,nan,,nan,nan,nan,2,27,-,SELECT OWNER FIRST,
2026-07-08T18:14:50.618,350.619,mission_20260708_180900_manual,MANUAL,,0,13.33031177520752,100.99787139892578,140.54872307993597,4,True,0.6834999918937683,1,0,0,0,0,0.0,0.0,0.0,0,0,nan,nan,nan,,nan,nan,nan,2,28,-,SELECT OWNER FIRST,
2026-07-08T18:14:52.649,352.65,mission_20260708_180900_manual,MANUAL,,0,13.330310821533203,100.99787139892578,140.54749364588537,4,True,0.6837499737739563,1,0,0,0,0,0.0,0.0,0.0,0,0,nan,nan,nan,,nan,nan,nan,2,27,-,SELECT OWNER FIRST,
2026-07-08T18:14:54.680,354.68,mission_20260708_180900_manual,MANUAL,,0,13.330309867858887,100.99787902832031,140.54717945718355,4,True,0.684249997138977,1,0,0,0,0,0.0,0.0,0.0,0,0,nan,nan,nan,,nan,nan,nan,2,27,-,SELECT OWNER FIRST,
2026-07-08T18:14:56.705,356.705,mission_20260708_180900_manual,MANUAL,,0,13.33030891418457,100.99787902832031,140.529721493665,4,True,0.6837499737739563,1,0,0,0,0,0.0,0.0,0.0,0,0,nan,nan,nan,,nan,nan,nan,2,27,-,SELECT OWNER FIRST,
2026-07-08T18:14:58.720,358.721,mission_20260708_180900_manual,MANUAL,,0,13.330307960510254,100.99787902832031,140.52728994632045,4,True,0.6834999918937683,1,0,0,0,0,0.0,0.0,0.0,0,0,nan,nan,nan,,nan,nan,nan,2,27,-,SELECT OWNER FIRST,
2026-07-08T18:15:00.739,360.739,mission_20260708_180900_manual,MANUAL,,0,13.330306053161621,100.99787902832031,140.5284647388577,4,True,0.6819999814033508,1,0,0,0,0,0.0,0.0,0.0,0,0,nan,nan,nan,,nan,nan,nan,2,27,-,SELECT OWNER FIRST,
2026-07-08T18:15:02.767,362.768,mission_20260708_180900_manual,MANUAL,,0,13.330305099487305,100.99787139892578,140.52780904069738,4,True,0.6822500228881836,1,0,0,0,0,0.0,0.0,0.0,0,0,nan,nan,nan,,nan,nan,nan,2,28,-,SELECT OWNER FIRST,
2026-07-08T18:15:04.805,364.805,mission_20260708_180900_manual,MANUAL,,0,13.330305099487305,100.99787139892578,140.53712541872528,4,True,0.6832500100135803,1,0,0,0,0,0.0,0.0,0.0,0,0,nan,nan,nan,,nan,nan,nan,2,27,-,SELECT OWNER FIRST,
2026-07-08T18:15:06.831,366.831,mission_20260708_180900_manual,MANUAL,,0,13.330303192138672,100.99787139892578,140.54827228745074,4,True,0.6837499737739563,1,0,0,0,0,0.0,0.0,0.0,0,0,nan,nan,nan,,nan,nan,nan,2,27,-,SELECT OWNER FIRST,
2026-07-08T18:15:08.865,368.866,mission_20260708_180900_manual,MANUAL,,0,13.330301284790039,100.99787139892578,140.5412645133623,4,True,0.6832500100135803,1,0,0,0,0,0.0,0.0,0.0,0,0,nan,nan,nan,,nan,nan,nan,2,28,-,SELECT OWNER FIRST,
2026-07-08T18:15:10.888,370.888,mission_20260708_180900_manual,MANUAL,,0,13.330300331115723,100.99787139892578,140.533819607167,4,True,0.6819999814033508,1,0,0,0,0,0.0,0.0,0.0,0,0,nan,nan,nan,,nan,nan,nan,2,28,-,SELECT OWNER FIRST,
2026-07-08T18:15:12.915,372.916,mission_20260708_180900_manual,MANUAL,,0,13.330300331115723,100.99787139892578,140.52830081431762,4,True,0.6834999918937683,1,0,0,0,0,0.0,0.0,0.0,0,0,nan,nan,nan,,nan,nan,nan,2,28,-,SELECT OWNER FIRST,
2026-07-08T18:15:14.943,374.944,mission_20260708_180900_manual,MANUAL,,0,13.330299377441406,100.99787139892578,140.52138866287757,4,True,0.684249997138977,1,0,0,0,0,0.0,0.0,0.0,0,0,nan,nan,nan,,nan,nan,nan,2,28,-,SELECT OWNER FIRST,
2026-07-08T18:15:16.961,376.962,mission_20260708_180900_manual,MANUAL,,0,13.33029842376709,100.99787139892578,140.53043183333867,4,True,0.6840000152587891,1,0,0,0,0,0.0,0.0,0.0,0,0,nan,nan,nan,,nan,nan,nan,2,28,-,SELECT OWNER FIRST,
2026-07-08T18:15:18.976,378.976,mission_20260708_180900_manual,MANUAL,,0,13.33029842376709,100.99787139892578,140.5299263993401,4,True,0.6822500228881836,1,0,0,0,0,0.0,0.0,0.0,0,0,nan,nan,nan,,nan,nan,nan,2,28,-,SELECT OWNER FIRST,
2026-07-08T18:15:21.014,381.015,mission_20260708_180900_manual,MANUAL,,0,13.330299377441406,100.99787139892578,140.53735764515707,4,True,0.684249997138977,1,0,0,0,0,0.0,0.0,0.0,0,0,nan,nan,nan,,nan,nan,nan,2,28,-,SELECT OWNER FIRST,
2026-07-08T18:15:23.046,383.046,mission_20260708_180900_manual,MANUAL,,0,13.33029842376709,100.99787139892578,140.53372398451862,4,True,0.6827499866485596,1,0,0,0,0,0.0,0.0,0.0,0,0,nan,nan,nan,,nan,nan,nan,2,27,-,SELECT OWNER FIRST,
2026-07-08T18:15:25.064,385.065,mission_20260708_180900_manual,MANUAL,,0,13.330299377441406,100.99787139892578,140.53439334305727,4,True,0.684249997138977,1,0,0,0,0,0.0,0.0,0.0,0,0,nan,nan,nan,,nan,nan,nan,2,28,-,SELECT OWNER FIRST,
2026-07-08T18:15:27.087,387.087,mission_20260708_180900_manual,MANUAL,,0,13.330299377441406,100.99787139892578,140.53286338068318,4,True,0.6827499866485596,1,0,0,0,0,0.0,0.0,0.0,0,0,nan,nan,nan,,nan,nan,nan,2,27,-,SELECT OWNER FIRST,
2026-07-08T18:15:29.111,389.111,mission_20260708_180900_manual,MANUAL,,0,13.330299377441406,100.99787139892578,140.53198911646945,4,True,0.6834999918937683,1,0,0,0,0,0.0,0.0,0.0,0,0,nan,nan,nan,,nan,nan,nan,2,27,-,SELECT OWNER FIRST,
2026-07-08T18:15:31.111,391.111,mission_20260708_180900_manual,MANUAL,,0,13.330300331115723,100.99787139892578,140.5296258710166,4,True,0.6934999823570251,1,0,0,0,0,0.0,0.0,0.0,0,0,nan,nan,nan,,nan,nan,nan,2,27,-,SELECT OWNER FIRST,
2026-07-08T18:15:33.129,393.13,mission_20260708_180900_manual,MANUAL,,0,13.330300331115723,100.99787139892578,140.51301485095513,4,True,0.684499979019165,1,0,0,0,0,0.0,0.0,0.0,0,0,nan,nan,nan,,nan,nan,nan,2,28,-,SELECT OWNER FIRST,
2026-07-08T18:15:35.163,395.164,mission_20260708_180900_manual,MANUAL,,0,13.330302238464355,100.99787139892578,140.51599281343326,4,True,0.6847500205039978,1,0,0,0,0,0.0,0.0,0.0,0,0,nan,nan,nan,,nan,nan,nan,2,28,-,SELECT OWNER FIRST,
2026-07-08T18:15:37.196,397.197,mission_20260708_180900_manual,MANUAL,,0,13.330303192138672,100.99787139892578,140.5152961341379,4,True,0.6832500100135803,1,0,0,0,0,0.0,0.0,0.0,0,0,nan,nan,nan,,nan,nan,nan,2,28,-,SELECT OWNER FIRST,
2026-07-08T18:15:39.221,399.221,mission_20260708_180900_manual,MANUAL,,0,13.330304145812988,100.99786376953125,140.51604745494663,4,True,0.6834999918937683,1,0,0,0,0,0.0,0.0,0.0,0,0,nan,nan,nan,,nan,nan,nan,2,28,-,SELECT OWNER FIRST,
2026-07-08T18:15:41.251,401.251,mission_20260708_180900_manual,MANUAL,,0,13.330305099487305,100.99786376953125,140.51506390770615,4,True,0.6834999918937683,1,0,0,0,0,0.0,0.0,0.0,0,0,nan,nan,nan,,nan,nan,nan,2,28,-,SELECT OWNER FIRST,
2026-07-08T18:15:43.288,403.289,mission_20260708_180900_manual,MANUAL,,0,13.330306053161621,100.99786376953125,140.51793258715756,4,True,0.6827499866485596,1,0,0,0,0,0.0,0.0,0.0,0,0,nan,nan,nan,,nan,nan,nan,2,27,-,SELECT OWNER FIRST,
2026-07-08T18:15:45.316,405.316,mission_20260708_180900_manual,MANUAL,,0,13.330307960510254,100.99786376953125,140.50443613335761,4,True,0.6832500100135803,1,0,0,0,0,0.0,0.0,0.0,0,0,nan,nan,nan,,nan,nan,nan,2,26,-,SELECT OWNER FIRST,
2026-07-08T18:15:47.344,407.345,mission_20260708_180900_manual,MANUAL,,0,13.330307960510254,100.99786376953125,140.49602134030013,4,True,0.6834999918937683,1,0,0,0,0,0.0,0.0,0.0,0,0,nan,nan,nan,,nan,nan,nan,2,26,-,SELECT OWNER FIRST,
2026-07-08T18:15:49.376,409.376,mission_20260708_180900_manual,MANUAL,,0,13.33030891418457,100.99786376953125,140.48641809432712,4,True,0.6830000281333923,1,0,0,0,0,0.0,0.0,0.0,0,0,nan,nan,nan,,nan,nan,nan,2,25,-,SELECT OWNER FIRST,
2026-07-08T18:15:51.397,411.397,mission_20260708_180900_manual,MANUAL,,0,13.330309867858887,100.99786376953125,140.48774315102608,4,True,0.6832500100135803,1,0,0,0,0,0.0,0.0,0.0,0,0,nan,nan,nan,,nan,nan,nan,2,25,-,SELECT OWNER FIRST,
2026-07-08T18:15:53.435,413.435,mission_20260708_180900_manual,MANUAL,,0,13.330310821533203,100.99786376953125,140.48255220725687,4,True,0.6830000281333923,1,0,0,0,0,0.0,0.0,0.0,0,0,nan,nan,nan,,nan,nan,nan,2,27,-,SELECT OWNER FIRST,
2026-07-08T18:15:55.455,415.456,mission_20260708_180900_manual,MANUAL,,0,13.33031177520752,100.99786376953125,140.4867869245423,4,True,0.6825000047683716,1,0,0,0,0,0.0,0.0,0.0,0,0,nan,nan,nan,,nan,nan,nan,2,25,-,SELECT OWNER FIRST,
2026-07-08T18:15:57.478,417.479,mission_20260708_180900_manual,MANUAL,,0,13.330310821533203,100.99786376953125,140.48126813169293,4,True,0.6837499737739563,1,0,0,0,0,0.0,0.0,0.0,0,0,nan,nan,nan,,nan,nan,nan,2,24,-,SELECT OWNER FIRST,
2026-07-08T18:15:59.507,419.507,mission_20260708_180900_manual,MANUAL,,0,13.33031177520752,100.99786376953125,140.49401326468416,4,True,0.6825000047683716,1,0,0,0,0,0.0,0.0,0.0,0,0,nan,nan,nan,,nan,nan,nan,2,24,-,SELECT OWNER FIRST,
2026-07-08T18:16:01.528,421.528,mission_20260708_180900_manual,MANUAL,,0,13.330312728881836,100.99786376953125,140.48626783016536,4,True,0.6827499866485596,1,0,0,0,0,0.0,0.0,0.0,0,0,nan,nan,nan,,nan,nan,nan,2,23,-,SELECT OWNER FIRST,
2026-07-08T18:16:03.541,423.542,mission_20260708_180900_manual,MANUAL,,0,13.330313682556152,100.99786376953125,140.48445099984613,4,True,0.6822500228881836,1,0,0,0,0,0.0,0.0,0.0,0,0,nan,nan,nan,,nan,nan,nan,2,26,-,SELECT OWNER FIRST,
2026-07-08T18:16:05.563,425.564,mission_20260708_180900_manual,MANUAL,,0,13.330314636230469,100.99786376953125,140.48492911308804,4,True,0.6837499737739563,1,0,0,0,0,0.0,0.0,0.0,0,0,nan,nan,nan,,nan,nan,nan,2,26,-,SELECT OWNER FIRST,
2026-07-08T18:16:07.575,427.576,mission_20260708_180900_manual,MANUAL,,0,13.330314636230469,100.99786376953125,140.48741530194593,4,True,0.6830000281333923,1,0,0,0,0,0.0,0.0,0.0,0,0,nan,nan,nan,,nan,nan,nan,2,26,-,SELECT OWNER FIRST,
2026-07-08T18:16:09.590,429.591,mission_20260708_180900_manual,MANUAL,,0,13.330315589904785,100.99785614013672,140.49852118953638,4,True,0.684499979019165,1,0,0,0,0,0.0,0.0,0.0,0,0,nan,nan,nan,,nan,nan,nan,2,27,-,SELECT OWNER FIRST,
2026-07-08T18:16:11.616,431.616,mission_20260708_180900_manual,MANUAL,,0,13.330314636230469,100.99785614013672,140.49242866079672,4,True,0.6825000047683716,1,0,0,0,0,0.0,0.0,0.0,0,0,nan,nan,nan,,nan,nan,nan,2,25,-,SELECT OWNER FIRST,
2026-07-08T18:16:13.631,433.632,mission_20260708_180900_manual,MANUAL,,0,13.330313682556152,100.99785614013672,140.4908577172876,4,True,0.6830000281333923,1,0,0,0,0,0.0,0.0,0.0,0,0,nan,nan,nan,,nan,nan,nan,2,25,-,SELECT OWNER FIRST,
2026-07-08T18:16:15.639,435.64,mission_20260708_180900_manual,MANUAL,,0,13.330315589904785,100.99785614013672,140.4912948493945,4,True,0.6834999918937683,1,0,0,0,0,0.0,0.0,0.0,0,0,nan,nan,nan,,nan,nan,nan,2,24,-,SELECT OWNER FIRST,
2026-07-08T18:16:17.662,437.662,mission_20260708_180900_manual,MANUAL,,0,13.330315589904785,100.99785614013672,140.49731907624246,4,True,0.6827499866485596,1,0,0,0,0,0.0,0.0,0.0,0,0,nan,nan,nan,,nan,nan,nan,2,25,-,SELECT OWNER FIRST,
2026-07-08T18:16:19.692,439.692,mission_20260708_180900_manual,MANUAL,,0,13.330314636230469,100.99785614013672,140.49745568002584,4,True,0.6827499866485596,1,0,0,0,0,0.0,0.0,0.0,0,0,nan,nan,nan,,nan,nan,nan,2,24,-,SELECT OWNER FIRST,
2026-07-08T18:16:21.706,441.706,mission_20260708_180900_manual,MANUAL,,0,13.330315589904785,100.99785614013672,140.4989036801299,4,True,0.6832500100135803,1,0,0,0,0,0.0,0.0,0.0,0,0,nan,nan,nan,,nan,nan,nan,2,25,-,SELECT OWNER FIRST,
2026-07-08T18:16:23.737,443.737,mission_20260708_180900_manual,MANUAL,,0,13.330315589904785,100.99785614013672,140.4937810382524,4,True,0.6825000047683716,1,0,0,0,0,0.0,0.0,0.0,0,0,nan,nan,nan,,nan,nan,nan,2,25,-,SELECT OWNER FIRST,
2026-07-08T18:16:25.758,445.759,mission_20260708_180900_manual,MANUAL,,0,13.330315589904785,100.99785614013672,140.49134949090785,4,True,0.6830000281333923,1,0,0,0,0,0.0,0.0,0.0,0,0,nan,nan,nan,,nan,nan,nan,2,25,-,SELECT OWNER FIRST,
2026-07-08T18:16:27.789,447.789,mission_20260708_180900_manual,MANUAL,,0,13.330316543579102,100.99785614013672,140.48365869790243,4,True,0.6847500205039978,1,0,0,0,0,0.0,0.0,0.0,0,0,nan,nan,nan,,nan,nan,nan,2,25,-,SELECT OWNER FIRST,
2026-07-08T18:16:29.807,449.807,mission_20260708_180900_manual,MANUAL,,0,13.330317497253418,100.99785614013672,140.48882232091495,4,True,0.6822500228881836,1,0,0,0,0,0.0,0.0,0.0,0,0,nan,nan,nan,,nan,nan,nan,2,25,-,SELECT OWNER FIRST,
2026-07-08T18:16:31.836,451.837,mission_20260708_180900_manual,MANUAL,,0,13.330317497253418,100.99785614013672,140.48268881104028,4,True,0.6840000152587891,1,0,0,0,0,0.0,0.0,0.0,0,0,nan,nan,nan,,nan,nan,nan,2,25,-,SELECT OWNER FIRST,
2026-07-08T18:16:33.848,453.849,mission_20260708_180900_manual,MANUAL,,0,13.330316543579102,100.99785614013672,140.48315326390383,4,True,0.6825000047683716,1,0,0,0,0,0.0,0.0,0.0,0,0,nan,nan,nan,,nan,nan,nan,2,25,-,SELECT OWNER FIRST,
2026-07-08T18:16:35.865,455.866,mission_20260708_180900_manual,MANUAL,,0,13.330317497253418,100.99785614013672,140.4751892633316,4,True,0.6817499995231628,1,0,0,0,0,0.0,0.0,0.0,0,0,nan,nan,nan,,nan,nan,nan,2,24,-,SELECT OWNER FIRST,
2026-07-08T18:16:37.894,457.894,mission_20260708_180900_manual,MANUAL,,0,13.330317497253418,100.99785614013672,140.49076209463922,4,True,0.6830000281333923,1,0,0,0,0,0.0,0.0,0.0,0,0,nan,nan,nan,,nan,nan,nan,2,24,-,SELECT OWNER FIRST,
2026-07-08T18:16:39.909,459.909,mission_20260708_180900_manual,MANUAL,,0,13.330316543579102,100.99785614013672,140.49499681192464,4,True,0.6840000152587891,1,0,0,0,0,0.0,0.0,0.0,0,0,nan,nan,nan,,nan,nan,nan,2,24,-,SELECT OWNER FIRST,
2026-07-08T18:16:41.926,461.926,mission_20260708_180900_manual,MANUAL,,0,13.330316543579102,100.99785614013672,140.49442307603437,4,True,0.6832500100135803,1,0,0,0,0,0.0,0.0,0.0,0,0,nan,nan,nan,,nan,nan,nan,2,25,-,SELECT OWNER FIRST,
2026-07-08T18:16:43.935,463.935,mission_20260708_180900_manual,MANUAL,,0,13.330316543579102,100.99785614013672,140.49315266084875,4,True,0.6830000281333923,1,0,0,0,0,0.0,0.0,0.0,0,0,nan,nan,nan,,nan,nan,nan,2,26,-,SELECT OWNER FIRST,
2026-07-08T18:16:45.961,465.961,mission_20260708_180900_manual,MANUAL,,0,13.330317497253418,100.99785614013672,140.48729235854086,4,True,0.6832500100135803,1,0,0,0,0,0.0,0.0,0.0,0,0,nan,nan,nan,,nan,nan,nan,2,27,-,SELECT OWNER FIRST,
2026-07-08T18:16:47.977,467.978,mission_20260708_180900_manual,MANUAL,,0,13.330318450927734,100.99785614013672,140.49380835900905,4,True,0.6832500100135803,1,0,0,0,0,0.0,0.0,0.0,0,0,nan,nan,nan,,nan,nan,nan,2,25,-,SELECT OWNER FIRST,
2026-07-08T18:16:49.996,469.996,mission_20260708_180900_manual,MANUAL,,0,13.33031940460205,100.99785614013672,140.49598035916512,4,True,0.6834999918937683,1,0,0,0,0,0.0,0.0,0.0,0,0,nan,nan,nan,,nan,nan,nan,2,25,-,SELECT OWNER FIRST,
2026-07-08T18:16:52.023,472.023,mission_20260708_180900_manual,MANUAL,,0,13.330320358276367,100.99785614013672,140.4971961328374,4,True,0.6834999918937683,1,0,0,0,0,0.0,0.0,0.0,0,0,nan,nan,nan,,nan,nan,nan,2,25,-,SELECT OWNER FIRST,
2026-07-08T18:16:54.052,474.053,mission_20260708_180900_manual,MANUAL,,0,13.330321311950684,100.99785614013672,140.4987397555898,4,True,0.6832500100135803,1,0,0,0,0,0.0,0.0,0.0,0,0,nan,nan,nan,,nan,nan,nan,2,25,-,SELECT OWNER FIRST,
2026-07-08T18:16:56.080,476.08,mission_20260708_180900_manual,MANUAL,,0,13.330321311950684,100.99785614013672,140.50350722763048,4,True,0.6832500100135803,1,0,0,0,0,0.0,0.0,0.0,0,0,nan,nan,nan,,nan,nan,nan,2,25,-,SELECT OWNER FIRST,
2026-07-08T18:16:58.110,478.11,mission_20260708_180900_manual,MANUAL,,0,13.330322265625,100.99785614013672,140.50291983136185,4,True,0.6825000047683716,1,0,0,0,0,0.0,0.0,0.0,0,0,nan,nan,nan,,nan,nan,nan,2,26,-,SELECT OWNER FIRST,
2026-07-08T18:17:00.137,480.137,mission_20260708_180900_manual,MANUAL,,0,13.33032512664795,100.99786376953125,140.5040536427641,4,True,0.6825000047683716,1,0,0,0,0,0.0,0.0,0.0,0,0,nan,nan,nan,,nan,nan,nan,2,26,-,SELECT OWNER FIRST,
2026-07-08T18:17:02.161,482.161,mission_20260708_180900_manual,MANUAL,,0,13.330327033996582,100.99786376953125,140.50174503882462,4,True,0.6832500100135803,1,0,0,0,0,0.0,0.0,0.0,0,0,nan,nan,nan,,nan,nan,nan,2,25,-,SELECT OWNER FIRST,
2026-07-08T18:17:04.181,484.182,mission_20260708_180900_manual,MANUAL,,0,13.330327987670898,100.99786376953125,140.50305643514525,4,True,0.6832500100135803,1,0,0,0,0,0.0,0.0,0.0,0,0,nan,nan,nan,,nan,nan,nan,2,25,-,SELECT OWNER FIRST,
2026-07-08T18:17:06.196,486.196,mission_20260708_180900_manual,MANUAL,,0,13.330328941345215,100.99786376953125,140.50431318995254,4,True,0.6847500205039978,1,0,0,0,0,0.0,0.0,0.0,0,0,nan,nan,nan,,nan,nan,nan,2,25,-,SELECT OWNER FIRST,
2026-07-08T18:17:08.209,488.21,mission_20260708_180900_manual,MANUAL,,0,13.330329895019531,100.99787139892578,140.51472239824764,4,True,0.6830000281333923,1,0,0,0,0,0.0,0.0,0.0,0,0,nan,nan,nan,,nan,nan,nan,2,26,-,SELECT OWNER FIRST,
2026-07-08T18:17:10.233,490.234,mission_20260708_180900_manual,MANUAL,,0,13.330330848693848,100.99787139892578,140.52168919120106,4,True,0.684499979019165,1,0,0,0,0,0.0,0.0,0.0,0,0,nan,nan,nan,,nan,nan,nan,2,26,-,SELECT OWNER FIRST,
2026-07-08T18:17:12.258,492.259,mission_20260708_180900_manual,MANUAL,,0,13.33033275604248,100.99787139892578,140.528355455831,4,True,0.6852499842643738,1,0,0,0,0,0.0,0.0,0.0,0,0,nan,nan,nan,,nan,nan,nan,2,26,-,SELECT OWNER FIRST,
2026-07-08T18:17:14.294,494.295,mission_20260708_180900_manual,MANUAL,,0,13.330333709716797,100.99787139892578,140.5377401357506,4,True,0.684249997138977,1,0,0,0,0,0.0,0.0,0.0,0,0,nan,nan,nan,,nan,nan,nan,2,25,-,SELECT OWNER FIRST,
2026-07-08T18:17:16.336,496.336,mission_20260708_180900_manual,MANUAL,,0,13.330334663391113,100.99787902832031,140.54712481567017,4,True,0.6827499866485596,1,0,0,0,0,0.0,0.0,0.0,0,0,nan,nan,nan,,nan,nan,nan,2,25,-,SELECT OWNER FIRST,
2026-07-08T18:17:18.352,498.352,mission_20260708_180900_manual,MANUAL,,0,13.330334663391113,100.99787902832031,140.55228843868272,4,True,0.6837499737739563,1,0,0,0,0,0.0,0.0,0.0,0,0,nan,nan,nan,,nan,nan,nan,2,25,-,SELECT OWNER FIRST,
2026-07-08T18:17:20.382,500.382,mission_20260708_180900_manual,MANUAL,,0,13.33033561706543,100.99787902832031,140.56650889253467,4,True,0.6832500100135803,1,0,0,0,0,0.0,0.0,0.0,0,0,nan,nan,nan,,nan,nan,nan,2,25,-,SELECT OWNER FIRST,
2026-07-08T18:17:22.402,502.402,mission_20260708_180900_manual,MANUAL,,0,13.33033561706543,100.99787902832031,140.57515591202392,4,True,0.6837499737739563,1,0,0,0,0,0.0,0.0,0.0,0,0,nan,nan,nan,,nan,nan,nan,2,26,-,SELECT OWNER FIRST,
2026-07-08T18:17:24.419,504.419,mission_20260708_180900_manual,MANUAL,,0,13.33033561706543,100.99787902832031,140.5812211200069,4,True,0.6822500228881836,1,0,0,0,0,0.0,0.0,0.0,0,0,nan,nan,nan,,nan,nan,nan,2,27,-,SELECT OWNER FIRST,
2026-07-08T18:17:26.436,506.437,mission_20260708_180900_manual,MANUAL,,0,13.330336570739746,100.99787902832031,140.5860705543176,4,True,0.6827499866485596,1,0,0,0,0,0.0,0.0,0.0,0,0,nan,nan,nan,,nan,nan,nan,2,27,-,SELECT OWNER FIRST,
2026-07-08T18:17:28.466,508.467,mission_20260708_180900_manual,MANUAL,,0,13.330336570739746,100.99787902832031,140.57924036514757,4,True,0.6817499995231628,1,0,0,0,0,0.0,0.0,0.0,0,0,nan,nan,nan,,nan,nan,nan,2,26,-,SELECT OWNER FIRST,
2026-07-08T18:17:30.486,510.486,mission_20260708_180900_manual,MANUAL,,0,13.330336570739746,100.99787902832031,140.5827237616243,4,True,0.6832500100135803,1,0,0,0,0,0.0,0.0,0.0,0,0,nan,nan,nan,,nan,nan,nan,2,26,-,SELECT OWNER FIRST,
2026-07-08T18:17:32.525,512.526,mission_20260708_180900_manual,MANUAL,,0,13.330337524414062,100.99787902832031,140.57516957240225,4,True,0.6825000047683716,1,0,0,0,0,0.0,0.0,0.0,0,0,nan,nan,nan,,nan,nan,nan,2,27,-,SELECT OWNER FIRST,
2026-07-08T18:17:34.559,514.56,mission_20260708_180900_manual,MANUAL,,0,13.330337524414062,100.99787902832031,140.57277900619275,4,True,0.684249997138977,1,0,0,0,0,0.0,0.0,0.0,0,0,nan,nan,nan,,nan,nan,nan,2,27,-,SELECT OWNER FIRST,
2026-07-08T18:17:36.582,516.582,mission_20260708_180900_manual,MANUAL,,0,13.330337524414062,100.99787902832031,140.56635862837294,4,True,0.6832500100135803,1,0,0,0,0,0.0,0.0,0.0,0,0,nan,nan,nan,,nan,nan,nan,2,27,-,SELECT OWNER FIRST,
2026-07-08T18:17:38.597,518.598,mission_20260708_180900_manual,MANUAL,,0,13.330337524414062,100.99787902832031,140.57712300650488,4,True,0.6832500100135803,1,0,0,0,0,0.0,0.0,0.0,0,0,nan,nan,nan,,nan,nan,nan,2,27,-,SELECT OWNER FIRST,
2026-07-08T18:17:40.631,520.631,mission_20260708_180900_manual,MANUAL,,0,13.330337524414062,100.99787902832031,140.58148066719534,4,True,0.6832500100135803,1,0,0,0,0,0.0,0.0,0.0,0,0,nan,nan,nan,,nan,nan,nan,2,27,-,SELECT OWNER FIRST,
2026-07-08T18:17:42.658,522.658,mission_20260708_180900_manual,MANUAL,,0,13.330339431762695,100.99787902832031,140.5826554597326,4,True,0.6822500228881836,1,0,0,0,0,0.0,0.0,0.0,0,0,nan,nan,nan,,nan,nan,nan,2,27,-,SELECT OWNER FIRST,
2026-07-08T18:17:44.673,524.673,mission_20260708_180900_manual,MANUAL,,0,13.330340385437012,100.99787902832031,140.57417236478344,4,True,0.6832500100135803,1,0,0,0,0,0.0,0.0,0.0,0,0,nan,nan,nan,,nan,nan,nan,2,27,-,SELECT OWNER FIRST,
2026-07-08T18:17:46.698,526.699,mission_20260708_180900_manual,MANUAL,,0,13.330342292785645,100.99787902832031,140.57220527030248,4,True,0.6832500100135803,1,0,0,0,0,0.0,0.0,0.0,0,0,nan,nan,nan,,nan,nan,nan,2,26,-,SELECT OWNER FIRST,
2026-07-08T18:17:48.722,528.723,mission_20260708_180900_manual,MANUAL,,0,13.330344200134277,100.99787902832031,140.57145394949376,4,True,0.6830000281333923,1,0,0,0,0,0.0,0.0,0.0,0,0,nan,nan,nan,,nan,nan,nan,2,27,-,SELECT OWNER FIRST,
2026-07-08T18:17:50.749,530.75,mission_20260708_180900_manual,MANUAL,,0,13.330345153808594,100.99787902832031,140.55980164676973,4,True,0.6827499866485596,1,0,0,0,0,0.0,0.0,0.0,0,0,nan,nan,nan,,nan,nan,nan,2,27,-,SELECT OWNER FIRST,
2026-07-08T18:17:52.766,532.767,mission_20260708_180900_manual,MANUAL,,0,13.330345153808594,100.99787902832031,140.5540642878669,4,True,0.6817499995231628,1,0,0,0,0,0.0,0.0,0.0,0,0,nan,nan,nan,,nan,nan,nan,2,27,-,SELECT OWNER FIRST,
2026-07-08T18:17:54.788,534.789,mission_20260708_180900_manual,MANUAL,,0,13.33034610748291,100.99787902832031,140.5557581747811,4,True,0.6834999918937683,1,0,0,0,0,0.0,0.0,0.0,0,0,nan,nan,nan,,nan,nan,nan,2,27,-,SELECT OWNER FIRST,
2026-07-08T18:17:56.818,536.818,mission_20260708_180900_manual,MANUAL,,0,13.33034610748291,100.99787902832031,140.54861379690925,4,True,0.684249997138977,1,0,0,0,0,0.0,0.0,0.0,0,0,nan,nan,nan,,nan,nan,nan,2,27,-,SELECT OWNER FIRST,
2026-07-08T18:17:58.841,538.842,mission_20260708_180900_manual,MANUAL,,0,13.33034610748291,100.99787902832031,140.55635923142805,4,True,0.6832500100135803,1,0,0,0,0,0.0,0.0,0.0,0,0,nan,nan,nan,,nan,nan,nan,2,27,-,SELECT OWNER FIRST,
2026-07-08T18:18:00.869,540.869,mission_20260708_180900_manual,MANUAL,,0,13.33034610748291,100.99787139892578,140.54885968371937,4,True,0.6825000047683716,1,0,0,0,0,0.0,0.0,0.0,0,0,nan,nan,nan,,nan,nan,nan,2,28,-,SELECT OWNER FIRST,
2026-07-08T18:18:02.883,542.884,mission_20260708_180900_manual,MANUAL,,0,13.33034610748291,100.99787139892578,140.54376436259852,4,True,0.6832500100135803,1,0,0,0,0,0.0,0.0,0.0,0,0,nan,nan,nan,,nan,nan,nan,2,27,-,SELECT OWNER FIRST,
2026-07-08T18:18:04.900,544.9,mission_20260708_180900_manual,MANUAL,,0,13.330345153808594,100.99787139892578,140.53754889045382,4,True,0.6819999814033508,1,0,0,0,0,0.0,0.0,0.0,0,0,nan,nan,nan,,nan,nan,nan,2,27,-,SELECT OWNER FIRST,
2026-07-08T18:18:06.923,546.924,mission_20260708_180900_manual,MANUAL,,0,13.330344200134277,100.99787139892578,140.53574572051295,4,True,0.6830000281333923,1,0,0,0,0,0.0,0.0,0.0,0,0,nan,nan,nan,,nan,nan,nan,2,27,-,SELECT OWNER FIRST,
2026-07-08T18:18:08.959,548.959,mission_20260708_180900_manual,MANUAL,,0,13.330343246459961,100.99787139892578,140.5420841360627,4,True,0.6827499866485596,1,0,0,0,0,0.0,0.0,0.0,0,0,nan,nan,nan,,nan,nan,nan,2,27,-,SELECT OWNER FIRST,
2026-07-08T18:18:10.971,550.972,mission_20260708_180900_manual,MANUAL,,0,13.330341339111328,100.99787139892578,140.54172896622586,4,True,0.6834999918937683,1,0,0,0,0,0.0,0.0,0.0,0,0,nan,nan,nan,,nan,nan,nan,2,27,-,SELECT OWNER FIRST,
2026-07-08T18:18:13.008,553.008,mission_20260708_180900_manual,MANUAL,,0,13.330340385437012,100.99787139892578,140.53939304152973,4,True,0.6822500228881836,1,0,0,0,0,0.0,0.0,0.0,0,0,nan,nan,nan,,nan,nan,nan,2,26,-,SELECT OWNER FIRST,
2026-07-08T18:18:15.039,555.039,mission_20260708_180900_manual,MANUAL,,0,13.330339431762695,100.99787139892578,140.53524028651435,4,True,0.684249997138977,1,0,0,0,0,0.0,0.0,0.0,0,0,nan,nan,nan,,nan,nan,nan,2,28,-,SELECT OWNER FIRST,
2026-07-08T18:18:17.065,557.066,mission_20260708_180900_manual,MANUAL,,0,13.330339431762695,100.99787139892578,140.53093726733724,4,True,0.6822500228881836,1,0,0,0,0,0.0,0.0,0.0,0,0,nan,nan,nan,,nan,nan,nan,2,27,-,SELECT OWNER FIRST,
2026-07-08T18:18:19.099,559.1,mission_20260708_180900_manual,MANUAL,,0,13.330337524414062,100.99787139892578,140.5335190788435,4,True,0.6834999918937683,1,0,0,0,0,0.0,0.0,0.0,0,0,nan,nan,nan,,nan,nan,nan,2,28,-,SELECT OWNER FIRST,
2026-07-08T18:18:21.139,561.14,mission_20260708_180900_manual,MANUAL,,0,13.33033561706543,100.99787139892578,140.53752156969713,4,True,0.6834999918937683,1,0,0,0,0,0.0,0.0,0.0,0,0,nan,nan,nan,,nan,nan,nan,2,28,-,SELECT OWNER FIRST,
2026-07-08T18:18:23.176,563.177,mission_20260708_180900_manual,MANUAL,,0,13.33033561706543,100.99787139892578,140.53636043753824,4,True,0.6852499842643738,1,0,0,0,0,0.0,0.0,0.0,0,0,nan,nan,nan,,nan,nan,nan,2,27,-,SELECT OWNER FIRST,
2026-07-08T18:18:25.207,565.208,mission_20260708_180900_manual,MANUAL,,0,13.33033561706543,100.99787902832031,140.52797296523747,4,True,0.6840000152587891,1,0,0,0,0,0.0,0.0,0.0,0,0,nan,nan,nan,,nan,nan,nan,2,26,-,SELECT OWNER FIRST,
2026-07-08T18:18:27.242,567.243,mission_20260708_180900_manual,MANUAL,,0,13.330334663391113,100.99787902832031,140.51888881364135,4,True,0.6827499866485596,1,0,0,0,0,0.0,0.0,0.0,0,0,nan,nan,nan,,nan,nan,nan,2,27,-,SELECT OWNER FIRST,
2026-07-08T18:18:29.275,569.275,mission_20260708_180900_manual,MANUAL,,0,13.330333709716797,100.99787902832031,140.51626602100006,4,True,0.6837499737739563,1,0,0,0,0,0.0,0.0,0.0,0,0,nan,nan,nan,,nan,nan,nan,2,29,-,SELECT OWNER FIRST,
2026-07-08T18:18:31.292,571.293,mission_20260708_180900_manual,MANUAL,,0,13.330331802368164,100.99787139892578,140.53080066355386,4,True,0.6827499866485596,1,0,0,0,0,0.0,0.0,0.0,0,0,nan,nan,nan,,nan,nan,nan,2,28,-,SELECT OWNER FIRST,
2026-07-08T18:18:33.318,573.318,mission_20260708_180900_manual,MANUAL,,0,13.330330848693848,100.99787139892578,140.52899749361296,4,True,0.6834999918937683,1,0,0,0,0,0.0,0.0,0.0,0,0,nan,nan,nan,,nan,nan,nan,2,28,-,SELECT OWNER FIRST,
2026-07-08T18:18:35.342,575.342,mission_20260708_180900_manual,MANUAL,,0,13.330328941345215,100.99787139892578,140.52946194647652,4,True,0.6827499866485596,1,0,0,0,0,0.0,0.0,0.0,0,0,nan,nan,nan,,nan,nan,nan,2,28,-,SELECT OWNER FIRST,
2026-07-08T18:18:37.379,577.379,mission_20260708_180900_manual,MANUAL,,0,13.330327033996582,100.99787139892578,140.5318798334427,4,True,0.684249997138977,1,0,0,0,0,0.0,0.0,0.0,0,0,nan,nan,nan,,nan,nan,nan,2,29,-,SELECT OWNER FIRST,
2026-07-08T18:18:39.424,579.424,mission_20260708_180900_manual,MANUAL,,0,13.330326080322266,100.99787139892578,140.53895590942284,4,True,0.6850000023841858,1,0,0,0,0,0.0,0.0,0.0,0,0,nan,nan,nan,,nan,nan,nan,2,29,-,SELECT OWNER FIRST,
2026-07-08T18:18:41.459,581.459,mission_20260708_180900_manual,MANUAL,,0,13.33032512664795,100.99787139892578,140.5401990038518,4,True,0.6827499866485596,1,0,0,0,0,0.0,0.0,0.0,0,0,nan,nan,nan,,nan,nan,nan,2,29,-,SELECT OWNER FIRST,
2026-07-08T18:18:43.496,583.496,mission_20260708_180900_manual,MANUAL,,0,13.330324172973633,100.99787139892578,140.53212572025282,4,True,0.6830000281333923,1,0,0,0,0,0.0,0.0,0.0,0,0,nan,nan,nan,,nan,nan,nan,2,29,-,SELECT OWNER FIRST,
2026-07-08T18:18:45.519,585.52,mission_20260708_180900_manual,MANUAL,,0,13.330322265625,100.99787139892578,140.52066466282554,4,True,0.6815000176429749,1,0,0,0,0,0.0,0.0,0.0,0,0,nan,nan,nan,,nan,nan,nan,2,29,-,SELECT OWNER FIRST,
2026-07-08T18:18:47.547,587.547,mission_20260708_180900_manual,MANUAL,,0,13.330321311950684,100.99787139892578,140.52084224774399,4,True,0.6830000281333923,1,0,0,0,0,0.0,0.0,0.0,0,0,nan,nan,nan,,nan,nan,nan,2,29,-,SELECT OWNER FIRST,
2026-07-08T18:18:49.582,589.582,mission_20260708_180900_manual,MANUAL,,0,13.330323219299316,100.99787139892578,140.53686587153683,4,True,0.684249997138977,1,0,0,0,0,0.0,0.0,0.0,0,0,nan,nan,nan,,nan,nan,nan,2,28,-,SELECT OWNER FIRST,
2026-07-08T18:18:51.609,591.61,mission_20260708_180900_manual,MANUAL,,0,13.330321311950684,100.99787139892578,140.53842315466758,4,True,0.6822500228881836,1,0,0,0,0,0.0,0.0,0.0,0,0,nan,nan,nan,,nan,nan,nan,2,29,-,SELECT OWNER FIRST,
2026-07-08T18:18:53.646,593.647,mission_20260708_180900_manual,MANUAL,,0,13.330320358276367,100.99786376953125,140.53694783380686,4,True,0.6832500100135803,1,0,0,0,0,0.0,0.0,0.0,0,0,nan,nan,nan,,nan,nan,nan,2,28,-,SELECT OWNER FIRST,
2026-07-08T18:18:55.672,595.672,mission_20260708_180900_manual,MANUAL,,0,13.33031940460205,100.99786376953125,140.534502626084,4,True,0.6822500228881836,1,0,0,0,0,0.0,0.0,0.0,0,0,nan,nan,nan,,nan,nan,nan,2,29,-,SELECT OWNER FIRST,
2026-07-08T18:18:57.716,597.716,mission_20260708_180900_manual,MANUAL,,0,13.330318450927734,100.99786376953125,140.52509062540773,4,True,0.6827499866485596,1,0,0,0,0,0.0,0.0,0.0,0,0,nan,nan,nan,,nan,nan,nan,2,28,-,SELECT OWNER FIRST,
2026-07-08T18:18:59.743,599.744,mission_20260708_180900_manual,MANUAL,,0,13.330317497253418,100.99786376953125,140.52857402188442,4,True,0.6827499866485596,1,0,0,0,0,0.0,0.0,0.0,0,0,nan,nan,nan,,nan,nan,nan,2,27,-,SELECT OWNER FIRST,
2026-07-08T18:19:01.770,601.771,mission_20260708_180900_manual,MANUAL,,0,13.330315589904785,100.99786376953125,140.52801394637248,4,True,0.6840000152587891,1,0,0,0,0,0.0,0.0,0.0,0,0,nan,nan,nan,,nan,nan,nan,2,28,-,SELECT OWNER FIRST,
2026-07-08T18:19:03.823,603.824,mission_20260708_180900_manual,MANUAL,,0,13.330309867858887,100.99786376953125,140.5240934177889,4,True,0.6834999918937683,1,0,0,0,0,0.0,0.0,0.0,0,0,nan,nan,nan,,nan,nan,nan,2,28,-,SELECT OWNER FIRST,
2026-07-08T18:19:05.859,605.86,mission_20260708_180900_manual,MANUAL,,0,13.330306053161621,100.99785614013672,140.52250881390145,4,True,0.6819999814033508,1,0,0,0,0,0.0,0.0,0.0,0,0,nan,nan,nan,,nan,nan,nan,2,27,-,SELECT OWNER FIRST,
2026-07-08T18:19:07.902,607.902,mission_20260708_180900_manual,MANUAL,,0,13.330303192138672,100.99785614013672,140.5129328886851,4,True,0.6830000281333923,1,0,0,0,0,0.0,0.0,0.0,0,0,nan,nan,nan,,nan,nan,nan,2,28,-,SELECT OWNER FIRST,
2026-07-08T18:19:09.939,609.939,mission_20260708_180900_manual,MANUAL,,0,13.330301284790039,100.99785614013672,140.52175749309276,4,True,0.6819999814033508,1,0,0,0,0,0.0,0.0,0.0,0,0,nan,nan,nan,,nan,nan,nan,2,28,-,SELECT OWNER FIRST,
2026-07-08T18:19:11.987,611.988,mission_20260708_180900_manual,MANUAL,,0,13.330300331115723,100.99785614013672,140.50953145447843,4,True,0.6832500100135803,1,0,0,0,0,0.0,0.0,0.0,0,0,nan,nan,nan,,nan,nan,nan,2,27,-,SELECT OWNER FIRST,
2026-07-08T18:19:14.035,614.035,mission_20260708_180900_manual,MANUAL,,0,13.33029842376709,100.99785614013672,140.50813809588774,4,True,0.6827499866485596,1,0,0,0,0,0.0,0.0,0.0,0,0,nan,nan,nan,,nan,nan,nan,2,27,-,SELECT OWNER FIRST,
2026-07-08T18:19:16.083,616.083,mission_20260708_180900_manual,MANUAL,,0,13.330297470092773,100.99785614013672,140.50311107665863,4,True,0.6830000281333923,1,0,0,0,0,0.0,0.0,0.0,0,0,nan,nan,nan,,nan,nan,nan,2,28,-,SELECT OWNER FIRST,
2026-07-08T18:19:18.105,618.105,mission_20260708_180900_manual,MANUAL,,0,13.330296516418457,100.99785614013672,140.5013352274744,4,True,0.6825000047683716,1,0,0,0,0,0.0,0.0,0.0,0,0,nan,nan,nan,,nan,nan,nan,2,29,-,SELECT OWNER FIRST,
2026-07-08T18:19:20.135,620.136,mission_20260708_180900_manual,MANUAL,,0,13.330294609069824,100.99785614013672,140.4955295666799,4,True,0.6830000281333923,1,0,0,0,0,0.0,0.0,0.0,0,0,nan,nan,nan,,nan,nan,nan,2,28,-,SELECT OWNER FIRST,
2026-07-08T18:19:22.172,622.173,mission_20260708_180900_manual,MANUAL,,0,13.330292701721191,100.99784851074219,140.50077515196247,4,True,0.6830000281333923,1,0,0,0,0,0.0,0.0,0.0,0,0,nan,nan,nan,,nan,nan,nan,2,28,-,SELECT OWNER FIRST,
2026-07-08T18:19:24.217,624.218,mission_20260708_180900_manual,MANUAL,,0,13.330291748046875,100.99784851074219,140.49390398165744,4,True,0.6840000152587891,1,0,0,0,0,0.0,0.0,0.0,0,0,nan,nan,nan,,nan,nan,nan,2,27,-,SELECT OWNER FIRST,
2026-07-08T18:19:26.246,626.246,mission_20260708_180900_manual,MANUAL,,0,13.330290794372559,100.99784851074219,140.4944367364127,4,True,0.6832500100135803,1,0,0,0,0,0.0,0.0,0.0,0,0,nan,nan,nan,,nan,nan,nan,2,27,-,SELECT OWNER FIRST,
2026-07-08T18:19:28.288,628.289,mission_20260708_180900_manual,MANUAL,,0,13.330289840698242,100.99784851074219,140.49003809458722,4,True,0.6840000152587891,1,0,0,0,0,0.0,0.0,0.0,0,0,nan,nan,nan,,nan,nan,nan,2,26,-,SELECT OWNER FIRST,
2026-07-08T18:19:30.328,630.329,mission_20260708_180900_manual,MANUAL,,0,13.330289840698242,100.99784851074219,140.48830322653802,4,True,0.684249997138977,1,0,0,0,0,0.0,0.0,0.0,0,0,nan,nan,nan,,nan,nan,nan,2,26,-,SELECT OWNER FIRST,
2026-07-08T18:19:32.356,632.357,mission_20260708_180900_manual,MANUAL,,0,13.330289840698242,100.99784851074219,140.490994321071,4,True,0.6819999814033508,1,0,0,0,0,0.0,0.0,0.0,0,0,nan,nan,nan,,nan,nan,nan,2,27,-,SELECT OWNER FIRST,
2026-07-08T18:19:34.394,634.395,mission_20260708_180900_manual,MANUAL,,0,13.330286979675293,100.99784851074219,140.48507937724978,4,True,0.6827499866485596,1,0,0,0,0,0.0,0.0,0.0,0,0,nan,nan,nan,,nan,nan,nan,2,27,-,SELECT OWNER FIRST,
2026-07-08T18:19:36.427,636.428,mission_20260708_180900_manual,MANUAL,,0,13.330286026000977,100.99784851074219,140.48498375460142,4,True,0.6822500228881836,1,0,0,0,0,0.0,0.0,0.0,0,0,nan,nan,nan,,nan,nan,nan,2,27,-,SELECT OWNER FIRST,
2026-07-08T18:19:38.443,638.444,mission_20260708_180900_manual,MANUAL,,0,13.330286026000977,100.99785614013672,140.49144511355624,4,True,0.6822500228881836,1,0,0,0,0,0.0,0.0,0.0,0,0,nan,nan,nan,,nan,nan,nan,2,27,-,SELECT OWNER FIRST,
2026-07-08T18:19:40.481,640.481,mission_20260708_180900_manual,MANUAL,,0,13.330286026000977,100.99785614013672,140.49428647225096,4,True,0.684499979019165,1,0,0,0,0,0.0,0.0,0.0,0,0,nan,nan,nan,,nan,nan,nan,2,27,-,SELECT OWNER FIRST,
2026-07-08T18:19:42.520,642.52,mission_20260708_180900_manual,MANUAL,,0,13.33028507232666,100.99784851074219,140.49704586867566,4,True,0.6825000047683716,1,0,0,0,0,0.0,0.0,0.0,0,0,nan,nan,nan,,nan,nan,nan,2,27,-,SELECT OWNER FIRST,
2026-07-08T18:19:44.547,644.548,mission_20260708_180900_manual,MANUAL,,0,13.330286026000977,100.99785614013672,140.49256526458012,4,True,0.6834999918937683,1,0,0,0,0,0.0,0.0,0.0,0,0,nan,nan,nan,,nan,nan,nan,2,26,-,SELECT OWNER FIRST,
2026-07-08T18:19:46.563,646.563,mission_20260708_180900_manual,MANUAL,,0,13.330286026000977,100.99785614013672,140.49528367986977,4,True,0.6830000281333923,1,0,0,0,0,0.0,0.0,0.0,0,0,nan,nan,nan,,nan,nan,nan,2,27,-,SELECT OWNER FIRST,
2026-07-08T18:19:48.583,648.583,mission_20260708_180900_manual,MANUAL,,0,13.330286979675293,100.99785614013672,140.4995866990469,4,True,0.6840000152587891,1,0,0,0,0,0.0,0.0,0.0,0,0,nan,nan,nan,,nan,nan,nan,2,27,-,SELECT OWNER FIRST,
2026-07-08T18:19:50.593,650.594,mission_20260708_180900_manual,MANUAL,,0,13.33028793334961,100.99785614013672,140.49720979321572,3,True,0.6825000047683716,1,0,0,0,0,0.0,0.0,0.0,0,0,nan,nan,nan,,nan,nan,nan,2,28,-,SELECT OWNER FIRST,
2026-07-08T18:19:52.616,652.616,mission_20260708_180900_manual,MANUAL,,0,13.330289840698242,100.99785614013672,140.49879439710318,3,True,0.6830000281333923,1,0,0,0,0,0.0,0.0,0.0,0,0,nan,nan,nan,,nan,nan,nan,2,28,-,SELECT OWNER FIRST,
2026-07-08T18:19:54.622,654.623,mission_20260708_180900_manual,MANUAL,,0,13.330291748046875,100.99785614013672,140.49988722737038,3,True,0.6832500100135803,1,0,0,0,0,0.0,0.0,0.0,0,0,nan,nan,nan,,nan,nan,nan,2,28,-,SELECT OWNER FIRST,
2026-07-08T18:19:56.649,656.65,mission_20260708_180900_manual,MANUAL,,0,13.330293655395508,100.99785614013672,140.5053513787064,3,True,0.6827499866485596,1,0,0,0,0,0.0,0.0,0.0,0,0,nan,nan,nan,,nan,nan,nan,2,29,-,SELECT OWNER FIRST,
2026-07-08T18:19:58.687,658.687,mission_20260708_180900_manual,MANUAL,,0,13.33029556274414,100.99786376953125,140.51618405873003,3,True,0.6830000281333923,1,0,0,0,0,0.0,0.0,0.0,0,0,nan,nan,nan,,nan,nan,nan,2,29,-,SELECT OWNER FIRST,
2026-07-08T18:20:00.711,660.711,mission_20260708_180900_manual,MANUAL,,0,13.330296516418457,100.99786376953125,140.5266888896735,4,True,0.6812499761581421,1,0,0,0,0,0.0,0.0,0.0,0,0,nan,nan,nan,,nan,nan,nan,2,29,-,SELECT OWNER FIRST,
2026-07-08T18:20:02.739,662.74,mission_20260708_180900_manual,MANUAL,,0,13.330296516418457,100.99786376953125,140.53080066355386,4,True,0.6840000152587891,1,0,0,0,0,0.0,0.0,0.0,0,0,nan,nan,nan,,nan,nan,nan,2,28,-,SELECT OWNER FIRST,
2026-07-08T18:20:04.770,664.77,mission_20260708_180900_manual,MANUAL,,0,13.330296516418457,100.99786376953125,140.5425622493046,4,True,0.6832500100135803,1,0,0,0,0,0.0,0.0,0.0,0,0,nan,nan,nan,,nan,nan,nan,2,28,-,SELECT OWNER FIRST,
2026-07-08T18:20:06.794,666.794,mission_20260708_180900_manual,MANUAL,,0,13.330297470092773,100.99786376953125,140.54080006049875,4,True,0.6840000152587891,1,0,0,0,0,0.0,0.0,0.0,0,0,nan,nan,nan,,nan,nan,nan,2,28,-,SELECT OWNER FIRST,
2026-07-08T18:20:08.832,668.833,mission_20260708_180900_manual,MANUAL,,0,13.330297470092773,100.99786376953125,140.54857281577424,4,True,0.6827499866485596,1,0,0,0,0,0.0,0.0,0.0,0,0,nan,nan,nan,,nan,nan,nan,2,28,-,SELECT OWNER FIRST,
2026-07-08T18:20:10.863,670.864,mission_20260708_180900_manual,MANUAL,,0,13.330297470092773,100.99787139892578,140.56474670372882,4,True,0.6822500228881836,1,0,0,0,0,0.0,0.0,0.0,0,0,nan,nan,nan,,nan,nan,nan,2,27,-,SELECT OWNER FIRST,
2026-07-08T18:20:12.912,672.913,mission_20260708_180900_manual,MANUAL,,0,13.33029842376709,100.99787139892578,140.56768368507193,4,True,0.6834999918937683,1,0,0,0,0,0.0,0.0,0.0,0,0,nan,nan,nan,,nan,nan,nan,2,28,-,SELECT OWNER FIRST,
2026-07-08T18:20:14.939,674.94,mission_20260708_180900_manual,MANUAL,,0,13.330299377441406,100.99787139892578,140.5654570434025,4,True,0.6822500228881836,1,0,0,0,0,0.0,0.0,0.0,0,0,nan,nan,nan,,nan,nan,nan,2,27,-,SELECT OWNER FIRST,
2026-07-08T18:20:16.955,676.956,mission_20260708_180900_manual,MANUAL,,0,13.330300331115723,100.99787139892578,140.57083923246847,4,True,0.6825000047683716,1,0,0,0,0,0.0,0.0,0.0,0,0,nan,nan,nan,,nan,nan,nan,2,26,-,SELECT OWNER FIRST,
2026-07-08T18:20:18.980,678.98,mission_20260708_180900_manual,MANUAL,,0,13.330300331115723,100.99787139892578,140.57469145916036,4,True,0.6834999918937683,1,0,0,0,0,0.0,0.0,0.0,0,0,nan,nan,nan,,nan,nan,nan,2,25,-,SELECT OWNER FIRST,
2026-07-08T18:20:21.011,681.011,mission_20260708_180900_manual,MANUAL,,0,13.330301284790039,100.99787139892578,140.57615311964273,4,True,0.6834999918937683,1,0,0,0,0,0.0,0.0,0.0,0,0,nan,nan,nan,,nan,nan,nan,2,25,-,SELECT OWNER FIRST,
2026-07-08T18:20:23.032,683.032,mission_20260708_180900_manual,MANUAL,,0,13.330302238464355,100.99787139892578,140.56936391160775,4,True,0.6847500205039978,1,0,0,0,0,0.0,0.0,0.0,0,0,nan,nan,nan,,nan,nan,nan,2,26,-,SELECT OWNER FIRST,
2026-07-08T18:20:25.061,685.061,mission_20260708_180900_manual,MANUAL,,0,13.330304145812988,100.99787902832031,140.56445983578368,4,True,0.6825000047683716,1,0,0,0,0,0.0,0.0,0.0,0,0,nan,nan,nan,,nan,nan,nan,2,26,-,SELECT OWNER FIRST,
2026-07-08T18:20:27.091,687.091,mission_20260708_180900_manual,MANUAL,,0,13.330306053161621,100.99787902832031,140.56418662821687,4,True,0.6834999918937683,1,0,0,0,0,0.0,0.0,0.0,0,0,nan,nan,nan,,nan,nan,nan,2,29,-,SELECT OWNER FIRST,
2026-07-08T18:20:29.117,689.118,mission_20260708_180900_manual,MANUAL,,0,13.330307006835938,100.99787902832031,140.5602387788766,4,True,0.6834999918937683,1,0,0,0,0,0.0,0.0,0.0,0,0,nan,nan,nan,,nan,nan,nan,2,28,-,SELECT OWNER FIRST,
2026-07-08T18:20:31.149,691.149,mission_20260708_180900_manual,MANUAL,,0,13.330307960510254,100.99787902832031,140.5659624774011,4,True,0.6840000152587891,1,0,0,0,0,0.0,0.0,0.0,0,0,nan,nan,nan,,nan,nan,nan,2,28,-,SELECT OWNER FIRST,
2026-07-08T18:20:33.176,693.176,mission_20260708_180900_manual,MANUAL,,0,13.330309867858887,100.99788665771484,140.56148187330555,4,True,0.6827499866485596,1,0,0,0,0,0.0,0.0,0.0,0,0,nan,nan,nan,,nan,nan,nan,2,27,-,SELECT OWNER FIRST,
2026-07-08T18:20:35.208,695.209,mission_20260708_180900_manual,MANUAL,,0,13.330310821533203,100.99788665771484,140.57608481775102,4,True,0.6825000047683716,1,0,0,0,0,0.0,0.0,0.0,0,0,nan,nan,nan,,nan,nan,nan,2,28,-,SELECT OWNER FIRST,
2026-07-08T18:20:37.233,697.234,mission_20260708_180900_manual,MANUAL,,0,13.33031177520752,100.99788665771484,140.57717764801825,4,True,0.6827499866485596,1,0,0,0,0,0.0,0.0,0.0,0,0,nan,nan,nan,,nan,nan,nan,2,28,-,SELECT OWNER FIRST,
2026-07-08T18:20:39.267,699.268,mission_20260708_180900_manual,MANUAL,,0,13.330313682556152,100.99788665771484,140.5847454976186,4,True,0.6827499866485596,1,0,0,0,0,0.0,0.0,0.0,0,0,nan,nan,nan,,nan,nan,nan,2,29,-,SELECT OWNER FIRST,
2026-07-08T18:20:41.303,701.303,mission_20260708_180900_manual,MANUAL,,0,13.330314636230469,100.99788665771484,140.60083742330315,4,True,0.6825000047683716,1,0,0,0,0,0.0,0.0,0.0,0,0,nan,nan,nan,,nan,nan,nan,2,29,-,SELECT OWNER FIRST,
2026-07-08T18:20:43.333,703.333,mission_20260708_180900_manual,MANUAL,,0,13.330316543579102,100.99788665771484,140.59870640428213,4,True,0.684249997138977,1,0,0,0,0,0.0,0.0,0.0,0,0,nan,nan,nan,,nan,nan,nan,2,29,-,SELECT OWNER FIRST,
2026-07-08T18:20:45.353,705.354,mission_20260708_180900_manual,MANUAL,,0,13.330318450927734,100.99788665771484,140.60501749907522,4,True,0.6837499737739563,1,0,0,0,0,0.0,0.0,0.0,0,0,nan,nan,nan,,nan,nan,nan,2,29,-,SELECT OWNER FIRST,
2026-07-08T18:20:47.376,707.377,mission_20260708_180900_manual,MANUAL,,0,13.33031940460205,100.99788665771484,140.6006188572497,4,True,0.684249997138977,1,0,0,0,0,0.0,0.0,0.0,0,0,nan,nan,nan,,nan,nan,nan,2,29,-,SELECT OWNER FIRST,
2026-07-08T18:20:49.407,709.408,mission_20260708_180900_manual,MANUAL,,0,13.33031940460205,100.99788665771484,140.5982146306619,4,True,0.6812499761581421,1,0,0,0,0,0.0,0.0,0.0,0,0,nan,nan,nan,,nan,nan,nan,2,28,-,SELECT OWNER FIRST,
2026-07-08T18:20:51.433,711.434,mission_20260708_180900_manual,MANUAL,,0,13.330320358276367,100.99789428710938,140.60466232923838,4,True,0.6827499866485596,1,0,0,0,0,0.0,0.0,0.0,0,0,nan,nan,nan,,nan,nan,nan,2,28,-,SELECT OWNER FIRST,
2026-07-08T18:20:53.462,713.462,mission_20260708_180900_manual,MANUAL,,0,13.330318450927734,100.99789428710938,140.58847478090544,4,True,0.6832500100135803,1,0,0,0,0,0.0,0.0,0.0,0,0,nan,nan,nan,,nan,nan,nan,2,28,-,SELECT OWNER FIRST,
2026-07-08T18:20:55.483,715.483,mission_20260708_180900_manual,MANUAL,,0,13.330317497253418,100.99789428710938,140.58454059194352,4,True,0.6837499737739563,1,0,0,0,0,0.0,0.0,0.0,0,0,nan,nan,nan,,nan,nan,nan,2,28,-,SELECT OWNER FIRST,
2026-07-08T18:20:57.507,717.508,mission_20260708_180900_manual,MANUAL,,0,13.330315589904785,100.99789428710938,140.58018293125303,4,True,0.6830000281333923,1,0,0,0,0,0.0,0.0,0.0,0,0,nan,nan,nan,,nan,nan,nan,2,27,-,SELECT OWNER FIRST,
2026-07-08T18:20:59.529,719.529,mission_20260708_180900_manual,MANUAL,,0,13.330314636230469,100.99789428710938,140.57269704392272,4,True,0.6817499995231628,1,0,0,0,0,0.0,0.0,0.0,0,0,nan,nan,nan,,nan,nan,nan,2,29,-,SELECT OWNER FIRST,
2026-07-08T18:21:01.564,721.564,mission_20260708_180900_manual,MANUAL,,0,13.330312728881836,100.99789428710938,140.57280632694943,4,True,0.6837499737739563,1,0,0,0,0,0.0,0.0,0.0,0,0,nan,nan,nan,,nan,nan,nan,2,28,-,SELECT OWNER FIRST,
2026-07-08T18:21:03.600,723.6,mission_20260708_180900_manual,MANUAL,,0,13.33031177520752,100.99789428710938,140.56312111870636,4,True,0.6837499737739563,1,0,0,0,0,0.0,0.0,0.0,0,0,nan,nan,nan,,nan,nan,nan,2,28,-,SELECT OWNER FIRST,
2026-07-08T18:21:05.635,725.635,mission_20260708_180900_manual,MANUAL,,0,13.33030891418457,100.99789428710938,140.57478708180872,4,True,0.6822500228881836,1,0,0,0,0,0.0,0.0,0.0,0,0,nan,nan,nan,,nan,nan,nan,2,29,-,SELECT OWNER FIRST,
2026-07-08T18:21:07.661,727.662,mission_20260708_180900_manual,MANUAL,,0,13.330307960510254,100.99789428710938,140.58205440308564,4,True,0.6822500228881836,1,0,0,0,0,0.0,0.0,0.0,0,0,nan,nan,nan,,nan,nan,nan,2,29,-,SELECT OWNER FIRST,
2026-07-08T18:21:09.681,729.681,mission_20260708_180900_manual,MANUAL,,0,13.330307006835938,100.99789428710938,140.58396685605322,4,True,0.6822500228881836,1,0,0,0,0,0.0,0.0,0.0,0,0,nan,nan,nan,,nan,nan,nan,2,29,-,SELECT OWNER FIRST,
2026-07-08T18:21:11.710,731.71,mission_20260708_180900_manual,MANUAL,,0,13.330305099487305,100.99789428710938,140.58720436571983,4,True,0.6834999918937683,1,0,0,0,0,0.0,0.0,0.0,0,0,nan,nan,nan,,nan,nan,nan,2,28,-,SELECT OWNER FIRST,
2026-07-08T18:21:13.740,733.74,mission_20260708_180900_manual,MANUAL,,0,13.330303192138672,100.99789428710938,140.58273742200262,4,True,0.6827499866485596,1,0,0,0,0,0.0,0.0,0.0,0,0,nan,nan,nan,,nan,nan,nan,2,28,-,SELECT OWNER FIRST,
2026-07-08T18:21:15.781,735.782,mission_20260708_180900_manual,MANUAL,,0,13.330301284790039,100.9979019165039,140.5776421008818,4,True,0.6837499737739563,1,0,0,0,0,0.0,0.0,0.0,0,0,nan,nan,nan,,nan,nan,nan,2,28,-,SELECT OWNER FIRST,
2026-07-08T18:21:17.812,737.813,mission_20260708_180900_manual,MANUAL,,0,13.330299377441406,100.9979019165039,140.5761394592644,4,True,0.6830000281333923,1,0,0,0,0,0.0,0.0,0.0,0,0,nan,nan,nan,,nan,nan,nan,2,28,-,SELECT OWNER FIRST,
2026-07-08T18:21:19.834,739.835,mission_20260708_180900_manual,MANUAL,,0,13.330296516418457,100.9979019165039,140.5783934216905,4,True,0.6832500100135803,1,0,0,0,0,0.0,0.0,0.0,0,0,nan,nan,nan,,nan,nan,nan,2,28,-,SELECT OWNER FIRST,
2026-07-08T18:21:21.873,741.873,mission_20260708_180900_manual,MANUAL,,0,13.330293655395508,100.9979019165039,140.57503296861884,4,True,0.6832500100135803,1,0,0,0,0,0.0,0.0,0.0,0,0,nan,nan,nan,,nan,nan,nan,2,28,-,SELECT OWNER FIRST,
2026-07-08T18:21:23.911,743.911,mission_20260708_180900_manual,MANUAL,,0,13.330291748046875,100.9979019165039,140.5733390817047,4,True,0.6827499866485596,1,0,0,0,0,0.0,0.0,0.0,0,0,nan,nan,nan,,nan,nan,nan,2,27,-,SELECT OWNER FIRST,
2026-07-08T18:21:25.953,745.953,mission_20260708_180900_manual,MANUAL,,0,13.330289840698242,100.9979019165039,140.5629708545446,4,True,0.6840000152587891,1,0,0,0,0,0.0,0.0,0.0,0,0,nan,nan,nan,,nan,nan,nan,2,28,-,SELECT OWNER FIRST,
2026-07-08T18:21:27.995,747.996,mission_20260708_180900_manual,MANUAL,,0,13.33028793334961,100.9979019165039,140.55006179701329,4,True,0.6832500100135803,1,0,0,0,0,0.0,0.0,0.0,0,0,nan,nan,nan,,nan,nan,nan,2,27,-,SELECT OWNER FIRST,
2026-07-08T18:21:30.030,750.031,mission_20260708_180900_manual,MANUAL,,0,13.330286979675293,100.99789428710938,140.5866852713429,4,True,0.6837499737739563,1,0,0,0,0,0.0,0.0,0.0,0,0,nan,nan,nan,,nan,nan,nan,2,27,-,SELECT OWNER FIRST,
2026-07-08T18:21:32.064,752.065,mission_20260708_180900_manual,MANUAL,,0,13.330286979675293,100.99789428710938,140.61535840547862,4,True,0.6830000281333923,1,0,0,0,0,0.0,0.0,0.0,0,0,nan,nan,nan,,nan,nan,nan,2,28,-,SELECT OWNER FIRST,
2026-07-08T18:21:34.100,754.101,mission_20260708_180900_manual,MANUAL,,0,13.33028793334961,100.99789428710938,140.63780240709127,4,True,0.6825000047683716,1,0,0,0,0,0.0,0.0,0.0,0,0,nan,nan,nan,,nan,nan,nan,2,28,-,SELECT OWNER FIRST,
2026-07-08T18:21:36.129,756.129,mission_20260708_180900_manual,MANUAL,,0,13.330290794372559,100.99789428710938,140.6611616540527,4,True,0.6830000281333923,1,0,0,0,0,0.0,0.0,0.0,0,0,nan,nan,nan,,nan,nan,nan,2,28,-,SELECT OWNER FIRST,
2026-07-08T18:21:38.156,758.157,mission_20260708_180900_manual,MANUAL,,0,13.330292701721191,100.99789428710938,140.67401607007068,4,True,0.6832500100135803,1,0,0,0,0,0.0,0.0,0.0,0,0,nan,nan,nan,,nan,nan,nan,2,29,-,SELECT OWNER FIRST,
2026-07-08T18:21:40.202,760.203,mission_20260708_180900_manual,MANUAL,,0,13.33029556274414,100.99789428710938,140.70217010982947,4,True,0.6827499866485596,1,0,0,0,0,0.0,0.0,0.0,0,0,nan,nan,nan,,nan,nan,nan,2,29,-,SELECT OWNER FIRST,
2026-07-08T18:21:42.239,762.239,mission_20260708_180900_manual,MANUAL,,0,13.330297470092773,100.99789428710938,140.7187674695126,4,True,0.6832500100135803,1,0,0,0,0,0.0,0.0,0.0,0,0,nan,nan,nan,,nan,nan,nan,2,28,-,SELECT OWNER FIRST,
2026-07-08T18:21:44.247,764.248,mission_20260708_180900_manual,MANUAL,,0,13.330299377441406,100.99789428710938,140.7335479988765,4,True,0.6827499866485596,1,0,0,0,0,0.0,0.0,0.0,0,0,nan,nan,nan,,nan,nan,nan,2,29,-,SELECT OWNER FIRST,
2026-07-08T18:21:46.264,766.265,mission_20260708_180900_manual,MANUAL,,0,13.330300331115723,100.99789428710938,140.74606090543597,4,True,0.6837499737739563,1,0,0,0,0,0.0,0.0,0.0,0,0,nan,nan,nan,,nan,nan,nan,2,29,-,SELECT OWNER FIRST,
2026-07-08T18:21:48.292,768.293,mission_20260708_180900_manual,MANUAL,,0,13.330301284790039,100.99789428710938,140.76817705796847,4,True,0.6840000152587891,1,0,0,0,0,0.0,0.0,0.0,0,0,nan,nan,nan,,nan,nan,nan,2,29,-,SELECT OWNER FIRST,
2026-07-08T18:21:50.324,770.325,mission_20260708_180900_manual,MANUAL,,0,13.330302238464355,100.99789428710938,140.7834766817093,4,True,0.6830000281333923,1,0,0,0,0,0.0,0.0,0.0,0,0,nan,nan,nan,,nan,nan,nan,2,29,-,SELECT OWNER FIRST,
2026-07-08T18:21:52.354,772.354,mission_20260708_180900_manual,MANUAL,,0,13.330303192138672,100.99789428710938,140.79202807855015,4,True,0.6815000176429749,1,0,0,0,0,0.0,0.0,0.0,0,0,nan,nan,nan,,nan,nan,nan,2,29,-,SELECT OWNER FIRST,
2026-07-08T18:21:54.389,774.39,mission_20260708_180900_manual,MANUAL,,0,13.330305099487305,100.99789428710938,140.80383064543594,4,True,0.6832500100135803,1,0,0,0,0,0.0,0.0,0.0,0,0,nan,nan,nan,,nan,nan,nan,2,29,-,SELECT OWNER FIRST,
2026-07-08T18:21:56.426,776.426,mission_20260708_180900_manual,MANUAL,,0,13.330306053161621,100.99789428710938,140.80781947591123,4,True,0.6825000047683716,1,0,0,0,0,0.0,0.0,0.0,0,0,nan,nan,nan,,nan,nan,nan,2,29,-,SELECT OWNER FIRST,
2026-07-08T18:21:58.439,778.44,mission_20260708_180900_manual,MANUAL,,0,13.330307960510254,100.99789428710938,140.8108794006594,4,True,0.6827499866485596,1,0,0,0,0,0.0,0.0,0.0,0,0,nan,nan,nan,,nan,nan,nan,2,29,-,SELECT OWNER FIRST,
2026-07-08T18:22:00.458,780.459,mission_20260708_180900_manual,MANUAL,,0,13.330309867858887,100.99789428710938,140.81967668431037,4,True,0.6832500100135803,1,0,0,0,0,0.0,0.0,0.0,0,0,nan,nan,nan,,nan,nan,nan,2,29,-,SELECT OWNER FIRST,
2026-07-08T18:22:02.497,782.498,mission_20260708_180900_manual,MANUAL,,0,13.33031177520752,100.99789428710938,140.8303727605506,4,True,0.6825000047683716,1,0,0,0,0,0.0,0.0,0.0,0,0,nan,nan,nan,,nan,nan,nan,2,29,-,SELECT OWNER FIRST,
2026-07-08T18:22:04.522,784.523,mission_20260708_180900_manual,MANUAL,,0,13.330312728881836,100.99789428710938,140.842079704788,4,True,0.6827499866485596,1,0,0,0,0,0.0,0.0,0.0,0,0,nan,nan,nan,,nan,nan,nan,2,29,-,SELECT OWNER FIRST,
2026-07-08T18:22:06.563,786.563,mission_20260708_180900_manual,MANUAL,,0,13.330313682556152,100.99789428710938,140.85145072432928,4,True,0.6850000023841858,1,0,0,0,0,0.0,0.0,0.0,0,0,nan,nan,nan,,nan,nan,nan,2,29,-,SELECT OWNER FIRST,
2026-07-08T18:22:08.605,788.606,mission_20260708_180900_manual,MANUAL,,0,13.330315589904785,100.9979019165039,140.8592371399831,4,True,0.6830000281333923,1,0,0,0,0,0.0,0.0,0.0,0,0,nan,nan,nan,,nan,nan,nan,2,29,-,SELECT OWNER FIRST,
2026-07-08T18:22:10.624,790.625,mission_20260708_180900_manual,MANUAL,,0,13.330317497253418,100.9979019165039,140.88414000969695,4,True,0.6840000152587891,1,0,0,0,0,0.0,0.0,0.0,0,0,nan,nan,nan,,nan,nan,nan,2,29,-,SELECT OWNER FIRST,
2026-07-08T18:22:12.658,792.658,mission_20260708_180900_manual,MANUAL,,0,13.330318450927734,100.9979019165039,140.8879785760105,4,True,0.6825000047683716,1,0,0,0,0,0.0,0.0,0.0,0,0,nan,nan,nan,,nan,nan,nan,2,29,-,SELECT OWNER FIRST,
2026-07-08T18:22:14.695,794.695,mission_20260708_180900_manual,MANUAL,,0,13.330318450927734,100.9979019165039,140.89812823711713,4,True,0.6822500228881836,1,0,0,0,0,0.0,0.0,0.0,0,0,nan,nan,nan,,nan,nan,nan,2,29,-,SELECT OWNER FIRST,
2026-07-08T18:22:16.740,796.741,mission_20260708_180900_manual,MANUAL,,0,13.330318450927734,100.9979019165039,140.910094728543,4,True,0.6832500100135803,1,0,0,0,0,0.0,0.0,0.0,0,0,nan,nan,nan,,nan,nan,nan,2,29,-,SELECT OWNER FIRST,
2026-07-08T18:22:18.776,798.776,mission_20260708_180900_manual,MANUAL,,0,13.330318450927734,100.9979019165039,140.9119662003756,4,True,0.6837499737739563,1,0,0,0,0,0.0,0.0,0.0,0,0,nan,nan,nan,,nan,nan,nan,2,29,-,SELECT OWNER FIRST,
2026-07-08T18:22:20.806,800.806,mission_20260708_180900_manual,MANUAL,,0,13.330318450927734,100.9979019165039,140.91850952160044,4,True,0.6830000281333923,1,0,0,0,0,0.0,0.0,0.0,0,0,nan,nan,nan,,nan,nan,nan,2,29,-,SELECT OWNER FIRST,
2026-07-08T18:22:22.814,802.815,mission_20260708_180900_manual,MANUAL,,0,13.33031940460205,100.9979019165039,140.9304350318913,4,True,0.6830000281333923,1,0,0,0,0,0.0,0.0,0.0,0,0,nan,nan,nan,,nan,nan,nan,2,29,-,SELECT OWNER FIRST,
2026-07-08T18:22:24.843,804.844,mission_20260708_180900_manual,MANUAL,,0,13.330321311950684,100.99790954589844,140.9279078618984,4,True,0.6819999814033508,1,0,0,0,0,0.0,0.0,0.0,0,0,nan,nan,nan,,nan,nan,nan,2,29,-,SELECT OWNER FIRST,
2026-07-08T18:22:26.861,806.862,mission_20260708_180900_manual,MANUAL,,0,13.330322265625,100.99790954589844,140.93477903220344,4,True,0.6825000047683716,1,0,0,0,0,0.0,0.0,0.0,0,0,nan,nan,nan,,nan,nan,nan,2,28,-,SELECT OWNER FIRST,
2026-07-08T18:22:28.869,808.869,mission_20260708_180900_manual,MANUAL,,0,13.330322265625,100.99790954589844,140.93218356031883,4,True,0.6832500100135803,1,0,0,0,0,0.0,0.0,0.0,0,0,nan,nan,nan,,nan,nan,nan,2,28,-,SELECT OWNER FIRST,
2026-07-08T18:22:30.885,810.885,mission_20260708_180900_manual,MANUAL,,0,13.330324172973633,100.99790954589844,140.92602272968747,4,True,0.6812499761581421,1,0,0,0,0,0.0,0.0,0.0,0,0,nan,nan,nan,,nan,nan,nan,2,29,-,SELECT OWNER FIRST,
2026-07-08T18:22:32.908,812.909,mission_20260708_180900_manual,MANUAL,,0,13.33032512664795,100.99790954589844,140.93042137151295,4,True,0.6830000281333923,1,0,0,0,0,0.0,0.0,0.0,0,0,nan,nan,nan,,nan,nan,nan,2,29,-,SELECT OWNER FIRST,
2026-07-08T18:22:34.941,814.942,mission_20260708_180900_manual,MANUAL,,0,13.330326080322266,100.99790954589844,140.9209137481883,4,True,0.6822500228881836,1,0,0,0,0,0.0,0.0,0.0,0,0,nan,nan,nan,,nan,nan,nan,2,29,-,SELECT OWNER FIRST,
2026-07-08T18:22:36.973,816.973,mission_20260708_180900_manual,MANUAL,,0,13.330327033996582,100.99790954589844,140.9186597857622,4,True,0.6827499866485596,1,0,0,0,0,0.0,0.0,0.0,0,0,nan,nan,nan,,nan,nan,nan,2,29,-,SELECT OWNER FIRST,
2026-07-08T18:22:39.004,819.004,mission_20260708_180900_manual,MANUAL,,0,13.330327033996582,100.99791717529297,140.92361850309962,4,True,0.6822500228881836,1,0,0,0,0,0.0,0.0,0.0,0,0,nan,nan,nan,,nan,nan,nan,2,29,-,SELECT OWNER FIRST,
2026-07-08T18:22:41.034,821.034,mission_20260708_180900_manual,MANUAL,,0,13.330327987670898,100.99791717529297,140.93277095658743,4,True,0.6825000047683716,1,0,0,0,0,0.0,0.0,0.0,0,0,nan,nan,nan,,nan,nan,nan,2,28,-,SELECT OWNER FIRST,
2026-07-08T18:22:43.059,823.059,mission_20260708_180900_manual,MANUAL,,0,13.330327987670898,100.99791717529297,140.93341299436943,4,True,0.6830000281333923,1,0,0,0,0,0.0,0.0,0.0,0,0,nan,nan,nan,,nan,nan,nan,2,28,-,SELECT OWNER FIRST,
2026-07-08T18:22:45.074,825.074,mission_20260708_180900_manual,MANUAL,,0,13.330327987670898,100.99791717529297,140.93525714544532,4,True,0.6822500228881836,1,0,0,0,0,0.0,0.0,0.0,0,0,nan,nan,nan,,nan,nan,nan,2,28,-,SELECT OWNER FIRST,
2026-07-08T18:22:47.092,827.093,mission_20260708_180900_manual,MANUAL,,0,13.330327987670898,100.99791717529297,140.91819533289862,4,True,0.6817499995231628,1,0,0,0,0,0.0,0.0,0.0,0,0,nan,nan,nan,,nan,nan,nan,2,29,-,SELECT OWNER FIRST,
2026-07-08T18:22:49.110,829.111,mission_20260708_180900_manual,MANUAL,,0,13.330327987670898,100.99791717529297,140.90740363401002,4,True,0.6834999918937683,1,0,0,0,0,0.0,0.0,0.0,0,0,nan,nan,nan,,nan,nan,nan,2,29,-,SELECT OWNER FIRST,
2026-07-08T18:22:51.122,831.122,mission_20260708_180900_manual,MANUAL,,0,13.330327987670898,100.99791717529297,140.90896091714077,4,True,0.6815000176429749,1,0,0,0,0,0.0,0.0,0.0,0,0,nan,nan,nan,,nan,nan,nan,2,28,-,SELECT OWNER FIRST,
2026-07-08T18:22:53.150,833.15,mission_20260708_180900_manual,MANUAL,,0,13.330327033996582,100.99791717529297,140.9067889169847,4,True,0.6825000047683716,1,0,0,0,0,0.0,0.0,0.0,0,0,nan,nan,nan,,nan,nan,nan,2,29,-,SELECT OWNER FIRST,
2026-07-08T18:22:55.172,835.173,mission_20260708_180900_manual,MANUAL,,0,13.330326080322266,100.99791717529297,140.9156271817707,4,True,0.6817499995231628,1,0,0,0,0,0.0,0.0,0.0,0,0,nan,nan,nan,,nan,nan,nan,2,28,-,SELECT OWNER FIRST,
2026-07-08T18:22:57.199,837.2,mission_20260708_180900_manual,MANUAL,,0,13.330326080322266,100.99791717529297,140.90677525660638,4,True,0.6830000281333923,1,0,0,0,0,0.0,0.0,0.0,0,0,nan,nan,nan,,nan,nan,nan,2,28,-,SELECT OWNER FIRST,
2026-07-08T18:22:59.233,839.234,mission_20260708_180900_manual,MANUAL,,0,13.330326080322266,100.99791717529297,140.91400159674825,4,True,0.6832500100135803,1,0,0,0,0,0.0,0.0,0.0,0,0,nan,nan,nan,,nan,nan,nan,2,28,-,SELECT OWNER FIRST,
2026-07-08T18:23:01.250,841.25,mission_20260708_180900_manual,MANUAL,,0,13.33032512664795,100.99791717529297,140.91277216269765,4,True,0.6827499866485596,1,0,0,0,0,0.0,0.0,0.0,0,0,nan,nan,nan,,nan,nan,nan,2,28,-,SELECT OWNER FIRST,
2026-07-08T18:23:03.269,843.269,mission_20260708_180900_manual,MANUAL,,0,13.330324172973633,100.99791717529297,140.90740363401002,4,True,0.6837499737739563,1,0,0,0,0,0.0,0.0,0.0,0,0,nan,nan,nan,,nan,nan,nan,2,28,-,SELECT OWNER FIRST,
2026-07-08T18:23:05.294,845.295,mission_20260708_180900_manual,MANUAL,,0,13.330323219299316,100.99791717529297,140.9042890677485,4,True,0.6832500100135803,1,0,0,0,0,0.0,0.0,0.0,0,0,nan,nan,nan,,nan,nan,nan,2,28,-,SELECT OWNER FIRST,
2026-07-08T18:23:07.314,847.314,mission_20260708_180900_manual,MANUAL,,0,13.330322265625,100.99791717529297,140.90148869018878,4,True,0.6827499866485596,1,0,0,0,0,0.0,0.0,0.0,0,0,nan,nan,nan,,nan,nan,nan,2,28,-,SELECT OWNER FIRST,
2026-07-08T18:23:09.334,849.335,mission_20260708_180900_manual,MANUAL,,0,13.330322265625,100.99791717529297,140.8978140484153,4,True,0.6837499737739563,1,0,0,0,0,0.0,0.0,0.0,0,0,nan,nan,nan,,nan,nan,nan,2,27,-,SELECT OWNER FIRST,
2026-07-08T18:23:11.359,851.359,mission_20260708_180900_manual,MANUAL,,0,13.330321311950684,100.99791717529297,140.90564144520414,4,True,0.6825000047683716,1,0,0,0,0,0.0,0.0,0.0,0,0,nan,nan,nan,,nan,nan,nan,2,28,-,SELECT OWNER FIRST,
2026-07-08T18:23:13.395,853.396,mission_20260708_180900_manual,MANUAL,,0,13.330320358276367,100.99791717529297,140.90539555839402,4,True,0.6834999918937683,1,0,0,0,0,0.0,0.0,0.0,0,0,nan,nan,nan,,nan,nan,nan,2,28,-,SELECT OWNER FIRST,
2026-07-08T18:23:15.403,855.403,mission_20260708_180900_manual,MANUAL,,0,13.33031940460205,100.99791717529297,140.90247223742927,4,True,0.6819999814033508,1,0,0,0,0,0.0,0.0,0.0,0,0,nan,nan,nan,,nan,nan,nan,2,28,-,SELECT OWNER FIRST,
2026-07-08T18:23:17.438,857.438,mission_20260708_180900_manual,MANUAL,,0,13.330318450927734,100.99790954589844,140.89564204825925,4,True,0.6834999918937683,1,0,0,0,0,0.0,0.0,0.0,0,0,nan,nan,nan,,nan,nan,nan,2,28,-,SELECT OWNER FIRST,
2026-07-08T18:23:19.466,859.467,mission_20260708_180900_manual,MANUAL,,0,13.330317497253418,100.99790954589844,140.8943579726953,4,True,0.6830000281333923,1,0,0,0,0,0.0,0.0,0.0,0,0,nan,nan,nan,,nan,nan,nan,2,26,-,SELECT OWNER FIRST,
2026-07-08T18:23:21.502,861.502,mission_20260708_180900_manual,MANUAL,,0,13.330316543579102,100.99790954589844,140.88035608489676,4,True,0.6825000047683716,1,0,0,0,0,0.0,0.0,0.0,0,0,nan,nan,nan,,nan,nan,nan,2,27,-,SELECT OWNER FIRST,
2026-07-08T18:23:23.540,863.541,mission_20260708_180900_manual,MANUAL,,0,13.330314636230469,100.99790954589844,140.87293849945812,4,True,0.684249997138977,1,0,0,0,0,0.0,0.0,0.0,0,0,nan,nan,nan,,nan,nan,nan,2,26,-,SELECT OWNER FIRST,
2026-07-08T18:23:25.575,865.576,mission_20260708_180900_manual,MANUAL,,0,13.330313682556152,100.99790954589844,140.87278823529638,4,True,0.6825000047683716,1,0,0,0,0,0.0,0.0,0.0,0,0,nan,nan,nan,,nan,nan,nan,2,27,-,SELECT OWNER FIRST,
2026-07-08T18:23:27.621,867.621,mission_20260708_180900_manual,MANUAL,,0,13.33031177520752,100.99790954589844,140.87015178227676,4,True,0.6834999918937683,1,0,0,0,0,0.0,0.0,0.0,0,0,nan,nan,nan,,nan,nan,nan,2,26,-,SELECT OWNER FIRST,
2026-07-08T18:23:29.652,869.652,mission_20260708_180900_manual,MANUAL,,0,13.330310821533203,100.99790954589844,140.86642249898995,4,True,0.6837499737739563,1,0,0,0,0,0.0,0.0,0.0,0,0,nan,nan,nan,,nan,nan,nan,2,25,-,SELECT OWNER FIRST,
2026-07-08T18:23:31.690,871.691,mission_20260708_180900_manual,MANUAL,,0,13.33030891418457,100.99790954589844,140.8585268003094,4,True,0.6840000152587891,1,0,0,0,0,0.0,0.0,0.0,0,0,nan,nan,nan,,nan,nan,nan,2,27,-,SELECT OWNER FIRST,
2026-07-08T18:23:33.726,873.727,mission_20260708_180900_manual,MANUAL,,0,13.330307960510254,100.99790954589844,140.8600977438185,4,True,0.6834999918937683,1,0,0,0,0,0.0,0.0,0.0,0,0,nan,nan,nan,,nan,nan,nan,2,25,-,SELECT OWNER FIRST,
2026-07-08T18:23:35.754,875.755,mission_20260708_180900_manual,MANUAL,,0,13.330307006835938,100.99790954589844,140.84523525218455,4,True,0.6825000047683716,1,0,0,0,0,0.0,0.0,0.0,0,0,nan,nan,nan,,nan,nan,nan,2,26,-,SELECT OWNER FIRST,
2026-07-08T18:23:37.789,877.79,mission_20260708_180900_manual,MANUAL,,0,13.330306053161621,100.99790954589844,140.83877389322973,4,True,0.6812499761581421,1,0,0,0,0,0.0,0.0,0.0,0,0,nan,nan,nan,,nan,nan,nan,2,26,-,SELECT OWNER FIRST,
2026-07-08T18:23:39.828,879.829,mission_20260708_180900_manual,MANUAL,,0,13.330305099487305,100.99790954589844,140.84544015785966,4,True,0.6819999814033508,1,0,0,0,0,0.0,0.0,0.0,0,0,nan,nan,nan,,nan,nan,nan,2,26,-,SELECT OWNER FIRST,
2026-07-08T18:23:41.862,881.862,mission_20260708_180900_manual,MANUAL,,0,13.330304145812988,100.9979019165039,140.85472921513087,4,True,0.6834999918937683,1,0,0,0,0,0.0,0.0,0.0,0,0,nan,nan,nan,,nan,nan,nan,2,25,-,SELECT OWNER FIRST,
2026-07-08T18:23:43.891,883.891,mission_20260708_180900_manual,MANUAL,,0,13.330303192138672,100.9979019165039,140.85505706421102,4,True,0.6825000047683716,1,0,0,0,0,0.0,0.0,0.0,0,0,nan,nan,nan,,nan,nan,nan,2,24,-,SELECT OWNER FIRST,
2026-07-08T18:23:45.919,885.92,mission_20260708_180900_manual,MANUAL,,0,13.330303192138672,100.9979019165039,140.84000332728033,4,True,0.6825000047683716,1,0,0,0,0,0.0,0.0,0.0,0,0,nan,nan,nan,,nan,nan,nan,2,25,-,SELECT OWNER FIRST,
2026-07-08T18:23:47.938,887.938,mission_20260708_180900_manual,MANUAL,,0,13.330303192138672,100.9979019165039,140.8382821196095,4,True,0.6827499866485596,1,0,0,0,0,0.0,0.0,0.0,0,0,nan,nan,nan,,nan,nan,nan,2,24,-,SELECT OWNER FIRST,
2026-07-08T18:23:49.976,889.976,mission_20260708_180900_manual,MANUAL,,0,13.330301284790039,100.9979019165039,140.82578287342835,4,True,0.6815000176429749,1,0,0,0,0,0.0,0.0,0.0,0,0,nan,nan,nan,,nan,nan,nan,2,25,-,SELECT OWNER FIRST,
2026-07-08T18:23:52.007,892.008,mission_20260708_180900_manual,MANUAL,,0,13.330300331115723,100.9979019165039,140.83090551530586,4,True,0.6817499995231628,1,0,0,0,0,0.0,0.0,0.0,0,0,nan,nan,nan,,nan,nan,nan,2,25,-,SELECT OWNER FIRST,
2026-07-08T18:23:54.050,894.05,mission_20260708_180900_manual,MANUAL,,0,13.330299377441406,100.9979019165039,140.8279138924494,4,True,0.6819999814033508,1,0,0,0,0,0.0,0.0,0.0,0,0,nan,nan,nan,,nan,nan,nan,2,25,-,SELECT OWNER FIRST,
2026-07-08T18:23:56.084,896.085,mission_20260708_180900_manual,MANUAL,,0,13.33029842376709,100.9979019165039,140.82486762807957,4,True,0.6809999942779541,1,0,0,0,0,0.0,0.0,0.0,0,0,nan,nan,nan,,nan,nan,nan,2,25,-,SELECT OWNER FIRST,
2026-07-08T18:23:58.120,898.121,mission_20260708_180900_manual,MANUAL,,0,13.330297470092773,100.9979019165039,140.82212189203324,4,True,0.6834999918937683,1,0,0,0,0,0.0,0.0,0.0,0,0,nan,nan,nan,,nan,nan,nan,2,24,-,SELECT OWNER FIRST,
2026-07-08T18:24:00.123,900.124,mission_20260708_180900_manual,MANUAL,,0,13.330296516418457,100.99789428710938,140.81590641988853,4,True,0.6834999918937683,1,0,0,0,0,0.0,0.0,0.0,0,0,nan,nan,nan,,nan,nan,nan,2,24,-,SELECT OWNER FIRST,
2026-07-08T18:24:02.139,902.14,mission_20260708_180900_manual,MANUAL,,0,13.33029556274414,100.99789428710938,140.81672604258893,4,True,0.6825000047683716,1,0,0,0,0,0.0,0.0,0.0,0,0,nan,nan,nan,,nan,nan,nan,2,25,-,SELECT OWNER FIRST,
2026-07-08T18:24:04.166,904.167,mission_20260708_180900_manual,MANUAL,,0,13.33029556274414,100.99789428710938,140.81031932514745,4,True,0.6834999918937683,1,0,0,0,0,0.0,0.0,0.0,0,0,nan,nan,nan,,nan,nan,nan,2,25,-,SELECT OWNER FIRST,
2026-07-08T18:24:06.188,906.189,mission_20260708_180900_manual,MANUAL,,0,13.330294609069824,100.99789428710938,140.8097182685005,4,True,0.6830000281333923,1,0,0,0,0,0.0,0.0,0.0,0,0,nan,nan,nan,,nan,nan,nan,2,26,-,SELECT OWNER FIRST,
2026-07-08T18:24:08.209,908.21,mission_20260708_180900_manual,MANUAL,,0,13.330294609069824,100.99789428710938,140.8123137403851,4,True,0.6834999918937683,1,0,0,0,0,0.0,0.0,0.0,0,0,nan,nan,nan,,nan,nan,nan,2,26,-,SELECT OWNER FIRST,
2026-07-08T18:24:10.236,910.236,mission_20260708_180900_manual,MANUAL,,0,13.330293655395508,100.99789428710938,140.7777393228065,4,True,0.6825000047683716,1,0,0,0,0,0.0,0.0,0.0,0,0,nan,nan,nan,,nan,nan,nan,2,25,-,SELECT OWNER FIRST,
2026-07-08T18:24:12.249,912.249,mission_20260708_180900_manual,MANUAL,,0,13.330292701721191,100.99789428710938,140.7414573579354,4,True,0.6827499866485596,1,0,0,0,0,0.0,0.0,0.0,0,0,nan,nan,nan,,nan,nan,nan,2,26,-,SELECT OWNER FIRST,
2026-07-08T18:24:14.282,914.282,mission_20260708_180900_manual,MANUAL,,0,13.330292701721191,100.99789428710938,140.71376777104015,4,True,0.6825000047683716,1,0,0,0,0,0.0,0.0,0.0,0,0,nan,nan,nan,,nan,nan,nan,2,25,-,SELECT OWNER FIRST,
2026-07-08T18:24:16.302,916.303,mission_20260708_180900_manual,MANUAL,,0,13.330291748046875,100.99789428710938,140.69641909054832,4,True,0.6837499737739563,1,0,0,0,0,0.0,0.0,0.0,0,0,nan,nan,nan,,nan,nan,nan,2,25,-,SELECT OWNER FIRST,
2026-07-08T18:24:18.320,918.321,mission_20260708_180900_manual,MANUAL,,0,13.330291748046875,100.99788665771484,140.67577825887653,4,True,0.6822500228881836,1,0,0,0,0,0.0,0.0,0.0,0,0,nan,nan,nan,,nan,nan,nan,2,25,-,SELECT OWNER FIRST,
2026-07-08T18:24:20.336,920.337,mission_20260708_180900_manual,MANUAL,,0,13.330290794372559,100.99788665771484,140.65215946472665,4,True,0.6827499866485596,1,0,0,0,0,0.0,0.0,0.0,0,0,nan,nan,nan,,nan,nan,nan,2,26,-,SELECT OWNER FIRST,
2026-07-08T18:24:22.368,922.368,mission_20260708_180900_manual,MANUAL,,0,13.330289840698242,100.99788665771484,140.63038482165263,4,True,0.6812499761581421,1,0,0,0,0,0.0,0.0,0.0,0,0,nan,nan,nan,,nan,nan,nan,2,24,-,SELECT OWNER FIRST,
2026-07-08T18:24:24.422,924.422,mission_20260708_180900_manual,MANUAL,,0,13.33028793334961,100.99788665771484,140.60156142335518,4,True,0.6815000176429749,1,0,0,0,0,0.0,0.0,0.0,0,0,nan,nan,nan,,nan,nan,nan,2,23,-,SELECT OWNER FIRST,
2026-07-08T18:24:26.459,926.46,mission_20260708_180900_manual,MANUAL,,0,13.330286979675293,100.99788665771484,140.58691749777466,4,True,0.6840000152587891,1,0,0,0,0,0.0,0.0,0.0,0,0,nan,nan,nan,,nan,nan,nan,2,22,-,SELECT OWNER FIRST,
2026-07-08T18:24:28.477,928.477,mission_20260708_180900_manual,MANUAL,,0,13.33028507232666,100.99788665771484,140.56652255291303,4,True,0.6837499737739563,1,0,0,0,0,0.0,0.0,0.0,0,0,nan,nan,nan,,nan,nan,nan,2,22,-,SELECT OWNER FIRST,
2026-07-08T18:24:30.498,930.499,mission_20260708_180900_manual,MANUAL,,0,13.330284118652344,100.99788665771484,140.55567621251103,4,True,0.6827499866485596,1,0,0,0,0,0.0,0.0,0.0,0,0,nan,nan,nan,,nan,nan,nan,2,23,-,SELECT OWNER FIRST,
2026-07-08T18:24:32.524,932.524,mission_20260708_180900_manual,MANUAL,,0,13.330284118652344,100.99788665771484,140.54182458887425,4,True,0.6825000047683716,1,0,0,0,0,0.0,0.0,0.0,0,0,nan,nan,nan,,nan,nan,nan,2,21,-,SELECT OWNER FIRST,
2026-07-08T18:24:34.550,934.551,mission_20260708_180900_manual,MANUAL,,0,13.330283164978027,100.99788665771484,140.53192081457775,4,True,0.6825000047683716,1,0,0,0,0,0.0,0.0,0.0,0,0,nan,nan,nan,,nan,nan,nan,2,22,-,SELECT OWNER FIRST,
2026-07-08T18:24:36.568,936.569,mission_20260708_180900_manual,MANUAL,,0,13.330282211303711,100.99788665771484,140.5184243607778,4,True,0.6827499866485596,1,0,0,0,0,0.0,0.0,0.0,0,0,nan,nan,nan,,nan,nan,nan,2,23,-,SELECT OWNER FIRST,
2026-07-08T18:24:38.595,938.595,mission_20260708_180900_manual,MANUAL,,0,13.330282211303711,100.99788665771484,140.5058704730833,4,True,0.6819999814033508,1,0,0,0,0,0.0,0.0,0.0,0,0,nan,nan,nan,,nan,nan,nan,2,21,-,SELECT OWNER FIRST,
2026-07-08T18:24:40.613,940.614,mission_20260708_180900_manual,MANUAL,,0,13.330283164978027,100.99788665771484,140.49323462311878,4,True,0.6822500228881836,1,0,0,0,0,0.0,0.0,0.0,0,0,nan,nan,nan,,nan,nan,nan,2,22,-,SELECT OWNER FIRST,
2026-07-08T18:24:42.649,942.65,mission_20260708_180900_manual,MANUAL,,0,13.33028507232666,100.99788665771484,140.4958437553817,4,True,0.6822500228881836,1,0,0,0,0,0.0,0.0,0.0,0,0,nan,nan,nan,,nan,nan,nan,2,24,-,SELECT OWNER FIRST,
2026-07-08T18:24:44.684,944.684,mission_20260708_180900_manual,MANUAL,,0,13.330286026000977,100.99788665771484,140.48722405664918,4,True,0.6827499866485596,1,0,0,0,0,0.0,0.0,0.0,0,0,nan,nan,nan,,nan,nan,nan,2,23,-,SELECT OWNER FIRST,
2026-07-08T18:24:46.720,946.721,mission_20260708_180900_manual,MANUAL,,0,13.33028793334961,100.99788665771484,140.48106322601782,4,True,0.6812499761581421,1,0,0,0,0,0.0,0.0,0.0,0,0,nan,nan,nan,,nan,nan,nan,2,23,-,SELECT OWNER FIRST,
2026-07-08T18:24:48.753,948.753,mission_20260708_180900_manual,MANUAL,,0,13.33028793334961,100.99788665771484,140.4689054892952,4,True,0.6815000176429749,1,0,0,0,0,0.0,0.0,0.0,0,0,nan,nan,nan,,nan,nan,nan,2,24,-,SELECT OWNER FIRST,
2026-07-08T18:24:50.790,950.79,mission_20260708_180900_manual,MANUAL,,0,13.330288887023926,100.99787902832031,140.46961582896887,4,True,0.6819999814033508,1,0,0,0,0,0.0,0.0,0.0,0,0,nan,nan,nan,,nan,nan,nan,2,24,-,SELECT OWNER FIRST,
2026-07-08T18:24:52.818,952.818,mission_20260708_180900_manual,MANUAL,,0,13.330288887023926,100.99787902832031,140.4663100174106,4,True,0.6825000047683716,1,0,0,0,0,0.0,0.0,0.0,0,0,nan,nan,nan,,nan,nan,nan,2,24,-,SELECT OWNER FIRST,
2026-07-08T18:24:54.853,954.854,mission_20260708_180900_manual,MANUAL,,0,13.330289840698242,100.99787902832031,140.4638921304444,4,True,0.6830000281333923,1,0,0,0,0,0.0,0.0,0.0,0,0,nan,nan,nan,,nan,nan,nan,2,26,-,SELECT OWNER FIRST,
2026-07-08T18:24:56.873,956.874,mission_20260708_180900_manual,MANUAL,,0,13.330290794372559,100.99787902832031,140.45092843139972,4,True,0.6834999918937683,1,0,0,0,0,0.0,0.0,0.0,0,0,nan,nan,nan,,nan,nan,nan,2,24,-,SELECT OWNER FIRST,
2026-07-08T18:24:58.884,958.884,mission_20260708_180900_manual,MANUAL,,0,13.330291748046875,100.99787902832031,140.4484968840552,4,True,0.6832500100135803,1,0,0,0,0,0.0,0.0,0.0,0,0,nan,nan,nan,,nan,nan,nan,2,23,-,SELECT OWNER FIRST,
2026-07-08T18:25:00.908,960.908,mission_20260708_180900_manual,MANUAL,,0,13.330291748046875,100.99787902832031,140.44718548773454,4,True,0.6822500228881836,1,0,0,0,0,0.0,0.0,0.0,0,0,nan,nan,nan,,nan,nan,nan,2,23,-,SELECT OWNER FIRST,
2026-07-08T18:25:02.937,962.938,mission_20260708_180900_manual,MANUAL,,0,13.330291748046875,100.99787902832031,140.44967167659243,4,True,0.6834999918937683,1,0,0,0,0,0.0,0.0,0.0,0,0,nan,nan,nan,,nan,nan,nan,2,24,-,SELECT OWNER FIRST,
2026-07-08T18:25:04.940,964.94,mission_20260708_180900_manual,MANUAL,,0,13.330291748046875,100.99787902832031,140.44864714821693,4,True,0.6827499866485596,1,0,0,0,0,0.0,0.0,0.0,0,0,nan,nan,nan,,nan,nan,nan,2,25,-,SELECT OWNER FIRST,
2026-07-08T18:25:06.940,966.941,mission_20260708_180900_manual,MANUAL,,0,13.330292701721191,100.99787902832031,140.453510242906,4,True,0.6817499995231628,1,0,0,0,0,0.0,0.0,0.0,0,0,nan,nan,nan,,nan,nan,nan,2,25,-,SELECT OWNER FIRST,
2026-07-08T18:25:08.963,968.963,mission_20260708_180900_manual,MANUAL,,0,13.330291748046875,100.99788665771484,140.44881107275702,4,True,0.6822500228881836,1,0,0,0,0,0.0,0.0,0.0,0,0,nan,nan,nan,,nan,nan,nan,2,26,-,SELECT OWNER FIRST,
2026-07-08T18:25:10.981,970.981,mission_20260708_180900_manual,MANUAL,,0,13.330291748046875,100.99788665771484,140.44941212940398,4,True,0.6819999814033508,1,0,0,0,0,0.0,0.0,0.0,0,0,nan,nan,nan,,nan,nan,nan,2,25,-,SELECT OWNER FIRST,
2026-07-08T18:25:13.004,973.004,mission_20260708_180900_manual,MANUAL,,0,13.330291748046875,100.99788665771484,140.4503410351311,4,True,0.6819999814033508,1,0,0,0,0,0.0,0.0,0.0,0,0,nan,nan,nan,,nan,nan,nan,2,26,-,SELECT OWNER FIRST,
2026-07-08T18:25:15.024,975.024,mission_20260708_180900_manual,MANUAL,,0,13.330292701721191,100.99788665771484,140.45479431846994,4,True,0.6827499866485596,1,0,0,0,0,0.0,0.0,0.0,0,0,nan,nan,nan,,nan,nan,nan,2,27,-,SELECT OWNER FIRST,
2026-07-08T18:25:17.050,977.051,mission_20260708_180900_manual,MANUAL,,0,13.330293655395508,100.99788665771484,140.45722586581448,4,True,0.6832500100135803,1,0,0,0,0,0.0,0.0,0.0,0,0,nan,nan,nan,,nan,nan,nan,2,27,-,SELECT OWNER FIRST,
2026-07-08T18:25:19.070,979.07,mission_20260708_180900_manual,MANUAL,,0,13.33029556274414,100.99788665771484,140.45885145083693,4,True,0.6832500100135803,1,0,0,0,0,0.0,0.0,0.0,0,0,nan,nan,nan,,nan,nan,nan,2,27,-,SELECT OWNER FIRST,
2026-07-08T18:25:21.094,981.094,mission_20260708_180900_manual,MANUAL,,0,13.330296516418457,100.99788665771484,140.45140654464163,4,True,0.6819999814033508,1,0,0,0,0,0.0,0.0,0.0,0,0,nan,nan,nan,,nan,nan,nan,2,27,-,SELECT OWNER FIRST,
2026-07-08T18:25:23.123,983.123,mission_20260708_180900_manual,MANUAL,,0,13.330296516418457,100.99788665771484,140.4563106204657,4,True,0.6832500100135803,1,0,0,0,0,0.0,0.0,0.0,0,0,nan,nan,nan,,nan,nan,nan,2,27,-,SELECT OWNER FIRST,
2026-07-08T18:25:25.139,985.139,mission_20260708_180900_manual,MANUAL,,0,13.330296516418457,100.99788665771484,140.45919296029544,4,True,0.6830000281333923,1,0,0,0,0,0.0,0.0,0.0,0,0,nan,nan,nan,,nan,nan,nan,2,27,-,SELECT OWNER FIRST,
2026-07-08T18:25:27.155,987.155,mission_20260708_180900_manual,MANUAL,,0,13.33029556274414,100.99788665771484,140.46609145135716,4,True,0.6827499866485596,1,0,0,0,0,0.0,0.0,0.0,0,0,nan,nan,nan,,nan,nan,nan,2,27,-,SELECT OWNER FIRST,
2026-07-08T18:25:29.185,989.186,mission_20260708_180900_manual,MANUAL,,0,13.330296516418457,100.99789428710938,140.46702035708427,4,True,0.6822500228881836,1,0,0,0,0,0.0,0.0,0.0,0,0,nan,nan,nan,,nan,nan,nan,2,27,-,SELECT OWNER FIRST,
2026-07-08T18:25:31.194,991.195,mission_20260708_180900_manual,MANUAL,,0,13.330297470092773,100.99789428710938,140.46977975350896,4,True,0.6830000281333923,1,0,0,0,0,0.0,0.0,0.0,0,0,nan,nan,nan,,nan,nan,nan,2,28,-,SELECT OWNER FIRST,
2026-07-08T18:25:33.229,993.229,mission_20260708_180900_manual,MANUAL,,0,13.330297470092773,100.99789428710938,140.46353696060757,4,True,0.6825000047683716,1,0,0,0,0,0.0,0.0,0.0,0,0,nan,nan,nan,,nan,nan,nan,2,28,-,SELECT OWNER FIRST,
2026-07-08T18:25:35.250,995.251,mission_20260708_180900_manual,MANUAL,,0,13.330297470092773,100.99789428710938,140.46021748867093,4,True,0.6832500100135803,1,0,0,0,0,0.0,0.0,0.0,0,0,nan,nan,nan,,nan,nan,nan,2,26,-,SELECT OWNER FIRST,
2026-07-08T18:25:37.285,997.285,mission_20260708_180900_manual,MANUAL,,0,13.330297470092773,100.99789428710938,140.46721160238104,4,True,0.6834999918937683,1,0,0,0,0,0.0,0.0,0.0,0,0,nan,nan,nan,,nan,nan,nan,2,28,-,SELECT OWNER FIRST,
2026-07-08T18:25:39.317,999.317,mission_20260708_180900_manual,MANUAL,,0,13.33029842376709,100.99789428710938,140.47014858372413,4,True,0.6834999918937683,1,0,0,0,0,0.0,0.0,0.0,0,0,nan,nan,nan,,nan,nan,nan,2,25,-,SELECT OWNER FIRST,
2026-07-08T18:25:41.335,1001.335,mission_20260708_180900_manual,MANUAL,,0,13.33029842376709,100.99789428710938,140.47132337626138,4,True,0.6825000047683716,1,0,0,0,0,0.0,0.0,0.0,0,0,nan,nan,nan,,nan,nan,nan,2,25,-,SELECT OWNER FIRST,
2026-07-08T18:25:43.351,1003.352,mission_20260708_180900_manual,MANUAL,,0,13.33029842376709,100.99789428710938,140.47749786727107,4,True,0.6819999814033508,1,0,0,0,0,0.0,0.0,0.0,0,0,nan,nan,nan,,nan,nan,nan,2,27,-,SELECT OWNER FIRST,
2026-07-08T18:25:45.384,1005.385,mission_20260708_180900_manual,MANUAL,,0,13.330299377441406,100.99789428710938,140.48625416978703,4,True,0.6834999918937683,1,0,0,0,0,0.0,0.0,0.0,0,0,nan,nan,nan,,nan,nan,nan,2,27,-,SELECT OWNER FIRST,
2026-07-08T18:25:47.393,1007.393,mission_20260708_180900_manual,MANUAL,,0,13.330299377441406,100.99789428710938,140.49292043441696,4,True,0.6822500228881836,1,0,0,0,0,0.0,0.0,0.0,0,0,nan,nan,nan,,nan,nan,nan,2,26,-,SELECT OWNER FIRST,
2026-07-08T18:25:49.427,1009.428,mission_20260708_180900_manual,MANUAL,,0,13.330299377441406,100.99789428710938,140.49028398139734,4,True,0.6832500100135803,1,0,0,0,0,0.0,0.0,0.0,0,0,nan,nan,nan,,nan,nan,nan,2,25,-,SELECT OWNER FIRST,
2026-07-08T18:25:51.450,1011.45,mission_20260708_180900_manual,MANUAL,,0,13.330299377441406,100.99789428710938,140.49492851003293,4,True,0.6822500228881836,1,0,0,0,0,0.0,0.0,0.0,0,0,nan,nan,nan,,nan,nan,nan,2,27,-,SELECT OWNER FIRST,
2026-07-08T18:25:53.467,1013.468,mission_20260708_180900_manual,MANUAL,,0,13.33029842376709,100.99789428710938,140.4983299442396,4,True,0.6822500228881836,1,0,0,0,0,0.0,0.0,0.0,0,0,nan,nan,nan,,nan,nan,nan,2,27,-,SELECT OWNER FIRST,
2026-07-08T18:25:55.486,1015.486,mission_20260708_180900_manual,MANUAL,,0,13.330297470092773,100.99789428710938,140.4975786234309,4,True,0.6827499866485596,1,0,0,0,0,0.0,0.0,0.0,0,0,nan,nan,nan,,nan,nan,nan,2,26,-,SELECT OWNER FIRST,
2026-07-08T18:25:57.510,1017.51,mission_20260708_180900_manual,MANUAL,,0,13.33029556274414,100.99789428710938,140.503206699307,4,True,0.6832500100135803,1,0,0,0,0,0.0,0.0,0.0,0,0,nan,nan,nan,,nan,nan,nan,2,26,-,SELECT OWNER FIRST,
2026-07-08T18:25:59.525,1019.526,mission_20260708_180900_manual,MANUAL,,0,13.330294609069824,100.99789428710938,140.50043364250396,4,True,0.6819999814033508,1,0,0,0,0,0.0,0.0,0.0,0,0,nan,nan,nan,,nan,nan,nan,2,26,-,SELECT OWNER FIRST,
2026-07-08T18:26:01.547,1021.547,mission_20260708_180900_manual,MANUAL,,0,13.330294609069824,100.99789428710938,140.49469628360117,4,True,0.6827499866485596,1,0,0,0,0,0.0,0.0,0.0,0,0,nan,nan,nan,,nan,nan,nan,2,27,-,SELECT OWNER FIRST,
2026-07-08T18:26:03.569,1023.57,mission_20260708_180900_manual,MANUAL,,0,13.330293655395508,100.99789428710938,140.49412254771087,4,True,0.6832500100135803,1,0,0,0,0,0.0,0.0,0.0,0,0,nan,nan,nan,,nan,nan,nan,2,27,-,SELECT OWNER FIRST,
2026-07-08T18:26:05.598,1025.598,mission_20260708_180900_manual,MANUAL,,0,13.330293655395508,100.99789428710938,140.48904088696838,4,True,0.6825000047683716,1,0,0,0,0,0.0,0.0,0.0,0,0,nan,nan,nan,,nan,nan,nan,2,26,-,SELECT OWNER FIRST,
2026-07-08T18:26:07.627,1027.628,mission_20260708_180900_manual,MANUAL,,0,13.330292701721191,100.99789428710938,140.50144451050113,4,True,0.6840000152587891,1,0,0,0,0,0.0,0.0,0.0,0,0,nan,nan,nan,,nan,nan,nan,2,26,-,SELECT OWNER FIRST,
2026-07-08T18:26:09.659,1029.659,mission_20260708_180900_manual,MANUAL,,0,13.330292701721191,100.99789428710938,140.49808405742948,4,True,0.6840000152587891,1,0,0,0,0,0.0,0.0,0.0,0,0,nan,nan,nan,,nan,nan,nan,2,26,-,SELECT OWNER FIRST,
2026-07-08T18:26:11.675,1031.676,mission_20260708_180900_manual,MANUAL,,0,13.330291748046875,100.99789428710938,140.495051453438,4,True,0.6825000047683716,1,0,0,0,0,0.0,0.0,0.0,0,0,nan,nan,nan,,nan,nan,nan,2,26,-,SELECT OWNER FIRST,
2026-07-08T18:26:13.702,1033.703,mission_20260708_180900_manual,MANUAL,,0,13.330291748046875,100.99789428710938,140.4999282085054,4,True,0.6815000176429749,1,0,0,0,0,0.0,0.0,0.0,0,0,nan,nan,nan,,nan,nan,nan,2,27,-,SELECT OWNER FIRST,
2026-07-08T18:26:15.709,1035.71,mission_20260708_180900_manual,MANUAL,,0,13.330291748046875,100.99789428710938,140.50240073698492,4,True,0.6825000047683716,1,0,0,0,0,0.0,0.0,0.0,0,0,nan,nan,nan,,nan,nan,nan,2,28,-,SELECT OWNER FIRST,
2026-07-08T18:26:17.723,1037.724,mission_20260708_180900_manual,MANUAL,,0,13.330289840698242,100.99789428710938,140.50496888811287,4,True,0.6822500228881836,1,0,0,0,0,0.0,0.0,0.0,0,0,nan,nan,nan,,nan,nan,nan,2,28,-,SELECT OWNER FIRST,
2026-07-08T18:26:19.745,1039.745,mission_20260708_180900_manual,MANUAL,,0,13.330288887023926,100.99789428710938,140.5089713789665,4,True,0.6827499866485596,1,0,0,0,0,0.0,0.0,0.0,0,0,nan,nan,nan,,nan,nan,nan,2,28,-,SELECT OWNER FIRST,
2026-07-08T18:26:21.766,1041.767,mission_20260708_180900_manual,MANUAL,,0,13.33028793334961,100.99789428710938,140.49823432159124,4,True,0.6827499866485596,1,0,0,0,0,0.0,0.0,0.0,0,0,nan,nan,nan,,nan,nan,nan,2,28,-,SELECT OWNER FIRST,
2026-07-08T18:26:23.766,1043.767,mission_20260708_180900_manual,MANUAL,,0,13.330286979675293,100.99789428710938,140.4956661704633,4,True,0.6827499866485596,1,0,0,0,0,0.0,0.0,0.0,0,0,nan,nan,nan,,nan,nan,nan,2,27,-,SELECT OWNER FIRST,
2026-07-08T18:26:25.790,1045.79,mission_20260708_180900_manual,MANUAL,,0,13.33028507232666,100.99789428710938,140.49409522695422,4,True,0.684249997138977,1,0,0,0,0,0.0,0.0,0.0,0,0,nan,nan,nan,,nan,nan,nan,2,28,-,SELECT OWNER FIRST,
2026-07-08T18:26:27.809,1047.81,mission_20260708_180900_manual,MANUAL,,0,13.330284118652344,100.99789428710938,140.50893039783148,4,True,0.6827499866485596,1,0,0,0,0,0.0,0.0,0.0,0,0,nan,nan,nan,,nan,nan,nan,2,26,-,SELECT OWNER FIRST,
2026-07-08T18:26:29.827,1049.827,mission_20260708_180900_manual,MANUAL,,0,13.330283164978027,100.99789428710938,140.51039205831384,4,True,0.6827499866485596,1,0,0,0,0,0.0,0.0,0.0,0,0,nan,nan,nan,,nan,nan,nan,2,27,-,SELECT OWNER FIRST,
2026-07-08T18:26:31.854,1051.854,mission_20260708_180900_manual,MANUAL,,0,13.330282211303711,100.99789428710938,140.52203070065954,4,True,0.6822500228881836,1,0,0,0,0,0.0,0.0,0.0,0,0,nan,nan,nan,,nan,nan,nan,2,26,-,SELECT OWNER FIRST,
2026-07-08T18:26:33.878,1053.879,mission_20260708_180900_manual,MANUAL,,0,13.330282211303711,100.99789428710938,140.51862926645288,4,True,0.6822500228881836,1,0,0,0,0,0.0,0.0,0.0,0,0,nan,nan,nan,,nan,nan,nan,2,28,-,SELECT OWNER FIRST,
2026-07-08T18:26:35.901,1055.902,mission_20260708_180900_manual,MANUAL,,0,13.330282211303711,100.99789428710938,140.52119741758082,4,True,0.684249997138977,1,0,0,0,0,0.0,0.0,0.0,0,0,nan,nan,nan,,nan,nan,nan,2,26,-,SELECT OWNER FIRST,
2026-07-08T18:26:37.923,1057.924,mission_20260708_180900_manual,MANUAL,,0,13.330281257629395,100.99789428710938,140.5284647388577,4,True,0.6825000047683716,1,0,0,0,0,0.0,0.0,0.0,0,0,nan,nan,nan,,nan,nan,nan,2,28,-,SELECT OWNER FIRST,
2026-07-08T18:26:39.939,1059.94,mission_20260708_180900_manual,MANUAL,,0,13.330281257629395,100.99789428710938,140.5357320601346,4,True,0.6832500100135803,1,0,0,0,0,0.0,0.0,0.0,0,0,nan,nan,nan,,nan,nan,nan,2,26,-,SELECT OWNER FIRST,
2026-07-08T18:26:41.957,1061.958,mission_20260708_180900_manual,MANUAL,,0,13.330281257629395,100.99789428710938,140.54831326858576,4,True,0.6840000152587891,1,0,0,0,0,0.0,0.0,0.0,0,0,nan,nan,nan,,nan,nan,nan,2,27,-,SELECT OWNER FIRST,
2026-07-08T18:26:43.969,1063.97,mission_20260708_180900_manual,MANUAL,,0,13.330281257629395,100.99789428710938,140.54376436259852,4,True,0.6832500100135803,1,0,0,0,0,0.0,0.0,0.0,0,0,nan,nan,nan,,nan,nan,nan,2,27,-,SELECT OWNER FIRST,
2026-07-08T18:26:45.994,1065.995,mission_20260708_180900_manual,MANUAL,,0,13.330281257629395,100.99789428710938,140.54465228719064,4,True,0.6822500228881836,1,0,0,0,0,0.0,0.0,0.0,0,0,nan,nan,nan,,nan,nan,nan,2,28,-,SELECT OWNER FIRST,
2026-07-08T18:26:48.019,1068.02,mission_20260708_180900_manual,MANUAL,,0,13.330282211303711,100.9979019165039,140.5449118343791,4,True,0.6812499761581421,1,0,0,0,0,0.0,0.0,0.0,0,0,nan,nan,nan,,nan,nan,nan,2,27,-,SELECT OWNER FIRST,
2026-07-08T18:26:50.038,1070.039,mission_20260708_180900_manual,MANUAL,,0,13.330283164978027,100.9979019165039,140.5362784752682,4,True,0.6827499866485596,1,0,0,0,0,0.0,0.0,0.0,0,0,nan,nan,nan,,nan,nan,nan,2,27,-,SELECT OWNER FIRST,
2026-07-08T18:26:52.057,1072.058,mission_20260708_180900_manual,MANUAL,,0,13.330284118652344,100.9979019165039,140.53499439970423,4,True,0.6832500100135803,1,0,0,0,0,0.0,0.0,0.0,0,0,nan,nan,nan,,nan,nan,nan,2,27,-,SELECT OWNER FIRST,
2026-07-08T18:26:54.084,1074.084,mission_20260708_180900_manual,MANUAL,,0,13.33028507232666,100.9979019165039,140.53365568262691,4,True,0.6827499866485596,1,0,0,0,0,0.0,0.0,0.0,0,0,nan,nan,nan,,nan,nan,nan,2,26,-,SELECT OWNER FIRST,
2026-07-08T18:26:56.111,1076.112,mission_20260708_180900_manual,MANUAL,,0,13.330286979675293,100.9979019165039,140.52793198410245,4,True,0.6830000281333923,1,0,0,0,0,0.0,0.0,0.0,0,0,nan,nan,nan,,nan,nan,nan,2,24,-,SELECT OWNER FIRST,
2026-07-08T18:26:58.127,1078.128,mission_20260708_180900_manual,MANUAL,,0,13.330286979675293,100.9979019165039,140.52312353092677,4,True,0.6827499866485596,1,0,0,0,0,0.0,0.0,0.0,0,0,nan,nan,nan,,nan,nan,nan,2,25,-,SELECT OWNER FIRST,
2026-07-08T18:27:00.129,1080.129,mission_20260708_180900_manual,MANUAL,,0,13.33028793334961,100.9979019165039,140.51892979477637,4,True,0.6834999918937683,1,0,0,0,0,0.0,0.0,0.0,0,0,nan,nan,nan,,nan,nan,nan,2,27,-,SELECT OWNER FIRST,
2026-07-08T18:27:02.129,1082.129,mission_20260708_180900_manual,MANUAL,,0,13.330289840698242,100.9979019165039,140.52270005919823,4,True,0.6817499995231628,1,0,0,0,0,0.0,0.0,0.0,0,0,nan,nan,nan,,nan,nan,nan,2,27,-,SELECT OWNER FIRST,
2026-07-08T18:27:04.154,1084.155,mission_20260708_180900_manual,MANUAL,,0,13.330291748046875,100.9979019165039,140.53390156943703,4,True,0.6827499866485596,1,0,0,0,0,0.0,0.0,0.0,0,0,nan,nan,nan,,nan,nan,nan,2,26,-,SELECT OWNER FIRST,
2026-07-08T18:27:06.187,1086.188,mission_20260708_180900_manual,MANUAL,,0,13.330292701721191,100.9979019165039,140.53972089060989,4,True,0.6817499995231628,1,0,0,0,0,0.0,0.0,0.0,0,0,nan,nan,nan,,nan,nan,nan,2,27,-,SELECT OWNER FIRST,
2026-07-08T18:27:08.209,1088.209,mission_20260708_180900_manual,MANUAL,,0,13.330294609069824,100.9979019165039,140.552903155708,4,True,0.6819999814033508,1,0,0,0,0,0.0,0.0,0.0,0,0,nan,nan,nan,,nan,nan,nan,2,28,-,SELECT OWNER FIRST,
2026-07-08T18:27:10.219,1090.22,mission_20260708_180900_manual,MANUAL,,0,13.33029556274414,100.99790954589844,140.55512979737745,4,True,0.6840000152587891,1,0,0,0,0,0.0,0.0,0.0,0,0,nan,nan,nan,,nan,nan,nan,2,28,-,SELECT OWNER FIRST,
2026-07-08T18:27:12.249,1092.249,mission_20260708_180900_manual,MANUAL,,0,13.330296516418457,100.99790954589844,140.55653681634647,4,True,0.6827499866485596,1,0,0,0,0,0.0,0.0,0.0,0,0,nan,nan,nan,,nan,nan,nan,2,28,-,SELECT OWNER FIRST,
2026-07-08T18:27:14.286,1094.286,mission_20260708_180900_manual,MANUAL,,0,13.330297470092773,100.99790954589844,140.5614682129272,4,True,0.6822500228881836,1,0,0,0,0,0.0,0.0,0.0,0,0,nan,nan,nan,,nan,nan,nan,2,27,-,SELECT OWNER FIRST,
2026-07-08T18:27:16.298,1096.299,mission_20260708_180900_manual,MANUAL,,0,13.330297470092773,100.99790954589844,140.56557998680756,4,True,0.6822500228881836,1,0,0,0,0,0.0,0.0,0.0,0,0,nan,nan,nan,,nan,nan,nan,2,28,-,SELECT OWNER FIRST,
2026-07-08T18:27:18.326,1098.326,mission_20260708_180900_manual,MANUAL,,0,13.330296516418457,100.9979019165039,140.569896666363,4,True,0.6827499866485596,1,0,0,0,0,0.0,0.0,0.0,0,0,nan,nan,nan,,nan,nan,nan,2,28,-,SELECT OWNER FIRST,
2026-07-08T18:27:20.349,1100.35,mission_20260708_180900_manual,MANUAL,,0,13.330296516418457,100.9979019165039,140.56877651533912,4,True,0.6830000281333923,1,0,0,0,0,0.0,0.0,0.0,0,0,nan,nan,nan,,nan,nan,nan,2,27,-,SELECT OWNER FIRST,
2026-07-08T18:27:22.374,1102.375,mission_20260708_180900_manual,MANUAL,,0,13.33029556274414,100.9979019165039,140.57205500614072,4,True,0.6815000176429749,1,0,0,0,0,0.0,0.0,0.0,0,0,nan,nan,nan,,nan,nan,nan,2,28,-,SELECT OWNER FIRST,
2026-07-08T18:27:24.393,1104.394,mission_20260708_180900_manual,MANUAL,,0,13.33029556274414,100.9979019165039,140.56275228849117,4,True,0.6822500228881836,1,0,0,0,0,0.0,0.0,0.0,0,0,nan,nan,nan,,nan,nan,nan,2,28,-,SELECT OWNER FIRST,
2026-07-08T18:27:26.417,1106.418,mission_20260708_180900_manual,MANUAL,,0,13.330294609069824,100.9979019165039,140.5614682129272,4,True,0.6827499866485596,1,0,0,0,0,0.0,0.0,0.0,0,0,nan,nan,nan,,nan,nan,nan,2,28,-,SELECT OWNER FIRST,
2026-07-08T18:27:28.439,1108.44,mission_20260708_180900_manual,MANUAL,,0,13.330294609069824,100.9979019165039,140.55879077877256,4,True,0.6825000047683716,1,0,0,0,0,0.0,0.0,0.0,0,0,nan,nan,nan,,nan,nan,nan,2,27,-,SELECT OWNER FIRST,
2026-07-08T18:27:30.457,1110.457,mission_20260708_180900_manual,MANUAL,,0,13.330293655395508,100.9979019165039,140.54134647563234,4,True,0.6830000281333923,1,0,0,0,0,0.0,0.0,0.0,0,0,nan,nan,nan,,nan,nan,nan,2,27,-,SELECT OWNER FIRST,
2026-07-08T18:27:32.484,1112.485,mission_20260708_180900_manual,MANUAL,,0,13.330293655395508,100.9979019165039,140.5286286633978,4,True,0.6832500100135803,1,0,0,0,0,0.0,0.0,0.0,0,0,nan,nan,nan,,nan,nan,nan,2,28,-,SELECT OWNER FIRST,
2026-07-08T18:27:34.508,1114.509,mission_20260708_180900_manual,MANUAL,,0,13.330293655395508,100.9979019165039,140.52285032335996,4,True,0.6827499866485596,1,0,0,0,0,0.0,0.0,0.0,0,0,nan,nan,nan,,nan,nan,nan,2,28,-,SELECT OWNER FIRST,
2026-07-08T18:27:36.538,1116.538,mission_20260708_180900_manual,MANUAL,,0,13.330293655395508,100.9979019165039,140.5272353048071,4,True,0.6819999814033508,1,0,0,0,0,0.0,0.0,0.0,0,0,nan,nan,nan,,nan,nan,nan,2,28,-,SELECT OWNER FIRST,
2026-07-08T18:27:38.561,1118.561,mission_20260708_180900_manual,MANUAL,,0,13.330293655395508,100.9979019165039,140.52073296471724,4,True,0.6822500228881836,1,0,0,0,0,0.0,0.0,0.0,0,0,nan,nan,nan,,nan,nan,nan,2,27,-,SELECT OWNER FIRST,
2026-07-08T18:27:40.589,1120.59,mission_20260708_180900_manual,MANUAL,,0,13.330291748046875,100.9979019165039,140.5189434551547,4,True,0.6822500228881836,1,0,0,0,0,0.0,0.0,0.0,0,0,nan,nan,nan,,nan,nan,nan,2,28,-,SELECT OWNER FIRST,
2026-07-08T18:27:42.613,1122.613,mission_20260708_180900_manual,MANUAL,,0,13.330291748046875,100.9979019165039,140.525664361298,4,True,0.6827499866485596,1,0,0,0,0,0.0,0.0,0.0,0,0,nan,nan,nan,,nan,nan,nan,2,27,-,SELECT OWNER FIRST,
2026-07-08T18:27:44.631,1124.631,mission_20260708_180900_manual,MANUAL,,0,13.330290794372559,100.9979019165039,140.53030888993362,4,True,0.6819999814033508,1,0,0,0,0,0.0,0.0,0.0,0,0,nan,nan,nan,,nan,nan,nan,2,28,-,SELECT OWNER FIRST,
2026-07-08T18:27:46.653,1126.654,mission_20260708_180900_manual,MANUAL,,0,13.330290794372559,100.9979019165039,140.5298307766917,4,True,0.684499979019165,1,0,0,0,0,0.0,0.0,0.0,0,0,nan,nan,nan,,nan,nan,nan,2,28,-,SELECT OWNER FIRST,
2026-07-08T18:27:48.682,1128.683,mission_20260708_180900_manual,MANUAL,,0,13.330289840698242,100.9979019165039,140.52974881442168,4,True,0.6830000281333923,1,0,0,0,0,0.0,0.0,0.0,0,0,nan,nan,nan,,nan,nan,nan,2,27,-,SELECT OWNER FIRST,
2026-07-08T18:27:50.702,1130.702,mission_20260708_180900_manual,MANUAL,,0,13.330289840698242,100.9979019165039,140.53316390900667,4,True,0.6815000176429749,1,0,0,0,0,0.0,0.0,0.0,0,0,nan,nan,nan,,nan,nan,nan,2,27,-,SELECT OWNER FIRST,
2026-07-08T18:27:52.734,1132.735,mission_20260708_180900_manual,MANUAL,,0,13.330289840698242,100.9979019165039,140.53578670164796,4,True,0.6832500100135803,1,0,0,0,0,0.0,0.0,0.0,0,0,nan,nan,nan,,nan,nan,nan,2,29,-,SELECT OWNER FIRST,
2026-07-08T18:27:54.748,1134.749,mission_20260708_180900_manual,MANUAL,,0,13.330288887023926,100.9979019165039,140.5340245128421,4,True,0.6827499866485596,1,0,0,0,0,0.0,0.0,0.0,0,0,nan,nan,nan,,nan,nan,nan,2,29,-,SELECT OWNER FIRST,
2026-07-08T18:27:56.765,1136.765,mission_20260708_180900_manual,MANUAL,,0,13.330288887023926,100.99789428710938,140.52640202172836,4,True,0.6834999918937683,1,0,0,0,0,0.0,0.0,0.0,0,0,nan,nan,nan,,nan,nan,nan,2,27,-,SELECT OWNER FIRST,
2026-07-08T18:27:58.782,1138.782,mission_20260708_180900_manual,MANUAL,,0,13.33028793334961,100.99789428710938,140.53513100348763,4,True,0.6837499737739563,1,0,0,0,0,0.0,0.0,0.0,0,0,nan,nan,nan,,nan,nan,nan,2,26,-,SELECT OWNER FIRST,
2026-07-08T18:28:00.804,1140.804,mission_20260708_180900_manual,MANUAL,,0,13.33028793334961,100.99789428710938,140.52134768174255,4,True,0.6822500228881836,1,0,0,0,0,0.0,0.0,0.0,0,0,nan,nan,nan,,nan,nan,nan,2,27,-,SELECT OWNER FIRST,
2026-07-08T18:28:02.824,1142.825,mission_20260708_180900_manual,MANUAL,,0,13.330286979675293,100.99789428710938,140.52446224800408,4,True,0.6840000152587891,1,0,0,0,0,0.0,0.0,0.0,0,0,nan,nan,nan,,nan,nan,nan,2,27,-,SELECT OWNER FIRST,
2026-07-08T18:28:04.843,1144.843,mission_20260708_180900_manual,MANUAL,,0,13.330286026000977,100.99789428710938,140.5148453416527,4,True,0.6817499995231628,1,0,0,0,0,0.0,0.0,0.0,0,0,nan,nan,nan,,nan,nan,nan,2,27,-,SELECT OWNER FIRST,
2026-07-08T18:28:06.861,1146.861,mission_20260708_180900_manual,MANUAL,,0,13.33028507232666,100.99789428710938,140.5077419449159,4,True,0.6827499866485596,1,0,0,0,0,0.0,0.0,0.0,0,0,nan,nan,nan,,nan,nan,nan,2,28,-,SELECT OWNER FIRST,
2026-07-08T18:28:08.883,1148.884,mission_20260708_180900_manual,MANUAL,,0,13.33028507232666,100.99789428710938,140.5177140211041,4,True,0.6830000281333923,1,0,0,0,0,0.0,0.0,0.0,0,0,nan,nan,nan,,nan,nan,nan,2,26,-,SELECT OWNER FIRST,
2026-07-08T18:28:10.905,1150.906,mission_20260708_180900_manual,MANUAL,,0,13.33028507232666,100.99789428710938,140.5193805872616,4,True,0.6822500228881836,1,0,0,0,0,0.0,0.0,0.0,0,0,nan,nan,nan,,nan,nan,nan,2,27,-,SELECT OWNER FIRST,
2026-07-08T18:28:12.926,1152.927,mission_20260708_180900_manual,MANUAL,,0,13.330286026000977,100.99789428710938,140.51813749283264,4,True,0.6830000281333923,1,0,0,0,0,0.0,0.0,0.0,0,0,nan,nan,nan,,nan,nan,nan,2,25,-,SELECT OWNER FIRST,
2026-07-08T18:28:14.936,1154.936,mission_20260708_180900_manual,MANUAL,,0,13.330286026000977,100.99789428710938,140.51152586971608,4,True,0.6825000047683716,1,0,0,0,0,0.0,0.0,0.0,0,0,nan,nan,nan,,nan,nan,nan,2,26,-,SELECT OWNER FIRST,
2026-07-08T18:28:16.956,1156.956,mission_20260708_180900_manual,MANUAL,,0,13.330286979675293,100.99789428710938,140.5131651151169,4,True,0.6837499737739563,1,0,0,0,0,0.0,0.0,0.0,0,0,nan,nan,nan,,nan,nan,nan,2,27,-,SELECT OWNER FIRST,
2026-07-08T18:28:18.987,1158.987,mission_20260708_180900_manual,MANUAL,,0,13.330286979675293,100.99788665771484,140.50567922778654,4,True,0.6825000047683716,1,0,0,0,0,0.0,0.0,0.0,0,0,nan,nan,nan,,nan,nan,nan,2,28,-,SELECT OWNER FIRST,
2026-07-08T18:28:21.013,1161.014,mission_20260708_180900_manual,MANUAL,,0,13.33028793334961,100.99788665771484,140.50485960508615,4,True,0.6825000047683716,1,0,0,0,0,0.0,0.0,0.0,0,0,nan,nan,nan,,nan,nan,nan,2,26,-,SELECT OWNER FIRST,
2026-07-08T18:28:23.040,1163.041,mission_20260708_180900_manual,MANUAL,,0,13.33028793334961,100.99788665771484,140.4986987744548,4,True,0.6822500228881836,1,0,0,0,0,0.0,0.0,0.0,0,0,nan,nan,nan,,nan,nan,nan,2,27,-,SELECT OWNER FIRST,
2026-07-08T18:28:25.064,1165.065,mission_20260708_180900_manual,MANUAL,,0,13.330289840698242,100.99788665771484,140.49125386825946,4,True,0.6819999814033508,1,0,0,0,0,0.0,0.0,0.0,0,0,nan,nan,nan,,nan,nan,nan,2,29,-,SELECT OWNER FIRST,
2026-07-08T18:28:27.079,1167.08,mission_20260708_180900_manual,MANUAL,,0,13.330288887023926,100.99788665771484,140.49551590630156,4,True,0.6827499866485596,1,0,0,0,0,0.0,0.0,0.0,0,0,nan,nan,nan,,nan,nan,nan,2,27,-,SELECT OWNER FIRST,
2026-07-08T18:28:29.106,1169.106,mission_20260708_180900_manual,MANUAL,,0,13.330289840698242,100.99788665771484,140.49066647199086,4,True,0.6819999814033508,1,0,0,0,0,0.0,0.0,0.0,0,0,nan,nan,nan,,nan,nan,nan,2,26,-,SELECT OWNER FIRST,
2026-07-08T18:28:31.125,1171.126,mission_20260708_180900_manual,MANUAL,,0,13.330290794372559,100.99788665771484,140.50248269925498,4,True,0.6840000152587891,1,0,0,0,0,0.0,0.0,0.0,0,0,nan,nan,nan,,nan,nan,nan,2,26,-,SELECT OWNER FIRST,
2026-07-08T18:28:33.143,1173.144,mission_20260708_180900_manual,MANUAL,,0,13.330291748046875,100.99788665771484,140.5035208880088,4,True,0.6819999814033508,1,0,0,0,0,0.0,0.0,0.0,0,0,nan,nan,nan,,nan,nan,nan,2,27,-,SELECT OWNER FIRST,
2026-07-08T18:28:35.165,1175.165,mission_20260708_180900_manual,MANUAL,,0,13.330291748046875,100.99787902832031,140.50479130319445,4,True,0.6825000047683716,1,0,0,0,0,0.0,0.0,0.0,0,0,nan,nan,nan,,nan,nan,nan,2,27,-,SELECT OWNER FIRST,
2026-07-08T18:28:37.188,1177.188,mission_20260708_180900_manual,MANUAL,,0,13.330290794372559,100.99787902832031,140.50291983136185,4,True,0.6837499737739563,1,0,0,0,0,0.0,0.0,0.0,0,0,nan,nan,nan,,nan,nan,nan,2,26,-,SELECT OWNER FIRST,
2026-07-08T18:28:39.219,1179.219,mission_20260708_180900_manual,MANUAL,,0,13.330290794372559,100.99787902832031,140.51753643618568,4,True,0.6832500100135803,1,0,0,0,0,0.0,0.0,0.0,0,0,nan,nan,nan,,nan,nan,nan,2,25,-,SELECT OWNER FIRST,
2026-07-08T18:28:41.241,1181.241,mission_20260708_180900_manual,MANUAL,,0,13.330289840698242,100.99787902832031,140.51776866261747,4,True,0.6827499866485596,1,0,0,0,0,0.0,0.0,0.0,0,0,nan,nan,nan,,nan,nan,nan,2,27,-,SELECT OWNER FIRST,
2026-07-08T18:28:43.254,1183.255,mission_20260708_180900_manual,MANUAL,,0,13.330289840698242,100.99787139892578,140.52376556870874,4,True,0.6825000047683716,1,0,0,0,0,0.0,0.0,0.0,0,0,nan,nan,nan,,nan,nan,nan,2,28,-,SELECT OWNER FIRST,
2026-07-08T18:28:45.280,1185.28,mission_20260708_180900_manual,MANUAL,,0,13.330289840698242,100.99787139892578,140.52126571947252,4,True,0.6819999814033508,1,0,0,0,0,0.0,0.0,0.0,0,0,nan,nan,nan,,nan,nan,nan,2,27,-,SELECT OWNER FIRST,
2026-07-08T18:28:47.291,1187.292,mission_20260708_180900_manual,MANUAL,,0,13.330289840698242,100.99787139892578,140.51235915279483,4,True,0.6819999814033508,1,0,0,0,0,0.0,0.0,0.0,0,0,nan,nan,nan,,nan,nan,nan,2,28,-,SELECT OWNER FIRST,
2026-07-08T18:28:49.322,1189.323,mission_20260708_180900_manual,MANUAL,,0,13.330288887023926,100.99787139892578,140.51029643566548,4,True,0.6825000047683716,1,0,0,0,0,0.0,0.0,0.0,0,0,nan,nan,nan,,nan,nan,nan,2,27,-,SELECT OWNER FIRST,
2026-07-08T18:28:51.346,1191.346,mission_20260708_180900_manual,MANUAL,,0,13.33028793334961,100.99787139892578,140.501198623691,4,True,0.6830000281333923,1,0,0,0,0,0.0,0.0,0.0,0,0,nan,nan,nan,,nan,nan,nan,2,28,-,SELECT OWNER FIRST,
2026-07-08T18:28:53.370,1193.371,mission_20260708_180900_manual,MANUAL,,0,13.33028793334961,100.99787139892578,140.5099276054503,4,True,0.6834999918937683,1,0,0,0,0,0.0,0.0,0.0,0,0,nan,nan,nan,,nan,nan,nan,2,25,-,SELECT OWNER FIRST,
2026-07-08T18:28:55.395,1195.395,mission_20260708_180900_manual,MANUAL,,0,13.330286979675293,100.99786376953125,140.5090123601015,4,True,0.6822500228881836,1,0,0,0,0,0.0,0.0,0.0,0,0,nan,nan,nan,,nan,nan,nan,2,25,-,SELECT OWNER FIRST,
2026-07-08T18:28:57.412,1197.413,mission_20260708_180900_manual,MANUAL,,0,13.330286026000977,100.99786376953125,140.5087391525347,4,True,0.6827499866485596,1,0,0,0,0,0.0,0.0,0.0,0,0,nan,nan,nan,,nan,nan,nan,2,25,-,SELECT OWNER FIRST,
2026-07-08T18:28:59.443,1199.443,mission_20260708_180900_manual,MANUAL,,0,13.330286026000977,100.99786376953125,140.498425566888,4,True,0.6815000176429749,1,0,0,0,0,0.0,0.0,0.0,0,0,nan,nan,nan,,nan,nan,nan,2,24,-,SELECT OWNER FIRST,
2026-07-08T18:29:01.457,1201.457,mission_20260708_180900_manual,MANUAL,,0,13.330284118652344,100.99786376953125,140.4935078306856,4,True,0.6819999814033508,1,0,0,0,0,0.0,0.0,0.0,0,0,nan,nan,nan,,nan,nan,nan,2,25,-,SELECT OWNER FIRST,
2026-07-08T18:29:03.487,1203.488,mission_20260708_180900_manual,MANUAL,,0,13.330282211303711,100.99786376953125,140.49221009474329,4,True,0.6827499866485596,1,0,0,0,0,0.0,0.0,0.0,0,0,nan,nan,nan,,nan,nan,nan,2,25,-,SELECT OWNER FIRST,
2026-07-08T18:29:05.498,1205.498,mission_20260708_180900_manual,MANUAL,,0,13.330282211303711,100.99786376953125,140.49449137792607,4,True,0.6825000047683716,1,0,0,0,0,0.0,0.0,0.0,0,0,nan,nan,nan,,nan,nan,nan,2,26,-,SELECT OWNER FIRST,
2026-07-08T18:29:07.531,1207.531,mission_20260708_180900_manual,MANUAL,,0,13.330281257629395,100.99786376953125,140.4972644347291,4,True,0.6819999814033508,1,0,0,0,0,0.0,0.0,0.0,0,0,nan,nan,nan,,nan,nan,nan,2,25,-,SELECT OWNER FIRST,
2026-07-08T18:29:09.550,1209.55,mission_20260708_180900_manual,MANUAL,,0,13.330280303955078,100.99786376953125,140.50302911438857,4,True,0.6830000281333923,1,0,0,0,0,0.0,0.0,0.0,0,0,nan,nan,nan,,nan,nan,nan,2,24,-,SELECT OWNER FIRST,
2026-07-08T18:29:11.573,1211.574,mission_20260708_180900_manual,MANUAL,,0,13.330278396606445,100.99786376953125,140.5021821709315,4,True,0.684499979019165,1,0,0,0,0,0.0,0.0,0.0,0,0,nan,nan,nan,,nan,nan,nan,2,25,-,SELECT OWNER FIRST,
2026-07-08T18:29:13.601,1213.601,mission_20260708_180900_manual,MANUAL,,0,13.330277442932129,100.99786376953125,140.5104057186922,4,True,0.6834999918937683,1,0,0,0,0,0.0,0.0,0.0,0,0,nan,nan,nan,,nan,nan,nan,2,24,-,SELECT OWNER FIRST,
2026-07-08T18:29:15.623,1215.623,mission_20260708_180900_manual,MANUAL,,0,13.330276489257812,100.99786376953125,140.50813809588774,4,True,0.6815000176429749,1,0,0,0,0,0.0,0.0,0.0,0,0,nan,nan,nan,,nan,nan,nan,2,24,-,SELECT OWNER FIRST,
2026-07-08T18:29:17.643,1217.643,mission_20260708_180900_manual,MANUAL,,0,13.330276489257812,100.99786376953125,140.51168979425614,4,True,0.6832500100135803,1,0,0,0,0,0.0,0.0,0.0,0,0,nan,nan,nan,,nan,nan,nan,2,25,-,SELECT OWNER FIRST,
2026-07-08T18:29:19.677,1219.678,mission_20260708_180900_manual,MANUAL,,0,13.330275535583496,100.99786376953125,140.515460058678,4,True,0.6819999814033508,1,0,0,0,0,0.0,0.0,0.0,0,0,nan,nan,nan,,nan,nan,nan,2,25,-,SELECT OWNER FIRST,
2026-07-08T18:29:21.692,1221.692,mission_20260708_180900_manual,MANUAL,,0,13.330273628234863,100.99786376953125,140.5170993040788,4,True,0.6840000152587891,1,0,0,0,0,0.0,0.0,0.0,0,0,nan,nan,nan,,nan,nan,nan,2,26,-,SELECT OWNER FIRST,
2026-07-08T18:29:23.710,1223.71,mission_20260708_180900_manual,MANUAL,,0,13.330273628234863,100.99786376953125,140.5047503220594,4,True,0.6827499866485596,1,0,0,0,0,0.0,0.0,0.0,0,0,nan,nan,nan,,nan,nan,nan,2,26,-,SELECT OWNER FIRST,
2026-07-08T18:29:25.733,1225.734,mission_20260708_180900_manual,MANUAL,,0,13.330273628234863,100.99786376953125,140.50708624675556,4,True,0.6819999814033508,1,0,0,0,0,0.0,0.0,0.0,0,0,nan,nan,nan,,nan,nan,nan,2,25,-,SELECT OWNER FIRST,
2026-07-08T18:29:27.758,1227.758,mission_20260708_180900_manual,MANUAL,,0,13.33027172088623,100.99786376953125,140.50479130319445,4,True,0.6822500228881836,1,0,0,0,0,0.0,0.0,0.0,0,0,nan,nan,nan,,nan,nan,nan,2,24,-,SELECT OWNER FIRST,
2026-07-08T18:29:29.778,1229.779,mission_20260708_180900_manual,MANUAL,,0,13.33027172088623,100.99785614013672,140.50046096326065,4,True,0.6832500100135803,1,0,0,0,0,0.0,0.0,0.0,0,0,nan,nan,nan,,nan,nan,nan,2,23,-,SELECT OWNER FIRST,
2026-07-08T18:29:31.805,1231.805,mission_20260708_180900_manual,MANUAL,,0,13.33027172088623,100.99785614013672,140.51214058674137,4,True,0.6837499737739563,1,0,0,0,0,0.0,0.0,0.0,0,0,nan,nan,nan,,nan,nan,nan,2,25,-,SELECT OWNER FIRST,
2026-07-08T18:29:33.829,1233.83,mission_20260708_180900_manual,MANUAL,,0,13.330272674560547,100.99785614013672,140.51018715263876,4,True,0.6827499866485596,1,0,0,0,0,0.0,0.0,0.0,0,0,nan,nan,nan,,nan,nan,nan,2,26,-,SELECT OWNER FIRST,
2026-07-08T18:29:35.850,1235.851,mission_20260708_180900_manual,MANUAL,,0,13.330272674560547,100.99785614013672,140.51753643618568,4,True,0.6830000281333923,1,0,0,0,0,0.0,0.0,0.0,0,0,nan,nan,nan,,nan,nan,nan,2,26,-,SELECT OWNER FIRST,
2026-07-08T18:29:37.875,1237.876,mission_20260708_180900_manual,MANUAL,,0,13.33027458190918,100.99785614013672,140.51110239798754,4,True,0.6830000281333923,1,0,0,0,0,0.0,0.0,0.0,0,0,nan,nan,nan,,nan,nan,nan,2,25,-,SELECT OWNER FIRST,
2026-07-08T18:29:39.897,1239.897,mission_20260708_180900_manual,MANUAL,,0,13.330276489257812,100.99785614013672,140.51765937959075,4,True,0.6837499737739563,1,0,0,0,0,0.0,0.0,0.0,0,0,nan,nan,nan,,nan,nan,nan,2,26,-,SELECT OWNER FIRST,
2026-07-08T18:29:41.914,1241.914,mission_20260708_180900_manual,MANUAL,,0,13.330276489257812,100.99784851074219,140.51513220959785,4,True,0.6817499995231628,1,0,0,0,0,0.0,0.0,0.0,0,0,nan,nan,nan,,nan,nan,nan,2,26,-,SELECT OWNER FIRST,
2026-07-08T18:29:43.941,1243.942,mission_20260708_180900_manual,MANUAL,,0,13.330275535583496,100.99784851074219,140.51834239850774,4,True,0.6827499866485596,1,0,0,0,0,0.0,0.0,0.0,0,0,nan,nan,nan,,nan,nan,nan,2,24,-,SELECT OWNER FIRST,
2026-07-08T18:29:45.964,1245.965,mission_20260708_180900_manual,MANUAL,,0,13.330276489257812,100.99784851074219,140.5111980206359,4,True,0.6817499995231628,1,0,0,0,0,0.0,0.0,0.0,0,0,nan,nan,nan,,nan,nan,nan,2,22,-,SELECT OWNER FIRST,
2026-07-08T18:29:47.981,1247.982,mission_20260708_180900_manual,MANUAL,,0,13.330275535583496,100.99784851074219,140.51123900177095,4,True,0.6827499866485596,1,0,0,0,0,0.0,0.0,0.0,0,0,nan,nan,nan,,nan,nan,nan,2,24,-,SELECT OWNER FIRST,
2026-07-08T18:29:50.011,1250.011,mission_20260708_180900_manual,MANUAL,,0,13.330275535583496,100.99784851074219,140.49778352910602,4,True,0.6819999814033508,1,0,0,0,0,0.0,0.0,0.0,0,0,nan,nan,nan,,nan,nan,nan,2,24,-,SELECT OWNER FIRST,
2026-07-08T18:29:52.028,1252.029,mission_20260708_180900_manual,MANUAL,,0,13.33027458190918,100.99784851074219,140.4987670763465,4,True,0.6834999918937683,1,0,0,0,0,0.0,0.0,0.0,0,0,nan,nan,nan,,nan,nan,nan,2,24,-,SELECT OWNER FIRST,
2026-07-08T18:29:54.057,1254.057,mission_20260708_180900_manual,MANUAL,,0,13.330275535583496,100.99784851074219,140.49805673667282,4,True,0.6827499866485596,1,0,0,0,0,0.0,0.0,0.0,0,0,nan,nan,nan,,nan,nan,nan,2,25,-,SELECT OWNER FIRST,
2026-07-08T18:29:56.078,1256.078,mission_20260708_180900_manual,MANUAL,,0,13.330275535583496,100.99784851074219,140.49823432159124,4,True,0.6827499866485596,1,0,0,0,0,0.0,0.0,0.0,0,0,nan,nan,nan,,nan,nan,nan,2,26,-,SELECT OWNER FIRST,
2026-07-08T18:29:58.102,1258.103,mission_20260708_180900_manual,MANUAL,,0,13.330276489257812,100.99784851074219,140.5031383974153,4,True,0.6827499866485596,1,0,0,0,0,0.0,0.0,0.0,0,0,nan,nan,nan,,nan,nan,nan,2,26,-,SELECT OWNER FIRST,
2026-07-08T18:30:00.136,1260.137,mission_20260708_180900_manual,MANUAL,,0,13.330276489257812,100.99784851074219,140.50636224670353,4,True,0.6837499737739563,1,0,0,0,0,0.0,0.0,0.0,0,0,nan,nan,nan,,nan,nan,nan,2,26,-,SELECT OWNER FIRST,
2026-07-08T18:30:02.147,1262.147,mission_20260708_180900_manual,MANUAL,,0,13.330275535583496,100.99784851074219,140.51656654932356,4,True,0.6827499866485596,1,0,0,0,0,0.0,0.0,0.0,0,0,nan,nan,nan,,nan,nan,nan,2,25,-,SELECT OWNER FIRST,
2026-07-08T18:30:04.155,1264.155,mission_20260708_180900_manual,MANUAL,,0,13.33027458190918,100.99784851074219,140.53009032388016,4,True,0.6834999918937683,1,0,0,0,0,0.0,0.0,0.0,0,0,nan,nan,nan,,nan,nan,nan,2,27,-,SELECT OWNER FIRST,
2026-07-08T18:30:06.170,1266.171,mission_20260708_180900_manual,MANUAL,,0,13.330273628234863,100.99784851074219,140.53830021126254,4,True,0.6825000047683716,1,0,0,0,0,0.0,0.0,0.0,0,0,nan,nan,nan,,nan,nan,nan,2,27,-,SELECT OWNER FIRST,
2026-07-08T18:30:08.194,1268.194,mission_20260708_180900_manual,MANUAL,,0,13.33027458190918,100.99784851074219,140.5350763619743,4,True,0.6819999814033508,1,0,0,0,0,0.0,0.0,0.0,0,0,nan,nan,nan,,nan,nan,nan,2,26,-,SELECT OWNER FIRST,
2026-07-08T18:30:10.203,1270.203,mission_20260708_180900_manual,MANUAL,,0,13.330276489257812,100.99785614013672,140.54317696632992,4,True,0.6817499995231628,1,0,0,0,0,0.0,0.0,0.0,0,0,nan,nan,nan,,nan,nan,nan,2,28,-,SELECT OWNER FIRST,
2026-07-08T18:30:12.234,1272.235,mission_20260708_180900_manual,MANUAL,,0,13.330278396606445,100.99785614013672,140.55469266527055,4,True,0.6837499737739563,1,0,0,0,0,0.0,0.0,0.0,0,0,nan,nan,nan,,nan,nan,nan,2,28,-,SELECT OWNER FIRST,
2026-07-08T18:30:14.248,1274.248,mission_20260708_180900_manual,MANUAL,,0,13.330280303955078,100.99785614013672,140.56518383583568,4,True,0.6825000047683716,1,0,0,0,0,0.0,0.0,0.0,0,0,nan,nan,nan,,nan,nan,nan,2,27,-,SELECT OWNER FIRST,
2026-07-08T18:30:16.272,1276.272,mission_20260708_180900_manual,MANUAL,,0,13.330283164978027,100.99785614013672,140.5786666292573,4,True,0.6825000047683716,1,0,0,0,0,0.0,0.0,0.0,0,0,nan,nan,nan,,nan,nan,nan,2,28,-,SELECT OWNER FIRST,
2026-07-08T18:30:18.290,1278.29,mission_20260708_180900_manual,MANUAL,,0,13.33028507232666,100.99785614013672,140.59411651715988,4,True,0.6822500228881836,1,0,0,0,0,0.0,0.0,0.0,0,0,nan,nan,nan,,nan,nan,nan,2,28,-,SELECT OWNER FIRST,
2026-07-08T18:30:20.301,1280.301,mission_20260708_180900_manual,MANUAL,,0,13.33028793334961,100.99785614013672,140.61918331141382,4,True,0.6827499866485596,1,0,0,0,0,0.0,0.0,0.0,0,0,nan,nan,nan,,nan,nan,nan,2,28,-,SELECT OWNER FIRST,
2026-07-08T18:30:22.324,1282.325,mission_20260708_180900_manual,MANUAL,,0,13.330289840698242,100.99786376953125,140.6482935776564,4,True,0.6822500228881836,1,0,0,0,0,0.0,0.0,0.0,0,0,nan,nan,nan,,nan,nan,nan,2,28,-,SELECT OWNER FIRST,
2026-07-08T18:30:24.342,1284.342,mission_20260708_180900_manual,MANUAL,,0,13.330290794372559,100.99786376953125,140.66844263570795,4,True,0.6817499995231628,1,0,0,0,0,0.0,0.0,0.0,0,0,nan,nan,nan,,nan,nan,nan,2,28,-,SELECT OWNER FIRST,
2026-07-08T18:30:26.370,1286.371,mission_20260708_180900_manual,MANUAL,,0,13.330291748046875,100.99786376953125,140.67457614558262,4,True,0.6822500228881836,1,0,0,0,0,0.0,0.0,0.0,0,0,nan,nan,nan,,nan,nan,nan,2,26,-,SELECT OWNER FIRST,
2026-07-08T18:30:28.407,1288.407,mission_20260708_180900_manual,MANUAL,,0,13.330291748046875,100.99786376953125,140.66707659787394,4,True,0.6832500100135803,1,0,0,0,0,0.0,0.0,0.0,0,0,nan,nan,nan,,nan,nan,nan,2,27,-,SELECT OWNER FIRST,
2026-07-08T18:30:30.431,1290.431,mission_20260708_180900_manual,MANUAL,,0,13.330294609069824,100.99786376953125,140.66691267333385,4,True,0.6809999942779541,1,0,0,0,0,0.0,0.0,0.0,0,0,nan,nan,nan,,nan,nan,nan,2,27,-,SELECT OWNER FIRST,
2026-07-08T18:30:32.454,1292.455,mission_20260708_180900_manual,MANUAL,,0,13.330296516418457,100.99786376953125,140.66293750323692,4,True,0.6827499866485596,1,0,0,0,0,0.0,0.0,0.0,0,0,nan,nan,nan,,nan,nan,nan,2,27,-,SELECT OWNER FIRST,
2026-07-08T18:30:34.490,1294.491,mission_20260708_180900_manual,MANUAL,,0,13.330297470092773,100.99786376953125,140.65285614402197,4,True,0.6812499761581421,1,0,0,0,0,0.0,0.0,0.0,0,0,nan,nan,nan,,nan,nan,nan,2,27,-,SELECT OWNER FIRST,
2026-07-08T18:30:36.522,1296.522,mission_20260708_180900_manual,MANUAL,,0,13.33029842376709,100.99785614013672,140.63138202927146,4,True,0.6825000047683716,1,0,0,0,0,0.0,0.0,0.0,0,0,nan,nan,nan,,nan,nan,nan,2,27,-,SELECT OWNER FIRST,
2026-07-08T18:30:38.544,1298.545,mission_20260708_180900_manual,MANUAL,,0,13.330299377441406,100.99785614013672,140.62642331193402,4,True,0.6819999814033508,1,0,0,0,0,0.0,0.0,0.0,0,0,nan,nan,nan,,nan,nan,nan,2,28,-,SELECT OWNER FIRST,
2026-07-08T18:30:40.565,1300.565,mission_20260708_180900_manual,MANUAL,,0,13.330296516418457,100.99786376953125,140.62332240605085,4,True,0.6827499866485596,1,0,0,0,0,0.0,0.0,0.0,0,0,nan,nan,nan,,nan,nan,nan,2,28,-,SELECT OWNER FIRST,
2026-07-08T18:30:42.581,1302.581,mission_20260708_180900_manual,MANUAL,,0,13.330297470092773,100.99786376953125,140.63416874645281,4,True,0.6819999814033508,1,0,0,0,0,0.0,0.0,0.0,0,0,nan,nan,nan,,nan,nan,nan,2,28,-,SELECT OWNER FIRST,
2026-07-08T18:30:44.606,1304.607,mission_20260708_180900_manual,MANUAL,,0,13.33029842376709,100.99786376953125,140.6575689745493,4,True,0.6834999918937683,1,0,0,0,0,0.0,0.0,0.0,0,0,nan,nan,nan,,nan,nan,nan,2,28,-,SELECT OWNER FIRST,
2026-07-08T18:30:46.617,1306.618,mission_20260708_180900_manual,MANUAL,,0,13.33029842376709,100.99786376953125,140.6868978068453,4,True,0.6812499761581421,1,0,0,0,0,0.0,0.0,0.0,0,0,nan,nan,nan,,nan,nan,nan,2,28,-,SELECT OWNER FIRST,
2026-07-08T18:30:48.633,1308.633,mission_20260708_180900_manual,MANUAL,,0,13.33029842376709,100.99786376953125,140.7041645250671,4,True,0.6815000176429749,1,0,0,0,0,0.0,0.0,0.0,0,0,nan,nan,nan,,nan,nan,nan,2,27,-,SELECT OWNER FIRST,
2026-07-08T18:30:50.662,1310.662,mission_20260708_180900_manual,MANUAL,,0,13.330299377441406,100.99786376953125,140.7282204513239,4,True,0.6834999918937683,1,0,0,0,0,0.0,0.0,0.0,0,0,nan,nan,nan,,nan,nan,nan,2,28,-,SELECT OWNER FIRST,
2026-07-08T18:30:52.677,1312.678,mission_20260708_180900_manual,MANUAL,,0,13.330301284790039,100.99786376953125,140.7376051312435,4,True,0.6830000281333923,1,0,0,0,0,0.0,0.0,0.0,0,0,nan,nan,nan,,nan,nan,nan,2,28,-,SELECT OWNER FIRST,
2026-07-08T18:30:54.691,1314.691,mission_20260708_180900_manual,MANUAL,,0,13.330302238464355,100.99786376953125,140.7526588681742,4,True,0.6819999814033508,1,0,0,0,0,0.0,0.0,0.0,0,0,nan,nan,nan,,nan,nan,nan,2,28,-,SELECT OWNER FIRST,
2026-07-08T18:30:56.715,1316.715,mission_20260708_180900_manual,MANUAL,,0,13.330304145812988,100.99786376953125,140.76619630310918,4,True,0.6832500100135803,1,0,0,0,0,0.0,0.0,0.0,0,0,nan,nan,nan,,nan,nan,nan,2,29,-,SELECT OWNER FIRST,
2026-07-08T18:30:58.736,1318.736,mission_20260708_180900_manual,MANUAL,,0,13.330305099487305,100.99786376953125,140.78435094592305,4,True,0.6837499737739563,1,0,0,0,0,0.0,0.0,0.0,0,0,nan,nan,nan,,nan,nan,nan,2,29,-,SELECT OWNER FIRST,
2026-07-08T18:31:00.762,1320.763,mission_20260708_180900_manual,MANUAL,,0,13.330306053161621,100.99786376953125,140.79911781490864,4,True,0.6834999918937683,1,0,0,0,0,0.0,0.0,0.0,0,0,nan,nan,nan,,nan,nan,nan,2,29,-,SELECT OWNER FIRST,
2026-07-08T18:31:02.783,1322.783,mission_20260708_180900_manual,MANUAL,,0,13.330307006835938,100.99786376953125,140.81284649514035,4,True,0.6830000281333923,1,0,0,0,0,0.0,0.0,0.0,0,0,nan,nan,nan,,nan,nan,nan,2,28,-,SELECT OWNER FIRST,
2026-07-08T18:31:04.802,1324.803,mission_20260708_180900_manual,MANUAL,,0,13.330307960510254,100.99787139892578,140.82605608099516,4,True,0.6832500100135803,1,0,0,0,0,0.0,0.0,0.0,0,0,nan,nan,nan,,nan,nan,nan,2,29,-,SELECT OWNER FIRST,
2026-07-08T18:31:06.827,1326.827,mission_20260708_180900_manual,MANUAL,,0,13.330309867858887,100.99787139892578,140.83061864736072,4,True,0.6817499995231628,1,0,0,0,0,0.0,0.0,0.0,0,0,nan,nan,nan,,nan,nan,nan,2,29,-,SELECT OWNER FIRST,
2026-07-08T18:31:08.842,1328.843,mission_20260708_180900_manual,MANUAL,,0,13.330310821533203,100.99787902832031,140.84725698817888,4,True,0.684249997138977,1,0,0,0,0,0.0,0.0,0.0,0,0,nan,nan,nan,,nan,nan,nan,2,28,-,SELECT OWNER FIRST,
2026-07-08T18:31:10.872,1330.873,mission_20260708_180900_manual,MANUAL,,0,13.33031177520752,100.99787902832031,140.8710123861122,4,True,0.6822500228881836,1,0,0,0,0,0.0,0.0,0.0,0,0,nan,nan,nan,,nan,nan,nan,2,29,-,SELECT OWNER FIRST,
2026-07-08T18:31:12.900,1332.901,mission_20260708_180900_manual,MANUAL,,0,13.330312728881836,100.99788665771484,140.88683110422994,4,True,0.6812499761581421,1,0,0,0,0,0.0,0.0,0.0,0,0,nan,nan,nan,,nan,nan,nan,2,29,-,SELECT OWNER FIRST,
2026-07-08T18:31:14.908,1334.909,mission_20260708_180900_manual,MANUAL,,0,13.330313682556152,100.99788665771484,140.90652936979626,4,True,0.6819999814033508,1,0,0,0,0,0.0,0.0,0.0,0,0,nan,nan,nan,,nan,nan,nan,2,29,-,SELECT OWNER FIRST,
2026-07-08T18:31:16.938,1336.938,mission_20260708_180900_manual,MANUAL,,0,13.330314636230469,100.99789428710938,140.91928816316585,4,True,0.6830000281333923,1,0,0,0,0,0.0,0.0,0.0,0,0,nan,nan,nan,,nan,nan,nan,2,28,-,SELECT OWNER FIRST,
2026-07-08T18:31:18.943,1338.944,mission_20260708_180900_manual,MANUAL,,0,13.330315589904785,100.99789428710938,140.92882310724718,4,True,0.6819999814033508,1,0,0,0,0,0.0,0.0,0.0,0,0,nan,nan,nan,,nan,nan,nan,2,29,-,SELECT OWNER FIRST,
2026-07-08T18:31:20.963,1340.963,mission_20260708_180900_manual,MANUAL,,0,13.330315589904785,100.99789428710938,140.95024258048434,4,True,0.6825000047683716,1,0,0,0,0,0.0,0.0,0.0,0,0,nan,nan,nan,,nan,nan,nan,2,28,-,SELECT OWNER FIRST,
2026-07-08T18:31:22.996,1342.996,mission_20260708_180900_manual,MANUAL,,0,13.330315589904785,100.9979019165039,140.96133480769643,4,True,0.6815000176429749,1,0,0,0,0,0.0,0.0,0.0,0,0,nan,nan,nan,,nan,nan,nan,2,25,-,SELECT OWNER FIRST,
2026-07-08T18:31:25.020,1345.02,mission_20260708_180900_manual,MANUAL,,0,13.330315589904785,100.9979019165039,140.97030967626583,4,True,0.6822500228881836,1,0,0,0,0,0.0,0.0,0.0,0,0,nan,nan,nan,,nan,nan,nan,2,24,-,SELECT OWNER FIRST,
2026-07-08T18:31:27.043,1347.043,mission_20260708_180900_manual,MANUAL,,0,13.330314636230469,100.9979019165039,140.98096477137105,4,True,0.6832500100135803,1,0,0,0,0,0.0,0.0,0.0,0,0,nan,nan,nan,,nan,nan,nan,2,25,-,SELECT OWNER FIRST,
2026-07-08T18:31:29.067,1349.067,mission_20260708_180900_manual,MANUAL,,0,13.330314636230469,100.99790954589844,140.9854863566016,4,True,0.6817499995231628,1,0,0,0,0,0.0,0.0,0.0,0,0,nan,nan,nan,,nan,nan,nan,2,26,-,SELECT OWNER FIRST,
2026-07-08T18:31:31.096,1351.097,mission_20260708_180900_manual,MANUAL,,0,13.330314636230469,100.99790954589844,141.0022476408248,4,True,0.6812499761581421,1,0,0,0,0,0.0,0.0,0.0,0,0,nan,nan,nan,,nan,nan,nan,2,26,-,SELECT OWNER FIRST,
2026-07-08T18:31:33.123,1353.123,mission_20260708_180900_manual,MANUAL,,0,13.330314636230469,100.99790954589844,141.016918887162,4,True,0.6830000281333923,1,0,0,0,0,0.0,0.0,0.0,0,0,nan,nan,nan,,nan,nan,nan,2,26,-,SELECT OWNER FIRST,
2026-07-08T18:31:35.140,1355.14,mission_20260708_180900_manual,MANUAL,,0,13.330314636230469,100.99790954589844,141.00379126357723,4,True,0.6827499866485596,1,0,0,0,0,0.0,0.0,0.0,0,0,nan,nan,nan,,nan,nan,nan,2,24,-,SELECT OWNER FIRST,
2026-07-08T18:31:37.165,1357.166,mission_20260708_180900_manual,MANUAL,,0,13.330314636230469,100.99790954589844,140.9841203187676,4,True,0.6822500228881836,1,0,0,0,0,0.0,0.0,0.0,0,0,nan,nan,nan,,nan,nan,nan,2,24,-,SELECT OWNER FIRST,
2026-07-08T18:31:39.194,1359.195,mission_20260708_180900_manual,MANUAL,,0,13.330313682556152,100.99790954589844,140.96181292093834,4,True,0.6825000047683716,1,0,0,0,0,0.0,0.0,0.0,0,0,nan,nan,nan,,nan,nan,nan,2,25,-,SELECT OWNER FIRST,
2026-07-08T18:31:41.214,1361.214,mission_20260708_180900_manual,MANUAL,,0,13.330312728881836,100.99790954589844,140.93339933399108,4,True,0.6809999942779541,1,0,0,0,0,0.0,0.0,0.0,0,0,nan,nan,nan,,nan,nan,nan,2,26,-,SELECT OWNER FIRST,
2026-07-08T18:31:43.238,1363.238,mission_20260708_180900_manual,MANUAL,,0,13.330314636230469,100.99790954589844,140.89752718047018,4,True,0.6815000176429749,1,0,0,0,0,0.0,0.0,0.0,0,0,nan,nan,nan,,nan,nan,nan,2,27,-,SELECT OWNER FIRST,
2026-07-08T18:31:45.269,1365.269,mission_20260708_180900_manual,MANUAL,,0,13.330314636230469,100.9979019165039,140.8681163859041,4,True,0.6817499995231628,1,0,0,0,0,0.0,0.0,0.0,0,0,nan,nan,nan,,nan,nan,nan,2,26,-,SELECT OWNER FIRST,
2026-07-08T18:31:47.294,1367.295,mission_20260708_180900_manual,MANUAL,,0,13.330314636230469,100.9979019165039,140.8410141952775,4,True,0.6804999709129333,1,0,0,0,0,0.0,0.0,0.0,0,0,nan,nan,nan,,nan,nan,nan,2,26,-,SELECT OWNER FIRST,
2026-07-08T18:31:49.307,1369.308,mission_20260708_180900_manual,MANUAL,,0,13.330314636230469,100.9979019165039,140.81667140107555,4,True,0.6817499995231628,1,0,0,0,0,0.0,0.0,0.0,0,0,nan,nan,nan,,nan,nan,nan,2,27,-,SELECT OWNER FIRST,
2026-07-08T18:31:51.344,1371.344,mission_20260708_180900_manual,MANUAL,,0,13.330315589904785,100.9979019165039,140.78876324812688,4,True,0.6822500228881836,1,0,0,0,0,0.0,0.0,0.0,0,0,nan,nan,nan,,nan,nan,nan,2,27,-,SELECT OWNER FIRST,
2026-07-08T18:31:53.372,1373.372,mission_20260708_180900_manual,MANUAL,,0,13.330315589904785,100.9979019165039,140.77014415244943,4,True,0.6837499737739563,1,0,0,0,0,0.0,0.0,0.0,0,0,nan,nan,nan,,nan,nan,nan,2,27,-,SELECT OWNER FIRST,
2026-07-08T18:31:55.385,1375.385,mission_20260708_180900_manual,MANUAL,,0,13.330317497253418,100.9979019165039,140.745459848789,4,True,0.6819999814033508,1,0,0,0,0,0.0,0.0,0.0,0,0,nan,nan,nan,,nan,nan,nan,2,27,-,SELECT OWNER FIRST,
2026-07-08T18:31:57.404,1377.405,mission_20260708_180900_manual,MANUAL,,0,13.33031940460205,100.99789428710938,140.7348730555755,4,True,0.6822500228881836,1,0,0,0,0,0.0,0.0,0.0,0,0,nan,nan,nan,,nan,nan,nan,2,25,-,SELECT OWNER FIRST,
2026-07-08T18:31:59.429,1379.429,mission_20260708_180900_manual,MANUAL,,0,13.330321311950684,100.99789428710938,140.71240173320615,4,True,0.6822500228881836,1,0,0,0,0,0.0,0.0,0.0,0,0,nan,nan,nan,,nan,nan,nan,2,26,-,SELECT OWNER FIRST,
2026-07-08T18:32:01.461,1381.461,mission_20260708_180900_manual,MANUAL,,0,13.330323219299316,100.99789428710938,140.68898784473134,4,True,0.6827499866485596,1,0,0,0,0,0.0,0.0,0.0,0,0,nan,nan,nan,,nan,nan,nan,2,25,-,SELECT OWNER FIRST,
2026-07-08T18:32:03.484,1383.484,mission_20260708_180900_manual,MANUAL,,0,13.33032512664795,100.99789428710938,140.66366150328895,4,True,0.6807500123977661,1,0,0,0,0,0.0,0.0,0.0,0,0,nan,nan,nan,,nan,nan,nan,2,26,-,SELECT OWNER FIRST,
2026-07-08T18:32:05.499,1385.5,mission_20260708_180900_manual,MANUAL,,0,13.330327033996582,100.99789428710938,140.64755591722604,4,True,0.6819999814033508,1,0,0,0,0,0.0,0.0,0.0,0,0,nan,nan,nan,,nan,nan,nan,2,27,-,SELECT OWNER FIRST,
2026-07-08T18:32:07.520,1387.52,mission_20260708_180900_manual,MANUAL,,0,13.330327033996582,100.99789428710938,140.63315787845565,4,True,0.6815000176429749,1,0,0,0,0,0.0,0.0,0.0,0,0,nan,nan,nan,,nan,nan,nan,2,28,-,SELECT OWNER FIRST,
2026-07-08T18:32:09.537,1389.538,mission_20260708_180900_manual,MANUAL,,0,13.330327987670898,100.99789428710938,140.622325198432,4,True,0.6817499995231628,1,0,0,0,0,0.0,0.0,0.0,0,0,nan,nan,nan,,nan,nan,nan,2,27,-,SELECT OWNER FIRST,
2026-07-08T18:32:11.548,1391.548,mission_20260708_180900_manual,MANUAL,,0,13.330328941345215,100.99789428710938,140.61183402786688,4,True,0.6819999814033508,1,0,0,0,0,0.0,0.0,0.0,0,0,nan,nan,nan,,nan,nan,nan,2,27,-,SELECT OWNER FIRST,
2026-07-08T18:32:13.562,1393.562,mission_20260708_180900_manual,MANUAL,,0,13.330328941345215,100.99789428710938,140.59444436624003,4,True,0.6825000047683716,1,0,0,0,0,0.0,0.0,0.0,0,0,nan,nan,nan,,nan,nan,nan,2,26,-,SELECT OWNER FIRST,
2026-07-08T18:32:15.582,1395.582,mission_20260708_180900_manual,MANUAL,,0,13.330327987670898,100.99789428710938,140.56847598701563,4,True,0.6832500100135803,1,0,0,0,0,0.0,0.0,0.0,0,0,nan,nan,nan,,nan,nan,nan,2,26,-,SELECT OWNER FIRST,
2026-07-08T18:32:17.603,1397.604,mission_20260708_180900_manual,MANUAL,,0,13.330327987670898,100.99789428710938,140.55869515612417,4,True,0.6834999918937683,1,0,0,0,0,0.0,0.0,0.0,0,0,nan,nan,nan,,nan,nan,nan,2,26,-,SELECT OWNER FIRST,
2026-07-08T18:32:19.611,1399.612,mission_20260708_180900_manual,MANUAL,,0,13.330327033996582,100.99789428710938,140.54041756990523,4,True,0.6802499890327454,1,0,0,0,0,0.0,0.0,0.0,0,0,nan,nan,nan,,nan,nan,nan,2,26,-,SELECT OWNER FIRST,
2026-07-08T18:32:21.623,1401.623,mission_20260708_180900_manual,MANUAL,,0,13.330327987670898,100.99789428710938,140.53164760701094,4,True,0.6827499866485596,1,0,0,0,0,0.0,0.0,0.0,0,0,nan,nan,nan,,nan,nan,nan,2,26,-,SELECT OWNER FIRST,
2026-07-08T18:32:23.637,1403.637,mission_20260708_180900_manual,MANUAL,,0,13.330327987670898,100.99789428710938,140.52062368169052,4,True,0.6817499995231628,1,0,0,0,0,0.0,0.0,0.0,0,0,nan,nan,nan,,nan,nan,nan,2,25,-,SELECT OWNER FIRST,
2026-07-08T18:32:25.653,1405.654,mission_20260708_180900_manual,MANUAL,,0,13.330329895019531,100.99789428710938,140.52234488936136,4,True,0.6834999918937683,1,0,0,0,0,0.0,0.0,0.0,0,0,nan,nan,nan,,nan,nan,nan,2,26,-,SELECT OWNER FIRST,
2026-07-08T18:32:27.678,1407.678,mission_20260708_180900_manual,MANUAL,,0,13.330330848693848,100.99789428710938,140.52048707790712,4,True,0.6834999918937683,1,0,0,0,0,0.0,0.0,0.0,0,0,nan,nan,nan,,nan,nan,nan,2,26,-,SELECT OWNER FIRST,
2026-07-08T18:32:29.700,1409.701,mission_20260708_180900_manual,MANUAL,,0,13.330329895019531,100.99789428710938,140.5265522858901,4,True,0.6815000176429749,1,0,0,0,0,0.0,0.0,0.0,0,0,nan,nan,nan,,nan,nan,nan,2,26,-,SELECT OWNER FIRST,
2026-07-08T18:32:31.720,1411.72,mission_20260708_180900_manual,MANUAL,,0,13.330329895019531,100.9979019165039,140.5177823229958,4,True,0.6817499995231628,1,0,0,0,0,0.0,0.0,0.0,0,0,nan,nan,nan,,nan,nan,nan,2,27,-,SELECT OWNER FIRST,
2026-07-08T18:32:33.744,1413.744,mission_20260708_180900_manual,MANUAL,,0,13.330328941345215,100.9979019165039,140.52263175730653,4,True,0.6822500228881836,1,0,0,0,0,0.0,0.0,0.0,0,0,nan,nan,nan,,nan,nan,nan,2,27,-,SELECT OWNER FIRST,
2026-07-08T18:32:35.747,1415.748,mission_20260708_180900_manual,MANUAL,,0,13.330328941345215,100.9979019165039,140.51589719078487,4,True,0.6834999918937683,1,0,0,0,0,0.0,0.0,0.0,0,0,nan,nan,nan,,nan,nan,nan,2,27,-,SELECT OWNER FIRST,
2026-07-08T18:32:37.764,1417.765,mission_20260708_180900_manual,MANUAL,,0,13.330329895019531,100.9979019165039,140.5166485115936,4,True,0.6832500100135803,1,0,0,0,0,0.0,0.0,0.0,0,0,nan,nan,nan,,nan,nan,nan,2,27,-,SELECT OWNER FIRST,
2026-07-08T18:32:39.789,1419.79,mission_20260708_180900_manual,MANUAL,,0,13.330331802368164,100.9979019165039,140.51096579420414,4,True,0.6832500100135803,1,0,0,0,0,0.0,0.0,0.0,0,0,nan,nan,nan,,nan,nan,nan,2,27,-,SELECT OWNER FIRST,
2026-07-08T18:32:41.805,1421.806,mission_20260708_180900_manual,MANUAL,,0,13.33033275604248,100.9979019165039,140.51933960612658,4,True,0.6817499995231628,1,0,0,0,0,0.0,0.0,0.0,0,0,nan,nan,nan,,nan,nan,nan,2,26,-,SELECT OWNER FIRST,
2026-07-08T18:32:43.816,1423.816,mission_20260708_180900_manual,MANUAL,,0,13.330333709716797,100.99790954589844,140.5255960594063,4,True,0.6830000281333923,1,0,0,0,0,0.0,0.0,0.0,0,0,nan,nan,nan,,nan,nan,nan,2,27,-,SELECT OWNER FIRST,
2026-07-08T18:32:45.833,1425.833,mission_20260708_180900_manual,MANUAL,,0,13.33033561706543,100.99790954589844,140.52634738021501,4,True,0.6822500228881836,1,0,0,0,0,0.0,0.0,0.0,0,0,nan,nan,nan,,nan,nan,nan,2,27,-,SELECT OWNER FIRST,
2026-07-08T18:32:47.853,1427.853,mission_20260708_180900_manual,MANUAL,,0,13.330336570739746,100.99790954589844,140.53578670164796,4,True,0.6832500100135803,1,0,0,0,0,0.0,0.0,0.0,0,0,nan,nan,nan,,nan,nan,nan,2,26,-,SELECT OWNER FIRST,
2026-07-08T18:32:49.870,1429.871,mission_20260708_180900_manual,MANUAL,,0,13.330334663391113,100.99790954589844,140.5306094182571,4,True,0.6822500228881836,1,0,0,0,0,0.0,0.0,0.0,0,0,nan,nan,nan,,nan,nan,nan,2,26,-,SELECT OWNER FIRST,
2026-07-08T18:32:51.902,1431.903,mission_20260708_180900_manual,MANUAL,,0,13.330334663391113,100.99790954589844,140.52403877627555,4,True,0.6830000281333923,1,0,0,0,0,0.0,0.0,0.0,0,0,nan,nan,nan,,nan,nan,nan,2,27,-,SELECT OWNER FIRST,
2026-07-08T18:32:53.921,1433.921,mission_20260708_180900_manual,MANUAL,,0,13.330331802368164,100.99790954589844,140.52592390848645,4,True,0.6825000047683716,1,0,0,0,0,0.0,0.0,0.0,0,0,nan,nan,nan,,nan,nan,nan,2,27,-,SELECT OWNER FIRST,
2026-07-08T18:32:55.939,1435.94,mission_20260708_180900_manual,MANUAL,,0,13.330330848693848,100.99790954589844,140.5209515307707,4,True,0.6827499866485596,1,0,0,0,0,0.0,0.0,0.0,0,0,nan,nan,nan,,nan,nan,nan,2,27,-,SELECT OWNER FIRST,
2026-07-08T18:32:57.966,1437.967,mission_20260708_180900_manual,MANUAL,,0,13.330329895019531,100.99790954589844,140.53350541846518,4,True,0.6834999918937683,1,0,0,0,0,0.0,0.0,0.0,0,0,nan,nan,nan,,nan,nan,nan,2,27,-,SELECT OWNER FIRST,
2026-07-08T18:32:59.992,1439.993,mission_20260708_180900_manual,MANUAL,,0,13.330327987670898,100.99790954589844,140.52932534269314,4,True,0.684249997138977,1,0,0,0,0,0.0,0.0,0.0,0,0,nan,nan,nan,,nan,nan,nan,2,27,-,SELECT OWNER FIRST,
2026-07-08T18:33:02.012,1442.013,mission_20260708_180900_manual,MANUAL,,0,13.330324172973633,100.99790954589844,140.5320164372261,4,True,0.6819999814033508,1,0,0,0,0,0.0,0.0,0.0,0,0,nan,nan,nan,,nan,nan,nan,2,27,-,SELECT OWNER FIRST,
2026-07-08T18:33:04.034,1444.035,mission_20260708_180900_manual,MANUAL,,0,13.330320358276367,100.99790954589844,140.541332815254,3,True,0.6819999814033508,1,0,0,0,0,0.0,0.0,0.0,0,0,nan,nan,nan,,nan,nan,nan,2,27,-,SELECT OWNER FIRST,
2026-07-08T18:33:06.048,1446.048,mission_20260708_180900_manual,MANUAL,,0,13.330316543579102,100.99790954589844,140.5423573436295,3,True,0.6815000176429749,1,0,0,0,0,0.0,0.0,0.0,0,0,nan,nan,nan,,nan,nan,nan,2,26,-,SELECT OWNER FIRST,
2026-07-08T18:33:08.052,1448.053,mission_20260708_180900_manual,MANUAL,,0,13.330315589904785,100.9979019165039,140.53913349434126,3,True,0.6825000047683716,1,0,0,0,0,0.0,0.0,0.0,0,0,nan,nan,nan,,nan,nan,nan,2,26,-,SELECT OWNER FIRST,
2026-07-08T18:33:10.064,1450.064,mission_20260708_180900_manual,MANUAL,,0,13.330312728881836,100.9979019165039,140.54193387190097,3,True,0.6830000281333923,1,0,0,0,0,0.0,0.0,0.0,0,0,nan,nan,nan,,nan,nan,nan,2,26,-,SELECT OWNER FIRST,
2026-07-08T18:33:12.087,1452.087,mission_20260708_180900_manual,MANUAL,,0,13.330310821533203,100.9979019165039,140.5343660223006,3,True,0.6825000047683716,1,0,0,0,0,0.0,0.0,0.0,0,0,nan,nan,nan,,nan,nan,nan,2,27,-,SELECT OWNER FIRST,
2026-07-08T18:33:14.098,1454.098,mission_20260708_180900_manual,MANUAL,,0,13.330307006835938,100.9979019165039,140.52954390874658,3,True,0.6825000047683716,1,0,0,0,0,0.0,0.0,0.0,0,0,nan,nan,nan,,nan,nan,nan,2,27,-,SELECT OWNER FIRST,
2026-07-08T18:33:16.127,1456.127,mission_20260708_180900_manual,MANUAL,,0,13.330304145812988,100.9979019165039,140.52920239928807,3,True,0.6822500228881836,1,0,0,0,0,0.0,0.0,0.0,0,0,nan,nan,nan,,nan,nan,nan,2,27,-,SELECT OWNER FIRST,
2026-07-08T18:33:18.157,1458.158,mission_20260708_180900_manual,MANUAL,,0,13.330301284790039,100.9979019165039,140.51913470045147,3,True,0.6819999814033508,1,0,0,0,0,0.0,0.0,0.0,0,0,nan,nan,nan,,nan,nan,nan,2,27,-,SELECT OWNER FIRST,
2026-07-08T18:33:20.174,1460.175,mission_20260708_180900_manual,MANUAL,,0,13.33029842376709,100.9979019165039,140.52959855025992,3,True,0.6830000281333923,1,0,0,0,0,0.0,0.0,0.0,0,0,nan,nan,nan,,nan,nan,nan,2,27,-,SELECT OWNER FIRST,
2026-07-08T18:33:22.217,1462.217,mission_20260708_180900_manual,MANUAL,,0,13.33029556274414,100.9979019165039,140.5206783232039,3,True,0.6825000047683716,1,0,0,0,0,0.0,0.0,0.0,0,0,nan,nan,nan,,nan,nan,nan,2,27,-,SELECT OWNER FIRST,
2026-07-08T18:33:24.241,1464.242,mission_20260708_180900_manual,MANUAL,,0,13.330292701721191,100.9979019165039,140.5382592301275,3,True,0.6822500228881836,1,0,0,0,0,0.0,0.0,0.0,0,0,nan,nan,nan,,nan,nan,nan,2,27,-,SELECT OWNER FIRST,
2026-07-08T18:33:26.271,1466.271,mission_20260708_180900_manual,MANUAL,,0,13.330291748046875,100.9979019165039,140.5713583268454,3,True,0.6822500228881836,1,0,0,0,0,0.0,0.0,0.0,0,0,nan,nan,nan,,nan,nan,nan,2,29,-,SELECT OWNER FIRST,
2026-07-08T18:33:28.302,1468.302,mission_20260708_180900_manual,MANUAL,,0,13.330289840698242,100.9979019165039,140.59601530974913,3,True,0.6825000047683716,1,0,0,0,0,0.0,0.0,0.0,0,0,nan,nan,nan,,nan,nan,nan,2,28,-,SELECT OWNER FIRST,
2026-07-08T18:33:30.327,1470.328,mission_20260708_180900_manual,MANUAL,,0,13.330289840698242,100.99789428710938,140.62339070794255,3,True,0.6817499995231628,1,0,0,0,0,0.0,0.0,0.0,0,0,nan,nan,nan,,nan,nan,nan,2,27,-,SELECT OWNER FIRST,
2026-07-08T18:33:32.362,1472.363,mission_20260708_180900_manual,MANUAL,,0,13.330289840698242,100.99789428710938,140.64407252074935,3,True,0.6832500100135803,1,0,0,0,0,0.0,0.0,0.0,0,0,nan,nan,nan,,nan,nan,nan,2,27,-,SELECT OWNER FIRST,
2026-07-08T18:33:34.379,1474.38,mission_20260708_180900_manual,MANUAL,,0,13.330291748046875,100.99789428710938,140.67226754164315,3,True,0.6825000047683716,1,0,0,0,0,0.0,0.0,0.0,0,0,nan,nan,nan,,nan,nan,nan,2,27,-,SELECT OWNER FIRST,
2026-07-08T18:33:36.403,1476.404,mission_20260708_180900_manual,MANUAL,,0,13.330291748046875,100.99788665771484,140.6919794675878,3,True,0.6832500100135803,1,0,0,0,0,0.0,0.0,0.0,0,0,nan,nan,nan,,nan,nan,nan,2,26,-,SELECT OWNER FIRST,
2026-07-08T18:33:38.424,1478.425,mission_20260708_180900_manual,MANUAL,,0,13.330292701721191,100.99788665771484,140.7145600729839,3,True,0.6822500228881836,1,0,0,0,0,0.0,0.0,0.0,0,0,nan,nan,nan,,nan,nan,nan,2,26,-,SELECT OWNER FIRST,
2026-07-08T18:33:40.447,1480.448,mission_20260708_180900_manual,MANUAL,,0,13.330292701721191,100.99788665771484,140.7228655830146,3,True,0.6819999814033508,1,0,0,0,0,0.0,0.0,0.0,0,0,nan,nan,nan,,nan,nan,nan,2,26,-,SELECT OWNER FIRST,
2026-07-08T18:33:42.469,1482.469,mission_20260708_180900_manual,MANUAL,,0,13.330292701721191,100.99788665771484,140.7275647531636,3,True,0.6825000047683716,1,0,0,0,0,0.0,0.0,0.0,0,0,nan,nan,nan,,nan,nan,nan,2,27,-,SELECT OWNER FIRST,
2026-07-08T18:33:44.497,1484.498,mission_20260708_180900_manual,MANUAL,,0,13.330291748046875,100.99788665771484,140.73133501758542,3,True,0.6822500228881836,1,0,0,0,0,0.0,0.0,0.0,0,0,nan,nan,nan,,nan,nan,nan,2,26,-,SELECT OWNER FIRST,
2026-07-08T18:33:46.516,1486.516,mission_20260708_180900_manual,MANUAL,,0,13.330290794372559,100.99788665771484,140.74365667884814,3,True,0.6812499761581421,1,0,0,0,0,0.0,0.0,0.0,0,0,nan,nan,nan,,nan,nan,nan,2,27,-,SELECT OWNER FIRST,
2026-07-08T18:33:48.530,1488.53,mission_20260708_180900_manual,MANUAL,,0,13.330290794372559,100.99788665771484,140.7466483017046,3,True,0.6822500228881836,1,0,0,0,0,0.0,0.0,0.0,0,0,nan,nan,nan,,nan,nan,nan,2,30,-,SELECT OWNER FIRST,
2026-07-08T18:33:50.542,1490.542,mission_20260708_180900_manual,MANUAL,,0,13.330289840698242,100.99789428710938,140.76611434083912,3,True,0.6804999709129333,1,0,0,0,0,0.0,0.0,0.0,0,0,nan,nan,nan,,nan,nan,nan,2,30,-,SELECT OWNER FIRST,
2026-07-08T18:33:52.544,1492.544,mission_20260708_180900_manual,MANUAL,,0,13.330288887023926,100.99789428710938,140.77819011529172,3,True,0.6819999814033508,1,0,0,0,0,0.0,0.0,0.0,0,0,nan,nan,nan,,nan,nan,nan,2,30,-,SELECT OWNER FIRST,
2026-07-08T18:33:54.578,1494.578,mission_20260708_180900_manual,MANUAL,,0,13.33028793334961,100.99789428710938,140.7875747952113,3,True,0.6807500123977661,1,0,0,0,0,0.0,0.0,0.0,0,0,nan,nan,nan,,nan,nan,nan,2,29,-,SELECT OWNER FIRST,
2026-07-08T18:33:56.615,1496.615,mission_20260708_180900_manual,MANUAL,,0,13.33028793334961,100.99789428710938,140.78492468181335,3,True,0.6817499995231628,1,0,0,0,0,0.0,0.0,0.0,0,0,nan,nan,nan,,nan,nan,nan,2,28,-,SELECT OWNER FIRST,
2026-07-08T18:33:58.650,1498.65,mission_20260708_180900_manual,MANUAL,,0,13.33028793334961,100.9979019165039,140.77556732265043,3,True,0.6815000176429749,1,0,0,0,0,0.0,0.0,0.0,0,0,nan,nan,nan,,nan,nan,nan,2,28,-,SELECT OWNER FIRST,
2026-07-08T18:34:00.682,1500.683,mission_20260708_180900_manual,MANUAL,,0,13.330286026000977,100.9979019165039,140.7568252835679,3,True,0.6819999814033508,1,0,0,0,0,0.0,0.0,0.0,0,0,nan,nan,nan,,nan,nan,nan,2,29,-,SELECT OWNER FIRST,
2026-07-08T18:34:02.704,1502.705,mission_20260708_180900_manual,MANUAL,,0,13.33028507232666,100.9979019165039,140.75274083044425,3,True,0.6812499761581421,1,0,0,0,0,0.0,0.0,0.0,0,0,nan,nan,nan,,nan,nan,nan,2,29,-,SELECT OWNER FIRST,
2026-07-08T18:34:04.741,1504.742,mission_20260708_180900_manual,MANUAL,,0,13.330283164978027,100.9979019165039,140.7514704152586,3,True,0.6827499866485596,1,0,0,0,0,0.0,0.0,0.0,0,0,nan,nan,nan,,nan,nan,nan,2,29,-,SELECT OWNER FIRST,
2026-07-08T18:34:06.781,1506.781,mission_20260708_180900_manual,MANUAL,,0,13.330282211303711,100.9979019165039,140.74474950911534,3,True,0.6819999814033508,1,0,0,0,0,0.0,0.0,0.0,0,0,nan,nan,nan,,nan,nan,nan,2,29,-,SELECT OWNER FIRST,
2026-07-08T18:34:08.804,1508.805,mission_20260708_180900_manual,MANUAL,,0,13.330281257629395,100.9979019165039,140.73532384806072,3,True,0.6815000176429749,1,0,0,0,0,0.0,0.0,0.0,0,0,nan,nan,nan,,nan,nan,nan,2,29,-,SELECT OWNER FIRST,
2026-07-08T18:34:10.828,1510.828,mission_20260708_180900_manual,MANUAL,,0,13.330281257629395,100.99790954589844,140.7224147905294,3,True,0.6822500228881836,1,0,0,0,0,0.0,0.0,0.0,0,0,nan,nan,nan,,nan,nan,nan,2,29,-,SELECT OWNER FIRST,
2026-07-08T18:34:12.852,1512.853,mission_20260708_180900_manual,MANUAL,,0,13.330280303955078,100.99790954589844,140.7198193186448,3,True,0.6819999814033508,1,0,0,0,0,0.0,0.0,0.0,0,0,nan,nan,nan,,nan,nan,nan,2,29,-,SELECT OWNER FIRST,
2026-07-08T18:34:14.872,1514.873,mission_20260708_180900_manual,MANUAL,,0,13.330279350280762,100.99790954589844,140.72701833802998,3,True,0.6817499995231628,1,0,0,0,0,0.0,0.0,0.0,0,0,nan,nan,nan,,nan,nan,nan,2,29,-,SELECT OWNER FIRST,
2026-07-08T18:34:16.898,1516.899,mission_20260708_180900_manual,MANUAL,,0,13.330279350280762,100.99790954589844,140.71078980856203,3,True,0.6827499866485596,1,0,0,0,0,0.0,0.0,0.0,0,0,nan,nan,nan,,nan,nan,nan,2,30,-,SELECT OWNER FIRST,
2026-07-08T18:34:18.919,1518.92,mission_20260708_180900_manual,MANUAL,,0,13.330277442932129,100.99790954589844,140.70961501602477,3,True,0.6819999814033508,1,0,0,0,0,0.0,0.0,0.0,0,0,nan,nan,nan,,nan,nan,nan,2,30,-,SELECT OWNER FIRST,
2026-07-08T18:34:20.948,1520.949,mission_20260708_180900_manual,MANUAL,,0,13.330275535583496,100.99791717529297,140.71659546935655,3,True,0.6815000176429749,1,0,0,0,0,0.0,0.0,0.0,0,0,nan,nan,nan,,nan,nan,nan,2,29,-,SELECT OWNER FIRST,
2026-07-08T18:34:22.974,1522.974,mission_20260708_180900_manual,MANUAL,,0,13.33027458190918,100.99791717529297,140.72695003613828,3,True,0.6817499995231628,1,0,0,0,0,0.0,0.0,0.0,0,0,nan,nan,nan,,nan,nan,nan,2,30,-,SELECT OWNER FIRST,
2026-07-08T18:34:24.985,1524.986,mission_20260708_180900_manual,MANUAL,,0,13.33027458190918,100.99791717529297,140.75474890606023,3,True,0.6815000176429749,1,0,0,0,0,0.0,0.0,0.0,0,0,nan,nan,nan,,nan,nan,nan,2,28,-,SELECT OWNER FIRST,
2026-07-08T18:34:27.001,1527.001,mission_20260708_180900_manual,MANUAL,,0,13.330273628234863,100.99791717529297,140.7720839261737,3,True,0.6819999814033508,1,0,0,0,0,0.0,0.0,0.0,0,0,nan,nan,nan,,nan,nan,nan,2,29,-,SELECT OWNER FIRST,
2026-07-08T18:34:29.024,1529.025,mission_20260708_180900_manual,MANUAL,,0,13.33027172088623,100.99791717529297,140.7983528337216,3,True,0.6812499761581421,1,0,0,0,0,0.0,0.0,0.0,0,0,nan,nan,nan,,nan,nan,nan,2,28,-,SELECT OWNER FIRST,
2026-07-08T18:34:31.052,1531.053,mission_20260708_180900_manual,MANUAL,,0,13.330270767211914,100.9979248046875,140.81855653328648,3,True,0.6819999814033508,1,0,0,0,0,0.0,0.0,0.0,0,0,nan,nan,nan,,nan,nan,nan,2,28,-,SELECT OWNER FIRST,
2026-07-08T18:34:33.084,1533.084,mission_20260708_180900_manual,MANUAL,,0,13.330269813537598,100.9979248046875,140.8327906475168,3,True,0.6822500228881836,1,0,0,0,0,0.0,0.0,0.0,0,0,nan,nan,nan,,nan,nan,nan,2,29,-,SELECT OWNER FIRST,
2026-07-08T18:34:35.120,1535.121,mission_20260708_180900_manual,MANUAL,,0,13.330269813537598,100.9979248046875,140.84292664824508,3,True,0.6832500100135803,1,0,0,0,0,0.0,0.0,0.0,0,0,nan,nan,nan,,nan,nan,nan,2,29,-,SELECT OWNER FIRST,
2026-07-08T18:34:37.149,1537.149,mission_20260708_180900_manual,MANUAL,,0,13.330268859863281,100.9979248046875,140.84789902596086,3,True,0.6832500100135803,1,0,0,0,0,0.0,0.0,0.0,0,0,nan,nan,nan,,nan,nan,nan,2,29,-,SELECT OWNER FIRST,
2026-07-08T18:34:39.177,1539.177,mission_20260708_180900_manual,MANUAL,,0,13.330268859863281,100.9979248046875,140.85451064907744,3,True,0.6827499866485596,1,0,0,0,0,0.0,0.0,0.0,0,0,nan,nan,nan,,nan,nan,nan,2,29,-,SELECT OWNER FIRST,
2026-07-08T18:34:41.192,1541.193,mission_20260708_180900_manual,MANUAL,,0,13.330268859863281,100.9979248046875,140.86468763094075,3,True,0.6817499995231628,1,0,0,0,0,0.0,0.0,0.0,0,0,nan,nan,nan,,nan,nan,nan,2,29,-,SELECT OWNER FIRST,
2026-07-08T18:34:43.208,1543.209,mission_20260708_180900_manual,MANUAL,,0,13.330268859863281,100.9979248046875,140.87123095216563,3,True,0.6825000047683716,1,0,0,0,0,0.0,0.0,0.0,0,0,nan,nan,nan,,nan,nan,nan,2,28,-,SELECT OWNER FIRST,
2026-07-08T18:34:45.243,1545.243,mission_20260708_180900_manual,MANUAL,,0,13.330268859863281,100.9979248046875,140.8742225750221,3,True,0.6832500100135803,1,0,0,0,0,0.0,0.0,0.0,0,0,nan,nan,nan,,nan,nan,nan,2,28,-,SELECT OWNER FIRST,
2026-07-08T18:34:47.264,1547.264,mission_20260708_180900_manual,MANUAL,,0,13.330269813537598,100.99793243408203,140.88512355693743,3,True,0.6812499761581421,1,0,0,0,0,0.0,0.0,0.0,0,0,nan,nan,nan,,nan,nan,nan,2,29,-,SELECT OWNER FIRST,
2026-07-08T18:34:49.285,1549.285,mission_20260708_180900_manual,MANUAL,,0,13.330269813537598,100.99793243408203,140.8844678587771,3,True,0.6819999814033508,1,0,0,0,0,0.0,0.0,0.0,0,0,nan,nan,nan,,nan,nan,nan,2,29,-,SELECT OWNER FIRST,
2026-07-08T18:34:51.290,1551.29,mission_20260708_180900_manual,MANUAL,,0,13.330269813537598,100.99793243408203,140.89259578388942,3,True,0.6815000176429749,1,0,0,0,0,0.0,0.0,0.0,0,0,nan,nan,nan,,nan,nan,nan,2,28,-,SELECT OWNER FIRST,
2026-07-08T18:34:53.317,1553.318,mission_20260708_180900_manual,MANUAL,,0,13.330269813537598,100.99793243408203,140.8989751805742,3,True,0.6817499995231628,1,0,0,0,0,0.0,0.0,0.0,0,0,nan,nan,nan,,nan,nan,nan,2,28,-,SELECT OWNER FIRST,
2026-07-08T18:34:55.328,1555.328,mission_20260708_180900_manual,MANUAL,,0,13.330269813537598,100.99794006347656,140.89722665214668,3,True,0.6825000047683716,1,0,0,0,0,0.0,0.0,0.0,0,0,nan,nan,nan,,nan,nan,nan,2,29,-,SELECT OWNER FIRST,
2026-07-08T18:34:57.357,1557.357,mission_20260708_180900_manual,MANUAL,,0,13.330269813537598,100.99794006347656,140.9027591053744,3,True,0.6827499866485596,1,0,0,0,0,0.0,0.0,0.0,0,0,nan,nan,nan,,nan,nan,nan,2,29,-,SELECT OWNER FIRST,
2026-07-08T18:34:59.376,1559.377,mission_20260708_180900_manual,MANUAL,,0,13.330270767211914,100.99794006347656,140.90443933191023,3,True,0.6817499995231628,1,0,0,0,0,0.0,0.0,0.0,0,0,nan,nan,nan,,nan,nan,nan,2,29,-,SELECT OWNER FIRST,
2026-07-08T18:35:01.387,1561.388,mission_20260708_180900_manual,MANUAL,,0,13.330270767211914,100.99794006347656,140.92148748407857,3,True,0.6825000047683716,1,0,0,0,0,0.0,0.0,0.0,0,0,nan,nan,nan,,nan,nan,nan,2,29,-,SELECT OWNER FIRST,
2026-07-08T18:35:03.415,1563.415,mission_20260708_180900_manual,MANUAL,,0,13.33027172088623,100.99794006347656,140.92824937135688,3,True,0.6825000047683716,1,0,0,0,0,0.0,0.0,0.0,0,0,nan,nan,nan,,nan,nan,nan,2,30,-,SELECT OWNER FIRST,
2026-07-08T18:35:05.442,1565.442,mission_20260708_180900_manual,MANUAL,,0,13.330272674560547,100.99794006347656,140.94113110813154,3,True,0.6832500100135803,1,0,0,0,0,0.0,0.0,0.0,0,0,nan,nan,nan,,nan,nan,nan,2,30,-,SELECT OWNER FIRST,
2026-07-08T18:35:07.465,1567.465,mission_20260708_180900_manual,MANUAL,,0,13.330272674560547,100.99794006347656,140.94766076897807,3,True,0.6825000047683716,1,0,0,0,0,0.0,0.0,0.0,0,0,nan,nan,nan,,nan,nan,nan,2,30,-,SELECT OWNER FIRST,
2026-07-08T18:35:09.495,1569.495,mission_20260708_180900_manual,MANUAL,,0,13.330272674560547,100.9979476928711,140.96107526050798,3,True,0.6837499737739563,1,0,0,0,0,0.0,0.0,0.0,0,0,nan,nan,nan,,nan,nan,nan,2,30,-,SELECT OWNER FIRST,
2026-07-08T18:35:11.498,1571.499,mission_20260708_180900_manual,MANUAL,,0,13.330272674560547,100.9979476928711,140.96902560070185,3,True,0.6822500228881836,1,0,0,0,0,0.0,0.0,0.0,0,0,nan,nan,nan,,nan,nan,nan,2,30,-,SELECT OWNER FIRST,
2026-07-08T18:35:13.513,1573.514,mission_20260708_180900_manual,MANUAL,,0,13.330272674560547,100.9979476928711,140.96201782661345,3,True,0.6815000176429749,1,0,0,0,0,0.0,0.0,0.0,0,0,nan,nan,nan,,nan,nan,nan,2,30,-,SELECT OWNER FIRST,
2026-07-08T18:35:15.536,1575.537,mission_20260708_180900_manual,MANUAL,,0,13.330272674560547,100.9979476928711,140.96048786423935,3,True,0.6825000047683716,1,0,0,0,0,0.0,0.0,0.0,0,0,nan,nan,nan,,nan,nan,nan,2,29,-,SELECT OWNER FIRST,
2026-07-08T18:35:17.562,1577.563,mission_20260708_180900_manual,MANUAL,,0,13.330272674560547,100.99794006347656,140.97581480873686,3,True,0.6817499995231628,1,0,0,0,0,0.0,0.0,0.0,0,0,nan,nan,nan,,nan,nan,nan,2,30,-,SELECT OWNER FIRST,
2026-07-08T18:35:19.586,1579.587,mission_20260708_180900_manual,MANUAL,,0,13.330272674560547,100.99794006347656,140.97153911031643,3,True,0.6827499866485596,1,0,0,0,0,0.0,0.0,0.0,0,0,nan,nan,nan,,nan,nan,nan,2,30,-,SELECT OWNER FIRST,
2026-07-08T18:35:21.623,1581.623,mission_20260708_180900_manual,MANUAL,,0,13.330272674560547,100.99794006347656,140.97410726144435,3,True,0.6822500228881836,1,0,0,0,0,0.0,0.0,0.0,0,0,nan,nan,nan,,nan,nan,nan,2,30,-,SELECT OWNER FIRST,
2026-07-08T18:35:23.643,1583.643,mission_20260708_180900_manual,MANUAL,,0,13.330272674560547,100.99794006347656,140.96552854384683,3,True,0.6827499866485596,1,0,0,0,0,0.0,0.0,0.0,0,0,nan,nan,nan,,nan,nan,nan,2,30,-,SELECT OWNER FIRST,
2026-07-08T18:35:25.665,1585.666,mission_20260708_180900_manual,MANUAL,,0,13.330272674560547,100.99794006347656,140.95129442961652,3,True,0.6817499995231628,1,0,0,0,0,0.0,0.0,0.0,0,0,nan,nan,nan,,nan,nan,nan,2,30,-,SELECT OWNER FIRST,
2026-07-08T18:35:27.685,1587.686,mission_20260708_180900_manual,MANUAL,,0,13.330273628234863,100.99794006347656,140.95028356161936,3,True,0.6830000281333923,1,0,0,0,0,0.0,0.0,0.0,0,0,nan,nan,nan,,nan,nan,nan,2,30,-,SELECT OWNER FIRST,
2026-07-08T18:35:29.709,1589.71,mission_20260708_180900_manual,MANUAL,,0,13.330273628234863,100.99794006347656,140.95222333534363,3,True,0.6815000176429749,1,0,0,0,0,0.0,0.0,0.0,0,0,nan,nan,nan,,nan,nan,nan,2,29,-,SELECT OWNER FIRST,
2026-07-08T18:35:31.736,1591.736,mission_20260708_180900_manual,MANUAL,,0,13.330272674560547,100.99794006347656,140.9507070333479,3,True,0.6817499995231628,1,0,0,0,0,0.0,0.0,0.0,0,0,nan,nan,nan,,nan,nan,nan,2,28,-,SELECT OWNER FIRST,
2026-07-08T18:35:33.754,1593.755,mission_20260708_180900_manual,MANUAL,,0,13.33027172088623,100.99794006347656,140.94812522184162,3,True,0.6830000281333923,1,0,0,0,0,0.0,0.0,0.0,0,0,nan,nan,nan,,nan,nan,nan,2,29,-,SELECT OWNER FIRST,
2026-07-08T18:35:35.787,1595.788,mission_20260708_180900_manual,MANUAL,,0,13.33027172088623,100.99794006347656,140.94886288227198,3,True,0.6807500123977661,1,0,0,0,0,0.0,0.0,0.0,0,0,nan,nan,nan,,nan,nan,nan,2,28,-,SELECT OWNER FIRST,
2026-07-08T18:35:37.808,1597.808,mission_20260708_180900_manual,MANUAL,,0,13.330270767211914,100.99794006347656,140.95065239183452,3,True,0.6812499761581421,1,0,0,0,0,0.0,0.0,0.0,0,0,nan,nan,nan,,nan,nan,nan,2,28,-,SELECT OWNER FIRST,
2026-07-08T18:35:39.837,1599.838,mission_20260708_180900_manual,MANUAL,,0,13.330270767211914,100.99794006347656,140.93450582463663,3,True,0.6830000281333923,1,0,0,0,0,0.0,0.0,0.0,0,0,nan,nan,nan,,nan,nan,nan,2,28,-,SELECT OWNER FIRST,
2026-07-08T18:35:41.847,1601.847,mission_20260708_180900_manual,MANUAL,,0,13.330269813537598,100.99794006347656,140.93568061717386,3,True,0.6807500123977661,1,0,0,0,0,0.0,0.0,0.0,0,0,nan,nan,nan,,nan,nan,nan,2,28,-,SELECT OWNER FIRST,
2026-07-08T18:35:43.868,1603.868,mission_20260708_180900_manual,MANUAL,,0,13.330270767211914,100.99794006347656,140.93308514528925,3,True,0.6817499995231628,1,0,0,0,0,0.0,0.0,0.0,0,0,nan,nan,nan,,nan,nan,nan,2,28,-,SELECT OWNER FIRST,
2026-07-08T18:35:45.894,1605.895,mission_20260708_180900_manual,MANUAL,,0,13.330270767211914,100.99794006347656,140.93606310776738,3,True,0.6815000176429749,1,0,0,0,0,0.0,0.0,0.0,0,0,nan,nan,nan,,nan,nan,nan,2,28,-,SELECT OWNER FIRST,
2026-07-08T18:35:47.913,1607.913,mission_20260708_180900_manual,MANUAL,,0,13.33027172088623,100.99793243408203,140.9350385793919,3,True,0.6822500228881836,1,0,0,0,0,0.0,0.0,0.0,0,0,nan,nan,nan,,nan,nan,nan,2,28,-,SELECT OWNER FIRST,
2026-07-08T18:35:49.942,1609.942,mission_20260708_180900_manual,MANUAL,,0,13.330272674560547,100.99793243408203,140.9365139002526,3,True,0.6825000047683716,1,0,0,0,0,0.0,0.0,0.0,0,0,nan,nan,nan,,nan,nan,nan,2,29,-,SELECT OWNER FIRST,
2026-07-08T18:35:51.951,1611.952,mission_20260708_180900_manual,MANUAL,,0,13.330273628234863,100.99793243408203,140.93065359794474,3,True,0.6815000176429749,1,0,0,0,0,0.0,0.0,0.0,0,0,nan,nan,nan,,nan,nan,nan,2,28,-,SELECT OWNER FIRST,
2026-07-08T18:35:54.068,1614.069,mission_20260708_180900_manual,MANUAL,,0,13.33027458190918,100.99793243408203,140.92662378633443,3,True,0.6819999814033508,1,0,0,0,0,0.0,0.0,0.0,0,0,nan,nan,nan,,nan,nan,nan,2,27,-,SELECT OWNER FIRST,
2026-07-08T18:35:56.108,1616.108,mission_20260708_180900_manual,MANUAL,,0,13.330276489257812,100.99793243408203,140.92833133362694,3,True,0.6807500123977661,1,0,0,0,0,0.0,0.0,0.0,0,0,nan,nan,nan,,nan,nan,nan,2,27,-,SELECT OWNER FIRST,
2026-07-08T18:35:58.126,1618.127,mission_20260708_180900_manual,MANUAL,,0,13.330278396606445,100.9979248046875,140.9156954836624,3,True,0.6825000047683716,1,0,0,0,0,0.0,0.0,0.0,0,0,nan,nan,nan,,nan,nan,nan,2,27,-,SELECT OWNER FIRST,
2026-07-08T18:36:00.153,1620.154,mission_20260708_180900_manual,MANUAL,,0,13.330279350280762,100.9979248046875,140.90482182250375,3,True,0.6817499995231628,1,0,0,0,0,0.0,0.0,0.0,0,0,nan,nan,nan,,nan,nan,nan,2,27,-,SELECT OWNER FIRST,
2026-07-08T18:36:02.177,1622.178,mission_20260708_180900_manual,MANUAL,,0,13.330281257629395,100.9979248046875,140.90510869044888,3,True,0.6815000176429749,1,0,0,0,0,0.0,0.0,0.0,0,0,nan,nan,nan,,nan,nan,nan,2,27,-,SELECT OWNER FIRST,
2026-07-08T18:36:04.206,1624.206,mission_20260708_180900_manual,MANUAL,,0,13.330283164978027,100.9979248046875,140.89330612356312,3,True,0.6807500123977661,1,0,0,0,0,0.0,0.0,0.0,0,0,nan,nan,nan,,nan,nan,nan,2,27,-,SELECT OWNER FIRST,
2026-07-08T18:36:06.239,1626.239,mission_20260708_180900_manual,MANUAL,,0,13.330284118652344,100.9979248046875,140.88530114185585,3,True,0.6825000047683716,1,0,0,0,0,0.0,0.0,0.0,0,0,nan,nan,nan,,nan,nan,nan,2,28,-,SELECT OWNER FIRST,
2026-07-08T18:36:08.257,1628.258,mission_20260708_180900_manual,MANUAL,,0,13.330286026000977,100.9979248046875,140.88508257580241,3,True,0.6819999814033508,1,0,0,0,0,0.0,0.0,0.0,0,0,nan,nan,nan,,nan,nan,nan,2,26,-,SELECT OWNER FIRST,
2026-07-08T18:36:10.278,1630.279,mission_20260708_180900_manual,MANUAL,,0,13.330286979675293,100.9979248046875,140.87632627328645,3,True,0.6819999814033508,1,0,0,0,0,0.0,0.0,0.0,0,0,nan,nan,nan,,nan,nan,nan,2,28,-,SELECT OWNER FIRST,
2026-07-08T18:36:12.290,1632.291,mission_20260708_180900_manual,MANUAL,,0,13.33028793334961,100.9979248046875,140.86933215957637,3,True,0.6819999814033508,1,0,0,0,0,0.0,0.0,0.0,0,0,nan,nan,nan,,nan,nan,nan,2,28,-,SELECT OWNER FIRST,
2026-07-08T18:36:14.320,1634.32,mission_20260708_180900_manual,MANUAL,,0,13.330288887023926,100.9979248046875,140.8703703483302,3,True,0.6830000281333923,1,0,0,0,0,0.0,0.0,0.0,0,0,nan,nan,nan,,nan,nan,nan,2,28,-,SELECT OWNER FIRST,
2026-07-08T18:36:16.336,1636.337,mission_20260708_180900_manual,MANUAL,,0,13.330289840698242,100.9979248046875,140.87751472620204,3,True,0.6809999942779541,1,0,0,0,0,0.0,0.0,0.0,0,0,nan,nan,nan,,nan,nan,nan,2,27,-,SELECT OWNER FIRST,
2026-07-08T18:36:18.360,1638.36,mission_20260708_180900_manual,MANUAL,,0,13.330289840698242,100.9979248046875,140.87250136735125,3,True,0.6809999942779541,1,0,0,0,0,0.0,0.0,0.0,0,0,nan,nan,nan,,nan,nan,nan,2,28,-,SELECT OWNER FIRST,
2026-07-08T18:36:20.389,1640.389,mission_20260708_180900_manual,MANUAL,,0,13.330289840698242,100.9979248046875,140.88418099083196,3,True,0.6819999814033508,1,0,0,0,0,0.0,0.0,0.0,0,0,nan,nan,nan,,nan,nan,nan,2,29,-,SELECT OWNER FIRST,
2026-07-08T18:36:22.408,1642.409,mission_20260708_180900_manual,MANUAL,,0,13.330289840698242,100.9979248046875,140.88435857575038,3,True,0.6815000176429749,1,0,0,0,0,0.0,0.0,0.0,0,0,nan,nan,nan,,nan,nan,nan,2,29,-,SELECT OWNER FIRST,
2026-07-08T18:36:24.435,1644.435,mission_20260708_180900_manual,MANUAL,,0,13.330289840698242,100.9979248046875,140.87994627354655,3,True,0.6825000047683716,1,0,0,0,0,0.0,0.0,0.0,0,0,nan,nan,nan,,nan,nan,nan,2,29,-,SELECT OWNER FIRST,
2026-07-08T18:36:26.460,1646.461,mission_20260708_180900_manual,MANUAL,,0,13.330289840698242,100.9979248046875,140.89106582151535,3,True,0.6815000176429749,1,0,0,0,0,0.0,0.0,0.0,0,0,nan,nan,nan,,nan,nan,nan,2,29,-,SELECT OWNER FIRST,
2026-07-08T18:36:28.500,1648.5,mission_20260708_180900_manual,MANUAL,,0,13.330289840698242,100.9979248046875,140.90113352035195,3,True,0.6822500228881836,1,0,0,0,0,0.0,0.0,0.0,0,0,nan,nan,nan,,nan,nan,nan,2,28,-,SELECT OWNER FIRST,
2026-07-08T18:36:30.517,1650.517,mission_20260708_180900_manual,MANUAL,,0,13.330289840698242,100.9979248046875,140.90127012413535,3,True,0.6822500228881836,1,0,0,0,0,0.0,0.0,0.0,0,0,nan,nan,nan,,nan,nan,nan,2,28,-,SELECT OWNER FIRST,
2026-07-08T18:36:32.547,1652.548,mission_20260708_180900_manual,MANUAL,,0,13.330289840698242,100.9979248046875,140.90967125681445,3,True,0.6819999814033508,1,0,0,0,0,0.0,0.0,0.0,0,0,nan,nan,nan,,nan,nan,nan,2,28,-,SELECT OWNER FIRST,
2026-07-08T18:36:34.566,1654.566,mission_20260708_180900_manual,MANUAL,,0,13.330290794372559,100.99791717529297,140.9044256715319,3,True,0.6815000176429749,1,0,0,0,0,0.0,0.0,0.0,0,0,nan,nan,nan,,nan,nan,nan,2,28,-,SELECT OWNER FIRST,
2026-07-08T18:36:36.567,1656.568,mission_20260708_180900_manual,MANUAL,,0,13.330291748046875,100.99791717529297,140.9030323129412,3,True,0.6812499761581421,1,0,0,0,0,0.0,0.0,0.0,0,0,nan,nan,nan,,nan,nan,nan,2,28,-,SELECT OWNER FIRST,
2026-07-08T18:36:38.582,1658.582,mission_20260708_180900_manual,MANUAL,,0,13.330292701721191,100.99791717529297,140.89471314253214,3,True,0.6815000176429749,1,0,0,0,0,0.0,0.0,0.0,0,0,nan,nan,nan,,nan,nan,nan,2,26,-,SELECT OWNER FIRST,
2026-07-08T18:36:40.626,1660.626,mission_20260708_180900_manual,MANUAL,,0,13.330292701721191,100.99791717529297,140.8554532151829,3,True,0.6840000152587891,1,0,0,0,0,0.0,0.0,0.0,0,0,nan,nan,nan,,nan,nan,nan,2,26,-,SELECT OWNER FIRST,
2026-07-08T18:36:42.653,1662.654,mission_20260708_180900_manual,MANUAL,,0,13.330291748046875,100.99791717529297,140.8245670997561,3,True,0.6827499866485596,1,0,0,0,0,0.0,0.0,0.0,0,0,nan,nan,nan,,nan,nan,nan,2,26,-,SELECT OWNER FIRST,
2026-07-08T18:36:44.685,1664.686,mission_20260708_180900_manual,MANUAL,,0,13.330290794372559,100.99791717529297,140.80548355121508,3,True,0.6830000281333923,1,0,0,0,0,0.0,0.0,0.0,0,0,nan,nan,nan,,nan,nan,nan,2,25,-,SELECT OWNER FIRST,
2026-07-08T18:36:46.722,1666.723,mission_20260708_180900_manual,MANUAL,,0,13.330290794372559,100.99791717529297,140.76618264273083,3,True,0.6830000281333923,1,0,0,0,0,0.0,0.0,0.0,0,0,nan,nan,nan,,nan,nan,nan,2,25,-,SELECT OWNER FIRST,
2026-07-08T18:36:48.739,1668.739,mission_20260708_180900_manual,MANUAL,,0,13.330289840698242,100.99791717529297,140.7501726793163,3,True,0.6819999814033508,1,0,0,0,0,0.0,0.0,0.0,0,0,nan,nan,nan,,nan,nan,nan,2,26,-,SELECT OWNER FIRST,
2026-07-08T18:36:50.774,1670.774,mission_20260708_180900_manual,MANUAL,,0,13.330288887023926,100.99791717529297,140.7321819610425,3,True,0.6822500228881836,1,0,0,0,0,0.0,0.0,0.0,0,0,nan,nan,nan,,nan,nan,nan,2,26,-,SELECT OWNER FIRST,
2026-07-08T18:36:52.800,1672.8,mission_20260708_180900_manual,MANUAL,,0,13.330288887023926,100.99791717529297,140.7116367520191,3,True,0.6830000281333923,1,0,0,0,0,0.0,0.0,0.0,0,0,nan,nan,nan,,nan,nan,nan,2,27,-,SELECT OWNER FIRST,
2026-07-08T18:36:54.825,1674.826,mission_20260708_180900_manual,MANUAL,,0,13.330288887023926,100.99791717529297,140.69635078865662,3,True,0.6817499995231628,1,0,0,0,0,0.0,0.0,0.0,0,0,nan,nan,nan,,nan,nan,nan,2,27,-,SELECT OWNER FIRST,
2026-07-08T18:36:56.850,1676.85,mission_20260708_180900_manual,MANUAL,,0,13.330288887023926,100.99791717529297,140.67452150406925,3,True,0.6825000047683716,1,0,0,0,0,0.0,0.0,0.0,0,0,nan,nan,nan,,nan,nan,nan,2,27,-,SELECT OWNER FIRST,
2026-07-08T18:36:58.881,1678.882,mission_20260708_180900_manual,MANUAL,,0,13.33028793334961,100.99791717529297,140.6605059558924,3,True,0.6802499890327454,1,0,0,0,0,0.0,0.0,0.0,0,0,nan,nan,nan,,nan,nan,nan,2,26,-,SELECT OWNER FIRST,
2026-07-08T18:37:00.913,1680.913,mission_20260708_180900_manual,MANUAL,,0,13.33028793334961,100.99791717529297,140.64277478480705,3,True,0.6822500228881836,1,0,0,0,0,0.0,0.0,0.0,0,0,nan,nan,nan,,nan,nan,nan,2,27,-,SELECT OWNER FIRST,
2026-07-08T18:37:02.937,1682.937,mission_20260708_180900_manual,MANUAL,,0,13.330286979675293,100.9979248046875,140.63594459563703,3,True,0.6815000176429749,1,0,0,0,0,0.0,0.0,0.0,0,0,nan,nan,nan,,nan,nan,nan,2,27,-,SELECT OWNER FIRST,
2026-07-08T18:37:04.949,1684.95,mission_20260708_180900_manual,MANUAL,,0,13.330286979675293,100.9979248046875,140.62280331167392,3,True,0.6825000047683716,1,0,0,0,0,0.0,0.0,0.0,0,0,nan,nan,nan,,nan,nan,nan,2,27,-,SELECT OWNER FIRST,
2026-07-08T18:37:06.980,1686.981,mission_20260708_180900_manual,MANUAL,,0,13.330286026000977,100.9979248046875,140.6216695002717,3,True,0.6817499995231628,1,0,0,0,0,0.0,0.0,0.0,0,0,nan,nan,nan,,nan,nan,nan,2,28,-,SELECT OWNER FIRST,
2026-07-08T18:37:08.997,1688.997,mission_20260708_180900_manual,MANUAL,,0,13.33028507232666,100.9979248046875,140.61348693364602,3,True,0.6822500228881836,1,0,0,0,0,0.0,0.0,0.0,0,0,nan,nan,nan,,nan,nan,nan,2,26,-,SELECT OWNER FIRST,
2026-07-08T18:37:11.017,1691.017,mission_20260708_180900_manual,MANUAL,,0,13.33028507232666,100.9979248046875,140.60018172514285,3,True,0.6822500228881836,1,0,0,0,0,0.0,0.0,0.0,0,0,nan,nan,nan,,nan,nan,nan,2,25,-,SELECT OWNER FIRST,
2026-07-08T18:37:13.037,1693.038,mission_20260708_180900_manual,MANUAL,,0,13.330283164978027,100.9979248046875,140.60534534815537,3,True,0.6817499995231628,1,0,0,0,0,0.0,0.0,0.0,0,0,nan,nan,nan,,nan,nan,nan,2,25,-,SELECT OWNER FIRST,
2026-07-08T18:37:15.064,1695.065,mission_20260708_180900_manual,MANUAL,,0,13.330283164978027,100.9979248046875,140.59981289492765,3,True,0.6825000047683716,1,0,0,0,0,0.0,0.0,0.0,0,0,nan,nan,nan,,nan,nan,nan,2,25,-,SELECT OWNER FIRST,
2026-07-08T18:37:17.078,1697.079,mission_20260708_180900_manual,MANUAL,,0,13.330281257629395,100.9979248046875,140.58581100712914,3,True,0.6827499866485596,1,0,0,0,0,0.0,0.0,0.0,0,0,nan,nan,nan,,nan,nan,nan,2,25,-,SELECT OWNER FIRST,
2026-07-08T18:37:19.104,1699.105,mission_20260708_180900_manual,MANUAL,,0,13.330279350280762,100.9979248046875,140.5781202141237,3,True,0.6817499995231628,1,0,0,0,0,0.0,0.0,0.0,0,0,nan,nan,nan,,nan,nan,nan,2,23,-,SELECT OWNER FIRST,
2026-07-08T18:37:21.140,1701.14,mission_20260708_180900_manual,MANUAL,,0,13.330276489257812,100.9979248046875,140.56202828843914,3,True,0.6832500100135803,1,0,0,0,0,0.0,0.0,0.0,0,0,nan,nan,nan,,nan,nan,nan,2,22,-,SELECT OWNER FIRST,
2026-07-08T18:37:23.177,1703.178,mission_20260708_180900_manual,MANUAL,,0,13.330275535583496,100.9979248046875,140.542657871953,3,True,0.6834999918937683,1,0,0,0,0,0.0,0.0,0.0,0,0,nan,nan,nan,,nan,nan,nan,2,21,-,SELECT OWNER FIRST,
2026-07-08T18:37:25.205,1705.205,mission_20260708_180900_manual,MANUAL,,0,13.330273628234863,100.99791717529297,140.5402399849868,3,True,0.6822500228881836,1,0,0,0,0,0.0,0.0,0.0,0,0,nan,nan,nan,,nan,nan,nan,2,21,-,SELECT OWNER FIRST,
2026-07-08T18:37:27.220,1707.221,mission_20260708_180900_manual,MANUAL,,0,13.330270767211914,100.9979248046875,140.52901115399132,3,True,0.6807500123977661,1,0,0,0,0,0.0,0.0,0.0,0,0,nan,nan,nan,,nan,nan,nan,2,21,-,SELECT OWNER FIRST,
2026-07-08T18:37:29.251,1709.251,mission_20260708_180900_manual,MANUAL,,0,13.330268859863281,100.9979248046875,140.51589719078487,3,True,0.6817499995231628,1,0,0,0,0,0.0,0.0,0.0,0,0,nan,nan,nan,,nan,nan,nan,2,22,-,SELECT OWNER FIRST,
2026-07-08T18:37:31.282,1711.282,mission_20260708_180900_manual,MANUAL,,0,13.330265045166016,100.99791717529297,140.5038214163323,3,True,0.6817499995231628,1,0,0,0,0,0.0,0.0,0.0,0,0,nan,nan,nan,,nan,nan,nan,2,23,-,SELECT OWNER FIRST,
2026-07-08T18:37:33.300,1713.3,mission_20260708_180900_manual,MANUAL,,0,13.330262184143066,100.99791717529297,140.499832585857,3,True,0.6827499866485596,1,0,0,0,0,0.0,0.0,0.0,0,0,nan,nan,nan,,nan,nan,nan,2,23,-,SELECT OWNER FIRST,
2026-07-08T18:37:35.339,1715.34,mission_20260708_180900_manual,MANUAL,,0,13.330259323120117,100.99791717529297,140.5028242087135,3,True,0.6837499737739563,1,0,0,0,0,0.0,0.0,0.0,0,0,nan,nan,nan,,nan,nan,nan,2,24,-,SELECT OWNER FIRST,
2026-07-08T18:37:37.373,1717.374,mission_20260708_180900_manual,MANUAL,,0,13.330256462097168,100.99791717529297,140.49946375564184,3,True,0.6825000047683716,1,0,0,0,0,0.0,0.0,0.0,0,0,nan,nan,nan,,nan,nan,nan,2,25,-,SELECT OWNER FIRST,
2026-07-08T18:37:39.408,1719.409,mission_20260708_180900_manual,MANUAL,,0,13.330256462097168,100.99791717529297,140.5078102468076,3,True,0.6817499995231628,1,0,0,0,0,0.0,0.0,0.0,0,0,nan,nan,nan,,nan,nan,nan,2,25,-,SELECT OWNER FIRST,
2026-07-08T18:37:41.414,1721.414,mission_20260708_180900_manual,MANUAL,,0,13.330252647399902,100.99791717529297,140.49237401928335,3,True,0.6834999918937683,1,0,0,0,0,0.0,0.0,0.0,0,0,nan,nan,nan,,nan,nan,nan,2,25,-,SELECT OWNER FIRST,
2026-07-08T18:37:43.445,1723.445,mission_20260708_180900_manual,MANUAL,,0,13.33025074005127,100.99791717529297,140.49438209489935,3,True,0.6812499761581421,1,0,0,0,0,0.0,0.0,0.0,0,0,nan,nan,nan,,nan,nan,nan,2,26,-,SELECT OWNER FIRST,
2026-07-08T18:37:45.472,1725.472,mission_20260708_180900_manual,MANUAL,,0,13.330248832702637,100.99791717529297,140.49274284949854,3,True,0.6827499866485596,1,0,0,0,0,0.0,0.0,0.0,0,0,nan,nan,nan,,nan,nan,nan,2,27,-,SELECT OWNER FIRST,
2026-07-08T18:37:47.491,1727.491,mission_20260708_180900_manual,MANUAL,,0,13.330249786376953,100.99791717529297,140.48861741523984,3,True,0.6812499761581421,1,0,0,0,0,0.0,0.0,0.0,0,0,nan,nan,nan,,nan,nan,nan,2,27,-,SELECT OWNER FIRST,
2026-07-08T18:37:49.513,1729.514,mission_20260708_180900_manual,MANUAL,,0,13.330249786376953,100.99791717529297,140.49020201912728,3,True,0.6830000281333923,1,0,0,0,0,0.0,0.0,0.0,0,0,nan,nan,nan,,nan,nan,nan,2,27,-,SELECT OWNER FIRST,
2026-07-08T18:37:51.529,1731.53,mission_20260708_180900_manual,MANUAL,,0,13.330249786376953,100.99791717529297,140.49435477414266,3,True,0.6830000281333923,1,0,0,0,0,0.0,0.0,0.0,0,0,nan,nan,nan,,nan,nan,nan,2,27,-,SELECT OWNER FIRST,
2026-07-08T18:37:53.538,1733.538,mission_20260708_180900_manual,MANUAL,,0,13.330248832702637,100.9979248046875,140.49462798170947,3,True,0.6815000176429749,1,0,0,0,0,0.0,0.0,0.0,0,0,nan,nan,nan,,nan,nan,nan,2,29,-,SELECT OWNER FIRST,
2026-07-08T18:37:55.552,1735.553,mission_20260708_180900_manual,MANUAL,,0,13.330249786376953,100.9979248046875,140.51059696398895,3,True,0.6819999814033508,1,0,0,0,0,0.0,0.0,0.0,0,0,nan,nan,nan,,nan,nan,nan,2,29,-,SELECT OWNER FIRST,
2026-07-08T18:37:57.575,1737.576,mission_20260708_180900_manual,MANUAL,,0,13.33025074005127,100.9979248046875,140.505214774923,3,True,0.6832500100135803,1,0,0,0,0,0.0,0.0,0.0,0,0,nan,nan,nan,,nan,nan,nan,2,28,-,SELECT OWNER FIRST,
2026-07-08T18:37:59.593,1739.593,mission_20260708_180900_manual,MANUAL,,0,13.330251693725586,100.9979248046875,140.5049142465995,3,True,0.6819999814033508,1,0,0,0,0,0.0,0.0,0.0,0,0,nan,nan,nan,,nan,nan,nan,2,28,-,SELECT OWNER FIRST,
2026-07-08T18:38:01.621,1741.622,mission_20260708_180900_manual,MANUAL,,0,13.330251693725586,100.9979248046875,140.50158111428453,3,True,0.6809999942779541,1,0,0,0,0,0.0,0.0,0.0,0,0,nan,nan,nan,,nan,nan,nan,2,28,-,SELECT OWNER FIRST,
2026-07-08T18:38:03.640,1743.64,mission_20260708_180900_manual,MANUAL,,0,13.330251693725586,100.9979248046875,140.4998599066137,3,True,0.6825000047683716,1,0,0,0,0,0.0,0.0,0.0,0,0,nan,nan,nan,,nan,nan,nan,2,27,-,SELECT OWNER FIRST,
2026-07-08T18:38:05.653,1745.654,mission_20260708_180900_manual,MANUAL,,0,13.330252647399902,100.9979248046875,140.49374005711735,3,True,0.6822500228881836,1,0,0,0,0,0.0,0.0,0.0,0,0,nan,nan,nan,,nan,nan,nan,2,27,-,SELECT OWNER FIRST,
2026-07-08T18:38:07.676,1747.676,mission_20260708_180900_manual,MANUAL,,0,13.330253601074219,100.9979248046875,140.50421756730415,3,True,0.6812499761581421,1,0,0,0,0,0.0,0.0,0.0,0,0,nan,nan,nan,,nan,nan,nan,2,27,-,SELECT OWNER FIRST,
2026-07-08T18:38:09.687,1749.687,mission_20260708_180900_manual,MANUAL,,0,13.330253601074219,100.9979248046875,140.51939424763992,3,True,0.6830000281333923,1,0,0,0,0,0.0,0.0,0.0,0,0,nan,nan,nan,,nan,nan,nan,2,27,-,SELECT OWNER FIRST,
2026-07-08T18:38:11.705,1751.705,mission_20260708_180900_manual,MANUAL,,0,13.330254554748535,100.9979248046875,140.5234787007636,3,True,0.6804999709129333,1,0,0,0,0,0.0,0.0,0.0,0,0,nan,nan,nan,,nan,nan,nan,2,27,-,SELECT OWNER FIRST,
2026-07-08T18:38:13.730,1753.731,mission_20260708_180900_manual,MANUAL,,0,13.330254554748535,100.9979248046875,140.52924338042308,3,True,0.6827499866485596,1,0,0,0,0,0.0,0.0,0.0,0,0,nan,nan,nan,,nan,nan,nan,2,27,-,SELECT OWNER FIRST,
2026-07-08T18:38:15.750,1755.75,mission_20260708_180900_manual,MANUAL,,0,13.330255508422852,100.9979248046875,140.52339673849355,3,True,0.6825000047683716,1,0,0,0,0,0.0,0.0,0.0,0,0,nan,nan,nan,,nan,nan,nan,2,28,-,SELECT OWNER FIRST,
2026-07-08T18:38:17.881,1757.881,mission_20260708_180900_manual,MANUAL,,0,13.330256462097168,100.9979248046875,140.5280959086425,3,True,0.6815000176429749,1,0,0,0,0,0.0,0.0,0.0,0,0,nan,nan,nan,,nan,nan,nan,2,28,-,SELECT OWNER FIRST,
2026-07-08T18:38:19.921,1759.921,mission_20260708_180900_manual,MANUAL,,0,13.330257415771484,100.9979248046875,140.53315024862835,3,True,0.6807500123977661,1,0,0,0,0,0.0,0.0,0.0,0,0,nan,nan,nan,,nan,nan,nan,2,27,-,SELECT OWNER FIRST,
2026-07-08T18:38:21.951,1761.951,mission_20260708_180900_manual,MANUAL,,0,13.330259323120117,100.9979248046875,140.53227598441458,3,True,0.6815000176429749,1,0,0,0,0,0.0,0.0,0.0,0,0,nan,nan,nan,,nan,nan,nan,2,28,-,SELECT OWNER FIRST,
2026-07-08T18:38:23.979,1763.98,mission_20260708_180900_manual,MANUAL,,0,13.330260276794434,100.9979248046875,140.53569107899958,3,True,0.6815000176429749,1,0,0,0,0,0.0,0.0,0.0,0,0,nan,nan,nan,,nan,nan,nan,2,26,-,SELECT OWNER FIRST,
2026-07-08T18:38:26.001,1766.001,mission_20260708_180900_manual,MANUAL,,0,13.33026123046875,100.9979248046875,140.53133341830912,3,True,0.6822500228881836,1,0,0,0,0,0.0,0.0,0.0,0,0,nan,nan,nan,,nan,nan,nan,2,27,-,SELECT OWNER FIRST,
2026-07-08T18:38:28.023,1768.023,mission_20260708_180900_manual,MANUAL,,0,13.330262184143066,100.9979248046875,140.53151100322754,3,True,0.6815000176429749,1,0,0,0,0,0.0,0.0,0.0,0,0,nan,nan,nan,,nan,nan,nan,2,27,-,SELECT OWNER FIRST,
2026-07-08T18:38:30.062,1770.063,mission_20260708_180900_manual,MANUAL,,0,13.330263137817383,100.9979248046875,140.53768549423722,3,True,0.6804999709129333,1,0,0,0,0,0.0,0.0,0.0,0,0,nan,nan,nan,,nan,nan,nan,2,27,-,SELECT OWNER FIRST,
2026-07-08T18:38:32.079,1772.079,mission_20260708_180900_manual,MANUAL,,0,13.330265998840332,100.9979248046875,140.5397891925016,3,True,0.6830000281333923,1,0,0,0,0,0.0,0.0,0.0,0,0,nan,nan,nan,,nan,nan,nan,2,27,-,SELECT OWNER FIRST,
2026-07-08T18:38:34.109,1774.109,mission_20260708_180900_manual,MANUAL,,0,13.330267906188965,100.9979248046875,140.5411279095789,3,True,0.6815000176429749,1,0,0,0,0,0.0,0.0,0.0,0,0,nan,nan,nan,,nan,nan,nan,2,27,-,SELECT OWNER FIRST,
2026-07-08T18:38:36.122,1776.122,mission_20260708_180900_manual,MANUAL,,0,13.330270767211914,100.99791717529297,140.54334089086998,3,True,0.6827499866485596,1,0,0,0,0,0.0,0.0,0.0,0,0,nan,nan,nan,,nan,nan,nan,2,26,-,SELECT OWNER FIRST,
2026-07-08T18:38:38.130,1778.131,mission_20260708_180900_manual,MANUAL,,0,13.330273628234863,100.99791717529297,140.54204315492768,3,True,0.6819999814033508,1,0,0,0,0,0.0,0.0,0.0,0,0,nan,nan,nan,,nan,nan,nan,2,27,-,SELECT OWNER FIRST,
2026-07-08T18:38:40.163,1780.163,mission_20260708_180900_manual,MANUAL,,0,13.330275535583496,100.99791717529297,140.54290375876312,3,True,0.6817499995231628,1,0,0,0,0,0.0,0.0,0.0,0,0,nan,nan,nan,,nan,nan,nan,2,27,-,SELECT OWNER FIRST,
2026-07-08T18:38:42.182,1782.183,mission_20260708_180900_manual,MANUAL,,0,13.330275535583496,100.99791717529297,140.5410186265522,3,True,0.6819999814033508,1,0,0,0,0,0.0,0.0,0.0,0,0,nan,nan,nan,,nan,nan,nan,2,28,-,SELECT OWNER FIRST,
2026-07-08T18:38:44.206,1784.206,mission_20260708_180900_manual,MANUAL,,0,13.330278396606445,100.99791717529297,140.55109998576714,3,True,0.6815000176429749,1,0,0,0,0,0.0,0.0,0.0,0,0,nan,nan,nan,,nan,nan,nan,2,25,-,SELECT OWNER FIRST,
2026-07-08T18:38:46.226,1786.227,mission_20260708_180900_manual,MANUAL,,0,13.330279350280762,100.99791717529297,140.55159175938738,3,True,0.6819999814033508,1,0,0,0,0,0.0,0.0,0.0,0,0,nan,nan,nan,,nan,nan,nan,2,26,-,SELECT OWNER FIRST,
2026-07-08T18:38:48.255,1788.255,mission_20260708_180900_manual,MANUAL,,0,13.330280303955078,100.99791717529297,140.558285344774,3,True,0.6825000047683716,1,0,0,0,0,0.0,0.0,0.0,0,0,nan,nan,nan,,nan,nan,nan,2,27,-,SELECT OWNER FIRST,
2026-07-08T18:38:50.280,1790.28,mission_20260708_180900_manual,MANUAL,,0,13.330281257629395,100.99791717529297,140.56280693000454,3,True,0.6804999709129333,1,0,0,0,0,0.0,0.0,0.0,0,0,nan,nan,nan,,nan,nan,nan,2,27,-,SELECT OWNER FIRST,
2026-07-08T18:38:52.300,1792.3,mission_20260708_180900_manual,MANUAL,,0,13.330282211303711,100.99791717529297,140.55797115607217,3,True,0.6825000047683716,1,0,0,0,0,0.0,0.0,0.0,0,0,nan,nan,nan,,nan,nan,nan,2,28,-,SELECT OWNER FIRST,
2026-07-08T18:38:54.318,1794.319,mission_20260708_180900_manual,MANUAL,,0,13.330284118652344,100.99791717529297,140.56452813767538,3,True,0.6819999814033508,1,0,0,0,0,0.0,0.0,0.0,0,0,nan,nan,nan,,nan,nan,nan,2,27,-,SELECT OWNER FIRST,
2026-07-08T18:38:56.347,1796.347,mission_20260708_180900_manual,MANUAL,,0,13.33028507232666,100.99791717529297,140.5674377982618,3,True,0.6817499995231628,1,0,0,0,0,0.0,0.0,0.0,0,0,nan,nan,nan,,nan,nan,nan,2,26,-,SELECT OWNER FIRST,
2026-07-08T18:38:58.366,1798.366,mission_20260708_180900_manual,MANUAL,,0,13.330286979675293,100.99791717529297,140.5673694963701,3,True,0.6822500228881836,1,0,0,0,0,0.0,0.0,0.0,0,0,nan,nan,nan,,nan,nan,nan,2,26,-,SELECT OWNER FIRST,
2026-07-08T18:39:00.368,1800.368,mission_20260708_180900_manual,MANUAL,,0,13.330289840698242,100.99791717529297,140.5668913831282,3,True,0.6819999814033508,1,0,0,0,0,0.0,0.0,0.0,0,0,nan,nan,nan,,nan,nan,nan,2,27,-,SELECT OWNER FIRST,
2026-07-08T18:39:02.377,1802.377,mission_20260708_180900_manual,MANUAL,,0,13.330290794372559,100.99791717529297,140.56986934560632,3,True,0.6819999814033508,1,0,0,0,0,0.0,0.0,0.0,0,0,nan,nan,nan,,nan,nan,nan,2,25,-,SELECT OWNER FIRST,
2026-07-08T18:39:04.395,1804.395,mission_20260708_180900_manual,MANUAL,,0,13.330291748046875,100.99791717529297,140.56754708128852,3,True,0.6817499995231628,1,0,0,0,0,0.0,0.0,0.0,0,0,nan,nan,nan,,nan,nan,nan,2,26,-,SELECT OWNER FIRST,
2026-07-08T18:39:06.400,1806.4,mission_20260708_180900_manual,MANUAL,,0,13.330291748046875,100.99791717529297,140.5684623266373,3,True,0.6825000047683716,1,0,0,0,0,0.0,0.0,0.0,0,0,nan,nan,nan,,nan,nan,nan,2,26,-,SELECT OWNER FIRST,
2026-07-08T18:39:08.425,1808.425,mission_20260708_180900_manual,MANUAL,,0,13.330292701721191,100.99791717529297,140.57547010072574,3,True,0.6819999814033508,1,0,0,0,0,0.0,0.0,0.0,0,0,nan,nan,nan,,nan,nan,nan,2,27,-,SELECT OWNER FIRST,
2026-07-08T18:39:10.443,1810.444,mission_20260708_180900_manual,MANUAL,,0,13.330291748046875,100.99791717529297,140.56881749647414,3,True,0.6822500228881836,1,0,0,0,0,0.0,0.0,0.0,0,0,nan,nan,nan,,nan,nan,nan,2,27,-,SELECT OWNER FIRST,
2026-07-08T18:39:12.473,1812.474,mission_20260708_180900_manual,MANUAL,,0,13.330293655395508,100.99791717529297,140.58141236530363,3,True,0.6819999814033508,1,0,0,0,0,0.0,0.0,0.0,0,0,nan,nan,nan,,nan,nan,nan,2,29,-,SELECT OWNER FIRST,
2026-07-08T18:39:14.499,1814.499,mission_20260708_180900_manual,MANUAL,,0,13.330294609069824,100.99791717529297,140.604607687725,3,True,0.6819999814033508,1,0,0,0,0,0.0,0.0,0.0,0,0,nan,nan,nan,,nan,nan,nan,2,29,-,SELECT OWNER FIRST,
2026-07-08T18:39:16.514,1816.515,mission_20260708_180900_manual,MANUAL,,0,13.33029556274414,100.99791717529297,140.63198308591842,3,True,0.6819999814033508,1,0,0,0,0,0.0,0.0,0.0,0,0,nan,nan,nan,,nan,nan,nan,2,29,-,SELECT OWNER FIRST,
2026-07-08T18:39:18.518,1818.518,mission_20260708_180900_manual,MANUAL,,0,13.330297470092773,100.99791717529297,140.66124361632276,3,True,0.6817499995231628,1,0,0,0,0,0.0,0.0,0.0,0,0,nan,nan,nan,,nan,nan,nan,2,30,-,SELECT OWNER FIRST,
2026-07-08T18:39:20.554,1820.554,mission_20260708_180900_manual,MANUAL,,0,13.33029842376709,100.99791717529297,140.69968392097158,3,True,0.6827499866485596,1,0,0,0,0,0.0,0.0,0.0,0,0,nan,nan,nan,,nan,nan,nan,2,30,-,SELECT OWNER FIRST,
2026-07-08T18:39:22.575,1822.576,mission_20260708_180900_manual,MANUAL,,0,13.33029842376709,100.99791717529297,140.6972387132487,3,True,0.6827499866485596,1,0,0,0,0,0.0,0.0,0.0,0,0,nan,nan,nan,,nan,nan,nan,2,29,-,SELECT OWNER FIRST,
2026-07-08T18:39:24.591,1824.591,mission_20260708_180900_manual,MANUAL,,0,13.330299377441406,100.99791717529297,140.69083199580726,3,True,0.6819999814033508,1,0,0,0,0,0.0,0.0,0.0,0,0,nan,nan,nan,,nan,nan,nan,2,29,-,SELECT OWNER FIRST,
2026-07-08T18:39:26.618,1826.618,mission_20260708_180900_manual,MANUAL,,0,13.330296516418457,100.9979248046875,140.67531380601298,3,True,0.6825000047683716,1,0,0,0,0,0.0,0.0,0.0,0,0,nan,nan,nan,,nan,nan,nan,2,28,-,SELECT OWNER FIRST,
2026-07-08T18:39:28.648,1828.649,mission_20260708_180900_manual,MANUAL,,0,13.33029556274414,100.9979248046875,140.65912625768004,3,True,0.6822500228881836,1,0,0,0,0,0.0,0.0,0.0,0,0,nan,nan,nan,,nan,nan,nan,2,28,-,SELECT OWNER FIRST,
2026-07-08T18:39:30.670,1830.67,mission_20260708_180900_manual,MANUAL,,0,13.33029556274414,100.9979248046875,140.66360686177558,3,True,0.6817499995231628,1,0,0,0,0,0.0,0.0,0.0,0,0,nan,nan,nan,,nan,nan,nan,2,28,-,SELECT OWNER FIRST,
2026-07-08T18:39:32.683,1832.684,mission_20260708_180900_manual,MANUAL,,0,13.330296516418457,100.9979248046875,140.65997320113712,3,True,0.6834999918937683,1,0,0,0,0,0.0,0.0,0.0,0,0,nan,nan,nan,,nan,nan,nan,2,29,-,SELECT OWNER FIRST,
2026-07-08T18:39:34.709,1834.709,mission_20260708_180900_manual,MANUAL,,0,13.330297470092773,100.9979248046875,140.6578831632511,3,True,0.6819999814033508,1,0,0,0,0,0.0,0.0,0.0,0,0,nan,nan,nan,,nan,nan,nan,2,29,-,SELECT OWNER FIRST,
2026-07-08T18:39:36.728,1836.729,mission_20260708_180900_manual,MANUAL,,0,13.330297470092773,100.9979248046875,140.6509846721894,3,True,0.6819999814033508,1,0,0,0,0,0.0,0.0,0.0,0,0,nan,nan,nan,,nan,nan,nan,2,29,-,SELECT OWNER FIRST,
2026-07-08T18:39:38.755,1838.756,mission_20260708_180900_manual,MANUAL,,0,13.330297470092773,100.99791717529297,140.64263818102364,3,True,0.6830000281333923,1,0,0,0,0,0.0,0.0,0.0,0,0,nan,nan,nan,,nan,nan,nan,2,29,-,SELECT OWNER FIRST,
2026-07-08T18:39:40.783,1840.783,mission_20260708_180900_manual,MANUAL,,0,13.330297470092773,100.99791717529297,140.63676421833742,3,True,0.6825000047683716,1,0,0,0,0,0.0,0.0,0.0,0,0,nan,nan,nan,,nan,nan,nan,2,29,-,SELECT OWNER FIRST,
2026-07-08T18:39:42.799,1842.8,mission_20260708_180900_manual,MANUAL,,0,13.33029842376709,100.99791717529297,140.62732489690447,3,True,0.6809999942779541,1,0,0,0,0,0.0,0.0,0.0,0,0,nan,nan,nan,,nan,nan,nan,2,30,-,SELECT OWNER FIRST,
2026-07-08T18:39:44.820,1844.82,mission_20260708_180900_manual,MANUAL,,0,13.330299377441406,100.99791717529297,140.62004391524923,3,True,0.6825000047683716,1,0,0,0,0,0.0,0.0,0.0,0,0,nan,nan,nan,,nan,nan,nan,2,29,-,SELECT OWNER FIRST,
2026-07-08T18:39:46.847,1846.847,mission_20260708_180900_manual,MANUAL,,0,13.330301284790039,100.99791717529297,140.61858225476686,3,True,0.6825000047683716,1,0,0,0,0,0.0,0.0,0.0,0,0,nan,nan,nan,,nan,nan,nan,2,28,-,SELECT OWNER FIRST,
2026-07-08T18:39:48.878,1848.879,mission_20260708_180900_manual,MANUAL,,0,13.330302238464355,100.99791717529297,140.6200302548709,3,True,0.6819999814033508,1,0,0,0,0,0.0,0.0,0.0,0,0,nan,nan,nan,,nan,nan,nan,2,28,-,SELECT OWNER FIRST,
2026-07-08T18:39:50.898,1850.899,mission_20260708_180900_manual,MANUAL,,0,13.330302238464355,100.99791717529297,140.60896534841547,3,True,0.6804999709129333,1,0,0,0,0,0.0,0.0,0.0,0,0,nan,nan,nan,,nan,nan,nan,2,28,-,SELECT OWNER FIRST,
2026-07-08T18:39:52.930,1852.931,mission_20260708_180900_manual,MANUAL,,0,13.330302238464355,100.99791717529297,140.59929380055073,3,True,0.6807500123977661,1,0,0,0,0,0.0,0.0,0.0,0,0,nan,nan,nan,,nan,nan,nan,2,27,-,SELECT OWNER FIRST,
2026-07-08T18:39:54.943,1854.943,mission_20260708_180900_manual,MANUAL,,0,13.330302238464355,100.99791717529297,140.59366572467465,3,True,0.6817499995231628,1,0,0,0,0,0.0,0.0,0.0,0,0,nan,nan,nan,,nan,nan,nan,2,27,-,SELECT OWNER FIRST,
2026-07-08T18:39:56.969,1856.97,mission_20260708_180900_manual,MANUAL,,0,13.330302238464355,100.99791717529297,140.58574270523744,3,True,0.6827499866485596,1,0,0,0,0,0.0,0.0,0.0,0,0,nan,nan,nan,,nan,nan,nan,2,27,-,SELECT OWNER FIRST,
2026-07-08T18:39:58.990,1858.991,mission_20260708_180900_manual,MANUAL,,0,13.330302238464355,100.99791717529297,140.58165825211375,3,True,0.6819999814033508,1,0,0,0,0,0.0,0.0,0.0,0,0,nan,nan,nan,,nan,nan,nan,2,27,-,SELECT OWNER FIRST,
2026-07-08T18:40:01.025,1861.025,mission_20260708_180900_manual,MANUAL,,0,13.330302238464355,100.99791717529297,140.5849094221587,3,True,0.6819999814033508,1,0,0,0,0,0.0,0.0,0.0,0,0,nan,nan,nan,,nan,nan,nan,2,27,-,SELECT OWNER FIRST,
2026-07-08T18:40:03.054,1863.055,mission_20260708_180900_manual,MANUAL,,0,13.330301284790039,100.99791717529297,140.57885787455405,3,True,0.6822500228881836,1,0,0,0,0,0.0,0.0,0.0,0,0,nan,nan,nan,,nan,nan,nan,2,27,-,SELECT OWNER FIRST,
2026-07-08T18:40:05.075,1865.075,mission_20260708_180900_manual,MANUAL,,0,13.330301284790039,100.99791717529297,140.57932232741763,3,True,0.6815000176429749,1,0,0,0,0,0.0,0.0,0.0,0,0,nan,nan,nan,,nan,nan,nan,2,27,-,SELECT OWNER FIRST,
2026-07-08T18:40:07.116,1867.116,mission_20260708_180900_manual,MANUAL,,0,13.330302238464355,100.99791717529297,140.5788305537974,3,True,0.6817499995231628,1,0,0,0,0,0.0,0.0,0.0,0,0,nan,nan,nan,,nan,nan,nan,2,28,-,SELECT OWNER FIRST,
2026-07-08T18:40:09.154,1869.154,mission_20260708_180900_manual,MANUAL,,0,13.330302238464355,100.99791717529297,140.57657659137126,3,True,0.684249997138977,1,0,0,0,0,0.0,0.0,0.0,0,0,nan,nan,nan,,nan,nan,nan,2,29,-,SELECT OWNER FIRST,
2026-07-08T18:40:11.173,1871.173,mission_20260708_180900_manual,MANUAL,,0,13.330302238464355,100.99791717529297,140.58074300676498,3,True,0.6830000281333923,1,0,0,0,0,0.0,0.0,0.0,0,0,nan,nan,nan,,nan,nan,nan,2,28,-,SELECT OWNER FIRST,
2026-07-08T18:40:13.200,1873.201,mission_20260708_180900_manual,MANUAL,,0,13.330302238464355,100.99791717529297,140.58310625221782,3,True,0.6830000281333923,1,0,0,0,0,0.0,0.0,0.0,0,0,nan,nan,nan,,nan,nan,nan,2,29,-,SELECT OWNER FIRST,
2026-07-08T18:40:15.227,1875.228,mission_20260708_180900_manual,MANUAL,,0,13.330303192138672,100.99791717529297,140.58264179935423,3,True,0.6807500123977661,1,0,0,0,0,0.0,0.0,0.0,0,0,nan,nan,nan,,nan,nan,nan,2,28,-,SELECT OWNER FIRST,
2026-07-08T18:40:17.233,1877.234,mission_20260708_180900_manual,MANUAL,,0,13.330303192138672,100.99791717529297,140.57995070482127,3,True,0.6819999814033508,1,0,0,0,0,0.0,0.0,0.0,0,0,nan,nan,nan,,nan,nan,nan,2,28,-,SELECT OWNER FIRST,
2026-07-08T18:40:19.255,1879.256,mission_20260708_180900_manual,MANUAL,,0,13.330304145812988,100.99790954589844,140.58303795032612,3,True,0.6825000047683716,1,0,0,0,0,0.0,0.0,0.0,0,0,nan,nan,nan,,nan,nan,nan,2,27,-,SELECT OWNER FIRST,
2026-07-08T18:40:21.292,1881.293,mission_20260708_180900_manual,MANUAL,,0,13.330305099487305,100.99790954589844,140.5928324415959,3,True,0.6825000047683716,1,0,0,0,0,0.0,0.0,0.0,0,0,nan,nan,nan,,nan,nan,nan,2,28,-,SELECT OWNER FIRST,
2026-07-08T18:40:23.305,1883.305,mission_20260708_180900_manual,MANUAL,,0,13.330304145812988,100.99790954589844,140.5863847430194,3,True,0.6827499866485596,1,0,0,0,0,0.0,0.0,0.0,0,0,nan,nan,nan,,nan,nan,nan,2,28,-,SELECT OWNER FIRST,
2026-07-08T18:40:25.322,1885.323,mission_20260708_180900_manual,MANUAL,,0,13.330304145812988,100.99790954589844,140.58437666740343,3,True,0.6812499761581421,1,0,0,0,0,0.0,0.0,0.0,0,0,nan,nan,nan,,nan,nan,nan,2,28,-,SELECT OWNER FIRST,
2026-07-08T18:40:27.340,1887.34,mission_20260708_180900_manual,MANUAL,,0,13.330304145812988,100.99790954589844,140.58458157307854,3,True,0.6832500100135803,1,0,0,0,0,0.0,0.0,0.0,0,0,nan,nan,nan,,nan,nan,nan,2,28,-,SELECT OWNER FIRST,
2026-07-08T18:40:29.365,1889.365,mission_20260708_180900_manual,MANUAL,,0,13.330304145812988,100.99791717529297,140.56749243977515,3,True,0.6825000047683716,1,0,0,0,0,0.0,0.0,0.0,0,0,nan,nan,nan,,nan,nan,nan,2,28,-,SELECT OWNER FIRST,
2026-07-08T18:40:31.395,1891.396,mission_20260708_180900_manual,MANUAL,,0,13.330305099487305,100.99791717529297,140.5723145533292,3,True,0.6817499995231628,1,0,0,0,0,0.0,0.0,0.0,0,0,nan,nan,nan,,nan,nan,nan,2,29,-,SELECT OWNER FIRST,
2026-07-08T18:40:33.423,1893.423,mission_20260708_180900_manual,MANUAL,,0,13.330305099487305,100.99791717529297,140.5744728931069,3,True,0.6815000176429749,1,0,0,0,0,0.0,0.0,0.0,0,0,nan,nan,nan,,nan,nan,nan,2,29,-,SELECT OWNER FIRST,
2026-07-08T18:40:35.437,1895.437,mission_20260708_180900_manual,MANUAL,,0,13.330306053161621,100.99791717529297,140.57413138364842,3,True,0.6815000176429749,1,0,0,0,0,0.0,0.0,0.0,0,0,nan,nan,nan,,nan,nan,nan,2,28,-,SELECT OWNER FIRST,
2026-07-08T18:40:37.454,1897.455,mission_20260708_180900_manual,MANUAL,,0,13.330307006835938,100.9979248046875,140.5684623266373,3,True,0.6825000047683716,1,0,0,0,0,0.0,0.0,0.0,0,0,nan,nan,nan,,nan,nan,nan,2,27,-,SELECT OWNER FIRST,
2026-07-08T18:40:39.483,1899.484,mission_20260708_180900_manual,MANUAL,,0,13.330307006835938,100.9979248046875,140.575319836564,3,True,0.6819999814033508,1,0,0,0,0,0.0,0.0,0.0,0,0,nan,nan,nan,,nan,nan,nan,2,27,-,SELECT OWNER FIRST,
2026-07-08T18:40:41.512,1901.513,mission_20260708_180900_manual,MANUAL,,0,13.330307960510254,100.9979248046875,140.592996366136,3,True,0.6822500228881836,1,0,0,0,0,0.0,0.0,0.0,0,0,nan,nan,nan,,nan,nan,nan,2,27,-,SELECT OWNER FIRST,
2026-07-08T18:40:43.533,1903.534,mission_20260708_180900_manual,MANUAL,,0,13.330307960510254,100.9979248046875,140.59081070560157,3,True,0.6822500228881836,1,0,0,0,0,0.0,0.0,0.0,0,0,nan,nan,nan,,nan,nan,nan,2,28,-,SELECT OWNER FIRST,
2026-07-08T18:40:45.550,1905.55,mission_20260708_180900_manual,MANUAL,,0,13.33030891418457,100.9979248046875,140.60329629140438,3,True,0.6819999814033508,1,0,0,0,0,0.0,0.0,0.0,0,0,nan,nan,nan,,nan,nan,nan,2,28,-,SELECT OWNER FIRST,
2026-07-08T18:40:47.581,1907.581,mission_20260708_180900_manual,MANUAL,,0,13.33030891418457,100.9979248046875,140.60591908404564,3,True,0.6819999814033508,1,0,0,0,0,0.0,0.0,0.0,0,0,nan,nan,nan,,nan,nan,nan,2,27,-,SELECT OWNER FIRST,
2026-07-08T18:40:49.612,1909.612,mission_20260708_180900_manual,MANUAL,,0,13.33030891418457,100.9979248046875,140.60432081977987,3,True,0.6812499761581421,1,0,0,0,0,0.0,0.0,0.0,0,0,nan,nan,nan,,nan,nan,nan,2,28,-,SELECT OWNER FIRST,
2026-07-08T18:40:51.641,1911.641,mission_20260708_180900_manual,MANUAL,,0,13.330309867858887,100.9979248046875,140.60553659345214,3,True,0.6812499761581421,1,0,0,0,0,0.0,0.0,0.0,0,0,nan,nan,nan,,nan,nan,nan,2,28,-,SELECT OWNER FIRST,
2026-07-08T18:40:53.655,1913.655,mission_20260708_180900_manual,MANUAL,,0,13.33030891418457,100.99793243408203,140.6137191600778,3,True,0.6812499761581421,1,0,0,0,0,0.0,0.0,0.0,0,0,nan,nan,nan,,nan,nan,nan,2,29,-,SELECT OWNER FIRST,
2026-07-08T18:40:55.687,1915.688,mission_20260708_180900_manual,MANUAL,,0,13.33030891418457,100.99793243408203,140.61156082030007,3,True,0.6827499866485596,1,0,0,0,0,0.0,0.0,0.0,0,0,nan,nan,nan,,nan,nan,nan,2,29,-,SELECT OWNER FIRST,
2026-07-08T18:40:57.722,1917.722,mission_20260708_180900_manual,MANUAL,,0,13.33030891418457,100.99793243408203,140.61817244341665,3,True,0.6822500228881836,1,0,0,0,0,0.0,0.0,0.0,0,0,nan,nan,nan,,nan,nan,nan,2,29,-,SELECT OWNER FIRST,
2026-07-08T18:40:59.728,1919.728,mission_20260708_180900_manual,MANUAL,,0,13.330309867858887,100.99793243408203,140.6226257267555,3,True,0.6822500228881836,1,0,0,0,0,0.0,0.0,0.0,0,0,nan,nan,nan,,nan,nan,nan,2,30,-,SELECT OWNER FIRST,
2026-07-08T18:41:01.754,1921.755,mission_20260708_180900_manual,MANUAL,,0,13.33031177520752,100.99793243408203,140.63265244445708,3,True,0.6827499866485596,1,0,0,0,0,0.0,0.0,0.0,0,0,nan,nan,nan,,nan,nan,nan,2,30,-,SELECT OWNER FIRST,
2026-07-08T18:41:03.779,1923.779,mission_20260708_180900_manual,MANUAL,,0,13.33031177520752,100.99793243408203,140.63519327482834,3,True,0.6819999814033508,1,0,0,0,0,0.0,0.0,0.0,0,0,nan,nan,nan,,nan,nan,nan,2,29,-,SELECT OWNER FIRST,
2026-07-08T18:41:05.805,1925.806,mission_20260708_180900_manual,MANUAL,,0,13.330312728881836,100.99793243408203,140.67595584379495,3,True,0.6815000176429749,1,0,0,0,0,0.0,0.0,0.0,0,0,nan,nan,nan,,nan,nan,nan,2,29,-,SELECT OWNER FIRST,
2026-07-08T18:41:07.829,1927.83,mission_20260708_180900_manual,MANUAL,,0,13.33031177520752,100.99793243408203,140.6971977321137,3,True,0.6827499866485596,1,0,0,0,0,0.0,0.0,0.0,0,0,nan,nan,nan,,nan,nan,nan,2,29,-,SELECT OWNER FIRST,
2026-07-08T18:41:09.866,1929.867,mission_20260708_180900_manual,MANUAL,,0,13.330310821533203,100.99793243408203,140.72272897923122,3,True,0.6822500228881836,1,0,0,0,0,0.0,0.0,0.0,0,0,nan,nan,nan,,nan,nan,nan,2,29,-,SELECT OWNER FIRST,
2026-07-08T18:41:11.904,1931.905,mission_20260708_180900_manual,MANUAL,,0,13.330309867858887,100.99793243408203,140.75151139639365,3,True,0.6822500228881836,1,0,0,0,0,0.0,0.0,0.0,0,0,nan,nan,nan,,nan,nan,nan,2,29,-,SELECT OWNER FIRST,
2026-07-08T18:41:13.906,1933.907,mission_20260708_180900_manual,MANUAL,,0,13.33030891418457,100.99793243408203,140.75640181183937,3,True,0.6819999814033508,1,0,0,0,0,0.0,0.0,0.0,0,0,nan,nan,nan,,nan,nan,nan,2,28,-,SELECT OWNER FIRST,
2026-07-08T18:41:15.908,1935.909,mission_20260708_180900_manual,MANUAL,,0,13.330307006835938,100.99793243408203,140.75175728320377,3,True,0.6827499866485596,1,0,0,0,0,0.0,0.0,0.0,0,0,nan,nan,nan,,nan,nan,nan,2,28,-,SELECT OWNER FIRST,
2026-07-08T18:41:17.930,1937.931,mission_20260708_180900_manual,MANUAL,,0,13.330307006835938,100.99794006347656,140.73576098016758,3,True,0.6822500228881836,1,0,0,0,0,0.0,0.0,0.0,0,0,nan,nan,nan,,nan,nan,nan,2,28,-,SELECT OWNER FIRST,
2026-07-08T18:41:19.946,1939.947,mission_20260708_180900_manual,MANUAL,,0,13.330306053161621,100.99794006347656,140.72100777156035,3,True,0.6834999918937683,1,0,0,0,0,0.0,0.0,0.0,0,0,nan,nan,nan,,nan,nan,nan,2,29,-,SELECT OWNER FIRST,
2026-07-08T18:41:21.953,1941.954,mission_20260708_180900_manual,MANUAL,,0,13.330305099487305,100.99794006347656,140.72236014901603,3,True,0.6825000047683716,1,0,0,0,0,0.0,0.0,0.0,0,0,nan,nan,nan,,nan,nan,nan,2,29,-,SELECT OWNER FIRST,
2026-07-08T18:41:23.970,1943.971,mission_20260708_180900_manual,MANUAL,,0,13.330305099487305,100.99794006347656,140.7145054314705,3,True,0.6825000047683716,1,0,0,0,0,0.0,0.0,0.0,0,0,nan,nan,nan,,nan,nan,nan,2,28,-,SELECT OWNER FIRST,
2026-07-08T18:41:26.001,1946.002,mission_20260708_180900_manual,MANUAL,,0,13.330304145812988,100.99794006347656,140.71241539358448,3,True,0.6832500100135803,1,0,0,0,0,0.0,0.0,0.0,0,0,nan,nan,nan,,nan,nan,nan,2,28,-,SELECT OWNER FIRST,
2026-07-08T18:41:28.021,1948.021,mission_20260708_180900_manual,MANUAL,,0,13.330303192138672,100.99794006347656,140.7023203739912,3,True,0.6822500228881836,1,0,0,0,0,0.0,0.0,0.0,0,0,nan,nan,nan,,nan,nan,nan,2,29,-,SELECT OWNER FIRST,
2026-07-08T18:41:30.041,1950.041,mission_20260708_180900_manual,MANUAL,,0,13.330302238464355,100.99794006347656,140.68629675019835,3,True,0.6825000047683716,1,0,0,0,0,0.0,0.0,0.0,0,0,nan,nan,nan,,nan,nan,nan,2,27,-,SELECT OWNER FIRST,
2026-07-08T18:41:32.058,1952.059,mission_20260708_180900_manual,MANUAL,,0,13.330300331115723,100.99794006347656,140.70859048764927,3,True,0.6830000281333923,1,0,0,0,0,0.0,0.0,0.0,0,0,nan,nan,nan,,nan,nan,nan,2,28,-,SELECT OWNER FIRST,
2026-07-08T18:41:34.191,1954.191,mission_20260708_180900_manual,MANUAL,,0,13.33029842376709,100.99793243408203,140.73704505573156,3,True,0.6804999709129333,1,0,0,0,0,0.0,0.0,0.0,0,0,nan,nan,nan,,nan,nan,nan,2,29,-,SELECT OWNER FIRST,
2026-07-08T18:41:36.224,1956.225,mission_20260708_180900_manual,MANUAL,,0,13.330299377441406,100.99793243408203,140.75816400064522,3,True,0.6825000047683716,1,0,0,0,0,0.0,0.0,0.0,0,0,nan,nan,nan,,nan,nan,nan,2,28,-,SELECT OWNER FIRST,
2026-07-08T18:41:38.237,1958.238,mission_20260708_180900_manual,MANUAL,,0,13.330300331115723,100.9979248046875,140.78519788938016,3,True,0.6812499761581421,1,0,0,0,0,0.0,0.0,0.0,0,0,nan,nan,nan,,nan,nan,nan,2,30,-,SELECT OWNER FIRST,
2026-07-08T18:41:40.260,1960.261,mission_20260708_180900_manual,MANUAL,,0,13.330302238464355,100.9979248046875,140.79679555059082,3,True,0.6822500228881836,1,0,0,0,0,0.0,0.0,0.0,0,0,nan,nan,nan,,nan,nan,nan,2,29,-,SELECT OWNER FIRST,
2026-07-08T18:41:42.292,1962.292,mission_20260708_180900_manual,MANUAL,,0,13.330303192138672,100.99791717529297,140.80870740050332,3,True,0.6815000176429749,1,0,0,0,0,0.0,0.0,0.0,0,0,nan,nan,nan,,nan,nan,nan,2,28,-,SELECT OWNER FIRST,
2026-07-08T18:41:44.324,1964.324,mission_20260708_180900_manual,MANUAL,,0,13.330304145812988,100.99791717529297,140.8070271739675,3,True,0.6827499866485596,1,0,0,0,0,0.0,0.0,0.0,0,0,nan,nan,nan,,nan,nan,nan,2,28,-,SELECT OWNER FIRST,
2026-07-08T18:41:46.360,1966.361,mission_20260708_180900_manual,MANUAL,,0,13.330304145812988,100.99791717529297,140.81100234406446,3,True,0.6827499866485596,1,0,0,0,0,0.0,0.0,0.0,0,0,nan,nan,nan,,nan,nan,nan,2,27,-,SELECT OWNER FIRST,
2026-07-08T18:41:48.376,1968.377,mission_20260708_180900_manual,MANUAL,,0,13.330304145812988,100.99791717529297,140.8193761559869,3,True,0.6822500228881836,1,0,0,0,0,0.0,0.0,0.0,0,0,nan,nan,nan,,nan,nan,nan,2,29,-,SELECT OWNER FIRST,
2026-07-08T18:41:50.394,1970.394,mission_20260708_180900_manual,MANUAL,,0,13.330304145812988,100.99791717529297,140.82355623175894,3,True,0.6822500228881836,1,0,0,0,0,0.0,0.0,0.0,0,0,nan,nan,nan,,nan,nan,nan,2,28,-,SELECT OWNER FIRST,
2026-07-08T18:41:52.408,1972.409,mission_20260708_180900_manual,MANUAL,,0,13.330304145812988,100.99791717529297,140.81902098615004,3,True,0.6817499995231628,1,0,0,0,0,0.0,0.0,0.0,0,0,nan,nan,nan,,nan,nan,nan,2,26,-,SELECT OWNER FIRST,
2026-07-08T18:41:54.427,1974.427,mission_20260708_180900_manual,MANUAL,,0,13.330304145812988,100.99791717529297,140.8188707219883,3,True,0.6825000047683716,1,0,0,0,0,0.0,0.0,0.0,0,0,nan,nan,nan,,nan,nan,nan,2,27,-,SELECT OWNER FIRST,
2026-07-08T18:41:56.447,1976.447,mission_20260708_180900_manual,MANUAL,,0,13.330304145812988,100.99791717529297,140.82339230721885,3,True,0.6825000047683716,1,0,0,0,0,0.0,0.0,0.0,0,0,nan,nan,nan,,nan,nan,nan,2,26,-,SELECT OWNER FIRST,
2026-07-08T18:41:58.464,1978.465,mission_20260708_180900_manual,MANUAL,,0,13.330304145812988,100.99791717529297,140.81940347674356,3,True,0.6812499761581421,1,0,0,0,0,0.0,0.0,0.0,0,0,nan,nan,nan,,nan,nan,nan,2,27,-,SELECT OWNER FIRST,
2026-07-08T18:42:00.496,1980.497,mission_20260708_180900_manual,MANUAL,,0,13.330304145812988,100.99791717529297,140.8197586465804,3,True,0.6825000047683716,1,0,0,0,0,0.0,0.0,0.0,0,0,nan,nan,nan,,nan,nan,nan,2,27,-,SELECT OWNER FIRST,
2026-07-08T18:42:02.498,1982.498,mission_20260708_180900_manual,MANUAL,,0,13.330304145812988,100.99791717529297,140.82911600574332,3,True,0.6815000176429749,1,0,0,0,0,0.0,0.0,0.0,0,0,nan,nan,nan,,nan,nan,nan,2,27,-,SELECT OWNER FIRST,
2026-07-08T18:42:04.520,1984.521,mission_20260708_180900_manual,MANUAL,,0,13.330304145812988,100.99791717529297,140.8347031004844,3,True,0.6827499866485596,1,0,0,0,0,0.0,0.0,0.0,0,0,nan,nan,nan,,nan,nan,nan,2,28,-,SELECT OWNER FIRST,
2026-07-08T18:42:06.546,1986.547,mission_20260708_180900_manual,MANUAL,,0,13.330303192138672,100.99790954589844,140.84796732785256,3,True,0.6815000176429749,1,0,0,0,0,0.0,0.0,0.0,0,0,nan,nan,nan,,nan,nan,nan,2,27,-,SELECT OWNER FIRST,
2026-07-08T18:42:08.566,1988.567,mission_20260708_180900_manual,MANUAL,,0,13.330303192138672,100.99790954589844,140.86494717812923,3,True,0.6817499995231628,1,0,0,0,0,0.0,0.0,0.0,0,0,nan,nan,nan,,nan,nan,nan,2,27,-,SELECT OWNER FIRST,
2026-07-08T18:42:10.596,1990.597,mission_20260708_180900_manual,MANUAL,,0,13.330303192138672,100.99790954589844,140.87547932982937,3,True,0.6815000176429749,1,0,0,0,0,0.0,0.0,0.0,0,0,nan,nan,nan,,nan,nan,nan,2,26,-,SELECT OWNER FIRST,
2026-07-08T18:42:12.615,1992.616,mission_20260708_180900_manual,MANUAL,,0,13.330302238464355,100.99790954589844,140.88045170754515,3,True,0.6832500100135803,1,0,0,0,0,0.0,0.0,0.0,0,0,nan,nan,nan,,nan,nan,nan,2,25,-,SELECT OWNER FIRST,
2026-07-08T18:42:14.650,1994.651,mission_20260708_180900_manual,MANUAL,,0,13.330300331115723,100.99790954589844,140.88368921721172,3,True,0.6825000047683716,1,0,0,0,0,0.0,0.0,0.0,0,0,nan,nan,nan,,nan,nan,nan,2,24,-,SELECT OWNER FIRST,
2026-07-08T18:42:16.674,1996.675,mission_20260708_180900_manual,MANUAL,,0,13.33029842376709,100.9979019165039,140.8904374441117,3,True,0.6815000176429749,1,0,0,0,0,0.0,0.0,0.0,0,0,nan,nan,nan,,nan,nan,nan,2,24,-,SELECT OWNER FIRST,
2026-07-08T18:42:18.685,1998.685,mission_20260708_180900_manual,MANUAL,,0,13.330296516418457,100.9979019165039,140.9057643886092,3,True,0.6827499866485596,1,0,0,0,0,0.0,0.0,0.0,0,0,nan,nan,nan,,nan,nan,nan,2,26,-,SELECT OWNER FIRST,
2026-07-08T18:42:20.717,2000.718,mission_20260708_180900_manual,MANUAL,,0,13.33029556274414,100.9979019165039,140.89957623722117,3,True,0.6822500228881836,1,0,0,0,0,0.0,0.0,0.0,0,0,nan,nan,nan,,nan,nan,nan,2,26,-,SELECT OWNER FIRST,
2026-07-08T18:42:22.739,2002.74,mission_20260708_180900_manual,MANUAL,,0,13.33029556274414,100.9979019165039,140.87807480171398,3,True,0.6817499995231628,1,0,0,0,0,0.0,0.0,0.0,0,0,nan,nan,nan,,nan,nan,nan,2,25,-,SELECT OWNER FIRST,
2026-07-08T18:42:24.767,2004.767,mission_20260708_180900_manual,MANUAL,,0,13.330293655395508,100.9979019165039,140.85614989447825,3,True,0.6827499866485596,1,0,0,0,0,0.0,0.0,0.0,0,0,nan,nan,nan,,nan,nan,nan,2,25,-,SELECT OWNER FIRST,
2026-07-08T18:42:26.782,2006.783,mission_20260708_180900_manual,MANUAL,,0,13.330292701721191,100.9979019165039,140.82847396796134,3,True,0.6817499995231628,1,0,0,0,0,0.0,0.0,0.0,0,0,nan,nan,nan,,nan,nan,nan,2,25,-,SELECT OWNER FIRST,
2026-07-08T18:42:28.802,2008.802,mission_20260708_180900_manual,MANUAL,,0,13.330290794372559,100.9979019165039,140.80734136266932,3,True,0.6812499761581421,1,0,0,0,0,0.0,0.0,0.0,0,0,nan,nan,nan,,nan,nan,nan,2,25,-,SELECT OWNER FIRST,
2026-07-08T18:42:30.829,2010.83,mission_20260708_180900_manual,MANUAL,,0,13.330290794372559,100.9979019165039,140.80768287212783,3,True,0.6822500228881836,1,0,0,0,0,0.0,0.0,0.0,0,0,nan,nan,nan,,nan,nan,nan,2,24,-,SELECT OWNER FIRST,
2026-07-08T18:42:32.848,2012.848,mission_20260708_180900_manual,MANUAL,,0,13.330288887023926,100.99790954589844,140.79092158790462,3,True,0.6812499761581421,1,0,0,0,0,0.0,0.0,0.0,0,0,nan,nan,nan,,nan,nan,nan,2,24,-,SELECT OWNER FIRST,
2026-07-08T18:42:34.888,2014.889,mission_20260708_180900_manual,MANUAL,,0,13.33028793334961,100.99790954589844,140.7646663407351,3,True,0.6817499995231628,1,0,0,0,0,0.0,0.0,0.0,0,0,nan,nan,nan,,nan,nan,nan,2,25,-,SELECT OWNER FIRST,
2026-07-08T18:42:36.908,2016.908,mission_20260708_180900_manual,MANUAL,,0,13.330286979675293,100.99790954589844,140.73923071626595,3,True,0.6809999942779541,1,0,0,0,0,0.0,0.0,0.0,0,0,nan,nan,nan,,nan,nan,nan,2,25,-,SELECT OWNER FIRST,
2026-07-08T18:42:38.950,2018.95,mission_20260708_180900_manual,MANUAL,,0,13.330286026000977,100.99790954589844,140.7310481496403,3,True,0.6830000281333923,1,0,0,0,0,0.0,0.0,0.0,0,0,nan,nan,nan,,nan,nan,nan,2,24,-,SELECT OWNER FIRST,
2026-07-08T18:42:40.982,2020.982,mission_20260708_180900_manual,MANUAL,,0,13.330284118652344,100.99790954589844,140.7107761481837,3,True,0.6830000281333923,1,0,0,0,0,0.0,0.0,0.0,0,0,nan,nan,nan,,nan,nan,nan,2,24,-,SELECT OWNER FIRST,
2026-07-08T18:42:43.002,2023.003,mission_20260708_180900_manual,MANUAL,,0,13.330282211303711,100.99790954589844,140.69303131671998,3,True,0.6819999814033508,1,0,0,0,0,0.0,0.0,0.0,0,0,nan,nan,nan,,nan,nan,nan,2,24,-,SELECT OWNER FIRST,
2026-07-08T18:42:45.028,2025.029,mission_20260708_180900_manual,MANUAL,,0,13.330281257629395,100.99790954589844,140.68260844804655,3,True,0.6817499995231628,1,0,0,0,0,0.0,0.0,0.0,0,0,nan,nan,nan,,nan,nan,nan,2,25,-,SELECT OWNER FIRST,
2026-07-08T18:42:47.055,2027.055,mission_20260708_180900_manual,MANUAL,,0,13.330279350280762,100.99790954589844,140.6765842211986,3,True,0.6827499866485596,1,0,0,0,0,0.0,0.0,0.0,0,0,nan,nan,nan,,nan,nan,nan,2,25,-,SELECT OWNER FIRST,
2026-07-08T18:42:49.085,2029.085,mission_20260708_180900_manual,MANUAL,,0,13.330278396606445,100.99790954589844,140.66964474900186,3,True,0.6825000047683716,1,0,0,0,0,0.0,0.0,0.0,0,0,nan,nan,nan,,nan,nan,nan,2,24,-,SELECT OWNER FIRST,
2026-07-08T18:42:51.110,2031.11,mission_20260708_180900_manual,MANUAL,,0,13.330277442932129,100.99790954589844,140.674671768231,3,True,0.6834999918937683,1,0,0,0,0,0.0,0.0,0.0,0,0,nan,nan,nan,,nan,nan,nan,2,24,-,SELECT OWNER FIRST,
2026-07-08T18:42:53.144,2033.144,mission_20260708_180900_manual,MANUAL,,0,13.330276489257812,100.99790954589844,140.65448172904445,3,True,0.6819999814033508,1,0,0,0,0,0.0,0.0,0.0,0,0,nan,nan,nan,,nan,nan,nan,2,23,-,SELECT OWNER FIRST,
2026-07-08T18:42:55.180,2035.181,mission_20260708_180900_manual,MANUAL,,0,13.330275535583496,100.99790954589844,140.63624512396052,3,True,0.6830000281333923,1,0,0,0,0,0.0,0.0,0.0,0,0,nan,nan,nan,,nan,nan,nan,2,23,-,SELECT OWNER FIRST,
2026-07-08T18:42:57.214,2037.215,mission_20260708_180900_manual,MANUAL,,0,13.33027458190918,100.99790954589844,140.635903614502,3,True,0.6827499866485596,1,0,0,0,0,0.0,0.0,0.0,0,0,nan,nan,nan,,nan,nan,nan,2,23,-,SELECT OWNER FIRST,
2026-07-08T18:42:59.247,2039.248,mission_20260708_180900_manual,MANUAL,,0,13.33027458190918,100.99790954589844,140.62113674551645,3,True,0.6819999814033508,1,0,0,0,0,0.0,0.0,0.0,0,0,nan,nan,nan,,nan,nan,nan,2,23,-,SELECT OWNER FIRST,
2026-07-08T18:43:01.261,2041.262,mission_20260708_180900_manual,MANUAL,,0,13.330273628234863,100.99790954589844,140.61202527316365,3,True,0.6830000281333923,1,0,0,0,0,0.0,0.0,0.0,0,0,nan,nan,nan,,nan,nan,nan,2,23,-,SELECT OWNER FIRST,
2026-07-08T18:43:03.278,2043.278,mission_20260708_180900_manual,MANUAL,,0,13.330273628234863,100.99790954589844,140.60698459355618,3,True,0.6822500228881836,1,0,0,0,0,0.0,0.0,0.0,0,0,nan,nan,nan,,nan,nan,nan,2,23,-,SELECT OWNER FIRST,
2026-07-08T18:43:05.305,2045.305,mission_20260708_180900_manual,MANUAL,,0,13.330272674560547,100.99790954589844,140.58977251684775,3,True,0.6827499866485596,1,0,0,0,0,0.0,0.0,0.0,0,0,nan,nan,nan,,nan,nan,nan,2,24,-,SELECT OWNER FIRST,
2026-07-08T18:43:07.313,2047.314,mission_20260708_180900_manual,MANUAL,,0,13.330272674560547,100.99790954589844,140.57409040251338,3,True,0.6815000176429749,1,0,0,0,0,0.0,0.0,0.0,0,0,nan,nan,nan,,nan,nan,nan,2,24,-,SELECT OWNER FIRST,
2026-07-08T18:43:09.339,2049.34,mission_20260708_180900_manual,MANUAL,,0,13.33027172088623,100.99790954589844,140.567847609612,3,True,0.6809999942779541,1,0,0,0,0,0.0,0.0,0.0,0,0,nan,nan,nan,,nan,nan,nan,2,25,-,SELECT OWNER FIRST,
2026-07-08T18:43:11.368,2051.369,mission_20260708_180900_manual,MANUAL,,0,13.33027172088623,100.99790954589844,140.59460829078012,3,True,0.6817499995231628,1,0,0,0,0,0.0,0.0,0.0,0,0,nan,nan,nan,,nan,nan,nan,2,26,-,SELECT OWNER FIRST,
2026-07-08T18:43:13.385,2053.386,mission_20260708_180900_manual,MANUAL,,0,13.330272674560547,100.99790954589844,140.62483870804658,3,True,0.6822500228881836,1,0,0,0,0,0.0,0.0,0.0,0,0,nan,nan,nan,,nan,nan,nan,2,26,-,SELECT OWNER FIRST,
2026-07-08T18:43:15.404,2055.405,mission_20260708_180900_manual,MANUAL,,0,13.330272674560547,100.99790954589844,140.63763848255118,3,True,0.6837499737739563,1,0,0,0,0,0.0,0.0,0.0,0,0,nan,nan,nan,,nan,nan,nan,2,25,-,SELECT OWNER FIRST,
2026-07-08T18:43:17.437,2057.437,mission_20260708_180900_manual,MANUAL,,0,13.330272674560547,100.99790954589844,140.6603010502173,3,True,0.6822500228881836,1,0,0,0,0,0.0,0.0,0.0,0,0,nan,nan,nan,,nan,nan,nan,2,25,-,SELECT OWNER FIRST,
2026-07-08T18:43:19.449,2059.45,mission_20260708_180900_manual,MANUAL,,0,13.330273628234863,100.99790954589844,140.68641969360343,3,True,0.6827499866485596,1,0,0,0,0,0.0,0.0,0.0,0,0,nan,nan,nan,,nan,nan,nan,2,27,-,SELECT OWNER FIRST,
2026-07-08T18:43:21.477,2061.478,mission_20260708_180900_manual,MANUAL,,0,13.330275535583496,100.99790954589844,140.6978807510307,3,True,0.6819999814033508,1,0,0,0,0,0.0,0.0,0.0,0,0,nan,nan,nan,,nan,nan,nan,2,27,-,SELECT OWNER FIRST,
2026-07-08T18:43:23.493,2063.494,mission_20260708_180900_manual,MANUAL,,0,13.330276489257812,100.99790954589844,140.71499720509075,3,True,0.6809999942779541,1,0,0,0,0,0.0,0.0,0.0,0,0,nan,nan,nan,,nan,nan,nan,2,26,-,SELECT OWNER FIRST,
2026-07-08T18:43:25.524,2065.524,mission_20260708_180900_manual,MANUAL,,0,13.330276489257812,100.99790954589844,140.7301602250482,3,True,0.6817499995231628,1,0,0,0,0,0.0,0.0,0.0,0,0,nan,nan,nan,,nan,nan,nan,2,26,-,SELECT OWNER FIRST,
2026-07-08T18:43:27.545,2067.545,mission_20260708_180900_manual,MANUAL,,0,13.330275535583496,100.99790954589844,140.75269984930924,3,True,0.6815000176429749,1,0,0,0,0,0.0,0.0,0.0,0,0,nan,nan,nan,,nan,nan,nan,2,26,-,SELECT OWNER FIRST,
2026-07-08T18:43:29.570,2069.57,mission_20260708_180900_manual,MANUAL,,0,13.330275535583496,100.99790954589844,140.75622422692095,3,True,0.6825000047683716,1,0,0,0,0,0.0,0.0,0.0,0,0,nan,nan,nan,,nan,nan,nan,2,26,-,SELECT OWNER FIRST,
2026-07-08T18:43:31.593,2071.593,mission_20260708_180900_manual,MANUAL,,0,13.330275535583496,100.99790954589844,140.75433909471002,3,True,0.6822500228881836,1,0,0,0,0,0.0,0.0,0.0,0,0,nan,nan,nan,,nan,nan,nan,2,27,-,SELECT OWNER FIRST,
2026-07-08T18:43:33.612,2073.613,mission_20260708_180900_manual,MANUAL,,0,13.33027458190918,100.9979019165039,140.7595163781009,3,True,0.6830000281333923,1,0,0,0,0,0.0,0.0,0.0,0,0,nan,nan,nan,,nan,nan,nan,2,27,-,SELECT OWNER FIRST,
2026-07-08T18:43:35.627,2075.627,mission_20260708_180900_manual,MANUAL,,0,13.33027458190918,100.9979019165039,140.76928354861403,3,True,0.6827499866485596,1,0,0,0,0,0.0,0.0,0.0,0,0,nan,nan,nan,,nan,nan,nan,2,27,-,SELECT OWNER FIRST,
2026-07-08T18:43:37.656,2077.656,mission_20260708_180900_manual,MANUAL,,0,13.330273628234863,100.9979019165039,140.78496566294837,3,True,0.6825000047683716,1,0,0,0,0,0.0,0.0,0.0,0,0,nan,nan,nan,,nan,nan,nan,2,27,-,SELECT OWNER FIRST,
2026-07-08T18:43:39.675,2079.675,mission_20260708_180900_manual,MANUAL,,0,13.330273628234863,100.9979019165039,140.7980523053981,3,True,0.6815000176429749,1,0,0,0,0,0.0,0.0,0.0,0,0,nan,nan,nan,,nan,nan,nan,2,27,-,SELECT OWNER FIRST,
2026-07-08T18:43:41.689,2081.689,mission_20260708_180900_manual,MANUAL,,0,13.330272674560547,100.9979019165039,140.80190453209,3,True,0.684249997138977,1,0,0,0,0,0.0,0.0,0.0,0,0,nan,nan,nan,,nan,nan,nan,2,28,-,SELECT OWNER FIRST,
2026-07-08T18:43:43.713,2083.714,mission_20260708_180900_manual,MANUAL,,0,13.330272674560547,100.9979019165039,140.80202747549507,3,True,0.6822500228881836,1,0,0,0,0,0.0,0.0,0.0,0,0,nan,nan,nan,,nan,nan,nan,2,28,-,SELECT OWNER FIRST,
2026-07-08T18:43:45.729,2085.73,mission_20260708_180900_manual,MANUAL,,0,13.330272674560547,100.99789428710938,140.8060709474837,3,True,0.6815000176429749,1,0,0,0,0,0.0,0.0,0.0,0,0,nan,nan,nan,,nan,nan,nan,2,27,-,SELECT OWNER FIRST,
2026-07-08T18:43:47.748,2087.749,mission_20260708_180900_manual,MANUAL,,0,13.330273628234863,100.99789428710938,140.81455404243286,3,True,0.6817499995231628,1,0,0,0,0,0.0,0.0,0.0,0,0,nan,nan,nan,,nan,nan,nan,2,26,-,SELECT OWNER FIRST,
2026-07-08T18:43:49.769,2089.77,mission_20260708_180900_manual,MANUAL,,0,13.33027458190918,100.99789428710938,140.83881487436474,3,True,0.6827499866485596,1,0,0,0,0,0.0,0.0,0.0,0,0,nan,nan,nan,,nan,nan,nan,2,27,-,SELECT OWNER FIRST,
2026-07-08T18:43:51.785,2091.786,mission_20260708_180900_manual,MANUAL,,0,13.33027458190918,100.99789428710938,140.8472296674222,3,True,0.6815000176429749,1,0,0,0,0,0.0,0.0,0.0,0,0,nan,nan,nan,,nan,nan,nan,2,26,-,SELECT OWNER FIRST,
2026-07-08T18:43:53.795,2093.796,mission_20260708_180900_manual,MANUAL,,0,13.33027458190918,100.99788665771484,140.84236657273314,3,True,0.6819999814033508,1,0,0,0,0,0.0,0.0,0.0,0,0,nan,nan,nan,,nan,nan,nan,2,26,-,SELECT OWNER FIRST,
2026-07-08T18:43:55.808,2095.808,mission_20260708_180900_manual,MANUAL,,0,13.330275535583496,100.99788665771484,140.84735261082727,3,True,0.6817499995231628,1,0,0,0,0,0.0,0.0,0.0,0,0,nan,nan,nan,,nan,nan,nan,2,27,-,SELECT OWNER FIRST,
2026-07-08T18:43:57.827,2097.827,mission_20260708_180900_manual,MANUAL,,0,13.330275535583496,100.99788665771484,140.84222996894974,3,True,0.6819999814033508,1,0,0,0,0,0.0,0.0,0.0,0,0,nan,nan,nan,,nan,nan,nan,2,27,-,SELECT OWNER FIRST,
2026-07-08T18:43:59.841,2099.842,mission_20260708_180900_manual,MANUAL,,0,13.330276489257812,100.99788665771484,140.84535819558963,3,True,0.6822500228881836,1,0,0,0,0,0.0,0.0,0.0,0,0,nan,nan,nan,,nan,nan,nan,2,25,-,SELECT OWNER FIRST,
2026-07-08T18:44:01.857,2101.857,mission_20260708_180900_manual,MANUAL,,0,13.330277442932129,100.99787902832031,140.8477760825558,3,True,0.6819999814033508,1,0,0,0,0,0.0,0.0,0.0,0,0,nan,nan,nan,,nan,nan,nan,2,27,-,SELECT OWNER FIRST,
2026-07-08T18:44:03.875,2103.875,mission_20260708_180900_manual,MANUAL,,0,13.330276489257812,100.99787902832031,140.82739479807248,3,True,0.6830000281333923,1,0,0,0,0,0.0,0.0,0.0,0,0,nan,nan,nan,,nan,nan,nan,2,28,-,SELECT OWNER FIRST,
2026-07-08T18:44:05.897,2105.898,mission_20260708_180900_manual,MANUAL,,0,13.330276489257812,100.99787902832031,140.80758724947944,3,True,0.6822500228881836,1,0,0,0,0,0.0,0.0,0.0,0,0,nan,nan,nan,,nan,nan,nan,2,28,-,SELECT OWNER FIRST,
2026-07-08T18:44:07.913,2107.913,mission_20260708_180900_manual,MANUAL,,0,13.330277442932129,100.99787902832031,140.77987034182755,3,True,0.6822500228881836,1,0,0,0,0,0.0,0.0,0.0,0,0,nan,nan,nan,,nan,nan,nan,2,26,-,SELECT OWNER FIRST,
2026-07-08T18:44:09.917,2109.917,mission_20260708_180900_manual,MANUAL,,0,13.330277442932129,100.99787902832031,140.75421615130497,3,True,0.6827499866485596,1,0,0,0,0,0.0,0.0,0.0,0,0,nan,nan,nan,,nan,nan,nan,2,26,-,SELECT OWNER FIRST,
2026-07-08T18:44:11.936,2111.937,mission_20260708_180900_manual,MANUAL,,0,13.330278396606445,100.99787902832031,140.73119841380202,3,True,0.6817499995231628,1,0,0,0,0,0.0,0.0,0.0,0,0,nan,nan,nan,,nan,nan,nan,2,26,-,SELECT OWNER FIRST,
2026-07-08T18:44:13.964,2113.964,mission_20260708_180900_manual,MANUAL,,0,13.330279350280762,100.99787902832031,140.71171871428916,3,True,0.6822500228881836,1,0,0,0,0,0.0,0.0,0.0,0,0,nan,nan,nan,,nan,nan,nan,2,27,-,SELECT OWNER FIRST,
2026-07-08T18:44:15.980,2115.98,mission_20260708_180900_manual,MANUAL,,0,13.330279350280762,100.99787902832031,140.6845345613925,3,True,0.6830000281333923,1,0,0,0,0,0.0,0.0,0.0,0,0,nan,nan,nan,,nan,nan,nan,2,27,-,SELECT OWNER FIRST,
2026-07-08T18:44:18.005,2118.006,mission_20260708_180900_manual,MANUAL,,0,13.330279350280762,100.99787902832031,140.6630331258853,3,True,0.6827499866485596,1,0,0,0,0,0.0,0.0,0.0,0,0,nan,nan,nan,,nan,nan,nan,2,27,-,SELECT OWNER FIRST,
2026-07-08T18:44:20.013,2120.014,mission_20260708_180900_manual,MANUAL,,0,13.330279350280762,100.99787902832031,140.66329267307376,3,True,0.6815000176429749,1,0,0,0,0,0.0,0.0,0.0,0,0,nan,nan,nan,,nan,nan,nan,2,26,-,SELECT OWNER FIRST,
2026-07-08T18:44:22.030,2122.031,mission_20260708_180900_manual,MANUAL,,0,13.330278396606445,100.99788665771484,140.64625818128374,3,True,0.6827499866485596,1,0,0,0,0,0.0,0.0,0.0,0,0,nan,nan,nan,,nan,nan,nan,2,26,-,SELECT OWNER FIRST,
2026-07-08T18:44:24.049,2124.049,mission_20260708_180900_manual,MANUAL,,0,13.330278396606445,100.99788665771484,140.638594709035,3,True,0.6834999918937683,1,0,0,0,0,0.0,0.0,0.0,0,0,nan,nan,nan,,nan,nan,nan,2,25,-,SELECT OWNER FIRST,
2026-07-08T18:44:26.063,2126.063,mission_20260708_180900_manual,MANUAL,,0,13.330278396606445,100.99788665771484,140.6313683688931,3,True,0.6825000047683716,1,0,0,0,0,0.0,0.0,0.0,0,0,nan,nan,nan,,nan,nan,nan,2,25,-,SELECT OWNER FIRST,
2026-07-08T18:44:28.077,2128.077,mission_20260708_180900_manual,MANUAL,,0,13.330279350280762,100.99788665771484,140.60926587673896,3,True,0.6822500228881836,1,0,0,0,0,0.0,0.0,0.0,0,0,nan,nan,nan,,nan,nan,nan,2,26,-,SELECT OWNER FIRST,
2026-07-08T18:44:30.092,2130.093,mission_20260708_180900_manual,MANUAL,,0,13.330280303955078,100.99788665771484,140.59477221532018,3,True,0.6825000047683716,1,0,0,0,0,0.0,0.0,0.0,0,0,nan,nan,nan,,nan,nan,nan,2,26,-,SELECT OWNER FIRST,
2026-07-08T18:44:32.119,2132.119,mission_20260708_180900_manual,MANUAL,,0,13.330282211303711,100.99788665771484,140.58459523345687,3,True,0.6825000047683716,1,0,0,0,0,0.0,0.0,0.0,0,0,nan,nan,nan,,nan,nan,nan,2,26,-,SELECT OWNER FIRST,
2026-07-08T18:44:34.133,2134.134,mission_20260708_180900_manual,MANUAL,,0,13.330283164978027,100.99788665771484,140.5823822521658,3,True,0.6815000176429749,1,0,0,0,0,0.0,0.0,0.0,0,0,nan,nan,nan,,nan,nan,nan,2,26,-,SELECT OWNER FIRST,
2026-07-08T18:44:36.135,2136.135,mission_20260708_180900_manual,MANUAL,,0,13.330284118652344,100.99788665771484,140.57902179909414,3,True,0.6817499995231628,1,0,0,0,0,0.0,0.0,0.0,0,0,nan,nan,nan,,nan,nan,nan,2,26,-,SELECT OWNER FIRST,
2026-07-08T18:44:38.156,2138.156,mission_20260708_180900_manual,MANUAL,,0,13.330286026000977,100.99788665771484,140.5609217977936,3,True,0.6819999814033508,1,0,0,0,0,0.0,0.0,0.0,0,0,nan,nan,nan,,nan,nan,nan,2,26,-,SELECT OWNER FIRST,
2026-07-08T18:44:40.178,2140.179,mission_20260708_180900_manual,MANUAL,,0,13.330286979675293,100.99788665771484,140.55701492958835,3,True,0.6827499866485596,1,0,0,0,0,0.0,0.0,0.0,0,0,nan,nan,nan,,nan,nan,nan,2,26,-,SELECT OWNER FIRST,
2026-07-08T18:44:42.187,2142.188,mission_20260708_180900_manual,MANUAL,,0,13.330288887023926,100.99788665771484,140.54962466490642,3,True,0.6822500228881836,1,0,0,0,0,0.0,0.0,0.0,0,0,nan,nan,nan,,nan,nan,nan,2,26,-,SELECT OWNER FIRST,
2026-07-08T18:44:44.211,2144.211,mission_20260708_180900_manual,MANUAL,,0,13.330289840698242,100.99789428710938,140.54705651377847,3,True,0.6825000047683716,1,0,0,0,0,0.0,0.0,0.0,0,0,nan,nan,nan,,nan,nan,nan,2,26,-,SELECT OWNER FIRST,
2026-07-08T18:44:46.226,2146.227,mission_20260708_180900_manual,MANUAL,,0,13.330291748046875,100.99789428710938,140.54590904199793,3,True,0.6822500228881836,1,0,0,0,0,0.0,0.0,0.0,0,0,nan,nan,nan,,nan,nan,nan,2,26,-,SELECT OWNER FIRST,
2026-07-08T18:44:48.243,2148.244,mission_20260708_180900_manual,MANUAL,,0,13.330292701721191,100.99789428710938,140.55245236322278,3,True,0.6822500228881836,1,0,0,0,0,0.0,0.0,0.0,0,0,nan,nan,nan,,nan,nan,nan,2,26,-,SELECT OWNER FIRST,
2026-07-08T18:44:50.265,2150.266,mission_20260708_180900_manual,MANUAL,,0,13.330293655395508,100.99789428710938,140.5539959859752,3,True,0.6827499866485596,1,0,0,0,0,0.0,0.0,0.0,0,0,nan,nan,nan,,nan,nan,nan,2,26,-,SELECT OWNER FIRST,
2026-07-08T18:44:52.276,2152.277,mission_20260708_180900_manual,MANUAL,,0,13.330294609069824,100.99789428710938,140.5552527407825,3,True,0.6819999814033508,1,0,0,0,0,0.0,0.0,0.0,0,0,nan,nan,nan,,nan,nan,nan,2,26,-,SELECT OWNER FIRST,
2026-07-08T18:44:54.278,2154.279,mission_20260708_180900_manual,MANUAL,,0,13.33029556274414,100.99789428710938,140.55111364614547,3,True,0.6825000047683716,1,0,0,0,0,0.0,0.0,0.0,0,0,nan,nan,nan,,nan,nan,nan,2,26,-,SELECT OWNER FIRST,
2026-07-08T18:44:56.293,2156.293,mission_20260708_180900_manual,MANUAL,,0,13.330296516418457,100.99789428710938,140.55488391056733,3,True,0.6815000176429749,1,0,0,0,0,0.0,0.0,0.0,0,0,nan,nan,nan,,nan,nan,nan,2,26,-,SELECT OWNER FIRST,
2026-07-08T18:44:58.310,2158.311,mission_20260708_180900_manual,MANUAL,,0,13.330296516418457,100.99789428710938,140.55234308019607,3,True,0.6825000047683716,1,0,0,0,0,0.0,0.0,0.0,0,0,nan,nan,nan,,nan,nan,nan,2,26,-,SELECT OWNER FIRST,
2026-07-08T18:45:00.320,2160.321,mission_20260708_180900_manual,MANUAL,,0,13.330297470092773,100.99789428710938,140.54670134394163,3,True,0.6817499995231628,1,0,0,0,0,0.0,0.0,0.0,0,0,nan,nan,nan,,nan,nan,nan,2,26,-,SELECT OWNER FIRST,
2026-07-08T18:45:02.346,2162.346,mission_20260708_180900_manual,MANUAL,,0,13.33029842376709,100.99789428710938,140.5461822495647,3,True,0.6830000281333923,1,0,0,0,0,0.0,0.0,0.0,0,0,nan,nan,nan,,nan,nan,nan,2,25,-,SELECT OWNER FIRST,
2026-07-08T18:45:04.362,2164.363,mission_20260708_180900_manual,MANUAL,,0,13.33029842376709,100.99789428710938,140.54437907962384,3,True,0.6827499866485596,1,0,0,0,0,0.0,0.0,0.0,0,0,nan,nan,nan,,nan,nan,nan,2,23,-,SELECT OWNER FIRST,
2026-07-08T18:45:06.387,2166.387,mission_20260708_180900_manual,MANUAL,,0,13.330299377441406,100.9979019165039,140.53798602256072,3,True,0.6815000176429749,1,0,0,0,0,0.0,0.0,0.0,0,0,nan,nan,nan,,nan,nan,nan,2,24,-,SELECT OWNER FIRST,
2026-07-08T18:45:08.411,2168.411,mission_20260708_180900_manual,MANUAL,,0,13.330299377441406,100.9979019165039,140.53629213564653,3,True,0.6822500228881836,1,0,0,0,0,0.0,0.0,0.0,0,0,nan,nan,nan,,nan,nan,nan,2,24,-,SELECT OWNER FIRST,
2026-07-08T18:45:10.436,2170.437,mission_20260708_180900_manual,MANUAL,,0,13.33029842376709,100.9979019165039,140.53110119187733,3,True,0.6825000047683716,1,0,0,0,0,0.0,0.0,0.0,0,0,nan,nan,nan,,nan,nan,nan,2,24,-,SELECT OWNER FIRST,
2026-07-08T18:45:12.448,2172.448,mission_20260708_180900_manual,MANUAL,,0,13.33029842376709,100.9979019165039,140.53054111636538,3,True,0.6807500123977661,1,0,0,0,0,0.0,0.0,0.0,0,0,nan,nan,nan,,nan,nan,nan,2,22,-,SELECT OWNER FIRST,
2026-07-08T18:45:14.458,2174.459,mission_20260708_180900_manual,MANUAL,,0,13.330297470092773,100.9979019165039,140.5375762112105,3,True,0.6825000047683716,1,0,0,0,0,0.0,0.0,0.0,0,0,nan,nan,nan,,nan,nan,nan,2,24,-,SELECT OWNER FIRST,
2026-07-08T18:45:16.469,2176.47,mission_20260708_180900_manual,MANUAL,,0,13.330297470092773,100.9979019165039,140.5348441355425,3,True,0.6825000047683716,1,0,0,0,0,0.0,0.0,0.0,0,0,nan,nan,nan,,nan,nan,nan,2,24,-,SELECT OWNER FIRST,
2026-07-08T18:45:18.491,2178.491,mission_20260708_180900_manual,MANUAL,,0,13.330296516418457,100.9979019165039,140.5364150790516,3,True,0.6822500228881836,1,0,0,0,0,0.0,0.0,0.0,0,0,nan,nan,nan,,nan,nan,nan,2,24,-,SELECT OWNER FIRST,
2026-07-08T18:45:20.521,2180.522,mission_20260708_180900_manual,MANUAL,,0,13.330296516418457,100.99790954589844,140.53804066407406,3,True,0.6832500100135803,1,0,0,0,0,0.0,0.0,0.0,0,0,nan,nan,nan,,nan,nan,nan,2,24,-,SELECT OWNER FIRST,
2026-07-08T18:45:22.537,2182.538,mission_20260708_180900_manual,MANUAL,,0,13.330296516418457,100.99790954589844,140.53398353170707,3,True,0.6827499866485596,1,0,0,0,0,0.0,0.0,0.0,0,0,nan,nan,nan,,nan,nan,nan,2,24,-,SELECT OWNER FIRST,
2026-07-08T18:45:24.562,2184.563,mission_20260708_180900_manual,MANUAL,,0,13.330294609069824,100.99790954589844,140.53043183333867,3,True,0.6817499995231628,1,0,0,0,0,0.0,0.0,0.0,0,0,nan,nan,nan,,nan,nan,nan,2,24,-,SELECT OWNER FIRST,
2026-07-08T18:45:26.582,2186.583,mission_20260708_180900_manual,MANUAL,,0,13.330294609069824,100.99790954589844,140.52541847448788,3,True,0.6825000047683716,1,0,0,0,0,0.0,0.0,0.0,0,0,nan,nan,nan,,nan,nan,nan,2,24,-,SELECT OWNER FIRST,
2026-07-08T18:45:28.611,2188.611,mission_20260708_180900_manual,MANUAL,,0,13.330293655395508,100.99790954589844,140.54037658877021,3,True,0.6827499866485596,1,0,0,0,0,0.0,0.0,0.0,0,0,nan,nan,nan,,nan,nan,nan,2,26,-,SELECT OWNER FIRST,
2026-07-08T18:45:30.621,2190.622,mission_20260708_180900_manual,MANUAL,,0,13.330291748046875,100.99790954589844,140.546072966538,3,True,0.6817499995231628,1,0,0,0,0,0.0,0.0,0.0,0,0,nan,nan,nan,,nan,nan,nan,2,26,-,SELECT OWNER FIRST,
2026-07-08T18:45:32.638,2192.639,mission_20260708_180900_manual,MANUAL,,0,13.330290794372559,100.99791717529297,140.54558119291775,3,True,0.6819999814033508,1,0,0,0,0,0.0,0.0,0.0,0,0,nan,nan,nan,,nan,nan,nan,2,25,-,SELECT OWNER FIRST,
2026-07-08T18:45:34.667,2194.668,mission_20260708_180900_manual,MANUAL,,0,13.330288887023926,100.99791717529297,140.55526640116085,3,True,0.6817499995231628,1,0,0,0,0,0.0,0.0,0.0,0,0,nan,nan,nan,,nan,nan,nan,2,26,-,SELECT OWNER FIRST,
2026-07-08T18:45:36.684,2196.685,mission_20260708_180900_manual,MANUAL,,0,13.330286979675293,100.99791717529297,140.56226051487093,3,True,0.6825000047683716,1,0,0,0,0,0.0,0.0,0.0,0,0,nan,nan,nan,,nan,nan,nan,2,25,-,SELECT OWNER FIRST,
2026-07-08T18:45:38.708,2198.709,mission_20260708_180900_manual,MANUAL,,0,13.330286026000977,100.99791717529297,140.55678270315659,3,True,0.6817499995231628,1,0,0,0,0,0.0,0.0,0.0,0,0,nan,nan,nan,,nan,nan,nan,2,25,-,SELECT OWNER FIRST,
2026-07-08T18:45:40.739,2200.739,mission_20260708_180900_manual,MANUAL,,0,13.330286026000977,100.99791717529297,140.55758866547865,3,True,0.6825000047683716,1,0,0,0,0,0.0,0.0,0.0,0,0,nan,nan,nan,,nan,nan,nan,2,24,-,SELECT OWNER FIRST,
2026-07-08T18:45:42.763,2202.763,mission_20260708_180900_manual,MANUAL,,0,13.330286026000977,100.99791717529297,140.55213817452096,3,True,0.6819999814033508,1,0,0,0,0,0.0,0.0,0.0,0,0,nan,nan,nan,,nan,nan,nan,2,24,-,SELECT OWNER FIRST,
2026-07-08T18:45:44.792,2204.793,mission_20260708_180900_manual,MANUAL,,0,13.33028507232666,100.99791717529297,140.54849085350418,3,True,0.6822500228881836,1,0,0,0,0,0.0,0.0,0.0,0,0,nan,nan,nan,,nan,nan,nan,2,25,-,SELECT OWNER FIRST,
2026-07-08T18:45:46.811,2206.812,mission_20260708_180900_manual,MANUAL,,0,13.330284118652344,100.99791717529297,140.55194692922421,3,True,0.6825000047683716,1,0,0,0,0,0.0,0.0,0.0,0,0,nan,nan,nan,,nan,nan,nan,2,26,-,SELECT OWNER FIRST,
2026-07-08T18:45:48.835,2208.835,mission_20260708_180900_manual,MANUAL,,0,13.330283164978027,100.99791717529297,140.54951538187967,3,True,0.6822500228881836,1,0,0,0,0,0.0,0.0,0.0,0,0,nan,nan,nan,,nan,nan,nan,2,27,-,SELECT OWNER FIRST,
2026-07-08T18:45:50.868,2210.869,mission_20260708_180900_manual,MANUAL,,0,13.330282211303711,100.9979248046875,140.54246662665622,3,True,0.6830000281333923,1,0,0,0,0,0.0,0.0,0.0,0,0,nan,nan,nan,,nan,nan,nan,2,27,-,SELECT OWNER FIRST,
2026-07-08T18:45:52.903,2212.904,mission_20260708_180900_manual,MANUAL,,0,13.330280303955078,100.9979248046875,140.53821824899248,3,True,0.6832500100135803,1,0,0,0,0,0.0,0.0,0.0,0,0,nan,nan,nan,,nan,nan,nan,2,25,-,SELECT OWNER FIRST,
2026-07-08T18:45:54.933,2214.934,mission_20260708_180900_manual,MANUAL,,0,13.330280303955078,100.9979248046875,140.5376035319672,3,True,0.6825000047683716,1,0,0,0,0,0.0,0.0,0.0,0,0,nan,nan,nan,,nan,nan,nan,2,26,-,SELECT OWNER FIRST,
2026-07-08T18:45:56.961,2216.962,mission_20260708_180900_manual,MANUAL,,0,13.330279350280762,100.9979248046875,140.53193447495607,3,True,0.6817499995231628,1,0,0,0,0,0.0,0.0,0.0,0,0,nan,nan,nan,,nan,nan,nan,2,26,-,SELECT OWNER FIRST,
2026-07-08T18:45:58.987,2218.988,mission_20260708_180900_manual,MANUAL,,0,13.330279350280762,100.9979248046875,140.53304096560163,3,True,0.6809999942779541,1,0,0,0,0,0.0,0.0,0.0,0,0,nan,nan,nan,,nan,nan,nan,2,26,-,SELECT OWNER FIRST,
2026-07-08T18:46:01.004,2221.005,mission_20260708_180900_manual,MANUAL,,0,13.330279350280762,100.99791717529297,140.53433870154393,3,True,0.6825000047683716,1,0,0,0,0,0.0,0.0,0.0,0,0,nan,nan,nan,,nan,nan,nan,2,26,-,SELECT OWNER FIRST,
2026-07-08T18:46:03.020,2223.02,mission_20260708_180900_manual,MANUAL,,0,13.330278396606445,100.99791717529297,140.53234428630628,3,True,0.6815000176429749,1,0,0,0,0,0.0,0.0,0.0,0,0,nan,nan,nan,,nan,nan,nan,2,26,-,SELECT OWNER FIRST,
2026-07-08T18:46:05.053,2225.053,mission_20260708_180900_manual,MANUAL,,0,13.330278396606445,100.99791717529297,140.52260443654984,3,True,0.6815000176429749,1,0,0,0,0,0.0,0.0,0.0,0,0,nan,nan,nan,,nan,nan,nan,2,25,-,SELECT OWNER FIRST,
2026-07-08T18:46:07.077,2227.077,mission_20260708_180900_manual,MANUAL,,0,13.330278396606445,100.99791717529297,140.52611515378322,3,True,0.6815000176429749,1,0,0,0,0,0.0,0.0,0.0,0,0,nan,nan,nan,,nan,nan,nan,2,24,-,SELECT OWNER FIRST,
2026-07-08T18:46:09.091,2229.092,mission_20260708_180900_manual,MANUAL,,0,13.330278396606445,100.99791717529297,140.5253228518395,3,True,0.6817499995231628,1,0,0,0,0,0.0,0.0,0.0,0,0,nan,nan,nan,,nan,nan,nan,2,24,-,SELECT OWNER FIRST,
2026-07-08T18:46:11.106,2231.106,mission_20260708_180900_manual,MANUAL,,0,13.330278396606445,100.99791717529297,140.52289130449498,3,True,0.6822500228881836,1,0,0,0,0,0.0,0.0,0.0,0,0,nan,nan,nan,,nan,nan,nan,2,24,-,SELECT OWNER FIRST,
2026-07-08T18:46:13.130,2233.131,mission_20260708_180900_manual,MANUAL,,0,13.330277442932129,100.99791717529297,140.51629334175675,3,True,0.6817499995231628,1,0,0,0,0,0.0,0.0,0.0,0,0,nan,nan,nan,,nan,nan,nan,2,23,-,SELECT OWNER FIRST,
2026-07-08T18:46:15.157,2235.158,mission_20260708_180900_manual,MANUAL,,0,13.330275535583496,100.99791717529297,140.52014556844864,3,True,0.6827499866485596,1,0,0,0,0,0.0,0.0,0.0,0,0,nan,nan,nan,,nan,nan,nan,2,24,-,SELECT OWNER FIRST,
2026-07-08T18:46:17.178,2237.179,mission_20260708_180900_manual,MANUAL,,0,13.33027458190918,100.99791717529297,140.51449017181585,3,True,0.6827499866485596,1,0,0,0,0,0.0,0.0,0.0,0,0,nan,nan,nan,,nan,nan,nan,2,23,-,SELECT OWNER FIRST,
2026-07-08T18:46:19.190,2239.19,mission_20260708_180900_manual,MANUAL,,0,13.330272674560547,100.99791717529297,140.50287885022684,3,True,0.6815000176429749,1,0,0,0,0,0.0,0.0,0.0,0,0,nan,nan,nan,,nan,nan,nan,2,24,-,SELECT OWNER FIRST,
2026-07-08T18:46:21.225,2241.226,mission_20260708_180900_manual,MANUAL,,0,13.330270767211914,100.99791717529297,140.5045044352493,3,True,0.6812499761581421,1,0,0,0,0,0.0,0.0,0.0,0,0,nan,nan,nan,,nan,nan,nan,2,23,-,SELECT OWNER FIRST,
2026-07-08T18:46:23.254,2243.255,mission_20260708_180900_manual,MANUAL,,0,13.330267906188965,100.99791717529297,140.5091762846416,3,True,0.6817499995231628,1,0,0,0,0,0.0,0.0,0.0,0,0,nan,nan,nan,,nan,nan,nan,2,24,-,SELECT OWNER FIRST,
2026-07-08T18:46:25.277,2245.278,mission_20260708_180900_manual,MANUAL,,0,13.330266952514648,100.99791717529297,140.52321915357513,3,True,0.6819999814033508,1,0,0,0,0,0.0,0.0,0.0,0,0,nan,nan,nan,,nan,nan,nan,2,27,-,SELECT OWNER FIRST,
2026-07-08T18:46:27.301,2247.301,mission_20260708_180900_manual,MANUAL,,0,13.330266952514648,100.99790954589844,140.54305402292485,3,True,0.6822500228881836,1,0,0,0,0,0.0,0.0,0.0,0,0,nan,nan,nan,,nan,nan,nan,2,25,-,SELECT OWNER FIRST,
2026-07-08T18:46:29.321,2249.321,mission_20260708_180900_manual,MANUAL,,0,13.330266952514648,100.99790954589844,140.57768308201682,3,True,0.6809999942779541,1,0,0,0,0,0.0,0.0,0.0,0,0,nan,nan,nan,,nan,nan,nan,2,26,-,SELECT OWNER FIRST,
2026-07-08T18:46:31.349,2251.349,mission_20260708_180900_manual,MANUAL,,0,13.330265998840332,100.99790954589844,140.60027734779123,3,True,0.6832500100135803,1,0,0,0,0,0.0,0.0,0.0,0,0,nan,nan,nan,,nan,nan,nan,2,26,-,SELECT OWNER FIRST,
2026-07-08T18:46:33.365,2253.365,mission_20260708_180900_manual,MANUAL,,0,13.330265998840332,100.99790954589844,140.61981168881746,3,True,0.6819999814033508,1,0,0,0,0,0.0,0.0,0.0,0,0,nan,nan,nan,,nan,nan,nan,2,27,-,SELECT OWNER FIRST,
2026-07-08T18:46:35.388,2255.388,mission_20260708_180900_manual,MANUAL,,0,13.330265998840332,100.99790954589844,140.6432392376706,3,True,0.6822500228881836,1,0,0,0,0,0.0,0.0,0.0,0,0,nan,nan,nan,,nan,nan,nan,2,26,-,SELECT OWNER FIRST,
2026-07-08T18:46:37.412,2257.413,mission_20260708_180900_manual,MANUAL,,0,13.330265998840332,100.99790954589844,140.66639357895696,3,True,0.6822500228881836,1,0,0,0,0,0.0,0.0,0.0,0,0,nan,nan,nan,,nan,nan,nan,2,27,-,SELECT OWNER FIRST,
2026-07-08T18:46:39.421,2259.422,mission_20260708_180900_manual,MANUAL,,0,13.330265998840332,100.99790954589844,140.68379690096214,3,True,0.6827499866485596,1,0,0,0,0,0.0,0.0,0.0,0,0,nan,nan,nan,,nan,nan,nan,2,27,-,SELECT OWNER FIRST,
2026-07-08T18:46:41.444,2261.444,mission_20260708_180900_manual,MANUAL,,0,13.330266952514648,100.99790954589844,140.69722505287038,3,True,0.6815000176429749,1,0,0,0,0,0.0,0.0,0.0,0,0,nan,nan,nan,,nan,nan,nan,2,27,-,SELECT OWNER FIRST,
2026-07-08T18:46:43.474,2263.475,mission_20260708_180900_manual,MANUAL,,0,13.330267906188965,100.99790954589844,140.71656814859986,3,True,0.6819999814033508,1,0,0,0,0,0.0,0.0,0.0,0,0,nan,nan,nan,,nan,nan,nan,2,28,-,SELECT OWNER FIRST,
2026-07-08T18:46:45.493,2265.494,mission_20260708_180900_manual,MANUAL,,0,13.330267906188965,100.99790954589844,140.73529652730403,3,True,0.6817499995231628,1,0,0,0,0,0.0,0.0,0.0,0,0,nan,nan,nan,,nan,nan,nan,2,28,-,SELECT OWNER FIRST,
2026-07-08T18:46:47.520,2267.521,mission_20260708_180900_manual,MANUAL,,0,13.330268859863281,100.99790954589844,140.74147101831372,3,True,0.6819999814033508,1,0,0,0,0,0.0,0.0,0.0,0,0,nan,nan,nan,,nan,nan,nan,2,28,-,SELECT OWNER FIRST,
2026-07-08T18:46:49.540,2269.54,mission_20260708_180900_manual,MANUAL,,0,13.330269813537598,100.99790954589844,140.75765856664665,3,True,0.6809999942779541,1,0,0,0,0,0.0,0.0,0.0,0,0,nan,nan,nan,,nan,nan,nan,2,27,-,SELECT OWNER FIRST,
2026-07-08T18:46:51.554,2271.555,mission_20260708_180900_manual,MANUAL,,0,13.330270767211914,100.9979019165039,140.7799659644759,3,True,0.6822500228881836,1,0,0,0,0,0.0,0.0,0.0,0,0,nan,nan,nan,,nan,nan,nan,2,26,-,SELECT OWNER FIRST,
2026-07-08T18:46:53.570,2273.571,mission_20260708_180900_manual,MANUAL,,0,13.330270767211914,100.9979019165039,140.78962385196232,3,True,0.6822500228881836,1,0,0,0,0,0.0,0.0,0.0,0,0,nan,nan,nan,,nan,nan,nan,2,27,-,SELECT OWNER FIRST,
2026-07-08T18:46:55.582,2275.582,mission_20260708_180900_manual,MANUAL,,0,13.33027172088623,100.9979019165039,140.809417740177,3,True,0.6827499866485596,1,0,0,0,0,0.0,0.0,0.0,0,0,nan,nan,nan,,nan,nan,nan,2,26,-,SELECT OWNER FIRST,
2026-07-08T18:46:57.593,2277.594,mission_20260708_180900_manual,MANUAL,,0,13.33027172088623,100.9979019165039,140.82109736365774,3,True,0.6815000176429749,1,0,0,0,0,0.0,0.0,0.0,0,0,nan,nan,nan,,nan,nan,nan,2,26,-,SELECT OWNER FIRST,
2026-07-08T18:46:59.615,2279.616,mission_20260708_180900_manual,MANUAL,,0,13.33027172088623,100.9979019165039,140.8364789496686,3,True,0.6804999709129333,1,0,0,0,0,0.0,0.0,0.0,0,0,nan,nan,nan,,nan,nan,nan,2,27,-,SELECT OWNER FIRST,
2026-07-08T18:47:01.638,2281.639,mission_20260708_180900_manual,MANUAL,,0,13.33027172088623,100.9979019165039,140.8414240066277,3,True,0.6819999814033508,1,0,0,0,0,0.0,0.0,0.0,0,0,nan,nan,nan,,nan,nan,nan,2,26,-,SELECT OWNER FIRST,
2026-07-08T18:47:03.668,2283.668,mission_20260708_180900_manual,MANUAL,,0,13.330272674560547,100.9979019165039,140.84957925249668,3,True,0.6815000176429749,1,0,0,0,0,0.0,0.0,0.0,0,0,nan,nan,nan,,nan,nan,nan,2,26,-,SELECT OWNER FIRST,
2026-07-08T18:47:05.687,2285.687,mission_20260708_180900_manual,MANUAL,,0,13.330272674560547,100.9979019165039,140.84619147866835,3,True,0.6822500228881836,1,0,0,0,0,0.0,0.0,0.0,0,0,nan,nan,nan,,nan,nan,nan,2,26,-,SELECT OWNER FIRST,
2026-07-08T18:47:07.692,2287.692,mission_20260708_180900_manual,MANUAL,,0,13.330273628234863,100.9979019165039,140.84411510116067,3,True,0.6819999814033508,1,0,0,0,0,0.0,0.0,0.0,0,0,nan,nan,nan,,nan,nan,nan,2,26,-,SELECT OWNER FIRST,
2026-07-08T18:47:09.715,2289.716,mission_20260708_180900_manual,MANUAL,,0,13.330273628234863,100.9979019165039,140.84591827110157,3,True,0.6817499995231628,1,0,0,0,0,0.0,0.0,0.0,0,0,nan,nan,nan,,nan,nan,nan,2,26,-,SELECT OWNER FIRST,
2026-07-08T18:47:11.725,2291.726,mission_20260708_180900_manual,MANUAL,,0,13.33027458190918,100.9979019165039,140.84437464834915,3,True,0.6819999814033508,1,0,0,0,0,0.0,0.0,0.0,0,0,nan,nan,nan,,nan,nan,nan,2,26,-,SELECT OWNER FIRST,
2026-07-08T18:47:13.743,2293.743,mission_20260708_180900_manual,MANUAL,,0,13.330276489257812,100.99789428710938,140.85994747965677,3,True,0.6809999942779541,1,0,0,0,0,0.0,0.0,0.0,0,0,nan,nan,nan,,nan,nan,nan,2,26,-,SELECT OWNER FIRST,
2026-07-08T18:47:15.755,2295.756,mission_20260708_180900_manual,MANUAL,,0,13.330277442932129,100.99789428710938,140.8631986497017,3,True,0.6817499995231628,1,0,0,0,0,0.0,0.0,0.0,0,0,nan,nan,nan,,nan,nan,nan,2,26,-,SELECT OWNER FIRST,
2026-07-08T18:47:17.778,2297.778,mission_20260708_180900_manual,MANUAL,,0,13.330279350280762,100.99789428710938,140.86677766882678,3,True,0.6822500228881836,1,0,0,0,0,0.0,0.0,0.0,0,0,nan,nan,nan,,nan,nan,nan,2,27,-,SELECT OWNER FIRST,
2026-07-08T18:47:19.797,2299.798,mission_20260708_180900_manual,MANUAL,,0,13.330281257629395,100.99789428710938,140.8570924605837,3,True,0.6817499995231628,1,0,0,0,0,0.0,0.0,0.0,0,0,nan,nan,nan,,nan,nan,nan,2,26,-,SELECT OWNER FIRST,
2026-07-08T18:47:21.805,2301.806,mission_20260708_180900_manual,MANUAL,,0,13.330282211303711,100.99789428710938,140.84041313863054,3,True,0.6812499761581421,1,0,0,0,0,0.0,0.0,0.0,0,0,nan,nan,nan,,nan,nan,nan,2,26,-,SELECT OWNER FIRST,
2026-07-08T18:47:23.824,2303.825,mission_20260708_180900_manual,MANUAL,,0,13.330283164978027,100.99789428710938,140.81979962771544,3,True,0.6815000176429749,1,0,0,0,0,0.0,0.0,0.0,0,0,nan,nan,nan,,nan,nan,nan,2,24,-,SELECT OWNER FIRST,
2026-07-08T18:47:25.848,2305.848,mission_20260708_180900_manual,MANUAL,,0,13.330283164978027,100.99789428710938,140.80674030602236,3,True,0.6819999814033508,1,0,0,0,0,0.0,0.0,0.0,0,0,nan,nan,nan,,nan,nan,nan,2,24,-,SELECT OWNER FIRST,
2026-07-08T18:47:27.862,2307.863,mission_20260708_180900_manual,MANUAL,,0,13.330284118652344,100.99789428710938,140.79516996556836,3,True,0.6822500228881836,1,0,0,0,0,0.0,0.0,0.0,0,0,nan,nan,nan,,nan,nan,nan,2,24,-,SELECT OWNER FIRST,
2026-07-08T18:47:29.866,2309.866,mission_20260708_180900_manual,MANUAL,,0,13.33028507232666,100.99789428710938,140.76489856716688,3,True,0.6819999814033508,1,0,0,0,0,0.0,0.0,0.0,0,0,nan,nan,nan,,nan,nan,nan,2,25,-,SELECT OWNER FIRST,
2026-07-08T18:47:31.881,2311.881,mission_20260708_180900_manual,MANUAL,,0,13.33028507232666,100.99789428710938,140.74719471683818,3,True,0.6830000281333923,1,0,0,0,0,0.0,0.0,0.0,0,0,nan,nan,nan,,nan,nan,nan,2,26,-,SELECT OWNER FIRST,
2026-07-08T18:47:33.895,2313.895,mission_20260708_180900_manual,MANUAL,,0,13.330283164978027,100.99789428710938,140.71649984670816,3,True,0.6822500228881836,1,0,0,0,0,0.0,0.0,0.0,0,0,nan,nan,nan,,nan,nan,nan,2,25,-,SELECT OWNER FIRST,
2026-07-08T18:47:35.911,2315.911,mission_20260708_180900_manual,MANUAL,,0,13.330283164978027,100.99789428710938,140.6849033916077,3,True,0.6822500228881836,1,0,0,0,0,0.0,0.0,0.0,0,0,nan,nan,nan,,nan,nan,nan,2,24,-,SELECT OWNER FIRST,
2026-07-08T18:47:37.938,2317.938,mission_20260708_180900_manual,MANUAL,,0,13.330283164978027,100.99789428710938,140.68279969334333,3,True,0.6817499995231628,1,0,0,0,0,0.0,0.0,0.0,0,0,nan,nan,nan,,nan,nan,nan,2,25,-,SELECT OWNER FIRST,
2026-07-08T18:47:39.954,2319.954,mission_20260708_180900_manual,MANUAL,,0,13.330282211303711,100.99789428710938,140.67265003223667,3,True,0.6815000176429749,1,0,0,0,0,0.0,0.0,0.0,0,0,nan,nan,nan,,nan,nan,nan,2,25,-,SELECT OWNER FIRST,
2026-07-08T18:47:41.964,2321.964,mission_20260708_180900_manual,MANUAL,,0,13.330281257629395,100.99789428710938,140.6675820318725,3,True,0.6817499995231628,1,0,0,0,0,0.0,0.0,0.0,0,0,nan,nan,nan,,nan,nan,nan,2,24,-,SELECT OWNER FIRST,
2026-07-08T18:47:43.992,2323.993,mission_20260708_180900_manual,MANUAL,,0,13.330281257629395,100.99789428710938,140.6674727488458,3,True,0.6832500100135803,1,0,0,0,0,0.0,0.0,0.0,0,0,nan,nan,nan,,nan,nan,nan,2,25,-,SELECT OWNER FIRST,
2026-07-08T18:47:46.024,2326.024,mission_20260708_180900_manual,MANUAL,,0,13.330279350280762,100.99789428710938,140.6614348616195,3,True,0.6825000047683716,1,0,0,0,0,0.0,0.0,0.0,0,0,nan,nan,nan,,nan,nan,nan,2,25,-,SELECT OWNER FIRST,
2026-07-08T18:47:48.047,2328.047,mission_20260708_180900_manual,MANUAL,,0,13.330279350280762,100.99789428710938,140.64155901113477,3,True,0.6817499995231628,1,0,0,0,0,0.0,0.0,0.0,0,0,nan,nan,nan,,nan,nan,nan,2,27,-,SELECT OWNER FIRST,
2026-07-08T18:47:50.078,2330.078,mission_20260708_180900_manual,MANUAL,,0,13.330278396606445,100.99789428710938,140.63888157698014,3,True,0.6815000176429749,1,0,0,0,0,0.0,0.0,0.0,0,0,nan,nan,nan,,nan,nan,nan,2,26,-,SELECT OWNER FIRST,
2026-07-08T18:47:52.114,2332.115,mission_20260708_180900_manual,MANUAL,,0,13.330276489257812,100.99789428710938,140.63101319905627,3,True,0.6822500228881836,1,0,0,0,0,0.0,0.0,0.0,0,0,nan,nan,nan,,nan,nan,nan,2,27,-,SELECT OWNER FIRST,
2026-07-08T18:47:54.142,2334.142,mission_20260708_180900_manual,MANUAL,,0,13.330275535583496,100.99789428710938,140.61529010358691,3,True,0.6819999814033508,1,0,0,0,0,0.0,0.0,0.0,0,0,nan,nan,nan,,nan,nan,nan,2,27,-,SELECT OWNER FIRST,
2026-07-08T18:47:56.154,2336.155,mission_20260708_180900_manual,MANUAL,,0,13.330276489257812,100.99789428710938,140.621560217245,3,True,0.6840000152587891,1,0,0,0,0,0.0,0.0,0.0,0,0,nan,nan,nan,,nan,nan,nan,2,28,-,SELECT OWNER FIRST,
2026-07-08T18:47:58.189,2338.19,mission_20260708_180900_manual,MANUAL,,0,13.330276489257812,100.99788665771484,140.63878595433175,3,True,0.6817499995231628,1,0,0,0,0,0.0,0.0,0.0,0,0,nan,nan,nan,,nan,nan,nan,2,29,-,SELECT OWNER FIRST,
2026-07-08T18:48:00.224,2340.224,mission_20260708_180900_manual,MANUAL,,0,13.330276489257812,100.99788665771484,140.65840225762804,3,True,0.6819999814033508,1,0,0,0,0,0.0,0.0,0.0,0,0,nan,nan,nan,,nan,nan,nan,2,27,-,SELECT OWNER FIRST,
2026-07-08T18:48:02.254,2342.254,mission_20260708_180900_manual,MANUAL,,0,13.330275535583496,100.99788665771484,140.66729516392738,3,True,0.6817499995231628,1,0,0,0,0,0.0,0.0,0.0,0,0,nan,nan,nan,,nan,nan,nan,2,27,-,SELECT OWNER FIRST,
2026-07-08T18:48:04.289,2344.289,mission_20260708_180900_manual,MANUAL,,0,13.330276489257812,100.99788665771484,140.67075123964742,3,True,0.6815000176429749,1,0,0,0,0,0.0,0.0,0.0,0,0,nan,nan,nan,,nan,nan,nan,2,28,-,SELECT OWNER FIRST,
2026-07-08T18:48:06.301,2346.301,mission_20260708_180900_manual,MANUAL,,0,13.330275535583496,100.99788665771484,140.6740570512057,3,True,0.6830000281333923,1,0,0,0,0,0.0,0.0,0.0,0,0,nan,nan,nan,,nan,nan,nan,2,27,-,SELECT OWNER FIRST,
2026-07-08T18:48:08.335,2348.335,mission_20260708_180900_manual,MANUAL,,0,13.330275535583496,100.99788665771484,140.67137961705106,3,True,0.6819999814033508,1,0,0,0,0,0.0,0.0,0.0,0,0,nan,nan,nan,,nan,nan,nan,2,27,-,SELECT OWNER FIRST,
2026-07-08T18:48:10.353,2350.354,mission_20260708_180900_manual,MANUAL,,0,13.330275535583496,100.99788665771484,140.69703380757363,3,True,0.6817499995231628,1,0,0,0,0,0.0,0.0,0.0,0,0,nan,nan,nan,,nan,nan,nan,2,26,-,SELECT OWNER FIRST,
2026-07-08T18:48:12.379,2352.38,mission_20260708_180900_manual,MANUAL,,0,13.330275535583496,100.99788665771484,140.7077435441922,3,True,0.6819999814033508,1,0,0,0,0,0.0,0.0,0.0,0,0,nan,nan,nan,,nan,nan,nan,2,27,-,SELECT OWNER FIRST,
2026-07-08T18:48:14.390,2354.391,mission_20260708_180900_manual,MANUAL,,0,13.330275535583496,100.99787902832031,140.71875380913426,3,True,0.6822500228881836,1,0,0,0,0,0.0,0.0,0.0,0,0,nan,nan,nan,,nan,nan,nan,2,28,-,SELECT OWNER FIRST,
2026-07-08T18:48:16.408,2356.409,mission_20260708_180900_manual,MANUAL,,0,13.330275535583496,100.99787902832031,140.7220459603142,3,True,0.6817499995231628,1,0,0,0,0,0.0,0.0,0.0,0,0,nan,nan,nan,,nan,nan,nan,2,26,-,SELECT OWNER FIRST,
2026-07-08T18:48:18.433,2358.433,mission_20260708_180900_manual,MANUAL,,0,13.330275535583496,100.99787902832031,140.7087680725677,3,True,0.6809999942779541,1,0,0,0,0,0.0,0.0,0.0,0,0,nan,nan,nan,,nan,nan,nan,2,27,-,SELECT OWNER FIRST,
2026-07-08T18:48:20.457,2360.457,mission_20260708_180900_manual,MANUAL,,0,13.330275535583496,100.99787902832031,140.69861841146107,3,True,0.6815000176429749,1,0,0,0,0,0.0,0.0,0.0,0,0,nan,nan,nan,,nan,nan,nan,2,27,-,SELECT OWNER FIRST,
2026-07-08T18:48:22.469,2362.47,mission_20260708_180900_manual,MANUAL,,0,13.330275535583496,100.99787902832031,140.68994407121514,3,True,0.6819999814033508,1,0,0,0,0,0.0,0.0,0.0,0,0,nan,nan,nan,,nan,nan,nan,2,26,-,SELECT OWNER FIRST,
2026-07-08T18:48:24.497,2364.497,mission_20260708_180900_manual,MANUAL,,0,13.33027458190918,100.99787902832031,140.67777267411418,3,True,0.6822500228881836,1,0,0,0,0,0.0,0.0,0.0,0,0,nan,nan,nan,,nan,nan,nan,2,25,-,SELECT OWNER FIRST,
2026-07-08T18:48:26.505,2366.505,mission_20260708_180900_manual,MANUAL,,0,13.33027458190918,100.99787902832031,140.66939886219174,3,True,0.6827499866485596,1,0,0,0,0,0.0,0.0,0.0,0,0,nan,nan,nan,,nan,nan,nan,2,27,-,SELECT OWNER FIRST,
2026-07-08T18:48:28.533,2368.533,mission_20260708_180900_manual,MANUAL,,0,13.33027458190918,100.99787902832031,140.65755531417093,3,True,0.6815000176429749,1,0,0,0,0,0.0,0.0,0.0,0,0,nan,nan,nan,,nan,nan,nan,2,27,-,SELECT OWNER FIRST,
2026-07-08T18:48:30.555,2370.556,mission_20260708_180900_manual,MANUAL,,0,13.330275535583496,100.99787902832031,140.64658603036392,3,True,0.6825000047683716,1,0,0,0,0,0.0,0.0,0.0,0,0,nan,nan,nan,,nan,nan,nan,2,27,-,SELECT OWNER FIRST,
2026-07-08T18:48:32.570,2372.57,mission_20260708_180900_manual,MANUAL,,0,13.330275535583496,100.99787902832031,140.63531621823338,3,True,0.6825000047683716,1,0,0,0,0,0.0,0.0,0.0,0,0,nan,nan,nan,,nan,nan,nan,2,27,-,SELECT OWNER FIRST,
2026-07-08T18:48:34.577,2374.577,mission_20260708_180900_manual,MANUAL,,0,13.330275535583496,100.99787902832031,140.63516595407165,3,True,0.6817499995231628,1,0,0,0,0,0.0,0.0,0.0,0,0,nan,nan,nan,,nan,nan,nan,2,26,-,SELECT OWNER FIRST,
2026-07-08T18:48:36.585,2376.586,mission_20260708_180900_manual,MANUAL,,0,13.330275535583496,100.99787902832031,140.6353571993684,3,True,0.6822500228881836,1,0,0,0,0,0.0,0.0,0.0,0,0,nan,nan,nan,,nan,nan,nan,2,26,-,SELECT OWNER FIRST,
2026-07-08T18:48:38.600,2378.6,mission_20260708_180900_manual,MANUAL,,0,13.330275535583496,100.99787902832031,140.62692874593262,3,True,0.6822500228881836,1,0,0,0,0,0.0,0.0,0.0,0,0,nan,nan,nan,,nan,nan,nan,2,26,-,SELECT OWNER FIRST,
2026-07-08T18:48:40.615,2380.615,mission_20260708_180900_manual,MANUAL,,0,13.330275535583496,100.99787902832031,140.6148802922367,3,True,0.6817499995231628,1,0,0,0,0,0.0,0.0,0.0,0,0,nan,nan,nan,,nan,nan,nan,2,27,-,SELECT OWNER FIRST,
2026-07-08T18:48:42.744,2382.745,mission_20260708_180900_manual,MANUAL,,0,13.330275535583496,100.99787902832031,140.61513983942515,3,True,0.6825000047683716,1,0,0,0,0,0.0,0.0,0.0,0,0,nan,nan,nan,,nan,nan,nan,2,26,-,SELECT OWNER FIRST,
2026-07-08T18:48:44.760,2384.76,mission_20260708_180900_manual,MANUAL,,0,13.330275535583496,100.99787902832031,140.6136781789428,3,True,0.6817499995231628,1,0,0,0,0,0.0,0.0,0.0,0,0,nan,nan,nan,,nan,nan,nan,2,27,-,SELECT OWNER FIRST,
2026-07-08T18:48:46.786,2386.786,mission_20260708_180900_manual,MANUAL,,0,13.330275535583496,100.99788665771484,140.60400663107805,3,True,0.6822500228881836,1,0,0,0,0,0.0,0.0,0.0,0,0,nan,nan,nan,,nan,nan,nan,2,28,-,SELECT OWNER FIRST,
2026-07-08T18:48:48.814,2388.815,mission_20260708_180900_manual,MANUAL,,0,13.330277442932129,100.99788665771484,140.61008549943935,3,True,0.6827499866485596,1,0,0,0,0,0.0,0.0,0.0,0,0,nan,nan,nan,,nan,nan,nan,2,27,-,SELECT OWNER FIRST,
2026-07-08T18:48:50.847,2390.848,mission_20260708_180900_manual,MANUAL,,0,13.330280303955078,100.99788665771484,140.62729757614778,3,True,0.6819999814033508,1,0,0,0,0,0.0,0.0,0.0,0,0,nan,nan,nan,,nan,nan,nan,2,28,-,SELECT OWNER FIRST,
2026-07-08T18:48:52.885,2392.886,mission_20260708_180900_manual,MANUAL,,0,13.330284118652344,100.99788665771484,140.64420912453275,3,True,0.6815000176429749,1,0,0,0,0,0.0,0.0,0.0,0,0,nan,nan,nan,,nan,nan,nan,2,28,-,SELECT OWNER FIRST,
2026-07-08T18:48:54.903,2394.904,mission_20260708_180900_manual,MANUAL,,0,13.330286979675293,100.99788665771484,140.66625697517355,3,True,0.6815000176429749,1,0,0,0,0,0.0,0.0,0.0,0,0,nan,nan,nan,,nan,nan,nan,2,27,-,SELECT OWNER FIRST,
2026-07-08T18:48:56.907,2396.908,mission_20260708_180900_manual,MANUAL,,0,13.330288887023926,100.99788665771484,140.68939765608155,3,True,0.6815000176429749,1,0,0,0,0,0.0,0.0,0.0,0,0,nan,nan,nan,,nan,nan,nan,2,27,-,SELECT OWNER FIRST,
2026-07-08T18:48:58.938,2398.939,mission_20260708_180900_manual,MANUAL,,0,13.330289840698242,100.99788665771484,140.69986150589,3,True,0.6825000047683716,1,0,0,0,0,0.0,0.0,0.0,0,0,nan,nan,nan,,nan,nan,nan,2,27,-,SELECT OWNER FIRST,
2026-07-08T18:49:00.956,2400.956,mission_20260708_180900_manual,MANUAL,,0,13.330288887023926,100.99788665771484,140.69848180767767,3,True,0.6825000047683716,1,0,0,0,0,0.0,0.0,0.0,0,0,nan,nan,nan,,nan,nan,nan,2,27,-,SELECT OWNER FIRST,
2026-07-08T18:49:02.980,2402.981,mission_20260708_180900_manual,MANUAL,,0,13.33028793334961,100.99788665771484,140.69296301482828,3,True,0.6819999814033508,1,0,0,0,0,0.0,0.0,0.0,0,0,nan,nan,nan,,nan,nan,nan,2,25,-,SELECT OWNER FIRST,
2026-07-08T18:49:04.995,2404.995,mission_20260708_180900_manual,MANUAL,,0,13.330286979675293,100.99788665771484,140.68005395729696,3,True,0.6825000047683716,1,0,0,0,0,0.0,0.0,0.0,0,0,nan,nan,nan,,nan,nan,nan,2,25,-,SELECT OWNER FIRST,
2026-07-08T18:49:07.022,2407.022,mission_20260708_180900_manual,MANUAL,,0,13.330286026000977,100.99788665771484,140.66165342767295,3,True,0.6822500228881836,1,0,0,0,0,0.0,0.0,0.0,0,0,nan,nan,nan,,nan,nan,nan,2,25,-,SELECT OWNER FIRST,
2026-07-08T18:49:09.035,2409.036,mission_20260708_180900_manual,MANUAL,,0,13.330286026000977,100.99788665771484,140.64496044534144,3,True,0.6825000047683716,1,0,0,0,0,0.0,0.0,0.0,0,0,nan,nan,nan,,nan,nan,nan,2,26,-,SELECT OWNER FIRST,
2026-07-08T18:49:11.051,2411.051,mission_20260708_180900_manual,MANUAL,,0,13.330284118652344,100.99788665771484,140.63169621797329,3,True,0.6812499761581421,1,0,0,0,0,0.0,0.0,0.0,0,0,nan,nan,nan,,nan,nan,nan,2,26,-,SELECT OWNER FIRST,
2026-07-08T18:49:13.064,2413.065,mission_20260708_180900_manual,MANUAL,,0,13.330282211303711,100.99788665771484,140.61373282045614,3,True,0.6822500228881836,1,0,0,0,0,0.0,0.0,0.0,0,0,nan,nan,nan,,nan,nan,nan,2,26,-,SELECT OWNER FIRST,
2026-07-08T18:49:15.091,2415.092,mission_20260708_180900_manual,MANUAL,,0,13.330280303955078,100.99788665771484,140.6071621784746,3,True,0.6847500205039978,1,0,0,0,0,0.0,0.0,0.0,0,0,nan,nan,nan,,nan,nan,nan,2,26,-,SELECT OWNER FIRST,
2026-07-08T18:49:17.108,2417.108,mission_20260708_180900_manual,MANUAL,,0,13.330278396606445,100.99788665771484,140.60538632929038,3,True,0.6815000176429749,1,0,0,0,0,0.0,0.0,0.0,0,0,nan,nan,nan,,nan,nan,nan,2,26,-,SELECT OWNER FIRST,
2026-07-08T18:49:19.129,2419.13,mission_20260708_180900_manual,MANUAL,,0,13.330277442932129,100.99788665771484,140.5864803656678,3,True,0.6802499890327454,1,0,0,0,0,0.0,0.0,0.0,0,0,nan,nan,nan,,nan,nan,nan,2,26,-,SELECT OWNER FIRST,
2026-07-08T18:49:21.155,2421.156,mission_20260708_180900_manual,MANUAL,,0,13.330272674560547,100.99788665771484,140.58124844076357,3,True,0.6819999814033508,1,0,0,0,0,0.0,0.0,0.0,0,0,nan,nan,nan,,nan,nan,nan,2,24,-,SELECT OWNER FIRST,
2026-07-08T18:49:23.180,2423.181,mission_20260708_180900_manual,MANUAL,,0,13.330270767211914,100.99789428710938,140.57934964817431,3,True,0.6827499866485596,1,0,0,0,0,0.0,0.0,0.0,0,0,nan,nan,nan,,nan,nan,nan,2,23,-,SELECT OWNER FIRST,
2026-07-08T18:49:25.189,2425.189,mission_20260708_180900_manual,MANUAL,,0,13.330268859863281,100.99788665771484,140.58657598831618,3,True,0.6822500228881836,1,0,0,0,0,0.0,0.0,0.0,0,0,nan,nan,nan,,nan,nan,nan,2,24,-,SELECT OWNER FIRST,
2026-07-08T18:49:27.214,2427.214,mission_20260708_180900_manual,MANUAL,,0,13.330266952514648,100.99788665771484,140.58945832814592,3,True,0.6819999814033508,1,0,0,0,0,0.0,0.0,0.0,0,0,nan,nan,nan,,nan,nan,nan,2,24,-,SELECT OWNER FIRST,
2026-07-08T18:49:29.235,2429.235,mission_20260708_180900_manual,MANUAL,,0,13.330265045166016,100.99788665771484,140.58419908248501,3,True,0.6819999814033508,1,0,0,0,0,0.0,0.0,0.0,0,0,nan,nan,nan,,nan,nan,nan,2,24,-,SELECT OWNER FIRST,
2026-07-08T18:49:31.255,2431.255,mission_20260708_180900_manual,MANUAL,,0,13.330263137817383,100.99788665771484,140.58657598831618,3,True,0.6822500228881836,1,0,0,0,0,0.0,0.0,0.0,0,0,nan,nan,nan,,nan,nan,nan,2,25,-,SELECT OWNER FIRST,
2026-07-08T18:49:33.266,2433.266,mission_20260708_180900_manual,MANUAL,,0,13.330262184143066,100.99788665771484,140.58593395053418,3,True,0.6815000176429749,1,0,0,0,0,0.0,0.0,0.0,0,0,nan,nan,nan,,nan,nan,nan,2,25,-,SELECT OWNER FIRST,
2026-07-08T18:49:35.286,2435.286,mission_20260708_180900_manual,MANUAL,,0,13.33026123046875,100.99788665771484,140.576002855481,3,True,0.6817499995231628,1,0,0,0,0,0.0,0.0,0.0,0,0,nan,nan,nan,,nan,nan,nan,2,27,-,SELECT OWNER FIRST,
2026-07-08T18:49:37.319,2437.319,mission_20260708_180900_manual,MANUAL,,0,13.330260276794434,100.99788665771484,140.55992459017477,3,True,0.6815000176429749,1,0,0,0,0,0.0,0.0,0.0,0,0,nan,nan,nan,,nan,nan,nan,2,25,-,SELECT OWNER FIRST,
2026-07-08T18:49:39.345,2439.345,mission_20260708_180900_manual,MANUAL,,0,13.3302583694458,100.99788665771484,140.5591459486094,3,True,0.6817499995231628,1,0,0,0,0,0.0,0.0,0.0,0,0,nan,nan,nan,,nan,nan,nan,2,25,-,SELECT OWNER FIRST,
2026-07-08T18:49:41.379,2441.379,mission_20260708_180900_manual,MANUAL,,0,13.330256462097168,100.99788665771484,140.54946074036633,3,True,0.6815000176429749,1,0,0,0,0,0.0,0.0,0.0,0,0,nan,nan,nan,,nan,nan,nan,2,25,-,SELECT OWNER FIRST,
2026-07-08T18:49:43.399,2443.399,mission_20260708_180900_manual,MANUAL,,0,13.330254554748535,100.99788665771484,140.54735704210196,3,True,0.6825000047683716,1,0,0,0,0,0.0,0.0,0.0,0,0,nan,nan,nan,,nan,nan,nan,2,25,-,SELECT OWNER FIRST,
2026-07-08T18:49:45.414,2445.415,mission_20260708_180900_manual,MANUAL,,0,13.330253601074219,100.99788665771484,140.54450202302888,3,True,0.6822500228881836,1,0,0,0,0,0.0,0.0,0.0,0,0,nan,nan,nan,,nan,nan,nan,2,25,-,SELECT OWNER FIRST,
2026-07-08T18:49:47.446,2447.446,mission_20260708_180900_manual,MANUAL,,0,13.330252647399902,100.99788665771484,140.53549983370283,3,True,0.6817499995231628,1,0,0,0,0,0.0,0.0,0.0,0,0,nan,nan,nan,,nan,nan,nan,2,24,-,SELECT OWNER FIRST,
2026-07-08T18:49:49.473,2449.473,mission_20260708_180900_manual,MANUAL,,0,13.33025074005127,100.99788665771484,140.5363467771599,3,True,0.6822500228881836,1,0,0,0,0,0.0,0.0,0.0,0,0,nan,nan,nan,,nan,nan,nan,2,25,-,SELECT OWNER FIRST,
2026-07-08T18:49:51.491,2451.492,mission_20260708_180900_manual,MANUAL,,0,13.330249786376953,100.99788665771484,140.53752156969713,3,True,0.6827499866485596,1,0,0,0,0,0.0,0.0,0.0,0,0,nan,nan,nan,,nan,nan,nan,2,25,-,SELECT OWNER FIRST,
2026-07-08T18:49:53.521,2453.522,mission_20260708_180900_manual,MANUAL,,0,13.33024787902832,100.99788665771484,140.52764511615732,3,True,0.6825000047683716,1,0,0,0,0,0.0,0.0,0.0,0,0,nan,nan,nan,,nan,nan,nan,2,25,-,SELECT OWNER FIRST,
2026-07-08T18:49:55.532,2455.532,mission_20260708_180900_manual,MANUAL,,0,13.330245971679688,100.99788665771484,140.53167492776763,3,True,0.6825000047683716,1,0,0,0,0,0.0,0.0,0.0,0,0,nan,nan,nan,,nan,nan,nan,2,25,-,SELECT OWNER FIRST,
2026-07-08T18:49:57.550,2457.551,mission_20260708_180900_manual,MANUAL,,0,13.330245018005371,100.99788665771484,140.53254919198136,3,True,0.6812499761581421,1,0,0,0,0,0.0,0.0,0.0,0,0,nan,nan,nan,,nan,nan,nan,2,25,-,SELECT OWNER FIRST,
2026-07-08T18:49:59.562,2459.562,mission_20260708_180900_manual,MANUAL,,0,13.330242156982422,100.99788665771484,140.53357372035688,3,True,0.6825000047683716,1,0,0,0,0,0.0,0.0,0.0,0,0,nan,nan,nan,,nan,nan,nan,2,24,-,SELECT OWNER FIRST,
2026-07-08T18:50:01.573,2461.573,mission_20260708_180900_manual,MANUAL,,0,13.330242156982422,100.99788665771484,140.5268937953486,3,True,0.6819999814033508,1,0,0,0,0,0.0,0.0,0.0,0,0,nan,nan,nan,,nan,nan,nan,2,24,-,SELECT OWNER FIRST,
2026-07-08T18:50:03.578,2463.579,mission_20260708_180900_manual,MANUAL,,0,13.330242156982422,100.99788665771484,140.52838277658768,3,True,0.6822500228881836,1,0,0,0,0,0.0,0.0,0.0,0,0,nan,nan,nan,,nan,nan,nan,2,24,-,SELECT OWNER FIRST,
2026-07-08T18:50:05.593,2465.594,mission_20260708_180900_manual,MANUAL,,0,13.330241203308105,100.99788665771484,140.5285603615061,3,True,0.6825000047683716,1,0,0,0,0,0.0,0.0,0.0,0,0,nan,nan,nan,,nan,nan,nan,2,24,-,SELECT OWNER FIRST,
2026-07-08T18:50:07.617,2467.617,mission_20260708_180900_manual,MANUAL,,0,13.330240249633789,100.99788665771484,140.52189409687617,3,True,0.6815000176429749,1,0,0,0,0,0.0,0.0,0.0,0,0,nan,nan,nan,,nan,nan,nan,2,24,-,SELECT OWNER FIRST,
2026-07-08T18:50:09.644,2469.644,mission_20260708_180900_manual,MANUAL,,0,13.330239295959473,100.99788665771484,140.51830141737273,3,True,0.6827499866485596,1,0,0,0,0,0.0,0.0,0.0,0,0,nan,nan,nan,,nan,nan,nan,2,24,-,SELECT OWNER FIRST,
                                                                                                                                                                                                                                                                                                                                                                                                                                                                                                                                                                                                                                                                                                                                                                                                                                                                                                                                                                                                                                                                                                                                                                                                                                                                                                                                                                                                                                                                                                                                                                                                                                                                                                                                                                                                                                                                                                                                                                                                                                                                                                                                                                                                                                                                                                                                                                                                                                                                                                                                                                                                                                                                                            