iso_time,elapsed_s,mission_id,run_mode,event,hw_mode,lat,lng,yaw_deg,gps_fix,gps_ready,lidar_min_front_m,lidar_obstacle,pwm_l,pwm_r,enc_l,enc_r,wheel_speed_l_kph,wheel_speed_r_kph,wheel_speed_avg_kph,wp_idx,path_len,target_lat,target_lng,dist_to_target_m,battery_soc_pct,battery_voltage_v,battery_current_a,battery_temp_c,battery_status,num_sats,segment,follow_status,follow_debug
2026-07-10T00:48:42.039,0.039,mission_20260710_004842_manual,MANUAL,MISSION_START,0,13.330345153808594,100.99789428710938,155.12658707079095,4,True,0.6980000138282776,1,0,0,-1,0,0.0,0.0,0.0,0,0,nan,nan,nan,94,26.299999237060547,0.0,31.0,0,23,-,SELECT OWNER FIRST,
2026-07-10T00:48:44.044,2.044,mission_20260710_004842_manual,MANUAL,,0,13.33034610748291,100.99789428710938,155.12359544793446,4,True,0.7007499933242798,1,0,0,-1,0,0.0,0.0,0.0,0,0,nan,nan,nan,94,26.299999237060547,0.0,31.0,0,23,-,SELECT OWNER FIRST,
2026-07-10T00:48:46.044,4.045,mission_20260710_004842_manual,MANUAL,,0,13.33034610748291,100.99788665771484,155.12228405161383,4,True,0.6995000243186951,1,0,0,-1,0,0.0,0.0,0.0,0,0,nan,nan,nan,94,26.299999237060547,0.0,31.0,0,23,-,SELECT OWNER FIRST,
2026-07-10T00:48:48.047,6.047,mission_20260710_004842_manual,MANUAL,,0,13.330347061157227,100.99788665771484,155.1255488820371,4,True,0.6984999775886536,1,0,0,-1,0,0.0,0.0,0.0,0,0,nan,nan,nan,94,26.299999237060547,0.0,31.0,0,23,-,SELECT OWNER FIRST,
2026-07-10T00:48:50.056,8.056,mission_20260710_004842_manual,MANUAL,,0,13.330347061157227,100.99788665771484,155.12785748597656,4,True,0.6990000009536743,1,0,0,-1,0,0.0,0.0,0.0,0,0,nan,nan,nan,94,26.299999237060547,0.0,31.0,0,24,-,SELECT OWNER FIRST,
2026-07-10T00:48:52.241,10.241,mission_20260710_004842_manual,MANUAL,,0,13.330348014831543,100.99788665771484,155.1279394482466,4,True,0.6967499852180481,1,0,0,-1,0,0.0,0.0,0.0,0,0,nan,nan,nan,94,26.299999237060547,0.0,31.0,0,26,-,SELECT OWNER FIRST,
2026-07-10T00:48:54.251,12.252,mission_20260710_004842_manual,MANUAL,,0,13.330345153808594,100.99788665771484,155.1277345425715,4,True,0.6970000267028809,1,0,0,-1,0,0.0,0.0,0.0,0,0,nan,nan,nan,94,26.299999237060547,0.0,31.0,0,26,-,SELECT OWNER FIRST,
2026-07-10T00:48:56.437,14.437,mission_20260710_004842_manual,MANUAL,,0,13.330344200134277,100.99788665771484,155.12235235350553,4,True,0.6980000138282776,1,0,0,-1,0,0.0,0.0,0.0,0,0,nan,nan,nan,94,26.299999237060547,0.0,31.0,0,26,-,SELECT OWNER FIRST,
2026-07-10T00:48:58.637,16.637,mission_20260710_004842_manual,MANUAL,,0,13.330343246459961,100.99788665771484,155.13401831660792,4,True,0.7002500295639038,1,0,0,-1,0,0.0,0.0,0.0,0,0,nan,nan,nan,94,26.299999237060547,0.0,31.0,0,27,-,SELECT OWNER FIRST,
2026-07-10T00:49:00.638,18.639,mission_20260710_004842_manual,MANUAL,,0,13.330343246459961,100.99788665771484,155.1244287310132,4,True,0.6974999904632568,1,0,0,-1,0,0.0,0.0,0.0,0,0,nan,nan,nan,94,26.299999237060547,0.0,31.0,0,27,-,SELECT OWNER FIRST,
2026-07-10T00:49:02.643,20.643,mission_20260710_004842_manual,MANUAL,,0,13.330343246459961,100.99788665771484,155.12355446679945,4,True,0.7002500295639038,1,0,0,-1,0,0.0,0.0,0.0,0,0,nan,nan,nan,94,26.299999237060547,0.0,31.0,0,26,-,SELECT OWNER FIRST,
2026-07-10T00:49:04.833,22.833,mission_20260710_004842_manual,MANUAL,,0,13.330341339111328,100.99788665771484,155.11460691898674,4,True,0.7002500295639038,1,0,0,-1,0,0.0,0.0,0.0,0,0,nan,nan,nan,94,26.299999237060547,0.0,31.0,0,27,-,SELECT OWNER FIRST,
2026-07-10T00:49:07.032,25.032,mission_20260710_004842_manual,MANUAL,,0,13.330340385437012,100.99788665771484,155.09594684217427,4,True,0.7007499933242798,1,0,0,-1,0,0.0,0.0,0.0,0,0,nan,nan,nan,94,26.299999237060547,0.0,31.0,0,28,-,SELECT OWNER FIRST,
2026-07-10T00:49:09.033,27.033,mission_20260710_004842_manual,MANUAL,,0,13.330338478088379,100.99788665771484,155.099512200921,4,True,0.7012500166893005,1,0,0,-1,0,0.0,0.0,0.0,0,0,nan,nan,nan,94,26.299999237060547,0.0,31.0,0,27,-,SELECT OWNER FIRST,
2026-07-10T00:49:11.033,29.034,mission_20260710_004842_manual,MANUAL,,0,13.330338478088379,100.99788665771484,155.1029546162627,4,True,0.6995000243186951,1,0,0,-1,0,0.0,0.0,0.0,0,0,nan,nan,nan,94,26.299999237060547,0.0,31.0,0,28,-,SELECT OWNER FIRST,
2026-07-10T00:49:13.034,31.034,mission_20260710_004842_manual,MANUAL,,0,13.330336570739746,100.99788665771484,155.08895272846416,4,True,0.6977499723434448,1,0,0,-1,0,0.0,0.0,0.0,0,0,nan,nan,nan,94,26.299999237060547,0.0,31.0,0,28,-,SELECT OWNER FIRST,
2026-07-10T00:49:15.039,33.04,mission_20260710_004842_manual,MANUAL,,0,13.33033561706543,100.99789428710938,155.09311914385788,4,True,0.6987500190734863,1,0,0,-1,0,0.0,0.0,0.0,0,0,nan,nan,nan,94,26.299999237060547,0.0,31.0,0,29,-,SELECT OWNER FIRST,
2026-07-10T00:49:17.233,35.234,mission_20260710_004842_manual,MANUAL,,0,13.330333709716797,100.99789428710938,155.1021349935623,4,True,0.6980000138282776,1,0,0,-1,0,0.0,0.0,0.0,0,0,nan,nan,nan,94,26.299999237060547,0.0,31.0,0,27,-,SELECT OWNER FIRST,
2026-07-10T00:49:19.234,37.235,mission_20260710_004842_manual,MANUAL,,0,13.33033275604248,100.99789428710938,155.10945695635255,4,True,0.6980000138282776,1,0,0,-1,0,0.0,0.0,0.0,0,0,nan,nan,nan,94,26.299999237060547,0.0,31.0,0,29,-,SELECT OWNER FIRST,
2026-07-10T00:49:21.237,39.237,mission_20260710_004842_manual,MANUAL,,0,13.330331802368164,100.99789428710938,155.1220654855604,4,True,0.6990000009536743,1,0,0,-1,0,0.0,0.0,0.0,0,0,nan,nan,nan,94,26.299999237060547,0.0,31.0,0,29,-,SELECT OWNER FIRST,
2026-07-10T00:49:23.239,41.239,mission_20260710_004842_manual,MANUAL,,0,13.330329895019531,100.99789428710938,155.13522042990184,4,True,0.6982499957084656,1,0,0,-1,0,0.0,0.0,0.0,0,0,nan,nan,nan,94,26.299999237060547,0.0,31.0,0,30,-,SELECT OWNER FIRST,
2026-07-10T00:49:25.239,43.24,mission_20260710_004842_manual,MANUAL,,0,13.330327987670898,100.9979019165039,155.12893665586543,4,True,0.6997500061988831,1,0,0,-1,0,0.0,0.0,0.0,0,0,nan,nan,nan,94,26.299999237060547,0.0,31.0,0,30,-,SELECT OWNER FIRST,
2026-07-10T00:49:27.429,45.43,mission_20260710_004842_manual,MANUAL,,0,13.330327033996582,100.9979019165039,155.1321058636403,4,True,0.699999988079071,1,0,0,-1,0,0.0,0.0,0.0,0,0,nan,nan,nan,94,26.299999237060547,0.0,31.0,0,28,-,SELECT OWNER FIRST,
2026-07-10T00:49:29.430,47.43,mission_20260710_004842_manual,MANUAL,,0,13.330326080322266,100.9979019165039,155.13781590178644,4,True,0.6970000267028809,1,0,0,-1,0,0.0,0.0,0.0,0,0,nan,nan,nan,94,26.299999237060547,0.0,31.0,0,27,-,SELECT OWNER FIRST,
2026-07-10T00:49:31.430,49.431,mission_20260710_004842_manual,MANUAL,,0,13.330324172973633,100.9979019165039,155.14549303441353,4,True,0.699999988079071,1,0,0,-1,0,0.0,0.0,0.0,0,0,nan,nan,nan,94,26.299999237060547,0.0,31.0,0,28,-,SELECT OWNER FIRST,
2026-07-10T00:49:33.430,51.431,mission_20260710_004842_manual,MANUAL,,0,13.33032512664795,100.9979019165039,155.1580742428647,4,True,0.7017499804496765,1,0,0,-1,0,0.0,0.0,0.0,0,0,nan,nan,nan,94,26.299999237060547,0.0,31.0,0,27,-,SELECT OWNER FIRST,
2026-07-10T00:49:35.431,53.431,mission_20260710_004842_manual,MANUAL,,0,13.330324172973633,100.9979019165039,155.16969922483207,4,True,0.7009999752044678,1,0,0,-1,0,0.0,0.0,0.0,0,0,nan,nan,nan,94,26.299999237060547,0.0,31.0,0,26,-,SELECT OWNER FIRST,
2026-07-10T00:49:37.626,55.627,mission_20260710_004842_manual,MANUAL,,0,13.330322265625,100.9979019165039,155.1718302438531,4,True,0.699999988079071,1,0,0,-1,0,0.0,0.0,0.0,0,0,nan,nan,nan,94,26.299999237060547,0.0,31.0,0,26,-,SELECT OWNER FIRST,
2026-07-10T00:49:39.629,57.629,mission_20260710_004842_manual,MANUAL,,0,13.330320358276367,100.9979019165039,155.16829220586303,4,True,0.6990000009536743,1,0,0,-1,0,0.0,0.0,0.0,0,0,nan,nan,nan,94,26.299999237060547,0.0,31.0,0,25,-,SELECT OWNER FIRST,
2026-07-10T00:49:41.629,59.629,mission_20260710_004842_manual,MANUAL,,0,13.330318450927734,100.9979019165039,155.1593992995637,4,True,0.6997500061988831,1,0,0,-1,0,0.0,0.0,0.0,0,0,nan,nan,nan,94,26.299999237060547,0.0,31.0,0,28,-,SELECT OWNER FIRST,
2026-07-10T00:49:43.634,61.634,mission_20260710_004842_manual,MANUAL,,0,13.330316543579102,100.99790954589844,155.16598360192359,4,True,0.6970000267028809,1,0,0,-1,0,0.0,0.0,0.0,0,0,nan,nan,nan,94,26.299999237060547,0.0,31.0,0,28,-,SELECT OWNER FIRST,
2026-07-10T00:49:45.824,63.825,mission_20260710_004842_manual,MANUAL,,0,13.330314636230469,100.99790954589844,155.17075107396425,4,True,0.6984999775886536,1,0,0,-1,0,0.0,0.0,0.0,0,0,nan,nan,nan,94,26.299999237060547,0.0,31.0,0,27,-,SELECT OWNER FIRST,
2026-07-10T00:49:48.024,66.024,mission_20260710_004842_manual,MANUAL,,0,13.330312728881836,100.99790954589844,155.15427665768618,4,True,0.6995000243186951,1,0,0,-1,0,0.0,0.0,0.0,0,0,nan,nan,nan,94,26.299999237060547,0.0,31.0,0,28,-,SELECT OWNER FIRST,
2026-07-10T00:49:50.029,68.029,mission_20260710_004842_manual,MANUAL,,0,13.330310821533203,100.99790954589844,155.14836171386494,4,True,0.6987500190734863,1,0,0,-1,0,0.0,0.0,0.0,0,0,nan,nan,nan,94,26.299999237060547,0.0,31.0,0,28,-,SELECT OWNER FIRST,
2026-07-10T00:49:52.033,70.034,mission_20260710_004842_manual,MANUAL,,0,13.33030891418457,100.99790954589844,155.15341605385075,4,True,0.6972500085830688,1,0,0,-1,0,0.0,0.0,0.0,0,0,nan,nan,nan,94,26.299999237060547,0.0,31.0,0,27,-,SELECT OWNER FIRST,
2026-07-10T00:49:54.223,72.223,mission_20260710_004842_manual,MANUAL,,0,13.330306053161621,100.99790954589844,155.14580722311536,4,True,0.6987500190734863,1,0,0,-1,0,0.0,0.0,0.0,0,0,nan,nan,nan,94,26.299999237060547,0.0,31.0,0,27,-,SELECT OWNER FIRST,
2026-07-10T00:49:56.225,74.226,mission_20260710_004842_manual,MANUAL,,0,13.330306053161621,100.99790954589844,155.1449739400366,4,True,0.6992499828338623,1,0,0,-1,0,0.0,0.0,0.0,0,0,nan,nan,nan,94,26.299999237060547,0.0,31.0,0,26,-,SELECT OWNER FIRST,
2026-07-10T00:49:58.226,76.227,mission_20260710_004842_manual,MANUAL,,0,13.330306053161621,100.99791717529297,155.15098450650623,4,True,0.6967499852180481,1,0,0,-1,0,0.0,0.0,0.0,0,0,nan,nan,nan,94,26.299999237060547,0.0,31.0,0,26,-,SELECT OWNER FIRST,
2026-07-10T00:50:00.229,78.229,mission_20260710_004842_manual,MANUAL,,0,13.330305099487305,100.99791717529297,155.15157190277483,4,True,0.6984999775886536,1,0,0,-1,0,0.0,0.0,0.0,0,0,nan,nan,nan,94,26.299999237060547,0.0,31.0,0,28,-,SELECT OWNER FIRST,
2026-07-10T00:50:02.230,80.231,mission_20260710_004842_manual,MANUAL,,0,13.330305099487305,100.99791717529297,155.1592080542669,4,True,0.6987500190734863,1,0,0,-1,0,0.0,0.0,0.0,0,0,nan,nan,nan,94,26.299999237060547,0.0,31.0,0,26,-,SELECT OWNER FIRST,
2026-07-10T00:50:04.420,82.421,mission_20260710_004842_manual,MANUAL,,0,13.330304145812988,100.99791717529297,155.17454865914277,4,True,0.699999988079071,1,0,0,-1,0,0.0,0.0,0.0,0,0,nan,nan,nan,94,26.299999237060547,0.0,31.0,0,24,-,SELECT OWNER FIRST,
2026-07-10T00:50:06.621,84.621,mission_20260710_004842_manual,MANUAL,,0,13.330302238464355,100.99791717529297,155.1782779424296,4,True,0.6980000138282776,1,0,0,-1,0,0.0,0.0,0.0,0,0,nan,nan,nan,94,26.299999237060547,0.0,31.0,0,23,-,SELECT OWNER FIRST,
2026-07-10T00:50:08.622,86.623,mission_20260710_004842_manual,MANUAL,,0,13.330301284790039,100.99791717529297,155.177048508379,4,True,0.6965000033378601,1,0,0,-1,0,0.0,0.0,0.0,0,0,nan,nan,nan,94,26.299999237060547,0.0,31.0,0,22,-,SELECT OWNER FIRST,
2026-07-10T00:50:10.625,88.625,mission_20260710_004842_manual,MANUAL,,0,13.330301284790039,100.99791717529297,155.18488956554617,4,True,0.7005000114440918,1,0,0,-1,0,0.0,0.0,0.0,0,0,nan,nan,nan,94,26.299999237060547,0.0,31.0,0,23,-,SELECT OWNER FIRST,
2026-07-10T00:50:12.627,90.628,mission_20260710_004842_manual,MANUAL,,0,13.330300331115723,100.99791717529297,155.18801779218603,4,True,0.7009999752044678,1,0,0,-1,0,0.0,0.0,0.0,0,0,nan,nan,nan,94,26.299999237060547,0.0,31.0,0,22,-,SELECT OWNER FIRST,
2026-07-10T00:50:14.628,92.628,mission_20260710_004842_manual,MANUAL,,0,13.330299377441406,100.99791717529297,155.18184330117634,4,True,0.699999988079071,1,0,0,-1,0,0.0,0.0,0.0,0,0,nan,nan,nan,94,26.299999237060547,0.0,31.0,0,22,-,SELECT OWNER FIRST,
2026-07-10T00:50:16.818,94.818,mission_20260710_004842_manual,MANUAL,,0,13.330299377441406,100.99791717529297,155.17386564022576,4,True,0.7012500166893005,1,0,0,-1,0,0.0,0.0,0.0,0,0,nan,nan,nan,94,26.299999237060547,0.0,31.0,0,23,-,SELECT OWNER FIRST,
2026-07-10T00:50:19.018,97.019,mission_20260710_004842_manual,MANUAL,,0,13.330300331115723,100.99791717529297,155.17239031936504,4,True,0.6984999775886536,1,0,0,-1,0,0.0,0.0,0.0,0,0,nan,nan,nan,94,26.299999237060547,0.0,31.0,0,26,-,SELECT OWNER FIRST,
2026-07-10T00:50:21.024,99.024,mission_20260710_004842_manual,MANUAL,,0,13.330302238464355,100.99791717529297,155.17812767826786,4,True,0.6962500214576721,1,0,0,-1,0,0.0,0.0,0.0,0,0,nan,nan,nan,94,26.299999237060547,0.0,31.0,0,26,-,SELECT OWNER FIRST,
2026-07-10T00:50:23.217,101.218,mission_20260710_004842_manual,MANUAL,,0,13.330303192138672,100.99791717529297,155.16198111106993,4,True,0.6992499828338623,1,0,0,-1,0,0.0,0.0,0.0,0,0,nan,nan,nan,94,26.299999237060547,0.0,31.0,0,26,-,SELECT OWNER FIRST,
2026-07-10T00:50:25.415,103.416,mission_20260710_004842_manual,MANUAL,,0,13.330304145812988,100.99791717529297,155.16236360166346,4,True,0.7002500295639038,1,0,0,-1,0,0.0,0.0,0.0,0,0,nan,nan,nan,94,26.299999237060547,0.0,31.0,0,26,-,SELECT OWNER FIRST,
2026-07-10T00:50:27.417,105.418,mission_20260710_004842_manual,MANUAL,,0,13.330304145812988,100.99791717529297,155.16743160202762,4,True,0.6980000138282776,1,0,0,-1,0,0.0,0.0,0.0,0,0,nan,nan,nan,94,26.299999237060547,0.0,31.0,0,26,-,SELECT OWNER FIRST,
2026-07-10T00:50:29.418,107.418,mission_20260710_004842_manual,MANUAL,,0,13.330305099487305,100.99791717529297,155.16237726204182,4,True,0.6995000243186951,1,0,0,-1,0,0.0,0.0,0.0,0,0,nan,nan,nan,94,26.299999237060547,0.0,31.0,0,27,-,SELECT OWNER FIRST,
2026-07-10T00:50:31.614,109.615,mission_20260710_004842_manual,MANUAL,,0,13.330307006835938,100.99791717529297,155.16244556393352,4,True,0.6974999904632568,1,0,0,-1,0,0.0,0.0,0.0,0,0,nan,nan,nan,94,26.299999237060547,0.0,31.0,0,27,-,SELECT OWNER FIRST,
2026-07-10T00:50:33.616,111.617,mission_20260710_004842_manual,MANUAL,,0,13.330307960510254,100.99791717529297,155.17607862151687,4,True,0.6972500085830688,1,0,0,-1,0,0.0,0.0,0.0,0,0,nan,nan,nan,94,26.299999237060547,0.0,31.0,0,25,-,SELECT OWNER FIRST,
2026-07-10T00:50:35.634,113.635,mission_20260710_004842_manual,MANUAL,,0,13.330307006835938,100.99791717529297,155.17452133838609,4,True,0.6997500061988831,1,0,0,-1,0,0.0,0.0,0.0,0,0,nan,nan,nan,94,26.299999237060547,0.0,31.0,0,26,-,SELECT OWNER FIRST,
2026-07-10T00:50:37.813,115.813,mission_20260710_004842_manual,MANUAL,,0,13.330307006835938,100.9979248046875,155.17092865888267,4,True,0.699999988079071,1,0,0,-1,0,0.0,0.0,0.0,0,0,nan,nan,nan,94,26.299999237060547,0.0,31.0,0,25,-,SELECT OWNER FIRST,
2026-07-10T00:50:39.814,117.815,mission_20260710_004842_manual,MANUAL,,0,13.330306053161621,100.9979248046875,155.1720078287715,4,True,0.6982499957084656,1,0,0,-1,0,0.0,0.0,0.0,0,0,nan,nan,nan,94,26.299999237060547,0.0,31.0,0,24,-,SELECT OWNER FIRST,
2026-07-10T00:50:42.012,120.013,mission_20260710_004842_manual,MANUAL,,0,13.330305099487305,100.9979248046875,155.1779364329711,4,True,0.6967499852180481,1,0,0,-1,0,0.0,0.0,0.0,0,0,nan,nan,nan,94,26.299999237060547,0.0,31.0,0,24,-,SELECT OWNER FIRST,
2026-07-10T00:50:44.017,122.018,mission_20260710_004842_manual,MANUAL,,0,13.330305099487305,100.9979248046875,155.17030028147903,4,True,0.699999988079071,1,0,0,-1,0,0.0,0.0,0.0,0,0,nan,nan,nan,94,26.299999237060547,0.0,31.0,0,24,-,SELECT OWNER FIRST,
2026-07-10T00:50:46.020,124.021,mission_20260710_004842_manual,MANUAL,,0,13.330305099487305,100.9979248046875,155.17853748961807,4,True,0.6990000009536743,1,0,0,-1,0,0.0,0.0,0.0,0,0,nan,nan,nan,94,26.299999237060547,0.0,31.0,0,24,-,SELECT OWNER FIRST,
2026-07-10T00:50:48.020,126.021,mission_20260710_004842_manual,MANUAL,,0,13.330305099487305,100.9979248046875,155.17424813081928,4,True,0.6984999775886536,1,0,0,-1,0,0.0,0.0,0.0,0,0,nan,nan,nan,94,26.299999237060547,0.0,31.0,0,24,-,SELECT OWNER FIRST,
2026-07-10T00:50:50.213,128.213,mission_20260710_004842_manual,MANUAL,,0,13.330306053161621,100.9979248046875,155.1765020932454,4,True,0.6982499957084656,1,0,0,-1,0,0.0,0.0,0.0,0,0,nan,nan,nan,94,26.299999237060547,0.0,31.0,0,25,-,SELECT OWNER FIRST,
2026-07-10T00:50:52.216,130.216,mission_20260710_004842_manual,MANUAL,,0,13.330307960510254,100.9979248046875,155.17580541395006,4,True,0.7007499933242798,1,0,0,-1,0,0.0,0.0,0.0,0,0,nan,nan,nan,94,26.299999237060547,0.0,31.0,0,25,-,SELECT OWNER FIRST,
2026-07-10T00:50:54.217,132.218,mission_20260710_004842_manual,MANUAL,,0,13.33030891418457,100.9979248046875,155.16960360218368,4,True,0.6980000138282776,1,0,0,-1,0,0.0,0.0,0.0,0,0,nan,nan,nan,94,26.299999237060547,0.0,31.0,0,25,-,SELECT OWNER FIRST,
2026-07-10T00:50:56.409,134.409,mission_20260710_004842_manual,MANUAL,,0,13.330309867858887,100.9979248046875,155.17136579098954,4,True,0.6980000138282776,1,0,0,-1,0,0.0,0.0,0.0,0,0,nan,nan,nan,94,26.299999237060547,0.0,31.0,0,25,-,SELECT OWNER FIRST,
2026-07-10T00:50:58.416,136.416,mission_20260710_004842_manual,MANUAL,,0,13.33031177520752,100.9979248046875,155.17185756460978,4,True,0.6980000138282776,1,0,0,-1,0,0.0,0.0,0.0,0,0,nan,nan,nan,94,26.299999237060547,0.0,31.0,0,25,-,SELECT OWNER FIRST,
2026-07-10T00:51:00.609,138.609,mission_20260710_004842_manual,MANUAL,,0,13.33031177520752,100.99793243408203,155.15785567681127,4,True,0.7005000114440918,1,0,0,-1,0,0.0,0.0,0.0,0,0,nan,nan,nan,94,26.299999237060547,0.0,31.0,0,26,-,SELECT OWNER FIRST,
2026-07-10T00:51:02.611,140.611,mission_20260710_004842_manual,MANUAL,,0,13.330312728881836,100.99793243408203,155.1639482055509,4,True,0.6990000009536743,1,0,0,-1,0,0.0,0.0,0.0,0,0,nan,nan,nan,94,26.299999237060547,0.0,31.0,0,26,-,SELECT OWNER FIRST,
2026-07-10T00:51:04.612,142.613,mission_20260710_004842_manual,MANUAL,,0,13.330314636230469,100.99793243408203,155.16551914906,4,True,0.6987500190734863,1,0,0,-1,0,0.0,0.0,0.0,0,0,nan,nan,nan,94,26.299999237060547,0.0,31.0,0,25,-,SELECT OWNER FIRST,
2026-07-10T00:51:06.617,144.617,mission_20260710_004842_manual,MANUAL,,0,13.330314636230469,100.99794006347656,155.16915280969846,4,True,0.6980000138282776,1,0,0,-1,0,0.0,0.0,0.0,0,0,nan,nan,nan,94,26.299999237060547,0.0,31.0,0,24,-,SELECT OWNER FIRST,
2026-07-10T00:51:08.621,146.622,mission_20260710_004842_manual,MANUAL,,0,13.330315589904785,100.99794006347656,155.1671174133258,4,True,0.6949999928474426,1,0,0,-1,0,0.0,0.0,0.0,0,0,nan,nan,nan,94,26.299999237060547,0.0,31.0,0,24,-,SELECT OWNER FIRST,
2026-07-10T00:51:10.805,148.806,mission_20260710_004842_manual,MANUAL,,0,13.330317497253418,100.99794006347656,155.17628352719194,4,True,0.7007499933242798,1,0,0,-1,0,0.0,0.0,0.0,0,0,nan,nan,nan,94,26.299999237060547,0.0,31.0,0,24,-,SELECT OWNER FIRST,
2026-07-10T00:51:13.005,151.006,mission_20260710_004842_manual,MANUAL,,0,13.33031940460205,100.99794006347656,155.18389235792733,4,True,0.6992499828338623,1,0,0,-1,0,0.0,0.0,0.0,0,0,nan,nan,nan,94,26.299999237060547,0.0,31.0,0,23,-,SELECT OWNER FIRST,
2026-07-10T00:51:15.006,153.006,mission_20260710_004842_manual,MANUAL,,0,13.330320358276367,100.99794006347656,155.18596873543504,4,True,0.7002500295639038,1,0,0,-1,0,0.0,0.0,0.0,0,0,nan,nan,nan,94,26.299999237060547,0.0,31.0,0,23,-,SELECT OWNER FIRST,
2026-07-10T00:51:17.006,155.007,mission_20260710_004842_manual,MANUAL,,0,13.330322265625,100.99794006347656,155.18296345220023,4,True,0.6984999775886536,1,0,0,-1,0,0.0,0.0,0.0,0,0,nan,nan,nan,94,26.299999237060547,0.0,31.0,0,23,-,SELECT OWNER FIRST,
2026-07-10T00:51:19.008,157.009,mission_20260710_004842_manual,MANUAL,,0,13.330322265625,100.99794006347656,155.18129688604273,4,True,0.6980000138282776,1,0,0,-1,0,0.0,0.0,0.0,0,0,nan,nan,nan,94,26.299999237060547,0.0,31.0,0,23,-,SELECT OWNER FIRST,
2026-07-10T00:51:21.010,159.011,mission_20260710_004842_manual,MANUAL,,0,13.330323219299316,100.99794006347656,155.19692435886373,4,True,0.6987500190734863,1,0,0,-1,0,0.0,0.0,0.0,0,0,nan,nan,nan,94,26.299999237060547,0.0,31.0,0,23,-,SELECT OWNER FIRST,
2026-07-10T00:51:23.011,161.012,mission_20260710_004842_manual,MANUAL,,0,13.330324172973633,100.99794006347656,155.19726586832223,4,True,0.699999988079071,1,0,0,-1,0,0.0,0.0,0.0,0,0,nan,nan,nan,94,26.299999237060547,0.0,31.0,0,23,-,SELECT OWNER FIRST,
2026-07-10T00:51:25.205,163.205,mission_20260710_004842_manual,MANUAL,,0,13.330324172973633,100.99794006347656,155.188618848833,4,True,0.6987500190734863,1,0,0,-1,0,0.0,0.0,0.0,0,0,nan,nan,nan,94,26.299999237060547,0.0,31.0,0,23,-,SELECT OWNER FIRST,
2026-07-10T00:51:27.211,165.211,mission_20260710_004842_manual,MANUAL,,0,13.330323219299316,100.99794006347656,155.18472564100608,4,True,0.699999988079071,1,0,0,-1,0,0.0,0.0,0.0,0,0,nan,nan,nan,94,26.299999237060547,0.0,31.0,0,23,-,SELECT OWNER FIRST,
2026-07-10T00:51:29.401,167.402,mission_20260710_004842_manual,MANUAL,,0,13.330322265625,100.99794006347656,155.18430216927754,4,True,0.6984999775886536,1,0,0,-1,0,0.0,0.0,0.0,0,0,nan,nan,nan,94,26.299999237060547,0.0,31.0,0,25,-,SELECT OWNER FIRST,
2026-07-10T00:51:31.402,169.402,mission_20260710_004842_manual,MANUAL,,0,13.330322265625,100.99794006347656,155.17573711205836,4,True,0.6990000009536743,1,0,0,-1,0,0.0,0.0,0.0,0,0,nan,nan,nan,94,26.299999237060547,0.0,31.0,0,25,-,SELECT OWNER FIRST,
2026-07-10T00:51:33.403,171.403,mission_20260710_004842_manual,MANUAL,,0,13.330323219299316,100.99794006347656,155.18816805634776,4,True,0.6967499852180481,1,0,0,-1,0,0.0,0.0,0.0,0,0,nan,nan,nan,94,26.299999237060547,0.0,31.0,0,26,-,SELECT OWNER FIRST,
2026-07-10T00:51:35.404,173.404,mission_20260710_004842_manual,MANUAL,,0,13.330323219299316,100.99794006347656,155.18758066007916,4,True,0.6997500061988831,1,0,0,-1,0,0.0,0.0,0.0,0,0,nan,nan,nan,94,26.299999237060547,0.0,31.0,0,24,-,SELECT OWNER FIRST,
2026-07-10T00:51:37.412,175.413,mission_20260710_004842_manual,MANUAL,,0,13.330322265625,100.99794006347656,155.18804511294272,4,True,0.7005000114440918,1,0,0,-1,0,0.0,0.0,0.0,0,0,nan,nan,nan,94,26.299999237060547,0.0,31.0,0,26,-,SELECT OWNER FIRST,
2026-07-10T00:51:39.602,177.603,mission_20260710_004842_manual,MANUAL,,0,13.330322265625,100.99793243408203,155.1800537916138,4,True,0.7002500295639038,1,0,0,-1,0,0.0,0.0,0.0,0,0,nan,nan,nan,94,26.299999237060547,0.0,31.0,0,25,-,SELECT OWNER FIRST,
2026-07-10T00:51:41.618,179.619,mission_20260710_004842_manual,MANUAL,,0,13.330321311950684,100.99793243408203,155.17795009334944,4,True,0.6984999775886536,1,0,0,-1,0,0.0,0.0,0.0,0,0,nan,nan,nan,94,26.299999237060547,0.0,31.0,0,27,-,SELECT OWNER FIRST,
2026-07-10T00:51:43.798,181.798,mission_20260710_004842_manual,MANUAL,,0,13.330320358276367,100.99793243408203,155.16068337512763,4,True,0.7005000114440918,1,0,0,-1,0,0.0,0.0,0.0,0,0,nan,nan,nan,94,26.299999237060547,0.0,31.0,0,28,-,SELECT OWNER FIRST,
2026-07-10T00:51:45.800,183.8,mission_20260710_004842_manual,MANUAL,,0,13.33031940460205,100.99793243408203,155.15228224244854,4,True,0.699999988079071,1,0,0,-1,0,0.0,0.0,0.0,0,0,nan,nan,nan,94,26.299999237060547,0.0,31.0,0,28,-,SELECT OWNER FIRST,
2026-07-10T00:51:47.997,185.997,mission_20260710_004842_manual,MANUAL,,0,13.33031940460205,100.99793243408203,155.12996118424093,4,True,0.6962500214576721,1,0,0,-1,0,0.0,0.0,0.0,0,0,nan,nan,nan,94,26.299999237060547,0.0,31.0,0,27,-,SELECT OWNER FIRST,
2026-07-10T00:51:49.999,188.0,mission_20260710_004842_manual,MANUAL,,0,13.33031940460205,100.99793243408203,155.12101363642822,4,True,0.6997500061988831,1,0,0,-1,0,0.0,0.0,0.0,0,0,nan,nan,nan,94,26.299999237060547,0.0,31.0,0,27,-,SELECT OWNER FIRST,
2026-07-10T00:51:52.000,190.001,mission_20260710_004842_manual,MANUAL,,0,13.330318450927734,100.99793243408203,155.12028963637619,4,True,0.7002500295639038,1,0,0,-1,0,0.0,0.0,0.0,0,0,nan,nan,nan,94,26.299999237060547,0.0,31.0,0,28,-,SELECT OWNER FIRST,
2026-07-10T00:51:54.014,192.014,mission_20260710_004842_manual,MANUAL,,0,13.330317497253418,100.99793243408203,155.116546692711,4,True,0.7007499933242798,1,0,0,-1,0,0.0,0.0,0.0,0,0,nan,nan,nan,94,26.299999237060547,0.0,31.0,0,28,-,SELECT OWNER FIRST,
2026-07-10T00:51:56.198,194.199,mission_20260710_004842_manual,MANUAL,,0,13.33031940460205,100.99793243408203,155.0995805028127,4,True,0.6992499828338623,1,0,0,-1,0,0.0,0.0,0.0,0,0,nan,nan,nan,94,26.299999237060547,0.0,31.0,0,28,-,SELECT OWNER FIRST,
2026-07-10T00:51:58.198,196.199,mission_20260710_004842_manual,MANUAL,,0,13.330318450927734,100.99793243408203,155.09335137028967,4,True,0.6984999775886536,1,0,0,-1,0,0.0,0.0,0.0,0,0,nan,nan,nan,94,26.299999237060547,0.0,31.0,0,29,-,SELECT OWNER FIRST,
2026-07-10T00:52:00.199,198.199,mission_20260710_004842_manual,MANUAL,,0,13.33031940460205,100.99793243408203,155.08751838873846,4,True,0.6977499723434448,1,0,0,-1,0,0.0,0.0,0.0,0,0,nan,nan,nan,94,26.299999237060547,0.0,31.0,0,29,-,SELECT OWNER FIRST,
2026-07-10T00:52:02.199,200.2,mission_20260710_004842_manual,MANUAL,,0,13.330320358276367,100.99793243408203,155.08348857712815,4,True,0.7005000114440918,1,0,0,-1,0,0.0,0.0,0.0,0,0,nan,nan,nan,94,26.299999237060547,0.0,31.0,0,29,-,SELECT OWNER FIRST,
2026-07-10T00:52:04.204,202.205,mission_20260710_004842_manual,MANUAL,,0,13.330320358276367,100.99793243408203,155.088583898249,4,True,0.6984999775886536,1,0,0,-1,0,0.0,0.0,0.0,0,0,nan,nan,nan,94,26.299999237060547,0.0,31.0,0,28,-,SELECT OWNER FIRST,
2026-07-10T00:52:06.205,204.206,mission_20260710_004842_manual,MANUAL,,0,13.330320358276367,100.99793243408203,155.10065967270157,4,True,0.6974999904632568,1,0,0,-1,0,0.0,0.0,0.0,0,0,nan,nan,nan,94,26.299999237060547,0.0,31.0,0,27,-,SELECT OWNER FIRST,
2026-07-10T00:52:08.207,206.208,mission_20260710_004842_manual,MANUAL,,0,13.330320358276367,100.99793243408203,155.10766744679,4,True,0.6995000243186951,1,0,0,-1,0,0.0,0.0,0.0,0,0,nan,nan,nan,94,26.299999237060547,0.0,31.0,0,27,-,SELECT OWNER FIRST,
2026-07-10T00:52:10.393,208.393,mission_20260710_004842_manual,MANUAL,,0,13.330321311950684,100.99794006347656,155.11078201305153,4,True,0.6984999775886536,1,0,0,-1,0,0.0,0.0,0.0,0,0,nan,nan,nan,94,26.299999237060547,0.0,31.0,0,27,-,SELECT OWNER FIRST,
2026-07-10T00:52:12.594,210.594,mission_20260710_004842_manual,MANUAL,,0,13.330322265625,100.99794006347656,155.1100580129995,4,True,0.6974999904632568,1,0,0,-1,0,0.0,0.0,0.0,0,0,nan,nan,nan,94,26.299999237060547,0.0,31.0,0,27,-,SELECT OWNER FIRST,
2026-07-10T00:52:14.606,212.607,mission_20260710_004842_manual,MANUAL,,0,13.330322265625,100.99794006347656,155.11147869234688,4,True,0.699999988079071,1,0,0,-1,0,0.0,0.0,0.0,0,0,nan,nan,nan,94,26.299999237060547,0.0,31.0,0,27,-,SELECT OWNER FIRST,
2026-07-10T00:52:16.790,214.791,mission_20260710_004842_manual,MANUAL,,0,13.330321311950684,100.99794006347656,155.11839084378693,4,True,0.6997500061988831,1,0,0,-1,0,0.0,0.0,0.0,0,0,nan,nan,nan,94,26.299999237060547,0.0,31.0,0,28,-,SELECT OWNER FIRST,
2026-07-10T00:52:18.793,216.793,mission_20260710_004842_manual,MANUAL,,0,13.330320358276367,100.99794006347656,155.1232266177193,4,True,0.6974999904632568,1,0,0,-1,0,0.0,0.0,0.0,0,0,nan,nan,nan,94,26.299999237060547,0.0,31.0,0,27,-,SELECT OWNER FIRST,
2026-07-10T00:52:20.989,218.989,mission_20260710_004842_manual,MANUAL,,0,13.330318450927734,100.99794006347656,155.1209043534015,4,True,0.6992499828338623,1,0,0,-1,0,0.0,0.0,0.0,0,0,nan,nan,nan,94,26.299999237060547,0.0,31.0,0,27,-,SELECT OWNER FIRST,
2026-07-10T00:52:22.992,220.992,mission_20260710_004842_manual,MANUAL,,0,13.330317497253418,100.99794006347656,155.12448337252658,4,True,0.6992499828338623,1,0,0,-1,0,0.0,0.0,0.0,0,0,nan,nan,nan,94,26.299999237060547,0.0,31.0,0,27,-,SELECT OWNER FIRST,
2026-07-10T00:52:24.993,222.994,mission_20260710_004842_manual,MANUAL,,0,13.330315589904785,100.99794006347656,155.12496148576847,4,True,0.6995000243186951,1,0,0,-1,0,0.0,0.0,0.0,0,0,nan,nan,nan,94,26.299999237060547,0.0,31.0,0,27,-,SELECT OWNER FIRST,
2026-07-10T00:52:26.998,224.998,mission_20260710_004842_manual,MANUAL,,0,13.330315589904785,100.99794006347656,155.12177861761526,4,True,0.6980000138282776,1,0,0,-1,0,0.0,0.0,0.0,0,0,nan,nan,nan,94,26.299999237060547,0.0,31.0,0,27,-,SELECT OWNER FIRST,
2026-07-10T00:52:29.191,227.191,mission_20260710_004842_manual,MANUAL,,0,13.330314636230469,100.99794006347656,155.11860940984036,4,True,0.6990000009536743,1,0,0,-1,0,0.0,0.0,0.0,0,0,nan,nan,nan,94,26.299999237060547,0.0,31.0,0,27,-,SELECT OWNER FIRST,
2026-07-10T00:52:31.197,229.197,mission_20260710_004842_manual,MANUAL,,0,13.330314636230469,100.99794006347656,155.1057549938224,4,True,0.6990000009536743,1,0,0,-1,0,0.0,0.0,0.0,0,0,nan,nan,nan,94,26.299999237060547,0.0,31.0,0,27,-,SELECT OWNER FIRST,
2026-07-10T00:52:33.387,231.388,mission_20260710_004842_manual,MANUAL,,0,13.330316543579102,100.99794006347656,155.11248956034405,4,True,0.6987500190734863,1,0,0,-1,0,0.0,0.0,0.0,0,0,nan,nan,nan,94,26.299999237060547,0.0,31.0,0,26,-,SELECT OWNER FIRST,
2026-07-10T00:52:35.391,233.391,mission_20260710_004842_manual,MANUAL,,0,13.330317497253418,100.99794006347656,155.12247529691058,4,True,0.7007499933242798,1,0,0,-1,0,0.0,0.0,0.0,0,0,nan,nan,nan,94,26.299999237060547,0.0,31.0,0,27,-,SELECT OWNER FIRST,
2026-07-10T00:52:37.587,235.588,mission_20260710_004842_manual,MANUAL,,0,13.33031940460205,100.99794006347656,155.1271881274379,4,True,0.6974999904632568,1,0,0,-1,0,0.0,0.0,0.0,0,0,nan,nan,nan,94,26.299999237060547,0.0,31.0,0,25,-,SELECT OWNER FIRST,
2026-07-10T00:52:39.589,237.59,mission_20260710_004842_manual,MANUAL,,0,13.330321311950684,100.9979476928711,155.13109499564314,4,True,0.6995000243186951,1,0,0,-1,0,0.0,0.0,0.0,0,0,nan,nan,nan,94,26.299999237060547,0.0,31.0,0,26,-,SELECT OWNER FIRST,
2026-07-10T00:52:41.594,239.595,mission_20260710_004842_manual,MANUAL,,0,13.330322265625,100.9979476928711,155.12171031572356,4,True,0.6974999904632568,1,0,0,-1,0,0.0,0.0,0.0,0,0,nan,nan,nan,94,26.299999237060547,0.0,31.0,0,25,-,SELECT OWNER FIRST,
2026-07-10T00:52:43.786,241.787,mission_20260710_004842_manual,MANUAL,,0,13.330323219299316,100.9979476928711,155.1160959002258,4,True,0.7022500038146973,1,0,0,-1,0,0.0,0.0,0.0,0,0,nan,nan,nan,94,26.299999237060547,0.0,31.0,0,25,-,SELECT OWNER FIRST,
2026-07-10T00:52:45.787,243.787,mission_20260710_004842_manual,MANUAL,,0,13.330324172973633,100.9979476928711,155.12268020258568,4,True,0.7007499933242798,1,0,0,-1,0,0.0,0.0,0.0,0,0,nan,nan,nan,94,26.299999237060547,0.0,31.0,0,26,-,SELECT OWNER FIRST,
2026-07-10T00:52:47.985,245.986,mission_20260710_004842_manual,MANUAL,,0,13.330324172973633,100.9979476928711,155.12956503326907,4,True,0.6990000009536743,1,0,0,-1,0,0.0,0.0,0.0,0,0,nan,nan,nan,94,26.299999237060547,0.0,31.0,0,27,-,SELECT OWNER FIRST,
2026-07-10T00:52:49.992,247.993,mission_20260710_004842_manual,MANUAL,,0,13.330324172973633,100.9979476928711,155.13187363720854,4,True,0.7002500295639038,1,0,0,-1,0,0.0,0.0,0.0,0,0,nan,nan,nan,94,26.299999237060547,0.0,31.0,0,26,-,SELECT OWNER FIRST,
2026-07-10T00:52:51.993,249.993,mission_20260710_004842_manual,MANUAL,,0,13.33032512664795,100.9979476928711,155.1372558262745,4,True,0.6972500085830688,1,0,0,-1,0,0.0,0.0,0.0,0,0,nan,nan,nan,94,26.299999237060547,0.0,31.0,0,26,-,SELECT OWNER FIRST,
2026-07-10T00:52:53.993,251.994,mission_20260710_004842_manual,MANUAL,,0,13.330324172973633,100.9979476928711,155.12751597651805,4,True,0.6997500061988831,1,0,0,-1,0,0.0,0.0,0.0,0,0,nan,nan,nan,94,26.299999237060547,0.0,31.0,0,26,-,SELECT OWNER FIRST,
2026-07-10T00:52:56.186,254.186,mission_20260710_004842_manual,MANUAL,,0,13.330323219299316,100.9979476928711,155.12986556159254,4,True,0.7007499933242798,1,0,0,-1,0,0.0,0.0,0.0,0,0,nan,nan,nan,94,26.299999237060547,0.0,31.0,0,27,-,SELECT OWNER FIRST,
2026-07-10T00:52:58.188,256.189,mission_20260710_004842_manual,MANUAL,,0,13.330323219299316,100.9979476928711,155.1279394482466,4,True,0.6987500190734863,1,0,0,-1,0,0.0,0.0,0.0,0,0,nan,nan,nan,94,26.299999237060547,0.0,31.0,0,27,-,SELECT OWNER FIRST,
2026-07-10T00:53:00.192,258.193,mission_20260710_004842_manual,MANUAL,,0,13.330324172973633,100.9979476928711,155.13209220326198,4,True,0.6980000138282776,1,0,0,-1,0,0.0,0.0,0.0,0,0,nan,nan,nan,94,26.299999237060547,0.0,31.0,0,28,-,SELECT OWNER FIRST,
2026-07-10T00:53:02.382,260.382,mission_20260710_004842_manual,MANUAL,,0,13.330326080322266,100.9979476928711,155.14379914749938,4,True,0.6984999775886536,1,0,0,-1,0,0.0,0.0,0.0,0,0,nan,nan,nan,94,26.299999237060547,0.0,31.0,0,27,-,SELECT OWNER FIRST,
2026-07-10T00:53:04.389,262.389,mission_20260710_004842_manual,MANUAL,,0,13.330327033996582,100.9979476928711,155.14412699657953,4,True,0.7012500166893005,1,0,0,-1,0,0.0,0.0,0.0,0,0,nan,nan,nan,94,26.299999237060547,0.0,31.0,0,27,-,SELECT OWNER FIRST,
2026-07-10T00:53:06.582,264.582,mission_20260710_004842_manual,MANUAL,,0,13.330327033996582,100.9979476928711,155.14159982658663,4,True,0.6995000243186951,1,0,0,-1,0,0.0,0.0,0.0,0,0,nan,nan,nan,94,26.299999237060547,0.0,31.0,0,28,-,SELECT OWNER FIRST,
2026-07-10T00:53:08.584,266.585,mission_20260710_004842_manual,MANUAL,,0,13.330327033996582,100.9979476928711,155.15239152547525,4,True,0.6967499852180481,1,0,0,-1,0,0.0,0.0,0.0,0,0,nan,nan,nan,94,26.299999237060547,0.0,31.0,0,29,-,SELECT OWNER FIRST,
2026-07-10T00:53:10.586,268.586,mission_20260710_004842_manual,MANUAL,,0,13.330327987670898,100.9979476928711,155.15776005416288,4,True,0.699999988079071,1,0,0,-1,0,0.0,0.0,0.0,0,0,nan,nan,nan,94,26.299999237060547,0.0,31.0,0,28,-,SELECT OWNER FIRST,
2026-07-10T00:53:12.588,270.588,mission_20260710_004842_manual,MANUAL,,0,13.330328941345215,100.9979476928711,155.14465975133479,4,True,0.7005000114440918,1,0,0,-1,0,0.0,0.0,0.0,0,0,nan,nan,nan,94,26.299999237060547,0.0,31.0,0,28,-,SELECT OWNER FIRST,
2026-07-10T00:53:14.589,272.589,mission_20260710_004842_manual,MANUAL,,0,13.330330848693848,100.9979476928711,155.14046601518442,4,True,0.6987500190734863,1,0,0,-1,0,0.0,0.0,0.0,0,0,nan,nan,nan,94,26.299999237060547,0.0,31.0,0,28,-,SELECT OWNER FIRST,
2026-07-10T00:53:16.779,274.78,mission_20260710_004842_manual,MANUAL,,0,13.33033275604248,100.9979476928711,155.13298012785407,4,True,0.6990000009536743,1,0,0,-1,0,0.0,0.0,0.0,0,0,nan,nan,nan,94,26.299999237060547,0.0,31.0,0,28,-,SELECT OWNER FIRST,
2026-07-10T00:53:18.979,276.979,mission_20260710_004842_manual,MANUAL,,0,13.330334663391113,100.9979476928711,155.13534337330688,4,True,0.6992499828338623,1,0,0,-1,0,0.0,0.0,0.0,0,0,nan,nan,nan,94,26.299999237060547,0.0,31.0,0,29,-,SELECT OWNER FIRST,
2026-07-10T00:53:20.979,278.98,mission_20260710_004842_manual,MANUAL,,0,13.330336570739746,100.9979476928711,155.1400562038342,4,True,0.6995000243186951,1,0,0,-1,0,0.0,0.0,0.0,0,0,nan,nan,nan,94,26.299999237060547,0.0,31.0,0,29,-,SELECT OWNER FIRST,
2026-07-10T00:53:22.988,280.989,mission_20260710_004842_manual,MANUAL,,0,13.330338478088379,100.9979476928711,155.13431884493139,4,True,0.6995000243186951,1,0,0,-1,0,0.0,0.0,0.0,0,0,nan,nan,nan,94,26.299999237060547,0.0,31.0,0,29,-,SELECT OWNER FIRST,
2026-07-10T00:53:25.178,283.178,mission_20260710_004842_manual,MANUAL,,0,13.330340385437012,100.9979476928711,155.12676465570937,4,True,0.7022500038146973,1,0,0,-1,0,0.0,0.0,0.0,0,0,nan,nan,nan,94,26.299999237060547,0.0,31.0,0,29,-,SELECT OWNER FIRST,
2026-07-10T00:53:27.179,285.18,mission_20260710_004842_manual,MANUAL,,0,13.330341339111328,100.9979476928711,155.12140978740007,4,True,0.6987500190734863,1,0,0,-1,0,0.0,0.0,0.0,0,0,nan,nan,nan,94,26.299999237060547,0.0,31.0,0,29,-,SELECT OWNER FIRST,
2026-07-10T00:53:29.187,287.188,mission_20260710_004842_manual,MANUAL,,0,13.330340385437012,100.9979476928711,155.1209043534015,4,True,0.6995000243186951,1,0,0,-1,0,0.0,0.0,0.0,0,0,nan,nan,nan,94,26.299999237060547,0.0,31.0,0,28,-,SELECT OWNER FIRST,
2026-07-10T00:53:31.376,289.377,mission_20260710_004842_manual,MANUAL,,0,13.330340385437012,100.9979476928711,155.13185997683019,4,True,0.6972500085830688,1,0,0,-1,0,0.0,0.0,0.0,0,0,nan,nan,nan,94,26.299999237060547,0.0,31.0,0,29,-,SELECT OWNER FIRST,
2026-07-10T00:53:33.378,291.378,mission_20260710_004842_manual,MANUAL,,0,13.330340385437012,100.9979476928711,155.13292548634072,4,True,0.6977499723434448,1,0,0,-1,0,0.0,0.0,0.0,0,0,nan,nan,nan,94,26.299999237060547,0.0,31.0,0,29,-,SELECT OWNER FIRST,
2026-07-10T00:53:35.388,293.388,mission_20260710_004842_manual,MANUAL,,0,13.330342292785645,100.9979476928711,155.14423627960625,4,True,0.6990000009536743,1,0,0,-1,0,0.0,0.0,0.0,0,0,nan,nan,nan,94,26.299999237060547,0.0,31.0,0,29,-,SELECT OWNER FIRST,
2026-07-10T00:53:37.575,295.575,mission_20260710_004842_manual,MANUAL,,0,13.330344200134277,100.9979476928711,155.14751477040787,4,True,0.7002500295639038,1,0,0,-1,0,0.0,0.0,0.0,0,0,nan,nan,nan,94,26.299999237060547,0.0,31.0,0,29,-,SELECT OWNER FIRST,
2026-07-10T00:53:39.590,297.591,mission_20260710_004842_manual,MANUAL,,0,13.330344200134277,100.9979476928711,155.13311673163747,4,True,0.6982499957084656,1,0,0,-1,0,0.0,0.0,0.0,0,0,nan,nan,nan,94,26.299999237060547,0.0,31.0,0,28,-,SELECT OWNER FIRST,
2026-07-10T00:53:41.772,299.773,mission_20260710_004842_manual,MANUAL,,0,13.33034610748291,100.9979476928711,155.13009778802433,4,True,0.7022500038146973,1,0,0,-1,0,0.0,0.0,0.0,0,0,nan,nan,nan,94,26.299999237060547,0.0,31.0,0,28,-,SELECT OWNER FIRST,
2026-07-10T00:53:43.774,301.775,mission_20260710_004842_manual,MANUAL,,0,13.33034610748291,100.99795532226562,155.13221514666702,4,True,0.6984999775886536,1,0,0,-1,0,0.0,0.0,0.0,0,0,nan,nan,nan,94,26.299999237060547,0.0,31.0,0,29,-,SELECT OWNER FIRST,
2026-07-10T00:53:45.775,303.776,mission_20260710_004842_manual,MANUAL,,0,13.330347061157227,100.99795532226562,155.13042563710448,4,True,0.6990000009536743,1,0,0,-1,0,0.0,0.0,0.0,0,0,nan,nan,nan,94,26.299999237060547,0.0,31.0,0,29,-,SELECT OWNER FIRST,
2026-07-10T00:53:47.973,305.973,mission_20260710_004842_manual,MANUAL,,0,13.33034896850586,100.99795532226562,155.13303476936744,4,True,0.6992499828338623,1,0,0,-1,0,0.0,0.0,0.0,0,0,nan,nan,nan,94,26.299999237060547,0.0,31.0,0,29,-,SELECT OWNER FIRST,
2026-07-10T00:53:49.977,307.978,mission_20260710_004842_manual,MANUAL,,0,13.330349922180176,100.99795532226562,155.1345647317415,4,True,0.6965000033378601,1,0,0,-1,0,0.0,0.0,0.0,0,0,nan,nan,nan,94,26.299999237060547,0.0,31.0,0,29,-,SELECT OWNER FIRST,
2026-07-10T00:53:52.173,310.173,mission_20260710_004842_manual,MANUAL,,0,13.330350875854492,100.99795532226562,155.14043869442773,4,True,0.7009999752044678,1,0,0,-1,0,0.0,0.0,0.0,0,0,nan,nan,nan,94,26.299999237060547,0.0,31.0,0,29,-,SELECT OWNER FIRST,
2026-07-10T00:53:54.174,312.175,mission_20260710_004842_manual,MANUAL,,0,13.330350875854492,100.99795532226562,155.1380754489749,4,True,0.7005000114440918,1,0,0,-1,0,0.0,0.0,0.0,0,0,nan,nan,nan,94,26.299999237060547,0.0,31.0,0,29,-,SELECT OWNER FIRST,
2026-07-10T00:53:56.183,314.184,mission_20260710_004842_manual,MANUAL,,0,13.330351829528809,100.99795532226562,155.13487892044333,4,True,0.6995000243186951,1,0,0,-1,0,0.0,0.0,0.0,0,0,nan,nan,nan,94,26.299999237060547,0.0,31.0,0,28,-,SELECT OWNER FIRST,
2026-07-10T00:53:58.369,316.369,mission_20260710_004842_manual,MANUAL,,0,13.330352783203125,100.99795532226562,155.12720178781623,4,True,0.7005000114440918,1,0,0,-1,0,0.0,0.0,0.0,0,0,nan,nan,nan,94,26.299999237060547,0.0,31.0,0,30,-,SELECT OWNER FIRST,
2026-07-10T00:54:00.371,318.372,mission_20260710_004842_manual,MANUAL,,0,13.330354690551758,100.99795532226562,155.1263002028458,4,True,0.6990000009536743,1,0,0,-1,0,0.0,0.0,0.0,0,0,nan,nan,nan,94,26.299999237060547,0.0,31.0,0,28,-,SELECT OWNER FIRST,
2026-07-10T00:54:02.568,320.569,mission_20260710_004842_manual,MANUAL,,0,13.330358505249023,100.99795532226562,155.13259763726055,4,True,0.7005000114440918,1,0,0,-1,0,0.0,0.0,0.0,0,0,nan,nan,nan,94,26.299999237060547,0.0,31.0,0,30,-,SELECT OWNER FIRST,
2026-07-10T00:54:04.571,322.571,mission_20260710_004842_manual,MANUAL,,0,13.33035945892334,100.99795532226562,155.1281443539217,4,True,0.6980000138282776,1,0,0,-1,0,0.0,0.0,0.0,0,0,nan,nan,nan,94,26.299999237060547,0.0,31.0,0,29,-,SELECT OWNER FIRST,
2026-07-10T00:54:06.574,324.574,mission_20260710_004842_manual,MANUAL,,0,13.330360412597656,100.99795532226562,155.12645046700754,4,True,0.7009999752044678,1,0,0,-1,0,0.0,0.0,0.0,0,0,nan,nan,nan,94,26.299999237060547,0.0,31.0,0,30,-,SELECT OWNER FIRST,
2026-07-10T00:54:08.575,326.576,mission_20260710_004842_manual,MANUAL,,0,13.330361366271973,100.99795532226562,155.12587673111724,4,True,0.6980000138282776,1,0,0,-1,0,0.0,0.0,0.0,0,0,nan,nan,nan,94,26.299999237060547,0.0,31.0,0,29,-,SELECT OWNER FIRST,
2026-07-10T00:54:10.577,328.578,mission_20260710_004842_manual,MANUAL,,0,13.330361366271973,100.99795532226562,155.11362337174626,4,True,0.6982499957084656,1,0,0,-1,0,0.0,0.0,0.0,0,0,nan,nan,nan,94,26.299999237060547,0.0,31.0,0,29,-,SELECT OWNER FIRST,
2026-07-10T00:54:12.766,330.766,mission_20260710_004842_manual,MANUAL,,0,13.330363273620605,100.99795532226562,155.1063287297127,4,True,0.6974999904632568,1,0,0,-1,0,0.0,0.0,0.0,0,0,nan,nan,nan,94,26.299999237060547,0.0,31.0,0,29,-,SELECT OWNER FIRST,
2026-07-10T00:54:14.965,332.966,mission_20260710_004842_manual,MANUAL,,0,13.330363273620605,100.99795532226562,155.1163691077926,4,True,0.6992499828338623,1,0,0,-1,0,0.0,0.0,0.0,0,0,nan,nan,nan,94,26.299999237060547,0.0,31.0,0,29,-,SELECT OWNER FIRST,
2026-07-10T00:54:16.967,334.968,mission_20260710_004842_manual,MANUAL,,0,13.330362319946289,100.99795532226562,155.11870503248875,4,True,0.7005000114440918,1,0,0,-1,0,0.0,0.0,0.0,0,0,nan,nan,nan,94,26.299999237060547,0.0,31.0,0,29,-,SELECT OWNER FIRST,
2026-07-10T00:54:18.968,336.969,mission_20260710_004842_manual,MANUAL,,0,13.330360412597656,100.99795532226562,155.11250322072237,4,True,0.703249990940094,1,0,0,-1,0,0.0,0.0,0.0,0,0,nan,nan,nan,94,26.299999237060547,0.0,31.0,0,29,-,SELECT OWNER FIRST,
2026-07-10T00:54:20.972,338.972,mission_20260710_004842_manual,MANUAL,,0,13.330354690551758,100.99795532226562,155.09127499278196,4,True,0.6984999775886536,1,0,0,-1,0,0.0,0.0,0.0,0,0,nan,nan,nan,94,26.299999237060547,0.0,31.0,0,27,-,SELECT OWNER FIRST,
2026-07-10T00:54:22.976,340.977,mission_20260710_004842_manual,MANUAL,,0,13.330353736877441,100.9979476928711,155.07351650093995,4,True,0.6990000009536743,1,0,0,-1,0,0.0,0.0,0.0,0,0,nan,nan,nan,94,26.299999237060547,0.0,31.0,0,28,-,SELECT OWNER FIRST,
2026-07-10T00:54:25.165,343.166,mission_20260710_004842_manual,MANUAL,,0,13.330352783203125,100.9979476928711,155.06993748181486,4,True,0.7002500295639038,1,0,0,-1,0,0.0,0.0,0.0,0,0,nan,nan,nan,94,26.299999237060547,0.0,31.0,0,27,-,SELECT OWNER FIRST,
2026-07-10T00:54:27.173,345.174,mission_20260710_004842_manual,MANUAL,,0,13.330351829528809,100.9979476928711,155.07836593525064,4,True,0.6990000009536743,1,0,0,-1,0,0.0,0.0,0.0,0,0,nan,nan,nan,94,26.299999237060547,0.0,31.0,0,28,-,SELECT OWNER FIRST,
2026-07-10T00:54:29.362,347.363,mission_20260710_004842_manual,MANUAL,,0,13.33034896850586,100.9979476928711,155.08194495437573,4,True,0.6995000243186951,1,0,0,-1,0,0.0,0.0,0.0,0,0,nan,nan,nan,94,26.299999237060547,0.0,31.0,0,28,-,SELECT OWNER FIRST,
2026-07-10T00:54:31.363,349.364,mission_20260710_004842_manual,MANUAL,,0,13.330350875854492,100.9979476928711,155.07590706714944,4,True,0.699999988079071,1,0,0,-1,0,0.0,0.0,0.0,0,0,nan,nan,nan,94,26.299999237060547,0.0,31.0,0,26,-,SELECT OWNER FIRST,
2026-07-10T00:54:33.364,351.364,mission_20260710_004842_manual,MANUAL,,0,13.330349922180176,100.99794006347656,155.0765764256881,4,True,0.6990000009536743,1,0,0,-1,0,0.0,0.0,0.0,0,0,nan,nan,nan,94,26.299999237060547,0.0,31.0,0,26,-,SELECT OWNER FIRST,
2026-07-10T00:54:35.365,353.365,mission_20260710_004842_manual,MANUAL,,0,13.33034896850586,100.99794006347656,155.06460993426225,4,True,0.6990000009536743,1,0,0,-1,0,0.0,0.0,0.0,0,0,nan,nan,nan,94,26.299999237060547,0.0,31.0,0,27,-,SELECT OWNER FIRST,
2026-07-10T00:54:37.563,355.564,mission_20260710_004842_manual,MANUAL,,0,13.330347061157227,100.99794006347656,155.05680985823008,4,True,0.7007499933242798,1,0,0,-1,0,0.0,0.0,0.0,0,0,nan,nan,nan,94,26.299999237060547,0.0,31.0,0,27,-,SELECT OWNER FIRST,
2026-07-10T00:54:39.570,357.571,mission_20260710_004842_manual,MANUAL,,0,13.330347061157227,100.99794006347656,155.04474774415584,4,True,0.6990000009536743,1,0,0,-1,0,0.0,0.0,0.0,0,0,nan,nan,nan,94,26.299999237060547,0.0,31.0,0,27,-,SELECT OWNER FIRST,
2026-07-10T00:54:41.762,359.762,mission_20260710_004842_manual,MANUAL,,0,13.33034610748291,100.99794006347656,155.05600389590802,4,True,0.6977499723434448,1,0,0,-1,0,0.0,0.0,0.0,0,0,nan,nan,nan,94,26.299999237060547,0.0,31.0,0,27,-,SELECT OWNER FIRST,
2026-07-10T00:54:43.763,361.763,mission_20260710_004842_manual,MANUAL,,0,13.330347061157227,100.99794006347656,155.06396789648025,4,True,0.6984999775886536,1,0,0,-1,0,0.0,0.0,0.0,0,0,nan,nan,nan,94,26.299999237060547,0.0,31.0,0,26,-,SELECT OWNER FIRST,
2026-07-10T00:54:45.763,363.764,mission_20260710_004842_manual,MANUAL,,0,13.33034610748291,100.99794006347656,155.06989650067985,4,True,0.6992499828338623,1,0,0,-1,0,0.0,0.0,0.0,0,0,nan,nan,nan,94,26.299999237060547,0.0,31.0,0,26,-,SELECT OWNER FIRST,
2026-07-10T00:54:47.764,365.765,mission_20260710_004842_manual,MANUAL,,0,13.330343246459961,100.9979476928711,155.06939106668125,4,True,0.6982499957084656,1,0,0,-1,0,0.0,0.0,0.0,0,0,nan,nan,nan,94,26.299999237060547,0.0,31.0,0,26,-,SELECT OWNER FIRST,
2026-07-10T00:54:49.764,367.765,mission_20260710_004842_manual,MANUAL,,0,13.330344200134277,100.9979476928711,155.0700194440849,4,True,0.6982499957084656,1,0,0,-1,0,0.0,0.0,0.0,0,0,nan,nan,nan,94,26.299999237060547,0.0,31.0,0,28,-,SELECT OWNER FIRST,
2026-07-10T00:54:51.766,369.767,mission_20260710_004842_manual,MANUAL,,0,13.330343246459961,100.9979476928711,155.07160404797233,4,True,0.7007499933242798,1,0,0,-1,0,0.0,0.0,0.0,0,0,nan,nan,nan,94,26.299999237060547,0.0,31.0,0,26,-,SELECT OWNER FIRST,
2026-07-10T00:54:53.958,371.958,mission_20260710_004842_manual,MANUAL,,0,13.330345153808594,100.9979476928711,155.0711805762438,4,True,0.6990000009536743,1,0,0,-1,0,0.0,0.0,0.0,0,0,nan,nan,nan,94,26.299999237060547,0.0,31.0,0,26,-,SELECT OWNER FIRST,
2026-07-10T00:54:55.962,373.963,mission_20260710_004842_manual,MANUAL,,0,13.330347061157227,100.9979476928711,155.0710166517037,4,True,0.7007499933242798,1,0,0,-1,0,0.0,0.0,0.0,0,0,nan,nan,nan,94,26.299999237060547,0.0,31.0,0,28,-,SELECT OWNER FIRST,
2026-07-10T00:54:57.963,375.963,mission_20260710_004842_manual,MANUAL,,0,13.33034896850586,100.9979476928711,155.07784684087372,4,True,0.6995000243186951,1,0,0,-1,0,0.0,0.0,0.0,0,0,nan,nan,nan,94,26.299999237060547,0.0,31.0,0,28,-,SELECT OWNER FIRST,
2026-07-10T00:54:59.970,377.971,mission_20260710_004842_manual,MANUAL,,0,13.330350875854492,100.9979476928711,155.08355687901985,4,True,0.7009999752044678,1,0,0,-1,0,0.0,0.0,0.0,0,0,nan,nan,nan,94,26.299999237060547,0.0,31.0,0,27,-,SELECT OWNER FIRST,
2026-07-10T00:55:02.155,380.156,mission_20260710_004842_manual,MANUAL,,0,13.330352783203125,100.9979476928711,155.08630261506622,4,True,0.6982499957084656,1,0,0,-1,0,0.0,0.0,0.0,0,0,nan,nan,nan,94,26.299999237060547,0.0,31.0,0,27,-,SELECT OWNER FIRST,
2026-07-10T00:55:04.158,382.158,mission_20260710_004842_manual,MANUAL,,0,13.330354690551758,100.9979476928711,155.09926631411088,4,True,0.7009999752044678,1,0,0,-1,0,0.0,0.0,0.0,0,0,nan,nan,nan,94,26.299999237060547,0.0,31.0,0,27,-,SELECT OWNER FIRST,
2026-07-10T00:55:06.159,384.16,mission_20260710_004842_manual,MANUAL,,0,13.330355644226074,100.9979476928711,155.11922412686567,4,True,0.6997500061988831,1,0,0,-1,0,0.0,0.0,0.0,0,0,nan,nan,nan,94,26.299999237060547,0.0,31.0,0,26,-,SELECT OWNER FIRST,
2026-07-10T00:55:08.164,386.164,mission_20260710_004842_manual,MANUAL,,0,13.330355644226074,100.9979476928711,155.1248658631201,4,True,0.6970000267028809,1,0,0,-1,0,0.0,0.0,0.0,0,0,nan,nan,nan,94,26.299999237060547,0.0,31.0,0,27,-,SELECT OWNER FIRST,
2026-07-10T00:55:10.354,388.354,mission_20260710_004842_manual,MANUAL,,0,13.33035659790039,100.9979476928711,155.12613627830572,4,True,0.699999988079071,1,0,0,-1,0,0.0,0.0,0.0,0,0,nan,nan,nan,94,26.299999237060547,0.0,31.0,0,27,-,SELECT OWNER FIRST,
2026-07-10T00:55:12.553,390.553,mission_20260710_004842_manual,MANUAL,,0,13.33035659790039,100.9979476928711,155.119196806109,4,True,0.6980000138282776,1,0,0,-1,0,0.0,0.0,0.0,0,0,nan,nan,nan,94,26.299999237060547,0.0,31.0,0,26,-,SELECT OWNER FIRST,
2026-07-10T00:55:14.554,392.555,mission_20260710_004842_manual,MANUAL,,0,13.33035659790039,100.9979476928711,155.1189372589205,4,True,0.6984999775886536,1,0,0,-1,0,0.0,0.0,0.0,0,0,nan,nan,nan,94,26.299999237060547,0.0,31.0,0,26,-,SELECT OWNER FIRST,
2026-07-10T00:55:16.556,394.556,mission_20260710_004842_manual,MANUAL,,0,13.330355644226074,100.9979476928711,155.12240699501888,4,True,0.6990000009536743,1,0,0,-1,0,0.0,0.0,0.0,0,0,nan,nan,nan,94,26.299999237060547,0.0,31.0,0,26,-,SELECT OWNER FIRST,
2026-07-10T00:55:18.559,396.56,mission_20260710_004842_manual,MANUAL,,0,13.330355644226074,100.9979476928711,155.11190216407542,4,True,0.6967499852180481,1,0,0,-1,0,0.0,0.0,0.0,0,0,nan,nan,nan,94,26.299999237060547,0.0,31.0,0,26,-,SELECT OWNER FIRST,
2026-07-10T00:55:20.560,398.56,mission_20260710_004842_manual,MANUAL,,0,13.330354690551758,100.9979476928711,155.10723031468314,4,True,0.6987500190734863,1,0,0,-1,0,0.0,0.0,0.0,0,0,nan,nan,nan,94,26.299999237060547,0.0,31.0,0,27,-,SELECT OWNER FIRST,
2026-07-10T00:55:22.753,400.754,mission_20260710_004842_manual,MANUAL,,0,13.330352783203125,100.9979476928711,155.08273725631946,4,True,0.6995000243186951,1,0,0,-1,0,0.0,0.0,0.0,0,0,nan,nan,nan,94,26.299999237060547,0.0,31.0,0,27,-,SELECT OWNER FIRST,
2026-07-10T00:55:24.754,402.755,mission_20260710_004842_manual,MANUAL,,0,13.330351829528809,100.9979476928711,155.08559227539251,4,True,0.6995000243186951,1,0,0,-1,0,0.0,0.0,0.0,0,0,nan,nan,nan,94,26.299999237060547,0.0,31.0,0,27,-,SELECT OWNER FIRST,
2026-07-10T00:55:26.759,404.759,mission_20260710_004842_manual,MANUAL,,0,13.330349922180176,100.99794006347656,155.08385740734334,4,True,0.6990000009536743,1,0,0,-1,0,0.0,0.0,0.0,0,0,nan,nan,nan,94,26.299999237060547,0.0,31.0,0,26,-,SELECT OWNER FIRST,
2026-07-10T00:55:28.762,406.762,mission_20260710_004842_manual,MANUAL,,0,13.33034896850586,100.99794006347656,155.09414367223337,4,True,0.6972500085830688,1,0,0,-1,0,0.0,0.0,0.0,0,0,nan,nan,nan,94,26.299999237060547,0.0,31.0,0,26,-,SELECT OWNER FIRST,
2026-07-10T00:55:30.948,408.949,mission_20260710_004842_manual,MANUAL,,0,13.330347061157227,100.99794006347656,155.09701235168478,4,True,0.699999988079071,1,0,0,-1,0,0.0,0.0,0.0,0,0,nan,nan,nan,94,26.299999237060547,0.0,31.0,0,26,-,SELECT OWNER FIRST,
2026-07-10T00:55:32.951,410.951,mission_20260710_004842_manual,MANUAL,,0,13.33034610748291,100.99794006347656,155.08913031338258,4,True,0.7020000219345093,1,0,0,-1,0,0.0,0.0,0.0,0,0,nan,nan,nan,94,26.299999237060547,0.0,31.0,0,26,-,SELECT OWNER FIRST,
2026-07-10T00:55:35.151,413.152,mission_20260710_004842_manual,MANUAL,,0,13.330345153808594,100.99794006347656,155.087217860415,4,True,0.7014999985694885,1,0,0,-1,0,0.0,0.0,0.0,0,0,nan,nan,nan,94,26.299999237060547,0.0,31.0,0,25,-,SELECT OWNER FIRST,
2026-07-10T00:55:37.168,415.168,mission_20260710_004842_manual,MANUAL,,0,13.330343246459961,100.99793243408203,155.09526382325726,4,True,0.6982499957084656,1,0,0,-1,0,0.0,0.0,0.0,0,0,nan,nan,nan,94,26.299999237060547,0.0,31.0,0,25,-,SELECT OWNER FIRST,
2026-07-10T00:55:39.348,417.349,mission_20260710_004842_manual,MANUAL,,0,13.330342292785645,100.99793243408203,155.09740850265663,4,True,0.6990000009536743,1,0,0,-1,0,0.0,0.0,0.0,0,0,nan,nan,nan,94,26.299999237060547,0.0,31.0,0,25,-,SELECT OWNER FIRST,
2026-07-10T00:55:41.349,419.349,mission_20260710_004842_manual,MANUAL,,0,13.330340385437012,100.99793243408203,155.09100178521518,4,True,0.6984999775886536,1,0,0,-1,0,0.0,0.0,0.0,0,0,nan,nan,nan,94,26.299999237060547,0.0,31.0,0,25,-,SELECT OWNER FIRST,
2026-07-10T00:55:43.546,421.547,mission_20260710_004842_manual,MANUAL,,0,13.330339431762695,100.99793243408203,155.086575822633,4,True,0.7005000114440918,1,0,0,-1,0,0.0,0.0,0.0,0,0,nan,nan,nan,94,26.299999237060547,0.0,31.0,0,26,-,SELECT OWNER FIRST,
2026-07-10T00:55:45.552,423.552,mission_20260710_004842_manual,MANUAL,,0,13.330338478088379,100.99793243408203,155.08474533193544,4,True,0.7007499933242798,1,0,0,-1,0,0.0,0.0,0.0,0,0,nan,nan,nan,94,26.299999237060547,0.0,31.0,0,26,-,SELECT OWNER FIRST,
2026-07-10T00:55:47.562,425.562,mission_20260710_004842_manual,MANUAL,,0,13.330336570739746,100.9979248046875,155.08264163367107,4,True,0.6970000267028809,1,0,0,-1,0,0.0,0.0,0.0,0,0,nan,nan,nan,94,26.299999237060547,0.0,31.0,0,27,-,SELECT OWNER FIRST,
2026-07-10T00:55:49.750,427.75,mission_20260710_004842_manual,MANUAL,,0,13.330334663391113,100.9979248046875,155.07361212358833,4,True,0.6970000267028809,1,0,0,-1,0,0.0,0.0,0.0,0,0,nan,nan,nan,94,26.299999237060547,0.0,31.0,0,28,-,SELECT OWNER FIRST,
2026-07-10T00:55:51.750,429.75,mission_20260710_004842_manual,MANUAL,,0,13.33033275604248,100.9979248046875,155.06508804750413,4,True,0.6997500061988831,1,0,0,-1,0,0.0,0.0,0.0,0,0,nan,nan,nan,94,26.299999237060547,0.0,31.0,0,29,-,SELECT OWNER FIRST,
2026-07-10T00:55:53.760,431.761,mission_20260710_004842_manual,MANUAL,,0,13.33033275604248,100.9979248046875,155.06228766994442,4,True,0.6990000009536743,1,0,0,-1,0,0.0,0.0,0.0,0,0,nan,nan,nan,94,26.299999237060547,0.0,31.0,0,27,-,SELECT OWNER FIRST,
2026-07-10T00:55:55.945,433.945,mission_20260710_004842_manual,MANUAL,,0,13.330330848693848,100.9979248046875,155.06424110404706,4,True,0.6984999775886536,1,0,0,-1,0,0.0,0.0,0.0,0,0,nan,nan,nan,94,26.299999237060547,0.0,31.0,0,28,-,SELECT OWNER FIRST,
2026-07-10T00:55:58.146,436.147,mission_20260710_004842_manual,MANUAL,,0,13.330329895019531,100.9979248046875,155.06305265113147,4,True,0.6990000009536743,1,0,0,-1,0,0.0,0.0,0.0,0,0,nan,nan,nan,94,26.299999237060547,0.0,31.0,0,29,-,SELECT OWNER FIRST,
2026-07-10T00:56:00.147,438.148,mission_20260710_004842_manual,MANUAL,,0,13.330328941345215,100.9979248046875,155.05924140557462,4,True,0.6980000138282776,1,0,0,-1,0,0.0,0.0,0.0,0,0,nan,nan,nan,94,26.299999237060547,0.0,31.0,0,29,-,SELECT OWNER FIRST,
2026-07-10T00:56:02.153,440.153,mission_20260710_004842_manual,MANUAL,,0,13.330328941345215,100.9979248046875,155.0583808017392,4,True,0.7005000114440918,1,0,0,-1,0,0.0,0.0,0.0,0,0,nan,nan,nan,94,26.299999237060547,0.0,31.0,0,29,-,SELECT OWNER FIRST,
2026-07-10T00:56:04.342,442.342,mission_20260710_004842_manual,MANUAL,,0,13.330328941345215,100.9979248046875,155.0609079717321,4,True,0.7007499933242798,1,0,0,-1,0,0.0,0.0,0.0,0,0,nan,nan,nan,94,26.299999237060547,0.0,31.0,0,28,-,SELECT OWNER FIRST,
2026-07-10T00:56:06.345,444.345,mission_20260710_004842_manual,MANUAL,,0,13.330327987670898,100.9979248046875,155.0697872176531,4,True,0.7020000219345093,1,0,0,-1,0,0.0,0.0,0.0,0,0,nan,nan,nan,94,26.299999237060547,0.0,31.0,0,28,-,SELECT OWNER FIRST,
2026-07-10T00:56:08.345,446.346,mission_20260710_004842_manual,MANUAL,,0,13.330327033996582,100.9979248046875,155.0832973318314,4,True,0.7014999985694885,1,0,0,-1,0,0.0,0.0,0.0,0,0,nan,nan,nan,94,26.299999237060547,0.0,31.0,0,27,-,SELECT OWNER FIRST,
2026-07-10T00:56:10.542,448.543,mission_20260710_004842_manual,MANUAL,,0,13.33032512664795,100.9979248046875,155.09478571001537,4,True,0.6995000243186951,1,0,0,-1,0,0.0,0.0,0.0,0,0,nan,nan,nan,94,26.299999237060547,0.0,31.0,0,27,-,SELECT OWNER FIRST,
2026-07-10T00:56:12.554,450.555,mission_20260710_004842_manual,MANUAL,,0,13.330324172973633,100.9979248046875,155.1062740881993,4,True,0.6965000033378601,1,0,0,-1,0,0.0,0.0,0.0,0,0,nan,nan,nan,94,26.299999237060547,0.0,31.0,0,27,-,SELECT OWNER FIRST,
2026-07-10T00:56:14.743,452.744,mission_20260710_004842_manual,MANUAL,,0,13.330322265625,100.9979248046875,155.10341906912626,4,True,0.6972500085830688,1,0,0,-1,0,0.0,0.0,0.0,0,0,nan,nan,nan,94,26.299999237060547,0.0,31.0,0,27,-,SELECT OWNER FIRST,
2026-07-10T00:56:16.749,454.75,mission_20260710_004842_manual,MANUAL,,0,13.330321311950684,100.9979248046875,155.10306389928942,4,True,0.6967499852180481,1,0,0,-1,0,0.0,0.0,0.0,0,0,nan,nan,nan,94,26.299999237060547,0.0,31.0,0,27,-,SELECT OWNER FIRST,
2026-07-10T00:56:18.939,456.94,mission_20260710_004842_manual,MANUAL,,0,13.33031940460205,100.99791717529297,155.11266714526246,4,True,0.6990000009536743,1,0,0,-1,0,0.0,0.0,0.0,0,0,nan,nan,nan,94,26.299999237060547,0.0,31.0,0,26,-,SELECT OWNER FIRST,
2026-07-10T00:56:20.940,458.941,mission_20260710_004842_manual,MANUAL,,0,13.330318450927734,100.99791717529297,155.11335016417945,4,True,0.7017499804496765,1,0,0,-1,0,0.0,0.0,0.0,0,0,nan,nan,nan,94,26.299999237060547,0.0,31.0,0,26,-,SELECT OWNER FIRST,
2026-07-10T00:56:23.139,461.14,mission_20260710_004842_manual,MANUAL,,0,13.330318450927734,100.99791717529297,155.10048208778315,4,True,0.6945000290870667,1,0,0,-1,0,0.0,0.0,0.0,0,0,nan,nan,nan,94,26.299999237060547,0.0,31.0,0,26,-,SELECT OWNER FIRST,
2026-07-10T00:56:25.144,463.145,mission_20260710_004842_manual,MANUAL,,0,13.330317497253418,100.99791717529297,155.106301408956,4,True,0.6982499957084656,1,0,0,-1,0,0.0,0.0,0.0,0,0,nan,nan,nan,94,26.299999237060547,0.0,31.0,0,27,-,SELECT OWNER FIRST,
2026-07-10T00:56:27.159,465.159,mission_20260710_004842_manual,MANUAL,,0,13.330315589904785,100.99791717529297,155.10692978635964,4,True,0.6972500085830688,1,0,0,-1,0,0.0,0.0,0.0,0,0,nan,nan,nan,94,26.299999237060547,0.0,31.0,0,26,-,SELECT OWNER FIRST,
2026-07-10T00:56:29.335,467.335,mission_20260710_004842_manual,MANUAL,,0,13.330313682556152,100.99791717529297,155.10482608809528,4,True,0.699999988079071,1,0,0,-1,0,0.0,0.0,0.0,0,0,nan,nan,nan,94,26.299999237060547,0.0,31.0,0,27,-,SELECT OWNER FIRST,
2026-07-10T00:56:31.337,469.338,mission_20260710_004842_manual,MANUAL,,0,13.33031177520752,100.99791717529297,155.10026352172972,4,True,0.6982499957084656,1,0,0,-1,0,0.0,0.0,0.0,0,0,nan,nan,nan,94,26.299999237060547,0.0,31.0,0,27,-,SELECT OWNER FIRST,
2026-07-10T00:56:33.338,471.339,mission_20260710_004842_manual,MANUAL,,0,13.330309867858887,100.99791717529297,155.10014057832464,4,True,0.6997500061988831,1,0,0,-1,0,0.0,0.0,0.0,0,0,nan,nan,nan,94,26.299999237060547,0.0,31.0,0,25,-,SELECT OWNER FIRST,
2026-07-10T00:56:35.536,473.536,mission_20260710_004842_manual,MANUAL,,0,13.330307006835938,100.99791717529297,155.0962337101194,4,True,0.7007499933242798,1,0,0,-1,0,0.0,0.0,0.0,0,0,nan,nan,nan,94,26.299999237060547,0.0,31.0,0,25,-,SELECT OWNER FIRST,
2026-07-10T00:56:37.541,475.541,mission_20260710_004842_manual,MANUAL,,0,13.330306053161621,100.99791717529297,155.10212133318396,4,True,0.6990000009536743,1,0,0,-1,0,0.0,0.0,0.0,0,0,nan,nan,nan,94,26.299999237060547,0.0,31.0,0,25,-,SELECT OWNER FIRST,
2026-07-10T00:56:39.736,477.736,mission_20260710_004842_manual,MANUAL,,0,13.330305099487305,100.99791717529297,155.113814617043,4,True,0.6992499828338623,1,0,0,-1,0,0.0,0.0,0.0,0,0,nan,nan,nan,94,26.299999237060547,0.0,31.0,0,25,-,SELECT OWNER FIRST,
2026-07-10T00:56:41.737,479.738,mission_20260710_004842_manual,MANUAL,,0,13.330303192138672,100.99791717529297,155.11653303233268,4,True,0.6995000243186951,1,0,0,-1,0,0.0,0.0,0.0,0,0,nan,nan,nan,94,26.299999237060547,0.0,31.0,0,25,-,SELECT OWNER FIRST,
2026-07-10T00:56:43.737,481.738,mission_20260710_004842_manual,MANUAL,,0,13.330301284790039,100.99791717529297,155.10781771095174,4,True,0.6962500214576721,1,0,0,-1,0,0.0,0.0,0.0,0,0,nan,nan,nan,94,26.299999237060547,0.0,31.0,0,24,-,SELECT OWNER FIRST,
2026-07-10T00:56:45.738,483.739,mission_20260710_004842_manual,MANUAL,,0,13.330301284790039,100.99791717529297,155.10852805062544,4,True,0.6974999904632568,1,0,0,-1,0,0.0,0.0,0.0,0,0,nan,nan,nan,94,26.299999237060547,0.0,31.0,0,25,-,SELECT OWNER FIRST,
2026-07-10T00:56:47.743,485.744,mission_20260710_004842_manual,MANUAL,,0,13.330302238464355,100.99791717529297,155.11083665456488,4,True,0.6982499957084656,1,0,0,-1,0,0.0,0.0,0.0,0,0,nan,nan,nan,94,26.299999237060547,0.0,31.0,0,25,-,SELECT OWNER FIRST,
2026-07-10T00:56:49.933,487.933,mission_20260710_004842_manual,MANUAL,,0,13.330302238464355,100.99791717529297,155.11934707027072,4,True,0.6987500190734863,1,0,0,-1,0,0.0,0.0,0.0,0,0,nan,nan,nan,94,26.299999237060547,0.0,31.0,0,26,-,SELECT OWNER FIRST,
2026-07-10T00:56:52.134,490.135,mission_20260710_004842_manual,MANUAL,,0,13.330304145812988,100.99791717529297,155.1300158257543,4,True,0.7009999752044678,1,0,0,-1,0,0.0,0.0,0.0,0,0,nan,nan,nan,94,26.299999237060547,0.0,31.0,0,26,-,SELECT OWNER FIRST,
2026-07-10T00:56:54.136,492.137,mission_20260710_004842_manual,MANUAL,,0,13.330305099487305,100.99790954589844,155.129442089864,4,True,0.6992499828338623,1,0,0,-1,0,0.0,0.0,0.0,0,0,nan,nan,nan,94,26.299999237060547,0.0,31.0,0,27,-,SELECT OWNER FIRST,
2026-07-10T00:56:56.139,494.14,mission_20260710_004842_manual,MANUAL,,0,13.330306053161621,100.99790954589844,155.1272564293296,4,True,0.6980000138282776,1,0,0,-1,0,0.0,0.0,0.0,0,0,nan,nan,nan,94,26.299999237060547,0.0,31.0,0,27,-,SELECT OWNER FIRST,
2026-07-10T00:56:58.330,496.33,mission_20260710_004842_manual,MANUAL,,0,13.330307006835938,100.99790954589844,155.11852744757033,4,True,0.6974999904632568,1,0,0,-1,0,0.0,0.0,0.0,0,0,nan,nan,nan,94,26.299999237060547,0.0,31.0,0,28,-,SELECT OWNER FIRST,
2026-07-10T00:57:00.332,498.332,mission_20260710_004842_manual,MANUAL,,0,13.330307006835938,100.99790954589844,155.11728435314137,4,True,0.6984999775886536,1,0,0,-1,0,0.0,0.0,0.0,0,0,nan,nan,nan,94,26.299999237060547,0.0,31.0,0,28,-,SELECT OWNER FIRST,
2026-07-10T00:57:02.528,500.529,mission_20260710_004842_manual,MANUAL,,0,13.330307960510254,100.99790954589844,155.12328125923264,4,True,0.7009999752044678,1,0,0,-1,0,0.0,0.0,0.0,0,0,nan,nan,nan,94,26.299999237060547,0.0,31.0,0,29,-,SELECT OWNER FIRST,
2026-07-10T00:57:04.530,502.531,mission_20260710_004842_manual,MANUAL,,0,13.330307960510254,100.99790954589844,155.13258397688222,4,True,0.6967499852180481,1,0,0,-1,0,0.0,0.0,0.0,0,0,nan,nan,nan,94,26.299999237060547,0.0,31.0,0,27,-,SELECT OWNER FIRST,
2026-07-10T00:57:06.531,504.532,mission_20260710_004842_manual,MANUAL,,0,13.330307960510254,100.9979019165039,155.12250261766727,4,True,0.7007499933242798,1,0,0,-1,0,0.0,0.0,0.0,0,0,nan,nan,nan,94,26.299999237060547,0.0,31.0,0,28,-,SELECT OWNER FIRST,
2026-07-10T00:57:08.536,506.536,mission_20260710_004842_manual,MANUAL,,0,13.33030891418457,100.9979019165039,155.1274613350047,4,True,0.7014999985694885,1,0,0,-1,0,0.0,0.0,0.0,0,0,nan,nan,nan,94,26.299999237060547,0.0,31.0,0,25,-,SELECT OWNER FIRST,
2026-07-10T00:57:10.729,508.73,mission_20260710_004842_manual,MANUAL,,0,13.330307960510254,100.9979019165039,155.13826669427166,4,True,0.6984999775886536,1,0,0,-1,0,0.0,0.0,0.0,0,0,nan,nan,nan,94,26.299999237060547,0.0,31.0,0,26,-,SELECT OWNER FIRST,
2026-07-10T00:57:12.735,510.736,mission_20260710_004842_manual,MANUAL,,0,13.330307960510254,100.9979019165039,155.13758367535465,4,True,0.6959999799728394,1,0,0,-1,0,0.0,0.0,0.0,0,0,nan,nan,nan,94,26.299999237060547,0.0,31.0,0,26,-,SELECT OWNER FIRST,
2026-07-10T00:57:14.926,512.927,mission_20260710_004842_manual,MANUAL,,0,13.33030891418457,100.99789428710938,155.12423748571646,4,True,0.6977499723434448,1,0,0,-1,0,0.0,0.0,0.0,0,0,nan,nan,nan,94,26.299999237060547,0.0,31.0,0,25,-,SELECT OWNER FIRST,
2026-07-10T00:57:16.929,514.929,mission_20260710_004842_manual,MANUAL,,0,13.33030891418457,100.99789428710938,155.10955257900093,4,True,0.6990000009536743,1,0,0,-1,0,0.0,0.0,0.0,0,0,nan,nan,nan,94,26.299999237060547,0.0,31.0,0,25,-,SELECT OWNER FIRST,
2026-07-10T00:57:18.929,516.93,mission_20260710_004842_manual,MANUAL,,0,13.330309867858887,100.99789428710938,155.10344638988295,4,True,0.6980000138282776,1,0,0,-1,0,0.0,0.0,0.0,0,0,nan,nan,nan,94,26.299999237060547,0.0,31.0,0,27,-,SELECT OWNER FIRST,
2026-07-10T00:57:21.128,519.129,mission_20260710_004842_manual,MANUAL,,0,13.330309867858887,100.99789428710938,155.11385559817805,4,True,0.6972500085830688,1,0,0,-1,0,0.0,0.0,0.0,0,0,nan,nan,nan,94,26.299999237060547,0.0,31.0,0,27,-,SELECT OWNER FIRST,
2026-07-10T00:57:23.134,521.135,mission_20260710_004842_manual,MANUAL,,0,13.330310821533203,100.99789428710938,155.12013937221445,4,True,0.6967499852180481,1,0,0,-1,0,0.0,0.0,0.0,0,0,nan,nan,nan,94,26.299999237060547,0.0,31.0,0,26,-,SELECT OWNER FIRST,
2026-07-10T00:57:25.325,523.326,mission_20260710_004842_manual,MANUAL,,0,13.33031177520752,100.99789428710938,155.11482548504017,4,True,0.6995000243186951,1,0,0,-1,0,0.0,0.0,0.0,0,0,nan,nan,nan,94,26.299999237060547,0.0,31.0,0,28,-,SELECT OWNER FIRST,
2026-07-10T00:57:27.337,525.337,mission_20260710_004842_manual,MANUAL,,0,13.330312728881836,100.99789428710938,155.10574133344406,4,True,0.6982499957084656,1,0,0,-1,0,0.0,0.0,0.0,0,0,nan,nan,nan,94,26.299999237060547,0.0,31.0,0,27,-,SELECT OWNER FIRST,
2026-07-10T00:57:29.524,527.524,mission_20260710_004842_manual,MANUAL,,0,13.330314636230469,100.99789428710938,155.0975587668184,4,True,0.6984999775886536,1,0,0,-1,0,0.0,0.0,0.0,0,0,nan,nan,nan,94,26.299999237060547,0.0,31.0,0,27,-,SELECT OWNER FIRST,
2026-07-10T00:57:31.529,529.529,mission_20260710_004842_manual,MANUAL,,0,13.330315589904785,100.99789428710938,155.09736752152162,4,True,0.699999988079071,1,0,0,-1,0,0.0,0.0,0.0,0,0,nan,nan,nan,94,26.299999237060547,0.0,31.0,0,26,-,SELECT OWNER FIRST,
2026-07-10T00:57:33.533,531.534,mission_20260710_004842_manual,MANUAL,,0,13.330316543579102,100.99789428710938,155.089949936083,4,True,0.6990000009536743,1,0,0,-1,0,0.0,0.0,0.0,0,0,nan,nan,nan,94,26.299999237060547,0.0,31.0,0,26,-,SELECT OWNER FIRST,
2026-07-10T00:57:35.723,533.723,mission_20260710_004842_manual,MANUAL,,0,13.330318450927734,100.99789428710938,155.09627469125442,4,True,0.6990000009536743,1,0,0,-1,0,0.0,0.0,0.0,0,0,nan,nan,nan,94,26.299999237060547,0.0,31.0,0,26,-,SELECT OWNER FIRST,
2026-07-10T00:57:37.725,535.725,mission_20260710_004842_manual,MANUAL,,0,13.330320358276367,100.99788665771484,155.08454042626033,4,True,0.6995000243186951,1,0,0,-1,0,0.0,0.0,0.0,0,0,nan,nan,nan,94,26.299999237060547,0.0,31.0,0,26,-,SELECT OWNER FIRST,
2026-07-10T00:57:39.726,537.726,mission_20260710_004842_manual,MANUAL,,0,13.330321311950684,100.99788665771484,155.07799710503548,4,True,0.6982499957084656,1,0,0,-1,0,0.0,0.0,0.0,0,0,nan,nan,nan,94,26.299999237060547,0.0,31.0,0,27,-,SELECT OWNER FIRST,
2026-07-10T00:57:41.730,539.73,mission_20260710_004842_manual,MANUAL,,0,13.330322265625,100.99788665771484,155.0601156697884,4,True,0.6967499852180481,1,0,0,-1,0,0.0,0.0,0.0,0,0,nan,nan,nan,94,26.299999237060547,0.0,31.0,0,26,-,SELECT OWNER FIRST,
2026-07-10T00:57:43.920,541.921,mission_20260710_004842_manual,MANUAL,,0,13.330324172973633,100.99788665771484,155.05664593369002,4,True,0.7005000114440918,1,0,0,-1,0,0.0,0.0,0.0,0,0,nan,nan,nan,94,26.299999237060547,0.0,31.0,0,27,-,SELECT OWNER FIRST,
2026-07-10T00:57:45.928,543.928,mission_20260710_004842_manual,MANUAL,,0,13.33032512664795,100.99788665771484,155.06086699059708,4,True,0.699999988079071,1,0,0,-1,0,0.0,0.0,0.0,0,0,nan,nan,nan,94,26.299999237060547,0.0,31.0,0,27,-,SELECT OWNER FIRST,
2026-07-10T00:57:48.121,546.121,mission_20260710_004842_manual,MANUAL,,0,13.330327033996582,100.99788665771484,155.0635717455084,4,True,0.6980000138282776,1,0,0,-1,0,0.0,0.0,0.0,0,0,nan,nan,nan,94,26.299999237060547,0.0,31.0,0,26,-,SELECT OWNER FIRST,
2026-07-10T00:57:50.123,548.124,mission_20260710_004842_manual,MANUAL,,0,13.330327987670898,100.99788665771484,155.065484198476,4,True,0.6977499723434448,1,0,0,-1,0,0.0,0.0,0.0,0,0,nan,nan,nan,94,26.299999237060547,0.0,31.0,0,27,-,SELECT OWNER FIRST,
2026-07-10T00:57:52.124,550.125,mission_20260710_004842_manual,MANUAL,,0,13.330328941345215,100.99788665771484,155.0637766511835,4,True,0.7024999856948853,1,0,0,-1,0,0.0,0.0,0.0,0,0,nan,nan,nan,94,26.299999237060547,0.0,31.0,0,27,-,SELECT OWNER FIRST,
2026-07-10T00:57:54.129,552.129,mission_20260710_004842_manual,MANUAL,,0,13.330330848693848,100.99788665771484,155.06880367041262,4,True,0.6990000009536743,1,0,0,-1,0,0.0,0.0,0.0,0,0,nan,nan,nan,94,26.299999237060547,0.0,31.0,0,27,-,SELECT OWNER FIRST,
2026-07-10T00:57:56.319,554.319,mission_20260710_004842_manual,MANUAL,,0,13.33033275604248,100.99788665771484,155.07581144450106,4,True,0.6962500214576721,1,0,0,-1,0,0.0,0.0,0.0,0,0,nan,nan,nan,94,26.299999237060547,0.0,31.0,0,28,-,SELECT OWNER FIRST,
2026-07-10T00:57:58.519,556.519,mission_20260710_004842_manual,MANUAL,,0,13.33033275604248,100.99788665771484,155.06585302869118,4,True,0.7009999752044678,1,0,0,-1,0,0.0,0.0,0.0,0,0,nan,nan,nan,94,26.299999237060547,0.0,31.0,0,28,-,SELECT OWNER FIRST,
2026-07-10T00:58:00.530,558.53,mission_20260710_004842_manual,MANUAL,,0,13.330333709716797,100.99788665771484,155.08258699215773,4,True,0.6984999775886536,1,0,0,-1,0,0.0,0.0,0.0,0,0,nan,nan,nan,94,26.299999237060547,0.0,31.0,0,30,-,SELECT OWNER FIRST,
2026-07-10T00:58:02.718,560.719,mission_20260710_004842_manual,MANUAL,,0,13.330334663391113,100.99788665771484,155.09462178547528,4,True,0.6982499957084656,1,0,0,-1,0,0.0,0.0,0.0,0,0,nan,nan,nan,94,26.299999237060547,0.0,31.0,0,29,-,SELECT OWNER FIRST,
2026-07-10T00:58:04.723,562.724,mission_20260710_004842_manual,MANUAL,,0,13.33033561706543,100.99788665771484,155.09926631411088,4,True,0.6997500061988831,1,0,0,-1,0,0.0,0.0,0.0,0,0,nan,nan,nan,94,26.299999237060547,0.0,31.0,0,29,-,SELECT OWNER FIRST,
2026-07-10T00:58:06.726,564.727,mission_20260710_004842_manual,MANUAL,,0,13.330336570739746,100.99788665771484,155.09811884233034,4,True,0.6980000138282776,1,0,0,-1,0,0.0,0.0,0.0,0,0,nan,nan,nan,94,26.299999237060547,0.0,31.0,0,30,-,SELECT OWNER FIRST,
2026-07-10T00:58:08.914,566.915,mission_20260710_004842_manual,MANUAL,,0,13.330336570739746,100.99788665771484,155.10410208804325,4,True,0.7017499804496765,1,0,0,-1,0,0.0,0.0,0.0,0,0,nan,nan,nan,94,26.299999237060547,0.0,31.0,0,30,-,SELECT OWNER FIRST,
2026-07-10T00:58:10.916,568.917,mission_20260710_004842_manual,MANUAL,,0,13.330337524414062,100.99787902832031,155.10631506933433,4,True,0.6970000267028809,1,0,0,-1,0,0.0,0.0,0.0,0,0,nan,nan,nan,94,26.299999237060547,0.0,31.0,0,29,-,SELECT OWNER FIRST,
2026-07-10T00:58:12.917,570.917,mission_20260710_004842_manual,MANUAL,,0,13.330336570739746,100.99787902832031,155.104976352257,4,True,0.6997500061988831,1,0,0,-1,0,0.0,0.0,0.0,0,0,nan,nan,nan,94,26.299999237060547,0.0,31.0,0,28,-,SELECT OWNER FIRST,
2026-07-10T00:58:15.117,573.117,mission_20260710_004842_manual,MANUAL,,0,13.330337524414062,100.99787902832031,155.1141834472582,4,True,0.6992499828338623,1,0,0,-1,0,0.0,0.0,0.0,0,0,nan,nan,nan,94,26.299999237060547,0.0,31.0,0,26,-,SELECT OWNER FIRST,
2026-07-10T00:58:17.123,575.123,mission_20260710_004842_manual,MANUAL,,0,13.330336570739746,100.99787902832031,155.11653303233268,4,True,0.6977499723434448,1,0,0,-1,0,0.0,0.0,0.0,0,0,nan,nan,nan,94,26.299999237060547,0.0,31.0,0,29,-,SELECT OWNER FIRST,
2026-07-10T00:58:19.128,577.129,mission_20260710_004842_manual,MANUAL,,0,13.330337524414062,100.99787902832031,155.1170521267096,4,True,0.6995000243186951,1,0,0,-1,0,0.0,0.0,0.0,0,0,nan,nan,nan,94,26.299999237060547,0.0,31.0,0,29,-,SELECT OWNER FIRST,
2026-07-10T00:58:21.312,579.312,mission_20260710_004842_manual,MANUAL,,0,13.330336570739746,100.99787902832031,155.12519371220026,4,True,0.6997500061988831,1,0,0,-1,0,0.0,0.0,0.0,0,0,nan,nan,nan,94,26.299999237060547,0.0,31.0,0,29,-,SELECT OWNER FIRST,
2026-07-10T00:58:23.312,581.313,mission_20260710_004842_manual,MANUAL,,0,13.33033561706543,100.99787902832031,155.12345884415106,4,True,0.7012500166893005,1,0,0,-1,0,0.0,0.0,0.0,0,0,nan,nan,nan,94,26.299999237060547,0.0,31.0,0,29,-,SELECT OWNER FIRST,
2026-07-10T00:58:25.313,583.314,mission_20260710_004842_manual,MANUAL,,0,13.330334663391113,100.99787902832031,155.1175302399515,4,True,0.6987500190734863,1,0,0,-1,0,0.0,0.0,0.0,0,0,nan,nan,nan,94,26.299999237060547,0.0,31.0,0,28,-,SELECT OWNER FIRST,
2026-07-10T00:58:27.314,585.315,mission_20260710_004842_manual,MANUAL,,0,13.330333709716797,100.99787902832031,155.1073259373315,4,True,0.6992499828338623,1,0,0,-1,0,0.0,0.0,0.0,0,0,nan,nan,nan,94,26.299999237060547,0.0,31.0,0,30,-,SELECT OWNER FIRST,
2026-07-10T00:58:29.513,587.513,mission_20260710_004842_manual,MANUAL,,0,13.33033275604248,100.99787902832031,155.10061869156655,4,True,0.6974999904632568,1,0,0,-1,0,0.0,0.0,0.0,0,0,nan,nan,nan,94,26.299999237060547,0.0,31.0,0,30,-,SELECT OWNER FIRST,
2026-07-10T00:58:31.517,589.517,mission_20260710_004842_manual,MANUAL,,0,13.330331802368164,100.99787902832031,155.09112472862023,4,True,0.6977499723434448,1,0,0,-1,0,0.0,0.0,0.0,0,0,nan,nan,nan,94,26.299999237060547,0.0,31.0,0,29,-,SELECT OWNER FIRST,
2026-07-10T00:58:33.518,591.518,mission_20260710_004842_manual,MANUAL,,0,13.330331802368164,100.99787902832031,155.1013563519969,4,True,0.7002500295639038,1,0,0,-1,0,0.0,0.0,0.0,0,0,nan,nan,nan,94,26.299999237060547,0.0,31.0,0,28,-,SELECT OWNER FIRST,
2026-07-10T00:58:35.711,593.711,mission_20260710_004842_manual,MANUAL,,0,13.330330848693848,100.99787902832031,155.10635605046937,4,True,0.6995000243186951,1,0,0,-1,0,0.0,0.0,0.0,0,0,nan,nan,nan,94,26.299999237060547,0.0,31.0,0,25,-,SELECT OWNER FIRST,
2026-07-10T00:58:37.711,595.712,mission_20260710_004842_manual,MANUAL,,0,13.330328941345215,100.99787902832031,155.13369046752774,4,True,0.7007499933242798,1,0,0,-1,0,0.0,0.0,0.0,0,0,nan,nan,nan,94,26.299999237060547,0.0,31.0,0,26,-,SELECT OWNER FIRST,
2026-07-10T00:58:39.720,597.721,mission_20260710_004842_manual,MANUAL,,0,13.330327033996582,100.99787139892578,155.1482114497032,4,True,0.6982499957084656,1,0,0,-1,0,0.0,0.0,0.0,0,0,nan,nan,nan,94,26.299999237060547,0.0,31.0,0,27,-,SELECT OWNER FIRST,
2026-07-10T00:58:41.910,599.91,mission_20260710_004842_manual,MANUAL,,0,13.330326080322266,100.99787139892578,155.14700933640927,4,True,0.6974999904632568,1,0,0,-1,0,0.0,0.0,0.0,0,0,nan,nan,nan,94,26.299999237060547,0.0,31.0,0,29,-,SELECT OWNER FIRST,
2026-07-10T00:58:44.108,602.108,mission_20260710_004842_manual,MANUAL,,0,13.330327033996582,100.99787139892578,155.15579295968192,4,True,0.699999988079071,1,0,0,-1,0,0.0,0.0,0.0,0,0,nan,nan,nan,94,26.299999237060547,0.0,31.0,0,28,-,SELECT OWNER FIRST,
2026-07-10T00:58:46.110,604.11,mission_20260710_004842_manual,MANUAL,,0,13.33032512664795,100.99787139892578,155.16576503587012,4,True,0.6984999775886536,1,0,0,-1,0,0.0,0.0,0.0,0,0,nan,nan,nan,94,26.299999237060547,0.0,31.0,0,28,-,SELECT OWNER FIRST,
2026-07-10T00:58:48.112,606.112,mission_20260710_004842_manual,MANUAL,,0,13.330324172973633,100.99787139892578,155.16457658295454,4,True,0.6990000009536743,1,0,0,-1,0,0.0,0.0,0.0,0,0,nan,nan,nan,94,26.299999237060547,0.0,31.0,0,27,-,SELECT OWNER FIRST,
2026-07-10T00:58:50.112,608.113,mission_20260710_004842_manual,MANUAL,,0,13.330323219299316,100.99787139892578,155.1536072991475,4,True,0.6992499828338623,1,0,0,-1,0,0.0,0.0,0.0,0,0,nan,nan,nan,94,26.299999237060547,0.0,31.0,0,28,-,SELECT OWNER FIRST,
2026-07-10T00:58:52.114,610.114,mission_20260710_004842_manual,MANUAL,,0,13.330322265625,100.99787139892578,155.13553461860366,4,True,0.6977499723434448,1,0,0,-1,0,0.0,0.0,0.0,0,0,nan,nan,nan,94,26.299999237060547,0.0,31.0,0,28,-,SELECT OWNER FIRST,
2026-07-10T00:58:54.117,612.117,mission_20260710_004842_manual,MANUAL,,0,13.330321311950684,100.99786376953125,155.13310307125914,4,True,0.6990000009536743,1,0,0,-1,0,0.0,0.0,0.0,0,0,nan,nan,nan,94,26.299999237060547,0.0,31.0,0,28,-,SELECT OWNER FIRST,
2026-07-10T00:58:56.304,614.304,mission_20260710_004842_manual,MANUAL,,0,13.330321311950684,100.99786376953125,155.1344281279581,4,True,0.7005000114440918,1,0,0,-1,0,0.0,0.0,0.0,0,0,nan,nan,nan,94,26.299999237060547,0.0,31.0,0,30,-,SELECT OWNER FIRST,
2026-07-10T00:58:58.305,616.306,mission_20260710_004842_manual,MANUAL,,0,13.330321311950684,100.99787139892578,155.12899129737878,4,True,0.6977499723434448,1,0,0,-1,0,0.0,0.0,0.0,0,0,nan,nan,nan,94,26.299999237060547,0.0,31.0,0,31,-,SELECT OWNER FIRST,
2026-07-10T00:59:00.506,618.506,mission_20260710_004842_manual,MANUAL,,0,13.330320358276367,100.99787139892578,155.12919620305388,4,True,0.6980000138282776,1,0,0,-1,0,0.0,0.0,0.0,0,0,nan,nan,nan,94,26.299999237060547,0.0,31.0,0,30,-,SELECT OWNER FIRST,
2026-07-10T00:59:02.507,620.507,mission_20260710_004842_manual,MANUAL,,0,13.330321311950684,100.99787139892578,155.12829461808343,4,True,0.6990000009536743,1,0,0,-1,0,0.0,0.0,0.0,0,0,nan,nan,nan,94,26.299999237060547,0.0,31.0,0,31,-,SELECT OWNER FIRST,
2026-07-10T00:59:04.512,622.512,mission_20260710_004842_manual,MANUAL,,0,13.330322265625,100.99787139892578,155.1189372589205,4,True,0.6984999775886536,1,0,0,-1,0,0.0,0.0,0.0,0,0,nan,nan,nan,94,26.299999237060547,0.0,31.0,0,31,-,SELECT OWNER FIRST,
2026-07-10T00:59:06.705,624.705,mission_20260710_004842_manual,MANUAL,,0,13.330321311950684,100.99787139892578,155.12497514614682,4,True,0.6972500085830688,1,0,0,-1,0,0.0,0.0,0.0,0,0,nan,nan,nan,94,26.299999237060547,0.0,31.0,0,31,-,SELECT OWNER FIRST,
2026-07-10T00:59:08.710,626.71,mission_20260710_004842_manual,MANUAL,,0,13.330321311950684,100.99787902832031,155.13833499616337,4,True,0.6992499828338623,1,0,0,-1,0,0.0,0.0,0.0,0,0,nan,nan,nan,94,26.299999237060547,0.0,31.0,0,31,-,SELECT OWNER FIRST,
2026-07-10T00:59:10.713,628.713,mission_20260710_004842_manual,MANUAL,,0,13.330322265625,100.99787902832031,155.15161288390988,4,True,0.6990000009536743,1,0,0,-1,0,0.0,0.0,0.0,0,0,nan,nan,nan,94,26.299999237060547,0.0,31.0,0,31,-,SELECT OWNER FIRST,
2026-07-10T00:59:12.900,630.901,mission_20260710_004842_manual,MANUAL,,0,13.330322265625,100.99787902832031,155.16896156440168,4,True,0.7007499933242798,1,0,0,-1,0,0.0,0.0,0.0,0,0,nan,nan,nan,94,26.299999237060547,0.0,31.0,0,31,-,SELECT OWNER FIRST,
2026-07-10T00:59:14.902,632.903,mission_20260710_004842_manual,MANUAL,,0,13.330323219299316,100.99787902832031,155.18192526344637,4,True,0.6992499828338623,1,0,0,-1,0,0.0,0.0,0.0,0,0,nan,nan,nan,94,26.299999237060547,0.0,31.0,0,30,-,SELECT OWNER FIRST,
2026-07-10T00:59:17.104,635.104,mission_20260710_004842_manual,MANUAL,,0,13.330324172973633,100.99788665771484,155.18509447122128,4,True,0.6990000009536743,1,0,0,-1,0,0.0,0.0,0.0,0,0,nan,nan,nan,94,26.299999237060547,0.0,31.0,0,30,-,SELECT OWNER FIRST,
2026-07-10T00:59:19.110,637.111,mission_20260710_004842_manual,MANUAL,,0,13.33032512664795,100.99788665771484,155.18243069744497,4,True,0.7005000114440918,1,0,0,-1,0,0.0,0.0,0.0,0,0,nan,nan,nan,94,26.299999237060547,0.0,31.0,0,30,-,SELECT OWNER FIRST,
2026-07-10T00:59:21.300,639.301,mission_20260710_004842_manual,MANUAL,,0,13.330326080322266,100.99788665771484,155.18986194326195,4,True,0.6987500190734863,1,0,0,-1,0,0.0,0.0,0.0,0,0,nan,nan,nan,94,26.299999237060547,0.0,31.0,0,30,-,SELECT OWNER FIRST,
2026-07-10T00:59:23.300,641.301,mission_20260710_004842_manual,MANUAL,,0,13.330326080322266,100.99788665771484,155.19976571755845,4,True,0.6995000243186951,1,0,0,-1,0,0.0,0.0,0.0,0,0,nan,nan,nan,94,26.299999237060547,0.0,31.0,0,30,-,SELECT OWNER FIRST,
2026-07-10T00:59:25.300,643.301,mission_20260710_004842_manual,MANUAL,,0,13.330327033996582,100.99788665771484,155.21190979390275,4,True,0.6990000009536743,1,0,0,-1,0,0.0,0.0,0.0,0,0,nan,nan,nan,94,26.299999237060547,0.0,31.0,0,30,-,SELECT OWNER FIRST,
2026-07-10T00:59:27.300,645.301,mission_20260710_004842_manual,MANUAL,,0,13.330327033996582,100.99789428710938,155.22181356819925,4,True,0.7009999752044678,1,0,0,-1,0,0.0,0.0,0.0,0,0,nan,nan,nan,94,26.299999237060547,0.0,31.0,0,30,-,SELECT OWNER FIRST,
2026-07-10T00:59:29.302,647.302,mission_20260710_004842_manual,MANUAL,,0,13.330327987670898,100.99789428710938,155.22083002095877,4,True,0.6965000033378601,1,0,0,-1,0,0.0,0.0,0.0,0,0,nan,nan,nan,94,26.299999237060547,0.0,31.0,0,29,-,SELECT OWNER FIRST,
2026-07-10T00:59:31.499,649.499,mission_20260710_004842_manual,MANUAL,,0,13.330327987670898,100.99789428710938,155.2173193037254,4,True,0.6997500061988831,1,0,0,-1,0,0.0,0.0,0.0,0,0,nan,nan,nan,94,26.299999237060547,0.0,31.0,0,29,-,SELECT OWNER FIRST,
2026-07-10T00:59:33.504,651.504,mission_20260710_004842_manual,MANUAL,,0,13.330327987670898,100.99789428710938,155.21225130336123,4,True,0.6987500190734863,1,0,0,-1,0,0.0,0.0,0.0,0,0,nan,nan,nan,94,26.299999237060547,0.0,31.0,0,29,-,SELECT OWNER FIRST,
2026-07-10T00:59:35.504,653.505,mission_20260710_004842_manual,MANUAL,,0,13.330328941345215,100.99789428710938,155.21557077529786,4,True,0.6984999775886536,1,0,0,-1,0,0.0,0.0,0.0,0,0,nan,nan,nan,94,26.299999237060547,0.0,31.0,0,30,-,SELECT OWNER FIRST,
2026-07-10T00:59:37.698,655.699,mission_20260710_004842_manual,MANUAL,,0,13.330328941345215,100.99789428710938,155.2234664739784,4,True,0.6990000009536743,1,0,0,-1,0,0.0,0.0,0.0,0,0,nan,nan,nan,94,26.299999237060547,0.0,31.0,0,30,-,SELECT OWNER FIRST,
2026-07-10T00:59:39.699,657.7,mission_20260710_004842_manual,MANUAL,,0,13.330327987670898,100.99789428710938,155.23593839940284,4,True,0.6997500061988831,1,0,0,-1,0,0.0,0.0,0.0,0,0,nan,nan,nan,94,26.299999237060547,0.0,31.0,0,30,-,SELECT OWNER FIRST,
2026-07-10T00:59:41.707,659.708,mission_20260710_004842_manual,MANUAL,,0,13.330327033996582,100.99789428710938,155.22744164407536,4,True,0.6995000243186951,1,0,0,-1,0,0.0,0.0,0.0,0,0,nan,nan,nan,94,26.299999237060547,0.0,31.0,0,30,-,SELECT OWNER FIRST,
2026-07-10T00:59:43.897,661.898,mission_20260710_004842_manual,MANUAL,,0,13.330327033996582,100.99789428710938,155.22884866304437,4,True,0.6990000009536743,1,0,0,-1,0,0.0,0.0,0.0,0,0,nan,nan,nan,94,26.299999237060547,0.0,31.0,0,30,-,SELECT OWNER FIRST,
2026-07-10T00:59:46.095,664.095,mission_20260710_004842_manual,MANUAL,,0,13.330326080322266,100.99789428710938,155.2227834550614,4,True,0.6977499723434448,1,0,0,-1,0,0.0,0.0,0.0,0,0,nan,nan,nan,94,26.299999237060547,0.0,31.0,0,30,-,SELECT OWNER FIRST,
2026-07-10T00:59:48.097,666.098,mission_20260710_004842_manual,MANUAL,,0,13.330326080322266,100.99789428710938,155.21225130336123,4,True,0.6982499957084656,1,0,0,-1,0,0.0,0.0,0.0,0,0,nan,nan,nan,94,26.299999237060547,0.0,31.0,0,29,-,SELECT OWNER FIRST,
2026-07-10T00:59:50.099,668.099,mission_20260710_004842_manual,MANUAL,,0,13.330326080322266,100.99788665771484,155.20792096342745,4,True,0.6995000243186951,1,0,0,-1,0,0.0,0.0,0.0,0,0,nan,nan,nan,94,26.299999237060547,0.0,31.0,0,29,-,SELECT OWNER FIRST,
2026-07-10T00:59:52.103,670.104,mission_20260710_004842_manual,MANUAL,,0,13.330326080322266,100.99788665771484,155.20115907614914,4,True,0.6977499723434448,1,0,0,-1,0,0.0,0.0,0.0,0,0,nan,nan,nan,94,26.299999237060547,0.0,31.0,0,29,-,SELECT OWNER FIRST,
2026-07-10T00:59:54.107,672.108,mission_20260710_004842_manual,MANUAL,,0,13.330326080322266,100.99788665771484,155.19090013201577,4,True,0.699999988079071,1,0,0,-1,0,0.0,0.0,0.0,0,0,nan,nan,nan,94,26.299999237060547,0.0,31.0,0,29,-,SELECT OWNER FIRST,
2026-07-10T00:59:56.291,674.292,mission_20260710_004842_manual,MANUAL,,0,13.330327033996582,100.99788665771484,155.18247167858,4,True,0.6992499828338623,1,0,0,-1,0,0.0,0.0,0.0,0,0,nan,nan,nan,94,26.299999237060547,0.0,31.0,0,30,-,SELECT OWNER FIRST,
2026-07-10T00:59:58.492,676.492,mission_20260710_004842_manual,MANUAL,,0,13.330327033996582,100.99787902832031,155.17036858337073,4,True,0.6992499828338623,1,0,0,-1,0,0.0,0.0,0.0,0,0,nan,nan,nan,94,26.299999237060547,0.0,31.0,0,30,-,SELECT OWNER FIRST,
2026-07-10T01:00:00.493,678.493,mission_20260710_004842_manual,MANUAL,,0,13.330327987670898,100.99787902832031,155.16132541290963,4,True,0.6982499957084656,1,0,0,-1,0,0.0,0.0,0.0,0,0,nan,nan,nan,94,26.299999237060547,0.0,31.0,0,30,-,SELECT OWNER FIRST,
2026-07-10T01:00:02.493,680.493,mission_20260710_004842_manual,MANUAL,,0,13.330329895019531,100.99787902832031,155.1699860927772,4,True,0.6974999904632568,1,0,0,-1,0,0.0,0.0,0.0,0,0,nan,nan,nan,94,26.299999237060547,0.0,31.0,0,28,-,SELECT OWNER FIRST,
2026-07-10T01:00:04.494,682.494,mission_20260710_004842_manual,MANUAL,,0,13.330329895019531,100.99787139892578,155.17674798005552,4,True,0.6970000267028809,1,0,0,-1,0,0.0,0.0,0.0,0,0,nan,nan,nan,94,26.299999237060547,0.0,31.0,0,27,-,SELECT OWNER FIRST,
2026-07-10T01:00:06.497,684.497,mission_20260710_004842_manual,MANUAL,,0,13.330330848693848,100.99787139892578,155.17909756513,4,True,0.6980000138282776,1,0,0,-1,0,0.0,0.0,0.0,0,0,nan,nan,nan,94,26.299999237060547,0.0,31.0,0,28,-,SELECT OWNER FIRST,
2026-07-10T01:00:08.691,686.692,mission_20260710_004842_manual,MANUAL,,0,13.330330848693848,100.99787139892578,155.1738109987124,4,True,0.6992499828338623,1,0,0,-1,0,0.0,0.0,0.0,0,0,nan,nan,nan,94,26.299999237060547,0.0,31.0,0,30,-,SELECT OWNER FIRST,
2026-07-10T01:00:10.698,688.698,mission_20260710_004842_manual,MANUAL,,0,13.330329895019531,100.99787139892578,155.17501311200633,4,True,0.6962500214576721,1,0,0,-1,0,0.0,0.0,0.0,0,0,nan,nan,nan,94,26.299999237060547,0.0,31.0,0,31,-,SELECT OWNER FIRST,
2026-07-10T01:00:12.889,690.889,mission_20260710_004842_manual,MANUAL,,0,13.330329895019531,100.99786376953125,155.1565032993556,4,True,0.6995000243186951,1,0,0,-1,0,0.0,0.0,0.0,0,0,nan,nan,nan,94,26.299999237060547,0.0,31.0,0,31,-,SELECT OWNER FIRST,
2026-07-10T01:00:15.090,693.09,mission_20260710_004842_manual,MANUAL,,0,13.330330848693848,100.99786376953125,155.1320375617486,4,True,0.6992499828338623,1,0,0,-1,0,0.0,0.0,0.0,0,0,nan,nan,nan,94,26.299999237060547,0.0,31.0,0,30,-,SELECT OWNER FIRST,
2026-07-10T01:00:17.095,695.096,mission_20260710_004842_manual,MANUAL,,0,13.330331802368164,100.99786376953125,155.1304666182395,4,True,0.6995000243186951,1,0,0,-1,0,0.0,0.0,0.0,0,0,nan,nan,nan,94,26.299999237060547,0.0,31.0,0,30,-,SELECT OWNER FIRST,
2026-07-10T01:00:19.097,697.097,mission_20260710_004842_manual,MANUAL,,0,13.33033275604248,100.99786376953125,155.1310813352648,4,True,0.7002500295639038,1,0,0,-1,0,0.0,0.0,0.0,0,0,nan,nan,nan,94,26.299999237060547,0.0,31.0,0,29,-,SELECT OWNER FIRST,
2026-07-10T01:00:21.288,699.289,mission_20260710_004842_manual,MANUAL,,0,13.330330848693848,100.99786376953125,155.13564390163037,4,True,0.6992499828338623,1,0,0,-1,0,0.0,0.0,0.0,0,0,nan,nan,nan,94,26.299999237060547,0.0,31.0,0,28,-,SELECT OWNER FIRST,
2026-07-10T01:00:23.289,701.29,mission_20260710_004842_manual,MANUAL,,0,13.330330848693848,100.99786376953125,155.12365008944784,4,True,0.7002500295639038,1,0,0,-1,0,0.0,0.0,0.0,0,0,nan,nan,nan,94,26.299999237060547,0.0,31.0,0,27,-,SELECT OWNER FIRST,
2026-07-10T01:00:25.298,703.299,mission_20260710_004842_manual,MANUAL,,0,13.330329895019531,100.99786376953125,155.11407416423148,4,True,0.6980000138282776,1,0,0,-1,0,0.0,0.0,0.0,0,0,nan,nan,nan,94,26.299999237060547,0.0,31.0,0,27,-,SELECT OWNER FIRST,
2026-07-10T01:00:27.486,705.486,mission_20260710_004842_manual,MANUAL,,0,13.330329895019531,100.99786376953125,155.11578171152397,4,True,0.6992499828338623,1,0,0,-1,0,0.0,0.0,0.0,0,0,nan,nan,nan,94,26.299999237060547,0.0,31.0,0,29,-,SELECT OWNER FIRST,
2026-07-10T01:00:29.488,707.488,mission_20260710_004842_manual,MANUAL,,0,13.330329895019531,100.99786376953125,155.11744827768146,4,True,0.6992499828338623,1,0,0,-1,0,0.0,0.0,0.0,0,0,nan,nan,nan,94,26.299999237060547,0.0,31.0,0,29,-,SELECT OWNER FIRST,
2026-07-10T01:00:31.686,709.686,mission_20260710_004842_manual,MANUAL,,0,13.330329895019531,100.99785614013672,155.10944329597422,4,True,0.6977499723434448,1,0,0,-1,0,0.0,0.0,0.0,0,0,nan,nan,nan,94,26.299999237060547,0.0,31.0,0,29,-,SELECT OWNER FIRST,
2026-07-10T01:00:33.688,711.688,mission_20260710_004842_manual,MANUAL,,0,13.330329895019531,100.99785614013672,155.10235355961572,4,True,0.699999988079071,1,0,0,-1,0,0.0,0.0,0.0,0,0,nan,nan,nan,94,26.299999237060547,0.0,31.0,0,29,-,SELECT OWNER FIRST,
2026-07-10T01:00:35.695,713.696,mission_20260710_004842_manual,MANUAL,,0,13.330329895019531,100.99785614013672,155.09109740786354,4,True,0.6987500190734863,1,0,0,-1,0,0.0,0.0,0.0,0,0,nan,nan,nan,94,26.299999237060547,0.0,31.0,0,29,-,SELECT OWNER FIRST,
2026-07-10T01:00:37.885,715.886,mission_20260710_004842_manual,MANUAL,,0,13.330329895019531,100.99785614013672,155.09494963455543,4,True,0.7002500295639038,1,0,0,-1,0,0.0,0.0,0.0,0,0,nan,nan,nan,94,26.299999237060547,0.0,31.0,0,29,-,SELECT OWNER FIRST,
2026-07-10T01:00:39.886,717.886,mission_20260710_004842_manual,MANUAL,,0,13.330327987670898,100.99785614013672,155.10298193701936,4,True,0.6980000138282776,1,0,0,-1,0,0.0,0.0,0.0,0,0,nan,nan,nan,94,26.299999237060547,0.0,31.0,0,29,-,SELECT OWNER FIRST,
2026-07-10T01:00:42.084,720.085,mission_20260710_004842_manual,MANUAL,,0,13.330327033996582,100.99785614013672,155.10153393691533,4,True,0.6984999775886536,1,0,0,-1,0,0.0,0.0,0.0,0,0,nan,nan,nan,94,26.299999237060547,0.0,31.0,0,31,-,SELECT OWNER FIRST,
2026-07-10T01:00:44.086,722.086,mission_20260710_004842_manual,MANUAL,,0,13.33032512664795,100.99784851074219,155.10040012551312,4,True,0.6982499957084656,1,0,0,-1,0,0.0,0.0,0.0,0,0,nan,nan,nan,94,26.299999237060547,0.0,31.0,0,28,-,SELECT OWNER FIRST,
2026-07-10T01:00:46.090,724.091,mission_20260710_004842_manual,MANUAL,,0,13.330324172973633,100.99784851074219,155.0958922006609,4,True,0.6965000033378601,1,0,0,-1,0,0.0,0.0,0.0,0,0,nan,nan,nan,94,26.299999237060547,0.0,31.0,0,28,-,SELECT OWNER FIRST,
2026-07-10T01:00:48.095,726.095,mission_20260710_004842_manual,MANUAL,,0,13.330323219299316,100.99784851074219,155.08873416241073,4,True,0.6992499828338623,1,0,0,-1,0,0.0,0.0,0.0,0,0,nan,nan,nan,94,26.299999237060547,0.0,31.0,0,28,-,SELECT OWNER FIRST,
2026-07-10T01:00:50.280,728.28,mission_20260710_004842_manual,MANUAL,,0,13.330322265625,100.99784851074219,155.09168480413217,4,True,0.6997500061988831,1,0,0,-1,0,0.0,0.0,0.0,0,0,nan,nan,nan,94,26.299999237060547,0.0,31.0,0,28,-,SELECT OWNER FIRST,
2026-07-10T01:00:52.479,730.48,mission_20260710_004842_manual,MANUAL,,0,13.330322265625,100.99784851074219,155.08689001133482,4,True,0.6995000243186951,1,0,0,-1,0,0.0,0.0,0.0,0,0,nan,nan,nan,94,26.299999237060547,0.0,31.0,0,29,-,SELECT OWNER FIRST,
2026-07-10T01:00:54.482,732.482,mission_20260710_004842_manual,MANUAL,,0,13.330321311950684,100.99784851074219,155.08250502988767,4,True,0.6977499723434448,1,0,0,-1,0,0.0,0.0,0.0,0,0,nan,nan,nan,94,26.299999237060547,0.0,31.0,0,29,-,SELECT OWNER FIRST,
2026-07-10T01:00:56.482,734.483,mission_20260710_004842_manual,MANUAL,,0,13.330320358276367,100.99784851074219,155.07846155789903,4,True,0.6997500061988831,1,0,0,-1,0,0.0,0.0,0.0,0,0,nan,nan,nan,94,26.299999237060547,0.0,31.0,0,28,-,SELECT OWNER FIRST,
2026-07-10T01:00:58.482,736.483,mission_20260710_004842_manual,MANUAL,,0,13.33031940460205,100.99784851074219,155.0829968035079,4,True,0.6977499723434448,1,0,0,-1,0,0.0,0.0,0.0,0,0,nan,nan,nan,94,26.299999237060547,0.0,31.0,0,29,-,SELECT OWNER FIRST,
2026-07-10T01:01:00.486,738.487,mission_20260710_004842_manual,MANUAL,,0,13.330318450927734,100.99784851074219,155.08734080382004,4,True,0.6995000243186951,1,0,0,-1,0,0.0,0.0,0.0,0,0,nan,nan,nan,94,26.299999237060547,0.0,31.0,0,29,-,SELECT OWNER FIRST,
2026-07-10T01:01:02.679,740.68,mission_20260710_004842_manual,MANUAL,,0,13.330317497253418,100.99784851074219,155.08504586025893,4,True,0.699999988079071,1,0,0,-1,0,0.0,0.0,0.0,0,0,nan,nan,nan,94,26.299999237060547,0.0,31.0,0,29,-,SELECT OWNER FIRST,
2026-07-10T01:01:04.686,742.686,mission_20260710_004842_manual,MANUAL,,0,13.330316543579102,100.99784851074219,155.07734140687515,4,True,0.6984999775886536,1,0,0,-1,0,0.0,0.0,0.0,0,0,nan,nan,nan,94,26.299999237060547,0.0,31.0,0,29,-,SELECT OWNER FIRST,
2026-07-10T01:01:06.876,744.877,mission_20260710_004842_manual,MANUAL,,0,13.330316543579102,100.99785614013672,155.071590387594,4,True,0.7014999985694885,1,0,0,-1,0,0.0,0.0,0.0,0,0,nan,nan,nan,94,26.299999237060547,0.0,31.0,0,28,-,SELECT OWNER FIRST,
2026-07-10T01:01:08.878,746.878,mission_20260710_004842_manual,MANUAL,,0,13.330316543579102,100.99785614013672,155.08075650146014,4,True,0.6982499957084656,1,0,0,-1,0,0.0,0.0,0.0,0,0,nan,nan,nan,94,26.299999237060547,0.0,31.0,0,29,-,SELECT OWNER FIRST,
2026-07-10T01:01:11.076,749.077,mission_20260710_004842_manual,MANUAL,,0,13.330316543579102,100.99785614013672,155.0867124264164,4,True,0.6990000009536743,1,0,0,-1,0,0.0,0.0,0.0,0,0,nan,nan,nan,94,26.299999237060547,0.0,31.0,0,29,-,SELECT OWNER FIRST,
2026-07-10T01:01:13.078,751.079,mission_20260710_004842_manual,MANUAL,,0,13.330317497253418,100.99785614013672,155.08068819956844,4,True,0.6990000009536743,1,0,0,-1,0,0.0,0.0,0.0,0,0,nan,nan,nan,94,26.299999237060547,0.0,31.0,0,28,-,SELECT OWNER FIRST,
2026-07-10T01:01:15.094,753.094,mission_20260710_004842_manual,MANUAL,,0,13.330317497253418,100.99786376953125,155.10195740864387,4,True,0.6984999775886536,1,0,0,-1,0,0.0,0.0,0.0,0,0,nan,nan,nan,94,26.299999237060547,0.0,31.0,0,29,-,SELECT OWNER FIRST,
2026-07-10T01:01:17.094,755.095,mission_20260710_004842_manual,MANUAL,,0,13.33031940460205,100.99786376953125,155.11982518351263,4,True,0.6982499957084656,1,0,0,-1,0,0.0,0.0,0.0,0,0,nan,nan,nan,94,26.299999237060547,0.0,31.0,0,28,-,SELECT OWNER FIRST,
2026-07-10T01:01:19.275,757.275,mission_20260710_004842_manual,MANUAL,,0,13.33031940460205,100.99786376953125,155.12829461808343,4,True,0.6972500085830688,1,0,0,-1,0,0.0,0.0,0.0,0,0,nan,nan,nan,94,26.299999237060547,0.0,31.0,0,26,-,SELECT OWNER FIRST,
2026-07-10T01:01:21.275,759.276,mission_20260710_004842_manual,MANUAL,,0,13.330322265625,100.99786376953125,155.1373924300579,4,True,0.6990000009536743,1,0,0,-1,0,0.0,0.0,0.0,0,0,nan,nan,nan,94,26.299999237060547,0.0,31.0,0,27,-,SELECT OWNER FIRST,
2026-07-10T01:01:23.473,761.473,mission_20260710_004842_manual,MANUAL,,0,13.330323219299316,100.99787139892578,155.1428839021506,4,True,0.6974999904632568,1,0,0,-1,0,0.0,0.0,0.0,0,0,nan,nan,nan,94,26.299999237060547,0.0,31.0,0,27,-,SELECT OWNER FIRST,
2026-07-10T01:01:25.490,763.49,mission_20260710_004842_manual,MANUAL,,0,13.330322265625,100.99787139892578,155.15613446914043,4,True,0.7002500295639038,1,0,0,-1,0,0.0,0.0,0.0,0,0,nan,nan,nan,94,26.299999237060547,0.0,31.0,0,28,-,SELECT OWNER FIRST,
2026-07-10T01:01:27.673,765.673,mission_20260710_004842_manual,MANUAL,,0,13.330322265625,100.99787139892578,155.15799228059467,4,True,0.6992499828338623,1,0,0,-1,0,0.0,0.0,0.0,0,0,nan,nan,nan,94,26.299999237060547,0.0,31.0,0,28,-,SELECT OWNER FIRST,
2026-07-10T01:01:29.675,767.676,mission_20260710_004842_manual,MANUAL,,0,13.330323219299316,100.99787139892578,155.17076473434258,4,True,0.6977499723434448,1,0,0,-1,0,0.0,0.0,0.0,0,0,nan,nan,nan,94,26.299999237060547,0.0,31.0,0,28,-,SELECT OWNER FIRST,
2026-07-10T01:01:31.676,769.677,mission_20260710_004842_manual,MANUAL,,0,13.330323219299316,100.99787902832031,155.17800473486278,4,True,0.6965000033378601,1,0,0,-1,0,0.0,0.0,0.0,0,0,nan,nan,nan,94,26.299999237060547,0.0,31.0,0,29,-,SELECT OWNER FIRST,
2026-07-10T01:01:33.681,771.681,mission_20260710_004842_manual,MANUAL,,0,13.330324172973633,100.99787902832031,155.18618730148847,4,True,0.699999988079071,1,0,0,-1,0,0.0,0.0,0.0,0,0,nan,nan,nan,94,26.299999237060547,0.0,31.0,0,29,-,SELECT OWNER FIRST,
2026-07-10T01:01:35.872,773.872,mission_20260710_004842_manual,MANUAL,,0,13.33032512664795,100.99787902832031,155.19096843390747,4,True,0.7007499933242798,1,0,0,-1,0,0.0,0.0,0.0,0,0,nan,nan,nan,94,26.299999237060547,0.0,31.0,0,29,-,SELECT OWNER FIRST,
2026-07-10T01:01:38.070,776.07,mission_20260710_004842_manual,MANUAL,,0,13.33032512664795,100.99787902832031,155.20405507635724,4,True,0.7014999985694885,1,0,0,-1,0,0.0,0.0,0.0,0,0,nan,nan,nan,94,26.299999237060547,0.0,31.0,0,30,-,SELECT OWNER FIRST,
2026-07-10T01:01:40.071,778.071,mission_20260710_004842_manual,MANUAL,,0,13.330326080322266,100.99787902832031,155.2027846611716,4,True,0.6970000267028809,1,0,0,-1,0,0.0,0.0,0.0,0,0,nan,nan,nan,94,26.299999237060547,0.0,31.0,0,29,-,SELECT OWNER FIRST,
2026-07-10T01:01:42.075,780.076,mission_20260710_004842_manual,MANUAL,,0,13.330326080322266,100.99787902832031,155.20128201955418,4,True,0.6987500190734863,1,0,0,-1,0,0.0,0.0,0.0,0,0,nan,nan,nan,94,26.299999237060547,0.0,31.0,0,30,-,SELECT OWNER FIRST,
2026-07-10T01:01:44.270,782.27,mission_20260710_004842_manual,MANUAL,,0,13.330326080322266,100.99787902832031,155.19956081188334,4,True,0.6995000243186951,1,0,0,-1,0,0.0,0.0,0.0,0,0,nan,nan,nan,94,26.299999237060547,0.0,31.0,0,30,-,SELECT OWNER FIRST,
2026-07-10T01:01:46.272,784.272,mission_20260710_004842_manual,MANUAL,,0,13.330327033996582,100.99787902832031,155.196815075837,4,True,0.6980000138282776,1,0,0,-1,0,0.0,0.0,0.0,0,0,nan,nan,nan,94,26.299999237060547,0.0,31.0,0,29,-,SELECT OWNER FIRST,
2026-07-10T01:01:48.278,786.278,mission_20260710_004842_manual,MANUAL,,0,13.330327987670898,100.99787902832031,155.1984133401028,4,True,0.7012500166893005,1,0,0,-1,0,0.0,0.0,0.0,0,0,nan,nan,nan,94,26.299999237060547,0.0,31.0,0,29,-,SELECT OWNER FIRST,
2026-07-10T01:01:50.469,788.469,mission_20260710_004842_manual,MANUAL,,0,13.330328941345215,100.99787902832031,155.19409666054733,4,True,0.6992499828338623,1,0,0,-1,0,0.0,0.0,0.0,0,0,nan,nan,nan,94,26.299999237060547,0.0,31.0,0,29,-,SELECT OWNER FIRST,
2026-07-10T01:01:52.470,790.47,mission_20260710_004842_manual,MANUAL,,0,13.330329895019531,100.99787902832031,155.185203754248,4,True,0.6984999775886536,1,0,0,-1,0,0.0,0.0,0.0,0,0,nan,nan,nan,94,26.299999237060547,0.0,31.0,0,30,-,SELECT OWNER FIRST,
2026-07-10T01:01:54.472,792.473,mission_20260710_004842_manual,MANUAL,,0,13.330330848693848,100.99787902832031,155.1679780171612,4,True,0.6992499828338623,1,0,0,-1,0,0.0,0.0,0.0,0,0,nan,nan,nan,94,26.299999237060547,0.0,31.0,0,29,-,SELECT OWNER FIRST,
2026-07-10T01:01:56.479,794.479,mission_20260710_004842_manual,MANUAL,,0,13.330330848693848,100.99787902832031,155.15669454465237,4,True,0.6990000009536743,1,0,0,-1,0,0.0,0.0,0.0,0,0,nan,nan,nan,94,26.299999237060547,0.0,31.0,0,28,-,SELECT OWNER FIRST,
2026-07-10T01:01:58.666,796.667,mission_20260710_004842_manual,MANUAL,,0,13.330330848693848,100.99787902832031,155.14713227981434,4,True,0.6984999775886536,1,0,0,-1,0,0.0,0.0,0.0,0,0,nan,nan,nan,94,26.299999237060547,0.0,31.0,0,28,-,SELECT OWNER FIRST,
2026-07-10T01:02:00.673,798.674,mission_20260710_004842_manual,MANUAL,,0,13.330330848693848,100.99787902832031,155.1382120527583,4,True,0.6990000009536743,1,0,0,-1,0,0.0,0.0,0.0,0,0,nan,nan,nan,94,26.299999237060547,0.0,31.0,0,27,-,SELECT OWNER FIRST,
2026-07-10T01:02:02.673,800.674,mission_20260710_004842_manual,MANUAL,,0,13.330330848693848,100.99787902832031,155.14695469489592,4,True,0.6970000267028809,1,0,0,-1,0,0.0,0.0,0.0,0,0,nan,nan,nan,94,26.299999237060547,0.0,31.0,0,28,-,SELECT OWNER FIRST,
2026-07-10T01:02:04.674,802.675,mission_20260710_004842_manual,MANUAL,,0,13.330330848693848,100.99787902832031,155.1415588454516,4,True,0.6974999904632568,1,0,0,-1,0,0.0,0.0,0.0,0,0,nan,nan,nan,94,26.299999237060547,0.0,31.0,0,28,-,SELECT OWNER FIRST,
2026-07-10T01:02:06.864,804.865,mission_20260710_004842_manual,MANUAL,,0,13.330330848693848,100.99787902832031,155.1472962043544,4,True,0.6982499957084656,1,0,0,-1,0,0.0,0.0,0.0,0,0,nan,nan,nan,94,26.299999237060547,0.0,31.0,0,29,-,SELECT OWNER FIRST,
2026-07-10T01:02:08.866,806.866,mission_20260710_004842_manual,MANUAL,,0,13.330329895019531,100.99787902832031,155.160697035506,4,True,0.6984999775886536,1,0,0,-1,0,0.0,0.0,0.0,0,0,nan,nan,nan,94,26.299999237060547,0.0,31.0,0,29,-,SELECT OWNER FIRST,
2026-07-10T01:02:11.063,809.063,mission_20260710_004842_manual,MANUAL,,0,13.330329895019531,100.99787902832031,155.161421035558,4,True,0.6990000009536743,1,0,0,-1,0,0.0,0.0,0.0,0,0,nan,nan,nan,94,26.299999237060547,0.0,31.0,0,29,-,SELECT OWNER FIRST,
2026-07-10T01:02:13.067,811.067,mission_20260710_004842_manual,MANUAL,,0,13.330329895019531,100.99787902832031,155.1516538650449,4,True,0.7012500166893005,1,0,0,-1,0,0.0,0.0,0.0,0,0,nan,nan,nan,94,26.299999237060547,0.0,31.0,0,28,-,SELECT OWNER FIRST,
2026-07-10T01:02:15.072,813.072,mission_20260710_004842_manual,MANUAL,,0,13.330328941345215,100.99787902832031,155.15336141233738,4,True,0.699999988079071,1,0,0,-1,0,0.0,0.0,0.0,0,0,nan,nan,nan,94,26.299999237060547,0.0,31.0,0,30,-,SELECT OWNER FIRST,
2026-07-10T01:02:17.262,815.262,mission_20260710_004842_manual,MANUAL,,0,13.330328941345215,100.99787902832031,155.14330737387914,4,True,0.6990000009536743,1,0,0,-1,0,0.0,0.0,0.0,0,0,nan,nan,nan,94,26.299999237060547,0.0,31.0,0,30,-,SELECT OWNER FIRST,
2026-07-10T01:02:19.264,817.265,mission_20260710_004842_manual,MANUAL,,0,13.330327033996582,100.99787902832031,155.137597335733,4,True,0.6980000138282776,1,0,0,-1,0,0.0,0.0,0.0,0,0,nan,nan,nan,94,26.299999237060547,0.0,31.0,0,30,-,SELECT OWNER FIRST,
2026-07-10T01:02:21.266,819.266,mission_20260710_004842_manual,MANUAL,,0,13.330326080322266,100.99787902832031,155.13239273158544,4,True,0.7007499933242798,1,0,0,-1,0,0.0,0.0,0.0,0,0,nan,nan,nan,94,26.299999237060547,0.0,31.0,0,30,-,SELECT OWNER FIRST,
2026-07-10T01:02:23.269,821.269,mission_20260710_004842_manual,MANUAL,,0,13.33032512664795,100.99787902832031,155.13328065617756,4,True,0.6982499957084656,1,0,0,-1,0,0.0,0.0,0.0,0,0,nan,nan,nan,94,26.299999237060547,0.0,31.0,0,28,-,SELECT OWNER FIRST,
2026-07-10T01:02:25.460,823.46,mission_20260710_004842_manual,MANUAL,,0,13.330324172973633,100.99788665771484,155.147118619436,4,True,0.7007499933242798,1,0,0,-1,0,0.0,0.0,0.0,0,0,nan,nan,nan,94,26.299999237060547,0.0,31.0,0,29,-,SELECT OWNER FIRST,
2026-07-10T01:02:27.661,825.661,mission_20260710_004842_manual,MANUAL,,0,13.330323219299316,100.99788665771484,155.14487831738822,4,True,0.6992499828338623,1,0,0,-1,0,0.0,0.0,0.0,0,0,nan,nan,nan,94,26.299999237060547,0.0,31.0,0,28,-,SELECT OWNER FIRST,
2026-07-10T01:02:29.662,827.662,mission_20260710_004842_manual,MANUAL,,0,13.330321311950684,100.99788665771484,155.14986435548235,4,True,0.7005000114440918,1,0,0,-1,0,0.0,0.0,0.0,0,0,nan,nan,nan,94,26.299999237060547,0.0,31.0,0,28,-,SELECT OWNER FIRST,
2026-07-10T01:02:31.663,829.663,mission_20260710_004842_manual,MANUAL,,0,13.33031940460205,100.99788665771484,155.15191341223334,4,True,0.6997500061988831,1,0,0,-1,0,0.0,0.0,0.0,0,0,nan,nan,nan,94,26.299999237060547,0.0,31.0,0,28,-,SELECT OWNER FIRST,
2026-07-10T01:02:33.663,831.664,mission_20260710_004842_manual,MANUAL,,0,13.330318450927734,100.99788665771484,155.150492732886,4,True,0.7005000114440918,1,0,0,-1,0,0.0,0.0,0.0,0,0,nan,nan,nan,94,26.299999237060547,0.0,31.0,0,29,-,SELECT OWNER FIRST,
2026-07-10T01:02:35.668,833.669,mission_20260710_004842_manual,MANUAL,,0,13.330317497253418,100.99788665771484,155.1503971102376,4,True,0.6995000243186951,1,0,0,-1,0,0.0,0.0,0.0,0,0,nan,nan,nan,94,26.299999237060547,0.0,31.0,0,29,-,SELECT OWNER FIRST,
2026-07-10T01:02:37.858,835.858,mission_20260710_004842_manual,MANUAL,,0,13.330316543579102,100.99788665771484,155.15086156310116,4,True,0.6992499828338623,1,0,0,-1,0,0.0,0.0,0.0,0,0,nan,nan,nan,94,26.299999237060547,0.0,31.0,0,29,-,SELECT OWNER FIRST,
2026-07-10T01:02:40.057,838.058,mission_20260710_004842_manual,MANUAL,,0,13.330316543579102,100.99788665771484,155.14416797771455,4,True,0.6974999904632568,1,0,0,-1,0,0.0,0.0,0.0,0,0,nan,nan,nan,94,26.299999237060547,0.0,31.0,0,29,-,SELECT OWNER FIRST,
2026-07-10T01:02:42.058,840.058,mission_20260710_004842_manual,MANUAL,,0,13.330315589904785,100.99789428710938,155.14608043068216,4,True,0.6995000243186951,1,0,0,-1,0,0.0,0.0,0.0,0,0,nan,nan,nan,94,26.299999237060547,0.0,31.0,0,29,-,SELECT OWNER FIRST,
2026-07-10T01:02:44.063,842.064,mission_20260710_004842_manual,MANUAL,,0,13.330314636230469,100.99789428710938,155.1566125823823,4,True,0.6992499828338623,1,0,0,-1,0,0.0,0.0,0.0,0,0,nan,nan,nan,94,26.299999237060547,0.0,31.0,0,30,-,SELECT OWNER FIRST,
2026-07-10T01:02:46.257,844.257,mission_20260710_004842_manual,MANUAL,,0,13.330314636230469,100.99789428710938,155.15601152573535,4,True,0.6990000009536743,1,0,0,-1,0,0.0,0.0,0.0,0,0,nan,nan,nan,94,26.299999237060547,0.0,31.0,0,30,-,SELECT OWNER FIRST,
2026-07-10T01:02:48.259,846.26,mission_20260710_004842_manual,MANUAL,,0,13.330314636230469,100.99789428710938,155.1486895629451,4,True,0.7002500295639038,1,0,0,-1,0,0.0,0.0,0.0,0,0,nan,nan,nan,94,26.299999237060547,0.0,31.0,0,30,-,SELECT OWNER FIRST,
2026-07-10T01:02:50.276,848.276,mission_20260710_004842_manual,MANUAL,,0,13.330314636230469,100.99789428710938,155.15334775195905,4,True,0.6990000009536743,1,0,0,-1,0,0.0,0.0,0.0,0,0,nan,nan,nan,94,26.299999237060547,0.0,31.0,0,30,-,SELECT OWNER FIRST,
2026-07-10T01:02:52.456,850.457,mission_20260710_004842_manual,MANUAL,,0,13.330314636230469,100.99789428710938,155.1543586199562,4,True,0.7002500295639038,1,0,0,-1,0,0.0,0.0,0.0,0,0,nan,nan,nan,94,26.299999237060547,0.0,31.0,0,29,-,SELECT OWNER FIRST,
2026-07-10T01:02:54.457,852.458,mission_20260710_004842_manual,MANUAL,,0,13.330313682556152,100.99789428710938,155.14190035491012,4,True,0.7009999752044678,1,0,0,-1,0,0.0,0.0,0.0,0,0,nan,nan,nan,94,26.299999237060547,0.0,31.0,0,29,-,SELECT OWNER FIRST,
2026-07-10T01:02:56.656,854.656,mission_20260710_004842_manual,MANUAL,,0,13.330313682556152,100.99789428710938,155.1310130333731,4,True,0.7002500295639038,1,0,0,-1,0,0.0,0.0,0.0,0,0,nan,nan,nan,94,26.299999237060547,0.0,31.0,0,30,-,SELECT OWNER FIRST,
2026-07-10T01:02:58.662,856.663,mission_20260710_004842_manual,MANUAL,,0,13.330313682556152,100.99789428710938,155.12477024047172,4,True,0.6992499828338623,1,0,0,-1,0,0.0,0.0,0.0,0,0,nan,nan,nan,94,26.299999237060547,0.0,31.0,0,30,-,SELECT OWNER FIRST,
2026-07-10T01:03:00.852,858.852,mission_20260710_004842_manual,MANUAL,,0,13.330312728881836,100.99789428710938,155.1181722777335,4,True,0.6992499828338623,1,0,0,-1,0,0.0,0.0,0.0,0,0,nan,nan,nan,94,26.299999237060547,0.0,31.0,0,29,-,SELECT OWNER FIRST,
2026-07-10T01:03:02.853,860.854,mission_20260710_004842_manual,MANUAL,,0,13.33031177520752,100.99789428710938,155.12966065591743,4,True,0.6982499957084656,1,0,0,-1,0,0.0,0.0,0.0,0,0,nan,nan,nan,94,26.299999237060547,0.0,31.0,0,28,-,SELECT OWNER FIRST,
2026-07-10T01:03:05.051,863.052,mission_20260710_004842_manual,MANUAL,,0,13.330310821533203,100.99789428710938,155.12389597625796,4,True,0.6980000138282776,1,0,0,-1,0,0.0,0.0,0.0,0,0,nan,nan,nan,94,26.299999237060547,0.0,31.0,0,28,-,SELECT OWNER FIRST,
2026-07-10T01:03:07.057,865.058,mission_20260710_004842_manual,MANUAL,,0,13.330310821533203,100.9979019165039,155.1285541652719,4,True,0.7002500295639038,1,0,0,-1,0,0.0,0.0,0.0,0,0,nan,nan,nan,94,26.299999237060547,0.0,31.0,0,28,-,SELECT OWNER FIRST,
2026-07-10T01:03:09.059,867.059,mission_20260710_004842_manual,MANUAL,,0,13.330309867858887,100.9979019165039,155.13621763752064,4,True,0.6995000243186951,1,0,0,-1,0,0.0,0.0,0.0,0,0,nan,nan,nan,94,26.299999237060547,0.0,31.0,0,28,-,SELECT OWNER FIRST,
2026-07-10T01:03:11.060,869.06,mission_20260710_004842_manual,MANUAL,,0,13.330310821533203,100.9979019165039,155.14590284576374,4,True,0.6965000033378601,1,0,0,-1,0,0.0,0.0,0.0,0,0,nan,nan,nan,94,26.299999237060547,0.0,31.0,0,28,-,SELECT OWNER FIRST,
2026-07-10T01:03:13.252,871.253,mission_20260710_004842_manual,MANUAL,,0,13.330310821533203,100.9979019165039,155.14856661954005,4,True,0.6987500190734863,1,0,0,-1,0,0.0,0.0,0.0,0,0,nan,nan,nan,94,26.299999237060547,0.0,31.0,0,28,-,SELECT OWNER FIRST,
2026-07-10T01:03:15.254,873.254,mission_20260710_004842_manual,MANUAL,,0,13.33031177520752,100.9979019165039,155.15771907302786,4,True,0.7017499804496765,1,0,0,-1,0,0.0,0.0,0.0,0,0,nan,nan,nan,94,26.299999237060547,0.0,31.0,0,28,-,SELECT OWNER FIRST,
2026-07-10T01:03:17.256,875.257,mission_20260710_004842_manual,MANUAL,,0,13.33031177520752,100.9979019165039,155.1655464698167,4,True,0.7002500295639038,1,0,0,-1,0,0.0,0.0,0.0,0,0,nan,nan,nan,94,26.299999237060547,0.0,31.0,0,28,-,SELECT OWNER FIRST,
2026-07-10T01:03:19.261,877.261,mission_20260710_004842_manual,MANUAL,,0,13.33031177520752,100.9979019165039,155.1694123568869,4,True,0.7012500166893005,1,0,0,-1,0,0.0,0.0,0.0,0,0,nan,nan,nan,94,26.299999237060547,0.0,31.0,0,28,-,SELECT OWNER FIRST,
2026-07-10T01:03:21.447,879.447,mission_20260710_004842_manual,MANUAL,,0,13.33031177520752,100.9979019165039,155.17409786665755,4,True,0.6970000267028809,1,0,0,-1,0,0.0,0.0,0.0,0,0,nan,nan,nan,94,26.299999237060547,0.0,31.0,0,29,-,SELECT OWNER FIRST,
2026-07-10T01:03:23.449,881.45,mission_20260710_004842_manual,MANUAL,,0,13.330312728881836,100.9979019165039,155.17672065929884,4,True,0.6990000009536743,1,0,0,-1,0,0.0,0.0,0.0,0,0,nan,nan,nan,94,26.299999237060547,0.0,31.0,0,29,-,SELECT OWNER FIRST,
2026-07-10T01:03:25.650,883.651,mission_20260710_004842_manual,MANUAL,,0,13.330312728881836,100.99790954589844,155.1730596779037,4,True,0.6984999775886536,1,0,0,-1,0,0.0,0.0,0.0,0,0,nan,nan,nan,94,26.299999237060547,0.0,31.0,0,29,-,SELECT OWNER FIRST,
2026-07-10T01:03:27.651,885.652,mission_20260710_004842_manual,MANUAL,,0,13.330312728881836,100.99790954589844,155.16748624354096,4,True,0.6990000009536743,1,0,0,-1,0,0.0,0.0,0.0,0,0,nan,nan,nan,94,26.299999237060547,0.0,31.0,0,29,-,SELECT OWNER FIRST,
2026-07-10T01:03:29.655,887.656,mission_20260710_004842_manual,MANUAL,,0,13.33031177520752,100.99790954589844,155.15729560129932,4,True,0.6987500190734863,1,0,0,-1,0,0.0,0.0,0.0,0,0,nan,nan,nan,94,26.299999237060547,0.0,31.0,0,29,-,SELECT OWNER FIRST,
2026-07-10T01:03:31.846,889.846,mission_20260710_004842_manual,MANUAL,,0,13.33031177520752,100.99790954589844,155.16282805452704,4,True,0.6987500190734863,1,0,0,-1,0,0.0,0.0,0.0,0,0,nan,nan,nan,94,26.299999237060547,0.0,31.0,0,30,-,SELECT OWNER FIRST,
2026-07-10T01:03:34.046,892.047,mission_20260710_004842_manual,MANUAL,,0,13.330310821533203,100.99790954589844,155.17965764064195,4,True,0.6982499957084656,1,0,0,-1,0,0.0,0.0,0.0,0,0,nan,nan,nan,94,26.299999237060547,0.0,31.0,0,30,-,SELECT OWNER FIRST,
2026-07-10T01:03:36.052,894.052,mission_20260710_004842_manual,MANUAL,,0,13.330310821533203,100.99790954589844,155.17386564022576,4,True,0.6970000267028809,1,0,0,-1,0,0.0,0.0,0.0,0,0,nan,nan,nan,94,26.299999237060547,0.0,31.0,0,30,-,SELECT OWNER FIRST,
2026-07-10T01:03:38.056,896.057,mission_20260710_004842_manual,MANUAL,,0,13.330310821533203,100.99790954589844,155.1772260932974,4,True,0.6965000033378601,1,0,0,-1,0,0.0,0.0,0.0,0,0,nan,nan,nan,94,26.299999237060547,0.0,31.0,0,29,-,SELECT OWNER FIRST,
2026-07-10T01:03:40.245,898.246,mission_20260710_004842_manual,MANUAL,,0,13.330309867858887,100.99790954589844,155.18035431993727,4,True,0.6974999904632568,1,0,0,-1,0,0.0,0.0,0.0,0,0,nan,nan,nan,94,26.299999237060547,0.0,31.0,0,30,-,SELECT OWNER FIRST,
2026-07-10T01:03:42.247,900.247,mission_20260710_004842_manual,MANUAL,,0,13.330309867858887,100.99790954589844,155.164153111226,4,True,0.699999988079071,1,0,0,-1,0,0.0,0.0,0.0,0,0,nan,nan,nan,94,26.299999237060547,0.0,31.0,0,29,-,SELECT OWNER FIRST,
2026-07-10T01:03:44.251,902.252,mission_20260710_004842_manual,MANUAL,,0,13.330310821533203,100.99790954589844,155.14822511008154,4,True,0.6977499723434448,1,0,0,-1,0,0.0,0.0,0.0,0,0,nan,nan,nan,94,26.299999237060547,0.0,31.0,0,30,-,SELECT OWNER FIRST,
2026-07-10T01:03:46.444,904.444,mission_20260710_004842_manual,MANUAL,,0,13.330310821533203,100.99790954589844,155.1562983936805,4,True,0.6995000243186951,1,0,0,-1,0,0.0,0.0,0.0,0,0,nan,nan,nan,94,26.299999237060547,0.0,31.0,0,30,-,SELECT OWNER FIRST,
2026-07-10T01:03:48.455,906.456,mission_20260710_004842_manual,MANUAL,,0,13.330312728881836,100.99790954589844,155.16198111106993,4,True,0.699999988079071,1,0,0,-1,0,0.0,0.0,0.0,0,0,nan,nan,nan,94,26.299999237060547,0.0,31.0,0,29,-,SELECT OWNER FIRST,
2026-07-10T01:03:50.643,908.644,mission_20260710_004842_manual,MANUAL,,0,13.330313682556152,100.99791717529297,155.15011024229247,4,True,0.699999988079071,1,0,0,-1,0,0.0,0.0,0.0,0,0,nan,nan,nan,94,26.299999237060547,0.0,31.0,0,29,-,SELECT OWNER FIRST,
2026-07-10T01:03:52.650,910.65,mission_20260710_004842_manual,MANUAL,,0,13.330313682556152,100.99791717529297,155.1394414868089,4,True,0.6980000138282776,1,0,0,-1,0,0.0,0.0,0.0,0,0,nan,nan,nan,94,26.299999237060547,0.0,31.0,0,28,-,SELECT OWNER FIRST,
2026-07-10T01:03:54.840,912.84,mission_20260710_004842_manual,MANUAL,,0,13.330313682556152,100.99791717529297,155.1344554487148,4,True,0.7005000114440918,1,0,0,-1,0,0.0,0.0,0.0,0,0,nan,nan,nan,94,26.299999237060547,0.0,31.0,0,29,-,SELECT OWNER FIRST,
2026-07-10T01:03:57.041,915.041,mission_20260710_004842_manual,MANUAL,,0,13.330312728881836,100.99791717529297,155.13011144840266,4,True,0.6990000009536743,1,0,0,-1,0,0.0,0.0,0.0,0,0,nan,nan,nan,94,26.299999237060547,0.0,31.0,0,29,-,SELECT OWNER FIRST,
2026-07-10T01:03:59.057,917.057,mission_20260710_004842_manual,MANUAL,,0,13.330312728881836,100.99791717529297,155.13123159942654,4,True,0.6990000009536743,1,0,0,-1,0,0.0,0.0,0.0,0,0,nan,nan,nan,94,26.299999237060547,0.0,31.0,0,28,-,SELECT OWNER FIRST,
2026-07-10T01:04:01.240,919.241,mission_20260710_004842_manual,MANUAL,,0,13.330313682556152,100.99791717529297,155.14412699657953,4,True,0.6980000138282776,1,0,0,-1,0,0.0,0.0,0.0,0,0,nan,nan,nan,94,26.299999237060547,0.0,31.0,0,29,-,SELECT OWNER FIRST,
2026-07-10T01:04:03.242,921.243,mission_20260710_004842_manual,MANUAL,,0,13.330314636230469,100.99791717529297,155.15020586494083,4,True,0.6995000243186951,1,0,0,-1,0,0.0,0.0,0.0,0,0,nan,nan,nan,94,26.299999237060547,0.0,31.0,0,29,-,SELECT OWNER FIRST,
2026-07-10T01:04:05.244,923.244,mission_20260710_004842_manual,MANUAL,,0,13.330315589904785,100.99791717529297,155.15215929904346,4,True,0.6992499828338623,1,0,0,-1,0,0.0,0.0,0.0,0,0,nan,nan,nan,94,26.299999237060547,0.0,31.0,0,28,-,SELECT OWNER FIRST,
2026-07-10T01:04:07.247,925.247,mission_20260710_004842_manual,MANUAL,,0,13.330317497253418,100.99791717529297,155.1562983936805,4,True,0.6990000009536743,1,0,0,-1,0,0.0,0.0,0.0,0,0,nan,nan,nan,94,26.299999237060547,0.0,31.0,0,27,-,SELECT OWNER FIRST,
2026-07-10T01:04:09.247,927.247,mission_20260710_004842_manual,MANUAL,,0,13.330318450927734,100.99791717529297,155.16034186566915,4,True,0.6990000009536743,1,0,0,-1,0,0.0,0.0,0.0,0,0,nan,nan,nan,94,26.299999237060547,0.0,31.0,0,28,-,SELECT OWNER FIRST,
2026-07-10T01:04:11.437,929.438,mission_20260710_004842_manual,MANUAL,,0,13.33031940460205,100.99791717529297,155.15571099741186,4,True,0.7009999752044678,1,0,0,-1,0,0.0,0.0,0.0,0,0,nan,nan,nan,94,26.299999237060547,0.0,31.0,0,28,-,SELECT OWNER FIRST,
2026-07-10T01:04:13.443,931.443,mission_20260710_004842_manual,MANUAL,,0,13.330320358276367,100.99791717529297,155.15912609199688,4,True,0.6959999799728394,1,0,0,-1,0,0.0,0.0,0.0,0,0,nan,nan,nan,94,26.299999237060547,0.0,31.0,0,27,-,SELECT OWNER FIRST,
2026-07-10T01:04:15.637,933.637,mission_20260710_004842_manual,MANUAL,,0,13.330320358276367,100.99791717529297,155.16131175253128,4,True,0.6992499828338623,1,0,0,-1,0,0.0,0.0,0.0,0,0,nan,nan,nan,94,26.299999237060547,0.0,31.0,0,28,-,SELECT OWNER FIRST,
2026-07-10T01:04:17.638,935.638,mission_20260710_004842_manual,MANUAL,,0,13.33031940460205,100.99791717529297,155.1516265442882,4,True,0.7002500295639038,1,0,0,-1,0,0.0,0.0,0.0,0,0,nan,nan,nan,94,26.299999237060547,0.0,31.0,0,29,-,SELECT OWNER FIRST,
2026-07-10T01:04:19.638,937.639,mission_20260710_004842_manual,MANUAL,,0,13.330318450927734,100.99791717529297,155.1422145436119,4,True,0.7017499804496765,1,0,0,-1,0,0.0,0.0,0.0,0,0,nan,nan,nan,94,26.299999237060547,0.0,31.0,0,29,-,SELECT OWNER FIRST,
2026-07-10T01:04:21.649,939.649,mission_20260710_004842_manual,MANUAL,,0,13.330317497253418,100.99791717529297,155.12496148576847,4,True,0.6990000009536743,1,0,0,-1,0,0.0,0.0,0.0,0,0,nan,nan,nan,94,26.299999237060547,0.0,31.0,0,29,-,SELECT OWNER FIRST,
2026-07-10T01:04:23.834,941.835,mission_20260710_004842_manual,MANUAL,,0,13.330316543579102,100.99791717529297,155.12023499486284,4,True,0.6982499957084656,1,0,0,-1,0,0.0,0.0,0.0,0,0,nan,nan,nan,94,26.299999237060547,0.0,31.0,0,30,-,SELECT OWNER FIRST,
2026-07-10T01:04:25.835,943.836,mission_20260710_004842_manual,MANUAL,,0,13.330315589904785,100.99791717529297,155.1141834472582,4,True,0.6992499828338623,1,0,0,-1,0,0.0,0.0,0.0,0,0,nan,nan,nan,94,26.299999237060547,0.0,31.0,0,29,-,SELECT OWNER FIRST,
2026-07-10T01:04:28.034,946.034,mission_20260710_004842_manual,MANUAL,,0,13.330313682556152,100.99791717529297,155.1149347680669,4,True,0.6990000009536743,1,0,0,-1,0,0.0,0.0,0.0,0,0,nan,nan,nan,94,26.299999237060547,0.0,31.0,0,30,-,SELECT OWNER FIRST,
2026-07-10T01:04:30.035,948.035,mission_20260710_004842_manual,MANUAL,,0,13.330312728881836,100.99791717529297,155.13136820320995,4,True,0.699999988079071,1,0,0,-1,0,0.0,0.0,0.0,0,0,nan,nan,nan,94,26.299999237060547,0.0,31.0,0,29,-,SELECT OWNER FIRST,
2026-07-10T01:04:32.040,950.04,mission_20260710_004842_manual,MANUAL,,0,13.33031177520752,100.99791717529297,155.13688699605933,4,True,0.6990000009536743,1,0,0,-1,0,0.0,0.0,0.0,0,0,nan,nan,nan,94,26.299999237060547,0.0,31.0,0,29,-,SELECT OWNER FIRST,
2026-07-10T01:04:34.042,952.042,mission_20260710_004842_manual,MANUAL,,0,13.330309867858887,100.99791717529297,155.13735144892289,4,True,0.6957499980926514,1,0,0,-1,0,0.0,0.0,0.0,0,0,nan,nan,nan,94,26.299999237060547,0.0,31.0,0,29,-,SELECT OWNER FIRST,
2026-07-10T01:04:36.235,954.235,mission_20260710_004842_manual,MANUAL,,0,13.33030891418457,100.9979248046875,155.13042563710448,4,True,0.6990000009536743,1,0,0,-1,0,0.0,0.0,0.0,0,0,nan,nan,nan,94,26.299999237060547,0.0,31.0,0,29,-,SELECT OWNER FIRST,
2026-07-10T01:04:38.240,956.24,mission_20260710_004842_manual,MANUAL,,0,13.330307960510254,100.9979248046875,155.1438401286344,4,True,0.7012500166893005,1,0,0,-1,0,0.0,0.0,0.0,0,0,nan,nan,nan,94,26.299999237060547,0.0,31.0,0,29,-,SELECT OWNER FIRST,
2026-07-10T01:04:40.432,958.432,mission_20260710_004842_manual,MANUAL,,0,13.330306053161621,100.9979248046875,155.15412639352442,4,True,0.699999988079071,1,0,0,-1,0,0.0,0.0,0.0,0,0,nan,nan,nan,94,26.299999237060547,0.0,31.0,0,29,-,SELECT OWNER FIRST,
2026-07-10T01:04:42.443,960.443,mission_20260710_004842_manual,MANUAL,,0,13.330305099487305,100.9979248046875,155.15318382741896,4,True,0.6977499723434448,1,0,0,-1,0,0.0,0.0,0.0,0,0,nan,nan,nan,94,26.299999237060547,0.0,31.0,0,29,-,SELECT OWNER FIRST,
2026-07-10T01:04:44.631,962.632,mission_20260710_004842_manual,MANUAL,,0,13.330303192138672,100.9979248046875,155.1517221669366,4,True,0.7017499804496765,1,0,0,-1,0,0.0,0.0,0.0,0,0,nan,nan,nan,94,26.299999237060547,0.0,31.0,0,28,-,SELECT OWNER FIRST,
2026-07-10T01:04:46.637,964.637,mission_20260710_004842_manual,MANUAL,,0,13.330302238464355,100.9979248046875,155.15965884675214,4,True,0.6990000009536743,1,0,0,-1,0,0.0,0.0,0.0,0,0,nan,nan,nan,94,26.299999237060547,0.0,31.0,0,28,-,SELECT OWNER FIRST,
2026-07-10T01:04:48.637,966.638,mission_20260710_004842_manual,MANUAL,,0,13.330300331115723,100.9979248046875,155.1588938655651,4,True,0.6982499957084656,1,0,0,-1,0,0.0,0.0,0.0,0,0,nan,nan,nan,94,26.299999237060547,0.0,31.0,0,28,-,SELECT OWNER FIRST,
2026-07-10T01:04:50.638,968.638,mission_20260710_004842_manual,MANUAL,,0,13.330299377441406,100.9979248046875,155.15776005416288,4,True,0.699999988079071,1,0,0,-1,0,0.0,0.0,0.0,0,0,nan,nan,nan,94,26.299999237060547,0.0,31.0,0,28,-,SELECT OWNER FIRST,
2026-07-10T01:04:52.829,970.83,mission_20260710_004842_manual,MANUAL,,0,13.33029842376709,100.9979248046875,155.15897582783515,4,True,0.6972500085830688,1,0,0,-1,0,0.0,0.0,0.0,0,0,nan,nan,nan,94,26.299999237060547,0.0,31.0,0,28,-,SELECT OWNER FIRST,
2026-07-10T01:04:54.830,972.831,mission_20260710_004842_manual,MANUAL,,0,13.330297470092773,100.9979248046875,155.17625620643528,4,True,0.6982499957084656,1,0,0,-1,0,0.0,0.0,0.0,0,0,nan,nan,nan,94,26.299999237060547,0.0,31.0,0,28,-,SELECT OWNER FIRST,
2026-07-10T01:04:57.029,975.029,mission_20260710_004842_manual,MANUAL,,0,13.330296516418457,100.9979248046875,155.17359243265898,4,True,0.6995000243186951,1,0,0,-1,0,0.0,0.0,0.0,0,0,nan,nan,nan,94,26.299999237060547,0.0,31.0,0,29,-,SELECT OWNER FIRST,
2026-07-10T01:04:59.034,977.035,mission_20260710_004842_manual,MANUAL,,0,13.33029556274414,100.9979248046875,155.1634974130657,4,True,0.6997500061988831,1,0,0,-1,0,0.0,0.0,0.0,0,0,nan,nan,nan,94,26.299999237060547,0.0,31.0,0,29,-,SELECT OWNER FIRST,
2026-07-10T01:05:01.228,979.228,mission_20260710_004842_manual,MANUAL,,0,13.330294609069824,100.9979248046875,155.15885288443008,4,True,0.6992499828338623,1,0,0,-1,0,0.0,0.0,0.0,0,0,nan,nan,nan,94,26.299999237060547,0.0,31.0,0,29,-,SELECT OWNER FIRST,
2026-07-10T01:05:03.229,981.23,mission_20260710_004842_manual,MANUAL,,0,13.330293655395508,100.9979248046875,155.1515582423965,4,True,0.6980000138282776,1,0,0,-1,0,0.0,0.0,0.0,0,0,nan,nan,nan,94,26.299999237060547,0.0,31.0,0,29,-,SELECT OWNER FIRST,
2026-07-10T01:05:05.234,983.234,mission_20260710_004842_manual,MANUAL,,0,13.330293655395508,100.9979248046875,155.14071190199454,4,True,0.7009999752044678,1,0,0,-1,0,0.0,0.0,0.0,0,0,nan,nan,nan,94,26.299999237060547,0.0,31.0,0,29,-,SELECT OWNER FIRST,
2026-07-10T01:05:07.236,985.236,mission_20260710_004842_manual,MANUAL,,0,13.330293655395508,100.9979248046875,155.13963273210567,4,True,0.6984999775886536,1,0,0,-1,0,0.0,0.0,0.0,0,0,nan,nan,nan,94,26.299999237060547,0.0,31.0,0,29,-,SELECT OWNER FIRST,
2026-07-10T01:05:09.423,987.424,mission_20260710_004842_manual,MANUAL,,0,13.330292701721191,100.9979248046875,155.1590031485918,4,True,0.6980000138282776,1,0,0,-1,0,0.0,0.0,0.0,0,0,nan,nan,nan,94,26.299999237060547,0.0,31.0,0,29,-,SELECT OWNER FIRST,
2026-07-10T01:05:11.425,989.425,mission_20260710_004842_manual,MANUAL,,0,13.330292701721191,100.9979248046875,155.16474050749463,4,True,0.6992499828338623,1,0,0,-1,0,0.0,0.0,0.0,0,0,nan,nan,nan,94,26.299999237060547,0.0,31.0,0,30,-,SELECT OWNER FIRST,
2026-07-10T01:05:13.626,991.626,mission_20260710_004842_manual,MANUAL,,0,13.330292701721191,100.9979248046875,155.17400224400916,4,True,0.6987500190734863,1,0,0,-1,0,0.0,0.0,0.0,0,0,nan,nan,nan,94,26.299999237060547,0.0,31.0,0,30,-,SELECT OWNER FIRST,
2026-07-10T01:05:15.627,993.627,mission_20260710_004842_manual,MANUAL,,0,13.330292701721191,100.9979248046875,155.174357413846,4,True,0.6977499723434448,1,0,0,-1,0,0.0,0.0,0.0,0,0,nan,nan,nan,94,26.299999237060547,0.0,31.0,0,30,-,SELECT OWNER FIRST,
2026-07-10T01:05:17.631,995.631,mission_20260710_004842_manual,MANUAL,,0,13.330292701721191,100.9979248046875,155.18213016912148,4,True,0.6987500190734863,1,0,0,-1,0,0.0,0.0,0.0,0,0,nan,nan,nan,94,26.299999237060547,0.0,31.0,0,30,-,SELECT OWNER FIRST,
2026-07-10T01:05:19.822,997.822,mission_20260710_004842_manual,MANUAL,,0,13.330292701721191,100.9979248046875,155.1701909984523,4,True,0.6972500085830688,1,0,0,-1,0,0.0,0.0,0.0,0,0,nan,nan,nan,94,26.299999237060547,0.0,31.0,0,31,-,SELECT OWNER FIRST,
2026-07-10T01:05:22.021,1000.022,mission_20260710_004842_manual,MANUAL,,0,13.330292701721191,100.9979248046875,155.15200903488173,4,True,0.6992499828338623,1,0,0,-1,0,0.0,0.0,0.0,0,0,nan,nan,nan,94,26.299999237060547,0.0,31.0,0,30,-,SELECT OWNER FIRST,
2026-07-10T01:05:24.022,1002.023,mission_20260710_004842_manual,MANUAL,,0,13.330292701721191,100.9979248046875,155.1492632988354,4,True,0.699999988079071,1,0,0,-1,0,0.0,0.0,0.0,0,0,nan,nan,nan,94,26.299999237060547,0.0,31.0,0,30,-,SELECT OWNER FIRST,
2026-07-10T01:05:26.027,1004.027,mission_20260710_004842_manual,MANUAL,,0,13.330292701721191,100.9979248046875,155.14095778880466,4,True,0.6977499723434448,1,0,0,-1,0,0.0,0.0,0.0,0,0,nan,nan,nan,94,26.299999237060547,0.0,31.0,0,28,-,SELECT OWNER FIRST,
2026-07-10T01:05:28.028,1006.028,mission_20260710_004842_manual,MANUAL,,0,13.330293655395508,100.9979248046875,155.13884043016193,4,True,0.6987500190734863,1,0,0,-1,0,0.0,0.0,0.0,0,0,nan,nan,nan,94,26.299999237060547,0.0,31.0,0,30,-,SELECT OWNER FIRST,
2026-07-10T01:05:30.028,1008.029,mission_20260710_004842_manual,MANUAL,,0,13.330292701721191,100.9979248046875,155.14681809111252,4,True,0.699999988079071,1,0,0,-1,0,0.0,0.0,0.0,0,0,nan,nan,nan,94,26.299999237060547,0.0,31.0,0,27,-,SELECT OWNER FIRST,
2026-07-10T01:05:32.222,1010.223,mission_20260710_004842_manual,MANUAL,,0,13.330292701721191,100.99793243408203,155.13967371324068,4,True,0.6967499852180481,1,0,0,-1,0,0.0,0.0,0.0,0,0,nan,nan,nan,94,26.299999237060547,0.0,31.0,0,27,-,SELECT OWNER FIRST,
2026-07-10T01:05:34.228,1012.229,mission_20260710_004842_manual,MANUAL,,0,13.330292701721191,100.99793243408203,155.14515152495503,4,True,0.6992499828338623,1,0,0,-1,0,0.0,0.0,0.0,0,0,nan,nan,nan,94,26.299999237060547,0.0,31.0,0,27,-,SELECT OWNER FIRST,
2026-07-10T01:05:36.418,1014.419,mission_20260710_004842_manual,MANUAL,,0,13.330292701721191,100.99793243408203,155.15079326120946,4,True,0.7002500295639038,1,0,0,-1,0,0.0,0.0,0.0,0,0,nan,nan,nan,94,26.299999237060547,0.0,31.0,0,28,-,SELECT OWNER FIRST,
2026-07-10T01:05:38.419,1016.42,mission_20260710_004842_manual,MANUAL,,0,13.330291748046875,100.99793243408203,155.15572465779022,4,True,0.6987500190734863,1,0,0,-1,0,0.0,0.0,0.0,0,0,nan,nan,nan,94,26.299999237060547,0.0,31.0,0,28,-,SELECT OWNER FIRST,
2026-07-10T01:05:40.420,1018.42,mission_20260710_004842_manual,MANUAL,,0,13.330291748046875,100.99793243408203,155.1632651866339,4,True,0.6987500190734863,1,0,0,-1,0,0.0,0.0,0.0,0,0,nan,nan,nan,94,26.299999237060547,0.0,31.0,0,27,-,SELECT OWNER FIRST,
2026-07-10T01:05:42.420,1020.42,mission_20260710_004842_manual,MANUAL,,0,13.330291748046875,100.99793243408203,155.16404382819928,4,True,0.6977499723434448,1,0,0,-1,0,0.0,0.0,0.0,0,0,nan,nan,nan,94,26.299999237060547,0.0,31.0,0,28,-,SELECT OWNER FIRST,
2026-07-10T01:05:44.620,1022.62,mission_20260710_004842_manual,MANUAL,,0,13.330290794372559,100.99793243408203,155.15702239373252,4,True,0.6970000267028809,1,0,0,-1,0,0.0,0.0,0.0,0,0,nan,nan,nan,94,26.299999237060547,0.0,31.0,0,28,-,SELECT OWNER FIRST,
2026-07-10T01:05:46.620,1024.621,mission_20260710_004842_manual,MANUAL,,0,13.330291748046875,100.99793243408203,155.16024624302077,4,True,0.6990000009536743,1,0,0,-1,0,0.0,0.0,0.0,0,0,nan,nan,nan,94,26.299999237060547,0.0,31.0,0,28,-,SELECT OWNER FIRST,
2026-07-10T01:05:48.624,1026.625,mission_20260710_004842_manual,MANUAL,,0,13.330291748046875,100.99793243408203,155.15157190277483,4,True,0.7007499933242798,1,0,0,-1,0,0.0,0.0,0.0,0,0,nan,nan,nan,94,26.299999237060547,0.0,31.0,0,28,-,SELECT OWNER FIRST,
2026-07-10T01:05:50.815,1028.816,mission_20260710_004842_manual,MANUAL,,0,13.330291748046875,100.99793243408203,155.14833439310826,4,True,0.6992499828338623,1,0,0,-1,0,0.0,0.0,0.0,0,0,nan,nan,nan,94,26.299999237060547,0.0,31.0,0,28,-,SELECT OWNER FIRST,
2026-07-10T01:05:52.816,1030.816,mission_20260710_004842_manual,MANUAL,,0,13.330291748046875,100.99793243408203,155.1475967326779,4,True,0.6972500085830688,1,0,0,-1,0,0.0,0.0,0.0,0,0,nan,nan,nan,94,26.299999237060547,0.0,31.0,0,28,-,SELECT OWNER FIRST,
2026-07-10T01:05:55.014,1033.015,mission_20260710_004842_manual,MANUAL,,0,13.330292701721191,100.99793243408203,155.14608043068216,4,True,0.6972500085830688,1,0,0,-1,0,0.0,0.0,0.0,0,0,nan,nan,nan,94,26.299999237060547,0.0,31.0,0,27,-,SELECT OWNER FIRST,
2026-07-10T01:05:57.016,1035.016,mission_20260710_004842_manual,MANUAL,,0,13.330292701721191,100.99793243408203,155.13747439232793,4,True,0.6980000138282776,1,0,0,-1,0,0.0,0.0,0.0,0,0,nan,nan,nan,94,26.299999237060547,0.0,31.0,0,27,-,SELECT OWNER FIRST,
2026-07-10T01:05:59.021,1037.022,mission_20260710_004842_manual,MANUAL,,0,13.330293655395508,100.99793243408203,155.1332260146642,4,True,0.6965000033378601,1,0,0,-1,0,0.0,0.0,0.0,0,0,nan,nan,nan,94,26.299999237060547,0.0,31.0,0,27,-,SELECT OWNER FIRST,
2026-07-10T01:06:01.022,1039.022,mission_20260710_004842_manual,MANUAL,,0,13.330294609069824,100.99793243408203,155.12194254215532,4,True,0.6992499828338623,1,0,0,-1,0,0.0,0.0,0.0,0,0,nan,nan,nan,94,26.299999237060547,0.0,31.0,0,29,-,SELECT OWNER FIRST,
2026-07-10T01:06:03.215,1041.215,mission_20260710_004842_manual,MANUAL,,0,13.33029556274414,100.99793243408203,155.11467522087844,4,True,0.6980000138282776,1,0,0,-1,0,0.0,0.0,0.0,0,0,nan,nan,nan,94,26.299999237060547,0.0,31.0,0,29,-,SELECT OWNER FIRST,
2026-07-10T01:06:05.216,1043.217,mission_20260710_004842_manual,MANUAL,,0,13.330296516418457,100.99793243408203,155.11833620227355,4,True,0.6987500190734863,1,0,0,-1,0,0.0,0.0,0.0,0,0,nan,nan,nan,94,26.299999237060547,0.0,31.0,0,29,-,SELECT OWNER FIRST,
2026-07-10T01:06:07.221,1045.222,mission_20260710_004842_manual,MANUAL,,0,13.330297470092773,100.99793243408203,155.12269386296404,4,True,0.6987500190734863,1,0,0,-1,0,0.0,0.0,0.0,0,0,nan,nan,nan,94,26.299999237060547,0.0,31.0,0,29,-,SELECT OWNER FIRST,
2026-07-10T01:06:09.411,1047.411,mission_20260710_004842_manual,MANUAL,,0,13.330299377441406,100.99793243408203,155.1181722777335,4,True,0.6987500190734863,1,0,0,-1,0,0.0,0.0,0.0,0,0,nan,nan,nan,94,26.299999237060547,0.0,31.0,0,29,-,SELECT OWNER FIRST,
2026-07-10T01:06:11.612,1049.612,mission_20260710_004842_manual,MANUAL,,0,13.330301284790039,100.99793243408203,155.10829582419365,4,True,0.6980000138282776,1,0,0,-1,0,0.0,0.0,0.0,0,0,nan,nan,nan,94,26.299999237060547,0.0,31.0,0,29,-,SELECT OWNER FIRST,
2026-07-10T01:06:13.614,1051.615,mission_20260710_004842_manual,MANUAL,,0,13.330302238464355,100.99793243408203,155.1150713718503,4,True,0.6997500061988831,1,0,0,-1,0,0.0,0.0,0.0,0,0,nan,nan,nan,94,26.299999237060547,0.0,31.0,0,29,-,SELECT OWNER FIRST,
2026-07-10T01:06:15.617,1053.617,mission_20260710_004842_manual,MANUAL,,0,13.330304145812988,100.99793243408203,155.11968857972923,4,True,0.6977499723434448,1,0,0,-1,0,0.0,0.0,0.0,0,0,nan,nan,nan,94,26.299999237060547,0.0,31.0,0,29,-,SELECT OWNER FIRST,
2026-07-10T01:06:17.620,1055.62,mission_20260710_004842_manual,MANUAL,,0,13.330306053161621,100.99793243408203,155.1205355231863,4,True,0.6974999904632568,1,0,0,-1,0,0.0,0.0,0.0,0,0,nan,nan,nan,94,26.299999237060547,0.0,31.0,0,29,-,SELECT OWNER FIRST,
2026-07-10T01:06:19.809,1057.81,mission_20260710_004842_manual,MANUAL,,0,13.330307960510254,100.99793243408203,155.13621763752064,4,True,0.6995000243186951,1,0,0,-1,0,0.0,0.0,0.0,0,0,nan,nan,nan,94,26.299999237060547,0.0,31.0,0,29,-,SELECT OWNER FIRST,
2026-07-10T01:06:22.009,1060.01,mission_20260710_004842_manual,MANUAL,,0,13.330309867858887,100.99793243408203,155.1332669957992,4,True,0.7009999752044678,1,0,0,-1,0,0.0,0.0,0.0,0,0,nan,nan,nan,94,26.299999237060547,0.0,31.0,0,29,-,SELECT OWNER FIRST,
2026-07-10T01:06:24.011,1062.012,mission_20260710_004842_manual,MANUAL,,0,13.33031177520752,100.99794006347656,155.1336768071494,4,True,0.6974999904632568,1,0,0,-1,0,0.0,0.0,0.0,0,0,nan,nan,nan,94,26.299999237060547,0.0,31.0,0,29,-,SELECT OWNER FIRST,
2026-07-10T01:06:26.014,1064.015,mission_20260710_004842_manual,MANUAL,,0,13.330312728881836,100.99794006347656,155.11788540978833,4,True,0.6997500061988831,1,0,0,-1,0,0.0,0.0,0.0,0,0,nan,nan,nan,94,26.299999237060547,0.0,31.0,0,29,-,SELECT OWNER FIRST,
2026-07-10T01:06:28.209,1066.209,mission_20260710_004842_manual,MANUAL,,0,13.330315589904785,100.99794006347656,155.11931974951403,4,True,0.7009999752044678,1,0,0,-1,0,0.0,0.0,0.0,0,0,nan,nan,nan,94,26.299999237060547,0.0,31.0,0,29,-,SELECT OWNER FIRST,
2026-07-10T01:06:30.211,1068.211,mission_20260710_004842_manual,MANUAL,,0,13.330317497253418,100.99794006347656,155.12497514614682,4,True,0.7002500295639038,1,0,0,-1,0,0.0,0.0,0.0,0,0,nan,nan,nan,94,26.299999237060547,0.0,31.0,0,29,-,SELECT OWNER FIRST,
2026-07-10T01:06:32.217,1070.218,mission_20260710_004842_manual,MANUAL,,0,13.330320358276367,100.99794006347656,155.12918254267555,4,True,0.7007499933242798,1,0,0,-1,0,0.0,0.0,0.0,0,0,nan,nan,nan,94,26.299999237060547,0.0,31.0,0,28,-,SELECT OWNER FIRST,
2026-07-10T01:06:34.227,1072.227,mission_20260710_004842_manual,MANUAL,,0,13.330323219299316,100.99794006347656,155.12277582523407,4,True,0.7007499933242798,1,0,0,-1,0,0.0,0.0,0.0,0,0,nan,nan,nan,94,26.299999237060547,0.0,31.0,0,26,-,SELECT OWNER FIRST,
2026-07-10T01:06:36.407,1074.407,mission_20260710_004842_manual,MANUAL,,0,13.330324172973633,100.99794006347656,155.11113718288837,4,True,0.7005000114440918,1,0,0,-1,0,0.0,0.0,0.0,0,0,nan,nan,nan,94,26.299999237060547,0.0,31.0,0,25,-,SELECT OWNER FIRST,
2026-07-10T01:06:38.607,1076.608,mission_20260710_004842_manual,MANUAL,,0,13.330326080322266,100.99794006347656,155.12102729680655,4,True,0.6987500190734863,1,0,0,-1,0,0.0,0.0,0.0,0,0,nan,nan,nan,94,26.299999237060547,0.0,31.0,0,25,-,SELECT OWNER FIRST,
2026-07-10T01:06:40.612,1078.613,mission_20260710_004842_manual,MANUAL,,0,13.330327033996582,100.99794006347656,155.12710616516787,4,True,0.6970000267028809,1,0,0,-1,0,0.0,0.0,0.0,0,0,nan,nan,nan,94,26.299999237060547,0.0,31.0,0,26,-,SELECT OWNER FIRST,
2026-07-10T01:06:42.624,1080.624,mission_20260710_004842_manual,MANUAL,,0,13.330327987670898,100.99794006347656,155.12888201435206,4,True,0.6992499828338623,1,0,0,-1,0,0.0,0.0,0.0,0,0,nan,nan,nan,94,26.299999237060547,0.0,31.0,0,27,-,SELECT OWNER FIRST,
2026-07-10T01:06:44.804,1082.804,mission_20260710_004842_manual,MANUAL,,0,13.330328941345215,100.99794006347656,155.1323380900721,4,True,0.6982499957084656,1,0,0,-1,0,0.0,0.0,0.0,0,0,nan,nan,nan,94,26.299999237060547,0.0,31.0,0,29,-,SELECT OWNER FIRST,
2026-07-10T01:06:47.003,1085.004,mission_20260710_004842_manual,MANUAL,,0,13.330329895019531,100.99794006347656,155.1382530338933,4,True,0.7012500166893005,1,0,0,-1,0,0.0,0.0,0.0,0,0,nan,nan,nan,94,26.299999237060547,0.0,31.0,0,28,-,SELECT OWNER FIRST,
2026-07-10T01:06:49.009,1087.009,mission_20260710_004842_manual,MANUAL,,0,13.330330848693848,100.99794006347656,155.139687373619,4,True,0.6949999928474426,1,0,0,-1,0,0.0,0.0,0.0,0,0,nan,nan,nan,94,26.299999237060547,0.0,31.0,0,28,-,SELECT OWNER FIRST,
2026-07-10T01:06:51.012,1089.012,mission_20260710_004842_manual,MANUAL,,0,13.330330848693848,100.99793243408203,155.13371778828443,4,True,0.6982499957084656,1,0,0,-1,0,0.0,0.0,0.0,0,0,nan,nan,nan,94,26.299999237060547,0.0,31.0,0,27,-,SELECT OWNER FIRST,
2026-07-10T01:06:53.202,1091.202,mission_20260710_004842_manual,MANUAL,,0,13.33033275604248,100.99793243408203,155.1299475238626,4,True,0.6992499828338623,1,0,0,-1,0,0.0,0.0,0.0,0,0,nan,nan,nan,94,26.299999237060547,0.0,31.0,0,27,-,SELECT OWNER FIRST,
2026-07-10T01:06:55.204,1093.205,mission_20260710_004842_manual,MANUAL,,0,13.33033275604248,100.99793243408203,155.1203579382679,4,True,0.6984999775886536,1,0,0,-1,0,0.0,0.0,0.0,0,0,nan,nan,nan,94,26.299999237060547,0.0,31.0,0,27,-,SELECT OWNER FIRST,
2026-07-10T01:06:57.206,1095.206,mission_20260710_004842_manual,MANUAL,,0,13.330333709716797,100.99793243408203,155.1154811832005,4,True,0.6982499957084656,1,0,0,-1,0,0.0,0.0,0.0,0,0,nan,nan,nan,94,26.299999237060547,0.0,31.0,0,27,-,SELECT OWNER FIRST,
2026-07-10T01:06:59.210,1097.21,mission_20260710_004842_manual,MANUAL,,0,13.33033561706543,100.9979248046875,155.11485280579686,4,True,0.6992499828338623,1,0,0,-1,0,0.0,0.0,0.0,0,0,nan,nan,nan,94,26.299999237060547,0.0,31.0,0,27,-,SELECT OWNER FIRST,
2026-07-10T01:07:01.400,1099.401,mission_20260710_004842_manual,MANUAL,,0,13.330336570739746,100.9979248046875,155.11229831504727,4,True,0.6997500061988831,1,0,0,-1,0,0.0,0.0,0.0,0,0,nan,nan,nan,94,26.299999237060547,0.0,31.0,0,26,-,SELECT OWNER FIRST,
2026-07-10T01:07:03.601,1101.601,mission_20260710_004842_manual,MANUAL,,0,13.330338478088379,100.9979248046875,155.1142790699066,4,True,0.699999988079071,1,0,0,-1,0,0.0,0.0,0.0,0,0,nan,nan,nan,94,26.299999237060547,0.0,31.0,0,26,-,SELECT OWNER FIRST,
2026-07-10T01:07:05.601,1103.602,mission_20260710_004842_manual,MANUAL,,0,13.330339431762695,100.99791717529297,155.11489378693187,4,True,0.6984999775886536,1,0,0,-1,0,0.0,0.0,0.0,0,0,nan,nan,nan,94,26.299999237060547,0.0,31.0,0,27,-,SELECT OWNER FIRST,
2026-07-10T01:07:07.603,1105.603,mission_20260710_004842_manual,MANUAL,,0,13.330340385437012,100.99791717529297,155.10829582419365,4,True,0.6967499852180481,1,0,0,-1,0,0.0,0.0,0.0,0,0,nan,nan,nan,94,26.299999237060547,0.0,31.0,0,28,-,SELECT OWNER FIRST,
2026-07-10T01:07:09.603,1107.604,mission_20260710_004842_manual,MANUAL,,0,13.330341339111328,100.99791717529297,155.10468948431188,4,True,0.7002500295639038,1,0,0,-1,0,0.0,0.0,0.0,0,0,nan,nan,nan,94,26.299999237060547,0.0,31.0,0,28,-,SELECT OWNER FIRST,
2026-07-10T01:07:11.608,1109.609,mission_20260710_004842_manual,MANUAL,,0,13.330342292785645,100.99791717529297,155.09815982346535,4,True,0.6982499957084656,1,0,0,-1,0,0.0,0.0,0.0,0,0,nan,nan,nan,94,26.299999237060547,0.0,31.0,0,28,-,SELECT OWNER FIRST,
2026-07-10T01:07:13.798,1111.799,mission_20260710_004842_manual,MANUAL,,0,13.330342292785645,100.99790954589844,155.09048269083826,4,True,0.6962500214576721,1,0,0,-1,0,0.0,0.0,0.0,0,0,nan,nan,nan,94,26.299999237060547,0.0,31.0,0,28,-,SELECT OWNER FIRST,
2026-07-10T01:07:15.997,1113.998,mission_20260710_004842_manual,MANUAL,,0,13.330342292785645,100.99790954589844,155.07645348228306,4,True,0.7007499933242798,1,0,0,-1,0,0.0,0.0,0.0,0,0,nan,nan,nan,94,26.299999237060547,0.0,31.0,0,27,-,SELECT OWNER FIRST,
2026-07-10T01:07:17.998,1115.999,mission_20260710_004842_manual,MANUAL,,0,13.330342292785645,100.99790954589844,155.06157733027075,4,True,0.7007499933242798,1,0,0,-1,0,0.0,0.0,0.0,0,0,nan,nan,nan,94,26.299999237060547,0.0,31.0,0,28,-,SELECT OWNER FIRST,
2026-07-10T01:07:20.002,1118.003,mission_20260710_004842_manual,MANUAL,,0,13.330341339111328,100.99790954589844,155.06064842454364,4,True,0.6995000243186951,1,0,0,-1,0,0.0,0.0,0.0,0,0,nan,nan,nan,94,26.299999237060547,0.0,31.0,0,28,-,SELECT OWNER FIRST,
2026-07-10T01:07:22.002,1120.003,mission_20260710_004842_manual,MANUAL,,0,13.330340385437012,100.99790954589844,155.0597468395732,4,True,0.7002500295639038,1,0,0,-1,0,0.0,0.0,0.0,0,0,nan,nan,nan,94,26.299999237060547,0.0,31.0,0,29,-,SELECT OWNER FIRST,
2026-07-10T01:07:24.005,1122.005,mission_20260710_004842_manual,MANUAL,,0,13.330339431762695,100.99790954589844,155.0548700845058,4,True,0.6970000267028809,1,0,0,-1,0,0.0,0.0,0.0,0,0,nan,nan,nan,94,26.299999237060547,0.0,31.0,0,27,-,SELECT OWNER FIRST,
2026-07-10T01:07:26.198,1124.199,mission_20260710_004842_manual,MANUAL,,0,13.330338478088379,100.99790954589844,155.0477393670123,4,True,0.6992499828338623,1,0,0,-1,0,0.0,0.0,0.0,0,0,nan,nan,nan,94,26.299999237060547,0.0,31.0,0,28,-,SELECT OWNER FIRST,
2026-07-10T01:07:28.204,1126.205,mission_20260710_004842_manual,MANUAL,,0,13.330338478088379,100.99790954589844,155.04388714032044,4,True,0.7024999856948853,1,0,0,-1,0,0.0,0.0,0.0,0,0,nan,nan,nan,94,26.299999237060547,0.0,31.0,0,26,-,SELECT OWNER FIRST,
2026-07-10T01:07:30.394,1128.395,mission_20260710_004842_manual,MANUAL,,0,13.330338478088379,100.99790954589844,155.04776668776898,4,True,0.6977499723434448,1,0,0,-1,0,0.0,0.0,0.0,0,0,nan,nan,nan,94,26.299999237060547,0.0,31.0,0,28,-,SELECT OWNER FIRST,
2026-07-10T01:07:32.405,1130.406,mission_20260710_004842_manual,MANUAL,,0,13.330337524414062,100.99790954589844,155.04756178209388,4,True,0.6984999775886536,1,0,0,-1,0,0.0,0.0,0.0,0,0,nan,nan,nan,94,26.299999237060547,0.0,31.0,0,28,-,SELECT OWNER FIRST,
2026-07-10T01:07:34.594,1132.595,mission_20260710_004842_manual,MANUAL,,0,13.330336570739746,100.99790954589844,155.04347732897023,4,True,0.7002500295639038,1,0,0,-1,0,0.0,0.0,0.0,0,0,nan,nan,nan,94,26.299999237060547,0.0,31.0,0,28,-,SELECT OWNER FIRST,
2026-07-10T01:07:36.599,1134.599,mission_20260710_004842_manual,MANUAL,,0,13.33033561706543,100.99790954589844,155.04840872555098,4,True,0.6992499828338623,1,0,0,-1,0,0.0,0.0,0.0,0,0,nan,nan,nan,94,26.299999237060547,0.0,31.0,0,28,-,SELECT OWNER FIRST,
2026-07-10T01:07:38.599,1136.6,mission_20260710_004842_manual,MANUAL,,0,13.33033561706543,100.99790954589844,155.050498763437,4,True,0.6995000243186951,1,0,0,-1,0,0.0,0.0,0.0,0,0,nan,nan,nan,94,26.299999237060547,0.0,31.0,0,28,-,SELECT OWNER FIRST,
2026-07-10T01:07:40.602,1138.603,mission_20260710_004842_manual,MANUAL,,0,13.330334663391113,100.99790954589844,155.04795793306576,4,True,0.6972500085830688,1,0,0,-1,0,0.0,0.0,0.0,0,0,nan,nan,nan,94,26.299999237060547,0.0,31.0,0,27,-,SELECT OWNER FIRST,
2026-07-10T01:07:42.792,1140.793,mission_20260710_004842_manual,MANUAL,,0,13.330334663391113,100.99790954589844,155.0432314421601,4,True,0.6972500085830688,1,0,0,-1,0,0.0,0.0,0.0,0,0,nan,nan,nan,94,26.299999237060547,0.0,31.0,0,28,-,SELECT OWNER FIRST,
2026-07-10T01:07:44.793,1142.793,mission_20260710_004842_manual,MANUAL,,0,13.330333709716797,100.99790954589844,155.05034849927526,4,True,0.6990000009536743,1,0,0,-1,0,0.0,0.0,0.0,0,0,nan,nan,nan,94,26.299999237060547,0.0,31.0,0,27,-,SELECT OWNER FIRST,
2026-07-10T01:07:46.991,1144.991,mission_20260710_004842_manual,MANUAL,,0,13.330334663391113,100.99790954589844,155.05537551850438,4,True,0.6990000009536743,1,0,0,-1,0,0.0,0.0,0.0,0,0,nan,nan,nan,94,26.299999237060547,0.0,31.0,0,27,-,SELECT OWNER FIRST,
2026-07-10T01:07:48.996,1146.997,mission_20260710_004842_manual,MANUAL,,0,13.330336570739746,100.99790954589844,155.0594736320064,4,True,0.6987500190734863,1,0,0,-1,0,0.0,0.0,0.0,0,0,nan,nan,nan,94,26.299999237060547,0.0,31.0,0,29,-,SELECT OWNER FIRST,
2026-07-10T01:07:50.997,1148.997,mission_20260710_004842_manual,MANUAL,,0,13.330337524414062,100.99790954589844,155.07000578370656,4,True,0.699999988079071,1,0,0,-1,0,0.0,0.0,0.0,0,0,nan,nan,nan,94,26.299999237060547,0.0,31.0,0,28,-,SELECT OWNER FIRST,
2026-07-10T01:07:53.190,1151.191,mission_20260710_004842_manual,MANUAL,,0,13.330338478088379,100.99790954589844,155.08016910519154,4,True,0.6977499723434448,1,0,0,-1,0,0.0,0.0,0.0,0,0,nan,nan,nan,94,26.299999237060547,0.0,31.0,0,28,-,SELECT OWNER FIRST,
2026-07-10T01:07:55.388,1153.388,mission_20260710_004842_manual,MANUAL,,0,13.330339431762695,100.99790954589844,155.07448638780207,4,True,0.6982499957084656,1,0,0,-1,0,0.0,0.0,0.0,0,0,nan,nan,nan,94,26.299999237060547,0.0,31.0,0,28,-,SELECT OWNER FIRST,
2026-07-10T01:07:57.394,1155.394,mission_20260710_004842_manual,MANUAL,,0,13.330338478088379,100.99790954589844,155.07064782148854,4,True,0.6997500061988831,1,0,0,-1,0,0.0,0.0,0.0,0,0,nan,nan,nan,94,26.299999237060547,0.0,31.0,0,28,-,SELECT OWNER FIRST,
2026-07-10T01:07:59.587,1157.588,mission_20260710_004842_manual,MANUAL,,0,13.330337524414062,100.99790954589844,155.05680985823008,4,True,0.6984999775886536,1,0,0,-1,0,0.0,0.0,0.0,0,0,nan,nan,nan,94,26.299999237060547,0.0,31.0,0,28,-,SELECT OWNER FIRST,
2026-07-10T01:08:01.590,1159.59,mission_20260710_004842_manual,MANUAL,,0,13.33033561706543,100.99790954589844,155.05840812249588,4,True,0.6949999928474426,1,0,0,-1,0,0.0,0.0,0.0,0,0,nan,nan,nan,94,26.299999237060547,0.0,31.0,0,28,-,SELECT OWNER FIRST,
2026-07-10T01:08:03.591,1161.592,mission_20260710_004842_manual,MANUAL,,0,13.330333709716797,100.99790954589844,155.0737077462367,4,True,0.6982499957084656,1,0,0,-1,0,0.0,0.0,0.0,0,0,nan,nan,nan,94,26.299999237060547,0.0,31.0,0,29,-,SELECT OWNER FIRST,
2026-07-10T01:08:05.593,1163.594,mission_20260710_004842_manual,MANUAL,,0,13.330331802368164,100.99790954589844,155.08893906808584,4,True,0.699999988079071,1,0,0,-1,0,0.0,0.0,0.0,0,0,nan,nan,nan,94,26.299999237060547,0.0,31.0,0,29,-,SELECT OWNER FIRST,
2026-07-10T01:08:07.595,1165.595,mission_20260710_004842_manual,MANUAL,,0,13.330330848693848,100.99790954589844,155.09494963455543,4,True,0.6984999775886536,1,0,0,-1,0,0.0,0.0,0.0,0,0,nan,nan,nan,94,26.299999237060547,0.0,31.0,0,29,-,SELECT OWNER FIRST,
2026-07-10T01:08:09.786,1167.787,mission_20260710_004842_manual,MANUAL,,0,13.330329895019531,100.99790954589844,155.11059076775476,4,True,0.6980000138282776,1,0,0,-1,0,0.0,0.0,0.0,0,0,nan,nan,nan,94,26.299999237060547,0.0,31.0,0,28,-,SELECT OWNER FIRST,
2026-07-10T01:08:11.985,1169.986,mission_20260710_004842_manual,MANUAL,,0,13.330328941345215,100.99791717529297,155.11318623963936,4,True,0.6990000009536743,1,0,0,-1,0,0.0,0.0,0.0,0,0,nan,nan,nan,94,26.299999237060547,0.0,31.0,0,28,-,SELECT OWNER FIRST,
2026-07-10T01:08:13.985,1171.986,mission_20260710_004842_manual,MANUAL,,0,13.330327033996582,100.99791717529297,155.12569914619883,4,True,0.6980000138282776,1,0,0,-1,0,0.0,0.0,0.0,0,0,nan,nan,nan,94,26.299999237060547,0.0,31.0,0,28,-,SELECT OWNER FIRST,
2026-07-10T01:08:15.985,1173.986,mission_20260710_004842_manual,MANUAL,,0,13.330326080322266,100.99791717529297,155.1372968074095,4,True,0.6990000009536743,1,0,0,-1,0,0.0,0.0,0.0,0,0,nan,nan,nan,94,26.299999237060547,0.0,31.0,0,28,-,SELECT OWNER FIRST,
2026-07-10T01:08:17.987,1175.987,mission_20260710_004842_manual,MANUAL,,0,13.33032512664795,100.99791717529297,155.14771967608297,4,True,0.6992499828338623,1,0,0,-1,0,0.0,0.0,0.0,0,0,nan,nan,nan,94,26.299999237060547,0.0,31.0,0,28,-,SELECT OWNER FIRST,
2026-07-10T01:08:20.186,1178.186,mission_20260710_004842_manual,MANUAL,,0,13.330324172973633,100.99791717529297,155.16118880912623,4,True,0.699999988079071,1,0,0,-1,0,0.0,0.0,0.0,0,0,nan,nan,nan,94,26.299999237060547,0.0,31.0,0,28,-,SELECT OWNER FIRST,
2026-07-10T01:08:22.192,1180.192,mission_20260710_004842_manual,MANUAL,,0,13.330323219299316,100.99791717529297,155.16601092268024,4,True,0.6995000243186951,1,0,0,-1,0,0.0,0.0,0.0,0,0,nan,nan,nan,94,26.299999237060547,0.0,31.0,0,28,-,SELECT OWNER FIRST,
2026-07-10T01:08:24.383,1182.384,mission_20260710_004842_manual,MANUAL,,0,13.330321311950684,100.99791717529297,155.16198111106993,4,True,0.7007499933242798,1,0,0,-1,0,0.0,0.0,0.0,0,0,nan,nan,nan,94,26.299999237060547,0.0,31.0,0,28,-,SELECT OWNER FIRST,
2026-07-10T01:08:26.581,1184.582,mission_20260710_004842_manual,MANUAL,,0,13.33031940460205,100.9979248046875,155.15202269526006,4,True,0.6977499723434448,1,0,0,-1,0,0.0,0.0,0.0,0,0,nan,nan,nan,94,26.299999237060547,0.0,31.0,0,28,-,SELECT OWNER FIRST,
2026-07-10T01:08:28.587,1186.587,mission_20260710_004842_manual,MANUAL,,0,13.330318450927734,100.9979248046875,155.15461816714466,4,True,0.6987500190734863,1,0,0,-1,0,0.0,0.0,0.0,0,0,nan,nan,nan,94,26.299999237060547,0.0,31.0,0,29,-,SELECT OWNER FIRST,
2026-07-10T01:08:30.782,1188.782,mission_20260710_004842_manual,MANUAL,,0,13.330317497253418,100.9979248046875,155.1562710729238,4,True,0.6967499852180481,1,0,0,-1,0,0.0,0.0,0.0,0,0,nan,nan,nan,94,26.299999237060547,0.0,31.0,0,29,-,SELECT OWNER FIRST,
2026-07-10T01:08:32.793,1190.794,mission_20260710_004842_manual,MANUAL,,0,13.330316543579102,100.9979248046875,155.16412579046934,4,True,0.6982499957084656,1,0,0,-1,0,0.0,0.0,0.0,0,0,nan,nan,nan,94,26.299999237060547,0.0,31.0,0,29,-,SELECT OWNER FIRST,
2026-07-10T01:08:34.982,1192.983,mission_20260710_004842_manual,MANUAL,,0,13.330315589904785,100.9979248046875,155.17146141363793,4,True,0.6982499957084656,1,0,0,-1,0,0.0,0.0,0.0,0,0,nan,nan,nan,94,26.299999237060547,0.0,31.0,0,28,-,SELECT OWNER FIRST,
2026-07-10T01:08:37.180,1195.181,mission_20260710_004842_manual,MANUAL,,0,13.330313682556152,100.9979248046875,155.18109198036765,4,True,0.699999988079071,1,0,0,-1,0,0.0,0.0,0.0,0,0,nan,nan,nan,94,26.299999237060547,0.0,31.0,0,28,-,SELECT OWNER FIRST,
2026-07-10T01:08:39.182,1197.183,mission_20260710_004842_manual,MANUAL,,0,13.330312728881836,100.9979248046875,155.18774458461922,4,True,0.6992499828338623,1,0,0,-1,0,0.0,0.0,0.0,0,0,nan,nan,nan,94,26.299999237060547,0.0,31.0,0,28,-,SELECT OWNER FIRST,
2026-07-10T01:08:41.183,1199.184,mission_20260710_004842_manual,MANUAL,,0,13.330312728881836,100.99793243408203,155.19516217005787,4,True,0.6974999904632568,1,0,0,-1,0,0.0,0.0,0.0,0,0,nan,nan,nan,94,26.299999237060547,0.0,31.0,0,28,-,SELECT OWNER FIRST,
2026-07-10T01:08:43.188,1201.189,mission_20260710_004842_manual,MANUAL,,0,13.33031177520752,100.99793243408203,155.19898707599307,4,True,0.6987500190734863,1,0,0,-1,0,0.0,0.0,0.0,0,0,nan,nan,nan,94,26.299999237060547,0.0,31.0,0,28,-,SELECT OWNER FIRST,
2026-07-10T01:08:45.378,1203.379,mission_20260710_004842_manual,MANUAL,,0,13.330310821533203,100.99793243408203,155.1982767363194,4,True,0.7007499933242798,1,0,0,-1,0,0.0,0.0,0.0,0,0,nan,nan,nan,94,26.299999237060547,0.0,31.0,0,26,-,SELECT OWNER FIRST,
2026-07-10T01:08:47.577,1205.577,mission_20260710_004842_manual,MANUAL,,0,13.330310821533203,100.99793243408203,155.20352232160195,4,True,0.6990000009536743,1,0,0,-1,0,0.0,0.0,0.0,0,0,nan,nan,nan,94,26.299999237060547,0.0,31.0,0,25,-,SELECT OWNER FIRST,
2026-07-10T01:08:49.578,1207.578,mission_20260710_004842_manual,MANUAL,,0,13.330309867858887,100.99793243408203,155.20296224609,4,True,0.6982499957084656,1,0,0,-1,0,0.0,0.0,0.0,0,0,nan,nan,nan,94,26.299999237060547,0.0,31.0,0,26,-,SELECT OWNER FIRST,
2026-07-10T01:08:51.580,1209.581,mission_20260710_004842_manual,MANUAL,,0,13.33030891418457,100.99793243408203,155.1945884341676,4,True,0.6970000267028809,1,0,0,-1,0,0.0,0.0,0.0,0,0,nan,nan,nan,94,26.299999237060547,0.0,31.0,0,26,-,SELECT OWNER FIRST,
2026-07-10T01:08:53.583,1211.584,mission_20260710_004842_manual,MANUAL,,0,13.33030891418457,100.99793243408203,155.19587250973154,4,True,0.699999988079071,1,0,0,-1,0,0.0,0.0,0.0,0,0,nan,nan,nan,94,26.299999237060547,0.0,31.0,0,26,-,SELECT OWNER FIRST,
2026-07-10T01:08:55.585,1213.586,mission_20260710_004842_manual,MANUAL,,0,13.330307960510254,100.99793243408203,155.19887779296636,4,True,0.6987500190734863,1,0,0,-1,0,0.0,0.0,0.0,0,0,nan,nan,nan,94,26.299999237060547,0.0,31.0,0,27,-,SELECT OWNER FIRST,
2026-07-10T01:08:57.777,1215.778,mission_20260710_004842_manual,MANUAL,,0,13.330307006835938,100.99793243408203,155.1943835284925,4,True,0.6977499723434448,1,0,0,-1,0,0.0,0.0,0.0,0,0,nan,nan,nan,94,26.299999237060547,0.0,31.0,0,27,-,SELECT OWNER FIRST,
2026-07-10T01:08:59.784,1217.785,mission_20260710_004842_manual,MANUAL,,0,13.330306053161621,100.99793243408203,155.2053118311645,4,True,0.6972500085830688,1,0,0,-1,0,0.0,0.0,0.0,0,0,nan,nan,nan,94,26.299999237060547,0.0,31.0,0,27,-,SELECT OWNER FIRST,
2026-07-10T01:09:01.791,1219.792,mission_20260710_004842_manual,MANUAL,,0,13.330305099487305,100.99794006347656,155.19740247210564,4,True,0.6982499957084656,1,0,0,-1,0,0.0,0.0,0.0,0,0,nan,nan,nan,94,26.299999237060547,0.0,31.0,0,27,-,SELECT OWNER FIRST,
2026-07-10T01:09:03.973,1221.974,mission_20260710_004842_manual,MANUAL,,0,13.330304145812988,100.99794006347656,155.19318141519855,4,True,0.6980000138282776,1,0,0,-1,0,0.0,0.0,0.0,0,0,nan,nan,nan,94,26.299999237060547,0.0,31.0,0,27,-,SELECT OWNER FIRST,
2026-07-10T01:09:05.974,1223.974,mission_20260710_004842_manual,MANUAL,,0,13.330304145812988,100.99794006347656,155.1951758304362,4,True,0.6972500085830688,1,0,0,-1,0,0.0,0.0,0.0,0,0,nan,nan,nan,94,26.299999237060547,0.0,31.0,0,26,-,SELECT OWNER FIRST,
2026-07-10T01:09:07.975,1225.975,mission_20260710_004842_manual,MANUAL,,0,13.330304145812988,100.99794006347656,155.20692375580862,4,True,0.6967499852180481,1,0,0,-1,0,0.0,0.0,0.0,0,0,nan,nan,nan,94,26.299999237060547,0.0,31.0,0,26,-,SELECT OWNER FIRST,
2026-07-10T01:09:09.975,1227.975,mission_20260710_004842_manual,MANUAL,,0,13.330304145812988,100.99794006347656,155.20857666158778,4,True,0.6997500061988831,1,0,0,-1,0,0.0,0.0,0.0,0,0,nan,nan,nan,94,26.299999237060547,0.0,31.0,0,28,-,SELECT OWNER FIRST,
2026-07-10T01:09:12.175,1230.175,mission_20260710_004842_manual,MANUAL,,0,13.330304145812988,100.9979476928711,155.22043386998692,4,True,0.7002500295639038,1,0,0,-1,0,0.0,0.0,0.0,0,0,nan,nan,nan,94,26.299999237060547,0.0,31.0,0,29,-,SELECT OWNER FIRST,
2026-07-10T01:09:14.180,1232.18,mission_20260710_004842_manual,MANUAL,,0,13.330305099487305,100.9979476928711,155.2299551536899,4,True,0.6977499723434448,1,0,0,-1,0,0.0,0.0,0.0,0,0,nan,nan,nan,94,26.299999237060547,0.0,31.0,0,29,-,SELECT OWNER FIRST,
2026-07-10T01:09:16.372,1234.373,mission_20260710_004842_manual,MANUAL,,0,13.330305099487305,100.9979476928711,155.23153975757737,4,True,0.6992499828338623,1,0,0,-1,0,0.0,0.0,0.0,0,0,nan,nan,nan,94,26.299999237060547,0.0,31.0,0,29,-,SELECT OWNER FIRST,
2026-07-10T01:09:18.571,1236.571,mission_20260710_004842_manual,MANUAL,,0,13.330306053161621,100.9979476928711,155.23546028616093,4,True,0.6992499828338623,1,0,0,-1,0,0.0,0.0,0.0,0,0,nan,nan,nan,94,26.299999237060547,0.0,31.0,0,28,-,SELECT OWNER FIRST,
2026-07-10T01:09:20.587,1238.587,mission_20260710_004842_manual,MANUAL,,0,13.330306053161621,100.9979476928711,155.24826006066556,4,True,0.6984999775886536,1,0,0,-1,0,0.0,0.0,0.0,0,0,nan,nan,nan,94,26.299999237060547,0.0,31.0,0,29,-,SELECT OWNER FIRST,
2026-07-10T01:09:22.771,1240.772,mission_20260710_004842_manual,MANUAL,,0,13.330307006835938,100.9979476928711,155.25577326875256,4,True,0.6992499828338623,1,0,0,-1,0,0.0,0.0,0.0,0,0,nan,nan,nan,94,26.299999237060547,0.0,31.0,0,28,-,SELECT OWNER FIRST,
2026-07-10T01:09:24.771,1242.772,mission_20260710_004842_manual,MANUAL,,0,13.330307006835938,100.9979476928711,155.27010300563126,4,True,0.6984999775886536,1,0,0,-1,0,0.0,0.0,0.0,0,0,nan,nan,nan,94,26.299999237060547,0.0,31.0,0,27,-,SELECT OWNER FIRST,
2026-07-10T01:09:26.968,1244.968,mission_20260710_004842_manual,MANUAL,,0,13.330307006835938,100.99795532226562,155.261455986142,4,True,0.6987500190734863,1,0,0,-1,0,0.0,0.0,0.0,0,0,nan,nan,nan,94,26.299999237060547,0.0,31.0,0,27,-,SELECT OWNER FIRST,
2026-07-10T01:09:28.971,1246.971,mission_20260710_004842_manual,MANUAL,,0,13.330307006835938,100.99795532226562,155.25256307984264,4,True,0.6980000138282776,1,0,0,-1,0,0.0,0.0,0.0,0,0,nan,nan,nan,94,26.299999237060547,0.0,31.0,0,27,-,SELECT OWNER FIRST,
2026-07-10T01:09:31.168,1249.168,mission_20260710_004842_manual,MANUAL,,0,13.330305099487305,100.99795532226562,155.256674853723,4,True,0.6962500214576721,1,0,0,-1,0,0.0,0.0,0.0,0,0,nan,nan,nan,94,26.299999237060547,0.0,31.0,0,26,-,SELECT OWNER FIRST,
2026-07-10T01:09:33.170,1251.171,mission_20260710_004842_manual,MANUAL,,0,13.330305099487305,100.99795532226562,155.2459924378611,4,True,0.6992499828338623,1,0,0,-1,0,0.0,0.0,0.0,0,0,nan,nan,nan,94,26.299999237060547,0.0,31.0,0,27,-,SELECT OWNER FIRST,
2026-07-10T01:09:35.181,1253.182,mission_20260710_004842_manual,MANUAL,,0,13.330306053161621,100.99795532226562,155.23898466377267,4,True,0.6995000243186951,1,0,0,-1,0,0.0,0.0,0.0,0,0,nan,nan,nan,94,26.299999237060547,0.0,31.0,0,27,-,SELECT OWNER FIRST,
2026-07-10T01:09:37.368,1255.368,mission_20260710_004842_manual,MANUAL,,0,13.330306053161621,100.99795532226562,155.23287847465468,4,True,0.7012500166893005,1,0,0,-1,0,0.0,0.0,0.0,0,0,nan,nan,nan,94,26.299999237060547,0.0,31.0,0,28,-,SELECT OWNER FIRST,
2026-07-10T01:09:39.566,1257.567,mission_20260710_004842_manual,MANUAL,,0,13.330306053161621,100.99795532226562,155.2291355309895,4,True,0.6992499828338623,1,0,0,-1,0,0.0,0.0,0.0,0,0,nan,nan,nan,94,26.299999237060547,0.0,31.0,0,26,-,SELECT OWNER FIRST,
2026-07-10T01:09:41.568,1259.568,mission_20260710_004842_manual,MANUAL,,0,13.330305099487305,100.99795532226562,155.22195017198266,4,True,0.7005000114440918,1,0,0,-1,0,0.0,0.0,0.0,0,0,nan,nan,nan,94,26.299999237060547,0.0,31.0,0,25,-,SELECT OWNER FIRST,
2026-07-10T01:09:43.572,1261.573,mission_20260710_004842_manual,MANUAL,,0,13.330304145812988,100.99795532226562,155.2223463229545,4,True,0.6990000009536743,1,0,0,-1,0,0.0,0.0,0.0,0,0,nan,nan,nan,94,26.299999237060547,0.0,31.0,0,27,-,SELECT OWNER FIRST,
2026-07-10T01:09:45.575,1263.575,mission_20260710_004842_manual,MANUAL,,0,13.330304145812988,100.99795532226562,155.21495605827258,4,True,0.6997500061988831,1,0,0,-1,0,0.0,0.0,0.0,0,0,nan,nan,nan,94,26.299999237060547,0.0,31.0,0,27,-,SELECT OWNER FIRST,
2026-07-10T01:09:47.764,1265.765,mission_20260710_004842_manual,MANUAL,,0,13.330303192138672,100.99795532226562,155.20218360452463,4,True,0.6982499957084656,1,0,0,-1,0,0.0,0.0,0.0,0,0,nan,nan,nan,94,26.299999237060547,0.0,31.0,0,27,-,SELECT OWNER FIRST,
2026-07-10T01:09:49.766,1267.767,mission_20260710_004842_manual,MANUAL,,0,13.330303192138672,100.99795532226562,155.1850671504646,4,True,0.7005000114440918,1,0,0,-1,0,0.0,0.0,0.0,0,0,nan,nan,nan,94,26.299999237060547,0.0,31.0,0,27,-,SELECT OWNER FIRST,
2026-07-10T01:09:51.773,1269.774,mission_20260710_004842_manual,MANUAL,,0,13.330302238464355,100.99795532226562,155.18064118788243,4,True,0.6990000009536743,1,0,0,-1,0,0.0,0.0,0.0,0,0,nan,nan,nan,94,26.299999237060547,0.0,31.0,0,26,-,SELECT OWNER FIRST,
2026-07-10T01:09:53.964,1271.964,mission_20260710_004842_manual,MANUAL,,0,13.330301284790039,100.99795532226562,155.17102428153103,4,True,0.6974999904632568,1,0,0,-1,0,0.0,0.0,0.0,0,0,nan,nan,nan,94,26.299999237060547,0.0,31.0,0,26,-,SELECT OWNER FIRST,
2026-07-10T01:09:56.164,1274.165,mission_20260710_004842_manual,MANUAL,,0,13.330301284790039,100.99795532226562,155.16454926219788,4,True,0.6997500061988831,1,0,0,-1,0,0.0,0.0,0.0,0,0,nan,nan,nan,94,26.299999237060547,0.0,31.0,0,25,-,SELECT OWNER FIRST,
2026-07-10T01:09:58.171,1276.172,mission_20260710_004842_manual,MANUAL,,0,13.330300331115723,100.99795532226562,155.17154337590796,4,True,0.6970000267028809,1,0,0,-1,0,0.0,0.0,0.0,0,0,nan,nan,nan,94,26.299999237060547,0.0,31.0,0,26,-,SELECT OWNER FIRST,
2026-07-10T01:10:00.178,1278.179,mission_20260710_004842_manual,MANUAL,,0,13.330299377441406,100.9979476928711,155.16918013045515,4,True,0.699999988079071,1,0,0,-1,0,0.0,0.0,0.0,0,0,nan,nan,nan,94,26.299999237060547,0.0,31.0,0,25,-,SELECT OWNER FIRST,
2026-07-10T01:10:02.360,1280.361,mission_20260710_004842_manual,MANUAL,,0,13.330300331115723,100.9979476928711,155.1594402806987,4,True,0.7002500295639038,1,0,0,-1,0,0.0,0.0,0.0,0,0,nan,nan,nan,94,26.299999237060547,0.0,31.0,0,26,-,SELECT OWNER FIRST,
2026-07-10T01:10:04.360,1282.361,mission_20260710_004842_manual,MANUAL,,0,13.330300331115723,100.9979476928711,155.1510801291546,4,True,0.6974999904632568,1,0,0,-1,0,0.0,0.0,0.0,0,0,nan,nan,nan,94,26.299999237060547,0.0,31.0,0,26,-,SELECT OWNER FIRST,
2026-07-10T01:10:06.361,1284.362,mission_20260710_004842_manual,MANUAL,,0,13.330300331115723,100.9979476928711,155.14329371350078,4,True,0.6997500061988831,1,0,0,-1,0,0.0,0.0,0.0,0,0,nan,nan,nan,94,26.299999237060547,0.0,31.0,0,26,-,SELECT OWNER FIRST,
2026-07-10T01:10:08.372,1286.373,mission_20260710_004842_manual,MANUAL,,0,13.330300331115723,100.9979476928711,155.13692797719435,4,True,0.6995000243186951,1,0,0,-1,0,0.0,0.0,0.0,0,0,nan,nan,nan,94,26.299999237060547,0.0,31.0,0,28,-,SELECT OWNER FIRST,
2026-07-10T01:10:10.560,1288.56,mission_20260710_004842_manual,MANUAL,,0,13.330300331115723,100.9979476928711,155.1295103917557,4,True,0.6984999775886536,1,0,0,-1,0,0.0,0.0,0.0,0,0,nan,nan,nan,94,26.299999237060547,0.0,31.0,0,27,-,SELECT OWNER FIRST,
2026-07-10T01:10:12.567,1290.567,mission_20260710_004842_manual,MANUAL,,0,13.330299377441406,100.99794006347656,155.12446971214823,4,True,0.6997500061988831,1,0,0,-1,0,0.0,0.0,0.0,0,0,nan,nan,nan,94,26.299999237060547,0.0,31.0,0,27,-,SELECT OWNER FIRST,
2026-07-10T01:10:14.760,1292.761,mission_20260710_004842_manual,MANUAL,,0,13.330299377441406,100.99794006347656,155.11931974951403,4,True,0.699999988079071,1,0,0,-1,0,0.0,0.0,0.0,0,0,nan,nan,nan,94,26.299999237060547,0.0,31.0,0,26,-,SELECT OWNER FIRST,
2026-07-10T01:10:16.761,1294.762,mission_20260710_004842_manual,MANUAL,,0,13.330300331115723,100.99794006347656,155.1113830696985,4,True,0.6982499957084656,1,0,0,-1,0,0.0,0.0,0.0,0,0,nan,nan,nan,94,26.299999237060547,0.0,31.0,0,28,-,SELECT OWNER FIRST,
2026-07-10T01:10:18.766,1296.766,mission_20260710_004842_manual,MANUAL,,0,13.330301284790039,100.99794006347656,155.1130223150993,4,True,0.6987500190734863,1,0,0,-1,0,0.0,0.0,0.0,0,0,nan,nan,nan,94,26.299999237060547,0.0,31.0,0,28,-,SELECT OWNER FIRST,
2026-07-10T01:10:20.769,1298.77,mission_20260710_004842_manual,MANUAL,,0,13.330302238464355,100.99793243408203,155.11034488094464,4,True,0.6972500085830688,1,0,0,-1,0,0.0,0.0,0.0,0,0,nan,nan,nan,94,26.299999237060547,0.0,31.0,0,27,-,SELECT OWNER FIRST,
2026-07-10T01:10:22.958,1300.958,mission_20260710_004842_manual,MANUAL,,0,13.330300331115723,100.99793243408203,155.09288691742609,4,True,0.6992499828338623,1,0,0,-1,0,0.0,0.0,0.0,0,0,nan,nan,nan,94,26.299999237060547,0.0,31.0,0,27,-,SELECT OWNER FIRST,
2026-07-10T01:10:25.159,1303.16,mission_20260710_004842_manual,MANUAL,,0,13.330299377441406,100.99793243408203,155.0854829923658,4,True,0.6977499723434448,1,0,0,-1,0,0.0,0.0,0.0,0,0,nan,nan,nan,94,26.299999237060547,0.0,31.0,0,28,-,SELECT OWNER FIRST,
2026-07-10T01:10:27.160,1305.161,mission_20260710_004842_manual,MANUAL,,0,13.330299377441406,100.99793243408203,155.08361152053322,4,True,0.6977499723434448,1,0,0,-1,0,0.0,0.0,0.0,0,0,nan,nan,nan,94,26.299999237060547,0.0,31.0,0,28,-,SELECT OWNER FIRST,
2026-07-10T01:10:29.164,1307.164,mission_20260710_004842_manual,MANUAL,,0,13.330299377441406,100.99793243408203,155.07572948223103,4,True,0.6974999904632568,1,0,0,-1,0,0.0,0.0,0.0,0,0,nan,nan,nan,94,26.299999237060547,0.0,31.0,0,27,-,SELECT OWNER FIRST,
2026-07-10T01:10:31.168,1309.169,mission_20260710_004842_manual,MANUAL,,0,13.330299377441406,100.9979248046875,155.0717543121341,4,True,0.6990000009536743,1,0,0,-1,0,0.0,0.0,0.0,0,0,nan,nan,nan,94,26.299999237060547,0.0,31.0,0,26,-,SELECT OWNER FIRST,
2026-07-10T01:10:33.354,1311.354,mission_20260710_004842_manual,MANUAL,,0,13.330299377441406,100.9979248046875,155.0560585374214,4,True,0.6992499828338623,1,0,0,-1,0,0.0,0.0,0.0,0,0,nan,nan,nan,94,26.299999237060547,0.0,31.0,0,26,-,SELECT OWNER FIRST,
2026-07-10T01:10:35.553,1313.554,mission_20260710_004842_manual,MANUAL,,0,13.330299377441406,100.9979248046875,155.04984306527666,4,True,0.6990000009536743,1,0,0,-1,0,0.0,0.0,0.0,0,0,nan,nan,nan,94,26.299999237060547,0.0,31.0,0,26,-,SELECT OWNER FIRST,
2026-07-10T01:10:37.555,1315.555,mission_20260710_004842_manual,MANUAL,,0,13.330299377441406,100.9979248046875,155.04603181971981,4,True,0.6980000138282776,1,0,0,-1,0,0.0,0.0,0.0,0,0,nan,nan,nan,94,26.299999237060547,0.0,31.0,0,25,-,SELECT OWNER FIRST,
2026-07-10T01:10:39.556,1317.557,mission_20260710_004842_manual,MANUAL,,0,13.330299377441406,100.9979248046875,155.03942019660323,4,True,0.6984999775886536,1,0,0,-1,0,0.0,0.0,0.0,0,0,nan,nan,nan,94,26.299999237060547,0.0,31.0,0,25,-,SELECT OWNER FIRST,
2026-07-10T01:10:41.561,1319.561,mission_20260710_004842_manual,MANUAL,,0,13.330299377441406,100.9979248046875,155.04556736685626,4,True,0.6974999904632568,1,0,0,-1,0,0.0,0.0,0.0,0,0,nan,nan,nan,94,26.299999237060547,0.0,31.0,0,26,-,SELECT OWNER FIRST,
2026-07-10T01:10:43.755,1321.755,mission_20260710_004842_manual,MANUAL,,0,13.330299377441406,100.9979248046875,155.04969280111493,4,True,0.6992499828338623,1,0,0,-1,0,0.0,0.0,0.0,0,0,nan,nan,nan,94,26.299999237060547,0.0,31.0,0,26,-,SELECT OWNER FIRST,
2026-07-10T01:10:45.759,1323.76,mission_20260710_004842_manual,MANUAL,,0,13.330299377441406,100.9979248046875,155.05122276348902,4,True,0.6977499723434448,1,0,0,-1,0,0.0,0.0,0.0,0,0,nan,nan,nan,94,26.299999237060547,0.0,31.0,0,26,-,SELECT OWNER FIRST,
2026-07-10T01:10:47.760,1325.76,mission_20260710_004842_manual,MANUAL,,0,13.330299377441406,100.9979248046875,155.05217898997282,4,True,0.6984999775886536,1,0,0,-1,0,0.0,0.0,0.0,0,0,nan,nan,nan,94,26.299999237060547,0.0,31.0,0,26,-,SELECT OWNER FIRST,
2026-07-10T01:10:49.951,1327.951,mission_20260710_004842_manual,MANUAL,,0,13.330297470092773,100.9979248046875,155.04746615944552,4,True,0.6997500061988831,1,0,0,-1,0,0.0,0.0,0.0,0,0,nan,nan,nan,94,26.299999237060547,0.0,31.0,0,25,-,SELECT OWNER FIRST,
2026-07-10T01:10:51.953,1329.953,mission_20260710_004842_manual,MANUAL,,0,13.33029842376709,100.9979248046875,155.05265710321473,4,True,0.6962500214576721,1,0,0,-1,0,0.0,0.0,0.0,0,0,nan,nan,nan,94,26.299999237060547,0.0,31.0,0,24,-,SELECT OWNER FIRST,
2026-07-10T01:10:53.953,1331.954,mission_20260710_004842_manual,MANUAL,,0,13.330299377441406,100.9979248046875,155.05868133006268,4,True,0.6984999775886536,1,0,0,-1,0,0.0,0.0,0.0,0,0,nan,nan,nan,94,26.299999237060547,0.0,31.0,0,22,-,SELECT OWNER FIRST,
2026-07-10T01:10:56.153,1334.153,mission_20260710_004842_manual,MANUAL,,0,13.330300331115723,100.9979248046875,155.057328952607,4,True,0.6997500061988831,1,0,0,-1,0,0.0,0.0,0.0,0,0,nan,nan,nan,94,26.299999237060547,0.0,31.0,0,23,-,SELECT OWNER FIRST,
2026-07-10T01:10:58.157,1336.158,mission_20260710_004842_manual,MANUAL,,0,13.330301284790039,100.9979248046875,155.06007468865334,4,True,0.6982499957084656,1,0,0,-1,0,0.0,0.0,0.0,0,0,nan,nan,nan,94,26.299999237060547,0.0,31.0,0,24,-,SELECT OWNER FIRST,
2026-07-10T01:11:00.350,1338.35,mission_20260710_004842_manual,MANUAL,,0,13.330302238464355,100.9979248046875,155.05761582055214,4,True,0.6974999904632568,1,0,0,-1,0,0.0,0.0,0.0,0,0,nan,nan,nan,94,26.299999237060547,0.0,31.0,0,23,-,SELECT OWNER FIRST,
2026-07-10T01:11:02.350,1340.351,mission_20260710_004842_manual,MANUAL,,0,13.330304145812988,100.9979248046875,155.0623832925928,4,True,0.6980000138282776,1,0,0,-1,0,0.0,0.0,0.0,0,0,nan,nan,nan,94,26.299999237060547,0.0,31.0,0,25,-,SELECT OWNER FIRST,
2026-07-10T01:11:04.548,1342.549,mission_20260710_004842_manual,MANUAL,,0,13.330305099487305,100.9979248046875,155.07047023657012,4,True,0.6982499957084656,1,0,0,-1,0,0.0,0.0,0.0,0,0,nan,nan,nan,94,26.299999237060547,0.0,31.0,0,25,-,SELECT OWNER FIRST,
2026-07-10T01:11:06.554,1344.554,mission_20260710_004842_manual,MANUAL,,0,13.33030891418457,100.9979248046875,155.087217860415,4,True,0.6990000009536743,1,0,0,-1,0,0.0,0.0,0.0,0,0,nan,nan,nan,94,26.299999237060547,0.0,31.0,0,24,-,SELECT OWNER FIRST,
2026-07-10T01:11:08.748,1346.749,mission_20260710_004842_manual,MANUAL,,0,13.33030891418457,100.9979248046875,155.10305023891107,4,True,0.6987500190734863,1,0,0,-1,0,0.0,0.0,0.0,0,0,nan,nan,nan,94,26.299999237060547,0.0,31.0,0,24,-,SELECT OWNER FIRST,
2026-07-10T01:11:10.748,1348.749,mission_20260710_004842_manual,MANUAL,,0,13.33030891418457,100.9979248046875,155.11649205119767,4,True,0.6977499723434448,1,0,0,-1,0,0.0,0.0,0.0,0,0,nan,nan,nan,94,26.299999237060547,0.0,31.0,0,25,-,SELECT OWNER FIRST,
2026-07-10T01:11:12.945,1350.945,mission_20260710_004842_manual,MANUAL,,0,13.330307960510254,100.9979248046875,155.12929182570227,4,True,0.6992499828338623,1,0,0,-1,0,0.0,0.0,0.0,0,0,nan,nan,nan,94,26.299999237060547,0.0,31.0,0,25,-,SELECT OWNER FIRST,
2026-07-10T01:11:14.947,1352.948,mission_20260710_004842_manual,MANUAL,,0,13.330307006835938,100.9979248046875,155.13160042964174,4,True,0.6980000138282776,1,0,0,-1,0,0.0,0.0,0.0,0,0,nan,nan,nan,94,26.299999237060547,0.0,31.0,0,26,-,SELECT OWNER FIRST,
2026-07-10T01:11:17.148,1355.149,mission_20260710_004842_manual,MANUAL,,0,13.330307006835938,100.9979248046875,155.1416544681,4,True,0.6962500214576721,1,0,0,-1,0,0.0,0.0,0.0,0,0,nan,nan,nan,94,26.299999237060547,0.0,31.0,0,26,-,SELECT OWNER FIRST,
2026-07-10T01:11:19.149,1357.15,mission_20260710_004842_manual,MANUAL,,0,13.330306053161621,100.9979248046875,155.1515172612615,4,True,0.6987500190734863,1,0,0,-1,0,0.0,0.0,0.0,0,0,nan,nan,nan,94,26.299999237060547,0.0,31.0,0,26,-,SELECT OWNER FIRST,
2026-07-10T01:11:21.153,1359.153,mission_20260710_004842_manual,MANUAL,,0,13.330305099487305,100.9979248046875,155.15453620487463,4,True,0.6977499723434448,1,0,0,-1,0,0.0,0.0,0.0,0,0,nan,nan,nan,94,26.299999237060547,0.0,31.0,0,27,-,SELECT OWNER FIRST,
2026-07-10T01:11:23.157,1361.158,mission_20260710_004842_manual,MANUAL,,0,13.330303192138672,100.9979248046875,155.1475284307862,4,True,0.6997500061988831,1,0,0,-1,0,0.0,0.0,0.0,0,0,nan,nan,nan,94,26.299999237060547,0.0,31.0,0,26,-,SELECT OWNER FIRST,
2026-07-10T01:11:25.343,1363.343,mission_20260710_004842_manual,MANUAL,,0,13.330301284790039,100.9979248046875,155.14735084586778,4,True,0.6995000243186951,1,0,0,-1,0,0.0,0.0,0.0,0,0,nan,nan,nan,94,26.299999237060547,0.0,31.0,0,28,-,SELECT OWNER FIRST,
2026-07-10T01:11:27.542,1365.543,mission_20260710_004842_manual,MANUAL,,0,13.330299377441406,100.99791717529297,155.14293854366394,4,True,0.6990000009536743,1,0,0,-1,0,0.0,0.0,0.0,0,0,nan,nan,nan,94,26.299999237060547,0.0,31.0,0,28,-,SELECT OWNER FIRST,
2026-07-10T01:11:29.543,1367.544,mission_20260710_004842_manual,MANUAL,,0,13.33029842376709,100.99791717529297,155.13364948639273,4,True,0.6974999904632568,1,0,0,-1,0,0.0,0.0,0.0,0,0,nan,nan,nan,94,26.299999237060547,0.0,31.0,0,28,-,SELECT OWNER FIRST,
2026-07-10T01:11:31.547,1369.547,mission_20260710_004842_manual,MANUAL,,0,13.330297470092773,100.99791717529297,155.13694163757268,4,True,0.6977499723434448,1,0,0,-1,0,0.0,0.0,0.0,0,0,nan,nan,nan,94,26.299999237060547,0.0,31.0,0,28,-,SELECT OWNER FIRST,
2026-07-10T01:11:33.550,1371.55,mission_20260710_004842_manual,MANUAL,,0,13.33029556274414,100.99791717529297,155.13172337304678,4,True,0.6984999775886536,1,0,0,-1,0,0.0,0.0,0.0,0,0,nan,nan,nan,94,26.299999237060547,0.0,31.0,0,28,-,SELECT OWNER FIRST,
2026-07-10T01:11:35.744,1373.744,mission_20260710_004842_manual,MANUAL,,0,13.330293655395508,100.99791717529297,155.1260543160357,4,True,0.6970000267028809,1,0,0,-1,0,0.0,0.0,0.0,0,0,nan,nan,nan,94,26.299999237060547,0.0,31.0,0,28,-,SELECT OWNER FIRST,
2026-07-10T01:11:37.749,1375.749,mission_20260710_004842_manual,MANUAL,,0,13.330291748046875,100.99791717529297,155.12833559921847,4,True,0.7002500295639038,1,0,0,-1,0,0.0,0.0,0.0,0,0,nan,nan,nan,94,26.299999237060547,0.0,31.0,0,28,-,SELECT OWNER FIRST,
2026-07-10T01:11:39.941,1377.941,mission_20260710_004842_manual,MANUAL,,0,13.330289840698242,100.99791717529297,155.12878639170367,4,True,0.6987500190734863,1,0,0,-1,0,0.0,0.0,0.0,0,0,nan,nan,nan,94,26.299999237060547,0.0,31.0,0,29,-,SELECT OWNER FIRST,
2026-07-10T01:11:41.942,1379.942,mission_20260710_004842_manual,MANUAL,,0,13.330288887023926,100.99791717529297,155.1358897884405,4,True,0.6967499852180481,1,0,0,-1,0,0.0,0.0,0.0,0,0,nan,nan,nan,94,26.299999237060547,0.0,31.0,0,28,-,SELECT OWNER FIRST,
2026-07-10T01:11:44.141,1382.141,mission_20260710_004842_manual,MANUAL,,0,13.330286979675293,100.9979248046875,155.14169544923502,4,True,0.6980000138282776,1,0,0,-1,0,0.0,0.0,0.0,0,0,nan,nan,nan,94,26.299999237060547,0.0,31.0,0,28,-,SELECT OWNER FIRST,
2026-07-10T01:11:46.147,1384.147,mission_20260710_004842_manual,MANUAL,,0,13.33028507232666,100.9979248046875,155.1487578648368,4,True,0.6987500190734863,1,0,0,-1,0,0.0,0.0,0.0,0,0,nan,nan,nan,94,26.299999237060547,0.0,31.0,0,27,-,SELECT OWNER FIRST,
2026-07-10T01:11:48.337,1386.338,mission_20260710_004842_manual,MANUAL,,0,13.330284118652344,100.9979248046875,155.1595768844821,4,True,0.7002500295639038,1,0,0,-1,0,0.0,0.0,0.0,0,0,nan,nan,nan,94,26.299999237060547,0.0,31.0,0,27,-,SELECT OWNER FIRST,
2026-07-10T01:11:50.339,1388.34,mission_20260710_004842_manual,MANUAL,,0,13.330283164978027,100.9979248046875,155.17062813055918,4,True,0.699999988079071,1,0,0,-1,0,0.0,0.0,0.0,0,0,nan,nan,nan,94,26.299999237060547,0.0,31.0,0,28,-,SELECT OWNER FIRST,
2026-07-10T01:11:52.340,1390.34,mission_20260710_004842_manual,MANUAL,,0,13.330283164978027,100.9979248046875,155.17516337616806,4,True,0.6990000009536743,1,0,0,-1,0,0.0,0.0,0.0,0,0,nan,nan,nan,94,26.299999237060547,0.0,31.0,0,29,-,SELECT OWNER FIRST,
2026-07-10T01:11:54.538,1392.538,mission_20260710_004842_manual,MANUAL,,0,13.330283164978027,100.9979248046875,155.16853809267315,4,True,0.6974999904632568,1,0,0,-1,0,0.0,0.0,0.0,0,0,nan,nan,nan,94,26.299999237060547,0.0,31.0,0,30,-,SELECT OWNER FIRST,
2026-07-10T01:11:56.543,1394.544,mission_20260710_004842_manual,MANUAL,,0,13.330284118652344,100.9979248046875,155.1679370360262,4,True,0.7002500295639038,1,0,0,-1,0,0.0,0.0,0.0,0,0,nan,nan,nan,94,26.299999237060547,0.0,31.0,0,29,-,SELECT OWNER FIRST,
2026-07-10T01:11:58.739,1396.739,mission_20260710_004842_manual,MANUAL,,0,13.330286026000977,100.9979248046875,155.169576281427,4,True,0.6977499723434448,1,0,0,-1,0,0.0,0.0,0.0,0,0,nan,nan,nan,94,26.299999237060547,0.0,31.0,0,28,-,SELECT OWNER FIRST,
2026-07-10T01:12:00.739,1398.74,mission_20260710_004842_manual,MANUAL,,0,13.330286979675293,100.9979248046875,155.16467220560293,4,True,0.7005000114440918,1,0,0,-1,0,0.0,0.0,0.0,0,0,nan,nan,nan,94,26.299999237060547,0.0,31.0,0,28,-,SELECT OWNER FIRST,
2026-07-10T01:12:02.743,1400.743,mission_20260710_004842_manual,MANUAL,,0,13.330286979675293,100.9979248046875,155.1646585452246,4,True,0.6982499957084656,1,0,0,-1,0,0.0,0.0,0.0,0,0,nan,nan,nan,94,26.299999237060547,0.0,31.0,0,27,-,SELECT OWNER FIRST,
2026-07-10T01:12:04.934,1402.934,mission_20260710_004842_manual,MANUAL,,0,13.33028793334961,100.9979248046875,155.1554514502234,4,True,0.6995000243186951,1,0,0,-1,0,0.0,0.0,0.0,0,0,nan,nan,nan,94,26.299999237060547,0.0,31.0,0,26,-,SELECT OWNER FIRST,
2026-07-10T01:12:06.937,1404.937,mission_20260710_004842_manual,MANUAL,,0,13.330288887023926,100.9979248046875,155.1543176388212,4,True,0.6984999775886536,1,0,0,-1,0,0.0,0.0,0.0,0,0,nan,nan,nan,94,26.299999237060547,0.0,31.0,0,28,-,SELECT OWNER FIRST,
2026-07-10T01:12:09.134,1407.134,mission_20260710_004842_manual,MANUAL,,0,13.330289840698242,100.9979248046875,155.16229529977176,4,True,0.6980000138282776,1,0,0,-1,0,0.0,0.0,0.0,0,0,nan,nan,nan,94,26.299999237060547,0.0,31.0,0,28,-,SELECT OWNER FIRST,
2026-07-10T01:12:11.137,1409.138,mission_20260710_004842_manual,MANUAL,,0,13.330290794372559,100.9979248046875,155.18172035777127,4,True,0.6997500061988831,1,0,0,-1,0,0.0,0.0,0.0,0,0,nan,nan,nan,94,26.299999237060547,0.0,31.0,0,26,-,SELECT OWNER FIRST,
2026-07-10T01:12:13.137,1411.138,mission_20260710_004842_manual,MANUAL,,0,13.330291748046875,100.9979248046875,155.18794949029433,4,True,0.699999988079071,1,0,0,-1,0,0.0,0.0,0.0,0,0,nan,nan,nan,94,26.299999237060547,0.0,31.0,0,25,-,SELECT OWNER FIRST,
2026-07-10T01:12:15.142,1413.143,mission_20260710_004842_manual,MANUAL,,0,13.330291748046875,100.9979248046875,155.18494420705952,4,True,0.6980000138282776,1,0,0,-1,0,0.0,0.0,0.0,0,0,nan,nan,nan,94,26.299999237060547,0.0,31.0,0,27,-,SELECT OWNER FIRST,
2026-07-10T01:12:17.332,1415.332,mission_20260710_004842_manual,MANUAL,,0,13.330293655395508,100.9979248046875,155.18579115051662,4,True,0.6992499828338623,1,0,0,-1,0,0.0,0.0,0.0,0,0,nan,nan,nan,94,26.299999237060547,0.0,31.0,0,27,-,SELECT OWNER FIRST,
2026-07-10T01:12:19.531,1417.532,mission_20260710_004842_manual,MANUAL,,0,13.330294609069824,100.9979248046875,155.1875669997008,4,True,0.7009999752044678,1,0,0,-1,0,0.0,0.0,0.0,0,0,nan,nan,nan,94,26.299999237060547,0.0,31.0,0,26,-,SELECT OWNER FIRST,
2026-07-10T01:12:21.533,1419.534,mission_20260710_004842_manual,MANUAL,,0,13.330296516418457,100.9979248046875,155.19745711361898,4,True,0.6980000138282776,1,0,0,-1,0,0.0,0.0,0.0,0,0,nan,nan,nan,94,26.299999237060547,0.0,31.0,0,27,-,SELECT OWNER FIRST,
2026-07-10T01:12:23.535,1421.535,mission_20260710_004842_manual,MANUAL,,0,13.330297470092773,100.9979248046875,155.1903263961255,4,True,0.6997500061988831,1,0,0,-1,0,0.0,0.0,0.0,0,0,nan,nan,nan,94,26.299999237060547,0.0,31.0,0,28,-,SELECT OWNER FIRST,
2026-07-10T01:12:25.535,1423.535,mission_20260710_004842_manual,MANUAL,,0,13.330297470092773,100.9979248046875,155.17549122524824,4,True,0.6995000243186951,1,0,0,-1,0,0.0,0.0,0.0,0,0,nan,nan,nan,94,26.299999237060547,0.0,31.0,0,28,-,SELECT OWNER FIRST,
2026-07-10T01:12:27.543,1425.544,mission_20260710_004842_manual,MANUAL,,0,13.330297470092773,100.9979248046875,155.16610654532863,4,True,0.6984999775886536,1,0,0,-1,0,0.0,0.0,0.0,0,0,nan,nan,nan,94,26.299999237060547,0.0,31.0,0,29,-,SELECT OWNER FIRST,
2026-07-10T01:12:29.733,1427.734,mission_20260710_004842_manual,MANUAL,,0,13.330297470092773,100.9979248046875,155.17614692340854,4,True,0.6972500085830688,1,0,0,-1,0,0.0,0.0,0.0,0,0,nan,nan,nan,94,26.299999237060547,0.0,31.0,0,29,-,SELECT OWNER FIRST,
2026-07-10T01:12:31.738,1429.739,mission_20260710_004842_manual,MANUAL,,0,13.330297470092773,100.9979248046875,155.16549182830335,4,True,0.6997500061988831,1,0,0,-1,0,0.0,0.0,0.0,0,0,nan,nan,nan,94,26.299999237060547,0.0,31.0,0,27,-,SELECT OWNER FIRST,
2026-07-10T01:12:33.738,1431.739,mission_20260710_004842_manual,MANUAL,,0,13.330297470092773,100.9979248046875,155.16714473408248,4,True,0.6980000138282776,1,0,0,-1,0,0.0,0.0,0.0,0,0,nan,nan,nan,94,26.299999237060547,0.0,31.0,0,28,-,SELECT OWNER FIRST,
2026-07-10T01:12:35.927,1433.928,mission_20260710_004842_manual,MANUAL,,0,13.330296516418457,100.9979248046875,155.1644946206845,4,True,0.699999988079071,1,0,0,-1,0,0.0,0.0,0.0,0,0,nan,nan,nan,94,26.299999237060547,0.0,31.0,0,28,-,SELECT OWNER FIRST,
2026-07-10T01:12:37.928,1435.929,mission_20260710_004842_manual,MANUAL,,0,13.33029556274414,100.9979248046875,155.15567001627684,4,True,0.6982499957084656,1,0,0,-1,0,0.0,0.0,0.0,0,0,nan,nan,nan,94,26.299999237060547,0.0,31.0,0,28,-,SELECT OWNER FIRST,
2026-07-10T01:12:40.129,1438.129,mission_20260710_004842_manual,MANUAL,,0,13.330294609069824,100.9979248046875,155.1398512981591,4,True,0.6970000267028809,1,0,0,-1,0,0.0,0.0,0.0,0,0,nan,nan,nan,94,26.299999237060547,0.0,31.0,0,28,-,SELECT OWNER FIRST,
2026-07-10T01:12:42.130,1440.13,mission_20260710_004842_manual,MANUAL,,0,13.330293655395508,100.99791717529297,155.12975627856582,4,True,0.6980000138282776,1,0,0,-1,0,0.0,0.0,0.0,0,0,nan,nan,nan,94,26.299999237060547,0.0,31.0,0,28,-,SELECT OWNER FIRST,
2026-07-10T01:12:44.134,1442.135,mission_20260710_004842_manual,MANUAL,,0,13.330293655395508,100.99791717529297,155.12813069354337,4,True,0.6987500190734863,1,0,0,-1,0,0.0,0.0,0.0,0,0,nan,nan,nan,94,26.299999237060547,0.0,31.0,0,28,-,SELECT OWNER FIRST,
2026-07-10T01:12:46.135,1444.135,mission_20260710_004842_manual,MANUAL,,0,13.330294609069824,100.99791717529297,155.12378669323124,4,True,0.6982499957084656,1,0,0,-1,0,0.0,0.0,0.0,0,0,nan,nan,nan,94,26.299999237060547,0.0,31.0,0,27,-,SELECT OWNER FIRST,
2026-07-10T01:12:48.326,1446.326,mission_20260710_004842_manual,MANUAL,,0,13.330294609069824,100.99791717529297,155.1116562772653,4,True,0.6995000243186951,1,0,0,-1,0,0.0,0.0,0.0,0,0,nan,nan,nan,94,26.299999237060547,0.0,31.0,0,28,-,SELECT OWNER FIRST,
2026-07-10T01:12:50.326,1448.327,mission_20260710_004842_manual,MANUAL,,0,13.330293655395508,100.99791717529297,155.11300865472094,4,True,0.6995000243186951,1,0,0,-1,0,0.0,0.0,0.0,0,0,nan,nan,nan,94,26.299999237060547,0.0,31.0,0,28,-,SELECT OWNER FIRST,
2026-07-10T01:12:52.524,1450.525,mission_20260710_004842_manual,MANUAL,,0,13.330292701721191,100.99791717529297,155.10795431473514,4,True,0.6997500061988831,1,0,0,-1,0,0.0,0.0,0.0,0,0,nan,nan,nan,94,26.299999237060547,0.0,31.0,0,28,-,SELECT OWNER FIRST,
2026-07-10T01:12:54.541,1452.541,mission_20260710_004842_manual,MANUAL,,0,13.330290794372559,100.99791717529297,155.1102219375396,4,True,0.6967499852180481,1,0,0,-1,0,0.0,0.0,0.0,0,0,nan,nan,nan,94,26.299999237060547,0.0,31.0,0,29,-,SELECT OWNER FIRST,
2026-07-10T01:12:56.725,1454.725,mission_20260710_004842_manual,MANUAL,,0,13.330290794372559,100.99791717529297,155.13393635433786,4,True,0.6992499828338623,1,0,0,-1,0,0.0,0.0,0.0,0,0,nan,nan,nan,94,26.299999237060547,0.0,31.0,0,27,-,SELECT OWNER FIRST,
2026-07-10T01:12:58.726,1456.727,mission_20260710_004842_manual,MANUAL,,0,13.330288887023926,100.99791717529297,155.1297835993225,4,True,0.6980000138282776,1,0,0,-1,0,0.0,0.0,0.0,0,0,nan,nan,nan,94,26.299999237060547,0.0,31.0,0,28,-,SELECT OWNER FIRST,
2026-07-10T01:13:00.727,1458.728,mission_20260710_004842_manual,MANUAL,,0,13.330286979675293,100.99791717529297,155.1299202031059,4,True,0.6995000243186951,1,0,0,-1,0,0.0,0.0,0.0,0,0,nan,nan,nan,94,26.299999237060547,0.0,31.0,0,29,-,SELECT OWNER FIRST,
2026-07-10T01:13:02.730,1460.73,mission_20260710_004842_manual,MANUAL,,0,13.330284118652344,100.99791717529297,155.12037159864622,4,True,0.6997500061988831,1,0,0,-1,0,0.0,0.0,0.0,0,0,nan,nan,nan,94,26.299999237060547,0.0,31.0,0,29,-,SELECT OWNER FIRST,
2026-07-10T01:13:04.731,1462.731,mission_20260710_004842_manual,MANUAL,,0,13.330282211303711,100.99791717529297,155.1091017865157,4,True,0.699999988079071,1,0,0,-1,0,0.0,0.0,0.0,0,0,nan,nan,nan,94,26.299999237060547,0.0,31.0,0,28,-,SELECT OWNER FIRST,
2026-07-10T01:13:06.921,1464.921,mission_20260710_004842_manual,MANUAL,,0,13.330282211303711,100.99791717529297,155.09647959692953,4,True,0.6970000267028809,1,0,0,-1,0,0.0,0.0,0.0,0,0,nan,nan,nan,94,26.299999237060547,0.0,31.0,0,26,-,SELECT OWNER FIRST,
2026-07-10T01:13:08.928,1466.928,mission_20260710_004842_manual,MANUAL,,0,13.330281257629395,100.99791717529297,155.09757242719672,4,True,0.6992499828338623,1,0,0,-1,0,0.0,0.0,0.0,0,0,nan,nan,nan,94,26.299999237060547,0.0,31.0,0,26,-,SELECT OWNER FIRST,
2026-07-10T01:13:10.935,1468.935,mission_20260710_004842_manual,MANUAL,,0,13.330280303955078,100.99791717529297,155.10052306891816,4,True,0.6967499852180481,1,0,0,-1,0,0.0,0.0,0.0,0,0,nan,nan,nan,94,26.299999237060547,0.0,31.0,0,25,-,SELECT OWNER FIRST,
2026-07-10T01:13:13.120,1471.12,mission_20260710_004842_manual,MANUAL,,0,13.330279350280762,100.99791717529297,155.11020827716123,4,True,0.699999988079071,1,0,0,-1,0,0.0,0.0,0.0,0,0,nan,nan,nan,94,26.299999237060547,0.0,31.0,0,26,-,SELECT OWNER FIRST,
2026-07-10T01:13:15.122,1473.123,mission_20260710_004842_manual,MANUAL,,0,13.330278396606445,100.99791717529297,155.09447152131355,4,True,0.699999988079071,1,0,0,-1,0,0.0,0.0,0.0,0,0,nan,nan,nan,94,26.299999237060547,0.0,31.0,0,26,-,SELECT OWNER FIRST,
2026-07-10T01:13:17.123,1475.123,mission_20260710_004842_manual,MANUAL,,0,13.330277442932129,100.9979248046875,155.09884284238234,4,True,0.6995000243186951,1,0,0,-1,0,0.0,0.0,0.0,0,0,nan,nan,nan,94,26.299999237060547,0.0,31.0,0,27,-,SELECT OWNER FIRST,
2026-07-10T01:13:19.127,1477.128,mission_20260710_004842_manual,MANUAL,,0,13.330278396606445,100.9979248046875,155.0897860115429,4,True,0.6987500190734863,1,0,0,-1,0,0.0,0.0,0.0,0,0,nan,nan,nan,94,26.299999237060547,0.0,31.0,0,27,-,SELECT OWNER FIRST,
2026-07-10T01:13:21.318,1479.318,mission_20260710_004842_manual,MANUAL,,0,13.330278396606445,100.9979248046875,155.08757303025183,4,True,0.6982499957084656,1,0,0,-1,0,0.0,0.0,0.0,0,0,nan,nan,nan,94,26.299999237060547,0.0,31.0,0,26,-,SELECT OWNER FIRST,
2026-07-10T01:13:23.517,1481.518,mission_20260710_004842_manual,MANUAL,,0,13.330279350280762,100.9979248046875,155.102886314371,4,True,0.6990000009536743,1,0,0,-1,0,0.0,0.0,0.0,0,0,nan,nan,nan,94,26.299999237060547,0.0,31.0,0,29,-,SELECT OWNER FIRST,
2026-07-10T01:13:25.518,1483.519,mission_20260710_004842_manual,MANUAL,,0,13.330279350280762,100.9979248046875,155.09652057806454,4,True,0.6967499852180481,1,0,0,-1,0,0.0,0.0,0.0,0,0,nan,nan,nan,94,26.299999237060547,0.0,31.0,0,28,-,SELECT OWNER FIRST,
2026-07-10T01:13:27.519,1485.519,mission_20260710_004842_manual,MANUAL,,0,13.330279350280762,100.99793243408203,155.09016850213644,4,True,0.6972500085830688,1,0,0,-1,0,0.0,0.0,0.0,0,0,nan,nan,nan,94,26.299999237060547,0.0,31.0,0,28,-,SELECT OWNER FIRST,
2026-07-10T01:13:29.520,1487.521,mission_20260710_004842_manual,MANUAL,,0,13.330280303955078,100.99793243408203,155.09303718158785,4,True,0.6987500190734863,1,0,0,-1,0,0.0,0.0,0.0,0,0,nan,nan,nan,94,26.299999237060547,0.0,31.0,0,28,-,SELECT OWNER FIRST,
2026-07-10T01:13:31.523,1489.523,mission_20260710_004842_manual,MANUAL,,0,13.330282211303711,100.99793243408203,155.1036786163147,4,True,0.6987500190734863,1,0,0,-1,0,0.0,0.0,0.0,0,0,nan,nan,nan,94,26.299999237060547,0.0,31.0,0,29,-,SELECT OWNER FIRST,
2026-07-10T01:13:33.718,1491.718,mission_20260710_004842_manual,MANUAL,,0,13.330283164978027,100.99793243408203,155.1016568803204,4,True,0.7012500166893005,1,0,0,-1,0,0.0,0.0,0.0,0,0,nan,nan,nan,94,26.299999237060547,0.0,31.0,0,29,-,SELECT OWNER FIRST,
2026-07-10T01:13:35.725,1493.725,mission_20260710_004842_manual,MANUAL,,0,13.330284118652344,100.99793243408203,155.10161589918536,4,True,0.6992499828338623,1,0,0,-1,0,0.0,0.0,0.0,0,0,nan,nan,nan,94,26.299999237060547,0.0,31.0,0,30,-,SELECT OWNER FIRST,
2026-07-10T01:13:37.735,1495.735,mission_20260710_004842_manual,MANUAL,,0,13.33028507232666,100.99793243408203,155.1052085786888,4,True,0.6997500061988831,1,0,0,-1,0,0.0,0.0,0.0,0,0,nan,nan,nan,94,26.299999237060547,0.0,31.0,0,29,-,SELECT OWNER FIRST,
2026-07-10T01:13:39.914,1497.914,mission_20260710_004842_manual,MANUAL,,0,13.330286979675293,100.99793243408203,155.11613688136083,4,True,0.7005000114440918,1,0,0,-1,0,0.0,0.0,0.0,0,0,nan,nan,nan,94,26.299999237060547,0.0,31.0,0,29,-,SELECT OWNER FIRST,
2026-07-10T01:13:41.914,1499.914,mission_20260710_004842_manual,MANUAL,,0,13.330288887023926,100.99793243408203,155.12489318387676,4,True,0.6990000009536743,1,0,0,-1,0,0.0,0.0,0.0,0,0,nan,nan,nan,94,26.299999237060547,0.0,31.0,0,29,-,SELECT OWNER FIRST,
2026-07-10T01:13:43.914,1501.915,mission_20260710_004842_manual,MANUAL,,0,13.330289840698242,100.99793243408203,155.138963373567,4,True,0.6992499828338623,1,0,0,-1,0,0.0,0.0,0.0,0,0,nan,nan,nan,94,26.299999237060547,0.0,31.0,0,30,-,SELECT OWNER FIRST,
2026-07-10T01:13:45.914,1503.915,mission_20260710_004842_manual,MANUAL,,0,13.330290794372559,100.99793243408203,155.14093046804797,4,True,0.6974999904632568,1,0,0,-1,0,0.0,0.0,0.0,0,0,nan,nan,nan,94,26.299999237060547,0.0,31.0,0,30,-,SELECT OWNER FIRST,
2026-07-10T01:13:48.114,1506.115,mission_20260710_004842_manual,MANUAL,,0,13.330290794372559,100.99793243408203,155.13008412764597,4,True,0.7005000114440918,1,0,0,-1,0,0.0,0.0,0.0,0,0,nan,nan,nan,94,26.299999237060547,0.0,31.0,0,28,-,SELECT OWNER FIRST,
2026-07-10T01:13:50.119,1508.12,mission_20260710_004842_manual,MANUAL,,0,13.330291748046875,100.99793243408203,155.12769356143647,4,True,0.6984999775886536,1,0,0,-1,0,0.0,0.0,0.0,0,0,nan,nan,nan,94,26.299999237060547,0.0,31.0,0,29,-,SELECT OWNER FIRST,
2026-07-10T01:13:52.312,1510.312,mission_20260710_004842_manual,MANUAL,,0,13.330292701721191,100.99793243408203,155.12810337278668,4,True,0.6982499957084656,1,0,0,-1,0,0.0,0.0,0.0,0,0,nan,nan,nan,94,26.299999237060547,0.0,31.0,0,28,-,SELECT OWNER FIRST,
2026-07-10T01:13:54.314,1512.314,mission_20260710_004842_manual,MANUAL,,0,13.330293655395508,100.99793243408203,155.11966125897254,4,True,0.6995000243186951,1,0,0,-1,0,0.0,0.0,0.0,0,0,nan,nan,nan,94,26.299999237060547,0.0,31.0,0,27,-,SELECT OWNER FIRST,
2026-07-10T01:13:56.314,1514.314,mission_20260710_004842_manual,MANUAL,,0,13.33029556274414,100.99793243408203,155.12231137237052,4,True,0.6995000243186951,1,0,0,-1,0,0.0,0.0,0.0,0,0,nan,nan,nan,94,26.299999237060547,0.0,31.0,0,27,-,SELECT OWNER FIRST,
2026-07-10T01:13:58.509,1516.509,mission_20260710_004842_manual,MANUAL,,0,13.330297470092773,100.99793243408203,155.11645107006265,4,True,0.699999988079071,1,0,0,-1,0,0.0,0.0,0.0,0,0,nan,nan,nan,94,26.299999237060547,0.0,31.0,0,28,-,SELECT OWNER FIRST,
2026-07-10T01:14:00.511,1518.512,mission_20260710_004842_manual,MANUAL,,0,13.330299377441406,100.99793243408203,155.11235295656064,4,True,0.6984999775886536,1,0,0,-1,0,0.0,0.0,0.0,0,0,nan,nan,nan,94,26.299999237060547,0.0,31.0,0,27,-,SELECT OWNER FIRST,
2026-07-10T01:14:02.516,1520.517,mission_20260710_004842_manual,MANUAL,,0,13.330301284790039,100.99793243408203,155.1037469182064,4,True,0.6990000009536743,1,0,0,-1,0,0.0,0.0,0.0,0,0,nan,nan,nan,94,26.299999237060547,0.0,31.0,0,27,-,SELECT OWNER FIRST,
2026-07-10T01:14:04.517,1522.517,mission_20260710_004842_manual,MANUAL,,0,13.330302238464355,100.99793243408203,155.0975587668184,4,True,0.6984999775886536,1,0,0,-1,0,0.0,0.0,0.0,0,0,nan,nan,nan,94,26.299999237060547,0.0,31.0,0,27,-,SELECT OWNER FIRST,
2026-07-10T01:14:06.710,1524.711,mission_20260710_004842_manual,MANUAL,,0,13.330304145812988,100.99793243408203,155.1060965032809,4,True,0.6984999775886536,1,0,0,-1,0,0.0,0.0,0.0,0,0,nan,nan,nan,94,26.299999237060547,0.0,31.0,0,27,-,SELECT OWNER FIRST,
2026-07-10T01:14:08.711,1526.712,mission_20260710_004842_manual,MANUAL,,0,13.330305099487305,100.99793243408203,155.1132955226661,4,True,0.6992499828338623,1,0,0,-1,0,0.0,0.0,0.0,0,0,nan,nan,nan,94,26.299999237060547,0.0,31.0,0,29,-,SELECT OWNER FIRST,
2026-07-10T01:14:10.908,1528.908,mission_20260710_004842_manual,MANUAL,,0,13.330306053161621,100.99794006347656,155.11929242875738,4,True,0.6974999904632568,1,0,0,-1,0,0.0,0.0,0.0,0,0,nan,nan,nan,94,26.299999237060547,0.0,31.0,0,30,-,SELECT OWNER FIRST,
2026-07-10T01:14:12.914,1530.915,mission_20260710_004842_manual,MANUAL,,0,13.330307960510254,100.99794006347656,155.12893665586543,4,True,0.7022500038146973,1,0,0,-1,0,0.0,0.0,0.0,0,0,nan,nan,nan,94,26.299999237060547,0.0,31.0,0,30,-,SELECT OWNER FIRST,
2026-07-10T01:14:15.107,1533.107,mission_20260710_004842_manual,MANUAL,,0,13.33030891418457,100.99794006347656,155.12996118424093,4,True,0.6980000138282776,1,0,0,-1,0,0.0,0.0,0.0,0,0,nan,nan,nan,94,26.299999237060547,0.0,31.0,0,28,-,SELECT OWNER FIRST,
2026-07-10T01:14:17.109,1535.109,mission_20260710_004842_manual,MANUAL,,0,13.330309867858887,100.99794006347656,155.13401831660792,4,True,0.6990000009536743,1,0,0,-1,0,0.0,0.0,0.0,0,0,nan,nan,nan,94,26.299999237060547,0.0,31.0,0,30,-,SELECT OWNER FIRST,
2026-07-10T01:14:19.110,1537.11,mission_20260710_004842_manual,MANUAL,,0,13.330310821533203,100.99794006347656,155.1411490341014,4,True,0.6995000243186951,1,0,0,-1,0,0.0,0.0,0.0,0,0,nan,nan,nan,94,26.299999237060547,0.0,31.0,0,28,-,SELECT OWNER FIRST,
2026-07-10T01:14:21.114,1539.114,mission_20260710_004842_manual,MANUAL,,0,13.330310821533203,100.99794006347656,155.1332260146642,4,True,0.6984999775886536,1,0,0,-1,0,0.0,0.0,0.0,0,0,nan,nan,nan,94,26.299999237060547,0.0,31.0,0,28,-,SELECT OWNER FIRST,
2026-07-10T01:14:23.305,1541.306,mission_20260710_004842_manual,MANUAL,,0,13.33031177520752,100.99794006347656,155.1319692598569,4,True,0.6990000009536743,1,0,0,-1,0,0.0,0.0,0.0,0,0,nan,nan,nan,94,26.299999237060547,0.0,31.0,0,28,-,SELECT OWNER FIRST,
2026-07-10T01:14:25.504,1543.505,mission_20260710_004842_manual,MANUAL,,0,13.330312728881836,100.99794006347656,155.13302110898908,4,True,0.6990000009536743,1,0,0,-1,0,0.0,0.0,0.0,0,0,nan,nan,nan,94,26.299999237060547,0.0,31.0,0,28,-,SELECT OWNER FIRST,
2026-07-10T01:14:27.506,1545.507,mission_20260710_004842_manual,MANUAL,,0,13.330314636230469,100.99794006347656,155.13407295812127,4,True,0.6995000243186951,1,0,0,-1,0,0.0,0.0,0.0,0,0,nan,nan,nan,94,26.299999237060547,0.0,31.0,0,29,-,SELECT OWNER FIRST,
2026-07-10T01:14:29.508,1547.509,mission_20260710_004842_manual,MANUAL,,0,13.330314636230469,100.99794006347656,155.1345237506065,4,True,0.7002500295639038,1,0,0,-1,0,0.0,0.0,0.0,0,0,nan,nan,nan,94,26.299999237060547,0.0,31.0,0,28,-,SELECT OWNER FIRST,
2026-07-10T01:14:31.517,1549.517,mission_20260710_004842_manual,MANUAL,,0,13.330315589904785,100.99794006347656,155.13508382611843,4,True,0.6982499957084656,1,0,0,-1,0,0.0,0.0,0.0,0,0,nan,nan,nan,94,26.299999237060547,0.0,31.0,0,28,-,SELECT OWNER FIRST,
2026-07-10T01:14:33.703,1551.703,mission_20260710_004842_manual,MANUAL,,0,13.330316543579102,100.99794006347656,155.12791212748994,4,True,0.6967499852180481,1,0,0,-1,0,0.0,0.0,0.0,0,0,nan,nan,nan,94,26.299999237060547,0.0,31.0,0,30,-,SELECT OWNER FIRST,
2026-07-10T01:14:35.705,1553.705,mission_20260710_004842_manual,MANUAL,,0,13.330317497253418,100.99794006347656,155.12791212748994,4,True,0.6997500061988831,1,0,0,-1,0,0.0,0.0,0.0,0,0,nan,nan,nan,94,26.299999237060547,0.0,31.0,0,30,-,SELECT OWNER FIRST,
2026-07-10T01:14:37.711,1555.712,mission_20260710_004842_manual,MANUAL,,0,13.33031940460205,100.99794006347656,155.13710556211277,4,True,0.6992499828338623,1,0,0,-1,0,0.0,0.0,0.0,0,0,nan,nan,nan,94,26.299999237060547,0.0,31.0,0,29,-,SELECT OWNER FIRST,
2026-07-10T01:14:39.719,1557.719,mission_20260710_004842_manual,MANUAL,,0,13.330321311950684,100.99794006347656,155.1464082797623,4,True,0.6967499852180481,1,0,0,-1,0,0.0,0.0,0.0,0,0,nan,nan,nan,94,26.299999237060547,0.0,31.0,0,30,-,SELECT OWNER FIRST,
2026-07-10T01:14:41.900,1559.901,mission_20260710_004842_manual,MANUAL,,0,13.330322265625,100.99794006347656,155.15565635589851,4,True,0.6987500190734863,1,0,0,-1,0,0.0,0.0,0.0,0,0,nan,nan,nan,94,26.299999237060547,0.0,31.0,0,29,-,SELECT OWNER FIRST,
2026-07-10T01:14:43.901,1561.902,mission_20260710_004842_manual,MANUAL,,0,13.33032512664795,100.99794006347656,155.1726088854185,4,True,0.6984999775886536,1,0,0,-1,0,0.0,0.0,0.0,0,0,nan,nan,nan,94,26.299999237060547,0.0,31.0,0,29,-,SELECT OWNER FIRST,
2026-07-10T01:14:46.100,1564.101,mission_20260710_004842_manual,MANUAL,,0,13.330326080322266,100.99794006347656,155.17648843286705,4,True,0.7007499933242798,1,0,0,-1,0,0.0,0.0,0.0,0,0,nan,nan,nan,94,26.299999237060547,0.0,31.0,0,29,-,SELECT OWNER FIRST,
2026-07-10T01:14:48.103,1566.104,mission_20260710_004842_manual,MANUAL,,0,13.330327987670898,100.99794006347656,155.16221333750173,4,True,0.6997500061988831,1,0,0,-1,0,0.0,0.0,0.0,0,0,nan,nan,nan,94,26.299999237060547,0.0,31.0,0,30,-,SELECT OWNER FIRST,
2026-07-10T01:14:50.109,1568.109,mission_20260710_004842_manual,MANUAL,,0,13.330327987670898,100.9979476928711,155.16474050749463,4,True,0.7002500295639038,1,0,0,-1,0,0.0,0.0,0.0,0,0,nan,nan,nan,94,26.299999237060547,0.0,31.0,0,31,-,SELECT OWNER FIRST,
2026-07-10T01:14:52.299,1570.3,mission_20260710_004842_manual,MANUAL,,0,13.330328941345215,100.9979476928711,155.16293733755376,4,True,0.7024999856948853,1,0,0,-1,0,0.0,0.0,0.0,0,0,nan,nan,nan,94,26.299999237060547,0.0,31.0,0,30,-,SELECT OWNER FIRST,
2026-07-10T01:14:54.300,1572.301,mission_20260710_004842_manual,MANUAL,,0,13.330328941345215,100.9979476928711,155.16202209220498,4,True,0.6974999904632568,1,0,0,-1,0,0.0,0.0,0.0,0,0,nan,nan,nan,94,26.299999237060547,0.0,31.0,0,28,-,SELECT OWNER FIRST,
2026-07-10T01:14:56.312,1574.313,mission_20260710_004842_manual,MANUAL,,0,13.330329895019531,100.9979476928711,155.16867469645655,4,True,0.7014999985694885,1,0,0,-1,0,0.0,0.0,0.0,0,0,nan,nan,nan,94,26.299999237060547,0.0,31.0,0,29,-,SELECT OWNER FIRST,
2026-07-10T01:14:58.497,1576.498,mission_20260710_004842_manual,MANUAL,,0,13.330328941345215,100.9979476928711,155.18519009386964,4,True,0.6982499957084656,1,0,0,-1,0,0.0,0.0,0.0,0,0,nan,nan,nan,94,26.299999237060547,0.0,31.0,0,30,-,SELECT OWNER FIRST,
2026-07-10T01:15:00.502,1578.503,mission_20260710_004842_manual,MANUAL,,0,13.330328941345215,100.9979476928711,155.1966101701619,4,True,0.6957499980926514,1,0,0,-1,0,0.0,0.0,0.0,0,0,nan,nan,nan,94,26.299999237060547,0.0,31.0,0,30,-,SELECT OWNER FIRST,
2026-07-10T01:15:02.697,1580.697,mission_20260710_004842_manual,MANUAL,,0,13.330328941345215,100.9979476928711,155.19853628350785,4,True,0.699999988079071,1,0,0,-1,0,0.0,0.0,0.0,0,0,nan,nan,nan,94,26.299999237060547,0.0,31.0,0,28,-,SELECT OWNER FIRST,
2026-07-10T01:15:04.699,1582.7,mission_20260710_004842_manual,MANUAL,,0,13.330329895019531,100.9979476928711,155.19253937741658,4,True,0.6992499828338623,1,0,0,-1,0,0.0,0.0,0.0,0,0,nan,nan,nan,94,26.299999237060547,0.0,31.0,0,27,-,SELECT OWNER FIRST,
2026-07-10T01:15:06.701,1584.701,mission_20260710_004842_manual,MANUAL,,0,13.330329895019531,100.9979476928711,155.19393273600727,4,True,0.7005000114440918,1,0,0,-1,0,0.0,0.0,0.0,0,0,nan,nan,nan,94,26.299999237060547,0.0,31.0,0,29,-,SELECT OWNER FIRST,
2026-07-10T01:15:08.705,1586.706,mission_20260710_004842_manual,MANUAL,,0,13.330331802368164,100.99794006347656,155.2049020198143,4,True,0.6980000138282776,1,0,0,-1,0,0.0,0.0,0.0,0,0,nan,nan,nan,94,26.299999237060547,0.0,31.0,0,28,-,SELECT OWNER FIRST,
2026-07-10T01:15:10.895,1588.895,mission_20260710_004842_manual,MANUAL,,0,13.330331802368164,100.99794006347656,155.21577568097297,4,True,0.699999988079071,1,0,0,-1,0,0.0,0.0,0.0,0,0,nan,nan,nan,94,26.299999237060547,0.0,31.0,0,29,-,SELECT OWNER FIRST,
2026-07-10T01:15:13.094,1591.095,mission_20260710_004842_manual,MANUAL,,0,13.330331802368164,100.99794006347656,155.20740186905053,4,True,0.6967499852180481,1,0,0,-1,0,0.0,0.0,0.0,0,0,nan,nan,nan,94,26.299999237060547,0.0,31.0,0,27,-,SELECT OWNER FIRST,
2026-07-10T01:15:15.095,1593.096,mission_20260710_004842_manual,MANUAL,,0,13.330331802368164,100.99794006347656,155.19956081188334,4,True,0.7007499933242798,1,0,0,-1,0,0.0,0.0,0.0,0,0,nan,nan,nan,94,26.299999237060547,0.0,31.0,0,28,-,SELECT OWNER FIRST,
2026-07-10T01:15:17.098,1595.099,mission_20260710_004842_manual,MANUAL,,0,13.330330848693848,100.99794006347656,155.19229349060646,4,True,0.6982499957084656,1,0,0,-1,0,0.0,0.0,0.0,0,0,nan,nan,nan,94,26.299999237060547,0.0,31.0,0,28,-,SELECT OWNER FIRST,
2026-07-10T01:15:19.098,1597.099,mission_20260710_004842_manual,MANUAL,,0,13.330329895019531,100.99794006347656,155.18197990495975,4,True,0.6974999904632568,1,0,0,-1,0,0.0,0.0,0.0,0,0,nan,nan,nan,94,26.299999237060547,0.0,31.0,0,28,-,SELECT OWNER FIRST,
2026-07-10T01:15:21.102,1599.102,mission_20260710_004842_manual,MANUAL,,0,13.330328941345215,100.99794006347656,155.16383892252418,4,True,0.699999988079071,1,0,0,-1,0,0.0,0.0,0.0,0,0,nan,nan,nan,94,26.299999237060547,0.0,31.0,0,28,-,SELECT OWNER FIRST,
2026-07-10T01:15:23.295,1601.295,mission_20260710_004842_manual,MANUAL,,0,13.330328941345215,100.99794006347656,155.15398978974102,4,True,0.6984999775886536,1,0,0,-1,0,0.0,0.0,0.0,0,0,nan,nan,nan,94,26.299999237060547,0.0,31.0,0,29,-,SELECT OWNER FIRST,
2026-07-10T01:15:25.299,1603.3,mission_20260710_004842_manual,MANUAL,,0,13.330327987670898,100.99794006347656,155.14263801534048,4,True,0.6987500190734863,1,0,0,-1,0,0.0,0.0,0.0,0,0,nan,nan,nan,94,26.299999237060547,0.0,31.0,0,30,-,SELECT OWNER FIRST,
2026-07-10T01:15:27.300,1605.301,mission_20260710_004842_manual,MANUAL,,0,13.330327033996582,100.99794006347656,155.13351288260932,4,True,0.6992499828338623,1,0,0,-1,0,0.0,0.0,0.0,0,0,nan,nan,nan,94,26.299999237060547,0.0,31.0,0,30,-,SELECT OWNER FIRST,
2026-07-10T01:15:29.490,1607.491,mission_20260710_004842_manual,MANUAL,,0,13.330326080322266,100.99794006347656,155.11948367405412,4,True,0.699999988079071,1,0,0,-1,0,0.0,0.0,0.0,0,0,nan,nan,nan,94,26.299999237060547,0.0,31.0,0,30,-,SELECT OWNER FIRST,
2026-07-10T01:15:31.492,1609.493,mission_20260710_004842_manual,MANUAL,,0,13.330324172973633,100.99794006347656,155.12007107032275,4,True,0.6990000009536743,1,0,0,-1,0,0.0,0.0,0.0,0,0,nan,nan,nan,94,26.299999237060547,0.0,31.0,0,31,-,SELECT OWNER FIRST,
2026-07-10T01:15:33.494,1611.495,mission_20260710_004842_manual,MANUAL,,0,13.330324172973633,100.99793243408203,155.1268875991144,4,True,0.6990000009536743,1,0,0,-1,0,0.0,0.0,0.0,0,0,nan,nan,nan,94,26.299999237060547,0.0,31.0,0,31,-,SELECT OWNER FIRST,
2026-07-10T01:15:35.689,1613.69,mission_20260710_004842_manual,MANUAL,,0,13.330322265625,100.99793243408203,155.13612201487229,4,True,0.6990000009536743,1,0,0,-1,0,0.0,0.0,0.0,0,0,nan,nan,nan,94,26.299999237060547,0.0,31.0,0,30,-,SELECT OWNER FIRST,
2026-07-10T01:15:37.692,1615.692,mission_20260710_004842_manual,MANUAL,,0,13.330320358276367,100.99793243408203,155.13792518481316,4,True,0.7009999752044678,1,0,0,-1,0,0.0,0.0,0.0,0,0,nan,nan,nan,94,26.299999237060547,0.0,31.0,0,30,-,SELECT OWNER FIRST,
2026-07-10T01:15:39.696,1617.697,mission_20260710_004842_manual,MANUAL,,0,13.330316543579102,100.99793243408203,155.1323790712071,4,True,0.6984999775886536,1,0,0,-1,0,0.0,0.0,0.0,0,0,nan,nan,nan,94,26.299999237060547,0.0,31.0,0,30,-,SELECT OWNER FIRST,
2026-07-10T01:15:41.706,1619.706,mission_20260710_004842_manual,MANUAL,,0,13.330313682556152,100.99793243408203,155.12108193831992,4,True,0.7005000114440918,1,0,0,-1,0,0.0,0.0,0.0,0,0,nan,nan,nan,94,26.299999237060547,0.0,31.0,0,29,-,SELECT OWNER FIRST,
2026-07-10T01:15:43.888,1621.888,mission_20260710_004842_manual,MANUAL,,0,13.330310821533203,100.99793243408203,155.12280314599076,4,True,0.6984999775886536,1,0,0,-1,0,0.0,0.0,0.0,0,0,nan,nan,nan,94,26.299999237060547,0.0,31.0,0,30,-,SELECT OWNER FIRST,
2026-07-10T01:15:45.888,1623.889,mission_20260710_004842_manual,MANUAL,,0,13.33030891418457,100.99793243408203,155.11865039097538,4,True,0.6992499828338623,1,0,0,-1,0,0.0,0.0,0.0,0,0,nan,nan,nan,94,26.299999237060547,0.0,31.0,0,30,-,SELECT OWNER FIRST,
2026-07-10T01:15:48.085,1626.086,mission_20260710_004842_manual,MANUAL,,0,13.330306053161621,100.99793243408203,155.11355506985456,4,True,0.699999988079071,1,0,0,-1,0,0.0,0.0,0.0,0,0,nan,nan,nan,94,26.299999237060547,0.0,31.0,0,30,-,SELECT OWNER FIRST,
2026-07-10T01:15:50.091,1628.092,mission_20260710_004842_manual,MANUAL,,0,13.330303192138672,100.99793243408203,155.10881491857057,4,True,0.699999988079071,1,0,0,-1,0,0.0,0.0,0.0,0,0,nan,nan,nan,94,26.299999237060547,0.0,31.0,0,30,-,SELECT OWNER FIRST,
2026-07-10T01:15:52.094,1630.095,mission_20260710_004842_manual,MANUAL,,0,13.330302238464355,100.9979248046875,155.11206608861548,4,True,0.6972500085830688,1,0,0,-1,0,0.0,0.0,0.0,0,0,nan,nan,nan,94,26.299999237060547,0.0,31.0,0,29,-,SELECT OWNER FIRST,
2026-07-10T01:15:54.289,1632.289,mission_20260710_004842_manual,MANUAL,,0,13.33029842376709,100.9979248046875,155.11220269239888,4,True,0.6990000009536743,1,0,0,-1,0,0.0,0.0,0.0,0,0,nan,nan,nan,94,26.299999237060547,0.0,31.0,0,29,-,SELECT OWNER FIRST,
2026-07-10T01:15:56.289,1634.29,mission_20260710_004842_manual,MANUAL,,0,13.330296516418457,100.9979248046875,155.12325393847598,4,True,0.7002500295639038,1,0,0,-1,0,0.0,0.0,0.0,0,0,nan,nan,nan,94,26.299999237060547,0.0,31.0,0,28,-,SELECT OWNER FIRST,
2026-07-10T01:15:58.294,1636.294,mission_20260710_004842_manual,MANUAL,,0,13.330294609069824,100.9979248046875,155.13516578838846,4,True,0.6982499957084656,1,0,0,-1,0,0.0,0.0,0.0,0,0,nan,nan,nan,94,26.299999237060547,0.0,31.0,0,27,-,SELECT OWNER FIRST,
2026-07-10T01:16:00.484,1638.485,mission_20260710_004842_manual,MANUAL,,0,13.330291748046875,100.9979248046875,155.13358118450103,4,True,0.6984999775886536,1,0,0,-1,0,0.0,0.0,0.0,0,0,nan,nan,nan,94,26.299999237060547,0.0,31.0,0,28,-,SELECT OWNER FIRST,
2026-07-10T01:16:02.685,1640.686,mission_20260710_004842_manual,MANUAL,,0,13.33028793334961,100.9979248046875,155.12742035386967,4,True,0.6982499957084656,1,0,0,-1,0,0.0,0.0,0.0,0,0,nan,nan,nan,94,26.299999237060547,0.0,31.0,0,28,-,SELECT OWNER FIRST,
2026-07-10T01:16:04.686,1642.687,mission_20260710_004842_manual,MANUAL,,0,13.330284118652344,100.9979248046875,155.12993386348424,4,True,0.6980000138282776,1,0,0,-1,0,0.0,0.0,0.0,0,0,nan,nan,nan,94,26.299999237060547,0.0,31.0,0,28,-,SELECT OWNER FIRST,
2026-07-10T01:16:06.691,1644.691,mission_20260710_004842_manual,MANUAL,,0,13.330282211303711,100.9979248046875,155.1313135616966,4,True,0.6972500085830688,1,0,0,-1,0,0.0,0.0,0.0,0,0,nan,nan,nan,94,26.299999237060547,0.0,31.0,0,28,-,SELECT OWNER FIRST,
2026-07-10T01:16:08.691,1646.692,mission_20260710_004842_manual,MANUAL,,0,13.330280303955078,100.9979248046875,155.13127258056156,4,True,0.7002500295639038,1,0,0,-1,0,0.0,0.0,0.0,0,0,nan,nan,nan,94,26.299999237060547,0.0,31.0,0,27,-,SELECT OWNER FIRST,
2026-07-10T01:16:10.883,1648.884,mission_20260710_004842_manual,MANUAL,,0,13.330278396606445,100.9979248046875,155.13810276973157,4,True,0.7020000219345093,1,0,0,-1,0,0.0,0.0,0.0,0,0,nan,nan,nan,94,26.299999237060547,0.0,31.0,0,27,-,SELECT OWNER FIRST,
2026-07-10T01:16:13.079,1651.079,mission_20260710_004842_manual,MANUAL,,0,13.330276489257812,100.9979248046875,155.13751537346295,4,True,0.6997500061988831,1,0,0,-1,0,0.0,0.0,0.0,0,0,nan,nan,nan,94,26.299999237060547,0.0,31.0,0,27,-,SELECT OWNER FIRST,
2026-07-10T01:16:15.081,1653.082,mission_20260710_004842_manual,MANUAL,,0,13.330273628234863,100.9979248046875,155.14215990209857,4,True,0.6982499957084656,1,0,0,-1,0,0.0,0.0,0.0,0,0,nan,nan,nan,94,26.299999237060547,0.0,31.0,0,27,-,SELECT OWNER FIRST,
2026-07-10T01:16:17.083,1655.083,mission_20260710_004842_manual,MANUAL,,0,13.330272674560547,100.9979248046875,155.13813009048826,4,True,0.6995000243186951,1,0,0,-1,0,0.0,0.0,0.0,0,0,nan,nan,nan,94,26.299999237060547,0.0,31.0,0,27,-,SELECT OWNER FIRST,
2026-07-10T01:16:19.088,1657.088,mission_20260710_004842_manual,MANUAL,,0,13.330270767211914,100.9979248046875,155.14071190199454,4,True,0.6990000009536743,1,0,0,-1,0,0.0,0.0,0.0,0,0,nan,nan,nan,94,26.299999237060547,0.0,31.0,0,27,-,SELECT OWNER FIRST,
2026-07-10T01:16:21.281,1659.281,mission_20260710_004842_manual,MANUAL,,0,13.330269813537598,100.9979248046875,155.15363461990418,4,True,0.7002500295639038,1,0,0,-1,0,0.0,0.0,0.0,0,0,nan,nan,nan,94,26.299999237060547,0.0,31.0,0,28,-,SELECT OWNER FIRST,
2026-07-10T01:16:23.282,1661.282,mission_20260710_004842_manual,MANUAL,,0,13.330267906188965,100.99791717529297,155.15486405395478,4,True,0.6992499828338623,1,0,0,-1,0,0.0,0.0,0.0,0,0,nan,nan,nan,94,26.299999237060547,0.0,31.0,0,27,-,SELECT OWNER FIRST,
2026-07-10T01:16:25.282,1663.283,mission_20260710_004842_manual,MANUAL,,0,13.330265998840332,100.99791717529297,155.14918133656533,4,True,0.6967499852180481,1,0,0,-1,0,0.0,0.0,0.0,0,0,nan,nan,nan,94,26.299999237060547,0.0,31.0,0,28,-,SELECT OWNER FIRST,
2026-07-10T01:16:27.288,1665.289,mission_20260710_004842_manual,MANUAL,,0,13.330265045166016,100.99791717529297,155.1459301665204,4,True,0.6982499957084656,1,0,0,-1,0,0.0,0.0,0.0,0,0,nan,nan,nan,94,26.299999237060547,0.0,31.0,0,28,-,SELECT OWNER FIRST,
2026-07-10T01:16:29.478,1667.479,mission_20260710_004842_manual,MANUAL,,0,13.330263137817383,100.99791717529297,155.1378705432998,4,True,0.6984999775886536,1,0,0,-1,0,0.0,0.0,0.0,0,0,nan,nan,nan,94,26.299999237060547,0.0,31.0,0,26,-,SELECT OWNER FIRST,
2026-07-10T01:16:31.479,1669.48,mission_20260710_004842_manual,MANUAL,,0,13.330262184143066,100.9979248046875,155.13528873179354,4,True,0.699999988079071,1,0,0,-1,0,0.0,0.0,0.0,0,0,nan,nan,nan,94,26.299999237060547,0.0,31.0,0,28,-,SELECT OWNER FIRST,
2026-07-10T01:16:33.480,1671.48,mission_20260710_004842_manual,MANUAL,,0,13.33026123046875,100.9979248046875,155.1378022414081,4,True,0.6987500190734863,1,0,0,-1,0,0.0,0.0,0.0,0,0,nan,nan,nan,94,26.299999237060547,0.0,31.0,0,27,-,SELECT OWNER FIRST,
2026-07-10T01:16:35.484,1673.484,mission_20260710_004842_manual,MANUAL,,0,13.330260276794434,100.9979248046875,155.1295377125124,4,True,0.6990000009536743,1,0,0,-1,0,0.0,0.0,0.0,0,0,nan,nan,nan,94,26.299999237060547,0.0,31.0,0,29,-,SELECT OWNER FIRST,
2026-07-10T01:16:37.677,1675.677,mission_20260710_004842_manual,MANUAL,,0,13.33026123046875,100.9979248046875,155.129442089864,4,True,0.6980000138282776,1,0,0,-1,0,0.0,0.0,0.0,0,0,nan,nan,nan,94,26.299999237060547,0.0,31.0,0,29,-,SELECT OWNER FIRST,
2026-07-10T01:16:39.684,1677.684,mission_20260710_004842_manual,MANUAL,,0,13.330263137817383,100.9979248046875,155.1428156002589,4,True,0.6995000243186951,1,0,0,-1,0,0.0,0.0,0.0,0,0,nan,nan,nan,94,26.299999237060547,0.0,31.0,0,28,-,SELECT OWNER FIRST,
2026-07-10T01:16:41.684,1679.684,mission_20260710_004842_manual,MANUAL,,0,13.330265045166016,100.9979248046875,155.16207673371832,4,True,0.7007499933242798,1,0,0,-1,0,0.0,0.0,0.0,0,0,nan,nan,nan,94,26.299999237060547,0.0,31.0,0,28,-,SELECT OWNER FIRST,
2026-07-10T01:16:43.875,1681.876,mission_20260710_004842_manual,MANUAL,,0,13.330267906188965,100.9979248046875,155.17185756460978,4,True,0.7002500295639038,1,0,0,-1,0,0.0,0.0,0.0,0,0,nan,nan,nan,94,26.299999237060547,0.0,31.0,0,29,-,SELECT OWNER FIRST,
2026-07-10T01:16:45.886,1683.887,mission_20260710_004842_manual,MANUAL,,0,13.330269813537598,100.9979248046875,155.1837420937656,4,True,0.6977499723434448,1,0,0,-1,0,0.0,0.0,0.0,0,0,nan,nan,nan,94,26.299999237060547,0.0,31.0,0,30,-,SELECT OWNER FIRST,
2026-07-10T01:16:48.074,1686.075,mission_20260710_004842_manual,MANUAL,,0,13.33027172088623,100.9979248046875,155.18452073533098,4,True,0.7012500166893005,1,0,0,-1,0,0.0,0.0,0.0,0,0,nan,nan,nan,94,26.299999237060547,0.0,31.0,0,29,-,SELECT OWNER FIRST,
2026-07-10T01:16:50.090,1688.09,mission_20260710_004842_manual,MANUAL,,0,13.330272674560547,100.9979248046875,155.1899165847753,4,True,0.6982499957084656,1,0,0,-1,0,0.0,0.0,0.0,0,0,nan,nan,nan,94,26.299999237060547,0.0,31.0,0,29,-,SELECT OWNER FIRST,
2026-07-10T01:16:52.274,1690.275,mission_20260710_004842_manual,MANUAL,,0,13.330273628234863,100.9979248046875,155.18116028225933,4,True,0.6974999904632568,1,0,0,-1,0,0.0,0.0,0.0,0,0,nan,nan,nan,94,26.299999237060547,0.0,31.0,0,29,-,SELECT OWNER FIRST,
2026-07-10T01:16:54.275,1692.275,mission_20260710_004842_manual,MANUAL,,0,13.33027458190918,100.9979248046875,155.17181658347477,4,True,0.6995000243186951,1,0,0,-1,0,0.0,0.0,0.0,0,0,nan,nan,nan,94,26.299999237060547,0.0,31.0,0,29,-,SELECT OWNER FIRST,
2026-07-10T01:16:56.275,1694.275,mission_20260710_004842_manual,MANUAL,,0,13.330275535583496,100.9979248046875,155.15262375190702,4,True,0.7017499804496765,1,0,0,-1,0,0.0,0.0,0.0,0,0,nan,nan,nan,94,26.299999237060547,0.0,31.0,0,29,-,SELECT OWNER FIRST,
2026-07-10T01:16:58.277,1696.277,mission_20260710_004842_manual,MANUAL,,0,13.330277442932129,100.9979248046875,155.13956443021397,4,True,0.6982499957084656,1,0,0,-1,0,0.0,0.0,0.0,0,0,nan,nan,nan,94,26.299999237060547,0.0,31.0,0,29,-,SELECT OWNER FIRST,
2026-07-10T01:17:00.281,1698.282,mission_20260710_004842_manual,MANUAL,,0,13.330277442932129,100.9979248046875,155.13161409002007,4,True,0.6997500061988831,1,0,0,-1,0,0.0,0.0,0.0,0,0,nan,nan,nan,94,26.299999237060547,0.0,31.0,0,29,-,SELECT OWNER FIRST,
2026-07-10T01:17:02.471,1700.472,mission_20260710_004842_manual,MANUAL,,0,13.330278396606445,100.9979248046875,155.12057650432132,4,True,0.6967499852180481,1,0,0,-1,0,0.0,0.0,0.0,0,0,nan,nan,nan,94,26.299999237060547,0.0,31.0,0,29,-,SELECT OWNER FIRST,
2026-07-10T01:17:04.672,1702.673,mission_20260710_004842_manual,MANUAL,,0,13.330280303955078,100.9979248046875,155.13031635407776,4,True,0.6990000009536743,1,0,0,-1,0,0.0,0.0,0.0,0,0,nan,nan,nan,94,26.299999237060547,0.0,31.0,0,29,-,SELECT OWNER FIRST,
2026-07-10T01:17:06.673,1704.673,mission_20260710_004842_manual,MANUAL,,0,13.330282211303711,100.9979248046875,155.1362586186557,4,True,0.6984999775886536,1,0,0,-1,0,0.0,0.0,0.0,0,0,nan,nan,nan,94,26.299999237060547,0.0,31.0,0,28,-,SELECT OWNER FIRST,
2026-07-10T01:17:08.678,1706.678,mission_20260710_004842_manual,MANUAL,,0,13.33028507232666,100.9979248046875,155.1319965806136,4,True,0.6997500061988831,1,0,0,-1,0,0.0,0.0,0.0,0,0,nan,nan,nan,94,26.299999237060547,0.0,31.0,0,29,-,SELECT OWNER FIRST,
2026-07-10T01:17:10.868,1708.868,mission_20260710_004842_manual,MANUAL,,0,13.330286026000977,100.9979248046875,155.1176395229782,4,True,0.7005000114440918,1,0,0,-1,0,0.0,0.0,0.0,0,0,nan,nan,nan,94,26.299999237060547,0.0,31.0,0,29,-,SELECT OWNER FIRST,
2026-07-10T01:17:13.068,1711.068,mission_20260710_004842_manual,MANUAL,,0,13.330286979675293,100.9979248046875,155.11672427762943,4,True,0.6987500190734863,1,0,0,-1,0,0.0,0.0,0.0,0,0,nan,nan,nan,94,26.299999237060547,0.0,31.0,0,29,-,SELECT OWNER FIRST,
2026-07-10T01:17:15.069,1713.069,mission_20260710_004842_manual,MANUAL,,0,13.33028793334961,100.9979248046875,155.120603825078,4,True,0.6995000243186951,1,0,0,-1,0,0.0,0.0,0.0,0,0,nan,nan,nan,94,26.299999237060547,0.0,31.0,0,29,-,SELECT OWNER FIRST,
2026-07-10T01:17:17.073,1715.074,mission_20260710_004842_manual,MANUAL,,0,13.330289840698242,100.9979248046875,155.1203579382679,4,True,0.6997500061988831,1,0,0,-1,0,0.0,0.0,0.0,0,0,nan,nan,nan,94,26.299999237060547,0.0,31.0,0,29,-,SELECT OWNER FIRST,
2026-07-10T01:17:19.074,1717.075,mission_20260710_004842_manual,MANUAL,,0,13.330291748046875,100.9979248046875,155.12175129685858,4,True,0.7005000114440918,1,0,0,-1,0,0.0,0.0,0.0,0,0,nan,nan,nan,94,26.299999237060547,0.0,31.0,0,28,-,SELECT OWNER FIRST,
2026-07-10T01:17:21.075,1719.075,mission_20260710_004842_manual,MANUAL,,0,13.330293655395508,100.9979248046875,155.12692858024943,4,True,0.6997500061988831,1,0,0,-1,0,0.0,0.0,0.0,0,0,nan,nan,nan,94,26.299999237060547,0.0,31.0,0,29,-,SELECT OWNER FIRST,
2026-07-10T01:17:23.267,1721.268,mission_20260710_004842_manual,MANUAL,,0,13.330296516418457,100.9979248046875,155.13251567499051,4,True,0.6990000009536743,1,0,0,-1,0,0.0,0.0,0.0,0,0,nan,nan,nan,94,26.299999237060547,0.0,31.0,0,29,-,SELECT OWNER FIRST,
2026-07-10T01:17:25.272,1723.273,mission_20260710_004842_manual,MANUAL,,0,13.330297470092773,100.9979248046875,155.13612201487229,4,True,0.6990000009536743,1,0,0,-1,0,0.0,0.0,0.0,0,0,nan,nan,nan,94,26.299999237060547,0.0,31.0,0,29,-,SELECT OWNER FIRST,
2026-07-10T01:17:27.465,1725.465,mission_20260710_004842_manual,MANUAL,,0,13.330299377441406,100.9979248046875,155.15303356325722,4,True,0.6992499828338623,1,0,0,-1,0,0.0,0.0,0.0,0,0,nan,nan,nan,94,26.299999237060547,0.0,31.0,0,29,-,SELECT OWNER FIRST,
2026-07-10T01:17:29.465,1727.466,mission_20260710_004842_manual,MANUAL,,0,13.330301284790039,100.9979248046875,155.1579786202163,4,True,0.699999988079071,1,0,0,-1,0,0.0,0.0,0.0,0,0,nan,nan,nan,94,26.299999237060547,0.0,31.0,0,30,-,SELECT OWNER FIRST,
2026-07-10T01:17:31.466,1729.467,mission_20260710_004842_manual,MANUAL,,0,13.330303192138672,100.9979248046875,155.14771967608297,4,True,0.6972500085830688,1,0,0,-1,0,0.0,0.0,0.0,0,0,nan,nan,nan,94,26.299999237060547,0.0,31.0,0,29,-,SELECT OWNER FIRST,
2026-07-10T01:17:33.467,1731.467,mission_20260710_004842_manual,MANUAL,,0,13.330307006835938,100.99791717529297,155.15364828028254,4,True,0.6972500085830688,1,0,0,-1,0,0.0,0.0,0.0,0,0,nan,nan,nan,94,26.299999237060547,0.0,31.0,0,28,-,SELECT OWNER FIRST,
2026-07-10T01:17:35.666,1733.666,mission_20260710_004842_manual,MANUAL,,0,13.330307960510254,100.99791717529297,155.15859333724163,4,True,0.699999988079071,1,0,0,-1,0,0.0,0.0,0.0,0,0,nan,nan,nan,94,26.299999237060547,0.0,31.0,0,27,-,SELECT OWNER FIRST,
2026-07-10T01:17:37.672,1735.673,mission_20260710_004842_manual,MANUAL,,0,13.330309867858887,100.99791717529297,155.15523288416998,4,True,0.6984999775886536,1,0,0,-1,0,0.0,0.0,0.0,0,0,nan,nan,nan,94,26.299999237060547,0.0,31.0,0,27,-,SELECT OWNER FIRST,
2026-07-10T01:17:39.862,1737.863,mission_20260710_004842_manual,MANUAL,,0,13.330309867858887,100.99791717529297,155.15105280839794,4,True,0.6997500061988831,1,0,0,-1,0,0.0,0.0,0.0,0,0,nan,nan,nan,94,26.299999237060547,0.0,31.0,0,28,-,SELECT OWNER FIRST,
2026-07-10T01:17:41.863,1739.863,mission_20260710_004842_manual,MANUAL,,0,13.330310821533203,100.99791717529297,155.1525144688803,4,True,0.6977499723434448,1,0,0,-1,0,0.0,0.0,0.0,0,0,nan,nan,nan,94,26.299999237060547,0.0,31.0,0,29,-,SELECT OWNER FIRST,
2026-07-10T01:17:44.061,1742.061,mission_20260710_004842_manual,MANUAL,,0,13.33031177520752,100.99791717529297,155.15420835579448,4,True,0.6972500085830688,1,0,0,-1,0,0.0,0.0,0.0,0,0,nan,nan,nan,94,26.299999237060547,0.0,31.0,0,29,-,SELECT OWNER FIRST,
2026-07-10T01:17:46.068,1744.068,mission_20260710_004842_manual,MANUAL,,0,13.33031177520752,100.99791717529297,155.156639903139,4,True,0.7002500295639038,1,0,0,-1,0,0.0,0.0,0.0,0,0,nan,nan,nan,94,26.299999237060547,0.0,31.0,0,29,-,SELECT OWNER FIRST,
2026-07-10T01:17:48.070,1746.07,mission_20260710_004842_manual,MANUAL,,0,13.330312728881836,100.99791717529297,155.13655914697915,4,True,0.6984999775886536,1,0,0,-1,0,0.0,0.0,0.0,0,0,nan,nan,nan,94,26.299999237060547,0.0,31.0,0,29,-,SELECT OWNER FIRST,
2026-07-10T01:17:50.260,1748.26,mission_20260710_004842_manual,MANUAL,,0,13.330313682556152,100.99791717529297,155.13334895806926,4,True,0.7005000114440918,1,0,0,-1,0,0.0,0.0,0.0,0,0,nan,nan,nan,94,26.299999237060547,0.0,31.0,0,29,-,SELECT OWNER FIRST,
2026-07-10T01:17:52.262,1750.263,mission_20260710_004842_manual,MANUAL,,0,13.330314636230469,100.99791717529297,155.12884103321704,4,True,0.6990000009536743,1,0,0,-1,0,0.0,0.0,0.0,0,0,nan,nan,nan,94,26.299999237060547,0.0,31.0,0,30,-,SELECT OWNER FIRST,
2026-07-10T01:17:54.264,1752.265,mission_20260710_004842_manual,MANUAL,,0,13.330315589904785,100.99791717529297,155.12269386296404,4,True,0.7002500295639038,1,0,0,-1,0,0.0,0.0,0.0,0,0,nan,nan,nan,94,26.299999237060547,0.0,31.0,0,30,-,SELECT OWNER FIRST,
2026-07-10T01:17:56.268,1754.269,mission_20260710_004842_manual,MANUAL,,0,13.330317497253418,100.99791717529297,155.12433310836482,4,True,0.6990000009536743,1,0,0,-1,0,0.0,0.0,0.0,0,0,nan,nan,nan,94,26.299999237060547,0.0,31.0,0,30,-,SELECT OWNER FIRST,
2026-07-10T01:17:58.272,1756.273,mission_20260710_004842_manual,MANUAL,,0,13.330320358276367,100.99791717529297,155.12567182544217,4,True,0.6990000009536743,1,0,0,-1,0,0.0,0.0,0.0,0,0,nan,nan,nan,94,26.299999237060547,0.0,31.0,0,30,-,SELECT OWNER FIRST,
2026-07-10T01:18:00.457,1758.457,mission_20260710_004842_manual,MANUAL,,0,13.330322265625,100.99790954589844,155.12686027835773,4,True,0.6990000009536743,1,0,0,-1,0,0.0,0.0,0.0,0,0,nan,nan,nan,94,26.299999237060547,0.0,31.0,0,29,-,SELECT OWNER FIRST,
2026-07-10T01:18:02.457,1760.458,mission_20260710_004842_manual,MANUAL,,0,13.330323219299316,100.99790954589844,155.1242238253381,4,True,0.6987500190734863,1,0,0,-1,0,0.0,0.0,0.0,0,0,nan,nan,nan,94,26.299999237060547,0.0,31.0,0,29,-,SELECT OWNER FIRST,
2026-07-10T01:18:04.458,1762.459,mission_20260710_004842_manual,MANUAL,,0,13.33032512664795,100.99790954589844,155.13000216537594,4,True,0.699999988079071,1,0,0,-1,0,0.0,0.0,0.0,0,0,nan,nan,nan,94,26.299999237060547,0.0,31.0,0,28,-,SELECT OWNER FIRST,
2026-07-10T01:18:06.659,1764.66,mission_20260710_004842_manual,MANUAL,,0,13.330326080322266,100.99790954589844,155.1276662406798,4,True,0.6995000243186951,1,0,0,-1,0,0.0,0.0,0.0,0,0,nan,nan,nan,94,26.299999237060547,0.0,31.0,0,28,-,SELECT OWNER FIRST,
2026-07-10T01:18:08.661,1766.661,mission_20260710_004842_manual,MANUAL,,0,13.330327033996582,100.99790954589844,155.1196749193509,4,True,0.7012500166893005,1,0,0,-1,0,0.0,0.0,0.0,0,0,nan,nan,nan,94,26.299999237060547,0.0,31.0,0,28,-,SELECT OWNER FIRST,
2026-07-10T01:18:10.664,1768.665,mission_20260710_004842_manual,MANUAL,,0,13.330326080322266,100.99790954589844,155.10430699371835,4,True,0.6982499957084656,1,0,0,-1,0,0.0,0.0,0.0,0,0,nan,nan,nan,94,26.299999237060547,0.0,31.0,0,27,-,SELECT OWNER FIRST,
2026-07-10T01:18:12.669,1770.669,mission_20260710_004842_manual,MANUAL,,0,13.330327987670898,100.99790954589844,155.1084870694904,4,True,0.6977499723434448,1,0,0,-1,0,0.0,0.0,0.0,0,0,nan,nan,nan,94,26.299999237060547,0.0,31.0,0,28,-,SELECT OWNER FIRST,
2026-07-10T01:18:14.854,1772.854,mission_20260710_004842_manual,MANUAL,,0,13.330330848693848,100.99790954589844,155.12244797615392,4,True,0.6992499828338623,1,0,0,-1,0,0.0,0.0,0.0,0,0,nan,nan,nan,94,26.299999237060547,0.0,31.0,0,29,-,SELECT OWNER FIRST,
2026-07-10T01:18:17.053,1775.054,mission_20260710_004842_manual,MANUAL,,0,13.33033275604248,100.9979019165039,155.11556314547053,4,True,0.6997500061988831,1,0,0,-1,0,0.0,0.0,0.0,0,0,nan,nan,nan,94,26.299999237060547,0.0,31.0,0,29,-,SELECT OWNER FIRST,
2026-07-10T01:18:19.055,1777.055,mission_20260710_004842_manual,MANUAL,,0,13.330333709716797,100.9979019165039,155.12284412712577,4,True,0.6995000243186951,1,0,0,-1,0,0.0,0.0,0.0,0,0,nan,nan,nan,94,26.299999237060547,0.0,31.0,0,29,-,SELECT OWNER FIRST,
2026-07-10T01:18:21.057,1779.057,mission_20260710_004842_manual,MANUAL,,0,13.33033561706543,100.9979019165039,155.13043929748284,4,True,0.6992499828338623,1,0,0,-1,0,0.0,0.0,0.0,0,0,nan,nan,nan,94,26.299999237060547,0.0,31.0,0,29,-,SELECT OWNER FIRST,
2026-07-10T01:18:23.062,1781.062,mission_20260710_004842_manual,MANUAL,,0,13.330336570739746,100.9979019165039,155.12727008970793,4,True,0.6997500061988831,1,0,0,-1,0,0.0,0.0,0.0,0,0,nan,nan,nan,94,26.299999237060547,0.0,31.0,0,28,-,SELECT OWNER FIRST,
2026-07-10T01:18:25.165,1783.165,mission_20260710_004842_manual,MANUAL,,0,13.330338478088379,100.9979019165039,155.13194193910022,4,True,0.6977499723434448,1,0,0,-1,0,0.0,0.0,0.0,0,0,nan,nan,nan,94,26.299999237060547,0.0,31.0,0,28,-,SELECT OWNER FIRST,
2026-07-10T01:18:27.170,1785.17,mission_20260710_004842_manual,MANUAL,,0,13.330339431762695,100.9979019165039,155.11722971162803,4,True,0.699999988079071,1,0,0,-1,0,0.0,0.0,0.0,0,0,nan,nan,nan,94,26.299999237060547,0.0,31.0,0,29,-,SELECT OWNER FIRST,
2026-07-10T01:18:29.363,1787.363,mission_20260710_004842_manual,MANUAL,,0,13.330341339111328,100.9979019165039,155.110399522458,4,True,0.6974999904632568,1,0,0,-1,0,0.0,0.0,0.0,0,0,nan,nan,nan,94,26.299999237060547,0.0,31.0,0,29,-,SELECT OWNER FIRST,
2026-07-10T01:18:31.364,1789.364,mission_20260710_004842_manual,MANUAL,,0,13.330343246459961,100.9979019165039,155.09389778542325,4,True,0.6990000009536743,1,0,0,-1,0,0.0,0.0,0.0,0,0,nan,nan,nan,94,26.299999237060547,0.0,31.0,0,29,-,SELECT OWNER FIRST,
2026-07-10T01:18:33.364,1791.365,mission_20260710_004842_manual,MANUAL,,0,13.330345153808594,100.9979019165039,155.0853463885824,4,True,0.6992499828338623,1,0,0,-1,0,0.0,0.0,0.0,0,0,nan,nan,nan,94,26.299999237060547,0.0,31.0,0,29,-,SELECT OWNER FIRST,
2026-07-10T01:18:35.566,1793.567,mission_20260710_004842_manual,MANUAL,,0,13.330347061157227,100.9979019165039,155.0814531807555,4,True,0.699999988079071,1,0,0,-1,0,0.0,0.0,0.0,0,0,nan,nan,nan,94,26.299999237060547,0.0,31.0,0,28,-,SELECT OWNER FIRST,
2026-07-10T01:18:37.571,1795.572,mission_20260710_004842_manual,MANUAL,,0,13.330348014831543,100.9979019165039,155.08380276582997,4,True,0.7024999856948853,1,0,0,-1,0,0.0,0.0,0.0,0,0,nan,nan,nan,94,26.299999237060547,0.0,31.0,0,28,-,SELECT OWNER FIRST,
2026-07-10T01:18:39.581,1797.581,mission_20260710_004842_manual,MANUAL,,0,13.33034896850586,100.9979019165039,155.08775061517025,4,True,0.6990000009536743,1,0,0,-1,0,0.0,0.0,0.0,0,0,nan,nan,nan,94,26.299999237060547,0.0,31.0,0,28,-,SELECT OWNER FIRST,
2026-07-10T01:18:41.761,1799.762,mission_20260710_004842_manual,MANUAL,,0,13.330349922180176,100.9979019165039,155.0924088041842,4,True,0.6980000138282776,1,0,0,-1,0,0.0,0.0,0.0,0,0,nan,nan,nan,94,26.299999237060547,0.0,31.0,0,29,-,SELECT OWNER FIRST,
2026-07-10T01:18:43.762,1801.763,mission_20260710_004842_manual,MANUAL,,0,13.330350875854492,100.9979019165039,155.09902042730076,4,True,0.6982499957084656,1,0,0,-1,0,0.0,0.0,0.0,0,0,nan,nan,nan,94,26.299999237060547,0.0,31.0,0,27,-,SELECT OWNER FIRST,
2026-07-10T01:18:45.771,1803.772,mission_20260710_004842_manual,MANUAL,,0,13.330351829528809,100.9979019165039,155.11593197568573,4,True,0.6980000138282776,1,0,0,-1,0,0.0,0.0,0.0,0,0,nan,nan,nan,94,26.299999237060547,0.0,31.0,0,27,-,SELECT OWNER FIRST,
2026-07-10T01:18:47.957,1805.957,mission_20260710_004842_manual,MANUAL,,0,13.330350875854492,100.9979019165039,155.12317197620592,4,True,0.6972500085830688,1,0,0,-1,0,0.0,0.0,0.0,0,0,nan,nan,nan,94,26.299999237060547,0.0,31.0,0,27,-,SELECT OWNER FIRST,
2026-07-10T01:18:49.959,1807.96,mission_20260710_004842_manual,MANUAL,,0,13.330350875854492,100.9979019165039,155.13198292023526,4,True,0.6987500190734863,1,0,0,-1,0,0.0,0.0,0.0,0,0,nan,nan,nan,94,26.299999237060547,0.0,31.0,0,27,-,SELECT OWNER FIRST,
2026-07-10T01:18:51.964,1809.964,mission_20260710_004842_manual,MANUAL,,0,13.330349922180176,100.9979019165039,155.1375290338413,4,True,0.7014999985694885,1,0,0,-1,0,0.0,0.0,0.0,0,0,nan,nan,nan,94,26.299999237060547,0.0,31.0,0,28,-,SELECT OWNER FIRST,
2026-07-10T01:18:54.159,1812.16,mission_20260710_004842_manual,MANUAL,,0,13.33034896850586,100.99790954589844,155.13966005286235,4,True,0.6984999775886536,1,0,0,-1,0,0.0,0.0,0.0,0,0,nan,nan,nan,94,26.299999237060547,0.0,31.0,0,28,-,SELECT OWNER FIRST,
2026-07-10T01:18:56.160,1814.161,mission_20260710_004842_manual,MANUAL,,0,13.330348014831543,100.99790954589844,155.13847159994677,4,True,0.7014999985694885,1,0,0,-1,0,0.0,0.0,0.0,0,0,nan,nan,nan,94,26.299999237060547,0.0,31.0,0,28,-,SELECT OWNER FIRST,
2026-07-10T01:18:58.160,1816.161,mission_20260710_004842_manual,MANUAL,,0,13.330347061157227,100.99790954589844,155.13539801482025,4,True,0.7005000114440918,1,0,0,-1,0,0.0,0.0,0.0,0,0,nan,nan,nan,94,26.299999237060547,0.0,31.0,0,27,-,SELECT OWNER FIRST,
2026-07-10T01:19:00.162,1818.163,mission_20260710_004842_manual,MANUAL,,0,13.33034610748291,100.99790954589844,155.13590344881882,4,True,0.7007499933242798,1,0,0,-1,0,0.0,0.0,0.0,0,0,nan,nan,nan,94,26.299999237060547,0.0,31.0,0,27,-,SELECT OWNER FIRST,
2026-07-10T01:19:02.166,1820.166,mission_20260710_004842_manual,MANUAL,,0,13.330347061157227,100.99790954589844,155.1358624676838,4,True,0.6997500061988831,1,0,0,-1,0,0.0,0.0,0.0,0,0,nan,nan,nan,94,26.299999237060547,0.0,31.0,0,28,-,SELECT OWNER FIRST,
2026-07-10T01:19:04.353,1822.354,mission_20260710_004842_manual,MANUAL,,0,13.33034610748291,100.99790954589844,155.14531544949511,4,True,0.6990000009536743,1,0,0,-1,0,0.0,0.0,0.0,0,0,nan,nan,nan,94,26.299999237060547,0.0,31.0,0,29,-,SELECT OWNER FIRST,
2026-07-10T01:19:06.355,1824.355,mission_20260710_004842_manual,MANUAL,,0,13.33034610748291,100.99790954589844,155.15373024255257,4,True,0.6992499828338623,1,0,0,-1,0,0.0,0.0,0.0,0,0,nan,nan,nan,94,26.299999237060547,0.0,31.0,0,28,-,SELECT OWNER FIRST,
2026-07-10T01:19:08.559,1826.56,mission_20260710_004842_manual,MANUAL,,0,13.33034610748291,100.99790954589844,155.15758246924446,4,True,0.6984999775886536,1,0,0,-1,0,0.0,0.0,0.0,0,0,nan,nan,nan,94,26.299999237060547,0.0,31.0,0,27,-,SELECT OWNER FIRST,
2026-07-10T01:19:10.561,1828.561,mission_20260710_004842_manual,MANUAL,,0,13.33034610748291,100.99790954589844,155.16468586598128,4,True,0.6965000033378601,1,0,0,-1,0,0.0,0.0,0.0,0,0,nan,nan,nan,94,26.299999237060547,0.0,31.0,0,28,-,SELECT OWNER FIRST,
2026-07-10T01:19:12.562,1830.562,mission_20260710_004842_manual,MANUAL,,0,13.33034610748291,100.99790954589844,155.1671857152175,4,True,0.7005000114440918,1,0,0,-1,0,0.0,0.0,0.0,0,0,nan,nan,nan,94,26.299999237060547,0.0,31.0,0,28,-,SELECT OWNER FIRST,
2026-07-10T01:19:14.753,1832.754,mission_20260710_004842_manual,MANUAL,,0,13.330345153808594,100.99790954589844,155.16751356429765,4,True,0.6990000009536743,1,0,0,-1,0,0.0,0.0,0.0,0,0,nan,nan,nan,94,26.299999237060547,0.0,31.0,0,28,-,SELECT OWNER FIRST,
2026-07-10T01:19:16.954,1834.955,mission_20260710_004842_manual,MANUAL,,0,13.330345153808594,100.99790954589844,155.17404322514417,4,True,0.6977499723434448,1,0,0,-1,0,0.0,0.0,0.0,0,0,nan,nan,nan,94,26.299999237060547,0.0,31.0,0,28,-,SELECT OWNER FIRST,
2026-07-10T01:19:18.959,1836.959,mission_20260710_004842_manual,MANUAL,,0,13.330345153808594,100.99790954589844,155.16484979052134,4,True,0.6984999775886536,1,0,0,-1,0,0.0,0.0,0.0,0,0,nan,nan,nan,94,26.299999237060547,0.0,31.0,0,29,-,SELECT OWNER FIRST,
2026-07-10T01:19:20.962,1838.963,mission_20260710_004842_manual,MANUAL,,0,13.330345153808594,100.99790954589844,155.16454926219788,4,True,0.7005000114440918,1,0,0,-1,0,0.0,0.0,0.0,0,0,nan,nan,nan,94,26.299999237060547,0.0,31.0,0,29,-,SELECT OWNER FIRST,
2026-07-10T01:19:23.151,1841.151,mission_20260710_004842_manual,MANUAL,,0,13.330345153808594,100.99790954589844,155.15847039383655,4,True,0.7002500295639038,1,0,0,-1,0,0.0,0.0,0.0,0,0,nan,nan,nan,94,26.299999237060547,0.0,31.0,0,29,-,SELECT OWNER FIRST,
2026-07-10T01:19:25.154,1843.154,mission_20260710_004842_manual,MANUAL,,0,13.330344200134277,100.99790954589844,155.15099816688456,4,True,0.6987500190734863,1,0,0,-1,0,0.0,0.0,0.0,0,0,nan,nan,nan,94,26.299999237060547,0.0,31.0,0,29,-,SELECT OWNER FIRST,
2026-07-10T01:19:27.159,1845.159,mission_20260710_004842_manual,MANUAL,,0,13.330344200134277,100.99790954589844,155.14982337434733,4,True,0.699999988079071,1,0,0,-1,0,0.0,0.0,0.0,0,0,nan,nan,nan,94,26.299999237060547,0.0,31.0,0,29,-,SELECT OWNER FIRST,
2026-07-10T01:19:29.351,1847.351,mission_20260710_004842_manual,MANUAL,,0,13.330343246459961,100.99790954589844,155.14303416631233,4,True,0.6987500190734863,1,0,0,-1,0,0.0,0.0,0.0,0,0,nan,nan,nan,94,26.299999237060547,0.0,31.0,0,29,-,SELECT OWNER FIRST,
2026-07-10T01:19:31.553,1849.554,mission_20260710_004842_manual,MANUAL,,0,13.330342292785645,100.99790954589844,155.13583514692715,4,True,0.6997500061988831,1,0,0,-1,0,0.0,0.0,0.0,0,0,nan,nan,nan,94,26.299999237060547,0.0,31.0,0,29,-,SELECT OWNER FIRST,
2026-07-10T01:19:33.557,1851.558,mission_20260710_004842_manual,MANUAL,,0,13.330341339111328,100.99790954589844,155.13128624093991,4,True,0.6997500061988831,1,0,0,-1,0,0.0,0.0,0.0,0,0,nan,nan,nan,94,26.299999237060547,0.0,31.0,0,29,-,SELECT OWNER FIRST,
2026-07-10T01:19:35.558,1853.558,mission_20260710_004842_manual,MANUAL,,0,13.330340385437012,100.99790954589844,155.1325429957472,4,True,0.6990000009536743,1,0,0,-1,0,0.0,0.0,0.0,0,0,nan,nan,nan,94,26.299999237060547,0.0,31.0,0,29,-,SELECT OWNER FIRST,
2026-07-10T01:19:37.748,1855.749,mission_20260710_004842_manual,MANUAL,,0,13.330339431762695,100.99790954589844,155.1309720522381,4,True,0.6987500190734863,1,0,0,-1,0,0.0,0.0,0.0,0,0,nan,nan,nan,94,26.299999237060547,0.0,31.0,0,28,-,SELECT OWNER FIRST,
2026-07-10T01:19:39.750,1857.751,mission_20260710_004842_manual,MANUAL,,0,13.330339431762695,100.99790954589844,155.14054797745445,4,True,0.6987500190734863,1,0,0,-1,0,0.0,0.0,0.0,0,0,nan,nan,nan,94,26.299999237060547,0.0,31.0,0,28,-,SELECT OWNER FIRST,
2026-07-10T01:19:41.945,1859.946,mission_20260710_004842_manual,MANUAL,,0,13.330338478088379,100.99790954589844,155.13997424156418,4,True,0.6965000033378601,1,0,0,-1,0,0.0,0.0,0.0,0,0,nan,nan,nan,94,26.299999237060547,0.0,31.0,0,27,-,SELECT OWNER FIRST,
2026-07-10T01:19:43.947,1861.948,mission_20260710_004842_manual,MANUAL,,0,13.330337524414062,100.99790954589844,155.13967371324068,4,True,0.6982499957084656,1,0,0,-1,0,0.0,0.0,0.0,0,0,nan,nan,nan,94,26.299999237060547,0.0,31.0,0,28,-,SELECT OWNER FIRST,
2026-07-10T01:19:45.954,1863.954,mission_20260710_004842_manual,MANUAL,,0,13.330337524414062,100.99790954589844,155.1342915241747,4,True,0.6995000243186951,1,0,0,-1,0,0.0,0.0,0.0,0,0,nan,nan,nan,94,26.299999237060547,0.0,31.0,0,27,-,SELECT OWNER FIRST,
2026-07-10T01:19:47.963,1865.964,mission_20260710_004842_manual,MANUAL,,0,13.330337524414062,100.99790954589844,155.13017975029436,4,True,0.6997500061988831,1,0,0,-1,0,0.0,0.0,0.0,0,0,nan,nan,nan,94,26.299999237060547,0.0,31.0,0,27,-,SELECT OWNER FIRST,
2026-07-10T01:19:50.147,1868.147,mission_20260710_004842_manual,MANUAL,,0,13.330337524414062,100.99790954589844,155.1215873723185,4,True,0.6984999775886536,1,0,0,-1,0,0.0,0.0,0.0,0,0,nan,nan,nan,94,26.299999237060547,0.0,31.0,0,27,-,SELECT OWNER FIRST,
2026-07-10T01:19:52.147,1870.148,mission_20260710_004842_manual,MANUAL,,0,13.330337524414062,100.9979019165039,155.11840450416526,4,True,0.6990000009536743,1,0,0,-1,0,0.0,0.0,0.0,0,0,nan,nan,nan,94,26.299999237060547,0.0,31.0,0,27,-,SELECT OWNER FIRST,
2026-07-10T01:19:54.148,1872.149,mission_20260710_004842_manual,MANUAL,,0,13.330337524414062,100.9979019165039,155.1183498626519,4,True,0.6980000138282776,1,0,0,-1,0,0.0,0.0,0.0,0,0,nan,nan,nan,94,26.299999237060547,0.0,31.0,0,27,-,SELECT OWNER FIRST,
2026-07-10T01:19:56.149,1874.149,mission_20260710_004842_manual,MANUAL,,0,13.330337524414062,100.99790954589844,155.11656035308937,4,True,0.7005000114440918,1,0,0,-1,0,0.0,0.0,0.0,0,0,nan,nan,nan,94,26.299999237060547,0.0,31.0,0,27,-,SELECT OWNER FIRST,
2026-07-10T01:19:58.151,1876.151,mission_20260710_004842_manual,MANUAL,,0,13.330338478088379,100.99790954589844,155.1179400513017,4,True,0.6995000243186951,1,0,0,-1,0,0.0,0.0,0.0,0,0,nan,nan,nan,94,26.299999237060547,0.0,31.0,0,28,-,SELECT OWNER FIRST,
2026-07-10T01:20:00.343,1878.344,mission_20260710_004842_manual,MANUAL,,0,13.330338478088379,100.99790954589844,155.1345920524982,4,True,0.6980000138282776,1,0,0,-1,0,0.0,0.0,0.0,0,0,nan,nan,nan,94,26.299999237060547,0.0,31.0,0,28,-,SELECT OWNER FIRST,
2026-07-10T01:20:02.548,1880.549,mission_20260710_004842_manual,MANUAL,,0,13.330339431762695,100.99790954589844,155.1429522040423,4,True,0.6974999904632568,1,0,0,-1,0,0.0,0.0,0.0,0,0,nan,nan,nan,94,26.299999237060547,0.0,31.0,0,28,-,SELECT OWNER FIRST,
2026-07-10T01:20:04.552,1882.552,mission_20260710_004842_manual,MANUAL,,0,13.330340385437012,100.99790954589844,155.13884043016193,4,True,0.6965000033378601,1,0,0,-1,0,0.0,0.0,0.0,0,0,nan,nan,nan,94,26.299999237060547,0.0,31.0,0,28,-,SELECT OWNER FIRST,
2026-07-10T01:20:06.552,1884.552,mission_20260710_004842_manual,MANUAL,,0,13.330340385437012,100.99790954589844,155.13543899595527,4,True,0.699999988079071,1,0,0,-1,0,0.0,0.0,0.0,0,0,nan,nan,nan,94,26.299999237060547,0.0,31.0,0,28,-,SELECT OWNER FIRST,
2026-07-10T01:20:08.558,1886.558,mission_20260710_004842_manual,MANUAL,,0,13.330341339111328,100.99790954589844,155.133540203366,4,True,0.7007499933242798,1,0,0,-1,0,0.0,0.0,0.0,0,0,nan,nan,nan,94,26.299999237060547,0.0,31.0,0,28,-,SELECT OWNER FIRST,
2026-07-10T01:20:10.741,1888.741,mission_20260710_004842_manual,MANUAL,,0,13.330341339111328,100.99790954589844,155.13858088297349,4,True,0.6995000243186951,1,0,0,-1,0,0.0,0.0,0.0,0,0,nan,nan,nan,94,26.299999237060547,0.0,31.0,0,28,-,SELECT OWNER FIRST,
2026-07-10T01:20:12.743,1890.743,mission_20260710_004842_manual,MANUAL,,0,13.330341339111328,100.99790954589844,155.14877152521515,4,True,0.6987500190734863,1,0,0,-1,0,0.0,0.0,0.0,0,0,nan,nan,nan,94,26.299999237060547,0.0,31.0,0,28,-,SELECT OWNER FIRST,
2026-07-10T01:20:14.938,1892.939,mission_20260710_004842_manual,MANUAL,,0,13.330341339111328,100.99790954589844,155.13934586416053,4,True,0.6992499828338623,1,0,0,-1,0,0.0,0.0,0.0,0,0,nan,nan,nan,94,26.299999237060547,0.0,31.0,0,29,-,SELECT OWNER FIRST,
2026-07-10T01:20:16.941,1894.942,mission_20260710_004842_manual,MANUAL,,0,13.330342292785645,100.99790954589844,155.14382646825604,4,True,0.699999988079071,1,0,0,-1,0,0.0,0.0,0.0,0,0,nan,nan,nan,94,26.299999237060547,0.0,31.0,0,29,-,SELECT OWNER FIRST,
2026-07-10T01:20:18.942,1896.943,mission_20260710_004842_manual,MANUAL,,0,13.330342292785645,100.99790954589844,155.13263861839556,4,True,0.6972500085830688,1,0,0,-1,0,0.0,0.0,0.0,0,0,nan,nan,nan,94,26.299999237060547,0.0,31.0,0,29,-,SELECT OWNER FIRST,
2026-07-10T01:20:20.945,1898.945,mission_20260710_004842_manual,MANUAL,,0,13.330341339111328,100.99790954589844,155.1281443539217,4,True,0.6992499828338623,1,0,0,-1,0,0.0,0.0,0.0,0,0,nan,nan,nan,94,26.299999237060547,0.0,31.0,0,28,-,SELECT OWNER FIRST,
2026-07-10T01:20:23.139,1901.139,mission_20260710_004842_manual,MANUAL,,0,13.330341339111328,100.99790954589844,155.1316960522901,4,True,0.6987500190734863,1,0,0,-1,0,0.0,0.0,0.0,0,0,nan,nan,nan,94,26.299999237060547,0.0,31.0,0,28,-,SELECT OWNER FIRST,
2026-07-10T01:20:25.145,1903.145,mission_20260710_004842_manual,MANUAL,,0,13.330340385437012,100.99790954589844,155.13778858102975,4,True,0.6997500061988831,1,0,0,-1,0,0.0,0.0,0.0,0,0,nan,nan,nan,94,26.299999237060547,0.0,31.0,0,28,-,SELECT OWNER FIRST,
2026-07-10T01:20:27.336,1905.337,mission_20260710_004842_manual,MANUAL,,0,13.330340385437012,100.99790954589844,155.14586186462873,4,True,0.699999988079071,1,0,0,-1,0,0.0,0.0,0.0,0,0,nan,nan,nan,94,26.299999237060547,0.0,31.0,0,28,-,SELECT OWNER FIRST,
2026-07-10T01:20:29.337,1907.338,mission_20260710_004842_manual,MANUAL,,0,13.330339431762695,100.99790954589844,155.13553461860366,4,True,0.6987500190734863,1,0,0,-1,0,0.0,0.0,0.0,0,0,nan,nan,nan,94,26.299999237060547,0.0,31.0,0,27,-,SELECT OWNER FIRST,
2026-07-10T01:20:31.338,1909.339,mission_20260710_004842_manual,MANUAL,,0,13.330339431762695,100.99790954589844,155.1291688822972,4,True,0.6990000009536743,1,0,0,-1,0,0.0,0.0,0.0,0,0,nan,nan,nan,94,26.299999237060547,0.0,31.0,0,27,-,SELECT OWNER FIRST,
2026-07-10T01:20:33.541,1911.542,mission_20260710_004842_manual,MANUAL,,0,13.330339431762695,100.99790954589844,155.14161348696496,4,True,0.6967499852180481,1,0,0,-1,0,0.0,0.0,0.0,0,0,nan,nan,nan,94,26.299999237060547,0.0,31.0,0,27,-,SELECT OWNER FIRST,
2026-07-10T01:20:35.547,1913.548,mission_20260710_004842_manual,MANUAL,,0,13.330339431762695,100.99790954589844,155.15124405369468,4,True,0.7005000114440918,1,0,0,-1,0,0.0,0.0,0.0,0,0,nan,nan,nan,94,26.299999237060547,0.0,31.0,0,27,-,SELECT OWNER FIRST,
2026-07-10T01:20:37.548,1915.548,mission_20260710_004842_manual,MANUAL,,0,13.330340385437012,100.99790954589844,155.15273303493376,4,True,0.6965000033378601,1,0,0,-1,0,0.0,0.0,0.0,0,0,nan,nan,nan,94,26.299999237060547,0.0,31.0,0,27,-,SELECT OWNER FIRST,
2026-07-10T01:20:39.735,1917.736,mission_20260710_004842_manual,MANUAL,,0,13.330339431762695,100.99790954589844,155.1514489593698,4,True,0.6982499957084656,1,0,0,-1,0,0.0,0.0,0.0,0,0,nan,nan,nan,94,26.299999237060547,0.0,31.0,0,27,-,SELECT OWNER FIRST,
2026-07-10T01:20:41.736,1919.736,mission_20260710_004842_manual,MANUAL,,0,13.330339431762695,100.99790954589844,155.1592763561586,4,True,0.6970000267028809,1,0,0,-1,0,0.0,0.0,0.0,0,0,nan,nan,nan,94,26.299999237060547,0.0,31.0,0,27,-,SELECT OWNER FIRST,
2026-07-10T01:20:43.932,1921.932,mission_20260710_004842_manual,MANUAL,,0,13.330338478088379,100.99790954589844,155.1517904688283,4,True,0.7009999752044678,1,0,0,-1,0,0.0,0.0,0.0,0,0,nan,nan,nan,94,26.299999237060547,0.0,31.0,0,28,-,SELECT OWNER FIRST,
2026-07-10T01:20:45.937,1923.938,mission_20260710_004842_manual,MANUAL,,0,13.330337524414062,100.99790954589844,155.13990593967247,4,True,0.6995000243186951,1,0,0,-1,0,0.0,0.0,0.0,0,0,nan,nan,nan,94,26.299999237060547,0.0,31.0,0,28,-,SELECT OWNER FIRST,
2026-07-10T01:20:47.951,1925.951,mission_20260710_004842_manual,MANUAL,,0,13.330337524414062,100.99790954589844,155.136190316764,4,True,0.6987500190734863,1,0,0,-1,0,0.0,0.0,0.0,0,0,nan,nan,nan,94,26.299999237060547,0.0,31.0,0,28,-,SELECT OWNER FIRST,
2026-07-10T01:20:50.135,1928.136,mission_20260710_004842_manual,MANUAL,,0,13.330337524414062,100.99790954589844,155.12580842922554,4,True,0.699999988079071,1,0,0,-1,0,0.0,0.0,0.0,0,0,nan,nan,nan,94,26.299999237060547,0.0,31.0,0,29,-,SELECT OWNER FIRST,
2026-07-10T01:20:52.141,1930.141,mission_20260710_004842_manual,MANUAL,,0,13.330337524414062,100.99790954589844,155.11298133396429,4,True,0.6957499980926514,1,0,0,-1,0,0.0,0.0,0.0,0,0,nan,nan,nan,94,26.299999237060547,0.0,31.0,0,29,-,SELECT OWNER FIRST,
2026-07-10T01:20:54.141,1932.141,mission_20260710_004842_manual,MANUAL,,0,13.330337524414062,100.99790954589844,155.1127217867758,4,True,0.6977499723434448,1,0,0,-1,0,0.0,0.0,0.0,0,0,nan,nan,nan,94,26.299999237060547,0.0,31.0,0,29,-,SELECT OWNER FIRST,
2026-07-10T01:20:56.330,1934.331,mission_20260710_004842_manual,MANUAL,,0,13.330336570739746,100.99791717529297,155.10147929540196,4,True,0.6995000243186951,1,0,0,-1,0,0.0,0.0,0.0,0,0,nan,nan,nan,94,26.299999237060547,0.0,31.0,0,29,-,SELECT OWNER FIRST,
2026-07-10T01:20:58.534,1936.535,mission_20260710_004842_manual,MANUAL,,0,13.33033561706543,100.99791717529297,155.0937065401265,4,True,0.6995000243186951,1,0,0,-1,0,0.0,0.0,0.0,0,0,nan,nan,nan,94,26.299999237060547,0.0,31.0,0,29,-,SELECT OWNER FIRST,
2026-07-10T01:21:00.534,1938.535,mission_20260710_004842_manual,MANUAL,,0,13.33033561706543,100.99791717529297,155.09791393665523,4,True,0.6977499723434448,1,0,0,-1,0,0.0,0.0,0.0,0,0,nan,nan,nan,94,26.299999237060547,0.0,31.0,0,28,-,SELECT OWNER FIRST,
2026-07-10T01:21:02.537,1940.538,mission_20260710_004842_manual,MANUAL,,0,13.33033561706543,100.99791717529297,155.1085963525171,4,True,0.6974999904632568,1,0,0,-1,0,0.0,0.0,0.0,0,0,nan,nan,nan,94,26.299999237060547,0.0,31.0,0,28,-,SELECT OWNER FIRST,
2026-07-10T01:21:04.547,1942.547,mission_20260710_004842_manual,MANUAL,,0,13.33033561706543,100.99791717529297,155.09947121978598,4,True,0.6972500085830688,1,0,0,-1,0,0.0,0.0,0.0,0,0,nan,nan,nan,94,26.299999237060547,0.0,31.0,0,27,-,SELECT OWNER FIRST,
2026-07-10T01:21:06.731,1944.731,mission_20260710_004842_manual,MANUAL,,0,13.33033561706543,100.99791717529297,155.10468948431188,4,True,0.6987500190734863,1,0,0,-1,0,0.0,0.0,0.0,0,0,nan,nan,nan,94,26.299999237060547,0.0,31.0,0,29,-,SELECT OWNER FIRST,
2026-07-10T01:21:08.930,1946.93,mission_20260710_004842_manual,MANUAL,,0,13.33033561706543,100.99791717529297,155.1016568803204,4,True,0.699999988079071,1,0,0,-1,0,0.0,0.0,0.0,0,0,nan,nan,nan,94,26.299999237060547,0.0,31.0,0,29,-,SELECT OWNER FIRST,
2026-07-10T01:21:10.930,1948.93,mission_20260710_004842_manual,MANUAL,,0,13.33033561706543,100.99791717529297,155.10748986187158,4,True,0.6984999775886536,1,0,0,-1,0,0.0,0.0,0.0,0,0,nan,nan,nan,94,26.299999237060547,0.0,31.0,0,29,-,SELECT OWNER FIRST,
2026-07-10T01:21:13.128,1951.129,mission_20260710_004842_manual,MANUAL,,0,13.33033561706543,100.99791717529297,155.10676586181955,4,True,0.6992499828338623,1,0,0,-1,0,0.0,0.0,0.0,0,0,nan,nan,nan,94,26.299999237060547,0.0,31.0,0,29,-,SELECT OWNER FIRST,
2026-07-10T01:21:15.133,1953.133,mission_20260710_004842_manual,MANUAL,,0,13.33033561706543,100.99791717529297,155.10212133318396,4,True,0.7002500295639038,1,0,0,-1,0,0.0,0.0,0.0,0,0,nan,nan,nan,94,26.299999237060547,0.0,31.0,0,29,-,SELECT OWNER FIRST,
2026-07-10T01:21:17.327,1955.328,mission_20260710_004842_manual,MANUAL,,0,13.330334663391113,100.99791717529297,155.09545506855403,4,True,0.6974999904632568,1,0,0,-1,0,0.0,0.0,0.0,0,0,nan,nan,nan,94,26.299999237060547,0.0,31.0,0,29,-,SELECT OWNER FIRST,
2026-07-10T01:21:19.337,1957.338,mission_20260710_004842_manual,MANUAL,,0,13.330334663391113,100.99791717529297,155.09723091773822,4,True,0.6995000243186951,1,0,0,-1,0,0.0,0.0,0.0,0,0,nan,nan,nan,94,26.299999237060547,0.0,31.0,0,29,-,SELECT OWNER FIRST,
2026-07-10T01:21:21.529,1959.529,mission_20260710_004842_manual,MANUAL,,0,13.330334663391113,100.99791717529297,155.08485461496215,4,True,0.6987500190734863,1,0,0,-1,0,0.0,0.0,0.0,0,0,nan,nan,nan,94,26.299999237060547,0.0,31.0,0,28,-,SELECT OWNER FIRST,
2026-07-10T01:21:23.533,1961.534,mission_20260710_004842_manual,MANUAL,,0,13.330334663391113,100.99791717529297,155.07348918018326,4,True,0.6982499957084656,1,0,0,-1,0,0.0,0.0,0.0,0,0,nan,nan,nan,94,26.299999237060547,0.0,31.0,0,27,-,SELECT OWNER FIRST,
2026-07-10T01:21:25.537,1963.537,mission_20260710_004842_manual,MANUAL,,0,13.330334663391113,100.99791717529297,155.07985491648972,4,True,0.699999988079071,1,0,0,-1,0,0.0,0.0,0.0,0,0,nan,nan,nan,94,26.299999237060547,0.0,31.0,0,28,-,SELECT OWNER FIRST,
2026-07-10T01:21:27.726,1965.727,mission_20260710_004842_manual,MANUAL,,0,13.330333709716797,100.99791717529297,155.08376178469496,4,True,0.7002500295639038,1,0,0,-1,0,0.0,0.0,0.0,0,0,nan,nan,nan,94,26.299999237060547,0.0,31.0,0,28,-,SELECT OWNER FIRST,
2026-07-10T01:21:29.727,1967.728,mission_20260710_004842_manual,MANUAL,,0,13.330333709716797,100.99791717529297,155.08223182232086,4,True,0.6974999904632568,1,0,0,-1,0,0.0,0.0,0.0,0,0,nan,nan,nan,94,26.299999237060547,0.0,31.0,0,28,-,SELECT OWNER FIRST,
2026-07-10T01:21:31.923,1969.924,mission_20260710_004842_manual,MANUAL,,0,13.330333709716797,100.99791717529297,155.08055159578504,4,True,0.699999988079071,1,0,0,-1,0,0.0,0.0,0.0,0,0,nan,nan,nan,94,26.299999237060547,0.0,31.0,0,29,-,SELECT OWNER FIRST,
2026-07-10T01:21:33.928,1971.929,mission_20260710_004842_manual,MANUAL,,0,13.330333709716797,100.99791717529297,155.08419891680185,4,True,0.6980000138282776,1,0,0,-1,0,0.0,0.0,0.0,0,0,nan,nan,nan,94,26.299999237060547,0.0,31.0,0,29,-,SELECT OWNER FIRST,
2026-07-10T01:21:35.930,1973.93,mission_20260710_004842_manual,MANUAL,,0,13.330333709716797,100.99791717529297,155.09578291763418,4,True,0.6990000009536743,1,0,0,-1,0,0.0,0.0,0.0,0,0,nan,nan,nan,94,26.299999237060547,0.0,31.0,0,29,-,SELECT OWNER FIRST,
2026-07-10T01:21:38.122,1976.122,mission_20260710_004842_manual,MANUAL,,0,13.330334663391113,100.99791717529297,155.1062057863076,4,True,0.7002500295639038,1,0,0,-1,0,0.0,0.0,0.0,0,0,nan,nan,nan,94,26.299999237060547,0.0,31.0,0,28,-,SELECT OWNER FIRST,
2026-07-10T01:21:40.123,1978.123,mission_20260710_004842_manual,MANUAL,,0,13.330334663391113,100.99791717529297,155.11639642854928,4,True,0.6987500190734863,1,0,0,-1,0,0.0,0.0,0.0,0,0,nan,nan,nan,94,26.299999237060547,0.0,31.0,0,28,-,SELECT OWNER FIRST,
2026-07-10T01:21:42.123,1980.124,mission_20260710_004842_manual,MANUAL,,0,13.33033561706543,100.99791717529297,155.11194314521043,4,True,0.7017499804496765,1,0,0,-1,0,0.0,0.0,0.0,0,0,nan,nan,nan,94,26.299999237060547,0.0,31.0,0,29,-,SELECT OWNER FIRST,
2026-07-10T01:21:44.125,1982.125,mission_20260710_004842_manual,MANUAL,,0,13.33033561706543,100.99791717529297,155.1060691825242,4,True,0.7002500295639038,1,0,0,-1,0,0.0,0.0,0.0,0,0,nan,nan,nan,94,26.299999237060547,0.0,31.0,0,29,-,SELECT OWNER FIRST,
2026-07-10T01:21:46.134,1984.135,mission_20260710_004842_manual,MANUAL,,0,13.330336570739746,100.99791717529297,155.09936193675927,4,True,0.6990000009536743,1,0,0,-1,0,0.0,0.0,0.0,0,0,nan,nan,nan,94,26.299999237060547,0.0,31.0,0,29,-,SELECT OWNER FIRST,
2026-07-10T01:21:48.319,1986.32,mission_20260710_004842_manual,MANUAL,,0,13.330336570739746,100.99791717529297,155.09079687954008,4,True,0.699999988079071,1,0,0,-1,0,0.0,0.0,0.0,0,0,nan,nan,nan,94,26.299999237060547,0.0,31.0,0,29,-,SELECT OWNER FIRST,
2026-07-10T01:21:50.326,1988.326,mission_20260710_004842_manual,MANUAL,,0,13.330336570739746,100.99791717529297,155.09294155893946,4,True,0.6995000243186951,1,0,0,-1,0,0.0,0.0,0.0,0,0,nan,nan,nan,94,26.299999237060547,0.0,31.0,0,29,-,SELECT OWNER FIRST,
2026-07-10T01:21:52.522,1990.522,mission_20260710_004842_manual,MANUAL,,0,13.330336570739746,100.9979248046875,155.09557801195908,4,True,0.6970000267028809,1,0,0,-1,0,0.0,0.0,0.0,0,0,nan,nan,nan,94,26.299999237060547,0.0,31.0,0,29,-,SELECT OWNER FIRST,
2026-07-10T01:21:54.522,1992.523,mission_20260710_004842_manual,MANUAL,,0,13.330336570739746,100.9979248046875,155.10682050333293,4,True,0.6995000243186951,1,0,0,-1,0,0.0,0.0,0.0,0,0,nan,nan,nan,94,26.299999237060547,0.0,31.0,0,28,-,SELECT OWNER FIRST,
2026-07-10T01:21:56.524,1994.524,mission_20260710_004842_manual,MANUAL,,0,13.330336570739746,100.9979248046875,155.11037220170132,4,True,0.6992499828338623,1,0,0,-1,0,0.0,0.0,0.0,0,0,nan,nan,nan,94,26.299999237060547,0.0,31.0,0,29,-,SELECT OWNER FIRST,
2026-07-10T01:21:58.527,1996.528,mission_20260710_004842_manual,MANUAL,,0,13.330336570739746,100.9979248046875,155.1101946167829,4,True,0.6984999775886536,1,0,0,-1,0,0.0,0.0,0.0,0,0,nan,nan,nan,94,26.299999237060547,0.0,31.0,0,30,-,SELECT OWNER FIRST,
2026-07-10T01:22:00.528,1998.528,mission_20260710_004842_manual,MANUAL,,0,13.330336570739746,100.9979248046875,155.11785808903167,4,True,0.6987500190734863,1,0,0,-1,0,0.0,0.0,0.0,0,0,nan,nan,nan,94,26.299999237060547,0.0,31.0,0,29,-,SELECT OWNER FIRST,
2026-07-10T01:22:02.718,2000.718,mission_20260710_004842_manual,MANUAL,,0,13.33033561706543,100.9979248046875,155.12407356117637,4,True,0.6997500061988831,1,0,0,-1,0,0.0,0.0,0.0,0,0,nan,nan,nan,94,26.299999237060547,0.0,31.0,0,29,-,SELECT OWNER FIRST,
2026-07-10T01:22:04.917,2002.917,mission_20260710_004842_manual,MANUAL,,0,13.33033561706543,100.9979248046875,155.12093167415816,4,True,0.6987500190734863,1,0,0,-1,0,0.0,0.0,0.0,0,0,nan,nan,nan,94,26.299999237060547,0.0,31.0,0,30,-,SELECT OWNER FIRST,
2026-07-10T01:22:06.928,2004.928,mission_20260710_004842_manual,MANUAL,,0,13.33033561706543,100.99793243408203,155.13168239191177,4,True,0.6974999904632568,1,0,0,-1,0,0.0,0.0,0.0,0,0,nan,nan,nan,94,26.299999237060547,0.0,31.0,0,30,-,SELECT OWNER FIRST,
2026-07-10T01:22:09.116,2007.116,mission_20260710_004842_manual,MANUAL,,0,13.330334663391113,100.99793243408203,155.1461350721955,4,True,0.6982499957084656,1,0,0,-1,0,0.0,0.0,0.0,0,0,nan,nan,nan,94,26.299999237060547,0.0,31.0,0,30,-,SELECT OWNER FIRST,
2026-07-10T01:22:11.315,2009.316,mission_20260710_004842_manual,MANUAL,,0,13.330333709716797,100.99793243408203,155.16184450728653,4,True,0.6984999775886536,1,0,0,-1,0,0.0,0.0,0.0,0,0,nan,nan,nan,94,26.299999237060547,0.0,31.0,0,30,-,SELECT OWNER FIRST,
2026-07-10T01:22:13.316,2011.316,mission_20260710_004842_manual,MANUAL,,0,13.33033275604248,100.99793243408203,155.17756760275591,4,True,0.6982499957084656,1,0,0,-1,0,0.0,0.0,0.0,0,0,nan,nan,nan,94,26.299999237060547,0.0,31.0,0,30,-,SELECT OWNER FIRST,
2026-07-10T01:22:15.516,2013.517,mission_20260710_004842_manual,MANUAL,,0,13.330331802368164,100.9979248046875,155.19109137731255,4,True,0.6984999775886536,1,0,0,-1,0,0.0,0.0,0.0,0,0,nan,nan,nan,94,26.299999237060547,0.0,31.0,0,30,-,SELECT OWNER FIRST,
2026-07-10T01:22:17.523,2015.524,mission_20260710_004842_manual,MANUAL,,0,13.330331802368164,100.9979248046875,155.18576382975994,4,True,0.6997500061988831,1,0,0,-1,0,0.0,0.0,0.0,0,0,nan,nan,nan,94,26.299999237060547,0.0,31.0,0,30,-,SELECT OWNER FIRST,
2026-07-10T01:22:19.524,2017.525,mission_20260710_004842_manual,MANUAL,,0,13.330331802368164,100.9979248046875,155.17241764012172,4,True,0.6982499957084656,1,0,0,-1,0,0.0,0.0,0.0,0,0,nan,nan,nan,94,26.299999237060547,0.0,31.0,0,30,-,SELECT OWNER FIRST,
2026-07-10T01:22:21.714,2019.715,mission_20260710_004842_manual,MANUAL,,0,13.330331802368164,100.9979248046875,155.15922171464527,4,True,0.6977499723434448,1,0,0,-1,0,0.0,0.0,0.0,0,0,nan,nan,nan,94,26.299999237060547,0.0,31.0,0,30,-,SELECT OWNER FIRST,
2026-07-10T01:22:23.715,2021.716,mission_20260710_004842_manual,MANUAL,,0,13.330331802368164,100.9979248046875,155.15300624250054,4,True,0.6987500190734863,1,0,0,-1,0,0.0,0.0,0.0,0,0,nan,nan,nan,94,26.299999237060547,0.0,31.0,0,30,-,SELECT OWNER FIRST,
2026-07-10T01:22:25.725,2023.725,mission_20260710_004842_manual,MANUAL,,0,13.330330848693848,100.9979248046875,155.1553421671967,4,True,0.6990000009536743,1,0,0,-1,0,0.0,0.0,0.0,0,0,nan,nan,nan,94,26.299999237060547,0.0,31.0,0,30,-,SELECT OWNER FIRST,
2026-07-10T01:22:27.910,2025.911,mission_20260710_004842_manual,MANUAL,,0,13.330330848693848,100.9979248046875,155.15874360140336,4,True,0.6970000267028809,1,0,0,-1,0,0.0,0.0,0.0,0,0,nan,nan,nan,94,26.299999237060547,0.0,31.0,0,30,-,SELECT OWNER FIRST,
2026-07-10T01:22:29.914,2027.915,mission_20260710_004842_manual,MANUAL,,0,13.330330848693848,100.9979248046875,155.15523288416998,4,True,0.7005000114440918,1,0,0,-1,0,0.0,0.0,0.0,0,0,nan,nan,nan,94,26.299999237060547,0.0,31.0,0,30,-,SELECT OWNER FIRST,
2026-07-10T01:22:32.109,2030.11,mission_20260710_004842_manual,MANUAL,,0,13.330330848693848,100.9979248046875,155.1552465445483,4,True,0.6967499852180481,1,0,0,-1,0,0.0,0.0,0.0,0,0,nan,nan,nan,94,26.299999237060547,0.0,31.0,0,29,-,SELECT OWNER FIRST,
2026-07-10T01:22:34.111,2032.111,mission_20260710_004842_manual,MANUAL,,0,13.330330848693848,100.9979248046875,155.1582108466481,4,True,0.6987500190734863,1,0,0,-1,0,0.0,0.0,0.0,0,0,nan,nan,nan,94,26.299999237060547,0.0,31.0,0,28,-,SELECT OWNER FIRST,
2026-07-10T01:22:36.111,2034.111,mission_20260710_004842_manual,MANUAL,,0,13.330329895019531,100.9979248046875,155.168210243593,4,True,0.6984999775886536,1,0,0,-1,0,0.0,0.0,0.0,0,0,nan,nan,nan,94,26.299999237060547,0.0,31.0,0,27,-,SELECT OWNER FIRST,
2026-07-10T01:22:38.111,2036.112,mission_20260710_004842_manual,MANUAL,,0,13.330328941345215,100.9979248046875,155.16799167753956,4,True,0.6974999904632568,1,0,0,-1,0,0.0,0.0,0.0,0,0,nan,nan,nan,94,26.299999237060547,0.0,31.0,0,28,-,SELECT OWNER FIRST,
2026-07-10T01:22:40.115,2038.116,mission_20260710_004842_manual,MANUAL,,0,13.330328941345215,100.9979248046875,155.16163960161145,4,True,0.6995000243186951,1,0,0,-1,0,0.0,0.0,0.0,0,0,nan,nan,nan,94,26.299999237060547,0.0,31.0,0,29,-,SELECT OWNER FIRST,
2026-07-10T01:22:42.309,2040.31,mission_20260710_004842_manual,MANUAL,,0,13.330329895019531,100.9979248046875,155.1531565066623,4,True,0.6984999775886536,1,0,0,-1,0,0.0,0.0,0.0,0,0,nan,nan,nan,94,26.299999237060547,0.0,31.0,0,29,-,SELECT OWNER FIRST,
2026-07-10T01:22:44.314,2042.314,mission_20260710_004842_manual,MANUAL,,0,13.330329895019531,100.9979248046875,155.14908571391697,4,True,0.6987500190734863,1,0,0,-1,0,0.0,0.0,0.0,0,0,nan,nan,nan,94,26.299999237060547,0.0,31.0,0,29,-,SELECT OWNER FIRST,
2026-07-10T01:22:46.510,2044.51,mission_20260710_004842_manual,MANUAL,,0,13.330329895019531,100.9979248046875,155.14778797797464,4,True,0.6990000009536743,1,0,0,-1,0,0.0,0.0,0.0,0,0,nan,nan,nan,94,26.299999237060547,0.0,31.0,0,30,-,SELECT OWNER FIRST,
2026-07-10T01:22:48.511,2046.511,mission_20260710_004842_manual,MANUAL,,0,13.330328941345215,100.9979248046875,155.14266533609714,4,True,0.6965000033378601,1,0,0,-1,0,0.0,0.0,0.0,0,0,nan,nan,nan,94,26.299999237060547,0.0,31.0,0,29,-,SELECT OWNER FIRST,
2026-07-10T01:22:50.512,2048.512,mission_20260710_004842_manual,MANUAL,,0,13.330328941345215,100.9979248046875,155.1337724297978,4,True,0.699999988079071,1,0,0,-1,0,0.0,0.0,0.0,0,0,nan,nan,nan,94,26.299999237060547,0.0,31.0,0,29,-,SELECT OWNER FIRST,
2026-07-10T01:22:52.512,2050.513,mission_20260710_004842_manual,MANUAL,,0,13.330327987670898,100.9979248046875,155.11307695661264,4,True,0.6995000243186951,1,0,0,-1,0,0.0,0.0,0.0,0,0,nan,nan,nan,94,26.299999237060547,0.0,31.0,0,28,-,SELECT OWNER FIRST,
2026-07-10T01:22:54.516,2052.516,mission_20260710_004842_manual,MANUAL,,0,13.330327987670898,100.9979248046875,155.10799529587015,4,True,0.6970000267028809,1,0,0,-1,0,0.0,0.0,0.0,0,0,nan,nan,nan,94,26.299999237060547,0.0,31.0,0,28,-,SELECT OWNER FIRST,
2026-07-10T01:22:56.706,2054.706,mission_20260710_004842_manual,MANUAL,,0,13.330327987670898,100.9979248046875,155.0934333325597,4,True,0.6990000009536743,1,0,0,-1,0,0.0,0.0,0.0,0,0,nan,nan,nan,94,26.299999237060547,0.0,31.0,0,28,-,SELECT OWNER FIRST,
2026-07-10T01:22:58.711,2056.711,mission_20260710_004842_manual,MANUAL,,0,13.330327987670898,100.99791717529297,155.0898543134346,4,True,0.6987500190734863,1,0,0,-1,0,0.0,0.0,0.0,0,0,nan,nan,nan,94,26.299999237060547,0.0,31.0,0,28,-,SELECT OWNER FIRST,
2026-07-10T01:23:00.903,2058.904,mission_20260710_004842_manual,MANUAL,,0,13.330327987670898,100.99791717529297,155.09826910649207,4,True,0.6984999775886536,1,0,0,-1,0,0.0,0.0,0.0,0,0,nan,nan,nan,94,26.299999237060547,0.0,31.0,0,27,-,SELECT OWNER FIRST,
2026-07-10T01:23:02.905,2060.905,mission_20260710_004842_manual,MANUAL,,0,13.330327987670898,100.99790954589844,155.10191642750885,4,True,0.6972500085830688,1,0,0,-1,0,0.0,0.0,0.0,0,0,nan,nan,nan,94,26.299999237060547,0.0,31.0,0,27,-,SELECT OWNER FIRST,
2026-07-10T01:23:04.907,2062.907,mission_20260710_004842_manual,MANUAL,,0,13.330327987670898,100.99790954589844,155.10106948405178,4,True,0.6972500085830688,1,0,0,-1,0,0.0,0.0,0.0,0,0,nan,nan,nan,94,26.299999237060547,0.0,31.0,0,27,-,SELECT OWNER FIRST,
2026-07-10T01:23:06.910,2064.91,mission_20260710_004842_manual,MANUAL,,0,13.330328941345215,100.99790954589844,155.0967118233613,4,True,0.6982499957084656,1,0,0,-1,0,0.0,0.0,0.0,0,0,nan,nan,nan,94,26.299999237060547,0.0,31.0,0,26,-,SELECT OWNER FIRST,
2026-07-10T01:23:09.102,2067.103,mission_20260710_004842_manual,MANUAL,,0,13.330328941345215,100.99790954589844,155.09167114375384,4,True,0.6965000033378601,1,0,0,-1,0,0.0,0.0,0.0,0,0,nan,nan,nan,94,26.299999237060547,0.0,31.0,0,27,-,SELECT OWNER FIRST,
2026-07-10T01:23:11.108,2069.108,mission_20260710_004842_manual,MANUAL,,0,13.330328941345215,100.99790954589844,155.08011446367817,4,True,0.6990000009536743,1,0,0,-1,0,0.0,0.0,0.0,0,0,nan,nan,nan,94,26.299999237060547,0.0,31.0,0,27,-,SELECT OWNER FIRST,
2026-07-10T01:23:13.303,2071.304,mission_20260710_004842_manual,MANUAL,,0,13.330329895019531,100.9979019165039,155.07067514224522,4,True,0.6997500061988831,1,0,0,-1,0,0.0,0.0,0.0,0,0,nan,nan,nan,94,26.299999237060547,0.0,31.0,0,28,-,SELECT OWNER FIRST,
2026-07-10T01:23:15.305,2073.305,mission_20260710_004842_manual,MANUAL,,0,13.330329895019531,100.9979019165039,155.06120850005559,4,True,0.6982499957084656,1,0,0,-1,0,0.0,0.0,0.0,0,0,nan,nan,nan,94,26.299999237060547,0.0,31.0,0,27,-,SELECT OWNER FIRST,
2026-07-10T01:23:17.314,2075.314,mission_20260710_004842_manual,MANUAL,,0,13.330329895019531,100.9979019165039,155.04763008398558,4,True,0.6974999904632568,1,0,0,-1,0,0.0,0.0,0.0,0,0,nan,nan,nan,94,26.299999237060547,0.0,31.0,0,27,-,SELECT OWNER FIRST,
2026-07-10T01:23:19.502,2077.503,mission_20260710_004842_manual,MANUAL,,0,13.330330848693848,100.9979019165039,155.0481491783625,4,True,0.6995000243186951,1,0,0,-1,0,0.0,0.0,0.0,0,0,nan,nan,nan,94,26.299999237060547,0.0,31.0,0,25,-,SELECT OWNER FIRST,
2026-07-10T01:23:21.700,2079.701,mission_20260710_004842_manual,MANUAL,,0,13.330330848693848,100.9979019165039,155.03996661173684,4,True,0.6997500061988831,1,0,0,-1,0,0.0,0.0,0.0,0,0,nan,nan,nan,94,26.299999237060547,0.0,31.0,0,26,-,SELECT OWNER FIRST,
2026-07-10T01:23:23.897,2081.898,mission_20260710_004842_manual,MANUAL,,0,13.330330848693848,100.9979019165039,155.0445974799941,4,True,0.6997500061988831,1,0,0,-1,0,0.0,0.0,0.0,0,0,nan,nan,nan,94,26.299999237060547,0.0,31.0,0,26,-,SELECT OWNER FIRST,
2026-07-10T01:23:25.899,2083.9,mission_20260710_004842_manual,MANUAL,,0,13.330330848693848,100.9979019165039,155.05448759391228,4,True,0.6982499957084656,1,0,0,-1,0,0.0,0.0,0.0,0,0,nan,nan,nan,94,26.299999237060547,0.0,31.0,0,25,-,SELECT OWNER FIRST,
2026-07-10T01:23:27.904,2085.905,mission_20260710_004842_manual,MANUAL,,0,13.330330848693848,100.9979019165039,155.04825846138922,4,True,0.6990000009536743,1,0,0,-1,0,0.0,0.0,0.0,0,0,nan,nan,nan,94,26.299999237060547,0.0,31.0,0,25,-,SELECT OWNER FIRST,
2026-07-10T01:23:30.098,2088.098,mission_20260710_004842_manual,MANUAL,,0,13.330330848693848,100.99789428710938,155.0454171026945,4,True,0.699999988079071,1,0,0,-1,0,0.0,0.0,0.0,0,0,nan,nan,nan,94,26.299999237060547,0.0,31.0,0,25,-,SELECT OWNER FIRST,
2026-07-10T01:23:32.110,2090.111,mission_20260710_004842_manual,MANUAL,,0,13.330330848693848,100.99789428710938,155.04746615944552,4,True,0.6984999775886536,1,0,0,-1,0,0.0,0.0,0.0,0,0,nan,nan,nan,94,26.299999237060547,0.0,31.0,0,26,-,SELECT OWNER FIRST,
2026-07-10T01:23:34.298,2092.298,mission_20260710_004842_manual,MANUAL,,0,13.330330848693848,100.99789428710938,155.0509358955439,4,True,0.6974999904632568,1,0,0,-1,0,0.0,0.0,0.0,0,0,nan,nan,nan,94,26.299999237060547,0.0,31.0,0,26,-,SELECT OWNER FIRST,
2026-07-10T01:23:36.305,2094.306,mission_20260710_004842_manual,MANUAL,,0,13.330330848693848,100.99789428710938,155.05116812197565,4,True,0.6984999775886536,1,0,0,-1,0,0.0,0.0,0.0,0,0,nan,nan,nan,94,26.299999237060547,0.0,31.0,0,26,-,SELECT OWNER FIRST,
2026-07-10T01:23:38.499,2096.499,mission_20260710_004842_manual,MANUAL,,0,13.330331802368164,100.99789428710938,155.03089612051906,4,True,0.6990000009536743,1,0,0,-1,0,0.0,0.0,0.0,0,0,nan,nan,nan,94,26.299999237060547,0.0,31.0,0,27,-,SELECT OWNER FIRST,
2026-07-10T01:23:40.500,2098.5,mission_20260710_004842_manual,MANUAL,,0,13.33033275604248,100.99789428710938,155.02108796887092,4,True,0.6995000243186951,1,0,0,-1,0,0.0,0.0,0.0,0,0,nan,nan,nan,94,26.299999237060547,0.0,31.0,0,27,-,SELECT OWNER FIRST,
2026-07-10T01:23:42.695,2100.695,mission_20260710_004842_manual,MANUAL,,0,13.330333709716797,100.99789428710938,155.01907989325494,4,True,0.6990000009536743,1,0,0,-1,0,0.0,0.0,0.0,0,0,nan,nan,nan,94,26.299999237060547,0.0,31.0,0,27,-,SELECT OWNER FIRST,
2026-07-10T01:23:44.697,2102.697,mission_20260710_004842_manual,MANUAL,,0,13.330334663391113,100.99789428710938,155.01767287428592,4,True,0.6992499828338623,1,0,0,-1,0,0.0,0.0,0.0,0,0,nan,nan,nan,94,26.299999237060547,0.0,31.0,0,26,-,SELECT OWNER FIRST,
2026-07-10T01:23:46.896,2104.896,mission_20260710_004842_manual,MANUAL,,0,13.33033561706543,100.99789428710938,155.02239936519157,4,True,0.699999988079071,1,0,0,-1,0,0.0,0.0,0.0,0,0,nan,nan,nan,94,26.299999237060547,0.0,31.0,0,27,-,SELECT OWNER FIRST,
2026-07-10T01:23:48.896,2106.897,mission_20260710_004842_manual,MANUAL,,0,13.330337524414062,100.99789428710938,155.02787717690592,4,True,0.6987500190734863,1,0,0,-1,0,0.0,0.0,0.0,0,0,nan,nan,nan,94,26.299999237060547,0.0,31.0,0,28,-,SELECT OWNER FIRST,
2026-07-10T01:23:50.901,2108.901,mission_20260710_004842_manual,MANUAL,,0,13.330338478088379,100.99789428710938,155.04219325340625,4,True,0.6970000267028809,1,0,0,-1,0,0.0,0.0,0.0,0,0,nan,nan,nan,94,26.299999237060547,0.0,31.0,0,28,-,SELECT OWNER FIRST,
2026-07-10T01:23:53.093,2111.093,mission_20260710_004842_manual,MANUAL,,0,13.330339431762695,100.99789428710938,155.04267136664816,4,True,0.6992499828338623,1,0,0,-1,0,0.0,0.0,0.0,0,0,nan,nan,nan,94,26.299999237060547,0.0,31.0,0,28,-,SELECT OWNER FIRST,
2026-07-10T01:23:55.097,2113.098,mission_20260710_004842_manual,MANUAL,,0,13.330340385437012,100.99789428710938,155.0480808764708,4,True,0.6977499723434448,1,0,0,-1,0,0.0,0.0,0.0,0,0,nan,nan,nan,94,26.299999237060547,0.0,31.0,0,28,-,SELECT OWNER FIRST,
2026-07-10T01:23:57.097,2115.098,mission_20260710_004842_manual,MANUAL,,0,13.330341339111328,100.99789428710938,155.0427260081615,4,True,0.6980000138282776,1,0,0,-1,0,0.0,0.0,0.0,0,0,nan,nan,nan,94,26.299999237060547,0.0,31.0,0,29,-,SELECT OWNER FIRST,
2026-07-10T01:23:59.292,2117.293,mission_20260710_004842_manual,MANUAL,,0,13.330343246459961,100.99789428710938,155.04235717794634,4,True,0.6977499723434448,1,0,0,-1,0,0.0,0.0,0.0,0,0,nan,nan,nan,94,26.299999237060547,0.0,31.0,0,29,-,SELECT OWNER FIRST,
2026-07-10T01:24:01.292,2119.293,mission_20260710_004842_manual,MANUAL,,0,13.330344200134277,100.99789428710938,155.04761642360725,4,True,0.6992499828338623,1,0,0,-1,0,0.0,0.0,0.0,0,0,nan,nan,nan,94,26.299999237060547,0.0,31.0,0,28,-,SELECT OWNER FIRST,
2026-07-10T01:24:03.293,2121.293,mission_20260710_004842_manual,MANUAL,,0,13.330344200134277,100.99789428710938,155.03478932834597,4,True,0.7005000114440918,1,0,0,-1,0,0.0,0.0,0.0,0,0,nan,nan,nan,94,26.299999237060547,0.0,31.0,0,28,-,SELECT OWNER FIRST,
2026-07-10T01:24:05.295,2123.295,mission_20260710_004842_manual,MANUAL,,0,13.33034610748291,100.99789428710938,155.03278125273,4,True,0.6987500190734863,1,0,0,-1,0,0.0,0.0,0.0,0,0,nan,nan,nan,94,26.299999237060547,0.0,31.0,0,26,-,SELECT OWNER FIRST,
2026-07-10T01:24:07.298,2125.299,mission_20260710_004842_manual,MANUAL,,0,13.330347061157227,100.9979019165039,155.02873778074132,4,True,0.7014999985694885,1,0,0,-1,0,0.0,0.0,0.0,0,0,nan,nan,nan,94,26.299999237060547,0.0,31.0,0,27,-,SELECT OWNER FIRST,
2026-07-10T01:24:09.492,2127.493,mission_20260710_004842_manual,MANUAL,,0,13.330347061157227,100.9979019165039,155.02197589346304,4,True,0.6984999775886536,1,0,0,-1,0,0.0,0.0,0.0,0,0,nan,nan,nan,94,26.299999237060547,0.0,31.0,0,25,-,SELECT OWNER FIRST,
2026-07-10T01:24:11.690,2129.69,mission_20260710_004842_manual,MANUAL,,0,13.330347061157227,100.9979019165039,155.01806902525777,4,True,0.6984999775886536,1,0,0,-1,0,0.0,0.0,0.0,0,0,nan,nan,nan,94,26.299999237060547,0.0,31.0,0,26,-,SELECT OWNER FIRST,
2026-07-10T01:24:13.887,2131.887,mission_20260710_004842_manual,MANUAL,,0,13.330347061157227,100.9979019165039,155.00130774103457,4,True,0.6984999775886536,1,0,0,-1,0,0.0,0.0,0.0,0,0,nan,nan,nan,94,26.299999237060547,0.0,31.0,0,28,-,SELECT OWNER FIRST,
2026-07-10T01:24:15.896,2133.896,mission_20260710_004842_manual,MANUAL,,0,13.33034896850586,100.9979019165039,154.99181377808824,4,True,0.6967499852180481,1,0,0,-1,0,0.0,0.0,0.0,0,0,nan,nan,nan,94,26.299999237060547,0.0,31.0,0,28,-,SELECT OWNER FIRST,
2026-07-10T01:24:18.085,2136.086,mission_20260710_004842_manual,MANUAL,,0,13.33034896850586,100.99790954589844,154.98663649469736,4,True,0.6987500190734863,1,0,0,-1,0,0.0,0.0,0.0,0,0,nan,nan,nan,94,26.299999237060547,0.0,31.0,0,28,-,SELECT OWNER FIRST,
2026-07-10T01:24:20.086,2138.086,mission_20260710_004842_manual,MANUAL,,0,13.330348014831543,100.99790954589844,154.9822105321152,4,True,0.6987500190734863,1,0,0,-1,0,0.0,0.0,0.0,0,0,nan,nan,nan,94,26.299999237060547,0.0,31.0,0,28,-,SELECT OWNER FIRST,
2026-07-10T01:24:22.087,2140.087,mission_20260710_004842_manual,MANUAL,,0,13.33034896850586,100.99790954589844,154.98292087178888,4,True,0.6987500190734863,1,0,0,-1,0,0.0,0.0,0.0,0,0,nan,nan,nan,94,26.299999237060547,0.0,31.0,0,29,-,SELECT OWNER FIRST,
2026-07-10T01:24:24.087,2142.088,mission_20260710_004842_manual,MANUAL,,0,13.330349922180176,100.99790954589844,154.98327604162574,4,True,0.6995000243186951,1,0,0,-1,0,0.0,0.0,0.0,0,0,nan,nan,nan,94,26.299999237060547,0.0,31.0,0,27,-,SELECT OWNER FIRST,
2026-07-10T01:24:26.091,2144.091,mission_20260710_004842_manual,MANUAL,,0,13.330349922180176,100.99790954589844,154.98115868298302,4,True,0.6992499828338623,1,0,0,-1,0,0.0,0.0,0.0,0,0,nan,nan,nan,94,26.299999237060547,0.0,31.0,0,29,-,SELECT OWNER FIRST,
2026-07-10T01:24:28.287,2146.287,mission_20260710_004842_manual,MANUAL,,0,13.330349922180176,100.99790954589844,154.9807488716328,4,True,0.6992499828338623,1,0,0,-1,0,0.0,0.0,0.0,0,0,nan,nan,nan,94,26.299999237060547,0.0,31.0,0,29,-,SELECT OWNER FIRST,
2026-07-10T01:24:30.303,2148.304,mission_20260710_004842_manual,MANUAL,,0,13.33034896850586,100.99790954589844,154.9767463807792,4,True,0.6990000009536743,1,0,0,-1,0,0.0,0.0,0.0,0,0,nan,nan,nan,94,26.299999237060547,0.0,31.0,0,29,-,SELECT OWNER FIRST,
2026-07-10T01:24:32.487,2150.487,mission_20260710_004842_manual,MANUAL,,0,13.33034896850586,100.99790954589844,154.97128222944318,4,True,0.6980000138282776,1,0,0,-1,0,0.0,0.0,0.0,0,0,nan,nan,nan,94,26.299999237060547,0.0,31.0,0,28,-,SELECT OWNER FIRST,
2026-07-10T01:24:34.490,2152.49,mission_20260710_004842_manual,MANUAL,,0,13.330349922180176,100.99790954589844,154.9602583041228,4,True,0.6965000033378601,1,0,0,-1,0,0.0,0.0,0.0,0,0,nan,nan,nan,94,26.299999237060547,0.0,31.0,0,28,-,SELECT OWNER FIRST,
2026-07-10T01:24:36.490,2154.49,mission_20260710_004842_manual,MANUAL,,0,13.330349922180176,100.99790954589844,154.94561437854227,4,True,0.6987500190734863,1,0,0,-1,0,0.0,0.0,0.0,0,0,nan,nan,nan,94,26.299999237060547,0.0,31.0,0,28,-,SELECT OWNER FIRST,
2026-07-10T01:24:38.490,2156.49,mission_20260710_004842_manual,MANUAL,,0,13.330352783203125,100.99790954589844,154.95079166193315,4,True,0.699999988079071,1,0,0,-1,0,0.0,0.0,0.0,0,0,nan,nan,nan,94,26.299999237060547,0.0,31.0,0,29,-,SELECT OWNER FIRST,
2026-07-10T01:24:40.491,2158.492,mission_20260710_004842_manual,MANUAL,,0,13.330351829528809,100.99791717529297,154.9495485675042,4,True,0.6977499723434448,1,0,0,-1,0,0.0,0.0,0.0,0,0,nan,nan,nan,94,26.299999237060547,0.0,31.0,0,28,-,SELECT OWNER FIRST,
2026-07-10T01:24:42.493,2160.494,mission_20260710_004842_manual,MANUAL,,0,13.330351829528809,100.99791717529297,154.94937098258578,4,True,0.6990000009536743,1,0,0,-1,0,0.0,0.0,0.0,0,0,nan,nan,nan,94,26.299999237060547,0.0,31.0,0,28,-,SELECT OWNER FIRST,
2026-07-10T01:24:44.684,2162.684,mission_20260710_004842_manual,MANUAL,,0,13.330351829528809,100.99791717529297,154.95366034138456,4,True,0.6987500190734863,1,0,0,-1,0,0.0,0.0,0.0,0,0,nan,nan,nan,94,26.299999237060547,0.0,31.0,0,28,-,SELECT OWNER FIRST,
2026-07-10T01:24:46.879,2164.88,mission_20260710_004842_manual,MANUAL,,0,13.330351829528809,100.99791717529297,154.9615287193084,4,True,0.6997500061988831,1,0,0,-1,0,0.0,0.0,0.0,0,0,nan,nan,nan,94,26.299999237060547,0.0,31.0,0,28,-,SELECT OWNER FIRST,
2026-07-10T01:24:48.880,2166.88,mission_20260710_004842_manual,MANUAL,,0,13.330351829528809,100.99791717529297,154.9633318892493,4,True,0.699999988079071,1,0,0,-1,0,0.0,0.0,0.0,0,0,nan,nan,nan,94,26.299999237060547,0.0,31.0,0,29,-,SELECT OWNER FIRST,
2026-07-10T01:24:50.880,2168.881,mission_20260710_004842_manual,MANUAL,,0,13.330351829528809,100.99791717529297,154.95797702094,4,True,0.6982499957084656,1,0,0,-1,0,0.0,0.0,0.0,0,0,nan,nan,nan,94,26.299999237060547,0.0,31.0,0,28,-,SELECT OWNER FIRST,
2026-07-10T01:24:52.882,2170.882,mission_20260710_004842_manual,MANUAL,,0,13.330354690551758,100.99791717529297,154.97402796548954,4,True,0.7005000114440918,1,0,0,-1,0,0.0,0.0,0.0,0,0,nan,nan,nan,94,26.299999237060547,0.0,31.0,0,29,-,SELECT OWNER FIRST,
2026-07-10T01:24:55.080,2173.08,mission_20260710_004842_manual,MANUAL,,0,13.330357551574707,100.99791717529297,154.99689543883073,4,True,0.699999988079071,1,0,0,-1,0,0.0,0.0,0.0,0,0,nan,nan,nan,94,26.299999237060547,0.0,31.0,0,30,-,SELECT OWNER FIRST,
2026-07-10T01:24:57.086,2175.087,mission_20260710_004842_manual,MANUAL,,0,13.330358505249023,100.99791717529297,155.01268683619182,4,True,0.6974999904632568,1,0,0,-1,0,0.0,0.0,0.0,0,0,nan,nan,nan,94,26.299999237060547,0.0,31.0,0,30,-,SELECT OWNER FIRST,
2026-07-10T01:24:59.280,2177.28,mission_20260710_004842_manual,MANUAL,,0,13.33035945892334,100.99791717529297,155.02917491284822,4,True,0.6967499852180481,1,0,0,-1,0,0.0,0.0,0.0,0,0,nan,nan,nan,94,26.299999237060547,0.0,31.0,0,30,-,SELECT OWNER FIRST,
2026-07-10T01:25:01.281,2179.281,mission_20260710_004842_manual,MANUAL,,0,13.33035945892334,100.99791717529297,155.0376306870407,4,True,0.6990000009536743,1,0,0,-1,0,0.0,0.0,0.0,0,0,nan,nan,nan,94,26.299999237060547,0.0,31.0,0,30,-,SELECT OWNER FIRST,
2026-07-10T01:25:03.480,2181.481,mission_20260710_004842_manual,MANUAL,,0,13.330360412597656,100.99791717529297,155.0439144610771,4,True,0.6962500214576721,1,0,0,-1,0,0.0,0.0,0.0,0,0,nan,nan,nan,94,26.299999237060547,0.0,31.0,0,29,-,SELECT OWNER FIRST,
2026-07-10T01:25:05.482,2183.483,mission_20260710_004842_manual,MANUAL,,0,13.330362319946289,100.99791717529297,155.05836714136086,4,True,0.6970000267028809,1,0,0,-1,0,0.0,0.0,0.0,0,0,nan,nan,nan,94,26.299999237060547,0.0,31.0,0,29,-,SELECT OWNER FIRST,
2026-07-10T01:25:07.482,2185.483,mission_20260710_004842_manual,MANUAL,,0,13.330363273620605,100.99791717529297,155.06280676432135,4,True,0.699999988079071,1,0,0,-1,0,0.0,0.0,0.0,0,0,nan,nan,nan,94,26.299999237060547,0.0,31.0,0,29,-,SELECT OWNER FIRST,
2026-07-10T01:25:09.488,2187.489,mission_20260710_004842_manual,MANUAL,,0,13.330364227294922,100.99791717529297,155.06986917992316,4,True,0.6987500190734863,1,0,0,-1,0,0.0,0.0,0.0,0,0,nan,nan,nan,94,26.299999237060547,0.0,31.0,0,29,-,SELECT OWNER FIRST,
2026-07-10T01:25:11.678,2189.678,mission_20260710_004842_manual,MANUAL,,0,13.330365180969238,100.99791717529297,155.0722051046193,4,True,0.7002500295639038,1,0,0,-1,0,0.0,0.0,0.0,0,0,nan,nan,nan,94,26.299999237060547,0.0,31.0,0,29,-,SELECT OWNER FIRST,
2026-07-10T01:25:13.678,2191.678,mission_20260710_004842_manual,MANUAL,,0,13.330365180969238,100.99791717529297,155.07264223672618,4,True,0.6972500085830688,1,0,0,-1,0,0.0,0.0,0.0,0,0,nan,nan,nan,94,26.299999237060547,0.0,31.0,0,29,-,SELECT OWNER FIRST,
2026-07-10T01:25:15.683,2193.683,mission_20260710_004842_manual,MANUAL,,0,13.330366134643555,100.99791717529297,155.08301046388627,4,True,0.6980000138282776,1,0,0,-1,0,0.0,0.0,0.0,0,0,nan,nan,nan,94,26.299999237060547,0.0,31.0,0,28,-,SELECT OWNER FIRST,
2026-07-10T01:25:17.874,2195.874,mission_20260710_004842_manual,MANUAL,,0,13.330366134643555,100.99791717529297,155.08500487912391,4,True,0.6980000138282776,1,0,0,-1,0,0.0,0.0,0.0,0,0,nan,nan,nan,94,26.299999237060547,0.0,31.0,0,29,-,SELECT OWNER FIRST,
2026-07-10T01:25:19.881,2197.881,mission_20260710_004842_manual,MANUAL,,0,13.330366134643555,100.99791717529297,155.09587854028257,4,True,0.7002500295639038,1,0,0,-1,0,0.0,0.0,0.0,0,0,nan,nan,nan,94,26.299999237060547,0.0,31.0,0,29,-,SELECT OWNER FIRST,
2026-07-10T01:25:22.072,2200.073,mission_20260710_004842_manual,MANUAL,,0,13.330366134643555,100.99791717529297,155.09509989871717,4,True,0.7005000114440918,1,0,0,-1,0,0.0,0.0,0.0,0,0,nan,nan,nan,94,26.299999237060547,0.0,31.0,0,30,-,SELECT OWNER FIRST,
2026-07-10T01:25:24.072,2202.073,mission_20260710_004842_manual,MANUAL,,0,13.330367088317871,100.99791717529297,155.10631506933433,4,True,0.6980000138282776,1,0,0,-1,0,0.0,0.0,0.0,0,0,nan,nan,nan,94,26.299999237060547,0.0,31.0,0,29,-,SELECT OWNER FIRST,
2026-07-10T01:25:26.073,2204.073,mission_20260710_004842_manual,MANUAL,,0,13.330367088317871,100.99791717529297,155.12489318387676,4,True,0.6984999775886536,1,0,0,-1,0,0.0,0.0,0.0,0,0,nan,nan,nan,94,26.299999237060547,0.0,31.0,0,30,-,SELECT OWNER FIRST,
2026-07-10T01:25:28.073,2206.074,mission_20260710_004842_manual,MANUAL,,0,13.330368041992188,100.9979248046875,155.1395780905923,4,True,0.7009999752044678,1,0,0,-1,0,0.0,0.0,0.0,0,0,nan,nan,nan,94,26.299999237060547,0.0,31.0,0,29,-,SELECT OWNER FIRST,
2026-07-10T01:25:30.274,2208.274,mission_20260710_004842_manual,MANUAL,,0,13.330368041992188,100.9979248046875,155.14304782669066,4,True,0.6992499828338623,1,0,0,-1,0,0.0,0.0,0.0,0,0,nan,nan,nan,94,26.299999237060547,0.0,31.0,0,29,-,SELECT OWNER FIRST,
2026-07-10T01:25:32.280,2210.281,mission_20260710_004842_manual,MANUAL,,0,13.330367088317871,100.9979248046875,155.14337567577084,4,True,0.6987500190734863,1,0,0,-1,0,0.0,0.0,0.0,0,0,nan,nan,nan,94,26.299999237060547,0.0,31.0,0,29,-,SELECT OWNER FIRST,
2026-07-10T01:25:34.475,2212.475,mission_20260710_004842_manual,MANUAL,,0,13.330368041992188,100.9979248046875,155.15519190303496,4,True,0.6967499852180481,1,0,0,-1,0,0.0,0.0,0.0,0,0,nan,nan,nan,94,26.299999237060547,0.0,31.0,0,29,-,SELECT OWNER FIRST,
2026-07-10T01:25:36.672,2214.672,mission_20260710_004842_manual,MANUAL,,0,13.330368041992188,100.9979248046875,155.16918013045515,4,True,0.6997500061988831,1,0,0,-1,0,0.0,0.0,0.0,0,0,nan,nan,nan,94,26.299999237060547,0.0,31.0,0,29,-,SELECT OWNER FIRST,
2026-07-10T01:25:38.868,2216.869,mission_20260710_004842_manual,MANUAL,,0,13.330368041992188,100.9979248046875,155.1783462443213,4,True,0.6962500214576721,1,0,0,-1,0,0.0,0.0,0.0,0,0,nan,nan,nan,94,26.299999237060547,0.0,31.0,0,29,-,SELECT OWNER FIRST,
2026-07-10T01:25:40.871,2218.871,mission_20260710_004842_manual,MANUAL,,0,13.330368995666504,100.99793243408203,155.17542292335654,4,True,0.6990000009536743,1,0,0,-1,0,0.0,0.0,0.0,0,0,nan,nan,nan,94,26.299999237060547,0.0,31.0,0,29,-,SELECT OWNER FIRST,
2026-07-10T01:25:42.957,2220.957,mission_20260710_004842_manual,MANUAL,,0,13.330368995666504,100.99793243408203,155.1737700175774,4,True,0.6995000243186951,1,0,0,-1,0,0.0,0.0,0.0,0,0,nan,nan,nan,94,26.299999237060547,0.0,31.0,0,29,-,SELECT OWNER FIRST,
2026-07-10T01:25:44.959,2222.959,mission_20260710_004842_manual,MANUAL,,0,13.33036994934082,100.99793243408203,155.18687032040546,4,True,0.6982499957084656,1,0,0,-1,0,0.0,0.0,0.0,0,0,nan,nan,nan,94,26.299999237060547,0.0,31.0,0,29,-,SELECT OWNER FIRST,
2026-07-10T01:25:46.960,2224.96,mission_20260710_004842_manual,MANUAL,,0,13.330371856689453,100.99793243408203,155.18710254683725,4,True,0.6997500061988831,1,0,0,-1,0,0.0,0.0,0.0,0,0,nan,nan,nan,94,26.299999237060547,0.0,31.0,0,28,-,SELECT OWNER FIRST,
2026-07-10T01:25:49.159,2227.16,mission_20260710_004842_manual,MANUAL,,0,13.33037281036377,100.99793243408203,155.19003952818036,4,True,0.7002500295639038,1,0,0,-1,0,0.0,0.0,0.0,0,0,nan,nan,nan,94,26.299999237060547,0.0,31.0,0,28,-,SELECT OWNER FIRST,
2026-07-10T01:25:51.176,2229.177,mission_20260710_004842_manual,MANUAL,,0,13.330373764038086,100.99793243408203,155.1879085091593,4,True,0.7017499804496765,1,0,0,-1,0,0.0,0.0,0.0,0,0,nan,nan,nan,94,26.299999237060547,0.0,31.0,0,29,-,SELECT OWNER FIRST,
2026-07-10T01:25:53.356,2231.356,mission_20260710_004842_manual,MANUAL,,0,13.330374717712402,100.99793243408203,155.20275734041493,4,True,0.7002500295639038,1,0,0,-1,0,0.0,0.0,0.0,0,0,nan,nan,nan,94,26.299999237060547,0.0,31.0,0,28,-,SELECT OWNER FIRST,
2026-07-10T01:25:55.356,2233.357,mission_20260710_004842_manual,MANUAL,,0,13.330375671386719,100.99793243408203,155.19645990600017,4,True,0.6982499957084656,1,0,0,-1,0,0.0,0.0,0.0,0,0,nan,nan,nan,94,26.299999237060547,0.0,31.0,0,30,-,SELECT OWNER FIRST,
2026-07-10T01:25:57.357,2235.358,mission_20260710_004842_manual,MANUAL,,0,13.330376625061035,100.99793243408203,155.2024431517131,4,True,0.6997500061988831,1,0,0,-1,0,0.0,0.0,0.0,0,0,nan,nan,nan,94,26.299999237060547,0.0,31.0,0,30,-,SELECT OWNER FIRST,
2026-07-10T01:25:59.553,2237.554,mission_20260710_004842_manual,MANUAL,,0,13.330377578735352,100.9979248046875,155.20682813316026,4,True,0.6992499828338623,1,0,0,-1,0,0.0,0.0,0.0,0,0,nan,nan,nan,94,26.299999237060547,0.0,31.0,0,28,-,SELECT OWNER FIRST,
2026-07-10T01:26:01.555,2239.556,mission_20260710_004842_manual,MANUAL,,0,13.330377578735352,100.9979248046875,155.2135626996819,4,True,0.6990000009536743,1,0,0,-1,0,0.0,0.0,0.0,0,0,nan,nan,nan,94,26.299999237060547,0.0,31.0,0,28,-,SELECT OWNER FIRST,
2026-07-10T01:26:03.560,2241.561,mission_20260710_004842_manual,MANUAL,,0,13.330377578735352,100.9979248046875,155.21268843546812,4,True,0.7020000219345093,1,0,0,-1,0,0.0,0.0,0.0,0,0,nan,nan,nan,94,26.299999237060547,0.0,31.0,0,28,-,SELECT OWNER FIRST,
2026-07-10T01:26:05.560,2243.561,mission_20260710_004842_manual,MANUAL,,0,13.330376625061035,100.9979248046875,155.19912367977648,4,True,0.6987500190734863,1,0,0,-1,0,0.0,0.0,0.0,0,0,nan,nan,nan,94,26.299999237060547,0.0,31.0,0,28,-,SELECT OWNER FIRST,
2026-07-10T01:26:07.755,2245.755,mission_20260710_004842_manual,MANUAL,,0,13.330375671386719,100.9979248046875,155.19204760379634,4,True,0.6984999775886536,1,0,0,-1,0,0.0,0.0,0.0,0,0,nan,nan,nan,94,26.299999237060547,0.0,31.0,0,28,-,SELECT OWNER FIRST,
2026-07-10T01:26:09.765,2247.766,mission_20260710_004842_manual,MANUAL,,0,13.330374717712402,100.9979248046875,155.1917197547162,4,True,0.6987500190734863,1,0,0,-1,0,0.0,0.0,0.0,0,0,nan,nan,nan,94,26.299999237060547,0.0,31.0,0,26,-,SELECT OWNER FIRST,
2026-07-10T01:26:11.951,2249.952,mission_20260710_004842_manual,MANUAL,,0,13.33037281036377,100.99791717529297,155.18027235766723,4,True,0.7005000114440918,1,0,0,-1,0,0.0,0.0,0.0,0,0,nan,nan,nan,94,26.299999237060547,0.0,31.0,0,27,-,SELECT OWNER FIRST,
2026-07-10T01:26:13.956,2251.956,mission_20260710_004842_manual,MANUAL,,0,13.330371856689453,100.99791717529297,155.1792341689134,4,True,0.7007499933242798,1,0,0,-1,0,0.0,0.0,0.0,0,0,nan,nan,nan,94,26.299999237060547,0.0,31.0,0,26,-,SELECT OWNER FIRST,
2026-07-10T01:26:16.151,2254.152,mission_20260710_004842_manual,MANUAL,,0,13.33036994934082,100.99791717529297,155.1729230741203,4,True,0.6992499828338623,1,0,0,-1,0,0.0,0.0,0.0,0,0,nan,nan,nan,94,26.299999237060547,0.0,31.0,0,25,-,SELECT OWNER FIRST,
2026-07-10T01:26:18.154,2256.155,mission_20260710_004842_manual,MANUAL,,0,13.330366134643555,100.99791717529297,155.1552055634133,4,True,0.7007499933242798,1,0,0,-1,0,0.0,0.0,0.0,0,0,nan,nan,nan,94,26.299999237060547,0.0,31.0,0,25,-,SELECT OWNER FIRST,
2026-07-10T01:26:20.156,2258.156,mission_20260710_004842_manual,MANUAL,,0,13.330368041992188,100.99791717529297,155.15157190277483,4,True,0.6987500190734863,1,0,0,-1,0,0.0,0.0,0.0,0,0,nan,nan,nan,94,26.299999237060547,0.0,31.0,0,24,-,SELECT OWNER FIRST,
2026-07-10T01:26:22.160,2260.16,mission_20260710_004842_manual,MANUAL,,0,13.330365180969238,100.99791717529297,155.15293794060884,4,True,0.6992499828338623,1,0,0,-1,0,0.0,0.0,0.0,0,0,nan,nan,nan,94,26.299999237060547,0.0,31.0,0,24,-,SELECT OWNER FIRST,
2026-07-10T01:26:24.349,2262.35,mission_20260710_004842_manual,MANUAL,,0,13.330363273620605,100.99790954589844,155.1440177135528,4,True,0.6990000009536743,1,0,0,-1,0,0.0,0.0,0.0,0,0,nan,nan,nan,94,26.299999237060547,0.0,31.0,0,24,-,SELECT OWNER FIRST,
2026-07-10T01:26:26.549,2264.549,mission_20260710_004842_manual,MANUAL,,0,13.330361366271973,100.99790954589844,155.13460571287652,4,True,0.6965000033378601,1,0,0,-1,0,0.0,0.0,0.0,0,0,nan,nan,nan,94,26.299999237060547,0.0,31.0,0,24,-,SELECT OWNER FIRST,
2026-07-10T01:26:28.551,2266.551,mission_20260710_004842_manual,MANUAL,,0,13.330358505249023,100.99790954589844,155.13348556185264,4,True,0.6987500190734863,1,0,0,-1,0,0.0,0.0,0.0,0,0,nan,nan,nan,94,26.299999237060547,0.0,31.0,0,24,-,SELECT OWNER FIRST,
2026-07-10T01:26:30.554,2268.554,mission_20260710_004842_manual,MANUAL,,0,13.33035659790039,100.99790954589844,155.1414495624249,4,True,0.6987500190734863,1,0,0,-1,0,0.0,0.0,0.0,0,0,nan,nan,nan,94,26.299999237060547,0.0,31.0,0,26,-,SELECT OWNER FIRST,
2026-07-10T01:26:32.555,2270.555,mission_20260710_004842_manual,MANUAL,,0,13.330355644226074,100.9979019165039,155.15685846919243,4,True,0.7005000114440918,1,0,0,-1,0,0.0,0.0,0.0,0,0,nan,nan,nan,94,26.299999237060547,0.0,31.0,0,25,-,SELECT OWNER FIRST,
2026-07-10T01:26:34.555,2272.556,mission_20260710_004842_manual,MANUAL,,0,13.330353736877441,100.9979019165039,155.1530882047706,4,True,0.7014999985694885,1,0,0,-1,0,0.0,0.0,0.0,0,0,nan,nan,nan,94,26.299999237060547,0.0,31.0,0,26,-,SELECT OWNER FIRST,
2026-07-10T01:26:36.559,2274.56,mission_20260710_004842_manual,MANUAL,,0,13.330350875854492,100.9979019165039,155.14047967556274,4,True,0.7002500295639038,1,0,0,-1,0,0.0,0.0,0.0,0,0,nan,nan,nan,94,26.299999237060547,0.0,31.0,0,26,-,SELECT OWNER FIRST,
2026-07-10T01:26:38.749,2276.749,mission_20260710_004842_manual,MANUAL,,0,13.33034896850586,100.9979019165039,155.13017975029436,4,True,0.7007499933242798,1,0,0,-1,0,0.0,0.0,0.0,0,0,nan,nan,nan,94,26.299999237060547,0.0,31.0,0,26,-,SELECT OWNER FIRST,
2026-07-10T01:26:40.752,2278.753,mission_20260710_004842_manual,MANUAL,,0,13.330347061157227,100.9979019165039,155.12000276843105,4,True,0.7014999985694885,1,0,0,-1,0,0.0,0.0,0.0,0,0,nan,nan,nan,94,26.299999237060547,0.0,31.0,0,28,-,SELECT OWNER FIRST,
2026-07-10T01:26:42.945,2280.946,mission_20260710_004842_manual,MANUAL,,0,13.330345153808594,100.9979019165039,155.10777672981672,4,True,0.6970000267028809,1,0,0,-1,0,0.0,0.0,0.0,0,0,nan,nan,nan,94,26.299999237060547,0.0,31.0,0,29,-,SELECT OWNER FIRST,
2026-07-10T01:26:44.955,2282.955,mission_20260710_004842_manual,MANUAL,,0,13.330344200134277,100.9979019165039,155.08852925673563,4,True,0.6987500190734863,1,0,0,-1,0,0.0,0.0,0.0,0,0,nan,nan,nan,94,26.299999237060547,0.0,31.0,0,29,-,SELECT OWNER FIRST,
2026-07-10T01:26:46.955,2284.956,mission_20260710_004842_manual,MANUAL,,0,13.33034610748291,100.9979019165039,155.07723212384843,4,True,0.6990000009536743,1,0,0,-1,0,0.0,0.0,0.0,0,0,nan,nan,nan,94,26.299999237060547,0.0,31.0,0,28,-,SELECT OWNER FIRST,
2026-07-10T01:26:49.147,2287.148,mission_20260710_004842_manual,MANUAL,,0,13.33034610748291,100.9979019165039,155.0840896337751,4,True,0.6970000267028809,1,0,0,-1,0,0.0,0.0,0.0,0,0,nan,nan,nan,94,26.299999237060547,0.0,31.0,0,27,-,SELECT OWNER FIRST,
2026-07-10T01:26:51.152,2289.152,mission_20260710_004842_manual,MANUAL,,0,13.33034610748291,100.9979019165039,155.0796773315713,4,True,0.6977499723434448,1,0,0,-1,0,0.0,0.0,0.0,0,0,nan,nan,nan,94,26.299999237060547,0.0,31.0,0,26,-,SELECT OWNER FIRST,
2026-07-10T01:26:53.153,2291.153,mission_20260710_004842_manual,MANUAL,,0,13.330345153808594,100.99790954589844,155.08111167129698,4,True,0.6977499723434448,1,0,0,-1,0,0.0,0.0,0.0,0,0,nan,nan,nan,94,26.299999237060547,0.0,31.0,0,27,-,SELECT OWNER FIRST,
2026-07-10T01:26:55.343,2293.343,mission_20260710_004842_manual,MANUAL,,0,13.330344200134277,100.99790954589844,155.06570276452945,4,True,0.7005000114440918,1,0,0,-1,0,0.0,0.0,0.0,0,0,nan,nan,nan,94,26.299999237060547,0.0,31.0,0,26,-,SELECT OWNER FIRST,
2026-07-10T01:26:57.344,2295.344,mission_20260710_004842_manual,MANUAL,,0,13.330344200134277,100.99790954589844,155.0716860102424,4,True,0.699999988079071,1,0,0,-1,0,0.0,0.0,0.0,0,0,nan,nan,nan,94,26.299999237060547,0.0,31.0,0,27,-,SELECT OWNER FIRST,
2026-07-10T01:26:59.541,2297.542,mission_20260710_004842_manual,MANUAL,,0,13.330343246459961,100.99790954589844,155.07546993504258,4,True,0.6977499723434448,1,0,0,-1,0,0.0,0.0,0.0,0,0,nan,nan,nan,94,26.299999237060547,0.0,31.0,0,28,-,SELECT OWNER FIRST,
2026-07-10T01:27:01.549,2299.55,mission_20260710_004842_manual,MANUAL,,0,13.330342292785645,100.99791717529297,155.08168540718728,4,True,0.7012500166893005,1,0,0,-1,0,0.0,0.0,0.0,0,0,nan,nan,nan,94,26.299999237060547,0.0,31.0,0,29,-,SELECT OWNER FIRST,
2026-07-10T01:27:03.741,2301.742,mission_20260710_004842_manual,MANUAL,,0,13.330343246459961,100.99791717529297,155.0896494077595,4,True,0.699999988079071,1,0,0,-1,0,0.0,0.0,0.0,0,0,nan,nan,nan,94,26.299999237060547,0.0,31.0,0,28,-,SELECT OWNER FIRST,
2026-07-10T01:27:05.742,2303.743,mission_20260710_004842_manual,MANUAL,,0,13.330342292785645,100.99791717529297,155.0987608801123,4,True,0.6990000009536743,1,0,0,-1,0,0.0,0.0,0.0,0,0,nan,nan,nan,94,26.299999237060547,0.0,31.0,0,29,-,SELECT OWNER FIRST,
2026-07-10T01:27:07.743,2305.743,mission_20260710_004842_manual,MANUAL,,0,13.330342292785645,100.9979248046875,155.11207974899384,4,True,0.699999988079071,1,0,0,-1,0,0.0,0.0,0.0,0,0,nan,nan,nan,94,26.299999237060547,0.0,31.0,0,29,-,SELECT OWNER FIRST,
2026-07-10T01:27:09.744,2307.745,mission_20260710_004842_manual,MANUAL,,0,13.330343246459961,100.9979248046875,155.12451069328324,4,True,0.7009999752044678,1,0,0,-1,0,0.0,0.0,0.0,0,0,nan,nan,nan,94,26.299999237060547,0.0,31.0,0,29,-,SELECT OWNER FIRST,
2026-07-10T01:27:11.748,2309.749,mission_20260710_004842_manual,MANUAL,,0,13.330344200134277,100.9979248046875,155.1343871468231,4,True,0.6990000009536743,1,0,0,-1,0,0.0,0.0,0.0,0,0,nan,nan,nan,94,26.299999237060547,0.0,31.0,0,29,-,SELECT OWNER FIRST,
2026-07-10T01:27:13.938,2311.939,mission_20260710_004842_manual,MANUAL,,0,13.330345153808594,100.99793243408203,155.14345763804087,4,True,0.6959999799728394,1,0,0,-1,0,0.0,0.0,0.0,0,0,nan,nan,nan,94,26.299999237060547,0.0,31.0,0,28,-,SELECT OWNER FIRST,
2026-07-10T01:27:15.940,2313.941,mission_20260710_004842_manual,MANUAL,,0,13.330345153808594,100.99793243408203,155.15874360140336,4,True,0.6990000009536743,1,0,0,-1,0,0.0,0.0,0.0,0,0,nan,nan,nan,94,26.299999237060547,0.0,31.0,0,29,-,SELECT OWNER FIRST,
2026-07-10T01:27:18.138,2316.139,mission_20260710_004842_manual,MANUAL,,0,13.330345153808594,100.99793243408203,155.18218481063485,4,True,0.6987500190734863,1,0,0,-1,0,0.0,0.0,0.0,0,0,nan,nan,nan,94,26.299999237060547,0.0,31.0,0,29,-,SELECT OWNER FIRST,
2026-07-10T01:27:20.139,2318.14,mission_20260710_004842_manual,MANUAL,,0,13.330345153808594,100.99793243408203,155.20156888749935,4,True,0.6987500190734863,1,0,0,-1,0,0.0,0.0,0.0,0,0,nan,nan,nan,94,26.299999237060547,0.0,31.0,0,29,-,SELECT OWNER FIRST,
2026-07-10T01:27:22.140,2320.14,mission_20260710_004842_manual,MANUAL,,0,13.330345153808594,100.99793243408203,155.22391726646362,4,True,0.699999988079071,1,0,0,-1,0,0.0,0.0,0.0,0,0,nan,nan,nan,94,26.299999237060547,0.0,31.0,0,29,-,SELECT OWNER FIRST,
2026-07-10T01:27:24.141,2322.142,mission_20260710_004842_manual,MANUAL,,0,13.330344200134277,100.99793243408203,155.2316217198474,4,True,0.6992499828338623,1,0,0,-1,0,0.0,0.0,0.0,0,0,nan,nan,nan,94,26.299999237060547,0.0,31.0,0,30,-,SELECT OWNER FIRST,
2026-07-10T01:27:26.144,2324.145,mission_20260710_004842_manual,MANUAL,,0,13.330344200134277,100.99794006347656,155.22473688916403,4,True,0.6980000138282776,1,0,0,-1,0,0.0,0.0,0.0,0,0,nan,nan,nan,94,26.299999237060547,0.0,31.0,0,29,-,SELECT OWNER FIRST,
2026-07-10T01:27:28.336,2326.336,mission_20260710_004842_manual,MANUAL,,0,13.330345153808594,100.99794006347656,155.22122617193062,4,True,0.7007499933242798,1,0,0,-1,0,0.0,0.0,0.0,0,0,nan,nan,nan,94,26.299999237060547,0.0,31.0,0,28,-,SELECT OWNER FIRST,
2026-07-10T01:27:30.535,2328.535,mission_20260710_004842_manual,MANUAL,,0,13.330343246459961,100.99794006347656,155.22928579515124,4,True,0.6984999775886536,1,0,0,-1,0,0.0,0.0,0.0,0,0,nan,nan,nan,94,26.299999237060547,0.0,31.0,0,28,-,SELECT OWNER FIRST,
2026-07-10T01:27:32.547,2330.547,mission_20260710_004842_manual,MANUAL,,0,13.330343246459961,100.99794006347656,155.22782413466888,4,True,0.6987500190734863,1,0,0,-1,0,0.0,0.0,0.0,0,0,nan,nan,nan,94,26.299999237060547,0.0,31.0,0,28,-,SELECT OWNER FIRST,
2026-07-10T01:27:34.735,2332.736,mission_20260710_004842_manual,MANUAL,,0,13.330342292785645,100.99794006347656,155.2311845877405,4,True,0.7005000114440918,1,0,0,-1,0,0.0,0.0,0.0,0,0,nan,nan,nan,94,26.299999237060547,0.0,31.0,0,28,-,SELECT OWNER FIRST,
2026-07-10T01:27:36.933,2334.933,mission_20260710_004842_manual,MANUAL,,0,13.330341339111328,100.99794006347656,155.2352143993508,4,True,0.6982499957084656,1,0,0,-1,0,0.0,0.0,0.0,0,0,nan,nan,nan,94,26.299999237060547,0.0,31.0,0,26,-,SELECT OWNER FIRST,
2026-07-10T01:27:38.934,2336.934,mission_20260710_004842_manual,MANUAL,,0,13.330341339111328,100.99794006347656,155.2196415680432,4,True,0.6980000138282776,1,0,0,-1,0,0.0,0.0,0.0,0,0,nan,nan,nan,94,26.299999237060547,0.0,31.0,0,26,-,SELECT OWNER FIRST,
2026-07-10T01:27:41.133,2339.133,mission_20260710_004842_manual,MANUAL,,0,13.330340385437012,100.99794006347656,155.2057489632714,4,True,0.6972500085830688,1,0,0,-1,0,0.0,0.0,0.0,0,0,nan,nan,nan,94,26.299999237060547,0.0,31.0,0,25,-,SELECT OWNER FIRST,
2026-07-10T01:27:43.135,2341.135,mission_20260710_004842_manual,MANUAL,,0,13.330338478088379,100.99794006347656,155.21350805816851,4,True,0.6972500085830688,1,0,0,-1,0,0.0,0.0,0.0,0,0,nan,nan,nan,94,26.299999237060547,0.0,31.0,0,26,-,SELECT OWNER FIRST,
2026-07-10T01:27:45.140,2343.141,mission_20260710_004842_manual,MANUAL,,0,13.330334663391113,100.99794006347656,155.2127840581165,4,True,0.6992499828338623,1,0,0,-1,0,0.0,0.0,0.0,0,0,nan,nan,nan,94,26.299999237060547,0.0,31.0,0,26,-,SELECT OWNER FIRST,
2026-07-10T01:27:47.332,2345.333,mission_20260710_004842_manual,MANUAL,,0,13.330333709716797,100.99794006347656,155.19514850967954,4,True,0.6984999775886536,1,0,0,-1,0,0.0,0.0,0.0,0,0,nan,nan,nan,94,26.299999237060547,0.0,31.0,0,26,-,SELECT OWNER FIRST,
2026-07-10T01:27:49.333,2347.333,mission_20260710_004842_manual,MANUAL,,0,13.330331802368164,100.99794006347656,155.20823515212928,4,True,0.6997500061988831,1,0,0,-1,0,0.0,0.0,0.0,0,0,nan,nan,nan,94,26.299999237060547,0.0,31.0,0,24,-,SELECT OWNER FIRST,
2026-07-10T01:27:51.530,2349.531,mission_20260710_004842_manual,MANUAL,,0,13.330329895019531,100.99794006347656,155.20502496321936,4,True,0.6992499828338623,1,0,0,-1,0,0.0,0.0,0.0,0,0,nan,nan,nan,94,26.299999237060547,0.0,31.0,0,25,-,SELECT OWNER FIRST,
2026-07-10T01:27:53.530,2351.531,mission_20260710_004842_manual,MANUAL,,0,13.330327987670898,100.99794006347656,155.19346828314372,4,True,0.7002500295639038,1,0,0,-1,0,0.0,0.0,0.0,0,0,nan,nan,nan,94,26.299999237060547,0.0,31.0,0,26,-,SELECT OWNER FIRST,
2026-07-10T01:27:55.536,2353.536,mission_20260710_004842_manual,MANUAL,,0,13.330327033996582,100.99794006347656,155.18682933927045,4,True,0.6995000243186951,1,0,0,-1,0,0.0,0.0,0.0,0,0,nan,nan,nan,94,26.299999237060547,0.0,31.0,0,26,-,SELECT OWNER FIRST,
2026-07-10T01:27:57.730,2355.731,mission_20260710_004842_manual,MANUAL,,0,13.33032512664795,100.99793243408203,155.19371416995384,4,True,0.7014999985694885,1,0,0,-1,0,0.0,0.0,0.0,0,0,nan,nan,nan,94,26.299999237060547,0.0,31.0,0,25,-,SELECT OWNER FIRST,
2026-07-10T01:27:59.733,2357.733,mission_20260710_004842_manual,MANUAL,,0,13.330323219299316,100.99793243408203,155.17655673475875,4,True,0.6974999904632568,1,0,0,-1,0,0.0,0.0,0.0,0,0,nan,nan,nan,94,26.299999237060547,0.0,31.0,0,24,-,SELECT OWNER FIRST,
2026-07-10T01:28:01.744,2359.744,mission_20260710_004842_manual,MANUAL,,0,13.330322265625,100.99793243408203,155.15375756330926,4,True,0.7009999752044678,1,0,0,-1,0,0.0,0.0,0.0,0,0,nan,nan,nan,94,26.299999237060547,0.0,31.0,0,24,-,SELECT OWNER FIRST,
2026-07-10T01:28:03.929,2361.929,mission_20260710_004842_manual,MANUAL,,0,13.330320358276367,100.99793243408203,155.1235681271778,4,True,0.6987500190734863,1,0,0,-1,0,0.0,0.0,0.0,0,0,nan,nan,nan,94,26.299999237060547,0.0,31.0,0,24,-,SELECT OWNER FIRST,
2026-07-10T01:28:06.129,2364.13,mission_20260710_004842_manual,MANUAL,,0,13.330318450927734,100.99793243408203,155.0971626158465,4,True,0.7009999752044678,1,0,0,-1,0,0.0,0.0,0.0,0,0,nan,nan,nan,94,26.299999237060547,0.0,31.0,0,25,-,SELECT OWNER FIRST,
2026-07-10T01:28:08.131,2366.132,mission_20260710_004842_manual,MANUAL,,0,13.330317497253418,100.99793243408203,155.08262797329274,4,True,0.6987500190734863,1,0,0,-1,0,0.0,0.0,0.0,0,0,nan,nan,nan,94,26.299999237060547,0.0,31.0,0,25,-,SELECT OWNER FIRST,
2026-07-10T01:28:10.133,2368.134,mission_20260710_004842_manual,MANUAL,,0,13.330315589904785,100.99793243408203,155.06975989689644,4,True,0.6990000009536743,1,0,0,-1,0,0.0,0.0,0.0,0,0,nan,nan,nan,94,26.299999237060547,0.0,31.0,0,26,-,SELECT OWNER FIRST,
2026-07-10T01:28:12.133,2370.134,mission_20260710_004842_manual,MANUAL,,0,13.330312728881836,100.99793243408203,155.05245219753962,4,True,0.7002500295639038,1,0,0,-1,0,0.0,0.0,0.0,0,0,nan,nan,nan,94,26.299999237060547,0.0,31.0,0,26,-,SELECT OWNER FIRST,
2026-07-10T01:28:14.325,2372.325,mission_20260710_004842_manual,MANUAL,,0,13.330312728881836,100.99793243408203,155.04304019686333,4,True,0.7002500295639038,1,0,0,-1,0,0.0,0.0,0.0,0,0,nan,nan,nan,94,26.299999237060547,0.0,31.0,0,28,-,SELECT OWNER FIRST,
2026-07-10T01:28:16.327,2374.328,mission_20260710_004842_manual,MANUAL,,0,13.330312728881836,100.99793243408203,155.04549906496456,4,True,0.7007499933242798,1,0,0,-1,0,0.0,0.0,0.0,0,0,nan,nan,nan,94,26.299999237060547,0.0,31.0,0,29,-,SELECT OWNER FIRST,
2026-07-10T01:28:18.526,2376.527,mission_20260710_004842_manual,MANUAL,,0,13.33031177520752,100.99793243408203,155.04948789543982,4,True,0.7002500295639038,1,0,0,-1,0,0.0,0.0,0.0,0,0,nan,nan,nan,94,26.299999237060547,0.0,31.0,0,29,-,SELECT OWNER FIRST,
2026-07-10T01:28:20.527,2378.527,mission_20260710_004842_manual,MANUAL,,0,13.33031177520752,100.99793243408203,155.06303899075314,4,True,0.6987500190734863,1,0,0,-1,0,0.0,0.0,0.0,0,0,nan,nan,nan,94,26.299999237060547,0.0,31.0,0,28,-,SELECT OWNER FIRST,
2026-07-10T01:28:22.531,2380.532,mission_20260710_004842_manual,MANUAL,,0,13.33031177520752,100.99793243408203,155.0782429918456,4,True,0.6997500061988831,1,0,0,-1,0,0.0,0.0,0.0,0,0,nan,nan,nan,94,26.299999237060547,0.0,31.0,0,29,-,SELECT OWNER FIRST,
2026-07-10T01:28:24.726,2382.727,mission_20260710_004842_manual,MANUAL,,0,13.330312728881836,100.99793243408203,155.0986925782206,4,True,0.6970000267028809,1,0,0,-1,0,0.0,0.0,0.0,0,0,nan,nan,nan,94,26.299999237060547,0.0,31.0,0,29,-,SELECT OWNER FIRST,
2026-07-10T01:28:26.732,2384.732,mission_20260710_004842_manual,MANUAL,,0,13.33031177520752,100.99793243408203,155.10690246560296,4,True,0.6977499723434448,1,0,0,-1,0,0.0,0.0,0.0,0,0,nan,nan,nan,94,26.299999237060547,0.0,31.0,0,29,-,SELECT OWNER FIRST,
2026-07-10T01:28:28.922,2386.922,mission_20260710_004842_manual,MANUAL,,0,13.33031177520752,100.99793243408203,155.1063287297127,4,True,0.7024999856948853,1,0,0,-1,0,0.0,0.0,0.0,0,0,nan,nan,nan,94,26.299999237060547,0.0,31.0,0,28,-,SELECT OWNER FIRST,
2026-07-10T01:28:30.923,2388.923,mission_20260710_004842_manual,MANUAL,,0,13.330312728881836,100.99793243408203,155.10929303181246,4,True,0.7002500295639038,1,0,0,-1,0,0.0,0.0,0.0,0,0,nan,nan,nan,94,26.299999237060547,0.0,31.0,0,27,-,SELECT OWNER FIRST,
2026-07-10T01:28:32.923,2390.924,mission_20260710_004842_manual,MANUAL,,0,13.330313682556152,100.99793243408203,155.10839144684203,4,True,0.6992499828338623,1,0,0,-1,0,0.0,0.0,0.0,0,0,nan,nan,nan,94,26.299999237060547,0.0,31.0,0,29,-,SELECT OWNER FIRST,
2026-07-10T01:28:34.925,2392.925,mission_20260710_004842_manual,MANUAL,,0,13.330314636230469,100.99793243408203,155.11102789986165,4,True,0.7002500295639038,1,0,0,-1,0,0.0,0.0,0.0,0,0,nan,nan,nan,94,26.299999237060547,0.0,31.0,0,30,-,SELECT OWNER FIRST,
2026-07-10T01:28:37.121,2395.122,mission_20260710_004842_manual,MANUAL,,0,13.330315589904785,100.99793243408203,155.1103312205663,4,True,0.6984999775886536,1,0,0,-1,0,0.0,0.0,0.0,0,0,nan,nan,nan,94,26.299999237060547,0.0,31.0,0,30,-,SELECT OWNER FIRST,
2026-07-10T01:28:39.128,2397.129,mission_20260710_004842_manual,MANUAL,,0,13.330316543579102,100.99793243408203,155.11885529665048,4,True,0.6965000033378601,1,0,0,-1,0,0.0,0.0,0.0,0,0,nan,nan,nan,94,26.299999237060547,0.0,31.0,0,30,-,SELECT OWNER FIRST,
2026-07-10T01:28:41.322,2399.322,mission_20260710_004842_manual,MANUAL,,0,13.330318450927734,100.99793243408203,155.1244287310132,4,True,0.6995000243186951,1,0,0,-1,0,0.0,0.0,0.0,0,0,nan,nan,nan,94,26.299999237060547,0.0,31.0,0,30,-,SELECT OWNER FIRST,
2026-07-10T01:28:43.323,2401.324,mission_20260710_004842_manual,MANUAL,,0,13.330320358276367,100.99793243408203,155.1307398258063,4,True,0.6980000138282776,1,0,0,-1,0,0.0,0.0,0.0,0,0,nan,nan,nan,94,26.299999237060547,0.0,31.0,0,29,-,SELECT OWNER FIRST,
2026-07-10T01:28:45.518,2403.519,mission_20260710_004842_manual,MANUAL,,0,13.330322265625,100.99793243408203,155.1359307695755,4,True,0.6992499828338623,1,0,0,-1,0,0.0,0.0,0.0,0,0,nan,nan,nan,94,26.299999237060547,0.0,31.0,0,29,-,SELECT OWNER FIRST,
2026-07-10T01:28:47.525,2405.525,mission_20260710_004842_manual,MANUAL,,0,13.33032512664795,100.99793243408203,155.13017975029436,4,True,0.6984999775886536,1,0,0,-1,0,0.0,0.0,0.0,0,0,nan,nan,nan,94,26.299999237060547,0.0,31.0,0,29,-,SELECT OWNER FIRST,
2026-07-10T01:28:49.719,2407.719,mission_20260710_004842_manual,MANUAL,,0,13.330326080322266,100.99793243408203,155.1363679016824,4,True,0.6974999904632568,1,0,0,-1,0,0.0,0.0,0.0,0,0,nan,nan,nan,94,26.299999237060547,0.0,31.0,0,29,-,SELECT OWNER FIRST,
2026-07-10T01:28:51.719,2409.72,mission_20260710_004842_manual,MANUAL,,0,13.330327987670898,100.99793243408203,155.13523409028016,4,True,0.6982499957084656,1,0,0,-1,0,0.0,0.0,0.0,0,0,nan,nan,nan,94,26.299999237060547,0.0,31.0,0,29,-,SELECT OWNER FIRST,
2026-07-10T01:28:53.721,2411.721,mission_20260710_004842_manual,MANUAL,,0,13.330328941345215,100.99793243408203,155.13289816558404,4,True,0.6984999775886536,1,0,0,-1,0,0.0,0.0,0.0,0,0,nan,nan,nan,94,26.299999237060547,0.0,31.0,0,28,-,SELECT OWNER FIRST,
2026-07-10T01:28:55.725,2413.725,mission_20260710_004842_manual,MANUAL,,0,13.330328941345215,100.99793243408203,155.13863552448683,4,True,0.6987500190734863,1,0,0,-1,0,0.0,0.0,0.0,0,0,nan,nan,nan,94,26.299999237060547,0.0,31.0,0,28,-,SELECT OWNER FIRST,
2026-07-10T01:28:57.917,2415.917,mission_20260710_004842_manual,MANUAL,,0,13.330328941345215,100.99793243408203,155.1441816380929,4,True,0.6992499828338623,1,0,0,-1,0,0.0,0.0,0.0,0,0,nan,nan,nan,94,26.299999237060547,0.0,31.0,0,28,-,SELECT OWNER FIRST,
2026-07-10T01:29:00.115,2418.116,mission_20260710_004842_manual,MANUAL,,0,13.330328941345215,100.99793243408203,155.1454110721435,4,True,0.6984999775886536,1,0,0,-1,0,0.0,0.0,0.0,0,0,nan,nan,nan,94,26.299999237060547,0.0,31.0,0,28,-,SELECT OWNER FIRST,
2026-07-10T01:29:02.116,2420.116,mission_20260710_004842_manual,MANUAL,,0,13.330328941345215,100.99793243408203,155.14661318543742,4,True,0.6977499723434448,1,0,0,-1,0,0.0,0.0,0.0,0,0,nan,nan,nan,94,26.299999237060547,0.0,31.0,0,28,-,SELECT OWNER FIRST,
2026-07-10T01:29:04.126,2422.127,mission_20260710_004842_manual,MANUAL,,0,13.330327033996582,100.99793243408203,155.1435669210676,4,True,0.6992499828338623,1,0,0,-1,0,0.0,0.0,0.0,0,0,nan,nan,nan,94,26.299999237060547,0.0,31.0,0,28,-,SELECT OWNER FIRST,
2026-07-10T01:29:06.315,2424.316,mission_20260710_004842_manual,MANUAL,,0,13.330326080322266,100.99794006347656,155.15233688396188,4,True,0.6984999775886536,1,0,0,-1,0,0.0,0.0,0.0,0,0,nan,nan,nan,94,26.299999237060547,0.0,31.0,0,30,-,SELECT OWNER FIRST,
2026-07-10T01:29:08.514,2426.514,mission_20260710_004842_manual,MANUAL,,0,13.33032512664795,100.99794006347656,155.15750050697443,4,True,0.7020000219345093,1,0,0,-1,0,0.0,0.0,0.0,0,0,nan,nan,nan,94,26.299999237060547,0.0,31.0,0,30,-,SELECT OWNER FIRST,
2026-07-10T01:29:10.524,2428.525,mission_20260710_004842_manual,MANUAL,,0,13.330324172973633,100.99794006347656,155.16381160176752,4,True,0.7007499933242798,1,0,0,-1,0,0.0,0.0,0.0,0,0,nan,nan,nan,94,26.299999237060547,0.0,31.0,0,31,-,SELECT OWNER FIRST,
2026-07-10T01:29:12.717,2430.718,mission_20260710_004842_manual,MANUAL,,0,13.330324172973633,100.99794006347656,155.17214443255492,4,True,0.7007499933242798,1,0,0,-1,0,0.0,0.0,0.0,0,0,nan,nan,nan,94,26.299999237060547,0.0,31.0,0,31,-,SELECT OWNER FIRST,
2026-07-10T01:29:14.718,2432.718,mission_20260710_004842_manual,MANUAL,,0,13.330323219299316,100.99794006347656,155.17345582887557,4,True,0.6957499980926514,1,0,0,-1,0,0.0,0.0,0.0,0,0,nan,nan,nan,94,26.299999237060547,0.0,31.0,0,31,-,SELECT OWNER FIRST,
2026-07-10T01:29:16.721,2434.721,mission_20260710_004842_manual,MANUAL,,0,13.330322265625,100.99794006347656,155.17677530081218,4,True,0.6992499828338623,1,0,0,-1,0,0.0,0.0,0.0,0,0,nan,nan,nan,94,26.299999237060547,0.0,31.0,0,31,-,SELECT OWNER FIRST,
2026-07-10T01:29:18.731,2436.731,mission_20260710_004842_manual,MANUAL,,0,13.330321311950684,100.99794006347656,155.17811401788953,4,True,0.6974999904632568,1,0,0,-1,0,0.0,0.0,0.0,0,0,nan,nan,nan,94,26.299999237060547,0.0,31.0,0,31,-,SELECT OWNER FIRST,
2026-07-10T01:29:20.911,2438.912,mission_20260710_004842_manual,MANUAL,,0,13.330320358276367,100.99794006347656,155.1734011873622,4,True,0.6977499723434448,1,0,0,-1,0,0.0,0.0,0.0,0,0,nan,nan,nan,94,26.299999237060547,0.0,31.0,0,31,-,SELECT OWNER FIRST,
2026-07-10T01:29:22.912,2440.912,mission_20260710_004842_manual,MANUAL,,0,13.330320358276367,100.99794006347656,155.16411213009098,4,True,0.6972500085830688,1,0,0,-1,0,0.0,0.0,0.0,0,0,nan,nan,nan,94,26.299999237060547,0.0,31.0,0,30,-,SELECT OWNER FIRST,
2026-07-10T01:29:25.109,2443.109,mission_20260710_004842_manual,MANUAL,,0,13.33031940460205,100.99794006347656,155.17188488536647,4,True,0.6972500085830688,1,0,0,-1,0,0.0,0.0,0.0,0,0,nan,nan,nan,94,26.299999237060547,0.0,31.0,0,30,-,SELECT OWNER FIRST,
2026-07-10T01:29:27.115,2445.115,mission_20260710_004842_manual,MANUAL,,0,13.330318450927734,100.99794006347656,155.17368805530734,4,True,0.6990000009536743,1,0,0,-1,0,0.0,0.0,0.0,0,0,nan,nan,nan,94,26.299999237060547,0.0,31.0,0,30,-,SELECT OWNER FIRST,
2026-07-10T01:29:29.116,2447.116,mission_20260710_004842_manual,MANUAL,,0,13.330317497253418,100.99793243408203,155.16892058326667,4,True,0.7002500295639038,1,0,0,-1,0,0.0,0.0,0.0,0,0,nan,nan,nan,94,26.299999237060547,0.0,31.0,0,30,-,SELECT OWNER FIRST,
2026-07-10T01:29:31.125,2449.126,mission_20260710_004842_manual,MANUAL,,0,13.330316543579102,100.99793243408203,155.160054997724,4,True,0.7007499933242798,1,0,0,-1,0,0.0,0.0,0.0,0,0,nan,nan,nan,94,26.299999237060547,0.0,31.0,0,30,-,SELECT OWNER FIRST,
2026-07-10T01:29:33.311,2451.311,mission_20260710_004842_manual,MANUAL,,0,13.330315589904785,100.99793243408203,155.14797922327142,4,True,0.6992499828338623,1,0,0,-1,0,0.0,0.0,0.0,0,0,nan,nan,nan,94,26.299999237060547,0.0,31.0,0,29,-,SELECT OWNER FIRST,
2026-07-10T01:29:35.312,2453.313,mission_20260710_004842_manual,MANUAL,,0,13.330314636230469,100.99793243408203,155.13970103399737,4,True,0.6972500085830688,1,0,0,-1,0,0.0,0.0,0.0,0,0,nan,nan,nan,94,26.299999237060547,0.0,31.0,0,31,-,SELECT OWNER FIRST,
2026-07-10T01:29:37.316,2455.317,mission_20260710_004842_manual,MANUAL,,0,13.330313682556152,100.99793243408203,155.1440177135528,4,True,0.6992499828338623,1,0,0,-1,0,0.0,0.0,0.0,0,0,nan,nan,nan,94,26.299999237060547,0.0,31.0,0,30,-,SELECT OWNER FIRST,
2026-07-10T01:29:39.506,2457.507,mission_20260710_004842_manual,MANUAL,,0,13.330310821533203,100.99793243408203,155.1454793740352,4,True,0.6997500061988831,1,0,0,-1,0,0.0,0.0,0.0,0,0,nan,nan,nan,94,26.299999237060547,0.0,31.0,0,30,-,SELECT OWNER FIRST,
2026-07-10T01:29:41.707,2459.708,mission_20260710_004842_manual,MANUAL,,0,13.33030891418457,100.99793243408203,155.13736510930121,4,True,0.6984999775886536,1,0,0,-1,0,0.0,0.0,0.0,0,0,nan,nan,nan,94,26.299999237060547,0.0,31.0,0,30,-,SELECT OWNER FIRST,
2026-07-10T01:29:43.719,2461.72,mission_20260710_004842_manual,MANUAL,,0,13.330307960510254,100.99793243408203,155.1422691851253,4,True,0.6987500190734863,1,0,0,-1,0,0.0,0.0,0.0,0,0,nan,nan,nan,94,26.299999237060547,0.0,31.0,0,30,-,SELECT OWNER FIRST,
2026-07-10T01:29:45.721,2463.721,mission_20260710_004842_manual,MANUAL,,0,13.330307006835938,100.99793243408203,155.13307575050246,4,True,0.6995000243186951,1,0,0,-1,0,0.0,0.0,0.0,0,0,nan,nan,nan,94,26.299999237060547,0.0,31.0,0,30,-,SELECT OWNER FIRST,
2026-07-10T01:29:47.907,2465.907,mission_20260710_004842_manual,MANUAL,,0,13.330306053161621,100.99793243408203,155.1388950716753,4,True,0.6977499723434448,1,0,0,-1,0,0.0,0.0,0.0,0,0,nan,nan,nan,94,26.299999237060547,0.0,31.0,0,30,-,SELECT OWNER FIRST,
2026-07-10T01:29:50.105,2468.106,mission_20260710_004842_manual,MANUAL,,0,13.330306053161621,100.99793243408203,155.15355265763415,4,True,0.6997500061988831,1,0,0,-1,0,0.0,0.0,0.0,0,0,nan,nan,nan,94,26.299999237060547,0.0,31.0,0,30,-,SELECT OWNER FIRST,
2026-07-10T01:29:52.106,2470.107,mission_20260710_004842_manual,MANUAL,,0,13.330306053161621,100.99793243408203,155.1515855631532,4,True,0.6997500061988831,1,0,0,-1,0,0.0,0.0,0.0,0,0,nan,nan,nan,94,26.299999237060547,0.0,31.0,0,30,-,SELECT OWNER FIRST,
2026-07-10T01:29:54.107,2472.108,mission_20260710_004842_manual,MANUAL,,0,13.330306053161621,100.99793243408203,155.15724095978595,4,True,0.6970000267028809,1,0,0,-1,0,0.0,0.0,0.0,0,0,nan,nan,nan,94,26.299999237060547,0.0,31.0,0,30,-,SELECT OWNER FIRST,
2026-07-10T01:29:56.110,2474.111,mission_20260710_004842_manual,MANUAL,,0,13.330305099487305,100.99793243408203,155.153224808554,4,True,0.7002500295639038,1,0,0,-1,0,0.0,0.0,0.0,0,0,nan,nan,nan,94,26.299999237060547,0.0,31.0,0,29,-,SELECT OWNER FIRST,
2026-07-10T01:29:58.304,2476.305,mission_20260710_004842_manual,MANUAL,,0,13.330305099487305,100.99793243408203,155.1605057902092,4,True,0.7012500166893005,1,0,0,-1,0,0.0,0.0,0.0,0,0,nan,nan,nan,94,26.299999237060547,0.0,31.0,0,30,-,SELECT OWNER FIRST,
2026-07-10T01:30:00.502,2478.503,mission_20260710_004842_manual,MANUAL,,0,13.330304145812988,100.99793243408203,155.15110744991128,4,True,0.6980000138282776,1,0,0,-1,0,0.0,0.0,0.0,0,0,nan,nan,nan,94,26.299999237060547,0.0,31.0,0,28,-,SELECT OWNER FIRST,
2026-07-10T01:30:02.504,2480.504,mission_20260710_004842_manual,MANUAL,,0,13.330304145812988,100.99793243408203,155.1447007324698,4,True,0.6984999775886536,1,0,0,-1,0,0.0,0.0,0.0,0,0,nan,nan,nan,94,26.299999237060547,0.0,31.0,0,28,-,SELECT OWNER FIRST,
2026-07-10T01:30:04.505,2482.505,mission_20260710_004842_manual,MANUAL,,0,13.330303192138672,100.99793243408203,155.14683175149085,4,True,0.699999988079071,1,0,0,-1,0,0.0,0.0,0.0,0,0,nan,nan,nan,94,26.299999237060547,0.0,31.0,0,28,-,SELECT OWNER FIRST,
2026-07-10T01:30:06.705,2484.705,mission_20260710_004842_manual,MANUAL,,0,13.330303192138672,100.99793243408203,155.14649024203234,4,True,0.6990000009536743,1,0,0,-1,0,0.0,0.0,0.0,0,0,nan,nan,nan,94,26.299999237060547,0.0,31.0,0,27,-,SELECT OWNER FIRST,
2026-07-10T01:30:08.710,2486.71,mission_20260710_004842_manual,MANUAL,,0,13.330301284790039,100.99793243408203,155.14202329831517,4,True,0.6967499852180481,1,0,0,-1,0,0.0,0.0,0.0,0,0,nan,nan,nan,94,26.299999237060547,0.0,31.0,0,27,-,SELECT OWNER FIRST,
2026-07-10T01:30:10.901,2488.901,mission_20260710_004842_manual,MANUAL,,0,13.330300331115723,100.99793243408203,155.15599786535702,4,True,0.6982499957084656,1,0,0,-1,0,0.0,0.0,0.0,0,0,nan,nan,nan,94,26.299999237060547,0.0,31.0,0,25,-,SELECT OWNER FIRST,
2026-07-10T01:30:12.901,2490.902,mission_20260710_004842_manual,MANUAL,,0,13.330299377441406,100.99793243408203,155.15736390319103,4,True,0.699999988079071,1,0,0,-1,0,0.0,0.0,0.0,0,0,nan,nan,nan,94,26.299999237060547,0.0,31.0,0,28,-,SELECT OWNER FIRST,
2026-07-10T01:30:15.099,2493.1,mission_20260710_004842_manual,MANUAL,,0,13.33029842376709,100.99793243408203,155.15501431811654,4,True,0.6982499957084656,1,0,0,-1,0,0.0,0.0,0.0,0,0,nan,nan,nan,94,26.299999237060547,0.0,31.0,0,28,-,SELECT OWNER FIRST,
2026-07-10T01:30:17.106,2495.106,mission_20260710_004842_manual,MANUAL,,0,13.330297470092773,100.99793243408203,155.14948186488883,4,True,0.7005000114440918,1,0,0,-1,0,0.0,0.0,0.0,0,0,nan,nan,nan,94,26.299999237060547,0.0,31.0,0,28,-,SELECT OWNER FIRST,
2026-07-10T01:30:19.300,2497.3,mission_20260710_004842_manual,MANUAL,,0,13.330296516418457,100.99793243408203,155.13291182596237,4,True,0.6992499828338623,1,0,0,-1,0,0.0,0.0,0.0,0,0,nan,nan,nan,94,26.299999237060547,0.0,31.0,0,28,-,SELECT OWNER FIRST,
2026-07-10T01:30:21.300,2499.3,mission_20260710_004842_manual,MANUAL,,0,13.33029556274414,100.99793243408203,155.12655975003426,4,True,0.6970000267028809,1,0,0,-1,0,0.0,0.0,0.0,0,0,nan,nan,nan,94,26.299999237060547,0.0,31.0,0,27,-,SELECT OWNER FIRST,
2026-07-10T01:30:23.301,2501.301,mission_20260710_004842_manual,MANUAL,,0,13.330294609069824,100.99793243408203,155.12620458019742,4,True,0.6997500061988831,1,0,0,-1,0,0.0,0.0,0.0,0,0,nan,nan,nan,94,26.299999237060547,0.0,31.0,0,29,-,SELECT OWNER FIRST,
2026-07-10T01:30:25.301,2503.302,mission_20260710_004842_manual,MANUAL,,0,13.330293655395508,100.99793243408203,155.12666903306098,4,True,0.6992499828338623,1,0,0,-1,0,0.0,0.0,0.0,0,0,nan,nan,nan,94,26.299999237060547,0.0,31.0,0,28,-,SELECT OWNER FIRST,
2026-07-10T01:30:27.302,2505.303,mission_20260710_004842_manual,MANUAL,,0,13.330292701721191,100.99793243408203,155.11340480569282,4,True,0.699999988079071,1,0,0,-1,0,0.0,0.0,0.0,0,0,nan,nan,nan,94,26.299999237060547,0.0,31.0,0,28,-,SELECT OWNER FIRST,
2026-07-10T01:30:29.305,2507.306,mission_20260710_004842_manual,MANUAL,,0,13.330291748046875,100.99793243408203,155.10223061621068,4,True,0.6992499828338623,1,0,0,-1,0,0.0,0.0,0.0,0,0,nan,nan,nan,94,26.299999237060547,0.0,31.0,0,28,-,SELECT OWNER FIRST,
2026-07-10T01:30:31.497,2509.497,mission_20260710_004842_manual,MANUAL,,0,13.330289840698242,100.99793243408203,155.10348737101796,4,True,0.7005000114440918,1,0,0,-1,0,0.0,0.0,0.0,0,0,nan,nan,nan,94,26.299999237060547,0.0,31.0,0,30,-,SELECT OWNER FIRST,
2026-07-10T01:30:33.697,2511.698,mission_20260710_004842_manual,MANUAL,,0,13.330289840698242,100.99793243408203,155.10811823927523,4,True,0.7009999752044678,1,0,0,-1,0,0.0,0.0,0.0,0,0,nan,nan,nan,94,26.299999237060547,0.0,31.0,0,28,-,SELECT OWNER FIRST,
2026-07-10T01:30:35.699,2513.7,mission_20260710_004842_manual,MANUAL,,0,13.330288887023926,100.99793243408203,155.10647899387442,4,True,0.6997500061988831,1,0,0,-1,0,0.0,0.0,0.0,0,0,nan,nan,nan,94,26.299999237060547,0.0,31.0,0,28,-,SELECT OWNER FIRST,
2026-07-10T01:30:37.700,2515.7,mission_20260710_004842_manual,MANUAL,,0,13.330289840698242,100.99793243408203,155.10820020154526,4,True,0.699999988079071,1,0,0,-1,0,0.0,0.0,0.0,0,0,nan,nan,nan,94,26.299999237060547,0.0,31.0,0,29,-,SELECT OWNER FIRST,
2026-07-10T01:30:39.703,2517.703,mission_20260710_004842_manual,MANUAL,,0,13.330289840698242,100.99793243408203,155.11154699423858,4,True,0.6970000267028809,1,0,0,-1,0,0.0,0.0,0.0,0,0,nan,nan,nan,94,26.299999237060547,0.0,31.0,0,29,-,SELECT OWNER FIRST,
2026-07-10T01:30:41.703,2519.704,mission_20260710_004842_manual,MANUAL,,0,13.330288887023926,100.9979248046875,155.11195680558876,4,True,0.6997500061988831,1,0,0,-1,0,0.0,0.0,0.0,0,0,nan,nan,nan,94,26.299999237060547,0.0,31.0,0,28,-,SELECT OWNER FIRST,
2026-07-10T01:30:43.893,2521.894,mission_20260710_004842_manual,MANUAL,,0,13.33028793334961,100.9979248046875,155.109716503541,4,True,0.6980000138282776,1,0,0,-1,0,0.0,0.0,0.0,0,0,nan,nan,nan,94,26.299999237060547,0.0,31.0,0,31,-,SELECT OWNER FIRST,
2026-07-10T01:30:46.093,2524.094,mission_20260710_004842_manual,MANUAL,,0,13.330286026000977,100.9979248046875,155.10488072960865,4,True,0.6972500085830688,1,0,0,-1,0,0.0,0.0,0.0,0,0,nan,nan,nan,94,26.299999237060547,0.0,31.0,0,31,-,SELECT OWNER FIRST,
2026-07-10T01:30:48.094,2526.095,mission_20260710_004842_manual,MANUAL,,0,13.33028507232666,100.9979248046875,155.11110986213168,4,True,0.6995000243186951,1,0,0,-1,0,0.0,0.0,0.0,0,0,nan,nan,nan,94,26.299999237060547,0.0,31.0,0,31,-,SELECT OWNER FIRST,
2026-07-10T01:30:50.099,2528.1,mission_20260710_004842_manual,MANUAL,,0,13.33028507232666,100.9979248046875,155.10665657879284,4,True,0.6980000138282776,1,0,0,-1,0,0.0,0.0,0.0,0,0,nan,nan,nan,94,26.299999237060547,0.0,31.0,0,31,-,SELECT OWNER FIRST,
2026-07-10T01:30:52.292,2530.292,mission_20260710_004842_manual,MANUAL,,0,13.330284118652344,100.99791717529297,155.10499001263537,4,True,0.6990000009536743,1,0,0,-1,0,0.0,0.0,0.0,0,0,nan,nan,nan,94,26.299999237060547,0.0,31.0,0,31,-,SELECT OWNER FIRST,
2026-07-10T01:30:54.295,2532.295,mission_20260710_004842_manual,MANUAL,,0,13.330283164978027,100.99791717529297,155.08986797381294,4,True,0.6997500061988831,1,0,0,-1,0,0.0,0.0,0.0,0,0,nan,nan,nan,94,26.299999237060547,0.0,31.0,0,31,-,SELECT OWNER FIRST,
2026-07-10T01:30:56.300,2534.3,mission_20260710_004842_manual,MANUAL,,0,13.330283164978027,100.99791717529297,155.0802920485966,4,True,0.6987500190734863,1,0,0,-1,0,0.0,0.0,0.0,0,0,nan,nan,nan,94,26.299999237060547,0.0,31.0,0,31,-,SELECT OWNER FIRST,
2026-07-10T01:30:58.300,2536.3,mission_20260710_004842_manual,MANUAL,,0,13.330282211303711,100.99791717529297,155.06702782122844,4,True,0.6984999775886536,1,0,0,-1,0,0.0,0.0,0.0,0,0,nan,nan,nan,94,26.299999237060547,0.0,31.0,0,31,-,SELECT OWNER FIRST,
2026-07-10T01:31:00.490,2538.49,mission_20260710_004842_manual,MANUAL,,0,13.330282211303711,100.99791717529297,155.06262917940293,4,True,0.6970000267028809,1,0,0,-1,0,0.0,0.0,0.0,0,0,nan,nan,nan,94,26.299999237060547,0.0,31.0,0,29,-,SELECT OWNER FIRST,
2026-07-10T01:31:02.491,2540.492,mission_20260710_004842_manual,MANUAL,,0,13.330280303955078,100.99791717529297,155.07044291581343,4,True,0.6984999775886536,1,0,0,-1,0,0.0,0.0,0.0,0,0,nan,nan,nan,94,26.299999237060547,0.0,31.0,0,30,-,SELECT OWNER FIRST,
2026-07-10T01:31:04.494,2542.495,mission_20260710_004842_manual,MANUAL,,0,13.330279350280762,100.99791717529297,155.07344819904824,4,True,0.6962500214576721,1,0,0,-1,0,0.0,0.0,0.0,0,0,nan,nan,nan,94,26.299999237060547,0.0,31.0,0,31,-,SELECT OWNER FIRST,
2026-07-10T01:31:06.688,2544.689,mission_20260710_004842_manual,MANUAL,,0,13.330278396606445,100.99791717529297,155.07999152027313,4,True,0.7014999985694885,1,0,0,-1,0,0.0,0.0,0.0,0,0,nan,nan,nan,94,26.299999237060547,0.0,31.0,0,29,-,SELECT OWNER FIRST,
2026-07-10T01:31:08.694,2546.694,mission_20260710_004842_manual,MANUAL,,0,13.330277442932129,100.99791717529297,155.07693159552494,4,True,0.699999988079071,1,0,0,-1,0,0.0,0.0,0.0,0,0,nan,nan,nan,94,26.299999237060547,0.0,31.0,0,29,-,SELECT OWNER FIRST,
2026-07-10T01:31:10.698,2548.699,mission_20260710_004842_manual,MANUAL,,0,13.330276489257812,100.99791717529297,155.08570155841923,4,True,0.6995000243186951,1,0,0,-1,0,0.0,0.0,0.0,0,0,nan,nan,nan,94,26.299999237060547,0.0,31.0,0,30,-,SELECT OWNER FIRST,
2026-07-10T01:31:12.706,2550.707,mission_20260710_004842_manual,MANUAL,,0,13.330276489257812,100.99790954589844,155.0961244270927,4,True,0.6980000138282776,1,0,0,-1,0,0.0,0.0,0.0,0,0,nan,nan,nan,94,26.299999237060547,0.0,31.0,0,30,-,SELECT OWNER FIRST,
2026-07-10T01:31:14.887,2552.887,mission_20260710_004842_manual,MANUAL,,0,13.330276489257812,100.99790954589844,155.10154759729366,4,True,0.7009999752044678,1,0,0,-1,0,0.0,0.0,0.0,0,0,nan,nan,nan,94,26.299999237060547,0.0,31.0,0,30,-,SELECT OWNER FIRST,
2026-07-10T01:31:16.887,2554.888,mission_20260710_004842_manual,MANUAL,,0,13.330275535583496,100.99790954589844,155.10901982424568,4,True,0.6987500190734863,1,0,0,-1,0,0.0,0.0,0.0,0,0,nan,nan,nan,94,26.299999237060547,0.0,31.0,0,30,-,SELECT OWNER FIRST,
2026-07-10T01:31:19.085,2557.086,mission_20260710_004842_manual,MANUAL,,0,13.33027458190918,100.99790954589844,155.10456654090683,4,True,0.699999988079071,1,0,0,-1,0,0.0,0.0,0.0,0,0,nan,nan,nan,94,26.299999237060547,0.0,31.0,0,28,-,SELECT OWNER FIRST,
2026-07-10T01:31:21.091,2559.091,mission_20260710_004842_manual,MANUAL,,0,13.330275535583496,100.99790954589844,155.1020666916706,4,True,0.6977499723434448,1,0,0,-1,0,0.0,0.0,0.0,0,0,nan,nan,nan,94,26.299999237060547,0.0,31.0,0,29,-,SELECT OWNER FIRST,
2026-07-10T01:31:23.285,2561.286,mission_20260710_004842_manual,MANUAL,,0,13.330275535583496,100.99790954589844,155.10041378589145,4,True,0.6972500085830688,1,0,0,-1,0,0.0,0.0,0.0,0,0,nan,nan,nan,94,26.299999237060547,0.0,31.0,0,29,-,SELECT OWNER FIRST,
2026-07-10T01:31:25.286,2563.287,mission_20260710_004842_manual,MANUAL,,0,13.33027458190918,100.99790954589844,155.09279129477773,4,True,0.699999988079071,1,0,0,-1,0,0.0,0.0,0.0,0,0,nan,nan,nan,94,26.299999237060547,0.0,31.0,0,29,-,SELECT OWNER FIRST,
2026-07-10T01:31:27.288,2565.288,mission_20260710_004842_manual,MANUAL,,0,13.330272674560547,100.99790954589844,155.09410269109836,4,True,0.6990000009536743,1,0,0,-1,0,0.0,0.0,0.0,0,0,nan,nan,nan,94,26.299999237060547,0.0,31.0,0,27,-,SELECT OWNER FIRST,
2026-07-10T01:31:29.288,2567.288,mission_20260710_004842_manual,MANUAL,,0,13.330273628234863,100.99790954589844,155.10179348410378,4,True,0.6982499957084656,1,0,0,-1,0,0.0,0.0,0.0,0,0,nan,nan,nan,94,26.299999237060547,0.0,31.0,0,27,-,SELECT OWNER FIRST,
2026-07-10T01:31:31.291,2569.291,mission_20260710_004842_manual,MANUAL,,0,13.33027458190918,100.99790954589844,155.10040012551312,4,True,0.6992499828338623,1,0,0,-1,0,0.0,0.0,0.0,0,0,nan,nan,nan,94,26.299999237060547,0.0,31.0,0,27,-,SELECT OWNER FIRST,
2026-07-10T01:31:33.292,2571.292,mission_20260710_004842_manual,MANUAL,,0,13.330276489257812,100.99790954589844,155.08709491700992,4,True,0.6995000243186951,1,0,0,-1,0,0.0,0.0,0.0,0,0,nan,nan,nan,94,26.299999237060547,0.0,31.0,0,28,-,SELECT OWNER FIRST,
2026-07-10T01:31:35.295,2573.295,mission_20260710_004842_manual,MANUAL,,0,13.330277442932129,100.99790954589844,155.0948266911504,4,True,0.6982499957084656,1,0,0,-1,0,0.0,0.0,0.0,0,0,nan,nan,nan,94,26.299999237060547,0.0,31.0,0,29,-,SELECT OWNER FIRST,
2026-07-10T01:31:37.481,2575.481,mission_20260710_004842_manual,MANUAL,,0,13.330280303955078,100.99790954589844,155.1000859368113,4,True,0.6970000267028809,1,0,0,-1,0,0.0,0.0,0.0,0,0,nan,nan,nan,94,26.299999237060547,0.0,31.0,0,30,-,SELECT OWNER FIRST,
2026-07-10T01:31:39.681,2577.682,mission_20260710_004842_manual,MANUAL,,0,13.330282211303711,100.99790954589844,155.10448457863677,4,True,0.6992499828338623,1,0,0,-1,0,0.0,0.0,0.0,0,0,nan,nan,nan,94,26.299999237060547,0.0,31.0,0,28,-,SELECT OWNER FIRST,
2026-07-10T01:31:41.684,2579.684,mission_20260710_004842_manual,MANUAL,,0,13.330283164978027,100.99790954589844,155.10840510722036,4,True,0.6992499828338623,1,0,0,-1,0,0.0,0.0,0.0,0,0,nan,nan,nan,94,26.299999237060547,0.0,31.0,0,29,-,SELECT OWNER FIRST,
2026-07-10T01:31:43.685,2581.685,mission_20260710_004842_manual,MANUAL,,0,13.330284118652344,100.99791717529297,155.1119294848321,4,True,0.6987500190734863,1,0,0,-1,0,0.0,0.0,0.0,0,0,nan,nan,nan,94,26.299999237060547,0.0,31.0,0,27,-,SELECT OWNER FIRST,
2026-07-10T01:31:45.690,2583.691,mission_20260710_004842_manual,MANUAL,,0,13.330286026000977,100.99791717529297,155.11498940958026,4,True,0.6970000267028809,1,0,0,-1,0,0.0,0.0,0.0,0,0,nan,nan,nan,94,26.299999237060547,0.0,31.0,0,29,-,SELECT OWNER FIRST,
2026-07-10T01:31:47.693,2585.693,mission_20260710_004842_manual,MANUAL,,0,13.330289840698242,100.99790954589844,155.1245653347966,4,True,0.6987500190734863,1,0,0,-1,0,0.0,0.0,0.0,0,0,nan,nan,nan,94,26.299999237060547,0.0,31.0,0,28,-,SELECT OWNER FIRST,
2026-07-10T01:31:49.878,2587.879,mission_20260710_004842_manual,MANUAL,,0,13.330292701721191,100.99791717529297,155.13688699605933,4,True,0.6982499957084656,1,0,0,-1,0,0.0,0.0,0.0,0,0,nan,nan,nan,94,26.299999237060547,0.0,31.0,0,28,-,SELECT OWNER FIRST,
2026-07-10T01:31:52.078,2590.078,mission_20260710_004842_manual,MANUAL,,0,13.330294609069824,100.99791717529297,155.1371192224911,4,True,0.6977499723434448,1,0,0,-1,0,0.0,0.0,0.0,0,0,nan,nan,nan,94,26.299999237060547,0.0,31.0,0,28,-,SELECT OWNER FIRST,
2026-07-10T01:31:54.079,2592.079,mission_20260710_004842_manual,MANUAL,,0,13.330297470092773,100.99791717529297,155.1464082797623,4,True,0.6990000009536743,1,0,0,-1,0,0.0,0.0,0.0,0,0,nan,nan,nan,94,26.299999237060547,0.0,31.0,0,29,-,SELECT OWNER FIRST,
2026-07-10T01:31:56.083,2594.084,mission_20260710_004842_manual,MANUAL,,0,13.330299377441406,100.99791717529297,155.14945454413214,4,True,0.6992499828338623,1,0,0,-1,0,0.0,0.0,0.0,0,0,nan,nan,nan,94,26.299999237060547,0.0,31.0,0,27,-,SELECT OWNER FIRST,
2026-07-10T01:31:58.085,2596.086,mission_20260710_004842_manual,MANUAL,,0,13.330300331115723,100.99791717529297,155.1473918270028,4,True,0.6980000138282776,1,0,0,-1,0,0.0,0.0,0.0,0,0,nan,nan,nan,94,26.299999237060547,0.0,31.0,0,28,-,SELECT OWNER FIRST,
2026-07-10T01:32:00.091,2598.091,mission_20260710_004842_manual,MANUAL,,0,13.330301284790039,100.99791717529297,155.150492732886,4,True,0.6984999775886536,1,0,0,-1,0,0.0,0.0,0.0,0,0,nan,nan,nan,94,26.299999237060547,0.0,31.0,0,28,-,SELECT OWNER FIRST,
2026-07-10T01:32:02.278,2600.279,mission_20260710_004842_manual,MANUAL,,0,13.330302238464355,100.99791717529297,155.1552465445483,4,True,0.6990000009536743,1,0,0,-1,0,0.0,0.0,0.0,0,0,nan,nan,nan,94,26.299999237060547,0.0,31.0,0,27,-,SELECT OWNER FIRST,
2026-07-10T01:32:04.285,2602.285,mission_20260710_004842_manual,MANUAL,,0,13.330304145812988,100.99791717529297,155.17281379109357,4,True,0.6984999775886536,1,0,0,-1,0,0.0,0.0,0.0,0,0,nan,nan,nan,94,26.299999237060547,0.0,31.0,0,28,-,SELECT OWNER FIRST,
2026-07-10T01:32:06.475,2604.475,mission_20260710_004842_manual,MANUAL,,0,13.330304145812988,100.99791717529297,155.1757917535717,4,True,0.699999988079071,1,0,0,-1,0,0.0,0.0,0.0,0,0,nan,nan,nan,94,26.299999237060547,0.0,31.0,0,28,-,SELECT OWNER FIRST,
2026-07-10T01:32:08.477,2606.477,mission_20260710_004842_manual,MANUAL,,0,13.330305099487305,100.99791717529297,155.18081877280085,4,True,0.6997500061988831,1,0,0,-1,0,0.0,0.0,0.0,0,0,nan,nan,nan,94,26.299999237060547,0.0,31.0,0,28,-,SELECT OWNER FIRST,
2026-07-10T01:32:10.478,2608.479,mission_20260710_004842_manual,MANUAL,,0,13.330305099487305,100.99791717529297,155.18635122602856,4,True,0.6997500061988831,1,0,0,-1,0,0.0,0.0,0.0,0,0,nan,nan,nan,94,26.299999237060547,0.0,31.0,0,29,-,SELECT OWNER FIRST,
2026-07-10T01:32:12.674,2610.674,mission_20260710_004842_manual,MANUAL,,0,13.330304145812988,100.99791717529297,155.17036858337073,4,True,0.7002500295639038,1,0,0,-1,0,0.0,0.0,0.0,0,0,nan,nan,nan,94,26.299999237060547,0.0,31.0,0,28,-,SELECT OWNER FIRST,
2026-07-10T01:32:14.676,2612.677,mission_20260710_004842_manual,MANUAL,,0,13.330304145812988,100.99791717529297,155.16170790350316,4,True,0.6997500061988831,1,0,0,-1,0,0.0,0.0,0.0,0,0,nan,nan,nan,94,26.299999237060547,0.0,31.0,0,28,-,SELECT OWNER FIRST,
2026-07-10T01:32:16.683,2614.683,mission_20260710_004842_manual,MANUAL,,0,13.330304145812988,100.99791717529297,155.15755514848777,4,True,0.6982499957084656,1,0,0,-1,0,0.0,0.0,0.0,0,0,nan,nan,nan,94,26.299999237060547,0.0,31.0,0,27,-,SELECT OWNER FIRST,
2026-07-10T01:32:18.873,2616.873,mission_20260710_004842_manual,MANUAL,,0,13.330304145812988,100.99791717529297,155.15617545027544,4,True,0.6992499828338623,1,0,0,-1,0,0.0,0.0,0.0,0,0,nan,nan,nan,94,26.299999237060547,0.0,31.0,0,29,-,SELECT OWNER FIRST,
2026-07-10T01:32:20.874,2618.874,mission_20260710_004842_manual,MANUAL,,0,13.330303192138672,100.99791717529297,155.15997303545396,4,True,0.6987500190734863,1,0,0,-1,0,0.0,0.0,0.0,0,0,nan,nan,nan,94,26.299999237060547,0.0,31.0,0,29,-,SELECT OWNER FIRST,
2026-07-10T01:32:23.071,2621.072,mission_20260710_004842_manual,MANUAL,,0,13.330303192138672,100.99791717529297,155.15427665768618,4,True,0.7005000114440918,1,0,0,-1,0,0.0,0.0,0.0,0,0,nan,nan,nan,94,26.299999237060547,0.0,31.0,0,28,-,SELECT OWNER FIRST,
2026-07-10T01:32:25.078,2623.079,mission_20260710_004842_manual,MANUAL,,0,13.330302238464355,100.9979248046875,155.1565442804906,4,True,0.6990000009536743,1,0,0,-1,0,0.0,0.0,0.0,0,0,nan,nan,nan,94,26.299999237060547,0.0,31.0,0,27,-,SELECT OWNER FIRST,
2026-07-10T01:32:27.081,2625.082,mission_20260710_004842_manual,MANUAL,,0,13.330302238464355,100.9979248046875,155.14681809111252,4,True,0.6974999904632568,1,0,0,-1,0,0.0,0.0,0.0,0,0,nan,nan,nan,94,26.299999237060547,0.0,31.0,0,29,-,SELECT OWNER FIRST,
2026-07-10T01:32:29.271,2627.271,mission_20260710_004842_manual,MANUAL,,0,13.330303192138672,100.9979248046875,155.14836171386494,4,True,0.6984999775886536,1,0,0,-1,0,0.0,0.0,0.0,0,0,nan,nan,nan,94,26.299999237060547,0.0,31.0,0,31,-,SELECT OWNER FIRST,
2026-07-10T01:32:31.274,2629.274,mission_20260710_004842_manual,MANUAL,,0,13.330304145812988,100.9979248046875,155.15715899751592,4,True,0.699999988079071,1,0,0,-1,0,0.0,0.0,0.0,0,0,nan,nan,nan,94,26.299999237060547,0.0,31.0,0,30,-,SELECT OWNER FIRST,
2026-07-10T01:32:33.279,2631.28,mission_20260710_004842_manual,MANUAL,,0,13.330304145812988,100.9979248046875,155.16484979052134,4,True,0.6977499723434448,1,0,0,-1,0,0.0,0.0,0.0,0,0,nan,nan,nan,94,26.299999237060547,0.0,31.0,0,29,-,SELECT OWNER FIRST,
2026-07-10T01:32:35.470,2633.47,mission_20260710_004842_manual,MANUAL,,0,13.330303192138672,100.9979248046875,155.16953530029198,4,True,0.699999988079071,1,0,0,-1,0,0.0,0.0,0.0,0,0,nan,nan,nan,94,26.299999237060547,0.0,31.0,0,29,-,SELECT OWNER FIRST,
2026-07-10T01:32:37.671,2635.671,mission_20260710_004842_manual,MANUAL,,0,13.330303192138672,100.9979248046875,155.1692347719685,4,True,0.6982499957084656,1,0,0,-1,0,0.0,0.0,0.0,0,0,nan,nan,nan,94,26.299999237060547,0.0,31.0,0,29,-,SELECT OWNER FIRST,
2026-07-10T01:32:39.672,2637.673,mission_20260710_004842_manual,MANUAL,,0,13.330303192138672,100.9979248046875,155.16889326251,4,True,0.6995000243186951,1,0,0,-1,0,0.0,0.0,0.0,0,0,nan,nan,nan,94,26.299999237060547,0.0,31.0,0,29,-,SELECT OWNER FIRST,
2026-07-10T01:32:41.676,2639.677,mission_20260710_004842_manual,MANUAL,,0,13.330304145812988,100.9979248046875,155.1718712249881,4,True,0.6965000033378601,1,0,0,-1,0,0.0,0.0,0.0,0,0,nan,nan,nan,94,26.299999237060547,0.0,31.0,0,29,-,SELECT OWNER FIRST,
2026-07-10T01:32:43.679,2641.68,mission_20260710_004842_manual,MANUAL,,0,13.330305099487305,100.9979248046875,155.17807303675448,4,True,0.6984999775886536,1,0,0,-1,0,0.0,0.0,0.0,0,0,nan,nan,nan,94,26.299999237060547,0.0,31.0,0,29,-,SELECT OWNER FIRST,
2026-07-10T01:32:45.865,2643.866,mission_20260710_004842_manual,MANUAL,,0,13.330306053161621,100.9979248046875,155.18043628220732,4,True,0.6984999775886536,1,0,0,-1,0,0.0,0.0,0.0,0,0,nan,nan,nan,94,26.299999237060547,0.0,31.0,0,29,-,SELECT OWNER FIRST,
2026-07-10T01:32:47.867,2645.868,mission_20260710_004842_manual,MANUAL,,0,13.330307006835938,100.9979248046875,155.16912548894177,4,True,0.7007499933242798,1,0,0,-1,0,0.0,0.0,0.0,0,0,nan,nan,nan,94,26.299999237060547,0.0,31.0,0,30,-,SELECT OWNER FIRST,
2026-07-10T01:32:50.068,2648.068,mission_20260710_004842_manual,MANUAL,,0,13.330307960510254,100.9979248046875,155.16441265841448,4,True,0.6982499957084656,1,0,0,-1,0,0.0,0.0,0.0,0,0,nan,nan,nan,94,26.299999237060547,0.0,31.0,0,30,-,SELECT OWNER FIRST,
2026-07-10T01:32:52.080,2650.08,mission_20260710_004842_manual,MANUAL,,0,13.330309867858887,100.9979248046875,155.1590031485918,4,True,0.6977499723434448,1,0,0,-1,0,0.0,0.0,0.0,0,0,nan,nan,nan,94,26.299999237060547,0.0,31.0,0,29,-,SELECT OWNER FIRST,
2026-07-10T01:32:54.083,2652.083,mission_20260710_004842_manual,MANUAL,,0,13.330310821533203,100.9979248046875,155.16068337512763,4,True,0.6995000243186951,1,0,0,-1,0,0.0,0.0,0.0,0,0,nan,nan,nan,94,26.299999237060547,0.0,31.0,0,29,-,SELECT OWNER FIRST,
2026-07-10T01:32:56.266,2654.267,mission_20260710_004842_manual,MANUAL,,0,13.330312728881836,100.9979248046875,155.1644946206845,4,True,0.6984999775886536,1,0,0,-1,0,0.0,0.0,0.0,0,0,nan,nan,nan,94,26.299999237060547,0.0,31.0,0,29,-,SELECT OWNER FIRST,
2026-07-10T01:32:58.271,2656.272,mission_20260710_004842_manual,MANUAL,,0,13.330313682556152,100.9979248046875,155.16913914932013,4,True,0.6990000009536743,1,0,0,-1,0,0.0,0.0,0.0,0,0,nan,nan,nan,94,26.299999237060547,0.0,31.0,0,30,-,SELECT OWNER FIRST,
2026-07-10T01:33:00.274,2658.275,mission_20260710_004842_manual,MANUAL,,0,13.330315589904785,100.9979248046875,155.15353899725582,4,True,0.6984999775886536,1,0,0,-1,0,0.0,0.0,0.0,0,0,nan,nan,nan,94,26.299999237060547,0.0,31.0,0,30,-,SELECT OWNER FIRST,
2026-07-10T01:33:02.462,2660.463,mission_20260710_004842_manual,MANUAL,,0,13.330316543579102,100.99793243408203,155.15472745017138,4,True,0.6995000243186951,1,0,0,-1,0,0.0,0.0,0.0,0,0,nan,nan,nan,94,26.299999237060547,0.0,31.0,0,30,-,SELECT OWNER FIRST,
2026-07-10T01:33:04.464,2662.465,mission_20260710_004842_manual,MANUAL,,0,13.330318450927734,100.99793243408203,155.15349801612078,4,True,0.6992499828338623,1,0,0,-1,0,0.0,0.0,0.0,0,0,nan,nan,nan,94,26.299999237060547,0.0,31.0,0,30,-,SELECT OWNER FIRST,
2026-07-10T01:33:06.465,2664.465,mission_20260710_004842_manual,MANUAL,,0,13.330320358276367,100.99793243408203,155.15885288443008,4,True,0.6984999775886536,1,0,0,-1,0,0.0,0.0,0.0,0,0,nan,nan,nan,94,26.299999237060547,0.0,31.0,0,30,-,SELECT OWNER FIRST,
2026-07-10T01:33:08.665,2666.665,mission_20260710_004842_manual,MANUAL,,0,13.330322265625,100.99793243408203,155.15983643167056,4,True,0.7002500295639038,1,0,0,-1,0,0.0,0.0,0.0,0,0,nan,nan,nan,94,26.299999237060547,0.0,31.0,0,30,-,SELECT OWNER FIRST,
2026-07-10T01:33:10.680,2668.68,mission_20260710_004842_manual,MANUAL,,0,13.330323219299316,100.99793243408203,155.16057409210092,4,True,0.7005000114440918,1,0,0,-1,0,0.0,0.0,0.0,0,0,nan,nan,nan,94,26.299999237060547,0.0,31.0,0,30,-,SELECT OWNER FIRST,
2026-07-10T01:33:12.861,2670.861,mission_20260710_004842_manual,MANUAL,,0,13.33032512664795,100.99793243408203,155.15423567655114,4,True,0.6990000009536743,1,0,0,-1,0,0.0,0.0,0.0,0,0,nan,nan,nan,94,26.299999237060547,0.0,31.0,0,30,-,SELECT OWNER FIRST,
2026-07-10T01:33:14.862,2672.862,mission_20260710_004842_manual,MANUAL,,0,13.330326080322266,100.99793243408203,155.14172276999167,4,True,0.6997500061988831,1,0,0,-1,0,0.0,0.0,0.0,0,0,nan,nan,nan,94,26.299999237060547,0.0,31.0,0,30,-,SELECT OWNER FIRST,
2026-07-10T01:33:17.059,2675.06,mission_20260710_004842_manual,MANUAL,,0,13.330327987670898,100.99793243408203,155.14972775169895,4,True,0.7005000114440918,1,0,0,-1,0,0.0,0.0,0.0,0,0,nan,nan,nan,94,26.299999237060547,0.0,31.0,0,30,-,SELECT OWNER FIRST,
2026-07-10T01:33:19.076,2677.077,mission_20260710_004842_manual,MANUAL,,0,13.330329895019531,100.99793243408203,155.15736390319103,4,True,0.7002500295639038,1,0,0,-1,0,0.0,0.0,0.0,0,0,nan,nan,nan,94,26.299999237060547,0.0,31.0,0,31,-,SELECT OWNER FIRST,
2026-07-10T01:33:21.076,2679.077,mission_20260710_004842_manual,MANUAL,,0,13.330331802368164,100.99793243408203,155.15856601648494,4,True,0.7017499804496765,1,0,0,-1,0,0.0,0.0,0.0,0,0,nan,nan,nan,94,26.299999237060547,0.0,31.0,0,31,-,SELECT OWNER FIRST,
2026-07-10T01:33:23.259,2681.26,mission_20260710_004842_manual,MANUAL,,0,13.330333709716797,100.99793243408203,155.1497140913206,4,True,0.7017499804496765,1,0,0,-1,0,0.0,0.0,0.0,0,0,nan,nan,nan,94,26.299999237060547,0.0,31.0,0,31,-,SELECT OWNER FIRST,
2026-07-10T01:33:25.261,2683.261,mission_20260710_004842_manual,MANUAL,,0,13.330334663391113,100.99794006347656,155.1503561291026,4,True,0.7005000114440918,1,0,0,-1,0,0.0,0.0,0.0,0,0,nan,nan,nan,94,26.299999237060547,0.0,31.0,0,31,-,SELECT OWNER FIRST,
2026-07-10T01:33:27.263,2685.263,mission_20260710_004842_manual,MANUAL,,0,13.330336570739746,100.99794006347656,155.1530608840139,4,True,0.6992499828338623,1,0,0,-1,0,0.0,0.0,0.0,0,0,nan,nan,nan,94,26.299999237060547,0.0,31.0,0,30,-,SELECT OWNER FIRST,
2026-07-10T01:33:29.266,2687.267,mission_20260710_004842_manual,MANUAL,,0,13.330336570739746,100.99794006347656,155.16061507323593,4,True,0.7002500295639038,1,0,0,-1,0,0.0,0.0,0.0,0,0,nan,nan,nan,94,26.299999237060547,0.0,31.0,0,29,-,SELECT OWNER FIRST,
2026-07-10T01:33:31.456,2689.457,mission_20260710_004842_manual,MANUAL,,0,13.330337524414062,100.99794006347656,155.1642897150094,4,True,0.7002500295639038,1,0,0,-1,0,0.0,0.0,0.0,0,0,nan,nan,nan,94,26.299999237060547,0.0,31.0,0,29,-,SELECT OWNER FIRST,
2026-07-10T01:33:33.658,2691.658,mission_20260710_004842_manual,MANUAL,,0,13.330338478088379,100.99794006347656,155.1812149237727,4,True,0.7022500038146973,1,0,0,-1,0,0.0,0.0,0.0,0,0,nan,nan,nan,94,26.299999237060547,0.0,31.0,0,29,-,SELECT OWNER FIRST,
2026-07-10T01:33:35.659,2693.659,mission_20260710_004842_manual,MANUAL,,0,13.330338478088379,100.99794006347656,155.18479394289778,4,True,0.7002500295639038,1,0,0,-1,0,0.0,0.0,0.0,0,0,nan,nan,nan,94,26.299999237060547,0.0,31.0,0,30,-,SELECT OWNER FIRST,
2026-07-10T01:33:37.659,2695.659,mission_20260710_004842_manual,MANUAL,,0,13.330339431762695,100.99794006347656,155.19441084924915,4,True,0.6995000243186951,1,0,0,-1,0,0.0,0.0,0.0,0,0,nan,nan,nan,94,26.299999237060547,0.0,31.0,0,30,-,SELECT OWNER FIRST,
2026-07-10T01:33:39.660,2697.66,mission_20260710_004842_manual,MANUAL,,0,13.330340385437012,100.99794006347656,155.1841792258725,4,True,0.6992499828338623,1,0,0,-1,0,0.0,0.0,0.0,0,0,nan,nan,nan,94,26.299999237060547,0.0,31.0,0,30,-,SELECT OWNER FIRST,
2026-07-10T01:33:41.663,2699.664,mission_20260710_004842_manual,MANUAL,,0,13.330340385437012,100.99794006347656,155.1787287349148,4,True,0.6982499957084656,1,0,0,-1,0,0.0,0.0,0.0,0,0,nan,nan,nan,94,26.299999237060547,0.0,31.0,0,30,-,SELECT OWNER FIRST,
2026-07-10T01:33:43.855,2701.855,mission_20260710_004842_manual,MANUAL,,0,13.330341339111328,100.99794006347656,155.1738383194691,4,True,0.6974999904632568,1,0,0,-1,0,0.0,0.0,0.0,0,0,nan,nan,nan,94,26.299999237060547,0.0,31.0,0,31,-,SELECT OWNER FIRST,
2026-07-10T01:33:46.054,2704.054,mission_20260710_004842_manual,MANUAL,,0,13.330341339111328,100.99794006347656,155.1699451116422,4,True,0.6990000009536743,1,0,0,-1,0,0.0,0.0,0.0,0,0,nan,nan,nan,94,26.299999237060547,0.0,31.0,0,30,-,SELECT OWNER FIRST,
2026-07-10T01:33:48.057,2706.058,mission_20260710_004842_manual,MANUAL,,0,13.330340385437012,100.99793243408203,155.15781469567625,4,True,0.6977499723434448,1,0,0,-1,0,0.0,0.0,0.0,0,0,nan,nan,nan,94,26.299999237060547,0.0,31.0,0,30,-,SELECT OWNER FIRST,
2026-07-10T01:33:50.059,2708.06,mission_20260710_004842_manual,MANUAL,,0,13.330339431762695,100.99793243408203,155.1526783934204,4,True,0.7005000114440918,1,0,0,-1,0,0.0,0.0,0.0,0,0,nan,nan,nan,94,26.299999237060547,0.0,31.0,0,29,-,SELECT OWNER FIRST,
2026-07-10T01:33:52.253,2710.254,mission_20260710_004842_manual,MANUAL,,0,13.330338478088379,100.99793243408203,155.15866163913333,4,True,0.6980000138282776,1,0,0,-1,0,0.0,0.0,0.0,0,0,nan,nan,nan,94,26.299999237060547,0.0,31.0,0,29,-,SELECT OWNER FIRST,
2026-07-10T01:33:54.256,2712.256,mission_20260710_004842_manual,MANUAL,,0,13.330337524414062,100.99793243408203,155.16274609225698,4,True,0.6982499957084656,1,0,0,-1,0,0.0,0.0,0.0,0,0,nan,nan,nan,94,26.299999237060547,0.0,31.0,0,30,-,SELECT OWNER FIRST,
2026-07-10T01:33:56.257,2714.257,mission_20260710_004842_manual,MANUAL,,0,13.330336570739746,100.9979248046875,155.16379794138916,4,True,0.6982499957084656,1,0,0,-1,0,0.0,0.0,0.0,0,0,nan,nan,nan,94,26.299999237060547,0.0,31.0,0,29,-,SELECT OWNER FIRST,
2026-07-10T01:33:58.259,2716.26,mission_20260710_004842_manual,MANUAL,,0,13.33033561706543,100.9979248046875,155.16756820581102,4,True,0.6967499852180481,1,0,0,-1,0,0.0,0.0,0.0,0,0,nan,nan,nan,94,26.299999237060547,0.0,31.0,0,29,-,SELECT OWNER FIRST,
2026-07-10T01:34:00.451,2718.452,mission_20260710_004842_manual,MANUAL,,0,13.330333709716797,100.9979248046875,155.16931673423855,4,True,0.6990000009536743,1,0,0,-1,0,0.0,0.0,0.0,0,0,nan,nan,nan,94,26.299999237060547,0.0,31.0,0,29,-,SELECT OWNER FIRST,
2026-07-10T01:34:02.453,2720.454,mission_20260710_004842_manual,MANUAL,,0,13.33033275604248,100.99791717529297,155.15785567681127,4,True,0.6984999775886536,1,0,0,-1,0,0.0,0.0,0.0,0,0,nan,nan,nan,94,26.299999237060547,0.0,31.0,0,29,-,SELECT OWNER FIRST,
2026-07-10T01:34:04.651,2722.651,mission_20260710_004842_manual,MANUAL,,0,13.33033275604248,100.99791717529297,155.15642133708556,4,True,0.6987500190734863,1,0,0,-1,0,0.0,0.0,0.0,0,0,nan,nan,nan,94,26.299999237060547,0.0,31.0,0,29,-,SELECT OWNER FIRST,
2026-07-10T01:34:06.656,2724.656,mission_20260710_004842_manual,MANUAL,,0,13.33033275604248,100.99791717529297,155.13942782643056,4,True,0.6967499852180481,1,0,0,-1,0,0.0,0.0,0.0,0,0,nan,nan,nan,94,26.299999237060547,0.0,31.0,0,29,-,SELECT OWNER FIRST,
2026-07-10T01:34:08.666,2726.667,mission_20260710_004842_manual,MANUAL,,0,13.330333709716797,100.99791717529297,155.12153273080514,4,True,0.6992499828338623,1,0,0,-1,0,0.0,0.0,0.0,0,0,nan,nan,nan,94,26.299999237060547,0.0,31.0,0,28,-,SELECT OWNER FIRST,
2026-07-10T01:34:10.851,2728.851,mission_20260710_004842_manual,MANUAL,,0,13.330334663391113,100.99790954589844,155.1026131068042,4,True,0.6992499828338623,1,0,0,-1,0,0.0,0.0,0.0,0,0,nan,nan,nan,94,26.299999237060547,0.0,31.0,0,29,-,SELECT OWNER FIRST,
2026-07-10T01:34:12.852,2730.852,mission_20260710_004842_manual,MANUAL,,0,13.330333709716797,100.99790954589844,155.08648019998463,4,True,0.6970000267028809,1,0,0,-1,0,0.0,0.0,0.0,0,0,nan,nan,nan,94,26.299999237060547,0.0,31.0,0,28,-,SELECT OWNER FIRST,
2026-07-10T01:34:15.049,2733.05,mission_20260710_004842_manual,MANUAL,,0,13.330331802368164,100.99790954589844,155.07362578396666,4,True,0.6984999775886536,1,0,0,-1,0,0.0,0.0,0.0,0,0,nan,nan,nan,94,26.299999237060547,0.0,31.0,0,28,-,SELECT OWNER FIRST,
2026-07-10T01:34:17.053,2735.053,mission_20260710_004842_manual,MANUAL,,0,13.330329895019531,100.9979019165039,155.07071612338024,4,True,0.6972500085830688,1,0,0,-1,0,0.0,0.0,0.0,0,0,nan,nan,nan,94,26.299999237060547,0.0,31.0,0,28,-,SELECT OWNER FIRST,
2026-07-10T01:34:19.054,2737.055,mission_20260710_004842_manual,MANUAL,,0,13.330327987670898,100.9979019165039,155.06810699111728,4,True,0.7005000114440918,1,0,0,-1,0,0.0,0.0,0.0,0,0,nan,nan,nan,94,26.299999237060547,0.0,31.0,0,29,-,SELECT OWNER FIRST,
2026-07-10T01:34:21.248,2739.249,mission_20260710_004842_manual,MANUAL,,0,13.330326080322266,100.9979019165039,155.06197348124263,4,True,0.6980000138282776,1,0,0,-1,0,0.0,0.0,0.0,0,0,nan,nan,nan,94,26.299999237060547,0.0,31.0,0,28,-,SELECT OWNER FIRST,
2026-07-10T01:34:23.249,2741.25,mission_20260710_004842_manual,MANUAL,,0,13.330324172973633,100.99789428710938,155.067533255227,4,True,0.6997500061988831,1,0,0,-1,0,0.0,0.0,0.0,0,0,nan,nan,nan,94,26.299999237060547,0.0,31.0,0,27,-,SELECT OWNER FIRST,
2026-07-10T01:34:25.254,2743.255,mission_20260710_004842_manual,MANUAL,,0,13.33031940460205,100.99789428710938,155.05758849979546,4,True,0.699999988079071,1,0,0,-1,0,0.0,0.0,0.0,0,0,nan,nan,nan,94,26.299999237060547,0.0,31.0,0,27,-,SELECT OWNER FIRST,
2026-07-10T01:34:27.256,2745.257,mission_20260710_004842_manual,MANUAL,,0,13.330315589904785,100.99789428710938,155.05488374488414,4,True,0.6974999904632568,1,0,0,-1,0,0.0,0.0,0.0,0,0,nan,nan,nan,94,26.299999237060547,0.0,31.0,0,27,-,SELECT OWNER FIRST,
2026-07-10T01:34:29.446,2747.446,mission_20260710_004842_manual,MANUAL,,0,13.33031177520752,100.99789428710938,155.06383129269688,4,True,0.7009999752044678,1,0,0,-1,0,0.0,0.0,0.0,0,0,nan,nan,nan,94,26.299999237060547,0.0,31.0,0,28,-,SELECT OWNER FIRST,
2026-07-10T01:34:31.646,2749.647,mission_20260710_004842_manual,MANUAL,,0,13.330307006835938,100.99788665771484,155.0822728034559,4,True,0.7002500295639038,1,0,0,-1,0,0.0,0.0,0.0,0,0,nan,nan,nan,94,26.299999237060547,0.0,31.0,0,28,-,SELECT OWNER FIRST,
2026-07-10T01:34:33.647,2751.648,mission_20260710_004842_manual,MANUAL,,0,13.330302238464355,100.99788665771484,155.08298314312958,4,True,0.699999988079071,1,0,0,-1,0,0.0,0.0,0.0,0,0,nan,nan,nan,94,26.299999237060547,0.0,31.0,0,29,-,SELECT OWNER FIRST,
2026-07-10T01:34:35.656,2753.657,mission_20260710_004842_manual,MANUAL,,0,13.330297470092773,100.99788665771484,155.08208155815913,4,True,0.6990000009536743,1,0,0,-1,0,0.0,0.0,0.0,0,0,nan,nan,nan,94,26.299999237060547,0.0,31.0,0,28,-,SELECT OWNER FIRST,
2026-07-10T01:34:37.843,2755.843,mission_20260710_004842_manual,MANUAL,,0,13.330291748046875,100.99788665771484,155.0711805762438,4,True,0.6974999904632568,1,0,0,-1,0,0.0,0.0,0.0,0,0,nan,nan,nan,94,26.299999237060547,0.0,31.0,0,27,-,SELECT OWNER FIRST,
2026-07-10T01:34:40.042,2758.042,mission_20260710_004842_manual,MANUAL,,0,13.330286026000977,100.99788665771484,155.06597597209625,4,True,0.6984999775886536,1,0,0,-1,0,0.0,0.0,0.0,0,0,nan,nan,nan,94,26.299999237060547,0.0,31.0,0,28,-,SELECT OWNER FIRST,
2026-07-10T01:34:42.044,2760.044,mission_20260710_004842_manual,MANUAL,,0,13.330281257629395,100.99788665771484,155.06273846242965,4,True,0.6987500190734863,1,0,0,-1,0,0.0,0.0,0.0,0,0,nan,nan,nan,94,26.299999237060547,0.0,31.0,0,28,-,SELECT OWNER FIRST,
2026-07-10T01:34:44.048,2762.049,mission_20260710_004842_manual,MANUAL,,0,13.330278396606445,100.99788665771484,155.06030691508514,4,True,0.6974999904632568,1,0,0,-1,0,0.0,0.0,0.0,0,0,nan,nan,nan,94,26.299999237060547,0.0,31.0,0,29,-,SELECT OWNER FIRST,
2026-07-10T01:34:46.049,2764.049,mission_20260710_004842_manual,MANUAL,,0,13.33027458190918,100.99788665771484,155.0609489528671,4,True,0.7009999752044678,1,0,0,-1,0,0.0,0.0,0.0,0,0,nan,nan,nan,94,26.299999237060547,0.0,31.0,0,30,-,SELECT OWNER FIRST,
2026-07-10T01:34:48.049,2766.05,mission_20260710_004842_manual,MANUAL,,0,13.330270767211914,100.99788665771484,155.05727431109364,4,True,0.7005000114440918,1,0,0,-1,0,0.0,0.0,0.0,0,0,nan,nan,nan,94,26.299999237060547,0.0,31.0,0,29,-,SELECT OWNER FIRST,
2026-07-10T01:34:50.242,2768.243,mission_20260710_004842_manual,MANUAL,,0,13.330267906188965,100.99788665771484,155.05672789596005,4,True,0.6997500061988831,1,0,0,-1,0,0.0,0.0,0.0,0,0,nan,nan,nan,94,26.299999237060547,0.0,31.0,0,30,-,SELECT OWNER FIRST,
2026-07-10T01:34:52.249,2770.249,mission_20260710_004842_manual,MANUAL,,0,13.330267906188965,100.99787902832031,155.0633395190766,4,True,0.699999988079071,1,0,0,-1,0,0.0,0.0,0.0,0,0,nan,nan,nan,94,26.299999237060547,0.0,31.0,0,27,-,SELECT OWNER FIRST,
2026-07-10T01:34:54.249,2772.249,mission_20260710_004842_manual,MANUAL,,0,13.330265045166016,100.99788665771484,155.0725875952128,4,True,0.6987500190734863,1,0,0,-1,0,0.0,0.0,0.0,0,0,nan,nan,nan,94,26.299999237060547,0.0,31.0,0,28,-,SELECT OWNER FIRST,
2026-07-10T01:34:56.439,2774.44,mission_20260710_004842_manual,MANUAL,,0,13.330262184143066,100.99788665771484,155.06294336810475,4,True,0.6984999775886536,1,0,0,-1,0,0.0,0.0,0.0,0,0,nan,nan,nan,94,26.299999237060547,0.0,31.0,0,29,-,SELECT OWNER FIRST,
2026-07-10T01:34:58.639,2776.639,mission_20260710_004842_manual,MANUAL,,0,13.3302583694458,100.99788665771484,155.05208336732443,4,True,0.6997500061988831,1,0,0,-1,0,0.0,0.0,0.0,0,0,nan,nan,nan,94,26.299999237060547,0.0,31.0,0,28,-,SELECT OWNER FIRST,
2026-07-10T01:35:00.645,2778.646,mission_20260710_004842_manual,MANUAL,,0,13.330256462097168,100.99788665771484,155.05672789596005,4,True,0.7005000114440918,1,0,0,-1,0,0.0,0.0,0.0,0,0,nan,nan,nan,94,26.299999237060547,0.0,31.0,0,26,-,SELECT OWNER FIRST,
2026-07-10T01:35:02.647,2780.648,mission_20260710_004842_manual,MANUAL,,0,13.330254554748535,100.99788665771484,155.0549657071542,4,True,0.6995000243186951,1,0,0,-1,0,0.0,0.0,0.0,0,0,nan,nan,nan,94,26.299999237060547,0.0,31.0,0,28,-,SELECT OWNER FIRST,
2026-07-10T01:35:04.838,2782.839,mission_20260710_004842_manual,MANUAL,,0,13.330252647399902,100.99788665771484,155.0574245752554,4,True,0.6970000267028809,1,0,0,-1,0,0.0,0.0,0.0,0,0,nan,nan,nan,94,26.299999237060547,0.0,31.0,0,27,-,SELECT OWNER FIRST,
2026-07-10T01:35:06.849,2784.85,mission_20260710_004842_manual,MANUAL,,0,13.33025074005127,100.99788665771484,155.0581485753074,4,True,0.6997500061988831,1,0,0,-1,0,0.0,0.0,0.0,0,0,nan,nan,nan,94,26.299999237060547,0.0,31.0,0,28,-,SELECT OWNER FIRST,
2026-07-10T01:35:09.036,2787.037,mission_20260710_004842_manual,MANUAL,,0,13.330248832702637,100.99788665771484,155.06847582133247,4,True,0.6980000138282776,1,0,0,-1,0,0.0,0.0,0.0,0,0,nan,nan,nan,94,26.299999237060547,0.0,31.0,0,28,-,SELECT OWNER FIRST,
2026-07-10T01:35:11.238,2789.238,mission_20260710_004842_manual,MANUAL,,0,13.330246925354004,100.99787902832031,155.0769452559033,4,True,0.7007499933242798,1,0,0,-1,0,0.0,0.0,0.0,0,0,nan,nan,nan,94,26.299999237060547,0.0,31.0,0,28,-,SELECT OWNER FIRST,
2026-07-10T01:35:13.239,2791.24,mission_20260710_004842_manual,MANUAL,,0,13.330245971679688,100.99787902832031,155.07904895416766,4,True,0.6984999775886536,1,0,0,-1,0,0.0,0.0,0.0,0,0,nan,nan,nan,94,26.299999237060547,0.0,31.0,0,28,-,SELECT OWNER FIRST,
2026-07-10T01:35:15.240,2793.24,mission_20260710_004842_manual,MANUAL,,0,13.330244064331055,100.99787902832031,155.07812004844052,4,True,0.6974999904632568,1,0,0,-1,0,0.0,0.0,0.0,0,0,nan,nan,nan,94,26.299999237060547,0.0,31.0,0,29,-,SELECT OWNER FIRST,
2026-07-10T01:35:17.241,2795.241,mission_20260710_004842_manual,MANUAL,,0,13.330244064331055,100.99787902832031,155.0814941618905,4,True,0.699999988079071,1,0,0,-1,0,0.0,0.0,0.0,0,0,nan,nan,nan,94,26.299999237060547,0.0,31.0,0,29,-,SELECT OWNER FIRST,
2026-07-10T01:35:19.243,2797.243,mission_20260710_004842_manual,MANUAL,,0,13.330243110656738,100.99787902832031,155.0700194440849,4,True,0.6959999799728394,1,0,0,-1,0,0.0,0.0,0.0,0,0,nan,nan,nan,94,26.299999237060547,0.0,31.0,0,29,-,SELECT OWNER FIRST,
2026-07-10T01:35:21.244,2799.245,mission_20260710_004842_manual,MANUAL,,0,13.330242156982422,100.99787902832031,155.06458261350556,4,True,0.6992499828338623,1,0,0,-1,0,0.0,0.0,0.0,0,0,nan,nan,nan,94,26.299999237060547,0.0,31.0,0,29,-,SELECT OWNER FIRST,
2026-07-10T01:35:23.434,2801.435,mission_20260710_004842_manual,MANUAL,,0,13.330242156982422,100.99787902832031,155.05736993374202,4,True,0.699999988079071,1,0,0,-1,0,0.0,0.0,0.0,0,0,nan,nan,nan,94,26.299999237060547,0.0,31.0,0,29,-,SELECT OWNER FIRST,
2026-07-10T01:35:25.633,2803.633,mission_20260710_004842_manual,MANUAL,,0,13.330243110656738,100.99787902832031,155.05799831114567,4,True,0.6987500190734863,1,0,0,-1,0,0.0,0.0,0.0,0,0,nan,nan,nan,94,26.299999237060547,0.0,31.0,0,30,-,SELECT OWNER FIRST,
2026-07-10T01:35:27.633,2805.634,mission_20260710_004842_manual,MANUAL,,0,13.330242156982422,100.99787902832031,155.05801197152402,4,True,0.6995000243186951,1,0,0,-1,0,0.0,0.0,0.0,0,0,nan,nan,nan,94,26.299999237060547,0.0,31.0,0,30,-,SELECT OWNER FIRST,
2026-07-10T01:35:29.638,2807.639,mission_20260710_004842_manual,MANUAL,,0,13.330243110656738,100.99787139892578,155.06947302895128,4,True,0.6972500085830688,1,0,0,-1,0,0.0,0.0,0.0,0,0,nan,nan,nan,94,26.299999237060547,0.0,31.0,0,31,-,SELECT OWNER FIRST,
2026-07-10T01:35:31.641,2809.642,mission_20260710_004842_manual,MANUAL,,0,13.330242156982422,100.99787902832031,155.06817529300898,4,True,0.7002500295639038,1,0,0,-1,0,0.0,0.0,0.0,0,0,nan,nan,nan,94,26.299999237060547,0.0,31.0,0,29,-,SELECT OWNER FIRST,
2026-07-10T01:35:33.831,2811.832,mission_20260710_004842_manual,MANUAL,,0,13.330244064331055,100.99787902832031,155.075647519961,4,True,0.6995000243186951,1,0,0,-1,0,0.0,0.0,0.0,0,0,nan,nan,nan,94,26.299999237060547,0.0,31.0,0,29,-,SELECT OWNER FIRST,
2026-07-10T01:35:35.833,2813.834,mission_20260710_004842_manual,MANUAL,,0,13.330245018005371,100.99787902832031,155.07818835033223,4,True,0.6997500061988831,1,0,0,-1,0,0.0,0.0,0.0,0,0,nan,nan,nan,94,26.299999237060547,0.0,31.0,0,29,-,SELECT OWNER FIRST,
2026-07-10T01:35:37.840,2815.841,mission_20260710_004842_manual,MANUAL,,0,13.330246925354004,100.99787139892578,155.07859816168244,4,True,0.6984999775886536,1,0,0,-1,0,0.0,0.0,0.0,0,0,nan,nan,nan,94,26.299999237060547,0.0,31.0,0,31,-,SELECT OWNER FIRST,
2026-07-10T01:35:40.030,2818.031,mission_20260710_004842_manual,MANUAL,,0,13.330248832702637,100.99787139892578,155.08388472810003,4,True,0.6990000009536743,1,0,0,-1,0,0.0,0.0,0.0,0,0,nan,nan,nan,94,26.299999237060547,0.0,31.0,0,31,-,SELECT OWNER FIRST,
2026-07-10T01:35:42.231,2820.232,mission_20260710_004842_manual,MANUAL,,0,13.330252647399902,100.99787902832031,155.09529114401394,4,True,0.6972500085830688,1,0,0,-1,0,0.0,0.0,0.0,0,0,nan,nan,nan,94,26.299999237060547,0.0,31.0,0,30,-,SELECT OWNER FIRST,
2026-07-10T01:35:44.236,2822.237,mission_20260710_004842_manual,MANUAL,,0,13.330255508422852,100.99787902832031,155.08478631307045,4,True,0.7005000114440918,1,0,0,-1,0,0.0,0.0,0.0,0,0,nan,nan,nan,94,26.299999237060547,0.0,31.0,0,30,-,SELECT OWNER FIRST,
2026-07-10T01:35:46.238,2824.239,mission_20260710_004842_manual,MANUAL,,0,13.3302583694458,100.99787902832031,155.07825665222393,4,True,0.6965000033378601,1,0,0,-1,0,0.0,0.0,0.0,0,0,nan,nan,nan,94,26.299999237060547,0.0,31.0,0,29,-,SELECT OWNER FIRST,
2026-07-10T01:35:48.427,2826.428,mission_20260710_004842_manual,MANUAL,,0,13.330262184143066,100.99787902832031,155.06583936831285,4,True,0.6974999904632568,1,0,0,-1,0,0.0,0.0,0.0,0,0,nan,nan,nan,94,26.299999237060547,0.0,31.0,0,31,-,SELECT OWNER FIRST,
2026-07-10T01:35:50.428,2828.429,mission_20260710_004842_manual,MANUAL,,0,13.330265045166016,100.99787902832031,155.06462359464058,4,True,0.6982499957084656,1,0,0,-1,0,0.0,0.0,0.0,0,0,nan,nan,nan,94,26.299999237060547,0.0,31.0,0,31,-,SELECT OWNER FIRST,
2026-07-10T01:35:52.429,2830.429,mission_20260710_004842_manual,MANUAL,,0,13.330266952514648,100.99788665771484,155.06301166999646,4,True,0.6987500190734863,1,0,0,-1,0,0.0,0.0,0.0,0,0,nan,nan,nan,94,26.299999237060547,0.0,31.0,0,31,-,SELECT OWNER FIRST,
2026-07-10T01:35:54.429,2832.429,mission_20260710_004842_manual,MANUAL,,0,13.330268859863281,100.99788665771484,155.0687217081426,4,True,0.6987500190734863,1,0,0,-1,0,0.0,0.0,0.0,0,0,nan,nan,nan,94,26.299999237060547,0.0,31.0,0,30,-,SELECT OWNER FIRST,
2026-07-10T01:35:56.627,2834.627,mission_20260710_004842_manual,MANUAL,,0,13.33027172088623,100.99788665771484,155.0796773315713,4,True,0.6990000009536743,1,0,0,-1,0,0.0,0.0,0.0,0,0,nan,nan,nan,94,26.299999237060547,0.0,31.0,0,29,-,SELECT OWNER FIRST,
2026-07-10T01:35:58.631,2836.631,mission_20260710_004842_manual,MANUAL,,0,13.330273628234863,100.99789428710938,155.08511416215063,4,True,0.6995000243186951,1,0,0,-1,0,0.0,0.0,0.0,0,0,nan,nan,nan,94,26.299999237060547,0.0,31.0,0,29,-,SELECT OWNER FIRST,
2026-07-10T01:36:00.642,2838.642,mission_20260710_004842_manual,MANUAL,,0,13.33027458190918,100.99789428710938,155.10320050307283,4,True,0.6997500061988831,1,0,0,-1,0,0.0,0.0,0.0,0,0,nan,nan,nan,94,26.299999237060547,0.0,31.0,0,30,-,SELECT OWNER FIRST,
2026-07-10T01:36:02.826,2840.826,mission_20260710_004842_manual,MANUAL,,0,13.330275535583496,100.99789428710938,155.1265734104126,4,True,0.699999988079071,1,0,0,-1,0,0.0,0.0,0.0,0,0,nan,nan,nan,94,26.299999237060547,0.0,31.0,0,30,-,SELECT OWNER FIRST,
2026-07-10T01:36:04.827,2842.828,mission_20260710_004842_manual,MANUAL,,0,13.330276489257812,100.99789428710938,155.14236480777367,4,True,0.6965000033378601,1,0,0,-1,0,0.0,0.0,0.0,0,0,nan,nan,nan,94,26.299999237060547,0.0,31.0,0,30,-,SELECT OWNER FIRST,
2026-07-10T01:36:07.022,2845.023,mission_20260710_004842_manual,MANUAL,,0,13.330278396606445,100.99789428710938,155.15968616750882,4,True,0.7002500295639038,1,0,0,-1,0,0.0,0.0,0.0,0,0,nan,nan,nan,94,26.299999237060547,0.0,31.0,0,30,-,SELECT OWNER FIRST,
2026-07-10T01:36:09.025,2847.026,mission_20260710_004842_manual,MANUAL,,0,13.330279350280762,100.9979019165039,155.17572345168,4,True,0.6972500085830688,1,0,0,-1,0,0.0,0.0,0.0,0,0,nan,nan,nan,94,26.299999237060547,0.0,31.0,0,30,-,SELECT OWNER FIRST,
2026-07-10T01:36:11.029,2849.029,mission_20260710_004842_manual,MANUAL,,0,13.330280303955078,100.9979019165039,155.18699326381054,4,True,0.6984999775886536,1,0,0,-1,0,0.0,0.0,0.0,0,0,nan,nan,nan,94,26.299999237060547,0.0,31.0,0,30,-,SELECT OWNER FIRST,
2026-07-10T01:36:13.225,2851.226,mission_20260710_004842_manual,MANUAL,,0,13.330282211303711,100.9979019165039,155.18708888645892,4,True,0.7012500166893005,1,0,0,-1,0,0.0,0.0,0.0,0,0,nan,nan,nan,94,26.299999237060547,0.0,31.0,0,30,-,SELECT OWNER FIRST,
2026-07-10T01:36:15.237,2853.237,mission_20260710_004842_manual,MANUAL,,0,13.330282211303711,100.9979019165039,155.19622767956838,4,True,0.6992499828338623,1,0,0,-1,0,0.0,0.0,0.0,0,0,nan,nan,nan,94,26.299999237060547,0.0,31.0,0,28,-,SELECT OWNER FIRST,
2026-07-10T01:36:17.422,2855.423,mission_20260710_004842_manual,MANUAL,,0,13.330281257629395,100.9979019165039,155.20505228397604,4,True,0.699999988079071,1,0,0,-1,0,0.0,0.0,0.0,0,0,nan,nan,nan,94,26.299999237060547,0.0,31.0,0,28,-,SELECT OWNER FIRST,
2026-07-10T01:36:19.621,2857.621,mission_20260710_004842_manual,MANUAL,,0,13.330279350280762,100.9979019165039,155.2041506990056,4,True,0.6977499723434448,1,0,0,-1,0,0.0,0.0,0.0,0,0,nan,nan,nan,94,26.299999237060547,0.0,31.0,0,28,-,SELECT OWNER FIRST,
2026-07-10T01:36:21.622,2859.622,mission_20260710_004842_manual,MANUAL,,0,13.330278396606445,100.9979019165039,155.20375454803374,4,True,0.6984999775886536,1,0,0,-1,0,0.0,0.0,0.0,0,0,nan,nan,nan,94,26.299999237060547,0.0,31.0,0,28,-,SELECT OWNER FIRST,
2026-07-10T01:36:23.625,2861.626,mission_20260710_004842_manual,MANUAL,,0,13.330278396606445,100.99790954589844,155.19982035907182,4,True,0.6982499957084656,1,0,0,-1,0,0.0,0.0,0.0,0,0,nan,nan,nan,94,26.299999237060547,0.0,31.0,0,29,-,SELECT OWNER FIRST,
2026-07-10T01:36:25.626,2863.627,mission_20260710_004842_manual,MANUAL,,0,13.330277442932129,100.99790954589844,155.18912428283159,4,True,0.6987500190734863,1,0,0,-1,0,0.0,0.0,0.0,0,0,nan,nan,nan,94,26.299999237060547,0.0,31.0,0,30,-,SELECT OWNER FIRST,
2026-07-10T01:36:27.819,2865.819,mission_20260710_004842_manual,MANUAL,,0,13.330277442932129,100.99790954589844,155.18412458435913,4,True,0.6992499828338623,1,0,0,-1,0,0.0,0.0,0.0,0,0,nan,nan,nan,94,26.299999237060547,0.0,31.0,0,31,-,SELECT OWNER FIRST,
2026-07-10T01:36:29.822,2867.823,mission_20260710_004842_manual,MANUAL,,0,13.330275535583496,100.99790954589844,155.1860643580834,4,True,0.6992499828338623,1,0,0,-1,0,0.0,0.0,0.0,0,0,nan,nan,nan,94,26.299999237060547,0.0,31.0,0,30,-,SELECT OWNER FIRST,
2026-07-10T01:36:31.828,2869.828,mission_20260710_004842_manual,MANUAL,,0,13.33027458190918,100.99791717529297,155.1927852642267,4,True,0.7005000114440918,1,0,0,-1,0,0.0,0.0,0.0,0,0,nan,nan,nan,94,26.299999237060547,0.0,31.0,0,29,-,SELECT OWNER FIRST,
2026-07-10T01:36:34.018,2872.019,mission_20260710_004842_manual,MANUAL,,0,13.330273628234863,100.99791717529297,155.1914602075277,4,True,0.6995000243186951,1,0,0,-1,0,0.0,0.0,0.0,0,0,nan,nan,nan,94,26.299999237060547,0.0,31.0,0,29,-,SELECT OWNER FIRST,
2026-07-10T01:36:36.019,2874.02,mission_20260710_004842_manual,MANUAL,,0,13.330272674560547,100.99791717529297,155.19602277389328,4,True,0.6990000009536743,1,0,0,-1,0,0.0,0.0,0.0,0,0,nan,nan,nan,94,26.299999237060547,0.0,31.0,0,28,-,SELECT OWNER FIRST,
2026-07-10T01:36:38.219,2876.22,mission_20260710_004842_manual,MANUAL,,0,13.33027172088623,100.99791717529297,155.19079084898905,4,True,0.6982499957084656,1,0,0,-1,0,0.0,0.0,0.0,0,0,nan,nan,nan,94,26.299999237060547,0.0,31.0,0,28,-,SELECT OWNER FIRST,
2026-07-10T01:36:40.225,2878.226,mission_20260710_004842_manual,MANUAL,,0,13.33027172088623,100.99791717529297,155.18181598041966,4,True,0.6984999775886536,1,0,0,-1,0,0.0,0.0,0.0,0,0,nan,nan,nan,94,26.299999237060547,0.0,31.0,0,28,-,SELECT OWNER FIRST,
2026-07-10T01:36:42.415,2880.415,mission_20260710_004842_manual,MANUAL,,0,13.330268859863281,100.9979248046875,155.18447975419596,4,True,0.6962500214576721,1,0,0,-1,0,0.0,0.0,0.0,0,0,nan,nan,nan,94,26.299999237060547,0.0,31.0,0,28,-,SELECT OWNER FIRST,
2026-07-10T01:36:44.417,2882.418,mission_20260710_004842_manual,MANUAL,,0,13.330268859863281,100.9979248046875,155.1829497918219,4,True,0.699999988079071,1,0,0,-1,0,0.0,0.0,0.0,0,0,nan,nan,nan,94,26.299999237060547,0.0,31.0,0,30,-,SELECT OWNER FIRST,
2026-07-10T01:36:46.417,2884.418,mission_20260710_004842_manual,MANUAL,,0,13.330268859863281,100.9979248046875,155.17404322514417,4,True,0.7002500295639038,1,0,0,-1,0,0.0,0.0,0.0,0,0,nan,nan,nan,94,26.299999237060547,0.0,31.0,0,28,-,SELECT OWNER FIRST,
2026-07-10T01:36:48.612,2886.613,mission_20260710_004842_manual,MANUAL,,0,13.330267906188965,100.9979248046875,155.17199416839318,4,True,0.6997500061988831,1,0,0,-1,0,0.0,0.0,0.0,0,0,nan,nan,nan,94,26.299999237060547,0.0,31.0,0,26,-,SELECT OWNER FIRST,
2026-07-10T01:36:50.615,2888.615,mission_20260710_004842_manual,MANUAL,,0,13.330265998840332,100.9979248046875,155.17081937585593,4,True,0.6984999775886536,1,0,0,-1,0,0.0,0.0,0.0,0,0,nan,nan,nan,94,26.299999237060547,0.0,31.0,0,25,-,SELECT OWNER FIRST,
2026-07-10T01:36:52.619,2890.62,mission_20260710_004842_manual,MANUAL,,0,13.330265045166016,100.99793243408203,155.16911182856344,4,True,0.6977499723434448,1,0,0,-1,0,0.0,0.0,0.0,0,0,nan,nan,nan,94,26.299999237060547,0.0,31.0,0,26,-,SELECT OWNER FIRST,
2026-07-10T01:36:54.815,2892.815,mission_20260710_004842_manual,MANUAL,,0,13.3302640914917,100.99793243408203,155.18699326381054,4,True,0.7012500166893005,1,0,0,-1,0,0.0,0.0,0.0,0,0,nan,nan,nan,94,26.299999237060547,0.0,31.0,0,23,-,SELECT OWNER FIRST,
2026-07-10T01:36:56.816,2894.817,mission_20260710_004842_manual,MANUAL,,0,13.330262184143066,100.99793243408203,155.18982096212693,4,True,0.6974999904632568,1,0,0,-1,0,0.0,0.0,0.0,0,0,nan,nan,nan,94,26.299999237060547,0.0,31.0,0,24,-,SELECT OWNER FIRST,
2026-07-10T01:36:58.820,2896.821,mission_20260710_004842_manual,MANUAL,,0,13.33026123046875,100.99793243408203,155.19986134020684,4,True,0.6997500061988831,1,0,0,-1,0,0.0,0.0,0.0,0,0,nan,nan,nan,94,26.299999237060547,0.0,31.0,0,25,-,SELECT OWNER FIRST,
2026-07-10T01:37:01.011,2899.011,mission_20260710_004842_manual,MANUAL,,0,13.330260276794434,100.99793243408203,155.20132300068923,4,True,0.7002500295639038,1,0,0,-1,0,0.0,0.0,0.0,0,0,nan,nan,nan,94,26.299999237060547,0.0,31.0,0,24,-,SELECT OWNER FIRST,
2026-07-10T01:37:03.013,2901.014,mission_20260710_004842_manual,MANUAL,,0,13.330259323120117,100.99794006347656,155.1914192263927,4,True,0.6992499828338623,1,0,0,-1,0,0.0,0.0,0.0,0,0,nan,nan,nan,94,26.299999237060547,0.0,31.0,0,24,-,SELECT OWNER FIRST,
2026-07-10T01:37:05.210,2903.211,mission_20260710_004842_manual,MANUAL,,0,13.3302583694458,100.99794006347656,155.1942196039524,4,True,0.7002500295639038,1,0,0,-1,0,0.0,0.0,0.0,0,0,nan,nan,nan,94,26.299999237060547,0.0,31.0,0,25,-,SELECT OWNER FIRST,
2026-07-10T01:37:07.213,2905.213,mission_20260710_004842_manual,MANUAL,,0,13.330259323120117,100.99794006347656,155.19632330221677,4,True,0.6992499828338623,1,0,0,-1,0,0.0,0.0,0.0,0,0,nan,nan,nan,94,26.299999237060547,0.0,31.0,0,25,-,SELECT OWNER FIRST,
2026-07-10T01:37:09.214,2907.215,mission_20260710_004842_manual,MANUAL,,0,13.3302583694458,100.99794006347656,155.20002526474693,4,True,0.6980000138282776,1,0,0,-1,0,0.0,0.0,0.0,0,0,nan,nan,nan,94,26.299999237060547,0.0,31.0,0,26,-,SELECT OWNER FIRST,
2026-07-10T01:37:11.217,2909.217,mission_20260710_004842_manual,MANUAL,,0,13.330257415771484,100.99794006347656,155.18310005598363,4,True,0.6990000009536743,1,0,0,-1,0,0.0,0.0,0.0,0,0,nan,nan,nan,94,26.299999237060547,0.0,31.0,0,25,-,SELECT OWNER FIRST,
2026-07-10T01:37:13.219,2911.219,mission_20260710_004842_manual,MANUAL,,0,13.330257415771484,100.99794006347656,155.18322299938868,4,True,0.6987500190734863,1,0,0,-1,0,0.0,0.0,0.0,0,0,nan,nan,nan,94,26.299999237060547,0.0,31.0,0,26,-,SELECT OWNER FIRST,
2026-07-10T01:37:15.407,2913.408,mission_20260710_004842_manual,MANUAL,,0,13.330256462097168,100.99794006347656,155.18437047116925,4,True,0.6990000009536743,1,0,0,-1,0,0.0,0.0,0.0,0,0,nan,nan,nan,94,26.299999237060547,0.0,31.0,0,26,-,SELECT OWNER FIRST,
2026-07-10T01:37:17.408,2915.408,mission_20260710_004842_manual,MANUAL,,0,13.330256462097168,100.99794006347656,155.18070948977413,4,True,0.6984999775886536,1,0,0,-1,0,0.0,0.0,0.0,0,0,nan,nan,nan,94,26.299999237060547,0.0,31.0,0,27,-,SELECT OWNER FIRST,
2026-07-10T01:37:19.408,2917.409,mission_20260710_004842_manual,MANUAL,,0,13.330257415771484,100.99794006347656,155.18386503717068,4,True,0.6992499828338623,1,0,0,-1,0,0.0,0.0,0.0,0,0,nan,nan,nan,94,26.299999237060547,0.0,31.0,0,27,-,SELECT OWNER FIRST,
2026-07-10T01:37:21.608,2919.609,mission_20260710_004842_manual,MANUAL,,0,13.3302583694458,100.99794006347656,155.18815439596943,4,True,0.6980000138282776,1,0,0,-1,0,0.0,0.0,0.0,0,0,nan,nan,nan,94,26.299999237060547,0.0,31.0,0,26,-,SELECT OWNER FIRST,
2026-07-10T01:37:23.610,2921.61,mission_20260710_004842_manual,MANUAL,,0,13.330259323120117,100.9979476928711,155.18218481063485,4,True,0.7002500295639038,1,0,0,-1,0,0.0,0.0,0.0,0,0,nan,nan,nan,94,26.299999237060547,0.0,31.0,0,25,-,SELECT OWNER FIRST,
2026-07-10T01:37:25.613,2923.613,mission_20260710_004842_manual,MANUAL,,0,13.330260276794434,100.9979476928711,155.15972714864384,4,True,0.6982499957084656,1,0,0,-1,0,0.0,0.0,0.0,0,0,nan,nan,nan,94,26.299999237060547,0.0,31.0,0,24,-,SELECT OWNER FIRST,
2026-07-10T01:37:27.613,2925.614,mission_20260710_004842_manual,MANUAL,,0,13.33026123046875,100.9979476928711,155.14698201565258,4,True,0.6997500061988831,1,0,0,-1,0,0.0,0.0,0.0,0,0,nan,nan,nan,94,26.299999237060547,0.0,31.0,0,25,-,SELECT OWNER FIRST,
2026-07-10T01:37:29.806,2927.807,mission_20260710_004842_manual,MANUAL,,0,13.330262184143066,100.9979476928711,155.14435922301132,4,True,0.6990000009536743,1,0,0,-1,0,0.0,0.0,0.0,0,0,nan,nan,nan,94,26.299999237060547,0.0,31.0,0,25,-,SELECT OWNER FIRST,
2026-07-10T01:37:32.004,2930.005,mission_20260710_004842_manual,MANUAL,,0,13.330263137817383,100.9979476928711,155.1647268471163,4,True,0.7002500295639038,1,0,0,-1,0,0.0,0.0,0.0,0,0,nan,nan,nan,94,26.299999237060547,0.0,31.0,0,27,-,SELECT OWNER FIRST,
2026-07-10T01:37:34.005,2932.005,mission_20260710_004842_manual,MANUAL,,0,13.3302640914917,100.99794006347656,155.1696719040754,4,True,0.6995000243186951,1,0,0,-1,0,0.0,0.0,0.0,0,0,nan,nan,nan,94,26.299999237060547,0.0,31.0,0,27,-,SELECT OWNER FIRST,
2026-07-10T01:37:36.005,2934.006,mission_20260710_004842_manual,MANUAL,,0,13.3302640914917,100.99794006347656,155.16385258290254,4,True,0.7007499933242798,1,0,0,-1,0,0.0,0.0,0.0,0,0,nan,nan,nan,94,26.299999237060547,0.0,31.0,0,26,-,SELECT OWNER FIRST,
2026-07-10T01:37:38.006,2936.006,mission_20260710_004842_manual,MANUAL,,0,13.3302640914917,100.99794006347656,155.15150360088313,4,True,0.7014999985694885,1,0,0,-1,0,0.0,0.0,0.0,0,0,nan,nan,nan,94,26.299999237060547,0.0,31.0,0,29,-,SELECT OWNER FIRST,
2026-07-10T01:37:40.205,2938.206,mission_20260710_004842_manual,MANUAL,,0,13.3302640914917,100.99794006347656,155.14184571339675,4,True,0.6987500190734863,1,0,0,-1,0,0.0,0.0,0.0,0,0,nan,nan,nan,94,26.299999237060547,0.0,31.0,0,28,-,SELECT OWNER FIRST,
2026-07-10T01:37:42.213,2940.213,mission_20260710_004842_manual,MANUAL,,0,13.330263137817383,100.99793243408203,155.13446910909315,4,True,0.7007499933242798,1,0,0,-1,0,0.0,0.0,0.0,0,0,nan,nan,nan,94,26.299999237060547,0.0,31.0,0,28,-,SELECT OWNER FIRST,
2026-07-10T01:37:44.403,2942.403,mission_20260710_004842_manual,MANUAL,,0,13.330262184143066,100.99793243408203,155.1366411092492,4,True,0.6984999775886536,1,0,0,-1,0,0.0,0.0,0.0,0,0,nan,nan,nan,94,26.299999237060547,0.0,31.0,0,29,-,SELECT OWNER FIRST,
2026-07-10T01:37:46.602,2944.602,mission_20260710_004842_manual,MANUAL,,0,13.33026123046875,100.99793243408203,155.13195559947857,4,True,0.6984999775886536,1,0,0,-1,0,0.0,0.0,0.0,0,0,nan,nan,nan,94,26.299999237060547,0.0,31.0,0,29,-,SELECT OWNER FIRST,
2026-07-10T01:37:48.606,2946.606,mission_20260710_004842_manual,MANUAL,,0,13.33026123046875,100.99793243408203,155.11119182440174,4,True,0.7007499933242798,1,0,0,-1,0,0.0,0.0,0.0,0,0,nan,nan,nan,94,26.299999237060547,0.0,31.0,0,29,-,SELECT OWNER FIRST,
2026-07-10T01:37:50.606,2948.607,mission_20260710_004842_manual,MANUAL,,0,13.33026123046875,100.99793243408203,155.10306389928942,4,True,0.6974999904632568,1,0,0,-1,0,0.0,0.0,0.0,0,0,nan,nan,nan,94,26.299999237060547,0.0,31.0,0,27,-,SELECT OWNER FIRST,
2026-07-10T01:37:52.609,2950.61,mission_20260710_004842_manual,MANUAL,,0,13.330260276794434,100.9979248046875,155.097422163035,4,True,0.6970000267028809,1,0,0,-1,0,0.0,0.0,0.0,0,0,nan,nan,nan,94,26.299999237060547,0.0,31.0,0,28,-,SELECT OWNER FIRST,
2026-07-10T01:37:54.803,2952.803,mission_20260710_004842_manual,MANUAL,,0,13.330259323120117,100.9979248046875,155.08952646435446,4,True,0.6997500061988831,1,0,0,-1,0,0.0,0.0,0.0,0,0,nan,nan,nan,94,26.299999237060547,0.0,31.0,0,28,-,SELECT OWNER FIRST,
2026-07-10T01:37:56.805,2954.805,mission_20260710_004842_manual,MANUAL,,0,13.330259323120117,100.9979248046875,155.08311974691298,4,True,0.7007499933242798,1,0,0,-1,0,0.0,0.0,0.0,0,0,nan,nan,nan,94,26.299999237060547,0.0,31.0,0,29,-,SELECT OWNER FIRST,
2026-07-10T01:37:58.809,2956.809,mission_20260710_004842_manual,MANUAL,,0,13.330259323120117,100.9979248046875,155.06665899101324,4,True,0.7002500295639038,1,0,0,-1,0,0.0,0.0,0.0,0,0,nan,nan,nan,94,26.299999237060547,0.0,31.0,0,29,-,SELECT OWNER FIRST,
2026-07-10T01:38:00.999,2959.0,mission_20260710_004842_manual,MANUAL,,0,13.330260276794434,100.9979248046875,155.05406412218375,4,True,0.6972500085830688,1,0,0,-1,0,0.0,0.0,0.0,0,0,nan,nan,nan,94,26.299999237060547,0.0,31.0,0,30,-,SELECT OWNER FIRST,
2026-07-10T01:38:03.003,2961.004,mission_20260710_004842_manual,MANUAL,,0,13.33026123046875,100.9979248046875,155.05402314104873,4,True,0.6990000009536743,1,0,0,-1,0,0.0,0.0,0.0,0,0,nan,nan,nan,94,26.299999237060547,0.0,31.0,0,30,-,SELECT OWNER FIRST,
2026-07-10T01:38:05.005,2963.005,mission_20260710_004842_manual,MANUAL,,0,13.330263137817383,100.9979248046875,155.0524112164046,4,True,0.7012500166893005,1,0,0,-1,0,0.0,0.0,0.0,0,0,nan,nan,nan,94,26.299999237060547,0.0,31.0,0,30,-,SELECT OWNER FIRST,
2026-07-10T01:38:07.008,2965.008,mission_20260710_004842_manual,MANUAL,,0,13.3302640914917,100.99791717529297,155.05788902811895,4,True,0.6980000138282776,1,0,0,-1,0,0.0,0.0,0.0,0,0,nan,nan,nan,94,26.299999237060547,0.0,31.0,0,30,-,SELECT OWNER FIRST,
2026-07-10T01:38:09.196,2967.197,mission_20260710_004842_manual,MANUAL,,0,13.330265998840332,100.99791717529297,155.06059378303027,4,True,0.6995000243186951,1,0,0,-1,0,0.0,0.0,0.0,0,0,nan,nan,nan,94,26.299999237060547,0.0,31.0,0,31,-,SELECT OWNER FIRST,
2026-07-10T01:38:11.199,2969.2,mission_20260710_004842_manual,MANUAL,,0,13.330266952514648,100.99791717529297,155.05497936753252,4,True,0.6977499723434448,1,0,0,-1,0,0.0,0.0,0.0,0,0,nan,nan,nan,94,26.299999237060547,0.0,31.0,0,30,-,SELECT OWNER FIRST,
2026-07-10T01:38:13.200,2971.201,mission_20260710_004842_manual,MANUAL,,0,13.330268859863281,100.9979248046875,155.04414668750888,4,True,0.6962500214576721,1,0,0,-1,0,0.0,0.0,0.0,0,0,nan,nan,nan,94,26.299999237060547,0.0,31.0,0,31,-,SELECT OWNER FIRST,
2026-07-10T01:38:15.205,2973.206,mission_20260710_004842_manual,MANUAL,,0,13.330270767211914,100.9979248046875,155.04108676276073,4,True,0.6980000138282776,1,0,0,-1,0,0.0,0.0,0.0,0,0,nan,nan,nan,94,26.299999237060547,0.0,31.0,0,31,-,SELECT OWNER FIRST,
2026-07-10T01:38:17.395,2975.395,mission_20260710_004842_manual,MANUAL,,0,13.330272674560547,100.9979248046875,155.02815038447272,4,True,0.6955000162124634,1,0,0,-1,0,0.0,0.0,0.0,0,0,nan,nan,nan,94,26.299999237060547,0.0,31.0,0,31,-,SELECT OWNER FIRST,
2026-07-10T01:38:19.595,2977.595,mission_20260710_004842_manual,MANUAL,,0,13.33027458190918,100.9979248046875,155.0351444981828,4,True,0.6982499957084656,1,0,0,-1,0,0.0,0.0,0.0,0,0,nan,nan,nan,94,26.299999237060547,0.0,31.0,0,29,-,SELECT OWNER FIRST,
2026-07-10T01:38:21.595,2979.595,mission_20260710_004842_manual,MANUAL,,0,13.330275535583496,100.9979248046875,155.03621000769334,4,True,0.7007499933242798,1,0,0,-1,0,0.0,0.0,0.0,0,0,nan,nan,nan,94,26.299999237060547,0.0,31.0,0,29,-,SELECT OWNER FIRST,
2026-07-10T01:38:23.596,2981.596,mission_20260710_004842_manual,MANUAL,,0,13.330277442932129,100.9979248046875,155.04299921572832,4,True,0.6977499723434448,1,0,0,-1,0,0.0,0.0,0.0,0,0,nan,nan,nan,94,26.299999237060547,0.0,31.0,0,29,-,SELECT OWNER FIRST,
2026-07-10T01:38:25.597,2983.598,mission_20260710_004842_manual,MANUAL,,0,13.330279350280762,100.9979248046875,155.05235657489123,4,True,0.7014999985694885,1,0,0,-1,0,0.0,0.0,0.0,0,0,nan,nan,nan,94,26.299999237060547,0.0,31.0,0,28,-,SELECT OWNER FIRST,
2026-07-10T01:38:27.600,2985.601,mission_20260710_004842_manual,MANUAL,,0,13.330280303955078,100.9979248046875,155.05786170736226,4,True,0.6997500061988831,1,0,0,-1,0,0.0,0.0,0.0,0,0,nan,nan,nan,94,26.299999237060547,0.0,31.0,0,27,-,SELECT OWNER FIRST,
2026-07-10T01:38:29.600,2987.601,mission_20260710_004842_manual,MANUAL,,0,13.330280303955078,100.9979248046875,155.05683717898677,4,True,0.6990000009536743,1,0,0,-1,0,0.0,0.0,0.0,0,0,nan,nan,nan,94,26.299999237060547,0.0,31.0,0,28,-,SELECT OWNER FIRST,
2026-07-10T01:38:31.794,2989.794,mission_20260710_004842_manual,MANUAL,,0,13.330282211303711,100.9979248046875,155.07169967062072,4,True,0.6974999904632568,1,0,0,-1,0,0.0,0.0,0.0,0,0,nan,nan,nan,94,26.299999237060547,0.0,31.0,0,29,-,SELECT OWNER FIRST,
2026-07-10T01:38:33.798,2991.799,mission_20260710_004842_manual,MANUAL,,0,13.330283164978027,100.9979248046875,155.08546933198747,4,True,0.6992499828338623,1,0,0,-1,0,0.0,0.0,0.0,0,0,nan,nan,nan,94,26.299999237060547,0.0,31.0,0,29,-,SELECT OWNER FIRST,
2026-07-10T01:38:35.802,2993.803,mission_20260710_004842_manual,MANUAL,,0,13.330284118652344,100.9979248046875,155.0985559744372,4,True,0.6984999775886536,1,0,0,-1,0,0.0,0.0,0.0,0,0,nan,nan,nan,94,26.299999237060547,0.0,31.0,0,29,-,SELECT OWNER FIRST,
2026-07-10T01:38:37.989,2995.99,mission_20260710_004842_manual,MANUAL,,0,13.330284118652344,100.9979248046875,155.08559227539251,4,True,0.6987500190734863,1,0,0,-1,0,0.0,0.0,0.0,0,0,nan,nan,nan,94,26.299999237060547,0.0,31.0,0,28,-,SELECT OWNER FIRST,
2026-07-10T01:38:39.991,2997.992,mission_20260710_004842_manual,MANUAL,,0,13.33028507232666,100.9979248046875,155.0757568029877,4,True,0.6987500190734863,1,0,0,-1,0,0.0,0.0,0.0,0,0,nan,nan,nan,94,26.299999237060547,0.0,31.0,0,28,-,SELECT OWNER FIRST,
2026-07-10T01:38:42.003,3000.003,mission_20260710_004842_manual,MANUAL,,0,13.33028507232666,100.9979248046875,155.07466397272051,4,True,0.6982499957084656,1,0,0,-1,0,0.0,0.0,0.0,0,0,nan,nan,nan,94,26.299999237060547,0.0,31.0,0,28,-,SELECT OWNER FIRST,
2026-07-10T01:38:44.191,3002.192,mission_20260710_004842_manual,MANUAL,,0,13.330286026000977,100.9979248046875,155.08765499252186,4,True,0.6990000009536743,1,0,0,-1,0,0.0,0.0,0.0,0,0,nan,nan,nan,94,26.299999237060547,0.0,31.0,0,28,-,SELECT OWNER FIRST,
2026-07-10T01:38:46.196,3004.197,mission_20260710_004842_manual,MANUAL,,0,13.330286026000977,100.9979248046875,155.09018216251476,4,True,0.6990000009536743,1,0,0,-1,0,0.0,0.0,0.0,0,0,nan,nan,nan,94,26.299999237060547,0.0,31.0,0,27,-,SELECT OWNER FIRST,
2026-07-10T01:38:48.197,3006.197,mission_20260710_004842_manual,MANUAL,,0,13.330286979675293,100.9979248046875,155.0856195961492,4,True,0.6984999775886536,1,0,0,-1,0,0.0,0.0,0.0,0,0,nan,nan,nan,94,26.299999237060547,0.0,31.0,0,27,-,SELECT OWNER FIRST,
2026-07-10T01:38:50.387,3008.388,mission_20260710_004842_manual,MANUAL,,0,13.33028793334961,100.9979248046875,155.07570216147434,4,True,0.6967499852180481,1,0,0,-1,0,0.0,0.0,0.0,0,0,nan,nan,nan,94,26.299999237060547,0.0,31.0,0,29,-,SELECT OWNER FIRST,
2026-07-10T01:38:52.389,3010.39,mission_20260710_004842_manual,MANUAL,,0,13.330288887023926,100.9979248046875,155.08690367171317,4,True,0.6970000267028809,1,0,0,-1,0,0.0,0.0,0.0,0,0,nan,nan,nan,94,26.299999237060547,0.0,31.0,0,28,-,SELECT OWNER FIRST,
2026-07-10T01:38:54.390,3012.39,mission_20260710_004842_manual,MANUAL,,0,13.330290794372559,100.9979248046875,155.0910154455935,4,True,0.6977499723434448,1,0,0,-1,0,0.0,0.0,0.0,0,0,nan,nan,nan,94,26.299999237060547,0.0,31.0,0,28,-,SELECT OWNER FIRST,
2026-07-10T01:38:56.587,3014.588,mission_20260710_004842_manual,MANUAL,,0,13.330291748046875,100.9979248046875,155.09727189887323,4,True,0.7009999752044678,1,0,0,-1,0,0.0,0.0,0.0,0,0,nan,nan,nan,94,26.299999237060547,0.0,31.0,0,28,-,SELECT OWNER FIRST,
2026-07-10T01:38:58.603,3016.604,mission_20260710_004842_manual,MANUAL,,0,13.330292701721191,100.9979248046875,155.1065336353878,4,True,0.6967499852180481,1,0,0,-1,0,0.0,0.0,0.0,0,0,nan,nan,nan,94,26.299999237060547,0.0,31.0,0,28,-,SELECT OWNER FIRST,
2026-07-10T01:39:00.788,3018.788,mission_20260710_004842_manual,MANUAL,,0,13.330294609069824,100.9979248046875,155.120603825078,4,True,0.6974999904632568,1,0,0,-1,0,0.0,0.0,0.0,0,0,nan,nan,nan,94,26.299999237060547,0.0,31.0,0,29,-,SELECT OWNER FIRST,
2026-07-10T01:39:02.789,3020.789,mission_20260710_004842_manual,MANUAL,,0,13.330296516418457,100.9979248046875,155.13628593941235,4,True,0.6967499852180481,1,0,0,-1,0,0.0,0.0,0.0,0,0,nan,nan,nan,94,26.299999237060547,0.0,31.0,0,30,-,SELECT OWNER FIRST,
2026-07-10T01:39:04.790,3022.791,mission_20260710_004842_manual,MANUAL,,0,13.330297470092773,100.9979248046875,155.1323107693154,4,True,0.6990000009536743,1,0,0,-1,0,0.0,0.0,0.0,0,0,nan,nan,nan,94,26.299999237060547,0.0,31.0,0,29,-,SELECT OWNER FIRST,
2026-07-10T01:39:06.984,3024.985,mission_20260710_004842_manual,MANUAL,,0,13.33029842376709,100.9979248046875,155.13243371272046,4,True,0.699999988079071,1,0,0,-1,0,0.0,0.0,0.0,0,0,nan,nan,nan,94,26.299999237060547,0.0,31.0,0,29,-,SELECT OWNER FIRST,
2026-07-10T01:39:08.986,3026.987,mission_20260710_004842_manual,MANUAL,,0,13.330299377441406,100.9979248046875,155.13052125975287,4,True,0.7005000114440918,1,0,0,-1,0,0.0,0.0,0.0,0,0,nan,nan,nan,94,26.299999237060547,0.0,31.0,0,29,-,SELECT OWNER FIRST,
2026-07-10T01:39:11.184,3029.184,mission_20260710_004842_manual,MANUAL,,0,13.330299377441406,100.9979248046875,155.13859454335181,4,True,0.6995000243186951,1,0,0,-1,0,0.0,0.0,0.0,0,0,nan,nan,nan,94,26.299999237060547,0.0,31.0,0,28,-,SELECT OWNER FIRST,
2026-07-10T01:39:13.186,3031.186,mission_20260710_004842_manual,MANUAL,,0,13.330299377441406,100.9979248046875,155.1477060157046,4,True,0.6992499828338623,1,0,0,-1,0,0.0,0.0,0.0,0,0,nan,nan,nan,94,26.299999237060547,0.0,31.0,0,28,-,SELECT OWNER FIRST,
2026-07-10T01:39:15.189,3033.19,mission_20260710_004842_manual,MANUAL,,0,13.330300331115723,100.9979248046875,155.14870322332345,4,True,0.7002500295639038,1,0,0,-1,0,0.0,0.0,0.0,0,0,nan,nan,nan,94,26.299999237060547,0.0,31.0,0,28,-,SELECT OWNER FIRST,
2026-07-10T01:39:17.191,3035.192,mission_20260710_004842_manual,MANUAL,,0,13.330301284790039,100.9979248046875,155.16008231848068,4,True,0.6990000009536743,1,0,0,-1,0,0.0,0.0,0.0,0,0,nan,nan,nan,94,26.299999237060547,0.0,31.0,0,28,-,SELECT OWNER FIRST,
2026-07-10T01:39:19.382,3037.382,mission_20260710_004842_manual,MANUAL,,0,13.330303192138672,100.9979248046875,155.13979665664576,4,True,0.6995000243186951,1,0,0,-1,0,0.0,0.0,0.0,0,0,nan,nan,nan,94,26.299999237060547,0.0,31.0,0,29,-,SELECT OWNER FIRST,
2026-07-10T01:39:21.581,3039.582,mission_20260710_004842_manual,MANUAL,,0,13.330304145812988,100.9979248046875,155.13997424156418,4,True,0.6974999904632568,1,0,0,-1,0,0.0,0.0,0.0,0,0,nan,nan,nan,94,26.299999237060547,0.0,31.0,0,29,-,SELECT OWNER FIRST,
2026-07-10T01:39:23.582,3041.582,mission_20260710_004842_manual,MANUAL,,0,13.330305099487305,100.9979248046875,155.1389906943237,4,True,0.6992499828338623,1,0,0,-1,0,0.0,0.0,0.0,0,0,nan,nan,nan,94,26.299999237060547,0.0,31.0,0,29,-,SELECT OWNER FIRST,
2026-07-10T01:39:25.582,3043.582,mission_20260710_004842_manual,MANUAL,,0,13.330306053161621,100.9979248046875,155.14705031754428,4,True,0.6970000267028809,1,0,0,-1,0,0.0,0.0,0.0,0,0,nan,nan,nan,94,26.299999237060547,0.0,31.0,0,28,-,SELECT OWNER FIRST,
2026-07-10T01:39:27.583,3045.583,mission_20260710_004842_manual,MANUAL,,0,13.330307006835938,100.9979248046875,155.1403567321577,4,True,0.7002500295639038,1,0,0,-1,0,0.0,0.0,0.0,0,0,nan,nan,nan,94,26.299999237060547,0.0,31.0,0,29,-,SELECT OWNER FIRST,
2026-07-10T01:39:29.587,3047.588,mission_20260710_004842_manual,MANUAL,,0,13.330307960510254,100.9979248046875,155.14236480777367,4,True,0.6987500190734863,1,0,0,-1,0,0.0,0.0,0.0,0,0,nan,nan,nan,94,26.299999237060547,0.0,31.0,0,28,-,SELECT OWNER FIRST,
2026-07-10T01:39:31.592,3049.593,mission_20260710_004842_manual,MANUAL,,0,13.33030891418457,100.9979248046875,155.15662624276067,4,True,0.6987500190734863,1,0,0,-1,0,0.0,0.0,0.0,0,0,nan,nan,nan,94,26.299999237060547,0.0,31.0,0,26,-,SELECT OWNER FIRST,
2026-07-10T01:39:33.781,3051.781,mission_20260710_004842_manual,MANUAL,,0,13.330309867858887,100.9979248046875,155.16338813003895,4,True,0.6972500085830688,1,0,0,-1,0,0.0,0.0,0.0,0,0,nan,nan,nan,94,26.299999237060547,0.0,31.0,0,26,-,SELECT OWNER FIRST,
2026-07-10T01:39:35.786,3053.786,mission_20260710_004842_manual,MANUAL,,0,13.330309867858887,100.9979248046875,155.16433069614442,4,True,0.6990000009536743,1,0,0,-1,0,0.0,0.0,0.0,0,0,nan,nan,nan,94,26.299999237060547,0.0,31.0,0,28,-,SELECT OWNER FIRST,
2026-07-10T01:39:37.977,3055.978,mission_20260710_004842_manual,MANUAL,,0,13.330309867858887,100.9979248046875,155.16889326251,4,True,0.6972500085830688,1,0,0,-1,0,0.0,0.0,0.0,0,0,nan,nan,nan,94,26.299999237060547,0.0,31.0,0,27,-,SELECT OWNER FIRST,
2026-07-10T01:39:39.977,3057.978,mission_20260710_004842_manual,MANUAL,,0,13.330309867858887,100.9979248046875,155.16894790402336,4,True,0.6970000267028809,1,0,0,-1,0,0.0,0.0,0.0,0,0,nan,nan,nan,94,26.299999237060547,0.0,31.0,0,26,-,SELECT OWNER FIRST,
2026-07-10T01:39:41.978,3059.978,mission_20260710_004842_manual,MANUAL,,0,13.330309867858887,100.9979248046875,155.16385258290254,4,True,0.699999988079071,1,0,0,-1,0,0.0,0.0,0.0,0,0,nan,nan,nan,94,26.299999237060547,0.0,31.0,0,27,-,SELECT OWNER FIRST,
2026-07-10T01:39:43.980,3061.98,mission_20260710_004842_manual,MANUAL,,0,13.330310821533203,100.9979248046875,155.16195379031328,4,True,0.6982499957084656,1,0,0,-1,0,0.0,0.0,0.0,0,0,nan,nan,nan,94,26.299999237060547,0.0,31.0,0,28,-,SELECT OWNER FIRST,
2026-07-10T01:39:46.178,3064.179,mission_20260710_004842_manual,MANUAL,,0,13.330310821533203,100.9979248046875,155.16596994154523,4,True,0.7012500166893005,1,0,0,-1,0,0.0,0.0,0.0,0,0,nan,nan,nan,94,26.299999237060547,0.0,31.0,0,26,-,SELECT OWNER FIRST,
2026-07-10T01:39:48.185,3066.186,mission_20260710_004842_manual,MANUAL,,0,13.330310821533203,100.9979248046875,155.16969922483207,4,True,0.6990000009536743,1,0,0,-1,0,0.0,0.0,0.0,0,0,nan,nan,nan,94,26.299999237060547,0.0,31.0,0,27,-,SELECT OWNER FIRST,
2026-07-10T01:39:50.193,3068.194,mission_20260710_004842_manual,MANUAL,,0,13.330310821533203,100.9979248046875,155.17047786639745,4,True,0.6995000243186951,1,0,0,-1,0,0.0,0.0,0.0,0,0,nan,nan,nan,94,26.299999237060547,0.0,31.0,0,26,-,SELECT OWNER FIRST,
2026-07-10T01:39:52.374,3070.375,mission_20260710_004842_manual,MANUAL,,0,13.33031177520752,100.9979248046875,155.17502677238468,4,True,0.6990000009536743,1,0,0,-1,0,0.0,0.0,0.0,0,0,nan,nan,nan,94,26.299999237060547,0.0,31.0,0,26,-,SELECT OWNER FIRST,
2026-07-10T01:39:54.376,3072.376,mission_20260710_004842_manual,MANUAL,,0,13.33031177520752,100.9979248046875,155.17151605515127,4,True,0.7007499933242798,1,0,0,-1,0,0.0,0.0,0.0,0,0,nan,nan,nan,94,26.299999237060547,0.0,31.0,0,27,-,SELECT OWNER FIRST,
2026-07-10T01:39:56.376,3074.377,mission_20260710_004842_manual,MANUAL,,0,13.330312728881836,100.9979248046875,155.17148873439461,4,True,0.6982499957084656,1,0,0,-1,0,0.0,0.0,0.0,0,0,nan,nan,nan,94,26.299999237060547,0.0,31.0,0,27,-,SELECT OWNER FIRST,
2026-07-10T01:39:58.387,3076.387,mission_20260710_004842_manual,MANUAL,,0,13.330312728881836,100.9979248046875,155.1607653373977,4,True,0.6987500190734863,1,0,0,-1,0,0.0,0.0,0.0,0,0,nan,nan,nan,94,26.299999237060547,0.0,31.0,0,27,-,SELECT OWNER FIRST,
2026-07-10T01:40:00.574,3078.574,mission_20260710_004842_manual,MANUAL,,0,13.330312728881836,100.9979248046875,155.15776005416288,4,True,0.6992499828338623,1,0,0,-1,0,0.0,0.0,0.0,0,0,nan,nan,nan,94,26.299999237060547,0.0,31.0,0,27,-,SELECT OWNER FIRST,
2026-07-10T01:40:02.580,3080.581,mission_20260710_004842_manual,MANUAL,,0,13.330312728881836,100.9979248046875,155.17330556471381,4,True,0.6987500190734863,1,0,0,-1,0,0.0,0.0,0.0,0,0,nan,nan,nan,94,26.299999237060547,0.0,31.0,0,26,-,SELECT OWNER FIRST,
2026-07-10T01:40:04.774,3082.774,mission_20260710_004842_manual,MANUAL,,0,13.330313682556152,100.9979248046875,155.16939869650858,4,True,0.6967499852180481,1,0,0,-1,0,0.0,0.0,0.0,0,0,nan,nan,nan,94,26.299999237060547,0.0,31.0,0,27,-,SELECT OWNER FIRST,
2026-07-10T01:40:06.775,3084.776,mission_20260710_004842_manual,MANUAL,,0,13.330314636230469,100.9979248046875,155.1627187715003,4,True,0.6972500085830688,1,0,0,-1,0,0.0,0.0,0.0,0,0,nan,nan,nan,94,26.299999237060547,0.0,31.0,0,27,-,SELECT OWNER FIRST,
2026-07-10T01:40:08.786,3086.786,mission_20260710_004842_manual,MANUAL,,0,13.330315589904785,100.9979248046875,155.1543176388212,4,True,0.6977499723434448,1,0,0,-1,0,0.0,0.0,0.0,0,0,nan,nan,nan,94,26.299999237060547,0.0,31.0,0,27,-,SELECT OWNER FIRST,
2026-07-10T01:40:10.970,3088.97,mission_20260710_004842_manual,MANUAL,,0,13.330316543579102,100.9979248046875,155.14181839264006,4,True,0.6970000267028809,1,0,0,-1,0,0.0,0.0,0.0,0,0,nan,nan,nan,94,26.299999237060547,0.0,31.0,0,27,-,SELECT OWNER FIRST,
2026-07-10T01:40:12.973,3090.973,mission_20260710_004842_manual,MANUAL,,0,13.330316543579102,100.9979248046875,155.13938684529555,4,True,0.6995000243186951,1,0,0,-1,0,0.0,0.0,0.0,0,0,nan,nan,nan,94,26.299999237060547,0.0,31.0,0,27,-,SELECT OWNER FIRST,
2026-07-10T01:40:15.170,3093.17,mission_20260710_004842_manual,MANUAL,,0,13.330316543579102,100.9979248046875,155.14508322306332,4,True,0.6990000009536743,1,0,0,-1,0,0.0,0.0,0.0,0,0,nan,nan,nan,94,26.299999237060547,0.0,31.0,0,27,-,SELECT OWNER FIRST,
2026-07-10T01:40:17.172,3095.172,mission_20260710_004842_manual,MANUAL,,0,13.330317497253418,100.9979248046875,155.14079386426457,4,True,0.6984999775886536,1,0,0,-1,0,0.0,0.0,0.0,0,0,nan,nan,nan,94,26.299999237060547,0.0,31.0,0,27,-,SELECT OWNER FIRST,
2026-07-10T01:40:19.173,3097.173,mission_20260710_004842_manual,MANUAL,,0,13.330317497253418,100.9979248046875,155.13211952401866,4,True,0.699999988079071,1,0,0,-1,0,0.0,0.0,0.0,0,0,nan,nan,nan,94,26.299999237060547,0.0,31.0,0,26,-,SELECT OWNER FIRST,
2026-07-10T01:40:21.176,3099.176,mission_20260710_004842_manual,MANUAL,,0,13.330318450927734,100.9979248046875,155.1272837500863,4,True,0.7009999752044678,1,0,0,-1,0,0.0,0.0,0.0,0,0,nan,nan,nan,94,26.299999237060547,0.0,31.0,0,26,-,SELECT OWNER FIRST,
2026-07-10T01:40:23.368,3101.368,mission_20260710_004842_manual,MANUAL,,0,13.33031940460205,100.9979248046875,155.13013876915934,4,True,0.7005000114440918,1,0,0,-1,0,0.0,0.0,0.0,0,0,nan,nan,nan,94,26.299999237060547,0.0,31.0,0,28,-,SELECT OWNER FIRST,
2026-07-10T01:40:25.567,3103.568,mission_20260710_004842_manual,MANUAL,,0,13.330321311950684,100.9979248046875,155.12839024073182,4,True,0.699999988079071,1,0,0,-1,0,0.0,0.0,0.0,0,0,nan,nan,nan,94,26.299999237060547,0.0,31.0,0,27,-,SELECT OWNER FIRST,
2026-07-10T01:40:27.569,3105.57,mission_20260710_004842_manual,MANUAL,,0,13.330322265625,100.9979248046875,155.11239393769566,4,True,0.6990000009536743,1,0,0,-1,0,0.0,0.0,0.0,0,0,nan,nan,nan,94,26.299999237060547,0.0,31.0,0,27,-,SELECT OWNER FIRST,
2026-07-10T01:40:29.571,3107.571,mission_20260710_004842_manual,MANUAL,,0,13.330323219299316,100.9979248046875,155.1088285789489,4,True,0.6970000267028809,1,0,0,-1,0,0.0,0.0,0.0,0,0,nan,nan,nan,94,26.299999237060547,0.0,31.0,0,27,-,SELECT OWNER FIRST,
2026-07-10T01:40:31.573,3109.574,mission_20260710_004842_manual,MANUAL,,0,13.33032512664795,100.9979248046875,155.1078996732218,4,True,0.6990000009536743,1,0,0,-1,0,0.0,0.0,0.0,0,0,nan,nan,nan,94,26.299999237060547,0.0,31.0,0,27,-,SELECT OWNER FIRST,
2026-07-10T01:40:33.575,3111.576,mission_20260710_004842_manual,MANUAL,,0,13.330326080322266,100.9979248046875,155.1112874470501,4,True,0.6995000243186951,1,0,0,-1,0,0.0,0.0,0.0,0,0,nan,nan,nan,94,26.299999237060547,0.0,31.0,0,27,-,SELECT OWNER FIRST,
2026-07-10T01:40:35.767,3113.768,mission_20260710_004842_manual,MANUAL,,0,13.330327033996582,100.9979248046875,155.09447152131355,4,True,0.7007499933242798,1,0,0,-1,0,0.0,0.0,0.0,0,0,nan,nan,nan,94,26.299999237060547,0.0,31.0,0,28,-,SELECT OWNER FIRST,
2026-07-10T01:40:37.775,3115.776,mission_20260710_004842_manual,MANUAL,,0,13.330327987670898,100.9979248046875,155.0924771060759,4,True,0.7014999985694885,1,0,0,-1,0,0.0,0.0,0.0,0,0,nan,nan,nan,94,26.299999237060547,0.0,31.0,0,28,-,SELECT OWNER FIRST,
2026-07-10T01:40:39.964,3117.965,mission_20260710_004842_manual,MANUAL,,0,13.330328941345215,100.9979248046875,155.08850193597894,4,True,0.6992499828338623,1,0,0,-1,0,0.0,0.0,0.0,0,0,nan,nan,nan,94,26.299999237060547,0.0,31.0,0,29,-,SELECT OWNER FIRST,
2026-07-10T01:40:41.965,3119.965,mission_20260710_004842_manual,MANUAL,,0,13.330329895019531,100.99791717529297,155.09682110638803,4,True,0.6995000243186951,1,0,0,-1,0,0.0,0.0,0.0,0,0,nan,nan,nan,94,26.299999237060547,0.0,31.0,0,28,-,SELECT OWNER FIRST,
2026-07-10T01:40:43.975,3121.975,mission_20260710_004842_manual,MANUAL,,0,13.330329895019531,100.99791717529297,155.11471620201345,4,True,0.6984999775886536,1,0,0,-1,0,0.0,0.0,0.0,0,0,nan,nan,nan,94,26.299999237060547,0.0,31.0,0,28,-,SELECT OWNER FIRST,
2026-07-10T01:40:46.167,3124.167,mission_20260710_004842_manual,MANUAL,,0,13.330330848693848,100.99791717529297,155.12145076853508,4,True,0.7002500295639038,1,0,0,-1,0,0.0,0.0,0.0,0,0,nan,nan,nan,94,26.299999237060547,0.0,31.0,0,27,-,SELECT OWNER FIRST,
2026-07-10T01:40:48.167,3126.168,mission_20260710_004842_manual,MANUAL,,0,13.330331802368164,100.99791717529297,155.12119122134663,4,True,0.6962500214576721,1,0,0,-1,0,0.0,0.0,0.0,0,0,nan,nan,nan,94,26.299999237060547,0.0,31.0,0,27,-,SELECT OWNER FIRST,
2026-07-10T01:40:50.172,3128.172,mission_20260710_004842_manual,MANUAL,,0,13.330331802368164,100.99791717529297,155.12161469307517,4,True,0.6982499957084656,1,0,0,-1,0,0.0,0.0,0.0,0,0,nan,nan,nan,94,26.299999237060547,0.0,31.0,0,29,-,SELECT OWNER FIRST,
2026-07-10T01:40:52.362,3130.363,mission_20260710_004842_manual,MANUAL,,0,13.33033275604248,100.99791717529297,155.1217649572369,4,True,0.6995000243186951,1,0,0,-1,0,0.0,0.0,0.0,0,0,nan,nan,nan,94,26.299999237060547,0.0,31.0,0,28,-,SELECT OWNER FIRST,
2026-07-10T01:40:54.362,3132.363,mission_20260710_004842_manual,MANUAL,,0,13.330333709716797,100.99791717529297,155.1230217120442,4,True,0.6997500061988831,1,0,0,-1,0,0.0,0.0,0.0,0,0,nan,nan,nan,94,26.299999237060547,0.0,31.0,0,28,-,SELECT OWNER FIRST,
2026-07-10T01:40:56.363,3134.363,mission_20260710_004842_manual,MANUAL,,0,13.330333709716797,100.99791717529297,155.11884163627215,4,True,0.6977499723434448,1,0,0,-1,0,0.0,0.0,0.0,0,0,nan,nan,nan,94,26.299999237060547,0.0,31.0,0,28,-,SELECT OWNER FIRST,
2026-07-10T01:40:58.560,3136.56,mission_20260710_004842_manual,MANUAL,,0,13.330334663391113,100.99791717529297,155.11742095692478,4,True,0.7007499933242798,1,0,0,-1,0,0.0,0.0,0.0,0,0,nan,nan,nan,94,26.299999237060547,0.0,31.0,0,28,-,SELECT OWNER FIRST,
2026-07-10T01:41:00.576,3138.577,mission_20260710_004842_manual,MANUAL,,0,13.330337524414062,100.99791717529297,155.11190216407542,4,True,0.6967499852180481,1,0,0,-1,0,0.0,0.0,0.0,0,0,nan,nan,nan,94,26.299999237060547,0.0,31.0,0,28,-,SELECT OWNER FIRST,
2026-07-10T01:41:02.764,3140.764,mission_20260710_004842_manual,MANUAL,,0,13.330338478088379,100.99791717529297,155.11936073064908,4,True,0.7002500295639038,1,0,0,-1,0,0.0,0.0,0.0,0,0,nan,nan,nan,94,26.299999237060547,0.0,31.0,0,28,-,SELECT OWNER FIRST,
2026-07-10T01:41:04.764,3142.765,mission_20260710_004842_manual,MANUAL,,0,13.330338478088379,100.99791717529297,155.1146615605001,4,True,0.6967499852180481,1,0,0,-1,0,0.0,0.0,0.0,0,0,nan,nan,nan,94,26.299999237060547,0.0,31.0,0,28,-,SELECT OWNER FIRST,
2026-07-10T01:41:06.767,3144.767,mission_20260710_004842_manual,MANUAL,,0,13.330339431762695,100.99791717529297,155.1169838248179,4,True,0.6995000243186951,1,0,0,-1,0,0.0,0.0,0.0,0,0,nan,nan,nan,94,26.299999237060547,0.0,31.0,0,28,-,SELECT OWNER FIRST,
2026-07-10T01:41:08.768,3146.768,mission_20260710_004842_manual,MANUAL,,0,13.330339431762695,100.99791717529297,155.1280487312733,4,True,0.7020000219345093,1,0,0,-1,0,0.0,0.0,0.0,0,0,nan,nan,nan,94,26.299999237060547,0.0,31.0,0,29,-,SELECT OWNER FIRST,
2026-07-10T01:41:10.958,3148.958,mission_20260710_004842_manual,MANUAL,,0,13.330340385437012,100.99791717529297,155.13907265659373,4,True,0.6997500061988831,1,0,0,-1,0,0.0,0.0,0.0,0,0,nan,nan,nan,94,26.299999237060547,0.0,31.0,0,30,-,SELECT OWNER FIRST,
2026-07-10T01:41:12.964,3150.965,mission_20260710_004842_manual,MANUAL,,0,13.330341339111328,100.99791717529297,155.12761159916644,4,True,0.7002500295639038,1,0,0,-1,0,0.0,0.0,0.0,0,0,nan,nan,nan,94,26.299999237060547,0.0,31.0,0,29,-,SELECT OWNER FIRST,
2026-07-10T01:41:15.158,3153.158,mission_20260710_004842_manual,MANUAL,,0,13.330343246459961,100.99791717529297,155.12523469333527,4,True,0.6977499723434448,1,0,0,-1,0,0.0,0.0,0.0,0,0,nan,nan,nan,94,26.299999237060547,0.0,31.0,0,28,-,SELECT OWNER FIRST,
2026-07-10T01:41:17.159,3155.159,mission_20260710_004842_manual,MANUAL,,0,13.330343246459961,100.99791717529297,155.12263922145067,4,True,0.6984999775886536,1,0,0,-1,0,0.0,0.0,0.0,0,0,nan,nan,nan,94,26.299999237060547,0.0,31.0,0,29,-,SELECT OWNER FIRST,
2026-07-10T01:41:19.161,3157.162,mission_20260710_004842_manual,MANUAL,,0,13.330345153808594,100.99791717529297,155.1195792967025,4,True,0.7002500295639038,1,0,0,-1,0,0.0,0.0,0.0,0,0,nan,nan,nan,94,26.299999237060547,0.0,31.0,0,30,-,SELECT OWNER FIRST,
2026-07-10T01:41:21.165,3159.166,mission_20260710_004842_manual,MANUAL,,0,13.330345153808594,100.99791717529297,155.1168745417912,4,True,0.7007499933242798,1,0,0,-1,0,0.0,0.0,0.0,0,0,nan,nan,nan,94,26.299999237060547,0.0,31.0,0,30,-,SELECT OWNER FIRST,
2026-07-10T01:41:23.357,3161.357,mission_20260710_004842_manual,MANUAL,,0,13.330345153808594,100.99791717529297,155.126750995331,4,True,0.6977499723434448,1,0,0,-1,0,0.0,0.0,0.0,0,0,nan,nan,nan,94,26.299999237060547,0.0,31.0,0,28,-,SELECT OWNER FIRST,
2026-07-10T01:41:25.555,3163.556,mission_20260710_004842_manual,MANUAL,,0,13.33034610748291,100.99791717529297,155.13478329779497,4,True,0.7002500295639038,1,0,0,-1,0,0.0,0.0,0.0,0,0,nan,nan,nan,94,26.299999237060547,0.0,31.0,0,28,-,SELECT OWNER FIRST,
2026-07-10T01:41:27.556,3165.557,mission_20260710_004842_manual,MANUAL,,0,13.33034610748291,100.99791717529297,155.1363269205474,4,True,0.6959999799728394,1,0,0,-1,0,0.0,0.0,0.0,0,0,nan,nan,nan,94,26.299999237060547,0.0,31.0,0,28,-,SELECT OWNER FIRST,
2026-07-10T01:41:29.559,3167.56,mission_20260710_004842_manual,MANUAL,,0,13.330347061157227,100.99791717529297,155.13311673163747,4,True,0.7007499933242798,1,0,0,-1,0,0.0,0.0,0.0,0,0,nan,nan,nan,94,26.299999237060547,0.0,31.0,0,28,-,SELECT OWNER FIRST,
2026-07-10T01:41:31.560,3169.56,mission_20260710_004842_manual,MANUAL,,0,13.330347061157227,100.99791717529297,155.13774759989474,4,True,0.6987500190734863,1,0,0,-1,0,0.0,0.0,0.0,0,0,nan,nan,nan,94,26.299999237060547,0.0,31.0,0,28,-,SELECT OWNER FIRST,
2026-07-10T01:41:33.561,3171.561,mission_20260710_004842_manual,MANUAL,,0,13.33034610748291,100.99791717529297,155.13580782617046,4,True,0.699999988079071,1,0,0,-1,0,0.0,0.0,0.0,0,0,nan,nan,nan,94,26.299999237060547,0.0,31.0,0,28,-,SELECT OWNER FIRST,
2026-07-10T01:41:35.752,3173.753,mission_20260710_004842_manual,MANUAL,,0,13.33034610748291,100.99791717529297,155.13620397714232,4,True,0.6977499723434448,1,0,0,-1,0,0.0,0.0,0.0,0,0,nan,nan,nan,94,26.299999237060547,0.0,31.0,0,28,-,SELECT OWNER FIRST,
2026-07-10T01:41:37.754,3175.755,mission_20260710_004842_manual,MANUAL,,0,13.33034610748291,100.99791717529297,155.13635424130405,4,True,0.7009999752044678,1,0,0,-1,0,0.0,0.0,0.0,0,0,nan,nan,nan,94,26.299999237060547,0.0,31.0,0,27,-,SELECT OWNER FIRST,
2026-07-10T01:41:39.760,3177.761,mission_20260710_004842_manual,MANUAL,,0,13.33034610748291,100.99791717529297,155.1349335619567,4,True,0.699999988079071,1,0,0,-1,0,0.0,0.0,0.0,0,0,nan,nan,nan,94,26.299999237060547,0.0,31.0,0,27,-,SELECT OWNER FIRST,
2026-07-10T01:41:41.951,3179.952,mission_20260710_004842_manual,MANUAL,,0,13.33034610748291,100.99791717529297,155.14717326094936,4,True,0.6974999904632568,1,0,0,-1,0,0.0,0.0,0.0,0,0,nan,nan,nan,94,26.299999237060547,0.0,31.0,0,27,-,SELECT OWNER FIRST,
2026-07-10T01:41:43.952,3181.952,mission_20260710_004842_manual,MANUAL,,0,13.330345153808594,100.99791717529297,155.15539680871007,4,True,0.6984999775886536,1,0,0,-1,0,0.0,0.0,0.0,0,0,nan,nan,nan,94,26.299999237060547,0.0,31.0,0,28,-,SELECT OWNER FIRST,
2026-07-10T01:41:46.151,3184.151,mission_20260710_004842_manual,MANUAL,,0,13.330345153808594,100.99791717529297,155.15020586494083,4,True,0.6997500061988831,1,0,0,-1,0,0.0,0.0,0.0,0,0,nan,nan,nan,94,26.299999237060547,0.0,31.0,0,28,-,SELECT OWNER FIRST,
2026-07-10T01:41:48.158,3186.158,mission_20260710_004842_manual,MANUAL,,0,13.330344200134277,100.99791717529297,155.1410397510747,4,True,0.6997500061988831,1,0,0,-1,0,0.0,0.0,0.0,0,0,nan,nan,nan,94,26.299999237060547,0.0,31.0,0,28,-,SELECT OWNER FIRST,
2026-07-10T01:41:50.161,3188.161,mission_20260710_004842_manual,MANUAL,,0,13.330344200134277,100.9979248046875,155.13815741124495,4,True,0.7017499804496765,1,0,0,-1,0,0.0,0.0,0.0,0,0,nan,nan,nan,94,26.299999237060547,0.0,31.0,0,28,-,SELECT OWNER FIRST,
2026-07-10T01:41:52.168,3190.168,mission_20260710_004842_manual,MANUAL,,0,13.330344200134277,100.9979248046875,155.12866344829862,4,True,0.7014999985694885,1,0,0,-1,0,0.0,0.0,0.0,0,0,nan,nan,nan,94,26.299999237060547,0.0,31.0,0,28,-,SELECT OWNER FIRST,
2026-07-10T01:41:54.350,3192.35,mission_20260710_004842_manual,MANUAL,,0,13.330343246459961,100.9979248046875,155.12908692002716,4,True,0.6965000033378601,1,0,0,-1,0,0.0,0.0,0.0,0,0,nan,nan,nan,94,26.299999237060547,0.0,31.0,0,27,-,SELECT OWNER FIRST,
2026-07-10T01:41:56.350,3194.35,mission_20260710_004842_manual,MANUAL,,0,13.330343246459961,100.9979248046875,155.1339773354729,4,True,0.6995000243186951,1,0,0,-1,0,0.0,0.0,0.0,0,0,nan,nan,nan,94,26.299999237060547,0.0,31.0,0,27,-,SELECT OWNER FIRST,
2026-07-10T01:41:58.352,3196.352,mission_20260710_004842_manual,MANUAL,,0,13.330342292785645,100.9979248046875,155.13303476936744,4,True,0.7017499804496765,1,0,0,-1,0,0.0,0.0,0.0,0,0,nan,nan,nan,94,26.299999237060547,0.0,31.0,0,27,-,SELECT OWNER FIRST,
2026-07-10T01:42:00.355,3198.355,mission_20260710_004842_manual,MANUAL,,0,13.330342292785645,100.9979248046875,155.1336085052577,4,True,0.7002500295639038,1,0,0,-1,0,0.0,0.0,0.0,0,0,nan,nan,nan,94,26.299999237060547,0.0,31.0,0,26,-,SELECT OWNER FIRST,
2026-07-10T01:42:02.546,3200.546,mission_20260710_004842_manual,MANUAL,,0,13.330341339111328,100.9979248046875,155.13280254293565,4,True,0.7002500295639038,1,0,0,-1,0,0.0,0.0,0.0,0,0,nan,nan,nan,94,26.299999237060547,0.0,31.0,0,27,-,SELECT OWNER FIRST,
2026-07-10T01:42:04.747,3202.747,mission_20260710_004842_manual,MANUAL,,0,13.330341339111328,100.9979248046875,155.12001642880938,4,True,0.6980000138282776,1,0,0,-1,0,0.0,0.0,0.0,0,0,nan,nan,nan,94,26.299999237060547,0.0,31.0,0,27,-,SELECT OWNER FIRST,
2026-07-10T01:42:06.749,3204.749,mission_20260710_004842_manual,MANUAL,,0,13.330340385437012,100.9979248046875,155.12045356091627,4,True,0.699999988079071,1,0,0,-1,0,0.0,0.0,0.0,0,0,nan,nan,nan,94,26.299999237060547,0.0,31.0,0,26,-,SELECT OWNER FIRST,
2026-07-10T01:42:08.761,3206.761,mission_20260710_004842_manual,MANUAL,,0,13.330340385437012,100.9979248046875,155.127352051978,4,True,0.6977499723434448,1,0,0,-1,0,0.0,0.0,0.0,0,0,nan,nan,nan,94,26.299999237060547,0.0,31.0,0,25,-,SELECT OWNER FIRST,
2026-07-10T01:42:10.946,3208.946,mission_20260710_004842_manual,MANUAL,,0,13.330339431762695,100.9979248046875,155.12259824031565,4,True,0.6970000267028809,1,0,0,-1,0,0.0,0.0,0.0,0,0,nan,nan,nan,94,26.299999237060547,0.0,31.0,0,25,-,SELECT OWNER FIRST,
2026-07-10T01:42:13.145,3211.145,mission_20260710_004842_manual,MANUAL,,0,13.330339431762695,100.99793243408203,155.12645046700754,4,True,0.7007499933242798,1,0,0,-1,0,0.0,0.0,0.0,0,0,nan,nan,nan,94,26.299999237060547,0.0,31.0,0,25,-,SELECT OWNER FIRST,
2026-07-10T01:42:15.146,3213.147,mission_20260710_004842_manual,MANUAL,,0,13.330338478088379,100.99793243408203,155.1223386931272,4,True,0.6970000267028809,1,0,0,-1,0,0.0,0.0,0.0,0,0,nan,nan,nan,94,26.299999237060547,0.0,31.0,0,25,-,SELECT OWNER FIRST,
2026-07-10T01:42:17.150,3215.15,mission_20260710_004842_manual,MANUAL,,0,13.330338478088379,100.99793243408203,155.1088968808406,4,True,0.7009999752044678,1,0,0,-1,0,0.0,0.0,0.0,0,0,nan,nan,nan,94,26.299999237060547,0.0,31.0,0,22,-,SELECT OWNER FIRST,
2026-07-10T01:42:19.345,3217.345,mission_20260710_004842_manual,MANUAL,,0,13.330337524414062,100.99793243408203,155.11104156023998,4,True,0.6974999904632568,1,0,0,-1,0,0.0,0.0,0.0,0,0,nan,nan,nan,94,26.299999237060547,0.0,31.0,0,22,-,SELECT OWNER FIRST,
2026-07-10T01:42:21.346,3219.347,mission_20260710_004842_manual,MANUAL,,0,13.330337524414062,100.99793243408203,155.1163691077926,4,True,0.699999988079071,1,0,0,-1,0,0.0,0.0,0.0,0,0,nan,nan,nan,94,26.299999237060547,0.0,31.0,0,21,-,SELECT OWNER FIRST,
2026-07-10T01:42:23.354,3221.354,mission_20260710_004842_manual,MANUAL,,0,13.330336570739746,100.99793243408203,155.12093167415816,4,True,0.7002500295639038,1,0,0,-1,0,0.0,0.0,0.0,0,0,nan,nan,nan,94,26.299999237060547,0.0,31.0,0,21,-,SELECT OWNER FIRST,
2026-07-10T01:42:25.540,3223.541,mission_20260710_004842_manual,MANUAL,,0,13.330336570739746,100.99793243408203,155.1156451077406,4,True,0.699999988079071,1,0,0,-1,0,0.0,0.0,0.0,0,0,nan,nan,nan,94,26.299999237060547,0.0,31.0,0,21,-,SELECT OWNER FIRST,
2026-07-10T01:42:27.542,3225.543,mission_20260710_004842_manual,MANUAL,,0,13.330336570739746,100.99793243408203,155.10852805062544,4,True,0.6980000138282776,1,0,0,-1,0,0.0,0.0,0.0,0,0,nan,nan,nan,94,26.299999237060547,0.0,31.0,0,21,-,SELECT OWNER FIRST,
2026-07-10T01:42:29.543,3227.543,mission_20260710_004842_manual,MANUAL,,0,13.33033561706543,100.9979248046875,155.11020827716123,4,True,0.6990000009536743,1,0,0,-1,0,0.0,0.0,0.0,0,0,nan,nan,nan,94,26.299999237060547,0.0,31.0,0,23,-,SELECT OWNER FIRST,
2026-07-10T01:42:31.742,3229.743,mission_20260710_004842_manual,MANUAL,,0,13.330334663391113,100.9979248046875,155.10665657879284,4,True,0.7002500295639038,1,0,0,-1,0,0.0,0.0,0.0,0,0,nan,nan,nan,94,26.299999237060547,0.0,31.0,0,21,-,SELECT OWNER FIRST,
2026-07-10T01:42:33.749,3231.749,mission_20260710_004842_manual,MANUAL,,0,13.33033275604248,100.9979248046875,155.1112191451584,4,True,0.6962500214576721,1,0,0,-1,0,0.0,0.0,0.0,0,0,nan,nan,nan,94,26.299999237060547,0.0,31.0,0,23,-,SELECT OWNER FIRST,
2026-07-10T01:42:35.940,3233.94,mission_20260710_004842_manual,MANUAL,,0,13.330331802368164,100.9979248046875,155.11018095640458,4,True,0.6980000138282776,1,0,0,-1,0,0.0,0.0,0.0,0,0,nan,nan,nan,94,26.299999237060547,0.0,31.0,0,23,-,SELECT OWNER FIRST,
2026-07-10T01:42:37.940,3235.941,mission_20260710_004842_manual,MANUAL,,0,13.330329895019531,100.9979248046875,155.10533152209385,4,True,0.699999988079071,1,0,0,-1,0,0.0,0.0,0.0,0,0,nan,nan,nan,94,26.299999237060547,0.0,31.0,0,23,-,SELECT OWNER FIRST,
2026-07-10T01:42:40.137,3238.138,mission_20260710_004842_manual,MANUAL,,0,13.330327987670898,100.9979248046875,155.08970404927288,4,True,0.6995000243186951,1,0,0,-1,0,0.0,0.0,0.0,0,0,nan,nan,nan,94,26.299999237060547,0.0,31.0,0,24,-,SELECT OWNER FIRST,
2026-07-10T01:42:42.142,3240.142,mission_20260710_004842_manual,MANUAL,,0,13.330327033996582,100.9979248046875,155.09611076671433,4,True,0.7009999752044678,1,0,0,-1,0,0.0,0.0,0.0,0,0,nan,nan,nan,94,26.299999237060547,0.0,31.0,0,23,-,SELECT OWNER FIRST,
2026-07-10T01:42:44.145,3242.146,mission_20260710_004842_manual,MANUAL,,0,13.33032512664795,100.9979248046875,155.09624737049774,4,True,0.6992499828338623,1,0,0,-1,0,0.0,0.0,0.0,0,0,nan,nan,nan,94,26.299999237060547,0.0,31.0,0,22,-,SELECT OWNER FIRST,
2026-07-10T01:42:46.337,3244.337,mission_20260710_004842_manual,MANUAL,,0,13.330324172973633,100.9979248046875,155.09929363486756,4,True,0.6974999904632568,1,0,0,-1,0,0.0,0.0,0.0,0,0,nan,nan,nan,94,26.299999237060547,0.0,31.0,0,23,-,SELECT OWNER FIRST,
2026-07-10T01:42:48.339,3246.34,mission_20260710_004842_manual,MANUAL,,0,13.330323219299316,100.9979248046875,155.09113838899856,4,True,0.6997500061988831,1,0,0,-1,0,0.0,0.0,0.0,0,0,nan,nan,nan,94,26.299999237060547,0.0,31.0,0,23,-,SELECT OWNER FIRST,
2026-07-10T01:42:50.340,3248.341,mission_20260710_004842_manual,MANUAL,,0,13.330322265625,100.9979248046875,155.08423989793687,4,True,0.6987500190734863,1,0,0,-1,0,0.0,0.0,0.0,0,0,nan,nan,nan,94,26.299999237060547,0.0,31.0,0,23,-,SELECT OWNER FIRST,
2026-07-10T01:42:52.344,3250.344,mission_20260710_004842_manual,MANUAL,,0,13.330322265625,100.9979248046875,155.07984125611137,4,True,0.6990000009536743,1,0,0,-1,0,0.0,0.0,0.0,0,0,nan,nan,nan,94,26.299999237060547,0.0,31.0,0,24,-,SELECT OWNER FIRST,
2026-07-10T01:42:54.535,3252.535,mission_20260710_004842_manual,MANUAL,,0,13.330321311950684,100.9979248046875,155.08385740734334,4,True,0.6987500190734863,1,0,0,-1,0,0.0,0.0,0.0,0,0,nan,nan,nan,94,26.299999237060547,0.0,31.0,0,25,-,SELECT OWNER FIRST,
2026-07-10T01:42:56.736,3254.736,mission_20260710_004842_manual,MANUAL,,0,13.330322265625,100.9979248046875,155.08601574712105,4,True,0.6977499723434448,1,0,0,-1,0,0.0,0.0,0.0,0,0,nan,nan,nan,94,26.299999237060547,0.0,31.0,0,25,-,SELECT OWNER FIRST,
2026-07-10T01:42:58.736,3256.737,mission_20260710_004842_manual,MANUAL,,0,13.330321311950684,100.9979248046875,155.08945816246276,4,True,0.6980000138282776,1,0,0,-1,0,0.0,0.0,0.0,0,0,nan,nan,nan,94,26.299999237060547,0.0,31.0,0,24,-,SELECT OWNER FIRST,
2026-07-10T01:43:00.737,3258.737,mission_20260710_004842_manual,MANUAL,,0,13.330321311950684,100.9979248046875,155.08766865290022,4,True,0.6992499828338623,1,0,0,-1,0,0.0,0.0,0.0,0,0,nan,nan,nan,94,26.299999237060547,0.0,31.0,0,24,-,SELECT OWNER FIRST,
2026-07-10T01:43:02.749,3260.749,mission_20260710_004842_manual,MANUAL,,0,13.33031940460205,100.9979248046875,155.09115204937692,4,True,0.6987500190734863,1,0,0,-1,0,0.0,0.0,0.0,0,0,nan,nan,nan,94,26.299999237060547,0.0,31.0,0,24,-,SELECT OWNER FIRST,
2026-07-10T01:43:04.934,3262.934,mission_20260710_004842_manual,MANUAL,,0,13.33031940460205,100.9979248046875,155.09214925699573,4,True,0.6995000243186951,1,0,0,-1,0,0.0,0.0,0.0,0,0,nan,nan,nan,94,26.299999237060547,0.0,31.0,0,25,-,SELECT OWNER FIRST,
2026-07-10T01:43:07.133,3265.133,mission_20260710_004842_manual,MANUAL,,0,13.330318450927734,100.9979248046875,155.0997171065961,4,True,0.6992499828338623,1,0,0,-1,0,0.0,0.0,0.0,0,0,nan,nan,nan,94,26.299999237060547,0.0,31.0,0,24,-,SELECT OWNER FIRST,
2026-07-10T01:43:09.134,3267.135,mission_20260710_004842_manual,MANUAL,,0,13.330316543579102,100.9979248046875,155.10057771043154,4,True,0.6987500190734863,1,0,0,-1,0,0.0,0.0,0.0,0,0,nan,nan,nan,94,26.299999237060547,0.0,31.0,0,24,-,SELECT OWNER FIRST,
2026-07-10T01:43:11.140,3269.14,mission_20260710_004842_manual,MANUAL,,0,13.330314636230469,100.9979248046875,155.10004495567628,4,True,0.7007499933242798,1,0,0,-1,0,0.0,0.0,0.0,0,0,nan,nan,nan,94,26.299999237060547,0.0,31.0,0,25,-,SELECT OWNER FIRST,
2026-07-10T01:43:13.334,3271.335,mission_20260710_004842_manual,MANUAL,,0,13.330313682556152,100.9979248046875,155.0870129547399,4,True,0.6995000243186951,1,0,0,-1,0,0.0,0.0,0.0,0,0,nan,nan,nan,94,26.299999237060547,0.0,31.0,0,25,-,SELECT OWNER FIRST,
2026-07-10T01:43:15.338,3273.338,mission_20260710_004842_manual,MANUAL,,0,13.330312728881836,100.9979248046875,155.0814531807555,4,True,0.6992499828338623,1,0,0,-1,0,0.0,0.0,0.0,0,0,nan,nan,nan,94,26.299999237060547,0.0,31.0,0,24,-,SELECT OWNER FIRST,
2026-07-10T01:43:17.340,3275.34,mission_20260710_004842_manual,MANUAL,,0,13.330310821533203,100.9979248046875,155.0852780866907,4,True,0.6972500085830688,1,0,0,-1,0,0.0,0.0,0.0,0,0,nan,nan,nan,94,26.299999237060547,0.0,31.0,0,25,-,SELECT OWNER FIRST,
2026-07-10T01:43:19.528,3277.529,mission_20260710_004842_manual,MANUAL,,0,13.330309867858887,100.9979248046875,155.0843628413419,4,True,0.7020000219345093,1,0,0,-1,0,0.0,0.0,0.0,0,0,nan,nan,nan,94,26.299999237060547,0.0,31.0,0,25,-,SELECT OWNER FIRST,
2026-07-10T01:43:21.531,3279.531,mission_20260710_004842_manual,MANUAL,,0,13.330307960510254,100.9979248046875,155.08551031312248,4,True,0.7005000114440918,1,0,0,-1,0,0.0,0.0,0.0,0,0,nan,nan,nan,94,26.299999237060547,0.0,31.0,0,25,-,SELECT OWNER FIRST,
2026-07-10T01:43:23.532,3281.532,mission_20260710_004842_manual,MANUAL,,0,13.330305099487305,100.9979248046875,155.08296948275122,4,True,0.6990000009536743,1,0,0,-1,0,0.0,0.0,0.0,0,0,nan,nan,nan,94,26.299999237060547,0.0,31.0,0,25,-,SELECT OWNER FIRST,
2026-07-10T01:43:25.730,3283.731,mission_20260710_004842_manual,MANUAL,,0,13.330304145812988,100.9979248046875,155.08369348280326,4,True,0.6992499828338623,1,0,0,-1,0,0.0,0.0,0.0,0,0,nan,nan,nan,94,26.299999237060547,0.0,31.0,0,25,-,SELECT OWNER FIRST,
2026-07-10T01:43:27.735,3285.735,mission_20260710_004842_manual,MANUAL,,0,13.330303192138672,100.9979248046875,155.0743907651537,4,True,0.6995000243186951,1,0,0,-1,0,0.0,0.0,0.0,0,0,nan,nan,nan,94,26.299999237060547,0.0,31.0,0,26,-,SELECT OWNER FIRST,
2026-07-10T01:43:29.746,3287.747,mission_20260710_004842_manual,MANUAL,,0,13.330302238464355,100.9979248046875,155.08096140713525,4,True,0.7009999752044678,1,0,0,-1,0,0.0,0.0,0.0,0,0,nan,nan,nan,94,26.299999237060547,0.0,31.0,0,26,-,SELECT OWNER FIRST,
2026-07-10T01:43:31.926,3289.926,mission_20260710_004842_manual,MANUAL,,0,13.330302238464355,100.9979248046875,155.09531846477063,4,True,0.699999988079071,1,0,0,-1,0,0.0,0.0,0.0,0,0,nan,nan,nan,94,26.299999237060547,0.0,31.0,0,25,-,SELECT OWNER FIRST,
2026-07-10T01:43:33.929,3291.929,mission_20260710_004842_manual,MANUAL,,0,13.330302238464355,100.9979248046875,155.10593257874083,4,True,0.6980000138282776,1,0,0,-1,0,0.0,0.0,0.0,0,0,nan,nan,nan,94,26.299999237060547,0.0,31.0,0,25,-,SELECT OWNER FIRST,
2026-07-10T01:43:36.125,3294.125,mission_20260710_004842_manual,MANUAL,,0,13.330303192138672,100.9979248046875,155.11280374904587,4,True,0.6980000138282776,1,0,0,-1,0,0.0,0.0,0.0,0,0,nan,nan,nan,94,26.299999237060547,0.0,31.0,0,24,-,SELECT OWNER FIRST,
2026-07-10T01:43:38.127,3296.127,mission_20260710_004842_manual,MANUAL,,0,13.330300331115723,100.9979248046875,155.1058915976058,4,True,0.7002500295639038,1,0,0,-1,0,0.0,0.0,0.0,0,0,nan,nan,nan,94,26.299999237060547,0.0,31.0,0,23,-,SELECT OWNER FIRST,
2026-07-10T01:43:40.133,3298.134,mission_20260710_004842_manual,MANUAL,,0,13.330300331115723,100.9979248046875,155.09866525746392,4,True,0.699999988079071,1,0,0,-1,0,0.0,0.0,0.0,0,0,nan,nan,nan,94,26.299999237060547,0.0,31.0,0,23,-,SELECT OWNER FIRST,
2026-07-10T01:43:42.328,3300.328,mission_20260710_004842_manual,MANUAL,,0,13.330301284790039,100.9979248046875,155.09051001159494,4,True,0.699999988079071,1,0,0,-1,0,0.0,0.0,0.0,0,0,nan,nan,nan,94,26.299999237060547,0.0,31.0,0,23,-,SELECT OWNER FIRST,
2026-07-10T01:43:44.328,3302.329,mission_20260710_004842_manual,MANUAL,,0,13.330302238464355,100.9979248046875,155.09859695557222,4,True,0.7012500166893005,1,0,0,-1,0,0.0,0.0,0.0,0,0,nan,nan,nan,94,26.299999237060547,0.0,31.0,0,24,-,SELECT OWNER FIRST,
2026-07-10T01:43:46.333,3304.333,mission_20260710_004842_manual,MANUAL,,0,13.330302238464355,100.9979248046875,155.10688880522463,4,True,0.6987500190734863,1,0,0,-1,0,0.0,0.0,0.0,0,0,nan,nan,nan,94,26.299999237060547,0.0,31.0,0,24,-,SELECT OWNER FIRST,
2026-07-10T01:43:48.523,3306.524,mission_20260710_004842_manual,MANUAL,,0,13.330303192138672,100.9979248046875,155.10884223932726,4,True,0.6997500061988831,1,0,0,-1,0,0.0,0.0,0.0,0,0,nan,nan,nan,94,26.299999237060547,0.0,31.0,0,24,-,SELECT OWNER FIRST,
2026-07-10T01:43:50.525,3308.526,mission_20260710_004842_manual,MANUAL,,0,13.330303192138672,100.9979248046875,155.10429333334002,4,True,0.7009999752044678,1,0,0,-1,0,0.0,0.0,0.0,0,0,nan,nan,nan,94,26.299999237060547,0.0,31.0,0,25,-,SELECT OWNER FIRST,
2026-07-10T01:43:52.526,3310.526,mission_20260710_004842_manual,MANUAL,,0,13.330304145812988,100.99793243408203,155.1057549938224,4,True,0.6974999904632568,1,0,0,-1,0,0.0,0.0,0.0,0,0,nan,nan,nan,94,26.299999237060547,0.0,31.0,0,25,-,SELECT OWNER FIRST,
2026-07-10T01:43:54.725,3312.726,mission_20260710_004842_manual,MANUAL,,0,13.330304145812988,100.9979248046875,155.10574133344406,4,True,0.6990000009536743,1,0,0,-1,0,0.0,0.0,0.0,0,0,nan,nan,nan,94,26.299999237060547,0.0,31.0,0,26,-,SELECT OWNER FIRST,
2026-07-10T01:43:56.726,3314.726,mission_20260710_004842_manual,MANUAL,,0,13.330305099487305,100.99793243408203,155.11371899439465,4,True,0.6997500061988831,1,0,0,-1,0,0.0,0.0,0.0,0,0,nan,nan,nan,94,26.299999237060547,0.0,31.0,0,26,-,SELECT OWNER FIRST,
2026-07-10T01:43:58.736,3316.736,mission_20260710_004842_manual,MANUAL,,0,13.330306053161621,100.99793243408203,155.10680684295457,4,True,0.6977499723434448,1,0,0,-1,0,0.0,0.0,0.0,0,0,nan,nan,nan,94,26.299999237060547,0.0,31.0,0,26,-,SELECT OWNER FIRST,
2026-07-10T01:44:00.921,3318.921,mission_20260710_004842_manual,MANUAL,,0,13.330307006835938,100.99793243408203,155.10858269213878,4,True,0.6970000267028809,1,0,0,-1,0,0.0,0.0,0.0,0,0,nan,nan,nan,94,26.299999237060547,0.0,31.0,0,25,-,SELECT OWNER FIRST,
2026-07-10T01:44:03.120,3321.12,mission_20260710_004842_manual,MANUAL,,0,13.330307960510254,100.99793243408203,155.11373265477297,4,True,0.7009999752044678,1,0,0,-1,0,0.0,0.0,0.0,0,0,nan,nan,nan,94,26.299999237060547,0.0,31.0,0,25,-,SELECT OWNER FIRST,
2026-07-10T01:44:05.121,3323.122,mission_20260710_004842_manual,MANUAL,,0,13.33030891418457,100.99793243408203,155.11880065513714,4,True,0.7005000114440918,1,0,0,-1,0,0.0,0.0,0.0,0,0,nan,nan,nan,94,26.299999237060547,0.0,31.0,0,25,-,SELECT OWNER FIRST,
2026-07-10T01:44:07.130,3325.131,mission_20260710_004842_manual,MANUAL,,0,13.33031177520752,100.99793243408203,155.1241145423114,4,True,0.6977499723434448,1,0,0,-1,0,0.0,0.0,0.0,0,0,nan,nan,nan,94,26.299999237060547,0.0,31.0,0,24,-,SELECT OWNER FIRST,
2026-07-10T01:44:09.133,3327.133,mission_20260710_004842_manual,MANUAL,,0,13.330312728881836,100.99793243408203,155.11949733443245,4,True,0.6984999775886536,1,0,0,-1,0,0.0,0.0,0.0,0,0,nan,nan,nan,94,26.299999237060547,0.0,31.0,0,24,-,SELECT OWNER FIRST,
2026-07-10T01:44:11.322,3329.323,mission_20260710_004842_manual,MANUAL,,0,13.330314636230469,100.99793243408203,155.12198352329034,4,True,0.6997500061988831,1,0,0,-1,0,0.0,0.0,0.0,0,0,nan,nan,nan,94,26.299999237060547,0.0,31.0,0,24,-,SELECT OWNER FIRST,
2026-07-10T01:44:13.327,3331.328,mission_20260710_004842_manual,MANUAL,,0,13.330315589904785,100.99793243408203,155.11993446653935,4,True,0.6965000033378601,1,0,0,-1,0,0.0,0.0,0.0,0,0,nan,nan,nan,94,26.299999237060547,0.0,31.0,0,24,-,SELECT OWNER FIRST,
2026-07-10T01:44:15.518,3333.519,mission_20260710_004842_manual,MANUAL,,0,13.330315589904785,100.99793243408203,155.1150440510936,4,True,0.7002500295639038,1,0,0,-1,0,0.0,0.0,0.0,0,0,nan,nan,nan,94,26.299999237060547,0.0,31.0,0,24,-,SELECT OWNER FIRST,
2026-07-10T01:44:17.529,3335.529,mission_20260710_004842_manual,MANUAL,,0,13.330316543579102,100.99793243408203,155.11246223958736,4,True,0.6980000138282776,1,0,0,-1,0,0.0,0.0,0.0,0,0,nan,nan,nan,94,26.299999237060547,0.0,31.0,0,25,-,SELECT OWNER FIRST,
2026-07-10T01:44:19.719,3337.719,mission_20260710_004842_manual,MANUAL,,0,13.330317497253418,100.99793243408203,155.11257152261408,4,True,0.6997500061988831,1,0,0,-1,0,0.0,0.0,0.0,0,0,nan,nan,nan,94,26.299999237060547,0.0,31.0,0,24,-,SELECT OWNER FIRST,
2026-07-10T01:44:21.733,3339.734,mission_20260710_004842_manual,MANUAL,,0,13.33031940460205,100.99793243408203,155.11074103191652,4,True,0.6992499828338623,1,0,0,-1,0,0.0,0.0,0.0,0,0,nan,nan,nan,94,26.299999237060547,0.0,31.0,0,25,-,SELECT OWNER FIRST,
2026-07-10T01:44:23.915,3341.916,mission_20260710_004842_manual,MANUAL,,0,13.330320358276367,100.99793243408203,155.11604125871244,4,True,0.6967499852180481,1,0,0,-1,0,0.0,0.0,0.0,0,0,nan,nan,nan,94,26.299999237060547,0.0,31.0,0,26,-,SELECT OWNER FIRST,
2026-07-10T01:44:25.916,3343.917,mission_20260710_004842_manual,MANUAL,,0,13.330322265625,100.99793243408203,155.11922412686567,4,True,0.7009999752044678,1,0,0,-1,0,0.0,0.0,0.0,0,0,nan,nan,nan,94,26.299999237060547,0.0,31.0,0,25,-,SELECT OWNER FIRST,
2026-07-10T01:44:27.916,3345.917,mission_20260710_004842_manual,MANUAL,,0,13.330322265625,100.99793243408203,155.1186913721104,4,True,0.6977499723434448,1,0,0,-1,0,0.0,0.0,0.0,0,0,nan,nan,nan,94,26.299999237060547,0.0,31.0,0,25,-,SELECT OWNER FIRST,
2026-07-10T01:44:29.917,3347.918,mission_20260710_004842_manual,MANUAL,,0,13.330322265625,100.99793243408203,155.1177351456266,4,True,0.699999988079071,1,0,0,-1,0,0.0,0.0,0.0,0,0,nan,nan,nan,94,26.299999237060547,0.0,31.0,0,26,-,SELECT OWNER FIRST,
2026-07-10T01:44:32.115,3350.115,mission_20260710_004842_manual,MANUAL,,0,13.330323219299316,100.99793243408203,155.12086337226646,4,True,0.6987500190734863,1,0,0,-1,0,0.0,0.0,0.0,0,0,nan,nan,nan,94,26.299999237060547,0.0,31.0,0,26,-,SELECT OWNER FIRST,
2026-07-10T01:44:34.121,3352.122,mission_20260710_004842_manual,MANUAL,,0,13.330324172973633,100.99793243408203,155.12867710867695,4,True,0.6992499828338623,1,0,0,-1,0,0.0,0.0,0.0,0,0,nan,nan,nan,94,26.299999237060547,0.0,31.0,0,26,-,SELECT OWNER FIRST,
2026-07-10T01:44:36.315,3354.315,mission_20260710_004842_manual,MANUAL,,0,13.33032512664795,100.99793243408203,155.13754269421963,4,True,0.6995000243186951,1,0,0,-1,0,0.0,0.0,0.0,0,0,nan,nan,nan,94,26.299999237060547,0.0,31.0,0,25,-,SELECT OWNER FIRST,
2026-07-10T01:44:38.316,3356.317,mission_20260710_004842_manual,MANUAL,,0,13.330326080322266,100.99793243408203,155.13986495853743,4,True,0.6987500190734863,1,0,0,-1,0,0.0,0.0,0.0,0,0,nan,nan,nan,94,26.299999237060547,0.0,31.0,0,24,-,SELECT OWNER FIRST,
2026-07-10T01:44:40.322,3358.322,mission_20260710_004842_manual,MANUAL,,0,13.330326080322266,100.99793243408203,155.14099876993967,4,True,0.6987500190734863,1,0,0,-1,0,0.0,0.0,0.0,0,0,nan,nan,nan,94,26.299999237060547,0.0,31.0,0,24,-,SELECT OWNER FIRST,
2026-07-10T01:44:42.511,3360.511,mission_20260710_004842_manual,MANUAL,,0,13.330327033996582,100.99793243408203,155.1424057889087,4,True,0.6987500190734863,1,0,0,-1,0,0.0,0.0,0.0,0,0,nan,nan,nan,94,26.299999237060547,0.0,31.0,0,25,-,SELECT OWNER FIRST,
2026-07-10T01:44:44.513,3362.514,mission_20260710_004842_manual,MANUAL,,0,13.330327033996582,100.99793243408203,155.1360263922239,4,True,0.699999988079071,1,0,0,-1,0,0.0,0.0,0.0,0,0,nan,nan,nan,94,26.299999237060547,0.0,31.0,0,26,-,SELECT OWNER FIRST,
2026-07-10T01:44:46.714,3364.715,mission_20260710_004842_manual,MANUAL,,0,13.330327987670898,100.99793243408203,155.13542533557694,4,True,0.6974999904632568,1,0,0,-1,0,0.0,0.0,0.0,0,0,nan,nan,nan,94,26.299999237060547,0.0,31.0,0,26,-,SELECT OWNER FIRST,
2026-07-10T01:44:48.727,3366.727,mission_20260710_004842_manual,MANUAL,,0,13.330327033996582,100.99793243408203,155.13840329805507,4,True,0.6992499828338623,1,0,0,-1,0,0.0,0.0,0.0,0,0,nan,nan,nan,94,26.299999237060547,0.0,31.0,0,26,-,SELECT OWNER FIRST,
2026-07-10T01:44:50.911,3368.911,mission_20260710_004842_manual,MANUAL,,0,13.330328941345215,100.99793243408203,155.13942782643056,4,True,0.6974999904632568,1,0,0,-1,0,0.0,0.0,0.0,0,0,nan,nan,nan,94,26.299999237060547,0.0,31.0,0,25,-,SELECT OWNER FIRST,
2026-07-10T01:44:53.110,3371.111,mission_20260710_004842_manual,MANUAL,,0,13.330328941345215,100.99793243408203,155.1361356752506,4,True,0.7012500166893005,1,0,0,-1,0,0.0,0.0,0.0,0,0,nan,nan,nan,94,26.299999237060547,0.0,31.0,0,25,-,SELECT OWNER FIRST,
2026-07-10T01:44:55.112,3373.113,mission_20260710_004842_manual,MANUAL,,0,13.330328941345215,100.99793243408203,155.1357258639004,4,True,0.6987500190734863,1,0,0,-1,0,0.0,0.0,0.0,0,0,nan,nan,nan,94,26.299999237060547,0.0,31.0,0,25,-,SELECT OWNER FIRST,
2026-07-10T01:44:57.115,3375.115,mission_20260710_004842_manual,MANUAL,,0,13.330328941345215,100.99793243408203,155.1386491848652,4,True,0.6995000243186951,1,0,0,-1,0,0.0,0.0,0.0,0,0,nan,nan,nan,94,26.299999237060547,0.0,31.0,0,26,-,SELECT OWNER FIRST,
2026-07-10T01:44:59.121,3377.121,mission_20260710_004842_manual,MANUAL,,0,13.330328941345215,100.99793243408203,155.13161409002007,4,True,0.6972500085830688,1,0,0,-1,0,0.0,0.0,0.0,0,0,nan,nan,nan,94,26.299999237060547,0.0,31.0,0,27,-,SELECT OWNER FIRST,
2026-07-10T01:45:01.308,3379.309,mission_20260710_004842_manual,MANUAL,,0,13.330328941345215,100.99793243408203,155.1178034475183,4,True,0.6984999775886536,1,0,0,-1,0,0.0,0.0,0.0,0,0,nan,nan,nan,94,26.299999237060547,0.0,31.0,0,28,-,SELECT OWNER FIRST,
2026-07-10T01:45:03.311,3381.311,mission_20260710_004842_manual,MANUAL,,0,13.330327987670898,100.99793243408203,155.10964820164932,4,True,0.6997500061988831,1,0,0,-1,0,0.0,0.0,0.0,0,0,nan,nan,nan,94,26.299999237060547,0.0,31.0,0,27,-,SELECT OWNER FIRST,
2026-07-10T01:45:05.317,3383.317,mission_20260710_004842_manual,MANUAL,,0,13.330327987670898,100.99793243408203,155.10552276739062,4,True,0.699999988079071,1,0,0,-1,0,0.0,0.0,0.0,0,0,nan,nan,nan,94,26.299999237060547,0.0,31.0,0,28,-,SELECT OWNER FIRST,
2026-07-10T01:45:07.508,3385.508,mission_20260710_004842_manual,MANUAL,,0,13.330327987670898,100.99793243408203,155.11983884389096,4,True,0.6977499723434448,1,0,0,-1,0,0.0,0.0,0.0,0,0,nan,nan,nan,94,26.299999237060547,0.0,31.0,0,28,-,SELECT OWNER FIRST,
2026-07-10T01:45:09.508,3387.508,mission_20260710_004842_manual,MANUAL,,0,13.330327987670898,100.99793243408203,155.12612261792736,4,True,0.6987500190734863,1,0,0,-1,0,0.0,0.0,0.0,0,0,nan,nan,nan,94,26.299999237060547,0.0,31.0,0,28,-,SELECT OWNER FIRST,
2026-07-10T01:45:11.512,3389.512,mission_20260710_004842_manual,MANUAL,,0,13.330327987670898,100.99793243408203,155.12874541056865,4,True,0.7002500295639038,1,0,0,-1,0,0.0,0.0,0.0,0,0,nan,nan,nan,94,26.299999237060547,0.0,31.0,0,28,-,SELECT OWNER FIRST,
2026-07-10T01:45:13.706,3391.707,mission_20260710_004842_manual,MANUAL,,0,13.330327987670898,100.99793243408203,155.11505771147196,4,True,0.6997500061988831,1,0,0,-1,0,0.0,0.0,0.0,0,0,nan,nan,nan,94,26.299999237060547,0.0,31.0,0,28,-,SELECT OWNER FIRST,
2026-07-10T01:45:15.711,3393.712,mission_20260710_004842_manual,MANUAL,,0,13.330327987670898,100.99793243408203,155.11079567342986,4,True,0.6977499723434448,1,0,0,-1,0,0.0,0.0,0.0,0,0,nan,nan,nan,94,26.299999237060547,0.0,31.0,0,28,-,SELECT OWNER FIRST,
2026-07-10T01:45:17.711,3395.712,mission_20260710_004842_manual,MANUAL,,0,13.330327987670898,100.99793243408203,155.1174619380598,4,True,0.6990000009536743,1,0,0,-1,0,0.0,0.0,0.0,0,0,nan,nan,nan,94,26.299999237060547,0.0,31.0,0,28,-,SELECT OWNER FIRST,
2026-07-10T01:45:19.714,3397.714,mission_20260710_004842_manual,MANUAL,,0,13.330328941345215,100.99793243408203,155.125986014144,4,True,0.6990000009536743,1,0,0,-1,0,0.0,0.0,0.0,0,0,nan,nan,nan,94,26.299999237060547,0.0,31.0,0,27,-,SELECT OWNER FIRST,
2026-07-10T01:45:21.723,3399.723,mission_20260710_004842_manual,MANUAL,,0,13.330328941345215,100.99793243408203,155.14293854366394,4,True,0.7009999752044678,1,0,0,-1,0,0.0,0.0,0.0,0,0,nan,nan,nan,94,26.299999237060547,0.0,31.0,0,28,-,SELECT OWNER FIRST,
2026-07-10T01:45:23.903,3401.904,mission_20260710_004842_manual,MANUAL,,0,13.330328941345215,100.99793243408203,155.13135454283162,4,True,0.6977499723434448,1,0,0,-1,0,0.0,0.0,0.0,0,0,nan,nan,nan,94,26.299999237060547,0.0,31.0,0,28,-,SELECT OWNER FIRST,
2026-07-10T01:45:25.904,3403.904,mission_20260710_004842_manual,MANUAL,,0,13.330327987670898,100.99793243408203,155.12252993842395,4,True,0.7002500295639038,1,0,0,-1,0,0.0,0.0,0.0,0,0,nan,nan,nan,94,26.299999237060547,0.0,31.0,0,28,-,SELECT OWNER FIRST,
2026-07-10T01:45:28.102,3406.102,mission_20260710_004842_manual,MANUAL,,0,13.330326080322266,100.99793243408203,155.10699808825134,4,True,0.6974999904632568,1,0,0,-1,0,0.0,0.0,0.0,0,0,nan,nan,nan,94,26.299999237060547,0.0,31.0,0,28,-,SELECT OWNER FIRST,
2026-07-10T01:45:30.107,3408.107,mission_20260710_004842_manual,MANUAL,,0,13.33032512664795,100.99793243408203,155.09508623833884,4,True,0.6970000267028809,1,0,0,-1,0,0.0,0.0,0.0,0,0,nan,nan,nan,94,26.299999237060547,0.0,31.0,0,28,-,SELECT OWNER FIRST,
2026-07-10T01:45:32.109,3410.11,mission_20260710_004842_manual,MANUAL,,0,13.330323219299316,100.99793243408203,155.0853190678257,4,True,0.6995000243186951,1,0,0,-1,0,0.0,0.0,0.0,0,0,nan,nan,nan,94,26.299999237060547,0.0,31.0,0,28,-,SELECT OWNER FIRST,
2026-07-10T01:45:34.110,3412.11,mission_20260710_004842_manual,MANUAL,,0,13.330322265625,100.99793243408203,155.10243552188578,4,True,0.6990000009536743,1,0,0,-1,0,0.0,0.0,0.0,0,0,nan,nan,nan,94,26.299999237060547,0.0,31.0,0,28,-,SELECT OWNER FIRST,
2026-07-10T01:45:36.118,3414.118,mission_20260710_004842_manual,MANUAL,,0,13.330321311950684,100.99793243408203,155.11649205119767,4,True,0.6992499828338623,1,0,0,-1,0,0.0,0.0,0.0,0,0,nan,nan,nan,94,26.299999237060547,0.0,31.0,0,28,-,SELECT OWNER FIRST,
2026-07-10T01:45:38.118,3416.118,mission_20260710_004842_manual,MANUAL,,0,13.330320358276367,100.99793243408203,155.10676586181955,4,True,0.6982499957084656,1,0,0,-1,0,0.0,0.0,0.0,0,0,nan,nan,nan,94,26.299999237060547,0.0,31.0,0,27,-,SELECT OWNER FIRST,
2026-07-10T01:45:40.302,3418.302,mission_20260710_004842_manual,MANUAL,,0,13.330320358276367,100.99793243408203,155.09825544611374,4,True,0.7007499933242798,1,0,0,-1,0,0.0,0.0,0.0,0,0,nan,nan,nan,94,26.299999237060547,0.0,31.0,0,28,-,SELECT OWNER FIRST,
2026-07-10T01:45:42.302,3420.303,mission_20260710_004842_manual,MANUAL,,0,13.330320358276367,100.99793243408203,155.08648019998463,4,True,0.6977499723434448,1,0,0,-1,0,0.0,0.0,0.0,0,0,nan,nan,nan,94,26.299999237060547,0.0,31.0,0,28,-,SELECT OWNER FIRST,
2026-07-10T01:45:44.302,3422.303,mission_20260710_004842_manual,MANUAL,,0,13.330320358276367,100.99793243408203,155.08153514302555,4,True,0.6987500190734863,1,0,0,-1,0,0.0,0.0,0.0,0,0,nan,nan,nan,94,26.299999237060547,0.0,31.0,0,27,-,SELECT OWNER FIRST,
2026-07-10T01:45:46.304,3424.304,mission_20260710_004842_manual,MANUAL,,0,13.330320358276367,100.99793243408203,155.08224548269922,4,True,0.6974999904632568,1,0,0,-1,0,0.0,0.0,0.0,0,0,nan,nan,nan,94,26.299999237060547,0.0,31.0,0,26,-,SELECT OWNER FIRST,
2026-07-10T01:45:48.308,3426.309,mission_20260710_004842_manual,MANUAL,,0,13.330320358276367,100.99793243408203,155.08826970954718,4,True,0.6977499723434448,1,0,0,-1,0,0.0,0.0,0.0,0,0,nan,nan,nan,94,26.299999237060547,0.0,31.0,0,27,-,SELECT OWNER FIRST,
2026-07-10T01:45:50.498,3428.498,mission_20260710_004842_manual,MANUAL,,0,13.33031940460205,100.99793243408203,155.08574253955427,4,True,0.6992499828338623,1,0,0,-1,0,0.0,0.0,0.0,0,0,nan,nan,nan,94,26.299999237060547,0.0,31.0,0,27,-,SELECT OWNER FIRST,
2026-07-10T01:45:52.699,3430.699,mission_20260710_004842_manual,MANUAL,,0,13.330318450927734,100.99794006347656,155.08556495463586,4,True,0.6967499852180481,1,0,0,-1,0,0.0,0.0,0.0,0,0,nan,nan,nan,94,26.299999237060547,0.0,31.0,0,27,-,SELECT OWNER FIRST,
2026-07-10T01:45:54.700,3432.7,mission_20260710_004842_manual,MANUAL,,0,13.330318450927734,100.99794006347656,155.08109801091865,4,True,0.6972500085830688,1,0,0,-1,0,0.0,0.0,0.0,0,0,nan,nan,nan,94,26.299999237060547,0.0,31.0,0,28,-,SELECT OWNER FIRST,
2026-07-10T01:45:56.703,3434.703,mission_20260710_004842_manual,MANUAL,,0,13.330317497253418,100.99794006347656,155.0804969542717,4,True,0.6984999775886536,1,0,0,-1,0,0.0,0.0,0.0,0,0,nan,nan,nan,94,26.299999237060547,0.0,31.0,0,29,-,SELECT OWNER FIRST,
2026-07-10T01:45:58.708,3436.709,mission_20260710_004842_manual,MANUAL,,0,13.330316543579102,100.99794006347656,155.08576986031093,4,True,0.7002500295639038,1,0,0,-1,0,0.0,0.0,0.0,0,0,nan,nan,nan,94,26.299999237060547,0.0,31.0,0,29,-,SELECT OWNER FIRST,
2026-07-10T01:46:00.894,3438.894,mission_20260710_004842_manual,MANUAL,,0,13.330316543579102,100.99794006347656,155.09699869130645,4,True,0.6990000009536743,1,0,0,-1,0,0.0,0.0,0.0,0,0,nan,nan,nan,94,26.299999237060547,0.0,31.0,0,29,-,SELECT OWNER FIRST,
2026-07-10T01:46:02.896,3440.896,mission_20260710_004842_manual,MANUAL,,0,13.330316543579102,100.99794006347656,155.10346005026128,4,True,0.6980000138282776,1,0,0,-1,0,0.0,0.0,0.0,0,0,nan,nan,nan,94,26.299999237060547,0.0,31.0,0,29,-,SELECT OWNER FIRST,
2026-07-10T01:46:05.095,3443.096,mission_20260710_004842_manual,MANUAL,,0,13.330316543579102,100.99794006347656,155.11217537164222,4,True,0.6974999904632568,1,0,0,-1,0,0.0,0.0,0.0,0,0,nan,nan,nan,94,26.299999237060547,0.0,31.0,0,29,-,SELECT OWNER FIRST,
2026-07-10T01:46:07.097,3445.097,mission_20260710_004842_manual,MANUAL,,0,13.330317497253418,100.99794006347656,155.1195383155675,4,True,0.6997500061988831,1,0,0,-1,0,0.0,0.0,0.0,0,0,nan,nan,nan,94,26.299999237060547,0.0,31.0,0,29,-,SELECT OWNER FIRST,
2026-07-10T01:46:09.100,3447.101,mission_20260710_004842_manual,MANUAL,,0,13.330317497253418,100.99794006347656,155.12477024047172,4,True,0.6990000009536743,1,0,0,-1,0,0.0,0.0,0.0,0,0,nan,nan,nan,94,26.299999237060547,0.0,31.0,0,29,-,SELECT OWNER FIRST,
2026-07-10T01:46:11.295,3449.295,mission_20260710_004842_manual,MANUAL,,0,13.330317497253418,100.99794006347656,155.13128624093991,4,True,0.6995000243186951,1,0,0,-1,0,0.0,0.0,0.0,0,0,nan,nan,nan,94,26.299999237060547,0.0,31.0,0,29,-,SELECT OWNER FIRST,
2026-07-10T01:46:13.301,3451.301,mission_20260710_004842_manual,MANUAL,,0,13.330318450927734,100.99794006347656,155.1424467700437,4,True,0.6997500061988831,1,0,0,-1,0,0.0,0.0,0.0,0,0,nan,nan,nan,94,26.299999237060547,0.0,31.0,0,29,-,SELECT OWNER FIRST,
2026-07-10T01:46:15.491,3453.492,mission_20260710_004842_manual,MANUAL,,0,13.330318450927734,100.99794006347656,155.15530118606168,4,True,0.6995000243186951,1,0,0,-1,0,0.0,0.0,0.0,0,0,nan,nan,nan,94,26.299999237060547,0.0,31.0,0,29,-,SELECT OWNER FIRST,
2026-07-10T01:46:17.600,3455.601,mission_20260710_004842_manual,MANUAL,,0,13.33031940460205,100.99794006347656,155.15326578968902,4,True,0.6984999775886536,1,0,0,-1,0,0.0,0.0,0.0,0,0,nan,nan,nan,94,26.299999237060547,0.0,31.0,0,29,-,SELECT OWNER FIRST,
2026-07-10T01:46:19.604,3457.604,mission_20260710_004842_manual,MANUAL,,0,13.33031940460205,100.99794006347656,155.1605057902092,4,True,0.6974999904632568,1,0,0,-1,0,0.0,0.0,0.0,0,0,nan,nan,nan,94,26.299999237060547,0.0,31.0,0,29,-,SELECT OWNER FIRST,
2026-07-10T01:46:21.610,3459.611,mission_20260710_004842_manual,MANUAL,,0,13.330320358276367,100.99794006347656,155.160054997724,4,True,0.6995000243186951,1,0,0,-1,0,0.0,0.0,0.0,0,0,nan,nan,nan,94,26.299999237060547,0.0,31.0,0,29,-,SELECT OWNER FIRST,
2026-07-10T01:46:23.619,3461.619,mission_20260710_004842_manual,MANUAL,,0,13.330320358276367,100.99794006347656,155.16368865836245,4,True,0.699999988079071,1,0,0,-1,0,0.0,0.0,0.0,0,0,nan,nan,nan,94,26.299999237060547,0.0,31.0,0,29,-,SELECT OWNER FIRST,
2026-07-10T01:46:25.802,3463.802,mission_20260710_004842_manual,MANUAL,,0,13.330321311950684,100.99794006347656,155.1628553752837,4,True,0.699999988079071,1,0,0,-1,0,0.0,0.0,0.0,0,0,nan,nan,nan,94,26.299999237060547,0.0,31.0,0,29,-,SELECT OWNER FIRST,
2026-07-10T01:46:27.803,3465.804,mission_20260710_004842_manual,MANUAL,,0,13.330322265625,100.99794006347656,155.16423507349606,4,True,0.6992499828338623,1,0,0,-1,0,0.0,0.0,0.0,0,0,nan,nan,nan,94,26.299999237060547,0.0,31.0,0,29,-,SELECT OWNER FIRST,
2026-07-10T01:46:29.812,3467.812,mission_20260710_004842_manual,MANUAL,,0,13.330323219299316,100.99794006347656,155.17278647033692,4,True,0.6995000243186951,1,0,0,-1,0,0.0,0.0,0.0,0,0,nan,nan,nan,94,26.299999237060547,0.0,31.0,0,29,-,SELECT OWNER FIRST,
2026-07-10T01:46:31.998,3469.998,mission_20260710_004842_manual,MANUAL,,0,13.330323219299316,100.99794006347656,155.17460330065612,4,True,0.6995000243186951,1,0,0,-1,0,0.0,0.0,0.0,0,0,nan,nan,nan,94,26.299999237060547,0.0,31.0,0,29,-,SELECT OWNER FIRST,
2026-07-10T01:46:34.203,3472.204,mission_20260710_004842_manual,MANUAL,,0,13.33032512664795,100.99794006347656,155.1762288856786,4,True,0.6987500190734863,1,0,0,-1,0,0.0,0.0,0.0,0,0,nan,nan,nan,94,26.299999237060547,0.0,31.0,0,29,-,SELECT OWNER FIRST,
2026-07-10T01:46:36.204,3474.205,mission_20260710_004842_manual,MANUAL,,0,13.33032512664795,100.99794006347656,155.17125650796282,4,True,0.7012500166893005,1,0,0,-1,0,0.0,0.0,0.0,0,0,nan,nan,nan,94,26.299999237060547,0.0,31.0,0,29,-,SELECT OWNER FIRST,
2026-07-10T01:46:38.206,3476.207,mission_20260710_004842_manual,MANUAL,,0,13.330326080322266,100.99794006347656,155.1629236771754,4,True,0.7014999985694885,1,0,0,-1,0,0.0,0.0,0.0,0,0,nan,nan,nan,94,26.299999237060547,0.0,31.0,0,29,-,SELECT OWNER FIRST,
2026-07-10T01:46:40.206,3478.207,mission_20260710_004842_manual,MANUAL,,0,13.330327033996582,100.99793243408203,155.16071069588432,4,True,0.6997500061988831,1,0,0,-1,0,0.0,0.0,0.0,0,0,nan,nan,nan,94,26.299999237060547,0.0,31.0,0,29,-,SELECT OWNER FIRST,
2026-07-10T01:46:42.208,3480.209,mission_20260710_004842_manual,MANUAL,,0,13.330327987670898,100.99793243408203,155.1543176388212,4,True,0.6965000033378601,1,0,0,-1,0,0.0,0.0,0.0,0,0,nan,nan,nan,94,26.299999237060547,0.0,31.0,0,29,-,SELECT OWNER FIRST,
2026-07-10T01:46:44.395,3482.396,mission_20260710_004842_manual,MANUAL,,0,13.330327987670898,100.99793243408203,155.14543839290016,4,True,0.6992499828338623,1,0,0,-1,0,0.0,0.0,0.0,0,0,nan,nan,nan,94,26.299999237060547,0.0,31.0,0,29,-,SELECT OWNER FIRST,
2026-07-10T01:46:46.597,3484.597,mission_20260710_004842_manual,MANUAL,,0,13.330329895019531,100.9979248046875,155.13142284472332,4,True,0.6972500085830688,1,0,0,-1,0,0.0,0.0,0.0,0,0,nan,nan,nan,94,26.299999237060547,0.0,31.0,0,29,-,SELECT OWNER FIRST,
2026-07-10T01:46:48.597,3486.598,mission_20260710_004842_manual,MANUAL,,0,13.330329895019531,100.9979248046875,155.13669575076256,4,True,0.7007499933242798,1,0,0,-1,0,0.0,0.0,0.0,0,0,nan,nan,nan,94,26.299999237060547,0.0,31.0,0,29,-,SELECT OWNER FIRST,
2026-07-10T01:46:50.600,3488.601,mission_20260710_004842_manual,MANUAL,,0,13.330329895019531,100.9979248046875,155.12836291997513,4,True,0.6977499723434448,1,0,0,-1,0,0.0,0.0,0.0,0,0,nan,nan,nan,94,26.299999237060547,0.0,31.0,0,29,-,SELECT OWNER FIRST,
2026-07-10T01:46:52.601,3490.601,mission_20260710_004842_manual,MANUAL,,0,13.330330848693848,100.9979248046875,155.1124758999657,4,True,0.6990000009536743,1,0,0,-1,0,0.0,0.0,0.0,0,0,nan,nan,nan,94,26.299999237060547,0.0,31.0,0,29,-,SELECT OWNER FIRST,
2026-07-10T01:46:54.604,3492.604,mission_20260710_004842_manual,MANUAL,,0,13.330330848693848,100.9979248046875,155.09968978583942,4,True,0.6995000243186951,1,0,0,-1,0,0.0,0.0,0.0,0,0,nan,nan,nan,94,26.299999237060547,0.0,31.0,0,29,-,SELECT OWNER FIRST,
2026-07-10T01:46:56.795,3494.796,mission_20260710_004842_manual,MANUAL,,0,13.330331802368164,100.9979248046875,155.087982841602,4,True,0.6990000009536743,1,0,0,-1,0,0.0,0.0,0.0,0,0,nan,nan,nan,94,26.299999237060547,0.0,31.0,0,29,-,SELECT OWNER FIRST,
2026-07-10T01:46:58.802,3496.803,mission_20260710_004842_manual,MANUAL,,0,13.330331802368164,100.99791717529297,155.07902163341097,4,True,0.7007499933242798,1,0,0,-1,0,0.0,0.0,0.0,0,0,nan,nan,nan,94,26.299999237060547,0.0,31.0,0,28,-,SELECT OWNER FIRST,
2026-07-10T01:47:00.993,3498.993,mission_20260710_004842_manual,MANUAL,,0,13.330329895019531,100.99791717529297,155.06758789674038,4,True,0.6995000243186951,1,0,0,-1,0,0.0,0.0,0.0,0,0,nan,nan,nan,94,26.299999237060547,0.0,31.0,0,28,-,SELECT OWNER FIRST,
2026-07-10T01:47:02.995,3500.995,mission_20260710_004842_manual,MANUAL,,0,13.330328941345215,100.99791717529297,155.06440502858715,4,True,0.6977499723434448,1,0,0,-1,0,0.0,0.0,0.0,0,0,nan,nan,nan,94,26.299999237060547,0.0,31.0,0,28,-,SELECT OWNER FIRST,
2026-07-10T01:47:04.999,3503.0,mission_20260710_004842_manual,MANUAL,,0,13.330327987670898,100.99791717529297,155.05089491440884,4,True,0.6970000267028809,1,0,0,-1,0,0.0,0.0,0.0,0,0,nan,nan,nan,94,26.299999237060547,0.0,31.0,0,27,-,SELECT OWNER FIRST,
2026-07-10T01:47:07.196,3505.197,mission_20260710_004842_manual,MANUAL,,0,13.33032512664795,100.99790954589844,155.0513183861374,4,True,0.6984999775886536,1,0,0,-1,0,0.0,0.0,0.0,0,0,nan,nan,nan,94,26.299999237060547,0.0,31.0,0,28,-,SELECT OWNER FIRST,
2026-07-10T01:47:09.198,3507.198,mission_20260710_004842_manual,MANUAL,,0,13.330321311950684,100.99790954589844,155.05327182024,4,True,0.6970000267028809,1,0,0,-1,0,0.0,0.0,0.0,0,0,nan,nan,nan,94,26.299999237060547,0.0,31.0,0,27,-,SELECT OWNER FIRST,
2026-07-10T01:47:11.200,3509.2,mission_20260710_004842_manual,MANUAL,,0,13.330318450927734,100.99790954589844,155.05552578266614,4,True,0.6972500085830688,1,0,0,-1,0,0.0,0.0,0.0,0,0,nan,nan,nan,94,26.299999237060547,0.0,31.0,0,29,-,SELECT OWNER FIRST,
2026-07-10T01:47:13.206,3511.206,mission_20260710_004842_manual,MANUAL,,0,13.330316543579102,100.99790954589844,155.04642797069167,4,True,0.6984999775886536,1,0,0,-1,0,0.0,0.0,0.0,0,0,nan,nan,nan,94,26.299999237060547,0.0,31.0,0,27,-,SELECT OWNER FIRST,
2026-07-10T01:47:15.390,3513.39,mission_20260710_004842_manual,MANUAL,,0,13.330313682556152,100.9979019165039,155.05287566926816,4,True,0.6987500190734863,1,0,0,-1,0,0.0,0.0,0.0,0,0,nan,nan,nan,94,26.299999237060547,0.0,31.0,0,28,-,SELECT OWNER FIRST,
2026-07-10T01:47:17.401,3515.401,mission_20260710_004842_manual,MANUAL,,0,13.330310821533203,100.9979019165039,155.0601566509234,4,True,0.699999988079071,1,0,0,-1,0,0.0,0.0,0.0,0,0,nan,nan,nan,94,26.299999237060547,0.0,31.0,0,28,-,SELECT OWNER FIRST,
2026-07-10T01:47:19.588,3517.588,mission_20260710_004842_manual,MANUAL,,0,13.330307960510254,100.9979019165039,155.05543016001775,4,True,0.6990000009536743,1,0,0,-1,0,0.0,0.0,0.0,0,0,nan,nan,nan,94,26.299999237060547,0.0,31.0,0,26,-,SELECT OWNER FIRST,
2026-07-10T01:47:21.588,3519.588,mission_20260710_004842_manual,MANUAL,,0,13.330306053161621,100.9979019165039,155.05376359386025,4,True,0.6987500190734863,1,0,0,-1,0,0.0,0.0,0.0,0,0,nan,nan,nan,94,26.299999237060547,0.0,31.0,0,26,-,SELECT OWNER FIRST,
2026-07-10T01:47:23.589,3521.589,mission_20260710_004842_manual,MANUAL,,0,13.330304145812988,100.9979019165039,155.05194676354105,4,True,0.6995000243186951,1,0,0,-1,0,0.0,0.0,0.0,0,0,nan,nan,nan,94,26.299999237060547,0.0,31.0,0,23,-,SELECT OWNER FIRST,
2026-07-10T01:47:25.596,3523.596,mission_20260710_004842_manual,MANUAL,,0,13.330302238464355,100.9979019165039,155.04922834825138,4,True,0.699999988079071,1,0,0,-1,0,0.0,0.0,0.0,0,0,nan,nan,nan,94,26.299999237060547,0.0,31.0,0,24,-,SELECT OWNER FIRST,
2026-07-10T01:47:27.789,3525.79,mission_20260710_004842_manual,MANUAL,,0,13.330300331115723,100.9979019165039,155.04372321578035,4,True,0.6980000138282776,1,0,0,-1,0,0.0,0.0,0.0,0,0,nan,nan,nan,94,26.299999237060547,0.0,31.0,0,26,-,SELECT OWNER FIRST,
2026-07-10T01:47:29.790,3527.791,mission_20260710_004842_manual,MANUAL,,0,13.33029842376709,100.99789428710938,155.04030812119532,4,True,0.6977499723434448,1,0,0,-1,0,0.0,0.0,0.0,0,0,nan,nan,nan,94,26.299999237060547,0.0,31.0,0,27,-,SELECT OWNER FIRST,
2026-07-10T01:47:31.790,3529.791,mission_20260710_004842_manual,MANUAL,,0,13.330296516418457,100.99789428710938,155.03529476234453,4,True,0.6995000243186951,1,0,0,-1,0,0.0,0.0,0.0,0,0,nan,nan,nan,94,26.299999237060547,0.0,31.0,0,23,-,SELECT OWNER FIRST,
2026-07-10T01:47:33.793,3531.794,mission_20260710_004842_manual,MANUAL,,0,13.33029556274414,100.99789428710938,155.041701479786,4,True,0.7002500295639038,1,0,0,-1,0,0.0,0.0,0.0,0,0,nan,nan,nan,94,26.299999237060547,0.0,31.0,0,25,-,SELECT OWNER FIRST,
2026-07-10T01:47:35.794,3533.795,mission_20260710_004842_manual,MANUAL,,0,13.33029556274414,100.99789428710938,155.0434363478352,4,True,0.699999988079071,1,0,0,-1,0,0.0,0.0,0.0,0,0,nan,nan,nan,94,26.299999237060547,0.0,31.0,0,24,-,SELECT OWNER FIRST,
2026-07-10T01:47:37.983,3535.983,mission_20260710_004842_manual,MANUAL,,0,13.330294609069824,100.99789428710938,155.0571513676886,4,True,0.6970000267028809,1,0,0,-1,0,0.0,0.0,0.0,0,0,nan,nan,nan,94,26.299999237060547,0.0,31.0,0,25,-,SELECT OWNER FIRST,
2026-07-10T01:47:39.985,3537.985,mission_20260710_004842_manual,MANUAL,,0,13.330293655395508,100.99789428710938,155.05817589606409,4,True,0.6977499723434448,1,0,0,-1,0,0.0,0.0,0.0,0,0,nan,nan,nan,94,26.299999237060547,0.0,31.0,0,24,-,SELECT OWNER FIRST,
2026-07-10T01:47:42.190,3540.191,mission_20260710_004842_manual,MANUAL,,0,13.330293655395508,100.99789428710938,155.05745189601208,4,True,0.6982499957084656,1,0,0,-1,0,0.0,0.0,0.0,0,0,nan,nan,nan,94,26.299999237060547,0.0,31.0,0,23,-,SELECT OWNER FIRST,
2026-07-10T01:47:44.192,3542.193,mission_20260710_004842_manual,MANUAL,,0,13.330293655395508,100.99789428710938,155.0639132549669,4,True,0.6980000138282776,1,0,0,-1,0,0.0,0.0,0.0,0,0,nan,nan,nan,94,26.299999237060547,0.0,31.0,0,24,-,SELECT OWNER FIRST,
2026-07-10T01:47:46.194,3544.195,mission_20260710_004842_manual,MANUAL,,0,13.330293655395508,100.99789428710938,155.07898065227596,4,True,0.6987500190734863,1,0,0,-1,0,0.0,0.0,0.0,0,0,nan,nan,nan,94,26.299999237060547,0.0,31.0,0,24,-,SELECT OWNER FIRST,
2026-07-10T01:47:48.196,3546.196,mission_20260710_004842_manual,MANUAL,,0,13.330292701721191,100.99789428710938,155.07732774649682,4,True,0.6992499828338623,1,0,0,-1,0,0.0,0.0,0.0,0,0,nan,nan,nan,94,26.299999237060547,0.0,31.0,0,24,-,SELECT OWNER FIRST,
2026-07-10T01:47:50.199,3548.199,mission_20260710_004842_manual,MANUAL,,0,13.330292701721191,100.99789428710938,155.07948608627453,4,True,0.6995000243186951,1,0,0,-1,0,0.0,0.0,0.0,0,0,nan,nan,nan,94,26.299999237060547,0.0,31.0,0,24,-,SELECT OWNER FIRST,
2026-07-10T01:47:52.383,3550.383,mission_20260710_004842_manual,MANUAL,,0,13.330292701721191,100.99789428710938,155.08354321864152,4,True,0.6982499957084656,1,0,0,-1,0,0.0,0.0,0.0,0,0,nan,nan,nan,94,26.299999237060547,0.0,31.0,0,25,-,SELECT OWNER FIRST,
2026-07-10T01:47:54.384,3552.384,mission_20260710_004842_manual,MANUAL,,0,13.330293655395508,100.99789428710938,155.09488133266373,4,True,0.6967499852180481,1,0,0,-1,0,0.0,0.0,0.0,0,0,nan,nan,nan,94,26.299999237060547,0.0,31.0,0,26,-,SELECT OWNER FIRST,
2026-07-10T01:47:56.582,3554.583,mission_20260710_004842_manual,MANUAL,,0,13.330294609069824,100.99789428710938,155.1170521267096,4,True,0.6995000243186951,1,0,0,-1,0,0.0,0.0,0.0,0,0,nan,nan,nan,94,26.299999237060547,0.0,31.0,0,26,-,SELECT OWNER FIRST,
2026-07-10T01:47:58.583,3556.584,mission_20260710_004842_manual,MANUAL,,0,13.33029556274414,100.99789428710938,155.11393756044808,4,True,0.6967499852180481,1,0,0,-1,0,0.0,0.0,0.0,0,0,nan,nan,nan,94,26.299999237060547,0.0,31.0,0,26,-,SELECT OWNER FIRST,
2026-07-10T01:48:00.585,3558.585,mission_20260710_004842_manual,MANUAL,,0,13.330296516418457,100.9979019165039,155.11856842870534,4,True,0.6982499957084656,1,0,0,-1,0,0.0,0.0,0.0,0,0,nan,nan,nan,94,26.299999237060547,0.0,31.0,0,26,-,SELECT OWNER FIRST,
2026-07-10T01:48:02.588,3560.588,mission_20260710_004842_manual,MANUAL,,0,13.330297470092773,100.9979019165039,155.11686088141283,4,True,0.6952499747276306,1,0,0,-1,0,0.0,0.0,0.0,0,0,nan,nan,nan,94,26.299999237060547,0.0,31.0,0,25,-,SELECT OWNER FIRST,
2026-07-10T01:48:04.780,3562.78,mission_20260710_004842_manual,MANUAL,,0,13.33029842376709,100.9979019165039,155.12961967478242,4,True,0.7002500295639038,1,0,0,-1,0,0.0,0.0,0.0,0,0,nan,nan,nan,94,26.299999237060547,0.0,31.0,0,26,-,SELECT OWNER FIRST,
2026-07-10T01:48:06.978,3564.978,mission_20260710_004842_manual,MANUAL,,0,13.33029842376709,100.9979019165039,155.12747499538304,4,True,0.6984999775886536,1,0,0,-1,0,0.0,0.0,0.0,0,0,nan,nan,nan,94,26.299999237060547,0.0,31.0,0,26,-,SELECT OWNER FIRST,
2026-07-10T01:48:08.980,3566.98,mission_20260710_004842_manual,MANUAL,,0,13.330299377441406,100.9979019165039,155.13877212827023,4,True,0.7002500295639038,1,0,0,-1,0,0.0,0.0,0.0,0,0,nan,nan,nan,94,26.299999237060547,0.0,31.0,0,26,-,SELECT OWNER FIRST,
2026-07-10T01:48:10.981,3568.982,mission_20260710_004842_manual,MANUAL,,0,13.330299377441406,100.9979019165039,155.14624435522222,4,True,0.7002500295639038,1,0,0,-1,0,0.0,0.0,0.0,0,0,nan,nan,nan,94,26.299999237060547,0.0,31.0,0,26,-,SELECT OWNER FIRST,
2026-07-10T01:48:13.184,3571.185,mission_20260710_004842_manual,MANUAL,,0,13.33029842376709,100.9979019165039,155.16754088505434,4,True,0.7005000114440918,1,0,0,-1,0,0.0,0.0,0.0,0,0,nan,nan,nan,94,26.299999237060547,0.0,31.0,0,26,-,SELECT OWNER FIRST,
2026-07-10T01:48:15.190,3573.19,mission_20260710_004842_manual,MANUAL,,0,13.33029842376709,100.9979019165039,155.17570979130167,4,True,0.6995000243186951,1,0,0,-1,0,0.0,0.0,0.0,0,0,nan,nan,nan,94,26.299999237060547,0.0,31.0,0,26,-,SELECT OWNER FIRST,
2026-07-10T01:48:17.376,3575.376,mission_20260710_004842_manual,MANUAL,,0,13.330299377441406,100.9979019165039,155.17269084768853,4,True,0.6972500085830688,1,0,0,-1,0,0.0,0.0,0.0,0,0,nan,nan,nan,94,26.299999237060547,0.0,31.0,0,27,-,SELECT OWNER FIRST,
2026-07-10T01:48:19.386,3577.387,mission_20260710_004842_manual,MANUAL,,0,13.330299377441406,100.9979019165039,155.17917952740004,4,True,0.6982499957084656,1,0,0,-1,0,0.0,0.0,0.0,0,0,nan,nan,nan,94,26.299999237060547,0.0,31.0,0,26,-,SELECT OWNER FIRST,
2026-07-10T01:48:21.575,3579.575,mission_20260710_004842_manual,MANUAL,,0,13.330299377441406,100.99790954589844,155.18117394263768,4,True,0.7005000114440918,1,0,0,-1,0,0.0,0.0,0.0,0,0,nan,nan,nan,94,26.299999237060547,0.0,31.0,0,28,-,SELECT OWNER FIRST,
2026-07-10T01:48:23.581,3581.582,mission_20260710_004842_manual,MANUAL,,0,13.330299377441406,100.99790954589844,155.18881009412976,4,True,0.6987500190734863,1,0,0,-1,0,0.0,0.0,0.0,0,0,nan,nan,nan,94,26.299999237060547,0.0,31.0,0,27,-,SELECT OWNER FIRST,
2026-07-10T01:48:25.775,3583.775,mission_20260710_004842_manual,MANUAL,,0,13.330300331115723,100.99790954589844,155.19999794399024,4,True,0.6984999775886536,1,0,0,-1,0,0.0,0.0,0.0,0,0,nan,nan,nan,94,26.299999237060547,0.0,31.0,0,28,-,SELECT OWNER FIRST,
2026-07-10T01:48:27.785,3585.786,mission_20260710_004842_manual,MANUAL,,0,13.33029842376709,100.99790954589844,155.19296284914512,4,True,0.699999988079071,1,0,0,-1,0,0.0,0.0,0.0,0,0,nan,nan,nan,94,26.299999237060547,0.0,31.0,0,27,-,SELECT OWNER FIRST,
2026-07-10T01:48:29.972,3587.973,mission_20260710_004842_manual,MANUAL,,0,13.330299377441406,100.99790954589844,155.19202028303965,4,True,0.6997500061988831,1,0,0,-1,0,0.0,0.0,0.0,0,0,nan,nan,nan,94,26.299999237060547,0.0,31.0,0,26,-,SELECT OWNER FIRST,
2026-07-10T01:48:31.975,3589.975,mission_20260710_004842_manual,MANUAL,,0,13.330300331115723,100.99790954589844,155.1941786228174,4,True,0.6977499723434448,1,0,0,-1,0,0.0,0.0,0.0,0,0,nan,nan,nan,94,26.299999237060547,0.0,31.0,0,26,-,SELECT OWNER FIRST,
2026-07-10T01:48:34.179,3592.179,mission_20260710_004842_manual,MANUAL,,0,13.330302238464355,100.99790954589844,155.20712866148372,4,True,0.6982499957084656,1,0,0,-1,0,0.0,0.0,0.0,0,0,nan,nan,nan,94,26.299999237060547,0.0,31.0,0,24,-,SELECT OWNER FIRST,
2026-07-10T01:48:36.180,3594.18,mission_20260710_004842_manual,MANUAL,,0,13.330301284790039,100.99790954589844,155.2214447379841,4,True,0.6990000009536743,1,0,0,-1,0,0.0,0.0,0.0,0,0,nan,nan,nan,94,26.299999237060547,0.0,31.0,0,27,-,SELECT OWNER FIRST,
2026-07-10T01:48:38.184,3596.185,mission_20260710_004842_manual,MANUAL,,0,13.330301284790039,100.99790954589844,155.23028300277008,4,True,0.6970000267028809,1,0,0,-1,0,0.0,0.0,0.0,0,0,nan,nan,nan,94,26.299999237060547,0.0,31.0,0,26,-,SELECT OWNER FIRST,
2026-07-10T01:48:40.371,3598.372,mission_20260710_004842_manual,MANUAL,,0,13.330302238464355,100.99790954589844,155.22219605879278,4,True,0.6997500061988831,1,0,0,-1,0,0.0,0.0,0.0,0,0,nan,nan,nan,94,26.299999237060547,0.0,31.0,0,26,-,SELECT OWNER FIRST,
2026-07-10T01:48:42.175,3600.175,mission_20260710_004842_manual,MANUAL,MANUAL_ROTATE,0,13.330303192138672,100.99790954589844,155.22354843624845,4,True,0.6974999904632568,1,0,0,-1,0,0.0,0.0,0.0,0,0,nan,nan,nan,94,26.299999237060547,0.0,31.0,0,27,-,SELECT OWNER FIRST,
