iso_time,elapsed_s,mission_id,run_mode,event,hw_mode,lat,lng,yaw_deg,gps_fix,gps_ready,lidar_min_front_m,lidar_obstacle,pwm_l,pwm_r,enc_l,enc_r,wheel_speed_l_kph,wheel_speed_r_kph,wheel_speed_avg_kph,wp_idx,path_len,target_lat,target_lng,dist_to_target_m,battery_soc_pct,battery_voltage_v,battery_current_a,battery_temp_c,battery_status,num_sats,segment,follow_status,follow_debug
2026-07-16T16:13:33.290,0.291,mission_20260716_161333_manual,MANUAL,MISSION_START,0,13.329319953918457,100.99785614013672,17.5085718052078,4,True,-1.0,1,0,0,121818,172609,0.0,0.0,0.0,0,0,nan,nan,nan,89,26.100000381469727,-1.2999999523162842,34.0,0,31,-,READY owner=Surnn refs=24,"{""cmd"": ""STOP"", ""status"": ""READY"", ""detector"": ""yolo"", ""state"": ""IDLE"", ""owner"": ""Surnn"", ""score"": null, ""match_max"": 0.5, ""refs"": 24, ""match_mode"": ""none"", ""steer_zones"": 41, ""people"": 0, ""track_id"": null, ""target_ex"": 0.0, ""target_cx_vel_px_s"": 0.0, ""target_age_s"": null, ""lidar_min_m"": null, ""target_lidar_m"": null, ""target_lidar_deg"": null, ""camera_range_m"
2026-07-16T16:13:35.300,2.301,mission_20260716_161333_manual,MANUAL,,0,13.329319953918457,100.99785614013672,17.689513761605195,3,True,-1.0,1,0,0,121818,172609,0.0,0.0,0.0,0,0,nan,nan,nan,89,26.100000381469727,-1.2000000476837158,34.0,0,31,-,READY owner=Surnn refs=24,"{""cmd"": ""STOP"", ""status"": ""READY"", ""detector"": ""yolo"", ""state"": ""IDLE"", ""owner"": ""Surnn"", ""score"": null, ""match_max"": 0.5, ""refs"": 24, ""match_mode"": ""none"", ""steer_zones"": 41, ""people"": 0, ""track_id"": null, ""target_ex"": 0.0, ""target_cx_vel_px_s"": 0.0, ""target_age_s"": null, ""lidar_min_m"": null, ""target_lidar_m"": null, ""target_lidar_deg"": null, ""camera_range_m"
2026-07-16T16:13:37.305,4.306,mission_20260716_161333_manual,MANUAL,,0,13.329319953918457,100.99785614013672,17.85688242457448,3,True,-1.0,1,0,0,121818,172609,0.0,0.0,0.0,0,0,nan,nan,nan,89,26.100000381469727,-1.2999999523162842,34.0,0,31,-,READY owner=Surnn refs=24,"{""cmd"": ""STOP"", ""status"": ""READY"", ""detector"": ""yolo"", ""state"": ""IDLE"", ""owner"": ""Surnn"", ""score"": null, ""match_max"": 0.5, ""refs"": 24, ""match_mode"": ""none"", ""steer_zones"": 41, ""people"": 0, ""track_id"": null, ""target_ex"": 0.0, ""target_cx_vel_px_s"": 0.0, ""target_age_s"": null, ""lidar_min_m"": null, ""target_lidar_m"": null, ""target_lidar_deg"": null, ""camera_range_m"
2026-07-16T16:13:39.310,6.311,mission_20260716_161333_manual,MANUAL,,0,13.329319953918457,100.99785614013672,18.022314728914065,3,True,-1.0,1,0,0,121818,172609,0.0,0.0,0.0,0,0,nan,nan,nan,89,26.100000381469727,-1.5,34.0,0,31,-,READY owner=Surnn refs=24,"{""cmd"": ""STOP"", ""status"": ""READY"", ""detector"": ""yolo"", ""state"": ""IDLE"", ""owner"": ""Surnn"", ""score"": null, ""match_max"": 0.5, ""refs"": 24, ""match_mode"": ""none"", ""steer_zones"": 41, ""people"": 0, ""track_id"": null, ""target_ex"": 0.0, ""target_cx_vel_px_s"": 0.0, ""target_age_s"": null, ""lidar_min_m"": null, ""target_lidar_m"": null, ""target_lidar_deg"": null, ""camera_range_m"
2026-07-16T16:13:41.310,8.311,mission_20260716_161333_manual,MANUAL,,0,13.329319953918457,100.99785614013672,18.1617701162928,3,True,-1.0,1,0,0,121818,172609,0.0,0.0,0.0,0,0,nan,nan,nan,89,26.200000762939453,-1.2999999523162842,34.0,0,31,-,READY owner=Surnn refs=24,"{""cmd"": ""STOP"", ""status"": ""READY"", ""detector"": ""yolo"", ""state"": ""IDLE"", ""owner"": ""Surnn"", ""score"": null, ""match_max"": 0.5, ""refs"": 24, ""match_mode"": ""none"", ""steer_zones"": 41, ""people"": 0, ""track_id"": null, ""target_ex"": 0.0, ""target_cx_vel_px_s"": 0.0, ""target_age_s"": null, ""lidar_min_m"": null, ""target_lidar_m"": null, ""target_lidar_deg"": null, ""camera_range_m"
2026-07-16T16:13:43.310,10.311,mission_20260716_161333_manual,MANUAL,,0,13.329320907592773,100.99785614013672,18.271089001506148,3,True,-1.0,1,0,0,121818,172609,0.0,0.0,0.0,0,0,nan,nan,nan,89,26.200000762939453,-1.2999999523162842,34.0,0,31,-,READY owner=Surnn refs=24,"{""cmd"": ""STOP"", ""status"": ""READY"", ""detector"": ""yolo"", ""state"": ""IDLE"", ""owner"": ""Surnn"", ""score"": null, ""match_max"": 0.5, ""refs"": 24, ""match_mode"": ""none"", ""steer_zones"": 41, ""people"": 0, ""track_id"": null, ""target_ex"": 0.0, ""target_cx_vel_px_s"": 0.0, ""target_age_s"": null, ""lidar_min_m"": null, ""target_lidar_m"": null, ""target_lidar_deg"": null, ""camera_range_m"
2026-07-16T16:13:45.311,12.311,mission_20260716_161333_manual,MANUAL,,0,13.329318046569824,100.99785614013672,19.34818422040777,3,True,-1.0,0,-146,144,121585,172366,0.0,0.5219999849796295,0.2591999888420105,0,0,nan,nan,nan,89,26.100000381469727,-13.100000381469727,34.0,0,31,-,READY owner=Surnn refs=24,"{""cmd"": ""STOP"", ""status"": ""READY"", ""detector"": ""yolo"", ""state"": ""IDLE"", ""owner"": ""Surnn"", ""score"": null, ""match_max"": 0.5, ""refs"": 24, ""match_mode"": ""none"", ""steer_zones"": 41, ""people"": 0, ""track_id"": null, ""target_ex"": 0.0, ""target_cx_vel_px_s"": 0.0, ""target_age_s"": null, ""lidar_min_m"": null, ""target_lidar_m"": null, ""target_lidar_deg"": null, ""camera_range_m"
2026-07-16T16:13:47.315,14.315,mission_20260716_161333_manual,MANUAL,,0,13.329329490661621,100.99786376953125,18.083784723896887,3,True,-1.0,0,-168,168,122923,173786,3.671999931335449,3.7835999965667724,3.7259998798370364,0,0,nan,nan,nan,89,25.899999618530273,-17.399999618530273,34.0,0,31,-,READY owner=Surnn refs=24,"{""cmd"": ""STOP"", ""status"": ""READY"", ""detector"": ""yolo"", ""state"": ""IDLE"", ""owner"": ""Surnn"", ""score"": null, ""match_max"": 0.5, ""refs"": 24, ""match_mode"": ""none"", ""steer_zones"": 41, ""people"": 0, ""track_id"": null, ""target_ex"": 0.0, ""target_cx_vel_px_s"": 0.0, ""target_age_s"": null, ""lidar_min_m"": null, ""target_lidar_m"": null, ""target_lidar_deg"": null, ""camera_range_m"
2026-07-16T16:13:49.315,16.315,mission_20260716_161333_manual,MANUAL,,0,13.329347610473633,100.99786376953125,45.4378846799286,3,True,-1.0,0,-191,192,125256,175431,2.8116000652313233,2.455199933052063,2.631600022315979,0,0,nan,nan,nan,89,26.0,-18.899999618530273,34.0,0,31,-,READY owner=Surnn refs=24,"{""cmd"": ""STOP"", ""status"": ""READY"", ""detector"": ""yolo"", ""state"": ""IDLE"", ""owner"": ""Surnn"", ""score"": null, ""match_max"": 0.5, ""refs"": 24, ""match_mode"": ""none"", ""steer_zones"": 41, ""people"": 0, ""track_id"": null, ""target_ex"": 0.0, ""target_cx_vel_px_s"": 0.0, ""target_age_s"": null, ""lidar_min_m"": null, ""target_lidar_m"": null, ""target_lidar_deg"": null, ""camera_range_m"
2026-07-16T16:13:51.315,18.315,mission_20260716_161333_manual,MANUAL,,0,13.329364776611328,100.99787902832031,48.55025162054167,3,True,-1.0,0,32,255,126899,177861,0.0,4.874399900436401,2.4371999502182007,0,0,nan,nan,nan,89,26.0,-12.0,34.0,0,31,-,READY owner=Surnn refs=24,"{""cmd"": ""STOP"", ""status"": ""READY"", ""detector"": ""yolo"", ""state"": ""IDLE"", ""owner"": ""Surnn"", ""score"": null, ""match_max"": 0.5, ""refs"": 24, ""match_mode"": ""none"", ""steer_zones"": 41, ""people"": 0, ""track_id"": null, ""target_ex"": 0.0, ""target_cx_vel_px_s"": 0.0, ""target_age_s"": null, ""lidar_min_m"": 2.61, ""target_lidar_m"": null, ""target_lidar_deg"": null, ""camera_range_m"
2026-07-16T16:13:53.320,20.32,mission_20260716_161333_manual,MANUAL,,0,13.329375267028809,100.99789428710938,50.281615782680696,3,True,-1.0,0,-156,128,128517,179491,3.067199993133545,3.614399814605713,3.340799903869629,0,0,nan,nan,nan,89,26.0,-24.799999237060547,34.0,0,31,-,READY owner=Surnn refs=24,"{""cmd"": ""STOP"", ""status"": ""READY"", ""detector"": ""yolo"", ""state"": ""IDLE"", ""owner"": ""Surnn"", ""score"": null, ""match_max"": 0.5, ""refs"": 24, ""match_mode"": ""none"", ""steer_zones"": 41, ""people"": 0, ""track_id"": null, ""target_ex"": 0.0, ""target_cx_vel_px_s"": 0.0, ""target_age_s"": null, ""lidar_min_m"": 3.38, ""target_lidar_m"": null, ""target_lidar_deg"": null, ""camera_range_m"
2026-07-16T16:13:55.325,22.325,mission_20260716_161333_manual,MANUAL,,0,13.329388618469238,100.99790954589844,46.03157838296445,3,True,-1.0,0,-47,46,130496,181580,2.2284000635147097,3.110400080680847,2.667599987983704,0,0,nan,nan,nan,89,26.100000381469727,-6.699999809265137,34.0,0,31,-,READY owner=Surnn refs=24,"{""cmd"": ""STOP"", ""status"": ""READY"", ""detector"": ""yolo"", ""state"": ""IDLE"", ""owner"": ""Surnn"", ""score"": null, ""match_max"": 0.5, ""refs"": 24, ""match_mode"": ""none"", ""steer_zones"": 41, ""people"": 0, ""track_id"": null, ""target_ex"": 0.0, ""target_cx_vel_px_s"": 0.0, ""target_age_s"": null, ""lidar_min_m"": null, ""target_lidar_m"": null, ""target_lidar_deg"": null, ""camera_range_m"
2026-07-16T16:13:57.325,24.326,mission_20260716_161333_manual,MANUAL,,0,13.329397201538086,100.99790954589844,44.09190028132921,3,True,-1.0,0,-125,96,131662,182802,2.8440000772476197,2.9375999450683596,2.890799903869629,0,0,nan,nan,nan,89,26.0,-12.800000190734863,34.0,0,31,-,READY owner=Surnn refs=24,"{""cmd"": ""STOP"", ""status"": ""READY"", ""detector"": ""yolo"", ""state"": ""IDLE"", ""owner"": ""Surnn"", ""score"": null, ""match_max"": 0.5, ""refs"": 24, ""match_mode"": ""none"", ""steer_zones"": 41, ""people"": 0, ""track_id"": null, ""target_ex"": 0.0, ""target_cx_vel_px_s"": 0.0, ""target_age_s"": null, ""lidar_min_m"": null, ""target_lidar_m"": null, ""target_lidar_deg"": null, ""camera_range_m"
2026-07-16T16:13:59.330,26.33,mission_20260716_161333_manual,MANUAL,,0,13.3294095993042,100.9979248046875,41.10126780229327,3,True,-1.0,0,-129,126,133230,184789,2.768399977684021,3.312000060081482,3.0420001029968264,0,0,nan,nan,nan,89,26.0,-13.5,34.0,0,31,-,READY owner=Surnn refs=24,"{""cmd"": ""STOP"", ""status"": ""READY"", ""detector"": ""yolo"", ""state"": ""IDLE"", ""owner"": ""Surnn"", ""score"": null, ""match_max"": 0.5, ""refs"": 24, ""match_mode"": ""none"", ""steer_zones"": 41, ""people"": 0, ""track_id"": null, ""target_ex"": 0.0, ""target_cx_vel_px_s"": 0.0, ""target_age_s"": null, ""lidar_min_m"": 4.7, ""target_lidar_m"": null, ""target_lidar_deg"": null, ""camera_range_m"""
2026-07-16T16:14:01.330,28.33,mission_20260716_161333_manual,MANUAL,,0,13.329423904418945,100.99793243408203,42.623781855086236,3,True,-1.0,0,-27,26,134828,186563,1.9187999725341798,1.731600022315979,1.82520010471344,0,0,nan,nan,nan,89,26.100000381469727,-15.800000190734863,34.0,0,31,-,READY owner=Surnn refs=24,"{""cmd"": ""STOP"", ""status"": ""READY"", ""detector"": ""yolo"", ""state"": ""IDLE"", ""owner"": ""Surnn"", ""score"": null, ""match_max"": 0.5, ""refs"": 24, ""match_mode"": ""none"", ""steer_zones"": 41, ""people"": 0, ""track_id"": null, ""target_ex"": 0.0, ""target_cx_vel_px_s"": 0.0, ""target_age_s"": null, ""lidar_min_m"": 3.94, ""target_lidar_m"": null, ""target_lidar_deg"": null, ""camera_range_m"
2026-07-16T16:14:03.335,30.335,mission_20260716_161333_manual,MANUAL,,0,13.329429626464844,100.99794006347656,41.69983826039651,3,True,-1.0,0,-23,21,135673,187420,2.692800092697144,2.750399994850159,2.7215999364852905,0,0,nan,nan,nan,89,25.899999618530273,-15.0,34.0,0,31,-,READY owner=Surnn refs=24,"{""cmd"": ""STOP"", ""status"": ""READY"", ""detector"": ""yolo"", ""state"": ""IDLE"", ""owner"": ""Surnn"", ""score"": null, ""match_max"": 0.5, ""refs"": 24, ""match_mode"": ""none"", ""steer_zones"": 41, ""people"": 0, ""track_id"": null, ""target_ex"": 0.0, ""target_cx_vel_px_s"": 0.0, ""target_age_s"": null, ""lidar_min_m"": 3.74, ""target_lidar_m"": null, ""target_lidar_deg"": null, ""camera_range_m"
2026-07-16T16:14:05.335,32.335,mission_20260716_161333_manual,MANUAL,,0,13.329436302185059,100.9979476928711,38.40746168420775,3,True,-1.0,0,-22,0,136449,188300,2.2968000411987304,2.5235999107360843,2.408400106430054,0,0,nan,nan,nan,89,26.0,-18.799999237060547,34.0,0,31,-,READY owner=Surnn refs=24,"{""cmd"": ""STOP"", ""status"": ""READY"", ""detector"": ""yolo"", ""state"": ""IDLE"", ""owner"": ""Surnn"", ""score"": null, ""match_max"": 0.5, ""refs"": 24, ""match_mode"": ""none"", ""steer_zones"": 41, ""people"": 0, ""track_id"": null, ""target_ex"": 0.0, ""target_cx_vel_px_s"": 0.0, ""target_age_s"": null, ""lidar_min_m"": 3.07, ""target_lidar_m"": null, ""target_lidar_deg"": null, ""camera_range_m"
2026-07-16T16:14:07.335,34.335,mission_20260716_161333_manual,MANUAL,,0,13.329437255859375,100.9979476928711,46.49418368035483,3,True,-1.0,0,238,146,136498,187922,0.0,-2.9411998987197876,-1.4687999725341798,0,0,nan,nan,nan,89,25.899999618530273,-8.600000381469727,34.0,0,31,-,READY owner=Surnn refs=24,"{""cmd"": ""STOP"", ""status"": ""READY"", ""detector"": ""yolo"", ""state"": ""IDLE"", ""owner"": ""Surnn"", ""score"": null, ""match_max"": 0.5, ""refs"": 24, ""match_mode"": ""none"", ""steer_zones"": 41, ""people"": 0, ""track_id"": null, ""target_ex"": 0.0, ""target_cx_vel_px_s"": 0.0, ""target_age_s"": null, ""lidar_min_m"": 1.58, ""target_lidar_m"": null, ""target_lidar_deg"": null, ""camera_range_m"
2026-07-16T16:14:09.335,36.335,mission_20260716_161333_manual,MANUAL,,0,13.329435348510742,100.9979476928711,64.19837551848637,3,True,-1.0,0,245,202,136547,187275,0.0,-1.411199963092804,-0.705599981546402,0,0,nan,nan,nan,89,25.700000762939453,-10.199999809265137,34.0,0,31,-,READY owner=Surnn refs=24,"{""cmd"": ""STOP"", ""status"": ""READY"", ""detector"": ""yolo"", ""state"": ""IDLE"", ""owner"": ""Surnn"", ""score"": null, ""match_max"": 0.5, ""refs"": 24, ""match_mode"": ""none"", ""steer_zones"": 41, ""people"": 0, ""track_id"": null, ""target_ex"": 0.0, ""target_cx_vel_px_s"": 0.0, ""target_age_s"": null, ""lidar_min_m"": 3.2, ""target_lidar_m"": null, ""target_lidar_deg"": null, ""camera_range_m"""
2026-07-16T16:14:11.340,38.34,mission_20260716_161333_manual,MANUAL,,0,13.329436302185059,100.9979476928711,62.97246584549581,3,True,-1.0,0,-81,81,136640,187325,0.0,0.3959999978542328,0.1979999989271164,0,0,nan,nan,nan,89,25.899999618530273,-10.300000190734863,34.0,0,30,-,READY owner=Surnn refs=24,"{""cmd"": ""STOP"", ""status"": ""READY"", ""detector"": ""yolo"", ""state"": ""IDLE"", ""owner"": ""Surnn"", ""score"": null, ""match_max"": 0.5, ""refs"": 24, ""match_mode"": ""none"", ""steer_zones"": 41, ""people"": 0, ""track_id"": null, ""target_ex"": 0.0, ""target_cx_vel_px_s"": 0.0, ""target_age_s"": null, ""lidar_min_m"": 1.02, ""target_lidar_m"": null, ""target_lidar_deg"": null, ""camera_range_m"
2026-07-16T16:14:13.345,40.345,mission_20260716_161333_manual,MANUAL,,0,13.329436302185059,100.9979476928711,61.733565152703875,3,True,-1.0,1,-30,29,136753,187444,0.0,0.43199999034404757,0.21599999517202378,0,0,nan,nan,nan,89,26.0,-3.200000047683716,34.0,0,30,-,READY owner=Surnn refs=24,"{""cmd"": ""STOP"", ""status"": ""READY"", ""detector"": ""yolo"", ""state"": ""IDLE"", ""owner"": ""Surnn"", ""score"": null, ""match_max"": 0.5, ""refs"": 24, ""match_mode"": ""none"", ""steer_zones"": 41, ""people"": 0, ""track_id"": null, ""target_ex"": 0.0, ""target_cx_vel_px_s"": 0.0, ""target_age_s"": null, ""lidar_min_m"": 1.0, ""target_lidar_m"": null, ""target_lidar_deg"": null, ""camera_range_m"""
2026-07-16T16:14:15.345,42.345,mission_20260716_161333_manual,MANUAL,,0,13.329436302185059,100.9979476928711,60.88681294091906,3,True,-1.0,0,-52,51,136800,187510,0.0,0.0,0.0,0,0,nan,nan,nan,89,26.100000381469727,-5.599999904632568,34.0,0,30,-,READY owner=Surnn refs=24,"{""cmd"": ""STOP"", ""status"": ""READY"", ""detector"": ""yolo"", ""state"": ""IDLE"", ""owner"": ""Surnn"", ""score"": null, ""match_max"": 0.5, ""refs"": 24, ""match_mode"": ""none"", ""steer_zones"": 41, ""people"": 0, ""track_id"": null, ""target_ex"": 0.0, ""target_cx_vel_px_s"": 0.0, ""target_age_s"": null, ""lidar_min_m"": 1.09, ""target_lidar_m"": null, ""target_lidar_deg"": null, ""camera_range_m"
2026-07-16T16:14:17.345,44.346,mission_20260716_161333_manual,MANUAL,,0,13.329437255859375,100.9979476928711,60.64442318765364,3,True,-1.0,0,-96,95,136899,187630,0.0,0.0,0.0,0,0,nan,nan,nan,89,26.100000381469727,-11.0,34.0,0,30,-,READY owner=Surnn refs=24,"{""cmd"": ""STOP"", ""status"": ""READY"", ""detector"": ""yolo"", ""state"": ""IDLE"", ""owner"": ""Surnn"", ""score"": null, ""match_max"": 0.5, ""refs"": 24, ""match_mode"": ""none"", ""steer_zones"": 41, ""people"": 0, ""track_id"": null, ""target_ex"": 0.0, ""target_cx_vel_px_s"": 0.0, ""target_age_s"": null, ""lidar_min_m"": 1.21, ""target_lidar_m"": null, ""target_lidar_deg"": null, ""camera_range_m"
2026-07-16T16:14:19.350,46.351,mission_20260716_161333_manual,MANUAL,,0,13.329440116882324,100.99795532226562,60.04876239013683,3,True,-1.0,0,-222,222,137884,188644,3.351599979400635,4.161600065231323,3.7547999382019044,0,0,nan,nan,nan,89,25.799999237060547,-35.70000076293945,34.0,0,30,-,READY owner=Surnn refs=24,"{""cmd"": ""STOP"", ""status"": ""READY"", ""detector"": ""yolo"", ""state"": ""IDLE"", ""owner"": ""Surnn"", ""score"": null, ""match_max"": 0.5, ""refs"": 24, ""match_mode"": ""none"", ""steer_zones"": 41, ""people"": 0, ""track_id"": null, ""target_ex"": 0.0, ""target_cx_vel_px_s"": 0.0, ""target_age_s"": null, ""lidar_min_m"": 1.15, ""target_lidar_m"": null, ""target_lidar_deg"": null, ""camera_range_m"
2026-07-16T16:14:21.351,48.351,mission_20260716_161333_manual,MANUAL,,0,13.329449653625488,100.99797058105469,60.95784690828719,3,True,-1.0,0,-179,150,139534,190911,2.260800075531006,4.856399917602539,3.5567999124526977,0,0,nan,nan,nan,89,25.899999618530273,-29.200000762939453,34.0,0,30,-,READY owner=Surnn refs=24,"{""cmd"": ""STOP"", ""status"": ""READY"", ""detector"": ""yolo"", ""state"": ""IDLE"", ""owner"": ""Surnn"", ""score"": null, ""match_max"": 0.5, ""refs"": 24, ""match_mode"": ""none"", ""steer_zones"": 41, ""people"": 0, ""track_id"": null, ""target_ex"": 0.0, ""target_cx_vel_px_s"": 0.0, ""target_age_s"": null, ""lidar_min_m"": 1.2, ""target_lidar_m"": null, ""target_lidar_deg"": null, ""camera_range_m"""
2026-07-16T16:14:23.355,50.356,mission_20260716_161333_manual,MANUAL,,0,13.329463005065918,100.99799346923828,59.48484831188224,3,True,-1.0,0,-151,139,140078,193536,4.557600116729737,4.874399900436401,4.715999794006348,0,0,nan,nan,nan,89,26.0,-11.199999809265137,34.0,0,30,-,READY owner=Surnn refs=24,"{""cmd"": ""STOP"", ""status"": ""READY"", ""detector"": ""yolo"", ""state"": ""IDLE"", ""owner"": ""Surnn"", ""score"": null, ""match_max"": 0.5, ""refs"": 24, ""match_mode"": ""none"", ""steer_zones"": 41, ""people"": 0, ""track_id"": null, ""target_ex"": 0.0, ""target_cx_vel_px_s"": 0.0, ""target_age_s"": null, ""lidar_min_m"": 1.34, ""target_lidar_m"": null, ""target_lidar_deg"": null, ""camera_range_m"
2026-07-16T16:14:25.355,52.356,mission_20260716_161333_manual,MANUAL,,0,13.329474449157715,100.99800872802734,25.334221773162184,3,True,-1.0,0,-212,185,140822,195940,4.424399900436401,4.535999965667725,4.482000017166138,0,0,nan,nan,nan,89,25.700000762939453,-43.79999923706055,34.0,0,30,-,READY owner=Surnn refs=24,"{""cmd"": ""STOP"", ""status"": ""READY"", ""detector"": ""yolo"", ""state"": ""IDLE"", ""owner"": ""Surnn"", ""score"": null, ""match_max"": 0.5, ""refs"": 24, ""match_mode"": ""none"", ""steer_zones"": 41, ""people"": 0, ""track_id"": null, ""target_ex"": 0.0, ""target_cx_vel_px_s"": 0.0, ""target_age_s"": null, ""lidar_min_m"": 1.73, ""target_lidar_m"": null, ""target_lidar_deg"": null, ""camera_range_m"
2026-07-16T16:14:27.364,54.365,mission_20260716_161333_manual,MANUAL,,0,13.329493522644043,100.99801635742188,0.7410699754176828,3,True,-1.0,0,0,219,142430,198386,3.2003999948501587,2.728800058364868,2.9664000034332276,0,0,nan,nan,nan,89,25.700000762939453,-24.100000381469727,34.0,0,29,-,READY owner=Surnn refs=24,"{""cmd"": ""STOP"", ""status"": ""READY"", ""detector"": ""yolo"", ""state"": ""IDLE"", ""owner"": ""Surnn"", ""score"": null, ""match_max"": 0.5, ""refs"": 24, ""match_mode"": ""none"", ""steer_zones"": 41, ""people"": 0, ""track_id"": null, ""target_ex"": 0.0, ""target_cx_vel_px_s"": 0.0, ""target_age_s"": null, ""lidar_min_m"": 7.78, ""target_lidar_m"": null, ""target_lidar_deg"": null, ""camera_range_m"
2026-07-16T16:14:29.365,56.365,mission_20260716_161333_manual,MANUAL,,0,13.329510688781738,100.9980239868164,-6.31611071326351,3,True,-1.0,0,-138,-138,143275,200439,0.5076000094413757,3.992399883270264,2.25,0,0,nan,nan,nan,89,26.0,-17.299999237060547,34.0,0,29,-,READY owner=Surnn refs=24,"{""cmd"": ""STOP"", ""status"": ""READY"", ""detector"": ""yolo"", ""state"": ""IDLE"", ""owner"": ""Surnn"", ""score"": null, ""match_max"": 0.5, ""refs"": 24, ""match_mode"": ""none"", ""steer_zones"": 41, ""people"": 0, ""track_id"": null, ""target_ex"": 0.0, ""target_cx_vel_px_s"": 0.0, ""target_age_s"": null, ""lidar_min_m"": 2.57, ""target_lidar_m"": null, ""target_lidar_deg"": null, ""camera_range_m"
2026-07-16T16:14:31.370,58.37,mission_20260716_161333_manual,MANUAL,,0,13.32951545715332,100.9980239868164,-18.355286450952185,3,True,-1.0,0,-90,90,143257,200757,0.9792000532150269,0.8675999879837036,0.9216000437736511,0,0,nan,nan,nan,89,26.100000381469727,-16.700000762939453,34.0,0,29,-,READY owner=Surnn refs=24,"{""cmd"": ""STOP"", ""status"": ""READY"", ""detector"": ""yolo"", ""state"": ""IDLE"", ""owner"": ""Surnn"", ""score"": null, ""match_max"": 0.5, ""refs"": 24, ""match_mode"": ""none"", ""steer_zones"": 41, ""people"": 0, ""track_id"": null, ""target_ex"": 0.0, ""target_cx_vel_px_s"": 0.0, ""target_age_s"": null, ""lidar_min_m"": 1.7, ""target_lidar_m"": null, ""target_lidar_deg"": null, ""camera_range_m"""
2026-07-16T16:14:33.370,60.37,mission_20260716_161333_manual,MANUAL,,0,13.3295259475708,100.99801635742188,-18.237190772655374,3,True,-1.0,0,-87,86,144875,202398,3.502799963951111,3.3875999450683594,3.445200061798096,0,0,nan,nan,nan,89,26.0,-10.899999618530273,34.0,0,30,-,READY owner=Surnn refs=24,"{""cmd"": ""STOP"", ""status"": ""READY"", ""detector"": ""yolo"", ""state"": ""IDLE"", ""owner"": ""Surnn"", ""score"": null, ""match_max"": 0.5, ""refs"": 24, ""match_mode"": ""none"", ""steer_zones"": 41, ""people"": 0, ""track_id"": null, ""target_ex"": 0.0, ""target_cx_vel_px_s"": 0.0, ""target_age_s"": null, ""lidar_min_m"": 1.42, ""target_lidar_m"": null, ""target_lidar_deg"": null, ""camera_range_m"
2026-07-16T16:14:35.371,62.371,mission_20260716_161333_manual,MANUAL,,0,13.32954216003418,100.99800872802734,-18.240124338903893,3,True,-1.0,0,-69,68,146865,204404,3.9168002128601076,4.046399831771851,3.981599807739258,0,0,nan,nan,nan,89,26.0,-8.5,34.0,0,30,-,READY owner=Surnn refs=24,"{""cmd"": ""STOP"", ""status"": ""READY"", ""detector"": ""yolo"", ""state"": ""IDLE"", ""owner"": ""Surnn"", ""score"": null, ""match_max"": 0.5, ""refs"": 24, ""match_mode"": ""none"", ""steer_zones"": 41, ""people"": 0, ""track_id"": null, ""target_ex"": 0.0, ""target_cx_vel_px_s"": 0.0, ""target_age_s"": null, ""lidar_min_m"": 1.76, ""target_lidar_m"": null, ""target_lidar_deg"": null, ""camera_range_m"
2026-07-16T16:14:37.375,64.375,mission_20260716_161333_manual,MANUAL,,0,13.329560279846191,100.99800872802734,-17.777414881128674,3,True,-1.0,0,-91,90,148535,206532,4.21560001373291,4.291200113296509,4.255200147628784,0,0,nan,nan,nan,89,26.0,-10.399999618530273,34.0,0,30,-,READY owner=Surnn refs=24,"{""cmd"": ""STOP"", ""status"": ""READY"", ""detector"": ""yolo"", ""state"": ""IDLE"", ""owner"": ""Surnn"", ""score"": null, ""match_max"": 0.5, ""refs"": 24, ""match_mode"": ""none"", ""steer_zones"": 41, ""people"": 0, ""track_id"": null, ""target_ex"": 0.0, ""target_cx_vel_px_s"": 0.0, ""target_age_s"": null, ""lidar_min_m"": 2.14, ""target_lidar_m"": null, ""target_lidar_deg"": null, ""camera_range_m"
2026-07-16T16:14:39.380,66.38,mission_20260716_161333_manual,MANUAL,,0,13.329580307006836,100.99800109863281,-18.77637273592535,3,True,-1.0,0,-93,93,150167,208794,1.82520010471344,4.482000017166138,3.1535999536514283,0,0,nan,nan,nan,89,26.0,-8.899999618530273,34.0,0,29,-,READY owner=Surnn refs=24,"{""cmd"": ""STOP"", ""status"": ""READY"", ""detector"": ""yolo"", ""state"": ""IDLE"", ""owner"": ""Surnn"", ""score"": null, ""match_max"": 0.5, ""refs"": 24, ""match_mode"": ""none"", ""steer_zones"": 41, ""people"": 0, ""track_id"": null, ""target_ex"": 0.0, ""target_cx_vel_px_s"": 0.0, ""target_age_s"": null, ""lidar_min_m"": 2.61, ""target_lidar_m"": null, ""target_lidar_deg"": null, ""camera_range_m"
2026-07-16T16:14:41.380,68.381,mission_20260716_161333_manual,MANUAL,,0,13.329598426818848,100.99799346923828,-6.805035290846886,4,True,-1.0,0,-149,148,151638,210630,4.406399917602539,4.273200130462647,4.33800015449524,0,0,nan,nan,nan,89,25.899999618530273,-17.100000381469727,34.0,0,30,-,READY owner=Surnn refs=24,"{""cmd"": ""STOP"", ""status"": ""READY"", ""detector"": ""yolo"", ""state"": ""IDLE"", ""owner"": ""Surnn"", ""score"": null, ""match_max"": 0.5, ""refs"": 24, ""match_mode"": ""none"", ""steer_zones"": 41, ""people"": 0, ""track_id"": null, ""target_ex"": 0.0, ""target_cx_vel_px_s"": 0.0, ""target_age_s"": null, ""lidar_min_m"": 2.86, ""target_lidar_m"": null, ""target_lidar_deg"": null, ""camera_range_m"
2026-07-16T16:14:43.385,70.385,mission_20260716_161333_manual,MANUAL,,0,13.329620361328125,100.99798583984375,-6.8748120765209135,4,True,-1.0,0,-139,134,151701,213075,0.0,4.5,2.25,0,0,nan,nan,nan,89,26.0,-11.600000381469727,34.0,0,30,-,READY owner=Surnn refs=24,"{""cmd"": ""STOP"", ""status"": ""READY"", ""detector"": ""yolo"", ""state"": ""IDLE"", ""owner"": ""Surnn"", ""score"": null, ""match_max"": 0.5, ""refs"": 24, ""match_mode"": ""none"", ""steer_zones"": 41, ""people"": 0, ""track_id"": null, ""target_ex"": 0.0, ""target_cx_vel_px_s"": 0.0, ""target_age_s"": null, ""lidar_min_m"": 3.31, ""target_lidar_m"": null, ""target_lidar_deg"": null, ""camera_range_m"
2026-07-16T16:14:45.390,72.39,mission_20260716_161333_manual,MANUAL,,0,13.329643249511719,100.99798583984375,-8.189893711107407,4,True,-1.0,0,-109,107,152119,215437,4.291200113296509,4.291200113296509,4.291200113296509,0,0,nan,nan,nan,89,26.0,-12.0,34.0,0,30,-,READY owner=Surnn refs=24,"{""cmd"": ""STOP"", ""status"": ""READY"", ""detector"": ""yolo"", ""state"": ""IDLE"", ""owner"": ""Surnn"", ""score"": null, ""match_max"": 0.5, ""refs"": 24, ""match_mode"": ""none"", ""steer_zones"": 41, ""people"": 0, ""track_id"": null, ""target_ex"": 0.0, ""target_cx_vel_px_s"": 0.0, ""target_age_s"": null, ""lidar_min_m"": 3.85, ""target_lidar_m"": null, ""target_lidar_deg"": null, ""camera_range_m"
2026-07-16T16:14:47.390,74.39,mission_20260716_161333_manual,MANUAL,,0,13.329663276672363,100.99797821044922,-7.496708911300214,4,True,-1.0,0,-147,57,153981,217739,4.085999965667725,4.517999982833863,4.302000188827515,0,0,nan,nan,nan,89,26.0,-11.300000190734863,34.0,0,29,-,READY owner=Surnn refs=24,"{""cmd"": ""STOP"", ""status"": ""READY"", ""detector"": ""yolo"", ""state"": ""IDLE"", ""owner"": ""Surnn"", ""score"": null, ""match_max"": 0.5, ""refs"": 24, ""match_mode"": ""none"", ""steer_zones"": 41, ""people"": 0, ""track_id"": null, ""target_ex"": 0.0, ""target_cx_vel_px_s"": 0.0, ""target_age_s"": null, ""lidar_min_m"": 5.48, ""target_lidar_m"": null, ""target_lidar_deg"": null, ""camera_range_m"
2026-07-16T16:14:49.398,76.398,mission_20260716_161333_manual,MANUAL,,0,13.329682350158691,100.99797058105469,-13.821662158217952,4,True,1.9600000381469727,0,34,197,155272,219728,0.0,1.5623999476432802,0.7811999738216401,0,0,nan,nan,nan,89,26.0,-12.5,34.0,0,29,-,READY owner=Surnn refs=24,"{""cmd"": ""STOP"", ""status"": ""READY"", ""detector"": ""yolo"", ""state"": ""IDLE"", ""owner"": ""Surnn"", ""score"": null, ""match_max"": 0.5, ""refs"": 24, ""match_mode"": ""none"", ""steer_zones"": 41, ""people"": 0, ""track_id"": null, ""target_ex"": 0.0, ""target_cx_vel_px_s"": 0.0, ""target_age_s"": null, ""lidar_min_m"": 4.38, ""target_lidar_m"": null, ""target_lidar_deg"": null, ""camera_range_m"
2026-07-16T16:14:51.400,78.4,mission_20260716_161333_manual,MANUAL,,0,13.329695701599121,100.99797058105469,-6.941715060101658,4,True,1.122499942779541,1,-160,56,155272,221157,0.0,4.028399848937989,2.016000008583069,0,0,nan,nan,nan,89,26.0,-18.700000762939453,34.0,0,30,-,READY owner=Surnn refs=24,"{""cmd"": ""STOP"", ""status"": ""READY"", ""detector"": ""yolo"", ""state"": ""IDLE"", ""owner"": ""Surnn"", ""score"": null, ""match_max"": 0.5, ""refs"": 24, ""match_mode"": ""none"", ""steer_zones"": 41, ""people"": 0, ""track_id"": null, ""target_ex"": 0.0, ""target_cx_vel_px_s"": 0.0, ""target_age_s"": null, ""lidar_min_m"": 1.19, ""target_lidar_m"": null, ""target_lidar_deg"": null, ""camera_range_m"
2026-07-16T16:14:53.400,80.4,mission_20260716_161333_manual,MANUAL,,0,13.32971477508545,100.99796295166016,-6.96098387752391,4,True,-1.0,0,-143,142,156375,223211,4.067999982833863,3.992399883270264,4.028399848937989,0,0,nan,nan,nan,89,26.0,-13.800000190734863,34.0,0,32,-,READY owner=Surnn refs=24,"{""cmd"": ""STOP"", ""status"": ""READY"", ""detector"": ""yolo"", ""state"": ""IDLE"", ""owner"": ""Surnn"", ""score"": null, ""match_max"": 0.5, ""refs"": 24, ""match_mode"": ""none"", ""steer_zones"": 41, ""people"": 0, ""track_id"": null, ""target_ex"": 0.0, ""target_cx_vel_px_s"": 0.0, ""target_age_s"": null, ""lidar_min_m"": 2.13, ""target_lidar_m"": null, ""target_lidar_deg"": null, ""camera_range_m"
2026-07-16T16:14:55.400,82.4,mission_20260716_161333_manual,MANUAL,,0,13.329734802246094,100.99796295166016,-12.94370793475722,4,True,1.405500054359436,1,-125,124,158268,225369,1.6019999742507935,3.2363999605178835,2.4191999673843383,0,0,nan,nan,nan,89,26.0,-11.899999618530273,34.0,0,31,-,READY owner=Surnn refs=24,"{""cmd"": ""STOP"", ""status"": ""READY"", ""detector"": ""yolo"", ""state"": ""IDLE"", ""owner"": ""Surnn"", ""score"": null, ""match_max"": 0.5, ""refs"": 24, ""match_mode"": ""none"", ""steer_zones"": 41, ""people"": 0, ""track_id"": null, ""target_ex"": 0.0, ""target_cx_vel_px_s"": 0.0, ""target_age_s"": null, ""lidar_min_m"": 1.41, ""target_lidar_m"": null, ""target_lidar_deg"": null, ""camera_range_m"
2026-07-16T16:14:57.400,84.4,mission_20260716_161333_manual,MANUAL,,0,13.329750061035156,100.99795532226562,-10.402402011591514,4,True,-1.0,0,-59,105,160157,227193,3.952800178527832,3.747600030899048,3.848400020599365,0,0,nan,nan,nan,89,26.0,-11.300000190734863,34.0,0,31,-,READY owner=Surnn refs=24,"{""cmd"": ""STOP"", ""status"": ""READY"", ""detector"": ""yolo"", ""state"": ""IDLE"", ""owner"": ""Surnn"", ""score"": null, ""match_max"": 0.5, ""refs"": 24, ""match_mode"": ""none"", ""steer_zones"": 41, ""people"": 0, ""track_id"": null, ""target_ex"": 0.0, ""target_cx_vel_px_s"": 0.0, ""target_age_s"": null, ""lidar_min_m"": 1.9, ""target_lidar_m"": null, ""target_lidar_deg"": null, ""camera_range_m"""
2026-07-16T16:14:59.405,86.405,mission_20260716_161333_manual,MANUAL,,0,13.329767227172852,100.9979476928711,-9.426829016965668,4,True,-1.0,0,-66,80,161997,228986,3.5207999467849733,3.5207999467849733,3.5207999467849733,0,0,nan,nan,nan,89,26.100000381469727,-8.300000190734863,34.0,0,31,-,READY owner=Surnn refs=24,"{""cmd"": ""STOP"", ""status"": ""READY"", ""detector"": ""yolo"", ""state"": ""IDLE"", ""owner"": ""Surnn"", ""score"": null, ""match_max"": 0.5, ""refs"": 24, ""match_mode"": ""none"", ""steer_zones"": 41, ""people"": 0, ""track_id"": null, ""target_ex"": 0.0, ""target_cx_vel_px_s"": 0.0, ""target_age_s"": null, ""lidar_min_m"": 3.02, ""target_lidar_m"": null, ""target_lidar_deg"": null, ""camera_range_m"
2026-07-16T16:15:01.414,88.414,mission_20260716_161333_manual,MANUAL,,0,13.329781532287598,100.99794006347656,-5.439091798832247,4,True,1.2554999589920044,1,-110,109,163527,230425,3.7835999965667724,3.5784000635147097,3.6791998386383056,0,0,nan,nan,nan,89,26.0,-16.700000762939453,34.0,0,31,-,READY owner=Surnn refs=24,"{""cmd"": ""STOP"", ""status"": ""READY"", ""detector"": ""yolo"", ""state"": ""IDLE"", ""owner"": ""Surnn"", ""score"": null, ""match_max"": 0.5, ""refs"": 24, ""match_mode"": ""none"", ""steer_zones"": 41, ""people"": 0, ""track_id"": null, ""target_ex"": 0.0, ""target_cx_vel_px_s"": 0.0, ""target_age_s"": null, ""lidar_min_m"": 3.17, ""target_lidar_m"": null, ""target_lidar_deg"": null, ""camera_range_m"
2026-07-16T16:15:03.415,90.416,mission_20260716_161333_manual,MANUAL,,0,13.32979965209961,100.99793243408203,-4.728372195878339,4,True,1.4739999771118164,1,-122,121,165720,232613,4.33079981803894,4.291200113296509,4.3127998352050785,0,0,nan,nan,nan,89,26.0,-10.800000190734863,34.0,0,31,-,READY owner=Surnn refs=24,"{""cmd"": ""STOP"", ""status"": ""READY"", ""detector"": ""yolo"", ""state"": ""IDLE"", ""owner"": ""Surnn"", ""score"": null, ""match_max"": 0.5, ""refs"": 24, ""match_mode"": ""none"", ""steer_zones"": 41, ""people"": 0, ""track_id"": null, ""target_ex"": 0.0, ""target_cx_vel_px_s"": 0.0, ""target_age_s"": null, ""lidar_min_m"": 1.4, ""target_lidar_m"": null, ""target_lidar_deg"": null, ""camera_range_m"""
2026-07-16T16:15:05.421,92.421,mission_20260716_161333_manual,MANUAL,,0,13.32982063293457,100.9979248046875,-3.655417779161036,4,True,-1.0,0,-126,125,168088,234957,4.424399900436401,4.442399883270264,4.435199975967407,0,0,nan,nan,nan,89,26.0,-9.5,34.0,0,32,-,READY owner=Surnn refs=24,"{""cmd"": ""STOP"", ""status"": ""READY"", ""detector"": ""yolo"", ""state"": ""IDLE"", ""owner"": ""Surnn"", ""score"": null, ""match_max"": 0.5, ""refs"": 24, ""match_mode"": ""none"", ""steer_zones"": 41, ""people"": 0, ""track_id"": null, ""target_ex"": 0.0, ""target_cx_vel_px_s"": 0.0, ""target_age_s"": null, ""lidar_min_m"": 1.41, ""target_lidar_m"": null, ""target_lidar_deg"": null, ""camera_range_m"
2026-07-16T16:15:07.432,94.433,mission_20260716_161333_manual,MANUAL,,0,13.329843521118164,100.9979248046875,-2.8576486958957847,4,True,-1.0,0,-141,140,170502,237381,4.406399917602539,4.460399866104126,4.435199975967407,0,0,nan,nan,nan,89,26.100000381469727,-10.0,34.0,0,32,-,READY owner=Surnn refs=24,"{""cmd"": ""STOP"", ""status"": ""READY"", ""detector"": ""yolo"", ""state"": ""IDLE"", ""owner"": ""Surnn"", ""score"": null, ""match_max"": 0.5, ""refs"": 24, ""match_mode"": ""none"", ""steer_zones"": 41, ""people"": 0, ""track_id"": null, ""target_ex"": 0.0, ""target_cx_vel_px_s"": 0.0, ""target_age_s"": null, ""lidar_min_m"": 3.52, ""target_lidar_m"": null, ""target_lidar_deg"": null, ""camera_range_m"
2026-07-16T16:15:09.457,96.458,mission_20260716_161333_manual,MANUAL,,0,13.329866409301758,100.99791717529297,-2.124515186850245,4,True,2.051500082015991,0,-113,112,173067,239930,4.5,4.517999982833863,4.507199907302857,0,0,nan,nan,nan,89,26.100000381469727,-8.5,34.0,0,31,-,READY owner=Surnn refs=24,"{""cmd"": ""STOP"", ""status"": ""READY"", ""detector"": ""yolo"", ""state"": ""IDLE"", ""owner"": ""Surnn"", ""score"": null, ""match_max"": 0.5, ""refs"": 24, ""match_mode"": ""none"", ""steer_zones"": 41, ""people"": 0, ""track_id"": null, ""target_ex"": 0.0, ""target_cx_vel_px_s"": 0.0, ""target_age_s"": null, ""lidar_min_m"": 2.04, ""target_lidar_m"": null, ""target_lidar_deg"": null, ""camera_range_m"
2026-07-16T16:15:11.462,98.462,mission_20260716_161333_manual,MANUAL,,0,13.329888343811035,100.99790954589844,-0.6821855805616807,4,True,2.1075000762939453,0,-113,47,175357,242206,4.255200147628784,4.38480019569397,4.320000171661377,0,0,nan,nan,nan,89,26.0,-8.800000190734863,34.0,0,32,-,READY owner=Surnn refs=24,"{""cmd"": ""STOP"", ""status"": ""READY"", ""detector"": ""yolo"", ""state"": ""IDLE"", ""owner"": ""Surnn"", ""score"": null, ""match_max"": 0.5, ""refs"": 24, ""match_mode"": ""none"", ""steer_zones"": 41, ""people"": 0, ""track_id"": null, ""target_ex"": 0.0, ""target_cx_vel_px_s"": 0.0, ""target_age_s"": null, ""lidar_min_m"": 2.12, ""target_lidar_m"": null, ""target_lidar_deg"": null, ""camera_range_m"
2026-07-16T16:15:13.465,100.465,mission_20260716_161333_manual,MANUAL,,0,13.32990837097168,100.9979019165039,-3.131204815787377,4,True,-1.0,0,-120,119,177471,244448,4.33079981803894,4.3127998352050785,4.320000171661377,0,0,nan,nan,nan,89,26.0,-10.899999618530273,34.0,0,32,-,READY owner=Surnn refs=24,"{""cmd"": ""STOP"", ""status"": ""READY"", ""detector"": ""yolo"", ""state"": ""IDLE"", ""owner"": ""Surnn"", ""score"": null, ""match_max"": 0.5, ""refs"": 24, ""match_mode"": ""none"", ""steer_zones"": 41, ""people"": 0, ""track_id"": null, ""target_ex"": 0.0, ""target_cx_vel_px_s"": 0.0, ""target_age_s"": null, ""lidar_min_m"": 2.16, ""target_lidar_m"": null, ""target_lidar_deg"": null, ""camera_range_m"
2026-07-16T16:15:15.465,102.465,mission_20260716_161333_manual,MANUAL,,0,13.32992935180664,100.99789428710938,-3.389436765945811,4,True,-1.0,0,-109,107,178894,246739,4.237200164794922,4.1039999485015874,4.16879997253418,0,0,nan,nan,nan,89,26.100000381469727,-10.199999809265137,34.0,0,32,-,READY owner=Surnn refs=24,"{""cmd"": ""STOP"", ""status"": ""READY"", ""detector"": ""yolo"", ""state"": ""IDLE"", ""owner"": ""Surnn"", ""score"": null, ""match_max"": 0.5, ""refs"": 24, ""match_mode"": ""none"", ""steer_zones"": 41, ""people"": 0, ""track_id"": null, ""target_ex"": 0.0, ""target_cx_vel_px_s"": 0.0, ""target_age_s"": null, ""lidar_min_m"": 3.73, ""target_lidar_m"": null, ""target_lidar_deg"": null, ""camera_range_m"
2026-07-16T16:15:17.465,104.465,mission_20260716_161333_manual,MANUAL,,0,13.329950332641602,100.99789428710938,-1.3487948079994414,4,True,-1.0,0,-78,77,179679,248880,0.0,4.161600065231323,2.0808000326156617,0,0,nan,nan,nan,89,26.0,-10.199999809265137,34.0,0,32,-,READY owner=Surnn refs=24,"{""cmd"": ""STOP"", ""status"": ""READY"", ""detector"": ""yolo"", ""state"": ""IDLE"", ""owner"": ""Surnn"", ""score"": null, ""match_max"": 0.5, ""refs"": 24, ""match_mode"": ""none"", ""steer_zones"": 41, ""people"": 0, ""track_id"": null, ""target_ex"": 0.0, ""target_cx_vel_px_s"": 0.0, ""target_age_s"": null, ""lidar_min_m"": 2.54, ""target_lidar_m"": null, ""target_lidar_deg"": null, ""camera_range_m"
2026-07-16T16:15:19.470,106.47,mission_20260716_161333_manual,MANUAL,,0,13.32996940612793,100.99788665771484,-1.879409366172695,4,True,-1.0,0,-134,125,180069,250974,0.47159999012947085,3.9708001613616943,2.221199941635132,0,0,nan,nan,nan,89,26.0,-9.0,34.0,0,32,-,READY owner=Surnn refs=24,"{""cmd"": ""STOP"", ""status"": ""READY"", ""detector"": ""yolo"", ""state"": ""IDLE"", ""owner"": ""Surnn"", ""score"": null, ""match_max"": 0.5, ""refs"": 24, ""match_mode"": ""none"", ""steer_zones"": 41, ""people"": 0, ""track_id"": null, ""target_ex"": 0.0, ""target_cx_vel_px_s"": 0.0, ""target_age_s"": null, ""lidar_min_m"": 2.33, ""target_lidar_m"": null, ""target_lidar_deg"": null, ""camera_range_m"
2026-07-16T16:15:21.470,108.471,mission_20260716_161333_manual,MANUAL,,0,13.329988479614258,100.99787902832031,-0.3812867726794993,4,True,-1.0,0,-139,33,181941,253017,3.671999931335449,3.747600030899048,3.707999897003174,0,0,nan,nan,nan,89,26.100000381469727,-9.100000381469727,34.0,0,32,-,READY owner=Surnn refs=24,"{""cmd"": ""STOP"", ""status"": ""READY"", ""detector"": ""yolo"", ""state"": ""IDLE"", ""owner"": ""Surnn"", ""score"": null, ""match_max"": 0.5, ""refs"": 24, ""match_mode"": ""none"", ""steer_zones"": 41, ""people"": 0, ""track_id"": null, ""target_ex"": 0.0, ""target_cx_vel_px_s"": 0.0, ""target_age_s"": null, ""lidar_min_m"": 3.0, ""target_lidar_m"": null, ""target_lidar_deg"": null, ""camera_range_m"""
2026-07-16T16:15:23.475,110.476,mission_20260716_161333_manual,MANUAL,,0,13.330001831054688,100.99787902832031,-8.516242710971555,4,True,-1.0,0,-54,64,183243,254585,3.1247998952865603,3.218399977684021,3.1715999364852907,0,0,nan,nan,nan,89,26.0,-14.300000190734863,34.0,0,32,-,READY owner=Surnn refs=24,"{""cmd"": ""STOP"", ""status"": ""READY"", ""detector"": ""yolo"", ""state"": ""IDLE"", ""owner"": ""Surnn"", ""score"": null, ""match_max"": 0.5, ""refs"": 24, ""match_mode"": ""none"", ""steer_zones"": 41, ""people"": 0, ""track_id"": null, ""target_ex"": 0.0, ""target_cx_vel_px_s"": 0.0, ""target_age_s"": null, ""lidar_min_m"": 3.26, ""target_lidar_m"": null, ""target_lidar_deg"": null, ""camera_range_m"
2026-07-16T16:15:25.480,112.48,mission_20260716_161333_manual,MANUAL,,0,13.330012321472168,100.99787139892578,-4.110073163244343,4,True,-1.0,0,-22,21,184066,255221,0.0,0.0,0.0,0,0,nan,nan,nan,89,26.100000381469727,-9.699999809265137,34.0,0,32,-,READY owner=Surnn refs=24,"{""cmd"": ""STOP"", ""status"": ""READY"", ""detector"": ""yolo"", ""state"": ""IDLE"", ""owner"": ""Surnn"", ""score"": null, ""match_max"": 0.5, ""refs"": 24, ""match_mode"": ""none"", ""steer_zones"": 41, ""people"": 0, ""track_id"": null, ""target_ex"": 0.0, ""target_cx_vel_px_s"": 0.0, ""target_age_s"": null, ""lidar_min_m"": 3.9, ""target_lidar_m"": null, ""target_lidar_deg"": null, ""camera_range_m"""
2026-07-16T16:15:27.485,114.485,mission_20260716_161333_manual,MANUAL,,0,13.330013275146484,100.99787139892578,-4.914574251710288,4,True,-1.0,0,-88,0,184167,255365,0.0,0.0,0.0,0,0,nan,nan,nan,89,26.100000381469727,-4.900000095367432,34.0,0,32,-,READY owner=Surnn refs=24,"{""cmd"": ""STOP"", ""status"": ""READY"", ""detector"": ""yolo"", ""state"": ""IDLE"", ""owner"": ""Surnn"", ""score"": null, ""match_max"": 0.5, ""refs"": 24, ""match_mode"": ""none"", ""steer_zones"": 41, ""people"": 0, ""track_id"": null, ""target_ex"": 0.0, ""target_cx_vel_px_s"": 0.0, ""target_age_s"": null, ""lidar_min_m"": 3.88, ""target_lidar_m"": null, ""target_lidar_deg"": null, ""camera_range_m"
2026-07-16T16:15:29.490,116.49,mission_20260716_161333_manual,MANUAL,,0,13.330020904541016,100.99787139892578,-4.768629757733217,4,True,-1.0,0,-94,95,185032,256271,0.47159999012947085,0.6011999845504761,0.5364000141620636,0,0,nan,nan,nan,89,26.100000381469727,-12.5,34.0,0,32,-,READY owner=Surnn refs=24,"{""cmd"": ""STOP"", ""status"": ""READY"", ""detector"": ""yolo"", ""state"": ""IDLE"", ""owner"": ""Surnn"", ""score"": null, ""match_max"": 0.5, ""refs"": 24, ""match_mode"": ""none"", ""steer_zones"": 41, ""people"": 0, ""track_id"": null, ""target_ex"": 0.0, ""target_cx_vel_px_s"": 0.0, ""target_age_s"": null, ""lidar_min_m"": 3.24, ""target_lidar_m"": null, ""target_lidar_deg"": null, ""camera_range_m"
2026-07-16T16:15:31.490,118.49,mission_20260716_161333_manual,MANUAL,,0,13.330025672912598,100.99786376953125,-5.509050865179749,4,True,-1.0,0,-76,90,185659,256909,1.486799955368042,1.656000030040741,1.573200023174286,0,0,nan,nan,nan,89,26.0,-6.900000095367432,34.0,0,32,-,READY owner=Surnn refs=24,"{""cmd"": ""STOP"", ""status"": ""READY"", ""detector"": ""yolo"", ""state"": ""IDLE"", ""owner"": ""Surnn"", ""score"": null, ""match_max"": 0.5, ""refs"": 24, ""match_mode"": ""none"", ""steer_zones"": 41, ""people"": 0, ""track_id"": null, ""target_ex"": 0.0, ""target_cx_vel_px_s"": 0.0, ""target_age_s"": null, ""lidar_min_m"": 3.42, ""target_lidar_m"": null, ""target_lidar_deg"": null, ""camera_range_m"
2026-07-16T16:15:33.490,120.491,mission_20260716_161333_manual,MANUAL,,0,13.330036163330078,100.99786376953125,-5.217615231031767,4,True,-1.0,0,-42,117,187102,258342,3.2003999948501587,3.013200044631958,3.106799912452698,0,0,nan,nan,nan,89,26.100000381469727,-11.300000190734863,34.0,0,32,-,READY owner=Surnn refs=24,"{""cmd"": ""STOP"", ""status"": ""READY"", ""detector"": ""yolo"", ""state"": ""IDLE"", ""owner"": ""Surnn"", ""score"": null, ""match_max"": 0.5, ""refs"": 24, ""match_mode"": ""none"", ""steer_zones"": 41, ""people"": 0, ""track_id"": null, ""target_ex"": 0.0, ""target_cx_vel_px_s"": 0.0, ""target_age_s"": null, ""lidar_min_m"": 2.93, ""target_lidar_m"": null, ""target_lidar_deg"": null, ""camera_range_m"
2026-07-16T16:15:35.491,122.491,mission_20260716_161333_manual,MANUAL,,0,13.330047607421875,100.99785614013672,-1.9123656692482411,4,True,-1.0,0,-72,71,188348,259467,2.541599893569946,2.67479989528656,2.606399917602539,0,0,nan,nan,nan,89,26.0,-11.399999618530273,34.0,0,32,-,READY owner=Surnn refs=24,"{""cmd"": ""STOP"", ""status"": ""READY"", ""detector"": ""yolo"", ""state"": ""IDLE"", ""owner"": ""Surnn"", ""score"": null, ""match_max"": 0.5, ""refs"": 24, ""match_mode"": ""none"", ""steer_zones"": 41, ""people"": 0, ""track_id"": null, ""target_ex"": 0.0, ""target_cx_vel_px_s"": 0.0, ""target_age_s"": null, ""lidar_min_m"": 2.19, ""target_lidar_m"": null, ""target_lidar_deg"": null, ""camera_range_m"
2026-07-16T16:15:37.502,124.503,mission_20260716_161333_manual,MANUAL,,0,13.330061912536621,100.99785614013672,-1.9039184327922278,4,True,-1.0,0,-59,59,190100,261229,3.632399797439575,3.7259998798370364,3.6791998386383056,0,0,nan,nan,nan,89,26.0,-10.100000381469727,34.0,0,32,-,READY owner=Surnn refs=24,"{""cmd"": ""STOP"", ""status"": ""READY"", ""detector"": ""yolo"", ""state"": ""IDLE"", ""owner"": ""Surnn"", ""score"": null, ""match_max"": 0.5, ""refs"": 24, ""match_mode"": ""none"", ""steer_zones"": 41, ""people"": 0, ""track_id"": null, ""target_ex"": 0.0, ""target_cx_vel_px_s"": 0.0, ""target_age_s"": null, ""lidar_min_m"": 2.1, ""target_lidar_m"": null, ""target_lidar_deg"": null, ""camera_range_m"""
2026-07-16T16:15:39.505,126.505,mission_20260716_161333_manual,MANUAL,,0,13.330079078674316,100.99784851074219,-1.9409903517295297,4,True,-1.0,1,-109,108,192127,263271,4.161600065231323,4.21560001373291,4.190400123596191,0,0,nan,nan,nan,89,26.100000381469727,-10.300000190734863,34.0,0,32,-,READY owner=Surnn refs=24,"{""cmd"": ""STOP"", ""status"": ""READY"", ""detector"": ""yolo"", ""state"": ""IDLE"", ""owner"": ""Surnn"", ""score"": null, ""match_max"": 0.5, ""refs"": 24, ""match_mode"": ""none"", ""steer_zones"": 41, ""people"": 0, ""track_id"": null, ""target_ex"": 0.0, ""target_cx_vel_px_s"": 0.0, ""target_age_s"": null, ""lidar_min_m"": 1.84, ""target_lidar_m"": null, ""target_lidar_deg"": null, ""camera_range_m"
2026-07-16T16:15:41.559,128.56,mission_20260716_161333_manual,MANUAL,,0,13.330101013183594,100.99784088134766,-1.7998632755514339,4,True,0.9950000047683716,1,-100,99,194588,265730,4.348799800872803,4.424399900436401,4.38480019569397,0,0,nan,nan,nan,89,26.100000381469727,-9.399999618530273,34.0,0,32,-,READY owner=Surnn refs=24,"{""cmd"": ""STOP"", ""status"": ""READY"", ""detector"": ""yolo"", ""state"": ""IDLE"", ""owner"": ""Surnn"", ""score"": null, ""match_max"": 0.5, ""refs"": 24, ""match_mode"": ""none"", ""steer_zones"": 41, ""people"": 0, ""track_id"": null, ""target_ex"": 0.0, ""target_cx_vel_px_s"": 0.0, ""target_age_s"": null, ""lidar_min_m"": 1.69, ""target_lidar_m"": null, ""target_lidar_deg"": null, ""camera_range_m"
2026-07-16T16:15:43.560,130.56,mission_20260716_161333_manual,MANUAL,,0,13.330120086669922,100.99784088134766,-2.313334058907955,4,True,-1.0,1,-124,123,196926,268083,4.593600082397461,4.611600065231324,4.604400157928467,0,0,nan,nan,nan,89,26.0,-8.800000190734863,34.0,0,32,-,READY owner=Surnn refs=24,"{""cmd"": ""STOP"", ""status"": ""READY"", ""detector"": ""yolo"", ""state"": ""IDLE"", ""owner"": ""Surnn"", ""score"": null, ""match_max"": 0.5, ""refs"": 24, ""match_mode"": ""none"", ""steer_zones"": 41, ""people"": 0, ""track_id"": null, ""target_ex"": 0.0, ""target_cx_vel_px_s"": 0.0, ""target_age_s"": null, ""lidar_min_m"": 1.44, ""target_lidar_m"": null, ""target_lidar_deg"": null, ""camera_range_m"
2026-07-16T16:15:45.597,132.598,mission_20260716_161333_manual,MANUAL,,0,13.3301420211792,100.99783325195312,-1.8215207381924865,4,True,1.9205000400543213,1,-57,131,199353,270496,4.4388001441955565,4.309200096130371,4.374000120162964,0,0,nan,nan,nan,89,26.100000381469727,-9.100000381469727,34.0,0,32,-,READY owner=Surnn refs=24,"{""cmd"": ""STOP"", ""status"": ""READY"", ""detector"": ""yolo"", ""state"": ""IDLE"", ""owner"": ""Surnn"", ""score"": null, ""match_max"": 0.5, ""refs"": 24, ""match_mode"": ""none"", ""steer_zones"": 41, ""people"": 0, ""track_id"": null, ""target_ex"": 0.0, ""target_cx_vel_px_s"": 0.0, ""target_age_s"": null, ""lidar_min_m"": 1.91, ""target_lidar_m"": null, ""target_lidar_deg"": null, ""camera_range_m"
2026-07-16T16:15:47.626,134.627,mission_20260716_161333_manual,MANUAL,,0,13.33016300201416,100.9978256225586,-2.399689634688307,4,True,1.8250000476837158,1,-146,59,201618,272763,4.255200147628784,4.406399917602539,4.33079981803894,0,0,nan,nan,nan,89,26.100000381469727,-8.300000190734863,34.0,0,32,-,READY owner=Surnn refs=24,"{""cmd"": ""STOP"", ""status"": ""READY"", ""detector"": ""yolo"", ""state"": ""IDLE"", ""owner"": ""Surnn"", ""score"": null, ""match_max"": 0.5, ""refs"": 24, ""match_mode"": ""none"", ""steer_zones"": 41, ""people"": 0, ""track_id"": null, ""target_ex"": 0.0, ""target_cx_vel_px_s"": 0.0, ""target_age_s"": null, ""lidar_min_m"": 1.76, ""target_lidar_m"": null, ""target_lidar_deg"": null, ""camera_range_m"
2026-07-16T16:15:49.630,136.63,mission_20260716_161333_manual,MANUAL,,0,13.330183982849121,100.99781799316406,-2.4101936118581406,4,True,-1.0,0,-71,70,203814,274975,3.7259998798370364,3.6899999141693116,3.707999897003174,0,0,nan,nan,nan,89,26.100000381469727,-6.599999904632568,34.0,0,32,-,READY owner=Surnn refs=24,"{""cmd"": ""STOP"", ""status"": ""READY"", ""detector"": ""yolo"", ""state"": ""IDLE"", ""owner"": ""Surnn"", ""score"": null, ""match_max"": 0.5, ""refs"": 24, ""match_mode"": ""none"", ""steer_zones"": 41, ""people"": 0, ""track_id"": null, ""target_ex"": 0.0, ""target_cx_vel_px_s"": 0.0, ""target_age_s"": null, ""lidar_min_m"": 2.26, ""target_lidar_m"": null, ""target_lidar_deg"": null, ""camera_range_m"
2026-07-16T16:15:51.630,138.63,mission_20260716_161333_manual,MANUAL,,0,13.330201148986816,100.99781036376953,-2.7888311249133215,4,True,-1.0,0,0,0,205461,276714,0.0,1.5263999819755554,0.7631999909877777,0,0,nan,nan,nan,89,26.100000381469727,-7.199999809265137,34.0,0,31,-,READY owner=Surnn refs=24,"{""cmd"": ""STOP"", ""status"": ""READY"", ""detector"": ""yolo"", ""state"": ""IDLE"", ""owner"": ""Surnn"", ""score"": null, ""match_max"": 0.5, ""refs"": 24, ""match_mode"": ""none"", ""steer_zones"": 41, ""people"": 0, ""track_id"": null, ""target_ex"": 0.0, ""target_cx_vel_px_s"": 0.0, ""target_age_s"": null, ""lidar_min_m"": 3.64, ""target_lidar_m"": null, ""target_lidar_deg"": null, ""camera_range_m"
2026-07-16T16:15:53.630,140.631,mission_20260716_161333_manual,MANUAL,,0,13.330209732055664,100.99781036376953,-3.779232460227265,4,True,-1.0,0,0,78,206348,277621,2.5776000738143923,2.483999991416931,2.530800032615662,0,0,nan,nan,nan,89,26.100000381469727,-10.100000381469727,34.0,0,31,-,READY owner=Surnn refs=24,"{""cmd"": ""STOP"", ""status"": ""READY"", ""detector"": ""yolo"", ""state"": ""IDLE"", ""owner"": ""Surnn"", ""score"": null, ""match_max"": 0.5, ""refs"": 24, ""match_mode"": ""none"", ""steer_zones"": 41, ""people"": 0, ""track_id"": null, ""target_ex"": 0.0, ""target_cx_vel_px_s"": 0.0, ""target_age_s"": null, ""lidar_min_m"": 2.45, ""target_lidar_m"": null, ""target_lidar_deg"": null, ""camera_range_m"
2026-07-16T16:15:55.635,142.635,mission_20260716_161333_manual,MANUAL,,0,13.330219268798828,100.99781036376953,-1.6319079633654683,4,True,-1.0,0,-114,114,207599,278786,3.106799912452698,3.2003999948501587,3.1535999536514283,0,0,nan,nan,nan,89,26.100000381469727,-13.899999618530273,34.0,0,31,-,READY owner=Surnn refs=24,"{""cmd"": ""STOP"", ""status"": ""READY"", ""detector"": ""yolo"", ""state"": ""IDLE"", ""owner"": ""Surnn"", ""score"": null, ""match_max"": 0.5, ""refs"": 24, ""match_mode"": ""none"", ""steer_zones"": 41, ""people"": 0, ""track_id"": null, ""target_ex"": 0.0, ""target_cx_vel_px_s"": 0.0, ""target_age_s"": null, ""lidar_min_m"": 2.07, ""target_lidar_m"": null, ""target_lidar_deg"": null, ""camera_range_m"
2026-07-16T16:15:57.635,144.635,mission_20260716_161333_manual,MANUAL,,0,13.330236434936523,100.997802734375,-2.2268800857148725,4,True,2.1640000343322754,0,-95,113,209638,280827,4.291200113296509,4.237200164794922,4.262400054931641,0,0,nan,nan,nan,89,26.0,-11.199999809265137,34.0,0,31,-,READY owner=Surnn refs=24,"{""cmd"": ""STOP"", ""status"": ""READY"", ""detector"": ""yolo"", ""state"": ""IDLE"", ""owner"": ""Surnn"", ""score"": null, ""match_max"": 0.5, ""refs"": 24, ""match_mode"": ""none"", ""steer_zones"": 41, ""people"": 0, ""track_id"": null, ""target_ex"": 0.0, ""target_cx_vel_px_s"": 0.0, ""target_age_s"": null, ""lidar_min_m"": 1.96, ""target_lidar_m"": null, ""target_lidar_deg"": null, ""camera_range_m"
2026-07-16T16:15:59.750,146.75,mission_20260716_161333_manual,MANUAL,,0,13.3302583694458,100.99779510498047,-1.8774070535288232,4,True,1.9364999532699585,1,-72,71,212114,283313,4.348799800872803,4.460399866104126,4.406399917602539,0,0,nan,nan,nan,89,26.100000381469727,-6.800000190734863,34.0,0,31,-,READY owner=Surnn refs=24,"{""cmd"": ""STOP"", ""status"": ""READY"", ""detector"": ""yolo"", ""state"": ""IDLE"", ""owner"": ""Surnn"", ""score"": null, ""match_max"": 0.5, ""refs"": 24, ""match_mode"": ""none"", ""steer_zones"": 41, ""people"": 0, ""track_id"": null, ""target_ex"": 0.0, ""target_cx_vel_px_s"": 0.0, ""target_age_s"": null, ""lidar_min_m"": 1.95, ""target_lidar_m"": null, ""target_lidar_deg"": null, ""camera_range_m"
2026-07-16T16:16:01.830,148.83,mission_20260716_161333_manual,MANUAL,,0,13.330282211303711,100.99778747558594,-2.8120655074790006,4,True,2.002500057220459,1,-89,88,213952,285200,2.7863999605178833,2.7108000755310058,2.750399994850159,0,0,nan,nan,nan,89,26.100000381469727,-4.300000190734863,34.0,0,32,-,READY owner=Surnn refs=24,"{""cmd"": ""STOP"", ""status"": ""READY"", ""detector"": ""yolo"", ""state"": ""IDLE"", ""owner"": ""Surnn"", ""score"": null, ""match_max"": 0.5, ""refs"": 24, ""match_mode"": ""none"", ""steer_zones"": 41, ""people"": 0, ""track_id"": null, ""target_ex"": 0.0, ""target_cx_vel_px_s"": 0.0, ""target_age_s"": null, ""lidar_min_m"": 2.02, ""target_lidar_m"": null, ""target_lidar_deg"": null, ""camera_range_m"
2026-07-16T16:16:03.834,150.834,mission_20260716_161333_manual,MANUAL,,0,13.330301284790039,100.9977798461914,-3.1170400706658286,4,True,2.0315001010894775,1,-108,107,215688,286943,3.218399977684021,3.312000060081482,3.2652000188827515,0,0,nan,nan,nan,89,26.100000381469727,-9.300000190734863,34.0,0,31,-,READY owner=Surnn refs=24,"{""cmd"": ""STOP"", ""status"": ""READY"", ""detector"": ""yolo"", ""state"": ""IDLE"", ""owner"": ""Surnn"", ""score"": null, ""match_max"": 0.5, ""refs"": 24, ""match_mode"": ""none"", ""steer_zones"": 41, ""people"": 0, ""track_id"": null, ""target_ex"": 0.0, ""target_cx_vel_px_s"": 0.0, ""target_age_s"": null, ""lidar_min_m"": 1.66, ""target_lidar_m"": null, ""target_lidar_deg"": null, ""camera_range_m"
2026-07-16T16:16:05.835,152.835,mission_20260716_161333_manual,MANUAL,,0,13.330315589904785,100.99777221679688,-4.372841639672135,4,True,-1.0,1,0,33,216989,288321,1.504800045490265,1.9584001064300538,1.731600022315979,0,0,nan,nan,nan,89,26.100000381469727,-7.099999904632568,34.0,0,31,-,READY owner=Surnn refs=24,"{""cmd"": ""STOP"", ""status"": ""READY"", ""detector"": ""yolo"", ""state"": ""IDLE"", ""owner"": ""Surnn"", ""score"": null, ""match_max"": 0.5, ""refs"": 24, ""match_mode"": ""none"", ""steer_zones"": 41, ""people"": 0, ""track_id"": null, ""target_ex"": 0.0, ""target_cx_vel_px_s"": 0.0, ""target_age_s"": null, ""lidar_min_m"": 1.55, ""target_lidar_m"": null, ""target_lidar_deg"": null, ""camera_range_m"
2026-07-16T16:16:07.840,154.84,mission_20260716_161333_manual,MANUAL,,0,13.330322265625,100.99777221679688,44.94470404071866,4,True,2.053999900817871,0,0,255,218499,288746,2.0519999742507937,2.221199941635132,2.138399934768677,0,0,nan,nan,nan,89,25.799999237060547,-51.099998474121094,34.0,0,32,-,READY owner=Surnn refs=24,"{""cmd"": ""STOP"", ""status"": ""READY"", ""detector"": ""yolo"", ""state"": ""IDLE"", ""owner"": ""Surnn"", ""score"": null, ""match_max"": 0.5, ""refs"": 24, ""match_mode"": ""none"", ""steer_zones"": 41, ""people"": 0, ""track_id"": null, ""target_ex"": 0.0, ""target_cx_vel_px_s"": 0.0, ""target_age_s"": null, ""lidar_min_m"": 1.22, ""target_lidar_m"": null, ""target_lidar_deg"": null, ""camera_range_m"
2026-07-16T16:16:09.840,156.841,mission_20260716_161333_manual,MANUAL,,0,13.330328941345215,100.9977798461914,76.93109122581909,4,True,-1.0,0,29,255,220372,289233,4.517999982833863,-1.6380000472068788,1.4400000214576723,0,0,nan,nan,nan,89,25.799999237060547,-31.799999237060547,34.0,0,32,-,READY owner=Surnn refs=24,"{""cmd"": ""STOP"", ""status"": ""READY"", ""detector"": ""yolo"", ""state"": ""IDLE"", ""owner"": ""Surnn"", ""score"": null, ""match_max"": 0.5, ""refs"": 24, ""match_mode"": ""none"", ""steer_zones"": 41, ""people"": 0, ""track_id"": null, ""target_ex"": 0.0, ""target_cx_vel_px_s"": 0.0, ""target_age_s"": null, ""lidar_min_m"": 1.12, ""target_lidar_m"": null, ""target_lidar_deg"": null, ""camera_range_m"
2026-07-16T16:16:11.840,158.841,mission_20260716_161333_manual,MANUAL,,0,13.330331802368164,100.99779510498047,84.06536724786997,4,True,-1.0,0,0,152,222248,290954,3.632399797439575,3.351599979400635,3.492000102996826,0,0,nan,nan,nan,89,25.899999618530273,-23.200000762939453,34.0,0,32,-,READY owner=Surnn refs=24,"{""cmd"": ""STOP"", ""status"": ""READY"", ""detector"": ""yolo"", ""state"": ""IDLE"", ""owner"": ""Surnn"", ""score"": null, ""match_max"": 0.5, ""refs"": 24, ""match_mode"": ""none"", ""steer_zones"": 41, ""people"": 0, ""track_id"": null, ""target_ex"": 0.0, ""target_cx_vel_px_s"": 0.0, ""target_age_s"": null, ""lidar_min_m"": 1.8, ""target_lidar_m"": null, ""target_lidar_deg"": null, ""camera_range_m"""
2026-07-16T16:16:13.845,160.846,mission_20260716_161333_manual,MANUAL,,0,13.330333709716797,100.997802734375,91.0643850337871,4,True,-1.0,0,-109,128,223759,292253,3.4272000789642334,3.4812000274658206,3.4559999227523805,0,0,nan,nan,nan,89,26.0,-14.399999618530273,34.0,0,32,-,READY owner=Surnn refs=24,"{""cmd"": ""STOP"", ""status"": ""READY"", ""detector"": ""yolo"", ""state"": ""IDLE"", ""owner"": ""Surnn"", ""score"": null, ""match_max"": 0.5, ""refs"": 24, ""match_mode"": ""none"", ""steer_zones"": 41, ""people"": 0, ""track_id"": null, ""target_ex"": 0.0, ""target_cx_vel_px_s"": 0.0, ""target_age_s"": null, ""lidar_min_m"": 1.62, ""target_lidar_m"": null, ""target_lidar_deg"": null, ""camera_range_m"
2026-07-16T16:16:15.845,162.846,mission_20260716_161333_manual,MANUAL,,0,13.330333709716797,100.99781799316406,96.74665846094166,4,True,-1.0,0,-32,182,225462,293775,3.463200044631958,3.1428000926971436,3.304799938201904,0,0,nan,nan,nan,89,26.0,-13.0,34.0,0,32,-,READY owner=Surnn refs=24,"{""cmd"": ""STOP"", ""status"": ""READY"", ""detector"": ""yolo"", ""state"": ""IDLE"", ""owner"": ""Surnn"", ""score"": null, ""match_max"": 0.5, ""refs"": 24, ""match_mode"": ""none"", ""steer_zones"": 41, ""people"": 0, ""track_id"": null, ""target_ex"": 0.0, ""target_cx_vel_px_s"": 0.0, ""target_age_s"": null, ""lidar_min_m"": 1.68, ""target_lidar_m"": null, ""target_lidar_deg"": null, ""camera_range_m"
2026-07-16T16:16:17.850,164.85,mission_20260716_161333_manual,MANUAL,,0,13.330333709716797,100.99783325195312,100.26057905304896,4,True,-1.0,0,-78,114,227378,295579,3.859200096130371,3.841200113296509,3.848400020599365,0,0,nan,nan,nan,89,26.0,-16.200000762939453,34.0,0,32,-,READY owner=Surnn refs=24,"{""cmd"": ""STOP"", ""status"": ""READY"", ""detector"": ""yolo"", ""state"": ""IDLE"", ""owner"": ""Surnn"", ""score"": null, ""match_max"": 0.5, ""refs"": 24, ""match_mode"": ""none"", ""steer_zones"": 41, ""people"": 0, ""track_id"": null, ""target_ex"": 0.0, ""target_cx_vel_px_s"": 0.0, ""target_age_s"": null, ""lidar_min_m"": 1.67, ""target_lidar_m"": null, ""target_lidar_deg"": null, ""camera_range_m"
2026-07-16T16:16:19.850,166.851,mission_20260716_161333_manual,MANUAL,,0,13.33033275604248,100.99785614013672,98.20087403712908,4,True,-1.0,0,-88,88,229530,297721,4.010399866104126,4.046399831771851,4.028399848937989,0,0,nan,nan,nan,89,26.0,-11.100000381469727,34.0,0,32,-,READY owner=Surnn refs=24,"{""cmd"": ""STOP"", ""status"": ""READY"", ""detector"": ""yolo"", ""state"": ""IDLE"", ""owner"": ""Surnn"", ""score"": null, ""match_max"": 0.5, ""refs"": 24, ""match_mode"": ""none"", ""steer_zones"": 41, ""people"": 0, ""track_id"": null, ""target_ex"": 0.0, ""target_cx_vel_px_s"": 0.0, ""target_age_s"": null, ""lidar_min_m"": 2.05, ""target_lidar_m"": null, ""target_lidar_deg"": null, ""camera_range_m"
2026-07-16T16:16:21.852,168.853,mission_20260716_161333_manual,MANUAL,,0,13.33033275604248,100.99787139892578,95.13848359067299,4,True,-1.0,0,-55,55,231384,299608,3.351599979400635,3.3335999965667726,3.340799903869629,0,0,nan,nan,nan,89,26.100000381469727,-6.099999904632568,34.0,0,32,-,READY owner=Surnn refs=24,"{""cmd"": ""STOP"", ""status"": ""READY"", ""detector"": ""yolo"", ""state"": ""IDLE"", ""owner"": ""Surnn"", ""score"": null, ""match_max"": 0.5, ""refs"": 24, ""match_mode"": ""none"", ""steer_zones"": 41, ""people"": 0, ""track_id"": null, ""target_ex"": 0.0, ""target_cx_vel_px_s"": 0.0, ""target_age_s"": null, ""lidar_min_m"": 2.0, ""target_lidar_m"": null, ""target_lidar_deg"": null, ""camera_range_m"""
2026-07-16T16:16:23.866,170.867,mission_20260716_161333_manual,MANUAL,,0,13.33033275604248,100.99788665771484,92.78684262924843,4,True,-1.0,0,-109,108,233159,301393,3.312000060081482,3.29400007724762,3.304799938201904,0,0,nan,nan,nan,89,26.0,-10.100000381469727,34.0,0,32,-,READY owner=Surnn refs=24,"{""cmd"": ""STOP"", ""status"": ""READY"", ""detector"": ""yolo"", ""state"": ""IDLE"", ""owner"": ""Surnn"", ""score"": null, ""match_max"": 0.5, ""refs"": 24, ""match_mode"": ""none"", ""steer_zones"": 41, ""people"": 0, ""track_id"": null, ""target_ex"": 0.0, ""target_cx_vel_px_s"": 0.0, ""target_age_s"": null, ""lidar_min_m"": 1.69, ""target_lidar_m"": null, ""target_lidar_deg"": null, ""camera_range_m"
2026-07-16T16:16:25.871,172.872,mission_20260716_161333_manual,MANUAL,,0,13.33033275604248,100.9979019165039,93.14852846655728,4,True,-1.0,0,-20,188,235007,303201,3.9168002128601076,3.445200061798096,3.6791998386383056,0,0,nan,nan,nan,89,26.0,-8.100000381469727,34.0,0,32,-,READY owner=Surnn refs=24,"{""cmd"": ""STOP"", ""status"": ""READY"", ""detector"": ""yolo"", ""state"": ""IDLE"", ""owner"": ""Surnn"", ""score"": null, ""match_max"": 0.5, ""refs"": 24, ""match_mode"": ""none"", ""steer_zones"": 41, ""people"": 0, ""track_id"": null, ""target_ex"": 0.0, ""target_cx_vel_px_s"": 0.0, ""target_age_s"": null, ""lidar_min_m"": 2.32, ""target_lidar_m"": null, ""target_lidar_deg"": null, ""camera_range_m"
2026-07-16T16:16:27.872,174.872,mission_20260716_161333_manual,MANUAL,,0,13.330330848693848,100.99791717529297,106.87594511328646,4,True,-1.0,0,-89,116,236733,304488,3.5567999124526977,3.614399814605713,3.585599970817566,0,0,nan,nan,nan,89,26.0,-29.0,34.0,0,31,-,READY owner=Surnn refs=24,"{""cmd"": ""STOP"", ""status"": ""READY"", ""detector"": ""yolo"", ""state"": ""IDLE"", ""owner"": ""Surnn"", ""score"": null, ""match_max"": 0.5, ""refs"": 24, ""match_mode"": ""none"", ""steer_zones"": 41, ""people"": 0, ""track_id"": null, ""target_ex"": 0.0, ""target_cx_vel_px_s"": 0.0, ""target_age_s"": null, ""lidar_min_m"": 1.35, ""target_lidar_m"": null, ""target_lidar_deg"": null, ""camera_range_m"
2026-07-16T16:16:29.875,176.876,mission_20260716_161333_manual,MANUAL,,0,13.330326080322266,100.99794006347656,105.6014727952971,4,True,-1.0,0,-34,27,238724,306481,3.671999931335449,3.4812000274658206,3.5784000635147097,0,0,nan,nan,nan,89,26.0,-10.800000190734863,34.0,0,31,-,READY owner=Surnn refs=24,"{""cmd"": ""STOP"", ""status"": ""READY"", ""detector"": ""yolo"", ""state"": ""IDLE"", ""owner"": ""Surnn"", ""score"": null, ""match_max"": 0.5, ""refs"": 24, ""match_mode"": ""none"", ""steer_zones"": 41, ""people"": 0, ""track_id"": null, ""target_ex"": 0.0, ""target_cx_vel_px_s"": 0.0, ""target_age_s"": null, ""lidar_min_m"": 1.47, ""target_lidar_m"": null, ""target_lidar_deg"": null, ""camera_range_m"
2026-07-16T16:16:31.880,178.88,mission_20260716_161333_manual,MANUAL,,0,13.330326080322266,100.9979476928711,103.7258345473199,4,True,-1.0,0,0,0,238917,306725,0.0,0.0,0.0,0,0,nan,nan,nan,89,26.100000381469727,-1.399999976158142,34.0,0,31,-,READY owner=Surnn refs=24,"{""cmd"": ""STOP"", ""status"": ""READY"", ""detector"": ""yolo"", ""state"": ""IDLE"", ""owner"": ""Surnn"", ""score"": null, ""match_max"": 0.5, ""refs"": 24, ""match_mode"": ""none"", ""steer_zones"": 41, ""people"": 0, ""track_id"": null, ""target_ex"": 0.0, ""target_cx_vel_px_s"": 0.0, ""target_age_s"": null, ""lidar_min_m"": 1.23, ""target_lidar_m"": null, ""target_lidar_deg"": null, ""camera_range_m"
2026-07-16T16:16:33.881,180.882,mission_20260716_161333_manual,MANUAL,,0,13.330327033996582,100.9979476928711,101.59431692246652,4,True,-1.0,0,-78,78,239236,307071,1.3175999879837037,1.1484000205993652,1.2347999811172485,0,0,nan,nan,nan,89,26.100000381469727,-3.5,34.0,0,31,-,READY owner=Surnn refs=24,"{""cmd"": ""STOP"", ""status"": ""READY"", ""detector"": ""yolo"", ""state"": ""IDLE"", ""owner"": ""Surnn"", ""score"": null, ""match_max"": 0.5, ""refs"": 24, ""match_mode"": ""none"", ""steer_zones"": 41, ""people"": 0, ""track_id"": null, ""target_ex"": 0.0, ""target_cx_vel_px_s"": 0.0, ""target_age_s"": null, ""lidar_min_m"": 0.77, ""target_lidar_m"": null, ""target_lidar_deg"": null, ""camera_range_m"
2026-07-16T16:16:35.885,182.885,mission_20260716_161333_manual,MANUAL,,0,13.330326080322266,100.9979476928711,99.58816058963954,4,True,-1.0,0,0,0,239644,307488,0.0,0.0,0.0,0,0,nan,nan,nan,89,26.100000381469727,-6.699999809265137,34.0,0,30,-,READY owner=Surnn refs=24,"{""cmd"": ""STOP"", ""status"": ""READY"", ""detector"": ""yolo"", ""state"": ""IDLE"", ""owner"": ""Surnn"", ""score"": null, ""match_max"": 0.5, ""refs"": 24, ""match_mode"": ""none"", ""steer_zones"": 41, ""people"": 0, ""track_id"": null, ""target_ex"": 0.0, ""target_cx_vel_px_s"": 0.0, ""target_age_s"": null, ""lidar_min_m"": 1.25, ""target_lidar_m"": null, ""target_lidar_deg"": null, ""camera_range_m"
2026-07-16T16:16:37.885,184.885,mission_20260716_161333_manual,MANUAL,,0,13.330327033996582,100.9979476928711,98.25612343732531,4,True,-1.0,0,0,0,239643,307486,0.0,0.0,0.0,0,0,nan,nan,nan,89,26.100000381469727,-1.5,34.0,0,30,-,READY owner=Surnn refs=24,"{""cmd"": ""STOP"", ""status"": ""READY"", ""detector"": ""yolo"", ""state"": ""IDLE"", ""owner"": ""Surnn"", ""score"": null, ""match_max"": 0.5, ""refs"": 24, ""match_mode"": ""none"", ""steer_zones"": 41, ""people"": 0, ""track_id"": null, ""target_ex"": 0.0, ""target_cx_vel_px_s"": 0.0, ""target_age_s"": null, ""lidar_min_m"": 0.81, ""target_lidar_m"": null, ""target_lidar_deg"": null, ""camera_range_m"
2026-07-16T16:16:39.890,186.89,mission_20260716_161333_manual,MANUAL,,0,13.330327033996582,100.9979476928711,97.25185340290166,4,True,0.7264999747276306,1,24,195,239904,307718,1.5623999476432802,1.5443999648094178,1.5515999794006348,0,0,nan,nan,nan,88,26.100000381469727,-1.2999999523162842,34.0,0,30,-,READY owner=Surnn refs=24,"{""cmd"": ""STOP"", ""status"": ""READY"", ""detector"": ""yolo"", ""state"": ""IDLE"", ""owner"": ""Surnn"", ""score"": null, ""match_max"": 0.5, ""refs"": 24, ""match_mode"": ""none"", ""steer_zones"": 41, ""people"": 0, ""track_id"": null, ""target_ex"": 0.0, ""target_cx_vel_px_s"": 0.0, ""target_age_s"": null, ""lidar_min_m"": 0.54, ""target_lidar_m"": null, ""target_lidar_deg"": null, ""camera_range_m"
2026-07-16T16:16:41.890,188.89,mission_20260716_161333_manual,MANUAL,,0,13.330323219299316,100.99795532226562,137.79507767453197,4,True,-1.0,0,21,84,240766,308050,1.7712000489234925,2.2031999588012696,1.9871999502182007,0,0,nan,nan,nan,88,25.700000762939453,-51.29999923706055,34.0,0,30,-,READY owner=Surnn refs=24,"{""cmd"": ""STOP"", ""status"": ""READY"", ""detector"": ""yolo"", ""state"": ""IDLE"", ""owner"": ""Surnn"", ""score"": null, ""match_max"": 0.5, ""refs"": 24, ""match_mode"": ""none"", ""steer_zones"": 41, ""people"": 0, ""track_id"": null, ""target_ex"": 0.0, ""target_cx_vel_px_s"": 0.0, ""target_age_s"": null, ""lidar_min_m"": 1.32, ""target_lidar_m"": null, ""target_lidar_deg"": null, ""camera_range_m"
2026-07-16T16:16:43.895,190.895,mission_20260716_161333_manual,MANUAL,,0,13.330318450927734,100.99795532226562,155.13191461834356,4,True,-1.0,0,-23,211,241396,308129,3.1428000926971436,1.2240000128746034,2.1851999759674072,0,0,nan,nan,nan,88,25.600000381469727,-38.599998474121094,34.0,0,30,-,READY owner=Surnn refs=24,"{""cmd"": ""STOP"", ""status"": ""READY"", ""detector"": ""yolo"", ""state"": ""IDLE"", ""owner"": ""Surnn"", ""score"": null, ""match_max"": 0.5, ""refs"": 24, ""match_mode"": ""none"", ""steer_zones"": 41, ""people"": 0, ""track_id"": null, ""target_ex"": 0.0, ""target_cx_vel_px_s"": 0.0, ""target_age_s"": null, ""lidar_min_m"": 2.21, ""target_lidar_m"": null, ""target_lidar_deg"": null, ""camera_range_m"
2026-07-16T16:16:45.939,192.939,mission_20260716_161333_manual,MANUAL,,0,13.330305099487305,100.99795532226562,157.11798336482153,4,True,1.5625,1,-98,97,242762,309799,0.0,2.1456000566482545,1.0728000283241272,0,0,nan,nan,nan,88,25.899999618530273,-19.600000381469727,34.0,0,29,-,READY owner=Surnn refs=24,"{""cmd"": ""STOP"", ""status"": ""READY"", ""detector"": ""yolo"", ""state"": ""IDLE"", ""owner"": ""Surnn"", ""score"": null, ""match_max"": 0.5, ""refs"": 24, ""match_mode"": ""none"", ""steer_zones"": 41, ""people"": 0, ""track_id"": null, ""target_ex"": 0.0, ""target_cx_vel_px_s"": 0.0, ""target_age_s"": null, ""lidar_min_m"": 1.6, ""target_lidar_m"": null, ""target_lidar_deg"": null, ""camera_range_m"""
2026-07-16T16:16:47.947,194.948,mission_20260716_161333_manual,MANUAL,,0,13.330294609069824,100.99796295166016,154.8328206345887,4,True,-1.0,0,-72,107,242788,310970,0.0,1.731600022315979,0.8675999879837036,0,0,nan,nan,nan,88,26.0,-29.100000381469727,34.0,0,30,-,READY owner=Surnn refs=24,"{""cmd"": ""STOP"", ""status"": ""READY"", ""detector"": ""yolo"", ""state"": ""IDLE"", ""owner"": ""Surnn"", ""score"": null, ""match_max"": 0.5, ""refs"": 24, ""match_mode"": ""none"", ""steer_zones"": 41, ""people"": 0, ""track_id"": null, ""target_ex"": 0.0, ""target_cx_vel_px_s"": 0.0, ""target_age_s"": null, ""lidar_min_m"": 1.69, ""target_lidar_m"": null, ""target_lidar_deg"": null, ""camera_range_m"
2026-07-16T16:16:49.978,196.978,mission_20260716_161333_manual,MANUAL,,0,13.330286979675293,100.99796295166016,-140.77895509647877,4,True,1.8865000009536743,1,-21,21,244049,310809,0.0,0.0,0.0,0,0,nan,nan,nan,88,25.700000762939453,-41.0,34.0,0,29,-,READY owner=Surnn refs=24,"{""cmd"": ""STOP"", ""status"": ""READY"", ""detector"": ""yolo"", ""state"": ""IDLE"", ""owner"": ""Surnn"", ""score"": null, ""match_max"": 0.5, ""refs"": 24, ""match_mode"": ""none"", ""steer_zones"": 41, ""people"": 0, ""track_id"": null, ""target_ex"": 0.0, ""target_cx_vel_px_s"": 0.0, ""target_age_s"": null, ""lidar_min_m"": 1.89, ""target_lidar_m"": null, ""target_lidar_deg"": null, ""camera_range_m"
2026-07-16T16:16:52.062,199.063,mission_20260716_161333_manual,MANUAL,,0,13.330286979675293,100.99795532226562,-119.54832292949128,4,True,1.468999981880188,1,-121,120,244401,311562,1.7496000051498413,3.312000060081482,2.530800032615662,0,0,nan,nan,nan,88,25.899999618530273,-20.299999237060547,34.0,0,29,-,READY owner=Surnn refs=24,"{""cmd"": ""STOP"", ""status"": ""READY"", ""detector"": ""yolo"", ""state"": ""IDLE"", ""owner"": ""Surnn"", ""score"": null, ""match_max"": 0.5, ""refs"": 24, ""match_mode"": ""none"", ""steer_zones"": 41, ""people"": 0, ""track_id"": null, ""target_ex"": 0.0, ""target_cx_vel_px_s"": 0.0, ""target_age_s"": null, ""lidar_min_m"": 1.33, ""target_lidar_m"": null, ""target_lidar_deg"": null, ""camera_range_m"
2026-07-16T16:16:54.065,201.066,mission_20260716_161333_manual,MANUAL,,0,13.330284118652344,100.9979476928711,-136.6081137401888,4,True,-1.0,1,-121,85,245148,313396,2.8980000257492065,3.0887999296188355,2.9915998935699464,0,0,nan,nan,nan,88,25.899999618530273,-16.200000762939453,34.0,0,30,-,READY owner=Surnn refs=24,"{""cmd"": ""STOP"", ""status"": ""READY"", ""detector"": ""yolo"", ""state"": ""IDLE"", ""owner"": ""Surnn"", ""score"": null, ""match_max"": 0.5, ""refs"": 24, ""match_mode"": ""none"", ""steer_zones"": 41, ""people"": 0, ""track_id"": null, ""target_ex"": 0.0, ""target_cx_vel_px_s"": 0.0, ""target_age_s"": null, ""lidar_min_m"": 1.3, ""target_lidar_m"": null, ""target_lidar_deg"": null, ""camera_range_m"""
2026-07-16T16:16:56.085,203.086,mission_20260716_161333_manual,MANUAL,,0,13.330281257629395,100.99794006347656,-170.27074204573168,4,True,1.559000015258789,1,0,0,245577,314809,0.0,0.0,0.0,0,0,nan,nan,nan,88,26.100000381469727,-25.799999237060547,34.0,0,31,-,READY owner=Surnn refs=24,"{""cmd"": ""STOP"", ""status"": ""READY"", ""detector"": ""yolo"", ""state"": ""IDLE"", ""owner"": ""Surnn"", ""score"": null, ""match_max"": 0.5, ""refs"": 24, ""match_mode"": ""none"", ""steer_zones"": 41, ""people"": 0, ""track_id"": null, ""target_ex"": 0.0, ""target_cx_vel_px_s"": 0.0, ""target_age_s"": null, ""lidar_min_m"": 1.65, ""target_lidar_m"": null, ""target_lidar_deg"": null, ""camera_range_m"
2026-07-16T16:16:58.147,205.147,mission_20260716_161333_manual,MANUAL,,0,13.33027458190918,100.99793243408203,-171.32132076272802,4,True,1.19350004196167,1,-110,-70,246093,315382,0.622799974679947,0.7919999957084656,0.705599981546402,0,0,nan,nan,nan,88,26.0,-5.400000095367432,34.0,0,30,-,READY owner=Surnn refs=24,"{""cmd"": ""STOP"", ""status"": ""READY"", ""detector"": ""yolo"", ""state"": ""IDLE"", ""owner"": ""Surnn"", ""score"": null, ""match_max"": 0.5, ""refs"": 24, ""match_mode"": ""none"", ""steer_zones"": 41, ""people"": 0, ""track_id"": null, ""target_ex"": 0.0, ""target_cx_vel_px_s"": 0.0, ""target_age_s"": null, ""lidar_min_m"": 1.53, ""target_lidar_m"": null, ""target_lidar_deg"": null, ""camera_range_m"
2026-07-16T16:17:00.257,207.258,mission_20260716_161333_manual,MANUAL,,0,13.33027172088623,100.99793243408203,165.55728314101924,4,True,0.9394999742507935,1,31,-33,246212,315987,0.0,0.0,0.0,0,0,nan,nan,nan,88,26.100000381469727,-19.600000381469727,34.0,0,29,-,READY owner=Surnn refs=24,"{""cmd"": ""STOP"", ""status"": ""READY"", ""detector"": ""yolo"", ""state"": ""IDLE"", ""owner"": ""Surnn"", ""score"": null, ""match_max"": 0.5, ""refs"": 24, ""match_mode"": ""none"", ""steer_zones"": 41, ""people"": 0, ""track_id"": null, ""target_ex"": 0.0, ""target_cx_vel_px_s"": 0.0, ""target_age_s"": null, ""lidar_min_m"": 0.94, ""target_lidar_m"": null, ""target_lidar_deg"": null, ""camera_range_m"
2026-07-16T16:17:02.364,209.365,mission_20260716_161333_manual,MANUAL,,0,13.33027458190918,100.99793243408203,162.71514580472854,4,True,0.8934999704360962,1,-91,-91,246210,316052,0.0,0.5076000094413757,0.2556000083684921,0,0,nan,nan,nan,88,25.899999618530273,-4.099999904632568,34.0,0,30,-,READY owner=Surnn refs=24,"{""cmd"": ""STOP"", ""status"": ""READY"", ""detector"": ""yolo"", ""state"": ""IDLE"", ""owner"": ""Surnn"", ""score"": null, ""match_max"": 0.5, ""refs"": 24, ""match_mode"": ""none"", ""steer_zones"": 41, ""people"": 0, ""track_id"": null, ""target_ex"": 0.0, ""target_cx_vel_px_s"": 0.0, ""target_age_s"": null, ""lidar_min_m"": 0.79, ""target_lidar_m"": null, ""target_lidar_deg"": null, ""camera_range_m"
2026-07-16T16:17:04.411,211.411,mission_20260716_161333_manual,MANUAL,,0,13.330275535583496,100.99793243408203,157.36942994892635,4,True,0.8134999871253967,1,-42,40,246532,316566,1.9403999090194703,1.9007999897003174,1.9187999725341798,0,0,nan,nan,nan,88,26.0,-9.600000381469727,34.0,0,30,-,READY owner=Surnn refs=24,"{""cmd"": ""STOP"", ""status"": ""READY"", ""detector"": ""yolo"", ""state"": ""IDLE"", ""owner"": ""Surnn"", ""score"": null, ""match_max"": 0.5, ""refs"": 24, ""match_mode"": ""none"", ""steer_zones"": 41, ""people"": 0, ""track_id"": null, ""target_ex"": 0.0, ""target_cx_vel_px_s"": 0.0, ""target_age_s"": null, ""lidar_min_m"": 0.55, ""target_lidar_m"": null, ""target_lidar_deg"": null, ""camera_range_m"
2026-07-16T16:17:06.498,213.498,mission_20260716_161333_manual,MANUAL,,0,13.330272674560547,100.99793243408203,153.22763055698732,4,True,0.6585000157356262,1,-59,57,247106,317205,0.0,0.0,0.0,0,0,nan,nan,nan,88,26.100000381469727,-3.5999999046325684,34.0,0,28,-,READY owner=Surnn refs=24,"{""cmd"": ""STOP"", ""status"": ""READY"", ""detector"": ""yolo"", ""state"": ""IDLE"", ""owner"": ""Surnn"", ""score"": null, ""match_max"": 0.5, ""refs"": 24, ""match_mode"": ""none"", ""steer_zones"": 41, ""people"": 0, ""track_id"": null, ""target_ex"": 0.0, ""target_cx_vel_px_s"": 0.0, ""target_age_s"": null, ""lidar_min_m"": 0.64, ""target_lidar_m"": null, ""target_lidar_deg"": null, ""camera_range_m"
2026-07-16T16:17:08.617,215.618,mission_20260716_161333_manual,MANUAL,,0,13.330272674560547,100.99793243408203,151.58995609969335,4,True,0.6962500214576721,1,0,0,247419,317528,0.0,0.0,0.0,0,0,nan,nan,nan,88,26.100000381469727,-3.299999952316284,34.0,0,27,-,READY owner=Surnn refs=24,"{""cmd"": ""STOP"", ""status"": ""READY"", ""detector"": ""yolo"", ""state"": ""IDLE"", ""owner"": ""Surnn"", ""score"": null, ""match_max"": 0.5, ""refs"": 24, ""match_mode"": ""none"", ""steer_zones"": 41, ""people"": 0, ""track_id"": null, ""target_ex"": 0.0, ""target_cx_vel_px_s"": 0.0, ""target_age_s"": null, ""lidar_min_m"": 0.66, ""target_lidar_m"": null, ""target_lidar_deg"": null, ""camera_range_m"
2026-07-16T16:17:10.705,217.705,mission_20260716_161333_manual,MANUAL,,0,13.330272674560547,100.9979248046875,150.09958150203988,4,True,0.6922500133514404,1,0,0,247621,317742,0.0,0.0,0.0,0,0,nan,nan,nan,88,26.100000381469727,-4.300000190734863,34.0,0,28,-,READY owner=Surnn refs=24,"{""cmd"": ""STOP"", ""status"": ""READY"", ""detector"": ""yolo"", ""state"": ""IDLE"", ""owner"": ""Surnn"", ""score"": null, ""match_max"": 0.5, ""refs"": 24, ""match_mode"": ""none"", ""steer_zones"": 41, ""people"": 0, ""track_id"": null, ""target_ex"": 0.0, ""target_cx_vel_px_s"": 0.0, ""target_age_s"": null, ""lidar_min_m"": 0.69, ""target_lidar_m"": null, ""target_lidar_deg"": null, ""camera_range_m"
2026-07-16T16:17:12.709,219.709,mission_20260716_161333_manual,MANUAL,,0,13.330278396606445,100.9979248046875,149.4619560222625,4,True,0.6862499713897705,1,0,0,247616,317734,0.0,0.0,0.0,0,0,nan,nan,nan,88,26.100000381469727,-1.5,34.0,0,30,-,READY owner=Surnn refs=24,"{""cmd"": ""STOP"", ""status"": ""READY"", ""detector"": ""yolo"", ""state"": ""IDLE"", ""owner"": ""Surnn"", ""score"": null, ""match_max"": 0.5, ""refs"": 24, ""match_mode"": ""none"", ""steer_zones"": 41, ""people"": 0, ""track_id"": null, ""target_ex"": 0.0, ""target_cx_vel_px_s"": 0.0, ""target_age_s"": null, ""lidar_min_m"": 0.68, ""target_lidar_m"": null, ""target_lidar_deg"": null, ""camera_range_m"
2026-07-16T16:17:14.733,221.733,mission_20260716_161333_manual,MANUAL,,0,13.330282211303711,100.99791717529297,148.63031218892178,4,True,0.6862499713897705,1,0,0,247616,317734,0.0,0.0,0.0,0,0,nan,nan,nan,88,26.100000381469727,-1.399999976158142,34.0,0,29,-,READY owner=Surnn refs=24,"{""cmd"": ""STOP"", ""status"": ""READY"", ""detector"": ""yolo"", ""state"": ""IDLE"", ""owner"": ""Surnn"", ""score"": null, ""match_max"": 0.5, ""refs"": 24, ""match_mode"": ""none"", ""steer_zones"": 41, ""people"": 0, ""track_id"": null, ""target_ex"": 0.0, ""target_cx_vel_px_s"": 0.0, ""target_age_s"": null, ""lidar_min_m"": 0.68, ""target_lidar_m"": null, ""target_lidar_deg"": null, ""camera_range_m"
2026-07-16T16:17:16.738,223.738,mission_20260716_161333_manual,MANUAL,,0,13.330283164978027,100.99791717529297,147.7542584655976,4,True,0.6859999895095825,1,0,0,247616,317734,0.0,0.0,0.0,0,0,nan,nan,nan,88,26.100000381469727,-1.399999976158142,34.0,0,29,-,READY owner=Surnn refs=24,"{""cmd"": ""STOP"", ""status"": ""READY"", ""detector"": ""yolo"", ""state"": ""IDLE"", ""owner"": ""Surnn"", ""score"": null, ""match_max"": 0.5, ""refs"": 24, ""match_mode"": ""none"", ""steer_zones"": 41, ""people"": 0, ""track_id"": null, ""target_ex"": 0.0, ""target_cx_vel_px_s"": 0.0, ""target_age_s"": null, ""lidar_min_m"": 0.68, ""target_lidar_m"": null, ""target_lidar_deg"": null, ""camera_range_m"
2026-07-16T16:17:18.758,225.758,mission_20260716_161333_manual,MANUAL,,0,13.330284118652344,100.99791717529297,147.0224583375441,4,True,0.6869999766349792,1,0,0,247616,317734,0.0,0.0,0.0,0,0,nan,nan,nan,88,26.200000762939453,0.0,34.0,0,29,-,READY owner=Surnn refs=24,"{""cmd"": ""STOP"", ""status"": ""READY"", ""detector"": ""yolo"", ""state"": ""IDLE"", ""owner"": ""Surnn"", ""score"": null, ""match_max"": 0.5, ""refs"": 24, ""match_mode"": ""none"", ""steer_zones"": 41, ""people"": 0, ""track_id"": null, ""target_ex"": 0.0, ""target_cx_vel_px_s"": 0.0, ""target_age_s"": null, ""lidar_min_m"": 0.68, ""target_lidar_m"": null, ""target_lidar_deg"": null, ""camera_range_m"
2026-07-16T16:17:20.766,227.767,mission_20260716_161333_manual,MANUAL,,0,13.33028507232666,100.99790954589844,146.350012553378,4,True,0.6867499947547913,1,0,0,247616,317734,0.0,0.0,0.0,0,0,nan,nan,nan,88,26.200000762939453,0.0,34.0,0,28,-,READY owner=Surnn refs=24,"{""cmd"": ""STOP"", ""status"": ""READY"", ""detector"": ""yolo"", ""state"": ""IDLE"", ""owner"": ""Surnn"", ""score"": null, ""match_max"": 0.5, ""refs"": 24, ""match_mode"": ""none"", ""steer_zones"": 41, ""people"": 0, ""track_id"": null, ""target_ex"": 0.0, ""target_cx_vel_px_s"": 0.0, ""target_age_s"": null, ""lidar_min_m"": 0.68, ""target_lidar_m"": null, ""target_lidar_deg"": null, ""camera_range_m"
2026-07-16T16:17:22.774,229.774,mission_20260716_161333_manual,MANUAL,,0,13.330286979675293,100.99790954589844,145.7190396778522,4,True,0.6865000128746033,1,0,0,247616,317734,0.0,0.0,0.0,0,0,nan,nan,nan,88,26.200000762939453,0.0,34.0,0,28,-,READY owner=Surnn refs=24,"{""cmd"": ""STOP"", ""status"": ""READY"", ""detector"": ""yolo"", ""state"": ""IDLE"", ""owner"": ""Surnn"", ""score"": null, ""match_max"": 0.5, ""refs"": 24, ""match_mode"": ""none"", ""steer_zones"": 41, ""people"": 0, ""track_id"": null, ""target_ex"": 0.0, ""target_cx_vel_px_s"": 0.0, ""target_age_s"": null, ""lidar_min_m"": 0.68, ""target_lidar_m"": null, ""target_lidar_deg"": null, ""camera_range_m"
2026-07-16T16:17:24.889,231.889,mission_20260716_161333_manual,MANUAL,,0,13.33028793334961,100.99790954589844,145.17198250646922,4,True,0.6859999895095825,1,0,0,247616,317736,0.0,0.0,0.0,0,0,nan,nan,nan,88,26.200000762939453,0.0,34.0,0,28,-,READY owner=Surnn refs=24,"{""cmd"": ""STOP"", ""status"": ""READY"", ""detector"": ""yolo"", ""state"": ""IDLE"", ""owner"": ""Surnn"", ""score"": null, ""match_max"": 0.5, ""refs"": 24, ""match_mode"": ""none"", ""steer_zones"": 41, ""people"": 0, ""track_id"": null, ""target_ex"": 0.0, ""target_cx_vel_px_s"": 0.0, ""target_age_s"": null, ""lidar_min_m"": 0.68, ""target_lidar_m"": null, ""target_lidar_deg"": null, ""camera_range_m"
2026-07-16T16:17:26.891,233.891,mission_20260716_161333_manual,MANUAL,,0,13.330288887023926,100.9979019165039,144.67601515007792,4,True,0.6859999895095825,1,0,0,247616,317735,0.0,0.0,0.0,0,0,nan,nan,nan,88,26.200000762939453,0.0,34.0,0,28,-,READY owner=Surnn refs=24,"{""cmd"": ""STOP"", ""status"": ""READY"", ""detector"": ""yolo"", ""state"": ""IDLE"", ""owner"": ""Surnn"", ""score"": null, ""match_max"": 0.5, ""refs"": 24, ""match_mode"": ""none"", ""steer_zones"": 41, ""people"": 0, ""track_id"": null, ""target_ex"": 0.0, ""target_cx_vel_px_s"": 0.0, ""target_age_s"": null, ""lidar_min_m"": 0.68, ""target_lidar_m"": null, ""target_lidar_deg"": null, ""camera_range_m"
2026-07-16T16:17:28.891,235.892,mission_20260716_161333_manual,MANUAL,,0,13.330289840698242,100.9979019165039,144.1741055291087,4,True,0.6859999895095825,1,0,0,247616,317735,0.0,0.0,0.0,0,0,nan,nan,nan,88,26.200000762939453,0.0,34.0,0,28,-,READY owner=Surnn refs=24,"{""cmd"": ""STOP"", ""status"": ""READY"", ""detector"": ""yolo"", ""state"": ""IDLE"", ""owner"": ""Surnn"", ""score"": null, ""match_max"": 0.5, ""refs"": 24, ""match_mode"": ""none"", ""steer_zones"": 41, ""people"": 0, ""track_id"": null, ""target_ex"": 0.0, ""target_cx_vel_px_s"": 0.0, ""target_age_s"": null, ""lidar_min_m"": 0.68, ""target_lidar_m"": null, ""target_lidar_deg"": null, ""camera_range_m"
2026-07-16T16:17:31.011,238.012,mission_20260716_161333_manual,MANUAL,,0,13.330289840698242,100.9979019165039,143.81964603194172,4,True,0.6862499713897705,1,0,0,247616,317735,0.0,0.0,0.0,0,0,nan,nan,nan,88,26.200000762939453,0.0,33.0,0,28,-,READY owner=Surnn refs=24,"{""cmd"": ""STOP"", ""status"": ""READY"", ""detector"": ""yolo"", ""state"": ""IDLE"", ""owner"": ""Surnn"", ""score"": null, ""match_max"": 0.5, ""refs"": 24, ""match_mode"": ""none"", ""steer_zones"": 41, ""people"": 0, ""track_id"": null, ""target_ex"": 0.0, ""target_cx_vel_px_s"": 0.0, ""target_age_s"": null, ""lidar_min_m"": 0.37, ""target_lidar_m"": null, ""target_lidar_deg"": null, ""camera_range_m"
2026-07-16T16:17:33.019,240.019,mission_20260716_161333_manual,MANUAL,,0,13.33028793334961,100.9979019165039,143.7156222508824,4,True,0.6859999895095825,1,0,0,247616,317733,0.0,0.0,0.0,0,0,nan,nan,nan,88,26.200000762939453,0.0,33.0,0,28,-,READY owner=Surnn refs=24,"{""cmd"": ""STOP"", ""status"": ""READY"", ""detector"": ""yolo"", ""state"": ""IDLE"", ""owner"": ""Surnn"", ""score"": null, ""match_max"": 0.5, ""refs"": 24, ""match_mode"": ""none"", ""steer_zones"": 41, ""people"": 0, ""track_id"": null, ""target_ex"": 0.0, ""target_cx_vel_px_s"": 0.0, ""target_age_s"": null, ""lidar_min_m"": 0.24, ""target_lidar_m"": null, ""target_lidar_deg"": null, ""camera_range_m"
2026-07-16T16:17:35.031,242.032,mission_20260716_161333_manual,MANUAL,,0,13.330286979675293,100.9979019165039,143.6154780172717,4,True,0.6882500052452087,1,0,0,247616,317731,0.0,0.0,0.0,0,0,nan,nan,nan,88,26.200000762939453,0.0,33.0,0,29,-,READY owner=Surnn refs=24,"{""cmd"": ""STOP"", ""status"": ""READY"", ""detector"": ""yolo"", ""state"": ""IDLE"", ""owner"": ""Surnn"", ""score"": null, ""match_max"": 0.5, ""refs"": 24, ""match_mode"": ""none"", ""steer_zones"": 41, ""people"": 0, ""track_id"": null, ""target_ex"": 0.0, ""target_cx_vel_px_s"": 0.0, ""target_age_s"": null, ""lidar_min_m"": 0.26, ""target_lidar_m"": null, ""target_lidar_deg"": null, ""camera_range_m"
2026-07-16T16:17:37.147,244.147,mission_20260716_161333_manual,MANUAL,,0,13.330286026000977,100.9979019165039,143.56608208919417,4,True,0.6875,1,0,0,247616,317730,0.0,0.0,0.0,0,0,nan,nan,nan,88,26.200000762939453,0.0,33.0,0,29,-,READY owner=Surnn refs=24,"{""cmd"": ""STOP"", ""status"": ""READY"", ""detector"": ""yolo"", ""state"": ""IDLE"", ""owner"": ""Surnn"", ""score"": null, ""match_max"": 0.5, ""refs"": 24, ""match_mode"": ""none"", ""steer_zones"": 41, ""people"": 0, ""track_id"": null, ""target_ex"": 0.0, ""target_cx_vel_px_s"": 0.0, ""target_age_s"": null, ""lidar_min_m"": 0.62, ""target_lidar_m"": null, ""target_lidar_deg"": null, ""camera_range_m"
2026-07-16T16:17:39.150,246.15,mission_20260716_161333_manual,MANUAL,,0,13.330283164978027,100.9979019165039,143.48672895141695,4,True,0.6867499947547913,1,0,0,247616,317730,0.0,0.0,0.0,0,0,nan,nan,nan,88,26.200000762939453,0.0,33.0,0,29,-,READY owner=Surnn refs=24,"{""cmd"": ""STOP"", ""status"": ""READY"", ""detector"": ""yolo"", ""state"": ""IDLE"", ""owner"": ""Surnn"", ""score"": null, ""match_max"": 0.5, ""refs"": 24, ""match_mode"": ""none"", ""steer_zones"": 41, ""people"": 0, ""track_id"": null, ""target_ex"": 0.0, ""target_cx_vel_px_s"": 0.0, ""target_age_s"": null, ""lidar_min_m"": 0.58, ""target_lidar_m"": null, ""target_lidar_deg"": null, ""camera_range_m"
2026-07-16T16:17:41.262,248.262,mission_20260716_161333_manual,MANUAL,,0,13.330283164978027,100.99789428710938,143.516057783713,4,True,0.6862499713897705,1,0,0,247616,317730,0.0,0.0,0.0,0,0,nan,nan,nan,88,26.200000762939453,0.0,33.0,0,29,-,READY owner=Surnn refs=24,"{""cmd"": ""STOP"", ""status"": ""READY"", ""detector"": ""yolo"", ""state"": ""IDLE"", ""owner"": ""Surnn"", ""score"": null, ""match_max"": 0.5, ""refs"": 24, ""match_mode"": ""none"", ""steer_zones"": 41, ""people"": 0, ""track_id"": null, ""target_ex"": 0.0, ""target_cx_vel_px_s"": 0.0, ""target_age_s"": null, ""lidar_min_m"": 0.68, ""target_lidar_m"": null, ""target_lidar_deg"": null, ""camera_range_m"
2026-07-16T16:17:43.263,250.264,mission_20260716_161333_manual,MANUAL,,0,13.330283164978027,100.99789428710938,143.5685546176737,4,True,0.6862499713897705,1,0,0,247616,317730,0.0,0.0,0.0,0,0,nan,nan,nan,88,26.200000762939453,0.0,33.0,0,29,-,READY owner=Surnn refs=24,"{""cmd"": ""STOP"", ""status"": ""READY"", ""detector"": ""yolo"", ""state"": ""IDLE"", ""owner"": ""Surnn"", ""score"": null, ""match_max"": 0.5, ""refs"": 24, ""match_mode"": ""none"", ""steer_zones"": 41, ""people"": 0, ""track_id"": null, ""target_ex"": 0.0, ""target_cx_vel_px_s"": 0.0, ""target_age_s"": null, ""lidar_min_m"": 0.68, ""target_lidar_m"": null, ""target_lidar_deg"": null, ""camera_range_m"
2026-07-16T16:17:45.381,252.382,mission_20260716_161333_manual,MANUAL,,0,13.330286979675293,100.9979019165039,143.64297635887016,4,True,0.6857500076293945,1,0,0,247616,317730,0.0,0.0,0.0,0,0,nan,nan,nan,88,26.200000762939453,0.0,33.0,0,29,-,READY owner=Surnn refs=24,"{""cmd"": ""STOP"", ""status"": ""READY"", ""detector"": ""yolo"", ""state"": ""IDLE"", ""owner"": ""Surnn"", ""score"": null, ""match_max"": 0.5, ""refs"": 24, ""match_mode"": ""none"", ""steer_zones"": 41, ""people"": 0, ""track_id"": null, ""target_ex"": 0.0, ""target_cx_vel_px_s"": 0.0, ""target_age_s"": null, ""lidar_min_m"": 0.68, ""target_lidar_m"": null, ""target_lidar_deg"": null, ""camera_range_m"
2026-07-16T16:17:47.383,254.383,mission_20260716_161333_manual,MANUAL,,0,13.33028793334961,100.99789428710938,143.71519877915387,4,True,0.6869999766349792,1,0,0,247616,317730,0.0,0.0,0.0,0,0,nan,nan,nan,88,26.200000762939453,0.0,33.0,0,29,-,READY owner=Surnn refs=24,"{""cmd"": ""STOP"", ""status"": ""READY"", ""detector"": ""yolo"", ""state"": ""IDLE"", ""owner"": ""Surnn"", ""score"": null, ""match_max"": 0.5, ""refs"": 24, ""match_mode"": ""none"", ""steer_zones"": 41, ""people"": 0, ""track_id"": null, ""target_ex"": 0.0, ""target_cx_vel_px_s"": 0.0, ""target_age_s"": null, ""lidar_min_m"": 0.68, ""target_lidar_m"": null, ""target_lidar_deg"": null, ""camera_range_m"
2026-07-16T16:17:49.406,256.406,mission_20260716_161333_manual,MANUAL,,0,13.330289840698242,100.99789428710938,143.83730890113537,4,True,0.6862499713897705,1,0,0,247616,317730,0.0,0.0,0.0,0,0,nan,nan,nan,88,26.200000762939453,0.0,33.0,0,29,-,READY owner=Surnn refs=24,"{""cmd"": ""STOP"", ""status"": ""READY"", ""detector"": ""yolo"", ""state"": ""IDLE"", ""owner"": ""Surnn"", ""score"": null, ""match_max"": 0.5, ""refs"": 24, ""match_mode"": ""none"", ""steer_zones"": 41, ""people"": 0, ""track_id"": null, ""target_ex"": 0.0, ""target_cx_vel_px_s"": 0.0, ""target_age_s"": null, ""lidar_min_m"": 0.68, ""target_lidar_m"": null, ""target_lidar_deg"": null, ""camera_range_m"
2026-07-16T16:17:51.414,258.414,mission_20260716_161333_manual,MANUAL,,0,13.330291748046875,100.99789428710938,143.94896883368673,4,True,0.6867499947547913,1,0,0,247616,317730,0.0,0.0,0.0,0,0,nan,nan,nan,88,26.200000762939453,0.0,33.0,0,29,-,READY owner=Surnn refs=24,"{""cmd"": ""STOP"", ""status"": ""READY"", ""detector"": ""yolo"", ""state"": ""IDLE"", ""owner"": ""Surnn"", ""score"": null, ""match_max"": 0.5, ""refs"": 24, ""match_mode"": ""none"", ""steer_zones"": 41, ""people"": 0, ""track_id"": null, ""target_ex"": 0.0, ""target_cx_vel_px_s"": 0.0, ""target_age_s"": null, ""lidar_min_m"": 0.68, ""target_lidar_m"": null, ""target_lidar_deg"": null, ""camera_range_m"
2026-07-16T16:17:53.534,260.535,mission_20260716_161333_manual,MANUAL,,0,13.330292701721191,100.99788665771484,144.08197993758355,4,True,0.6867499947547913,1,0,0,247616,317730,0.0,0.0,0.0,0,0,nan,nan,nan,88,26.200000762939453,0.0,33.0,0,31,-,READY owner=Surnn refs=24,"{""cmd"": ""STOP"", ""status"": ""READY"", ""detector"": ""yolo"", ""state"": ""IDLE"", ""owner"": ""Surnn"", ""score"": null, ""match_max"": 0.5, ""refs"": 24, ""match_mode"": ""none"", ""steer_zones"": 41, ""people"": 0, ""track_id"": null, ""target_ex"": 0.0, ""target_cx_vel_px_s"": 0.0, ""target_age_s"": null, ""lidar_min_m"": 0.68, ""target_lidar_m"": null, ""target_lidar_deg"": null, ""camera_range_m"
2026-07-16T16:17:55.549,262.55,mission_20260716_161333_manual,MANUAL,,0,13.330294609069824,100.99788665771484,144.19705496471994,4,True,0.6865000128746033,1,0,0,247616,317729,0.0,0.0,0.0,0,0,nan,nan,nan,88,26.200000762939453,0.0,33.0,0,30,-,READY owner=Surnn refs=24,"{""cmd"": ""STOP"", ""status"": ""READY"", ""detector"": ""yolo"", ""state"": ""IDLE"", ""owner"": ""Surnn"", ""score"": null, ""match_max"": 0.5, ""refs"": 24, ""match_mode"": ""none"", ""steer_zones"": 41, ""people"": 0, ""track_id"": null, ""target_ex"": 0.0, ""target_cx_vel_px_s"": 0.0, ""target_age_s"": null, ""lidar_min_m"": 0.68, ""target_lidar_m"": null, ""target_lidar_deg"": null, ""camera_range_m"
2026-07-16T16:17:57.669,264.67,mission_20260716_161333_manual,MANUAL,,0,13.33029556274414,100.99788665771484,144.3294650119698,4,True,0.6865000128746033,1,0,0,247616,317729,0.0,0.0,0.0,0,0,nan,nan,nan,88,26.200000762939453,0.0,33.0,0,30,-,READY owner=Surnn refs=24,"{""cmd"": ""STOP"", ""status"": ""READY"", ""detector"": ""yolo"", ""state"": ""IDLE"", ""owner"": ""Surnn"", ""score"": null, ""match_max"": 0.5, ""refs"": 24, ""match_mode"": ""none"", ""steer_zones"": 41, ""people"": 0, ""track_id"": null, ""target_ex"": 0.0, ""target_cx_vel_px_s"": 0.0, ""target_age_s"": null, ""lidar_min_m"": 0.68, ""target_lidar_m"": null, ""target_lidar_deg"": null, ""camera_range_m"
2026-07-16T16:17:59.674,266.675,mission_20260716_161333_manual,MANUAL,,0,13.33029556274414,100.99788665771484,144.48278909845826,4,True,0.6862499713897705,1,0,0,247616,317729,0.0,0.0,0.0,0,0,nan,nan,nan,88,26.200000762939453,0.0,33.0,0,30,-,READY owner=Surnn refs=24,"{""cmd"": ""STOP"", ""status"": ""READY"", ""detector"": ""yolo"", ""state"": ""IDLE"", ""owner"": ""Surnn"", ""score"": null, ""match_max"": 0.5, ""refs"": 24, ""match_mode"": ""none"", ""steer_zones"": 41, ""people"": 0, ""track_id"": null, ""target_ex"": 0.0, ""target_cx_vel_px_s"": 0.0, ""target_age_s"": null, ""lidar_min_m"": 0.68, ""target_lidar_m"": null, ""target_lidar_deg"": null, ""camera_range_m"
2026-07-16T16:18:01.790,268.79,mission_20260716_161333_manual,MANUAL,,0,13.330296516418457,100.99788665771484,144.65589341278306,4,True,0.6862499713897705,1,0,0,247616,317729,0.0,0.0,0.0,0,0,nan,nan,nan,88,26.200000762939453,0.0,33.0,0,30,-,READY owner=Surnn refs=24,"{""cmd"": ""STOP"", ""status"": ""READY"", ""detector"": ""yolo"", ""state"": ""IDLE"", ""owner"": ""Surnn"", ""score"": null, ""match_max"": 0.5, ""refs"": 24, ""match_mode"": ""none"", ""steer_zones"": 41, ""people"": 0, ""track_id"": null, ""target_ex"": 0.0, ""target_cx_vel_px_s"": 0.0, ""target_age_s"": null, ""lidar_min_m"": 0.68, ""target_lidar_m"": null, ""target_lidar_deg"": null, ""camera_range_m"
2026-07-16T16:18:03.908,270.909,mission_20260716_161333_manual,MANUAL,,0,13.330297470092773,100.99788665771484,144.803411838477,4,True,0.6865000128746033,1,0,0,247616,317729,0.0,0.0,0.0,0,0,nan,nan,nan,88,26.200000762939453,0.0,33.0,0,30,-,READY owner=Surnn refs=24,"{""cmd"": ""STOP"", ""status"": ""READY"", ""detector"": ""yolo"", ""state"": ""IDLE"", ""owner"": ""Surnn"", ""score"": null, ""match_max"": 0.5, ""refs"": 24, ""match_mode"": ""none"", ""steer_zones"": 41, ""people"": 0, ""track_id"": null, ""target_ex"": 0.0, ""target_cx_vel_px_s"": 0.0, ""target_age_s"": null, ""lidar_min_m"": 0.68, ""target_lidar_m"": null, ""target_lidar_deg"": null, ""camera_range_m"
2026-07-16T16:18:06.034,273.034,mission_20260716_161333_manual,MANUAL,,0,13.330294609069824,100.99788665771484,144.96647577472186,4,True,0.6865000128746033,1,0,0,247616,317729,0.0,0.0,0.0,0,0,nan,nan,nan,88,26.200000762939453,0.0,33.0,0,30,-,READY owner=Surnn refs=24,"{""cmd"": ""STOP"", ""status"": ""READY"", ""detector"": ""yolo"", ""state"": ""IDLE"", ""owner"": ""Surnn"", ""score"": null, ""match_max"": 0.5, ""refs"": 24, ""match_mode"": ""none"", ""steer_zones"": 41, ""people"": 0, ""track_id"": null, ""target_ex"": 0.0, ""target_cx_vel_px_s"": 0.0, ""target_age_s"": null, ""lidar_min_m"": 0.68, ""target_lidar_m"": null, ""target_lidar_deg"": null, ""camera_range_m"
2026-07-16T16:18:08.034,275.035,mission_20260716_161333_manual,MANUAL,,0,13.330293655395508,100.99787902832031,145.12434876719755,4,True,0.6850000023841858,1,0,0,247616,317729,0.0,0.0,0.0,0,0,nan,nan,nan,88,26.200000762939453,0.0,33.0,0,30,-,READY owner=Surnn refs=24,"{""cmd"": ""STOP"", ""status"": ""READY"", ""detector"": ""yolo"", ""state"": ""IDLE"", ""owner"": ""Surnn"", ""score"": null, ""match_max"": 0.5, ""refs"": 24, ""match_mode"": ""none"", ""steer_zones"": 41, ""people"": 0, ""track_id"": null, ""target_ex"": 0.0, ""target_cx_vel_px_s"": 0.0, ""target_age_s"": null, ""lidar_min_m"": 0.68, ""target_lidar_m"": null, ""target_lidar_deg"": null, ""camera_range_m"
2026-07-16T16:18:10.038,277.038,mission_20260716_161333_manual,MANUAL,,0,13.330294609069824,100.99787902832031,145.28824598652116,4,True,0.687250018119812,1,0,0,247616,317729,0.0,0.0,0.0,0,0,nan,nan,nan,88,26.200000762939453,0.0,33.0,0,29,-,READY owner=Surnn refs=24,"{""cmd"": ""STOP"", ""status"": ""READY"", ""detector"": ""yolo"", ""state"": ""IDLE"", ""owner"": ""Surnn"", ""score"": null, ""match_max"": 0.5, ""refs"": 24, ""match_mode"": ""none"", ""steer_zones"": 41, ""people"": 0, ""track_id"": null, ""target_ex"": 0.0, ""target_cx_vel_px_s"": 0.0, ""target_age_s"": null, ""lidar_min_m"": 0.68, ""target_lidar_m"": null, ""target_lidar_deg"": null, ""camera_range_m"
2026-07-16T16:18:12.154,279.155,mission_20260716_161333_manual,MANUAL,,0,13.330297470092773,100.99787902832031,145.45360486632717,4,True,0.6869999766349792,1,0,0,247616,317729,0.0,0.0,0.0,0,0,nan,nan,nan,88,26.200000762939453,0.0,33.0,0,29,-,READY owner=Surnn refs=24,"{""cmd"": ""STOP"", ""status"": ""READY"", ""detector"": ""yolo"", ""state"": ""IDLE"", ""owner"": ""Surnn"", ""score"": null, ""match_max"": 0.5, ""refs"": 24, ""match_mode"": ""none"", ""steer_zones"": 41, ""people"": 0, ""track_id"": null, ""target_ex"": 0.0, ""target_cx_vel_px_s"": 0.0, ""target_age_s"": null, ""lidar_min_m"": 0.68, ""target_lidar_m"": null, ""target_lidar_deg"": null, ""camera_range_m"
2026-07-16T16:18:14.164,281.164,mission_20260716_161333_manual,MANUAL,,0,13.330299377441406,100.99787139892578,145.60393732995917,4,True,0.6867499947547913,1,0,0,247616,317729,0.0,0.0,0.0,0,0,nan,nan,nan,88,26.200000762939453,0.0,33.0,0,29,-,READY owner=Surnn refs=24,"{""cmd"": ""STOP"", ""status"": ""READY"", ""detector"": ""yolo"", ""state"": ""IDLE"", ""owner"": ""Surnn"", ""score"": null, ""match_max"": 0.5, ""refs"": 24, ""match_mode"": ""none"", ""steer_zones"": 41, ""people"": 0, ""track_id"": null, ""target_ex"": 0.0, ""target_cx_vel_px_s"": 0.0, ""target_age_s"": null, ""lidar_min_m"": 0.68, ""target_lidar_m"": null, ""target_lidar_deg"": null, ""camera_range_m"
2026-07-16T16:18:16.165,283.166,mission_20260716_161333_manual,MANUAL,,0,13.330304145812988,100.99787139892578,145.76010277514234,4,True,0.6862499713897705,1,0,0,247616,317729,0.0,0.0,0.0,0,0,nan,nan,nan,88,26.200000762939453,0.0,33.0,0,30,-,READY owner=Surnn refs=24,"{""cmd"": ""STOP"", ""status"": ""READY"", ""detector"": ""yolo"", ""state"": ""IDLE"", ""owner"": ""Surnn"", ""score"": null, ""match_max"": 0.5, ""refs"": 24, ""match_mode"": ""none"", ""steer_zones"": 41, ""people"": 0, ""track_id"": null, ""target_ex"": 0.0, ""target_cx_vel_px_s"": 0.0, ""target_age_s"": null, ""lidar_min_m"": 0.68, ""target_lidar_m"": null, ""target_lidar_deg"": null, ""camera_range_m"
2026-07-16T16:18:18.303,285.303,mission_20260716_161333_manual,MANUAL,,0,13.330307006835938,100.99787139892578,145.91076308785446,4,True,0.687250018119812,1,0,0,247616,317729,0.0,0.0,0.0,0,0,nan,nan,nan,88,26.200000762939453,0.0,33.0,0,29,-,READY owner=Surnn refs=24,"{""cmd"": ""STOP"", ""status"": ""READY"", ""detector"": ""yolo"", ""state"": ""IDLE"", ""owner"": ""Surnn"", ""score"": null, ""match_max"": 0.5, ""refs"": 24, ""match_mode"": ""none"", ""steer_zones"": 41, ""people"": 0, ""track_id"": null, ""target_ex"": 0.0, ""target_cx_vel_px_s"": 0.0, ""target_age_s"": null, ""lidar_min_m"": 0.68, ""target_lidar_m"": null, ""target_lidar_deg"": null, ""camera_range_m"
2026-07-16T16:18:20.304,287.305,mission_20260716_161333_manual,MANUAL,,0,13.33030891418457,100.99787139892578,146.05681985306603,4,True,0.6862499713897705,1,0,0,247616,317729,0.0,0.0,0.0,0,0,nan,nan,nan,88,26.200000762939453,0.0,33.0,0,29,-,READY owner=Surnn refs=24,"{""cmd"": ""STOP"", ""status"": ""READY"", ""detector"": ""yolo"", ""state"": ""IDLE"", ""owner"": ""Surnn"", ""score"": null, ""match_max"": 0.5, ""refs"": 24, ""match_mode"": ""none"", ""steer_zones"": 41, ""people"": 0, ""track_id"": null, ""target_ex"": 0.0, ""target_cx_vel_px_s"": 0.0, ""target_age_s"": null, ""lidar_min_m"": 0.68, ""target_lidar_m"": null, ""target_lidar_deg"": null, ""camera_range_m"
2026-07-16T16:18:22.423,289.423,mission_20260716_161333_manual,MANUAL,,0,13.330310821533203,100.99787139892578,146.20547209016217,4,True,0.6859999895095825,1,0,0,247616,317729,0.0,0.0,0.0,0,0,nan,nan,nan,88,26.200000762939453,0.0,33.0,0,29,-,READY owner=Surnn refs=24,"{""cmd"": ""STOP"", ""status"": ""READY"", ""detector"": ""yolo"", ""state"": ""IDLE"", ""owner"": ""Surnn"", ""score"": null, ""match_max"": 0.5, ""refs"": 24, ""match_mode"": ""none"", ""steer_zones"": 41, ""people"": 0, ""track_id"": null, ""target_ex"": 0.0, ""target_cx_vel_px_s"": 0.0, ""target_age_s"": null, ""lidar_min_m"": 0.68, ""target_lidar_m"": null, ""target_lidar_deg"": null, ""camera_range_m"
2026-07-16T16:18:24.423,291.424,mission_20260716_161333_manual,MANUAL,,0,13.33031177520752,100.99787139892578,146.36092719567168,4,True,0.6850000023841858,1,0,0,247616,317729,0.0,0.0,0.0,0,0,nan,nan,nan,88,26.200000762939453,0.0,33.0,0,28,-,READY owner=Surnn refs=24,"{""cmd"": ""STOP"", ""status"": ""READY"", ""detector"": ""yolo"", ""state"": ""IDLE"", ""owner"": ""Surnn"", ""score"": null, ""match_max"": 0.5, ""refs"": 24, ""match_mode"": ""none"", ""steer_zones"": 41, ""people"": 0, ""track_id"": null, ""target_ex"": 0.0, ""target_cx_vel_px_s"": 0.0, ""target_age_s"": null, ""lidar_min_m"": 0.68, ""target_lidar_m"": null, ""target_lidar_deg"": null, ""camera_range_m"
2026-07-16T16:18:26.429,293.429,mission_20260716_161333_manual,MANUAL,,0,13.330312728881836,100.99787139892578,146.5132950556763,4,True,0.6862499713897705,1,0,0,247616,317729,0.0,0.0,0.0,0,0,nan,nan,nan,88,26.200000762939453,0.0,33.0,0,28,-,READY owner=Surnn refs=24,"{""cmd"": ""STOP"", ""status"": ""READY"", ""detector"": ""yolo"", ""state"": ""IDLE"", ""owner"": ""Surnn"", ""score"": null, ""match_max"": 0.5, ""refs"": 24, ""match_mode"": ""none"", ""steer_zones"": 41, ""people"": 0, ""track_id"": null, ""target_ex"": 0.0, ""target_cx_vel_px_s"": 0.0, ""target_age_s"": null, ""lidar_min_m"": 0.68, ""target_lidar_m"": null, ""target_lidar_deg"": null, ""camera_range_m"
2026-07-16T16:18:28.545,295.545,mission_20260716_161333_manual,MANUAL,,0,13.330312728881836,100.99787139892578,146.66131891536884,4,True,0.6862499713897705,1,0,0,247616,317729,0.0,0.0,0.0,0,0,nan,nan,nan,88,26.200000762939453,0.0,33.0,0,29,-,READY owner=Surnn refs=24,"{""cmd"": ""STOP"", ""status"": ""READY"", ""detector"": ""yolo"", ""state"": ""IDLE"", ""owner"": ""Surnn"", ""score"": null, ""match_max"": 0.5, ""refs"": 24, ""match_mode"": ""none"", ""steer_zones"": 41, ""people"": 0, ""track_id"": null, ""target_ex"": 0.0, ""target_cx_vel_px_s"": 0.0, ""target_age_s"": null, ""lidar_min_m"": 0.68, ""target_lidar_m"": null, ""target_lidar_deg"": null, ""camera_range_m"
2026-07-16T16:18:30.665,297.666,mission_20260716_161333_manual,MANUAL,,0,13.330312728881836,100.99787139892578,146.80505341626258,4,True,0.6859999895095825,1,0,0,247616,317729,0.0,0.0,0.0,0,0,nan,nan,nan,88,26.200000762939453,0.0,33.0,0,28,-,READY owner=Surnn refs=24,"{""cmd"": ""STOP"", ""status"": ""READY"", ""detector"": ""yolo"", ""state"": ""IDLE"", ""owner"": ""Surnn"", ""score"": null, ""match_max"": 0.5, ""refs"": 24, ""match_mode"": ""none"", ""steer_zones"": 41, ""people"": 0, ""track_id"": null, ""target_ex"": 0.0, ""target_cx_vel_px_s"": 0.0, ""target_age_s"": null, ""lidar_min_m"": 0.68, ""target_lidar_m"": null, ""target_lidar_deg"": null, ""camera_range_m"
2026-07-16T16:18:32.669,299.669,mission_20260716_161333_manual,MANUAL,,0,13.330313682556152,100.99787139892578,146.94331010544198,4,True,0.687250018119812,1,0,0,247616,317729,0.0,0.0,0.0,0,0,nan,nan,nan,88,26.200000762939453,0.0,33.0,0,28,-,READY owner=Surnn refs=24,"{""cmd"": ""STOP"", ""status"": ""READY"", ""detector"": ""yolo"", ""state"": ""IDLE"", ""owner"": ""Surnn"", ""score"": null, ""match_max"": 0.5, ""refs"": 24, ""match_mode"": ""none"", ""steer_zones"": 41, ""people"": 0, ""track_id"": null, ""target_ex"": 0.0, ""target_cx_vel_px_s"": 0.0, ""target_age_s"": null, ""lidar_min_m"": 0.68, ""target_lidar_m"": null, ""target_lidar_deg"": null, ""camera_range_m"
2026-07-16T16:18:34.788,301.788,mission_20260716_161333_manual,MANUAL,,0,13.330313682556152,100.99787139892578,147.07972264354547,4,True,0.6862499713897705,1,0,0,247616,317729,0.0,0.0,0.0,0,0,nan,nan,nan,88,26.200000762939453,0.0,33.0,0,28,-,READY owner=Surnn refs=24,"{""cmd"": ""STOP"", ""status"": ""READY"", ""detector"": ""yolo"", ""state"": ""IDLE"", ""owner"": ""Surnn"", ""score"": null, ""match_max"": 0.5, ""refs"": 24, ""match_mode"": ""none"", ""steer_zones"": 41, ""people"": 0, ""track_id"": null, ""target_ex"": 0.0, ""target_cx_vel_px_s"": 0.0, ""target_age_s"": null, ""lidar_min_m"": 0.68, ""target_lidar_m"": null, ""target_lidar_deg"": null, ""camera_range_m"
2026-07-16T16:18:36.791,303.792,mission_20260716_161333_manual,MANUAL,,0,13.330313682556152,100.99787139892578,147.20128635039336,4,True,0.6859999895095825,1,0,0,247616,317729,0.0,0.0,0.0,0,0,nan,nan,nan,88,26.200000762939453,0.0,33.0,0,28,-,READY owner=Surnn refs=24,"{""cmd"": ""STOP"", ""status"": ""READY"", ""detector"": ""yolo"", ""state"": ""IDLE"", ""owner"": ""Surnn"", ""score"": null, ""match_max"": 0.5, ""refs"": 24, ""match_mode"": ""none"", ""steer_zones"": 41, ""people"": 0, ""track_id"": null, ""target_ex"": 0.0, ""target_cx_vel_px_s"": 0.0, ""target_age_s"": null, ""lidar_min_m"": 0.68, ""target_lidar_m"": null, ""target_lidar_deg"": null, ""camera_range_m"
2026-07-16T16:18:38.792,305.793,mission_20260716_161333_manual,MANUAL,,0,13.330314636230469,100.99787139892578,147.3272623594451,4,True,0.6859999895095825,1,0,0,247616,317729,0.0,0.0,0.0,0,0,nan,nan,nan,88,26.200000762939453,0.0,33.0,0,28,-,READY owner=Surnn refs=24,"{""cmd"": ""STOP"", ""status"": ""READY"", ""detector"": ""yolo"", ""state"": ""IDLE"", ""owner"": ""Surnn"", ""score"": null, ""match_max"": 0.5, ""refs"": 24, ""match_mode"": ""none"", ""steer_zones"": 41, ""people"": 0, ""track_id"": null, ""target_ex"": 0.0, ""target_cx_vel_px_s"": 0.0, ""target_age_s"": null, ""lidar_min_m"": 0.68, ""target_lidar_m"": null, ""target_lidar_deg"": null, ""camera_range_m"
2026-07-16T16:18:40.908,307.909,mission_20260716_161333_manual,MANUAL,,0,13.330315589904785,100.99787139892578,147.45230946276968,4,True,0.6865000128746033,1,0,0,247616,317729,0.0,0.0,0.0,0,0,nan,nan,nan,88,26.200000762939453,0.0,33.0,0,27,-,READY owner=Surnn refs=24,"{""cmd"": ""STOP"", ""status"": ""READY"", ""detector"": ""yolo"", ""state"": ""IDLE"", ""owner"": ""Surnn"", ""score"": null, ""match_max"": 0.5, ""refs"": 24, ""match_mode"": ""none"", ""steer_zones"": 41, ""people"": 0, ""track_id"": null, ""target_ex"": 0.0, ""target_cx_vel_px_s"": 0.0, ""target_age_s"": null, ""lidar_min_m"": 0.68, ""target_lidar_m"": null, ""target_lidar_deg"": null, ""camera_range_m"
2026-07-16T16:18:43.039,310.04,mission_20260716_161333_manual,MANUAL,,0,13.330315589904785,100.99787902832031,147.59765588830754,4,True,0.6847500205039978,1,0,0,247616,317729,0.0,0.0,0.0,0,0,nan,nan,nan,88,26.200000762939453,0.0,33.0,0,28,-,READY owner=Surnn refs=24,"{""cmd"": ""STOP"", ""status"": ""READY"", ""detector"": ""yolo"", ""state"": ""IDLE"", ""owner"": ""Surnn"", ""score"": null, ""match_max"": 0.5, ""refs"": 24, ""match_mode"": ""none"", ""steer_zones"": 41, ""people"": 0, ""track_id"": null, ""target_ex"": 0.0, ""target_cx_vel_px_s"": 0.0, ""target_age_s"": null, ""lidar_min_m"": 0.68, ""target_lidar_m"": null, ""target_lidar_deg"": null, ""camera_range_m"
2026-07-16T16:18:45.158,312.159,mission_20260716_161333_manual,MANUAL,,0,13.330316543579102,100.99787902832031,147.706747669731,4,True,0.6865000128746033,1,0,0,247616,317729,0.0,0.0,0.0,0,0,nan,nan,nan,88,26.200000762939453,0.0,33.0,0,28,-,READY owner=Surnn refs=24,"{""cmd"": ""STOP"", ""status"": ""READY"", ""detector"": ""yolo"", ""state"": ""IDLE"", ""owner"": ""Surnn"", ""score"": null, ""match_max"": 0.5, ""refs"": 24, ""match_mode"": ""none"", ""steer_zones"": 41, ""people"": 0, ""track_id"": null, ""target_ex"": 0.0, ""target_cx_vel_px_s"": 0.0, ""target_age_s"": null, ""lidar_min_m"": 0.68, ""target_lidar_m"": null, ""target_lidar_deg"": null, ""camera_range_m"
2026-07-16T16:18:47.282,314.283,mission_20260716_161333_manual,MANUAL,,0,13.330317497253418,100.99787902832031,147.82530609334407,4,True,0.6865000128746033,1,0,0,247616,317729,0.0,0.0,0.0,0,0,nan,nan,nan,88,26.200000762939453,0.0,33.0,0,28,-,READY owner=Surnn refs=24,"{""cmd"": ""STOP"", ""status"": ""READY"", ""detector"": ""yolo"", ""state"": ""IDLE"", ""owner"": ""Surnn"", ""score"": null, ""match_max"": 0.5, ""refs"": 24, ""match_mode"": ""none"", ""steer_zones"": 41, ""people"": 0, ""track_id"": null, ""target_ex"": 0.0, ""target_cx_vel_px_s"": 0.0, ""target_age_s"": null, ""lidar_min_m"": 0.68, ""target_lidar_m"": null, ""target_lidar_deg"": null, ""camera_range_m"
2026-07-16T16:18:49.400,316.401,mission_20260716_161333_manual,MANUAL,,0,13.330318450927734,100.99787902832031,147.92851025170296,4,True,0.6859999895095825,1,0,0,247616,317729,0.0,0.0,0.0,0,0,nan,nan,nan,88,26.200000762939453,0.0,33.0,0,28,-,READY owner=Surnn refs=24,"{""cmd"": ""STOP"", ""status"": ""READY"", ""detector"": ""yolo"", ""state"": ""IDLE"", ""owner"": ""Surnn"", ""score"": null, ""match_max"": 0.5, ""refs"": 24, ""match_mode"": ""none"", ""steer_zones"": 41, ""people"": 0, ""track_id"": null, ""target_ex"": 0.0, ""target_cx_vel_px_s"": 0.0, ""target_age_s"": null, ""lidar_min_m"": 0.68, ""target_lidar_m"": null, ""target_lidar_deg"": null, ""camera_range_m"
2026-07-16T16:18:51.404,318.405,mission_20260716_161333_manual,MANUAL,,0,13.330317497253418,100.99787902832031,148.02767093807321,4,True,0.6855000257492065,1,0,0,247616,317729,0.0,0.0,0.0,0,0,nan,nan,nan,88,26.200000762939453,0.0,33.0,0,27,-,READY owner=Surnn refs=24,"{""cmd"": ""STOP"", ""status"": ""READY"", ""detector"": ""yolo"", ""state"": ""IDLE"", ""owner"": ""Surnn"", ""score"": null, ""match_max"": 0.5, ""refs"": 24, ""match_mode"": ""none"", ""steer_zones"": 41, ""people"": 0, ""track_id"": null, ""target_ex"": 0.0, ""target_cx_vel_px_s"": 0.0, ""target_age_s"": null, ""lidar_min_m"": 0.68, ""target_lidar_m"": null, ""target_lidar_deg"": null, ""camera_range_m"
2026-07-16T16:18:53.526,320.527,mission_20260716_161333_manual,MANUAL,,0,13.330315589904785,100.99787902832031,148.13853856868084,4,True,0.6869999766349792,1,0,0,247616,317729,0.0,0.0,0.0,0,0,nan,nan,nan,88,26.200000762939453,0.0,33.0,0,26,-,READY owner=Surnn refs=24,"{""cmd"": ""STOP"", ""status"": ""READY"", ""detector"": ""yolo"", ""state"": ""IDLE"", ""owner"": ""Surnn"", ""score"": null, ""match_max"": 0.5, ""refs"": 24, ""match_mode"": ""none"", ""steer_zones"": 41, ""people"": 0, ""track_id"": null, ""target_ex"": 0.0, ""target_cx_vel_px_s"": 0.0, ""target_age_s"": null, ""lidar_min_m"": 0.68, ""target_lidar_m"": null, ""target_lidar_deg"": null, ""camera_range_m"
2026-07-16T16:18:55.530,322.531,mission_20260716_161333_manual,MANUAL,,0,13.330314636230469,100.99787902832031,148.23074612247603,4,True,0.6857500076293945,1,0,0,247616,317729,0.0,0.0,0.0,0,0,nan,nan,nan,88,26.200000762939453,0.0,33.0,0,27,-,READY owner=Surnn refs=24,"{""cmd"": ""STOP"", ""status"": ""READY"", ""detector"": ""yolo"", ""state"": ""IDLE"", ""owner"": ""Surnn"", ""score"": null, ""match_max"": 0.5, ""refs"": 24, ""match_mode"": ""none"", ""steer_zones"": 41, ""people"": 0, ""track_id"": null, ""target_ex"": 0.0, ""target_cx_vel_px_s"": 0.0, ""target_age_s"": null, ""lidar_min_m"": 0.68, ""target_lidar_m"": null, ""target_lidar_deg"": null, ""camera_range_m"
2026-07-16T16:18:57.651,324.652,mission_20260716_161333_manual,MANUAL,,0,13.330313682556152,100.99787902832031,148.31339141143317,4,True,0.6867499947547913,1,0,0,247616,317729,0.0,0.0,0.0,0,0,nan,nan,nan,88,26.200000762939453,0.0,33.0,0,28,-,READY owner=Surnn refs=24,"{""cmd"": ""STOP"", ""status"": ""READY"", ""detector"": ""yolo"", ""state"": ""IDLE"", ""owner"": ""Surnn"", ""score"": null, ""match_max"": 0.5, ""refs"": 24, ""match_mode"": ""none"", ""steer_zones"": 41, ""people"": 0, ""track_id"": null, ""target_ex"": 0.0, ""target_cx_vel_px_s"": 0.0, ""target_age_s"": null, ""lidar_min_m"": 0.68, ""target_lidar_m"": null, ""target_lidar_deg"": null, ""camera_range_m"
2026-07-16T16:18:59.658,326.658,mission_20260716_161333_manual,MANUAL,,0,13.330312728881836,100.99787902832031,148.40275760653364,4,True,0.6857500076293945,1,0,0,247616,317729,0.0,0.0,0.0,0,0,nan,nan,nan,88,26.200000762939453,0.0,33.0,0,28,-,READY owner=Surnn refs=24,"{""cmd"": ""STOP"", ""status"": ""READY"", ""detector"": ""yolo"", ""state"": ""IDLE"", ""owner"": ""Surnn"", ""score"": null, ""match_max"": 0.5, ""refs"": 24, ""match_mode"": ""none"", ""steer_zones"": 41, ""people"": 0, ""track_id"": null, ""target_ex"": 0.0, ""target_cx_vel_px_s"": 0.0, ""target_age_s"": null, ""lidar_min_m"": 0.68, ""target_lidar_m"": null, ""target_lidar_deg"": null, ""camera_range_m"
2026-07-16T16:19:01.663,328.663,mission_20260716_161333_manual,MANUAL,,0,13.33031177520752,100.99787902832031,148.48213806506752,4,True,0.6855000257492065,1,0,0,247616,317729,0.0,0.0,0.0,0,0,nan,nan,nan,88,26.200000762939453,0.0,33.0,0,29,-,READY owner=Surnn refs=24,"{""cmd"": ""STOP"", ""status"": ""READY"", ""detector"": ""yolo"", ""state"": ""IDLE"", ""owner"": ""Surnn"", ""score"": null, ""match_max"": 0.5, ""refs"": 24, ""match_mode"": ""none"", ""steer_zones"": 41, ""people"": 0, ""track_id"": null, ""target_ex"": 0.0, ""target_cx_vel_px_s"": 0.0, ""target_age_s"": null, ""lidar_min_m"": 0.68, ""target_lidar_m"": null, ""target_lidar_deg"": null, ""camera_range_m"
2026-07-16T16:19:03.787,330.788,mission_20260716_161333_manual,MANUAL,,0,13.330310821533203,100.99788665771484,148.55751603274777,4,True,0.6869999766349792,1,0,0,247616,317729,0.0,0.0,0.0,0,0,nan,nan,nan,88,26.200000762939453,0.0,33.0,0,29,-,READY owner=Surnn refs=24,"{""cmd"": ""STOP"", ""status"": ""READY"", ""detector"": ""yolo"", ""state"": ""IDLE"", ""owner"": ""Surnn"", ""score"": null, ""match_max"": 0.5, ""refs"": 24, ""match_mode"": ""none"", ""steer_zones"": 41, ""people"": 0, ""track_id"": null, ""target_ex"": 0.0, ""target_cx_vel_px_s"": 0.0, ""target_age_s"": null, ""lidar_min_m"": 0.68, ""target_lidar_m"": null, ""target_lidar_deg"": null, ""camera_range_m"
2026-07-16T16:19:05.918,332.918,mission_20260716_161333_manual,MANUAL,,0,13.33030891418457,100.99788665771484,148.62853633973756,4,True,0.6862499713897705,1,0,0,247616,317729,0.0,0.0,0.0,0,0,nan,nan,nan,88,26.200000762939453,0.0,33.0,0,28,-,READY owner=Surnn refs=24,"{""cmd"": ""STOP"", ""status"": ""READY"", ""detector"": ""yolo"", ""state"": ""IDLE"", ""owner"": ""Surnn"", ""score"": null, ""match_max"": 0.5, ""refs"": 24, ""match_mode"": ""none"", ""steer_zones"": 41, ""people"": 0, ""track_id"": null, ""target_ex"": 0.0, ""target_cx_vel_px_s"": 0.0, ""target_age_s"": null, ""lidar_min_m"": 0.68, ""target_lidar_m"": null, ""target_lidar_deg"": null, ""camera_range_m"
2026-07-16T16:19:07.939,334.939,mission_20260716_161333_manual,MANUAL,,0,13.330307960510254,100.99788665771484,148.69056811777963,4,True,0.6867499947547913,1,0,0,247616,317729,0.0,0.0,0.0,0,0,nan,nan,nan,88,26.200000762939453,0.0,33.0,0,29,-,READY owner=Surnn refs=24,"{""cmd"": ""STOP"", ""status"": ""READY"", ""detector"": ""yolo"", ""state"": ""IDLE"", ""owner"": ""Surnn"", ""score"": null, ""match_max"": 0.5, ""refs"": 24, ""match_mode"": ""none"", ""steer_zones"": 41, ""people"": 0, ""track_id"": null, ""target_ex"": 0.0, ""target_cx_vel_px_s"": 0.0, ""target_age_s"": null, ""lidar_min_m"": 0.68, ""target_lidar_m"": null, ""target_lidar_deg"": null, ""camera_range_m"
2026-07-16T16:19:09.970,336.971,mission_20260716_161333_manual,MANUAL,,0,13.330307960510254,100.99788665771484,148.7536654053322,4,True,0.687250018119812,1,0,0,247616,317729,0.0,0.0,0.0,0,0,nan,nan,nan,88,26.200000762939453,0.0,33.0,0,28,-,READY owner=Surnn refs=24,"{""cmd"": ""STOP"", ""status"": ""READY"", ""detector"": ""yolo"", ""state"": ""IDLE"", ""owner"": ""Surnn"", ""score"": null, ""match_max"": 0.5, ""refs"": 24, ""match_mode"": ""none"", ""steer_zones"": 41, ""people"": 0, ""track_id"": null, ""target_ex"": 0.0, ""target_cx_vel_px_s"": 0.0, ""target_age_s"": null, ""lidar_min_m"": 0.68, ""target_lidar_m"": null, ""target_lidar_deg"": null, ""camera_range_m"
2026-07-16T16:19:11.974,338.974,mission_20260716_161333_manual,MANUAL,,0,13.330307960510254,100.99788665771484,148.80717310729008,4,True,0.687250018119812,1,0,0,247616,317729,0.0,0.0,0.0,0,0,nan,nan,nan,88,26.200000762939453,0.0,33.0,0,28,-,READY owner=Surnn refs=24,"{""cmd"": ""STOP"", ""status"": ""READY"", ""detector"": ""yolo"", ""state"": ""IDLE"", ""owner"": ""Surnn"", ""score"": null, ""match_max"": 0.5, ""refs"": 24, ""match_mode"": ""none"", ""steer_zones"": 41, ""people"": 0, ""track_id"": null, ""target_ex"": 0.0, ""target_cx_vel_px_s"": 0.0, ""target_age_s"": null, ""lidar_min_m"": 0.68, ""target_lidar_m"": null, ""target_lidar_deg"": null, ""camera_range_m"
2026-07-16T16:19:14.055,341.055,mission_20260716_161333_manual,MANUAL,,0,13.330309867858887,100.99788665771484,148.86838526263173,4,True,0.6852499842643738,1,0,0,247616,317729,0.0,0.0,0.0,0,0,nan,nan,nan,88,26.200000762939453,0.0,33.0,0,28,-,READY owner=Surnn refs=24,"{""cmd"": ""STOP"", ""status"": ""READY"", ""detector"": ""yolo"", ""state"": ""IDLE"", ""owner"": ""Surnn"", ""score"": null, ""match_max"": 0.5, ""refs"": 24, ""match_mode"": ""none"", ""steer_zones"": 41, ""people"": 0, ""track_id"": null, ""target_ex"": 0.0, ""target_cx_vel_px_s"": 0.0, ""target_age_s"": null, ""lidar_min_m"": 0.68, ""target_lidar_m"": null, ""target_lidar_deg"": null, ""camera_range_m"
2026-07-16T16:19:16.178,343.178,mission_20260716_161333_manual,MANUAL,,0,13.33030891418457,100.99788665771484,148.9031509255071,4,True,0.6869999766349792,1,0,0,247616,317729,0.0,0.0,0.0,0,0,nan,nan,nan,88,26.200000762939453,0.0,33.0,0,29,-,READY owner=Surnn refs=24,"{""cmd"": ""STOP"", ""status"": ""READY"", ""detector"": ""yolo"", ""state"": ""IDLE"", ""owner"": ""Surnn"", ""score"": null, ""match_max"": 0.5, ""refs"": 24, ""match_mode"": ""none"", ""steer_zones"": 41, ""people"": 0, ""track_id"": null, ""target_ex"": 0.0, ""target_cx_vel_px_s"": 0.0, ""target_age_s"": null, ""lidar_min_m"": 0.68, ""target_lidar_m"": null, ""target_lidar_deg"": null, ""camera_range_m"
2026-07-16T16:19:18.236,345.236,mission_20260716_161333_manual,MANUAL,,0,13.330307960510254,100.99788665771484,148.92832700278777,4,True,0.6867499947547913,1,0,0,247616,317729,0.0,0.0,0.0,0,0,nan,nan,nan,88,26.200000762939453,0.0,33.0,0,30,-,READY owner=Surnn refs=24,"{""cmd"": ""STOP"", ""status"": ""READY"", ""detector"": ""yolo"", ""state"": ""IDLE"", ""owner"": ""Surnn"", ""score"": null, ""match_max"": 0.5, ""refs"": 24, ""match_mode"": ""none"", ""steer_zones"": 41, ""people"": 0, ""track_id"": null, ""target_ex"": 0.0, ""target_cx_vel_px_s"": 0.0, ""target_age_s"": null, ""lidar_min_m"": 0.68, ""target_lidar_m"": null, ""target_lidar_deg"": null, ""camera_range_m"
2026-07-16T16:19:20.324,347.325,mission_20260716_161333_manual,MANUAL,,0,13.33030891418457,100.99787902832031,148.9674503263536,4,True,0.687250018119812,1,0,0,247616,317729,0.0,0.0,0.0,0,0,nan,nan,nan,88,26.200000762939453,0.0,33.0,0,30,-,READY owner=Surnn refs=24,"{""cmd"": ""STOP"", ""status"": ""READY"", ""detector"": ""yolo"", ""state"": ""IDLE"", ""owner"": ""Surnn"", ""score"": null, ""match_max"": 0.5, ""refs"": 24, ""match_mode"": ""none"", ""steer_zones"": 41, ""people"": 0, ""track_id"": null, ""target_ex"": 0.0, ""target_cx_vel_px_s"": 0.0, ""target_age_s"": null, ""lidar_min_m"": 0.68, ""target_lidar_m"": null, ""target_lidar_deg"": null, ""camera_range_m"
2026-07-16T16:19:22.394,349.395,mission_20260716_161333_manual,MANUAL,,0,13.330309867858887,100.99787902832031,148.99410172449498,4,True,0.6869999766349792,1,0,0,247616,317729,0.0,0.0,0.0,0,0,nan,nan,nan,88,26.200000762939453,0.0,33.0,0,30,-,READY owner=Surnn refs=24,"{""cmd"": ""STOP"", ""status"": ""READY"", ""detector"": ""yolo"", ""state"": ""IDLE"", ""owner"": ""Surnn"", ""score"": null, ""match_max"": 0.5, ""refs"": 24, ""match_mode"": ""none"", ""steer_zones"": 41, ""people"": 0, ""track_id"": null, ""target_ex"": 0.0, ""target_cx_vel_px_s"": 0.0, ""target_age_s"": null, ""lidar_min_m"": 0.68, ""target_lidar_m"": null, ""target_lidar_deg"": null, ""camera_range_m"
2026-07-16T16:19:24.402,351.403,mission_20260716_161333_manual,MANUAL,,0,13.330310821533203,100.99787902832031,149.02252897182058,4,True,0.6867499947547913,1,0,0,247616,317729,0.0,0.0,0.0,0,0,nan,nan,nan,88,26.200000762939453,0.0,33.0,0,30,-,READY owner=Surnn refs=24,"{""cmd"": ""STOP"", ""status"": ""READY"", ""detector"": ""yolo"", ""state"": ""IDLE"", ""owner"": ""Surnn"", ""score"": null, ""match_max"": 0.5, ""refs"": 24, ""match_mode"": ""none"", ""steer_zones"": 41, ""people"": 0, ""track_id"": null, ""target_ex"": 0.0, ""target_cx_vel_px_s"": 0.0, ""target_age_s"": null, ""lidar_min_m"": 0.68, ""target_lidar_m"": null, ""target_lidar_deg"": null, ""camera_range_m"
2026-07-16T16:19:26.425,353.425,mission_20260716_161333_manual,MANUAL,,0,13.33031177520752,100.99787902832031,149.02948210439567,4,True,0.687250018119812,1,0,0,247616,317729,0.0,0.0,0.0,0,0,nan,nan,nan,88,26.200000762939453,0.0,33.0,0,30,-,READY owner=Surnn refs=24,"{""cmd"": ""STOP"", ""status"": ""READY"", ""detector"": ""yolo"", ""state"": ""IDLE"", ""owner"": ""Surnn"", ""score"": null, ""match_max"": 0.5, ""refs"": 24, ""match_mode"": ""none"", ""steer_zones"": 41, ""people"": 0, ""track_id"": null, ""target_ex"": 0.0, ""target_cx_vel_px_s"": 0.0, ""target_age_s"": null, ""lidar_min_m"": 0.68, ""target_lidar_m"": null, ""target_lidar_deg"": null, ""camera_range_m"
2026-07-16T16:19:28.451,355.452,mission_20260716_161333_manual,MANUAL,,0,13.33031177520752,100.99787902832031,149.0330474631424,4,True,0.6867499947547913,1,0,0,247616,317729,0.0,0.0,0.0,0,0,nan,nan,nan,88,26.200000762939453,0.0,33.0,0,29,-,READY owner=Surnn refs=24,"{""cmd"": ""STOP"", ""status"": ""READY"", ""detector"": ""yolo"", ""state"": ""IDLE"", ""owner"": ""Surnn"", ""score"": null, ""match_max"": 0.5, ""refs"": 24, ""match_mode"": ""none"", ""steer_zones"": 41, ""people"": 0, ""track_id"": null, ""target_ex"": 0.0, ""target_cx_vel_px_s"": 0.0, ""target_age_s"": null, ""lidar_min_m"": 0.68, ""target_lidar_m"": null, ""target_lidar_deg"": null, ""camera_range_m"
2026-07-16T16:19:30.464,357.464,mission_20260716_161333_manual,MANUAL,,0,13.330312728881836,100.99787902832031,149.03923561453044,4,True,0.6855000257492065,1,0,0,247616,317729,0.0,0.0,0.0,0,0,nan,nan,nan,88,26.200000762939453,0.0,33.0,0,30,-,READY owner=Surnn refs=24,"{""cmd"": ""STOP"", ""status"": ""READY"", ""detector"": ""yolo"", ""state"": ""IDLE"", ""owner"": ""Surnn"", ""score"": null, ""match_max"": 0.5, ""refs"": 24, ""match_mode"": ""none"", ""steer_zones"": 41, ""people"": 0, ""track_id"": null, ""target_ex"": 0.0, ""target_cx_vel_px_s"": 0.0, ""target_age_s"": null, ""lidar_min_m"": 0.68, ""target_lidar_m"": null, ""target_lidar_deg"": null, ""camera_range_m"
2026-07-16T16:19:32.485,359.486,mission_20260716_161333_manual,MANUAL,,0,13.330313682556152,100.99787902832031,149.04718595472434,4,True,0.6862499713897705,1,0,0,247616,317729,0.0,0.0,0.0,0,0,nan,nan,nan,88,26.200000762939453,0.0,33.0,0,30,-,READY owner=Surnn refs=24,"{""cmd"": ""STOP"", ""status"": ""READY"", ""detector"": ""yolo"", ""state"": ""IDLE"", ""owner"": ""Surnn"", ""score"": null, ""match_max"": 0.5, ""refs"": 24, ""match_mode"": ""none"", ""steer_zones"": 41, ""people"": 0, ""track_id"": null, ""target_ex"": 0.0, ""target_cx_vel_px_s"": 0.0, ""target_age_s"": null, ""lidar_min_m"": 0.68, ""target_lidar_m"": null, ""target_lidar_deg"": null, ""camera_range_m"
2026-07-16T16:19:34.538,361.538,mission_20260716_161333_manual,MANUAL,,0,13.330315589904785,100.99787902832031,149.04553304894517,4,True,0.6859999895095825,1,0,0,247616,317729,0.0,0.0,0.0,0,0,nan,nan,nan,88,26.200000762939453,0.0,33.0,0,29,-,READY owner=Surnn refs=24,"{""cmd"": ""STOP"", ""status"": ""READY"", ""detector"": ""yolo"", ""state"": ""IDLE"", ""owner"": ""Surnn"", ""score"": null, ""match_max"": 0.5, ""refs"": 24, ""match_mode"": ""none"", ""steer_zones"": 41, ""people"": 0, ""track_id"": null, ""target_ex"": 0.0, ""target_cx_vel_px_s"": 0.0, ""target_age_s"": null, ""lidar_min_m"": 0.68, ""target_lidar_m"": null, ""target_lidar_deg"": null, ""camera_range_m"
2026-07-16T16:19:36.574,363.575,mission_20260716_161333_manual,MANUAL,,0,13.330316543579102,100.99787902832031,149.05923440842022,4,True,0.6867499947547913,1,0,0,247616,317729,0.0,0.0,0.0,0,0,nan,nan,nan,88,26.200000762939453,0.0,33.0,0,30,-,READY owner=Surnn refs=24,"{""cmd"": ""STOP"", ""status"": ""READY"", ""detector"": ""yolo"", ""state"": ""IDLE"", ""owner"": ""Surnn"", ""score"": null, ""match_max"": 0.5, ""refs"": 24, ""match_mode"": ""none"", ""steer_zones"": 41, ""people"": 0, ""track_id"": null, ""target_ex"": 0.0, ""target_cx_vel_px_s"": 0.0, ""target_age_s"": null, ""lidar_min_m"": 0.68, ""target_lidar_m"": null, ""target_lidar_deg"": null, ""camera_range_m"
2026-07-16T16:19:38.596,365.597,mission_20260716_161333_manual,MANUAL,,0,13.330316543579102,100.99787902832031,149.06743063542424,4,True,0.6867499947547913,1,0,0,247616,317729,0.0,0.0,0.0,0,0,nan,nan,nan,88,26.200000762939453,0.0,33.0,0,30,-,READY owner=Surnn refs=24,"{""cmd"": ""STOP"", ""status"": ""READY"", ""detector"": ""yolo"", ""state"": ""IDLE"", ""owner"": ""Surnn"", ""score"": null, ""match_max"": 0.5, ""refs"": 24, ""match_mode"": ""none"", ""steer_zones"": 41, ""people"": 0, ""track_id"": null, ""target_ex"": 0.0, ""target_cx_vel_px_s"": 0.0, ""target_age_s"": null, ""lidar_min_m"": 0.68, ""target_lidar_m"": null, ""target_lidar_deg"": null, ""camera_range_m"
2026-07-16T16:19:40.618,367.618,mission_20260716_161333_manual,MANUAL,,0,13.330316543579102,100.99787902832031,149.07006708844386,4,True,0.6865000128746033,1,0,0,247616,317729,0.0,0.0,0.0,0,0,nan,nan,nan,88,26.200000762939453,0.0,33.0,0,30,-,READY owner=Surnn refs=24,"{""cmd"": ""STOP"", ""status"": ""READY"", ""detector"": ""yolo"", ""state"": ""IDLE"", ""owner"": ""Surnn"", ""score"": null, ""match_max"": 0.5, ""refs"": 24, ""match_mode"": ""none"", ""steer_zones"": 41, ""people"": 0, ""track_id"": null, ""target_ex"": 0.0, ""target_cx_vel_px_s"": 0.0, ""target_age_s"": null, ""lidar_min_m"": 0.68, ""target_lidar_m"": null, ""target_lidar_deg"": null, ""camera_range_m"
2026-07-16T16:19:42.639,369.639,mission_20260716_161333_manual,MANUAL,,0,13.330317497253418,100.99787902832031,149.0848202970511,4,True,0.6867499947547913,1,0,0,247616,317729,0.0,0.0,0.0,0,0,nan,nan,nan,88,26.200000762939453,0.0,33.0,0,30,-,READY owner=Surnn refs=24,"{""cmd"": ""STOP"", ""status"": ""READY"", ""detector"": ""yolo"", ""state"": ""IDLE"", ""owner"": ""Surnn"", ""score"": null, ""match_max"": 0.5, ""refs"": 24, ""match_mode"": ""none"", ""steer_zones"": 41, ""people"": 0, ""track_id"": null, ""target_ex"": 0.0, ""target_cx_vel_px_s"": 0.0, ""target_age_s"": null, ""lidar_min_m"": 0.68, ""target_lidar_m"": null, ""target_lidar_deg"": null, ""camera_range_m"
2026-07-16T16:19:44.646,371.646,mission_20260716_161333_manual,MANUAL,,0,13.330318450927734,100.99787902832031,149.09348097691867,4,True,0.6875,1,0,0,247616,317729,0.0,0.0,0.0,0,0,nan,nan,nan,88,26.200000762939453,0.0,33.0,0,30,-,READY owner=Surnn refs=24,"{""cmd"": ""STOP"", ""status"": ""READY"", ""detector"": ""yolo"", ""state"": ""IDLE"", ""owner"": ""Surnn"", ""score"": null, ""match_max"": 0.5, ""refs"": 24, ""match_mode"": ""none"", ""steer_zones"": 41, ""people"": 0, ""track_id"": null, ""target_ex"": 0.0, ""target_cx_vel_px_s"": 0.0, ""target_age_s"": null, ""lidar_min_m"": 0.68, ""target_lidar_m"": null, ""target_lidar_deg"": null, ""camera_range_m"
2026-07-16T16:19:46.671,373.671,mission_20260716_161333_manual,MANUAL,,0,13.33031940460205,100.99787902832031,149.098193807446,4,True,0.6865000128746033,1,0,0,247616,317729,0.0,0.0,0.0,0,0,nan,nan,nan,88,26.200000762939453,0.0,33.0,0,30,-,READY owner=Surnn refs=24,"{""cmd"": ""STOP"", ""status"": ""READY"", ""detector"": ""yolo"", ""state"": ""IDLE"", ""owner"": ""Surnn"", ""score"": null, ""match_max"": 0.5, ""refs"": 24, ""match_mode"": ""none"", ""steer_zones"": 41, ""people"": 0, ""track_id"": null, ""target_ex"": 0.0, ""target_cx_vel_px_s"": 0.0, ""target_age_s"": null, ""lidar_min_m"": 0.68, ""target_lidar_m"": null, ""target_lidar_deg"": null, ""camera_range_m"
2026-07-16T16:19:48.698,375.698,mission_20260716_161333_manual,MANUAL,,0,13.330320358276367,100.99787902832031,149.10342573235022,4,True,0.6857500076293945,1,0,0,247616,317729,0.0,0.0,0.0,0,0,nan,nan,nan,88,26.200000762939453,0.0,33.0,0,30,-,READY owner=Surnn refs=24,"{""cmd"": ""STOP"", ""status"": ""READY"", ""detector"": ""yolo"", ""state"": ""IDLE"", ""owner"": ""Surnn"", ""score"": null, ""match_max"": 0.5, ""refs"": 24, ""match_mode"": ""none"", ""steer_zones"": 41, ""people"": 0, ""track_id"": null, ""target_ex"": 0.0, ""target_cx_vel_px_s"": 0.0, ""target_age_s"": null, ""lidar_min_m"": 0.68, ""target_lidar_m"": null, ""target_lidar_deg"": null, ""camera_range_m"
2026-07-16T16:19:50.742,377.743,mission_20260716_161333_manual,MANUAL,,0,13.330320358276367,100.99787902832031,149.11600694080138,4,True,0.6857500076293945,1,0,0,247616,317729,0.0,0.0,0.0,0,0,nan,nan,nan,88,26.200000762939453,0.0,33.0,0,29,-,READY owner=Surnn refs=24,"{""cmd"": ""STOP"", ""status"": ""READY"", ""detector"": ""yolo"", ""state"": ""IDLE"", ""owner"": ""Surnn"", ""score"": null, ""match_max"": 0.5, ""refs"": 24, ""match_mode"": ""none"", ""steer_zones"": 41, ""people"": 0, ""track_id"": null, ""target_ex"": 0.0, ""target_cx_vel_px_s"": 0.0, ""target_age_s"": null, ""lidar_min_m"": 0.68, ""target_lidar_m"": null, ""target_lidar_deg"": null, ""camera_range_m"
2026-07-16T16:19:52.777,379.778,mission_20260716_161333_manual,MANUAL,,0,13.330321311950684,100.99787902832031,149.12305569602484,4,True,0.6857500076293945,1,0,0,247616,317729,0.0,0.0,0.0,0,0,nan,nan,nan,88,26.200000762939453,0.0,33.0,0,29,-,READY owner=Surnn refs=24,"{""cmd"": ""STOP"", ""status"": ""READY"", ""detector"": ""yolo"", ""state"": ""IDLE"", ""owner"": ""Surnn"", ""score"": null, ""match_max"": 0.5, ""refs"": 24, ""match_mode"": ""none"", ""steer_zones"": 41, ""people"": 0, ""track_id"": null, ""target_ex"": 0.0, ""target_cx_vel_px_s"": 0.0, ""target_age_s"": null, ""lidar_min_m"": 0.68, ""target_lidar_m"": null, ""target_lidar_deg"": null, ""camera_range_m"
2026-07-16T16:19:54.785,381.785,mission_20260716_161333_manual,MANUAL,,0,13.330322265625,100.99787902832031,149.13045962108512,4,True,0.6855000257492065,1,0,0,247616,317729,0.0,0.0,0.0,0,0,nan,nan,nan,88,26.200000762939453,0.0,33.0,0,28,-,READY owner=Surnn refs=24,"{""cmd"": ""STOP"", ""status"": ""READY"", ""detector"": ""yolo"", ""state"": ""IDLE"", ""owner"": ""Surnn"", ""score"": null, ""match_max"": 0.5, ""refs"": 24, ""match_mode"": ""none"", ""steer_zones"": 41, ""people"": 0, ""track_id"": null, ""target_ex"": 0.0, ""target_cx_vel_px_s"": 0.0, ""target_age_s"": null, ""lidar_min_m"": 0.68, ""target_lidar_m"": null, ""target_lidar_deg"": null, ""camera_range_m"
2026-07-16T16:19:56.793,383.794,mission_20260716_161333_manual,MANUAL,,0,13.330323219299316,100.99787902832031,149.13391569680516,4,True,0.6867499947547913,1,0,0,247616,317729,0.0,0.0,0.0,0,0,nan,nan,nan,88,26.200000762939453,0.0,33.0,0,29,-,READY owner=Surnn refs=24,"{""cmd"": ""STOP"", ""status"": ""READY"", ""detector"": ""yolo"", ""state"": ""IDLE"", ""owner"": ""Surnn"", ""score"": null, ""match_max"": 0.5, ""refs"": 24, ""match_mode"": ""none"", ""steer_zones"": 41, ""people"": 0, ""track_id"": null, ""target_ex"": 0.0, ""target_cx_vel_px_s"": 0.0, ""target_age_s"": null, ""lidar_min_m"": 0.68, ""target_lidar_m"": null, ""target_lidar_deg"": null, ""camera_range_m"
2026-07-16T16:19:58.807,385.807,mission_20260716_161333_manual,MANUAL,,0,13.330324172973633,100.99787902832031,149.13589645166445,4,True,0.6862499713897705,1,0,0,247616,317729,0.0,0.0,0.0,0,0,nan,nan,nan,88,26.200000762939453,0.0,33.0,0,29,-,READY owner=Surnn refs=24,"{""cmd"": ""STOP"", ""status"": ""READY"", ""detector"": ""yolo"", ""state"": ""IDLE"", ""owner"": ""Surnn"", ""score"": null, ""match_max"": 0.5, ""refs"": 24, ""match_mode"": ""none"", ""steer_zones"": 41, ""people"": 0, ""track_id"": null, ""target_ex"": 0.0, ""target_cx_vel_px_s"": 0.0, ""target_age_s"": null, ""lidar_min_m"": 0.68, ""target_lidar_m"": null, ""target_lidar_deg"": null, ""camera_range_m"
2026-07-16T16:20:00.820,387.82,mission_20260716_161333_manual,MANUAL,,0,13.33032512664795,100.99787902832031,149.13480362139725,4,True,0.6859999895095825,1,0,0,247616,317729,0.0,0.0,0.0,0,0,nan,nan,nan,88,26.200000762939453,0.0,33.0,0,30,-,READY owner=Surnn refs=24,"{""cmd"": ""STOP"", ""status"": ""READY"", ""detector"": ""yolo"", ""state"": ""IDLE"", ""owner"": ""Surnn"", ""score"": null, ""match_max"": 0.5, ""refs"": 24, ""match_mode"": ""none"", ""steer_zones"": 41, ""people"": 0, ""track_id"": null, ""target_ex"": 0.0, ""target_cx_vel_px_s"": 0.0, ""target_age_s"": null, ""lidar_min_m"": 0.68, ""target_lidar_m"": null, ""target_lidar_deg"": null, ""camera_range_m"
2026-07-16T16:20:02.846,389.847,mission_20260716_161333_manual,MANUAL,,0,13.330326080322266,100.99787902832031,149.12985856443817,4,True,0.6855000257492065,1,0,0,247616,317729,0.0,0.0,0.0,0,0,nan,nan,nan,88,26.200000762939453,0.0,33.0,0,30,-,READY owner=Surnn refs=24,"{""cmd"": ""STOP"", ""status"": ""READY"", ""detector"": ""yolo"", ""state"": ""IDLE"", ""owner"": ""Surnn"", ""score"": null, ""match_max"": 0.5, ""refs"": 24, ""match_mode"": ""none"", ""steer_zones"": 41, ""people"": 0, ""track_id"": null, ""target_ex"": 0.0, ""target_cx_vel_px_s"": 0.0, ""target_age_s"": null, ""lidar_min_m"": 0.68, ""target_lidar_m"": null, ""target_lidar_deg"": null, ""camera_range_m"
2026-07-16T16:20:04.869,391.87,mission_20260716_161333_manual,MANUAL,,0,13.330327033996582,100.99787139892578,149.12561018677442,4,True,0.6862499713897705,1,0,0,247616,317729,0.0,0.0,0.0,0,0,nan,nan,nan,88,26.200000762939453,0.0,33.0,0,30,-,READY owner=Surnn refs=24,"{""cmd"": ""STOP"", ""status"": ""READY"", ""detector"": ""yolo"", ""state"": ""IDLE"", ""owner"": ""Surnn"", ""score"": null, ""match_max"": 0.5, ""refs"": 24, ""match_mode"": ""none"", ""steer_zones"": 41, ""people"": 0, ""track_id"": null, ""target_ex"": 0.0, ""target_cx_vel_px_s"": 0.0, ""target_age_s"": null, ""lidar_min_m"": 0.68, ""target_lidar_m"": null, ""target_lidar_deg"": null, ""camera_range_m"
2026-07-16T16:20:06.879,393.88,mission_20260716_161333_manual,MANUAL,,0,13.330327987670898,100.99787139892578,149.12562384715275,4,True,0.6867499947547913,1,0,0,247616,317729,0.0,0.0,0.0,0,0,nan,nan,nan,88,26.200000762939453,0.0,33.0,0,30,-,READY owner=Surnn refs=24,"{""cmd"": ""STOP"", ""status"": ""READY"", ""detector"": ""yolo"", ""state"": ""IDLE"", ""owner"": ""Surnn"", ""score"": null, ""match_max"": 0.5, ""refs"": 24, ""match_mode"": ""none"", ""steer_zones"": 41, ""people"": 0, ""track_id"": null, ""target_ex"": 0.0, ""target_cx_vel_px_s"": 0.0, ""target_age_s"": null, ""lidar_min_m"": 0.68, ""target_lidar_m"": null, ""target_lidar_deg"": null, ""camera_range_m"
2026-07-16T16:20:08.892,395.893,mission_20260716_161333_manual,MANUAL,,0,13.330329895019531,100.99787139892578,149.11337048778176,4,True,0.6859999895095825,1,0,0,247616,317729,0.0,0.0,0.0,0,0,nan,nan,nan,88,26.200000762939453,0.0,33.0,0,30,-,READY owner=Surnn refs=24,"{""cmd"": ""STOP"", ""status"": ""READY"", ""detector"": ""yolo"", ""state"": ""IDLE"", ""owner"": ""Surnn"", ""score"": null, ""match_max"": 0.5, ""refs"": 24, ""match_mode"": ""none"", ""steer_zones"": 41, ""people"": 0, ""track_id"": null, ""target_ex"": 0.0, ""target_cx_vel_px_s"": 0.0, ""target_age_s"": null, ""lidar_min_m"": 0.68, ""target_lidar_m"": null, ""target_lidar_deg"": null, ""camera_range_m"
2026-07-16T16:20:10.902,397.903,mission_20260716_161333_manual,MANUAL,,0,13.330330848693848,100.99787139892578,149.11513267658762,4,True,0.6869999766349792,1,0,0,247616,317729,0.0,0.0,0.0,0,0,nan,nan,nan,88,26.200000762939453,0.0,33.0,0,29,-,READY owner=Surnn refs=24,"{""cmd"": ""STOP"", ""status"": ""READY"", ""detector"": ""yolo"", ""state"": ""IDLE"", ""owner"": ""Surnn"", ""score"": null, ""match_max"": 0.5, ""refs"": 24, ""match_mode"": ""none"", ""steer_zones"": 41, ""people"": 0, ""track_id"": null, ""target_ex"": 0.0, ""target_cx_vel_px_s"": 0.0, ""target_age_s"": null, ""lidar_min_m"": 0.68, ""target_lidar_m"": null, ""target_lidar_deg"": null, ""camera_range_m"
2026-07-16T16:20:12.942,399.942,mission_20260716_161333_manual,MANUAL,,0,13.330331802368164,100.99787139892578,149.12071977132868,4,True,0.6865000128746033,1,0,0,247616,317729,0.0,0.0,0.0,0,0,nan,nan,nan,88,26.200000762939453,0.0,33.0,0,29,-,READY owner=Surnn refs=24,"{""cmd"": ""STOP"", ""status"": ""READY"", ""detector"": ""yolo"", ""state"": ""IDLE"", ""owner"": ""Surnn"", ""score"": null, ""match_max"": 0.5, ""refs"": 24, ""match_mode"": ""none"", ""steer_zones"": 41, ""people"": 0, ""track_id"": null, ""target_ex"": 0.0, ""target_cx_vel_px_s"": 0.0, ""target_age_s"": null, ""lidar_min_m"": 0.68, ""target_lidar_m"": null, ""target_lidar_deg"": null, ""camera_range_m"
2026-07-16T16:20:14.962,401.963,mission_20260716_161333_manual,MANUAL,,0,13.33033275604248,100.99787139892578,149.1143130538872,4,True,0.6862499713897705,1,0,0,247616,317729,0.0,0.0,0.0,0,0,nan,nan,nan,88,26.200000762939453,0.0,33.0,0,30,-,READY owner=Surnn refs=24,"{""cmd"": ""STOP"", ""status"": ""READY"", ""detector"": ""yolo"", ""state"": ""IDLE"", ""owner"": ""Surnn"", ""score"": null, ""match_max"": 0.5, ""refs"": 24, ""match_mode"": ""none"", ""steer_zones"": 41, ""people"": 0, ""track_id"": null, ""target_ex"": 0.0, ""target_cx_vel_px_s"": 0.0, ""target_age_s"": null, ""lidar_min_m"": 0.68, ""target_lidar_m"": null, ""target_lidar_deg"": null, ""camera_range_m"
2026-07-16T16:20:16.984,403.985,mission_20260716_161333_manual,MANUAL,,0,13.330333709716797,100.99787139892578,149.10080293970893,4,True,0.6859999895095825,1,0,0,247616,317729,0.0,0.0,0.0,0,0,nan,nan,nan,88,26.200000762939453,0.0,33.0,0,30,-,READY owner=Surnn refs=24,"{""cmd"": ""STOP"", ""status"": ""READY"", ""detector"": ""yolo"", ""state"": ""IDLE"", ""owner"": ""Surnn"", ""score"": null, ""match_max"": 0.5, ""refs"": 24, ""match_mode"": ""none"", ""steer_zones"": 41, ""people"": 0, ""track_id"": null, ""target_ex"": 0.0, ""target_cx_vel_px_s"": 0.0, ""target_age_s"": null, ""lidar_min_m"": 0.68, ""target_lidar_m"": null, ""target_lidar_deg"": null, ""camera_range_m"
2026-07-16T16:20:19.004,406.005,mission_20260716_161333_manual,MANUAL,,0,13.330333709716797,100.99787139892578,149.10931335541477,4,True,0.6865000128746033,1,0,0,247616,317729,0.0,0.0,0.0,0,0,nan,nan,nan,88,26.200000762939453,0.0,33.0,0,29,-,READY owner=Surnn refs=24,"{""cmd"": ""STOP"", ""status"": ""READY"", ""detector"": ""yolo"", ""state"": ""IDLE"", ""owner"": ""Surnn"", ""score"": null, ""match_max"": 0.5, ""refs"": 24, ""match_mode"": ""none"", ""steer_zones"": 41, ""people"": 0, ""track_id"": null, ""target_ex"": 0.0, ""target_cx_vel_px_s"": 0.0, ""target_age_s"": null, ""lidar_min_m"": 0.68, ""target_lidar_m"": null, ""target_lidar_deg"": null, ""camera_range_m"
2026-07-16T16:20:21.014,408.015,mission_20260716_161333_manual,MANUAL,,0,13.330333709716797,100.99787139892578,149.10139033597756,4,True,0.6880000233650208,1,0,0,247616,317729,0.0,0.0,0.0,0,0,nan,nan,nan,88,26.200000762939453,0.0,33.0,0,29,-,READY owner=Surnn refs=24,"{""cmd"": ""STOP"", ""status"": ""READY"", ""detector"": ""yolo"", ""state"": ""IDLE"", ""owner"": ""Surnn"", ""score"": null, ""match_max"": 0.5, ""refs"": 24, ""match_mode"": ""none"", ""steer_zones"": 41, ""people"": 0, ""track_id"": null, ""target_ex"": 0.0, ""target_cx_vel_px_s"": 0.0, ""target_age_s"": null, ""lidar_min_m"": 0.68, ""target_lidar_m"": null, ""target_lidar_deg"": null, ""camera_range_m"
2026-07-16T16:20:23.055,410.056,mission_20260716_161333_manual,MANUAL,,0,13.33033275604248,100.99787139892578,149.08958776909176,4,True,0.6867499947547913,1,0,0,247616,317729,0.0,0.0,0.0,0,0,nan,nan,nan,88,26.200000762939453,0.0,33.0,0,30,-,READY owner=Surnn refs=24,"{""cmd"": ""STOP"", ""status"": ""READY"", ""detector"": ""yolo"", ""state"": ""IDLE"", ""owner"": ""Surnn"", ""score"": null, ""match_max"": 0.5, ""refs"": 24, ""match_mode"": ""none"", ""steer_zones"": 41, ""people"": 0, ""track_id"": null, ""target_ex"": 0.0, ""target_cx_vel_px_s"": 0.0, ""target_age_s"": null, ""lidar_min_m"": 0.68, ""target_lidar_m"": null, ""target_lidar_deg"": null, ""camera_range_m"
2026-07-16T16:20:25.093,412.093,mission_20260716_161333_manual,MANUAL,,0,13.330331802368164,100.99787139892578,149.0955710148047,4,True,0.6857500076293945,1,0,0,247616,317729,0.0,0.0,0.0,0,0,nan,nan,nan,88,26.200000762939453,0.0,33.0,0,30,-,READY owner=Surnn refs=24,"{""cmd"": ""STOP"", ""status"": ""READY"", ""detector"": ""yolo"", ""state"": ""IDLE"", ""owner"": ""Surnn"", ""score"": null, ""match_max"": 0.5, ""refs"": 24, ""match_mode"": ""none"", ""steer_zones"": 41, ""people"": 0, ""track_id"": null, ""target_ex"": 0.0, ""target_cx_vel_px_s"": 0.0, ""target_age_s"": null, ""lidar_min_m"": 0.68, ""target_lidar_m"": null, ""target_lidar_deg"": null, ""camera_range_m"
2026-07-16T16:20:27.119,414.12,mission_20260716_161333_manual,MANUAL,,0,13.330329895019531,100.99787139892578,149.09753810928567,4,True,0.6865000128746033,1,0,0,247616,317729,0.0,0.0,0.0,0,0,nan,nan,nan,88,26.200000762939453,0.0,33.0,0,30,-,READY owner=Surnn refs=24,"{""cmd"": ""STOP"", ""status"": ""READY"", ""detector"": ""yolo"", ""state"": ""IDLE"", ""owner"": ""Surnn"", ""score"": null, ""match_max"": 0.5, ""refs"": 24, ""match_mode"": ""none"", ""steer_zones"": 41, ""people"": 0, ""track_id"": null, ""target_ex"": 0.0, ""target_cx_vel_px_s"": 0.0, ""target_age_s"": null, ""lidar_min_m"": 0.68, ""target_lidar_m"": null, ""target_lidar_deg"": null, ""camera_range_m"
2026-07-16T16:20:29.167,416.167,mission_20260716_161333_manual,MANUAL,,0,13.330327987670898,100.99787139892578,149.08696497645047,4,True,0.687250018119812,1,0,0,247616,317729,0.0,0.0,0.0,0,0,nan,nan,nan,88,26.200000762939453,0.0,33.0,0,29,-,READY owner=Surnn refs=24,"{""cmd"": ""STOP"", ""status"": ""READY"", ""detector"": ""yolo"", ""state"": ""IDLE"", ""owner"": ""Surnn"", ""score"": null, ""match_max"": 0.5, ""refs"": 24, ""match_mode"": ""none"", ""steer_zones"": 41, ""people"": 0, ""track_id"": null, ""target_ex"": 0.0, ""target_cx_vel_px_s"": 0.0, ""target_age_s"": null, ""lidar_min_m"": 0.68, ""target_lidar_m"": null, ""target_lidar_deg"": null, ""camera_range_m"
2026-07-16T16:20:31.209,418.209,mission_20260716_161333_manual,MANUAL,,0,13.330326080322266,100.99787139892578,149.08188331570798,4,True,0.6859999895095825,1,0,0,247616,317729,0.0,0.0,0.0,0,0,nan,nan,nan,88,26.200000762939453,0.0,33.0,0,29,-,READY owner=Surnn refs=24,"{""cmd"": ""STOP"", ""status"": ""READY"", ""detector"": ""yolo"", ""state"": ""IDLE"", ""owner"": ""Surnn"", ""score"": null, ""match_max"": 0.5, ""refs"": 24, ""match_mode"": ""none"", ""steer_zones"": 41, ""people"": 0, ""track_id"": null, ""target_ex"": 0.0, ""target_cx_vel_px_s"": 0.0, ""target_age_s"": null, ""lidar_min_m"": 0.68, ""target_lidar_m"": null, ""target_lidar_deg"": null, ""camera_range_m"
2026-07-16T16:20:33.241,420.242,mission_20260716_161333_manual,MANUAL,,0,13.33032512664795,100.99787139892578,149.0821292025181,4,True,0.6884999871253967,1,0,0,247616,317729,0.0,0.0,0.0,0,0,nan,nan,nan,88,26.200000762939453,0.0,33.0,0,29,-,READY owner=Surnn refs=24,"{""cmd"": ""STOP"", ""status"": ""READY"", ""detector"": ""yolo"", ""state"": ""IDLE"", ""owner"": ""Surnn"", ""score"": null, ""match_max"": 0.5, ""refs"": 24, ""match_mode"": ""none"", ""steer_zones"": 41, ""people"": 0, ""track_id"": null, ""target_ex"": 0.0, ""target_cx_vel_px_s"": 0.0, ""target_age_s"": null, ""lidar_min_m"": 0.68, ""target_lidar_m"": null, ""target_lidar_deg"": null, ""camera_range_m"
2026-07-16T16:20:35.271,422.271,mission_20260716_161333_manual,MANUAL,,0,13.330323219299316,100.99787139892578,149.08186965532965,4,True,0.6859999895095825,1,0,0,247616,317729,0.0,0.0,0.0,0,0,nan,nan,nan,88,26.200000762939453,0.0,33.0,0,26,-,READY owner=Surnn refs=24,"{""cmd"": ""STOP"", ""status"": ""READY"", ""detector"": ""yolo"", ""state"": ""IDLE"", ""owner"": ""Surnn"", ""score"": null, ""match_max"": 0.5, ""refs"": 24, ""match_mode"": ""none"", ""steer_zones"": 41, ""people"": 0, ""track_id"": null, ""target_ex"": 0.0, ""target_cx_vel_px_s"": 0.0, ""target_age_s"": null, ""lidar_min_m"": 0.68, ""target_lidar_m"": null, ""target_lidar_deg"": null, ""camera_range_m"
2026-07-16T16:20:37.280,424.28,mission_20260716_161333_manual,MANUAL,,0,13.330322265625,100.99787902832031,149.08221116478816,4,True,0.6867499947547913,1,0,0,247616,317729,0.0,0.0,0.0,0,0,nan,nan,nan,88,26.200000762939453,0.0,33.0,0,30,-,READY owner=Surnn refs=24,"{""cmd"": ""STOP"", ""status"": ""READY"", ""detector"": ""yolo"", ""state"": ""IDLE"", ""owner"": ""Surnn"", ""score"": null, ""match_max"": 0.5, ""refs"": 24, ""match_mode"": ""none"", ""steer_zones"": 41, ""people"": 0, ""track_id"": null, ""target_ex"": 0.0, ""target_cx_vel_px_s"": 0.0, ""target_age_s"": null, ""lidar_min_m"": 0.68, ""target_lidar_m"": null, ""target_lidar_deg"": null, ""camera_range_m"
2026-07-16T16:20:39.299,426.3,mission_20260716_161333_manual,MANUAL,,0,13.330320358276367,100.99787902832031,149.06753991845096,4,True,0.6857500076293945,1,0,0,247616,317729,0.0,0.0,0.0,0,0,nan,nan,nan,88,26.200000762939453,0.0,33.0,0,29,-,READY owner=Surnn refs=24,"{""cmd"": ""STOP"", ""status"": ""READY"", ""detector"": ""yolo"", ""state"": ""IDLE"", ""owner"": ""Surnn"", ""score"": null, ""match_max"": 0.5, ""refs"": 24, ""match_mode"": ""none"", ""steer_zones"": 41, ""people"": 0, ""track_id"": null, ""target_ex"": 0.0, ""target_cx_vel_px_s"": 0.0, ""target_age_s"": null, ""lidar_min_m"": 0.68, ""target_lidar_m"": null, ""target_lidar_deg"": null, ""camera_range_m"
2026-07-16T16:20:41.331,428.332,mission_20260716_161333_manual,MANUAL,,0,13.330318450927734,100.99787902832031,149.0733592396238,4,True,0.687749981880188,1,0,0,247616,317729,0.0,0.0,0.0,0,0,nan,nan,nan,88,26.200000762939453,0.0,33.0,0,29,-,READY owner=Surnn refs=24,"{""cmd"": ""STOP"", ""status"": ""READY"", ""detector"": ""yolo"", ""state"": ""IDLE"", ""owner"": ""Surnn"", ""score"": null, ""match_max"": 0.5, ""refs"": 24, ""match_mode"": ""none"", ""steer_zones"": 41, ""people"": 0, ""track_id"": null, ""target_ex"": 0.0, ""target_cx_vel_px_s"": 0.0, ""target_age_s"": null, ""lidar_min_m"": 0.68, ""target_lidar_m"": null, ""target_lidar_deg"": null, ""camera_range_m"
2026-07-16T16:20:43.347,430.348,mission_20260716_161333_manual,MANUAL,,0,13.330316543579102,100.99787902832031,149.06657003158884,4,True,0.6865000128746033,1,0,0,247616,317729,0.0,0.0,0.0,0,0,nan,nan,nan,88,26.200000762939453,0.0,33.0,0,29,-,READY owner=Surnn refs=24,"{""cmd"": ""STOP"", ""status"": ""READY"", ""detector"": ""yolo"", ""state"": ""IDLE"", ""owner"": ""Surnn"", ""score"": null, ""match_max"": 0.5, ""refs"": 24, ""match_mode"": ""none"", ""steer_zones"": 41, ""people"": 0, ""track_id"": null, ""target_ex"": 0.0, ""target_cx_vel_px_s"": 0.0, ""target_age_s"": null, ""lidar_min_m"": 0.68, ""target_lidar_m"": null, ""target_lidar_deg"": null, ""camera_range_m"
2026-07-16T16:20:45.353,432.354,mission_20260716_161333_manual,MANUAL,,0,13.330314636230469,100.99787902832031,149.06203478597993,4,True,0.6862499713897705,1,0,0,247616,317729,0.0,0.0,0.0,0,0,nan,nan,nan,88,26.200000762939453,0.0,33.0,0,29,-,READY owner=Surnn refs=24,"{""cmd"": ""STOP"", ""status"": ""READY"", ""detector"": ""yolo"", ""state"": ""IDLE"", ""owner"": ""Surnn"", ""score"": null, ""match_max"": 0.5, ""refs"": 24, ""match_mode"": ""none"", ""steer_zones"": 41, ""people"": 0, ""track_id"": null, ""target_ex"": 0.0, ""target_cx_vel_px_s"": 0.0, ""target_age_s"": null, ""lidar_min_m"": 0.68, ""target_lidar_m"": null, ""target_lidar_deg"": null, ""camera_range_m"
2026-07-16T16:20:47.368,434.368,mission_20260716_161333_manual,MANUAL,,0,13.330313682556152,100.99787902832031,149.05643403086052,4,True,0.6862499713897705,1,0,0,247616,317729,0.0,0.0,0.0,0,0,nan,nan,nan,88,26.200000762939453,0.0,33.0,0,29,-,READY owner=Surnn refs=24,"{""cmd"": ""STOP"", ""status"": ""READY"", ""detector"": ""yolo"", ""state"": ""IDLE"", ""owner"": ""Surnn"", ""score"": null, ""match_max"": 0.5, ""refs"": 24, ""match_mode"": ""none"", ""steer_zones"": 41, ""people"": 0, ""track_id"": null, ""target_ex"": 0.0, ""target_cx_vel_px_s"": 0.0, ""target_age_s"": null, ""lidar_min_m"": 0.68, ""target_lidar_m"": null, ""target_lidar_deg"": null, ""camera_range_m"
2026-07-16T16:20:49.491,436.492,mission_20260716_161333_manual,MANUAL,,0,13.33031177520752,100.99787902832031,149.0463526716456,4,True,0.6867499947547913,1,0,0,247616,317729,0.0,0.0,0.0,0,0,nan,nan,nan,88,26.200000762939453,0.0,33.0,0,28,-,READY owner=Surnn refs=24,"{""cmd"": ""STOP"", ""status"": ""READY"", ""detector"": ""yolo"", ""state"": ""IDLE"", ""owner"": ""Surnn"", ""score"": null, ""match_max"": 0.5, ""refs"": 24, ""match_mode"": ""none"", ""steer_zones"": 41, ""people"": 0, ""track_id"": null, ""target_ex"": 0.0, ""target_cx_vel_px_s"": 0.0, ""target_age_s"": null, ""lidar_min_m"": 0.68, ""target_lidar_m"": null, ""target_lidar_deg"": null, ""camera_range_m"
2026-07-16T16:20:51.520,438.521,mission_20260716_161333_manual,MANUAL,,0,13.33030891418457,100.99787902832031,149.04285561479054,4,True,0.6887500286102295,1,0,0,247616,317729,0.0,0.0,0.0,0,0,nan,nan,nan,88,26.200000762939453,0.0,33.0,0,29,-,READY owner=Surnn refs=24,"{""cmd"": ""STOP"", ""status"": ""READY"", ""detector"": ""yolo"", ""state"": ""IDLE"", ""owner"": ""Surnn"", ""score"": null, ""match_max"": 0.5, ""refs"": 24, ""match_mode"": ""none"", ""steer_zones"": 41, ""people"": 0, ""track_id"": null, ""target_ex"": 0.0, ""target_cx_vel_px_s"": 0.0, ""target_age_s"": null, ""lidar_min_m"": 0.68, ""target_lidar_m"": null, ""target_lidar_deg"": null, ""camera_range_m"
2026-07-16T16:20:53.543,440.543,mission_20260716_161333_manual,MANUAL,,0,13.330306053161621,100.99787902832031,149.04435825640795,4,True,0.6867499947547913,1,0,0,247616,317729,0.0,0.0,0.0,0,0,nan,nan,nan,88,26.200000762939453,0.0,33.0,0,30,-,READY owner=Surnn refs=24,"{""cmd"": ""STOP"", ""status"": ""READY"", ""detector"": ""yolo"", ""state"": ""IDLE"", ""owner"": ""Surnn"", ""score"": null, ""match_max"": 0.5, ""refs"": 24, ""match_mode"": ""none"", ""steer_zones"": 41, ""people"": 0, ""track_id"": null, ""target_ex"": 0.0, ""target_cx_vel_px_s"": 0.0, ""target_age_s"": null, ""lidar_min_m"": 0.68, ""target_lidar_m"": null, ""target_lidar_deg"": null, ""camera_range_m"
2026-07-16T16:20:55.569,442.57,mission_20260716_161333_manual,MANUAL,,0,13.330305099487305,100.99788665771484,149.03263765179221,4,True,0.6862499713897705,1,0,0,247616,317729,0.0,0.0,0.0,0,0,nan,nan,nan,88,26.200000762939453,0.0,33.0,0,30,-,READY owner=Surnn refs=24,"{""cmd"": ""STOP"", ""status"": ""READY"", ""detector"": ""yolo"", ""state"": ""IDLE"", ""owner"": ""Surnn"", ""score"": null, ""match_max"": 0.5, ""refs"": 24, ""match_mode"": ""none"", ""steer_zones"": 41, ""people"": 0, ""track_id"": null, ""target_ex"": 0.0, ""target_cx_vel_px_s"": 0.0, ""target_age_s"": null, ""lidar_min_m"": 0.68, ""target_lidar_m"": null, ""target_lidar_deg"": null, ""camera_range_m"
2026-07-16T16:20:57.606,444.606,mission_20260716_161333_manual,MANUAL,,0,13.330303192138672,100.99788665771484,149.0330884442774,4,True,0.6882500052452087,1,0,0,247616,317729,0.0,0.0,0.0,0,0,nan,nan,nan,88,26.200000762939453,0.0,33.0,0,30,-,READY owner=Surnn refs=24,"{""cmd"": ""STOP"", ""status"": ""READY"", ""detector"": ""yolo"", ""state"": ""IDLE"", ""owner"": ""Surnn"", ""score"": null, ""match_max"": 0.5, ""refs"": 24, ""match_mode"": ""none"", ""steer_zones"": 41, ""people"": 0, ""track_id"": null, ""target_ex"": 0.0, ""target_cx_vel_px_s"": 0.0, ""target_age_s"": null, ""lidar_min_m"": 0.68, ""target_lidar_m"": null, ""target_lidar_deg"": null, ""camera_range_m"
2026-07-16T16:20:59.634,446.635,mission_20260716_161333_manual,MANUAL,,0,13.330304145812988,100.99788665771484,149.0350555387584,4,True,0.687250018119812,1,0,0,247616,317729,0.0,0.0,0.0,0,0,nan,nan,nan,88,26.200000762939453,0.0,33.0,0,31,-,READY owner=Surnn refs=24,"{""cmd"": ""STOP"", ""status"": ""READY"", ""detector"": ""yolo"", ""state"": ""IDLE"", ""owner"": ""Surnn"", ""score"": null, ""match_max"": 0.5, ""refs"": 24, ""match_mode"": ""none"", ""steer_zones"": 41, ""people"": 0, ""track_id"": null, ""target_ex"": 0.0, ""target_cx_vel_px_s"": 0.0, ""target_age_s"": null, ""lidar_min_m"": 0.68, ""target_lidar_m"": null, ""target_lidar_deg"": null, ""camera_range_m"
2026-07-16T16:21:01.664,448.665,mission_20260716_161333_manual,MANUAL,,0,13.330305099487305,100.99788665771484,149.05893388009676,4,True,0.6852499842643738,1,0,0,247616,317729,0.0,0.0,0.0,0,0,nan,nan,nan,88,26.200000762939453,0.0,33.0,0,31,-,READY owner=Surnn refs=24,"{""cmd"": ""STOP"", ""status"": ""READY"", ""detector"": ""yolo"", ""state"": ""IDLE"", ""owner"": ""Surnn"", ""score"": null, ""match_max"": 0.5, ""refs"": 24, ""match_mode"": ""none"", ""steer_zones"": 41, ""people"": 0, ""track_id"": null, ""target_ex"": 0.0, ""target_cx_vel_px_s"": 0.0, ""target_age_s"": null, ""lidar_min_m"": 0.68, ""target_lidar_m"": null, ""target_lidar_deg"": null, ""camera_range_m"
2026-07-16T16:21:03.686,450.687,mission_20260716_161333_manual,MANUAL,,0,13.330305099487305,100.99789428710938,149.07718414555902,4,True,0.6865000128746033,1,0,0,247616,317729,0.0,0.0,0.0,0,0,nan,nan,nan,88,26.200000762939453,0.0,33.0,0,32,-,READY owner=Surnn refs=24,"{""cmd"": ""STOP"", ""status"": ""READY"", ""detector"": ""yolo"", ""state"": ""IDLE"", ""owner"": ""Surnn"", ""score"": null, ""match_max"": 0.5, ""refs"": 24, ""match_mode"": ""none"", ""steer_zones"": 41, ""people"": 0, ""track_id"": null, ""target_ex"": 0.0, ""target_cx_vel_px_s"": 0.0, ""target_age_s"": null, ""lidar_min_m"": 0.68, ""target_lidar_m"": null, ""target_lidar_deg"": null, ""camera_range_m"
2026-07-16T16:21:05.704,452.705,mission_20260716_161333_manual,MANUAL,,0,13.330305099487305,100.99789428710938,149.08943750493003,4,True,0.6859999895095825,1,0,0,247616,317729,0.0,0.0,0.0,0,0,nan,nan,nan,88,26.200000762939453,0.0,33.0,0,31,-,READY owner=Surnn refs=24,"{""cmd"": ""STOP"", ""status"": ""READY"", ""detector"": ""yolo"", ""state"": ""IDLE"", ""owner"": ""Surnn"", ""score"": null, ""match_max"": 0.5, ""refs"": 24, ""match_mode"": ""none"", ""steer_zones"": 41, ""people"": 0, ""track_id"": null, ""target_ex"": 0.0, ""target_cx_vel_px_s"": 0.0, ""target_age_s"": null, ""lidar_min_m"": 0.68, ""target_lidar_m"": null, ""target_lidar_deg"": null, ""camera_range_m"
2026-07-16T16:21:07.741,454.742,mission_20260716_161333_manual,MANUAL,,0,13.330305099487305,100.99789428710938,149.11121214800403,4,True,0.6857500076293945,1,0,0,247616,317729,0.0,0.0,0.0,0,0,nan,nan,nan,88,26.200000762939453,0.0,33.0,0,32,-,READY owner=Surnn refs=24,"{""cmd"": ""STOP"", ""status"": ""READY"", ""detector"": ""yolo"", ""state"": ""IDLE"", ""owner"": ""Surnn"", ""score"": null, ""match_max"": 0.5, ""refs"": 24, ""match_mode"": ""none"", ""steer_zones"": 41, ""people"": 0, ""track_id"": null, ""target_ex"": 0.0, ""target_cx_vel_px_s"": 0.0, ""target_age_s"": null, ""lidar_min_m"": 0.68, ""target_lidar_m"": null, ""target_lidar_deg"": null, ""camera_range_m"
2026-07-16T16:21:09.746,456.747,mission_20260716_161333_manual,MANUAL,,0,13.330305099487305,100.99789428710938,149.13361516848167,4,True,0.6859999895095825,1,0,0,247616,317729,0.0,0.0,0.0,0,0,nan,nan,nan,88,26.200000762939453,0.0,33.0,0,30,-,READY owner=Surnn refs=24,"{""cmd"": ""STOP"", ""status"": ""READY"", ""detector"": ""yolo"", ""state"": ""IDLE"", ""owner"": ""Surnn"", ""score"": null, ""match_max"": 0.5, ""refs"": 24, ""match_mode"": ""none"", ""steer_zones"": 41, ""people"": 0, ""track_id"": null, ""target_ex"": 0.0, ""target_cx_vel_px_s"": 0.0, ""target_age_s"": null, ""lidar_min_m"": 0.68, ""target_lidar_m"": null, ""target_lidar_deg"": null, ""camera_range_m"
2026-07-16T16:21:11.753,458.754,mission_20260716_161333_manual,MANUAL,,0,13.330307006835938,100.99789428710938,149.15922837786923,4,True,0.6857500076293945,1,0,0,247616,317729,0.0,0.0,0.0,0,0,nan,nan,nan,88,26.200000762939453,0.0,33.0,0,29,-,READY owner=Surnn refs=24,"{""cmd"": ""STOP"", ""status"": ""READY"", ""detector"": ""yolo"", ""state"": ""IDLE"", ""owner"": ""Surnn"", ""score"": null, ""match_max"": 0.5, ""refs"": 24, ""match_mode"": ""none"", ""steer_zones"": 41, ""people"": 0, ""track_id"": null, ""target_ex"": 0.0, ""target_cx_vel_px_s"": 0.0, ""target_age_s"": null, ""lidar_min_m"": 0.68, ""target_lidar_m"": null, ""target_lidar_deg"": null, ""camera_range_m"
2026-07-16T16:21:13.754,460.755,mission_20260716_161333_manual,MANUAL,,0,13.330307006835938,100.99789428710938,149.18708188930452,4,True,0.6847500205039978,1,0,0,247616,317729,0.0,0.0,0.0,0,0,nan,nan,nan,88,26.200000762939453,0.0,33.0,0,30,-,READY owner=Surnn refs=24,"{""cmd"": ""STOP"", ""status"": ""READY"", ""detector"": ""yolo"", ""state"": ""IDLE"", ""owner"": ""Surnn"", ""score"": null, ""match_max"": 0.5, ""refs"": 24, ""match_mode"": ""none"", ""steer_zones"": 41, ""people"": 0, ""track_id"": null, ""target_ex"": 0.0, ""target_cx_vel_px_s"": 0.0, ""target_age_s"": null, ""lidar_min_m"": 0.68, ""target_lidar_m"": null, ""target_lidar_deg"": null, ""camera_range_m"
2026-07-16T16:21:15.784,462.784,mission_20260716_161333_manual,MANUAL,,0,13.330307960510254,100.99789428710938,149.2015345695883,4,True,0.6859999895095825,1,0,0,247616,317729,0.0,0.0,0.0,0,0,nan,nan,nan,88,26.200000762939453,0.0,33.0,0,30,-,READY owner=Surnn refs=24,"{""cmd"": ""STOP"", ""status"": ""READY"", ""detector"": ""yolo"", ""state"": ""IDLE"", ""owner"": ""Surnn"", ""score"": null, ""match_max"": 0.5, ""refs"": 24, ""match_mode"": ""none"", ""steer_zones"": 41, ""people"": 0, ""track_id"": null, ""target_ex"": 0.0, ""target_cx_vel_px_s"": 0.0, ""target_age_s"": null, ""lidar_min_m"": 0.68, ""target_lidar_m"": null, ""target_lidar_deg"": null, ""camera_range_m"
2026-07-16T16:21:17.791,464.791,mission_20260716_161333_manual,MANUAL,,0,13.33030891418457,100.99789428710938,149.19735449381622,4,True,0.687749981880188,1,0,0,247616,317729,0.0,0.0,0.0,0,0,nan,nan,nan,88,26.200000762939453,0.0,33.0,0,30,-,READY owner=Surnn refs=24,"{""cmd"": ""STOP"", ""status"": ""READY"", ""detector"": ""yolo"", ""state"": ""IDLE"", ""owner"": ""Surnn"", ""score"": null, ""match_max"": 0.5, ""refs"": 24, ""match_mode"": ""none"", ""steer_zones"": 41, ""people"": 0, ""track_id"": null, ""target_ex"": 0.0, ""target_cx_vel_px_s"": 0.0, ""target_age_s"": null, ""lidar_min_m"": 0.68, ""target_lidar_m"": null, ""target_lidar_deg"": null, ""camera_range_m"
2026-07-16T16:21:19.798,466.799,mission_20260716_161333_manual,MANUAL,,0,13.330310821533203,100.99789428710938,149.1947453615533,4,True,0.6867499947547913,1,0,0,247616,317729,0.0,0.0,0.0,0,0,nan,nan,nan,88,26.200000762939453,0.0,33.0,0,30,-,READY owner=Surnn refs=24,"{""cmd"": ""STOP"", ""status"": ""READY"", ""detector"": ""yolo"", ""state"": ""IDLE"", ""owner"": ""Surnn"", ""score"": null, ""match_max"": 0.5, ""refs"": 24, ""match_mode"": ""none"", ""steer_zones"": 41, ""people"": 0, ""track_id"": null, ""target_ex"": 0.0, ""target_cx_vel_px_s"": 0.0, ""target_age_s"": null, ""lidar_min_m"": 0.68, ""target_lidar_m"": null, ""target_lidar_deg"": null, ""camera_range_m"
2026-07-16T16:21:21.811,468.812,mission_20260716_161333_manual,MANUAL,,0,13.330312728881836,100.9979019165039,149.19962211662067,4,True,0.6855000257492065,1,0,0,247616,317729,0.0,0.0,0.0,0,0,nan,nan,nan,88,26.200000762939453,0.0,33.0,0,31,-,READY owner=Surnn refs=24,"{""cmd"": ""STOP"", ""status"": ""READY"", ""detector"": ""yolo"", ""state"": ""IDLE"", ""owner"": ""Surnn"", ""score"": null, ""match_max"": 0.5, ""refs"": 24, ""match_mode"": ""none"", ""steer_zones"": 41, ""people"": 0, ""track_id"": null, ""target_ex"": 0.0, ""target_cx_vel_px_s"": 0.0, ""target_age_s"": null, ""lidar_min_m"": 0.68, ""target_lidar_m"": null, ""target_lidar_deg"": null, ""camera_range_m"
2026-07-16T16:21:23.830,470.83,mission_20260716_161333_manual,MANUAL,,0,13.330313682556152,100.9979019165039,149.21370596668925,4,True,0.687250018119812,1,0,0,247616,317729,0.0,0.0,0.0,0,0,nan,nan,nan,88,26.200000762939453,0.0,33.0,0,31,-,READY owner=Surnn refs=24,"{""cmd"": ""STOP"", ""status"": ""READY"", ""detector"": ""yolo"", ""state"": ""IDLE"", ""owner"": ""Surnn"", ""score"": null, ""match_max"": 0.5, ""refs"": 24, ""match_mode"": ""none"", ""steer_zones"": 41, ""people"": 0, ""track_id"": null, ""target_ex"": 0.0, ""target_cx_vel_px_s"": 0.0, ""target_age_s"": null, ""lidar_min_m"": 0.68, ""target_lidar_m"": null, ""target_lidar_deg"": null, ""camera_range_m"
2026-07-16T16:21:25.844,472.844,mission_20260716_161333_manual,MANUAL,,0,13.330315589904785,100.9979019165039,149.2293607602669,4,True,0.6862499713897705,1,0,0,247616,317729,0.0,0.0,0.0,0,0,nan,nan,nan,88,26.200000762939453,0.0,33.0,0,31,-,READY owner=Surnn refs=24,"{""cmd"": ""STOP"", ""status"": ""READY"", ""detector"": ""yolo"", ""state"": ""IDLE"", ""owner"": ""Surnn"", ""score"": null, ""match_max"": 0.5, ""refs"": 24, ""match_mode"": ""none"", ""steer_zones"": 41, ""people"": 0, ""track_id"": null, ""target_ex"": 0.0, ""target_cx_vel_px_s"": 0.0, ""target_age_s"": null, ""lidar_min_m"": 0.68, ""target_lidar_m"": null, ""target_lidar_deg"": null, ""camera_range_m"
2026-07-16T16:21:27.861,474.862,mission_20260716_161333_manual,MANUAL,,0,13.330316543579102,100.9979019165039,149.24173706304296,4,True,0.6867499947547913,1,0,0,247616,317729,0.0,0.0,0.0,0,0,nan,nan,nan,88,26.200000762939453,0.0,33.0,0,31,-,READY owner=Surnn refs=24,"{""cmd"": ""STOP"", ""status"": ""READY"", ""detector"": ""yolo"", ""state"": ""IDLE"", ""owner"": ""Surnn"", ""score"": null, ""match_max"": 0.5, ""refs"": 24, ""match_mode"": ""none"", ""steer_zones"": 41, ""people"": 0, ""track_id"": null, ""target_ex"": 0.0, ""target_cx_vel_px_s"": 0.0, ""target_age_s"": null, ""lidar_min_m"": 0.68, ""target_lidar_m"": null, ""target_lidar_deg"": null, ""camera_range_m"
2026-07-16T16:21:29.887,476.888,mission_20260716_161333_manual,MANUAL,,0,13.330318450927734,100.9979019165039,149.23306272279706,4,True,0.6859999895095825,1,0,0,247616,317729,0.0,0.0,0.0,0,0,nan,nan,nan,88,26.200000762939453,0.0,33.0,0,30,-,READY owner=Surnn refs=24,"{""cmd"": ""STOP"", ""status"": ""READY"", ""detector"": ""yolo"", ""state"": ""IDLE"", ""owner"": ""Surnn"", ""score"": null, ""match_max"": 0.5, ""refs"": 24, ""match_mode"": ""none"", ""steer_zones"": 41, ""people"": 0, ""track_id"": null, ""target_ex"": 0.0, ""target_cx_vel_px_s"": 0.0, ""target_age_s"": null, ""lidar_min_m"": 0.68, ""target_lidar_m"": null, ""target_lidar_deg"": null, ""camera_range_m"
2026-07-16T16:21:31.894,478.895,mission_20260716_161333_manual,MANUAL,,0,13.33031940460205,100.9979019165039,149.2466274784887,4,True,0.6855000257492065,1,0,0,247616,317729,0.0,0.0,0.0,0,0,nan,nan,nan,88,26.200000762939453,0.0,33.0,0,30,-,READY owner=Surnn refs=24,"{""cmd"": ""STOP"", ""status"": ""READY"", ""detector"": ""yolo"", ""state"": ""IDLE"", ""owner"": ""Surnn"", ""score"": null, ""match_max"": 0.5, ""refs"": 24, ""match_mode"": ""none"", ""steer_zones"": 41, ""people"": 0, ""track_id"": null, ""target_ex"": 0.0, ""target_cx_vel_px_s"": 0.0, ""target_age_s"": null, ""lidar_min_m"": 0.68, ""target_lidar_m"": null, ""target_lidar_deg"": null, ""camera_range_m"
2026-07-16T16:21:33.918,480.919,mission_20260716_161333_manual,MANUAL,,0,13.330321311950684,100.9979019165039,149.2610938191508,4,True,0.6867499947547913,1,0,0,247616,317729,0.0,0.0,0.0,0,0,nan,nan,nan,88,26.200000762939453,0.0,33.0,0,32,-,READY owner=Surnn refs=24,"{""cmd"": ""STOP"", ""status"": ""READY"", ""detector"": ""yolo"", ""state"": ""IDLE"", ""owner"": ""Surnn"", ""score"": null, ""match_max"": 0.5, ""refs"": 24, ""match_mode"": ""none"", ""steer_zones"": 41, ""people"": 0, ""track_id"": null, ""target_ex"": 0.0, ""target_cx_vel_px_s"": 0.0, ""target_age_s"": null, ""lidar_min_m"": 0.68, ""target_lidar_m"": null, ""target_lidar_deg"": null, ""camera_range_m"
2026-07-16T16:21:35.937,482.937,mission_20260716_161333_manual,MANUAL,,0,13.330323219299316,100.9979019165039,149.2645089137358,4,True,0.6857500076293945,1,0,0,247616,317729,0.0,0.0,0.0,0,0,nan,nan,nan,88,26.200000762939453,0.0,33.0,0,31,-,READY owner=Surnn refs=24,"{""cmd"": ""STOP"", ""status"": ""READY"", ""detector"": ""yolo"", ""state"": ""IDLE"", ""owner"": ""Surnn"", ""score"": null, ""match_max"": 0.5, ""refs"": 24, ""match_mode"": ""none"", ""steer_zones"": 41, ""people"": 0, ""track_id"": null, ""target_ex"": 0.0, ""target_cx_vel_px_s"": 0.0, ""target_age_s"": null, ""lidar_min_m"": 0.68, ""target_lidar_m"": null, ""target_lidar_deg"": null, ""camera_range_m"
2026-07-16T16:21:37.947,484.947,mission_20260716_161333_manual,MANUAL,,0,13.330324172973633,100.9979019165039,149.26185880033782,4,True,0.6865000128746033,1,0,0,247616,317729,0.0,0.0,0.0,0,0,nan,nan,nan,88,26.200000762939453,0.0,33.0,0,32,-,READY owner=Surnn refs=24,"{""cmd"": ""STOP"", ""status"": ""READY"", ""detector"": ""yolo"", ""state"": ""IDLE"", ""owner"": ""Surnn"", ""score"": null, ""match_max"": 0.5, ""refs"": 24, ""match_mode"": ""none"", ""steer_zones"": 41, ""people"": 0, ""track_id"": null, ""target_ex"": 0.0, ""target_cx_vel_px_s"": 0.0, ""target_age_s"": null, ""lidar_min_m"": 0.68, ""target_lidar_m"": null, ""target_lidar_deg"": null, ""camera_range_m"
2026-07-16T16:21:39.974,486.975,mission_20260716_161333_manual,MANUAL,,0,13.330324172973633,100.9979019165039,149.26924906501978,4,True,0.6867499947547913,1,0,0,247616,317729,0.0,0.0,0.0,0,0,nan,nan,nan,88,26.200000762939453,0.0,33.0,0,32,-,READY owner=Surnn refs=24,"{""cmd"": ""STOP"", ""status"": ""READY"", ""detector"": ""yolo"", ""state"": ""IDLE"", ""owner"": ""Surnn"", ""score"": null, ""match_max"": 0.5, ""refs"": 24, ""match_mode"": ""none"", ""steer_zones"": 41, ""people"": 0, ""track_id"": null, ""target_ex"": 0.0, ""target_cx_vel_px_s"": 0.0, ""target_age_s"": null, ""lidar_min_m"": 0.68, ""target_lidar_m"": null, ""target_lidar_deg"": null, ""camera_range_m"
2026-07-16T16:21:41.989,488.989,mission_20260716_161333_manual,MANUAL,,0,13.330323219299316,100.9979019165039,149.2811335941756,4,True,0.687250018119812,1,0,0,247616,317729,0.0,0.0,0.0,0,0,nan,nan,nan,88,26.200000762939453,0.0,33.0,0,31,-,READY owner=Surnn refs=24,"{""cmd"": ""STOP"", ""status"": ""READY"", ""detector"": ""yolo"", ""state"": ""IDLE"", ""owner"": ""Surnn"", ""score"": null, ""match_max"": 0.5, ""refs"": 24, ""match_mode"": ""none"", ""steer_zones"": 41, ""people"": 0, ""track_id"": null, ""target_ex"": 0.0, ""target_cx_vel_px_s"": 0.0, ""target_age_s"": null, ""lidar_min_m"": 0.68, ""target_lidar_m"": null, ""target_lidar_deg"": null, ""camera_range_m"
2026-07-16T16:21:44.012,491.012,mission_20260716_161333_manual,MANUAL,,0,13.330324172973633,100.9979019165039,149.30684242621155,4,True,0.6855000257492065,1,0,0,247616,317729,0.0,0.0,0.0,0,0,nan,nan,nan,88,26.200000762939453,0.0,33.0,0,32,-,READY owner=Surnn refs=24,"{""cmd"": ""STOP"", ""status"": ""READY"", ""detector"": ""yolo"", ""state"": ""IDLE"", ""owner"": ""Surnn"", ""score"": null, ""match_max"": 0.5, ""refs"": 24, ""match_mode"": ""none"", ""steer_zones"": 41, ""people"": 0, ""track_id"": null, ""target_ex"": 0.0, ""target_cx_vel_px_s"": 0.0, ""target_age_s"": null, ""lidar_min_m"": 0.68, ""target_lidar_m"": null, ""target_lidar_deg"": null, ""camera_range_m"
2026-07-16T16:21:46.026,493.026,mission_20260716_161333_manual,MANUAL,,0,13.330324172973633,100.9979019165039,149.30734786021011,4,True,0.6859999895095825,1,0,0,247616,317729,0.0,0.0,0.0,0,0,nan,nan,nan,88,26.200000762939453,0.0,33.0,0,30,-,READY owner=Surnn refs=24,"{""cmd"": ""STOP"", ""status"": ""READY"", ""detector"": ""yolo"", ""state"": ""IDLE"", ""owner"": ""Surnn"", ""score"": null, ""match_max"": 0.5, ""refs"": 24, ""match_mode"": ""none"", ""steer_zones"": 41, ""people"": 0, ""track_id"": null, ""target_ex"": 0.0, ""target_cx_vel_px_s"": 0.0, ""target_age_s"": null, ""lidar_min_m"": 0.68, ""target_lidar_m"": null, ""target_lidar_deg"": null, ""camera_range_m"
2026-07-16T16:21:48.050,495.051,mission_20260716_161333_manual,MANUAL,,0,13.330324172973633,100.9979019165039,149.29865985958585,4,True,0.6859999895095825,1,0,0,247616,317729,0.0,0.0,0.0,0,0,nan,nan,nan,88,26.200000762939453,0.0,33.0,0,31,-,READY owner=Surnn refs=24,"{""cmd"": ""STOP"", ""status"": ""READY"", ""detector"": ""yolo"", ""state"": ""IDLE"", ""owner"": ""Surnn"", ""score"": null, ""match_max"": 0.5, ""refs"": 24, ""match_mode"": ""none"", ""steer_zones"": 41, ""people"": 0, ""track_id"": null, ""target_ex"": 0.0, ""target_cx_vel_px_s"": 0.0, ""target_age_s"": null, ""lidar_min_m"": 0.68, ""target_lidar_m"": null, ""target_lidar_deg"": null, ""camera_range_m"
2026-07-16T16:21:50.063,497.064,mission_20260716_161333_manual,MANUAL,,0,13.330323219299316,100.9979019165039,149.28883804755938,4,True,0.687749981880188,1,0,0,247616,317729,0.0,0.0,0.0,0,0,nan,nan,nan,88,26.200000762939453,0.0,33.0,0,30,-,READY owner=Surnn refs=24,"{""cmd"": ""STOP"", ""status"": ""READY"", ""detector"": ""yolo"", ""state"": ""IDLE"", ""owner"": ""Surnn"", ""score"": null, ""match_max"": 0.5, ""refs"": 24, ""match_mode"": ""none"", ""steer_zones"": 41, ""people"": 0, ""track_id"": null, ""target_ex"": 0.0, ""target_cx_vel_px_s"": 0.0, ""target_age_s"": null, ""lidar_min_m"": 0.68, ""target_lidar_m"": null, ""target_lidar_deg"": null, ""camera_range_m"
2026-07-16T16:21:52.084,499.084,mission_20260716_161333_manual,MANUAL,,0,13.330322265625,100.9979019165039,149.2964195575381,4,True,0.684499979019165,1,0,0,247616,317729,0.0,0.0,0.0,0,0,nan,nan,nan,88,26.200000762939453,0.0,33.0,0,30,-,READY owner=Surnn refs=24,"{""cmd"": ""STOP"", ""status"": ""READY"", ""detector"": ""yolo"", ""state"": ""IDLE"", ""owner"": ""Surnn"", ""score"": null, ""match_max"": 0.5, ""refs"": 24, ""match_mode"": ""none"", ""steer_zones"": 41, ""people"": 0, ""track_id"": null, ""target_ex"": 0.0, ""target_cx_vel_px_s"": 0.0, ""target_age_s"": null, ""lidar_min_m"": 0.68, ""target_lidar_m"": null, ""target_lidar_deg"": null, ""camera_range_m"
2026-07-16T16:21:54.096,501.097,mission_20260716_161333_manual,MANUAL,,0,13.330322265625,100.9979019165039,149.29938385963789,4,True,0.6862499713897705,1,0,0,247616,317729,0.0,0.0,0.0,0,0,nan,nan,nan,88,26.200000762939453,0.0,33.0,0,29,-,READY owner=Surnn refs=24,"{""cmd"": ""STOP"", ""status"": ""READY"", ""detector"": ""yolo"", ""state"": ""IDLE"", ""owner"": ""Surnn"", ""score"": null, ""match_max"": 0.5, ""refs"": 24, ""match_mode"": ""none"", ""steer_zones"": 41, ""people"": 0, ""track_id"": null, ""target_ex"": 0.0, ""target_cx_vel_px_s"": 0.0, ""target_age_s"": null, ""lidar_min_m"": 0.68, ""target_lidar_m"": null, ""target_lidar_deg"": null, ""camera_range_m"
2026-07-16T16:21:56.106,503.107,mission_20260716_161333_manual,MANUAL,,0,13.330321311950684,100.9979019165039,149.29797684066887,4,True,0.6867499947547913,1,0,0,247616,317729,0.0,0.0,0.0,0,0,nan,nan,nan,88,26.200000762939453,0.0,33.0,0,29,-,READY owner=Surnn refs=24,"{""cmd"": ""STOP"", ""status"": ""READY"", ""detector"": ""yolo"", ""state"": ""IDLE"", ""owner"": ""Surnn"", ""score"": null, ""match_max"": 0.5, ""refs"": 24, ""match_mode"": ""none"", ""steer_zones"": 41, ""people"": 0, ""track_id"": null, ""target_ex"": 0.0, ""target_cx_vel_px_s"": 0.0, ""target_age_s"": null, ""lidar_min_m"": 0.68, ""target_lidar_m"": null, ""target_lidar_deg"": null, ""camera_range_m"
2026-07-16T16:21:58.133,505.134,mission_20260716_161333_manual,MANUAL,,0,13.330321311950684,100.9979019165039,149.29382408565348,4,True,0.6850000023841858,1,0,0,247616,317729,0.0,0.0,0.0,0,0,nan,nan,nan,88,26.200000762939453,0.0,33.0,0,28,-,READY owner=Surnn refs=24,"{""cmd"": ""STOP"", ""status"": ""READY"", ""detector"": ""yolo"", ""state"": ""IDLE"", ""owner"": ""Surnn"", ""score"": null, ""match_max"": 0.5, ""refs"": 24, ""match_mode"": ""none"", ""steer_zones"": 41, ""people"": 0, ""track_id"": null, ""target_ex"": 0.0, ""target_cx_vel_px_s"": 0.0, ""target_age_s"": null, ""lidar_min_m"": 0.68, ""target_lidar_m"": null, ""target_lidar_deg"": null, ""camera_range_m"
2026-07-16T16:22:00.156,507.156,mission_20260716_161333_manual,MANUAL,,0,13.330320358276367,100.9979019165039,149.28904295323449,4,True,0.6867499947547913,1,0,0,247616,317729,0.0,0.0,0.0,0,0,nan,nan,nan,88,26.200000762939453,0.0,33.0,0,28,-,READY owner=Surnn refs=24,"{""cmd"": ""STOP"", ""status"": ""READY"", ""detector"": ""yolo"", ""state"": ""IDLE"", ""owner"": ""Surnn"", ""score"": null, ""match_max"": 0.5, ""refs"": 24, ""match_mode"": ""none"", ""steer_zones"": 41, ""people"": 0, ""track_id"": null, ""target_ex"": 0.0, ""target_cx_vel_px_s"": 0.0, ""target_age_s"": null, ""lidar_min_m"": 0.68, ""target_lidar_m"": null, ""target_lidar_deg"": null, ""camera_range_m"
2026-07-16T16:22:02.172,509.173,mission_20260716_161333_manual,MANUAL,,0,13.330321311950684,100.9979019165039,149.2903133684201,4,True,0.6862499713897705,1,0,0,247616,317729,0.0,0.0,0.0,0,0,nan,nan,nan,88,26.200000762939453,0.0,33.0,0,28,-,READY owner=Surnn refs=24,"{""cmd"": ""STOP"", ""status"": ""READY"", ""detector"": ""yolo"", ""state"": ""IDLE"", ""owner"": ""Surnn"", ""score"": null, ""match_max"": 0.5, ""refs"": 24, ""match_mode"": ""none"", ""steer_zones"": 41, ""people"": 0, ""track_id"": null, ""target_ex"": 0.0, ""target_cx_vel_px_s"": 0.0, ""target_age_s"": null, ""lidar_min_m"": 0.68, ""target_lidar_m"": null, ""target_lidar_deg"": null, ""camera_range_m"
2026-07-16T16:22:04.195,511.195,mission_20260716_161333_manual,MANUAL,,0,13.330321311950684,100.9979019165039,149.30066793520183,4,True,0.6855000257492065,1,0,0,247616,317729,0.0,0.0,0.0,0,0,nan,nan,nan,88,26.200000762939453,0.0,33.0,0,29,-,READY owner=Surnn refs=24,"{""cmd"": ""STOP"", ""status"": ""READY"", ""detector"": ""yolo"", ""state"": ""IDLE"", ""owner"": ""Surnn"", ""score"": null, ""match_max"": 0.5, ""refs"": 24, ""match_mode"": ""none"", ""steer_zones"": 41, ""people"": 0, ""track_id"": null, ""target_ex"": 0.0, ""target_cx_vel_px_s"": 0.0, ""target_age_s"": null, ""lidar_min_m"": 0.68, ""target_lidar_m"": null, ""target_lidar_deg"": null, ""camera_range_m"
2026-07-16T16:22:06.202,513.202,mission_20260716_161333_manual,MANUAL,,0,13.330322265625,100.9979019165039,149.29857789731582,4,True,0.6857500076293945,1,0,0,247616,317729,0.0,0.0,0.0,0,0,nan,nan,nan,88,26.200000762939453,0.0,33.0,0,29,-,READY owner=Surnn refs=24,"{""cmd"": ""STOP"", ""status"": ""READY"", ""detector"": ""yolo"", ""state"": ""IDLE"", ""owner"": ""Surnn"", ""score"": null, ""match_max"": 0.5, ""refs"": 24, ""match_mode"": ""none"", ""steer_zones"": 41, ""people"": 0, ""track_id"": null, ""target_ex"": 0.0, ""target_cx_vel_px_s"": 0.0, ""target_age_s"": null, ""lidar_min_m"": 0.68, ""target_lidar_m"": null, ""target_lidar_deg"": null, ""camera_range_m"
2026-07-16T16:22:08.222,515.223,mission_20260716_161333_manual,MANUAL,,0,13.330323219299316,100.9979019165039,149.2930044629531,4,True,0.6867499947547913,1,0,0,247616,317729,0.0,0.0,0.0,0,0,nan,nan,nan,88,26.200000762939453,0.0,33.0,0,29,-,READY owner=Surnn refs=24,"{""cmd"": ""STOP"", ""status"": ""READY"", ""detector"": ""yolo"", ""state"": ""IDLE"", ""owner"": ""Surnn"", ""score"": null, ""match_max"": 0.5, ""refs"": 24, ""match_mode"": ""none"", ""steer_zones"": 41, ""people"": 0, ""track_id"": null, ""target_ex"": 0.0, ""target_cx_vel_px_s"": 0.0, ""target_age_s"": null, ""lidar_min_m"": 0.68, ""target_lidar_m"": null, ""target_lidar_deg"": null, ""camera_range_m"
2026-07-16T16:22:10.236,517.236,mission_20260716_161333_manual,MANUAL,,0,13.330324172973633,100.9979019165039,149.29461638759722,4,True,0.6867499947547913,1,0,0,247616,317729,0.0,0.0,0.0,0,0,nan,nan,nan,88,26.200000762939453,0.0,33.0,0,28,-,READY owner=Surnn refs=24,"{""cmd"": ""STOP"", ""status"": ""READY"", ""detector"": ""yolo"", ""state"": ""IDLE"", ""owner"": ""Surnn"", ""score"": null, ""match_max"": 0.5, ""refs"": 24, ""match_mode"": ""none"", ""steer_zones"": 41, ""people"": 0, ""track_id"": null, ""target_ex"": 0.0, ""target_cx_vel_px_s"": 0.0, ""target_age_s"": null, ""lidar_min_m"": 0.68, ""target_lidar_m"": null, ""target_lidar_deg"": null, ""camera_range_m"
2026-07-16T16:22:12.250,519.25,mission_20260716_161333_manual,MANUAL,,0,13.330324172973633,100.9979019165039,149.3083040866939,4,True,0.6859999895095825,1,0,0,247616,317729,0.0,0.0,0.0,0,0,nan,nan,nan,88,26.200000762939453,0.0,33.0,0,29,-,READY owner=Surnn refs=24,"{""cmd"": ""STOP"", ""status"": ""READY"", ""detector"": ""yolo"", ""state"": ""IDLE"", ""owner"": ""Surnn"", ""score"": null, ""match_max"": 0.5, ""refs"": 24, ""match_mode"": ""none"", ""steer_zones"": 41, ""people"": 0, ""track_id"": null, ""target_ex"": 0.0, ""target_cx_vel_px_s"": 0.0, ""target_age_s"": null, ""lidar_min_m"": 0.68, ""target_lidar_m"": null, ""target_lidar_deg"": null, ""camera_range_m"
2026-07-16T16:22:14.255,521.256,mission_20260716_161333_manual,MANUAL,,0,13.330323219299316,100.9979019165039,149.30210227492753,4,True,0.6859999895095825,1,0,0,247616,317729,0.0,0.0,0.0,0,0,nan,nan,nan,88,26.200000762939453,0.0,33.0,0,29,-,READY owner=Surnn refs=24,"{""cmd"": ""STOP"", ""status"": ""READY"", ""detector"": ""yolo"", ""state"": ""IDLE"", ""owner"": ""Surnn"", ""score"": null, ""match_max"": 0.5, ""refs"": 24, ""match_mode"": ""none"", ""steer_zones"": 41, ""people"": 0, ""track_id"": null, ""target_ex"": 0.0, ""target_cx_vel_px_s"": 0.0, ""target_age_s"": null, ""lidar_min_m"": 0.68, ""target_lidar_m"": null, ""target_lidar_deg"": null, ""camera_range_m"
2026-07-16T16:22:16.278,523.278,mission_20260716_161333_manual,MANUAL,,0,13.330322265625,100.9979019165039,149.29850959542412,4,True,0.6855000257492065,1,0,0,247616,317729,0.0,0.0,0.0,0,0,nan,nan,nan,88,26.200000762939453,0.0,33.0,0,30,-,READY owner=Surnn refs=24,"{""cmd"": ""STOP"", ""status"": ""READY"", ""detector"": ""yolo"", ""state"": ""IDLE"", ""owner"": ""Surnn"", ""score"": null, ""match_max"": 0.5, ""refs"": 24, ""match_mode"": ""none"", ""steer_zones"": 41, ""people"": 0, ""track_id"": null, ""target_ex"": 0.0, ""target_cx_vel_px_s"": 0.0, ""target_age_s"": null, ""lidar_min_m"": 0.68, ""target_lidar_m"": null, ""target_lidar_deg"": null, ""camera_range_m"
2026-07-16T16:22:18.310,525.311,mission_20260716_161333_manual,MANUAL,,0,13.330322265625,100.9979019165039,149.2944797838138,4,True,0.6862499713897705,1,0,0,247616,317729,0.0,0.0,0.0,0,0,nan,nan,nan,88,26.200000762939453,0.0,33.0,0,29,-,READY owner=Surnn refs=24,"{""cmd"": ""STOP"", ""status"": ""READY"", ""detector"": ""yolo"", ""state"": ""IDLE"", ""owner"": ""Surnn"", ""score"": null, ""match_max"": 0.5, ""refs"": 24, ""match_mode"": ""none"", ""steer_zones"": 41, ""people"": 0, ""track_id"": null, ""target_ex"": 0.0, ""target_cx_vel_px_s"": 0.0, ""target_age_s"": null, ""lidar_min_m"": 0.68, ""target_lidar_m"": null, ""target_lidar_deg"": null, ""camera_range_m"
2026-07-16T16:22:20.335,527.335,mission_20260716_161333_manual,MANUAL,,0,13.330321311950684,100.9979019165039,149.2877588776705,4,True,0.6865000128746033,1,0,0,247616,317729,0.0,0.0,0.0,0,0,nan,nan,nan,88,26.200000762939453,0.0,33.0,0,29,-,READY owner=Surnn refs=24,"{""cmd"": ""STOP"", ""status"": ""READY"", ""detector"": ""yolo"", ""state"": ""IDLE"", ""owner"": ""Surnn"", ""score"": null, ""match_max"": 0.5, ""refs"": 24, ""match_mode"": ""none"", ""steer_zones"": 41, ""people"": 0, ""track_id"": null, ""target_ex"": 0.0, ""target_cx_vel_px_s"": 0.0, ""target_age_s"": null, ""lidar_min_m"": 0.68, ""target_lidar_m"": null, ""target_lidar_deg"": null, ""camera_range_m"
2026-07-16T16:22:22.370,529.37,mission_20260716_161333_manual,MANUAL,,0,13.330320358276367,100.9979019165039,149.2852317076776,4,True,0.6857500076293945,1,0,0,247616,317729,0.0,0.0,0.0,0,0,nan,nan,nan,88,26.200000762939453,0.0,33.0,0,28,-,READY owner=Surnn refs=24,"{""cmd"": ""STOP"", ""status"": ""READY"", ""detector"": ""yolo"", ""state"": ""IDLE"", ""owner"": ""Surnn"", ""score"": null, ""match_max"": 0.5, ""refs"": 24, ""match_mode"": ""none"", ""steer_zones"": 41, ""people"": 0, ""track_id"": null, ""target_ex"": 0.0, ""target_cx_vel_px_s"": 0.0, ""target_age_s"": null, ""lidar_min_m"": 0.68, ""target_lidar_m"": null, ""target_lidar_deg"": null, ""camera_range_m"
2026-07-16T16:22:24.375,531.376,mission_20260716_161333_manual,MANUAL,,0,13.33031940460205,100.9979019165039,149.27736332975377,4,True,0.6850000023841858,1,0,0,247616,317729,0.0,0.0,0.0,0,0,nan,nan,nan,88,26.200000762939453,0.0,33.0,0,28,-,READY owner=Surnn refs=24,"{""cmd"": ""STOP"", ""status"": ""READY"", ""detector"": ""yolo"", ""state"": ""IDLE"", ""owner"": ""Surnn"", ""score"": null, ""match_max"": 0.5, ""refs"": 24, ""match_mode"": ""none"", ""steer_zones"": 41, ""people"": 0, ""track_id"": null, ""target_ex"": 0.0, ""target_cx_vel_px_s"": 0.0, ""target_age_s"": null, ""lidar_min_m"": 0.68, ""target_lidar_m"": null, ""target_lidar_deg"": null, ""camera_range_m"
2026-07-16T16:22:26.390,533.39,mission_20260716_161333_manual,MANUAL,,0,13.330317497253418,100.9979019165039,149.27545087678615,4,True,0.6865000128746033,1,0,0,247616,317729,0.0,0.0,0.0,0,0,nan,nan,nan,88,26.200000762939453,0.0,33.0,0,28,-,READY owner=Surnn refs=24,"{""cmd"": ""STOP"", ""status"": ""READY"", ""detector"": ""yolo"", ""state"": ""IDLE"", ""owner"": ""Surnn"", ""score"": null, ""match_max"": 0.5, ""refs"": 24, ""match_mode"": ""none"", ""steer_zones"": 41, ""people"": 0, ""track_id"": null, ""target_ex"": 0.0, ""target_cx_vel_px_s"": 0.0, ""target_age_s"": null, ""lidar_min_m"": 0.68, ""target_lidar_m"": null, ""target_lidar_deg"": null, ""camera_range_m"
2026-07-16T16:22:28.396,535.396,mission_20260716_161333_manual,MANUAL,,0,13.330316543579102,100.9979019165039,149.27131178214913,4,True,0.6859999895095825,1,0,0,247616,317729,0.0,0.0,0.0,0,0,nan,nan,nan,88,26.200000762939453,0.0,33.0,0,27,-,READY owner=Surnn refs=24,"{""cmd"": ""STOP"", ""status"": ""READY"", ""detector"": ""yolo"", ""state"": ""IDLE"", ""owner"": ""Surnn"", ""score"": null, ""match_max"": 0.5, ""refs"": 24, ""match_mode"": ""none"", ""steer_zones"": 41, ""people"": 0, ""track_id"": null, ""target_ex"": 0.0, ""target_cx_vel_px_s"": 0.0, ""target_age_s"": null, ""lidar_min_m"": 0.68, ""target_lidar_m"": null, ""target_lidar_deg"": null, ""camera_range_m"
2026-07-16T16:22:30.410,537.411,mission_20260716_161333_manual,MANUAL,,0,13.330315589904785,100.9979019165039,149.27150302744587,4,True,0.6862499713897705,1,0,0,247616,317729,0.0,0.0,0.0,0,0,nan,nan,nan,88,26.200000762939453,0.0,33.0,0,27,-,READY owner=Surnn refs=24,"{""cmd"": ""STOP"", ""status"": ""READY"", ""detector"": ""yolo"", ""state"": ""IDLE"", ""owner"": ""Surnn"", ""score"": null, ""match_max"": 0.5, ""refs"": 24, ""match_mode"": ""none"", ""steer_zones"": 41, ""people"": 0, ""track_id"": null, ""target_ex"": 0.0, ""target_cx_vel_px_s"": 0.0, ""target_age_s"": null, ""lidar_min_m"": 0.68, ""target_lidar_m"": null, ""target_lidar_deg"": null, ""camera_range_m"
2026-07-16T16:22:32.437,539.437,mission_20260716_161333_manual,MANUAL,,0,13.330314636230469,100.9979019165039,149.27680325424183,4,True,0.6857500076293945,1,0,0,247616,317729,0.0,0.0,0.0,0,0,nan,nan,nan,88,26.200000762939453,0.0,33.0,0,28,-,READY owner=Surnn refs=24,"{""cmd"": ""STOP"", ""status"": ""READY"", ""detector"": ""yolo"", ""state"": ""IDLE"", ""owner"": ""Surnn"", ""score"": null, ""match_max"": 0.5, ""refs"": 24, ""match_mode"": ""none"", ""steer_zones"": 41, ""people"": 0, ""track_id"": null, ""target_ex"": 0.0, ""target_cx_vel_px_s"": 0.0, ""target_age_s"": null, ""lidar_min_m"": 0.68, ""target_lidar_m"": null, ""target_lidar_deg"": null, ""camera_range_m"
2026-07-16T16:22:34.469,541.47,mission_20260716_161333_manual,MANUAL,,0,13.330313682556152,100.9979019165039,149.2827318584414,4,True,0.6862499713897705,1,0,0,247616,317729,0.0,0.0,0.0,0,0,nan,nan,nan,88,26.200000762939453,0.0,33.0,0,27,-,READY owner=Surnn refs=24,"{""cmd"": ""STOP"", ""status"": ""READY"", ""detector"": ""yolo"", ""state"": ""IDLE"", ""owner"": ""Surnn"", ""score"": null, ""match_max"": 0.5, ""refs"": 24, ""match_mode"": ""none"", ""steer_zones"": 41, ""people"": 0, ""track_id"": null, ""target_ex"": 0.0, ""target_cx_vel_px_s"": 0.0, ""target_age_s"": null, ""lidar_min_m"": 0.68, ""target_lidar_m"": null, ""target_lidar_deg"": null, ""camera_range_m"
2026-07-16T16:22:36.475,543.476,mission_20260716_161333_manual,MANUAL,,0,13.330313682556152,100.9979019165039,149.26310189476678,4,True,0.6867499947547913,1,0,0,247616,317729,0.0,0.0,0.0,0,0,nan,nan,nan,88,26.200000762939453,0.0,33.0,0,26,-,READY owner=Surnn refs=24,"{""cmd"": ""STOP"", ""status"": ""READY"", ""detector"": ""yolo"", ""state"": ""IDLE"", ""owner"": ""Surnn"", ""score"": null, ""match_max"": 0.5, ""refs"": 24, ""match_mode"": ""none"", ""steer_zones"": 41, ""people"": 0, ""track_id"": null, ""target_ex"": 0.0, ""target_cx_vel_px_s"": 0.0, ""target_age_s"": null, ""lidar_min_m"": 0.68, ""target_lidar_m"": null, ""target_lidar_deg"": null, ""camera_range_m"
2026-07-16T16:22:38.498,545.498,mission_20260716_161333_manual,MANUAL,,0,13.330312728881836,100.9979019165039,149.2346473266845,4,True,0.6862499713897705,1,0,0,247616,317729,0.0,0.0,0.0,0,0,nan,nan,nan,88,26.200000762939453,0.0,33.0,0,28,-,READY owner=Surnn refs=24,"{""cmd"": ""STOP"", ""status"": ""READY"", ""detector"": ""yolo"", ""state"": ""IDLE"", ""owner"": ""Surnn"", ""score"": null, ""match_max"": 0.5, ""refs"": 24, ""match_mode"": ""none"", ""steer_zones"": 41, ""people"": 0, ""track_id"": null, ""target_ex"": 0.0, ""target_cx_vel_px_s"": 0.0, ""target_age_s"": null, ""lidar_min_m"": 0.68, ""target_lidar_m"": null, ""target_lidar_deg"": null, ""camera_range_m"
2026-07-16T16:22:40.516,547.517,mission_20260716_161333_manual,MANUAL,,0,13.330312728881836,100.9979019165039,149.22384196741754,4,True,0.6852499842643738,1,0,0,247616,317729,0.0,0.0,0.0,0,0,nan,nan,nan,88,26.200000762939453,0.0,33.0,0,27,-,READY owner=Surnn refs=24,"{""cmd"": ""STOP"", ""status"": ""READY"", ""detector"": ""yolo"", ""state"": ""IDLE"", ""owner"": ""Surnn"", ""score"": null, ""match_max"": 0.5, ""refs"": 24, ""match_mode"": ""none"", ""steer_zones"": 41, ""people"": 0, ""track_id"": null, ""target_ex"": 0.0, ""target_cx_vel_px_s"": 0.0, ""target_age_s"": null, ""lidar_min_m"": 0.68, ""target_lidar_m"": null, ""target_lidar_deg"": null, ""camera_range_m"
2026-07-16T16:22:42.542,549.542,mission_20260716_161333_manual,MANUAL,,0,13.330313682556152,100.9979019165039,149.24078083655917,4,True,0.6865000128746033,1,0,0,247616,317729,0.0,0.0,0.0,0,0,nan,nan,nan,88,26.200000762939453,0.0,33.0,0,28,-,READY owner=Surnn refs=24,"{""cmd"": ""STOP"", ""status"": ""READY"", ""detector"": ""yolo"", ""state"": ""IDLE"", ""owner"": ""Surnn"", ""score"": null, ""match_max"": 0.5, ""refs"": 24, ""match_mode"": ""none"", ""steer_zones"": 41, ""people"": 0, ""track_id"": null, ""target_ex"": 0.0, ""target_cx_vel_px_s"": 0.0, ""target_age_s"": null, ""lidar_min_m"": 0.68, ""target_lidar_m"": null, ""target_lidar_deg"": null, ""camera_range_m"
2026-07-16T16:22:44.563,551.564,mission_20260716_161333_manual,MANUAL,,0,13.330314636230469,100.9979019165039,149.24989230891197,4,True,0.6862499713897705,1,0,0,247616,317729,0.0,0.0,0.0,0,0,nan,nan,nan,88,26.200000762939453,0.0,33.0,0,28,-,READY owner=Surnn refs=24,"{""cmd"": ""STOP"", ""status"": ""READY"", ""detector"": ""yolo"", ""state"": ""IDLE"", ""owner"": ""Surnn"", ""score"": null, ""match_max"": 0.5, ""refs"": 24, ""match_mode"": ""none"", ""steer_zones"": 41, ""people"": 0, ""track_id"": null, ""target_ex"": 0.0, ""target_cx_vel_px_s"": 0.0, ""target_age_s"": null, ""lidar_min_m"": 0.68, ""target_lidar_m"": null, ""target_lidar_deg"": null, ""camera_range_m"
2026-07-16T16:22:46.596,553.596,mission_20260716_161333_manual,MANUAL,,0,13.330314636230469,100.9979019165039,149.2579929132676,4,True,0.6865000128746033,1,0,0,247616,317729,0.0,0.0,0.0,0,0,nan,nan,nan,88,26.200000762939453,0.0,33.0,0,28,-,READY owner=Surnn refs=24,"{""cmd"": ""STOP"", ""status"": ""READY"", ""detector"": ""yolo"", ""state"": ""IDLE"", ""owner"": ""Surnn"", ""score"": null, ""match_max"": 0.5, ""refs"": 24, ""match_mode"": ""none"", ""steer_zones"": 41, ""people"": 0, ""track_id"": null, ""target_ex"": 0.0, ""target_cx_vel_px_s"": 0.0, ""target_age_s"": null, ""lidar_min_m"": 0.68, ""target_lidar_m"": null, ""target_lidar_deg"": null, ""camera_range_m"
2026-07-16T16:22:48.603,555.604,mission_20260716_161333_manual,MANUAL,,0,13.330315589904785,100.9979019165039,149.25310249782189,4,True,0.6862499713897705,1,0,0,247616,317729,0.0,0.0,0.0,0,0,nan,nan,nan,88,26.200000762939453,0.0,33.0,0,28,-,READY owner=Surnn refs=24,"{""cmd"": ""STOP"", ""status"": ""READY"", ""detector"": ""yolo"", ""state"": ""IDLE"", ""owner"": ""Surnn"", ""score"": null, ""match_max"": 0.5, ""refs"": 24, ""match_mode"": ""none"", ""steer_zones"": 41, ""people"": 0, ""track_id"": null, ""target_ex"": 0.0, ""target_cx_vel_px_s"": 0.0, ""target_age_s"": null, ""lidar_min_m"": 0.68, ""target_lidar_m"": null, ""target_lidar_deg"": null, ""camera_range_m"
2026-07-16T16:22:50.624,557.625,mission_20260716_161333_manual,MANUAL,,0,13.330315589904785,100.9979019165039,149.23759796840594,4,True,0.6865000128746033,1,0,0,247616,317729,0.0,0.0,0.0,0,0,nan,nan,nan,88,26.200000762939453,0.0,33.0,0,28,-,READY owner=Surnn refs=24,"{""cmd"": ""STOP"", ""status"": ""READY"", ""detector"": ""yolo"", ""state"": ""IDLE"", ""owner"": ""Surnn"", ""score"": null, ""match_max"": 0.5, ""refs"": 24, ""match_mode"": ""none"", ""steer_zones"": 41, ""people"": 0, ""track_id"": null, ""target_ex"": 0.0, ""target_cx_vel_px_s"": 0.0, ""target_age_s"": null, ""lidar_min_m"": 0.68, ""target_lidar_m"": null, ""target_lidar_deg"": null, ""camera_range_m"
2026-07-16T16:22:52.637,559.637,mission_20260716_161333_manual,MANUAL,,0,13.330316543579102,100.9979019165039,149.2385678552681,4,True,0.6852499842643738,1,0,0,247616,317729,0.0,0.0,0.0,0,0,nan,nan,nan,88,26.200000762939453,0.0,33.0,0,27,-,READY owner=Surnn refs=24,"{""cmd"": ""STOP"", ""status"": ""READY"", ""detector"": ""yolo"", ""state"": ""IDLE"", ""owner"": ""Surnn"", ""score"": null, ""match_max"": 0.5, ""refs"": 24, ""match_mode"": ""none"", ""steer_zones"": 41, ""people"": 0, ""track_id"": null, ""target_ex"": 0.0, ""target_cx_vel_px_s"": 0.0, ""target_age_s"": null, ""lidar_min_m"": 0.68, ""target_lidar_m"": null, ""target_lidar_deg"": null, ""camera_range_m"
2026-07-16T16:22:54.678,561.679,mission_20260716_161333_manual,MANUAL,,0,13.330316543579102,100.9979019165039,149.2421605347715,4,True,0.687749981880188,1,0,0,247616,317729,0.0,0.0,0.0,0,0,nan,nan,nan,88,26.200000762939453,0.0,33.0,0,27,-,READY owner=Surnn refs=24,"{""cmd"": ""STOP"", ""status"": ""READY"", ""detector"": ""yolo"", ""state"": ""IDLE"", ""owner"": ""Surnn"", ""score"": null, ""match_max"": 0.5, ""refs"": 24, ""match_mode"": ""none"", ""steer_zones"": 41, ""people"": 0, ""track_id"": null, ""target_ex"": 0.0, ""target_cx_vel_px_s"": 0.0, ""target_age_s"": null, ""lidar_min_m"": 0.68, ""target_lidar_m"": null, ""target_lidar_deg"": null, ""camera_range_m"
2026-07-16T16:22:56.707,563.707,mission_20260716_161333_manual,MANUAL,,0,13.330317497253418,100.9979019165039,149.24210589325816,4,True,0.6857500076293945,1,0,0,247616,317729,0.0,0.0,0.0,0,0,nan,nan,nan,88,26.200000762939453,0.0,33.0,0,28,-,READY owner=Surnn refs=24,"{""cmd"": ""STOP"", ""status"": ""READY"", ""detector"": ""yolo"", ""state"": ""IDLE"", ""owner"": ""Surnn"", ""score"": null, ""match_max"": 0.5, ""refs"": 24, ""match_mode"": ""none"", ""steer_zones"": 41, ""people"": 0, ""track_id"": null, ""target_ex"": 0.0, ""target_cx_vel_px_s"": 0.0, ""target_age_s"": null, ""lidar_min_m"": 0.68, ""target_lidar_m"": null, ""target_lidar_deg"": null, ""camera_range_m"
2026-07-16T16:22:58.734,565.735,mission_20260716_161333_manual,MANUAL,,0,13.330317497253418,100.9979019165039,149.24306211974195,4,True,0.6850000023841858,1,0,0,247616,317729,0.0,0.0,0.0,0,0,nan,nan,nan,88,26.200000762939453,0.0,33.0,0,27,-,READY owner=Surnn refs=24,"{""cmd"": ""STOP"", ""status"": ""READY"", ""detector"": ""yolo"", ""state"": ""IDLE"", ""owner"": ""Surnn"", ""score"": null, ""match_max"": 0.5, ""refs"": 24, ""match_mode"": ""none"", ""steer_zones"": 41, ""people"": 0, ""track_id"": null, ""target_ex"": 0.0, ""target_cx_vel_px_s"": 0.0, ""target_age_s"": null, ""lidar_min_m"": 0.68, ""target_lidar_m"": null, ""target_lidar_deg"": null, ""camera_range_m"
2026-07-16T16:23:00.738,567.738,mission_20260716_161333_manual,MANUAL,,0,13.330316543579102,100.99789428710938,149.2344834021444,4,True,0.6862499713897705,1,0,0,247616,317729,0.0,0.0,0.0,0,0,nan,nan,nan,88,26.200000762939453,0.0,33.0,0,27,-,READY owner=Surnn refs=24,"{""cmd"": ""STOP"", ""status"": ""READY"", ""detector"": ""yolo"", ""state"": ""IDLE"", ""owner"": ""Surnn"", ""score"": null, ""match_max"": 0.5, ""refs"": 24, ""match_mode"": ""none"", ""steer_zones"": 41, ""people"": 0, ""track_id"": null, ""target_ex"": 0.0, ""target_cx_vel_px_s"": 0.0, ""target_age_s"": null, ""lidar_min_m"": 0.68, ""target_lidar_m"": null, ""target_lidar_deg"": null, ""camera_range_m"
2026-07-16T16:23:02.765,569.766,mission_20260716_161333_manual,MANUAL,,0,13.330316543579102,100.99789428710938,149.21593260835866,4,True,0.6865000128746033,1,0,0,247616,317729,0.0,0.0,0.0,0,0,nan,nan,nan,88,26.200000762939453,0.0,33.0,0,28,-,READY owner=Surnn refs=24,"{""cmd"": ""STOP"", ""status"": ""READY"", ""detector"": ""yolo"", ""state"": ""IDLE"", ""owner"": ""Surnn"", ""score"": null, ""match_max"": 0.5, ""refs"": 24, ""match_mode"": ""none"", ""steer_zones"": 41, ""people"": 0, ""track_id"": null, ""target_ex"": 0.0, ""target_cx_vel_px_s"": 0.0, ""target_age_s"": null, ""lidar_min_m"": 0.68, ""target_lidar_m"": null, ""target_lidar_deg"": null, ""camera_range_m"
2026-07-16T16:23:04.776,571.776,mission_20260716_161333_manual,MANUAL,,0,13.330316543579102,100.99789428710938,149.20989472113237,4,True,0.6862499713897705,1,0,0,247616,317729,0.0,0.0,0.0,0,0,nan,nan,nan,88,26.200000762939453,0.0,33.0,0,26,-,READY owner=Surnn refs=24,"{""cmd"": ""STOP"", ""status"": ""READY"", ""detector"": ""yolo"", ""state"": ""IDLE"", ""owner"": ""Surnn"", ""score"": null, ""match_max"": 0.5, ""refs"": 24, ""match_mode"": ""none"", ""steer_zones"": 41, ""people"": 0, ""track_id"": null, ""target_ex"": 0.0, ""target_cx_vel_px_s"": 0.0, ""target_age_s"": null, ""lidar_min_m"": 0.68, ""target_lidar_m"": null, ""target_lidar_deg"": null, ""camera_range_m"
2026-07-16T16:23:06.786,573.786,mission_20260716_161333_manual,MANUAL,,0,13.330315589904785,100.99789428710938,149.21210770242345,4,True,0.6869999766349792,1,0,0,247616,317729,0.0,0.0,0.0,0,0,nan,nan,nan,88,26.200000762939453,0.0,33.0,0,27,-,READY owner=Surnn refs=24,"{""cmd"": ""STOP"", ""status"": ""READY"", ""detector"": ""yolo"", ""state"": ""IDLE"", ""owner"": ""Surnn"", ""score"": null, ""match_max"": 0.5, ""refs"": 24, ""match_mode"": ""none"", ""steer_zones"": 41, ""people"": 0, ""track_id"": null, ""target_ex"": 0.0, ""target_cx_vel_px_s"": 0.0, ""target_age_s"": null, ""lidar_min_m"": 0.68, ""target_lidar_m"": null, ""target_lidar_deg"": null, ""camera_range_m"
2026-07-16T16:23:08.820,575.82,mission_20260716_161333_manual,MANUAL,,0,13.330315589904785,100.99789428710938,149.20295524893564,4,True,0.684499979019165,1,0,0,247616,317729,0.0,0.0,0.0,0,0,nan,nan,nan,88,26.200000762939453,0.0,33.0,0,26,-,READY owner=Surnn refs=24,"{""cmd"": ""STOP"", ""status"": ""READY"", ""detector"": ""yolo"", ""state"": ""IDLE"", ""owner"": ""Surnn"", ""score"": null, ""match_max"": 0.5, ""refs"": 24, ""match_mode"": ""none"", ""steer_zones"": 41, ""people"": 0, ""track_id"": null, ""target_ex"": 0.0, ""target_cx_vel_px_s"": 0.0, ""target_age_s"": null, ""lidar_min_m"": 0.68, ""target_lidar_m"": null, ""target_lidar_deg"": null, ""camera_range_m"
2026-07-16T16:23:10.841,577.841,mission_20260716_161333_manual,MANUAL,,0,13.330315589904785,100.99789428710938,149.1924230972355,4,True,0.6850000023841858,1,0,0,247616,317729,0.0,0.0,0.0,0,0,nan,nan,nan,88,26.200000762939453,0.0,33.0,0,26,-,READY owner=Surnn refs=24,"{""cmd"": ""STOP"", ""status"": ""READY"", ""detector"": ""yolo"", ""state"": ""IDLE"", ""owner"": ""Surnn"", ""score"": null, ""match_max"": 0.5, ""refs"": 24, ""match_mode"": ""none"", ""steer_zones"": 41, ""people"": 0, ""track_id"": null, ""target_ex"": 0.0, ""target_cx_vel_px_s"": 0.0, ""target_age_s"": null, ""lidar_min_m"": 0.68, ""target_lidar_m"": null, ""target_lidar_deg"": null, ""camera_range_m"
2026-07-16T16:23:12.862,579.862,mission_20260716_161333_manual,MANUAL,,0,13.330314636230469,100.99789428710938,149.20474475849818,4,True,0.6857500076293945,1,0,0,247616,317729,0.0,0.0,0.0,0,0,nan,nan,nan,88,26.200000762939453,0.0,33.0,0,26,-,READY owner=Surnn refs=24,"{""cmd"": ""STOP"", ""status"": ""READY"", ""detector"": ""yolo"", ""state"": ""IDLE"", ""owner"": ""Surnn"", ""score"": null, ""match_max"": 0.5, ""refs"": 24, ""match_mode"": ""none"", ""steer_zones"": 41, ""people"": 0, ""track_id"": null, ""target_ex"": 0.0, ""target_cx_vel_px_s"": 0.0, ""target_age_s"": null, ""lidar_min_m"": 0.68, ""target_lidar_m"": null, ""target_lidar_deg"": null, ""camera_range_m"
2026-07-16T16:23:14.902,581.903,mission_20260716_161333_manual,MANUAL,,0,13.330313682556152,100.99789428710938,149.21395185349937,4,True,0.6857500076293945,1,0,0,247616,317729,0.0,0.0,0.0,0,0,nan,nan,nan,88,26.200000762939453,0.0,33.0,0,26,-,READY owner=Surnn refs=24,"{""cmd"": ""STOP"", ""status"": ""READY"", ""detector"": ""yolo"", ""state"": ""IDLE"", ""owner"": ""Surnn"", ""score"": null, ""match_max"": 0.5, ""refs"": 24, ""match_mode"": ""none"", ""steer_zones"": 41, ""people"": 0, ""track_id"": null, ""target_ex"": 0.0, ""target_cx_vel_px_s"": 0.0, ""target_age_s"": null, ""lidar_min_m"": 0.68, ""target_lidar_m"": null, ""target_lidar_deg"": null, ""camera_range_m"
2026-07-16T16:23:16.929,583.93,mission_20260716_161333_manual,MANUAL,,0,13.330313682556152,100.99789428710938,149.20755879643622,4,True,0.6852499842643738,1,0,0,247616,317729,0.0,0.0,0.0,0,0,nan,nan,nan,88,26.200000762939453,0.0,33.0,0,27,-,READY owner=Surnn refs=24,"{""cmd"": ""STOP"", ""status"": ""READY"", ""detector"": ""yolo"", ""state"": ""IDLE"", ""owner"": ""Surnn"", ""score"": null, ""match_max"": 0.5, ""refs"": 24, ""match_mode"": ""none"", ""steer_zones"": 41, ""people"": 0, ""track_id"": null, ""target_ex"": 0.0, ""target_cx_vel_px_s"": 0.0, ""target_age_s"": null, ""lidar_min_m"": 0.68, ""target_lidar_m"": null, ""target_lidar_deg"": null, ""camera_range_m"
2026-07-16T16:23:18.956,585.957,mission_20260716_161333_manual,MANUAL,,0,13.330312728881836,100.99789428710938,149.1986385693802,4,True,0.6852499842643738,1,0,0,247616,317729,0.0,0.0,0.0,0,0,nan,nan,nan,88,26.200000762939453,0.0,33.0,0,26,-,READY owner=Surnn refs=24,"{""cmd"": ""STOP"", ""status"": ""READY"", ""detector"": ""yolo"", ""state"": ""IDLE"", ""owner"": ""Surnn"", ""score"": null, ""match_max"": 0.5, ""refs"": 24, ""match_mode"": ""none"", ""steer_zones"": 41, ""people"": 0, ""track_id"": null, ""target_ex"": 0.0, ""target_cx_vel_px_s"": 0.0, ""target_age_s"": null, ""lidar_min_m"": 0.68, ""target_lidar_m"": null, ""target_lidar_deg"": null, ""camera_range_m"
2026-07-16T16:23:20.986,587.987,mission_20260716_161333_manual,MANUAL,,0,13.330312728881836,100.99789428710938,149.1925597010189,4,True,0.687749981880188,1,0,0,247616,317729,0.0,0.0,0.0,0,0,nan,nan,nan,88,26.200000762939453,0.0,33.0,0,27,-,READY owner=Surnn refs=24,"{""cmd"": ""STOP"", ""status"": ""READY"", ""detector"": ""yolo"", ""state"": ""IDLE"", ""owner"": ""Surnn"", ""score"": null, ""match_max"": 0.5, ""refs"": 24, ""match_mode"": ""none"", ""steer_zones"": 41, ""people"": 0, ""track_id"": null, ""target_ex"": 0.0, ""target_cx_vel_px_s"": 0.0, ""target_age_s"": null, ""lidar_min_m"": 0.68, ""target_lidar_m"": null, ""target_lidar_deg"": null, ""camera_range_m"
2026-07-16T16:23:22.999,589.999,mission_20260716_161333_manual,MANUAL,,0,13.33031177520752,100.99789428710938,149.1870409081695,4,True,0.6855000257492065,1,0,0,247616,317729,0.0,0.0,0.0,0,0,nan,nan,nan,88,26.200000762939453,0.0,33.0,0,27,-,READY owner=Surnn refs=24,"{""cmd"": ""STOP"", ""status"": ""READY"", ""detector"": ""yolo"", ""state"": ""IDLE"", ""owner"": ""Surnn"", ""score"": null, ""match_max"": 0.5, ""refs"": 24, ""match_mode"": ""none"", ""steer_zones"": 41, ""people"": 0, ""track_id"": null, ""target_ex"": 0.0, ""target_cx_vel_px_s"": 0.0, ""target_age_s"": null, ""lidar_min_m"": 0.68, ""target_lidar_m"": null, ""target_lidar_deg"": null, ""camera_range_m"
2026-07-16T16:23:25.004,592.004,mission_20260716_161333_manual,MANUAL,,0,13.330310821533203,100.99789428710938,149.1806205303497,4,True,0.6857500076293945,1,0,0,247616,317729,0.0,0.0,0.0,0,0,nan,nan,nan,88,26.200000762939453,0.0,33.0,0,27,-,READY owner=Surnn refs=24,"{""cmd"": ""STOP"", ""status"": ""READY"", ""detector"": ""yolo"", ""state"": ""IDLE"", ""owner"": ""Surnn"", ""score"": null, ""match_max"": 0.5, ""refs"": 24, ""match_mode"": ""none"", ""steer_zones"": 41, ""people"": 0, ""track_id"": null, ""target_ex"": 0.0, ""target_cx_vel_px_s"": 0.0, ""target_age_s"": null, ""lidar_min_m"": 0.68, ""target_lidar_m"": null, ""target_lidar_deg"": null, ""camera_range_m"
2026-07-16T16:23:27.025,594.026,mission_20260716_161333_manual,MANUAL,,0,13.330310821533203,100.99789428710938,149.18353019093612,4,True,0.6852499842643738,1,0,0,247616,317729,0.0,0.0,0.0,0,0,nan,nan,nan,88,26.200000762939453,0.0,33.0,0,27,-,READY owner=Surnn refs=24,"{""cmd"": ""STOP"", ""status"": ""READY"", ""detector"": ""yolo"", ""state"": ""IDLE"", ""owner"": ""Surnn"", ""score"": null, ""match_max"": 0.5, ""refs"": 24, ""match_mode"": ""none"", ""steer_zones"": 41, ""people"": 0, ""track_id"": null, ""target_ex"": 0.0, ""target_cx_vel_px_s"": 0.0, ""target_age_s"": null, ""lidar_min_m"": 0.68, ""target_lidar_m"": null, ""target_lidar_deg"": null, ""camera_range_m"
2026-07-16T16:23:29.049,596.05,mission_20260716_161333_manual,MANUAL,,0,13.330310821533203,100.99788665771484,149.17551154885052,4,True,0.684499979019165,1,0,0,247616,317729,0.0,0.0,0.0,0,0,nan,nan,nan,88,26.200000762939453,0.0,33.0,0,27,-,READY owner=Surnn refs=24,"{""cmd"": ""STOP"", ""status"": ""READY"", ""detector"": ""yolo"", ""state"": ""IDLE"", ""owner"": ""Surnn"", ""score"": null, ""match_max"": 0.5, ""refs"": 24, ""match_mode"": ""none"", ""steer_zones"": 41, ""people"": 0, ""track_id"": null, ""target_ex"": 0.0, ""target_cx_vel_px_s"": 0.0, ""target_age_s"": null, ""lidar_min_m"": 0.68, ""target_lidar_m"": null, ""target_lidar_deg"": null, ""camera_range_m"
2026-07-16T16:23:31.087,598.088,mission_20260716_161333_manual,MANUAL,,0,13.330309867858887,100.99788665771484,149.16347675553297,4,True,0.6855000257492065,1,0,0,247616,317729,0.0,0.0,0.0,0,0,nan,nan,nan,88,26.200000762939453,0.0,33.0,0,27,-,READY owner=Surnn refs=24,"{""cmd"": ""STOP"", ""status"": ""READY"", ""detector"": ""yolo"", ""state"": ""IDLE"", ""owner"": ""Surnn"", ""score"": null, ""match_max"": 0.5, ""refs"": 24, ""match_mode"": ""none"", ""steer_zones"": 41, ""people"": 0, ""track_id"": null, ""target_ex"": 0.0, ""target_cx_vel_px_s"": 0.0, ""target_age_s"": null, ""lidar_min_m"": 0.68, ""target_lidar_m"": null, ""target_lidar_deg"": null, ""camera_range_m"
2026-07-16T16:23:33.108,600.108,mission_20260716_161333_manual,MANUAL,,0,13.33030891418457,100.99788665771484,149.15752083057671,4,True,0.6852499842643738,1,0,0,247616,317729,0.0,0.0,0.0,0,0,nan,nan,nan,88,26.200000762939453,0.0,33.0,0,27,-,READY owner=Surnn refs=24,"{""cmd"": ""STOP"", ""status"": ""READY"", ""detector"": ""yolo"", ""state"": ""IDLE"", ""owner"": ""Surnn"", ""score"": null, ""match_max"": 0.5, ""refs"": 24, ""match_mode"": ""none"", ""steer_zones"": 41, ""people"": 0, ""track_id"": null, ""target_ex"": 0.0, ""target_cx_vel_px_s"": 0.0, ""target_age_s"": null, ""lidar_min_m"": 0.68, ""target_lidar_m"": null, ""target_lidar_deg"": null, ""camera_range_m"
2026-07-16T16:23:35.145,602.145,mission_20260716_161333_manual,MANUAL,,0,13.33030891418457,100.99788665771484,149.1603485288931,4,True,0.6852499842643738,1,0,0,247616,317729,0.0,0.0,0.0,0,0,nan,nan,nan,88,26.200000762939453,0.0,33.0,0,27,-,READY owner=Surnn refs=24,"{""cmd"": ""STOP"", ""status"": ""READY"", ""detector"": ""yolo"", ""state"": ""IDLE"", ""owner"": ""Surnn"", ""score"": null, ""match_max"": 0.5, ""refs"": 24, ""match_mode"": ""none"", ""steer_zones"": 41, ""people"": 0, ""track_id"": null, ""target_ex"": 0.0, ""target_cx_vel_px_s"": 0.0, ""target_age_s"": null, ""lidar_min_m"": 0.68, ""target_lidar_m"": null, ""target_lidar_deg"": null, ""camera_range_m"
2026-07-16T16:23:37.157,604.158,mission_20260716_161333_manual,MANUAL,,0,13.33030891418457,100.99788665771484,149.16965124654266,4,True,0.6855000257492065,1,0,0,247616,317729,0.0,0.0,0.0,0,0,nan,nan,nan,88,26.200000762939453,0.0,33.0,0,27,-,READY owner=Surnn refs=24,"{""cmd"": ""STOP"", ""status"": ""READY"", ""detector"": ""yolo"", ""state"": ""IDLE"", ""owner"": ""Surnn"", ""score"": null, ""match_max"": 0.5, ""refs"": 24, ""match_mode"": ""none"", ""steer_zones"": 41, ""people"": 0, ""track_id"": null, ""target_ex"": 0.0, ""target_cx_vel_px_s"": 0.0, ""target_age_s"": null, ""lidar_min_m"": 0.68, ""target_lidar_m"": null, ""target_lidar_deg"": null, ""camera_range_m"
2026-07-16T16:23:39.181,606.182,mission_20260716_161333_manual,MANUAL,,0,13.33030891418457,100.99788665771484,149.1661132085526,4,True,0.6857500076293945,1,0,0,247616,317729,0.0,0.0,0.0,0,0,nan,nan,nan,88,26.200000762939453,0.0,33.0,0,27,-,READY owner=Surnn refs=24,"{""cmd"": ""STOP"", ""status"": ""READY"", ""detector"": ""yolo"", ""state"": ""IDLE"", ""owner"": ""Surnn"", ""score"": null, ""match_max"": 0.5, ""refs"": 24, ""match_mode"": ""none"", ""steer_zones"": 41, ""people"": 0, ""track_id"": null, ""target_ex"": 0.0, ""target_cx_vel_px_s"": 0.0, ""target_age_s"": null, ""lidar_min_m"": 0.68, ""target_lidar_m"": null, ""target_lidar_deg"": null, ""camera_range_m"
2026-07-16T16:23:41.196,608.197,mission_20260716_161333_manual,MANUAL,,0,13.330307960510254,100.99788665771484,149.1795277000825,4,True,0.6855000257492065,1,0,0,247616,317729,0.0,0.0,0.0,0,0,nan,nan,nan,88,26.200000762939453,0.0,33.0,0,25,-,READY owner=Surnn refs=24,"{""cmd"": ""STOP"", ""status"": ""READY"", ""detector"": ""yolo"", ""state"": ""IDLE"", ""owner"": ""Surnn"", ""score"": null, ""match_max"": 0.5, ""refs"": 24, ""match_mode"": ""none"", ""steer_zones"": 41, ""people"": 0, ""track_id"": null, ""target_ex"": 0.0, ""target_cx_vel_px_s"": 0.0, ""target_age_s"": null, ""lidar_min_m"": 0.68, ""target_lidar_m"": null, ""target_lidar_deg"": null, ""camera_range_m"
2026-07-16T16:23:43.217,610.217,mission_20260716_161333_manual,MANUAL,,0,13.330307006835938,100.99788665771484,149.1797326057576,4,True,0.6875,1,0,0,247616,317729,0.0,0.0,0.0,0,0,nan,nan,nan,88,26.200000762939453,0.0,33.0,0,26,-,READY owner=Surnn refs=24,"{""cmd"": ""STOP"", ""status"": ""READY"", ""detector"": ""yolo"", ""state"": ""IDLE"", ""owner"": ""Surnn"", ""score"": null, ""match_max"": 0.5, ""refs"": 24, ""match_mode"": ""none"", ""steer_zones"": 41, ""people"": 0, ""track_id"": null, ""target_ex"": 0.0, ""target_cx_vel_px_s"": 0.0, ""target_age_s"": null, ""lidar_min_m"": 0.68, ""target_lidar_m"": null, ""target_lidar_deg"": null, ""camera_range_m"
2026-07-16T16:23:45.244,612.244,mission_20260716_161333_manual,MANUAL,,0,13.330307006835938,100.99788665771484,149.17783381316832,4,True,0.6867499947547913,1,0,0,247616,317729,0.0,0.0,0.0,0,0,nan,nan,nan,88,26.200000762939453,0.0,33.0,0,26,-,READY owner=Surnn refs=24,"{""cmd"": ""STOP"", ""status"": ""READY"", ""detector"": ""yolo"", ""state"": ""IDLE"", ""owner"": ""Surnn"", ""score"": null, ""match_max"": 0.5, ""refs"": 24, ""match_mode"": ""none"", ""steer_zones"": 41, ""people"": 0, ""track_id"": null, ""target_ex"": 0.0, ""target_cx_vel_px_s"": 0.0, ""target_age_s"": null, ""lidar_min_m"": 0.68, ""target_lidar_m"": null, ""target_lidar_deg"": null, ""camera_range_m"
2026-07-16T16:23:47.252,614.252,mission_20260716_161333_manual,MANUAL,,0,13.330307006835938,100.99788665771484,149.16081298175666,4,True,0.6859999895095825,1,0,0,247616,317729,0.0,0.0,0.0,0,0,nan,nan,nan,88,26.200000762939453,0.0,33.0,0,25,-,READY owner=Surnn refs=24,"{""cmd"": ""STOP"", ""status"": ""READY"", ""detector"": ""yolo"", ""state"": ""IDLE"", ""owner"": ""Surnn"", ""score"": null, ""match_max"": 0.5, ""refs"": 24, ""match_mode"": ""none"", ""steer_zones"": 41, ""people"": 0, ""track_id"": null, ""target_ex"": 0.0, ""target_cx_vel_px_s"": 0.0, ""target_age_s"": null, ""lidar_min_m"": 0.68, ""target_lidar_m"": null, ""target_lidar_deg"": null, ""camera_range_m"
2026-07-16T16:23:49.260,616.261,mission_20260716_161333_manual,MANUAL,,0,13.330307006835938,100.99788665771484,149.1600070194346,4,True,0.6855000257492065,1,0,0,247616,317729,0.0,0.0,0.0,0,0,nan,nan,nan,88,26.200000762939453,0.0,33.0,0,27,-,READY owner=Surnn refs=24,"{""cmd"": ""STOP"", ""status"": ""READY"", ""detector"": ""yolo"", ""state"": ""IDLE"", ""owner"": ""Surnn"", ""score"": null, ""match_max"": 0.5, ""refs"": 24, ""match_mode"": ""none"", ""steer_zones"": 41, ""people"": 0, ""track_id"": null, ""target_ex"": 0.0, ""target_cx_vel_px_s"": 0.0, ""target_age_s"": null, ""lidar_min_m"": 0.68, ""target_lidar_m"": null, ""target_lidar_deg"": null, ""camera_range_m"
2026-07-16T16:23:51.267,618.268,mission_20260716_161333_manual,MANUAL,,0,13.330307006835938,100.99788665771484,149.1626298120759,4,True,0.6857500076293945,1,0,0,247616,317729,0.0,0.0,0.0,0,0,nan,nan,nan,88,26.200000762939453,0.0,33.0,0,28,-,READY owner=Surnn refs=24,"{""cmd"": ""STOP"", ""status"": ""READY"", ""detector"": ""yolo"", ""state"": ""IDLE"", ""owner"": ""Surnn"", ""score"": null, ""match_max"": 0.5, ""refs"": 24, ""match_mode"": ""none"", ""steer_zones"": 41, ""people"": 0, ""track_id"": null, ""target_ex"": 0.0, ""target_cx_vel_px_s"": 0.0, ""target_age_s"": null, ""lidar_min_m"": 0.68, ""target_lidar_m"": null, ""target_lidar_deg"": null, ""camera_range_m"
2026-07-16T16:23:53.305,620.305,mission_20260716_161333_manual,MANUAL,,0,13.330306053161621,100.99789428710938,149.16086762327,4,True,0.6869999766349792,1,0,0,247616,317729,0.0,0.0,0.0,0,0,nan,nan,nan,88,26.200000762939453,0.0,33.0,0,28,-,READY owner=Surnn refs=24,"{""cmd"": ""STOP"", ""status"": ""READY"", ""detector"": ""yolo"", ""state"": ""IDLE"", ""owner"": ""Surnn"", ""score"": null, ""match_max"": 0.5, ""refs"": 24, ""match_mode"": ""none"", ""steer_zones"": 41, ""people"": 0, ""track_id"": null, ""target_ex"": 0.0, ""target_cx_vel_px_s"": 0.0, ""target_age_s"": null, ""lidar_min_m"": 0.68, ""target_lidar_m"": null, ""target_lidar_deg"": null, ""camera_range_m"
2026-07-16T16:23:55.337,622.338,mission_20260716_161333_manual,MANUAL,,0,13.330306053161621,100.99789428710938,149.15858634008723,4,True,0.6857500076293945,1,0,0,247616,317729,0.0,0.0,0.0,0,0,nan,nan,nan,88,26.200000762939453,0.0,33.0,0,28,-,READY owner=Surnn refs=24,"{""cmd"": ""STOP"", ""status"": ""READY"", ""detector"": ""yolo"", ""state"": ""IDLE"", ""owner"": ""Surnn"", ""score"": null, ""match_max"": 0.5, ""refs"": 24, ""match_mode"": ""none"", ""steer_zones"": 41, ""people"": 0, ""track_id"": null, ""target_ex"": 0.0, ""target_cx_vel_px_s"": 0.0, ""target_age_s"": null, ""lidar_min_m"": 0.68, ""target_lidar_m"": null, ""target_lidar_deg"": null, ""camera_range_m"
2026-07-16T16:23:57.357,624.358,mission_20260716_161333_manual,MANUAL,,0,13.330305099487305,100.99789428710938,149.14088248975855,4,True,0.684499979019165,1,0,0,247616,317729,0.0,0.0,0.0,0,0,nan,nan,nan,88,26.200000762939453,0.0,33.0,0,29,-,READY owner=Surnn refs=24,"{""cmd"": ""STOP"", ""status"": ""READY"", ""detector"": ""yolo"", ""state"": ""IDLE"", ""owner"": ""Surnn"", ""score"": null, ""match_max"": 0.5, ""refs"": 24, ""match_mode"": ""none"", ""steer_zones"": 41, ""people"": 0, ""track_id"": null, ""target_ex"": 0.0, ""target_cx_vel_px_s"": 0.0, ""target_age_s"": null, ""lidar_min_m"": 0.68, ""target_lidar_m"": null, ""target_lidar_deg"": null, ""camera_range_m"
2026-07-16T16:23:59.371,626.372,mission_20260716_161333_manual,MANUAL,,0,13.330305099487305,100.99789428710938,149.14752143363182,4,True,0.6855000257492065,1,0,0,247616,317729,0.0,0.0,0.0,0,0,nan,nan,nan,88,26.200000762939453,0.0,33.0,0,30,-,READY owner=Surnn refs=24,"{""cmd"": ""STOP"", ""status"": ""READY"", ""detector"": ""yolo"", ""state"": ""IDLE"", ""owner"": ""Surnn"", ""score"": null, ""match_max"": 0.5, ""refs"": 24, ""match_mode"": ""none"", ""steer_zones"": 41, ""people"": 0, ""track_id"": null, ""target_ex"": 0.0, ""target_cx_vel_px_s"": 0.0, ""target_age_s"": null, ""lidar_min_m"": 0.68, ""target_lidar_m"": null, ""target_lidar_deg"": null, ""camera_range_m"
2026-07-16T16:24:01.396,628.396,mission_20260716_161333_manual,MANUAL,,0,13.330305099487305,100.99789428710938,149.1565236229579,4,True,0.6850000023841858,1,0,0,247616,317729,0.0,0.0,0.0,0,0,nan,nan,nan,88,26.200000762939453,0.0,33.0,0,30,-,READY owner=Surnn refs=24,"{""cmd"": ""STOP"", ""status"": ""READY"", ""detector"": ""yolo"", ""state"": ""IDLE"", ""owner"": ""Surnn"", ""score"": null, ""match_max"": 0.5, ""refs"": 24, ""match_mode"": ""none"", ""steer_zones"": 41, ""people"": 0, ""track_id"": null, ""target_ex"": 0.0, ""target_cx_vel_px_s"": 0.0, ""target_age_s"": null, ""lidar_min_m"": 0.68, ""target_lidar_m"": null, ""target_lidar_deg"": null, ""camera_range_m"
2026-07-16T16:24:03.421,630.422,mission_20260716_161333_manual,MANUAL,,0,13.330306053161621,100.99789428710938,149.16784807660179,4,True,0.6865000128746033,1,0,0,247616,317729,0.0,0.0,0.0,0,0,nan,nan,nan,88,26.200000762939453,0.0,33.0,0,29,-,READY owner=Surnn refs=24,"{""cmd"": ""STOP"", ""status"": ""READY"", ""detector"": ""yolo"", ""state"": ""IDLE"", ""owner"": ""Surnn"", ""score"": null, ""match_max"": 0.5, ""refs"": 24, ""match_mode"": ""none"", ""steer_zones"": 41, ""people"": 0, ""track_id"": null, ""target_ex"": 0.0, ""target_cx_vel_px_s"": 0.0, ""target_age_s"": null, ""lidar_min_m"": 0.68, ""target_lidar_m"": null, ""target_lidar_deg"": null, ""camera_range_m"
2026-07-16T16:24:05.440,632.44,mission_20260716_161333_manual,MANUAL,,0,13.330306053161621,100.99789428710938,149.16120913272852,4,True,0.6855000257492065,1,0,0,247616,317729,0.0,0.0,0.0,0,0,nan,nan,nan,88,26.200000762939453,0.0,33.0,0,29,-,READY owner=Surnn refs=24,"{""cmd"": ""STOP"", ""status"": ""READY"", ""detector"": ""yolo"", ""state"": ""IDLE"", ""owner"": ""Surnn"", ""score"": null, ""match_max"": 0.5, ""refs"": 24, ""match_mode"": ""none"", ""steer_zones"": 41, ""people"": 0, ""track_id"": null, ""target_ex"": 0.0, ""target_cx_vel_px_s"": 0.0, ""target_age_s"": null, ""lidar_min_m"": 0.68, ""target_lidar_m"": null, ""target_lidar_deg"": null, ""camera_range_m"
2026-07-16T16:24:07.455,634.455,mission_20260716_161333_manual,MANUAL,,0,13.330307006835938,100.9979019165039,149.15446090582856,4,True,0.6847500205039978,1,0,0,247616,317729,0.0,0.0,0.0,0,0,nan,nan,nan,88,26.200000762939453,0.0,33.0,0,29,-,READY owner=Surnn refs=24,"{""cmd"": ""STOP"", ""status"": ""READY"", ""detector"": ""yolo"", ""state"": ""IDLE"", ""owner"": ""Surnn"", ""score"": null, ""match_max"": 0.5, ""refs"": 24, ""match_mode"": ""none"", ""steer_zones"": 41, ""people"": 0, ""track_id"": null, ""target_ex"": 0.0, ""target_cx_vel_px_s"": 0.0, ""target_age_s"": null, ""lidar_min_m"": 0.68, ""target_lidar_m"": null, ""target_lidar_deg"": null, ""camera_range_m"
2026-07-16T16:24:09.465,636.466,mission_20260716_161333_manual,MANUAL,,0,13.330307006835938,100.9979019165039,149.15773939663015,4,True,0.6859999895095825,1,0,0,247616,317729,0.0,0.0,0.0,0,0,nan,nan,nan,88,26.200000762939453,0.0,33.0,0,28,-,READY owner=Surnn refs=24,"{""cmd"": ""STOP"", ""status"": ""READY"", ""detector"": ""yolo"", ""state"": ""IDLE"", ""owner"": ""Surnn"", ""score"": null, ""match_max"": 0.5, ""refs"": 24, ""match_mode"": ""none"", ""steer_zones"": 41, ""people"": 0, ""track_id"": null, ""target_ex"": 0.0, ""target_cx_vel_px_s"": 0.0, ""target_age_s"": null, ""lidar_min_m"": 0.68, ""target_lidar_m"": null, ""target_lidar_deg"": null, ""camera_range_m"
2026-07-16T16:24:11.473,638.474,mission_20260716_161333_manual,MANUAL,,0,13.330307960510254,100.9979019165039,149.18015607748615,4,True,0.6859999895095825,1,0,0,247616,317729,0.0,0.0,0.0,0,0,nan,nan,nan,88,26.200000762939453,0.0,33.0,0,28,-,READY owner=Surnn refs=24,"{""cmd"": ""STOP"", ""status"": ""READY"", ""detector"": ""yolo"", ""state"": ""IDLE"", ""owner"": ""Surnn"", ""score"": null, ""match_max"": 0.5, ""refs"": 24, ""match_mode"": ""none"", ""steer_zones"": 41, ""people"": 0, ""track_id"": null, ""target_ex"": 0.0, ""target_cx_vel_px_s"": 0.0, ""target_age_s"": null, ""lidar_min_m"": 0.68, ""target_lidar_m"": null, ""target_lidar_deg"": null, ""camera_range_m"
2026-07-16T16:24:13.487,640.488,mission_20260716_161333_manual,MANUAL,,0,13.33030891418457,100.9979019165039,149.18290181353248,4,True,0.6857500076293945,1,0,0,247616,317729,0.0,0.0,0.0,0,0,nan,nan,nan,88,26.200000762939453,0.0,33.0,0,28,-,READY owner=Surnn refs=24,"{""cmd"": ""STOP"", ""status"": ""READY"", ""detector"": ""yolo"", ""state"": ""IDLE"", ""owner"": ""Surnn"", ""score"": null, ""match_max"": 0.5, ""refs"": 24, ""match_mode"": ""none"", ""steer_zones"": 41, ""people"": 0, ""track_id"": null, ""target_ex"": 0.0, ""target_cx_vel_px_s"": 0.0, ""target_age_s"": null, ""lidar_min_m"": 0.68, ""target_lidar_m"": null, ""target_lidar_deg"": null, ""camera_range_m"
2026-07-16T16:24:15.513,642.514,mission_20260716_161333_manual,MANUAL,,0,13.330309867858887,100.9979019165039,149.19520981441684,4,True,0.6867499947547913,1,0,0,247616,317729,0.0,0.0,0.0,0,0,nan,nan,nan,88,26.200000762939453,0.0,33.0,0,27,-,READY owner=Surnn refs=24,"{""cmd"": ""STOP"", ""status"": ""READY"", ""detector"": ""yolo"", ""state"": ""IDLE"", ""owner"": ""Surnn"", ""score"": null, ""match_max"": 0.5, ""refs"": 24, ""match_mode"": ""none"", ""steer_zones"": 41, ""people"": 0, ""track_id"": null, ""target_ex"": 0.0, ""target_cx_vel_px_s"": 0.0, ""target_age_s"": null, ""lidar_min_m"": 0.68, ""target_lidar_m"": null, ""target_lidar_deg"": null, ""camera_range_m"
2026-07-16T16:24:17.583,644.584,mission_20260716_161333_manual,MANUAL,,0,13.330310821533203,100.9979019165039,149.2010701167247,4,True,0.6852499842643738,1,0,0,247616,317729,0.0,0.0,0.0,0,0,nan,nan,nan,88,26.200000762939453,0.0,33.0,0,26,-,READY owner=Surnn refs=24,"{""cmd"": ""STOP"", ""status"": ""READY"", ""detector"": ""yolo"", ""state"": ""IDLE"", ""owner"": ""Surnn"", ""score"": null, ""match_max"": 0.5, ""refs"": 24, ""match_mode"": ""none"", ""steer_zones"": 41, ""people"": 0, ""track_id"": null, ""target_ex"": 0.0, ""target_cx_vel_px_s"": 0.0, ""target_age_s"": null, ""lidar_min_m"": 0.68, ""target_lidar_m"": null, ""target_lidar_deg"": null, ""camera_range_m"
2026-07-16T16:24:19.701,646.702,mission_20260716_161333_manual,MANUAL,,0,13.33031177520752,100.9979019165039,149.20061932423948,4,True,0.6862499713897705,1,0,0,247616,317729,0.0,0.0,0.0,0,0,nan,nan,nan,88,26.200000762939453,0.0,33.0,0,27,-,READY owner=Surnn refs=24,"{""cmd"": ""STOP"", ""status"": ""READY"", ""detector"": ""yolo"", ""state"": ""IDLE"", ""owner"": ""Surnn"", ""score"": null, ""match_max"": 0.5, ""refs"": 24, ""match_mode"": ""none"", ""steer_zones"": 41, ""people"": 0, ""track_id"": null, ""target_ex"": 0.0, ""target_cx_vel_px_s"": 0.0, ""target_age_s"": null, ""lidar_min_m"": 0.68, ""target_lidar_m"": null, ""target_lidar_deg"": null, ""camera_range_m"
2026-07-16T16:24:21.734,648.734,mission_20260716_161333_manual,MANUAL,,0,13.330312728881836,100.9979019165039,149.19932158829718,4,True,0.6862499713897705,1,0,0,247616,317729,0.0,0.0,0.0,0,0,nan,nan,nan,88,26.200000762939453,0.0,33.0,0,27,-,READY owner=Surnn refs=24,"{""cmd"": ""STOP"", ""status"": ""READY"", ""detector"": ""yolo"", ""state"": ""IDLE"", ""owner"": ""Surnn"", ""score"": null, ""match_max"": 0.5, ""refs"": 24, ""match_mode"": ""none"", ""steer_zones"": 41, ""people"": 0, ""track_id"": null, ""target_ex"": 0.0, ""target_cx_vel_px_s"": 0.0, ""target_age_s"": null, ""lidar_min_m"": 0.68, ""target_lidar_m"": null, ""target_lidar_deg"": null, ""camera_range_m"
2026-07-16T16:24:23.771,650.772,mission_20260716_161333_manual,MANUAL,,0,13.330313682556152,100.9979019165039,149.19686272019598,4,True,0.6855000257492065,1,0,0,247616,317729,0.0,0.0,0.0,0,0,nan,nan,nan,88,26.200000762939453,0.0,33.0,0,27,-,READY owner=Surnn refs=24,"{""cmd"": ""STOP"", ""status"": ""READY"", ""detector"": ""yolo"", ""state"": ""IDLE"", ""owner"": ""Surnn"", ""score"": null, ""match_max"": 0.5, ""refs"": 24, ""match_mode"": ""none"", ""steer_zones"": 41, ""people"": 0, ""track_id"": null, ""target_ex"": 0.0, ""target_cx_vel_px_s"": 0.0, ""target_age_s"": null, ""lidar_min_m"": 0.17, ""target_lidar_m"": null, ""target_lidar_deg"": null, ""camera_range_m"
2026-07-16T16:24:25.780,652.781,mission_20260716_161333_manual,MANUAL,,0,13.330314636230469,100.9979019165039,149.200277814781,4,True,0.6862499713897705,1,0,0,247616,317729,0.0,0.0,0.0,0,0,nan,nan,nan,88,26.200000762939453,0.0,33.0,0,29,-,READY owner=Surnn refs=24,"{""cmd"": ""STOP"", ""status"": ""READY"", ""detector"": ""yolo"", ""state"": ""IDLE"", ""owner"": ""Surnn"", ""score"": null, ""match_max"": 0.5, ""refs"": 24, ""match_mode"": ""none"", ""steer_zones"": 41, ""people"": 0, ""track_id"": null, ""target_ex"": 0.0, ""target_cx_vel_px_s"": 0.0, ""target_age_s"": null, ""lidar_min_m"": 0.68, ""target_lidar_m"": null, ""target_lidar_deg"": null, ""camera_range_m"
2026-07-16T16:24:27.786,654.787,mission_20260716_161333_manual,MANUAL,,0,13.330314636230469,100.9979019165039,149.21668392916737,4,True,0.6852499842643738,1,0,0,247616,317729,0.0,0.0,0.0,0,0,nan,nan,nan,88,26.200000762939453,0.0,33.0,0,29,-,READY owner=Surnn refs=24,"{""cmd"": ""STOP"", ""status"": ""READY"", ""detector"": ""yolo"", ""state"": ""IDLE"", ""owner"": ""Surnn"", ""score"": null, ""match_max"": 0.5, ""refs"": 24, ""match_mode"": ""none"", ""steer_zones"": 41, ""people"": 0, ""track_id"": null, ""target_ex"": 0.0, ""target_cx_vel_px_s"": 0.0, ""target_age_s"": null, ""lidar_min_m"": 0.68, ""target_lidar_m"": null, ""target_lidar_deg"": null, ""camera_range_m"
2026-07-16T16:24:29.787,656.787,mission_20260716_161333_manual,MANUAL,,0,13.330315589904785,100.9979019165039,149.2245386467129,4,True,0.687250018119812,1,0,0,247616,317729,0.0,0.0,0.0,0,0,nan,nan,nan,88,26.200000762939453,0.0,33.0,0,28,-,READY owner=Surnn refs=24,"{""cmd"": ""STOP"", ""status"": ""READY"", ""detector"": ""yolo"", ""state"": ""IDLE"", ""owner"": ""Surnn"", ""score"": null, ""match_max"": 0.5, ""refs"": 24, ""match_mode"": ""none"", ""steer_zones"": 41, ""people"": 0, ""track_id"": null, ""target_ex"": 0.0, ""target_cx_vel_px_s"": 0.0, ""target_age_s"": null, ""lidar_min_m"": 0.68, ""target_lidar_m"": null, ""target_lidar_deg"": null, ""camera_range_m"
2026-07-16T16:24:31.916,658.916,mission_20260716_161333_manual,MANUAL,,0,13.330316543579102,100.9979019165039,149.22541291092665,4,True,0.6884999871253967,1,0,0,247616,317729,0.0,0.0,0.0,0,0,nan,nan,nan,88,26.200000762939453,0.0,33.0,0,30,-,READY owner=Surnn refs=24,"{""cmd"": ""STOP"", ""status"": ""READY"", ""detector"": ""yolo"", ""state"": ""IDLE"", ""owner"": ""Surnn"", ""score"": null, ""match_max"": 0.5, ""refs"": 24, ""match_mode"": ""none"", ""steer_zones"": 41, ""people"": 0, ""track_id"": null, ""target_ex"": 0.0, ""target_cx_vel_px_s"": 0.0, ""target_age_s"": null, ""lidar_min_m"": 0.68, ""target_lidar_m"": null, ""target_lidar_deg"": null, ""camera_range_m"
2026-07-16T16:24:34.045,661.045,mission_20260716_161333_manual,MANUAL,,0,13.330318450927734,100.9979019165039,149.22279011828536,4,True,0.6875,1,0,0,247616,317729,0.0,0.0,0.0,0,0,nan,nan,nan,88,26.200000762939453,0.0,33.0,0,29,-,READY owner=Surnn refs=24,"{""cmd"": ""STOP"", ""status"": ""READY"", ""detector"": ""yolo"", ""state"": ""IDLE"", ""owner"": ""Surnn"", ""score"": null, ""match_max"": 0.5, ""refs"": 24, ""match_mode"": ""none"", ""steer_zones"": 41, ""people"": 0, ""track_id"": null, ""target_ex"": 0.0, ""target_cx_vel_px_s"": 0.0, ""target_age_s"": null, ""lidar_min_m"": 0.68, ""target_lidar_m"": null, ""target_lidar_deg"": null, ""camera_range_m"
2026-07-16T16:24:36.049,663.049,mission_20260716_161333_manual,MANUAL,,0,13.330320358276367,100.9979019165039,149.2274483072993,4,True,0.6857500076293945,1,0,0,247616,317729,0.0,0.0,0.0,0,0,nan,nan,nan,88,26.200000762939453,0.0,33.0,0,29,-,READY owner=Surnn refs=24,"{""cmd"": ""STOP"", ""status"": ""READY"", ""detector"": ""yolo"", ""state"": ""IDLE"", ""owner"": ""Surnn"", ""score"": null, ""match_max"": 0.5, ""refs"": 24, ""match_mode"": ""none"", ""steer_zones"": 41, ""people"": 0, ""track_id"": null, ""target_ex"": 0.0, ""target_cx_vel_px_s"": 0.0, ""target_age_s"": null, ""lidar_min_m"": 0.68, ""target_lidar_m"": null, ""target_lidar_deg"": null, ""camera_range_m"
2026-07-16T16:24:38.181,665.181,mission_20260716_161333_manual,MANUAL,,0,13.330322265625,100.9979019165039,149.22243494844852,4,True,0.6880000233650208,1,0,0,247616,317729,0.0,0.0,0.0,0,0,nan,nan,nan,88,26.200000762939453,0.0,33.0,0,29,-,READY owner=Surnn refs=24,"{""cmd"": ""STOP"", ""status"": ""READY"", ""detector"": ""yolo"", ""state"": ""IDLE"", ""owner"": ""Surnn"", ""score"": null, ""match_max"": 0.5, ""refs"": 24, ""match_mode"": ""none"", ""steer_zones"": 41, ""people"": 0, ""track_id"": null, ""target_ex"": 0.0, ""target_cx_vel_px_s"": 0.0, ""target_age_s"": null, ""lidar_min_m"": 0.68, ""target_lidar_m"": null, ""target_lidar_deg"": null, ""camera_range_m"
2026-07-16T16:24:40.298,667.298,mission_20260716_161333_manual,MANUAL,,0,13.330323219299316,100.9979019165039,149.2152359290633,4,True,0.6859999895095825,1,0,0,247616,317729,0.0,0.0,0.0,0,0,nan,nan,nan,88,26.200000762939453,0.0,33.0,0,29,-,READY owner=Surnn refs=24,"{""cmd"": ""STOP"", ""status"": ""READY"", ""detector"": ""yolo"", ""state"": ""IDLE"", ""owner"": ""Surnn"", ""score"": null, ""match_max"": 0.5, ""refs"": 24, ""match_mode"": ""none"", ""steer_zones"": 41, ""people"": 0, ""track_id"": null, ""target_ex"": 0.0, ""target_cx_vel_px_s"": 0.0, ""target_age_s"": null, ""lidar_min_m"": 0.68, ""target_lidar_m"": null, ""target_lidar_deg"": null, ""camera_range_m"
2026-07-16T16:24:42.412,669.412,mission_20260716_161333_manual,MANUAL,,0,13.33032512664795,100.9979019165039,149.21071434383276,4,True,0.6859999895095825,1,0,0,247616,317729,0.0,0.0,0.0,0,0,nan,nan,nan,88,26.200000762939453,0.0,33.0,0,30,-,READY owner=Surnn refs=24,"{""cmd"": ""STOP"", ""status"": ""READY"", ""detector"": ""yolo"", ""state"": ""IDLE"", ""owner"": ""Surnn"", ""score"": null, ""match_max"": 0.5, ""refs"": 24, ""match_mode"": ""none"", ""steer_zones"": 41, ""people"": 0, ""track_id"": null, ""target_ex"": 0.0, ""target_cx_vel_px_s"": 0.0, ""target_age_s"": null, ""lidar_min_m"": 0.68, ""target_lidar_m"": null, ""target_lidar_deg"": null, ""camera_range_m"
2026-07-16T16:24:44.534,671.535,mission_20260716_161333_manual,MANUAL,,0,13.330326080322266,100.9979019165039,149.21863736326998,4,True,0.6855000257492065,1,0,0,247616,317729,0.0,0.0,0.0,0,0,nan,nan,nan,88,26.200000762939453,0.0,33.0,0,31,-,READY owner=Surnn refs=24,"{""cmd"": ""STOP"", ""status"": ""READY"", ""detector"": ""yolo"", ""state"": ""IDLE"", ""owner"": ""Surnn"", ""score"": null, ""match_max"": 0.5, ""refs"": 24, ""match_mode"": ""none"", ""steer_zones"": 41, ""people"": 0, ""track_id"": null, ""target_ex"": 0.0, ""target_cx_vel_px_s"": 0.0, ""target_age_s"": null, ""lidar_min_m"": 0.68, ""target_lidar_m"": null, ""target_lidar_deg"": null, ""camera_range_m"
2026-07-16T16:24:46.660,673.661,mission_20260716_161333_manual,MANUAL,,0,13.330328941345215,100.9979019165039,149.213173211934,4,True,0.687250018119812,1,0,0,247616,317729,0.0,0.0,0.0,0,0,nan,nan,nan,88,26.200000762939453,0.0,33.0,0,31,-,READY owner=Surnn refs=24,"{""cmd"": ""STOP"", ""status"": ""READY"", ""detector"": ""yolo"", ""state"": ""IDLE"", ""owner"": ""Surnn"", ""score"": null, ""match_max"": 0.5, ""refs"": 24, ""match_mode"": ""none"", ""steer_zones"": 41, ""people"": 0, ""track_id"": null, ""target_ex"": 0.0, ""target_cx_vel_px_s"": 0.0, ""target_age_s"": null, ""lidar_min_m"": 0.68, ""target_lidar_m"": null, ""target_lidar_deg"": null, ""camera_range_m"
2026-07-16T16:24:48.783,675.784,mission_20260716_161333_manual,MANUAL,,0,13.330330848693848,100.9979019165039,149.2133507968524,4,True,0.6865000128746033,1,0,0,247616,317729,0.0,0.0,0.0,0,0,nan,nan,nan,88,26.200000762939453,0.0,33.0,0,30,-,READY owner=Surnn refs=24,"{""cmd"": ""STOP"", ""status"": ""READY"", ""detector"": ""yolo"", ""state"": ""IDLE"", ""owner"": ""Surnn"", ""score"": null, ""match_max"": 0.5, ""refs"": 24, ""match_mode"": ""none"", ""steer_zones"": 41, ""people"": 0, ""track_id"": null, ""target_ex"": 0.0, ""target_cx_vel_px_s"": 0.0, ""target_age_s"": null, ""lidar_min_m"": 0.68, ""target_lidar_m"": null, ""target_lidar_deg"": null, ""camera_range_m"
2026-07-16T16:24:50.787,677.787,mission_20260716_161333_manual,MANUAL,,0,13.330331802368164,100.9979019165039,149.21053675891434,4,True,0.6857500076293945,1,0,0,247616,317729,0.0,0.0,0.0,0,0,nan,nan,nan,88,26.200000762939453,0.0,33.0,0,31,-,READY owner=Surnn refs=24,"{""cmd"": ""STOP"", ""status"": ""READY"", ""detector"": ""yolo"", ""state"": ""IDLE"", ""owner"": ""Surnn"", ""score"": null, ""match_max"": 0.5, ""refs"": 24, ""match_mode"": ""none"", ""steer_zones"": 41, ""people"": 0, ""track_id"": null, ""target_ex"": 0.0, ""target_cx_vel_px_s"": 0.0, ""target_age_s"": null, ""lidar_min_m"": 0.68, ""target_lidar_m"": null, ""target_lidar_deg"": null, ""camera_range_m"
2026-07-16T16:24:52.789,679.789,mission_20260716_161333_manual,MANUAL,,0,13.33033275604248,100.9979019165039,149.21262679680038,4,True,0.6857500076293945,1,0,0,247616,317729,0.0,0.0,0.0,0,0,nan,nan,nan,88,26.200000762939453,0.0,33.0,0,31,-,READY owner=Surnn refs=24,"{""cmd"": ""STOP"", ""status"": ""READY"", ""detector"": ""yolo"", ""state"": ""IDLE"", ""owner"": ""Surnn"", ""score"": null, ""match_max"": 0.5, ""refs"": 24, ""match_mode"": ""none"", ""steer_zones"": 41, ""people"": 0, ""track_id"": null, ""target_ex"": 0.0, ""target_cx_vel_px_s"": 0.0, ""target_age_s"": null, ""lidar_min_m"": 0.68, ""target_lidar_m"": null, ""target_lidar_deg"": null, ""camera_range_m"
2026-07-16T16:24:54.912,681.912,mission_20260716_161333_manual,MANUAL,,0,13.330334663391113,100.9979019165039,149.21244921188196,4,True,0.687749981880188,1,0,0,247616,317729,0.0,0.0,0.0,0,0,nan,nan,nan,88,26.200000762939453,0.0,33.0,0,31,-,READY owner=Surnn refs=24,"{""cmd"": ""STOP"", ""status"": ""READY"", ""detector"": ""yolo"", ""state"": ""IDLE"", ""owner"": ""Surnn"", ""score"": null, ""match_max"": 0.5, ""refs"": 24, ""match_mode"": ""none"", ""steer_zones"": 41, ""people"": 0, ""track_id"": null, ""target_ex"": 0.0, ""target_cx_vel_px_s"": 0.0, ""target_age_s"": null, ""lidar_min_m"": 0.68, ""target_lidar_m"": null, ""target_lidar_deg"": null, ""camera_range_m"
2026-07-16T16:24:57.036,684.036,mission_20260716_161333_manual,MANUAL,,0,13.330334663391113,100.99789428710938,149.21026355134757,4,True,0.6869999766349792,1,0,0,247616,317729,0.0,0.0,0.0,0,0,nan,nan,nan,88,26.200000762939453,0.0,33.0,0,31,-,READY owner=Surnn refs=24,"{""cmd"": ""STOP"", ""status"": ""READY"", ""detector"": ""yolo"", ""state"": ""IDLE"", ""owner"": ""Surnn"", ""score"": null, ""match_max"": 0.5, ""refs"": 24, ""match_mode"": ""none"", ""steer_zones"": 41, ""people"": 0, ""track_id"": null, ""target_ex"": 0.0, ""target_cx_vel_px_s"": 0.0, ""target_age_s"": null, ""lidar_min_m"": 0.68, ""target_lidar_m"": null, ""target_lidar_deg"": null, ""camera_range_m"
2026-07-16T16:24:59.155,686.155,mission_20260716_161333_manual,MANUAL,,0,13.330334663391113,100.99789428710938,149.19903472035205,4,True,0.6857500076293945,1,0,0,247616,317729,0.0,0.0,0.0,0,0,nan,nan,nan,88,26.200000762939453,0.0,33.0,0,31,-,READY owner=Surnn refs=24,"{""cmd"": ""STOP"", ""status"": ""READY"", ""detector"": ""yolo"", ""state"": ""IDLE"", ""owner"": ""Surnn"", ""score"": null, ""match_max"": 0.5, ""refs"": 24, ""match_mode"": ""none"", ""steer_zones"": 41, ""people"": 0, ""track_id"": null, ""target_ex"": 0.0, ""target_cx_vel_px_s"": 0.0, ""target_age_s"": null, ""lidar_min_m"": 0.68, ""target_lidar_m"": null, ""target_lidar_deg"": null, ""camera_range_m"
2026-07-16T16:25:01.285,688.286,mission_20260716_161333_manual,MANUAL,,0,13.33033561706543,100.99789428710938,149.2046491358498,4,True,0.687749981880188,1,0,0,247616,317729,0.0,0.0,0.0,0,0,nan,nan,nan,88,26.200000762939453,0.0,33.0,0,31,-,READY owner=Surnn refs=24,"{""cmd"": ""STOP"", ""status"": ""READY"", ""detector"": ""yolo"", ""state"": ""IDLE"", ""owner"": ""Surnn"", ""score"": null, ""match_max"": 0.5, ""refs"": 24, ""match_mode"": ""none"", ""steer_zones"": 41, ""people"": 0, ""track_id"": null, ""target_ex"": 0.0, ""target_cx_vel_px_s"": 0.0, ""target_age_s"": null, ""lidar_min_m"": 0.68, ""target_lidar_m"": null, ""target_lidar_deg"": null, ""camera_range_m"
2026-07-16T16:25:03.406,690.407,mission_20260716_161333_manual,MANUAL,,0,13.33033561706543,100.99789428710938,149.2190198538635,4,True,0.6862499713897705,1,0,0,247616,317729,0.0,0.0,0.0,0,0,nan,nan,nan,88,26.200000762939453,0.0,33.0,0,31,-,READY owner=Surnn refs=24,"{""cmd"": ""STOP"", ""status"": ""READY"", ""detector"": ""yolo"", ""state"": ""IDLE"", ""owner"": ""Surnn"", ""score"": null, ""match_max"": 0.5, ""refs"": 24, ""match_mode"": ""none"", ""steer_zones"": 41, ""people"": 0, ""track_id"": null, ""target_ex"": 0.0, ""target_cx_vel_px_s"": 0.0, ""target_age_s"": null, ""lidar_min_m"": 0.68, ""target_lidar_m"": null, ""target_lidar_deg"": null, ""camera_range_m"
2026-07-16T16:25:05.524,692.524,mission_20260716_161333_manual,MANUAL,,0,13.330336570739746,100.99789428710938,149.2125038533953,4,True,0.6857500076293945,1,0,0,247616,317729,0.0,0.0,0.0,0,0,nan,nan,nan,88,26.299999237060547,0.0,33.0,0,30,-,READY owner=Surnn refs=24,"{""cmd"": ""STOP"", ""status"": ""READY"", ""detector"": ""yolo"", ""state"": ""IDLE"", ""owner"": ""Surnn"", ""score"": null, ""match_max"": 0.5, ""refs"": 24, ""match_mode"": ""none"", ""steer_zones"": 41, ""people"": 0, ""track_id"": null, ""target_ex"": 0.0, ""target_cx_vel_px_s"": 0.0, ""target_age_s"": null, ""lidar_min_m"": 0.68, ""target_lidar_m"": null, ""target_lidar_deg"": null, ""camera_range_m"
2026-07-16T16:25:07.652,694.653,mission_20260716_161333_manual,MANUAL,,0,13.330337524414062,100.99789428710938,149.19682173906097,4,True,0.6865000128746033,1,0,0,247616,317729,0.0,0.0,0.0,0,0,nan,nan,nan,88,26.200000762939453,0.0,33.0,0,30,-,READY owner=Surnn refs=24,"{""cmd"": ""STOP"", ""status"": ""READY"", ""detector"": ""yolo"", ""state"": ""IDLE"", ""owner"": ""Surnn"", ""score"": null, ""match_max"": 0.5, ""refs"": 24, ""match_mode"": ""none"", ""steer_zones"": 41, ""people"": 0, ""track_id"": null, ""target_ex"": 0.0, ""target_cx_vel_px_s"": 0.0, ""target_age_s"": null, ""lidar_min_m"": 0.68, ""target_lidar_m"": null, ""target_lidar_deg"": null, ""camera_range_m"
2026-07-16T16:25:09.775,696.775,mission_20260716_161333_manual,MANUAL,,0,13.330337524414062,100.99789428710938,149.1804566058096,4,True,0.684249997138977,1,0,0,247616,317729,0.0,0.0,0.0,0,0,nan,nan,nan,88,26.200000762939453,0.0,33.0,0,29,-,READY owner=Surnn refs=24,"{""cmd"": ""STOP"", ""status"": ""READY"", ""detector"": ""yolo"", ""state"": ""IDLE"", ""owner"": ""Surnn"", ""score"": null, ""match_max"": 0.5, ""refs"": 24, ""match_mode"": ""none"", ""steer_zones"": 41, ""people"": 0, ""track_id"": null, ""target_ex"": 0.0, ""target_cx_vel_px_s"": 0.0, ""target_age_s"": null, ""lidar_min_m"": 0.68, ""target_lidar_m"": null, ""target_lidar_deg"": null, ""camera_range_m"
2026-07-16T16:25:11.892,698.892,mission_20260716_161333_manual,MANUAL,,0,13.330337524414062,100.99789428710938,149.19127562545492,4,True,0.6862499713897705,1,0,0,247616,317729,0.0,0.0,0.0,0,0,nan,nan,nan,88,26.200000762939453,0.0,33.0,0,28,-,READY owner=Surnn refs=24,"{""cmd"": ""STOP"", ""status"": ""READY"", ""detector"": ""yolo"", ""state"": ""IDLE"", ""owner"": ""Surnn"", ""score"": null, ""match_max"": 0.5, ""refs"": 24, ""match_mode"": ""none"", ""steer_zones"": 41, ""people"": 0, ""track_id"": null, ""target_ex"": 0.0, ""target_cx_vel_px_s"": 0.0, ""target_age_s"": null, ""lidar_min_m"": 0.68, ""target_lidar_m"": null, ""target_lidar_deg"": null, ""camera_range_m"
2026-07-16T16:25:13.892,700.893,mission_20260716_161333_manual,MANUAL,,0,13.330337524414062,100.99789428710938,149.2129136647455,4,True,0.6875,1,0,0,247616,317729,0.0,0.0,0.0,0,0,nan,nan,nan,88,26.299999237060547,0.0,33.0,0,27,-,READY owner=Surnn refs=24,"{""cmd"": ""STOP"", ""status"": ""READY"", ""detector"": ""yolo"", ""state"": ""IDLE"", ""owner"": ""Surnn"", ""score"": null, ""match_max"": 0.5, ""refs"": 24, ""match_mode"": ""none"", ""steer_zones"": 41, ""people"": 0, ""track_id"": null, ""target_ex"": 0.0, ""target_cx_vel_px_s"": 0.0, ""target_age_s"": null, ""lidar_min_m"": 0.68, ""target_lidar_m"": null, ""target_lidar_deg"": null, ""camera_range_m"
2026-07-16T16:25:15.892,702.893,mission_20260716_161333_manual,MANUAL,,0,13.330337524414062,100.99789428710938,149.21121977783136,4,True,0.6859999895095825,1,0,0,247616,317729,0.0,0.0,0.0,0,0,nan,nan,nan,88,26.200000762939453,0.0,33.0,0,28,-,READY owner=Surnn refs=24,"{""cmd"": ""STOP"", ""status"": ""READY"", ""detector"": ""yolo"", ""state"": ""IDLE"", ""owner"": ""Surnn"", ""score"": null, ""match_max"": 0.5, ""refs"": 24, ""match_mode"": ""none"", ""steer_zones"": 41, ""people"": 0, ""track_id"": null, ""target_ex"": 0.0, ""target_cx_vel_px_s"": 0.0, ""target_age_s"": null, ""lidar_min_m"": 0.68, ""target_lidar_m"": null, ""target_lidar_deg"": null, ""camera_range_m"
2026-07-16T16:25:18.018,705.019,mission_20260716_161333_manual,MANUAL,,0,13.330338478088379,100.99789428710938,149.20657524919574,4,True,0.684499979019165,1,0,0,247616,317729,0.0,0.0,0.0,0,0,nan,nan,nan,88,26.200000762939453,0.0,33.0,0,29,-,READY owner=Surnn refs=24,"{""cmd"": ""STOP"", ""status"": ""READY"", ""detector"": ""yolo"", ""state"": ""IDLE"", ""owner"": ""Surnn"", ""score"": null, ""match_max"": 0.5, ""refs"": 24, ""match_mode"": ""none"", ""steer_zones"": 41, ""people"": 0, ""track_id"": null, ""target_ex"": 0.0, ""target_cx_vel_px_s"": 0.0, ""target_age_s"": null, ""lidar_min_m"": 0.68, ""target_lidar_m"": null, ""target_lidar_deg"": null, ""camera_range_m"
2026-07-16T16:25:20.130,707.131,mission_20260716_161333_manual,MANUAL,,0,13.330338478088379,100.99789428710938,149.2038978150411,4,True,0.6850000023841858,1,0,0,247616,317729,0.0,0.0,0.0,0,0,nan,nan,nan,88,26.200000762939453,0.0,33.0,0,29,-,READY owner=Surnn refs=24,"{""cmd"": ""STOP"", ""status"": ""READY"", ""detector"": ""yolo"", ""state"": ""IDLE"", ""owner"": ""Surnn"", ""score"": null, ""match_max"": 0.5, ""refs"": 24, ""match_mode"": ""none"", ""steer_zones"": 41, ""people"": 0, ""track_id"": null, ""target_ex"": 0.0, ""target_cx_vel_px_s"": 0.0, ""target_age_s"": null, ""lidar_min_m"": 0.68, ""target_lidar_m"": null, ""target_lidar_deg"": null, ""camera_range_m"
2026-07-16T16:25:22.255,709.255,mission_20260716_161333_manual,MANUAL,,0,13.330338478088379,100.99789428710938,149.20351532444758,4,True,0.6855000257492065,1,0,0,247616,317729,0.0,0.0,0.0,0,0,nan,nan,nan,88,26.299999237060547,0.0,33.0,0,28,-,READY owner=Surnn refs=24,"{""cmd"": ""STOP"", ""status"": ""READY"", ""detector"": ""yolo"", ""state"": ""IDLE"", ""owner"": ""Surnn"", ""score"": null, ""match_max"": 0.5, ""refs"": 24, ""match_mode"": ""none"", ""steer_zones"": 41, ""people"": 0, ""track_id"": null, ""target_ex"": 0.0, ""target_cx_vel_px_s"": 0.0, ""target_age_s"": null, ""lidar_min_m"": 0.68, ""target_lidar_m"": null, ""target_lidar_deg"": null, ""camera_range_m"
2026-07-16T16:25:24.389,711.389,mission_20260716_161333_manual,MANUAL,,0,13.330339431762695,100.99789428710938,149.20790030589473,4,True,0.6862499713897705,1,0,0,247616,317729,0.0,0.0,0.0,0,0,nan,nan,nan,88,26.299999237060547,0.0,33.0,0,28,-,READY owner=Surnn refs=24,"{""cmd"": ""STOP"", ""status"": ""READY"", ""detector"": ""yolo"", ""state"": ""IDLE"", ""owner"": ""Surnn"", ""score"": null, ""match_max"": 0.5, ""refs"": 24, ""match_mode"": ""none"", ""steer_zones"": 41, ""people"": 0, ""track_id"": null, ""target_ex"": 0.0, ""target_cx_vel_px_s"": 0.0, ""target_age_s"": null, ""lidar_min_m"": 0.68, ""target_lidar_m"": null, ""target_lidar_deg"": null, ""camera_range_m"
2026-07-16T16:25:26.499,713.499,mission_20260716_161333_manual,MANUAL,,0,13.330339431762695,100.99789428710938,149.2103455136176,4,True,0.6862499713897705,1,0,0,247616,317729,0.0,0.0,0.0,0,0,nan,nan,nan,88,26.200000762939453,0.0,33.0,0,28,-,READY owner=Surnn refs=24,"{""cmd"": ""STOP"", ""status"": ""READY"", ""detector"": ""yolo"", ""state"": ""IDLE"", ""owner"": ""Surnn"", ""score"": null, ""match_max"": 0.5, ""refs"": 24, ""match_mode"": ""none"", ""steer_zones"": 41, ""people"": 0, ""track_id"": null, ""target_ex"": 0.0, ""target_cx_vel_px_s"": 0.0, ""target_age_s"": null, ""lidar_min_m"": 0.68, ""target_lidar_m"": null, ""target_lidar_deg"": null, ""camera_range_m"
2026-07-16T16:25:28.631,715.632,mission_20260716_161333_manual,MANUAL,,0,13.330339431762695,100.99789428710938,149.2011384186164,4,True,0.687250018119812,1,0,0,247616,317729,0.0,0.0,0.0,0,0,nan,nan,nan,88,26.200000762939453,0.0,33.0,0,28,-,READY owner=Surnn refs=24,"{""cmd"": ""STOP"", ""status"": ""READY"", ""detector"": ""yolo"", ""state"": ""IDLE"", ""owner"": ""Surnn"", ""score"": null, ""match_max"": 0.5, ""refs"": 24, ""match_mode"": ""none"", ""steer_zones"": 41, ""people"": 0, ""track_id"": null, ""target_ex"": 0.0, ""target_cx_vel_px_s"": 0.0, ""target_age_s"": null, ""lidar_min_m"": 0.68, ""target_lidar_m"": null, ""target_lidar_deg"": null, ""camera_range_m"
2026-07-16T16:25:30.756,717.756,mission_20260716_161333_manual,MANUAL,,0,13.330339431762695,100.99789428710938,149.20705336243765,4,True,0.6857500076293945,1,0,0,247616,317729,0.0,0.0,0.0,0,0,nan,nan,nan,88,26.299999237060547,0.0,33.0,0,28,-,READY owner=Surnn refs=24,"{""cmd"": ""STOP"", ""status"": ""READY"", ""detector"": ""yolo"", ""state"": ""IDLE"", ""owner"": ""Surnn"", ""score"": null, ""match_max"": 0.5, ""refs"": 24, ""match_mode"": ""none"", ""steer_zones"": 41, ""people"": 0, ""track_id"": null, ""target_ex"": 0.0, ""target_cx_vel_px_s"": 0.0, ""target_age_s"": null, ""lidar_min_m"": 0.68, ""target_lidar_m"": null, ""target_lidar_deg"": null, ""camera_range_m"
2026-07-16T16:25:32.879,719.88,mission_20260716_161333_manual,MANUAL,,0,13.330339431762695,100.99789428710938,149.2121213628018,4,True,0.6867499947547913,1,0,0,247616,317729,0.0,0.0,0.0,0,0,nan,nan,nan,88,26.200000762939453,0.0,33.0,0,28,-,READY owner=Surnn refs=24,"{""cmd"": ""STOP"", ""status"": ""READY"", ""detector"": ""yolo"", ""state"": ""IDLE"", ""owner"": ""Surnn"", ""score"": null, ""match_max"": 0.5, ""refs"": 24, ""match_mode"": ""none"", ""steer_zones"": 41, ""people"": 0, ""track_id"": null, ""target_ex"": 0.0, ""target_cx_vel_px_s"": 0.0, ""target_age_s"": null, ""lidar_min_m"": 0.68, ""target_lidar_m"": null, ""target_lidar_deg"": null, ""camera_range_m"
2026-07-16T16:25:35.018,722.018,mission_20260716_161333_manual,MANUAL,,0,13.330340385437012,100.99788665771484,149.21339177798743,4,True,0.6865000128746033,1,0,0,247616,317729,0.0,0.0,0.0,0,0,nan,nan,nan,88,26.200000762939453,0.0,33.0,0,28,-,READY owner=Surnn refs=24,"{""cmd"": ""STOP"", ""status"": ""READY"", ""detector"": ""yolo"", ""state"": ""IDLE"", ""owner"": ""Surnn"", ""score"": null, ""match_max"": 0.5, ""refs"": 24, ""match_mode"": ""none"", ""steer_zones"": 41, ""people"": 0, ""track_id"": null, ""target_ex"": 0.0, ""target_cx_vel_px_s"": 0.0, ""target_age_s"": null, ""lidar_min_m"": 0.68, ""target_lidar_m"": null, ""target_lidar_deg"": null, ""camera_range_m"
2026-07-16T16:25:37.145,724.146,mission_20260716_161333_manual,MANUAL,,0,13.330341339111328,100.99788665771484,149.2182275519198,4,True,0.6867499947547913,1,0,0,247616,317729,0.0,0.0,0.0,0,0,nan,nan,nan,88,26.200000762939453,0.0,33.0,0,29,-,READY owner=Surnn refs=24,"{""cmd"": ""STOP"", ""status"": ""READY"", ""detector"": ""yolo"", ""state"": ""IDLE"", ""owner"": ""Surnn"", ""score"": null, ""match_max"": 0.5, ""refs"": 24, ""match_mode"": ""none"", ""steer_zones"": 41, ""people"": 0, ""track_id"": null, ""target_ex"": 0.0, ""target_cx_vel_px_s"": 0.0, ""target_age_s"": null, ""lidar_min_m"": 0.68, ""target_lidar_m"": null, ""target_lidar_deg"": null, ""camera_range_m"
2026-07-16T16:25:39.266,726.267,mission_20260716_161333_manual,MANUAL,,0,13.330339431762695,100.99788665771484,149.21305026852892,4,True,0.6865000128746033,1,0,0,247616,317729,0.0,0.0,0.0,0,0,nan,nan,nan,88,26.200000762939453,0.0,33.0,0,29,-,READY owner=Surnn refs=24,"{""cmd"": ""STOP"", ""status"": ""READY"", ""detector"": ""yolo"", ""state"": ""IDLE"", ""owner"": ""Surnn"", ""score"": null, ""match_max"": 0.5, ""refs"": 24, ""match_mode"": ""none"", ""steer_zones"": 41, ""people"": 0, ""track_id"": null, ""target_ex"": 0.0, ""target_cx_vel_px_s"": 0.0, ""target_age_s"": null, ""lidar_min_m"": 0.68, ""target_lidar_m"": null, ""target_lidar_deg"": null, ""camera_range_m"
2026-07-16T16:25:41.388,728.389,mission_20260716_161333_manual,MANUAL,,0,13.330339431762695,100.99788665771484,149.20944392864715,4,True,0.6855000257492065,1,0,0,247616,317729,0.0,0.0,0.0,0,0,nan,nan,nan,88,26.299999237060547,0.0,33.0,0,28,-,READY owner=Surnn refs=24,"{""cmd"": ""STOP"", ""status"": ""READY"", ""detector"": ""yolo"", ""state"": ""IDLE"", ""owner"": ""Surnn"", ""score"": null, ""match_max"": 0.5, ""refs"": 24, ""match_mode"": ""none"", ""steer_zones"": 41, ""people"": 0, ""track_id"": null, ""target_ex"": 0.0, ""target_cx_vel_px_s"": 0.0, ""target_age_s"": null, ""lidar_min_m"": 0.68, ""target_lidar_m"": null, ""target_lidar_deg"": null, ""camera_range_m"
2026-07-16T16:25:43.505,730.506,mission_20260716_161333_manual,MANUAL,,0,13.330338478088379,100.99788665771484,149.2191837784036,4,True,0.6859999895095825,1,0,0,247616,317729,0.0,0.0,0.0,0,0,nan,nan,nan,88,26.200000762939453,0.0,33.0,0,28,-,READY owner=Surnn refs=24,"{""cmd"": ""STOP"", ""status"": ""READY"", ""detector"": ""yolo"", ""state"": ""IDLE"", ""owner"": ""Surnn"", ""score"": null, ""match_max"": 0.5, ""refs"": 24, ""match_mode"": ""none"", ""steer_zones"": 41, ""people"": 0, ""track_id"": null, ""target_ex"": 0.0, ""target_cx_vel_px_s"": 0.0, ""target_age_s"": null, ""lidar_min_m"": 0.68, ""target_lidar_m"": null, ""target_lidar_deg"": null, ""camera_range_m"
2026-07-16T16:25:45.612,732.613,mission_20260716_161333_manual,MANUAL,,0,13.330339431762695,100.99788665771484,149.2253992505483,4,True,0.684499979019165,1,0,0,247616,317729,0.0,0.0,0.0,0,0,nan,nan,nan,88,26.299999237060547,0.0,33.0,0,28,-,READY owner=Surnn refs=24,"{""cmd"": ""STOP"", ""status"": ""READY"", ""detector"": ""yolo"", ""state"": ""IDLE"", ""owner"": ""Surnn"", ""score"": null, ""match_max"": 0.5, ""refs"": 24, ""match_mode"": ""none"", ""steer_zones"": 41, ""people"": 0, ""track_id"": null, ""target_ex"": 0.0, ""target_cx_vel_px_s"": 0.0, ""target_age_s"": null, ""lidar_min_m"": 0.68, ""target_lidar_m"": null, ""target_lidar_deg"": null, ""camera_range_m"
2026-07-16T16:25:47.735,734.735,mission_20260716_161333_manual,MANUAL,,0,13.330338478088379,100.99788665771484,149.22834989226976,4,True,0.6852499842643738,1,0,0,247616,317729,0.0,0.0,0.0,0,0,nan,nan,nan,88,26.200000762939453,0.0,33.0,0,28,-,READY owner=Surnn refs=24,"{""cmd"": ""STOP"", ""status"": ""READY"", ""detector"": ""yolo"", ""state"": ""IDLE"", ""owner"": ""Surnn"", ""score"": null, ""match_max"": 0.5, ""refs"": 24, ""match_mode"": ""none"", ""steer_zones"": 41, ""people"": 0, ""track_id"": null, ""target_ex"": 0.0, ""target_cx_vel_px_s"": 0.0, ""target_age_s"": null, ""lidar_min_m"": 0.68, ""target_lidar_m"": null, ""target_lidar_deg"": null, ""camera_range_m"
2026-07-16T16:25:49.847,736.848,mission_20260716_161333_manual,MANUAL,,0,13.330339431762695,100.99788665771484,149.22507140146814,4,True,0.6855000257492065,1,0,0,247616,317729,0.0,0.0,0.0,0,0,nan,nan,nan,88,26.200000762939453,0.0,33.0,0,28,-,READY owner=Surnn refs=24,"{""cmd"": ""STOP"", ""status"": ""READY"", ""detector"": ""yolo"", ""state"": ""IDLE"", ""owner"": ""Surnn"", ""score"": null, ""match_max"": 0.5, ""refs"": 24, ""match_mode"": ""none"", ""steer_zones"": 41, ""people"": 0, ""track_id"": null, ""target_ex"": 0.0, ""target_cx_vel_px_s"": 0.0, ""target_age_s"": null, ""lidar_min_m"": 0.68, ""target_lidar_m"": null, ""target_lidar_deg"": null, ""camera_range_m"
2026-07-16T16:25:51.966,738.967,mission_20260716_161333_manual,MANUAL,,0,13.330338478088379,100.99788665771484,149.21983947656392,4,True,0.6865000128746033,1,0,0,247616,317729,0.0,0.0,0.0,0,0,nan,nan,nan,88,26.299999237060547,0.0,33.0,0,29,-,READY owner=Surnn refs=24,"{""cmd"": ""STOP"", ""status"": ""READY"", ""detector"": ""yolo"", ""state"": ""IDLE"", ""owner"": ""Surnn"", ""score"": null, ""match_max"": 0.5, ""refs"": 24, ""match_mode"": ""none"", ""steer_zones"": 41, ""people"": 0, ""track_id"": null, ""target_ex"": 0.0, ""target_cx_vel_px_s"": 0.0, ""target_age_s"": null, ""lidar_min_m"": 0.68, ""target_lidar_m"": null, ""target_lidar_deg"": null, ""camera_range_m"
2026-07-16T16:25:53.971,740.971,mission_20260716_161333_manual,MANUAL,,0,13.330337524414062,100.99788665771484,149.21190279674835,4,True,0.6855000257492065,1,0,0,247616,317729,0.0,0.0,0.0,0,0,nan,nan,nan,88,26.200000762939453,0.0,33.0,0,29,-,READY owner=Surnn refs=24,"{""cmd"": ""STOP"", ""status"": ""READY"", ""detector"": ""yolo"", ""state"": ""IDLE"", ""owner"": ""Surnn"", ""score"": null, ""match_max"": 0.5, ""refs"": 24, ""match_mode"": ""none"", ""steer_zones"": 41, ""people"": 0, ""track_id"": null, ""target_ex"": 0.0, ""target_cx_vel_px_s"": 0.0, ""target_age_s"": null, ""lidar_min_m"": 0.68, ""target_lidar_m"": null, ""target_lidar_deg"": null, ""camera_range_m"
2026-07-16T16:25:55.979,742.98,mission_20260716_161333_manual,MANUAL,,0,13.330336570739746,100.99788665771484,149.20757245681457,4,True,0.6850000023841858,1,0,0,247616,317729,0.0,0.0,0.0,0,0,nan,nan,nan,88,26.299999237060547,0.0,33.0,0,29,-,READY owner=Surnn refs=24,"{""cmd"": ""STOP"", ""status"": ""READY"", ""detector"": ""yolo"", ""state"": ""IDLE"", ""owner"": ""Surnn"", ""score"": null, ""match_max"": 0.5, ""refs"": 24, ""match_mode"": ""none"", ""steer_zones"": 41, ""people"": 0, ""track_id"": null, ""target_ex"": 0.0, ""target_cx_vel_px_s"": 0.0, ""target_age_s"": null, ""lidar_min_m"": 0.68, ""target_lidar_m"": null, ""target_lidar_deg"": null, ""camera_range_m"
2026-07-16T16:25:58.092,745.093,mission_20260716_161333_manual,MANUAL,,0,13.330334663391113,100.99788665771484,149.19525079555186,4,True,0.6865000128746033,1,0,0,247616,317729,0.0,0.0,0.0,0,0,nan,nan,nan,88,26.299999237060547,0.0,33.0,0,29,-,READY owner=Surnn refs=24,"{""cmd"": ""STOP"", ""status"": ""READY"", ""detector"": ""yolo"", ""state"": ""IDLE"", ""owner"": ""Surnn"", ""score"": null, ""match_max"": 0.5, ""refs"": 24, ""match_mode"": ""none"", ""steer_zones"": 41, ""people"": 0, ""track_id"": null, ""target_ex"": 0.0, ""target_cx_vel_px_s"": 0.0, ""target_age_s"": null, ""lidar_min_m"": 0.68, ""target_lidar_m"": null, ""target_lidar_deg"": null, ""camera_range_m"
2026-07-16T16:26:00.222,747.222,mission_20260716_161333_manual,MANUAL,,0,13.33033275604248,100.99788665771484,149.19679441830428,4,True,0.6852499842643738,1,0,0,247616,317729,0.0,0.0,0.0,0,0,nan,nan,nan,88,26.299999237060547,0.0,33.0,0,30,-,READY owner=Surnn refs=24,"{""cmd"": ""STOP"", ""status"": ""READY"", ""detector"": ""yolo"", ""state"": ""IDLE"", ""owner"": ""Surnn"", ""score"": null, ""match_max"": 0.5, ""refs"": 24, ""match_mode"": ""none"", ""steer_zones"": 41, ""people"": 0, ""track_id"": null, ""target_ex"": 0.0, ""target_cx_vel_px_s"": 0.0, ""target_age_s"": null, ""lidar_min_m"": 0.68, ""target_lidar_m"": null, ""target_lidar_deg"": null, ""camera_range_m"
2026-07-16T16:26:02.346,749.346,mission_20260716_161333_manual,MANUAL,,0,13.330331802368164,100.99788665771484,149.20066030537453,4,True,0.687250018119812,1,0,0,247616,317729,0.0,0.0,0.0,0,0,nan,nan,nan,88,26.299999237060547,0.0,33.0,0,29,-,READY owner=Surnn refs=24,"{""cmd"": ""STOP"", ""status"": ""READY"", ""detector"": ""yolo"", ""state"": ""IDLE"", ""owner"": ""Surnn"", ""score"": null, ""match_max"": 0.5, ""refs"": 24, ""match_mode"": ""none"", ""steer_zones"": 41, ""people"": 0, ""track_id"": null, ""target_ex"": 0.0, ""target_cx_vel_px_s"": 0.0, ""target_age_s"": null, ""lidar_min_m"": 0.68, ""target_lidar_m"": null, ""target_lidar_deg"": null, ""camera_range_m"
2026-07-16T16:26:04.468,751.469,mission_20260716_161333_manual,MANUAL,,0,13.330331802368164,100.99788665771484,149.21102853253458,4,True,0.6869999766349792,1,0,0,247616,317729,0.0,0.0,0.0,0,0,nan,nan,nan,88,26.299999237060547,0.0,33.0,0,30,-,READY owner=Surnn refs=24,"{""cmd"": ""STOP"", ""status"": ""READY"", ""detector"": ""yolo"", ""state"": ""IDLE"", ""owner"": ""Surnn"", ""score"": null, ""match_max"": 0.5, ""refs"": 24, ""match_mode"": ""none"", ""steer_zones"": 41, ""people"": 0, ""track_id"": null, ""target_ex"": 0.0, ""target_cx_vel_px_s"": 0.0, ""target_age_s"": null, ""lidar_min_m"": 0.68, ""target_lidar_m"": null, ""target_lidar_deg"": null, ""camera_range_m"
2026-07-16T16:26:06.469,753.469,mission_20260716_161333_manual,MANUAL,,0,13.330331802368164,100.99788665771484,149.2074768341662,4,True,0.6862499713897705,1,0,0,247616,317729,0.0,0.0,0.0,0,0,nan,nan,nan,88,26.200000762939453,0.0,33.0,0,30,-,READY owner=Surnn refs=24,"{""cmd"": ""STOP"", ""status"": ""READY"", ""detector"": ""yolo"", ""state"": ""IDLE"", ""owner"": ""Surnn"", ""score"": null, ""match_max"": 0.5, ""refs"": 24, ""match_mode"": ""none"", ""steer_zones"": 41, ""people"": 0, ""track_id"": null, ""target_ex"": 0.0, ""target_cx_vel_px_s"": 0.0, ""target_age_s"": null, ""lidar_min_m"": 0.68, ""target_lidar_m"": null, ""target_lidar_deg"": null, ""camera_range_m"
2026-07-16T16:26:08.474,755.474,mission_20260716_161333_manual,MANUAL,,0,13.330331802368164,100.99788665771484,149.19817411651664,4,True,0.6859999895095825,1,0,0,247616,317729,0.0,0.0,0.0,0,0,nan,nan,nan,88,26.299999237060547,0.0,33.0,0,30,-,READY owner=Surnn refs=24,"{""cmd"": ""STOP"", ""status"": ""READY"", ""detector"": ""yolo"", ""state"": ""IDLE"", ""owner"": ""Surnn"", ""score"": null, ""match_max"": 0.5, ""refs"": 24, ""match_mode"": ""none"", ""steer_zones"": 41, ""people"": 0, ""track_id"": null, ""target_ex"": 0.0, ""target_cx_vel_px_s"": 0.0, ""target_age_s"": null, ""lidar_min_m"": 0.68, ""target_lidar_m"": null, ""target_lidar_deg"": null, ""camera_range_m"
2026-07-16T16:26:10.481,757.481,mission_20260716_161333_manual,MANUAL,,0,13.330330848693848,100.99788665771484,149.1999363053225,4,True,0.6857500076293945,1,0,0,247616,317729,0.0,0.0,0.0,0,0,nan,nan,nan,88,26.200000762939453,0.0,33.0,0,30,-,READY owner=Surnn refs=24,"{""cmd"": ""STOP"", ""status"": ""READY"", ""detector"": ""yolo"", ""state"": ""IDLE"", ""owner"": ""Surnn"", ""score"": null, ""match_max"": 0.5, ""refs"": 24, ""match_mode"": ""none"", ""steer_zones"": 41, ""people"": 0, ""track_id"": null, ""target_ex"": 0.0, ""target_cx_vel_px_s"": 0.0, ""target_age_s"": null, ""lidar_min_m"": 0.68, ""target_lidar_m"": null, ""target_lidar_deg"": null, ""camera_range_m"
2026-07-16T16:26:12.604,759.605,mission_20260716_161333_manual,MANUAL,,0,13.330330848693848,100.99788665771484,149.19932158829718,4,True,0.6859999895095825,1,0,0,247616,317729,0.0,0.0,0.0,0,0,nan,nan,nan,88,26.299999237060547,0.0,33.0,0,30,-,READY owner=Surnn refs=24,"{""cmd"": ""STOP"", ""status"": ""READY"", ""detector"": ""yolo"", ""state"": ""IDLE"", ""owner"": ""Surnn"", ""score"": null, ""match_max"": 0.5, ""refs"": 24, ""match_mode"": ""none"", ""steer_zones"": 41, ""people"": 0, ""track_id"": null, ""target_ex"": 0.0, ""target_cx_vel_px_s"": 0.0, ""target_age_s"": null, ""lidar_min_m"": 0.68, ""target_lidar_m"": null, ""target_lidar_deg"": null, ""camera_range_m"
2026-07-16T16:26:14.729,761.73,mission_20260716_161333_manual,MANUAL,,0,13.330330848693848,100.99788665771484,149.21605555176373,4,True,0.687749981880188,1,0,0,247616,317729,0.0,0.0,0.0,0,0,nan,nan,nan,88,26.299999237060547,0.0,33.0,0,30,-,READY owner=Surnn refs=24,"{""cmd"": ""STOP"", ""status"": ""READY"", ""detector"": ""yolo"", ""state"": ""IDLE"", ""owner"": ""Surnn"", ""score"": null, ""match_max"": 0.5, ""refs"": 24, ""match_mode"": ""none"", ""steer_zones"": 41, ""people"": 0, ""track_id"": null, ""target_ex"": 0.0, ""target_cx_vel_px_s"": 0.0, ""target_age_s"": null, ""lidar_min_m"": 0.68, ""target_lidar_m"": null, ""target_lidar_deg"": null, ""camera_range_m"
2026-07-16T16:26:16.736,763.737,mission_20260716_161333_manual,MANUAL,,0,13.33033275604248,100.99788665771484,149.2272024204892,4,True,0.6855000257492065,1,0,0,247616,317729,0.0,0.0,0.0,0,0,nan,nan,nan,88,26.299999237060547,0.0,33.0,0,30,-,READY owner=Surnn refs=24,"{""cmd"": ""STOP"", ""status"": ""READY"", ""detector"": ""yolo"", ""state"": ""IDLE"", ""owner"": ""Surnn"", ""score"": null, ""match_max"": 0.5, ""refs"": 24, ""match_mode"": ""none"", ""steer_zones"": 41, ""people"": 0, ""track_id"": null, ""target_ex"": 0.0, ""target_cx_vel_px_s"": 0.0, ""target_age_s"": null, ""lidar_min_m"": 0.68, ""target_lidar_m"": null, ""target_lidar_deg"": null, ""camera_range_m"
2026-07-16T16:26:18.867,765.868,mission_20260716_161333_manual,MANUAL,,0,13.33033275604248,100.99789428710938,149.216588306519,4,True,0.6847500205039978,1,0,0,247616,317729,0.0,0.0,0.0,0,0,nan,nan,nan,88,26.200000762939453,0.0,33.0,0,30,-,READY owner=Surnn refs=24,"{""cmd"": ""STOP"", ""status"": ""READY"", ""detector"": ""yolo"", ""state"": ""IDLE"", ""owner"": ""Surnn"", ""score"": null, ""match_max"": 0.5, ""refs"": 24, ""match_mode"": ""none"", ""steer_zones"": 41, ""people"": 0, ""track_id"": null, ""target_ex"": 0.0, ""target_cx_vel_px_s"": 0.0, ""target_age_s"": null, ""lidar_min_m"": 0.68, ""target_lidar_m"": null, ""target_lidar_deg"": null, ""camera_range_m"
2026-07-16T16:26:20.869,767.87,mission_20260716_161333_manual,MANUAL,,0,13.330333709716797,100.99789428710938,149.20986740037569,4,True,0.6857500076293945,1,0,0,247616,317729,0.0,0.0,0.0,0,0,nan,nan,nan,88,26.299999237060547,0.0,33.0,0,29,-,READY owner=Surnn refs=24,"{""cmd"": ""STOP"", ""status"": ""READY"", ""detector"": ""yolo"", ""state"": ""IDLE"", ""owner"": ""Surnn"", ""score"": null, ""match_max"": 0.5, ""refs"": 24, ""match_mode"": ""none"", ""steer_zones"": 41, ""people"": 0, ""track_id"": null, ""target_ex"": 0.0, ""target_cx_vel_px_s"": 0.0, ""target_age_s"": null, ""lidar_min_m"": 0.68, ""target_lidar_m"": null, ""target_lidar_deg"": null, ""camera_range_m"
2026-07-16T16:26:22.974,769.974,mission_20260716_161333_manual,MANUAL,,0,13.33033275604248,100.99789428710938,149.21876030667505,4,True,0.6855000257492065,1,0,0,247616,317729,0.0,0.0,0.0,0,0,nan,nan,nan,88,26.299999237060547,0.0,33.0,0,31,-,READY owner=Surnn refs=24,"{""cmd"": ""STOP"", ""status"": ""READY"", ""detector"": ""yolo"", ""state"": ""IDLE"", ""owner"": ""Surnn"", ""score"": null, ""match_max"": 0.5, ""refs"": 24, ""match_mode"": ""none"", ""steer_zones"": 41, ""people"": 0, ""track_id"": null, ""target_ex"": 0.0, ""target_cx_vel_px_s"": 0.0, ""target_age_s"": null, ""lidar_min_m"": 0.68, ""target_lidar_m"": null, ""target_lidar_deg"": null, ""camera_range_m"
2026-07-16T16:26:24.975,771.976,mission_20260716_161333_manual,MANUAL,,0,13.330333709716797,100.99789428710938,149.2205907973726,4,True,0.6852499842643738,1,0,0,247616,317729,0.0,0.0,0.0,0,0,nan,nan,nan,88,26.299999237060547,0.0,33.0,0,31,-,READY owner=Surnn refs=24,"{""cmd"": ""STOP"", ""status"": ""READY"", ""detector"": ""yolo"", ""state"": ""IDLE"", ""owner"": ""Surnn"", ""score"": null, ""match_max"": 0.5, ""refs"": 24, ""match_mode"": ""none"", ""steer_zones"": 41, ""people"": 0, ""track_id"": null, ""target_ex"": 0.0, ""target_cx_vel_px_s"": 0.0, ""target_age_s"": null, ""lidar_min_m"": 0.68, ""target_lidar_m"": null, ""target_lidar_deg"": null, ""camera_range_m"
2026-07-16T16:26:27.107,774.107,mission_20260716_161333_manual,MANUAL,,0,13.330334663391113,100.99789428710938,149.21096023064288,4,True,0.6867499947547913,1,0,0,247616,317729,0.0,0.0,0.0,0,0,nan,nan,nan,88,26.299999237060547,0.0,33.0,0,30,-,READY owner=Surnn refs=24,"{""cmd"": ""STOP"", ""status"": ""READY"", ""detector"": ""yolo"", ""state"": ""IDLE"", ""owner"": ""Surnn"", ""score"": null, ""match_max"": 0.5, ""refs"": 24, ""match_mode"": ""none"", ""steer_zones"": 41, ""people"": 0, ""track_id"": null, ""target_ex"": 0.0, ""target_cx_vel_px_s"": 0.0, ""target_age_s"": null, ""lidar_min_m"": 0.68, ""target_lidar_m"": null, ""target_lidar_deg"": null, ""camera_range_m"
2026-07-16T16:26:29.108,776.109,mission_20260716_161333_manual,MANUAL,,0,13.33033561706543,100.99789428710938,149.21852808024326,4,True,0.687749981880188,1,0,0,247616,317729,0.0,0.0,0.0,0,0,nan,nan,nan,88,26.299999237060547,0.0,33.0,0,30,-,READY owner=Surnn refs=24,"{""cmd"": ""STOP"", ""status"": ""READY"", ""detector"": ""yolo"", ""state"": ""IDLE"", ""owner"": ""Surnn"", ""score"": null, ""match_max"": 0.5, ""refs"": 24, ""match_mode"": ""none"", ""steer_zones"": 41, ""people"": 0, ""track_id"": null, ""target_ex"": 0.0, ""target_cx_vel_px_s"": 0.0, ""target_age_s"": null, ""lidar_min_m"": 0.68, ""target_lidar_m"": null, ""target_lidar_deg"": null, ""camera_range_m"
2026-07-16T16:26:31.109,778.11,mission_20260716_161333_manual,MANUAL,,0,13.330336570739746,100.99789428710938,149.22766687335275,4,True,0.6862499713897705,1,0,0,247616,317729,0.0,0.0,0.0,0,0,nan,nan,nan,88,26.299999237060547,0.0,33.0,0,30,-,READY owner=Surnn refs=24,"{""cmd"": ""STOP"", ""status"": ""READY"", ""detector"": ""yolo"", ""state"": ""IDLE"", ""owner"": ""Surnn"", ""score"": null, ""match_max"": 0.5, ""refs"": 24, ""match_mode"": ""none"", ""steer_zones"": 41, ""people"": 0, ""track_id"": null, ""target_ex"": 0.0, ""target_cx_vel_px_s"": 0.0, ""target_age_s"": null, ""lidar_min_m"": 0.68, ""target_lidar_m"": null, ""target_lidar_deg"": null, ""camera_range_m"
2026-07-16T16:26:33.112,780.112,mission_20260716_161333_manual,MANUAL,,0,13.330336570739746,100.99789428710938,149.21840513683821,4,True,0.6859999895095825,1,0,0,247616,317729,0.0,0.0,0.0,0,0,nan,nan,nan,88,26.299999237060547,0.0,33.0,0,30,-,READY owner=Surnn refs=24,"{""cmd"": ""STOP"", ""status"": ""READY"", ""detector"": ""yolo"", ""state"": ""IDLE"", ""owner"": ""Surnn"", ""score"": null, ""match_max"": 0.5, ""refs"": 24, ""match_mode"": ""none"", ""steer_zones"": 41, ""people"": 0, ""track_id"": null, ""target_ex"": 0.0, ""target_cx_vel_px_s"": 0.0, ""target_age_s"": null, ""lidar_min_m"": 0.68, ""target_lidar_m"": null, ""target_lidar_deg"": null, ""camera_range_m"
2026-07-16T16:26:35.238,782.239,mission_20260716_161333_manual,MANUAL,,0,13.33033561706543,100.99789428710938,149.2176538160295,4,True,0.6855000257492065,1,0,0,247616,317729,0.0,0.0,0.0,0,0,nan,nan,nan,88,26.299999237060547,0.0,33.0,0,30,-,READY owner=Surnn refs=24,"{""cmd"": ""STOP"", ""status"": ""READY"", ""detector"": ""yolo"", ""state"": ""IDLE"", ""owner"": ""Surnn"", ""score"": null, ""match_max"": 0.5, ""refs"": 24, ""match_mode"": ""none"", ""steer_zones"": 41, ""people"": 0, ""track_id"": null, ""target_ex"": 0.0, ""target_cx_vel_px_s"": 0.0, ""target_age_s"": null, ""lidar_min_m"": 0.68, ""target_lidar_m"": null, ""target_lidar_deg"": null, ""camera_range_m"
2026-07-16T16:26:37.247,784.248,mission_20260716_161333_manual,MANUAL,,0,13.330334663391113,100.99789428710938,149.21244921188196,4,True,0.6859999895095825,1,0,0,247616,317729,0.0,0.0,0.0,0,0,nan,nan,nan,88,26.299999237060547,0.0,33.0,0,30,-,READY owner=Surnn refs=24,"{""cmd"": ""STOP"", ""status"": ""READY"", ""detector"": ""yolo"", ""state"": ""IDLE"", ""owner"": ""Surnn"", ""score"": null, ""match_max"": 0.5, ""refs"": 24, ""match_mode"": ""none"", ""steer_zones"": 41, ""people"": 0, ""track_id"": null, ""target_ex"": 0.0, ""target_cx_vel_px_s"": 0.0, ""target_age_s"": null, ""lidar_min_m"": 0.68, ""target_lidar_m"": null, ""target_lidar_deg"": null, ""camera_range_m"
2026-07-16T16:26:39.366,786.366,mission_20260716_161333_manual,MANUAL,,0,13.330334663391113,100.99789428710938,149.20743585303117,4,True,0.6852499842643738,1,0,0,247616,317729,0.0,0.0,0.0,0,0,nan,nan,nan,88,26.299999237060547,0.0,33.0,0,30,-,READY owner=Surnn refs=24,"{""cmd"": ""STOP"", ""status"": ""READY"", ""detector"": ""yolo"", ""state"": ""IDLE"", ""owner"": ""Surnn"", ""score"": null, ""match_max"": 0.5, ""refs"": 24, ""match_mode"": ""none"", ""steer_zones"": 41, ""people"": 0, ""track_id"": null, ""target_ex"": 0.0, ""target_cx_vel_px_s"": 0.0, ""target_age_s"": null, ""lidar_min_m"": 0.68, ""target_lidar_m"": null, ""target_lidar_deg"": null, ""camera_range_m"
2026-07-16T16:26:41.492,788.492,mission_20260716_161333_manual,MANUAL,,0,13.330334663391113,100.99789428710938,149.21848709910824,4,True,0.6857500076293945,1,0,0,247616,317729,0.0,0.0,0.0,0,0,nan,nan,nan,88,26.299999237060547,0.0,33.0,0,31,-,READY owner=Surnn refs=24,"{""cmd"": ""STOP"", ""status"": ""READY"", ""detector"": ""yolo"", ""state"": ""IDLE"", ""owner"": ""Surnn"", ""score"": null, ""match_max"": 0.5, ""refs"": 24, ""match_mode"": ""none"", ""steer_zones"": 41, ""people"": 0, ""track_id"": null, ""target_ex"": 0.0, ""target_cx_vel_px_s"": 0.0, ""target_age_s"": null, ""lidar_min_m"": 0.68, ""target_lidar_m"": null, ""target_lidar_deg"": null, ""camera_range_m"
2026-07-16T16:26:43.501,790.501,mission_20260716_161333_manual,MANUAL,,0,13.33033561706543,100.99789428710938,149.22755759032603,4,True,0.6857500076293945,1,0,0,247616,317729,0.0,0.0,0.0,0,0,nan,nan,nan,88,26.299999237060547,0.0,33.0,0,31,-,READY owner=Surnn refs=24,"{""cmd"": ""STOP"", ""status"": ""READY"", ""detector"": ""yolo"", ""state"": ""IDLE"", ""owner"": ""Surnn"", ""score"": null, ""match_max"": 0.5, ""refs"": 24, ""match_mode"": ""none"", ""steer_zones"": 41, ""people"": 0, ""track_id"": null, ""target_ex"": 0.0, ""target_cx_vel_px_s"": 0.0, ""target_age_s"": null, ""lidar_min_m"": 0.68, ""target_lidar_m"": null, ""target_lidar_deg"": null, ""camera_range_m"
2026-07-16T16:26:45.503,792.503,mission_20260716_161333_manual,MANUAL,,0,13.330334663391113,100.99789428710938,149.22388294855256,4,True,0.6865000128746033,1,0,0,247616,317729,0.0,0.0,0.0,0,0,nan,nan,nan,88,26.299999237060547,0.0,33.0,0,31,-,READY owner=Surnn refs=24,"{""cmd"": ""STOP"", ""status"": ""READY"", ""detector"": ""yolo"", ""state"": ""IDLE"", ""owner"": ""Surnn"", ""score"": null, ""match_max"": 0.5, ""refs"": 24, ""match_mode"": ""none"", ""steer_zones"": 41, ""people"": 0, ""track_id"": null, ""target_ex"": 0.0, ""target_cx_vel_px_s"": 0.0, ""target_age_s"": null, ""lidar_min_m"": 0.68, ""target_lidar_m"": null, ""target_lidar_deg"": null, ""camera_range_m"
2026-07-16T16:26:47.632,794.632,mission_20260716_161333_manual,MANUAL,,0,13.330333709716797,100.99789428710938,149.22371902401247,4,True,0.6847500205039978,1,0,0,247616,317729,0.0,0.0,0.0,0,0,nan,nan,nan,88,26.299999237060547,0.0,33.0,0,31,-,READY owner=Surnn refs=24,"{""cmd"": ""STOP"", ""status"": ""READY"", ""detector"": ""yolo"", ""state"": ""IDLE"", ""owner"": ""Surnn"", ""score"": null, ""match_max"": 0.5, ""refs"": 24, ""match_mode"": ""none"", ""steer_zones"": 41, ""people"": 0, ""track_id"": null, ""target_ex"": 0.0, ""target_cx_vel_px_s"": 0.0, ""target_age_s"": null, ""lidar_min_m"": 0.68, ""target_lidar_m"": null, ""target_lidar_deg"": null, ""camera_range_m"
2026-07-16T16:26:49.759,796.759,mission_20260716_161333_manual,MANUAL,,0,13.330331802368164,100.99789428710938,149.23166936420637,4,True,0.6857500076293945,1,0,0,247616,317729,0.0,0.0,0.0,0,0,nan,nan,nan,88,26.299999237060547,0.0,33.0,0,30,-,READY owner=Surnn refs=24,"{""cmd"": ""STOP"", ""status"": ""READY"", ""detector"": ""yolo"", ""state"": ""IDLE"", ""owner"": ""Surnn"", ""score"": null, ""match_max"": 0.5, ""refs"": 24, ""match_mode"": ""none"", ""steer_zones"": 41, ""people"": 0, ""track_id"": null, ""target_ex"": 0.0, ""target_cx_vel_px_s"": 0.0, ""target_age_s"": null, ""lidar_min_m"": 0.68, ""target_lidar_m"": null, ""target_lidar_deg"": null, ""camera_range_m"
2026-07-16T16:26:51.876,798.877,mission_20260716_161333_manual,MANUAL,,0,13.33033275604248,100.99789428710938,149.2364504966254,4,True,0.6857500076293945,1,0,0,247616,317729,0.0,0.0,0.0,0,0,nan,nan,nan,88,26.299999237060547,0.0,33.0,0,30,-,READY owner=Surnn refs=24,"{""cmd"": ""STOP"", ""status"": ""READY"", ""detector"": ""yolo"", ""state"": ""IDLE"", ""owner"": ""Surnn"", ""score"": null, ""match_max"": 0.5, ""refs"": 24, ""match_mode"": ""none"", ""steer_zones"": 41, ""people"": 0, ""track_id"": null, ""target_ex"": 0.0, ""target_cx_vel_px_s"": 0.0, ""target_age_s"": null, ""lidar_min_m"": 0.68, ""target_lidar_m"": null, ""target_lidar_deg"": null, ""camera_range_m"
2026-07-16T16:26:53.884,800.884,mission_20260716_161333_manual,MANUAL,,0,13.33033275604248,100.99789428710938,149.23284415674362,4,True,0.6867499947547913,1,0,0,247616,317729,0.0,0.0,0.0,0,0,nan,nan,nan,88,26.299999237060547,0.0,33.0,0,30,-,READY owner=Surnn refs=24,"{""cmd"": ""STOP"", ""status"": ""READY"", ""detector"": ""yolo"", ""state"": ""IDLE"", ""owner"": ""Surnn"", ""score"": null, ""match_max"": 0.5, ""refs"": 24, ""match_mode"": ""none"", ""steer_zones"": 41, ""people"": 0, ""track_id"": null, ""target_ex"": 0.0, ""target_cx_vel_px_s"": 0.0, ""target_age_s"": null, ""lidar_min_m"": 0.68, ""target_lidar_m"": null, ""target_lidar_deg"": null, ""camera_range_m"
2026-07-16T16:26:56.006,803.007,mission_20260716_161333_manual,MANUAL,,0,13.33033275604248,100.99789428710938,149.2297978923738,4,True,0.6857500076293945,1,0,0,247616,317729,0.0,0.0,0.0,0,0,nan,nan,nan,88,26.299999237060547,0.0,33.0,0,30,-,READY owner=Surnn refs=24,"{""cmd"": ""STOP"", ""status"": ""READY"", ""detector"": ""yolo"", ""state"": ""IDLE"", ""owner"": ""Surnn"", ""score"": null, ""match_max"": 0.5, ""refs"": 24, ""match_mode"": ""none"", ""steer_zones"": 41, ""people"": 0, ""track_id"": null, ""target_ex"": 0.0, ""target_cx_vel_px_s"": 0.0, ""target_age_s"": null, ""lidar_min_m"": 0.68, ""target_lidar_m"": null, ""target_lidar_deg"": null, ""camera_range_m"
2026-07-16T16:26:58.130,805.131,mission_20260716_161333_manual,MANUAL,,0,13.330331802368164,100.99789428710938,149.2191154765119,4,True,0.6867499947547913,1,0,0,247616,317729,0.0,0.0,0.0,0,0,nan,nan,nan,88,26.299999237060547,0.0,33.0,0,30,-,READY owner=Surnn refs=24,"{""cmd"": ""STOP"", ""status"": ""READY"", ""detector"": ""yolo"", ""state"": ""IDLE"", ""owner"": ""Surnn"", ""score"": null, ""match_max"": 0.5, ""refs"": 24, ""match_mode"": ""none"", ""steer_zones"": 41, ""people"": 0, ""track_id"": null, ""target_ex"": 0.0, ""target_cx_vel_px_s"": 0.0, ""target_age_s"": null, ""lidar_min_m"": 0.68, ""target_lidar_m"": null, ""target_lidar_deg"": null, ""camera_range_m"
2026-07-16T16:27:00.252,807.253,mission_20260716_161333_manual,MANUAL,,0,13.330330848693848,100.99789428710938,149.20981275886234,4,True,0.6850000023841858,1,0,0,247616,317729,0.0,0.0,0.0,0,0,nan,nan,nan,88,26.299999237060547,0.0,33.0,0,30,-,READY owner=Surnn refs=24,"{""cmd"": ""STOP"", ""status"": ""READY"", ""detector"": ""yolo"", ""state"": ""IDLE"", ""owner"": ""Surnn"", ""score"": null, ""match_max"": 0.5, ""refs"": 24, ""match_mode"": ""none"", ""steer_zones"": 41, ""people"": 0, ""track_id"": null, ""target_ex"": 0.0, ""target_cx_vel_px_s"": 0.0, ""target_age_s"": null, ""lidar_min_m"": 0.68, ""target_lidar_m"": null, ""target_lidar_deg"": null, ""camera_range_m"
2026-07-16T16:27:02.371,809.372,mission_20260716_161333_manual,MANUAL,,0,13.330329895019531,100.99789428710938,149.2169298159775,4,True,0.6857500076293945,1,0,0,247616,317729,0.0,0.0,0.0,0,0,nan,nan,nan,88,26.299999237060547,0.0,33.0,0,30,-,READY owner=Surnn refs=24,"{""cmd"": ""STOP"", ""status"": ""READY"", ""detector"": ""yolo"", ""state"": ""IDLE"", ""owner"": ""Surnn"", ""score"": null, ""match_max"": 0.5, ""refs"": 24, ""match_mode"": ""none"", ""steer_zones"": 41, ""people"": 0, ""track_id"": null, ""target_ex"": 0.0, ""target_cx_vel_px_s"": 0.0, ""target_age_s"": null, ""lidar_min_m"": 0.68, ""target_lidar_m"": null, ""target_lidar_deg"": null, ""camera_range_m"
2026-07-16T16:27:04.386,811.387,mission_20260716_161333_manual,MANUAL,,0,13.330329895019531,100.99789428710938,149.21616483479045,4,True,0.6869999766349792,1,0,0,247616,317729,0.0,0.0,0.0,0,0,nan,nan,nan,88,26.299999237060547,0.0,33.0,0,30,-,READY owner=Surnn refs=24,"{""cmd"": ""STOP"", ""status"": ""READY"", ""detector"": ""yolo"", ""state"": ""IDLE"", ""owner"": ""Surnn"", ""score"": null, ""match_max"": 0.5, ""refs"": 24, ""match_mode"": ""none"", ""steer_zones"": 41, ""people"": 0, ""track_id"": null, ""target_ex"": 0.0, ""target_cx_vel_px_s"": 0.0, ""target_age_s"": null, ""lidar_min_m"": 0.68, ""target_lidar_m"": null, ""target_lidar_deg"": null, ""camera_range_m"
2026-07-16T16:27:06.496,813.496,mission_20260716_161333_manual,MANUAL,,0,13.330329895019531,100.99789428710938,149.20486770190325,4,True,0.6857500076293945,1,0,0,247616,317729,0.0,0.0,0.0,0,0,nan,nan,nan,88,26.299999237060547,0.0,33.0,0,29,-,READY owner=Surnn refs=24,"{""cmd"": ""STOP"", ""status"": ""READY"", ""detector"": ""yolo"", ""state"": ""IDLE"", ""owner"": ""Surnn"", ""score"": null, ""match_max"": 0.5, ""refs"": 24, ""match_mode"": ""none"", ""steer_zones"": 41, ""people"": 0, ""track_id"": null, ""target_ex"": 0.0, ""target_cx_vel_px_s"": 0.0, ""target_age_s"": null, ""lidar_min_m"": 0.68, ""target_lidar_m"": null, ""target_lidar_deg"": null, ""camera_range_m"
2026-07-16T16:27:08.619,815.619,mission_20260716_161333_manual,MANUAL,,0,13.330329895019531,100.99789428710938,149.1936252105294,4,True,0.6857500076293945,1,0,0,247616,317729,0.0,0.0,0.0,0,0,nan,nan,nan,88,26.299999237060547,0.0,33.0,0,29,-,READY owner=Surnn refs=24,"{""cmd"": ""STOP"", ""status"": ""READY"", ""detector"": ""yolo"", ""state"": ""IDLE"", ""owner"": ""Surnn"", ""score"": null, ""match_max"": 0.5, ""refs"": 24, ""match_mode"": ""none"", ""steer_zones"": 41, ""people"": 0, ""track_id"": null, ""target_ex"": 0.0, ""target_cx_vel_px_s"": 0.0, ""target_age_s"": null, ""lidar_min_m"": 0.68, ""target_lidar_m"": null, ""target_lidar_deg"": null, ""camera_range_m"
2026-07-16T16:27:10.747,817.748,mission_20260716_161333_manual,MANUAL,,0,13.330328941345215,100.99789428710938,149.18762830443814,4,True,0.6857500076293945,1,0,0,247616,317729,0.0,0.0,0.0,0,0,nan,nan,nan,88,26.299999237060547,0.0,33.0,0,29,-,READY owner=Surnn refs=24,"{""cmd"": ""STOP"", ""status"": ""READY"", ""detector"": ""yolo"", ""state"": ""IDLE"", ""owner"": ""Surnn"", ""score"": null, ""match_max"": 0.5, ""refs"": 24, ""match_mode"": ""none"", ""steer_zones"": 41, ""people"": 0, ""track_id"": null, ""target_ex"": 0.0, ""target_cx_vel_px_s"": 0.0, ""target_age_s"": null, ""lidar_min_m"": 0.68, ""target_lidar_m"": null, ""target_lidar_deg"": null, ""camera_range_m"
2026-07-16T16:27:12.748,819.749,mission_20260716_161333_manual,MANUAL,,0,13.330327987670898,100.99789428710938,149.19299683312576,4,True,0.6880000233650208,1,0,0,247616,317729,0.0,0.0,0.0,0,0,nan,nan,nan,88,26.299999237060547,0.0,33.0,0,29,-,READY owner=Surnn refs=24,"{""cmd"": ""STOP"", ""status"": ""READY"", ""detector"": ""yolo"", ""state"": ""IDLE"", ""owner"": ""Surnn"", ""score"": null, ""match_max"": 0.5, ""refs"": 24, ""match_mode"": ""none"", ""steer_zones"": 41, ""people"": 0, ""track_id"": null, ""target_ex"": 0.0, ""target_cx_vel_px_s"": 0.0, ""target_age_s"": null, ""lidar_min_m"": 0.68, ""target_lidar_m"": null, ""target_lidar_deg"": null, ""camera_range_m"
2026-07-16T16:27:14.869,821.869,mission_20260716_161333_manual,MANUAL,,0,13.330328941345215,100.99789428710938,149.1895953989191,4,True,0.6857500076293945,1,0,0,247616,317729,0.0,0.0,0.0,0,0,nan,nan,nan,88,26.299999237060547,0.0,33.0,0,29,-,READY owner=Surnn refs=24,"{""cmd"": ""STOP"", ""status"": ""READY"", ""detector"": ""yolo"", ""state"": ""IDLE"", ""owner"": ""Surnn"", ""score"": null, ""match_max"": 0.5, ""refs"": 24, ""match_mode"": ""none"", ""steer_zones"": 41, ""people"": 0, ""track_id"": null, ""target_ex"": 0.0, ""target_cx_vel_px_s"": 0.0, ""target_age_s"": null, ""lidar_min_m"": 0.68, ""target_lidar_m"": null, ""target_lidar_deg"": null, ""camera_range_m"
2026-07-16T16:27:16.871,823.872,mission_20260716_161333_manual,MANUAL,,0,13.330328941345215,100.99789428710938,149.19686272019598,4,True,0.6855000257492065,1,0,0,247616,317729,0.0,0.0,0.0,0,0,nan,nan,nan,88,26.299999237060547,0.0,33.0,0,29,-,READY owner=Surnn refs=24,"{""cmd"": ""STOP"", ""status"": ""READY"", ""detector"": ""yolo"", ""state"": ""IDLE"", ""owner"": ""Surnn"", ""score"": null, ""match_max"": 0.5, ""refs"": 24, ""match_mode"": ""none"", ""steer_zones"": 41, ""people"": 0, ""track_id"": null, ""target_ex"": 0.0, ""target_cx_vel_px_s"": 0.0, ""target_age_s"": null, ""lidar_min_m"": 0.68, ""target_lidar_m"": null, ""target_lidar_deg"": null, ""camera_range_m"
2026-07-16T16:27:18.997,825.997,mission_20260716_161333_manual,MANUAL,,0,13.330328941345215,100.99789428710938,149.19510053139012,4,True,0.6875,1,0,0,247616,317729,0.0,0.0,0.0,0,0,nan,nan,nan,88,26.299999237060547,0.0,33.0,0,29,-,READY owner=Surnn refs=24,"{""cmd"": ""STOP"", ""status"": ""READY"", ""detector"": ""yolo"", ""state"": ""IDLE"", ""owner"": ""Surnn"", ""score"": null, ""match_max"": 0.5, ""refs"": 24, ""match_mode"": ""none"", ""steer_zones"": 41, ""people"": 0, ""track_id"": null, ""target_ex"": 0.0, ""target_cx_vel_px_s"": 0.0, ""target_age_s"": null, ""lidar_min_m"": 0.68, ""target_lidar_m"": null, ""target_lidar_deg"": null, ""camera_range_m"
2026-07-16T16:27:21.121,828.121,mission_20260716_161333_manual,MANUAL,,0,13.330329895019531,100.99789428710938,149.1922591726954,4,True,0.6862499713897705,1,0,0,247616,317729,0.0,0.0,0.0,0,0,nan,nan,nan,88,26.299999237060547,0.0,33.0,0,29,-,READY owner=Surnn refs=24,"{""cmd"": ""STOP"", ""status"": ""READY"", ""detector"": ""yolo"", ""state"": ""IDLE"", ""owner"": ""Surnn"", ""score"": null, ""match_max"": 0.5, ""refs"": 24, ""match_mode"": ""none"", ""steer_zones"": 41, ""people"": 0, ""track_id"": null, ""target_ex"": 0.0, ""target_cx_vel_px_s"": 0.0, ""target_age_s"": null, ""lidar_min_m"": 0.68, ""target_lidar_m"": null, ""target_lidar_deg"": null, ""camera_range_m"
2026-07-16T16:27:23.125,830.126,mission_20260716_161333_manual,MANUAL,,0,13.330329895019531,100.99789428710938,149.19154883302173,4,True,0.687749981880188,1,0,0,247616,317729,0.0,0.0,0.0,0,0,nan,nan,nan,88,26.299999237060547,0.0,33.0,0,29,-,READY owner=Surnn refs=24,"{""cmd"": ""STOP"", ""status"": ""READY"", ""detector"": ""yolo"", ""state"": ""IDLE"", ""owner"": ""Surnn"", ""score"": null, ""match_max"": 0.5, ""refs"": 24, ""match_mode"": ""none"", ""steer_zones"": 41, ""people"": 0, ""track_id"": null, ""target_ex"": 0.0, ""target_cx_vel_px_s"": 0.0, ""target_age_s"": null, ""lidar_min_m"": 0.68, ""target_lidar_m"": null, ""target_lidar_deg"": null, ""camera_range_m"
2026-07-16T16:27:25.128,832.129,mission_20260716_161333_manual,MANUAL,,0,13.330330848693848,100.99789428710938,149.19234113496543,4,True,0.6875,1,0,0,247616,317729,0.0,0.0,0.0,0,0,nan,nan,nan,88,26.299999237060547,0.0,33.0,0,29,-,READY owner=Surnn refs=24,"{""cmd"": ""STOP"", ""status"": ""READY"", ""detector"": ""yolo"", ""state"": ""IDLE"", ""owner"": ""Surnn"", ""score"": null, ""match_max"": 0.5, ""refs"": 24, ""match_mode"": ""none"", ""steer_zones"": 41, ""people"": 0, ""track_id"": null, ""target_ex"": 0.0, ""target_cx_vel_px_s"": 0.0, ""target_age_s"": null, ""lidar_min_m"": 0.68, ""target_lidar_m"": null, ""target_lidar_deg"": null, ""camera_range_m"
2026-07-16T16:27:27.253,834.253,mission_20260716_161333_manual,MANUAL,,0,13.330330848693848,100.99789428710938,149.19873419202858,4,True,0.6855000257492065,1,0,0,247616,317729,0.0,0.0,0.0,0,0,nan,nan,nan,88,26.299999237060547,0.0,33.0,0,29,-,READY owner=Surnn refs=24,"{""cmd"": ""STOP"", ""status"": ""READY"", ""detector"": ""yolo"", ""state"": ""IDLE"", ""owner"": ""Surnn"", ""score"": null, ""match_max"": 0.5, ""refs"": 24, ""match_mode"": ""none"", ""steer_zones"": 41, ""people"": 0, ""track_id"": null, ""target_ex"": 0.0, ""target_cx_vel_px_s"": 0.0, ""target_age_s"": null, ""lidar_min_m"": 0.68, ""target_lidar_m"": null, ""target_lidar_deg"": null, ""camera_range_m"
2026-07-16T16:27:29.368,836.369,mission_20260716_161333_manual,MANUAL,,0,13.330330848693848,100.99789428710938,149.19923962602715,4,True,0.6869999766349792,1,0,0,247616,317729,0.0,0.0,0.0,0,0,nan,nan,nan,88,26.299999237060547,0.0,33.0,0,28,-,READY owner=Surnn refs=24,"{""cmd"": ""STOP"", ""status"": ""READY"", ""detector"": ""yolo"", ""state"": ""IDLE"", ""owner"": ""Surnn"", ""score"": null, ""match_max"": 0.5, ""refs"": 24, ""match_mode"": ""none"", ""steer_zones"": 41, ""people"": 0, ""track_id"": null, ""target_ex"": 0.0, ""target_cx_vel_px_s"": 0.0, ""target_age_s"": null, ""lidar_min_m"": 0.68, ""target_lidar_m"": null, ""target_lidar_deg"": null, ""camera_range_m"
2026-07-16T16:27:31.493,838.494,mission_20260716_161333_manual,MANUAL,,0,13.330330848693848,100.99789428710938,149.19546936160532,4,True,0.6850000023841858,1,0,0,247616,317729,0.0,0.0,0.0,0,0,nan,nan,nan,88,26.299999237060547,0.0,33.0,0,29,-,READY owner=Surnn refs=24,"{""cmd"": ""STOP"", ""status"": ""READY"", ""detector"": ""yolo"", ""state"": ""IDLE"", ""owner"": ""Surnn"", ""score"": null, ""match_max"": 0.5, ""refs"": 24, ""match_mode"": ""none"", ""steer_zones"": 41, ""people"": 0, ""track_id"": null, ""target_ex"": 0.0, ""target_cx_vel_px_s"": 0.0, ""target_age_s"": null, ""lidar_min_m"": 0.68, ""target_lidar_m"": null, ""target_lidar_deg"": null, ""camera_range_m"
2026-07-16T16:27:33.618,840.619,mission_20260716_161333_manual,MANUAL,,0,13.330330848693848,100.99789428710938,149.19810581462494,4,True,0.6847500205039978,1,0,0,247616,317729,0.0,0.0,0.0,0,0,nan,nan,nan,88,26.299999237060547,0.0,33.0,0,29,-,READY owner=Surnn refs=24,"{""cmd"": ""STOP"", ""status"": ""READY"", ""detector"": ""yolo"", ""state"": ""IDLE"", ""owner"": ""Surnn"", ""score"": null, ""match_max"": 0.5, ""refs"": 24, ""match_mode"": ""none"", ""steer_zones"": 41, ""people"": 0, ""track_id"": null, ""target_ex"": 0.0, ""target_cx_vel_px_s"": 0.0, ""target_age_s"": null, ""lidar_min_m"": 0.68, ""target_lidar_m"": null, ""target_lidar_deg"": null, ""camera_range_m"
2026-07-16T16:27:35.623,842.624,mission_20260716_161333_manual,MANUAL,,0,13.330330848693848,100.99789428710938,149.19896641846034,4,True,0.6847500205039978,1,0,0,247616,317729,0.0,0.0,0.0,0,0,nan,nan,nan,88,26.299999237060547,0.0,33.0,0,29,-,READY owner=Surnn refs=24,"{""cmd"": ""STOP"", ""status"": ""READY"", ""detector"": ""yolo"", ""state"": ""IDLE"", ""owner"": ""Surnn"", ""score"": null, ""match_max"": 0.5, ""refs"": 24, ""match_mode"": ""none"", ""steer_zones"": 41, ""people"": 0, ""track_id"": null, ""target_ex"": 0.0, ""target_cx_vel_px_s"": 0.0, ""target_age_s"": null, ""lidar_min_m"": 0.68, ""target_lidar_m"": null, ""target_lidar_deg"": null, ""camera_range_m"
2026-07-16T16:27:37.633,844.633,mission_20260716_161333_manual,MANUAL,,0,13.330329895019531,100.99789428710938,149.19802385235488,4,True,0.6865000128746033,1,0,0,247616,317729,0.0,0.0,0.0,0,0,nan,nan,nan,88,26.299999237060547,0.0,33.0,0,29,-,READY owner=Surnn refs=24,"{""cmd"": ""STOP"", ""status"": ""READY"", ""detector"": ""yolo"", ""state"": ""IDLE"", ""owner"": ""Surnn"", ""score"": null, ""match_max"": 0.5, ""refs"": 24, ""match_mode"": ""none"", ""steer_zones"": 41, ""people"": 0, ""track_id"": null, ""target_ex"": 0.0, ""target_cx_vel_px_s"": 0.0, ""target_age_s"": null, ""lidar_min_m"": 0.68, ""target_lidar_m"": null, ""target_lidar_deg"": null, ""camera_range_m"
2026-07-16T16:27:39.736,846.737,mission_20260716_161333_manual,MANUAL,,0,13.330328941345215,100.99789428710938,149.19288755009904,4,True,0.6859999895095825,1,0,0,247616,317729,0.0,0.0,0.0,0,0,nan,nan,nan,88,26.299999237060547,0.0,33.0,0,29,-,READY owner=Surnn refs=24,"{""cmd"": ""STOP"", ""status"": ""READY"", ""detector"": ""yolo"", ""state"": ""IDLE"", ""owner"": ""Surnn"", ""score"": null, ""match_max"": 0.5, ""refs"": 24, ""match_mode"": ""none"", ""steer_zones"": 41, ""people"": 0, ""track_id"": null, ""target_ex"": 0.0, ""target_cx_vel_px_s"": 0.0, ""target_age_s"": null, ""lidar_min_m"": 0.68, ""target_lidar_m"": null, ""target_lidar_deg"": null, ""camera_range_m"
2026-07-16T16:27:41.741,848.742,mission_20260716_161333_manual,MANUAL,,0,13.330328941345215,100.99789428710938,149.19149419150835,4,True,0.6857500076293945,1,0,0,247616,317729,0.0,0.0,0.0,0,0,nan,nan,nan,88,26.299999237060547,0.0,33.0,0,29,-,READY owner=Surnn refs=24,"{""cmd"": ""STOP"", ""status"": ""READY"", ""detector"": ""yolo"", ""state"": ""IDLE"", ""owner"": ""Surnn"", ""score"": null, ""match_max"": 0.5, ""refs"": 24, ""match_mode"": ""none"", ""steer_zones"": 41, ""people"": 0, ""track_id"": null, ""target_ex"": 0.0, ""target_cx_vel_px_s"": 0.0, ""target_age_s"": null, ""lidar_min_m"": 0.68, ""target_lidar_m"": null, ""target_lidar_deg"": null, ""camera_range_m"
2026-07-16T16:27:43.745,850.746,mission_20260716_161333_manual,MANUAL,,0,13.330328941345215,100.99789428710938,149.20149358845325,4,True,0.687250018119812,1,0,0,247616,317729,0.0,0.0,0.0,0,0,nan,nan,nan,88,26.299999237060547,0.0,33.0,0,29,-,READY owner=Surnn refs=24,"{""cmd"": ""STOP"", ""status"": ""READY"", ""detector"": ""yolo"", ""state"": ""IDLE"", ""owner"": ""Surnn"", ""score"": null, ""match_max"": 0.5, ""refs"": 24, ""match_mode"": ""none"", ""steer_zones"": 41, ""people"": 0, ""track_id"": null, ""target_ex"": 0.0, ""target_cx_vel_px_s"": 0.0, ""target_age_s"": null, ""lidar_min_m"": 0.68, ""target_lidar_m"": null, ""target_lidar_deg"": null, ""camera_range_m"
2026-07-16T16:27:45.874,852.874,mission_20260716_161333_manual,MANUAL,,0,13.330328941345215,100.99789428710938,149.215946268737,4,True,0.6875,1,0,0,247616,317729,0.0,0.0,0.0,0,0,nan,nan,nan,88,26.299999237060547,0.0,33.0,0,29,-,READY owner=Surnn refs=24,"{""cmd"": ""STOP"", ""status"": ""READY"", ""detector"": ""yolo"", ""state"": ""IDLE"", ""owner"": ""Surnn"", ""score"": null, ""match_max"": 0.5, ""refs"": 24, ""match_mode"": ""none"", ""steer_zones"": 41, ""people"": 0, ""track_id"": null, ""target_ex"": 0.0, ""target_cx_vel_px_s"": 0.0, ""target_age_s"": null, ""lidar_min_m"": 0.68, ""target_lidar_m"": null, ""target_lidar_deg"": null, ""camera_range_m"
2026-07-16T16:27:47.879,854.879,mission_20260716_161333_manual,MANUAL,,0,13.330328941345215,100.99789428710938,149.21645170273558,4,True,0.6865000128746033,1,0,0,247616,317729,0.0,0.0,0.0,0,0,nan,nan,nan,88,26.299999237060547,0.0,33.0,0,29,-,READY owner=Surnn refs=24,"{""cmd"": ""STOP"", ""status"": ""READY"", ""detector"": ""yolo"", ""state"": ""IDLE"", ""owner"": ""Surnn"", ""score"": null, ""match_max"": 0.5, ""refs"": 24, ""match_mode"": ""none"", ""steer_zones"": 41, ""people"": 0, ""track_id"": null, ""target_ex"": 0.0, ""target_cx_vel_px_s"": 0.0, ""target_age_s"": null, ""lidar_min_m"": 0.68, ""target_lidar_m"": null, ""target_lidar_deg"": null, ""camera_range_m"
2026-07-16T16:27:50.002,857.003,mission_20260716_161333_manual,MANUAL,,0,13.330327987670898,100.99789428710938,149.212531174152,4,True,0.6855000257492065,1,0,0,247616,317729,0.0,0.0,0.0,0,0,nan,nan,nan,88,26.299999237060547,0.0,33.0,0,29,-,READY owner=Surnn refs=24,"{""cmd"": ""STOP"", ""status"": ""READY"", ""detector"": ""yolo"", ""state"": ""IDLE"", ""owner"": ""Surnn"", ""score"": null, ""match_max"": 0.5, ""refs"": 24, ""match_mode"": ""none"", ""steer_zones"": 41, ""people"": 0, ""track_id"": null, ""target_ex"": 0.0, ""target_cx_vel_px_s"": 0.0, ""target_age_s"": null, ""lidar_min_m"": 0.68, ""target_lidar_m"": null, ""target_lidar_deg"": null, ""camera_range_m"
2026-07-16T16:27:52.007,859.007,mission_20260716_161333_manual,MANUAL,,0,13.330327987670898,100.99789428710938,149.20395245655448,4,True,0.6869999766349792,1,0,0,247616,317729,0.0,0.0,0.0,0,0,nan,nan,nan,88,26.299999237060547,0.0,33.0,0,29,-,READY owner=Surnn refs=24,"{""cmd"": ""STOP"", ""status"": ""READY"", ""detector"": ""yolo"", ""state"": ""IDLE"", ""owner"": ""Surnn"", ""score"": null, ""match_max"": 0.5, ""refs"": 24, ""match_mode"": ""none"", ""steer_zones"": 41, ""people"": 0, ""track_id"": null, ""target_ex"": 0.0, ""target_cx_vel_px_s"": 0.0, ""target_age_s"": null, ""lidar_min_m"": 0.68, ""target_lidar_m"": null, ""target_lidar_deg"": null, ""camera_range_m"
2026-07-16T16:27:54.132,861.133,mission_20260716_161333_manual,MANUAL,,0,13.330327987670898,100.99789428710938,149.19682173906097,4,True,0.6855000257492065,1,0,0,247616,317729,0.0,0.0,0.0,0,0,nan,nan,nan,88,26.299999237060547,0.0,33.0,0,28,-,READY owner=Surnn refs=24,"{""cmd"": ""STOP"", ""status"": ""READY"", ""detector"": ""yolo"", ""state"": ""IDLE"", ""owner"": ""Surnn"", ""score"": null, ""match_max"": 0.5, ""refs"": 24, ""match_mode"": ""none"", ""steer_zones"": 41, ""people"": 0, ""track_id"": null, ""target_ex"": 0.0, ""target_cx_vel_px_s"": 0.0, ""target_age_s"": null, ""lidar_min_m"": 0.68, ""target_lidar_m"": null, ""target_lidar_deg"": null, ""camera_range_m"
2026-07-16T16:27:56.262,863.263,mission_20260716_161333_manual,MANUAL,,0,13.330327987670898,100.99789428710938,149.19510053139012,4,True,0.6867499947547913,1,0,0,247616,317729,0.0,0.0,0.0,0,0,nan,nan,nan,88,26.299999237060547,0.0,33.0,0,29,-,READY owner=Surnn refs=24,"{""cmd"": ""STOP"", ""status"": ""READY"", ""detector"": ""yolo"", ""state"": ""IDLE"", ""owner"": ""Surnn"", ""score"": null, ""match_max"": 0.5, ""refs"": 24, ""match_mode"": ""none"", ""steer_zones"": 41, ""people"": 0, ""track_id"": null, ""target_ex"": 0.0, ""target_cx_vel_px_s"": 0.0, ""target_age_s"": null, ""lidar_min_m"": 0.68, ""target_lidar_m"": null, ""target_lidar_deg"": null, ""camera_range_m"
2026-07-16T16:27:58.385,865.385,mission_20260716_161333_manual,MANUAL,,0,13.330327033996582,100.99789428710938,149.19736815419458,4,True,0.6862499713897705,1,0,0,247616,317729,0.0,0.0,0.0,0,0,nan,nan,nan,88,26.299999237060547,0.0,33.0,0,27,-,READY owner=Surnn refs=24,"{""cmd"": ""STOP"", ""status"": ""READY"", ""detector"": ""yolo"", ""state"": ""IDLE"", ""owner"": ""Surnn"", ""score"": null, ""match_max"": 0.5, ""refs"": 24, ""match_mode"": ""none"", ""steer_zones"": 41, ""people"": 0, ""track_id"": null, ""target_ex"": 0.0, ""target_cx_vel_px_s"": 0.0, ""target_age_s"": null, ""lidar_min_m"": 0.68, ""target_lidar_m"": null, ""target_lidar_deg"": null, ""camera_range_m"
2026-07-16T16:28:00.466,867.466,mission_20260716_161333_manual,MANUAL,,0,13.330327033996582,100.99789428710938,149.20115207899477,4,True,0.6852499842643738,1,0,0,247616,317729,0.0,0.0,0.0,0,0,nan,nan,nan,88,26.299999237060547,0.0,33.0,0,27,-,READY owner=Surnn refs=24,"{""cmd"": ""STOP"", ""status"": ""READY"", ""detector"": ""yolo"", ""state"": ""IDLE"", ""owner"": ""Surnn"", ""score"": null, ""match_max"": 0.5, ""refs"": 24, ""match_mode"": ""none"", ""steer_zones"": 41, ""people"": 0, ""track_id"": null, ""target_ex"": 0.0, ""target_cx_vel_px_s"": 0.0, ""target_age_s"": null, ""lidar_min_m"": 0.68, ""target_lidar_m"": null, ""target_lidar_deg"": null, ""camera_range_m"
2026-07-16T16:28:02.474,869.475,mission_20260716_161333_manual,MANUAL,,0,13.330326080322266,100.99789428710938,149.19010083291766,4,True,0.6850000023841858,1,0,0,247616,317729,0.0,0.0,0.0,0,0,nan,nan,nan,88,26.299999237060547,0.0,33.0,0,27,-,READY owner=Surnn refs=24,"{""cmd"": ""STOP"", ""status"": ""READY"", ""detector"": ""yolo"", ""state"": ""IDLE"", ""owner"": ""Surnn"", ""score"": null, ""match_max"": 0.5, ""refs"": 24, ""match_mode"": ""none"", ""steer_zones"": 41, ""people"": 0, ""track_id"": null, ""target_ex"": 0.0, ""target_cx_vel_px_s"": 0.0, ""target_age_s"": null, ""lidar_min_m"": 0.68, ""target_lidar_m"": null, ""target_lidar_deg"": null, ""camera_range_m"
2026-07-16T16:28:04.581,871.582,mission_20260716_161333_manual,MANUAL,,0,13.33032512664795,100.99789428710938,149.18414490796144,4,True,0.687250018119812,1,0,0,247616,317729,0.0,0.0,0.0,0,0,nan,nan,nan,88,26.299999237060547,0.0,33.0,0,29,-,READY owner=Surnn refs=24,"{""cmd"": ""STOP"", ""status"": ""READY"", ""detector"": ""yolo"", ""state"": ""IDLE"", ""owner"": ""Surnn"", ""score"": null, ""match_max"": 0.5, ""refs"": 24, ""match_mode"": ""none"", ""steer_zones"": 41, ""people"": 0, ""track_id"": null, ""target_ex"": 0.0, ""target_cx_vel_px_s"": 0.0, ""target_age_s"": null, ""lidar_min_m"": 0.68, ""target_lidar_m"": null, ""target_lidar_deg"": null, ""camera_range_m"
2026-07-16T16:28:06.590,873.59,mission_20260716_161333_manual,MANUAL,,0,13.33032512664795,100.99789428710938,149.1882976629768,4,True,0.6880000233650208,1,0,0,247616,317729,0.0,0.0,0.0,0,0,nan,nan,nan,88,26.299999237060547,0.0,33.0,0,29,-,READY owner=Surnn refs=24,"{""cmd"": ""STOP"", ""status"": ""READY"", ""detector"": ""yolo"", ""state"": ""IDLE"", ""owner"": ""Surnn"", ""score"": null, ""match_max"": 0.5, ""refs"": 24, ""match_mode"": ""none"", ""steer_zones"": 41, ""people"": 0, ""track_id"": null, ""target_ex"": 0.0, ""target_cx_vel_px_s"": 0.0, ""target_age_s"": null, ""lidar_min_m"": 0.68, ""target_lidar_m"": null, ""target_lidar_deg"": null, ""camera_range_m"
2026-07-16T16:28:08.590,875.591,mission_20260716_161333_manual,MANUAL,,0,13.330324172973633,100.99789428710938,149.192122568912,4,True,0.6857500076293945,1,0,0,247616,317729,0.0,0.0,0.0,0,0,nan,nan,nan,88,26.299999237060547,0.0,33.0,0,28,-,READY owner=Surnn refs=24,"{""cmd"": ""STOP"", ""status"": ""READY"", ""detector"": ""yolo"", ""state"": ""IDLE"", ""owner"": ""Surnn"", ""score"": null, ""match_max"": 0.5, ""refs"": 24, ""match_mode"": ""none"", ""steer_zones"": 41, ""people"": 0, ""track_id"": null, ""target_ex"": 0.0, ""target_cx_vel_px_s"": 0.0, ""target_age_s"": null, ""lidar_min_m"": 0.68, ""target_lidar_m"": null, ""target_lidar_deg"": null, ""camera_range_m"
2026-07-16T16:28:10.599,877.599,mission_20260716_161333_manual,MANUAL,,0,13.330324172973633,100.99789428710938,149.1935569086377,4,True,0.6852499842643738,1,0,0,247616,317729,0.0,0.0,0.0,0,0,nan,nan,nan,88,26.299999237060547,0.0,33.0,0,27,-,READY owner=Surnn refs=24,"{""cmd"": ""STOP"", ""status"": ""READY"", ""detector"": ""yolo"", ""state"": ""IDLE"", ""owner"": ""Surnn"", ""score"": null, ""match_max"": 0.5, ""refs"": 24, ""match_mode"": ""none"", ""steer_zones"": 41, ""people"": 0, ""track_id"": null, ""target_ex"": 0.0, ""target_cx_vel_px_s"": 0.0, ""target_age_s"": null, ""lidar_min_m"": 0.68, ""target_lidar_m"": null, ""target_lidar_deg"": null, ""camera_range_m"
2026-07-16T16:28:12.601,879.602,mission_20260716_161333_manual,MANUAL,,0,13.330324172973633,100.99788665771484,149.20168483375002,4,True,0.6850000023841858,1,0,0,247616,317729,0.0,0.0,0.0,0,0,nan,nan,nan,88,26.299999237060547,0.0,33.0,0,27,-,READY owner=Surnn refs=24,"{""cmd"": ""STOP"", ""status"": ""READY"", ""detector"": ""yolo"", ""state"": ""IDLE"", ""owner"": ""Surnn"", ""score"": null, ""match_max"": 0.5, ""refs"": 24, ""match_mode"": ""none"", ""steer_zones"": 41, ""people"": 0, ""track_id"": null, ""target_ex"": 0.0, ""target_cx_vel_px_s"": 0.0, ""target_age_s"": null, ""lidar_min_m"": 0.68, ""target_lidar_m"": null, ""target_lidar_deg"": null, ""camera_range_m"
2026-07-16T16:28:14.602,881.603,mission_20260716_161333_manual,MANUAL,,0,13.330323219299316,100.99788665771484,149.21944332559204,4,True,0.6869999766349792,1,0,0,247616,317729,0.0,0.0,0.0,0,0,nan,nan,nan,88,26.299999237060547,0.0,33.0,0,27,-,READY owner=Surnn refs=24,"{""cmd"": ""STOP"", ""status"": ""READY"", ""detector"": ""yolo"", ""state"": ""IDLE"", ""owner"": ""Surnn"", ""score"": null, ""match_max"": 0.5, ""refs"": 24, ""match_mode"": ""none"", ""steer_zones"": 41, ""people"": 0, ""track_id"": null, ""target_ex"": 0.0, ""target_cx_vel_px_s"": 0.0, ""target_age_s"": null, ""lidar_min_m"": 0.68, ""target_lidar_m"": null, ""target_lidar_deg"": null, ""camera_range_m"
2026-07-16T16:28:16.725,883.726,mission_20260716_161333_manual,MANUAL,,0,13.330322265625,100.99788665771484,149.21855540099995,4,True,0.6862499713897705,1,0,0,247616,317729,0.0,0.0,0.0,0,0,nan,nan,nan,88,26.299999237060547,0.0,33.0,0,28,-,READY owner=Surnn refs=24,"{""cmd"": ""STOP"", ""status"": ""READY"", ""detector"": ""yolo"", ""state"": ""IDLE"", ""owner"": ""Surnn"", ""score"": null, ""match_max"": 0.5, ""refs"": 24, ""match_mode"": ""none"", ""steer_zones"": 41, ""people"": 0, ""track_id"": null, ""target_ex"": 0.0, ""target_cx_vel_px_s"": 0.0, ""target_age_s"": null, ""lidar_min_m"": 0.68, ""target_lidar_m"": null, ""target_lidar_deg"": null, ""camera_range_m"
2026-07-16T16:28:18.726,885.726,mission_20260716_161333_manual,MANUAL,,0,13.330321311950684,100.99788665771484,149.21377426858095,4,True,0.6875,1,0,0,247616,317729,0.0,0.0,0.0,0,0,nan,nan,nan,88,26.299999237060547,0.0,33.0,0,28,-,READY owner=Surnn refs=24,"{""cmd"": ""STOP"", ""status"": ""READY"", ""detector"": ""yolo"", ""state"": ""IDLE"", ""owner"": ""Surnn"", ""score"": null, ""match_max"": 0.5, ""refs"": 24, ""match_mode"": ""none"", ""steer_zones"": 41, ""people"": 0, ""track_id"": null, ""target_ex"": 0.0, ""target_cx_vel_px_s"": 0.0, ""target_age_s"": null, ""lidar_min_m"": 0.68, ""target_lidar_m"": null, ""target_lidar_deg"": null, ""camera_range_m"
2026-07-16T16:28:20.841,887.841,mission_20260716_161333_manual,MANUAL,,0,13.330320358276367,100.99788665771484,149.2077227209763,4,True,0.6852499842643738,1,0,0,247616,317729,0.0,0.0,0.0,0,0,nan,nan,nan,88,26.299999237060547,0.0,33.0,0,28,-,READY owner=Surnn refs=24,"{""cmd"": ""STOP"", ""status"": ""READY"", ""detector"": ""yolo"", ""state"": ""IDLE"", ""owner"": ""Surnn"", ""score"": null, ""match_max"": 0.5, ""refs"": 24, ""match_mode"": ""none"", ""steer_zones"": 41, ""people"": 0, ""track_id"": null, ""target_ex"": 0.0, ""target_cx_vel_px_s"": 0.0, ""target_age_s"": null, ""lidar_min_m"": 0.68, ""target_lidar_m"": null, ""target_lidar_deg"": null, ""camera_range_m"
2026-07-16T16:28:22.957,889.957,mission_20260716_161333_manual,MANUAL,,0,13.330317497253418,100.99788665771484,149.18708188930452,4,True,0.6865000128746033,1,0,0,247616,317729,0.0,0.0,0.0,0,0,nan,nan,nan,88,26.299999237060547,0.0,33.0,0,28,-,READY owner=Surnn refs=24,"{""cmd"": ""STOP"", ""status"": ""READY"", ""detector"": ""yolo"", ""state"": ""IDLE"", ""owner"": ""Surnn"", ""score"": null, ""match_max"": 0.5, ""refs"": 24, ""match_mode"": ""none"", ""steer_zones"": 41, ""people"": 0, ""track_id"": null, ""target_ex"": 0.0, ""target_cx_vel_px_s"": 0.0, ""target_age_s"": null, ""lidar_min_m"": 0.68, ""target_lidar_m"": null, ""target_lidar_deg"": null, ""camera_range_m"
2026-07-16T16:28:25.083,892.084,mission_20260716_161333_manual,MANUAL,,0,13.330315589904785,100.99788665771484,149.15107313200022,4,True,0.6859999895095825,1,0,0,247616,317729,0.0,0.0,0.0,0,0,nan,nan,nan,88,26.299999237060547,0.0,33.0,0,27,-,READY owner=Surnn refs=24,"{""cmd"": ""STOP"", ""status"": ""READY"", ""detector"": ""yolo"", ""state"": ""IDLE"", ""owner"": ""Surnn"", ""score"": null, ""match_max"": 0.5, ""refs"": 24, ""match_mode"": ""none"", ""steer_zones"": 41, ""people"": 0, ""track_id"": null, ""target_ex"": 0.0, ""target_cx_vel_px_s"": 0.0, ""target_age_s"": null, ""lidar_min_m"": 0.68, ""target_lidar_m"": null, ""target_lidar_deg"": null, ""camera_range_m"
2026-07-16T16:28:27.083,894.084,mission_20260716_161333_manual,MANUAL,,0,13.330315589904785,100.99788665771484,149.1147228652374,4,True,0.6865000128746033,1,0,0,247616,317729,0.0,0.0,0.0,0,0,nan,nan,nan,88,26.299999237060547,0.0,33.0,0,28,-,READY owner=Surnn refs=24,"{""cmd"": ""STOP"", ""status"": ""READY"", ""detector"": ""yolo"", ""state"": ""IDLE"", ""owner"": ""Surnn"", ""score"": null, ""match_max"": 0.5, ""refs"": 24, ""match_mode"": ""none"", ""steer_zones"": 41, ""people"": 0, ""track_id"": null, ""target_ex"": 0.0, ""target_cx_vel_px_s"": 0.0, ""target_age_s"": null, ""lidar_min_m"": 0.68, ""target_lidar_m"": null, ""target_lidar_deg"": null, ""camera_range_m"
2026-07-16T16:28:29.084,896.084,mission_20260716_161333_manual,MANUAL,,0,13.330316543579102,100.99788665771484,149.08151448549282,4,True,0.6859999895095825,1,0,0,247616,317729,0.0,0.0,0.0,0,0,nan,nan,nan,88,26.299999237060547,0.0,33.0,0,28,-,READY owner=Surnn refs=24,"{""cmd"": ""STOP"", ""status"": ""READY"", ""detector"": ""yolo"", ""state"": ""IDLE"", ""owner"": ""Surnn"", ""score"": null, ""match_max"": 0.5, ""refs"": 24, ""match_mode"": ""none"", ""steer_zones"": 41, ""people"": 0, ""track_id"": null, ""target_ex"": 0.0, ""target_cx_vel_px_s"": 0.0, ""target_age_s"": null, ""lidar_min_m"": 0.15, ""target_lidar_m"": null, ""target_lidar_deg"": null, ""camera_range_m"
2026-07-16T16:28:31.211,898.211,mission_20260716_161333_manual,MANUAL,,0,13.330317497253418,100.99788665771484,149.0641794653793,4,True,0.6867499947547913,1,0,0,247616,317729,0.0,0.0,0.0,0,0,nan,nan,nan,88,26.299999237060547,0.0,33.0,0,28,-,READY owner=Surnn refs=24,"{""cmd"": ""STOP"", ""status"": ""READY"", ""detector"": ""yolo"", ""state"": ""IDLE"", ""owner"": ""Surnn"", ""score"": null, ""match_max"": 0.5, ""refs"": 24, ""match_mode"": ""none"", ""steer_zones"": 41, ""people"": 0, ""track_id"": null, ""target_ex"": 0.0, ""target_cx_vel_px_s"": 0.0, ""target_age_s"": null, ""lidar_min_m"": 0.68, ""target_lidar_m"": null, ""target_lidar_deg"": null, ""camera_range_m"
2026-07-16T16:28:33.340,900.341,mission_20260716_161333_manual,MANUAL,,0,13.330316543579102,100.99788665771484,149.04026014290594,4,True,0.6847500205039978,1,0,0,247616,317729,0.0,0.0,0.0,0,0,nan,nan,nan,88,26.299999237060547,0.0,33.0,0,28,-,READY owner=Surnn refs=24,"{""cmd"": ""STOP"", ""status"": ""READY"", ""detector"": ""yolo"", ""state"": ""IDLE"", ""owner"": ""Surnn"", ""score"": null, ""match_max"": 0.5, ""refs"": 24, ""match_mode"": ""none"", ""steer_zones"": 41, ""people"": 0, ""track_id"": null, ""target_ex"": 0.0, ""target_cx_vel_px_s"": 0.0, ""target_age_s"": null, ""lidar_min_m"": 0.68, ""target_lidar_m"": null, ""target_lidar_deg"": null, ""camera_range_m"
2026-07-16T16:28:35.469,902.469,mission_20260716_161333_manual,MANUAL,,0,13.330317497253418,100.99788665771484,149.02582112300053,4,True,0.6865000128746033,1,0,0,247616,317729,0.0,0.0,0.0,0,0,nan,nan,nan,88,26.299999237060547,0.0,33.0,0,27,-,READY owner=Surnn refs=24,"{""cmd"": ""STOP"", ""status"": ""READY"", ""detector"": ""yolo"", ""state"": ""IDLE"", ""owner"": ""Surnn"", ""score"": null, ""match_max"": 0.5, ""refs"": 24, ""match_mode"": ""none"", ""steer_zones"": 41, ""people"": 0, ""track_id"": null, ""target_ex"": 0.0, ""target_cx_vel_px_s"": 0.0, ""target_age_s"": null, ""lidar_min_m"": 0.68, ""target_lidar_m"": null, ""target_lidar_deg"": null, ""camera_range_m"
2026-07-16T16:28:37.478,904.479,mission_20260716_161333_manual,MANUAL,,0,13.33031940460205,100.99788665771484,149.00326783836115,4,True,0.6855000257492065,1,0,0,247616,317729,0.0,0.0,0.0,0,0,nan,nan,nan,88,26.299999237060547,0.0,33.0,0,27,-,READY owner=Surnn refs=24,"{""cmd"": ""STOP"", ""status"": ""READY"", ""detector"": ""yolo"", ""state"": ""IDLE"", ""owner"": ""Surnn"", ""score"": null, ""match_max"": 0.5, ""refs"": 24, ""match_mode"": ""none"", ""steer_zones"": 41, ""people"": 0, ""track_id"": null, ""target_ex"": 0.0, ""target_cx_vel_px_s"": 0.0, ""target_age_s"": null, ""lidar_min_m"": 0.68, ""target_lidar_m"": null, ""target_lidar_deg"": null, ""camera_range_m"
2026-07-16T16:28:39.600,906.601,mission_20260716_161333_manual,MANUAL,,0,13.330320358276367,100.99788665771484,148.99373289427982,4,True,0.6850000023841858,1,0,0,247616,317729,0.0,0.0,0.0,0,0,nan,nan,nan,88,26.299999237060547,0.0,33.0,0,28,-,READY owner=Surnn refs=24,"{""cmd"": ""STOP"", ""status"": ""READY"", ""detector"": ""yolo"", ""state"": ""IDLE"", ""owner"": ""Surnn"", ""score"": null, ""match_max"": 0.5, ""refs"": 24, ""match_mode"": ""none"", ""steer_zones"": 41, ""people"": 0, ""track_id"": null, ""target_ex"": 0.0, ""target_cx_vel_px_s"": 0.0, ""target_age_s"": null, ""lidar_min_m"": 0.68, ""target_lidar_m"": null, ""target_lidar_deg"": null, ""camera_range_m"
2026-07-16T16:28:41.601,908.602,mission_20260716_161333_manual,MANUAL,,0,13.330321311950684,100.99788665771484,148.99520821514054,4,True,0.6862499713897705,1,0,0,247616,317729,0.0,0.0,0.0,0,0,nan,nan,nan,88,26.299999237060547,0.0,33.0,0,28,-,READY owner=Surnn refs=24,"{""cmd"": ""STOP"", ""status"": ""READY"", ""detector"": ""yolo"", ""state"": ""IDLE"", ""owner"": ""Surnn"", ""score"": null, ""match_max"": 0.5, ""refs"": 24, ""match_mode"": ""none"", ""steer_zones"": 41, ""people"": 0, ""track_id"": null, ""target_ex"": 0.0, ""target_cx_vel_px_s"": 0.0, ""target_age_s"": null, ""lidar_min_m"": 0.68, ""target_lidar_m"": null, ""target_lidar_deg"": null, ""camera_range_m"
2026-07-16T16:28:43.722,910.723,mission_20260716_161333_manual,MANUAL,,0,13.330321311950684,100.99788665771484,148.984539459657,4,True,0.6850000023841858,1,0,0,247616,317729,0.0,0.0,0.0,0,0,nan,nan,nan,88,26.299999237060547,0.0,33.0,0,27,-,READY owner=Surnn refs=24,"{""cmd"": ""STOP"", ""status"": ""READY"", ""detector"": ""yolo"", ""state"": ""IDLE"", ""owner"": ""Surnn"", ""score"": null, ""match_max"": 0.5, ""refs"": 24, ""match_mode"": ""none"", ""steer_zones"": 41, ""people"": 0, ""track_id"": null, ""target_ex"": 0.0, ""target_cx_vel_px_s"": 0.0, ""target_age_s"": null, ""lidar_min_m"": 0.68, ""target_lidar_m"": null, ""target_lidar_deg"": null, ""camera_range_m"
2026-07-16T16:28:45.829,912.829,mission_20260716_161333_manual,MANUAL,,0,13.330321311950684,100.99788665771484,148.96814700564894,4,True,0.6859999895095825,1,0,0,247616,317729,0.0,0.0,0.0,0,0,nan,nan,nan,88,26.299999237060547,0.0,33.0,0,27,-,READY owner=Surnn refs=24,"{""cmd"": ""STOP"", ""status"": ""READY"", ""detector"": ""yolo"", ""state"": ""IDLE"", ""owner"": ""Surnn"", ""score"": null, ""match_max"": 0.5, ""refs"": 24, ""match_mode"": ""none"", ""steer_zones"": 41, ""people"": 0, ""track_id"": null, ""target_ex"": 0.0, ""target_cx_vel_px_s"": 0.0, ""target_age_s"": null, ""lidar_min_m"": 0.68, ""target_lidar_m"": null, ""target_lidar_deg"": null, ""camera_range_m"
2026-07-16T16:28:47.922,914.923,mission_20260716_161333_manual,MANUAL,,0,13.330323219299316,100.99788665771484,148.96023764659006,4,True,0.6852499842643738,1,0,0,247616,317729,0.0,0.0,0.0,0,0,nan,nan,nan,88,26.299999237060547,0.0,33.0,0,26,-,READY owner=Surnn refs=24,"{""cmd"": ""STOP"", ""status"": ""READY"", ""detector"": ""yolo"", ""state"": ""IDLE"", ""owner"": ""Surnn"", ""score"": null, ""match_max"": 0.5, ""refs"": 24, ""match_mode"": ""none"", ""steer_zones"": 41, ""people"": 0, ""track_id"": null, ""target_ex"": 0.0, ""target_cx_vel_px_s"": 0.0, ""target_age_s"": null, ""lidar_min_m"": 0.68, ""target_lidar_m"": null, ""target_lidar_deg"": null, ""camera_range_m"
2026-07-16T16:28:50.032,917.033,mission_20260716_161333_manual,MANUAL,,0,13.330324172973633,100.99788665771484,148.95706843881518,4,True,0.6862499713897705,1,0,0,247616,317729,0.0,0.0,0.0,0,0,nan,nan,nan,88,26.299999237060547,0.0,33.0,0,26,-,READY owner=Surnn refs=24,"{""cmd"": ""STOP"", ""status"": ""READY"", ""detector"": ""yolo"", ""state"": ""IDLE"", ""owner"": ""Surnn"", ""score"": null, ""match_max"": 0.5, ""refs"": 24, ""match_mode"": ""none"", ""steer_zones"": 41, ""people"": 0, ""track_id"": null, ""target_ex"": 0.0, ""target_cx_vel_px_s"": 0.0, ""target_age_s"": null, ""lidar_min_m"": 0.68, ""target_lidar_m"": null, ""target_lidar_deg"": null, ""camera_range_m"
2026-07-16T16:28:52.149,919.149,mission_20260716_161333_manual,MANUAL,,0,13.33032512664795,100.99788665771484,148.95516964622593,4,True,0.6852499842643738,1,0,0,247616,317729,0.0,0.0,0.0,0,0,nan,nan,nan,88,26.299999237060547,0.0,33.0,0,26,-,READY owner=Surnn refs=24,"{""cmd"": ""STOP"", ""status"": ""READY"", ""detector"": ""yolo"", ""state"": ""IDLE"", ""owner"": ""Surnn"", ""score"": null, ""match_max"": 0.5, ""refs"": 24, ""match_mode"": ""none"", ""steer_zones"": 41, ""people"": 0, ""track_id"": null, ""target_ex"": 0.0, ""target_cx_vel_px_s"": 0.0, ""target_age_s"": null, ""lidar_min_m"": 0.68, ""target_lidar_m"": null, ""target_lidar_deg"": null, ""camera_range_m"
2026-07-16T16:28:54.186,921.186,mission_20260716_161333_manual,MANUAL,,0,13.33032512664795,100.99788665771484,148.94947326845812,4,True,0.6859999895095825,1,0,0,247616,317729,0.0,0.0,0.0,0,0,nan,nan,nan,88,26.299999237060547,0.0,33.0,0,24,-,READY owner=Surnn refs=24,"{""cmd"": ""STOP"", ""status"": ""READY"", ""detector"": ""yolo"", ""state"": ""IDLE"", ""owner"": ""Surnn"", ""score"": null, ""match_max"": 0.5, ""refs"": 24, ""match_mode"": ""none"", ""steer_zones"": 41, ""people"": 0, ""track_id"": null, ""target_ex"": 0.0, ""target_cx_vel_px_s"": 0.0, ""target_age_s"": null, ""lidar_min_m"": 0.68, ""target_lidar_m"": null, ""target_lidar_deg"": null, ""camera_range_m"
2026-07-16T16:28:56.188,923.188,mission_20260716_161333_manual,MANUAL,,0,13.33032512664795,100.99788665771484,148.9211962852943,4,True,0.6857500076293945,1,0,0,247616,317729,0.0,0.0,0.0,0,0,nan,nan,nan,88,26.299999237060547,0.0,33.0,0,25,-,READY owner=Surnn refs=24,"{""cmd"": ""STOP"", ""status"": ""READY"", ""detector"": ""yolo"", ""state"": ""IDLE"", ""owner"": ""Surnn"", ""score"": null, ""match_max"": 0.5, ""refs"": 24, ""match_mode"": ""none"", ""steer_zones"": 41, ""people"": 0, ""track_id"": null, ""target_ex"": 0.0, ""target_cx_vel_px_s"": 0.0, ""target_age_s"": null, ""lidar_min_m"": 0.68, ""target_lidar_m"": null, ""target_lidar_deg"": null, ""camera_range_m"
2026-07-16T16:28:58.306,925.307,mission_20260716_161333_manual,MANUAL,,0,13.33032512664795,100.99788665771484,148.91364209607224,4,True,0.6867499947547913,1,0,0,247616,317729,0.0,0.0,0.0,0,0,nan,nan,nan,88,26.299999237060547,0.0,33.0,0,27,-,READY owner=Surnn refs=24,"{""cmd"": ""STOP"", ""status"": ""READY"", ""detector"": ""yolo"", ""state"": ""IDLE"", ""owner"": ""Surnn"", ""score"": null, ""match_max"": 0.5, ""refs"": 24, ""match_mode"": ""none"", ""steer_zones"": 41, ""people"": 0, ""track_id"": null, ""target_ex"": 0.0, ""target_cx_vel_px_s"": 0.0, ""target_age_s"": null, ""lidar_min_m"": 0.68, ""target_lidar_m"": null, ""target_lidar_deg"": null, ""camera_range_m"
2026-07-16T16:29:00.437,927.438,mission_20260716_161333_manual,MANUAL,,0,13.330324172973633,100.99788665771484,148.92049960599894,4,True,0.6852499842643738,1,0,0,247616,317729,0.0,0.0,0.0,0,0,nan,nan,nan,88,26.299999237060547,0.0,33.0,0,25,-,READY owner=Surnn refs=24,"{""cmd"": ""STOP"", ""status"": ""READY"", ""detector"": ""yolo"", ""state"": ""IDLE"", ""owner"": ""Surnn"", ""score"": null, ""match_max"": 0.5, ""refs"": 24, ""match_mode"": ""none"", ""steer_zones"": 41, ""people"": 0, ""track_id"": null, ""target_ex"": 0.0, ""target_cx_vel_px_s"": 0.0, ""target_age_s"": null, ""lidar_min_m"": 0.68, ""target_lidar_m"": null, ""target_lidar_deg"": null, ""camera_range_m"
2026-07-16T16:29:02.565,929.566,mission_20260716_161333_manual,MANUAL,,0,13.330324172973633,100.99788665771484,148.91903794551655,4,True,0.6852499842643738,1,0,0,247616,317729,0.0,0.0,0.0,0,0,nan,nan,nan,88,26.299999237060547,0.0,33.0,0,26,-,READY owner=Surnn refs=24,"{""cmd"": ""STOP"", ""status"": ""READY"", ""detector"": ""yolo"", ""state"": ""IDLE"", ""owner"": ""Surnn"", ""score"": null, ""match_max"": 0.5, ""refs"": 24, ""match_mode"": ""none"", ""steer_zones"": 41, ""people"": 0, ""track_id"": null, ""target_ex"": 0.0, ""target_cx_vel_px_s"": 0.0, ""target_age_s"": null, ""lidar_min_m"": 0.68, ""target_lidar_m"": null, ""target_lidar_deg"": null, ""camera_range_m"
2026-07-16T16:29:04.688,931.689,mission_20260716_161333_manual,MANUAL,,0,13.330324172973633,100.99788665771484,148.9118525865097,4,True,0.6865000128746033,1,0,0,247616,317729,0.0,0.0,0.0,0,0,nan,nan,nan,88,26.299999237060547,0.0,33.0,0,27,-,READY owner=Surnn refs=24,"{""cmd"": ""STOP"", ""status"": ""READY"", ""detector"": ""yolo"", ""state"": ""IDLE"", ""owner"": ""Surnn"", ""score"": null, ""match_max"": 0.5, ""refs"": 24, ""match_mode"": ""none"", ""steer_zones"": 41, ""people"": 0, ""track_id"": null, ""target_ex"": 0.0, ""target_cx_vel_px_s"": 0.0, ""target_age_s"": null, ""lidar_min_m"": 0.68, ""target_lidar_m"": null, ""target_lidar_deg"": null, ""camera_range_m"
2026-07-16T16:29:06.818,933.818,mission_20260716_161333_manual,MANUAL,,0,13.33032512664795,100.99788665771484,148.89599288725694,4,True,0.6852499842643738,1,0,0,247616,317729,0.0,0.0,0.0,0,0,nan,nan,nan,88,26.299999237060547,0.0,33.0,0,27,-,READY owner=Surnn refs=24,"{""cmd"": ""STOP"", ""status"": ""READY"", ""detector"": ""yolo"", ""state"": ""IDLE"", ""owner"": ""Surnn"", ""score"": null, ""match_max"": 0.5, ""refs"": 24, ""match_mode"": ""none"", ""steer_zones"": 41, ""people"": 0, ""track_id"": null, ""target_ex"": 0.0, ""target_cx_vel_px_s"": 0.0, ""target_age_s"": null, ""lidar_min_m"": 0.68, ""target_lidar_m"": null, ""target_lidar_deg"": null, ""camera_range_m"
2026-07-16T16:29:08.932,935.933,mission_20260716_161333_manual,MANUAL,,0,13.330323219299316,100.99788665771484,148.890050622679,4,True,0.6855000257492065,1,0,0,247616,317729,0.0,0.0,0.0,0,0,nan,nan,nan,88,26.299999237060547,0.0,33.0,0,27,-,READY owner=Surnn refs=24,"{""cmd"": ""STOP"", ""status"": ""READY"", ""detector"": ""yolo"", ""state"": ""IDLE"", ""owner"": ""Surnn"", ""score"": null, ""match_max"": 0.5, ""refs"": 24, ""match_mode"": ""none"", ""steer_zones"": 41, ""people"": 0, ""track_id"": null, ""target_ex"": 0.0, ""target_cx_vel_px_s"": 0.0, ""target_age_s"": null, ""lidar_min_m"": 0.68, ""target_lidar_m"": null, ""target_lidar_deg"": null, ""camera_range_m"
2026-07-16T16:29:11.064,938.064,mission_20260716_161333_manual,MANUAL,,0,13.330324172973633,100.99788665771484,148.8858842072853,4,True,0.6857500076293945,1,0,0,247616,317729,0.0,0.0,0.0,0,0,nan,nan,nan,88,26.299999237060547,0.0,33.0,0,28,-,READY owner=Surnn refs=24,"{""cmd"": ""STOP"", ""status"": ""READY"", ""detector"": ""yolo"", ""state"": ""IDLE"", ""owner"": ""Surnn"", ""score"": null, ""match_max"": 0.5, ""refs"": 24, ""match_mode"": ""none"", ""steer_zones"": 41, ""people"": 0, ""track_id"": null, ""target_ex"": 0.0, ""target_cx_vel_px_s"": 0.0, ""target_age_s"": null, ""lidar_min_m"": 0.68, ""target_lidar_m"": null, ""target_lidar_deg"": null, ""camera_range_m"
2026-07-16T16:29:13.192,940.193,mission_20260716_161333_manual,MANUAL,,0,13.330322265625,100.99787902832031,148.8837258675076,4,True,0.6862499713897705,1,0,0,247616,317729,0.0,0.0,0.0,0,0,nan,nan,nan,88,26.299999237060547,0.0,33.0,0,28,-,READY owner=Surnn refs=24,"{""cmd"": ""STOP"", ""status"": ""READY"", ""detector"": ""yolo"", ""state"": ""IDLE"", ""owner"": ""Surnn"", ""score"": null, ""match_max"": 0.5, ""refs"": 24, ""match_mode"": ""none"", ""steer_zones"": 41, ""people"": 0, ""track_id"": null, ""target_ex"": 0.0, ""target_cx_vel_px_s"": 0.0, ""target_age_s"": null, ""lidar_min_m"": 0.68, ""target_lidar_m"": null, ""target_lidar_deg"": null, ""camera_range_m"
2026-07-16T16:29:15.324,942.324,mission_20260716_161333_manual,MANUAL,,0,13.33031940460205,100.99787902832031,148.86822133809164,4,True,0.6859999895095825,1,0,0,247616,317729,0.0,0.0,0.0,0,0,nan,nan,nan,88,26.299999237060547,0.0,33.0,0,28,-,READY owner=Surnn refs=24,"{""cmd"": ""STOP"", ""status"": ""READY"", ""detector"": ""yolo"", ""state"": ""IDLE"", ""owner"": ""Surnn"", ""score"": null, ""match_max"": 0.5, ""refs"": 24, ""match_mode"": ""none"", ""steer_zones"": 41, ""people"": 0, ""track_id"": null, ""target_ex"": 0.0, ""target_cx_vel_px_s"": 0.0, ""target_age_s"": null, ""lidar_min_m"": 0.68, ""target_lidar_m"": null, ""target_lidar_deg"": null, ""camera_range_m"
2026-07-16T16:29:17.454,944.454,mission_20260716_161333_manual,MANUAL,,0,13.33031940460205,100.99787902832031,148.8684399041451,4,True,0.6852499842643738,1,0,0,247616,317729,0.0,0.0,0.0,0,0,nan,nan,nan,88,26.299999237060547,0.0,33.0,0,28,-,READY owner=Surnn refs=24,"{""cmd"": ""STOP"", ""status"": ""READY"", ""detector"": ""yolo"", ""state"": ""IDLE"", ""owner"": ""Surnn"", ""score"": null, ""match_max"": 0.5, ""refs"": 24, ""match_mode"": ""none"", ""steer_zones"": 41, ""people"": 0, ""track_id"": null, ""target_ex"": 0.0, ""target_cx_vel_px_s"": 0.0, ""target_age_s"": null, ""lidar_min_m"": 0.68, ""target_lidar_m"": null, ""target_lidar_deg"": null, ""camera_range_m"
2026-07-16T16:29:19.574,946.574,mission_20260716_161333_manual,MANUAL,,0,13.33031940460205,100.99787902832031,148.8639046585362,4,True,0.6859999895095825,1,0,0,247616,317729,0.0,0.0,0.0,0,0,nan,nan,nan,88,26.299999237060547,0.0,33.0,0,26,-,READY owner=Surnn refs=24,"{""cmd"": ""STOP"", ""status"": ""READY"", ""detector"": ""yolo"", ""state"": ""IDLE"", ""owner"": ""Surnn"", ""score"": null, ""match_max"": 0.5, ""refs"": 24, ""match_mode"": ""none"", ""steer_zones"": 41, ""people"": 0, ""track_id"": null, ""target_ex"": 0.0, ""target_cx_vel_px_s"": 0.0, ""target_age_s"": null, ""lidar_min_m"": 0.68, ""target_lidar_m"": null, ""target_lidar_deg"": null, ""camera_range_m"
2026-07-16T16:29:21.705,948.705,mission_20260716_161333_manual,MANUAL,,0,13.330317497253418,100.99787902832031,148.87792020671307,4,True,0.6862499713897705,1,0,0,247616,317729,0.0,0.0,0.0,0,0,nan,nan,nan,88,26.299999237060547,0.0,33.0,0,26,-,READY owner=Surnn refs=24,"{""cmd"": ""STOP"", ""status"": ""READY"", ""detector"": ""yolo"", ""state"": ""IDLE"", ""owner"": ""Surnn"", ""score"": null, ""match_max"": 0.5, ""refs"": 24, ""match_mode"": ""none"", ""steer_zones"": 41, ""people"": 0, ""track_id"": null, ""target_ex"": 0.0, ""target_cx_vel_px_s"": 0.0, ""target_age_s"": null, ""lidar_min_m"": 0.68, ""target_lidar_m"": null, ""target_lidar_deg"": null, ""camera_range_m"
2026-07-16T16:29:23.836,950.837,mission_20260716_161333_manual,MANUAL,,0,13.330316543579102,100.99787902832031,148.90842383154634,4,True,0.6857500076293945,1,0,0,247616,317729,0.0,0.0,0.0,0,0,nan,nan,nan,88,26.299999237060547,0.0,33.0,0,29,-,READY owner=Surnn refs=24,"{""cmd"": ""STOP"", ""status"": ""READY"", ""detector"": ""yolo"", ""state"": ""IDLE"", ""owner"": ""Surnn"", ""score"": null, ""match_max"": 0.5, ""refs"": 24, ""match_mode"": ""none"", ""steer_zones"": 41, ""people"": 0, ""track_id"": null, ""target_ex"": 0.0, ""target_cx_vel_px_s"": 0.0, ""target_age_s"": null, ""lidar_min_m"": 0.68, ""target_lidar_m"": null, ""target_lidar_deg"": null, ""camera_range_m"
2026-07-16T16:29:25.959,952.96,mission_20260716_161333_manual,MANUAL,,0,13.33031940460205,100.99787902832031,148.93181039926446,4,True,0.6865000128746033,1,0,0,247616,317729,0.0,0.0,0.0,0,0,nan,nan,nan,88,26.299999237060547,0.0,33.0,0,29,-,READY owner=Surnn refs=24,"{""cmd"": ""STOP"", ""status"": ""READY"", ""detector"": ""yolo"", ""state"": ""IDLE"", ""owner"": ""Surnn"", ""score"": null, ""match_max"": 0.5, ""refs"": 24, ""match_mode"": ""none"", ""steer_zones"": 41, ""people"": 0, ""track_id"": null, ""target_ex"": 0.0, ""target_cx_vel_px_s"": 0.0, ""target_age_s"": null, ""lidar_min_m"": 0.68, ""target_lidar_m"": null, ""target_lidar_deg"": null, ""camera_range_m"
2026-07-16T16:29:28.084,955.085,mission_20260716_161333_manual,MANUAL,,0,13.330320358276367,100.99787902832031,148.95766949546214,4,True,0.6857500076293945,1,0,0,247616,317729,0.0,0.0,0.0,0,0,nan,nan,nan,88,26.299999237060547,0.0,33.0,0,29,-,READY owner=Surnn refs=24,"{""cmd"": ""STOP"", ""status"": ""READY"", ""detector"": ""yolo"", ""state"": ""IDLE"", ""owner"": ""Surnn"", ""score"": null, ""match_max"": 0.5, ""refs"": 24, ""match_mode"": ""none"", ""steer_zones"": 41, ""people"": 0, ""track_id"": null, ""target_ex"": 0.0, ""target_cx_vel_px_s"": 0.0, ""target_age_s"": null, ""lidar_min_m"": 0.68, ""target_lidar_m"": null, ""target_lidar_deg"": null, ""camera_range_m"
2026-07-16T16:29:30.196,957.197,mission_20260716_161333_manual,MANUAL,,0,13.330321311950684,100.99787902832031,148.9741029306052,4,True,0.6865000128746033,1,0,0,247616,317729,0.0,0.0,0.0,0,0,nan,nan,nan,88,26.299999237060547,0.0,33.0,0,29,-,READY owner=Surnn refs=24,"{""cmd"": ""STOP"", ""status"": ""READY"", ""detector"": ""yolo"", ""state"": ""IDLE"", ""owner"": ""Surnn"", ""score"": null, ""match_max"": 0.5, ""refs"": 24, ""match_mode"": ""none"", ""steer_zones"": 41, ""people"": 0, ""track_id"": null, ""target_ex"": 0.0, ""target_cx_vel_px_s"": 0.0, ""target_age_s"": null, ""lidar_min_m"": 0.68, ""target_lidar_m"": null, ""target_lidar_deg"": null, ""camera_range_m"
2026-07-16T16:29:32.314,959.315,mission_20260716_161333_manual,MANUAL,,0,13.330321311950684,100.99787902832031,149.00003032869455,4,True,0.6857500076293945,1,0,0,247616,317729,0.0,0.0,0.0,0,0,nan,nan,nan,88,26.299999237060547,0.0,33.0,0,29,-,READY owner=Surnn refs=24,"{""cmd"": ""STOP"", ""status"": ""READY"", ""detector"": ""yolo"", ""state"": ""IDLE"", ""owner"": ""Surnn"", ""score"": null, ""match_max"": 0.5, ""refs"": 24, ""match_mode"": ""none"", ""steer_zones"": 41, ""people"": 0, ""track_id"": null, ""target_ex"": 0.0, ""target_cx_vel_px_s"": 0.0, ""target_age_s"": null, ""lidar_min_m"": 0.68, ""target_lidar_m"": null, ""target_lidar_deg"": null, ""camera_range_m"
2026-07-16T16:29:34.431,961.431,mission_20260716_161333_manual,MANUAL,,0,13.330320358276367,100.99787902832031,149.02364912284446,4,True,0.6862499713897705,1,0,0,247616,317729,0.0,0.0,0.0,0,0,nan,nan,nan,88,26.299999237060547,0.0,33.0,0,29,-,READY owner=Surnn refs=24,"{""cmd"": ""STOP"", ""status"": ""READY"", ""detector"": ""yolo"", ""state"": ""IDLE"", ""owner"": ""Surnn"", ""score"": null, ""match_max"": 0.5, ""refs"": 24, ""match_mode"": ""none"", ""steer_zones"": 41, ""people"": 0, ""track_id"": null, ""target_ex"": 0.0, ""target_cx_vel_px_s"": 0.0, ""target_age_s"": null, ""lidar_min_m"": 0.68, ""target_lidar_m"": null, ""target_lidar_deg"": null, ""camera_range_m"
2026-07-16T16:29:36.554,963.554,mission_20260716_161333_manual,MANUAL,,0,13.330321311950684,100.99787902832031,149.04412602997616,4,True,0.6850000023841858,1,0,0,247616,317729,0.0,0.0,0.0,0,0,nan,nan,nan,88,26.299999237060547,0.0,33.0,0,29,-,READY owner=Surnn refs=24,"{""cmd"": ""STOP"", ""status"": ""READY"", ""detector"": ""yolo"", ""state"": ""IDLE"", ""owner"": ""Surnn"", ""score"": null, ""match_max"": 0.5, ""refs"": 24, ""match_mode"": ""none"", ""steer_zones"": 41, ""people"": 0, ""track_id"": null, ""target_ex"": 0.0, ""target_cx_vel_px_s"": 0.0, ""target_age_s"": null, ""lidar_min_m"": 0.68, ""target_lidar_m"": null, ""target_lidar_deg"": null, ""camera_range_m"
2026-07-16T16:29:38.678,965.679,mission_20260716_161333_manual,MANUAL,,0,13.330321311950684,100.99787902832031,149.05375659670588,4,True,0.6857500076293945,1,0,0,247616,317729,0.0,0.0,0.0,0,0,nan,nan,nan,88,26.299999237060547,0.0,33.0,0,28,-,READY owner=Surnn refs=24,"{""cmd"": ""STOP"", ""status"": ""READY"", ""detector"": ""yolo"", ""state"": ""IDLE"", ""owner"": ""Surnn"", ""score"": null, ""match_max"": 0.5, ""refs"": 24, ""match_mode"": ""none"", ""steer_zones"": 41, ""people"": 0, ""track_id"": null, ""target_ex"": 0.0, ""target_cx_vel_px_s"": 0.0, ""target_age_s"": null, ""lidar_min_m"": 0.68, ""target_lidar_m"": null, ""target_lidar_deg"": null, ""camera_range_m"
2026-07-16T16:29:40.814,967.814,mission_20260716_161333_manual,MANUAL,,0,13.330321311950684,100.99787902832031,149.0603818802008,4,True,0.687250018119812,1,0,0,247616,317729,0.0,0.0,0.0,0,0,nan,nan,nan,88,26.299999237060547,0.0,33.0,0,28,-,READY owner=Surnn refs=24,"{""cmd"": ""STOP"", ""status"": ""READY"", ""detector"": ""yolo"", ""state"": ""IDLE"", ""owner"": ""Surnn"", ""score"": null, ""match_max"": 0.5, ""refs"": 24, ""match_mode"": ""none"", ""steer_zones"": 41, ""people"": 0, ""track_id"": null, ""target_ex"": 0.0, ""target_cx_vel_px_s"": 0.0, ""target_age_s"": null, ""lidar_min_m"": 0.68, ""target_lidar_m"": null, ""target_lidar_deg"": null, ""camera_range_m"
2026-07-16T16:29:42.824,969.825,mission_20260716_161333_manual,MANUAL,,0,13.330321311950684,100.99787902832031,149.06226701241172,4,True,0.6859999895095825,1,0,0,247616,317729,0.0,0.0,0.0,0,0,nan,nan,nan,88,26.299999237060547,0.0,33.0,0,29,-,READY owner=Surnn refs=24,"{""cmd"": ""STOP"", ""status"": ""READY"", ""detector"": ""yolo"", ""state"": ""IDLE"", ""owner"": ""Surnn"", ""score"": null, ""match_max"": 0.5, ""refs"": 24, ""match_mode"": ""none"", ""steer_zones"": 41, ""people"": 0, ""track_id"": null, ""target_ex"": 0.0, ""target_cx_vel_px_s"": 0.0, ""target_age_s"": null, ""lidar_min_m"": 0.68, ""target_lidar_m"": null, ""target_lidar_deg"": null, ""camera_range_m"
2026-07-16T16:29:44.945,971.945,mission_20260716_161333_manual,MANUAL,,0,13.330320358276367,100.99787902832031,149.05713071015586,4,True,0.6859999895095825,1,0,0,247616,317729,0.0,0.0,0.0,0,0,nan,nan,nan,88,26.299999237060547,0.0,33.0,0,29,-,READY owner=Surnn refs=24,"{""cmd"": ""STOP"", ""status"": ""READY"", ""detector"": ""yolo"", ""state"": ""IDLE"", ""owner"": ""Surnn"", ""score"": null, ""match_max"": 0.5, ""refs"": 24, ""match_mode"": ""none"", ""steer_zones"": 41, ""people"": 0, ""track_id"": null, ""target_ex"": 0.0, ""target_cx_vel_px_s"": 0.0, ""target_age_s"": null, ""lidar_min_m"": 0.68, ""target_lidar_m"": null, ""target_lidar_deg"": null, ""camera_range_m"
2026-07-16T16:29:46.947,973.948,mission_20260716_161333_manual,MANUAL,,0,13.330321311950684,100.99787902832031,149.05387954011096,4,True,0.6847500205039978,1,0,0,247616,317729,0.0,0.0,0.0,0,0,nan,nan,nan,88,26.299999237060547,0.0,33.0,0,27,-,READY owner=Surnn refs=24,"{""cmd"": ""STOP"", ""status"": ""READY"", ""detector"": ""yolo"", ""state"": ""IDLE"", ""owner"": ""Surnn"", ""score"": null, ""match_max"": 0.5, ""refs"": 24, ""match_mode"": ""none"", ""steer_zones"": 41, ""people"": 0, ""track_id"": null, ""target_ex"": 0.0, ""target_cx_vel_px_s"": 0.0, ""target_age_s"": null, ""lidar_min_m"": 0.68, ""target_lidar_m"": null, ""target_lidar_deg"": null, ""camera_range_m"
2026-07-16T16:29:49.066,976.067,mission_20260716_161333_manual,MANUAL,,0,13.330320358276367,100.99787902832031,149.03351191600598,4,True,0.687250018119812,1,0,0,247616,317729,0.0,0.0,0.0,0,0,nan,nan,nan,88,26.299999237060547,0.0,33.0,0,27,-,READY owner=Surnn refs=24,"{""cmd"": ""STOP"", ""status"": ""READY"", ""detector"": ""yolo"", ""state"": ""IDLE"", ""owner"": ""Surnn"", ""score"": null, ""match_max"": 0.5, ""refs"": 24, ""match_mode"": ""none"", ""steer_zones"": 41, ""people"": 0, ""track_id"": null, ""target_ex"": 0.0, ""target_cx_vel_px_s"": 0.0, ""target_age_s"": null, ""lidar_min_m"": 0.68, ""target_lidar_m"": null, ""target_lidar_deg"": null, ""camera_range_m"
2026-07-16T16:29:51.185,978.185,mission_20260716_161333_manual,MANUAL,,0,13.330320358276367,100.99787902832031,149.01818497150845,4,True,0.6865000128746033,1,0,0,247616,317729,0.0,0.0,0.0,0,0,nan,nan,nan,88,26.299999237060547,0.0,33.0,0,27,-,READY owner=Surnn refs=24,"{""cmd"": ""STOP"", ""status"": ""READY"", ""detector"": ""yolo"", ""state"": ""IDLE"", ""owner"": ""Surnn"", ""score"": null, ""match_max"": 0.5, ""refs"": 24, ""match_mode"": ""none"", ""steer_zones"": 41, ""people"": 0, ""track_id"": null, ""target_ex"": 0.0, ""target_cx_vel_px_s"": 0.0, ""target_age_s"": null, ""lidar_min_m"": 0.68, ""target_lidar_m"": null, ""target_lidar_deg"": null, ""camera_range_m"
2026-07-16T16:29:53.309,980.309,mission_20260716_161333_manual,MANUAL,,0,13.330320358276367,100.99787902832031,149.01378632968297,4,True,0.6862499713897705,1,0,0,247616,317729,0.0,0.0,0.0,0,0,nan,nan,nan,88,26.299999237060547,0.0,33.0,0,25,-,READY owner=Surnn refs=24,"{""cmd"": ""STOP"", ""status"": ""READY"", ""detector"": ""yolo"", ""state"": ""IDLE"", ""owner"": ""Surnn"", ""score"": null, ""match_max"": 0.5, ""refs"": 24, ""match_mode"": ""none"", ""steer_zones"": 41, ""people"": 0, ""track_id"": null, ""target_ex"": 0.0, ""target_cx_vel_px_s"": 0.0, ""target_age_s"": null, ""lidar_min_m"": 0.68, ""target_lidar_m"": null, ""target_lidar_deg"": null, ""camera_range_m"
2026-07-16T16:29:55.428,982.429,mission_20260716_161333_manual,MANUAL,,0,13.330321311950684,100.99787902832031,149.0128437635775,4,True,0.6857500076293945,1,0,0,247616,317729,0.0,0.0,0.0,0,0,nan,nan,nan,88,26.299999237060547,0.0,33.0,0,26,-,READY owner=Surnn refs=24,"{""cmd"": ""STOP"", ""status"": ""READY"", ""detector"": ""yolo"", ""state"": ""IDLE"", ""owner"": ""Surnn"", ""score"": null, ""match_max"": 0.5, ""refs"": 24, ""match_mode"": ""none"", ""steer_zones"": 41, ""people"": 0, ""track_id"": null, ""target_ex"": 0.0, ""target_cx_vel_px_s"": 0.0, ""target_age_s"": null, ""lidar_min_m"": 0.68, ""target_lidar_m"": null, ""target_lidar_deg"": null, ""camera_range_m"
2026-07-16T16:29:57.543,984.543,mission_20260716_161333_manual,MANUAL,,0,13.330321311950684,100.99787902832031,149.01461961276172,4,True,0.6850000023841858,1,0,0,247616,317729,0.0,0.0,0.0,0,0,nan,nan,nan,88,26.299999237060547,0.0,33.0,0,26,-,READY owner=Surnn refs=24,"{""cmd"": ""STOP"", ""status"": ""READY"", ""detector"": ""yolo"", ""state"": ""IDLE"", ""owner"": ""Surnn"", ""score"": null, ""match_max"": 0.5, ""refs"": 24, ""match_mode"": ""none"", ""steer_zones"": 41, ""people"": 0, ""track_id"": null, ""target_ex"": 0.0, ""target_cx_vel_px_s"": 0.0, ""target_age_s"": null, ""lidar_min_m"": 0.68, ""target_lidar_m"": null, ""target_lidar_deg"": null, ""camera_range_m"
2026-07-16T16:29:59.652,986.653,mission_20260716_161333_manual,MANUAL,,0,13.330320358276367,100.99787902832031,149.0075571971599,4,True,0.6862499713897705,1,0,0,247616,317729,0.0,0.0,0.0,0,0,nan,nan,nan,88,26.299999237060547,0.0,33.0,0,27,-,READY owner=Surnn refs=24,"{""cmd"": ""STOP"", ""status"": ""READY"", ""detector"": ""yolo"", ""state"": ""IDLE"", ""owner"": ""Surnn"", ""score"": null, ""match_max"": 0.5, ""refs"": 24, ""match_mode"": ""none"", ""steer_zones"": 41, ""people"": 0, ""track_id"": null, ""target_ex"": 0.0, ""target_cx_vel_px_s"": 0.0, ""target_age_s"": null, ""lidar_min_m"": 0.68, ""target_lidar_m"": null, ""target_lidar_deg"": null, ""camera_range_m"
2026-07-16T16:30:01.778,988.779,mission_20260716_161333_manual,MANUAL,,0,13.330320358276367,100.99787902832031,149.00304927230772,4,True,0.6850000023841858,1,0,0,247616,317729,0.0,0.0,0.0,0,0,nan,nan,nan,88,26.299999237060547,0.0,33.0,0,28,-,READY owner=Surnn refs=24,"{""cmd"": ""STOP"", ""status"": ""READY"", ""detector"": ""yolo"", ""state"": ""IDLE"", ""owner"": ""Surnn"", ""score"": null, ""match_max"": 0.5, ""refs"": 24, ""match_mode"": ""none"", ""steer_zones"": 41, ""people"": 0, ""track_id"": null, ""target_ex"": 0.0, ""target_cx_vel_px_s"": 0.0, ""target_age_s"": null, ""lidar_min_m"": 0.68, ""target_lidar_m"": null, ""target_lidar_deg"": null, ""camera_range_m"
2026-07-16T16:30:03.891,990.891,mission_20260716_161333_manual,MANUAL,,0,13.33031940460205,100.99787902832031,148.99135598844865,4,True,0.6859999895095825,1,0,0,247616,317729,0.0,0.0,0.0,0,0,nan,nan,nan,88,26.299999237060547,0.0,33.0,0,28,-,READY owner=Surnn refs=24,"{""cmd"": ""STOP"", ""status"": ""READY"", ""detector"": ""yolo"", ""state"": ""IDLE"", ""owner"": ""Surnn"", ""score"": null, ""match_max"": 0.5, ""refs"": 24, ""match_mode"": ""none"", ""steer_zones"": 41, ""people"": 0, ""track_id"": null, ""target_ex"": 0.0, ""target_cx_vel_px_s"": 0.0, ""target_age_s"": null, ""lidar_min_m"": 0.68, ""target_lidar_m"": null, ""target_lidar_deg"": null, ""camera_range_m"
2026-07-16T16:30:06.010,993.011,mission_20260716_161333_manual,MANUAL,,0,13.33031940460205,100.99787902832031,148.98886979959076,4,True,0.6862499713897705,1,0,0,247616,317729,0.0,0.0,0.0,0,0,nan,nan,nan,88,26.299999237060547,0.0,33.0,0,27,-,READY owner=Surnn refs=24,"{""cmd"": ""STOP"", ""status"": ""READY"", ""detector"": ""yolo"", ""state"": ""IDLE"", ""owner"": ""Surnn"", ""score"": null, ""match_max"": 0.5, ""refs"": 24, ""match_mode"": ""none"", ""steer_zones"": 41, ""people"": 0, ""track_id"": null, ""target_ex"": 0.0, ""target_cx_vel_px_s"": 0.0, ""target_age_s"": null, ""lidar_min_m"": 0.68, ""target_lidar_m"": null, ""target_lidar_deg"": null, ""camera_range_m"
2026-07-16T16:30:08.136,995.137,mission_20260716_161333_manual,MANUAL,,0,13.330316543579102,100.99787902832031,148.98884247883407,4,True,0.6857500076293945,1,0,0,247616,317729,0.0,0.0,0.0,0,0,nan,nan,nan,88,26.299999237060547,0.0,33.0,0,27,-,READY owner=Surnn refs=24,"{""cmd"": ""STOP"", ""status"": ""READY"", ""detector"": ""yolo"", ""state"": ""IDLE"", ""owner"": ""Surnn"", ""score"": null, ""match_max"": 0.5, ""refs"": 24, ""match_mode"": ""none"", ""steer_zones"": 41, ""people"": 0, ""track_id"": null, ""target_ex"": 0.0, ""target_cx_vel_px_s"": 0.0, ""target_age_s"": null, ""lidar_min_m"": 0.68, ""target_lidar_m"": null, ""target_lidar_deg"": null, ""camera_range_m"
2026-07-16T16:30:10.264,997.265,mission_20260716_161333_manual,MANUAL,,0,13.330313682556152,100.99787902832031,148.9931864791462,4,True,0.6867499947547913,1,0,0,247616,317729,0.0,0.0,0.0,0,0,nan,nan,nan,88,26.299999237060547,0.0,33.0,0,27,-,READY owner=Surnn refs=24,"{""cmd"": ""STOP"", ""status"": ""READY"", ""detector"": ""yolo"", ""state"": ""IDLE"", ""owner"": ""Surnn"", ""score"": null, ""match_max"": 0.5, ""refs"": 24, ""match_mode"": ""none"", ""steer_zones"": 41, ""people"": 0, ""track_id"": null, ""target_ex"": 0.0, ""target_cx_vel_px_s"": 0.0, ""target_age_s"": null, ""lidar_min_m"": 0.68, ""target_lidar_m"": null, ""target_lidar_deg"": null, ""camera_range_m"
2026-07-16T16:30:12.395,999.395,mission_20260716_161333_manual,MANUAL,,0,13.33031177520752,100.99787902832031,148.9889517618608,4,True,0.6859999895095825,1,0,0,247616,317729,0.0,0.0,0.0,0,0,nan,nan,nan,88,26.299999237060547,0.0,33.0,0,28,-,READY owner=Surnn refs=24,"{""cmd"": ""STOP"", ""status"": ""READY"", ""detector"": ""yolo"", ""state"": ""IDLE"", ""owner"": ""Surnn"", ""score"": null, ""match_max"": 0.5, ""refs"": 24, ""match_mode"": ""none"", ""steer_zones"": 41, ""people"": 0, ""track_id"": null, ""target_ex"": 0.0, ""target_cx_vel_px_s"": 0.0, ""target_age_s"": null, ""lidar_min_m"": 0.68, ""target_lidar_m"": null, ""target_lidar_deg"": null, ""camera_range_m"
2026-07-16T16:30:14.519,1001.52,mission_20260716_161333_manual,MANUAL,,0,13.330310821533203,100.99787902832031,148.99783100778183,4,True,0.6852499842643738,1,0,0,247616,317729,0.0,0.0,0.0,0,0,nan,nan,nan,88,26.299999237060547,0.0,33.0,0,27,-,READY owner=Surnn refs=24,"{""cmd"": ""STOP"", ""status"": ""READY"", ""detector"": ""yolo"", ""state"": ""IDLE"", ""owner"": ""Surnn"", ""score"": null, ""match_max"": 0.5, ""refs"": 24, ""match_mode"": ""none"", ""steer_zones"": 41, ""people"": 0, ""track_id"": null, ""target_ex"": 0.0, ""target_cx_vel_px_s"": 0.0, ""target_age_s"": null, ""lidar_min_m"": 0.68, ""target_lidar_m"": null, ""target_lidar_deg"": null, ""camera_range_m"
2026-07-16T16:30:16.641,1003.642,mission_20260716_161333_manual,MANUAL,,0,13.330309867858887,100.99787902832031,148.99295425271444,4,True,0.6865000128746033,1,0,0,247616,317729,0.0,0.0,0.0,0,0,nan,nan,nan,88,26.299999237060547,0.0,33.0,0,27,-,READY owner=Surnn refs=24,"{""cmd"": ""STOP"", ""status"": ""READY"", ""detector"": ""yolo"", ""state"": ""IDLE"", ""owner"": ""Surnn"", ""score"": null, ""match_max"": 0.5, ""refs"": 24, ""match_mode"": ""none"", ""steer_zones"": 41, ""people"": 0, ""track_id"": null, ""target_ex"": 0.0, ""target_cx_vel_px_s"": 0.0, ""target_age_s"": null, ""lidar_min_m"": 0.68, ""target_lidar_m"": null, ""target_lidar_deg"": null, ""camera_range_m"
2026-07-16T16:30:18.658,1005.658,mission_20260716_161333_manual,MANUAL,,0,13.330309867858887,100.99787902832031,148.99070029028832,4,True,0.6855000257492065,1,0,0,247616,317729,0.0,0.0,0.0,0,0,nan,nan,nan,88,26.299999237060547,0.0,33.0,0,28,-,READY owner=Surnn refs=24,"{""cmd"": ""STOP"", ""status"": ""READY"", ""detector"": ""yolo"", ""state"": ""IDLE"", ""owner"": ""Surnn"", ""score"": null, ""match_max"": 0.5, ""refs"": 24, ""match_mode"": ""none"", ""steer_zones"": 41, ""people"": 0, ""track_id"": null, ""target_ex"": 0.0, ""target_cx_vel_px_s"": 0.0, ""target_age_s"": null, ""lidar_min_m"": 0.68, ""target_lidar_m"": null, ""target_lidar_deg"": null, ""camera_range_m"
2026-07-16T16:30:20.658,1007.658,mission_20260716_161333_manual,MANUAL,,0,13.330309867858887,100.99787902832031,148.98852829013225,4,True,0.6852499842643738,1,0,0,247616,317729,0.0,0.0,0.0,0,0,nan,nan,nan,88,26.299999237060547,0.0,33.0,0,28,-,READY owner=Surnn refs=24,"{""cmd"": ""STOP"", ""status"": ""READY"", ""detector"": ""yolo"", ""state"": ""IDLE"", ""owner"": ""Surnn"", ""score"": null, ""match_max"": 0.5, ""refs"": 24, ""match_mode"": ""none"", ""steer_zones"": 41, ""people"": 0, ""track_id"": null, ""target_ex"": 0.0, ""target_cx_vel_px_s"": 0.0, ""target_age_s"": null, ""lidar_min_m"": 0.68, ""target_lidar_m"": null, ""target_lidar_deg"": null, ""camera_range_m"
2026-07-16T16:30:22.780,1009.78,mission_20260716_161333_manual,MANUAL,,0,13.33030891418457,100.99787902832031,148.9827772708511,4,True,0.6857500076293945,1,0,0,247616,317729,0.0,0.0,0.0,0,0,nan,nan,nan,88,26.299999237060547,0.0,33.0,0,27,-,READY owner=Surnn refs=24,"{""cmd"": ""STOP"", ""status"": ""READY"", ""detector"": ""yolo"", ""state"": ""IDLE"", ""owner"": ""Surnn"", ""score"": null, ""match_max"": 0.5, ""refs"": 24, ""match_mode"": ""none"", ""steer_zones"": 41, ""people"": 0, ""track_id"": null, ""target_ex"": 0.0, ""target_cx_vel_px_s"": 0.0, ""target_age_s"": null, ""lidar_min_m"": 0.68, ""target_lidar_m"": null, ""target_lidar_deg"": null, ""camera_range_m"
2026-07-16T16:30:24.890,1011.89,mission_20260716_161333_manual,MANUAL,,0,13.33030891418457,100.99787902832031,148.9780644403238,4,True,0.6855000257492065,1,0,0,247616,317729,0.0,0.0,0.0,0,0,nan,nan,nan,88,26.299999237060547,0.0,33.0,0,29,-,READY owner=Surnn refs=24,"{""cmd"": ""STOP"", ""status"": ""READY"", ""detector"": ""yolo"", ""state"": ""IDLE"", ""owner"": ""Surnn"", ""score"": null, ""match_max"": 0.5, ""refs"": 24, ""match_mode"": ""none"", ""steer_zones"": 41, ""people"": 0, ""track_id"": null, ""target_ex"": 0.0, ""target_cx_vel_px_s"": 0.0, ""target_age_s"": null, ""lidar_min_m"": 0.68, ""target_lidar_m"": null, ""target_lidar_deg"": null, ""camera_range_m"
2026-07-16T16:30:27.006,1014.006,mission_20260716_161333_manual,MANUAL,,0,13.33030891418457,100.99787902832031,148.9739390060651,4,True,0.6862499713897705,1,0,0,247616,317729,0.0,0.0,0.0,0,0,nan,nan,nan,88,26.299999237060547,0.0,33.0,0,28,-,READY owner=Surnn refs=24,"{""cmd"": ""STOP"", ""status"": ""READY"", ""detector"": ""yolo"", ""state"": ""IDLE"", ""owner"": ""Surnn"", ""score"": null, ""match_max"": 0.5, ""refs"": 24, ""match_mode"": ""none"", ""steer_zones"": 41, ""people"": 0, ""track_id"": null, ""target_ex"": 0.0, ""target_cx_vel_px_s"": 0.0, ""target_age_s"": null, ""lidar_min_m"": 0.68, ""target_lidar_m"": null, ""target_lidar_deg"": null, ""camera_range_m"
2026-07-16T16:30:29.120,1016.12,mission_20260716_161333_manual,MANUAL,,0,13.330307006835938,100.99787902832031,148.97381606266006,4,True,0.6862499713897705,1,0,0,247616,317729,0.0,0.0,0.0,0,0,nan,nan,nan,88,26.299999237060547,0.0,33.0,0,30,-,READY owner=Surnn refs=24,"{""cmd"": ""STOP"", ""status"": ""READY"", ""detector"": ""yolo"", ""state"": ""IDLE"", ""owner"": ""Surnn"", ""score"": null, ""match_max"": 0.5, ""refs"": 24, ""match_mode"": ""none"", ""steer_zones"": 41, ""people"": 0, ""track_id"": null, ""target_ex"": 0.0, ""target_cx_vel_px_s"": 0.0, ""target_age_s"": null, ""lidar_min_m"": 0.68, ""target_lidar_m"": null, ""target_lidar_deg"": null, ""camera_range_m"
2026-07-16T16:30:31.238,1018.239,mission_20260716_161333_manual,MANUAL,,0,13.330307006835938,100.99787902832031,148.97321500601308,4,True,0.6884999871253967,1,0,0,247616,317729,0.0,0.0,0.0,0,0,nan,nan,nan,88,26.299999237060547,0.0,33.0,0,30,-,READY owner=Surnn refs=24,"{""cmd"": ""STOP"", ""status"": ""READY"", ""detector"": ""yolo"", ""state"": ""IDLE"", ""owner"": ""Surnn"", ""score"": null, ""match_max"": 0.5, ""refs"": 24, ""match_mode"": ""none"", ""steer_zones"": 41, ""people"": 0, ""track_id"": null, ""target_ex"": 0.0, ""target_cx_vel_px_s"": 0.0, ""target_age_s"": null, ""lidar_min_m"": 0.68, ""target_lidar_m"": null, ""target_lidar_deg"": null, ""camera_range_m"
2026-07-16T16:30:33.367,1020.367,mission_20260716_161333_manual,MANUAL,,0,13.330307006835938,100.99787902832031,148.97841961016064,4,True,0.6862499713897705,1,0,0,247616,317729,0.0,0.0,0.0,0,0,nan,nan,nan,88,26.299999237060547,0.0,33.0,0,28,-,READY owner=Surnn refs=24,"{""cmd"": ""STOP"", ""status"": ""READY"", ""detector"": ""yolo"", ""state"": ""IDLE"", ""owner"": ""Surnn"", ""score"": null, ""match_max"": 0.5, ""refs"": 24, ""match_mode"": ""none"", ""steer_zones"": 41, ""people"": 0, ""track_id"": null, ""target_ex"": 0.0, ""target_cx_vel_px_s"": 0.0, ""target_age_s"": null, ""lidar_min_m"": 0.68, ""target_lidar_m"": null, ""target_lidar_deg"": null, ""camera_range_m"
2026-07-16T16:30:35.371,1022.372,mission_20260716_161333_manual,MANUAL,,0,13.330307006835938,100.99787902832031,148.97844693091733,4,True,0.6862499713897705,1,0,0,247616,317729,0.0,0.0,0.0,0,0,nan,nan,nan,88,26.299999237060547,0.0,33.0,0,29,-,READY owner=Surnn refs=24,"{""cmd"": ""STOP"", ""status"": ""READY"", ""detector"": ""yolo"", ""state"": ""IDLE"", ""owner"": ""Surnn"", ""score"": null, ""match_max"": 0.5, ""refs"": 24, ""match_mode"": ""none"", ""steer_zones"": 41, ""people"": 0, ""track_id"": null, ""target_ex"": 0.0, ""target_cx_vel_px_s"": 0.0, ""target_age_s"": null, ""lidar_min_m"": 0.68, ""target_lidar_m"": null, ""target_lidar_deg"": null, ""camera_range_m"
2026-07-16T16:30:37.371,1024.372,mission_20260716_161333_manual,MANUAL,,0,13.330302238464355,100.99788665771484,148.97186262855743,4,True,0.6855000257492065,1,0,0,247616,317729,0.0,0.0,0.0,0,0,nan,nan,nan,88,26.299999237060547,0.0,33.0,0,27,-,READY owner=Surnn refs=24,"{""cmd"": ""STOP"", ""status"": ""READY"", ""detector"": ""yolo"", ""state"": ""IDLE"", ""owner"": ""Surnn"", ""score"": null, ""match_max"": 0.5, ""refs"": 24, ""match_mode"": ""none"", ""steer_zones"": 41, ""people"": 0, ""track_id"": null, ""target_ex"": 0.0, ""target_cx_vel_px_s"": 0.0, ""target_age_s"": null, ""lidar_min_m"": 0.68, ""target_lidar_m"": null, ""target_lidar_deg"": null, ""camera_range_m"
2026-07-16T16:30:39.373,1026.373,mission_20260716_161333_manual,MANUAL,,0,13.330302238464355,100.99788665771484,148.960797722102,4,True,0.6862499713897705,1,0,0,247616,317729,0.0,0.0,0.0,0,0,nan,nan,nan,88,26.299999237060547,0.0,33.0,0,29,-,READY owner=Surnn refs=24,"{""cmd"": ""STOP"", ""status"": ""READY"", ""detector"": ""yolo"", ""state"": ""IDLE"", ""owner"": ""Surnn"", ""score"": null, ""match_max"": 0.5, ""refs"": 24, ""match_mode"": ""none"", ""steer_zones"": 41, ""people"": 0, ""track_id"": null, ""target_ex"": 0.0, ""target_cx_vel_px_s"": 0.0, ""target_age_s"": null, ""lidar_min_m"": 0.68, ""target_lidar_m"": null, ""target_lidar_deg"": null, ""camera_range_m"
2026-07-16T16:30:41.494,1028.495,mission_20260716_161333_manual,MANUAL,,0,13.330301284790039,100.99788665771484,148.9651280620358,4,True,0.6850000023841858,1,0,0,247616,317729,0.0,0.0,0.0,0,0,nan,nan,nan,88,26.299999237060547,0.0,33.0,0,28,-,READY owner=Surnn refs=24,"{""cmd"": ""STOP"", ""status"": ""READY"", ""detector"": ""yolo"", ""state"": ""IDLE"", ""owner"": ""Surnn"", ""score"": null, ""match_max"": 0.5, ""refs"": 24, ""match_mode"": ""none"", ""steer_zones"": 41, ""people"": 0, ""track_id"": null, ""target_ex"": 0.0, ""target_cx_vel_px_s"": 0.0, ""target_age_s"": null, ""lidar_min_m"": 0.68, ""target_lidar_m"": null, ""target_lidar_deg"": null, ""camera_range_m"
2026-07-16T16:30:43.610,1030.61,mission_20260716_161333_manual,MANUAL,,0,13.330304145812988,100.99788665771484,148.9633248920949,4,True,0.6852499842643738,1,0,0,247616,317729,0.0,0.0,0.0,0,0,nan,nan,nan,88,26.299999237060547,0.0,33.0,0,28,-,READY owner=Surnn refs=24,"{""cmd"": ""STOP"", ""status"": ""READY"", ""detector"": ""yolo"", ""state"": ""IDLE"", ""owner"": ""Surnn"", ""score"": null, ""match_max"": 0.5, ""refs"": 24, ""match_mode"": ""none"", ""steer_zones"": 41, ""people"": 0, ""track_id"": null, ""target_ex"": 0.0, ""target_cx_vel_px_s"": 0.0, ""target_age_s"": null, ""lidar_min_m"": 0.68, ""target_lidar_m"": null, ""target_lidar_deg"": null, ""camera_range_m"
2026-07-16T16:30:45.614,1032.614,mission_20260716_161333_manual,MANUAL,,0,13.330307006835938,100.99788665771484,148.9658110809528,4,True,0.6850000023841858,1,0,0,247616,317729,0.0,0.0,0.0,0,0,nan,nan,nan,88,26.299999237060547,0.0,33.0,0,28,-,READY owner=Surnn refs=24,"{""cmd"": ""STOP"", ""status"": ""READY"", ""detector"": ""yolo"", ""state"": ""IDLE"", ""owner"": ""Surnn"", ""score"": null, ""match_max"": 0.5, ""refs"": 24, ""match_mode"": ""none"", ""steer_zones"": 41, ""people"": 0, ""track_id"": null, ""target_ex"": 0.0, ""target_cx_vel_px_s"": 0.0, ""target_age_s"": null, ""lidar_min_m"": 0.68, ""target_lidar_m"": null, ""target_lidar_deg"": null, ""camera_range_m"
2026-07-16T16:30:47.615,1034.616,mission_20260716_161333_manual,MANUAL,,0,13.330307006835938,100.99788665771484,148.97579681751935,4,True,0.6850000023841858,1,0,0,247616,317729,0.0,0.0,0.0,0,0,nan,nan,nan,88,26.299999237060547,0.0,33.0,0,27,-,READY owner=Surnn refs=24,"{""cmd"": ""STOP"", ""status"": ""READY"", ""detector"": ""yolo"", ""state"": ""IDLE"", ""owner"": ""Surnn"", ""score"": null, ""match_max"": 0.5, ""refs"": 24, ""match_mode"": ""none"", ""steer_zones"": 41, ""people"": 0, ""track_id"": null, ""target_ex"": 0.0, ""target_cx_vel_px_s"": 0.0, ""target_age_s"": null, ""lidar_min_m"": 0.68, ""target_lidar_m"": null, ""target_lidar_deg"": null, ""camera_range_m"
2026-07-16T16:30:49.618,1036.618,mission_20260716_161333_manual,MANUAL,,0,13.330310821533203,100.99788665771484,148.98343296901143,4,True,0.6867499947547913,1,0,0,247616,317729,0.0,0.0,0.0,0,0,nan,nan,nan,88,26.299999237060547,0.0,33.0,0,26,-,READY owner=Surnn refs=24,"{""cmd"": ""STOP"", ""status"": ""READY"", ""detector"": ""yolo"", ""state"": ""IDLE"", ""owner"": ""Surnn"", ""score"": null, ""match_max"": 0.5, ""refs"": 24, ""match_mode"": ""none"", ""steer_zones"": 41, ""people"": 0, ""track_id"": null, ""target_ex"": 0.0, ""target_cx_vel_px_s"": 0.0, ""target_age_s"": null, ""lidar_min_m"": 0.68, ""target_lidar_m"": null, ""target_lidar_deg"": null, ""camera_range_m"
2026-07-16T16:30:51.744,1038.744,mission_20260716_161333_manual,MANUAL,,0,13.33030891418457,100.99788665771484,148.98142489339546,4,True,0.6850000023841858,1,0,0,247616,317729,0.0,0.0,0.0,0,0,nan,nan,nan,88,26.299999237060547,0.0,33.0,0,26,-,READY owner=Surnn refs=24,"{""cmd"": ""STOP"", ""status"": ""READY"", ""detector"": ""yolo"", ""state"": ""IDLE"", ""owner"": ""Surnn"", ""score"": null, ""match_max"": 0.5, ""refs"": 24, ""match_mode"": ""none"", ""steer_zones"": 41, ""people"": 0, ""track_id"": null, ""target_ex"": 0.0, ""target_cx_vel_px_s"": 0.0, ""target_age_s"": null, ""lidar_min_m"": 0.68, ""target_lidar_m"": null, ""target_lidar_deg"": null, ""camera_range_m"
2026-07-16T16:30:53.872,1040.873,mission_20260716_161333_manual,MANUAL,,0,13.330307006835938,100.99788665771484,148.97604270432947,4,True,0.6852499842643738,1,0,0,247616,317729,0.0,0.0,0.0,0,0,nan,nan,nan,88,26.299999237060547,0.0,33.0,0,25,-,READY owner=Surnn refs=24,"{""cmd"": ""STOP"", ""status"": ""READY"", ""detector"": ""yolo"", ""state"": ""IDLE"", ""owner"": ""Surnn"", ""score"": null, ""match_max"": 0.5, ""refs"": 24, ""match_mode"": ""none"", ""steer_zones"": 41, ""people"": 0, ""track_id"": null, ""target_ex"": 0.0, ""target_cx_vel_px_s"": 0.0, ""target_age_s"": null, ""lidar_min_m"": 0.68, ""target_lidar_m"": null, ""target_lidar_deg"": null, ""camera_range_m"
2026-07-16T16:30:56.000,1043.001,mission_20260716_161333_manual,MANUAL,,0,13.330307006835938,100.99788665771484,148.96264187317792,4,True,0.6859999895095825,1,0,0,247616,317729,0.0,0.0,0.0,0,0,nan,nan,nan,88,26.299999237060547,0.0,33.0,0,25,-,READY owner=Surnn refs=24,"{""cmd"": ""STOP"", ""status"": ""READY"", ""detector"": ""yolo"", ""state"": ""IDLE"", ""owner"": ""Surnn"", ""score"": null, ""match_max"": 0.5, ""refs"": 24, ""match_mode"": ""none"", ""steer_zones"": 41, ""people"": 0, ""track_id"": null, ""target_ex"": 0.0, ""target_cx_vel_px_s"": 0.0, ""target_age_s"": null, ""lidar_min_m"": 0.68, ""target_lidar_m"": null, ""target_lidar_deg"": null, ""camera_range_m"
2026-07-16T16:30:58.132,1045.133,mission_20260716_161333_manual,MANUAL,,0,13.330307006835938,100.99788665771484,148.9532162121233,4,True,0.6850000023841858,1,0,0,247616,317729,0.0,0.0,0.0,0,0,nan,nan,nan,88,26.299999237060547,0.0,33.0,0,25,-,READY owner=Surnn refs=24,"{""cmd"": ""STOP"", ""status"": ""READY"", ""detector"": ""yolo"", ""state"": ""IDLE"", ""owner"": ""Surnn"", ""score"": null, ""match_max"": 0.5, ""refs"": 24, ""match_mode"": ""none"", ""steer_zones"": 41, ""people"": 0, ""track_id"": null, ""target_ex"": 0.0, ""target_cx_vel_px_s"": 0.0, ""target_age_s"": null, ""lidar_min_m"": 0.68, ""target_lidar_m"": null, ""target_lidar_deg"": null, ""camera_range_m"
2026-07-16T16:31:00.248,1047.248,mission_20260716_161333_manual,MANUAL,,0,13.330307006835938,100.99788665771484,148.9531888913666,4,True,0.6867499947547913,1,0,0,247616,317729,0.0,0.0,0.0,0,0,nan,nan,nan,88,26.299999237060547,0.0,33.0,0,29,-,READY owner=Surnn refs=24,"{""cmd"": ""STOP"", ""status"": ""READY"", ""detector"": ""yolo"", ""state"": ""IDLE"", ""owner"": ""Surnn"", ""score"": null, ""match_max"": 0.5, ""refs"": 24, ""match_mode"": ""none"", ""steer_zones"": 41, ""people"": 0, ""track_id"": null, ""target_ex"": 0.0, ""target_cx_vel_px_s"": 0.0, ""target_age_s"": null, ""lidar_min_m"": 0.68, ""target_lidar_m"": null, ""target_lidar_deg"": null, ""camera_range_m"
2026-07-16T16:31:02.381,1049.382,mission_20260716_161333_manual,MANUAL,,0,13.330307006835938,100.99788665771484,148.94436428695894,4,True,0.6865000128746033,1,0,0,247616,317729,0.0,0.0,0.0,0,0,nan,nan,nan,88,26.299999237060547,0.0,33.0,0,26,-,READY owner=Surnn refs=24,"{""cmd"": ""STOP"", ""status"": ""READY"", ""detector"": ""yolo"", ""state"": ""IDLE"", ""owner"": ""Surnn"", ""score"": null, ""match_max"": 0.5, ""refs"": 24, ""match_mode"": ""none"", ""steer_zones"": 41, ""people"": 0, ""track_id"": null, ""target_ex"": 0.0, ""target_cx_vel_px_s"": 0.0, ""target_age_s"": null, ""lidar_min_m"": 0.68, ""target_lidar_m"": null, ""target_lidar_deg"": null, ""camera_range_m"
2026-07-16T16:31:04.504,1051.505,mission_20260716_161333_manual,MANUAL,,0,13.33030891418457,100.99787902832031,148.96174028820747,4,True,0.6857500076293945,1,0,0,247616,317729,0.0,0.0,0.0,0,0,nan,nan,nan,88,26.299999237060547,0.0,33.0,0,29,-,READY owner=Surnn refs=24,"{""cmd"": ""STOP"", ""status"": ""READY"", ""detector"": ""yolo"", ""state"": ""IDLE"", ""owner"": ""Surnn"", ""score"": null, ""match_max"": 0.5, ""refs"": 24, ""match_mode"": ""none"", ""steer_zones"": 41, ""people"": 0, ""track_id"": null, ""target_ex"": 0.0, ""target_cx_vel_px_s"": 0.0, ""target_age_s"": null, ""lidar_min_m"": 0.68, ""target_lidar_m"": null, ""target_lidar_deg"": null, ""camera_range_m"
2026-07-16T16:31:06.628,1053.628,mission_20260716_161333_manual,MANUAL,,0,13.330310821533203,100.99787902832031,148.98030474237157,4,True,0.6857500076293945,1,0,0,247616,317729,0.0,0.0,0.0,0,0,nan,nan,nan,88,26.299999237060547,0.0,33.0,0,29,-,READY owner=Surnn refs=24,"{""cmd"": ""STOP"", ""status"": ""READY"", ""detector"": ""yolo"", ""state"": ""IDLE"", ""owner"": ""Surnn"", ""score"": null, ""match_max"": 0.5, ""refs"": 24, ""match_mode"": ""none"", ""steer_zones"": 41, ""people"": 0, ""track_id"": null, ""target_ex"": 0.0, ""target_cx_vel_px_s"": 0.0, ""target_age_s"": null, ""lidar_min_m"": 0.68, ""target_lidar_m"": null, ""target_lidar_deg"": null, ""camera_range_m"
2026-07-16T16:31:08.746,1055.746,mission_20260716_161333_manual,MANUAL,,0,13.330309867858887,100.99787902832031,149.00214768733727,4,True,0.6859999895095825,1,0,0,247616,317729,0.0,0.0,0.0,0,0,nan,nan,nan,88,26.299999237060547,0.0,33.0,0,29,-,READY owner=Surnn refs=24,"{""cmd"": ""STOP"", ""status"": ""READY"", ""detector"": ""yolo"", ""state"": ""IDLE"", ""owner"": ""Surnn"", ""score"": null, ""match_max"": 0.5, ""refs"": 24, ""match_mode"": ""none"", ""steer_zones"": 41, ""people"": 0, ""track_id"": null, ""target_ex"": 0.0, ""target_cx_vel_px_s"": 0.0, ""target_age_s"": null, ""lidar_min_m"": 0.68, ""target_lidar_m"": null, ""target_lidar_deg"": null, ""camera_range_m"
2026-07-16T16:31:10.747,1057.747,mission_20260716_161333_manual,MANUAL,,0,13.330309867858887,100.99787902832031,149.00808995191517,4,True,0.6837499737739563,1,0,0,247616,317729,0.0,0.0,0.0,0,0,nan,nan,nan,88,26.299999237060547,0.0,33.0,0,29,-,READY owner=Surnn refs=24,"{""cmd"": ""STOP"", ""status"": ""READY"", ""detector"": ""yolo"", ""state"": ""IDLE"", ""owner"": ""Surnn"", ""score"": null, ""match_max"": 0.5, ""refs"": 24, ""match_mode"": ""none"", ""steer_zones"": 41, ""people"": 0, ""track_id"": null, ""target_ex"": 0.0, ""target_cx_vel_px_s"": 0.0, ""target_age_s"": null, ""lidar_min_m"": 0.68, ""target_lidar_m"": null, ""target_lidar_deg"": null, ""camera_range_m"
2026-07-16T16:31:12.748,1059.749,mission_20260716_161333_manual,MANUAL,,0,13.330307960510254,100.99787902832031,149.02453704743655,4,True,0.6850000023841858,1,0,0,247616,317729,0.0,0.0,0.0,0,0,nan,nan,nan,88,26.299999237060547,0.0,33.0,0,29,-,READY owner=Surnn refs=24,"{""cmd"": ""STOP"", ""status"": ""READY"", ""detector"": ""yolo"", ""state"": ""IDLE"", ""owner"": ""Surnn"", ""score"": null, ""match_max"": 0.5, ""refs"": 24, ""match_mode"": ""none"", ""steer_zones"": 41, ""people"": 0, ""track_id"": null, ""target_ex"": 0.0, ""target_cx_vel_px_s"": 0.0, ""target_age_s"": null, ""lidar_min_m"": 0.68, ""target_lidar_m"": null, ""target_lidar_deg"": null, ""camera_range_m"
2026-07-16T16:31:14.878,1061.878,mission_20260716_161333_manual,MANUAL,,0,13.330306053161621,100.99787902832031,149.0387438409102,4,True,0.6855000257492065,1,0,0,247616,317729,0.0,0.0,0.0,0,0,nan,nan,nan,88,26.299999237060547,0.0,33.0,0,29,-,READY owner=Surnn refs=24,"{""cmd"": ""STOP"", ""status"": ""READY"", ""detector"": ""yolo"", ""state"": ""IDLE"", ""owner"": ""Surnn"", ""score"": null, ""match_max"": 0.5, ""refs"": 24, ""match_mode"": ""none"", ""steer_zones"": 41, ""people"": 0, ""track_id"": null, ""target_ex"": 0.0, ""target_cx_vel_px_s"": 0.0, ""target_age_s"": null, ""lidar_min_m"": 0.68, ""target_lidar_m"": null, ""target_lidar_deg"": null, ""camera_range_m"
2026-07-16T16:31:16.882,1063.882,mission_20260716_161333_manual,MANUAL,,0,13.330306053161621,100.99787902832031,149.05053274741763,4,True,0.6862499713897705,1,0,0,247616,317729,0.0,0.0,0.0,0,0,nan,nan,nan,88,26.299999237060547,0.0,33.0,0,29,-,READY owner=Surnn refs=24,"{""cmd"": ""STOP"", ""status"": ""READY"", ""detector"": ""yolo"", ""state"": ""IDLE"", ""owner"": ""Surnn"", ""score"": null, ""match_max"": 0.5, ""refs"": 24, ""match_mode"": ""none"", ""steer_zones"": 41, ""people"": 0, ""track_id"": null, ""target_ex"": 0.0, ""target_cx_vel_px_s"": 0.0, ""target_age_s"": null, ""lidar_min_m"": 0.68, ""target_lidar_m"": null, ""target_lidar_deg"": null, ""camera_range_m"
2026-07-16T16:31:19.007,1066.007,mission_20260716_161333_manual,MANUAL,,0,13.330305099487305,100.99787902832031,149.0654772013216,4,True,0.6865000128746033,1,0,0,247616,317729,0.0,0.0,0.0,0,0,nan,nan,nan,88,26.299999237060547,0.0,33.0,0,29,-,READY owner=Surnn refs=24,"{""cmd"": ""STOP"", ""status"": ""READY"", ""detector"": ""yolo"", ""state"": ""IDLE"", ""owner"": ""Surnn"", ""score"": null, ""match_max"": 0.5, ""refs"": 24, ""match_mode"": ""none"", ""steer_zones"": 41, ""people"": 0, ""track_id"": null, ""target_ex"": 0.0, ""target_cx_vel_px_s"": 0.0, ""target_age_s"": null, ""lidar_min_m"": 0.68, ""target_lidar_m"": null, ""target_lidar_deg"": null, ""camera_range_m"
2026-07-16T16:31:21.127,1068.127,mission_20260716_161333_manual,MANUAL,,0,13.330303192138672,100.99787902832031,149.08576286315656,4,True,0.6859999895095825,1,0,0,247616,317729,0.0,0.0,0.0,0,0,nan,nan,nan,88,26.299999237060547,0.0,33.0,0,30,-,READY owner=Surnn refs=24,"{""cmd"": ""STOP"", ""status"": ""READY"", ""detector"": ""yolo"", ""state"": ""IDLE"", ""owner"": ""Surnn"", ""score"": null, ""match_max"": 0.5, ""refs"": 24, ""match_mode"": ""none"", ""steer_zones"": 41, ""people"": 0, ""track_id"": null, ""target_ex"": 0.0, ""target_cx_vel_px_s"": 0.0, ""target_age_s"": null, ""lidar_min_m"": 0.68, ""target_lidar_m"": null, ""target_lidar_deg"": null, ""camera_range_m"
2026-07-16T16:31:23.137,1070.137,mission_20260716_161333_manual,MANUAL,,0,13.330302238464355,100.99787902832031,149.08693765569382,4,True,0.6857500076293945,1,0,0,247616,317729,0.0,0.0,0.0,0,0,nan,nan,nan,88,26.299999237060547,0.0,33.0,0,30,-,READY owner=Surnn refs=24,"{""cmd"": ""STOP"", ""status"": ""READY"", ""detector"": ""yolo"", ""state"": ""IDLE"", ""owner"": ""Surnn"", ""score"": null, ""match_max"": 0.5, ""refs"": 24, ""match_mode"": ""none"", ""steer_zones"": 41, ""people"": 0, ""track_id"": null, ""target_ex"": 0.0, ""target_cx_vel_px_s"": 0.0, ""target_age_s"": null, ""lidar_min_m"": 0.68, ""target_lidar_m"": null, ""target_lidar_deg"": null, ""camera_range_m"
2026-07-16T16:31:25.248,1072.248,mission_20260716_161333_manual,MANUAL,,0,13.330303192138672,100.99787902832031,149.0973468639889,4,True,0.6852499842643738,1,0,0,247616,317729,0.0,0.0,0.0,0,0,nan,nan,nan,88,26.299999237060547,0.0,33.0,0,30,-,READY owner=Surnn refs=24,"{""cmd"": ""STOP"", ""status"": ""READY"", ""detector"": ""yolo"", ""state"": ""IDLE"", ""owner"": ""Surnn"", ""score"": null, ""match_max"": 0.5, ""refs"": 24, ""match_mode"": ""none"", ""steer_zones"": 41, ""people"": 0, ""track_id"": null, ""target_ex"": 0.0, ""target_cx_vel_px_s"": 0.0, ""target_age_s"": null, ""lidar_min_m"": 0.68, ""target_lidar_m"": null, ""target_lidar_deg"": null, ""camera_range_m"
2026-07-16T16:31:27.375,1074.376,mission_20260716_161333_manual,MANUAL,,0,13.330302238464355,100.99787902832031,149.11032422341194,4,True,0.6850000023841858,1,0,0,247616,317729,0.0,0.0,0.0,0,0,nan,nan,nan,88,26.299999237060547,0.0,33.0,0,29,-,READY owner=Surnn refs=24,"{""cmd"": ""STOP"", ""status"": ""READY"", ""detector"": ""yolo"", ""state"": ""IDLE"", ""owner"": ""Surnn"", ""score"": null, ""match_max"": 0.5, ""refs"": 24, ""match_mode"": ""none"", ""steer_zones"": 41, ""people"": 0, ""track_id"": null, ""target_ex"": 0.0, ""target_cx_vel_px_s"": 0.0, ""target_age_s"": null, ""lidar_min_m"": 0.68, ""target_lidar_m"": null, ""target_lidar_deg"": null, ""camera_range_m"
2026-07-16T16:31:29.498,1076.499,mission_20260716_161333_manual,MANUAL,,0,13.330300331115723,100.99787902832031,149.11785109187727,4,True,0.6852499842643738,1,0,0,247616,317729,0.0,0.0,0.0,0,0,nan,nan,nan,88,26.299999237060547,0.0,33.0,0,29,-,READY owner=Surnn refs=24,"{""cmd"": ""STOP"", ""status"": ""READY"", ""detector"": ""yolo"", ""state"": ""IDLE"", ""owner"": ""Surnn"", ""score"": null, ""match_max"": 0.5, ""refs"": 24, ""match_mode"": ""none"", ""steer_zones"": 41, ""people"": 0, ""track_id"": null, ""target_ex"": 0.0, ""target_cx_vel_px_s"": 0.0, ""target_age_s"": null, ""lidar_min_m"": 0.68, ""target_lidar_m"": null, ""target_lidar_deg"": null, ""camera_range_m"
2026-07-16T16:31:31.628,1078.629,mission_20260716_161333_manual,MANUAL,,0,13.330299377441406,100.99787902832031,149.1391886028444,4,True,0.6847500205039978,1,0,0,247616,317729,0.0,0.0,0.0,0,0,nan,nan,nan,88,26.299999237060547,0.0,33.0,0,30,-,READY owner=Surnn refs=24,"{""cmd"": ""STOP"", ""status"": ""READY"", ""detector"": ""yolo"", ""state"": ""IDLE"", ""owner"": ""Surnn"", ""score"": null, ""match_max"": 0.5, ""refs"": 24, ""match_mode"": ""none"", ""steer_zones"": 41, ""people"": 0, ""track_id"": null, ""target_ex"": 0.0, ""target_cx_vel_px_s"": 0.0, ""target_age_s"": null, ""lidar_min_m"": 0.68, ""target_lidar_m"": null, ""target_lidar_deg"": null, ""camera_range_m"
2026-07-16T16:31:33.629,1080.629,mission_20260716_161333_manual,MANUAL,,0,13.330300331115723,100.99787902832031,149.14842301860224,4,True,0.6855000257492065,1,0,0,247616,317729,0.0,0.0,0.0,0,0,nan,nan,nan,88,26.299999237060547,0.0,33.0,0,30,-,READY owner=Surnn refs=24,"{""cmd"": ""STOP"", ""status"": ""READY"", ""detector"": ""yolo"", ""state"": ""IDLE"", ""owner"": ""Surnn"", ""score"": null, ""match_max"": 0.5, ""refs"": 24, ""match_mode"": ""none"", ""steer_zones"": 41, ""people"": 0, ""track_id"": null, ""target_ex"": 0.0, ""target_cx_vel_px_s"": 0.0, ""target_age_s"": null, ""lidar_min_m"": 0.68, ""target_lidar_m"": null, ""target_lidar_deg"": null, ""camera_range_m"
2026-07-16T16:31:35.753,1082.754,mission_20260716_161333_manual,MANUAL,,0,13.330300331115723,100.99787902832031,149.15921471749087,4,True,0.6850000023841858,1,0,0,247616,317729,0.0,0.0,0.0,0,0,nan,nan,nan,88,26.299999237060547,0.0,33.0,0,30,-,READY owner=Surnn refs=24,"{""cmd"": ""STOP"", ""status"": ""READY"", ""detector"": ""yolo"", ""state"": ""IDLE"", ""owner"": ""Surnn"", ""score"": null, ""match_max"": 0.5, ""refs"": 24, ""match_mode"": ""none"", ""steer_zones"": 41, ""people"": 0, ""track_id"": null, ""target_ex"": 0.0, ""target_cx_vel_px_s"": 0.0, ""target_age_s"": null, ""lidar_min_m"": 0.68, ""target_lidar_m"": null, ""target_lidar_deg"": null, ""camera_range_m"
2026-07-16T16:31:37.880,1084.881,mission_20260716_161333_manual,MANUAL,,0,13.330301284790039,100.99787902832031,149.1680939634119,4,True,0.6857500076293945,1,0,0,247616,317729,0.0,0.0,0.0,0,0,nan,nan,nan,88,26.299999237060547,0.0,33.0,0,30,-,READY owner=Surnn refs=24,"{""cmd"": ""STOP"", ""status"": ""READY"", ""detector"": ""yolo"", ""state"": ""IDLE"", ""owner"": ""Surnn"", ""score"": null, ""match_max"": 0.5, ""refs"": 24, ""match_mode"": ""none"", ""steer_zones"": 41, ""people"": 0, ""track_id"": null, ""target_ex"": 0.0, ""target_cx_vel_px_s"": 0.0, ""target_age_s"": null, ""lidar_min_m"": 0.68, ""target_lidar_m"": null, ""target_lidar_deg"": null, ""camera_range_m"
2026-07-16T16:31:39.999,1086.999,mission_20260716_161333_manual,MANUAL,,0,13.330303192138672,100.99787902832031,149.1685720766538,4,True,0.687250018119812,1,0,0,247616,317729,0.0,0.0,0.0,0,0,nan,nan,nan,88,26.299999237060547,0.0,33.0,0,29,-,READY owner=Surnn refs=24,"{""cmd"": ""STOP"", ""status"": ""READY"", ""detector"": ""yolo"", ""state"": ""IDLE"", ""owner"": ""Surnn"", ""score"": null, ""match_max"": 0.5, ""refs"": 24, ""match_mode"": ""none"", ""steer_zones"": 41, ""people"": 0, ""track_id"": null, ""target_ex"": 0.0, ""target_cx_vel_px_s"": 0.0, ""target_age_s"": null, ""lidar_min_m"": 0.68, ""target_lidar_m"": null, ""target_lidar_deg"": null, ""camera_range_m"
2026-07-16T16:31:42.121,1089.121,mission_20260716_161333_manual,MANUAL,,0,13.330304145812988,100.99787902832031,149.17354445436956,4,True,0.6852499842643738,1,0,0,247616,317729,0.0,0.0,0.0,0,0,nan,nan,nan,88,26.299999237060547,0.0,33.0,0,30,-,READY owner=Surnn refs=24,"{""cmd"": ""STOP"", ""status"": ""READY"", ""detector"": ""yolo"", ""state"": ""IDLE"", ""owner"": ""Surnn"", ""score"": null, ""match_max"": 0.5, ""refs"": 24, ""match_mode"": ""none"", ""steer_zones"": 41, ""people"": 0, ""track_id"": null, ""target_ex"": 0.0, ""target_cx_vel_px_s"": 0.0, ""target_age_s"": null, ""lidar_min_m"": 0.68, ""target_lidar_m"": null, ""target_lidar_deg"": null, ""camera_range_m"
2026-07-16T16:31:44.122,1091.122,mission_20260716_161333_manual,MANUAL,,0,13.330304145812988,100.99787902832031,149.18933585173065,4,True,0.6862499713897705,1,0,0,247616,317729,0.0,0.0,0.0,0,0,nan,nan,nan,88,26.299999237060547,0.0,33.0,0,30,-,READY owner=Surnn refs=24,"{""cmd"": ""STOP"", ""status"": ""READY"", ""detector"": ""yolo"", ""state"": ""IDLE"", ""owner"": ""Surnn"", ""score"": null, ""match_max"": 0.5, ""refs"": 24, ""match_mode"": ""none"", ""steer_zones"": 41, ""people"": 0, ""track_id"": null, ""target_ex"": 0.0, ""target_cx_vel_px_s"": 0.0, ""target_age_s"": null, ""lidar_min_m"": 0.68, ""target_lidar_m"": null, ""target_lidar_deg"": null, ""camera_range_m"
2026-07-16T16:31:46.123,1093.123,mission_20260716_161333_manual,MANUAL,,0,13.330304145812988,100.99787902832031,149.2063157020073,4,True,0.6857500076293945,1,0,0,247616,317729,0.0,0.0,0.0,0,0,nan,nan,nan,88,26.299999237060547,0.0,33.0,0,31,-,READY owner=Surnn refs=24,"{""cmd"": ""STOP"", ""status"": ""READY"", ""detector"": ""yolo"", ""state"": ""IDLE"", ""owner"": ""Surnn"", ""score"": null, ""match_max"": 0.5, ""refs"": 24, ""match_mode"": ""none"", ""steer_zones"": 41, ""people"": 0, ""track_id"": null, ""target_ex"": 0.0, ""target_cx_vel_px_s"": 0.0, ""target_age_s"": null, ""lidar_min_m"": 0.68, ""target_lidar_m"": null, ""target_lidar_deg"": null, ""camera_range_m"
2026-07-16T16:31:48.125,1095.125,mission_20260716_161333_manual,MANUAL,,0,13.330304145812988,100.99787902832031,149.21971653315885,4,True,0.6884999871253967,1,0,0,247616,317729,0.0,0.0,0.0,0,0,nan,nan,nan,88,26.299999237060547,0.0,33.0,0,31,-,READY owner=Surnn refs=24,"{""cmd"": ""STOP"", ""status"": ""READY"", ""detector"": ""yolo"", ""state"": ""IDLE"", ""owner"": ""Surnn"", ""score"": null, ""match_max"": 0.5, ""refs"": 24, ""match_mode"": ""none"", ""steer_zones"": 41, ""people"": 0, ""track_id"": null, ""target_ex"": 0.0, ""target_cx_vel_px_s"": 0.0, ""target_age_s"": null, ""lidar_min_m"": 0.68, ""target_lidar_m"": null, ""target_lidar_deg"": null, ""camera_range_m"
2026-07-16T16:31:50.247,1097.248,mission_20260716_161333_manual,MANUAL,,0,13.330304145812988,100.99787902832031,149.22496211844143,4,True,0.6859999895095825,1,0,0,247616,317729,0.0,0.0,0.0,0,0,nan,nan,nan,88,26.299999237060547,0.0,33.0,0,31,-,READY owner=Surnn refs=24,"{""cmd"": ""STOP"", ""status"": ""READY"", ""detector"": ""yolo"", ""state"": ""IDLE"", ""owner"": ""Surnn"", ""score"": null, ""match_max"": 0.5, ""refs"": 24, ""match_mode"": ""none"", ""steer_zones"": 41, ""people"": 0, ""track_id"": null, ""target_ex"": 0.0, ""target_cx_vel_px_s"": 0.0, ""target_age_s"": null, ""lidar_min_m"": 0.68, ""target_lidar_m"": null, ""target_lidar_deg"": null, ""camera_range_m"
2026-07-16T16:31:52.376,1099.376,mission_20260716_161333_manual,MANUAL,,0,13.330304145812988,100.99787902832031,149.22616423173534,4,True,0.6865000128746033,1,0,0,247616,317729,0.0,0.0,0.0,0,0,nan,nan,nan,88,26.299999237060547,0.0,33.0,0,31,-,READY owner=Surnn refs=24,"{""cmd"": ""STOP"", ""status"": ""READY"", ""detector"": ""yolo"", ""state"": ""IDLE"", ""owner"": ""Surnn"", ""score"": null, ""match_max"": 0.5, ""refs"": 24, ""match_mode"": ""none"", ""steer_zones"": 41, ""people"": 0, ""track_id"": null, ""target_ex"": 0.0, ""target_cx_vel_px_s"": 0.0, ""target_age_s"": null, ""lidar_min_m"": 0.68, ""target_lidar_m"": null, ""target_lidar_deg"": null, ""camera_range_m"
2026-07-16T16:31:54.381,1101.381,mission_20260716_161333_manual,MANUAL,,0,13.330303192138672,100.99787902832031,149.2321611378266,4,True,0.6852499842643738,1,0,0,247616,317729,0.0,0.0,0.0,0,0,nan,nan,nan,88,26.299999237060547,0.0,33.0,0,30,-,READY owner=Surnn refs=24,"{""cmd"": ""STOP"", ""status"": ""READY"", ""detector"": ""yolo"", ""state"": ""IDLE"", ""owner"": ""Surnn"", ""score"": null, ""match_max"": 0.5, ""refs"": 24, ""match_mode"": ""none"", ""steer_zones"": 41, ""people"": 0, ""track_id"": null, ""target_ex"": 0.0, ""target_cx_vel_px_s"": 0.0, ""target_age_s"": null, ""lidar_min_m"": 0.68, ""target_lidar_m"": null, ""target_lidar_deg"": null, ""camera_range_m"
2026-07-16T16:31:56.384,1103.384,mission_20260716_161333_manual,MANUAL,,0,13.330303192138672,100.99787902832031,149.23057653393917,4,True,0.6852499842643738,1,0,0,247616,317729,0.0,0.0,0.0,0,0,nan,nan,nan,88,26.299999237060547,0.0,33.0,0,31,-,READY owner=Surnn refs=24,"{""cmd"": ""STOP"", ""status"": ""READY"", ""detector"": ""yolo"", ""state"": ""IDLE"", ""owner"": ""Surnn"", ""score"": null, ""match_max"": 0.5, ""refs"": 24, ""match_mode"": ""none"", ""steer_zones"": 41, ""people"": 0, ""track_id"": null, ""target_ex"": 0.0, ""target_cx_vel_px_s"": 0.0, ""target_age_s"": null, ""lidar_min_m"": 0.68, ""target_lidar_m"": null, ""target_lidar_deg"": null, ""camera_range_m"
2026-07-16T16:31:58.392,1105.393,mission_20260716_161333_manual,MANUAL,,0,13.330302238464355,100.99787902832031,149.21652000462728,4,True,0.6857500076293945,1,0,0,247616,317729,0.0,0.0,0.0,0,0,nan,nan,nan,88,26.299999237060547,0.0,33.0,0,30,-,READY owner=Surnn refs=24,"{""cmd"": ""STOP"", ""status"": ""READY"", ""detector"": ""yolo"", ""state"": ""IDLE"", ""owner"": ""Surnn"", ""score"": null, ""match_max"": 0.5, ""refs"": 24, ""match_mode"": ""none"", ""steer_zones"": 41, ""people"": 0, ""track_id"": null, ""target_ex"": 0.0, ""target_cx_vel_px_s"": 0.0, ""target_age_s"": null, ""lidar_min_m"": 0.68, ""target_lidar_m"": null, ""target_lidar_deg"": null, ""camera_range_m"
2026-07-16T16:32:00.402,1107.402,mission_20260716_161333_manual,MANUAL,,0,13.330301284790039,100.99787902832031,149.21330981571737,4,True,0.6857500076293945,1,0,0,247616,317729,0.0,0.0,0.0,0,0,nan,nan,nan,88,26.299999237060547,0.0,33.0,0,31,-,READY owner=Surnn refs=24,"{""cmd"": ""STOP"", ""status"": ""READY"", ""detector"": ""yolo"", ""state"": ""IDLE"", ""owner"": ""Surnn"", ""score"": null, ""match_max"": 0.5, ""refs"": 24, ""match_mode"": ""none"", ""steer_zones"": 41, ""people"": 0, ""track_id"": null, ""target_ex"": 0.0, ""target_cx_vel_px_s"": 0.0, ""target_age_s"": null, ""lidar_min_m"": 0.68, ""target_lidar_m"": null, ""target_lidar_deg"": null, ""camera_range_m"
2026-07-16T16:32:02.524,1109.525,mission_20260716_161333_manual,MANUAL,,0,13.330299377441406,100.99787902832031,149.215304230955,4,True,0.6850000023841858,1,0,0,247616,317729,0.0,0.0,0.0,0,0,nan,nan,nan,88,26.299999237060547,0.0,33.0,0,31,-,READY owner=Surnn refs=24,"{""cmd"": ""STOP"", ""status"": ""READY"", ""detector"": ""yolo"", ""state"": ""IDLE"", ""owner"": ""Surnn"", ""score"": null, ""match_max"": 0.5, ""refs"": 24, ""match_mode"": ""none"", ""steer_zones"": 41, ""people"": 0, ""track_id"": null, ""target_ex"": 0.0, ""target_cx_vel_px_s"": 0.0, ""target_age_s"": null, ""lidar_min_m"": 0.68, ""target_lidar_m"": null, ""target_lidar_deg"": null, ""camera_range_m"
2026-07-16T16:32:04.652,1111.652,mission_20260716_161333_manual,MANUAL,,0,13.330297470092773,100.99787902832031,149.20929366448541,4,True,0.6859999895095825,1,0,0,247616,317729,0.0,0.0,0.0,0,0,nan,nan,nan,88,26.299999237060547,0.0,33.0,0,30,-,READY owner=Surnn refs=24,"{""cmd"": ""STOP"", ""status"": ""READY"", ""detector"": ""yolo"", ""state"": ""IDLE"", ""owner"": ""Surnn"", ""score"": null, ""match_max"": 0.5, ""refs"": 24, ""match_mode"": ""none"", ""steer_zones"": 41, ""people"": 0, ""track_id"": null, ""target_ex"": 0.0, ""target_cx_vel_px_s"": 0.0, ""target_age_s"": null, ""lidar_min_m"": 0.68, ""target_lidar_m"": null, ""target_lidar_deg"": null, ""camera_range_m"
2026-07-16T16:32:06.773,1113.773,mission_20260716_161333_manual,MANUAL,,0,13.330296516418457,100.99787902832031,149.2123945703686,4,True,0.6852499842643738,1,0,0,247616,317729,0.0,0.0,0.0,0,0,nan,nan,nan,88,26.299999237060547,0.0,33.0,0,31,-,READY owner=Surnn refs=24,"{""cmd"": ""STOP"", ""status"": ""READY"", ""detector"": ""yolo"", ""state"": ""IDLE"", ""owner"": ""Surnn"", ""score"": null, ""match_max"": 0.5, ""refs"": 24, ""match_mode"": ""none"", ""steer_zones"": 41, ""people"": 0, ""track_id"": null, ""target_ex"": 0.0, ""target_cx_vel_px_s"": 0.0, ""target_age_s"": null, ""lidar_min_m"": 0.68, ""target_lidar_m"": null, ""target_lidar_deg"": null, ""camera_range_m"
2026-07-16T16:32:08.888,1115.888,mission_20260716_161333_manual,MANUAL,,0,13.33029556274414,100.99787902832031,149.2100040041591,4,True,0.684499979019165,1,0,0,247616,317729,0.0,0.0,0.0,0,0,nan,nan,nan,88,26.299999237060547,0.0,33.0,0,30,-,READY owner=Surnn refs=24,"{""cmd"": ""STOP"", ""status"": ""READY"", ""detector"": ""yolo"", ""state"": ""IDLE"", ""owner"": ""Surnn"", ""score"": null, ""match_max"": 0.5, ""refs"": 24, ""match_mode"": ""none"", ""steer_zones"": 41, ""people"": 0, ""track_id"": null, ""target_ex"": 0.0, ""target_cx_vel_px_s"": 0.0, ""target_age_s"": null, ""lidar_min_m"": 0.68, ""target_lidar_m"": null, ""target_lidar_deg"": null, ""camera_range_m"
2026-07-16T16:32:11.005,1118.005,mission_20260716_161333_manual,MANUAL,,0,13.330294609069824,100.99787902832031,149.21381524971596,4,True,0.6850000023841858,1,0,0,247616,317729,0.0,0.0,0.0,0,0,nan,nan,nan,88,26.299999237060547,0.0,33.0,0,30,-,READY owner=Surnn refs=24,"{""cmd"": ""STOP"", ""status"": ""READY"", ""detector"": ""yolo"", ""state"": ""IDLE"", ""owner"": ""Surnn"", ""score"": null, ""match_max"": 0.5, ""refs"": 24, ""match_mode"": ""none"", ""steer_zones"": 41, ""people"": 0, ""track_id"": null, ""target_ex"": 0.0, ""target_cx_vel_px_s"": 0.0, ""target_age_s"": null, ""lidar_min_m"": 0.68, ""target_lidar_m"": null, ""target_lidar_deg"": null, ""camera_range_m"
2026-07-16T16:32:13.134,1120.134,mission_20260716_161333_manual,MANUAL,,0,13.330293655395508,100.99787902832031,149.21149298539817,4,True,0.6847500205039978,1,0,0,247616,317729,0.0,0.0,0.0,0,0,nan,nan,nan,88,26.299999237060547,0.0,33.0,0,30,-,READY owner=Surnn refs=24,"{""cmd"": ""STOP"", ""status"": ""READY"", ""detector"": ""yolo"", ""state"": ""IDLE"", ""owner"": ""Surnn"", ""score"": null, ""match_max"": 0.5, ""refs"": 24, ""match_mode"": ""none"", ""steer_zones"": 41, ""people"": 0, ""track_id"": null, ""target_ex"": 0.0, ""target_cx_vel_px_s"": 0.0, ""target_age_s"": null, ""lidar_min_m"": 0.68, ""target_lidar_m"": null, ""target_lidar_deg"": null, ""camera_range_m"
2026-07-16T16:32:15.244,1122.244,mission_20260716_161333_manual,MANUAL,,0,13.330292701721191,100.99787902832031,149.21764015565117,4,True,0.6857500076293945,1,0,0,247616,317729,0.0,0.0,0.0,0,0,nan,nan,nan,88,26.299999237060547,0.0,33.0,0,30,-,READY owner=Surnn refs=24,"{""cmd"": ""STOP"", ""status"": ""READY"", ""detector"": ""yolo"", ""state"": ""IDLE"", ""owner"": ""Surnn"", ""score"": null, ""match_max"": 0.5, ""refs"": 24, ""match_mode"": ""none"", ""steer_zones"": 41, ""people"": 0, ""track_id"": null, ""target_ex"": 0.0, ""target_cx_vel_px_s"": 0.0, ""target_age_s"": null, ""lidar_min_m"": 0.68, ""target_lidar_m"": null, ""target_lidar_deg"": null, ""camera_range_m"
2026-07-16T16:32:17.372,1124.372,mission_20260716_161333_manual,MANUAL,,0,13.330292701721191,100.99787902832031,149.23811706278286,4,True,0.687250018119812,1,0,0,247616,317729,0.0,0.0,0.0,0,0,nan,nan,nan,88,26.299999237060547,0.0,33.0,0,30,-,READY owner=Surnn refs=24,"{""cmd"": ""STOP"", ""status"": ""READY"", ""detector"": ""yolo"", ""state"": ""IDLE"", ""owner"": ""Surnn"", ""score"": null, ""match_max"": 0.5, ""refs"": 24, ""match_mode"": ""none"", ""steer_zones"": 41, ""people"": 0, ""track_id"": null, ""target_ex"": 0.0, ""target_cx_vel_px_s"": 0.0, ""target_age_s"": null, ""lidar_min_m"": 0.68, ""target_lidar_m"": null, ""target_lidar_deg"": null, ""camera_range_m"
2026-07-16T16:32:19.487,1126.487,mission_20260716_161333_manual,MANUAL,,0,13.330291748046875,100.99787902832031,149.23050823204747,4,True,0.6857500076293945,1,0,0,247616,317729,0.0,0.0,0.0,0,0,nan,nan,nan,88,26.299999237060547,0.0,33.0,0,30,-,READY owner=Surnn refs=24,"{""cmd"": ""STOP"", ""status"": ""READY"", ""detector"": ""yolo"", ""state"": ""IDLE"", ""owner"": ""Surnn"", ""score"": null, ""match_max"": 0.5, ""refs"": 24, ""match_mode"": ""none"", ""steer_zones"": 41, ""people"": 0, ""track_id"": null, ""target_ex"": 0.0, ""target_cx_vel_px_s"": 0.0, ""target_age_s"": null, ""lidar_min_m"": 0.68, ""target_lidar_m"": null, ""target_lidar_deg"": null, ""camera_range_m"
2026-07-16T16:32:21.490,1128.491,mission_20260716_161333_manual,MANUAL,,0,13.330291748046875,100.99788665771484,149.2257407600068,4,True,0.6865000128746033,1,0,0,247616,317729,0.0,0.0,0.0,0,0,nan,nan,nan,88,26.299999237060547,0.0,33.0,0,30,-,READY owner=Surnn refs=24,"{""cmd"": ""STOP"", ""status"": ""READY"", ""detector"": ""yolo"", ""state"": ""IDLE"", ""owner"": ""Surnn"", ""score"": null, ""match_max"": 0.5, ""refs"": 24, ""match_mode"": ""none"", ""steer_zones"": 41, ""people"": 0, ""track_id"": null, ""target_ex"": 0.0, ""target_cx_vel_px_s"": 0.0, ""target_age_s"": null, ""lidar_min_m"": 0.68, ""target_lidar_m"": null, ""target_lidar_deg"": null, ""camera_range_m"
2026-07-16T16:32:23.611,1130.611,mission_20260716_161333_manual,MANUAL,,0,13.330291748046875,100.99788665771484,149.224101514606,4,True,0.6862499713897705,1,0,0,247616,317729,0.0,0.0,0.0,0,0,nan,nan,nan,88,26.299999237060547,0.0,33.0,0,29,-,READY owner=Surnn refs=24,"{""cmd"": ""STOP"", ""status"": ""READY"", ""detector"": ""yolo"", ""state"": ""IDLE"", ""owner"": ""Surnn"", ""score"": null, ""match_max"": 0.5, ""refs"": 24, ""match_mode"": ""none"", ""steer_zones"": 41, ""people"": 0, ""track_id"": null, ""target_ex"": 0.0, ""target_cx_vel_px_s"": 0.0, ""target_age_s"": null, ""lidar_min_m"": 0.68, ""target_lidar_m"": null, ""target_lidar_deg"": null, ""camera_range_m"
2026-07-16T16:32:25.611,1132.612,mission_20260716_161333_manual,MANUAL,,0,13.330291748046875,100.99788665771484,149.23120491134281,4,True,0.6852499842643738,1,0,0,247616,317729,0.0,0.0,0.0,0,0,nan,nan,nan,88,26.299999237060547,0.0,33.0,0,31,-,READY owner=Surnn refs=24,"{""cmd"": ""STOP"", ""status"": ""READY"", ""detector"": ""yolo"", ""state"": ""IDLE"", ""owner"": ""Surnn"", ""score"": null, ""match_max"": 0.5, ""refs"": 24, ""match_mode"": ""none"", ""steer_zones"": 41, ""people"": 0, ""track_id"": null, ""target_ex"": 0.0, ""target_cx_vel_px_s"": 0.0, ""target_age_s"": null, ""lidar_min_m"": 0.68, ""target_lidar_m"": null, ""target_lidar_deg"": null, ""camera_range_m"
2026-07-16T16:32:27.733,1134.734,mission_20260716_161333_manual,MANUAL,,0,13.330292701721191,100.99788665771484,149.2268062695173,4,True,0.6847500205039978,1,0,0,247616,317729,0.0,0.0,0.0,0,0,nan,nan,nan,88,26.299999237060547,0.0,33.0,0,31,-,READY owner=Surnn refs=24,"{""cmd"": ""STOP"", ""status"": ""READY"", ""detector"": ""yolo"", ""state"": ""IDLE"", ""owner"": ""Surnn"", ""score"": null, ""match_max"": 0.5, ""refs"": 24, ""match_mode"": ""none"", ""steer_zones"": 41, ""people"": 0, ""track_id"": null, ""target_ex"": 0.0, ""target_cx_vel_px_s"": 0.0, ""target_age_s"": null, ""lidar_min_m"": 0.68, ""target_lidar_m"": null, ""target_lidar_deg"": null, ""camera_range_m"
2026-07-16T16:32:29.857,1136.857,mission_20260716_161333_manual,MANUAL,,0,13.330293655395508,100.99788665771484,149.23698325138065,4,True,0.6865000128746033,1,0,0,247616,317729,0.0,0.0,0.0,0,0,nan,nan,nan,88,26.299999237060547,0.0,33.0,0,30,-,READY owner=Surnn refs=24,"{""cmd"": ""STOP"", ""status"": ""READY"", ""detector"": ""yolo"", ""state"": ""IDLE"", ""owner"": ""Surnn"", ""score"": null, ""match_max"": 0.5, ""refs"": 24, ""match_mode"": ""none"", ""steer_zones"": 41, ""people"": 0, ""track_id"": null, ""target_ex"": 0.0, ""target_cx_vel_px_s"": 0.0, ""target_age_s"": null, ""lidar_min_m"": 0.68, ""target_lidar_m"": null, ""target_lidar_deg"": null, ""camera_range_m"
2026-07-16T16:32:31.978,1138.979,mission_20260716_161333_manual,MANUAL,,0,13.330294609069824,100.99788665771484,149.24565759162655,4,True,0.6862499713897705,1,0,0,247616,317729,0.0,0.0,0.0,0,0,nan,nan,nan,88,26.299999237060547,0.0,33.0,0,30,-,READY owner=Surnn refs=24,"{""cmd"": ""STOP"", ""status"": ""READY"", ""detector"": ""yolo"", ""state"": ""IDLE"", ""owner"": ""Surnn"", ""score"": null, ""match_max"": 0.5, ""refs"": 24, ""match_mode"": ""none"", ""steer_zones"": 41, ""people"": 0, ""track_id"": null, ""target_ex"": 0.0, ""target_cx_vel_px_s"": 0.0, ""target_age_s"": null, ""lidar_min_m"": 0.68, ""target_lidar_m"": null, ""target_lidar_deg"": null, ""camera_range_m"
2026-07-16T16:32:33.981,1140.982,mission_20260716_161333_manual,MANUAL,,0,13.330294609069824,100.99788665771484,149.25535646024798,4,True,0.6862499713897705,1,0,0,247616,317729,0.0,0.0,0.0,0,0,nan,nan,nan,88,26.299999237060547,0.0,33.0,0,30,-,READY owner=Surnn refs=24,"{""cmd"": ""STOP"", ""status"": ""READY"", ""detector"": ""yolo"", ""state"": ""IDLE"", ""owner"": ""Surnn"", ""score"": null, ""match_max"": 0.5, ""refs"": 24, ""match_mode"": ""none"", ""steer_zones"": 41, ""people"": 0, ""track_id"": null, ""target_ex"": 0.0, ""target_cx_vel_px_s"": 0.0, ""target_age_s"": null, ""lidar_min_m"": 0.68, ""target_lidar_m"": null, ""target_lidar_deg"": null, ""camera_range_m"
2026-07-16T16:32:36.103,1143.104,mission_20260716_161333_manual,MANUAL,,0,13.33029556274414,100.99788665771484,149.25332106387532,4,True,0.6862499713897705,1,0,0,247616,317729,0.0,0.0,0.0,0,0,nan,nan,nan,88,26.299999237060547,0.0,33.0,0,30,-,READY owner=Surnn refs=24,"{""cmd"": ""STOP"", ""status"": ""READY"", ""detector"": ""yolo"", ""state"": ""IDLE"", ""owner"": ""Surnn"", ""score"": null, ""match_max"": 0.5, ""refs"": 24, ""match_mode"": ""none"", ""steer_zones"": 41, ""people"": 0, ""track_id"": null, ""target_ex"": 0.0, ""target_cx_vel_px_s"": 0.0, ""target_age_s"": null, ""lidar_min_m"": 0.68, ""target_lidar_m"": null, ""target_lidar_deg"": null, ""camera_range_m"
2026-07-16T16:32:38.107,1145.108,mission_20260716_161333_manual,MANUAL,,0,13.33029556274414,100.99788665771484,149.2538264978739,4,True,0.6865000128746033,1,0,0,247616,317729,0.0,0.0,0.0,0,0,nan,nan,nan,88,26.299999237060547,0.0,33.0,0,31,-,READY owner=Surnn refs=24,"{""cmd"": ""STOP"", ""status"": ""READY"", ""detector"": ""yolo"", ""state"": ""IDLE"", ""owner"": ""Surnn"", ""score"": null, ""match_max"": 0.5, ""refs"": 24, ""match_mode"": ""none"", ""steer_zones"": 41, ""people"": 0, ""track_id"": null, ""target_ex"": 0.0, ""target_cx_vel_px_s"": 0.0, ""target_age_s"": null, ""lidar_min_m"": 0.68, ""target_lidar_m"": null, ""target_lidar_deg"": null, ""camera_range_m"
2026-07-16T16:32:40.233,1147.233,mission_20260716_161333_manual,MANUAL,,0,13.330296516418457,100.99788665771484,149.24244740271666,4,True,0.6852499842643738,1,0,0,247616,317729,0.0,0.0,0.0,0,0,nan,nan,nan,88,26.299999237060547,0.0,33.0,0,30,-,READY owner=Surnn refs=24,"{""cmd"": ""STOP"", ""status"": ""READY"", ""detector"": ""yolo"", ""state"": ""IDLE"", ""owner"": ""Surnn"", ""score"": null, ""match_max"": 0.5, ""refs"": 24, ""match_mode"": ""none"", ""steer_zones"": 41, ""people"": 0, ""track_id"": null, ""target_ex"": 0.0, ""target_cx_vel_px_s"": 0.0, ""target_age_s"": null, ""lidar_min_m"": 0.68, ""target_lidar_m"": null, ""target_lidar_deg"": null, ""camera_range_m"
2026-07-16T16:32:42.354,1149.355,mission_20260716_161333_manual,MANUAL,,0,13.330296516418457,100.99788665771484,149.23422385495596,4,True,0.6855000257492065,1,0,0,247616,317729,0.0,0.0,0.0,0,0,nan,nan,nan,88,26.299999237060547,0.0,33.0,0,31,-,READY owner=Surnn refs=24,"{""cmd"": ""STOP"", ""status"": ""READY"", ""detector"": ""yolo"", ""state"": ""IDLE"", ""owner"": ""Surnn"", ""score"": null, ""match_max"": 0.5, ""refs"": 24, ""match_mode"": ""none"", ""steer_zones"": 41, ""people"": 0, ""track_id"": null, ""target_ex"": 0.0, ""target_cx_vel_px_s"": 0.0, ""target_age_s"": null, ""lidar_min_m"": 0.68, ""target_lidar_m"": null, ""target_lidar_deg"": null, ""camera_range_m"
2026-07-16T16:32:44.478,1151.479,mission_20260716_161333_manual,MANUAL,,0,13.330296516418457,100.99788665771484,149.23554891165494,4,True,0.6859999895095825,1,0,0,247616,317729,0.0,0.0,0.0,0,0,nan,nan,nan,88,26.299999237060547,0.0,33.0,0,31,-,READY owner=Surnn refs=24,"{""cmd"": ""STOP"", ""status"": ""READY"", ""detector"": ""yolo"", ""state"": ""IDLE"", ""owner"": ""Surnn"", ""score"": null, ""match_max"": 0.5, ""refs"": 24, ""match_mode"": ""none"", ""steer_zones"": 41, ""people"": 0, ""track_id"": null, ""target_ex"": 0.0, ""target_cx_vel_px_s"": 0.0, ""target_age_s"": null, ""lidar_min_m"": 0.68, ""target_lidar_m"": null, ""target_lidar_deg"": null, ""camera_range_m"
2026-07-16T16:32:46.482,1153.483,mission_20260716_161333_manual,MANUAL,,0,13.330297470092773,100.99788665771484,149.23179230761144,4,True,0.6869999766349792,1,0,0,247616,317729,0.0,0.0,0.0,0,0,nan,nan,nan,88,26.299999237060547,0.0,33.0,0,31,-,READY owner=Surnn refs=24,"{""cmd"": ""STOP"", ""status"": ""READY"", ""detector"": ""yolo"", ""state"": ""IDLE"", ""owner"": ""Surnn"", ""score"": null, ""match_max"": 0.5, ""refs"": 24, ""match_mode"": ""none"", ""steer_zones"": 41, ""people"": 0, ""track_id"": null, ""target_ex"": 0.0, ""target_cx_vel_px_s"": 0.0, ""target_age_s"": null, ""lidar_min_m"": 0.68, ""target_lidar_m"": null, ""target_lidar_deg"": null, ""camera_range_m"
2026-07-16T16:32:48.485,1155.486,mission_20260716_161333_manual,MANUAL,,0,13.330299377441406,100.99788665771484,149.23142347739625,4,True,0.6850000023841858,1,0,0,247616,317729,0.0,0.0,0.0,0,0,nan,nan,nan,88,26.299999237060547,0.0,33.0,0,31,-,READY owner=Surnn refs=24,"{""cmd"": ""STOP"", ""status"": ""READY"", ""detector"": ""yolo"", ""state"": ""IDLE"", ""owner"": ""Surnn"", ""score"": null, ""match_max"": 0.5, ""refs"": 24, ""match_mode"": ""none"", ""steer_zones"": 41, ""people"": 0, ""track_id"": null, ""target_ex"": 0.0, ""target_cx_vel_px_s"": 0.0, ""target_age_s"": null, ""lidar_min_m"": 0.68, ""target_lidar_m"": null, ""target_lidar_deg"": null, ""camera_range_m"
2026-07-16T16:32:50.599,1157.599,mission_20260716_161333_manual,MANUAL,,0,13.330301284790039,100.99788665771484,149.23795313824277,4,True,0.6859999895095825,1,0,0,247616,317729,0.0,0.0,0.0,0,0,nan,nan,nan,88,26.299999237060547,0.0,33.0,0,31,-,READY owner=Surnn refs=24,"{""cmd"": ""STOP"", ""status"": ""READY"", ""detector"": ""yolo"", ""state"": ""IDLE"", ""owner"": ""Surnn"", ""score"": null, ""match_max"": 0.5, ""refs"": 24, ""match_mode"": ""none"", ""steer_zones"": 41, ""people"": 0, ""track_id"": null, ""target_ex"": 0.0, ""target_cx_vel_px_s"": 0.0, ""target_age_s"": null, ""lidar_min_m"": 0.68, ""target_lidar_m"": null, ""target_lidar_deg"": null, ""camera_range_m"
2026-07-16T16:32:52.724,1159.724,mission_20260716_161333_manual,MANUAL,,0,13.330302238464355,100.99788665771484,149.22263985412363,4,True,0.6850000023841858,1,0,0,247616,317729,0.0,0.0,0.0,0,0,nan,nan,nan,88,26.299999237060547,0.0,33.0,0,31,-,READY owner=Surnn refs=24,"{""cmd"": ""STOP"", ""status"": ""READY"", ""detector"": ""yolo"", ""state"": ""IDLE"", ""owner"": ""Surnn"", ""score"": null, ""match_max"": 0.5, ""refs"": 24, ""match_mode"": ""none"", ""steer_zones"": 41, ""people"": 0, ""track_id"": null, ""target_ex"": 0.0, ""target_cx_vel_px_s"": 0.0, ""target_age_s"": null, ""lidar_min_m"": 0.68, ""target_lidar_m"": null, ""target_lidar_deg"": null, ""camera_range_m"
2026-07-16T16:32:54.852,1161.852,mission_20260716_161333_manual,MANUAL,,0,13.330303192138672,100.99788665771484,149.21997608034732,4,True,0.6862499713897705,1,0,0,247616,317729,0.0,0.0,0.0,0,0,nan,nan,nan,88,26.299999237060547,0.0,33.0,0,31,-,READY owner=Surnn refs=24,"{""cmd"": ""STOP"", ""status"": ""READY"", ""detector"": ""yolo"", ""state"": ""IDLE"", ""owner"": ""Surnn"", ""score"": null, ""match_max"": 0.5, ""refs"": 24, ""match_mode"": ""none"", ""steer_zones"": 41, ""people"": 0, ""track_id"": null, ""target_ex"": 0.0, ""target_cx_vel_px_s"": 0.0, ""target_age_s"": null, ""lidar_min_m"": 0.68, ""target_lidar_m"": null, ""target_lidar_deg"": null, ""camera_range_m"
2026-07-16T16:32:56.958,1163.958,mission_20260716_161333_manual,MANUAL,,0,13.330303192138672,100.99788665771484,149.21572770268355,4,True,0.6857500076293945,1,0,0,247616,317729,0.0,0.0,0.0,0,0,nan,nan,nan,88,26.299999237060547,0.0,33.0,0,31,-,READY owner=Surnn refs=24,"{""cmd"": ""STOP"", ""status"": ""READY"", ""detector"": ""yolo"", ""state"": ""IDLE"", ""owner"": ""Surnn"", ""score"": null, ""match_max"": 0.5, ""refs"": 24, ""match_mode"": ""none"", ""steer_zones"": 41, ""people"": 0, ""track_id"": null, ""target_ex"": 0.0, ""target_cx_vel_px_s"": 0.0, ""target_age_s"": null, ""lidar_min_m"": 0.68, ""target_lidar_m"": null, ""target_lidar_deg"": null, ""camera_range_m"
2026-07-16T16:32:59.089,1166.09,mission_20260716_161333_manual,MANUAL,,0,13.330305099487305,100.99788665771484,149.2182275519198,4,True,0.6862499713897705,1,0,0,247616,317729,0.0,0.0,0.0,0,0,nan,nan,nan,88,26.299999237060547,0.0,33.0,0,30,-,READY owner=Surnn refs=24,"{""cmd"": ""STOP"", ""status"": ""READY"", ""detector"": ""yolo"", ""state"": ""IDLE"", ""owner"": ""Surnn"", ""score"": null, ""match_max"": 0.5, ""refs"": 24, ""match_mode"": ""none"", ""steer_zones"": 41, ""people"": 0, ""track_id"": null, ""target_ex"": 0.0, ""target_cx_vel_px_s"": 0.0, ""target_age_s"": null, ""lidar_min_m"": 0.68, ""target_lidar_m"": null, ""target_lidar_deg"": null, ""camera_range_m"
2026-07-16T16:33:01.095,1168.096,mission_20260716_161333_manual,MANUAL,,0,13.330306053161621,100.99788665771484,149.2075861171929,4,True,0.6855000257492065,1,0,0,247616,317729,0.0,0.0,0.0,0,0,nan,nan,nan,88,26.299999237060547,0.0,33.0,0,30,-,READY owner=Surnn refs=24,"{""cmd"": ""STOP"", ""status"": ""READY"", ""detector"": ""yolo"", ""state"": ""IDLE"", ""owner"": ""Surnn"", ""score"": null, ""match_max"": 0.5, ""refs"": 24, ""match_mode"": ""none"", ""steer_zones"": 41, ""people"": 0, ""track_id"": null, ""target_ex"": 0.0, ""target_cx_vel_px_s"": 0.0, ""target_age_s"": null, ""lidar_min_m"": 0.68, ""target_lidar_m"": null, ""target_lidar_deg"": null, ""camera_range_m"
2026-07-16T16:33:03.100,1170.1,mission_20260716_161333_manual,MANUAL,,0,13.330306053161621,100.99788665771484,149.20653426806072,4,True,0.6862499713897705,1,0,0,247616,317729,0.0,0.0,0.0,0,0,nan,nan,nan,88,26.299999237060547,0.0,33.0,0,31,-,READY owner=Surnn refs=24,"{""cmd"": ""STOP"", ""status"": ""READY"", ""detector"": ""yolo"", ""state"": ""IDLE"", ""owner"": ""Surnn"", ""score"": null, ""match_max"": 0.5, ""refs"": 24, ""match_mode"": ""none"", ""steer_zones"": 41, ""people"": 0, ""track_id"": null, ""target_ex"": 0.0, ""target_cx_vel_px_s"": 0.0, ""target_age_s"": null, ""lidar_min_m"": 0.68, ""target_lidar_m"": null, ""target_lidar_deg"": null, ""camera_range_m"
2026-07-16T16:33:05.225,1172.226,mission_20260716_161333_manual,MANUAL,,0,13.330304145812988,100.99788665771484,149.21119245707467,4,True,0.684249997138977,1,0,0,247616,317729,0.0,0.0,0.0,0,0,nan,nan,nan,88,26.299999237060547,0.0,33.0,0,29,-,READY owner=Surnn refs=24,"{""cmd"": ""STOP"", ""status"": ""READY"", ""detector"": ""yolo"", ""state"": ""IDLE"", ""owner"": ""Surnn"", ""score"": null, ""match_max"": 0.5, ""refs"": 24, ""match_mode"": ""none"", ""steer_zones"": 41, ""people"": 0, ""track_id"": null, ""target_ex"": 0.0, ""target_cx_vel_px_s"": 0.0, ""target_age_s"": null, ""lidar_min_m"": 0.68, ""target_lidar_m"": null, ""target_lidar_deg"": null, ""camera_range_m"
2026-07-16T16:33:07.230,1174.231,mission_20260716_161333_manual,MANUAL,,0,13.330302238464355,100.99788665771484,149.2136240044192,4,True,0.6855000257492065,1,0,0,247616,317729,0.0,0.0,0.0,0,0,nan,nan,nan,88,26.299999237060547,0.0,33.0,0,29,-,READY owner=Surnn refs=24,"{""cmd"": ""STOP"", ""status"": ""READY"", ""detector"": ""yolo"", ""state"": ""IDLE"", ""owner"": ""Surnn"", ""score"": null, ""match_max"": 0.5, ""refs"": 24, ""match_mode"": ""none"", ""steer_zones"": 41, ""people"": 0, ""track_id"": null, ""target_ex"": 0.0, ""target_cx_vel_px_s"": 0.0, ""target_age_s"": null, ""lidar_min_m"": 0.68, ""target_lidar_m"": null, ""target_lidar_deg"": null, ""camera_range_m"
2026-07-16T16:33:09.231,1176.231,mission_20260716_161333_manual,MANUAL,,0,13.330301284790039,100.99788665771484,149.21467585355137,4,True,0.6867499947547913,1,0,0,247616,317729,0.0,0.0,0.0,0,0,nan,nan,nan,88,26.299999237060547,0.0,33.0,0,28,-,READY owner=Surnn refs=24,"{""cmd"": ""STOP"", ""status"": ""READY"", ""detector"": ""yolo"", ""state"": ""IDLE"", ""owner"": ""Surnn"", ""score"": null, ""match_max"": 0.5, ""refs"": 24, ""match_mode"": ""none"", ""steer_zones"": 41, ""people"": 0, ""track_id"": null, ""target_ex"": 0.0, ""target_cx_vel_px_s"": 0.0, ""target_age_s"": null, ""lidar_min_m"": 0.68, ""target_lidar_m"": null, ""target_lidar_deg"": null, ""camera_range_m"
2026-07-16T16:33:11.237,1178.238,mission_20260716_161333_manual,MANUAL,,0,13.330300331115723,100.99788665771484,149.20791396627308,4,True,0.6862499713897705,1,0,0,247616,317729,0.0,0.0,0.0,0,0,nan,nan,nan,88,26.299999237060547,0.0,33.0,0,30,-,READY owner=Surnn refs=24,"{""cmd"": ""STOP"", ""status"": ""READY"", ""detector"": ""yolo"", ""state"": ""IDLE"", ""owner"": ""Surnn"", ""score"": null, ""match_max"": 0.5, ""refs"": 24, ""match_mode"": ""none"", ""steer_zones"": 41, ""people"": 0, ""track_id"": null, ""target_ex"": 0.0, ""target_cx_vel_px_s"": 0.0, ""target_age_s"": null, ""lidar_min_m"": 0.68, ""target_lidar_m"": null, ""target_lidar_deg"": null, ""camera_range_m"
2026-07-16T16:33:13.246,1180.246,mission_20260716_161333_manual,MANUAL,,0,13.330299377441406,100.99788665771484,149.209157060702,4,True,0.6867499947547913,1,0,0,247616,317729,0.0,0.0,0.0,0,0,nan,nan,nan,88,26.299999237060547,0.0,33.0,0,30,-,READY owner=Surnn refs=24,"{""cmd"": ""STOP"", ""status"": ""READY"", ""detector"": ""yolo"", ""state"": ""IDLE"", ""owner"": ""Surnn"", ""score"": null, ""match_max"": 0.5, ""refs"": 24, ""match_mode"": ""none"", ""steer_zones"": 41, ""people"": 0, ""track_id"": null, ""target_ex"": 0.0, ""target_cx_vel_px_s"": 0.0, ""target_age_s"": null, ""lidar_min_m"": 0.68, ""target_lidar_m"": null, ""target_lidar_deg"": null, ""camera_range_m"
2026-07-16T16:33:15.359,1182.36,mission_20260716_161333_manual,MANUAL,,0,13.330297470092773,100.99788665771484,149.2143753252279,4,True,0.6855000257492065,1,0,0,247616,317729,0.0,0.0,0.0,0,0,nan,nan,nan,88,26.299999237060547,0.0,33.0,0,30,-,READY owner=Surnn refs=24,"{""cmd"": ""STOP"", ""status"": ""READY"", ""detector"": ""yolo"", ""state"": ""IDLE"", ""owner"": ""Surnn"", ""score"": null, ""match_max"": 0.5, ""refs"": 24, ""match_mode"": ""none"", ""steer_zones"": 41, ""people"": 0, ""track_id"": null, ""target_ex"": 0.0, ""target_cx_vel_px_s"": 0.0, ""target_age_s"": null, ""lidar_min_m"": 0.68, ""target_lidar_m"": null, ""target_lidar_deg"": null, ""camera_range_m"
2026-07-16T16:33:17.359,1184.36,mission_20260716_161333_manual,MANUAL,,0,13.330296516418457,100.99788665771484,149.22509872222483,4,True,0.6862499713897705,1,0,0,247616,317729,0.0,0.0,0.0,0,0,nan,nan,nan,88,26.299999237060547,0.0,33.0,0,30,-,READY owner=Surnn refs=24,"{""cmd"": ""STOP"", ""status"": ""READY"", ""detector"": ""yolo"", ""state"": ""IDLE"", ""owner"": ""Surnn"", ""score"": null, ""match_max"": 0.5, ""refs"": 24, ""match_mode"": ""none"", ""steer_zones"": 41, ""people"": 0, ""track_id"": null, ""target_ex"": 0.0, ""target_cx_vel_px_s"": 0.0, ""target_age_s"": null, ""lidar_min_m"": 0.68, ""target_lidar_m"": null, ""target_lidar_deg"": null, ""camera_range_m"
2026-07-16T16:33:19.360,1186.36,mission_20260716_161333_manual,MANUAL,,0,13.330296516418457,100.99788665771484,149.2204815143459,4,True,0.6855000257492065,1,0,0,247616,317729,0.0,0.0,0.0,0,0,nan,nan,nan,88,26.299999237060547,0.0,33.0,0,31,-,READY owner=Surnn refs=24,"{""cmd"": ""STOP"", ""status"": ""READY"", ""detector"": ""yolo"", ""state"": ""IDLE"", ""owner"": ""Surnn"", ""score"": null, ""match_max"": 0.5, ""refs"": 24, ""match_mode"": ""none"", ""steer_zones"": 41, ""people"": 0, ""track_id"": null, ""target_ex"": 0.0, ""target_cx_vel_px_s"": 0.0, ""target_age_s"": null, ""lidar_min_m"": 0.68, ""target_lidar_m"": null, ""target_lidar_deg"": null, ""camera_range_m"
2026-07-16T16:33:21.482,1188.482,mission_20260716_161333_manual,MANUAL,,0,13.33029556274414,100.99788665771484,149.21647902349227,4,True,0.6862499713897705,1,0,0,247616,317729,0.0,0.0,0.0,0,0,nan,nan,nan,88,26.299999237060547,0.0,33.0,0,31,-,READY owner=Surnn refs=24,"{""cmd"": ""STOP"", ""status"": ""READY"", ""detector"": ""yolo"", ""state"": ""IDLE"", ""owner"": ""Surnn"", ""score"": null, ""match_max"": 0.5, ""refs"": 24, ""match_mode"": ""none"", ""steer_zones"": 41, ""people"": 0, ""track_id"": null, ""target_ex"": 0.0, ""target_cx_vel_px_s"": 0.0, ""target_age_s"": null, ""lidar_min_m"": 0.68, ""target_lidar_m"": null, ""target_lidar_deg"": null, ""camera_range_m"
2026-07-16T16:33:23.615,1190.615,mission_20260716_161333_manual,MANUAL,,0,13.330294609069824,100.99788665771484,149.21997608034732,4,True,0.6857500076293945,1,0,0,247616,317729,0.0,0.0,0.0,0,0,nan,nan,nan,88,26.299999237060547,0.0,33.0,0,30,-,READY owner=Surnn refs=24,"{""cmd"": ""STOP"", ""status"": ""READY"", ""detector"": ""yolo"", ""state"": ""IDLE"", ""owner"": ""Surnn"", ""score"": null, ""match_max"": 0.5, ""refs"": 24, ""match_mode"": ""none"", ""steer_zones"": 41, ""people"": 0, ""track_id"": null, ""target_ex"": 0.0, ""target_cx_vel_px_s"": 0.0, ""target_age_s"": null, ""lidar_min_m"": 0.68, ""target_lidar_m"": null, ""target_lidar_deg"": null, ""camera_range_m"
2026-07-16T16:33:25.727,1192.728,mission_20260716_161333_manual,MANUAL,,0,13.330292701721191,100.99788665771484,149.2190198538635,4,True,0.6880000233650208,1,0,0,247616,317729,0.0,0.0,0.0,0,0,nan,nan,nan,88,26.299999237060547,0.0,33.0,0,29,-,READY owner=Surnn refs=24,"{""cmd"": ""STOP"", ""status"": ""READY"", ""detector"": ""yolo"", ""state"": ""IDLE"", ""owner"": ""Surnn"", ""score"": null, ""match_max"": 0.5, ""refs"": 24, ""match_mode"": ""none"", ""steer_zones"": 41, ""people"": 0, ""track_id"": null, ""target_ex"": 0.0, ""target_cx_vel_px_s"": 0.0, ""target_age_s"": null, ""lidar_min_m"": 0.68, ""target_lidar_m"": null, ""target_lidar_deg"": null, ""camera_range_m"
2026-07-16T16:33:27.737,1194.738,mission_20260716_161333_manual,MANUAL,,0,13.330291748046875,100.99788665771484,149.2114110231281,4,True,0.6855000257492065,1,0,0,247616,317729,0.0,0.0,0.0,0,0,nan,nan,nan,88,26.299999237060547,0.0,33.0,0,29,-,READY owner=Surnn refs=24,"{""cmd"": ""STOP"", ""status"": ""READY"", ""detector"": ""yolo"", ""state"": ""IDLE"", ""owner"": ""Surnn"", ""score"": null, ""match_max"": 0.5, ""refs"": 24, ""match_mode"": ""none"", ""steer_zones"": 41, ""people"": 0, ""track_id"": null, ""target_ex"": 0.0, ""target_cx_vel_px_s"": 0.0, ""target_age_s"": null, ""lidar_min_m"": 0.68, ""target_lidar_m"": null, ""target_lidar_deg"": null, ""camera_range_m"
2026-07-16T16:33:29.740,1196.741,mission_20260716_161333_manual,MANUAL,,0,13.330290794372559,100.99788665771484,149.20516823022672,4,True,0.6857500076293945,1,0,0,247616,317729,0.0,0.0,0.0,0,0,nan,nan,nan,88,26.299999237060547,0.0,33.0,0,29,-,READY owner=Surnn refs=24,"{""cmd"": ""STOP"", ""status"": ""READY"", ""detector"": ""yolo"", ""state"": ""IDLE"", ""owner"": ""Surnn"", ""score"": null, ""match_max"": 0.5, ""refs"": 24, ""match_mode"": ""none"", ""steer_zones"": 41, ""people"": 0, ""track_id"": null, ""target_ex"": 0.0, ""target_cx_vel_px_s"": 0.0, ""target_age_s"": null, ""lidar_min_m"": 0.68, ""target_lidar_m"": null, ""target_lidar_deg"": null, ""camera_range_m"
2026-07-16T16:33:31.745,1198.746,mission_20260716_161333_manual,MANUAL,,0,13.330288887023926,100.99788665771484,149.2140064950127,4,True,0.6855000257492065,1,0,0,247616,317729,0.0,0.0,0.0,0,0,nan,nan,nan,88,26.299999237060547,0.0,33.0,0,30,-,READY owner=Surnn refs=24,"{""cmd"": ""STOP"", ""status"": ""READY"", ""detector"": ""yolo"", ""state"": ""IDLE"", ""owner"": ""Surnn"", ""score"": null, ""match_max"": 0.5, ""refs"": 24, ""match_mode"": ""none"", ""steer_zones"": 41, ""people"": 0, ""track_id"": null, ""target_ex"": 0.0, ""target_cx_vel_px_s"": 0.0, ""target_age_s"": null, ""lidar_min_m"": 0.68, ""target_lidar_m"": null, ""target_lidar_deg"": null, ""camera_range_m"
2026-07-16T16:33:33.747,1200.747,mission_20260716_161333_manual,MANUAL,,0,13.330286979675293,100.99788665771484,149.21636974046555,4,True,0.6859999895095825,1,0,0,247616,317729,0.0,0.0,0.0,0,0,nan,nan,nan,88,26.299999237060547,0.0,33.0,0,29,-,READY owner=Surnn refs=24,"{""cmd"": ""STOP"", ""status"": ""READY"", ""detector"": ""yolo"", ""state"": ""IDLE"", ""owner"": ""Surnn"", ""score"": null, ""match_max"": 0.5, ""refs"": 24, ""match_mode"": ""none"", ""steer_zones"": 41, ""people"": 0, ""track_id"": null, ""target_ex"": 0.0, ""target_cx_vel_px_s"": 0.0, ""target_age_s"": null, ""lidar_min_m"": 0.68, ""target_lidar_m"": null, ""target_lidar_deg"": null, ""camera_range_m"
2026-07-16T16:33:35.750,1202.751,mission_20260716_161333_manual,MANUAL,,0,13.330284118652344,100.99788665771484,149.20418468298624,4,True,0.6857500076293945,1,0,0,247616,317729,0.0,0.0,0.0,0,0,nan,nan,nan,88,26.299999237060547,0.0,33.0,0,28,-,READY owner=Surnn refs=24,"{""cmd"": ""STOP"", ""status"": ""READY"", ""detector"": ""yolo"", ""state"": ""IDLE"", ""owner"": ""Surnn"", ""score"": null, ""match_max"": 0.5, ""refs"": 24, ""match_mode"": ""none"", ""steer_zones"": 41, ""people"": 0, ""track_id"": null, ""target_ex"": 0.0, ""target_cx_vel_px_s"": 0.0, ""target_age_s"": null, ""lidar_min_m"": 0.68, ""target_lidar_m"": null, ""target_lidar_deg"": null, ""camera_range_m"
2026-07-16T16:33:37.754,1204.755,mission_20260716_161333_manual,MANUAL,,0,13.330283164978027,100.99788665771484,149.2055643811986,4,True,0.687250018119812,1,0,0,247616,317729,0.0,0.0,0.0,0,0,nan,nan,nan,88,26.299999237060547,0.0,33.0,0,29,-,READY owner=Surnn refs=24,"{""cmd"": ""STOP"", ""status"": ""READY"", ""detector"": ""yolo"", ""state"": ""IDLE"", ""owner"": ""Surnn"", ""score"": null, ""match_max"": 0.5, ""refs"": 24, ""match_mode"": ""none"", ""steer_zones"": 41, ""people"": 0, ""track_id"": null, ""target_ex"": 0.0, ""target_cx_vel_px_s"": 0.0, ""target_age_s"": null, ""lidar_min_m"": 0.68, ""target_lidar_m"": null, ""target_lidar_deg"": null, ""camera_range_m"
2026-07-16T16:33:39.882,1206.883,mission_20260716_161333_manual,MANUAL,,0,13.330282211303711,100.99788665771484,149.2049906453083,4,True,0.6847500205039978,1,0,0,247616,317729,0.0,0.0,0.0,0,0,nan,nan,nan,88,26.299999237060547,0.0,33.0,0,28,-,READY owner=Surnn refs=24,"{""cmd"": ""STOP"", ""status"": ""READY"", ""detector"": ""yolo"", ""state"": ""IDLE"", ""owner"": ""Surnn"", ""score"": null, ""match_max"": 0.5, ""refs"": 24, ""match_mode"": ""none"", ""steer_zones"": 41, ""people"": 0, ""track_id"": null, ""target_ex"": 0.0, ""target_cx_vel_px_s"": 0.0, ""target_age_s"": null, ""lidar_min_m"": 0.68, ""target_lidar_m"": null, ""target_lidar_deg"": null, ""camera_range_m"
2026-07-16T16:33:42.010,1209.011,mission_20260716_161333_manual,MANUAL,,0,13.330283164978027,100.99788665771484,149.20702604168096,4,True,0.6850000023841858,1,0,0,247616,317729,0.0,0.0,0.0,0,0,nan,nan,nan,88,26.299999237060547,0.0,33.0,0,28,-,READY owner=Surnn refs=24,"{""cmd"": ""STOP"", ""status"": ""READY"", ""detector"": ""yolo"", ""state"": ""IDLE"", ""owner"": ""Surnn"", ""score"": null, ""match_max"": 0.5, ""refs"": 24, ""match_mode"": ""none"", ""steer_zones"": 41, ""people"": 0, ""track_id"": null, ""target_ex"": 0.0, ""target_cx_vel_px_s"": 0.0, ""target_age_s"": null, ""lidar_min_m"": 0.68, ""target_lidar_m"": null, ""target_lidar_deg"": null, ""camera_range_m"
2026-07-16T16:33:44.140,1211.141,mission_20260716_161333_manual,MANUAL,,0,13.330283164978027,100.99787902832031,149.19683539943932,4,True,0.6865000128746033,1,0,0,247616,317729,0.0,0.0,0.0,0,0,nan,nan,nan,88,26.299999237060547,0.0,33.0,0,29,-,READY owner=Surnn refs=24,"{""cmd"": ""STOP"", ""status"": ""READY"", ""detector"": ""yolo"", ""state"": ""IDLE"", ""owner"": ""Surnn"", ""score"": null, ""match_max"": 0.5, ""refs"": 24, ""match_mode"": ""none"", ""steer_zones"": 41, ""people"": 0, ""track_id"": null, ""target_ex"": 0.0, ""target_cx_vel_px_s"": 0.0, ""target_age_s"": null, ""lidar_min_m"": 0.68, ""target_lidar_m"": null, ""target_lidar_deg"": null, ""camera_range_m"
2026-07-16T16:33:46.255,1213.256,mission_20260716_161333_manual,MANUAL,,0,13.330283164978027,100.99787902832031,149.1843771343932,4,True,0.6847500205039978,1,0,0,247616,317729,0.0,0.0,0.0,0,0,nan,nan,nan,88,26.299999237060547,0.0,33.0,0,29,-,READY owner=Surnn refs=24,"{""cmd"": ""STOP"", ""status"": ""READY"", ""detector"": ""yolo"", ""state"": ""IDLE"", ""owner"": ""Surnn"", ""score"": null, ""match_max"": 0.5, ""refs"": 24, ""match_mode"": ""none"", ""steer_zones"": 41, ""people"": 0, ""track_id"": null, ""target_ex"": 0.0, ""target_cx_vel_px_s"": 0.0, ""target_age_s"": null, ""lidar_min_m"": 0.68, ""target_lidar_m"": null, ""target_lidar_deg"": null, ""camera_range_m"
2026-07-16T16:33:48.260,1215.26,mission_20260716_161333_manual,MANUAL,,0,13.330283164978027,100.99787902832031,149.18915826681223,4,True,0.6857500076293945,1,0,0,247616,317729,0.0,0.0,0.0,0,0,nan,nan,nan,88,26.299999237060547,0.0,33.0,0,28,-,READY owner=Surnn refs=24,"{""cmd"": ""STOP"", ""status"": ""READY"", ""detector"": ""yolo"", ""state"": ""IDLE"", ""owner"": ""Surnn"", ""score"": null, ""match_max"": 0.5, ""refs"": 24, ""match_mode"": ""none"", ""steer_zones"": 41, ""people"": 0, ""track_id"": null, ""target_ex"": 0.0, ""target_cx_vel_px_s"": 0.0, ""target_age_s"": null, ""lidar_min_m"": 0.68, ""target_lidar_m"": null, ""target_lidar_deg"": null, ""camera_range_m"
2026-07-16T16:33:50.380,1217.38,mission_20260716_161333_manual,MANUAL,,0,13.330283164978027,100.99788665771484,149.19944453170226,4,True,0.6859999895095825,1,0,0,247616,317729,0.0,0.0,0.0,0,0,nan,nan,nan,88,26.299999237060547,0.0,33.0,0,28,-,READY owner=Surnn refs=24,"{""cmd"": ""STOP"", ""status"": ""READY"", ""detector"": ""yolo"", ""state"": ""IDLE"", ""owner"": ""Surnn"", ""score"": null, ""match_max"": 0.5, ""refs"": 24, ""match_mode"": ""none"", ""steer_zones"": 41, ""people"": 0, ""track_id"": null, ""target_ex"": 0.0, ""target_cx_vel_px_s"": 0.0, ""target_age_s"": null, ""lidar_min_m"": 0.68, ""target_lidar_m"": null, ""target_lidar_deg"": null, ""camera_range_m"
2026-07-16T16:33:52.507,1219.507,mission_20260716_161333_manual,MANUAL,,0,13.330284118652344,100.99788665771484,149.17450068085336,4,True,0.6869999766349792,1,0,0,247616,317729,0.0,0.0,0.0,0,0,nan,nan,nan,88,26.299999237060547,0.0,33.0,0,28,-,READY owner=Surnn refs=24,"{""cmd"": ""STOP"", ""status"": ""READY"", ""detector"": ""yolo"", ""state"": ""IDLE"", ""owner"": ""Surnn"", ""score"": null, ""match_max"": 0.5, ""refs"": 24, ""match_mode"": ""none"", ""steer_zones"": 41, ""people"": 0, ""track_id"": null, ""target_ex"": 0.0, ""target_cx_vel_px_s"": 0.0, ""target_age_s"": null, ""lidar_min_m"": 0.68, ""target_lidar_m"": null, ""target_lidar_deg"": null, ""camera_range_m"
2026-07-16T16:33:54.627,1221.627,mission_20260716_161333_manual,MANUAL,,0,13.330286026000977,100.99788665771484,149.1418796973774,4,True,0.6855000257492065,1,0,0,247616,317729,0.0,0.0,0.0,0,0,nan,nan,nan,88,26.299999237060547,0.0,33.0,0,28,-,READY owner=Surnn refs=24,"{""cmd"": ""STOP"", ""status"": ""READY"", ""detector"": ""yolo"", ""state"": ""IDLE"", ""owner"": ""Surnn"", ""score"": null, ""match_max"": 0.5, ""refs"": 24, ""match_mode"": ""none"", ""steer_zones"": 41, ""people"": 0, ""track_id"": null, ""target_ex"": 0.0, ""target_cx_vel_px_s"": 0.0, ""target_age_s"": null, ""lidar_min_m"": 0.68, ""target_lidar_m"": null, ""target_lidar_deg"": null, ""camera_range_m"
2026-07-16T16:33:56.744,1223.745,mission_20260716_161333_manual,MANUAL,,0,13.330286979675293,100.99788665771484,149.1222633940811,4,True,0.6867499947547913,1,0,0,247616,317729,0.0,0.0,0.0,0,0,nan,nan,nan,88,26.299999237060547,0.0,33.0,0,28,-,READY owner=Surnn refs=24,"{""cmd"": ""STOP"", ""status"": ""READY"", ""detector"": ""yolo"", ""state"": ""IDLE"", ""owner"": ""Surnn"", ""score"": null, ""match_max"": 0.5, ""refs"": 24, ""match_mode"": ""none"", ""steer_zones"": 41, ""people"": 0, ""track_id"": null, ""target_ex"": 0.0, ""target_cx_vel_px_s"": 0.0, ""target_age_s"": null, ""lidar_min_m"": 0.68, ""target_lidar_m"": null, ""target_lidar_deg"": null, ""camera_range_m"
2026-07-16T16:33:58.744,1225.745,mission_20260716_161333_manual,MANUAL,,0,13.330288887023926,100.99788665771484,149.10152693976096,4,True,0.6855000257492065,1,0,0,247616,317729,0.0,0.0,0.0,0,0,nan,nan,nan,88,26.299999237060547,0.0,33.0,0,27,-,READY owner=Surnn refs=24,"{""cmd"": ""STOP"", ""status"": ""READY"", ""detector"": ""yolo"", ""state"": ""IDLE"", ""owner"": ""Surnn"", ""score"": null, ""match_max"": 0.5, ""refs"": 24, ""match_mode"": ""none"", ""steer_zones"": 41, ""people"": 0, ""track_id"": null, ""target_ex"": 0.0, ""target_cx_vel_px_s"": 0.0, ""target_age_s"": null, ""lidar_min_m"": 0.68, ""target_lidar_m"": null, ""target_lidar_deg"": null, ""camera_range_m"
2026-07-16T16:34:00.851,1227.851,mission_20260716_161333_manual,MANUAL,,0,13.330289840698242,100.99788665771484,149.09561199593972,4,True,0.6859999895095825,1,0,0,247616,317729,0.0,0.0,0.0,0,0,nan,nan,nan,88,26.299999237060547,0.0,33.0,0,26,-,READY owner=Surnn refs=24,"{""cmd"": ""STOP"", ""status"": ""READY"", ""detector"": ""yolo"", ""state"": ""IDLE"", ""owner"": ""Surnn"", ""score"": null, ""match_max"": 0.5, ""refs"": 24, ""match_mode"": ""none"", ""steer_zones"": 41, ""people"": 0, ""track_id"": null, ""target_ex"": 0.0, ""target_cx_vel_px_s"": 0.0, ""target_age_s"": null, ""lidar_min_m"": 0.68, ""target_lidar_m"": null, ""target_lidar_deg"": null, ""camera_range_m"
2026-07-16T16:34:02.973,1229.973,mission_20260716_161333_manual,MANUAL,,0,13.330289840698242,100.99788665771484,149.07947908912016,4,True,0.6852499842643738,1,0,0,247616,317729,0.0,0.0,0.0,0,0,nan,nan,nan,88,26.299999237060547,0.0,33.0,0,26,-,READY owner=Surnn refs=24,"{""cmd"": ""STOP"", ""status"": ""READY"", ""detector"": ""yolo"", ""state"": ""IDLE"", ""owner"": ""Surnn"", ""score"": null, ""match_max"": 0.5, ""refs"": 24, ""match_mode"": ""none"", ""steer_zones"": 41, ""people"": 0, ""track_id"": null, ""target_ex"": 0.0, ""target_cx_vel_px_s"": 0.0, ""target_age_s"": null, ""lidar_min_m"": 0.68, ""target_lidar_m"": null, ""target_lidar_deg"": null, ""camera_range_m"
2026-07-16T16:34:05.081,1232.082,mission_20260716_161333_manual,MANUAL,,0,13.330288887023926,100.99788665771484,149.0602179556607,4,True,0.6857500076293945,1,0,0,247616,317729,0.0,0.0,0.0,0,0,nan,nan,nan,88,26.299999237060547,0.0,33.0,0,26,-,READY owner=Surnn refs=24,"{""cmd"": ""STOP"", ""status"": ""READY"", ""detector"": ""yolo"", ""state"": ""IDLE"", ""owner"": ""Surnn"", ""score"": null, ""match_max"": 0.5, ""refs"": 24, ""match_mode"": ""none"", ""steer_zones"": 41, ""people"": 0, ""track_id"": null, ""target_ex"": 0.0, ""target_cx_vel_px_s"": 0.0, ""target_age_s"": null, ""lidar_min_m"": 0.68, ""target_lidar_m"": null, ""target_lidar_deg"": null, ""camera_range_m"
2026-07-16T16:34:07.204,1234.204,mission_20260716_161333_manual,MANUAL,,0,13.330289840698242,100.99788665771484,149.04617508672717,4,True,0.6857500076293945,1,0,0,247616,317729,0.0,0.0,0.0,0,0,nan,nan,nan,88,26.299999237060547,0.0,33.0,0,25,-,READY owner=Surnn refs=24,"{""cmd"": ""STOP"", ""status"": ""READY"", ""detector"": ""yolo"", ""state"": ""IDLE"", ""owner"": ""Surnn"", ""score"": null, ""match_max"": 0.5, ""refs"": 24, ""match_mode"": ""none"", ""steer_zones"": 41, ""people"": 0, ""track_id"": null, ""target_ex"": 0.0, ""target_cx_vel_px_s"": 0.0, ""target_age_s"": null, ""lidar_min_m"": 0.68, ""target_lidar_m"": null, ""target_lidar_deg"": null, ""camera_range_m"
2026-07-16T16:34:09.325,1236.326,mission_20260716_161333_manual,MANUAL,,0,13.330289840698242,100.99788665771484,149.03913999188205,4,True,0.6865000128746033,1,0,0,247616,317729,0.0,0.0,0.0,0,0,nan,nan,nan,88,26.299999237060547,0.0,33.0,0,25,-,READY owner=Surnn refs=24,"{""cmd"": ""STOP"", ""status"": ""READY"", ""detector"": ""yolo"", ""state"": ""IDLE"", ""owner"": ""Surnn"", ""score"": null, ""match_max"": 0.5, ""refs"": 24, ""match_mode"": ""none"", ""steer_zones"": 41, ""people"": 0, ""track_id"": null, ""target_ex"": 0.0, ""target_cx_vel_px_s"": 0.0, ""target_age_s"": null, ""lidar_min_m"": 0.68, ""target_lidar_m"": null, ""target_lidar_deg"": null, ""camera_range_m"
2026-07-16T16:34:11.457,1238.457,mission_20260716_161333_manual,MANUAL,,0,13.330290794372559,100.99788665771484,149.01803470734671,4,True,0.6850000023841858,1,0,0,247616,317729,0.0,0.0,0.0,0,0,nan,nan,nan,88,26.299999237060547,0.0,33.0,0,25,-,READY owner=Surnn refs=24,"{""cmd"": ""STOP"", ""status"": ""READY"", ""detector"": ""yolo"", ""state"": ""IDLE"", ""owner"": ""Surnn"", ""score"": null, ""match_max"": 0.5, ""refs"": 24, ""match_mode"": ""none"", ""steer_zones"": 41, ""people"": 0, ""track_id"": null, ""target_ex"": 0.0, ""target_cx_vel_px_s"": 0.0, ""target_age_s"": null, ""lidar_min_m"": 0.68, ""target_lidar_m"": null, ""target_lidar_deg"": null, ""camera_range_m"
2026-07-16T16:34:13.579,1240.58,mission_20260716_161333_manual,MANUAL,,0,13.330291748046875,100.99788665771484,148.99176579979886,4,True,0.6859999895095825,1,0,0,247616,317729,0.0,0.0,0.0,0,0,nan,nan,nan,88,26.299999237060547,0.0,33.0,0,25,-,READY owner=Surnn refs=24,"{""cmd"": ""STOP"", ""status"": ""READY"", ""detector"": ""yolo"", ""state"": ""IDLE"", ""owner"": ""Surnn"", ""score"": null, ""match_max"": 0.5, ""refs"": 24, ""match_mode"": ""none"", ""steer_zones"": 41, ""people"": 0, ""track_id"": null, ""target_ex"": 0.0, ""target_cx_vel_px_s"": 0.0, ""target_age_s"": null, ""lidar_min_m"": 0.68, ""target_lidar_m"": null, ""target_lidar_deg"": null, ""camera_range_m"
2026-07-16T16:34:15.702,1242.702,mission_20260716_161333_manual,MANUAL,,0,13.330294609069824,100.99788665771484,148.9698408925631,4,True,0.6862499713897705,1,0,0,247616,317729,0.0,0.0,0.0,0,0,nan,nan,nan,88,26.299999237060547,0.0,33.0,0,27,-,READY owner=Surnn refs=24,"{""cmd"": ""STOP"", ""status"": ""READY"", ""detector"": ""yolo"", ""state"": ""IDLE"", ""owner"": ""Surnn"", ""score"": null, ""match_max"": 0.5, ""refs"": 24, ""match_mode"": ""none"", ""steer_zones"": 41, ""people"": 0, ""track_id"": null, ""target_ex"": 0.0, ""target_cx_vel_px_s"": 0.0, ""target_age_s"": null, ""lidar_min_m"": 0.68, ""target_lidar_m"": null, ""target_lidar_deg"": null, ""camera_range_m"
2026-07-16T16:34:17.710,1244.711,mission_20260716_161333_manual,MANUAL,,0,13.330294609069824,100.99788665771484,148.96171296745078,4,True,0.6852499842643738,1,0,0,247616,317729,0.0,0.0,0.0,0,0,nan,nan,nan,88,26.299999237060547,0.0,33.0,0,24,-,READY owner=Surnn refs=24,"{""cmd"": ""STOP"", ""status"": ""READY"", ""detector"": ""yolo"", ""state"": ""IDLE"", ""owner"": ""Surnn"", ""score"": null, ""match_max"": 0.5, ""refs"": 24, ""match_mode"": ""none"", ""steer_zones"": 41, ""people"": 0, ""track_id"": null, ""target_ex"": 0.0, ""target_cx_vel_px_s"": 0.0, ""target_age_s"": null, ""lidar_min_m"": 0.68, ""target_lidar_m"": null, ""target_lidar_deg"": null, ""camera_range_m"
2026-07-16T16:34:19.836,1246.836,mission_20260716_161333_manual,MANUAL,,0,13.330293655395508,100.99788665771484,148.96101628815543,4,True,0.6852499842643738,1,0,0,247616,317729,0.0,0.0,0.0,0,0,nan,nan,nan,88,26.299999237060547,0.0,33.0,0,26,-,READY owner=Surnn refs=24,"{""cmd"": ""STOP"", ""status"": ""READY"", ""detector"": ""yolo"", ""state"": ""IDLE"", ""owner"": ""Surnn"", ""score"": null, ""match_max"": 0.5, ""refs"": 24, ""match_mode"": ""none"", ""steer_zones"": 41, ""people"": 0, ""track_id"": null, ""target_ex"": 0.0, ""target_cx_vel_px_s"": 0.0, ""target_age_s"": null, ""lidar_min_m"": 0.68, ""target_lidar_m"": null, ""target_lidar_deg"": null, ""camera_range_m"
2026-07-16T16:34:21.961,1248.961,mission_20260716_161333_manual,MANUAL,,0,13.330293655395508,100.99788665771484,148.95470519336234,4,True,0.6859999895095825,1,0,0,247616,317729,0.0,0.0,0.0,0,0,nan,nan,nan,88,26.299999237060547,0.0,33.0,0,28,-,READY owner=Surnn refs=24,"{""cmd"": ""STOP"", ""status"": ""READY"", ""detector"": ""yolo"", ""state"": ""IDLE"", ""owner"": ""Surnn"", ""score"": null, ""match_max"": 0.5, ""refs"": 24, ""match_mode"": ""none"", ""steer_zones"": 41, ""people"": 0, ""track_id"": null, ""target_ex"": 0.0, ""target_cx_vel_px_s"": 0.0, ""target_age_s"": null, ""lidar_min_m"": 0.68, ""target_lidar_m"": null, ""target_lidar_deg"": null, ""camera_range_m"
2026-07-16T16:34:24.084,1251.084,mission_20260716_161333_manual,MANUAL,,0,13.330294609069824,100.99788665771484,148.94501998511927,4,True,0.6859999895095825,1,0,0,247616,317729,0.0,0.0,0.0,0,0,nan,nan,nan,88,26.299999237060547,0.0,33.0,0,26,-,READY owner=Surnn refs=24,"{""cmd"": ""STOP"", ""status"": ""READY"", ""detector"": ""yolo"", ""state"": ""IDLE"", ""owner"": ""Surnn"", ""score"": null, ""match_max"": 0.5, ""refs"": 24, ""match_mode"": ""none"", ""steer_zones"": 41, ""people"": 0, ""track_id"": null, ""target_ex"": 0.0, ""target_cx_vel_px_s"": 0.0, ""target_age_s"": null, ""lidar_min_m"": 0.68, ""target_lidar_m"": null, ""target_lidar_deg"": null, ""camera_range_m"
2026-07-16T16:34:26.085,1253.085,mission_20260716_161333_manual,MANUAL,,0,13.330294609069824,100.99788665771484,148.93862692805615,4,True,0.6862499713897705,1,0,0,247616,317729,0.0,0.0,0.0,0,0,nan,nan,nan,88,26.299999237060547,0.0,33.0,0,26,-,READY owner=Surnn refs=24,"{""cmd"": ""STOP"", ""status"": ""READY"", ""detector"": ""yolo"", ""state"": ""IDLE"", ""owner"": ""Surnn"", ""score"": null, ""match_max"": 0.5, ""refs"": 24, ""match_mode"": ""none"", ""steer_zones"": 41, ""people"": 0, ""track_id"": null, ""target_ex"": 0.0, ""target_cx_vel_px_s"": 0.0, ""target_age_s"": null, ""lidar_min_m"": 0.68, ""target_lidar_m"": null, ""target_lidar_deg"": null, ""camera_range_m"
2026-07-16T16:34:28.204,1255.205,mission_20260716_161333_manual,MANUAL,,0,13.33029556274414,100.99788665771484,148.9406623244288,4,True,0.6857500076293945,1,0,0,247616,317729,0.0,0.0,0.0,0,0,nan,nan,nan,88,26.299999237060547,0.0,33.0,0,27,-,READY owner=Surnn refs=24,"{""cmd"": ""STOP"", ""status"": ""READY"", ""detector"": ""yolo"", ""state"": ""IDLE"", ""owner"": ""Surnn"", ""score"": null, ""match_max"": 0.5, ""refs"": 24, ""match_mode"": ""none"", ""steer_zones"": 41, ""people"": 0, ""track_id"": null, ""target_ex"": 0.0, ""target_cx_vel_px_s"": 0.0, ""target_age_s"": null, ""lidar_min_m"": 0.68, ""target_lidar_m"": null, ""target_lidar_deg"": null, ""camera_range_m"
2026-07-16T16:34:30.327,1257.327,mission_20260716_161333_manual,MANUAL,,0,13.330294609069824,100.99788665771484,148.92943349343332,4,True,0.6857500076293945,1,0,0,247616,317729,0.0,0.0,0.0,0,0,nan,nan,nan,88,26.299999237060547,0.0,33.0,0,26,-,READY owner=Surnn refs=24,"{""cmd"": ""STOP"", ""status"": ""READY"", ""detector"": ""yolo"", ""state"": ""IDLE"", ""owner"": ""Surnn"", ""score"": null, ""match_max"": 0.5, ""refs"": 24, ""match_mode"": ""none"", ""steer_zones"": 41, ""people"": 0, ""track_id"": null, ""target_ex"": 0.0, ""target_cx_vel_px_s"": 0.0, ""target_age_s"": null, ""lidar_min_m"": 0.68, ""target_lidar_m"": null, ""target_lidar_deg"": null, ""camera_range_m"
2026-07-16T16:34:32.448,1259.449,mission_20260716_161333_manual,MANUAL,,0,13.330293655395508,100.99789428710938,148.92487092706773,4,True,0.6857500076293945,1,0,0,247616,317729,0.0,0.0,0.0,0,0,nan,nan,nan,88,26.299999237060547,0.0,33.0,0,27,-,READY owner=Surnn refs=24,"{""cmd"": ""STOP"", ""status"": ""READY"", ""detector"": ""yolo"", ""state"": ""IDLE"", ""owner"": ""Surnn"", ""score"": null, ""match_max"": 0.5, ""refs"": 24, ""match_mode"": ""none"", ""steer_zones"": 41, ""people"": 0, ""track_id"": null, ""target_ex"": 0.0, ""target_cx_vel_px_s"": 0.0, ""target_age_s"": null, ""lidar_min_m"": 0.68, ""target_lidar_m"": null, ""target_lidar_deg"": null, ""camera_range_m"
2026-07-16T16:34:34.577,1261.577,mission_20260716_161333_manual,MANUAL,,0,13.330292701721191,100.99789428710938,148.94842141932594,4,True,0.6867499947547913,1,0,0,247616,317729,0.0,0.0,0.0,0,0,nan,nan,nan,88,26.299999237060547,0.0,33.0,0,28,-,READY owner=Surnn refs=24,"{""cmd"": ""STOP"", ""status"": ""READY"", ""detector"": ""yolo"", ""state"": ""IDLE"", ""owner"": ""Surnn"", ""score"": null, ""match_max"": 0.5, ""refs"": 24, ""match_mode"": ""none"", ""steer_zones"": 41, ""people"": 0, ""track_id"": null, ""target_ex"": 0.0, ""target_cx_vel_px_s"": 0.0, ""target_age_s"": null, ""lidar_min_m"": 0.68, ""target_lidar_m"": null, ""target_lidar_deg"": null, ""camera_range_m"
2026-07-16T16:34:36.579,1263.579,mission_20260716_161333_manual,MANUAL,,0,13.330291748046875,100.99789428710938,148.97306474185135,4,True,0.6859999895095825,1,0,0,247616,317729,0.0,0.0,0.0,0,0,nan,nan,nan,88,26.299999237060547,0.0,33.0,0,28,-,READY owner=Surnn refs=24,"{""cmd"": ""STOP"", ""status"": ""READY"", ""detector"": ""yolo"", ""state"": ""IDLE"", ""owner"": ""Surnn"", ""score"": null, ""match_max"": 0.5, ""refs"": 24, ""match_mode"": ""none"", ""steer_zones"": 41, ""people"": 0, ""track_id"": null, ""target_ex"": 0.0, ""target_cx_vel_px_s"": 0.0, ""target_age_s"": null, ""lidar_min_m"": 0.68, ""target_lidar_m"": null, ""target_lidar_deg"": null, ""camera_range_m"
2026-07-16T16:34:38.704,1265.705,mission_20260716_161333_manual,MANUAL,,0,13.330289840698242,100.99789428710938,148.98877417694237,4,True,0.6850000023841858,1,0,0,247616,317729,0.0,0.0,0.0,0,0,nan,nan,nan,88,26.299999237060547,0.0,33.0,0,28,-,READY owner=Surnn refs=24,"{""cmd"": ""STOP"", ""status"": ""READY"", ""detector"": ""yolo"", ""state"": ""IDLE"", ""owner"": ""Surnn"", ""score"": null, ""match_max"": 0.5, ""refs"": 24, ""match_mode"": ""none"", ""steer_zones"": 41, ""people"": 0, ""track_id"": null, ""target_ex"": 0.0, ""target_cx_vel_px_s"": 0.0, ""target_age_s"": null, ""lidar_min_m"": 0.68, ""target_lidar_m"": null, ""target_lidar_deg"": null, ""camera_range_m"
2026-07-16T16:34:40.719,1267.719,mission_20260716_161333_manual,MANUAL,,0,13.330288887023926,100.99789428710938,148.9994292720476,4,True,0.6865000128746033,1,0,0,247616,317729,0.0,0.0,0.0,0,0,nan,nan,nan,88,26.299999237060547,0.0,33.0,0,29,-,READY owner=Surnn refs=24,"{""cmd"": ""STOP"", ""status"": ""READY"", ""detector"": ""yolo"", ""state"": ""IDLE"", ""owner"": ""Surnn"", ""score"": null, ""match_max"": 0.5, ""refs"": 24, ""match_mode"": ""none"", ""steer_zones"": 41, ""people"": 0, ""track_id"": null, ""target_ex"": 0.0, ""target_cx_vel_px_s"": 0.0, ""target_age_s"": null, ""lidar_min_m"": 0.68, ""target_lidar_m"": null, ""target_lidar_deg"": null, ""camera_range_m"
2026-07-16T16:34:42.833,1269.834,mission_20260716_161333_manual,MANUAL,,0,13.330288887023926,100.99789428710938,149.0097428576943,4,True,0.6867499947547913,1,0,0,247616,317729,0.0,0.0,0.0,0,0,nan,nan,nan,88,26.299999237060547,0.0,33.0,0,30,-,READY owner=Surnn refs=24,"{""cmd"": ""STOP"", ""status"": ""READY"", ""detector"": ""yolo"", ""state"": ""IDLE"", ""owner"": ""Surnn"", ""score"": null, ""match_max"": 0.5, ""refs"": 24, ""match_mode"": ""none"", ""steer_zones"": 41, ""people"": 0, ""track_id"": null, ""target_ex"": 0.0, ""target_cx_vel_px_s"": 0.0, ""target_age_s"": null, ""lidar_min_m"": 0.68, ""target_lidar_m"": null, ""target_lidar_deg"": null, ""camera_range_m"
2026-07-16T16:34:44.845,1271.845,mission_20260716_161333_manual,MANUAL,,0,13.33028793334961,100.99789428710938,149.0323917649821,4,True,0.6859999895095825,1,0,0,247616,317729,0.0,0.0,0.0,0,0,nan,nan,nan,88,26.299999237060547,0.0,33.0,0,29,-,READY owner=Surnn refs=24,"{""cmd"": ""STOP"", ""status"": ""READY"", ""detector"": ""yolo"", ""state"": ""IDLE"", ""owner"": ""Surnn"", ""score"": null, ""match_max"": 0.5, ""refs"": 24, ""match_mode"": ""none"", ""steer_zones"": 41, ""people"": 0, ""track_id"": null, ""target_ex"": 0.0, ""target_cx_vel_px_s"": 0.0, ""target_age_s"": null, ""lidar_min_m"": 0.68, ""target_lidar_m"": null, ""target_lidar_deg"": null, ""camera_range_m"
2026-07-16T16:34:46.849,1273.849,mission_20260716_161333_manual,MANUAL,,0,13.33028793334961,100.99789428710938,149.06383795592083,4,True,0.6847500205039978,1,0,0,247616,317729,0.0,0.0,0.0,0,0,nan,nan,nan,88,26.299999237060547,0.0,33.0,0,30,-,READY owner=Surnn refs=24,"{""cmd"": ""STOP"", ""status"": ""READY"", ""detector"": ""yolo"", ""state"": ""IDLE"", ""owner"": ""Surnn"", ""score"": null, ""match_max"": 0.5, ""refs"": 24, ""match_mode"": ""none"", ""steer_zones"": 41, ""people"": 0, ""track_id"": null, ""target_ex"": 0.0, ""target_cx_vel_px_s"": 0.0, ""target_age_s"": null, ""lidar_min_m"": 0.68, ""target_lidar_m"": null, ""target_lidar_deg"": null, ""camera_range_m"
2026-07-16T16:34:48.975,1275.975,mission_20260716_161333_manual,MANUAL,,0,13.330286979675293,100.99789428710938,149.08598142921,4,True,0.6862499713897705,1,0,0,247616,317729,0.0,0.0,0.0,0,0,nan,nan,nan,88,26.299999237060547,0.0,33.0,0,30,-,READY owner=Surnn refs=24,"{""cmd"": ""STOP"", ""status"": ""READY"", ""detector"": ""yolo"", ""state"": ""IDLE"", ""owner"": ""Surnn"", ""score"": null, ""match_max"": 0.5, ""refs"": 24, ""match_mode"": ""none"", ""steer_zones"": 41, ""people"": 0, ""track_id"": null, ""target_ex"": 0.0, ""target_cx_vel_px_s"": 0.0, ""target_age_s"": null, ""lidar_min_m"": 0.68, ""target_lidar_m"": null, ""target_lidar_deg"": null, ""camera_range_m"
2026-07-16T16:34:51.097,1278.097,mission_20260716_161333_manual,MANUAL,,0,13.330288887023926,100.99789428710938,149.0853257310497,4,True,0.6859999895095825,1,0,0,247616,317729,0.0,0.0,0.0,0,0,nan,nan,nan,88,26.299999237060547,0.0,33.0,0,29,-,READY owner=Surnn refs=24,"{""cmd"": ""STOP"", ""status"": ""READY"", ""detector"": ""yolo"", ""state"": ""IDLE"", ""owner"": ""Surnn"", ""score"": null, ""match_max"": 0.5, ""refs"": 24, ""match_mode"": ""none"", ""steer_zones"": 41, ""people"": 0, ""track_id"": null, ""target_ex"": 0.0, ""target_cx_vel_px_s"": 0.0, ""target_age_s"": null, ""lidar_min_m"": 0.68, ""target_lidar_m"": null, ""target_lidar_deg"": null, ""camera_range_m"
2026-07-16T16:34:53.101,1280.102,mission_20260716_161333_manual,MANUAL,,0,13.330289840698242,100.99789428710938,149.09374052410715,4,True,0.687250018119812,1,0,0,247616,317729,0.0,0.0,0.0,0,0,nan,nan,nan,88,26.299999237060547,0.0,33.0,0,30,-,READY owner=Surnn refs=24,"{""cmd"": ""STOP"", ""status"": ""READY"", ""detector"": ""yolo"", ""state"": ""IDLE"", ""owner"": ""Surnn"", ""score"": null, ""match_max"": 0.5, ""refs"": 24, ""match_mode"": ""none"", ""steer_zones"": 41, ""people"": 0, ""track_id"": null, ""target_ex"": 0.0, ""target_cx_vel_px_s"": 0.0, ""target_age_s"": null, ""lidar_min_m"": 0.68, ""target_lidar_m"": null, ""target_lidar_deg"": null, ""camera_range_m"
2026-07-16T16:34:55.102,1282.103,mission_20260716_161333_manual,MANUAL,,0,13.330290794372559,100.99789428710938,149.10486007207592,4,True,0.6850000023841858,1,0,0,247616,317729,0.0,0.0,0.0,0,0,nan,nan,nan,88,26.299999237060547,0.0,33.0,0,29,-,READY owner=Surnn refs=24,"{""cmd"": ""STOP"", ""status"": ""READY"", ""detector"": ""yolo"", ""state"": ""IDLE"", ""owner"": ""Surnn"", ""score"": null, ""match_max"": 0.5, ""refs"": 24, ""match_mode"": ""none"", ""steer_zones"": 41, ""people"": 0, ""track_id"": null, ""target_ex"": 0.0, ""target_cx_vel_px_s"": 0.0, ""target_age_s"": null, ""lidar_min_m"": 0.68, ""target_lidar_m"": null, ""target_lidar_deg"": null, ""camera_range_m"
2026-07-16T16:34:57.217,1284.217,mission_20260716_161333_manual,MANUAL,,0,13.330292701721191,100.99789428710938,149.10578897780303,4,True,0.6865000128746033,1,0,0,247616,317729,0.0,0.0,0.0,0,0,nan,nan,nan,88,26.299999237060547,0.0,33.0,0,29,-,READY owner=Surnn refs=24,"{""cmd"": ""STOP"", ""status"": ""READY"", ""detector"": ""yolo"", ""state"": ""IDLE"", ""owner"": ""Surnn"", ""score"": null, ""match_max"": 0.5, ""refs"": 24, ""match_mode"": ""none"", ""steer_zones"": 41, ""people"": 0, ""track_id"": null, ""target_ex"": 0.0, ""target_cx_vel_px_s"": 0.0, ""target_age_s"": null, ""lidar_min_m"": 0.68, ""target_lidar_m"": null, ""target_lidar_deg"": null, ""camera_range_m"
2026-07-16T16:34:59.348,1286.349,mission_20260716_161333_manual,MANUAL,,0,13.330293655395508,100.99789428710938,149.11005101584513,4,True,0.6852499842643738,1,0,0,247616,317729,0.0,0.0,0.0,0,0,nan,nan,nan,88,26.299999237060547,0.0,33.0,0,29,-,READY owner=Surnn refs=24,"{""cmd"": ""STOP"", ""status"": ""READY"", ""detector"": ""yolo"", ""state"": ""IDLE"", ""owner"": ""Surnn"", ""score"": null, ""match_max"": 0.5, ""refs"": 24, ""match_mode"": ""none"", ""steer_zones"": 41, ""people"": 0, ""track_id"": null, ""target_ex"": 0.0, ""target_cx_vel_px_s"": 0.0, ""target_age_s"": null, ""lidar_min_m"": 0.68, ""target_lidar_m"": null, ""target_lidar_deg"": null, ""camera_range_m"
2026-07-16T16:35:01.474,1288.475,mission_20260716_161333_manual,MANUAL,,0,13.330294609069824,100.99789428710938,149.12320596018657,4,True,0.6859999895095825,1,0,0,247616,317729,0.0,0.0,0.0,0,0,nan,nan,nan,88,26.299999237060547,0.0,33.0,0,29,-,READY owner=Surnn refs=24,"{""cmd"": ""STOP"", ""status"": ""READY"", ""detector"": ""yolo"", ""state"": ""IDLE"", ""owner"": ""Surnn"", ""score"": null, ""match_max"": 0.5, ""refs"": 24, ""match_mode"": ""none"", ""steer_zones"": 41, ""people"": 0, ""track_id"": null, ""target_ex"": 0.0, ""target_cx_vel_px_s"": 0.0, ""target_age_s"": null, ""lidar_min_m"": 0.68, ""target_lidar_m"": null, ""target_lidar_deg"": null, ""camera_range_m"
2026-07-16T16:35:03.598,1290.599,mission_20260716_161333_manual,MANUAL,,0,13.330296516418457,100.99789428710938,149.12968097951975,4,True,0.6852499842643738,1,0,0,247616,317729,0.0,0.0,0.0,0,0,nan,nan,nan,88,26.299999237060547,0.0,33.0,0,29,-,READY owner=Surnn refs=24,"{""cmd"": ""STOP"", ""status"": ""READY"", ""detector"": ""yolo"", ""state"": ""IDLE"", ""owner"": ""Surnn"", ""score"": null, ""match_max"": 0.5, ""refs"": 24, ""match_mode"": ""none"", ""steer_zones"": 41, ""people"": 0, ""track_id"": null, ""target_ex"": 0.0, ""target_cx_vel_px_s"": 0.0, ""target_age_s"": null, ""lidar_min_m"": 0.68, ""target_lidar_m"": null, ""target_lidar_deg"": null, ""camera_range_m"
2026-07-16T16:35:05.725,1292.726,mission_20260716_161333_manual,MANUAL,,0,13.330297470092773,100.99789428710938,149.14196165964742,4,True,0.687749981880188,1,0,0,247616,317729,0.0,0.0,0.0,0,0,nan,nan,nan,88,26.299999237060547,0.0,33.0,0,28,-,READY owner=Surnn refs=24,"{""cmd"": ""STOP"", ""status"": ""READY"", ""detector"": ""yolo"", ""state"": ""IDLE"", ""owner"": ""Surnn"", ""score"": null, ""match_max"": 0.5, ""refs"": 24, ""match_mode"": ""none"", ""steer_zones"": 41, ""people"": 0, ""track_id"": null, ""target_ex"": 0.0, ""target_cx_vel_px_s"": 0.0, ""target_age_s"": null, ""lidar_min_m"": 0.68, ""target_lidar_m"": null, ""target_lidar_deg"": null, ""camera_range_m"
2026-07-16T16:35:07.733,1294.733,mission_20260716_161333_manual,MANUAL,,0,13.33029842376709,100.99789428710938,149.16496573677202,4,True,0.6867499947547913,1,0,0,247616,317729,0.0,0.0,0.0,0,0,nan,nan,nan,88,26.299999237060547,0.0,33.0,0,26,-,READY owner=Surnn refs=24,"{""cmd"": ""STOP"", ""status"": ""READY"", ""detector"": ""yolo"", ""state"": ""IDLE"", ""owner"": ""Surnn"", ""score"": null, ""match_max"": 0.5, ""refs"": 24, ""match_mode"": ""none"", ""steer_zones"": 41, ""people"": 0, ""track_id"": null, ""target_ex"": 0.0, ""target_cx_vel_px_s"": 0.0, ""target_age_s"": null, ""lidar_min_m"": 0.68, ""target_lidar_m"": null, ""target_lidar_deg"": null, ""camera_range_m"
2026-07-16T16:35:09.851,1296.851,mission_20260716_161333_manual,MANUAL,,0,13.33029842376709,100.99789428710938,149.16463788769187,4,True,0.6857500076293945,1,0,0,247616,317729,0.0,0.0,0.0,0,0,nan,nan,nan,88,26.299999237060547,0.0,33.0,0,28,-,READY owner=Surnn refs=24,"{""cmd"": ""STOP"", ""status"": ""READY"", ""detector"": ""yolo"", ""state"": ""IDLE"", ""owner"": ""Surnn"", ""score"": null, ""match_max"": 0.5, ""refs"": 24, ""match_mode"": ""none"", ""steer_zones"": 41, ""people"": 0, ""track_id"": null, ""target_ex"": 0.0, ""target_cx_vel_px_s"": 0.0, ""target_age_s"": null, ""lidar_min_m"": 0.68, ""target_lidar_m"": null, ""target_lidar_deg"": null, ""camera_range_m"
2026-07-16T16:35:11.855,1298.856,mission_20260716_161333_manual,MANUAL,,0,13.33029842376709,100.99789428710938,149.17336686945114,4,True,0.6859999895095825,1,0,0,247616,317729,0.0,0.0,0.0,0,0,nan,nan,nan,88,26.299999237060547,0.0,33.0,0,28,-,READY owner=Surnn refs=24,"{""cmd"": ""STOP"", ""status"": ""READY"", ""detector"": ""yolo"", ""state"": ""IDLE"", ""owner"": ""Surnn"", ""score"": null, ""match_max"": 0.5, ""refs"": 24, ""match_mode"": ""none"", ""steer_zones"": 41, ""people"": 0, ""track_id"": null, ""target_ex"": 0.0, ""target_cx_vel_px_s"": 0.0, ""target_age_s"": null, ""lidar_min_m"": 0.68, ""target_lidar_m"": null, ""target_lidar_deg"": null, ""camera_range_m"
2026-07-16T16:35:13.984,1300.985,mission_20260716_161333_manual,MANUAL,,0,13.33029842376709,100.99789428710938,149.17930913402907,4,True,0.6865000128746033,1,0,0,247616,317729,0.0,0.0,0.0,0,0,nan,nan,nan,88,26.299999237060547,0.0,33.0,0,27,-,READY owner=Surnn refs=24,"{""cmd"": ""STOP"", ""status"": ""READY"", ""detector"": ""yolo"", ""state"": ""IDLE"", ""owner"": ""Surnn"", ""score"": null, ""match_max"": 0.5, ""refs"": 24, ""match_mode"": ""none"", ""steer_zones"": 41, ""people"": 0, ""track_id"": null, ""target_ex"": 0.0, ""target_cx_vel_px_s"": 0.0, ""target_age_s"": null, ""lidar_min_m"": 0.68, ""target_lidar_m"": null, ""target_lidar_deg"": null, ""camera_range_m"
2026-07-16T16:35:16.103,1303.104,mission_20260716_161333_manual,MANUAL,,0,13.330299377441406,100.99789428710938,149.1983380410567,4,True,0.6850000023841858,1,0,0,247616,317729,0.0,0.0,0.0,0,0,nan,nan,nan,88,26.299999237060547,0.0,33.0,0,27,-,READY owner=Surnn refs=24,"{""cmd"": ""STOP"", ""status"": ""READY"", ""detector"": ""yolo"", ""state"": ""IDLE"", ""owner"": ""Surnn"", ""score"": null, ""match_max"": 0.5, ""refs"": 24, ""match_mode"": ""none"", ""steer_zones"": 41, ""people"": 0, ""track_id"": null, ""target_ex"": 0.0, ""target_cx_vel_px_s"": 0.0, ""target_age_s"": null, ""lidar_min_m"": 0.68, ""target_lidar_m"": null, ""target_lidar_deg"": null, ""camera_range_m"
2026-07-16T16:35:18.223,1305.224,mission_20260716_161333_manual,MANUAL,,0,13.33029842376709,100.99789428710938,149.20440324903967,4,True,0.6862499713897705,1,0,0,247616,317729,0.0,0.0,0.0,0,0,nan,nan,nan,88,26.299999237060547,0.0,33.0,0,27,-,READY owner=Surnn refs=24,"{""cmd"": ""STOP"", ""status"": ""READY"", ""detector"": ""yolo"", ""state"": ""IDLE"", ""owner"": ""Surnn"", ""score"": null, ""match_max"": 0.5, ""refs"": 24, ""match_mode"": ""none"", ""steer_zones"": 41, ""people"": 0, ""track_id"": null, ""target_ex"": 0.0, ""target_cx_vel_px_s"": 0.0, ""target_age_s"": null, ""lidar_min_m"": 0.68, ""target_lidar_m"": null, ""target_lidar_deg"": null, ""camera_range_m"
2026-07-16T16:35:20.351,1307.352,mission_20260716_161333_manual,MANUAL,,0,13.33029842376709,100.99789428710938,149.21015426832082,4,True,0.6857500076293945,1,0,0,247616,317729,0.0,0.0,0.0,0,0,nan,nan,nan,88,26.299999237060547,0.0,33.0,0,27,-,READY owner=Surnn refs=24,"{""cmd"": ""STOP"", ""status"": ""READY"", ""detector"": ""yolo"", ""state"": ""IDLE"", ""owner"": ""Surnn"", ""score"": null, ""match_max"": 0.5, ""refs"": 24, ""match_mode"": ""none"", ""steer_zones"": 41, ""people"": 0, ""track_id"": null, ""target_ex"": 0.0, ""target_cx_vel_px_s"": 0.0, ""target_age_s"": null, ""lidar_min_m"": 0.68, ""target_lidar_m"": null, ""target_lidar_deg"": null, ""camera_range_m"
2026-07-16T16:35:22.355,1309.355,mission_20260716_161333_manual,MANUAL,,0,13.330300331115723,100.99789428710938,149.2023951734237,4,True,0.6857500076293945,1,0,0,247616,317729,0.0,0.0,0.0,0,0,nan,nan,nan,88,26.299999237060547,0.0,33.0,0,27,-,READY owner=Surnn refs=24,"{""cmd"": ""STOP"", ""status"": ""READY"", ""detector"": ""yolo"", ""state"": ""IDLE"", ""owner"": ""Surnn"", ""score"": null, ""match_max"": 0.5, ""refs"": 24, ""match_mode"": ""none"", ""steer_zones"": 41, ""people"": 0, ""track_id"": null, ""target_ex"": 0.0, ""target_cx_vel_px_s"": 0.0, ""target_age_s"": null, ""lidar_min_m"": 0.68, ""target_lidar_m"": null, ""target_lidar_deg"": null, ""camera_range_m"
2026-07-16T16:35:24.453,1311.453,mission_20260716_161333_manual,MANUAL,,0,13.330301284790039,100.99789428710938,149.2105504192927,4,True,0.687749981880188,1,0,0,247616,317729,0.0,0.0,0.0,0,0,nan,nan,nan,88,26.299999237060547,0.0,33.0,0,28,-,READY owner=Surnn refs=24,"{""cmd"": ""STOP"", ""status"": ""READY"", ""detector"": ""yolo"", ""state"": ""IDLE"", ""owner"": ""Surnn"", ""score"": null, ""match_max"": 0.5, ""refs"": 24, ""match_mode"": ""none"", ""steer_zones"": 41, ""people"": 0, ""track_id"": null, ""target_ex"": 0.0, ""target_cx_vel_px_s"": 0.0, ""target_age_s"": null, ""lidar_min_m"": 0.68, ""target_lidar_m"": null, ""target_lidar_deg"": null, ""camera_range_m"
2026-07-16T16:35:26.570,1313.57,mission_20260716_161333_manual,MANUAL,,0,13.330301284790039,100.99789428710938,149.21197109864005,4,True,0.6850000023841858,1,0,0,247616,317729,0.0,0.0,0.0,0,0,nan,nan,nan,88,26.299999237060547,0.0,33.0,0,28,-,READY owner=Surnn refs=24,"{""cmd"": ""STOP"", ""status"": ""READY"", ""detector"": ""yolo"", ""state"": ""IDLE"", ""owner"": ""Surnn"", ""score"": null, ""match_max"": 0.5, ""refs"": 24, ""match_mode"": ""none"", ""steer_zones"": 41, ""people"": 0, ""track_id"": null, ""target_ex"": 0.0, ""target_cx_vel_px_s"": 0.0, ""target_age_s"": null, ""lidar_min_m"": 0.68, ""target_lidar_m"": null, ""target_lidar_deg"": null, ""camera_range_m"
2026-07-16T16:35:28.690,1315.69,mission_20260716_161333_manual,MANUAL,,0,13.330302238464355,100.99789428710938,149.20941660789046,4,True,0.6857500076293945,1,0,0,247616,317729,0.0,0.0,0.0,0,0,nan,nan,nan,88,26.299999237060547,0.0,33.0,0,29,-,READY owner=Surnn refs=24,"{""cmd"": ""STOP"", ""status"": ""READY"", ""detector"": ""yolo"", ""state"": ""IDLE"", ""owner"": ""Surnn"", ""score"": null, ""match_max"": 0.5, ""refs"": 24, ""match_mode"": ""none"", ""steer_zones"": 41, ""people"": 0, ""track_id"": null, ""target_ex"": 0.0, ""target_cx_vel_px_s"": 0.0, ""target_age_s"": null, ""lidar_min_m"": 0.68, ""target_lidar_m"": null, ""target_lidar_deg"": null, ""camera_range_m"
2026-07-16T16:35:30.692,1317.693,mission_20260716_161333_manual,MANUAL,,0,13.330302238464355,100.99789428710938,149.20627472087227,4,True,0.6859999895095825,1,0,0,247616,317729,0.0,0.0,0.0,0,0,nan,nan,nan,88,26.299999237060547,0.0,33.0,0,29,-,READY owner=Surnn refs=24,"{""cmd"": ""STOP"", ""status"": ""READY"", ""detector"": ""yolo"", ""state"": ""IDLE"", ""owner"": ""Surnn"", ""score"": null, ""match_max"": 0.5, ""refs"": 24, ""match_mode"": ""none"", ""steer_zones"": 41, ""people"": 0, ""track_id"": null, ""target_ex"": 0.0, ""target_cx_vel_px_s"": 0.0, ""target_age_s"": null, ""lidar_min_m"": 0.68, ""target_lidar_m"": null, ""target_lidar_deg"": null, ""camera_range_m"
2026-07-16T16:35:32.802,1319.803,mission_20260716_161333_manual,MANUAL,,0,13.330302238464355,100.99789428710938,149.20862430594676,4,True,0.6862499713897705,1,0,0,247616,317729,0.0,0.0,0.0,0,0,nan,nan,nan,88,26.299999237060547,0.0,33.0,0,30,-,READY owner=Surnn refs=24,"{""cmd"": ""STOP"", ""status"": ""READY"", ""detector"": ""yolo"", ""state"": ""IDLE"", ""owner"": ""Surnn"", ""score"": null, ""match_max"": 0.5, ""refs"": 24, ""match_mode"": ""none"", ""steer_zones"": 41, ""people"": 0, ""track_id"": null, ""target_ex"": 0.0, ""target_cx_vel_px_s"": 0.0, ""target_age_s"": null, ""lidar_min_m"": 0.68, ""target_lidar_m"": null, ""target_lidar_deg"": null, ""camera_range_m"
2026-07-16T16:35:34.938,1321.939,mission_20260716_161333_manual,MANUAL,,0,13.330303192138672,100.99789428710938,149.20354264520427,4,True,0.6869999766349792,1,0,0,247616,317729,0.0,0.0,0.0,0,0,nan,nan,nan,88,26.299999237060547,0.0,33.0,0,30,-,READY owner=Surnn refs=24,"{""cmd"": ""STOP"", ""status"": ""READY"", ""detector"": ""yolo"", ""state"": ""IDLE"", ""owner"": ""Surnn"", ""score"": null, ""match_max"": 0.5, ""refs"": 24, ""match_mode"": ""none"", ""steer_zones"": 41, ""people"": 0, ""track_id"": null, ""target_ex"": 0.0, ""target_cx_vel_px_s"": 0.0, ""target_age_s"": null, ""lidar_min_m"": 0.68, ""target_lidar_m"": null, ""target_lidar_deg"": null, ""camera_range_m"
2026-07-16T16:35:37.060,1324.061,mission_20260716_161333_manual,MANUAL,,0,13.330304145812988,100.99789428710938,149.19974506002575,4,True,0.6862499713897705,1,0,0,247616,317729,0.0,0.0,0.0,0,0,nan,nan,nan,88,26.299999237060547,0.0,33.0,0,30,-,READY owner=Surnn refs=24,"{""cmd"": ""STOP"", ""status"": ""READY"", ""detector"": ""yolo"", ""state"": ""IDLE"", ""owner"": ""Surnn"", ""score"": null, ""match_max"": 0.5, ""refs"": 24, ""match_mode"": ""none"", ""steer_zones"": 41, ""people"": 0, ""track_id"": null, ""target_ex"": 0.0, ""target_cx_vel_px_s"": 0.0, ""target_age_s"": null, ""lidar_min_m"": 0.68, ""target_lidar_m"": null, ""target_lidar_deg"": null, ""camera_range_m"
2026-07-16T16:35:39.065,1326.066,mission_20260716_161333_manual,MANUAL,,0,13.330305099487305,100.99789428710938,149.2029006074223,4,True,0.6869999766349792,1,0,0,247616,317729,0.0,0.0,0.0,0,0,nan,nan,nan,88,26.299999237060547,0.0,33.0,0,30,-,READY owner=Surnn refs=24,"{""cmd"": ""STOP"", ""status"": ""READY"", ""detector"": ""yolo"", ""state"": ""IDLE"", ""owner"": ""Surnn"", ""score"": null, ""match_max"": 0.5, ""refs"": 24, ""match_mode"": ""none"", ""steer_zones"": 41, ""people"": 0, ""track_id"": null, ""target_ex"": 0.0, ""target_cx_vel_px_s"": 0.0, ""target_age_s"": null, ""lidar_min_m"": 0.68, ""target_lidar_m"": null, ""target_lidar_deg"": null, ""camera_range_m"
2026-07-16T16:35:41.187,1328.188,mission_20260716_161333_manual,MANUAL,,0,13.330305099487305,100.99789428710938,149.20545509817185,4,True,0.6852499842643738,1,0,0,247616,317729,0.0,0.0,0.0,0,0,nan,nan,nan,88,26.299999237060547,0.0,33.0,0,30,-,READY owner=Surnn refs=24,"{""cmd"": ""STOP"", ""status"": ""READY"", ""detector"": ""yolo"", ""state"": ""IDLE"", ""owner"": ""Surnn"", ""score"": null, ""match_max"": 0.5, ""refs"": 24, ""match_mode"": ""none"", ""steer_zones"": 41, ""people"": 0, ""track_id"": null, ""target_ex"": 0.0, ""target_cx_vel_px_s"": 0.0, ""target_age_s"": null, ""lidar_min_m"": 0.68, ""target_lidar_m"": null, ""target_lidar_deg"": null, ""camera_range_m"
2026-07-16T16:35:43.314,1330.314,mission_20260716_161333_manual,MANUAL,,0,13.330305099487305,100.99789428710938,149.2013023431565,4,True,0.6865000128746033,1,0,0,247616,317729,0.0,0.0,0.0,0,0,nan,nan,nan,88,26.299999237060547,0.0,33.0,0,30,-,READY owner=Surnn refs=24,"{""cmd"": ""STOP"", ""status"": ""READY"", ""detector"": ""yolo"", ""state"": ""IDLE"", ""owner"": ""Surnn"", ""score"": null, ""match_max"": 0.5, ""refs"": 24, ""match_mode"": ""none"", ""steer_zones"": 41, ""people"": 0, ""track_id"": null, ""target_ex"": 0.0, ""target_cx_vel_px_s"": 0.0, ""target_age_s"": null, ""lidar_min_m"": 0.68, ""target_lidar_m"": null, ""target_lidar_deg"": null, ""camera_range_m"
2026-07-16T16:35:45.441,1332.441,mission_20260716_161333_manual,MANUAL,,0,13.330305099487305,100.99789428710938,149.1973408334379,4,True,0.6865000128746033,1,0,0,247616,317729,0.0,0.0,0.0,0,0,nan,nan,nan,88,26.299999237060547,0.0,33.0,0,30,-,READY owner=Surnn refs=24,"{""cmd"": ""STOP"", ""status"": ""READY"", ""detector"": ""yolo"", ""state"": ""IDLE"", ""owner"": ""Surnn"", ""score"": null, ""match_max"": 0.5, ""refs"": 24, ""match_mode"": ""none"", ""steer_zones"": 41, ""people"": 0, ""track_id"": null, ""target_ex"": 0.0, ""target_cx_vel_px_s"": 0.0, ""target_age_s"": null, ""lidar_min_m"": 0.68, ""target_lidar_m"": null, ""target_lidar_deg"": null, ""camera_range_m"
2026-07-16T16:35:47.565,1334.565,mission_20260716_161333_manual,MANUAL,,0,13.330305099487305,100.99789428710938,149.21462121203803,4,True,0.6869999766349792,1,0,0,247616,317729,0.0,0.0,0.0,0,0,nan,nan,nan,88,26.299999237060547,0.0,33.0,0,30,-,READY owner=Surnn refs=24,"{""cmd"": ""STOP"", ""status"": ""READY"", ""detector"": ""yolo"", ""state"": ""IDLE"", ""owner"": ""Surnn"", ""score"": null, ""match_max"": 0.5, ""refs"": 24, ""match_mode"": ""none"", ""steer_zones"": 41, ""people"": 0, ""track_id"": null, ""target_ex"": 0.0, ""target_cx_vel_px_s"": 0.0, ""target_age_s"": null, ""lidar_min_m"": 0.68, ""target_lidar_m"": null, ""target_lidar_deg"": null, ""camera_range_m"
2026-07-16T16:35:49.569,1336.569,mission_20260716_161333_manual,MANUAL,,0,13.330304145812988,100.99789428710938,149.22016732564407,4,True,0.6862499713897705,1,0,0,247616,317729,0.0,0.0,0.0,0,0,nan,nan,nan,88,26.299999237060547,0.0,33.0,0,30,-,READY owner=Surnn refs=24,"{""cmd"": ""STOP"", ""status"": ""READY"", ""detector"": ""yolo"", ""state"": ""IDLE"", ""owner"": ""Surnn"", ""score"": null, ""match_max"": 0.5, ""refs"": 24, ""match_mode"": ""none"", ""steer_zones"": 41, ""people"": 0, ""track_id"": null, ""target_ex"": 0.0, ""target_cx_vel_px_s"": 0.0, ""target_age_s"": null, ""lidar_min_m"": 0.68, ""target_lidar_m"": null, ""target_lidar_deg"": null, ""camera_range_m"
2026-07-16T16:35:51.697,1338.697,mission_20260716_161333_manual,MANUAL,,0,13.330304145812988,100.99789428710938,149.21313223079895,4,True,0.6855000257492065,1,0,0,247616,317729,0.0,0.0,0.0,0,0,nan,nan,nan,88,26.299999237060547,0.0,33.0,0,30,-,READY owner=Surnn refs=24,"{""cmd"": ""STOP"", ""status"": ""READY"", ""detector"": ""yolo"", ""state"": ""IDLE"", ""owner"": ""Surnn"", ""score"": null, ""match_max"": 0.5, ""refs"": 24, ""match_mode"": ""none"", ""steer_zones"": 41, ""people"": 0, ""track_id"": null, ""target_ex"": 0.0, ""target_cx_vel_px_s"": 0.0, ""target_age_s"": null, ""lidar_min_m"": 0.68, ""target_lidar_m"": null, ""target_lidar_deg"": null, ""camera_range_m"
2026-07-16T16:35:53.829,1340.83,mission_20260716_161333_manual,MANUAL,,0,13.330303192138672,100.99789428710938,149.20210830547856,4,True,0.6857500076293945,1,0,0,247616,317729,0.0,0.0,0.0,0,0,nan,nan,nan,88,26.299999237060547,0.0,33.0,0,30,-,READY owner=Surnn refs=24,"{""cmd"": ""STOP"", ""status"": ""READY"", ""detector"": ""yolo"", ""state"": ""IDLE"", ""owner"": ""Surnn"", ""score"": null, ""match_max"": 0.5, ""refs"": 24, ""match_mode"": ""none"", ""steer_zones"": 41, ""people"": 0, ""track_id"": null, ""target_ex"": 0.0, ""target_cx_vel_px_s"": 0.0, ""target_age_s"": null, ""lidar_min_m"": 0.68, ""target_lidar_m"": null, ""target_lidar_deg"": null, ""camera_range_m"
2026-07-16T16:35:55.964,1342.964,mission_20260716_161333_manual,MANUAL,,0,13.330302238464355,100.99789428710938,149.1984746448401,4,True,0.6867499947547913,1,0,0,247616,317729,0.0,0.0,0.0,0,0,nan,nan,nan,88,26.299999237060547,0.0,33.0,0,30,-,READY owner=Surnn refs=24,"{""cmd"": ""STOP"", ""status"": ""READY"", ""detector"": ""yolo"", ""state"": ""IDLE"", ""owner"": ""Surnn"", ""score"": null, ""match_max"": 0.5, ""refs"": 24, ""match_mode"": ""none"", ""steer_zones"": 41, ""people"": 0, ""track_id"": null, ""target_ex"": 0.0, ""target_cx_vel_px_s"": 0.0, ""target_age_s"": null, ""lidar_min_m"": 0.68, ""target_lidar_m"": null, ""target_lidar_deg"": null, ""camera_range_m"
2026-07-16T16:35:58.090,1345.09,mission_20260716_161333_manual,MANUAL,,0,13.330302238464355,100.99789428710938,149.19780528630145,4,True,0.6862499713897705,1,0,0,247616,317729,0.0,0.0,0.0,0,0,nan,nan,nan,88,26.299999237060547,0.0,33.0,0,29,-,READY owner=Surnn refs=24,"{""cmd"": ""STOP"", ""status"": ""READY"", ""detector"": ""yolo"", ""state"": ""IDLE"", ""owner"": ""Surnn"", ""score"": null, ""match_max"": 0.5, ""refs"": 24, ""match_mode"": ""none"", ""steer_zones"": 41, ""people"": 0, ""track_id"": null, ""target_ex"": 0.0, ""target_cx_vel_px_s"": 0.0, ""target_age_s"": null, ""lidar_min_m"": 0.68, ""target_lidar_m"": null, ""target_lidar_deg"": null, ""camera_range_m"
2026-07-16T16:36:00.206,1347.207,mission_20260716_161333_manual,MANUAL,,0,13.330302238464355,100.99789428710938,149.1994991732156,4,True,0.6867499947547913,1,0,0,247616,317729,0.0,0.0,0.0,0,0,nan,nan,nan,88,26.299999237060547,0.0,33.0,0,29,-,READY owner=Surnn refs=24,"{""cmd"": ""STOP"", ""status"": ""READY"", ""detector"": ""yolo"", ""state"": ""IDLE"", ""owner"": ""Surnn"", ""score"": null, ""match_max"": 0.5, ""refs"": 24, ""match_mode"": ""none"", ""steer_zones"": 41, ""people"": 0, ""track_id"": null, ""target_ex"": 0.0, ""target_cx_vel_px_s"": 0.0, ""target_age_s"": null, ""lidar_min_m"": 0.68, ""target_lidar_m"": null, ""target_lidar_deg"": null, ""camera_range_m"
2026-07-16T16:36:02.341,1349.342,mission_20260716_161333_manual,MANUAL,,0,13.330303192138672,100.99789428710938,149.19844732408342,4,True,0.6862499713897705,1,0,0,247616,317729,0.0,0.0,0.0,0,0,nan,nan,nan,88,26.299999237060547,0.0,33.0,0,28,-,READY owner=Surnn refs=24,"{""cmd"": ""STOP"", ""status"": ""READY"", ""detector"": ""yolo"", ""state"": ""IDLE"", ""owner"": ""Surnn"", ""score"": null, ""match_max"": 0.5, ""refs"": 24, ""match_mode"": ""none"", ""steer_zones"": 41, ""people"": 0, ""track_id"": null, ""target_ex"": 0.0, ""target_cx_vel_px_s"": 0.0, ""target_age_s"": null, ""lidar_min_m"": 0.68, ""target_lidar_m"": null, ""target_lidar_deg"": null, ""camera_range_m"
2026-07-16T16:36:04.345,1351.346,mission_20260716_161333_manual,MANUAL,,0,13.330304145812988,100.99789428710938,149.19892543732533,4,True,0.6869999766349792,1,0,0,247616,317729,0.0,0.0,0.0,0,0,nan,nan,nan,88,26.299999237060547,0.0,33.0,0,28,-,READY owner=Surnn refs=24,"{""cmd"": ""STOP"", ""status"": ""READY"", ""detector"": ""yolo"", ""state"": ""IDLE"", ""owner"": ""Surnn"", ""score"": null, ""match_max"": 0.5, ""refs"": 24, ""match_mode"": ""none"", ""steer_zones"": 41, ""people"": 0, ""track_id"": null, ""target_ex"": 0.0, ""target_cx_vel_px_s"": 0.0, ""target_age_s"": null, ""lidar_min_m"": 0.68, ""target_lidar_m"": null, ""target_lidar_deg"": null, ""camera_range_m"
2026-07-16T16:36:06.351,1353.352,mission_20260716_161333_manual,MANUAL,,0,13.330305099487305,100.99789428710938,149.19684905981765,4,True,0.6865000128746033,1,0,0,247616,317729,0.0,0.0,0.0,0,0,nan,nan,nan,88,26.299999237060547,0.0,33.0,0,27,-,READY owner=Surnn refs=24,"{""cmd"": ""STOP"", ""status"": ""READY"", ""detector"": ""yolo"", ""state"": ""IDLE"", ""owner"": ""Surnn"", ""score"": null, ""match_max"": 0.5, ""refs"": 24, ""match_mode"": ""none"", ""steer_zones"": 41, ""people"": 0, ""track_id"": null, ""target_ex"": 0.0, ""target_cx_vel_px_s"": 0.0, ""target_age_s"": null, ""lidar_min_m"": 0.68, ""target_lidar_m"": null, ""target_lidar_deg"": null, ""camera_range_m"
2026-07-16T16:36:08.461,1355.461,mission_20260716_161333_manual,MANUAL,,0,13.330306053161621,100.99789428710938,149.19714958814112,4,True,0.6855000257492065,1,0,0,247616,317729,0.0,0.0,0.0,0,0,nan,nan,nan,88,26.299999237060547,0.0,33.0,0,27,-,READY owner=Surnn refs=24,"{""cmd"": ""STOP"", ""status"": ""READY"", ""detector"": ""yolo"", ""state"": ""IDLE"", ""owner"": ""Surnn"", ""score"": null, ""match_max"": 0.5, ""refs"": 24, ""match_mode"": ""none"", ""steer_zones"": 41, ""people"": 0, ""track_id"": null, ""target_ex"": 0.0, ""target_cx_vel_px_s"": 0.0, ""target_age_s"": null, ""lidar_min_m"": 0.68, ""target_lidar_m"": null, ""target_lidar_deg"": null, ""camera_range_m"
2026-07-16T16:36:10.588,1357.589,mission_20260716_161333_manual,MANUAL,,0,13.330307006835938,100.99788665771484,149.2034197017992,4,True,0.6865000128746033,1,0,0,247616,317729,0.0,0.0,0.0,0,0,nan,nan,nan,88,26.299999237060547,0.0,33.0,0,27,-,READY owner=Surnn refs=24,"{""cmd"": ""STOP"", ""status"": ""READY"", ""detector"": ""yolo"", ""state"": ""IDLE"", ""owner"": ""Surnn"", ""score"": null, ""match_max"": 0.5, ""refs"": 24, ""match_mode"": ""none"", ""steer_zones"": 41, ""people"": 0, ""track_id"": null, ""target_ex"": 0.0, ""target_cx_vel_px_s"": 0.0, ""target_age_s"": null, ""lidar_min_m"": 0.68, ""target_lidar_m"": null, ""target_lidar_deg"": null, ""camera_range_m"
2026-07-16T16:36:12.704,1359.705,mission_20260716_161333_manual,MANUAL,,0,13.330307006835938,100.99788665771484,149.1997040788907,4,True,0.6865000128746033,1,0,0,247616,317729,0.0,0.0,0.0,0,0,nan,nan,nan,88,26.299999237060547,0.0,33.0,0,27,-,READY owner=Surnn refs=24,"{""cmd"": ""STOP"", ""status"": ""READY"", ""detector"": ""yolo"", ""state"": ""IDLE"", ""owner"": ""Surnn"", ""score"": null, ""match_max"": 0.5, ""refs"": 24, ""match_mode"": ""none"", ""steer_zones"": 41, ""people"": 0, ""track_id"": null, ""target_ex"": 0.0, ""target_cx_vel_px_s"": 0.0, ""target_age_s"": null, ""lidar_min_m"": 0.68, ""target_lidar_m"": null, ""target_lidar_deg"": null, ""camera_range_m"
2026-07-16T16:36:14.836,1361.836,mission_20260716_161333_manual,MANUAL,,0,13.33030891418457,100.99788665771484,149.18981396497253,4,True,0.6857500076293945,1,0,0,247616,317729,0.0,0.0,0.0,0,0,nan,nan,nan,88,26.299999237060547,0.0,33.0,0,28,-,READY owner=Surnn refs=24,"{""cmd"": ""STOP"", ""status"": ""READY"", ""detector"": ""yolo"", ""state"": ""IDLE"", ""owner"": ""Surnn"", ""score"": null, ""match_max"": 0.5, ""refs"": 24, ""match_mode"": ""none"", ""steer_zones"": 41, ""people"": 0, ""track_id"": null, ""target_ex"": 0.0, ""target_cx_vel_px_s"": 0.0, ""target_age_s"": null, ""lidar_min_m"": 0.68, ""target_lidar_m"": null, ""target_lidar_deg"": null, ""camera_range_m"
2026-07-16T16:36:16.968,1363.968,mission_20260716_161333_manual,MANUAL,,0,13.330309867858887,100.99788665771484,149.19649388998081,4,True,0.687250018119812,1,0,0,247616,317729,0.0,0.0,0.0,0,0,nan,nan,nan,88,26.299999237060547,0.0,33.0,0,28,-,READY owner=Surnn refs=24,"{""cmd"": ""STOP"", ""status"": ""READY"", ""detector"": ""yolo"", ""state"": ""IDLE"", ""owner"": ""Surnn"", ""score"": null, ""match_max"": 0.5, ""refs"": 24, ""match_mode"": ""none"", ""steer_zones"": 41, ""people"": 0, ""track_id"": null, ""target_ex"": 0.0, ""target_cx_vel_px_s"": 0.0, ""target_age_s"": null, ""lidar_min_m"": 0.68, ""target_lidar_m"": null, ""target_lidar_deg"": null, ""camera_range_m"
2026-07-16T16:36:19.093,1366.093,mission_20260716_161333_manual,MANUAL,,0,13.33030891418457,100.99788665771484,149.1964529088458,4,True,0.6867499947547913,1,0,0,247616,317729,0.0,0.0,0.0,0,0,nan,nan,nan,88,26.299999237060547,0.0,33.0,0,28,-,READY owner=Surnn refs=24,"{""cmd"": ""STOP"", ""status"": ""READY"", ""detector"": ""yolo"", ""state"": ""IDLE"", ""owner"": ""Surnn"", ""score"": null, ""match_max"": 0.5, ""refs"": 24, ""match_mode"": ""none"", ""steer_zones"": 41, ""people"": 0, ""track_id"": null, ""target_ex"": 0.0, ""target_cx_vel_px_s"": 0.0, ""target_age_s"": null, ""lidar_min_m"": 0.68, ""target_lidar_m"": null, ""target_lidar_deg"": null, ""camera_range_m"
2026-07-16T16:36:21.217,1368.217,mission_20260716_161333_manual,MANUAL,,0,13.330307960510254,100.99788665771484,149.19146687075167,4,True,0.6852499842643738,1,0,0,247616,317729,0.0,0.0,0.0,0,0,nan,nan,nan,88,26.299999237060547,0.0,33.0,0,29,-,READY owner=Surnn refs=24,"{""cmd"": ""STOP"", ""status"": ""READY"", ""detector"": ""yolo"", ""state"": ""IDLE"", ""owner"": ""Surnn"", ""score"": null, ""match_max"": 0.5, ""refs"": 24, ""match_mode"": ""none"", ""steer_zones"": 41, ""people"": 0, ""track_id"": null, ""target_ex"": 0.0, ""target_cx_vel_px_s"": 0.0, ""target_age_s"": null, ""lidar_min_m"": 0.68, ""target_lidar_m"": null, ""target_lidar_deg"": null, ""camera_range_m"
2026-07-16T16:36:23.343,1370.343,mission_20260716_161333_manual,MANUAL,,0,13.330307960510254,100.99788665771484,149.1848825683918,4,True,0.6867499947547913,1,0,0,247616,317729,0.0,0.0,0.0,0,0,nan,nan,nan,88,26.299999237060547,0.0,33.0,0,29,-,READY owner=Surnn refs=24,"{""cmd"": ""STOP"", ""status"": ""READY"", ""detector"": ""yolo"", ""state"": ""IDLE"", ""owner"": ""Surnn"", ""score"": null, ""match_max"": 0.5, ""refs"": 24, ""match_mode"": ""none"", ""steer_zones"": 41, ""people"": 0, ""track_id"": null, ""target_ex"": 0.0, ""target_cx_vel_px_s"": 0.0, ""target_age_s"": null, ""lidar_min_m"": 0.68, ""target_lidar_m"": null, ""target_lidar_deg"": null, ""camera_range_m"
2026-07-16T16:36:25.473,1372.473,mission_20260716_161333_manual,MANUAL,,0,13.33030891418457,100.99788665771484,149.19414430490633,4,True,0.6857500076293945,1,0,0,247616,317729,0.0,0.0,0.0,0,0,nan,nan,nan,88,26.299999237060547,0.0,33.0,0,29,-,READY owner=Surnn refs=24,"{""cmd"": ""STOP"", ""status"": ""READY"", ""detector"": ""yolo"", ""state"": ""IDLE"", ""owner"": ""Surnn"", ""score"": null, ""match_max"": 0.5, ""refs"": 24, ""match_mode"": ""none"", ""steer_zones"": 41, ""people"": 0, ""track_id"": null, ""target_ex"": 0.0, ""target_cx_vel_px_s"": 0.0, ""target_age_s"": null, ""lidar_min_m"": 0.68, ""target_lidar_m"": null, ""target_lidar_deg"": null, ""camera_range_m"
2026-07-16T16:36:27.601,1374.601,mission_20260716_161333_manual,MANUAL,,0,13.330309867858887,100.99788665771484,149.20820083421822,4,True,0.6857500076293945,1,0,0,247616,317729,0.0,0.0,0.0,0,0,nan,nan,nan,88,26.299999237060547,0.0,33.0,0,29,-,READY owner=Surnn refs=24,"{""cmd"": ""STOP"", ""status"": ""READY"", ""detector"": ""yolo"", ""state"": ""IDLE"", ""owner"": ""Surnn"", ""score"": null, ""match_max"": 0.5, ""refs"": 24, ""match_mode"": ""none"", ""steer_zones"": 41, ""people"": 0, ""track_id"": null, ""target_ex"": 0.0, ""target_cx_vel_px_s"": 0.0, ""target_age_s"": null, ""lidar_min_m"": 0.68, ""target_lidar_m"": null, ""target_lidar_deg"": null, ""camera_range_m"
2026-07-16T16:36:29.718,1376.719,mission_20260716_161333_manual,MANUAL,,0,13.330309867858887,100.99788665771484,149.21065970231942,4,True,0.6850000023841858,1,0,0,247616,317729,0.0,0.0,0.0,0,0,nan,nan,nan,88,26.299999237060547,0.0,33.0,0,29,-,READY owner=Surnn refs=24,"{""cmd"": ""STOP"", ""status"": ""READY"", ""detector"": ""yolo"", ""state"": ""IDLE"", ""owner"": ""Surnn"", ""score"": null, ""match_max"": 0.5, ""refs"": 24, ""match_mode"": ""none"", ""steer_zones"": 41, ""people"": 0, ""track_id"": null, ""target_ex"": 0.0, ""target_cx_vel_px_s"": 0.0, ""target_age_s"": null, ""lidar_min_m"": 0.68, ""target_lidar_m"": null, ""target_lidar_deg"": null, ""camera_range_m"
2026-07-16T16:36:31.842,1378.843,mission_20260716_161333_manual,MANUAL,,0,13.33030891418457,100.99788665771484,149.20728558886944,4,True,0.6862499713897705,1,0,0,247616,317729,0.0,0.0,0.0,0,0,nan,nan,nan,88,26.299999237060547,0.0,33.0,0,30,-,READY owner=Surnn refs=24,"{""cmd"": ""STOP"", ""status"": ""READY"", ""detector"": ""yolo"", ""state"": ""IDLE"", ""owner"": ""Surnn"", ""score"": null, ""match_max"": 0.5, ""refs"": 24, ""match_mode"": ""none"", ""steer_zones"": 41, ""people"": 0, ""track_id"": null, ""target_ex"": 0.0, ""target_cx_vel_px_s"": 0.0, ""target_age_s"": null, ""lidar_min_m"": 0.68, ""target_lidar_m"": null, ""target_lidar_deg"": null, ""camera_range_m"
2026-07-16T16:36:33.970,1380.971,mission_20260716_161333_manual,MANUAL,,0,13.330307006835938,100.99788665771484,149.19531909744356,4,True,0.6867499947547913,1,0,0,247616,317729,0.0,0.0,0.0,0,0,nan,nan,nan,88,26.299999237060547,0.0,33.0,0,29,-,READY owner=Surnn refs=24,"{""cmd"": ""STOP"", ""status"": ""READY"", ""detector"": ""yolo"", ""state"": ""IDLE"", ""owner"": ""Surnn"", ""score"": null, ""match_max"": 0.5, ""refs"": 24, ""match_mode"": ""none"", ""steer_zones"": 41, ""people"": 0, ""track_id"": null, ""target_ex"": 0.0, ""target_cx_vel_px_s"": 0.0, ""target_age_s"": null, ""lidar_min_m"": 0.68, ""target_lidar_m"": null, ""target_lidar_deg"": null, ""camera_range_m"
2026-07-16T16:36:35.977,1382.978,mission_20260716_161333_manual,MANUAL,,0,13.330306053161621,100.99788665771484,149.1871092100612,4,True,0.6867499947547913,1,0,0,247616,317729,0.0,0.0,0.0,0,0,nan,nan,nan,88,26.299999237060547,0.0,33.0,0,30,-,READY owner=Surnn refs=24,"{""cmd"": ""STOP"", ""status"": ""READY"", ""detector"": ""yolo"", ""state"": ""IDLE"", ""owner"": ""Surnn"", ""score"": null, ""match_max"": 0.5, ""refs"": 24, ""match_mode"": ""none"", ""steer_zones"": 41, ""people"": 0, ""track_id"": null, ""target_ex"": 0.0, ""target_cx_vel_px_s"": 0.0, ""target_age_s"": null, ""lidar_min_m"": 0.68, ""target_lidar_m"": null, ""target_lidar_deg"": null, ""camera_range_m"
2026-07-16T16:36:37.978,1384.979,mission_20260716_161333_manual,MANUAL,,0,13.330305099487305,100.99788665771484,149.19673977679093,4,True,0.6857500076293945,1,0,0,247616,317729,0.0,0.0,0.0,0,0,nan,nan,nan,88,26.299999237060547,0.0,33.0,0,30,-,READY owner=Surnn refs=24,"{""cmd"": ""STOP"", ""status"": ""READY"", ""detector"": ""yolo"", ""state"": ""IDLE"", ""owner"": ""Surnn"", ""score"": null, ""match_max"": 0.5, ""refs"": 24, ""match_mode"": ""none"", ""steer_zones"": 41, ""people"": 0, ""track_id"": null, ""target_ex"": 0.0, ""target_cx_vel_px_s"": 0.0, ""target_age_s"": null, ""lidar_min_m"": 0.68, ""target_lidar_m"": null, ""target_lidar_deg"": null, ""camera_range_m"
2026-07-16T16:36:40.092,1387.093,mission_20260716_161333_manual,MANUAL,,0,13.330303192138672,100.99788665771484,149.1831477003426,4,True,0.6869999766349792,1,0,0,247616,317729,0.0,0.0,0.0,0,0,nan,nan,nan,88,26.299999237060547,0.0,33.0,0,30,-,READY owner=Surnn refs=24,"{""cmd"": ""STOP"", ""status"": ""READY"", ""detector"": ""yolo"", ""state"": ""IDLE"", ""owner"": ""Surnn"", ""score"": null, ""match_max"": 0.5, ""refs"": 24, ""match_mode"": ""none"", ""steer_zones"": 41, ""people"": 0, ""track_id"": null, ""target_ex"": 0.0, ""target_cx_vel_px_s"": 0.0, ""target_age_s"": null, ""lidar_min_m"": 0.68, ""target_lidar_m"": null, ""target_lidar_deg"": null, ""camera_range_m"
2026-07-16T16:36:42.092,1389.093,mission_20260716_161333_manual,MANUAL,,0,13.330299377441406,100.99788665771484,149.18279253050576,4,True,0.6865000128746033,1,0,0,247616,317729,0.0,0.0,0.0,0,0,nan,nan,nan,88,26.299999237060547,0.0,33.0,0,30,-,READY owner=Surnn refs=24,"{""cmd"": ""STOP"", ""status"": ""READY"", ""detector"": ""yolo"", ""state"": ""IDLE"", ""owner"": ""Surnn"", ""score"": null, ""match_max"": 0.5, ""refs"": 24, ""match_mode"": ""none"", ""steer_zones"": 41, ""people"": 0, ""track_id"": null, ""target_ex"": 0.0, ""target_cx_vel_px_s"": 0.0, ""target_age_s"": null, ""lidar_min_m"": 0.68, ""target_lidar_m"": null, ""target_lidar_deg"": null, ""camera_range_m"
2026-07-16T16:36:44.214,1391.214,mission_20260716_161333_manual,MANUAL,,0,13.330296516418457,100.99788665771484,149.18557924768712,4,True,0.687749981880188,1,0,0,247616,317729,0.0,0.0,0.0,0,0,nan,nan,nan,88,26.299999237060547,0.0,33.0,0,30,-,READY owner=Surnn refs=24,"{""cmd"": ""STOP"", ""status"": ""READY"", ""detector"": ""yolo"", ""state"": ""IDLE"", ""owner"": ""Surnn"", ""score"": null, ""match_max"": 0.5, ""refs"": 24, ""match_mode"": ""none"", ""steer_zones"": 41, ""people"": 0, ""track_id"": null, ""target_ex"": 0.0, ""target_cx_vel_px_s"": 0.0, ""target_age_s"": null, ""lidar_min_m"": 0.68, ""target_lidar_m"": null, ""target_lidar_deg"": null, ""camera_range_m"
2026-07-16T16:36:46.339,1393.339,mission_20260716_161333_manual,MANUAL,,0,13.330294609069824,100.99788665771484,149.1881610591934,4,True,0.6867499947547913,1,0,0,247616,317729,0.0,0.0,0.0,0,0,nan,nan,nan,88,26.299999237060547,0.0,33.0,0,31,-,READY owner=Surnn refs=24,"{""cmd"": ""STOP"", ""status"": ""READY"", ""detector"": ""yolo"", ""state"": ""IDLE"", ""owner"": ""Surnn"", ""score"": null, ""match_max"": 0.5, ""refs"": 24, ""match_mode"": ""none"", ""steer_zones"": 41, ""people"": 0, ""track_id"": null, ""target_ex"": 0.0, ""target_cx_vel_px_s"": 0.0, ""target_age_s"": null, ""lidar_min_m"": 0.68, ""target_lidar_m"": null, ""target_lidar_deg"": null, ""camera_range_m"
2026-07-16T16:36:48.464,1395.464,mission_20260716_161333_manual,MANUAL,,0,13.330292701721191,100.99788665771484,149.19331102182758,4,True,0.6852499842643738,1,0,0,247616,317729,0.0,0.0,0.0,0,0,nan,nan,nan,88,26.299999237060547,0.0,33.0,0,31,-,READY owner=Surnn refs=24,"{""cmd"": ""STOP"", ""status"": ""READY"", ""detector"": ""yolo"", ""state"": ""IDLE"", ""owner"": ""Surnn"", ""score"": null, ""match_max"": 0.5, ""refs"": 24, ""match_mode"": ""none"", ""steer_zones"": 41, ""people"": 0, ""track_id"": null, ""target_ex"": 0.0, ""target_cx_vel_px_s"": 0.0, ""target_age_s"": null, ""lidar_min_m"": 0.68, ""target_lidar_m"": null, ""target_lidar_deg"": null, ""camera_range_m"
2026-07-16T16:36:50.581,1397.581,mission_20260716_161333_manual,MANUAL,,0,13.330289840698242,100.99788665771484,149.17889932267886,4,True,0.6859999895095825,1,0,0,247616,317729,0.0,0.0,0.0,0,0,nan,nan,nan,88,26.299999237060547,0.0,33.0,0,31,-,READY owner=Surnn refs=24,"{""cmd"": ""STOP"", ""status"": ""READY"", ""detector"": ""yolo"", ""state"": ""IDLE"", ""owner"": ""Surnn"", ""score"": null, ""match_max"": 0.5, ""refs"": 24, ""match_mode"": ""none"", ""steer_zones"": 41, ""people"": 0, ""track_id"": null, ""target_ex"": 0.0, ""target_cx_vel_px_s"": 0.0, ""target_age_s"": null, ""lidar_min_m"": 0.68, ""target_lidar_m"": null, ""target_lidar_deg"": null, ""camera_range_m"
2026-07-16T16:36:52.706,1399.707,mission_20260716_161333_manual,MANUAL,,0,13.33028793334961,100.99788665771484,149.17746498295315,4,True,0.6862499713897705,1,0,0,247616,317729,0.0,0.0,0.0,0,0,nan,nan,nan,88,26.299999237060547,0.0,33.0,0,30,-,READY owner=Surnn refs=24,"{""cmd"": ""STOP"", ""status"": ""READY"", ""detector"": ""yolo"", ""state"": ""IDLE"", ""owner"": ""Surnn"", ""score"": null, ""match_max"": 0.5, ""refs"": 24, ""match_mode"": ""none"", ""steer_zones"": 41, ""people"": 0, ""track_id"": null, ""target_ex"": 0.0, ""target_cx_vel_px_s"": 0.0, ""target_age_s"": null, ""lidar_min_m"": 0.68, ""target_lidar_m"": null, ""target_lidar_deg"": null, ""camera_range_m"
2026-07-16T16:36:54.707,1401.708,mission_20260716_161333_manual,MANUAL,,0,13.330286026000977,100.99787902832031,149.17933645478573,4,True,0.6865000128746033,1,0,0,247616,317729,0.0,0.0,0.0,0,0,nan,nan,nan,88,26.299999237060547,0.0,33.0,0,29,-,READY owner=Surnn refs=24,"{""cmd"": ""STOP"", ""status"": ""READY"", ""detector"": ""yolo"", ""state"": ""IDLE"", ""owner"": ""Surnn"", ""score"": null, ""match_max"": 0.5, ""refs"": 24, ""match_mode"": ""none"", ""steer_zones"": 41, ""people"": 0, ""track_id"": null, ""target_ex"": 0.0, ""target_cx_vel_px_s"": 0.0, ""target_age_s"": null, ""lidar_min_m"": 0.68, ""target_lidar_m"": null, ""target_lidar_deg"": null, ""camera_range_m"
2026-07-16T16:36:56.813,1403.813,mission_20260716_161333_manual,MANUAL,,0,13.330284118652344,100.99787902832031,149.16764317092668,4,True,0.6852499842643738,1,0,0,247616,317729,0.0,0.0,0.0,0,0,nan,nan,nan,88,26.299999237060547,0.0,33.0,0,30,-,READY owner=Surnn refs=24,"{""cmd"": ""STOP"", ""status"": ""READY"", ""detector"": ""yolo"", ""state"": ""IDLE"", ""owner"": ""Surnn"", ""score"": null, ""match_max"": 0.5, ""refs"": 24, ""match_mode"": ""none"", ""steer_zones"": 41, ""people"": 0, ""track_id"": null, ""target_ex"": 0.0, ""target_cx_vel_px_s"": 0.0, ""target_age_s"": null, ""lidar_min_m"": 0.68, ""target_lidar_m"": null, ""target_lidar_deg"": null, ""camera_range_m"
2026-07-16T16:36:58.827,1405.827,mission_20260716_161333_manual,MANUAL,,0,13.330283164978027,100.99787902832031,149.16555313304065,4,True,0.6865000128746033,1,0,0,247616,317729,0.0,0.0,0.0,0,0,nan,nan,nan,88,26.299999237060547,0.0,33.0,0,29,-,READY owner=Surnn refs=24,"{""cmd"": ""STOP"", ""status"": ""READY"", ""detector"": ""yolo"", ""state"": ""IDLE"", ""owner"": ""Surnn"", ""score"": null, ""match_max"": 0.5, ""refs"": 24, ""match_mode"": ""none"", ""steer_zones"": 41, ""people"": 0, ""track_id"": null, ""target_ex"": 0.0, ""target_cx_vel_px_s"": 0.0, ""target_age_s"": null, ""lidar_min_m"": 0.68, ""target_lidar_m"": null, ""target_lidar_deg"": null, ""camera_range_m"
2026-07-16T16:37:00.838,1407.839,mission_20260716_161333_manual,MANUAL,,0,13.330281257629395,100.99787902832031,149.1587092834923,4,True,0.6862499713897705,1,0,0,247616,317729,0.0,0.0,0.0,0,0,nan,nan,nan,88,26.299999237060547,0.0,33.0,0,27,-,READY owner=Surnn refs=24,"{""cmd"": ""STOP"", ""status"": ""READY"", ""detector"": ""yolo"", ""state"": ""IDLE"", ""owner"": ""Surnn"", ""score"": null, ""match_max"": 0.5, ""refs"": 24, ""match_mode"": ""none"", ""steer_zones"": 41, ""people"": 0, ""track_id"": null, ""target_ex"": 0.0, ""target_cx_vel_px_s"": 0.0, ""target_age_s"": null, ""lidar_min_m"": 0.68, ""target_lidar_m"": null, ""target_lidar_deg"": null, ""camera_range_m"
2026-07-16T16:37:02.962,1409.962,mission_20260716_161333_manual,MANUAL,,0,13.330280303955078,100.99787902832031,149.16452860466515,4,True,0.6862499713897705,1,0,0,247616,317729,0.0,0.0,0.0,0,0,nan,nan,nan,88,26.299999237060547,0.0,33.0,0,27,-,READY owner=Surnn refs=24,"{""cmd"": ""STOP"", ""status"": ""READY"", ""detector"": ""yolo"", ""state"": ""IDLE"", ""owner"": ""Surnn"", ""score"": null, ""match_max"": 0.5, ""refs"": 24, ""match_mode"": ""none"", ""steer_zones"": 41, ""people"": 0, ""track_id"": null, ""target_ex"": 0.0, ""target_cx_vel_px_s"": 0.0, ""target_age_s"": null, ""lidar_min_m"": 0.68, ""target_lidar_m"": null, ""target_lidar_deg"": null, ""camera_range_m"
2026-07-16T16:37:04.966,1411.967,mission_20260716_161333_manual,MANUAL,,0,13.330279350280762,100.99787902832031,149.15976113262448,4,True,0.6859999895095825,1,0,0,247616,317729,0.0,0.0,0.0,0,0,nan,nan,nan,88,26.299999237060547,0.0,33.0,0,28,-,READY owner=Surnn refs=24,"{""cmd"": ""STOP"", ""status"": ""READY"", ""detector"": ""yolo"", ""state"": ""IDLE"", ""owner"": ""Surnn"", ""score"": null, ""match_max"": 0.5, ""refs"": 24, ""match_mode"": ""none"", ""steer_zones"": 41, ""people"": 0, ""track_id"": null, ""target_ex"": 0.0, ""target_cx_vel_px_s"": 0.0, ""target_age_s"": null, ""lidar_min_m"": 0.68, ""target_lidar_m"": null, ""target_lidar_deg"": null, ""camera_range_m"
2026-07-16T16:37:07.098,1414.098,mission_20260716_161333_manual,MANUAL,,0,13.330278396606445,100.99787902832031,149.15929667976093,4,True,0.6875,1,0,0,247616,317729,0.0,0.0,0.0,0,0,nan,nan,nan,88,26.299999237060547,0.0,33.0,0,26,-,READY owner=Surnn refs=24,"{""cmd"": ""STOP"", ""status"": ""READY"", ""detector"": ""yolo"", ""state"": ""IDLE"", ""owner"": ""Surnn"", ""score"": null, ""match_max"": 0.5, ""refs"": 24, ""match_mode"": ""none"", ""steer_zones"": 41, ""people"": 0, ""track_id"": null, ""target_ex"": 0.0, ""target_cx_vel_px_s"": 0.0, ""target_age_s"": null, ""lidar_min_m"": 0.68, ""target_lidar_m"": null, ""target_lidar_deg"": null, ""camera_range_m"
2026-07-16T16:37:09.216,1416.216,mission_20260716_161333_manual,MANUAL,,0,13.330277442932129,100.99787902832031,149.1501442262731,4,True,0.6869999766349792,1,0,0,247616,317729,0.0,0.0,0.0,0,0,nan,nan,nan,88,26.299999237060547,0.0,33.0,0,26,-,READY owner=Surnn refs=24,"{""cmd"": ""STOP"", ""status"": ""READY"", ""detector"": ""yolo"", ""state"": ""IDLE"", ""owner"": ""Surnn"", ""score"": null, ""match_max"": 0.5, ""refs"": 24, ""match_mode"": ""none"", ""steer_zones"": 41, ""people"": 0, ""track_id"": null, ""target_ex"": 0.0, ""target_cx_vel_px_s"": 0.0, ""target_age_s"": null, ""lidar_min_m"": 0.68, ""target_lidar_m"": null, ""target_lidar_deg"": null, ""camera_range_m"
2026-07-16T16:37:11.228,1418.229,mission_20260716_161333_manual,MANUAL,,0,13.330277442932129,100.99787902832031,149.14861426389902,4,True,0.687749981880188,1,0,0,247616,317729,0.0,0.0,0.0,0,0,nan,nan,nan,88,26.299999237060547,0.0,33.0,0,26,-,READY owner=Surnn refs=24,"{""cmd"": ""STOP"", ""status"": ""READY"", ""detector"": ""yolo"", ""state"": ""IDLE"", ""owner"": ""Surnn"", ""score"": null, ""match_max"": 0.5, ""refs"": 24, ""match_mode"": ""none"", ""steer_zones"": 41, ""people"": 0, ""track_id"": null, ""target_ex"": 0.0, ""target_cx_vel_px_s"": 0.0, ""target_age_s"": null, ""lidar_min_m"": 0.68, ""target_lidar_m"": null, ""target_lidar_deg"": null, ""camera_range_m"
2026-07-16T16:37:13.349,1420.35,mission_20260716_161333_manual,MANUAL,,0,13.33027458190918,100.99787139892578,149.15100483010852,4,True,0.6867499947547913,1,0,0,247616,317729,0.0,0.0,0.0,0,0,nan,nan,nan,88,26.299999237060547,0.0,33.0,0,26,-,READY owner=Surnn refs=24,"{""cmd"": ""STOP"", ""status"": ""READY"", ""detector"": ""yolo"", ""state"": ""IDLE"", ""owner"": ""Surnn"", ""score"": null, ""match_max"": 0.5, ""refs"": 24, ""match_mode"": ""none"", ""steer_zones"": 41, ""people"": 0, ""track_id"": null, ""target_ex"": 0.0, ""target_cx_vel_px_s"": 0.0, ""target_age_s"": null, ""lidar_min_m"": 0.68, ""target_lidar_m"": null, ""target_lidar_deg"": null, ""camera_range_m"
2026-07-16T16:37:15.352,1422.353,mission_20260716_161333_manual,MANUAL,,0,13.330273628234863,100.99787139892578,149.1428086031045,4,True,0.6857500076293945,1,0,0,247616,317729,0.0,0.0,0.0,0,0,nan,nan,nan,88,26.299999237060547,0.0,33.0,0,27,-,READY owner=Surnn refs=24,"{""cmd"": ""STOP"", ""status"": ""READY"", ""detector"": ""yolo"", ""state"": ""IDLE"", ""owner"": ""Surnn"", ""score"": null, ""match_max"": 0.5, ""refs"": 24, ""match_mode"": ""none"", ""steer_zones"": 41, ""people"": 0, ""track_id"": null, ""target_ex"": 0.0, ""target_cx_vel_px_s"": 0.0, ""target_age_s"": null, ""lidar_min_m"": 0.68, ""target_lidar_m"": null, ""target_lidar_deg"": null, ""camera_range_m"
2026-07-16T16:37:17.354,1424.355,mission_20260716_161333_manual,MANUAL,,0,13.330273628234863,100.99787139892578,149.13623796112296,4,True,0.6867499947547913,1,0,0,247616,317729,0.0,0.0,0.0,0,0,nan,nan,nan,88,26.299999237060547,0.0,33.0,0,29,-,READY owner=Surnn refs=24,"{""cmd"": ""STOP"", ""status"": ""READY"", ""detector"": ""yolo"", ""state"": ""IDLE"", ""owner"": ""Surnn"", ""score"": null, ""match_max"": 0.5, ""refs"": 24, ""match_mode"": ""none"", ""steer_zones"": 41, ""people"": 0, ""track_id"": null, ""target_ex"": 0.0, ""target_cx_vel_px_s"": 0.0, ""target_age_s"": null, ""lidar_min_m"": 0.68, ""target_lidar_m"": null, ""target_lidar_deg"": null, ""camera_range_m"
2026-07-16T16:37:19.482,1426.482,mission_20260716_161333_manual,MANUAL,,0,13.330273628234863,100.99787139892578,149.14383313148002,4,True,0.6859999895095825,1,0,0,247616,317729,0.0,0.0,0.0,0,0,nan,nan,nan,88,26.299999237060547,0.0,33.0,0,29,-,READY owner=Surnn refs=24,"{""cmd"": ""STOP"", ""status"": ""READY"", ""detector"": ""yolo"", ""state"": ""IDLE"", ""owner"": ""Surnn"", ""score"": null, ""match_max"": 0.5, ""refs"": 24, ""match_mode"": ""none"", ""steer_zones"": 41, ""people"": 0, ""track_id"": null, ""target_ex"": 0.0, ""target_cx_vel_px_s"": 0.0, ""target_age_s"": null, ""lidar_min_m"": 0.68, ""target_lidar_m"": null, ""target_lidar_deg"": null, ""camera_range_m"
2026-07-16T16:37:21.484,1428.484,mission_20260716_161333_manual,MANUAL,,0,13.330273628234863,100.99787139892578,149.15317683026458,4,True,0.6862499713897705,1,0,0,247616,317729,0.0,0.0,0.0,0,0,nan,nan,nan,88,26.299999237060547,0.0,33.0,0,28,-,READY owner=Surnn refs=24,"{""cmd"": ""STOP"", ""status"": ""READY"", ""detector"": ""yolo"", ""state"": ""IDLE"", ""owner"": ""Surnn"", ""score"": null, ""match_max"": 0.5, ""refs"": 24, ""match_mode"": ""none"", ""steer_zones"": 41, ""people"": 0, ""track_id"": null, ""target_ex"": 0.0, ""target_cx_vel_px_s"": 0.0, ""target_age_s"": null, ""lidar_min_m"": 0.68, ""target_lidar_m"": null, ""target_lidar_deg"": null, ""camera_range_m"
2026-07-16T16:37:23.604,1430.605,mission_20260716_161333_manual,MANUAL,,0,13.330273628234863,100.99787139892578,149.15261675475264,4,True,0.6862499713897705,1,0,0,247616,317729,0.0,0.0,0.0,0,0,nan,nan,nan,88,26.299999237060547,0.0,33.0,0,28,-,READY owner=Surnn refs=24,"{""cmd"": ""STOP"", ""status"": ""READY"", ""detector"": ""yolo"", ""state"": ""IDLE"", ""owner"": ""Surnn"", ""score"": null, ""match_max"": 0.5, ""refs"": 24, ""match_mode"": ""none"", ""steer_zones"": 41, ""people"": 0, ""track_id"": null, ""target_ex"": 0.0, ""target_cx_vel_px_s"": 0.0, ""target_age_s"": null, ""lidar_min_m"": 0.68, ""target_lidar_m"": null, ""target_lidar_deg"": null, ""camera_range_m"
2026-07-16T16:37:25.605,1432.606,mission_20260716_161333_manual,MANUAL,,0,13.330273628234863,100.99787139892578,149.15183811318727,4,True,0.6862499713897705,1,0,0,247616,317729,0.0,0.0,0.0,0,0,nan,nan,nan,88,26.299999237060547,0.0,33.0,0,28,-,READY owner=Surnn refs=24,"{""cmd"": ""STOP"", ""status"": ""READY"", ""detector"": ""yolo"", ""state"": ""IDLE"", ""owner"": ""Surnn"", ""score"": null, ""match_max"": 0.5, ""refs"": 24, ""match_mode"": ""none"", ""steer_zones"": 41, ""people"": 0, ""track_id"": null, ""target_ex"": 0.0, ""target_cx_vel_px_s"": 0.0, ""target_age_s"": null, ""lidar_min_m"": 0.68, ""target_lidar_m"": null, ""target_lidar_deg"": null, ""camera_range_m"
2026-07-16T16:37:27.733,1434.733,mission_20260716_161333_manual,MANUAL,,0,13.330272674560547,100.99787139892578,149.1546521511253,4,True,0.6865000128746033,1,0,0,247616,317729,0.0,0.0,0.0,0,0,nan,nan,nan,88,26.299999237060547,0.0,33.0,0,29,-,READY owner=Surnn refs=24,"{""cmd"": ""STOP"", ""status"": ""READY"", ""detector"": ""yolo"", ""state"": ""IDLE"", ""owner"": ""Surnn"", ""score"": null, ""match_max"": 0.5, ""refs"": 24, ""match_mode"": ""none"", ""steer_zones"": 41, ""people"": 0, ""track_id"": null, ""target_ex"": 0.0, ""target_cx_vel_px_s"": 0.0, ""target_age_s"": null, ""lidar_min_m"": 0.68, ""target_lidar_m"": null, ""target_lidar_deg"": null, ""camera_range_m"
2026-07-16T16:37:29.735,1436.735,mission_20260716_161333_manual,MANUAL,,0,13.330272674560547,100.99787139892578,149.1483956978456,4,True,0.6862499713897705,1,0,0,247616,317729,0.0,0.0,0.0,0,0,nan,nan,nan,88,26.299999237060547,0.0,33.0,0,29,-,READY owner=Surnn refs=24,"{""cmd"": ""STOP"", ""status"": ""READY"", ""detector"": ""yolo"", ""state"": ""IDLE"", ""owner"": ""Surnn"", ""score"": null, ""match_max"": 0.5, ""refs"": 24, ""match_mode"": ""none"", ""steer_zones"": 41, ""people"": 0, ""track_id"": null, ""target_ex"": 0.0, ""target_cx_vel_px_s"": 0.0, ""target_age_s"": null, ""lidar_min_m"": 0.68, ""target_lidar_m"": null, ""target_lidar_deg"": null, ""camera_range_m"
2026-07-16T16:37:31.735,1438.736,mission_20260716_161333_manual,MANUAL,,0,13.330273628234863,100.99787139892578,149.1426036974294,4,True,0.6852499842643738,1,0,0,247616,317729,0.0,0.0,0.0,0,0,nan,nan,nan,88,26.299999237060547,0.0,33.0,0,29,-,READY owner=Surnn refs=24,"{""cmd"": ""STOP"", ""status"": ""READY"", ""detector"": ""yolo"", ""state"": ""IDLE"", ""owner"": ""Surnn"", ""score"": null, ""match_max"": 0.5, ""refs"": 24, ""match_mode"": ""none"", ""steer_zones"": 41, ""people"": 0, ""track_id"": null, ""target_ex"": 0.0, ""target_cx_vel_px_s"": 0.0, ""target_age_s"": null, ""lidar_min_m"": 0.68, ""target_lidar_m"": null, ""target_lidar_deg"": null, ""camera_range_m"
2026-07-16T16:37:33.853,1440.854,mission_20260716_161333_manual,MANUAL,,0,13.33027458190918,100.99787139892578,149.137685961227,4,True,0.6855000257492065,1,0,0,247616,317729,0.0,0.0,0.0,0,0,nan,nan,nan,88,26.299999237060547,0.0,33.0,0,28,-,READY owner=Surnn refs=24,"{""cmd"": ""STOP"", ""status"": ""READY"", ""detector"": ""yolo"", ""state"": ""IDLE"", ""owner"": ""Surnn"", ""score"": null, ""match_max"": 0.5, ""refs"": 24, ""match_mode"": ""none"", ""steer_zones"": 41, ""people"": 0, ""track_id"": null, ""target_ex"": 0.0, ""target_cx_vel_px_s"": 0.0, ""target_age_s"": null, ""lidar_min_m"": 0.68, ""target_lidar_m"": null, ""target_lidar_deg"": null, ""camera_range_m"
2026-07-16T16:37:35.854,1442.854,mission_20260716_161333_manual,MANUAL,,0,13.33027458190918,100.99787139892578,149.14177041435067,4,True,0.687250018119812,1,0,0,247616,317729,0.0,0.0,0.0,0,0,nan,nan,nan,88,26.299999237060547,0.0,33.0,0,28,-,READY owner=Surnn refs=24,"{""cmd"": ""STOP"", ""status"": ""READY"", ""detector"": ""yolo"", ""state"": ""IDLE"", ""owner"": ""Surnn"", ""score"": null, ""match_max"": 0.5, ""refs"": 24, ""match_mode"": ""none"", ""steer_zones"": 41, ""people"": 0, ""track_id"": null, ""target_ex"": 0.0, ""target_cx_vel_px_s"": 0.0, ""target_age_s"": null, ""lidar_min_m"": 0.68, ""target_lidar_m"": null, ""target_lidar_deg"": null, ""camera_range_m"
2026-07-16T16:37:37.964,1444.964,mission_20260716_161333_manual,MANUAL,,0,13.33027458190918,100.99787139892578,149.15230256605082,4,True,0.6869999766349792,1,0,0,247616,317729,0.0,0.0,0.0,0,0,nan,nan,nan,88,26.299999237060547,0.0,33.0,0,27,-,READY owner=Surnn refs=24,"{""cmd"": ""STOP"", ""status"": ""READY"", ""detector"": ""yolo"", ""state"": ""IDLE"", ""owner"": ""Surnn"", ""score"": null, ""match_max"": 0.5, ""refs"": 24, ""match_mode"": ""none"", ""steer_zones"": 41, ""people"": 0, ""track_id"": null, ""target_ex"": 0.0, ""target_cx_vel_px_s"": 0.0, ""target_age_s"": null, ""lidar_min_m"": 0.68, ""target_lidar_m"": null, ""target_lidar_deg"": null, ""camera_range_m"
2026-07-16T16:37:39.966,1446.967,mission_20260716_161333_manual,MANUAL,,0,13.33027458190918,100.99787139892578,149.15517124550223,4,True,0.6865000128746033,1,0,0,247616,317729,0.0,0.0,0.0,0,0,nan,nan,nan,88,26.299999237060547,0.0,33.0,0,27,-,READY owner=Surnn refs=24,"{""cmd"": ""STOP"", ""status"": ""READY"", ""detector"": ""yolo"", ""state"": ""IDLE"", ""owner"": ""Surnn"", ""score"": null, ""match_max"": 0.5, ""refs"": 24, ""match_mode"": ""none"", ""steer_zones"": 41, ""people"": 0, ""track_id"": null, ""target_ex"": 0.0, ""target_cx_vel_px_s"": 0.0, ""target_age_s"": null, ""lidar_min_m"": 0.68, ""target_lidar_m"": null, ""target_lidar_deg"": null, ""camera_range_m"
2026-07-16T16:37:42.083,1449.084,mission_20260716_161333_manual,MANUAL,,0,13.33027458190918,100.99787139892578,149.16358603855969,4,True,0.6859999895095825,1,0,0,247616,317729,0.0,0.0,0.0,0,0,nan,nan,nan,88,26.299999237060547,0.0,33.0,0,26,-,READY owner=Surnn refs=24,"{""cmd"": ""STOP"", ""status"": ""READY"", ""detector"": ""yolo"", ""state"": ""IDLE"", ""owner"": ""Surnn"", ""score"": null, ""match_max"": 0.5, ""refs"": 24, ""match_mode"": ""none"", ""steer_zones"": 41, ""people"": 0, ""track_id"": null, ""target_ex"": 0.0, ""target_cx_vel_px_s"": 0.0, ""target_age_s"": null, ""lidar_min_m"": 0.68, ""target_lidar_m"": null, ""target_lidar_deg"": null, ""camera_range_m"
2026-07-16T16:37:44.198,1451.198,mission_20260716_161333_manual,MANUAL,,0,13.33027458190918,100.99787139892578,149.17862611511205,4,True,0.6859999895095825,1,0,0,247616,317729,0.0,0.0,0.0,0,0,nan,nan,nan,88,26.299999237060547,0.0,33.0,0,27,-,READY owner=Surnn refs=24,"{""cmd"": ""STOP"", ""status"": ""READY"", ""detector"": ""yolo"", ""state"": ""IDLE"", ""owner"": ""Surnn"", ""score"": null, ""match_max"": 0.5, ""refs"": 24, ""match_mode"": ""none"", ""steer_zones"": 41, ""people"": 0, ""track_id"": null, ""target_ex"": 0.0, ""target_cx_vel_px_s"": 0.0, ""target_age_s"": null, ""lidar_min_m"": 0.68, ""target_lidar_m"": null, ""target_lidar_deg"": null, ""camera_range_m"
2026-07-16T16:37:46.199,1453.199,mission_20260716_161333_manual,MANUAL,,0,13.33027458190918,100.99787139892578,149.18627592698246,4,True,0.6857500076293945,1,0,0,247616,317729,0.0,0.0,0.0,0,0,nan,nan,nan,88,26.299999237060547,0.0,33.0,0,27,-,READY owner=Surnn refs=24,"{""cmd"": ""STOP"", ""status"": ""READY"", ""detector"": ""yolo"", ""state"": ""IDLE"", ""owner"": ""Surnn"", ""score"": null, ""match_max"": 0.5, ""refs"": 24, ""match_mode"": ""none"", ""steer_zones"": 41, ""people"": 0, ""track_id"": null, ""target_ex"": 0.0, ""target_cx_vel_px_s"": 0.0, ""target_age_s"": null, ""lidar_min_m"": 0.68, ""target_lidar_m"": null, ""target_lidar_deg"": null, ""camera_range_m"
2026-07-16T16:37:48.323,1455.323,mission_20260716_161333_manual,MANUAL,,0,13.33027458190918,100.99787139892578,149.19197230475027,4,True,0.6867499947547913,1,0,0,247616,317729,0.0,0.0,0.0,0,0,nan,nan,nan,88,26.299999237060547,0.0,33.0,0,27,-,READY owner=Surnn refs=24,"{""cmd"": ""STOP"", ""status"": ""READY"", ""detector"": ""yolo"", ""state"": ""IDLE"", ""owner"": ""Surnn"", ""score"": null, ""match_max"": 0.5, ""refs"": 24, ""match_mode"": ""none"", ""steer_zones"": 41, ""people"": 0, ""track_id"": null, ""target_ex"": 0.0, ""target_cx_vel_px_s"": 0.0, ""target_age_s"": null, ""lidar_min_m"": 0.68, ""target_lidar_m"": null, ""target_lidar_deg"": null, ""camera_range_m"
2026-07-16T16:37:50.446,1457.447,mission_20260716_161333_manual,MANUAL,,0,13.33027458190918,100.99787139892578,149.1911936631849,4,True,0.6867499947547913,1,0,0,247616,317729,0.0,0.0,0.0,0,0,nan,nan,nan,88,26.299999237060547,0.0,33.0,0,27,-,READY owner=Surnn refs=24,"{""cmd"": ""STOP"", ""status"": ""READY"", ""detector"": ""yolo"", ""state"": ""IDLE"", ""owner"": ""Surnn"", ""score"": null, ""match_max"": 0.5, ""refs"": 24, ""match_mode"": ""none"", ""steer_zones"": 41, ""people"": 0, ""track_id"": null, ""target_ex"": 0.0, ""target_cx_vel_px_s"": 0.0, ""target_age_s"": null, ""lidar_min_m"": 0.68, ""target_lidar_m"": null, ""target_lidar_deg"": null, ""camera_range_m"
2026-07-16T16:37:52.448,1459.448,mission_20260716_161333_manual,MANUAL,,0,13.330273628234863,100.99787139892578,149.18725947422294,4,True,0.6867499947547913,1,0,0,247616,317729,0.0,0.0,0.0,0,0,nan,nan,nan,88,26.299999237060547,0.0,33.0,0,28,-,READY owner=Surnn refs=24,"{""cmd"": ""STOP"", ""status"": ""READY"", ""detector"": ""yolo"", ""state"": ""IDLE"", ""owner"": ""Surnn"", ""score"": null, ""match_max"": 0.5, ""refs"": 24, ""match_mode"": ""none"", ""steer_zones"": 41, ""people"": 0, ""track_id"": null, ""target_ex"": 0.0, ""target_cx_vel_px_s"": 0.0, ""target_age_s"": null, ""lidar_min_m"": 0.68, ""target_lidar_m"": null, ""target_lidar_deg"": null, ""camera_range_m"
2026-07-16T16:37:54.451,1461.452,mission_20260716_161333_manual,MANUAL,,0,13.33027458190918,100.99787139892578,149.19277826707233,4,True,0.6865000128746033,1,0,0,247616,317729,0.0,0.0,0.0,0,0,nan,nan,nan,88,26.299999237060547,0.0,33.0,0,28,-,READY owner=Surnn refs=24,"{""cmd"": ""STOP"", ""status"": ""READY"", ""detector"": ""yolo"", ""state"": ""IDLE"", ""owner"": ""Surnn"", ""score"": null, ""match_max"": 0.5, ""refs"": 24, ""match_mode"": ""none"", ""steer_zones"": 41, ""people"": 0, ""track_id"": null, ""target_ex"": 0.0, ""target_cx_vel_px_s"": 0.0, ""target_age_s"": null, ""lidar_min_m"": 0.68, ""target_lidar_m"": null, ""target_lidar_deg"": null, ""camera_range_m"
2026-07-16T16:37:56.571,1463.572,mission_20260716_161333_manual,MANUAL,,0,13.33027458190918,100.99787139892578,149.19333834258427,4,True,0.6847500205039978,1,0,0,247616,317729,0.0,0.0,0.0,0,0,nan,nan,nan,88,26.299999237060547,0.0,33.0,0,27,-,READY owner=Surnn refs=24,"{""cmd"": ""STOP"", ""status"": ""READY"", ""detector"": ""yolo"", ""state"": ""IDLE"", ""owner"": ""Surnn"", ""score"": null, ""match_max"": 0.5, ""refs"": 24, ""match_mode"": ""none"", ""steer_zones"": 41, ""people"": 0, ""track_id"": null, ""target_ex"": 0.0, ""target_cx_vel_px_s"": 0.0, ""target_age_s"": null, ""lidar_min_m"": 0.68, ""target_lidar_m"": null, ""target_lidar_deg"": null, ""camera_range_m"
2026-07-16T16:37:58.576,1465.576,mission_20260716_161333_manual,MANUAL,,0,13.330273628234863,100.99787139892578,149.1879971346533,4,True,0.6869999766349792,1,0,0,247616,317729,0.0,0.0,0.0,0,0,nan,nan,nan,88,26.299999237060547,0.0,33.0,0,27,-,READY owner=Surnn refs=24,"{""cmd"": ""STOP"", ""status"": ""READY"", ""detector"": ""yolo"", ""state"": ""IDLE"", ""owner"": ""Surnn"", ""score"": null, ""match_max"": 0.5, ""refs"": 24, ""match_mode"": ""none"", ""steer_zones"": 41, ""people"": 0, ""track_id"": null, ""target_ex"": 0.0, ""target_cx_vel_px_s"": 0.0, ""target_age_s"": null, ""lidar_min_m"": 0.68, ""target_lidar_m"": null, ""target_lidar_deg"": null, ""camera_range_m"
2026-07-16T16:38:00.691,1467.691,mission_20260716_161333_manual,MANUAL,,0,13.33027458190918,100.99787139892578,149.18557924768712,4,True,0.6859999895095825,1,0,0,247616,317729,0.0,0.0,0.0,0,0,nan,nan,nan,88,26.299999237060547,0.0,33.0,0,27,-,READY owner=Surnn refs=24,"{""cmd"": ""STOP"", ""status"": ""READY"", ""detector"": ""yolo"", ""state"": ""IDLE"", ""owner"": ""Surnn"", ""score"": null, ""match_max"": 0.5, ""refs"": 24, ""match_mode"": ""none"", ""steer_zones"": 41, ""people"": 0, ""track_id"": null, ""target_ex"": 0.0, ""target_cx_vel_px_s"": 0.0, ""target_age_s"": null, ""lidar_min_m"": 0.68, ""target_lidar_m"": null, ""target_lidar_deg"": null, ""camera_range_m"
2026-07-16T16:38:02.813,1469.814,mission_20260716_161333_manual,MANUAL,,0,13.33027458190918,100.99787139892578,149.1871365308179,4,True,0.6859999895095825,1,0,0,247616,317729,0.0,0.0,0.0,0,0,nan,nan,nan,88,26.299999237060547,0.0,33.0,0,28,-,READY owner=Surnn refs=24,"{""cmd"": ""STOP"", ""status"": ""READY"", ""detector"": ""yolo"", ""state"": ""IDLE"", ""owner"": ""Surnn"", ""score"": null, ""match_max"": 0.5, ""refs"": 24, ""match_mode"": ""none"", ""steer_zones"": 41, ""people"": 0, ""track_id"": null, ""target_ex"": 0.0, ""target_cx_vel_px_s"": 0.0, ""target_age_s"": null, ""lidar_min_m"": 0.68, ""target_lidar_m"": null, ""target_lidar_deg"": null, ""camera_range_m"
2026-07-16T16:38:04.934,1471.934,mission_20260716_161333_manual,MANUAL,,0,13.330275535583496,100.99787139892578,149.1847459646084,4,True,0.687250018119812,1,0,0,247616,317729,0.0,0.0,0.0,0,0,nan,nan,nan,88,26.299999237060547,0.0,33.0,0,28,-,READY owner=Surnn refs=24,"{""cmd"": ""STOP"", ""status"": ""READY"", ""detector"": ""yolo"", ""state"": ""IDLE"", ""owner"": ""Surnn"", ""score"": null, ""match_max"": 0.5, ""refs"": 24, ""match_mode"": ""none"", ""steer_zones"": 41, ""people"": 0, ""track_id"": null, ""target_ex"": 0.0, ""target_cx_vel_px_s"": 0.0, ""target_age_s"": null, ""lidar_min_m"": 0.68, ""target_lidar_m"": null, ""target_lidar_deg"": null, ""camera_range_m"
2026-07-16T16:38:07.061,1474.061,mission_20260716_161333_manual,MANUAL,,0,13.330275535583496,100.99787139892578,149.19001887064763,4,True,0.6875,1,0,0,247616,317729,0.0,0.0,0.0,0,0,nan,nan,nan,88,26.299999237060547,0.0,33.0,0,29,-,READY owner=Surnn refs=24,"{""cmd"": ""STOP"", ""status"": ""READY"", ""detector"": ""yolo"", ""state"": ""IDLE"", ""owner"": ""Surnn"", ""score"": null, ""match_max"": 0.5, ""refs"": 24, ""match_mode"": ""none"", ""steer_zones"": 41, ""people"": 0, ""track_id"": null, ""target_ex"": 0.0, ""target_cx_vel_px_s"": 0.0, ""target_age_s"": null, ""lidar_min_m"": 0.68, ""target_lidar_m"": null, ""target_lidar_deg"": null, ""camera_range_m"
2026-07-16T16:38:09.182,1476.183,mission_20260716_161333_manual,MANUAL,,0,13.330276489257812,100.99787139892578,149.1897046819458,4,True,0.6857500076293945,1,0,0,247616,317729,0.0,0.0,0.0,0,0,nan,nan,nan,88,26.299999237060547,0.0,33.0,0,28,-,READY owner=Surnn refs=24,"{""cmd"": ""STOP"", ""status"": ""READY"", ""detector"": ""yolo"", ""state"": ""IDLE"", ""owner"": ""Surnn"", ""score"": null, ""match_max"": 0.5, ""refs"": 24, ""match_mode"": ""none"", ""steer_zones"": 41, ""people"": 0, ""track_id"": null, ""target_ex"": 0.0, ""target_cx_vel_px_s"": 0.0, ""target_age_s"": null, ""lidar_min_m"": 0.68, ""target_lidar_m"": null, ""target_lidar_deg"": null, ""camera_range_m"
2026-07-16T16:38:11.242,1478.243,mission_20260716_161333_manual,MANUAL,,0,13.330276489257812,100.99787139892578,149.19395305960956,4,True,0.6862499713897705,1,0,0,247616,317729,0.0,0.0,0.0,0,0,nan,nan,nan,88,26.299999237060547,0.0,33.0,0,28,-,READY owner=Surnn refs=24,"{""cmd"": ""STOP"", ""status"": ""READY"", ""detector"": ""yolo"", ""state"": ""IDLE"", ""owner"": ""Surnn"", ""score"": null, ""match_max"": 0.5, ""refs"": 24, ""match_mode"": ""none"", ""steer_zones"": 41, ""people"": 0, ""track_id"": null, ""target_ex"": 0.0, ""target_cx_vel_px_s"": 0.0, ""target_age_s"": null, ""lidar_min_m"": 0.68, ""target_lidar_m"": null, ""target_lidar_deg"": null, ""camera_range_m"
2026-07-16T16:38:13.344,1480.344,mission_20260716_161333_manual,MANUAL,,0,13.330276489257812,100.99787139892578,149.18652181379258,4,True,0.6857500076293945,1,0,0,247616,317729,0.0,0.0,0.0,0,0,nan,nan,nan,88,26.299999237060547,0.0,33.0,0,29,-,READY owner=Surnn refs=24,"{""cmd"": ""STOP"", ""status"": ""READY"", ""detector"": ""yolo"", ""state"": ""IDLE"", ""owner"": ""Surnn"", ""score"": null, ""match_max"": 0.5, ""refs"": 24, ""match_mode"": ""none"", ""steer_zones"": 41, ""people"": 0, ""track_id"": null, ""target_ex"": 0.0, ""target_cx_vel_px_s"": 0.0, ""target_age_s"": null, ""lidar_min_m"": 0.68, ""target_lidar_m"": null, ""target_lidar_deg"": null, ""camera_range_m"
2026-07-16T16:38:15.435,1482.436,mission_20260716_161333_manual,MANUAL,,0,13.330277442932129,100.99787139892578,149.19131660658994,4,True,0.6865000128746033,1,0,0,247616,317729,0.0,0.0,0.0,0,0,nan,nan,nan,88,26.299999237060547,0.0,33.0,0,29,-,READY owner=Surnn refs=24,"{""cmd"": ""STOP"", ""status"": ""READY"", ""detector"": ""yolo"", ""state"": ""IDLE"", ""owner"": ""Surnn"", ""score"": null, ""match_max"": 0.5, ""refs"": 24, ""match_mode"": ""none"", ""steer_zones"": 41, ""people"": 0, ""track_id"": null, ""target_ex"": 0.0, ""target_cx_vel_px_s"": 0.0, ""target_age_s"": null, ""lidar_min_m"": 0.68, ""target_lidar_m"": null, ""target_lidar_deg"": null, ""camera_range_m"
2026-07-16T16:38:17.437,1484.437,mission_20260716_161333_manual,MANUAL,,0,13.330277442932129,100.99787139892578,149.21175253258662,4,True,0.6852499842643738,1,0,0,247616,317729,0.0,0.0,0.0,0,0,nan,nan,nan,88,26.299999237060547,0.0,33.0,0,29,-,READY owner=Surnn refs=24,"{""cmd"": ""STOP"", ""status"": ""READY"", ""detector"": ""yolo"", ""state"": ""IDLE"", ""owner"": ""Surnn"", ""score"": null, ""match_max"": 0.5, ""refs"": 24, ""match_mode"": ""none"", ""steer_zones"": 41, ""people"": 0, ""track_id"": null, ""target_ex"": 0.0, ""target_cx_vel_px_s"": 0.0, ""target_age_s"": null, ""lidar_min_m"": 0.68, ""target_lidar_m"": null, ""target_lidar_deg"": null, ""camera_range_m"
2026-07-16T16:38:19.553,1486.554,mission_20260716_161333_manual,MANUAL,,0,13.330277442932129,100.99787139892578,149.20503162644331,4,True,0.6852499842643738,1,0,0,247616,317729,0.0,0.0,0.0,0,0,nan,nan,nan,88,26.299999237060547,0.0,33.0,0,28,-,READY owner=Surnn refs=24,"{""cmd"": ""STOP"", ""status"": ""READY"", ""detector"": ""yolo"", ""state"": ""IDLE"", ""owner"": ""Surnn"", ""score"": null, ""match_max"": 0.5, ""refs"": 24, ""match_mode"": ""none"", ""steer_zones"": 41, ""people"": 0, ""track_id"": null, ""target_ex"": 0.0, ""target_cx_vel_px_s"": 0.0, ""target_age_s"": null, ""lidar_min_m"": 0.68, ""target_lidar_m"": null, ""target_lidar_deg"": null, ""camera_range_m"
2026-07-16T16:38:21.661,1488.661,mission_20260716_161333_manual,MANUAL,,0,13.330278396606445,100.99787139892578,149.2102498909692,4,True,0.6862499713897705,1,0,0,247616,317729,0.0,0.0,0.0,0,0,nan,nan,nan,88,26.299999237060547,0.0,33.0,0,29,-,READY owner=Surnn refs=24,"{""cmd"": ""STOP"", ""status"": ""READY"", ""detector"": ""yolo"", ""state"": ""IDLE"", ""owner"": ""Surnn"", ""score"": null, ""match_max"": 0.5, ""refs"": 24, ""match_mode"": ""none"", ""steer_zones"": 41, ""people"": 0, ""track_id"": null, ""target_ex"": 0.0, ""target_cx_vel_px_s"": 0.0, ""target_age_s"": null, ""lidar_min_m"": 0.68, ""target_lidar_m"": null, ""target_lidar_deg"": null, ""camera_range_m"
2026-07-16T16:38:23.668,1490.668,mission_20260716_161333_manual,MANUAL,,0,13.330278396606445,100.99787139892578,149.20678015487084,4,True,0.6867499947547913,1,0,0,247616,317729,0.0,0.0,0.0,0,0,nan,nan,nan,88,26.299999237060547,0.0,33.0,0,29,-,READY owner=Surnn refs=24,"{""cmd"": ""STOP"", ""status"": ""READY"", ""detector"": ""yolo"", ""state"": ""IDLE"", ""owner"": ""Surnn"", ""score"": null, ""match_max"": 0.5, ""refs"": 24, ""match_mode"": ""none"", ""steer_zones"": 41, ""people"": 0, ""track_id"": null, ""target_ex"": 0.0, ""target_cx_vel_px_s"": 0.0, ""target_age_s"": null, ""lidar_min_m"": 0.68, ""target_lidar_m"": null, ""target_lidar_deg"": null, ""camera_range_m"
2026-07-16T16:38:25.669,1492.669,mission_20260716_161333_manual,MANUAL,,0,13.330278396606445,100.99787139892578,149.19813313538162,4,True,0.6865000128746033,1,0,0,247616,317729,0.0,0.0,0.0,0,0,nan,nan,nan,88,26.299999237060547,0.0,33.0,0,29,-,READY owner=Surnn refs=24,"{""cmd"": ""STOP"", ""status"": ""READY"", ""detector"": ""yolo"", ""state"": ""IDLE"", ""owner"": ""Surnn"", ""score"": null, ""match_max"": 0.5, ""refs"": 24, ""match_mode"": ""none"", ""steer_zones"": 41, ""people"": 0, ""track_id"": null, ""target_ex"": 0.0, ""target_cx_vel_px_s"": 0.0, ""target_age_s"": null, ""lidar_min_m"": 0.68, ""target_lidar_m"": null, ""target_lidar_deg"": null, ""camera_range_m"
2026-07-16T16:38:27.790,1494.79,mission_20260716_161333_manual,MANUAL,,0,13.330279350280762,100.99787139892578,149.19982702229578,4,True,0.6867499947547913,1,0,0,247616,317729,0.0,0.0,0.0,0,0,nan,nan,nan,88,26.299999237060547,0.0,33.0,0,29,-,READY owner=Surnn refs=24,"{""cmd"": ""STOP"", ""status"": ""READY"", ""detector"": ""yolo"", ""state"": ""IDLE"", ""owner"": ""Surnn"", ""score"": null, ""match_max"": 0.5, ""refs"": 24, ""match_mode"": ""none"", ""steer_zones"": 41, ""people"": 0, ""track_id"": null, ""target_ex"": 0.0, ""target_cx_vel_px_s"": 0.0, ""target_age_s"": null, ""lidar_min_m"": 0.68, ""target_lidar_m"": null, ""target_lidar_deg"": null, ""camera_range_m"
2026-07-16T16:38:29.914,1496.915,mission_20260716_161333_manual,MANUAL,,0,13.330279350280762,100.99787139892578,149.20035977705103,4,True,0.6862499713897705,1,0,0,247616,317729,0.0,0.0,0.0,0,0,nan,nan,nan,88,26.299999237060547,0.0,33.0,0,29,-,READY owner=Surnn refs=24,"{""cmd"": ""STOP"", ""status"": ""READY"", ""detector"": ""yolo"", ""state"": ""IDLE"", ""owner"": ""Surnn"", ""score"": null, ""match_max"": 0.5, ""refs"": 24, ""match_mode"": ""none"", ""steer_zones"": 41, ""people"": 0, ""track_id"": null, ""target_ex"": 0.0, ""target_cx_vel_px_s"": 0.0, ""target_age_s"": null, ""lidar_min_m"": 0.68, ""target_lidar_m"": null, ""target_lidar_deg"": null, ""camera_range_m"
2026-07-16T16:38:32.039,1499.039,mission_20260716_161333_manual,MANUAL,,0,13.330279350280762,100.99787902832031,149.20509992833502,4,True,0.6867499947547913,1,0,0,247616,317729,0.0,0.0,0.0,0,0,nan,nan,nan,88,26.299999237060547,0.0,33.0,0,29,-,READY owner=Surnn refs=24,"{""cmd"": ""STOP"", ""status"": ""READY"", ""detector"": ""yolo"", ""state"": ""IDLE"", ""owner"": ""Surnn"", ""score"": null, ""match_max"": 0.5, ""refs"": 24, ""match_mode"": ""none"", ""steer_zones"": 41, ""people"": 0, ""track_id"": null, ""target_ex"": 0.0, ""target_cx_vel_px_s"": 0.0, ""target_age_s"": null, ""lidar_min_m"": 0.68, ""target_lidar_m"": null, ""target_lidar_deg"": null, ""camera_range_m"
2026-07-16T16:38:34.170,1501.171,mission_20260716_161333_manual,MANUAL,,0,13.330280303955078,100.99787902832031,149.20052370159112,4,True,0.6867499947547913,1,0,0,247616,317729,0.0,0.0,0.0,0,0,nan,nan,nan,88,26.299999237060547,0.0,33.0,0,29,-,READY owner=Surnn refs=24,"{""cmd"": ""STOP"", ""status"": ""READY"", ""detector"": ""yolo"", ""state"": ""IDLE"", ""owner"": ""Surnn"", ""score"": null, ""match_max"": 0.5, ""refs"": 24, ""match_mode"": ""none"", ""steer_zones"": 41, ""people"": 0, ""track_id"": null, ""target_ex"": 0.0, ""target_cx_vel_px_s"": 0.0, ""target_age_s"": null, ""lidar_min_m"": 0.68, ""target_lidar_m"": null, ""target_lidar_deg"": null, ""camera_range_m"
2026-07-16T16:38:36.182,1503.182,mission_20260716_161333_manual,MANUAL,,0,13.330281257629395,100.99787902832031,149.2049633245516,4,True,0.6862499713897705,1,0,0,247616,317729,0.0,0.0,0.0,0,0,nan,nan,nan,88,26.299999237060547,0.0,33.0,0,29,-,READY owner=Surnn refs=24,"{""cmd"": ""STOP"", ""status"": ""READY"", ""detector"": ""yolo"", ""state"": ""IDLE"", ""owner"": ""Surnn"", ""score"": null, ""match_max"": 0.5, ""refs"": 24, ""match_mode"": ""none"", ""steer_zones"": 41, ""people"": 0, ""track_id"": null, ""target_ex"": 0.0, ""target_cx_vel_px_s"": 0.0, ""target_age_s"": null, ""lidar_min_m"": 0.68, ""target_lidar_m"": null, ""target_lidar_deg"": null, ""camera_range_m"
2026-07-16T16:38:38.287,1505.287,mission_20260716_161333_manual,MANUAL,,0,13.330282211303711,100.99787902832031,149.202326871532,4,True,0.687250018119812,1,0,0,247616,317729,0.0,0.0,0.0,0,0,nan,nan,nan,88,26.299999237060547,0.0,33.0,0,29,-,READY owner=Surnn refs=24,"{""cmd"": ""STOP"", ""status"": ""READY"", ""detector"": ""yolo"", ""state"": ""IDLE"", ""owner"": ""Surnn"", ""score"": null, ""match_max"": 0.5, ""refs"": 24, ""match_mode"": ""none"", ""steer_zones"": 41, ""people"": 0, ""track_id"": null, ""target_ex"": 0.0, ""target_cx_vel_px_s"": 0.0, ""target_age_s"": null, ""lidar_min_m"": 0.68, ""target_lidar_m"": null, ""target_lidar_deg"": null, ""camera_range_m"
2026-07-16T16:38:40.408,1507.409,mission_20260716_161333_manual,MANUAL,,0,13.330283164978027,100.99787902832031,149.20949857016052,4,True,0.6859999895095825,1,0,0,247616,317729,0.0,0.0,0.0,0,0,nan,nan,nan,88,26.299999237060547,0.0,33.0,0,29,-,READY owner=Surnn refs=24,"{""cmd"": ""STOP"", ""status"": ""READY"", ""detector"": ""yolo"", ""state"": ""IDLE"", ""owner"": ""Surnn"", ""score"": null, ""match_max"": 0.5, ""refs"": 24, ""match_mode"": ""none"", ""steer_zones"": 41, ""people"": 0, ""track_id"": null, ""target_ex"": 0.0, ""target_cx_vel_px_s"": 0.0, ""target_age_s"": null, ""lidar_min_m"": 0.68, ""target_lidar_m"": null, ""target_lidar_deg"": null, ""camera_range_m"
2026-07-16T16:38:42.520,1509.521,mission_20260716_161333_manual,MANUAL,,0,13.330284118652344,100.99787902832031,149.2065206076824,4,True,0.6859999895095825,1,0,0,247616,317729,0.0,0.0,0.0,0,0,nan,nan,nan,88,26.299999237060547,0.0,33.0,0,29,-,READY owner=Surnn refs=24,"{""cmd"": ""STOP"", ""status"": ""READY"", ""detector"": ""yolo"", ""state"": ""IDLE"", ""owner"": ""Surnn"", ""score"": null, ""match_max"": 0.5, ""refs"": 24, ""match_mode"": ""none"", ""steer_zones"": 41, ""people"": 0, ""track_id"": null, ""target_ex"": 0.0, ""target_cx_vel_px_s"": 0.0, ""target_age_s"": null, ""lidar_min_m"": 0.68, ""target_lidar_m"": null, ""target_lidar_deg"": null, ""camera_range_m"
2026-07-16T16:38:44.530,1511.531,mission_20260716_161333_manual,MANUAL,,0,13.33028507232666,100.99787902832031,149.21186181561333,4,True,0.6852499842643738,1,0,0,247616,317729,0.0,0.0,0.0,0,0,nan,nan,nan,88,26.299999237060547,0.0,33.0,0,28,-,READY owner=Surnn refs=24,"{""cmd"": ""STOP"", ""status"": ""READY"", ""detector"": ""yolo"", ""state"": ""IDLE"", ""owner"": ""Surnn"", ""score"": null, ""match_max"": 0.5, ""refs"": 24, ""match_mode"": ""none"", ""steer_zones"": 41, ""people"": 0, ""track_id"": null, ""target_ex"": 0.0, ""target_cx_vel_px_s"": 0.0, ""target_age_s"": null, ""lidar_min_m"": 0.68, ""target_lidar_m"": null, ""target_lidar_deg"": null, ""camera_range_m"
2026-07-16T16:38:46.644,1513.644,mission_20260716_161333_manual,MANUAL,,0,13.33028507232666,100.99787902832031,149.20261373947713,4,True,0.687250018119812,1,0,0,247616,317729,0.0,0.0,0.0,0,0,nan,nan,nan,88,26.299999237060547,0.0,33.0,0,28,-,READY owner=Surnn refs=24,"{""cmd"": ""STOP"", ""status"": ""READY"", ""detector"": ""yolo"", ""state"": ""IDLE"", ""owner"": ""Surnn"", ""score"": null, ""match_max"": 0.5, ""refs"": 24, ""match_mode"": ""none"", ""steer_zones"": 41, ""people"": 0, ""track_id"": null, ""target_ex"": 0.0, ""target_cx_vel_px_s"": 0.0, ""target_age_s"": null, ""lidar_min_m"": 0.68, ""target_lidar_m"": null, ""target_lidar_deg"": null, ""camera_range_m"
2026-07-16T16:38:48.770,1515.77,mission_20260716_161333_manual,MANUAL,,0,13.33028507232666,100.99787902832031,149.2074495134095,4,True,0.6867499947547913,1,0,0,247616,317729,0.0,0.0,0.0,0,0,nan,nan,nan,88,26.299999237060547,0.0,33.0,0,28,-,READY owner=Surnn refs=24,"{""cmd"": ""STOP"", ""status"": ""READY"", ""detector"": ""yolo"", ""state"": ""IDLE"", ""owner"": ""Surnn"", ""score"": null, ""match_max"": 0.5, ""refs"": 24, ""match_mode"": ""none"", ""steer_zones"": 41, ""people"": 0, ""track_id"": null, ""target_ex"": 0.0, ""target_cx_vel_px_s"": 0.0, ""target_age_s"": null, ""lidar_min_m"": 0.68, ""target_lidar_m"": null, ""target_lidar_deg"": null, ""camera_range_m"
2026-07-16T16:38:50.773,1517.773,mission_20260716_161333_manual,MANUAL,,0,13.330284118652344,100.99787902832031,149.19981336191742,4,True,0.6857500076293945,1,0,0,247616,317729,0.0,0.0,0.0,0,0,nan,nan,nan,88,26.299999237060547,0.0,33.0,0,29,-,READY owner=Surnn refs=24,"{""cmd"": ""STOP"", ""status"": ""READY"", ""detector"": ""yolo"", ""state"": ""IDLE"", ""owner"": ""Surnn"", ""score"": null, ""match_max"": 0.5, ""refs"": 24, ""match_mode"": ""none"", ""steer_zones"": 41, ""people"": 0, ""track_id"": null, ""target_ex"": 0.0, ""target_cx_vel_px_s"": 0.0, ""target_age_s"": null, ""lidar_min_m"": 0.68, ""target_lidar_m"": null, ""target_lidar_deg"": null, ""camera_range_m"
2026-07-16T16:38:52.776,1519.776,mission_20260716_161333_manual,MANUAL,,0,13.330283164978027,100.99787902832031,149.20678015487084,4,True,0.6865000128746033,1,0,0,247616,317729,0.0,0.0,0.0,0,0,nan,nan,nan,88,26.299999237060547,0.0,33.0,0,30,-,READY owner=Surnn refs=24,"{""cmd"": ""STOP"", ""status"": ""READY"", ""detector"": ""yolo"", ""state"": ""IDLE"", ""owner"": ""Surnn"", ""score"": null, ""match_max"": 0.5, ""refs"": 24, ""match_mode"": ""none"", ""steer_zones"": 41, ""people"": 0, ""track_id"": null, ""target_ex"": 0.0, ""target_cx_vel_px_s"": 0.0, ""target_age_s"": null, ""lidar_min_m"": 0.68, ""target_lidar_m"": null, ""target_lidar_deg"": null, ""camera_range_m"
2026-07-16T16:38:54.895,1521.895,mission_20260716_161333_manual,MANUAL,,0,13.330283164978027,100.99787139892578,149.20514090947003,4,True,0.6892499923706055,1,0,0,247616,317729,0.0,0.0,0.0,0,0,nan,nan,nan,88,26.299999237060547,0.0,33.0,0,30,-,READY owner=Surnn refs=24,"{""cmd"": ""STOP"", ""status"": ""READY"", ""detector"": ""yolo"", ""state"": ""IDLE"", ""owner"": ""Surnn"", ""score"": null, ""match_max"": 0.5, ""refs"": 24, ""match_mode"": ""none"", ""steer_zones"": 41, ""people"": 0, ""track_id"": null, ""target_ex"": 0.0, ""target_cx_vel_px_s"": 0.0, ""target_age_s"": null, ""lidar_min_m"": 0.68, ""target_lidar_m"": null, ""target_lidar_deg"": null, ""camera_range_m"
2026-07-16T16:38:57.022,1524.022,mission_20260716_161333_manual,MANUAL,,0,13.330282211303711,100.99787139892578,149.19865222975852,4,True,0.6869999766349792,1,0,0,247616,317729,0.0,0.0,0.0,0,0,nan,nan,nan,88,26.299999237060547,0.0,33.0,0,30,-,READY owner=Surnn refs=24,"{""cmd"": ""STOP"", ""status"": ""READY"", ""detector"": ""yolo"", ""state"": ""IDLE"", ""owner"": ""Surnn"", ""score"": null, ""match_max"": 0.5, ""refs"": 24, ""match_mode"": ""none"", ""steer_zones"": 41, ""people"": 0, ""track_id"": null, ""target_ex"": 0.0, ""target_cx_vel_px_s"": 0.0, ""target_age_s"": null, ""lidar_min_m"": 0.68, ""target_lidar_m"": null, ""target_lidar_deg"": null, ""camera_range_m"
2026-07-16T16:38:59.135,1526.136,mission_20260716_161333_manual,MANUAL,,0,13.330281257629395,100.99787139892578,149.20509992833502,4,True,0.6855000257492065,1,0,0,247616,317729,0.0,0.0,0.0,0,0,nan,nan,nan,88,26.299999237060547,0.0,33.0,0,30,-,READY owner=Surnn refs=24,"{""cmd"": ""STOP"", ""status"": ""READY"", ""detector"": ""yolo"", ""state"": ""IDLE"", ""owner"": ""Surnn"", ""score"": null, ""match_max"": 0.5, ""refs"": 24, ""match_mode"": ""none"", ""steer_zones"": 41, ""people"": 0, ""track_id"": null, ""target_ex"": 0.0, ""target_cx_vel_px_s"": 0.0, ""target_age_s"": null, ""lidar_min_m"": 0.68, ""target_lidar_m"": null, ""target_lidar_deg"": null, ""camera_range_m"
2026-07-16T16:39:01.139,1528.139,mission_20260716_161333_manual,MANUAL,,0,13.330281257629395,100.99787139892578,149.19607041825228,4,True,0.6862499713897705,1,0,0,247616,317729,0.0,0.0,0.0,0,0,nan,nan,nan,88,26.299999237060547,0.0,33.0,0,30,-,READY owner=Surnn refs=24,"{""cmd"": ""STOP"", ""status"": ""READY"", ""detector"": ""yolo"", ""state"": ""IDLE"", ""owner"": ""Surnn"", ""score"": null, ""match_max"": 0.5, ""refs"": 24, ""match_mode"": ""none"", ""steer_zones"": 41, ""people"": 0, ""track_id"": null, ""target_ex"": 0.0, ""target_cx_vel_px_s"": 0.0, ""target_age_s"": null, ""lidar_min_m"": 0.68, ""target_lidar_m"": null, ""target_lidar_deg"": null, ""camera_range_m"
2026-07-16T16:39:03.269,1530.27,mission_20260716_161333_manual,MANUAL,,0,13.330281257629395,100.99787139892578,149.17963698310922,4,True,0.6862499713897705,1,0,0,247616,317729,0.0,0.0,0.0,0,0,nan,nan,nan,88,26.299999237060547,0.0,33.0,0,30,-,READY owner=Surnn refs=24,"{""cmd"": ""STOP"", ""status"": ""READY"", ""detector"": ""yolo"", ""state"": ""IDLE"", ""owner"": ""Surnn"", ""score"": null, ""match_max"": 0.5, ""refs"": 24, ""match_mode"": ""none"", ""steer_zones"": 41, ""people"": 0, ""track_id"": null, ""target_ex"": 0.0, ""target_cx_vel_px_s"": 0.0, ""target_age_s"": null, ""lidar_min_m"": 0.68, ""target_lidar_m"": null, ""target_lidar_deg"": null, ""camera_range_m"
2026-07-16T16:39:05.274,1532.275,mission_20260716_161333_manual,MANUAL,,0,13.330280303955078,100.99787139892578,149.17245162410237,4,True,0.6862499713897705,1,0,0,247616,317729,0.0,0.0,0.0,0,0,nan,nan,nan,88,26.299999237060547,0.0,33.0,0,30,-,READY owner=Surnn refs=24,"{""cmd"": ""STOP"", ""status"": ""READY"", ""detector"": ""yolo"", ""state"": ""IDLE"", ""owner"": ""Surnn"", ""score"": null, ""match_max"": 0.5, ""refs"": 24, ""match_mode"": ""none"", ""steer_zones"": 41, ""people"": 0, ""track_id"": null, ""target_ex"": 0.0, ""target_cx_vel_px_s"": 0.0, ""target_age_s"": null, ""lidar_min_m"": 0.68, ""target_lidar_m"": null, ""target_lidar_deg"": null, ""camera_range_m"
2026-07-16T16:39:07.376,1534.376,mission_20260716_161333_manual,MANUAL,,0,13.330279350280762,100.99787139892578,149.1653345669872,4,True,0.6862499713897705,1,0,0,247616,317729,0.0,0.0,0.0,0,0,nan,nan,nan,88,26.299999237060547,0.0,33.0,0,30,-,READY owner=Surnn refs=24,"{""cmd"": ""STOP"", ""status"": ""READY"", ""detector"": ""yolo"", ""state"": ""IDLE"", ""owner"": ""Surnn"", ""score"": null, ""match_max"": 0.5, ""refs"": 24, ""match_mode"": ""none"", ""steer_zones"": 41, ""people"": 0, ""track_id"": null, ""target_ex"": 0.0, ""target_cx_vel_px_s"": 0.0, ""target_age_s"": null, ""lidar_min_m"": 0.68, ""target_lidar_m"": null, ""target_lidar_deg"": null, ""camera_range_m"
2026-07-16T16:39:09.499,1536.5,mission_20260716_161333_manual,MANUAL,,0,13.330278396606445,100.99787139892578,149.1677524539534,4,True,0.6869999766349792,1,0,0,247616,317729,0.0,0.0,0.0,0,0,nan,nan,nan,88,26.299999237060547,0.0,33.0,0,31,-,READY owner=Surnn refs=24,"{""cmd"": ""STOP"", ""status"": ""READY"", ""detector"": ""yolo"", ""state"": ""IDLE"", ""owner"": ""Surnn"", ""score"": null, ""match_max"": 0.5, ""refs"": 24, ""match_mode"": ""none"", ""steer_zones"": 41, ""people"": 0, ""track_id"": null, ""target_ex"": 0.0, ""target_cx_vel_px_s"": 0.0, ""target_age_s"": null, ""lidar_min_m"": 0.68, ""target_lidar_m"": null, ""target_lidar_deg"": null, ""camera_range_m"
2026-07-16T16:39:11.616,1538.616,mission_20260716_161333_manual,MANUAL,,0,13.330277442932129,100.99787139892578,149.16581268022912,4,True,0.6857500076293945,1,0,0,247616,317729,0.0,0.0,0.0,0,0,nan,nan,nan,88,26.299999237060547,0.0,33.0,0,30,-,READY owner=Surnn refs=24,"{""cmd"": ""STOP"", ""status"": ""READY"", ""detector"": ""yolo"", ""state"": ""IDLE"", ""owner"": ""Surnn"", ""score"": null, ""match_max"": 0.5, ""refs"": 24, ""match_mode"": ""none"", ""steer_zones"": 41, ""people"": 0, ""track_id"": null, ""target_ex"": 0.0, ""target_cx_vel_px_s"": 0.0, ""target_age_s"": null, ""lidar_min_m"": 0.68, ""target_lidar_m"": null, ""target_lidar_deg"": null, ""camera_range_m"
2026-07-16T16:39:13.737,1540.737,mission_20260716_161333_manual,MANUAL,,0,13.330276489257812,100.99787139892578,149.16215169883398,4,True,0.6869999766349792,1,0,0,247616,317729,0.0,0.0,0.0,0,0,nan,nan,nan,88,26.299999237060547,0.0,33.0,0,31,-,READY owner=Surnn refs=24,"{""cmd"": ""STOP"", ""status"": ""READY"", ""detector"": ""yolo"", ""state"": ""IDLE"", ""owner"": ""Surnn"", ""score"": null, ""match_max"": 0.5, ""refs"": 24, ""match_mode"": ""none"", ""steer_zones"": 41, ""people"": 0, ""track_id"": null, ""target_ex"": 0.0, ""target_cx_vel_px_s"": 0.0, ""target_age_s"": null, ""lidar_min_m"": 0.68, ""target_lidar_m"": null, ""target_lidar_deg"": null, ""camera_range_m"
2026-07-16T16:39:15.867,1542.867,mission_20260716_161333_manual,MANUAL,,0,13.330275535583496,100.99787139892578,149.15806724571033,4,True,0.687250018119812,1,0,0,247616,317729,0.0,0.0,0.0,0,0,nan,nan,nan,88,26.299999237060547,0.0,33.0,0,29,-,READY owner=Surnn refs=24,"{""cmd"": ""STOP"", ""status"": ""READY"", ""detector"": ""yolo"", ""state"": ""IDLE"", ""owner"": ""Surnn"", ""score"": null, ""match_max"": 0.5, ""refs"": 24, ""match_mode"": ""none"", ""steer_zones"": 41, ""people"": 0, ""track_id"": null, ""target_ex"": 0.0, ""target_cx_vel_px_s"": 0.0, ""target_age_s"": null, ""lidar_min_m"": 0.68, ""target_lidar_m"": null, ""target_lidar_deg"": null, ""camera_range_m"
2026-07-16T16:39:17.997,1544.997,mission_20260716_161333_manual,MANUAL,,0,13.33027458190918,100.99787139892578,149.15633237766113,4,True,0.687250018119812,1,0,0,247616,317729,0.0,0.0,0.0,0,0,nan,nan,nan,88,26.299999237060547,0.0,33.0,0,29,-,READY owner=Surnn refs=24,"{""cmd"": ""STOP"", ""status"": ""READY"", ""detector"": ""yolo"", ""state"": ""IDLE"", ""owner"": ""Surnn"", ""score"": null, ""match_max"": 0.5, ""refs"": 24, ""match_mode"": ""none"", ""steer_zones"": 41, ""people"": 0, ""track_id"": null, ""target_ex"": 0.0, ""target_cx_vel_px_s"": 0.0, ""target_age_s"": null, ""lidar_min_m"": 0.68, ""target_lidar_m"": null, ""target_lidar_deg"": null, ""camera_range_m"
2026-07-16T16:39:20.106,1547.107,mission_20260716_161333_manual,MANUAL,,0,13.33027458190918,100.99787139892578,149.16358603855969,4,True,0.6875,1,0,0,247616,317729,0.0,0.0,0.0,0,0,nan,nan,nan,88,26.299999237060547,0.0,33.0,0,29,-,READY owner=Surnn refs=24,"{""cmd"": ""STOP"", ""status"": ""READY"", ""detector"": ""yolo"", ""state"": ""IDLE"", ""owner"": ""Surnn"", ""score"": null, ""match_max"": 0.5, ""refs"": 24, ""match_mode"": ""none"", ""steer_zones"": 41, ""people"": 0, ""track_id"": null, ""target_ex"": 0.0, ""target_cx_vel_px_s"": 0.0, ""target_age_s"": null, ""lidar_min_m"": 0.68, ""target_lidar_m"": null, ""target_lidar_deg"": null, ""camera_range_m"
2026-07-16T16:39:22.224,1549.224,mission_20260716_161333_manual,MANUAL,,0,13.330273628234863,100.99787139892578,149.1712768315651,4,True,0.6865000128746033,1,0,0,247616,317729,0.0,0.0,0.0,0,0,nan,nan,nan,88,26.299999237060547,0.0,33.0,0,29,-,READY owner=Surnn refs=24,"{""cmd"": ""STOP"", ""status"": ""READY"", ""detector"": ""yolo"", ""state"": ""IDLE"", ""owner"": ""Surnn"", ""score"": null, ""match_max"": 0.5, ""refs"": 24, ""match_mode"": ""none"", ""steer_zones"": 41, ""people"": 0, ""track_id"": null, ""target_ex"": 0.0, ""target_cx_vel_px_s"": 0.0, ""target_age_s"": null, ""lidar_min_m"": 0.68, ""target_lidar_m"": null, ""target_lidar_deg"": null, ""camera_range_m"
2026-07-16T16:39:24.354,1551.355,mission_20260716_161333_manual,MANUAL,,0,13.330273628234863,100.99787139892578,149.17374936004467,4,True,0.6869999766349792,1,0,0,247616,317729,0.0,0.0,0.0,0,0,nan,nan,nan,88,26.299999237060547,0.0,33.0,0,29,-,READY owner=Surnn refs=24,"{""cmd"": ""STOP"", ""status"": ""READY"", ""detector"": ""yolo"", ""state"": ""IDLE"", ""owner"": ""Surnn"", ""score"": null, ""match_max"": 0.5, ""refs"": 24, ""match_mode"": ""none"", ""steer_zones"": 41, ""people"": 0, ""track_id"": null, ""target_ex"": 0.0, ""target_cx_vel_px_s"": 0.0, ""target_age_s"": null, ""lidar_min_m"": 0.68, ""target_lidar_m"": null, ""target_lidar_deg"": null, ""camera_range_m"
2026-07-16T16:39:26.355,1553.355,mission_20260716_161333_manual,MANUAL,,0,13.330273628234863,100.99787139892578,149.1663590953627,4,True,0.687250018119812,1,0,0,247616,317729,0.0,0.0,0.0,0,0,nan,nan,nan,88,26.299999237060547,0.0,33.0,0,29,-,READY owner=Surnn refs=24,"{""cmd"": ""STOP"", ""status"": ""READY"", ""detector"": ""yolo"", ""state"": ""IDLE"", ""owner"": ""Surnn"", ""score"": null, ""match_max"": 0.5, ""refs"": 24, ""match_mode"": ""none"", ""steer_zones"": 41, ""people"": 0, ""track_id"": null, ""target_ex"": 0.0, ""target_cx_vel_px_s"": 0.0, ""target_age_s"": null, ""lidar_min_m"": 0.68, ""target_lidar_m"": null, ""target_lidar_deg"": null, ""camera_range_m"
2026-07-16T16:39:28.471,1555.471,mission_20260716_161333_manual,MANUAL,,0,13.330273628234863,100.99787139892578,149.14642860336463,4,True,0.6862499713897705,1,0,0,247616,317729,0.0,0.0,0.0,0,0,nan,nan,nan,88,26.299999237060547,0.0,33.0,0,28,-,READY owner=Surnn refs=24,"{""cmd"": ""STOP"", ""status"": ""READY"", ""detector"": ""yolo"", ""state"": ""IDLE"", ""owner"": ""Surnn"", ""score"": null, ""match_max"": 0.5, ""refs"": 24, ""match_mode"": ""none"", ""steer_zones"": 41, ""people"": 0, ""track_id"": null, ""target_ex"": 0.0, ""target_cx_vel_px_s"": 0.0, ""target_age_s"": null, ""lidar_min_m"": 0.68, ""target_lidar_m"": null, ""target_lidar_deg"": null, ""camera_range_m"
2026-07-16T16:39:30.588,1557.589,mission_20260716_161333_manual,MANUAL,,0,13.330273628234863,100.99787139892578,149.1318119985408,4,True,0.6862499713897705,1,0,0,247616,317729,0.0,0.0,0.0,0,0,nan,nan,nan,88,26.299999237060547,0.0,33.0,0,28,-,READY owner=Surnn refs=24,"{""cmd"": ""STOP"", ""status"": ""READY"", ""detector"": ""yolo"", ""state"": ""IDLE"", ""owner"": ""Surnn"", ""score"": null, ""match_max"": 0.5, ""refs"": 24, ""match_mode"": ""none"", ""steer_zones"": 41, ""people"": 0, ""track_id"": null, ""target_ex"": 0.0, ""target_cx_vel_px_s"": 0.0, ""target_age_s"": null, ""lidar_min_m"": 0.68, ""target_lidar_m"": null, ""target_lidar_deg"": null, ""camera_range_m"
2026-07-16T16:39:32.702,1559.703,mission_20260716_161333_manual,MANUAL,,0,13.330272674560547,100.99787139892578,149.11968158257486,4,True,0.6865000128746033,1,0,0,247616,317729,0.0,0.0,0.0,0,0,nan,nan,nan,88,26.299999237060547,0.0,33.0,0,28,-,READY owner=Surnn refs=24,"{""cmd"": ""STOP"", ""status"": ""READY"", ""detector"": ""yolo"", ""state"": ""IDLE"", ""owner"": ""Surnn"", ""score"": null, ""match_max"": 0.5, ""refs"": 24, ""match_mode"": ""none"", ""steer_zones"": 41, ""people"": 0, ""track_id"": null, ""target_ex"": 0.0, ""target_cx_vel_px_s"": 0.0, ""target_age_s"": null, ""lidar_min_m"": 0.68, ""target_lidar_m"": null, ""target_lidar_deg"": null, ""camera_range_m"
2026-07-16T16:39:34.703,1561.704,mission_20260716_161333_manual,MANUAL,,0,13.330272674560547,100.99787139892578,149.103657958782,4,True,0.6865000128746033,1,0,0,247616,317729,0.0,0.0,0.0,0,0,nan,nan,nan,88,26.299999237060547,0.0,33.0,0,27,-,READY owner=Surnn refs=24,"{""cmd"": ""STOP"", ""status"": ""READY"", ""detector"": ""yolo"", ""state"": ""IDLE"", ""owner"": ""Surnn"", ""score"": null, ""match_max"": 0.5, ""refs"": 24, ""match_mode"": ""none"", ""steer_zones"": 41, ""people"": 0, ""track_id"": null, ""target_ex"": 0.0, ""target_cx_vel_px_s"": 0.0, ""target_age_s"": null, ""lidar_min_m"": 0.68, ""target_lidar_m"": null, ""target_lidar_deg"": null, ""camera_range_m"
2026-07-16T16:39:36.703,1563.704,mission_20260716_161333_manual,MANUAL,,0,13.330272674560547,100.99787139892578,149.08012112690213,4,True,0.6869999766349792,1,0,0,247616,317729,0.0,0.0,0.0,0,0,nan,nan,nan,88,26.299999237060547,0.0,33.0,0,27,-,READY owner=Surnn refs=24,"{""cmd"": ""STOP"", ""status"": ""READY"", ""detector"": ""yolo"", ""state"": ""IDLE"", ""owner"": ""Surnn"", ""score"": null, ""match_max"": 0.5, ""refs"": 24, ""match_mode"": ""none"", ""steer_zones"": 41, ""people"": 0, ""track_id"": null, ""target_ex"": 0.0, ""target_cx_vel_px_s"": 0.0, ""target_age_s"": null, ""lidar_min_m"": 0.68, ""target_lidar_m"": null, ""target_lidar_deg"": null, ""camera_range_m"
2026-07-16T16:39:38.823,1565.824,mission_20260716_161333_manual,MANUAL,,0,13.33027172088623,100.99787139892578,149.05225395508847,4,True,0.6859999895095825,1,0,0,247616,317729,0.0,0.0,0.0,0,0,nan,nan,nan,88,26.299999237060547,0.0,33.0,0,27,-,READY owner=Surnn refs=24,"{""cmd"": ""STOP"", ""status"": ""READY"", ""detector"": ""yolo"", ""state"": ""IDLE"", ""owner"": ""Surnn"", ""score"": null, ""match_max"": 0.5, ""refs"": 24, ""match_mode"": ""none"", ""steer_zones"": 41, ""people"": 0, ""track_id"": null, ""target_ex"": 0.0, ""target_cx_vel_px_s"": 0.0, ""target_age_s"": null, ""lidar_min_m"": 0.68, ""target_lidar_m"": null, ""target_lidar_deg"": null, ""camera_range_m"
2026-07-16T16:39:40.938,1567.939,mission_20260716_161333_manual,MANUAL,,0,13.330270767211914,100.99787139892578,149.0291542553155,4,True,0.6867499947547913,1,0,0,247616,317729,0.0,0.0,0.0,0,0,nan,nan,nan,88,26.299999237060547,0.0,33.0,0,27,-,READY owner=Surnn refs=24,"{""cmd"": ""STOP"", ""status"": ""READY"", ""detector"": ""yolo"", ""state"": ""IDLE"", ""owner"": ""Surnn"", ""score"": null, ""match_max"": 0.5, ""refs"": 24, ""match_mode"": ""none"", ""steer_zones"": 41, ""people"": 0, ""track_id"": null, ""target_ex"": 0.0, ""target_cx_vel_px_s"": 0.0, ""target_age_s"": null, ""lidar_min_m"": 0.68, ""target_lidar_m"": null, ""target_lidar_deg"": null, ""camera_range_m"
2026-07-16T16:39:42.939,1569.94,mission_20260716_161333_manual,MANUAL,,0,13.33027172088623,100.99787139892578,149.0194280659374,4,True,0.6855000257492065,1,0,0,247616,317729,0.0,0.0,0.0,0,0,nan,nan,nan,88,26.299999237060547,0.0,33.0,0,28,-,READY owner=Surnn refs=24,"{""cmd"": ""STOP"", ""status"": ""READY"", ""detector"": ""yolo"", ""state"": ""IDLE"", ""owner"": ""Surnn"", ""score"": null, ""match_max"": 0.5, ""refs"": 24, ""match_mode"": ""none"", ""steer_zones"": 41, ""people"": 0, ""track_id"": null, ""target_ex"": 0.0, ""target_cx_vel_px_s"": 0.0, ""target_age_s"": null, ""lidar_min_m"": 0.68, ""target_lidar_m"": null, ""target_lidar_deg"": null, ""camera_range_m"
2026-07-16T16:39:45.046,1572.046,mission_20260716_161333_manual,MANUAL,,0,13.330272674560547,100.99787139892578,149.00549448003056,4,True,0.687749981880188,1,0,0,247616,317729,0.0,0.0,0.0,0,0,nan,nan,nan,88,26.299999237060547,0.0,33.0,0,28,-,READY owner=Surnn refs=24,"{""cmd"": ""STOP"", ""status"": ""READY"", ""detector"": ""yolo"", ""state"": ""IDLE"", ""owner"": ""Surnn"", ""score"": null, ""match_max"": 0.5, ""refs"": 24, ""match_mode"": ""none"", ""steer_zones"": 41, ""people"": 0, ""track_id"": null, ""target_ex"": 0.0, ""target_cx_vel_px_s"": 0.0, ""target_age_s"": null, ""lidar_min_m"": 0.68, ""target_lidar_m"": null, ""target_lidar_deg"": null, ""camera_range_m"
2026-07-16T16:39:47.159,1574.16,mission_20260716_161333_manual,MANUAL,,0,13.330272674560547,100.99787139892578,148.995508743464,4,True,0.6865000128746033,1,0,0,247616,317729,0.0,0.0,0.0,0,0,nan,nan,nan,88,26.299999237060547,0.0,33.0,0,26,-,READY owner=Surnn refs=24,"{""cmd"": ""STOP"", ""status"": ""READY"", ""detector"": ""yolo"", ""state"": ""IDLE"", ""owner"": ""Surnn"", ""score"": null, ""match_max"": 0.5, ""refs"": 24, ""match_mode"": ""none"", ""steer_zones"": 41, ""people"": 0, ""track_id"": null, ""target_ex"": 0.0, ""target_cx_vel_px_s"": 0.0, ""target_age_s"": null, ""lidar_min_m"": 0.68, ""target_lidar_m"": null, ""target_lidar_deg"": null, ""camera_range_m"
2026-07-16T16:39:49.292,1576.292,mission_20260716_161333_manual,MANUAL,,0,13.330272674560547,100.99787139892578,148.98220353496083,4,True,0.687250018119812,1,0,0,247616,317729,0.0,0.0,0.0,0,0,nan,nan,nan,88,26.299999237060547,0.0,33.0,0,28,-,READY owner=Surnn refs=24,"{""cmd"": ""STOP"", ""status"": ""READY"", ""detector"": ""yolo"", ""state"": ""IDLE"", ""owner"": ""Surnn"", ""score"": null, ""match_max"": 0.5, ""refs"": 24, ""match_mode"": ""none"", ""steer_zones"": 41, ""people"": 0, ""track_id"": null, ""target_ex"": 0.0, ""target_cx_vel_px_s"": 0.0, ""target_age_s"": null, ""lidar_min_m"": 0.68, ""target_lidar_m"": null, ""target_lidar_deg"": null, ""camera_range_m"
2026-07-16T16:39:51.417,1578.417,mission_20260716_161333_manual,MANUAL,,0,13.33027458190918,100.99787139892578,148.97627493076126,4,True,0.6862499713897705,1,0,0,247616,317729,0.0,0.0,0.0,0,0,nan,nan,nan,88,26.299999237060547,0.0,33.0,0,28,-,READY owner=Surnn refs=24,"{""cmd"": ""STOP"", ""status"": ""READY"", ""detector"": ""yolo"", ""state"": ""IDLE"", ""owner"": ""Surnn"", ""score"": null, ""match_max"": 0.5, ""refs"": 24, ""match_mode"": ""none"", ""steer_zones"": 41, ""people"": 0, ""track_id"": null, ""target_ex"": 0.0, ""target_cx_vel_px_s"": 0.0, ""target_age_s"": null, ""lidar_min_m"": 0.68, ""target_lidar_m"": null, ""target_lidar_deg"": null, ""camera_range_m"
2026-07-16T16:39:53.537,1580.538,mission_20260716_161333_manual,MANUAL,,0,13.330273628234863,100.99787139892578,148.9711386285054,4,True,0.6862499713897705,1,0,0,247616,317729,0.0,0.0,0.0,0,0,nan,nan,nan,88,26.299999237060547,0.0,33.0,0,27,-,READY owner=Surnn refs=24,"{""cmd"": ""STOP"", ""status"": ""READY"", ""detector"": ""yolo"", ""state"": ""IDLE"", ""owner"": ""Surnn"", ""score"": null, ""match_max"": 0.5, ""refs"": 24, ""match_mode"": ""none"", ""steer_zones"": 41, ""people"": 0, ""track_id"": null, ""target_ex"": 0.0, ""target_cx_vel_px_s"": 0.0, ""target_age_s"": null, ""lidar_min_m"": 0.68, ""target_lidar_m"": null, ""target_lidar_deg"": null, ""camera_range_m"
2026-07-16T16:39:55.541,1582.542,mission_20260716_161333_manual,MANUAL,,0,13.330273628234863,100.99787139892578,148.9664531187348,4,True,0.6867499947547913,1,0,0,247616,317729,0.0,0.0,0.0,0,0,nan,nan,nan,88,26.299999237060547,0.0,33.0,0,27,-,READY owner=Surnn refs=24,"{""cmd"": ""STOP"", ""status"": ""READY"", ""detector"": ""yolo"", ""state"": ""IDLE"", ""owner"": ""Surnn"", ""score"": null, ""match_max"": 0.5, ""refs"": 24, ""match_mode"": ""none"", ""steer_zones"": 41, ""people"": 0, ""track_id"": null, ""target_ex"": 0.0, ""target_cx_vel_px_s"": 0.0, ""target_age_s"": null, ""lidar_min_m"": 0.68, ""target_lidar_m"": null, ""target_lidar_deg"": null, ""camera_range_m"
2026-07-16T16:39:57.664,1584.664,mission_20260716_161333_manual,MANUAL,,0,13.330272674560547,100.99787139892578,148.95477349525405,4,True,0.687749981880188,1,0,0,247616,317729,0.0,0.0,0.0,0,0,nan,nan,nan,88,26.299999237060547,0.0,33.0,0,26,-,READY owner=Surnn refs=24,"{""cmd"": ""STOP"", ""status"": ""READY"", ""detector"": ""yolo"", ""state"": ""IDLE"", ""owner"": ""Surnn"", ""score"": null, ""match_max"": 0.5, ""refs"": 24, ""match_mode"": ""none"", ""steer_zones"": 41, ""people"": 0, ""track_id"": null, ""target_ex"": 0.0, ""target_cx_vel_px_s"": 0.0, ""target_age_s"": null, ""lidar_min_m"": 0.68, ""target_lidar_m"": null, ""target_lidar_deg"": null, ""camera_range_m"
2026-07-16T16:39:59.669,1586.67,mission_20260716_161333_manual,MANUAL,,0,13.330272674560547,100.99786376953125,148.9491590797563,4,True,0.6875,1,0,0,247616,317729,0.0,0.0,0.0,0,0,nan,nan,nan,88,26.299999237060547,0.0,33.0,0,27,-,READY owner=Surnn refs=24,"{""cmd"": ""STOP"", ""status"": ""READY"", ""detector"": ""yolo"", ""state"": ""IDLE"", ""owner"": ""Surnn"", ""score"": null, ""match_max"": 0.5, ""refs"": 24, ""match_mode"": ""none"", ""steer_zones"": 41, ""people"": 0, ""track_id"": null, ""target_ex"": 0.0, ""target_cx_vel_px_s"": 0.0, ""target_age_s"": null, ""lidar_min_m"": 0.68, ""target_lidar_m"": null, ""target_lidar_deg"": null, ""camera_range_m"
2026-07-16T16:40:01.803,1588.803,mission_20260716_161333_manual,MANUAL,,0,13.330272674560547,100.99786376953125,148.94627673992656,4,True,0.6865000128746033,1,0,0,247616,317729,0.0,0.0,0.0,0,0,nan,nan,nan,88,26.299999237060547,0.0,33.0,0,25,-,READY owner=Surnn refs=24,"{""cmd"": ""STOP"", ""status"": ""READY"", ""detector"": ""yolo"", ""state"": ""IDLE"", ""owner"": ""Surnn"", ""score"": null, ""match_max"": 0.5, ""refs"": 24, ""match_mode"": ""none"", ""steer_zones"": 41, ""people"": 0, ""track_id"": null, ""target_ex"": 0.0, ""target_cx_vel_px_s"": 0.0, ""target_age_s"": null, ""lidar_min_m"": 0.68, ""target_lidar_m"": null, ""target_lidar_deg"": null, ""camera_range_m"
2026-07-16T16:40:03.914,1590.914,mission_20260716_161333_manual,MANUAL,,0,13.330272674560547,100.99786376953125,148.9462904003049,4,True,0.6865000128746033,1,0,0,247616,317729,0.0,0.0,0.0,0,0,nan,nan,nan,88,26.299999237060547,0.0,33.0,0,27,-,READY owner=Surnn refs=24,"{""cmd"": ""STOP"", ""status"": ""READY"", ""detector"": ""yolo"", ""state"": ""IDLE"", ""owner"": ""Surnn"", ""score"": null, ""match_max"": 0.5, ""refs"": 24, ""match_mode"": ""none"", ""steer_zones"": 41, ""people"": 0, ""track_id"": null, ""target_ex"": 0.0, ""target_cx_vel_px_s"": 0.0, ""target_age_s"": null, ""lidar_min_m"": 0.68, ""target_lidar_m"": null, ""target_lidar_deg"": null, ""camera_range_m"
2026-07-16T16:40:06.028,1593.029,mission_20260716_161333_manual,MANUAL,,0,13.330273628234863,100.99786376953125,148.93528013536283,4,True,0.6865000128746033,1,0,0,247616,317729,0.0,0.0,0.0,0,0,nan,nan,nan,88,26.299999237060547,0.0,33.0,0,27,-,READY owner=Surnn refs=24,"{""cmd"": ""STOP"", ""status"": ""READY"", ""detector"": ""yolo"", ""state"": ""IDLE"", ""owner"": ""Surnn"", ""score"": null, ""match_max"": 0.5, ""refs"": 24, ""match_mode"": ""none"", ""steer_zones"": 41, ""people"": 0, ""track_id"": null, ""target_ex"": 0.0, ""target_cx_vel_px_s"": 0.0, ""target_age_s"": null, ""lidar_min_m"": 0.68, ""target_lidar_m"": null, ""target_lidar_deg"": null, ""camera_range_m"
2026-07-16T16:40:08.153,1595.153,mission_20260716_161333_manual,MANUAL,,0,13.33027458190918,100.99786376953125,148.92217983253477,4,True,0.687749981880188,1,0,0,247616,317729,0.0,0.0,0.0,0,0,nan,nan,nan,88,26.299999237060547,0.0,33.0,0,28,-,READY owner=Surnn refs=24,"{""cmd"": ""STOP"", ""status"": ""READY"", ""detector"": ""yolo"", ""state"": ""IDLE"", ""owner"": ""Surnn"", ""score"": null, ""match_max"": 0.5, ""refs"": 24, ""match_mode"": ""none"", ""steer_zones"": 41, ""people"": 0, ""track_id"": null, ""target_ex"": 0.0, ""target_cx_vel_px_s"": 0.0, ""target_age_s"": null, ""lidar_min_m"": 0.68, ""target_lidar_m"": null, ""target_lidar_deg"": null, ""camera_range_m"
2026-07-16T16:40:10.269,1597.269,mission_20260716_161333_manual,MANUAL,,0,13.330275535583496,100.99786376953125,148.91648345476696,4,True,0.6859999895095825,1,0,0,247616,317729,0.0,0.0,0.0,0,0,nan,nan,nan,88,26.299999237060547,0.0,33.0,0,29,-,READY owner=Surnn refs=24,"{""cmd"": ""STOP"", ""status"": ""READY"", ""detector"": ""yolo"", ""state"": ""IDLE"", ""owner"": ""Surnn"", ""score"": null, ""match_max"": 0.5, ""refs"": 24, ""match_mode"": ""none"", ""steer_zones"": 41, ""people"": 0, ""track_id"": null, ""target_ex"": 0.0, ""target_cx_vel_px_s"": 0.0, ""target_age_s"": null, ""lidar_min_m"": 0.68, ""target_lidar_m"": null, ""target_lidar_deg"": null, ""camera_range_m"
2026-07-16T16:40:12.390,1599.39,mission_20260716_161333_manual,MANUAL,,0,13.330276489257812,100.99786376953125,148.89931235919354,4,True,0.6865000128746033,1,0,0,247616,317729,0.0,0.0,0.0,0,0,nan,nan,nan,88,26.299999237060547,0.0,33.0,0,27,-,READY owner=Surnn refs=24,"{""cmd"": ""STOP"", ""status"": ""READY"", ""detector"": ""yolo"", ""state"": ""IDLE"", ""owner"": ""Surnn"", ""score"": null, ""match_max"": 0.5, ""refs"": 24, ""match_mode"": ""none"", ""steer_zones"": 41, ""people"": 0, ""track_id"": null, ""target_ex"": 0.0, ""target_cx_vel_px_s"": 0.0, ""target_age_s"": null, ""lidar_min_m"": 0.68, ""target_lidar_m"": null, ""target_lidar_deg"": null, ""camera_range_m"
2026-07-16T16:40:14.515,1601.515,mission_20260716_161333_manual,MANUAL,,0,13.330277442932129,100.99786376953125,148.91719379444064,4,True,0.6862499713897705,1,0,0,247616,317729,0.0,0.0,0.0,0,0,nan,nan,nan,88,26.299999237060547,0.0,33.0,0,29,-,READY owner=Surnn refs=24,"{""cmd"": ""STOP"", ""status"": ""READY"", ""detector"": ""yolo"", ""state"": ""IDLE"", ""owner"": ""Surnn"", ""score"": null, ""match_max"": 0.5, ""refs"": 24, ""match_mode"": ""none"", ""steer_zones"": 41, ""people"": 0, ""track_id"": null, ""target_ex"": 0.0, ""target_cx_vel_px_s"": 0.0, ""target_age_s"": null, ""lidar_min_m"": 0.68, ""target_lidar_m"": null, ""target_lidar_deg"": null, ""camera_range_m"
2026-07-16T16:40:16.517,1603.517,mission_20260716_161333_manual,MANUAL,,0,13.330278396606445,100.99786376953125,148.9336272295837,4,True,0.6867499947547913,1,0,0,247616,317729,0.0,0.0,0.0,0,0,nan,nan,nan,88,26.299999237060547,0.0,33.0,0,28,-,READY owner=Surnn refs=24,"{""cmd"": ""STOP"", ""status"": ""READY"", ""detector"": ""yolo"", ""state"": ""IDLE"", ""owner"": ""Surnn"", ""score"": null, ""match_max"": 0.5, ""refs"": 24, ""match_mode"": ""none"", ""steer_zones"": 41, ""people"": 0, ""track_id"": null, ""target_ex"": 0.0, ""target_cx_vel_px_s"": 0.0, ""target_age_s"": null, ""lidar_min_m"": 0.68, ""target_lidar_m"": null, ""target_lidar_deg"": null, ""camera_range_m"
2026-07-16T16:40:18.642,1605.643,mission_20260716_161333_manual,MANUAL,,0,13.330281257629395,100.99786376953125,148.95600292930465,4,True,0.6867499947547913,1,0,0,247616,317729,0.0,0.0,0.0,0,0,nan,nan,nan,88,26.299999237060547,0.0,33.0,0,28,-,READY owner=Surnn refs=24,"{""cmd"": ""STOP"", ""status"": ""READY"", ""detector"": ""yolo"", ""state"": ""IDLE"", ""owner"": ""Surnn"", ""score"": null, ""match_max"": 0.5, ""refs"": 24, ""match_mode"": ""none"", ""steer_zones"": 41, ""people"": 0, ""track_id"": null, ""target_ex"": 0.0, ""target_cx_vel_px_s"": 0.0, ""target_age_s"": null, ""lidar_min_m"": 0.68, ""target_lidar_m"": null, ""target_lidar_deg"": null, ""camera_range_m"
2026-07-16T16:40:20.643,1607.643,mission_20260716_161333_manual,MANUAL,,0,13.330281257629395,100.99786376953125,148.96813334527062,4,True,0.6859999895095825,1,0,0,247616,317729,0.0,0.0,0.0,0,0,nan,nan,nan,88,26.299999237060547,0.0,33.0,0,28,-,READY owner=Surnn refs=24,"{""cmd"": ""STOP"", ""status"": ""READY"", ""detector"": ""yolo"", ""state"": ""IDLE"", ""owner"": ""Surnn"", ""score"": null, ""match_max"": 0.5, ""refs"": 24, ""match_mode"": ""none"", ""steer_zones"": 41, ""people"": 0, ""track_id"": null, ""target_ex"": 0.0, ""target_cx_vel_px_s"": 0.0, ""target_age_s"": null, ""lidar_min_m"": 0.68, ""target_lidar_m"": null, ""target_lidar_deg"": null, ""camera_range_m"
2026-07-16T16:40:22.763,1609.763,mission_20260716_161333_manual,MANUAL,,0,13.330281257629395,100.99786376953125,148.97501817595398,4,True,0.6869999766349792,1,0,0,247616,317729,0.0,0.0,0.0,0,0,nan,nan,nan,88,26.299999237060547,0.0,33.0,0,28,-,READY owner=Surnn refs=24,"{""cmd"": ""STOP"", ""status"": ""READY"", ""detector"": ""yolo"", ""state"": ""IDLE"", ""owner"": ""Surnn"", ""score"": null, ""match_max"": 0.5, ""refs"": 24, ""match_mode"": ""none"", ""steer_zones"": 41, ""people"": 0, ""track_id"": null, ""target_ex"": 0.0, ""target_cx_vel_px_s"": 0.0, ""target_age_s"": null, ""lidar_min_m"": 0.68, ""target_lidar_m"": null, ""target_lidar_deg"": null, ""camera_range_m"
2026-07-16T16:40:24.879,1611.879,mission_20260716_161333_manual,MANUAL,,0,13.330280303955078,100.99786376953125,148.986629497543,4,True,0.6862499713897705,1,0,0,247616,317729,0.0,0.0,0.0,0,0,nan,nan,nan,88,26.299999237060547,0.0,33.0,0,29,-,READY owner=Surnn refs=24,"{""cmd"": ""STOP"", ""status"": ""READY"", ""detector"": ""yolo"", ""state"": ""IDLE"", ""owner"": ""Surnn"", ""score"": null, ""match_max"": 0.5, ""refs"": 24, ""match_mode"": ""none"", ""steer_zones"": 41, ""people"": 0, ""track_id"": null, ""target_ex"": 0.0, ""target_cx_vel_px_s"": 0.0, ""target_age_s"": null, ""lidar_min_m"": 0.68, ""target_lidar_m"": null, ""target_lidar_deg"": null, ""camera_range_m"
2026-07-16T16:40:26.880,1613.881,mission_20260716_161333_manual,MANUAL,,0,13.330281257629395,100.99786376953125,149.0075571971599,4,True,0.6865000128746033,1,0,0,247616,317729,0.0,0.0,0.0,0,0,nan,nan,nan,88,26.299999237060547,0.0,33.0,0,29,-,READY owner=Surnn refs=24,"{""cmd"": ""STOP"", ""status"": ""READY"", ""detector"": ""yolo"", ""state"": ""IDLE"", ""owner"": ""Surnn"", ""score"": null, ""match_max"": 0.5, ""refs"": 24, ""match_mode"": ""none"", ""steer_zones"": 41, ""people"": 0, ""track_id"": null, ""target_ex"": 0.0, ""target_cx_vel_px_s"": 0.0, ""target_age_s"": null, ""lidar_min_m"": 0.68, ""target_lidar_m"": null, ""target_lidar_deg"": null, ""camera_range_m"
2026-07-16T16:40:28.882,1615.882,mission_20260716_161333_manual,MANUAL,,0,13.330280303955078,100.99785614013672,149.02453704743655,4,True,0.6865000128746033,1,0,0,247616,317729,0.0,0.0,0.0,0,0,nan,nan,nan,88,26.299999237060547,0.0,33.0,0,29,-,READY owner=Surnn refs=24,"{""cmd"": ""STOP"", ""status"": ""READY"", ""detector"": ""yolo"", ""state"": ""IDLE"", ""owner"": ""Surnn"", ""score"": null, ""match_max"": 0.5, ""refs"": 24, ""match_mode"": ""none"", ""steer_zones"": 41, ""people"": 0, ""track_id"": null, ""target_ex"": 0.0, ""target_cx_vel_px_s"": 0.0, ""target_age_s"": null, ""lidar_min_m"": 0.68, ""target_lidar_m"": null, ""target_lidar_deg"": null, ""camera_range_m"
2026-07-16T16:40:31.009,1618.01,mission_20260716_161333_manual,MANUAL,,0,13.330280303955078,100.99785614013672,149.03452278400312,4,True,0.6865000128746033,1,0,0,247616,317729,0.0,0.0,0.0,0,0,nan,nan,nan,88,26.299999237060547,0.0,33.0,0,29,-,READY owner=Surnn refs=24,"{""cmd"": ""STOP"", ""status"": ""READY"", ""detector"": ""yolo"", ""state"": ""IDLE"", ""owner"": ""Surnn"", ""score"": null, ""match_max"": 0.5, ""refs"": 24, ""match_mode"": ""none"", ""steer_zones"": 41, ""people"": 0, ""track_id"": null, ""target_ex"": 0.0, ""target_cx_vel_px_s"": 0.0, ""target_age_s"": null, ""lidar_min_m"": 0.68, ""target_lidar_m"": null, ""target_lidar_deg"": null, ""camera_range_m"
2026-07-16T16:40:33.012,1620.013,mission_20260716_161333_manual,MANUAL,,0,13.330279350280762,100.99785614013672,149.045847237647,4,True,0.6862499713897705,1,0,0,247616,317729,0.0,0.0,0.0,0,0,nan,nan,nan,88,26.299999237060547,0.0,33.0,0,29,-,READY owner=Surnn refs=24,"{""cmd"": ""STOP"", ""status"": ""READY"", ""detector"": ""yolo"", ""state"": ""IDLE"", ""owner"": ""Surnn"", ""score"": null, ""match_max"": 0.5, ""refs"": 24, ""match_mode"": ""none"", ""steer_zones"": 41, ""people"": 0, ""track_id"": null, ""target_ex"": 0.0, ""target_cx_vel_px_s"": 0.0, ""target_age_s"": null, ""lidar_min_m"": 0.68, ""target_lidar_m"": null, ""target_lidar_deg"": null, ""camera_range_m"
2026-07-16T16:40:35.014,1622.015,mission_20260716_161333_manual,MANUAL,,0,13.330279350280762,100.99785614013672,149.06747161655926,4,True,0.687250018119812,1,0,0,247616,317729,0.0,0.0,0.0,0,0,nan,nan,nan,88,26.299999237060547,0.0,33.0,0,28,-,READY owner=Surnn refs=24,"{""cmd"": ""STOP"", ""status"": ""READY"", ""detector"": ""yolo"", ""state"": ""IDLE"", ""owner"": ""Surnn"", ""score"": null, ""match_max"": 0.5, ""refs"": 24, ""match_mode"": ""none"", ""steer_zones"": 41, ""people"": 0, ""track_id"": null, ""target_ex"": 0.0, ""target_cx_vel_px_s"": 0.0, ""target_age_s"": null, ""lidar_min_m"": 0.68, ""target_lidar_m"": null, ""target_lidar_deg"": null, ""camera_range_m"
2026-07-16T16:40:37.130,1624.13,mission_20260716_161333_manual,MANUAL,,0,13.330278396606445,100.99785614013672,149.07314067357038,4,True,0.6869999766349792,1,0,0,247616,317729,0.0,0.0,0.0,0,0,nan,nan,nan,88,26.299999237060547,0.0,33.0,0,29,-,READY owner=Surnn refs=24,"{""cmd"": ""STOP"", ""status"": ""READY"", ""detector"": ""yolo"", ""state"": ""IDLE"", ""owner"": ""Surnn"", ""score"": null, ""match_max"": 0.5, ""refs"": 24, ""match_mode"": ""none"", ""steer_zones"": 41, ""people"": 0, ""track_id"": null, ""target_ex"": 0.0, ""target_cx_vel_px_s"": 0.0, ""target_age_s"": null, ""lidar_min_m"": 0.68, ""target_lidar_m"": null, ""target_lidar_deg"": null, ""camera_range_m"
2026-07-16T16:40:39.254,1626.254,mission_20260716_161333_manual,MANUAL,,0,13.330277442932129,100.99785614013672,149.0783042965829,4,True,0.6865000128746033,1,0,0,247616,317729,0.0,0.0,0.0,0,0,nan,nan,nan,88,26.299999237060547,0.0,33.0,0,29,-,READY owner=Surnn refs=24,"{""cmd"": ""STOP"", ""status"": ""READY"", ""detector"": ""yolo"", ""state"": ""IDLE"", ""owner"": ""Surnn"", ""score"": null, ""match_max"": 0.5, ""refs"": 24, ""match_mode"": ""none"", ""steer_zones"": 41, ""people"": 0, ""track_id"": null, ""target_ex"": 0.0, ""target_cx_vel_px_s"": 0.0, ""target_age_s"": null, ""lidar_min_m"": 0.68, ""target_lidar_m"": null, ""target_lidar_deg"": null, ""camera_range_m"
2026-07-16T16:40:41.381,1628.381,mission_20260716_161333_manual,MANUAL,,0,13.330277442932129,100.99785614013672,149.09248376929986,4,True,0.6857500076293945,1,0,0,247616,317729,0.0,0.0,0.0,0,0,nan,nan,nan,88,26.299999237060547,0.0,33.0,0,29,-,READY owner=Surnn refs=24,"{""cmd"": ""STOP"", ""status"": ""READY"", ""detector"": ""yolo"", ""state"": ""IDLE"", ""owner"": ""Surnn"", ""score"": null, ""match_max"": 0.5, ""refs"": 24, ""match_mode"": ""none"", ""steer_zones"": 41, ""people"": 0, ""track_id"": null, ""target_ex"": 0.0, ""target_cx_vel_px_s"": 0.0, ""target_age_s"": null, ""lidar_min_m"": 0.68, ""target_lidar_m"": null, ""target_lidar_deg"": null, ""camera_range_m"
2026-07-16T16:40:43.497,1630.498,mission_20260716_161333_manual,MANUAL,,0,13.330277442932129,100.99785614013672,149.1041360720239,4,True,0.687250018119812,1,0,0,247616,317729,0.0,0.0,0.0,0,0,nan,nan,nan,88,26.299999237060547,0.0,33.0,0,29,-,READY owner=Surnn refs=24,"{""cmd"": ""STOP"", ""status"": ""READY"", ""detector"": ""yolo"", ""state"": ""IDLE"", ""owner"": ""Surnn"", ""score"": null, ""match_max"": 0.5, ""refs"": 24, ""match_mode"": ""none"", ""steer_zones"": 41, ""people"": 0, ""track_id"": null, ""target_ex"": 0.0, ""target_cx_vel_px_s"": 0.0, ""target_age_s"": null, ""lidar_min_m"": 0.68, ""target_lidar_m"": null, ""target_lidar_deg"": null, ""camera_range_m"
2026-07-16T16:40:45.627,1632.628,mission_20260716_161333_manual,MANUAL,,0,13.330277442932129,100.99785614013672,149.1158156955046,4,True,0.6867499947547913,1,0,0,247616,317729,0.0,0.0,0.0,0,0,nan,nan,nan,88,26.299999237060547,0.0,33.0,0,29,-,READY owner=Surnn refs=24,"{""cmd"": ""STOP"", ""status"": ""READY"", ""detector"": ""yolo"", ""state"": ""IDLE"", ""owner"": ""Surnn"", ""score"": null, ""match_max"": 0.5, ""refs"": 24, ""match_mode"": ""none"", ""steer_zones"": 41, ""people"": 0, ""track_id"": null, ""target_ex"": 0.0, ""target_cx_vel_px_s"": 0.0, ""target_age_s"": null, ""lidar_min_m"": 0.68, ""target_lidar_m"": null, ""target_lidar_deg"": null, ""camera_range_m"
2026-07-16T16:40:47.754,1634.755,mission_20260716_161333_manual,MANUAL,,0,13.330278396606445,100.99785614013672,149.12179894121755,4,True,0.6867499947547913,1,0,0,247616,317729,0.0,0.0,0.0,0,0,nan,nan,nan,88,26.299999237060547,0.0,33.0,0,28,-,READY owner=Surnn refs=24,"{""cmd"": ""STOP"", ""status"": ""READY"", ""detector"": ""yolo"", ""state"": ""IDLE"", ""owner"": ""Surnn"", ""score"": null, ""match_max"": 0.5, ""refs"": 24, ""match_mode"": ""none"", ""steer_zones"": 41, ""people"": 0, ""track_id"": null, ""target_ex"": 0.0, ""target_cx_vel_px_s"": 0.0, ""target_age_s"": null, ""lidar_min_m"": 0.68, ""target_lidar_m"": null, ""target_lidar_deg"": null, ""camera_range_m"
2026-07-16T16:40:49.761,1636.761,mission_20260716_161333_manual,MANUAL,,0,13.330278396606445,100.99785614013672,149.13694830079663,4,True,0.6865000128746033,1,0,0,247616,317729,0.0,0.0,0.0,0,0,nan,nan,nan,88,26.299999237060547,0.0,33.0,0,28,-,READY owner=Surnn refs=24,"{""cmd"": ""STOP"", ""status"": ""READY"", ""detector"": ""yolo"", ""state"": ""IDLE"", ""owner"": ""Surnn"", ""score"": null, ""match_max"": 0.5, ""refs"": 24, ""match_mode"": ""none"", ""steer_zones"": 41, ""people"": 0, ""track_id"": null, ""target_ex"": 0.0, ""target_cx_vel_px_s"": 0.0, ""target_age_s"": null, ""lidar_min_m"": 0.68, ""target_lidar_m"": null, ""target_lidar_deg"": null, ""camera_range_m"
2026-07-16T16:40:51.765,1638.765,mission_20260716_161333_manual,MANUAL,,0,13.330279350280762,100.99785614013672,149.15207033961906,4,True,0.687749981880188,1,0,0,247616,317729,0.0,0.0,0.0,0,0,nan,nan,nan,88,26.299999237060547,0.0,33.0,0,28,-,READY owner=Surnn refs=24,"{""cmd"": ""STOP"", ""status"": ""READY"", ""detector"": ""yolo"", ""state"": ""IDLE"", ""owner"": ""Surnn"", ""score"": null, ""match_max"": 0.5, ""refs"": 24, ""match_mode"": ""none"", ""steer_zones"": 41, ""people"": 0, ""track_id"": null, ""target_ex"": 0.0, ""target_cx_vel_px_s"": 0.0, ""target_age_s"": null, ""lidar_min_m"": 0.68, ""target_lidar_m"": null, ""target_lidar_deg"": null, ""camera_range_m"
2026-07-16T16:40:53.879,1640.879,mission_20260716_161333_manual,MANUAL,,0,13.330278396606445,100.99785614013672,149.15403743410002,4,True,0.6865000128746033,1,0,0,247616,317729,0.0,0.0,0.0,0,0,nan,nan,nan,88,26.299999237060547,0.0,33.0,0,28,-,READY owner=Surnn refs=24,"{""cmd"": ""STOP"", ""status"": ""READY"", ""detector"": ""yolo"", ""state"": ""IDLE"", ""owner"": ""Surnn"", ""score"": null, ""match_max"": 0.5, ""refs"": 24, ""match_mode"": ""none"", ""steer_zones"": 41, ""people"": 0, ""track_id"": null, ""target_ex"": 0.0, ""target_cx_vel_px_s"": 0.0, ""target_age_s"": null, ""lidar_min_m"": 0.68, ""target_lidar_m"": null, ""target_lidar_deg"": null, ""camera_range_m"
2026-07-16T16:40:55.879,1642.88,mission_20260716_161333_manual,MANUAL,,0,13.330278396606445,100.99785614013672,149.1563187172828,4,True,0.6867499947547913,1,0,0,247616,317729,0.0,0.0,0.0,0,0,nan,nan,nan,88,26.299999237060547,0.0,33.0,0,28,-,READY owner=Surnn refs=24,"{""cmd"": ""STOP"", ""status"": ""READY"", ""detector"": ""yolo"", ""state"": ""IDLE"", ""owner"": ""Surnn"", ""score"": null, ""match_max"": 0.5, ""refs"": 24, ""match_mode"": ""none"", ""steer_zones"": 41, ""people"": 0, ""track_id"": null, ""target_ex"": 0.0, ""target_cx_vel_px_s"": 0.0, ""target_age_s"": null, ""lidar_min_m"": 0.68, ""target_lidar_m"": null, ""target_lidar_deg"": null, ""camera_range_m"
2026-07-16T16:40:57.893,1644.893,mission_20260716_161333_manual,MANUAL,,0,13.330279350280762,100.99784851074219,149.17284777507422,4,True,0.6852499842643738,1,0,0,247616,317729,0.0,0.0,0.0,0,0,nan,nan,nan,88,26.299999237060547,0.0,33.0,0,28,-,READY owner=Surnn refs=24,"{""cmd"": ""STOP"", ""status"": ""READY"", ""detector"": ""yolo"", ""state"": ""IDLE"", ""owner"": ""Surnn"", ""score"": null, ""match_max"": 0.5, ""refs"": 24, ""match_mode"": ""none"", ""steer_zones"": 41, ""people"": 0, ""track_id"": null, ""target_ex"": 0.0, ""target_cx_vel_px_s"": 0.0, ""target_age_s"": null, ""lidar_min_m"": 0.68, ""target_lidar_m"": null, ""target_lidar_deg"": null, ""camera_range_m"
2026-07-16T16:41:00.024,1647.025,mission_20260716_161333_manual,MANUAL,,0,13.330280303955078,100.99784851074219,149.18269690785738,4,True,0.6865000128746033,1,0,0,247616,317729,0.0,0.0,0.0,0,0,nan,nan,nan,88,26.299999237060547,0.0,33.0,0,30,-,READY owner=Surnn refs=24,"{""cmd"": ""STOP"", ""status"": ""READY"", ""detector"": ""yolo"", ""state"": ""IDLE"", ""owner"": ""Surnn"", ""score"": null, ""match_max"": 0.5, ""refs"": 24, ""match_mode"": ""none"", ""steer_zones"": 41, ""people"": 0, ""track_id"": null, ""target_ex"": 0.0, ""target_cx_vel_px_s"": 0.0, ""target_age_s"": null, ""lidar_min_m"": 0.68, ""target_lidar_m"": null, ""target_lidar_deg"": null, ""camera_range_m"
2026-07-16T16:41:02.151,1649.152,mission_20260716_161333_manual,MANUAL,,0,13.330282211303711,100.99784851074219,149.18003313408107,4,True,0.6884999871253967,1,0,0,247616,317729,0.0,0.0,0.0,0,0,nan,nan,nan,88,26.299999237060547,0.0,33.0,0,29,-,READY owner=Surnn refs=24,"{""cmd"": ""STOP"", ""status"": ""READY"", ""detector"": ""yolo"", ""state"": ""IDLE"", ""owner"": ""Surnn"", ""score"": null, ""match_max"": 0.5, ""refs"": 24, ""match_mode"": ""none"", ""steer_zones"": 41, ""people"": 0, ""track_id"": null, ""target_ex"": 0.0, ""target_cx_vel_px_s"": 0.0, ""target_age_s"": null, ""lidar_min_m"": 0.68, ""target_lidar_m"": null, ""target_lidar_deg"": null, ""camera_range_m"
2026-07-16T16:41:04.278,1651.278,mission_20260716_161333_manual,MANUAL,,0,13.330283164978027,100.99784851074219,149.18511479482356,4,True,0.6865000128746033,1,0,0,247616,317729,0.0,0.0,0.0,0,0,nan,nan,nan,88,26.299999237060547,0.0,33.0,0,29,-,READY owner=Surnn refs=24,"{""cmd"": ""STOP"", ""status"": ""READY"", ""detector"": ""yolo"", ""state"": ""IDLE"", ""owner"": ""Surnn"", ""score"": null, ""match_max"": 0.5, ""refs"": 24, ""match_mode"": ""none"", ""steer_zones"": 41, ""people"": 0, ""track_id"": null, ""target_ex"": 0.0, ""target_cx_vel_px_s"": 0.0, ""target_age_s"": null, ""lidar_min_m"": 0.68, ""target_lidar_m"": null, ""target_lidar_deg"": null, ""camera_range_m"
2026-07-16T16:41:06.278,1653.279,mission_20260716_161333_manual,MANUAL,,0,13.330284118652344,100.99784851074219,149.19060626691626,4,True,0.6869999766349792,1,0,0,247616,317729,0.0,0.0,0.0,0,0,nan,nan,nan,88,26.299999237060547,0.0,33.0,0,30,-,READY owner=Surnn refs=24,"{""cmd"": ""STOP"", ""status"": ""READY"", ""detector"": ""yolo"", ""state"": ""IDLE"", ""owner"": ""Surnn"", ""score"": null, ""match_max"": 0.5, ""refs"": 24, ""match_mode"": ""none"", ""steer_zones"": 41, ""people"": 0, ""track_id"": null, ""target_ex"": 0.0, ""target_cx_vel_px_s"": 0.0, ""target_age_s"": null, ""lidar_min_m"": 0.68, ""target_lidar_m"": null, ""target_lidar_deg"": null, ""camera_range_m"
2026-07-16T16:41:08.284,1655.285,mission_20260716_161333_manual,MANUAL,,0,13.33028507232666,100.99785614013672,149.18893970075877,4,True,0.6869999766349792,1,0,0,247616,317729,0.0,0.0,0.0,0,0,nan,nan,nan,88,26.299999237060547,0.0,33.0,0,29,-,READY owner=Surnn refs=24,"{""cmd"": ""STOP"", ""status"": ""READY"", ""detector"": ""yolo"", ""state"": ""IDLE"", ""owner"": ""Surnn"", ""score"": null, ""match_max"": 0.5, ""refs"": 24, ""match_mode"": ""none"", ""steer_zones"": 41, ""people"": 0, ""track_id"": null, ""target_ex"": 0.0, ""target_cx_vel_px_s"": 0.0, ""target_age_s"": null, ""lidar_min_m"": 0.68, ""target_lidar_m"": null, ""target_lidar_deg"": null, ""camera_range_m"
2026-07-16T16:41:10.285,1657.285,mission_20260716_161333_manual,MANUAL,,0,13.33028507232666,100.99785614013672,149.19813313538162,4,True,0.6862499713897705,1,0,0,247616,317729,0.0,0.0,0.0,0,0,nan,nan,nan,88,26.299999237060547,0.0,33.0,0,29,-,READY owner=Surnn refs=24,"{""cmd"": ""STOP"", ""status"": ""READY"", ""detector"": ""yolo"", ""state"": ""IDLE"", ""owner"": ""Surnn"", ""score"": null, ""match_max"": 0.5, ""refs"": 24, ""match_mode"": ""none"", ""steer_zones"": 41, ""people"": 0, ""track_id"": null, ""target_ex"": 0.0, ""target_cx_vel_px_s"": 0.0, ""target_age_s"": null, ""lidar_min_m"": 0.68, ""target_lidar_m"": null, ""target_lidar_deg"": null, ""camera_range_m"
2026-07-16T16:41:12.287,1659.287,mission_20260716_161333_manual,MANUAL,,0,13.330286026000977,100.99785614013672,149.200277814781,4,True,0.6869999766349792,1,0,0,247616,317729,0.0,0.0,0.0,0,0,nan,nan,nan,88,26.299999237060547,0.0,33.0,0,29,-,READY owner=Surnn refs=24,"{""cmd"": ""STOP"", ""status"": ""READY"", ""detector"": ""yolo"", ""state"": ""IDLE"", ""owner"": ""Surnn"", ""score"": null, ""match_max"": 0.5, ""refs"": 24, ""match_mode"": ""none"", ""steer_zones"": 41, ""people"": 0, ""track_id"": null, ""target_ex"": 0.0, ""target_cx_vel_px_s"": 0.0, ""target_age_s"": null, ""lidar_min_m"": 0.68, ""target_lidar_m"": null, ""target_lidar_deg"": null, ""camera_range_m"
2026-07-16T16:41:14.410,1661.411,mission_20260716_161333_manual,MANUAL,,0,13.330286979675293,100.99785614013672,149.20372023012268,4,True,0.6865000128746033,1,0,0,247616,317729,0.0,0.0,0.0,0,0,nan,nan,nan,88,26.299999237060547,0.0,33.0,0,29,-,READY owner=Surnn refs=24,"{""cmd"": ""STOP"", ""status"": ""READY"", ""detector"": ""yolo"", ""state"": ""IDLE"", ""owner"": ""Surnn"", ""score"": null, ""match_max"": 0.5, ""refs"": 24, ""match_mode"": ""none"", ""steer_zones"": 41, ""people"": 0, ""track_id"": null, ""target_ex"": 0.0, ""target_cx_vel_px_s"": 0.0, ""target_age_s"": null, ""lidar_min_m"": 0.68, ""target_lidar_m"": null, ""target_lidar_deg"": null, ""camera_range_m"
2026-07-16T16:41:16.535,1663.536,mission_20260716_161333_manual,MANUAL,,0,13.330286979675293,100.99785614013672,149.20727192849108,4,True,0.6869999766349792,1,0,0,247616,317729,0.0,0.0,0.0,0,0,nan,nan,nan,88,26.299999237060547,0.0,33.0,0,30,-,READY owner=Surnn refs=24,"{""cmd"": ""STOP"", ""status"": ""READY"", ""detector"": ""yolo"", ""state"": ""IDLE"", ""owner"": ""Surnn"", ""score"": null, ""match_max"": 0.5, ""refs"": 24, ""match_mode"": ""none"", ""steer_zones"": 41, ""people"": 0, ""track_id"": null, ""target_ex"": 0.0, ""target_cx_vel_px_s"": 0.0, ""target_age_s"": null, ""lidar_min_m"": 0.68, ""target_lidar_m"": null, ""target_lidar_deg"": null, ""camera_range_m"
2026-07-16T16:41:18.538,1665.539,mission_20260716_161333_manual,MANUAL,,0,13.330286979675293,100.99785614013672,149.21016792869918,4,True,0.6859999895095825,1,0,0,247616,317729,0.0,0.0,0.0,0,0,nan,nan,nan,88,26.299999237060547,0.0,33.0,0,30,-,READY owner=Surnn refs=24,"{""cmd"": ""STOP"", ""status"": ""READY"", ""detector"": ""yolo"", ""state"": ""IDLE"", ""owner"": ""Surnn"", ""score"": null, ""match_max"": 0.5, ""refs"": 24, ""match_mode"": ""none"", ""steer_zones"": 41, ""people"": 0, ""track_id"": null, ""target_ex"": 0.0, ""target_cx_vel_px_s"": 0.0, ""target_age_s"": null, ""lidar_min_m"": 0.68, ""target_lidar_m"": null, ""target_lidar_deg"": null, ""camera_range_m"
2026-07-16T16:41:20.541,1667.541,mission_20260716_161333_manual,MANUAL,,0,13.330286979675293,100.99785614013672,149.22142408045136,4,True,0.6855000257492065,1,0,0,247616,317729,0.0,0.0,0.0,0,0,nan,nan,nan,88,26.299999237060547,0.0,33.0,0,30,-,READY owner=Surnn refs=24,"{""cmd"": ""STOP"", ""status"": ""READY"", ""detector"": ""yolo"", ""state"": ""IDLE"", ""owner"": ""Surnn"", ""score"": null, ""match_max"": 0.5, ""refs"": 24, ""match_mode"": ""none"", ""steer_zones"": 41, ""people"": 0, ""track_id"": null, ""target_ex"": 0.0, ""target_cx_vel_px_s"": 0.0, ""target_age_s"": null, ""lidar_min_m"": 0.68, ""target_lidar_m"": null, ""target_lidar_deg"": null, ""camera_range_m"
2026-07-16T16:41:22.664,1669.664,mission_20260716_161333_manual,MANUAL,,0,13.330286979675293,100.99785614013672,149.219361363322,4,True,0.6852499842643738,1,0,0,247616,317729,0.0,0.0,0.0,0,0,nan,nan,nan,88,26.299999237060547,0.0,33.0,0,30,-,READY owner=Surnn refs=24,"{""cmd"": ""STOP"", ""status"": ""READY"", ""detector"": ""yolo"", ""state"": ""IDLE"", ""owner"": ""Surnn"", ""score"": null, ""match_max"": 0.5, ""refs"": 24, ""match_mode"": ""none"", ""steer_zones"": 41, ""people"": 0, ""track_id"": null, ""target_ex"": 0.0, ""target_cx_vel_px_s"": 0.0, ""target_age_s"": null, ""lidar_min_m"": 0.68, ""target_lidar_m"": null, ""target_lidar_deg"": null, ""camera_range_m"
2026-07-16T16:41:24.670,1671.671,mission_20260716_161333_manual,MANUAL,,0,13.33028793334961,100.99785614013672,149.2175855141378,4,True,0.6867499947547913,1,0,0,247616,317729,0.0,0.0,0.0,0,0,nan,nan,nan,88,26.299999237060547,0.0,33.0,0,30,-,READY owner=Surnn refs=24,"{""cmd"": ""STOP"", ""status"": ""READY"", ""detector"": ""yolo"", ""state"": ""IDLE"", ""owner"": ""Surnn"", ""score"": null, ""match_max"": 0.5, ""refs"": 24, ""match_mode"": ""none"", ""steer_zones"": 41, ""people"": 0, ""track_id"": null, ""target_ex"": 0.0, ""target_cx_vel_px_s"": 0.0, ""target_age_s"": null, ""lidar_min_m"": 0.68, ""target_lidar_m"": null, ""target_lidar_deg"": null, ""camera_range_m"
2026-07-16T16:41:26.671,1673.672,mission_20260716_161333_manual,MANUAL,,0,13.33028793334961,100.99785614013672,149.22011268413073,4,True,0.687749981880188,1,0,0,247616,317729,0.0,0.0,0.0,0,0,nan,nan,nan,88,26.299999237060547,0.0,33.0,0,30,-,READY owner=Surnn refs=24,"{""cmd"": ""STOP"", ""status"": ""READY"", ""detector"": ""yolo"", ""state"": ""IDLE"", ""owner"": ""Surnn"", ""score"": null, ""match_max"": 0.5, ""refs"": 24, ""match_mode"": ""none"", ""steer_zones"": 41, ""people"": 0, ""track_id"": null, ""target_ex"": 0.0, ""target_cx_vel_px_s"": 0.0, ""target_age_s"": null, ""lidar_min_m"": 0.68, ""target_lidar_m"": null, ""target_lidar_deg"": null, ""camera_range_m"
2026-07-16T16:41:28.677,1675.677,mission_20260716_161333_manual,MANUAL,,0,13.33028793334961,100.99785614013672,149.21892423121514,4,True,0.6867499947547913,1,0,0,247616,317729,0.0,0.0,0.0,0,0,nan,nan,nan,88,26.299999237060547,0.0,33.0,0,30,-,READY owner=Surnn refs=24,"{""cmd"": ""STOP"", ""status"": ""READY"", ""detector"": ""yolo"", ""state"": ""IDLE"", ""owner"": ""Surnn"", ""score"": null, ""match_max"": 0.5, ""refs"": 24, ""match_mode"": ""none"", ""steer_zones"": 41, ""people"": 0, ""track_id"": null, ""target_ex"": 0.0, ""target_cx_vel_px_s"": 0.0, ""target_age_s"": null, ""lidar_min_m"": 0.68, ""target_lidar_m"": null, ""target_lidar_deg"": null, ""camera_range_m"
2026-07-16T16:41:30.684,1677.685,mission_20260716_161333_manual,MANUAL,,0,13.330286979675293,100.99785614013672,149.21412943841779,4,True,0.6855000257492065,1,0,0,247616,317729,0.0,0.0,0.0,0,0,nan,nan,nan,88,26.299999237060547,0.0,33.0,0,30,-,READY owner=Surnn refs=24,"{""cmd"": ""STOP"", ""status"": ""READY"", ""detector"": ""yolo"", ""state"": ""IDLE"", ""owner"": ""Surnn"", ""score"": null, ""match_max"": 0.5, ""refs"": 24, ""match_mode"": ""none"", ""steer_zones"": 41, ""people"": 0, ""track_id"": null, ""target_ex"": 0.0, ""target_cx_vel_px_s"": 0.0, ""target_age_s"": null, ""lidar_min_m"": 0.68, ""target_lidar_m"": null, ""target_lidar_deg"": null, ""camera_range_m"
                                                                                                                                                                                                                                                                                                                                                                                                                                                                                                                                                                                                                                                                                                                                                                                                                                                                                                                                                                                                                                                                                                                                                                                                                                                                                                                                                                                                                                                                                                                                                                                                                                                                                                                                                                                                                                                                                                                                                                                                                                                                                                                                                                                                                                                                                                                                                                                                                                                                                                                                                                                                                                                                                                                                   