iso_time,elapsed_s,mission_id,run_mode,event,hw_mode,lat,lng,yaw_deg,gps_fix,gps_ready,lidar_min_front_m,lidar_obstacle,pwm_l,pwm_r,enc_l,enc_r,wheel_speed_l_kph,wheel_speed_r_kph,wheel_speed_avg_kph,wp_idx,path_len,target_lat,target_lng,dist_to_target_m,battery_soc_pct,battery_voltage_v,battery_current_a,battery_temp_c,battery_status,num_sats,segment,follow_status,follow_debug
2026-07-10T13:55:52.403,0.404,mission_20260710_135552_auto,AUTO,MISSION_START,1,13.329386711120605,100.99791717529297,-105.06587668134138,4,True,-1.0,1,0,0,1,0,0.0,0.0,0.0,0,6,13.329362869262695,100.99786376953125,6.357597345111301,92,26.200000762939453,-1.5,39.0,0,29,-,FOLLOW IDLE,"{""cmd"": ""STOP"", ""status"": ""READY"", ""detector"": ""yolo"", ""state"": ""IDLE"", ""owner"": ""Surnn"", ""score"": null, ""match_max"": 0.5, ""refs"": 24, ""match_mode"": ""none"", ""steer_zones"": 41, ""people"": 0, ""track_id"": null, ""target_ex"": 0.0, ""target_cx_vel_px_s"": 0.0, ""target_age_s"": null, ""lidar_min_m"": 1.93, ""target_lidar_m"": null, ""target_lidar_deg"": null, ""camera_range_m"
2026-07-10T13:55:53.405,1.406,mission_20260710_135552_auto,AUTO,,1,13.329386711120605,100.99791717529297,-105.13740242232976,4,True,-1.0,1,-58,58,0,14,0.0,0.0,0.0,0,9,13.32939624786377,100.9979019165039,1.9622187564351539,92,26.200000762939453,-1.5,39.0,0,29,-,READY owner=Surnn refs=24,"{""cmd"": ""STOP"", ""status"": ""READY"", ""detector"": ""yolo"", ""state"": ""IDLE"", ""owner"": ""Surnn"", ""score"": null, ""match_max"": 0.5, ""refs"": 24, ""match_mode"": ""none"", ""steer_zones"": 41, ""people"": 0, ""track_id"": null, ""target_ex"": 0.0, ""target_cx_vel_px_s"": 0.0, ""target_age_s"": null, ""lidar_min_m"": 4.49, ""target_lidar_m"": null, ""target_lidar_deg"": null, ""camera_range_m"
2026-07-10T13:55:53.862,,mission_20260710_135552_auto,AUTO,START_REQUEST,,,,,,,,,,,,,,,,,,,,,,,,,,,,READY owner=Surnn refs=24,"{""cmd"": ""STOP"", ""status"": ""READY"", ""detector"": ""yolo"", ""state"": ""IDLE"", ""owner"": ""Surnn"", ""score"": null, ""match_max"": 0.5, ""refs"": 24, ""match_mode"": ""none"", ""steer_zones"": 41, ""people"": 0, ""track_id"": null, ""target_ex"": 0.0, ""target_cx_vel_px_s"": 0.0, ""target_age_s"": null, ""lidar_min_m"": null, ""target_lidar_m"": null, ""target_lidar_deg"": null, ""camera_range_m"
2026-07-10T13:55:53.863,,mission_20260710_135552_auto,AUTO,START_REQUEST,,,,,,,,,,,,,,,,,,,,,,,,,,,,FOLLOW IDLE,"{""cmd"": ""STOP"", ""status"": ""READY"", ""detector"": ""yolo"", ""state"": ""IDLE"", ""owner"": ""Surnn"", ""score"": null, ""match_max"": 0.5, ""refs"": 24, ""match_mode"": ""none"", ""steer_zones"": 41, ""people"": 0, ""track_id"": null, ""target_ex"": 0.0, ""target_cx_vel_px_s"": 0.0, ""target_age_s"": null, ""lidar_min_m"": null, ""target_lidar_m"": null, ""target_lidar_deg"": null, ""camera_range_m"
2026-07-10T13:55:54.038,,mission_20260710_135552_auto,AUTO,START_REQUEST,,,,,,,,,,,,,,,,,,,,,,,,,,,,FOLLOW IDLE,"{""cmd"": ""STOP"", ""status"": ""READY"", ""detector"": ""yolo"", ""state"": ""IDLE"", ""owner"": ""Surnn"", ""score"": null, ""match_max"": 0.5, ""refs"": 24, ""match_mode"": ""none"", ""steer_zones"": 41, ""people"": 0, ""track_id"": null, ""target_ex"": 0.0, ""target_cx_vel_px_s"": 0.0, ""target_age_s"": null, ""lidar_min_m"": null, ""target_lidar_m"": null, ""target_lidar_deg"": null, ""camera_range_m"
2026-07-10T13:55:54.219,,mission_20260710_135552_auto,AUTO,START_REQUEST,,,,,,,,,,,,,,,,,,,,,,,,,,,,FOLLOW IDLE,"{""cmd"": ""STOP"", ""status"": ""READY"", ""detector"": ""yolo"", ""state"": ""IDLE"", ""owner"": ""Surnn"", ""score"": null, ""match_max"": 0.5, ""refs"": 24, ""match_mode"": ""none"", ""steer_zones"": 41, ""people"": 0, ""track_id"": null, ""target_ex"": 0.0, ""target_cx_vel_px_s"": 0.0, ""target_age_s"": null, ""lidar_min_m"": null, ""target_lidar_m"": null, ""target_lidar_deg"": null, ""camera_range_m"
2026-07-10T13:55:54.220,,mission_20260710_135552_auto,AUTO,START_REQUEST,,,,,,,,,,,,,,,,,,,,,,,,,,,,FOLLOW IDLE,"{""cmd"": ""STOP"", ""status"": ""READY"", ""detector"": ""yolo"", ""state"": ""IDLE"", ""owner"": ""Surnn"", ""score"": null, ""match_max"": 0.5, ""refs"": 24, ""match_mode"": ""none"", ""steer_zones"": 41, ""people"": 0, ""track_id"": null, ""target_ex"": 0.0, ""target_cx_vel_px_s"": 0.0, ""target_age_s"": null, ""lidar_min_m"": null, ""target_lidar_m"": null, ""target_lidar_deg"": null, ""camera_range_m"
2026-07-10T13:55:54.387,,mission_20260710_135552_auto,AUTO,START_REQUEST,,,,,,,,,,,,,,,,,,,,,,,,,,,,FOLLOW IDLE,"{""cmd"": ""STOP"", ""status"": ""READY"", ""detector"": ""yolo"", ""state"": ""IDLE"", ""owner"": ""Surnn"", ""score"": null, ""match_max"": 0.5, ""refs"": 24, ""match_mode"": ""none"", ""steer_zones"": 41, ""people"": 0, ""track_id"": null, ""target_ex"": 0.0, ""target_cx_vel_px_s"": 0.0, ""target_age_s"": null, ""lidar_min_m"": null, ""target_lidar_m"": null, ""target_lidar_deg"": null, ""camera_range_m"
2026-07-10T13:55:54.410,2.411,mission_20260710_135552_auto,AUTO,,1,13.329386711120605,100.99791717529297,-105.57421351031958,4,True,-1.0,1,0,0,0,188,0.0,1.18439998626709,0.5940000236034394,0,9,13.32939624786377,100.9979019165039,1.9622187564351539,92,26.100000381469727,-10.699999809265137,39.0,0,29,-,FOLLOW IDLE,"{""cmd"": ""STOP"", ""status"": ""READY"", ""detector"": ""yolo"", ""state"": ""IDLE"", ""owner"": ""Surnn"", ""score"": null, ""match_max"": 0.5, ""refs"": 24, ""match_mode"": ""none"", ""steer_zones"": 41, ""people"": 0, ""track_id"": null, ""target_ex"": 0.0, ""target_cx_vel_px_s"": 0.0, ""target_age_s"": null, ""lidar_min_m"": null, ""target_lidar_m"": null, ""target_lidar_deg"": null, ""camera_range_m"
2026-07-10T13:55:54.567,,mission_20260710_135552_auto,AUTO,START_REQUEST,,,,,,,,,,,,,,,,,,,,,,,,,,,,FOLLOW IDLE,"{""cmd"": ""STOP"", ""status"": ""READY"", ""detector"": ""yolo"", ""state"": ""IDLE"", ""owner"": ""Surnn"", ""score"": null, ""match_max"": 0.5, ""refs"": 24, ""match_mode"": ""none"", ""steer_zones"": 41, ""people"": 0, ""track_id"": null, ""target_ex"": 0.0, ""target_cx_vel_px_s"": 0.0, ""target_age_s"": null, ""lidar_min_m"": null, ""target_lidar_m"": null, ""target_lidar_deg"": null, ""camera_range_m"
2026-07-10T13:55:54.568,,mission_20260710_135552_auto,AUTO,START_REQUEST,,,,,,,,,,,,,,,,,,,,,,,,,,,,FOLLOW IDLE,"{""cmd"": ""STOP"", ""status"": ""READY"", ""detector"": ""yolo"", ""state"": ""IDLE"", ""owner"": ""Surnn"", ""score"": null, ""match_max"": 0.5, ""refs"": 24, ""match_mode"": ""none"", ""steer_zones"": 41, ""people"": 0, ""track_id"": null, ""target_ex"": 0.0, ""target_cx_vel_px_s"": 0.0, ""target_age_s"": null, ""lidar_min_m"": null, ""target_lidar_m"": null, ""target_lidar_deg"": null, ""camera_range_m"
2026-07-10T13:55:54.769,,mission_20260710_135552_auto,AUTO,START_REQUEST,,,,,,,,,,,,,,,,,,,,,,,,,,,,READY owner=Surnn refs=24,"{""cmd"": ""STOP"", ""status"": ""READY"", ""detector"": ""yolo"", ""state"": ""IDLE"", ""owner"": ""Surnn"", ""score"": null, ""match_max"": 0.5, ""refs"": 24, ""match_mode"": ""none"", ""steer_zones"": 41, ""people"": 0, ""track_id"": null, ""target_ex"": 0.0, ""target_cx_vel_px_s"": 0.0, ""target_age_s"": null, ""lidar_min_m"": 0.55, ""target_lidar_m"": null, ""target_lidar_deg"": null, ""camera_range_m"
2026-07-10T13:55:54.957,,mission_20260710_135552_auto,AUTO,START_REQUEST,,,,,,,,,,,,,,,,,,,,,,,,,,,,FOLLOW IDLE,"{""cmd"": ""STOP"", ""status"": ""READY"", ""detector"": ""yolo"", ""state"": ""IDLE"", ""owner"": ""Surnn"", ""score"": null, ""match_max"": 0.5, ""refs"": 24, ""match_mode"": ""none"", ""steer_zones"": 41, ""people"": 0, ""track_id"": null, ""target_ex"": 0.0, ""target_cx_vel_px_s"": 0.0, ""target_age_s"": null, ""lidar_min_m"": 0.55, ""target_lidar_m"": null, ""target_lidar_deg"": null, ""camera_range_m"
2026-07-10T13:55:54.958,,mission_20260710_135552_auto,AUTO,START_REQUEST,,,,,,,,,,,,,,,,,,,,,,,,,,,,FOLLOW IDLE,"{""cmd"": ""STOP"", ""status"": ""READY"", ""detector"": ""yolo"", ""state"": ""IDLE"", ""owner"": ""Surnn"", ""score"": null, ""match_max"": 0.5, ""refs"": 24, ""match_mode"": ""none"", ""steer_zones"": 41, ""people"": 0, ""track_id"": null, ""target_ex"": 0.0, ""target_cx_vel_px_s"": 0.0, ""target_age_s"": null, ""lidar_min_m"": 0.55, ""target_lidar_m"": null, ""target_lidar_deg"": null, ""camera_range_m"
2026-07-10T13:55:55.166,,mission_20260710_135552_auto,AUTO,START_REQUEST,,,,,,,,,,,,,,,,,,,,,,,,,,,,FOLLOW IDLE,"{""cmd"": ""STOP"", ""status"": ""READY"", ""detector"": ""yolo"", ""state"": ""IDLE"", ""owner"": ""Surnn"", ""score"": null, ""match_max"": 0.5, ""refs"": 24, ""match_mode"": ""none"", ""steer_zones"": 41, ""people"": 0, ""track_id"": null, ""target_ex"": 0.0, ""target_cx_vel_px_s"": 0.0, ""target_age_s"": null, ""lidar_min_m"": 0.55, ""target_lidar_m"": null, ""target_lidar_deg"": null, ""camera_range_m"
2026-07-10T13:55:55.414,3.415,mission_20260710_135552_auto,AUTO,,1,13.329385757446289,100.99791717529297,-105.57634452934063,4,True,-1.0,1,0,0,2,197,0.0,0.0,0.0,0,9,13.32939624786377,100.9979019165039,2.021497775091901,92,26.200000762939453,-3.5,39.0,0,29,-,FOLLOW IDLE,"{""cmd"": ""STOP"", ""status"": ""READY"", ""detector"": ""yolo"", ""state"": ""IDLE"", ""owner"": ""Surnn"", ""score"": null, ""match_max"": 0.5, ""refs"": 24, ""match_mode"": ""none"", ""steer_zones"": 41, ""people"": 0, ""track_id"": null, ""target_ex"": 0.0, ""target_cx_vel_px_s"": 0.0, ""target_age_s"": null, ""lidar_min_m"": 0.55, ""target_lidar_m"": null, ""target_lidar_deg"": null, ""camera_range_m"
2026-07-10T13:55:56.429,4.429,mission_20260710_135552_auto,AUTO,,1,13.329385757446289,100.99791717529297,-105.68593491457348,4,True,-1.0,1,-77,77,1,222,0.0,0.0,0.0,0,9,13.32939624786377,100.9979019165039,2.021497775091901,92,26.200000762939453,-1.5,39.0,0,29,-,READY owner=Surnn refs=24,"{""cmd"": ""STOP"", ""status"": ""READY"", ""detector"": ""yolo"", ""state"": ""IDLE"", ""owner"": ""Surnn"", ""score"": null, ""match_max"": 0.5, ""refs"": 24, ""match_mode"": ""none"", ""steer_zones"": 41, ""people"": 0, ""track_id"": null, ""target_ex"": 0.0, ""target_cx_vel_px_s"": 0.0, ""target_age_s"": null, ""lidar_min_m"": null, ""target_lidar_m"": null, ""target_lidar_deg"": null, ""camera_range_m"
2026-07-10T13:55:57.430,5.43,mission_20260710_135552_auto,AUTO,,1,13.329383850097656,100.99790954589844,-106.43323957204292,4,True,-1.0,1,-105,120,0,0,0.0,2.3148000240325928,1.1591999888420106,0,9,13.32939624786377,100.9979019165039,1.6068277328428344,92,39.0,0.0,0.0,0,29,-,READY owner=Surnn refs=24,"{""cmd"": ""STOP"", ""status"": ""READY"", ""detector"": ""yolo"", ""state"": ""IDLE"", ""owner"": ""Surnn"", ""score"": null, ""match_max"": 0.5, ""refs"": 24, ""match_mode"": ""none"", ""steer_zones"": 41, ""people"": 0, ""track_id"": null, ""target_ex"": 0.0, ""target_cx_vel_px_s"": 0.0, ""target_age_s"": null, ""lidar_min_m"": null, ""target_lidar_m"": null, ""target_lidar_deg"": null, ""camera_range_m"
2026-07-10T13:55:58.430,6.431,mission_20260710_135552_auto,AUTO,,1,13.329380989074707,100.9979019165039,-106.48596863243542,4,True,1.909500002861023,1,-105,120,3,1722,0.0,3.5387999296188357,1.7712000489234925,0,9,13.32939624786377,100.9979019165039,1.6966999304894828,92,26.100000381469727,-15.899999618530273,39.0,0,29,-,READY owner=Surnn refs=24,"{""cmd"": ""STOP"", ""status"": ""READY"", ""detector"": ""yolo"", ""state"": ""IDLE"", ""owner"": ""Surnn"", ""score"": null, ""match_max"": 0.5, ""refs"": 24, ""match_mode"": ""none"", ""steer_zones"": 41, ""people"": 0, ""track_id"": null, ""target_ex"": 0.0, ""target_cx_vel_px_s"": 0.0, ""target_age_s"": null, ""lidar_min_m"": null, ""target_lidar_m"": null, ""target_lidar_deg"": null, ""camera_range_m"
2026-07-10T13:55:59.435,7.435,mission_20260710_135552_auto,AUTO,,1,13.329377174377441,100.99789428710938,-105.39970900721492,4,True,-1.0,1,-105,120,3,2743,0.0,3.9708001613616943,1.9871999502182007,0,9,13.32939624786377,100.9979019165039,2.2758633825761323,92,26.100000381469727,-12.899999618530273,39.0,0,29,-,READY owner=Surnn refs=24,"{""cmd"": ""STOP"", ""status"": ""READY"", ""detector"": ""yolo"", ""state"": ""IDLE"", ""owner"": ""Surnn"", ""score"": null, ""match_max"": 0.5, ""refs"": 24, ""match_mode"": ""none"", ""steer_zones"": 41, ""people"": 0, ""track_id"": null, ""target_ex"": 0.0, ""target_cx_vel_px_s"": 0.0, ""target_age_s"": null, ""lidar_min_m"": null, ""target_lidar_m"": null, ""target_lidar_deg"": null, ""camera_range_m"
2026-07-10T13:56:00.439,8.44,mission_20260710_135552_auto,AUTO,,1,13.329373359680176,100.99788665771484,-104.75518503637585,4,True,-1.0,1,-105,120,6,3476,0.0,3.992399883270264,1.9944000720977784,0,9,13.32939624786377,100.9979019165039,3.0336535680775487,92,26.100000381469727,-11.800000190734863,39.0,0,29,-,READY owner=Surnn refs=24,"{""cmd"": ""STOP"", ""status"": ""READY"", ""detector"": ""yolo"", ""state"": ""IDLE"", ""owner"": ""Surnn"", ""score"": null, ""match_max"": 0.5, ""refs"": 24, ""match_mode"": ""none"", ""steer_zones"": 41, ""people"": 0, ""track_id"": null, ""target_ex"": 0.0, ""target_cx_vel_px_s"": 0.0, ""target_age_s"": null, ""lidar_min_m"": 4.52, ""target_lidar_m"": null, ""target_lidar_deg"": null, ""camera_range_m"
2026-07-10T13:56:01.444,9.445,mission_20260710_135552_auto,AUTO,,1,13.329371452331543,100.99788665771484,-105.21413276746568,4,True,-1.0,1,-105,120,7,4529,0.0,3.9168002128601076,1.9584001064300538,0,9,13.32939624786377,100.9979019165039,3.2136554874279137,92,26.100000381469727,-11.5,39.0,0,29,-,READY owner=Surnn refs=24,"{""cmd"": ""STOP"", ""status"": ""READY"", ""detector"": ""yolo"", ""state"": ""IDLE"", ""owner"": ""Surnn"", ""score"": null, ""match_max"": 0.5, ""refs"": 24, ""match_mode"": ""none"", ""steer_zones"": 41, ""people"": 0, ""track_id"": null, ""target_ex"": 0.0, ""target_cx_vel_px_s"": 0.0, ""target_age_s"": null, ""lidar_min_m"": null, ""target_lidar_m"": null, ""target_lidar_deg"": null, ""camera_range_m"
2026-07-10T13:56:02.445,10.445,mission_20260710_135552_auto,AUTO,,1,13.329371452331543,100.99787902832031,-104.96512456089452,4,True,-1.0,1,-105,120,0,0,1.976400089263916,-378.0,432.0,0,9,13.32939624786377,100.9979019165039,3.7060491588638533,92,39.0,0.0,0.0,1,29,-,READY owner=Surnn refs=24,"{""cmd"": ""STOP"", ""status"": ""READY"", ""detector"": ""yolo"", ""state"": ""IDLE"", ""owner"": ""Surnn"", ""score"": null, ""match_max"": 0.5, ""refs"": 24, ""match_mode"": ""none"", ""steer_zones"": 41, ""people"": 0, ""track_id"": null, ""target_ex"": 0.0, ""target_cx_vel_px_s"": 0.0, ""target_age_s"": null, ""lidar_min_m"": 0.5, ""target_lidar_m"": null, ""target_lidar_deg"": null, ""camera_range_m"""
2026-07-10T13:56:03.446,11.446,mission_20260710_135552_auto,AUTO,,1,13.329371452331543,100.99787902832031,-104.50832150920407,4,True,-1.0,1,-105,120,257,6972,1.9187999725341798,-378.0,432.0,0,9,13.32939624786377,100.9979019165039,3.7060491588638533,92,2.0,0.0,0.0,1,29,-,READY owner=Surnn refs=24,"{""cmd"": ""STOP"", ""status"": ""READY"", ""detector"": ""yolo"", ""state"": ""IDLE"", ""owner"": ""Surnn"", ""score"": null, ""match_max"": 0.5, ""refs"": 24, ""match_mode"": ""none"", ""steer_zones"": 41, ""people"": 0, ""track_id"": null, ""target_ex"": 0.0, ""target_cx_vel_px_s"": 0.0, ""target_age_s"": null, ""lidar_min_m"": null, ""target_lidar_m"": null, ""target_lidar_deg"": null, ""camera_range_m"
2026-07-10T13:56:04.450,12.45,mission_20260710_135552_auto,AUTO,,1,13.329371452331543,100.99787902832031,-104.87241157310078,4,True,-1.0,1,-105,120,39,0,0.0,3.9168002128601076,1.9584001064300538,0,9,13.32939624786377,100.9979019165039,3.7060491588638533,92,26.100000381469727,-11.699999809265137,39.0,0,30,-,READY owner=Surnn refs=24,"{""cmd"": ""STOP"", ""status"": ""READY"", ""detector"": ""yolo"", ""state"": ""IDLE"", ""owner"": ""Surnn"", ""score"": null, ""match_max"": 0.5, ""refs"": 24, ""match_mode"": ""none"", ""steer_zones"": 41, ""people"": 0, ""track_id"": null, ""target_ex"": 0.0, ""target_cx_vel_px_s"": 0.0, ""target_age_s"": null, ""lidar_min_m"": 4.49, ""target_lidar_m"": null, ""target_lidar_deg"": null, ""camera_range_m"
2026-07-10T13:56:05.455,13.456,mission_20260710_135552_auto,AUTO,,1,13.329371452331543,100.99787902832031,-104.67654906846148,4,True,-1.0,1,-105,120,256,8892,0.0,4.121999931335449,2.0628000497817993,0,9,13.32939624786377,100.9979019165039,3.7060491588638533,92,26.100000381469727,-11.199999809265137,39.0,0,30,-,READY owner=Surnn refs=24,"{""cmd"": ""STOP"", ""status"": ""READY"", ""detector"": ""yolo"", ""state"": ""IDLE"", ""owner"": ""Surnn"", ""score"": null, ""match_max"": 0.5, ""refs"": 24, ""match_mode"": ""none"", ""steer_zones"": 41, ""people"": 0, ""track_id"": null, ""target_ex"": 0.0, ""target_cx_vel_px_s"": 0.0, ""target_age_s"": null, ""lidar_min_m"": 1.96, ""target_lidar_m"": null, ""target_lidar_deg"": null, ""camera_range_m"
2026-07-10T13:56:06.457,14.458,mission_20260710_135552_auto,AUTO,,1,13.329371452331543,100.99787902832031,-104.30413300396654,4,True,-1.0,1,-105,120,256,8892,0.0,4.121999931335449,2.0628000497817993,0,9,13.32939624786377,100.9979019165039,3.7060491588638533,92,26.100000381469727,-11.199999809265137,39.0,0,30,-,READY owner=Surnn refs=24,"{""cmd"": ""STOP"", ""status"": ""READY"", ""detector"": ""yolo"", ""state"": ""IDLE"", ""owner"": ""Surnn"", ""score"": null, ""match_max"": 0.5, ""refs"": 24, ""match_mode"": ""none"", ""steer_zones"": 41, ""people"": 0, ""track_id"": null, ""target_ex"": 0.0, ""target_cx_vel_px_s"": 0.0, ""target_age_s"": null, ""lidar_min_m"": null, ""target_lidar_m"": null, ""target_lidar_deg"": null, ""camera_range_m"
2026-07-10T13:56:07.459,15.46,mission_20260710_135552_auto,AUTO,,1,13.329371452331543,100.99787902832031,-103.46587071732004,4,True,-1.0,1,-105,120,1,0,0.0,4.121999931335449,2.0628000497817993,0,9,13.32939624786377,100.9979019165039,3.7060491588638533,92,1.055999994277954,0.527999997138977,-105.0,0,30,-,READY owner=Surnn refs=24,"{""cmd"": ""STOP"", ""status"": ""READY"", ""detector"": ""yolo"", ""state"": ""IDLE"", ""owner"": ""Surnn"", ""score"": null, ""match_max"": 0.5, ""refs"": 24, ""match_mode"": ""none"", ""steer_zones"": 41, ""people"": 0, ""track_id"": null, ""target_ex"": 0.0, ""target_cx_vel_px_s"": 0.0, ""target_age_s"": null, ""lidar_min_m"": 4.45, ""target_lidar_m"": null, ""target_lidar_deg"": null, ""camera_range_m"
2026-07-10T13:56:08.460,16.46,mission_20260710_135552_auto,AUTO,,1,13.329371452331543,100.99787902832031,-103.07956204805329,4,True,-1.0,1,-105,120,0,0,0.0,4.121999931335449,2.0628000497817993,0,9,13.32939624786377,100.9979019165039,3.7060491588638533,92,39.0,0.0,0.0,1,30,-,READY owner=Surnn refs=24,"{""cmd"": ""STOP"", ""status"": ""READY"", ""detector"": ""yolo"", ""state"": ""IDLE"", ""owner"": ""Surnn"", ""score"": null, ""match_max"": 0.5, ""refs"": 24, ""match_mode"": ""none"", ""steer_zones"": 41, ""people"": 0, ""track_id"": null, ""target_ex"": 0.0, ""target_cx_vel_px_s"": 0.0, ""target_age_s"": null, ""lidar_min_m"": 4.71, ""target_lidar_m"": null, ""target_lidar_deg"": null, ""camera_range_m"
2026-07-10T13:56:09.465,17.465,mission_20260710_135552_auto,AUTO,,1,13.329371452331543,100.99787902832031,-102.82044516151052,4,True,-1.0,1,-105,120,0,0,0.0,4.121999931335449,2.0628000497817993,0,9,13.32939624786377,100.9979019165039,3.7060491588638533,92,39.0,0.0,0.0,1,30,-,READY owner=Surnn refs=24,"{""cmd"": ""STOP"", ""status"": ""READY"", ""detector"": ""yolo"", ""state"": ""IDLE"", ""owner"": ""Surnn"", ""score"": null, ""match_max"": 0.5, ""refs"": 24, ""match_mode"": ""none"", ""steer_zones"": 41, ""people"": 0, ""track_id"": null, ""target_ex"": 0.0, ""target_cx_vel_px_s"": 0.0, ""target_age_s"": null, ""lidar_min_m"": null, ""target_lidar_m"": null, ""target_lidar_deg"": null, ""camera_range_m"
2026-07-10T13:56:10.469,18.47,mission_20260710_135552_auto,AUTO,,1,13.329371452331543,100.99787902832031,-102.8591245227803,4,True,-1.0,1,-105,120,-105,120,0.0,2.016000008583069,0.7200000107288361,0,9,13.32939624786377,100.9979019165039,3.7060491588638533,92,26.100000381469727,-6.0,39.0,0,30,-,READY owner=Surnn refs=24,"{""cmd"": ""STOP"", ""status"": ""READY"", ""detector"": ""yolo"", ""state"": ""IDLE"", ""owner"": ""Surnn"", ""score"": null, ""match_max"": 0.5, ""refs"": 24, ""match_mode"": ""none"", ""steer_zones"": 41, ""people"": 0, ""track_id"": null, ""target_ex"": 0.0, ""target_cx_vel_px_s"": 0.0, ""target_age_s"": null, ""lidar_min_m"": null, ""target_lidar_m"": null, ""target_lidar_deg"": null, ""camera_range_m"
2026-07-10T13:56:11.472,19.472,mission_20260710_135552_auto,AUTO,,1,13.329371452331543,100.99787902832031,-102.48110087297678,4,True,-1.0,1,-105,120,14229,0,0.0,3.0312000274658204,1.5156000137329102,0,9,13.32939624786377,100.9979019165039,3.7060491588638533,92,-16.5,39.0,0.0,0,30,-,READY owner=Surnn refs=24,"{""cmd"": ""STOP"", ""status"": ""READY"", ""detector"": ""yolo"", ""state"": ""IDLE"", ""owner"": ""Surnn"", ""score"": null, ""match_max"": 0.5, ""refs"": 24, ""match_mode"": ""none"", ""steer_zones"": 41, ""people"": 0, ""track_id"": null, ""target_ex"": 0.0, ""target_cx_vel_px_s"": 0.0, ""target_age_s"": null, ""lidar_min_m"": 5.48, ""target_lidar_m"": null, ""target_lidar_deg"": null, ""camera_range_m"
2026-07-10T13:56:12.476,20.476,mission_20260710_135552_auto,AUTO,,1,13.329371452331543,100.99787902832031,-103.0274477046861,4,True,-1.0,1,-105,120,268,14612,0.0,3.614399814605713,1.8071999073028564,0,9,13.32939624786377,100.9979019165039,3.7060491588638533,92,26.100000381469727,-16.5,39.0,0,30,-,READY owner=Surnn refs=24,"{""cmd"": ""STOP"", ""status"": ""READY"", ""detector"": ""yolo"", ""state"": ""IDLE"", ""owner"": ""Surnn"", ""score"": null, ""match_max"": 0.5, ""refs"": 24, ""match_mode"": ""none"", ""steer_zones"": 41, ""people"": 0, ""track_id"": null, ""target_ex"": 0.0, ""target_cx_vel_px_s"": 0.0, ""target_age_s"": null, ""lidar_min_m"": 5.68, ""target_lidar_m"": null, ""target_lidar_deg"": null, ""camera_range_m"
2026-07-10T13:56:13.479,21.48,mission_20260710_135552_auto,AUTO,,1,13.329371452331543,100.99787902832031,-103.61067755791349,4,True,-1.0,1,-88,122,328,15577,0.0,2.466000008583069,1.2347999811172485,0,9,13.32939624786377,100.9979019165039,3.7060491588638533,92,26.100000381469727,-6.900000095367432,39.0,0,30,-,READY owner=Surnn refs=24,"{""cmd"": ""STOP"", ""status"": ""READY"", ""detector"": ""yolo"", ""state"": ""IDLE"", ""owner"": ""Surnn"", ""score"": null, ""match_max"": 0.5, ""refs"": 24, ""match_mode"": ""none"", ""steer_zones"": 41, ""people"": 0, ""track_id"": null, ""target_ex"": 0.0, ""target_cx_vel_px_s"": 0.0, ""target_age_s"": null, ""lidar_min_m"": 5.68, ""target_lidar_m"": null, ""target_lidar_deg"": null, ""camera_range_m"
2026-07-10T13:56:14.480,22.48,mission_20260710_135552_auto,AUTO,,1,13.329371452331543,100.99787902832031,-103.71369730116479,4,True,-1.0,1,-105,1,330,16419,0.0,3.3875999450683594,1.6955999493598939,0,9,13.32939624786377,100.9979019165039,3.7060491588638533,92,26.100000381469727,-15.0,39.0,0,30,-,READY owner=Surnn refs=24,"{""cmd"": ""STOP"", ""status"": ""READY"", ""detector"": ""yolo"", ""state"": ""IDLE"", ""owner"": ""Surnn"", ""score"": null, ""match_max"": 0.5, ""refs"": 24, ""match_mode"": ""none"", ""steer_zones"": 41, ""people"": 0, ""track_id"": null, ""target_ex"": 0.0, ""target_cx_vel_px_s"": 0.0, ""target_age_s"": null, ""lidar_min_m"": null, ""target_lidar_m"": null, ""target_lidar_deg"": null, ""camera_range_m"
2026-07-10T13:56:15.480,23.48,mission_20260710_135552_auto,AUTO,,1,13.329371452331543,100.99787902832031,-104.21926790352913,4,True,-1.0,1,-18,18,-63,63,0.0,1.6955999493598939,0.8459999978542329,0,9,13.32939624786377,100.9979019165039,3.7060491588638533,92,26.200000762939453,-11.5,39.0,0,30,-,READY owner=Surnn refs=24,"{""cmd"": ""STOP"", ""status"": ""READY"", ""detector"": ""yolo"", ""state"": ""IDLE"", ""owner"": ""Surnn"", ""score"": null, ""match_max"": 0.5, ""refs"": 24, ""match_mode"": ""none"", ""steer_zones"": 41, ""people"": 0, ""track_id"": null, ""target_ex"": 0.0, ""target_cx_vel_px_s"": 0.0, ""target_age_s"": null, ""lidar_min_m"": 5.98, ""target_lidar_m"": null, ""target_lidar_deg"": null, ""camera_range_m"
2026-07-10T13:56:16.481,24.482,mission_20260710_135552_auto,AUTO,,1,13.329371452331543,100.99787902832031,-104.97263093879236,4,True,-1.0,1,-105,120,-105,120,2.55960009098053,2.65319995880127,2.606399917602539,0,9,13.32939624786377,100.9979019165039,3.7060491588638533,92,26.0,-10.399999618530273,39.0,0,30,-,READY owner=Surnn refs=24,"{""cmd"": ""STOP"", ""status"": ""READY"", ""detector"": ""yolo"", ""state"": ""IDLE"", ""owner"": ""Surnn"", ""score"": null, ""match_max"": 0.5, ""refs"": 24, ""match_mode"": ""none"", ""steer_zones"": 41, ""people"": 0, ""track_id"": null, ""target_ex"": 0.0, ""target_cx_vel_px_s"": 0.0, ""target_age_s"": null, ""lidar_min_m"": null, ""target_lidar_m"": null, ""target_lidar_deg"": null, ""camera_range_m"
2026-07-10T13:56:17.485,25.486,mission_20260710_135552_auto,AUTO,,1,13.329371452331543,100.99787902832031,-104.88467859285011,4,True,-1.0,1,-105,120,18466,0,3.3335999965667726,3.29400007724762,3.312000060081482,0,9,13.32939624786377,100.9979019165039,3.7060491588638533,92,-15.899999618530273,39.0,0.0,0,30,-,READY owner=Surnn refs=24,"{""cmd"": ""STOP"", ""status"": ""READY"", ""detector"": ""yolo"", ""state"": ""IDLE"", ""owner"": ""Surnn"", ""score"": null, ""match_max"": 0.5, ""refs"": 24, ""match_mode"": ""none"", ""steer_zones"": 41, ""people"": 0, ""track_id"": null, ""target_ex"": 0.0, ""target_cx_vel_px_s"": 0.0, ""target_age_s"": null, ""lidar_min_m"": null, ""target_lidar_m"": null, ""target_lidar_deg"": null, ""camera_range_m"
2026-07-10T13:56:18.486,26.487,mission_20260710_135552_auto,AUTO,,1,13.329371452331543,100.99787902832031,-103.93453780759882,4,True,-1.0,1,-105,120,2555,19178,3.5207999467849733,3.3875999450683594,3.4559999227523805,0,9,13.32939624786377,100.9979019165039,3.7060491588638533,92,26.100000381469727,-14.600000381469727,39.0,0,30,-,READY owner=Surnn refs=24,"{""cmd"": ""STOP"", ""status"": ""READY"", ""detector"": ""yolo"", ""state"": ""IDLE"", ""owner"": ""Surnn"", ""score"": null, ""match_max"": 0.5, ""refs"": 24, ""match_mode"": ""none"", ""steer_zones"": 41, ""people"": 0, ""track_id"": null, ""target_ex"": 0.0, ""target_cx_vel_px_s"": 0.0, ""target_age_s"": null, ""lidar_min_m"": null, ""target_lidar_m"": null, ""target_lidar_deg"": null, ""camera_range_m"
2026-07-10T13:56:19.490,27.491,mission_20260710_135552_auto,AUTO,,1,13.329371452331543,100.99787902832031,-103.46515354745719,4,True,-1.0,1,-105,120,3302,20266,0.0,3.369599962234497,1.6847999811172485,0,9,13.32939624786377,100.9979019165039,3.7060491588638533,92,26.100000381469727,-13.800000190734863,39.0,0,30,-,READY owner=Surnn refs=24,"{""cmd"": ""STOP"", ""status"": ""READY"", ""detector"": ""yolo"", ""state"": ""IDLE"", ""owner"": ""Surnn"", ""score"": null, ""match_max"": 0.5, ""refs"": 24, ""match_mode"": ""none"", ""steer_zones"": 41, ""people"": 0, ""track_id"": null, ""target_ex"": 0.0, ""target_cx_vel_px_s"": 0.0, ""target_age_s"": null, ""lidar_min_m"": null, ""target_lidar_m"": null, ""target_lidar_deg"": null, ""camera_range_m"
2026-07-10T13:56:19.682,,mission_20260710_135552_auto,AUTO,PAUSE,,,,,,,,,,,,,,,,,,,,,,,,,,,,READY owner=Surnn refs=24,"{""cmd"": ""STOP"", ""status"": ""READY"", ""detector"": ""yolo"", ""state"": ""IDLE"", ""owner"": ""Surnn"", ""score"": null, ""match_max"": 0.5, ""refs"": 24, ""match_mode"": ""none"", ""steer_zones"": 41, ""people"": 0, ""track_id"": null, ""target_ex"": 0.0, ""target_cx_vel_px_s"": 0.0, ""target_age_s"": null, ""lidar_min_m"": null, ""target_lidar_m"": null, ""target_lidar_deg"": null, ""camera_range_m"
2026-07-10T13:56:19.684,,mission_20260710_135552_auto,AUTO,PAUSE,,,,,,,,,,,,,,,,,,,,,,,,,,,,FOLLOW PAUSED,"{""cmd"": ""STOP"", ""status"": ""READY"", ""detector"": ""yolo"", ""state"": ""IDLE"", ""owner"": ""Surnn"", ""score"": null, ""match_max"": 0.5, ""refs"": 24, ""match_mode"": ""none"", ""steer_zones"": 41, ""people"": 0, ""track_id"": null, ""target_ex"": 0.0, ""target_cx_vel_px_s"": 0.0, ""target_age_s"": null, ""lidar_min_m"": null, ""target_lidar_m"": null, ""target_lidar_deg"": null, ""camera_range_m"
2026-07-10T13:56:19.857,,mission_20260710_135552_auto,AUTO,PAUSE,,,,,,,,,,,,,,,,,,,,,,,,,,,,FOLLOW PAUSED,"{""cmd"": ""STOP"", ""status"": ""READY"", ""detector"": ""yolo"", ""state"": ""IDLE"", ""owner"": ""Surnn"", ""score"": null, ""match_max"": 0.5, ""refs"": 24, ""match_mode"": ""none"", ""steer_zones"": 41, ""people"": 0, ""track_id"": null, ""target_ex"": 0.0, ""target_cx_vel_px_s"": 0.0, ""target_age_s"": null, ""lidar_min_m"": 1.95, ""target_lidar_m"": null, ""target_lidar_deg"": null, ""camera_range_m"
2026-07-10T13:56:19.996,,mission_20260710_135552_auto,AUTO,PAUSE,,,,,,,,,,,,,,,,,,,,,,,,,,,,READY owner=Surnn refs=24,"{""cmd"": ""STOP"", ""status"": ""READY"", ""detector"": ""yolo"", ""state"": ""IDLE"", ""owner"": ""Surnn"", ""score"": null, ""match_max"": 0.5, ""refs"": 24, ""match_mode"": ""none"", ""steer_zones"": 41, ""people"": 0, ""track_id"": null, ""target_ex"": 0.0, ""target_cx_vel_px_s"": 0.0, ""target_age_s"": null, ""lidar_min_m"": 1.95, ""target_lidar_m"": null, ""target_lidar_deg"": null, ""camera_range_m"
2026-07-10T13:56:19.999,,mission_20260710_135552_auto,AUTO,PAUSE,,,,,,,,,,,,,,,,,,,,,,,,,,,,FOLLOW PAUSED,"{""cmd"": ""STOP"", ""status"": ""READY"", ""detector"": ""yolo"", ""state"": ""IDLE"", ""owner"": ""Surnn"", ""score"": null, ""match_max"": 0.5, ""refs"": 24, ""match_mode"": ""none"", ""steer_zones"": 41, ""people"": 0, ""track_id"": null, ""target_ex"": 0.0, ""target_cx_vel_px_s"": 0.0, ""target_age_s"": null, ""lidar_min_m"": 1.95, ""target_lidar_m"": null, ""target_lidar_deg"": null, ""camera_range_m"
2026-07-10T13:56:20.138,,mission_20260710_135552_auto,AUTO,PAUSE,,,,,,,,,,,,,,,,,,,,,,,,,,,,FOLLOW PAUSED,"{""cmd"": ""STOP"", ""status"": ""READY"", ""detector"": ""yolo"", ""state"": ""IDLE"", ""owner"": ""Surnn"", ""score"": null, ""match_max"": 0.5, ""refs"": 24, ""match_mode"": ""none"", ""steer_zones"": 41, ""people"": 0, ""track_id"": null, ""target_ex"": 0.0, ""target_cx_vel_px_s"": 0.0, ""target_age_s"": null, ""lidar_min_m"": 1.95, ""target_lidar_m"": null, ""target_lidar_deg"": null, ""camera_range_m"
2026-07-10T13:56:20.322,,mission_20260710_135552_auto,AUTO,PAUSE,,,,,,,,,,,,,,,,,,,,,,,,,,,,FOLLOW PAUSED,"{""cmd"": ""STOP"", ""status"": ""READY"", ""detector"": ""yolo"", ""state"": ""IDLE"", ""owner"": ""Surnn"", ""score"": null, ""match_max"": 0.5, ""refs"": 24, ""match_mode"": ""none"", ""steer_zones"": 41, ""people"": 0, ""track_id"": null, ""target_ex"": 0.0, ""target_cx_vel_px_s"": 0.0, ""target_age_s"": null, ""lidar_min_m"": 1.95, ""target_lidar_m"": null, ""target_lidar_deg"": null, ""camera_range_m"
2026-07-10T13:56:20.323,,mission_20260710_135552_auto,AUTO,PAUSE,,,,,,,,,,,,,,,,,,,,,,,,,,,,FOLLOW PAUSED,"{""cmd"": ""STOP"", ""status"": ""READY"", ""detector"": ""yolo"", ""state"": ""IDLE"", ""owner"": ""Surnn"", ""score"": null, ""match_max"": 0.5, ""refs"": 24, ""match_mode"": ""none"", ""steer_zones"": 41, ""people"": 0, ""track_id"": null, ""target_ex"": 0.0, ""target_cx_vel_px_s"": 0.0, ""target_age_s"": null, ""lidar_min_m"": 1.95, ""target_lidar_m"": null, ""target_lidar_deg"": null, ""camera_range_m"
2026-07-10T13:56:20.438,,mission_20260710_135552_auto,AUTO,PAUSE,,,,,,,,,,,,,,,,,,,,,,,,,,,,FOLLOW PAUSED,"{""cmd"": ""STOP"", ""status"": ""READY"", ""detector"": ""yolo"", ""state"": ""IDLE"", ""owner"": ""Surnn"", ""score"": null, ""match_max"": 0.5, ""refs"": 24, ""match_mode"": ""none"", ""steer_zones"": 41, ""people"": 0, ""track_id"": null, ""target_ex"": 0.0, ""target_cx_vel_px_s"": 0.0, ""target_age_s"": null, ""lidar_min_m"": 1.95, ""target_lidar_m"": null, ""target_lidar_deg"": null, ""camera_range_m"
2026-07-10T13:56:20.498,28.498,mission_20260710_135552_auto,AUTO,,1,13.329313278198242,100.99774169921875,-103.19157032025234,4,True,-1.0,1,0,0,3422,20685,0.0,0.0,0.0,0,9,13.32939624786377,100.9979019165039,19.637521797021932,92,26.200000762939453,-10.699999809265137,39.0,0,30,-,FOLLOW PAUSED,"{""cmd"": ""STOP"", ""status"": ""READY"", ""detector"": ""yolo"", ""state"": ""IDLE"", ""owner"": ""Surnn"", ""score"": null, ""match_max"": 0.5, ""refs"": 24, ""match_mode"": ""none"", ""steer_zones"": 41, ""people"": 0, ""track_id"": null, ""target_ex"": 0.0, ""target_cx_vel_px_s"": 0.0, ""target_age_s"": null, ""lidar_min_m"": 1.95, ""target_lidar_m"": null, ""target_lidar_deg"": null, ""camera_range_m"
2026-07-10T13:56:20.607,,mission_20260710_135552_auto,AUTO,PAUSE,,,,,,,,,,,,,,,,,,,,,,,,,,,,FOLLOW PAUSED,"{""cmd"": ""STOP"", ""status"": ""READY"", ""detector"": ""yolo"", ""state"": ""IDLE"", ""owner"": ""Surnn"", ""score"": null, ""match_max"": 0.5, ""refs"": 24, ""match_mode"": ""none"", ""steer_zones"": 41, ""people"": 0, ""track_id"": null, ""target_ex"": 0.0, ""target_cx_vel_px_s"": 0.0, ""target_age_s"": null, ""lidar_min_m"": 1.95, ""target_lidar_m"": null, ""target_lidar_deg"": null, ""camera_range_m"
2026-07-10T13:56:20.608,,mission_20260710_135552_auto,AUTO,PAUSE,,,,,,,,,,,,,,,,,,,,,,,,,,,,FOLLOW PAUSED,"{""cmd"": ""STOP"", ""status"": ""READY"", ""detector"": ""yolo"", ""state"": ""IDLE"", ""owner"": ""Surnn"", ""score"": null, ""match_max"": 0.5, ""refs"": 24, ""match_mode"": ""none"", ""steer_zones"": 41, ""people"": 0, ""track_id"": null, ""target_ex"": 0.0, ""target_cx_vel_px_s"": 0.0, ""target_age_s"": null, ""lidar_min_m"": 1.95, ""target_lidar_m"": null, ""target_lidar_deg"": null, ""camera_range_m"
2026-07-10T13:56:20.737,,mission_20260710_135552_auto,AUTO,PAUSE,,,,,,,,,,,,,,,,,,,,,,,,,,,,FOLLOW PAUSED,"{""cmd"": ""STOP"", ""status"": ""READY"", ""detector"": ""yolo"", ""state"": ""IDLE"", ""owner"": ""Surnn"", ""score"": null, ""match_max"": 0.5, ""refs"": 24, ""match_mode"": ""none"", ""steer_zones"": 41, ""people"": 0, ""track_id"": null, ""target_ex"": 0.0, ""target_cx_vel_px_s"": 0.0, ""target_age_s"": null, ""lidar_min_m"": 1.95, ""target_lidar_m"": null, ""target_lidar_deg"": null, ""camera_range_m"
2026-07-10T13:56:21.498,29.498,mission_20260710_135552_auto,AUTO,,1,13.32930850982666,100.99773406982422,-103.13011227810055,4,True,-1.0,1,0,0,0,0,0.0,0.0,0.0,0,9,13.32939624786377,100.9979019165039,20.615500948760715,92,26.200000762939453,-1.2999999523162842,39.0,0,30,-,READY owner=Surnn refs=24,"{""cmd"": ""STOP"", ""status"": ""READY"", ""detector"": ""yolo"", ""state"": ""IDLE"", ""owner"": ""Surnn"", ""score"": null, ""match_max"": 0.5, ""refs"": 24, ""match_mode"": ""none"", ""steer_zones"": 41, ""people"": 0, ""track_id"": null, ""target_ex"": 0.0, ""target_cx_vel_px_s"": 0.0, ""target_age_s"": null, ""lidar_min_m"": null, ""target_lidar_m"": null, ""target_lidar_deg"": null, ""camera_range_m"
2026-07-10T13:56:22.501,30.502,mission_20260710_135552_auto,AUTO,,1,13.32930850982666,100.99772644042969,-102.9588862657975,4,True,-1.0,1,0,0,0,0,0.0,0.0,0.0,0,9,13.32939624786377,100.9979019165039,21.34628436834472,92,26.200000762939453,-1.2000000476837158,39.0,0,30,-,READY owner=Surnn refs=24,"{""cmd"": ""STOP"", ""status"": ""READY"", ""detector"": ""yolo"", ""state"": ""IDLE"", ""owner"": ""Surnn"", ""score"": null, ""match_max"": 0.5, ""refs"": 24, ""match_mode"": ""none"", ""steer_zones"": 41, ""people"": 0, ""track_id"": null, ""target_ex"": 0.0, ""target_cx_vel_px_s"": 0.0, ""target_age_s"": null, ""lidar_min_m"": 4.56, ""target_lidar_m"": null, ""target_lidar_deg"": null, ""camera_range_m"
2026-07-10T13:56:23.505,31.505,mission_20260710_135552_auto,AUTO,,1,13.32930850982666,100.99772644042969,-102.79059723483756,4,True,-1.0,1,0,0,0,1,0.0,0.0,0.0,0,9,13.32939624786377,100.9979019165039,21.34628436834472,92,0.0,0.0,0.0,0,30,-,READY owner=Surnn refs=24,"{""cmd"": ""STOP"", ""status"": ""READY"", ""detector"": ""yolo"", ""state"": ""IDLE"", ""owner"": ""Surnn"", ""score"": null, ""match_max"": 0.5, ""refs"": 24, ""match_mode"": ""none"", ""steer_zones"": 41, ""people"": 0, ""track_id"": null, ""target_ex"": 0.0, ""target_cx_vel_px_s"": 0.0, ""target_age_s"": null, ""lidar_min_m"": null, ""target_lidar_m"": null, ""target_lidar_deg"": null, ""camera_range_m"
2026-07-10T13:56:24.554,32.554,mission_20260710_135552_auto,AUTO,,1,13.32930850982666,100.99772644042969,-102.56389642609567,4,True,1.934000015258789,1,0,0,1,0,0.0,0.0,0.0,0,9,13.32939624786377,100.9979019165039,21.34628436834472,92,26.200000762939453,-1.399999976158142,39.0,0,30,-,READY owner=Surnn refs=24,"{""cmd"": ""STOP"", ""status"": ""READY"", ""detector"": ""yolo"", ""state"": ""IDLE"", ""owner"": ""Surnn"", ""score"": null, ""match_max"": 0.5, ""refs"": 24, ""match_mode"": ""none"", ""steer_zones"": 41, ""people"": 0, ""track_id"": null, ""target_ex"": 0.0, ""target_cx_vel_px_s"": 0.0, ""target_age_s"": null, ""lidar_min_m"": 2.61, ""target_lidar_m"": null, ""target_lidar_deg"": null, ""camera_range_m"
2026-07-10T13:56:25.554,33.555,mission_20260710_135552_auto,AUTO,,1,13.32930850982666,100.99772644042969,-102.39505414981295,4,True,-1.0,1,0,0,3422,20683,0.0,0.0,0.0,0,9,13.32939624786377,100.9979019165039,21.34628436834472,92,26.200000762939453,-1.2000000476837158,39.0,0,30,-,READY owner=Surnn refs=24,"{""cmd"": ""STOP"", ""status"": ""READY"", ""detector"": ""yolo"", ""state"": ""IDLE"", ""owner"": ""Surnn"", ""score"": null, ""match_max"": 0.5, ""refs"": 24, ""match_mode"": ""none"", ""steer_zones"": 41, ""people"": 0, ""track_id"": null, ""target_ex"": 0.0, ""target_cx_vel_px_s"": 0.0, ""target_age_s"": null, ""lidar_min_m"": null, ""target_lidar_m"": null, ""target_lidar_deg"": null, ""camera_range_m"
2026-07-10T13:56:26.559,34.56,mission_20260710_135552_auto,AUTO,,1,13.32930850982666,100.99772644042969,-102.26391451774872,4,True,-1.0,1,0,0,0,0,0.0,0.0,0.0,0,9,13.32939624786377,100.9979019165039,21.34628436834472,92,39.0,0.0,0.0,0,30,-,READY owner=Surnn refs=24,"{""cmd"": ""STOP"", ""status"": ""READY"", ""detector"": ""yolo"", ""state"": ""IDLE"", ""owner"": ""Surnn"", ""score"": null, ""match_max"": 0.5, ""refs"": 24, ""match_mode"": ""none"", ""steer_zones"": 41, ""people"": 0, ""track_id"": null, ""target_ex"": 0.0, ""target_cx_vel_px_s"": 0.0, ""target_age_s"": null, ""lidar_min_m"": null, ""target_lidar_m"": null, ""target_lidar_deg"": null, ""camera_range_m"
2026-07-10T13:56:27.564,35.565,mission_20260710_135552_auto,AUTO,,1,13.329309463500977,100.99772644042969,-102.14627133948441,4,True,-1.0,1,0,0,39,0,0.0,0.0,0.0,0,9,13.32939624786377,100.9979019165039,21.298027359498732,92,26.200000762939453,-1.399999976158142,39.0,0,30,-,READY owner=Surnn refs=24,"{""cmd"": ""STOP"", ""status"": ""READY"", ""detector"": ""yolo"", ""state"": ""IDLE"", ""owner"": ""Surnn"", ""score"": null, ""match_max"": 0.5, ""refs"": 24, ""match_mode"": ""none"", ""steer_zones"": 41, ""people"": 0, ""track_id"": null, ""target_ex"": 0.0, ""target_cx_vel_px_s"": 0.0, ""target_age_s"": null, ""lidar_min_m"": 1.89, ""target_lidar_m"": null, ""target_lidar_deg"": null, ""camera_range_m"
2026-07-10T13:56:28.565,36.565,mission_20260710_135552_auto,AUTO,,1,13.329309463500977,100.99772644042969,-102.02088272670132,4,True,-1.0,1,0,0,3422,20683,0.0,0.0,0.0,0,9,13.32939624786377,100.9979019165039,21.298027359498732,92,26.200000762939453,-1.2000000476837158,39.0,0,30,-,READY owner=Surnn refs=24,"{""cmd"": ""STOP"", ""status"": ""READY"", ""detector"": ""yolo"", ""state"": ""IDLE"", ""owner"": ""Surnn"", ""score"": null, ""match_max"": 0.5, ""refs"": 24, ""match_mode"": ""none"", ""steer_zones"": 41, ""people"": 0, ""track_id"": null, ""target_ex"": 0.0, ""target_cx_vel_px_s"": 0.0, ""target_age_s"": null, ""lidar_min_m"": 5.1, ""target_lidar_m"": null, ""target_lidar_deg"": null, ""camera_range_m"""
2026-07-10T13:56:29.569,37.57,mission_20260710_135552_auto,AUTO,,1,13.329310417175293,100.99772644042969,-101.90261800122255,4,True,-1.0,1,0,0,3422,20683,0.0,0.0,0.0,0,9,13.32939624786377,100.9979019165039,21.250189952790073,92,26.200000762939453,-1.100000023841858,39.0,0,30,-,READY owner=Surnn refs=24,"{""cmd"": ""STOP"", ""status"": ""READY"", ""detector"": ""yolo"", ""state"": ""IDLE"", ""owner"": ""Surnn"", ""score"": null, ""match_max"": 0.5, ""refs"": 24, ""match_mode"": ""none"", ""steer_zones"": 41, ""people"": 0, ""track_id"": null, ""target_ex"": 0.0, ""target_cx_vel_px_s"": 0.0, ""target_age_s"": null, ""lidar_min_m"": 3.69, ""target_lidar_m"": null, ""target_lidar_deg"": null, ""camera_range_m"
2026-07-10T13:56:30.569,38.57,mission_20260710_135552_auto,AUTO,,1,13.329310417175293,100.99772644042969,-101.78350633228669,4,True,-1.0,1,0,0,3422,20683,0.0,0.0,0.0,0,9,13.32939624786377,100.9979019165039,21.250189952790073,92,26.200000762939453,-1.399999976158142,39.0,0,30,-,READY owner=Surnn refs=24,"{""cmd"": ""STOP"", ""status"": ""READY"", ""detector"": ""yolo"", ""state"": ""IDLE"", ""owner"": ""Surnn"", ""score"": null, ""match_max"": 0.5, ""refs"": 24, ""match_mode"": ""none"", ""steer_zones"": 41, ""people"": 0, ""track_id"": null, ""target_ex"": 0.0, ""target_cx_vel_px_s"": 0.0, ""target_age_s"": null, ""lidar_min_m"": null, ""target_lidar_m"": null, ""target_lidar_deg"": null, ""camera_range_m"
2026-07-10T13:56:31.570,39.57,mission_20260710_135552_auto,AUTO,,1,13.32931137084961,100.99772644042969,-101.68870330660693,4,True,-1.0,1,0,0,3422,20683,0.0,0.0,0.0,0,9,13.32939624786377,100.9979019165039,21.202774988320492,92,2.0,-1.2999999523162842,39.0,0,30,-,READY owner=Surnn refs=24,"{""cmd"": ""STOP"", ""status"": ""READY"", ""detector"": ""yolo"", ""state"": ""IDLE"", ""owner"": ""Surnn"", ""score"": null, ""match_max"": 0.5, ""refs"": 24, ""match_mode"": ""none"", ""steer_zones"": 41, ""people"": 0, ""track_id"": null, ""target_ex"": 0.0, ""target_cx_vel_px_s"": 0.0, ""target_age_s"": null, ""lidar_min_m"": null, ""target_lidar_m"": null, ""target_lidar_deg"": null, ""camera_range_m"
2026-07-10T13:56:32.574,40.575,mission_20260710_135552_auto,AUTO,,1,13.32931137084961,100.99772644042969,-101.58726133705389,4,True,-1.0,1,0,0,0,0,0.0,0.0,0.0,0,9,13.32939624786377,100.9979019165039,21.202774988320492,92,26.200000762939453,-1.2000000476837158,39.0,0,30,-,READY owner=Surnn refs=24,"{""cmd"": ""STOP"", ""status"": ""READY"", ""detector"": ""yolo"", ""state"": ""IDLE"", ""owner"": ""Surnn"", ""score"": null, ""match_max"": 0.5, ""refs"": 24, ""match_mode"": ""none"", ""steer_zones"": 41, ""people"": 0, ""track_id"": null, ""target_ex"": 0.0, ""target_cx_vel_px_s"": 0.0, ""target_age_s"": null, ""lidar_min_m"": 4.44, ""target_lidar_m"": null, ""target_lidar_deg"": null, ""camera_range_m"
2026-07-10T13:56:33.575,41.575,mission_20260710_135552_auto,AUTO,,1,13.329312324523926,100.99772644042969,-101.49352382088463,4,True,-1.0,1,0,0,3422,20683,0.0,0.0,0.0,0,9,13.32939624786377,100.9979019165039,21.15578530645987,92,26.200000762939453,-1.2000000476837158,39.0,0,30,-,READY owner=Surnn refs=24,"{""cmd"": ""STOP"", ""status"": ""READY"", ""detector"": ""yolo"", ""state"": ""IDLE"", ""owner"": ""Surnn"", ""score"": null, ""match_max"": 0.5, ""refs"": 24, ""match_mode"": ""none"", ""steer_zones"": 41, ""people"": 0, ""track_id"": null, ""target_ex"": 0.0, ""target_cx_vel_px_s"": 0.0, ""target_age_s"": null, ""lidar_min_m"": null, ""target_lidar_m"": null, ""target_lidar_deg"": null, ""camera_range_m"
2026-07-10T13:56:34.580,42.58,mission_20260710_135552_auto,AUTO,,1,13.329312324523926,100.99772644042969,-101.39077728520013,4,True,-1.0,1,0,0,3422,20683,0.0,0.0,0.0,0,9,13.32939624786377,100.9979019165039,21.15578530645987,92,26.200000762939453,-1.2999999523162842,39.0,0,30,-,READY owner=Surnn refs=24,"{""cmd"": ""STOP"", ""status"": ""READY"", ""detector"": ""yolo"", ""state"": ""IDLE"", ""owner"": ""Surnn"", ""score"": null, ""match_max"": 0.5, ""refs"": 24, ""match_mode"": ""none"", ""steer_zones"": 41, ""people"": 0, ""track_id"": null, ""target_ex"": 0.0, ""target_cx_vel_px_s"": 0.0, ""target_age_s"": null, ""lidar_min_m"": null, ""target_lidar_m"": null, ""target_lidar_deg"": null, ""camera_range_m"
2026-07-10T13:56:35.580,43.58,mission_20260710_135552_auto,AUTO,,1,13.329312324523926,100.99772644042969,-101.28223191891028,4,True,-1.0,1,0,0,3422,20683,0.0,0.0,0.0,0,9,13.32939624786377,100.9979019165039,21.15578530645987,92,26.200000762939453,-1.2999999523162842,39.0,0,30,-,READY owner=Surnn refs=24,"{""cmd"": ""STOP"", ""status"": ""READY"", ""detector"": ""yolo"", ""state"": ""IDLE"", ""owner"": ""Surnn"", ""score"": null, ""match_max"": 0.5, ""refs"": 24, ""match_mode"": ""none"", ""steer_zones"": 41, ""people"": 0, ""track_id"": null, ""target_ex"": 0.0, ""target_cx_vel_px_s"": 0.0, ""target_age_s"": null, ""lidar_min_m"": 7.09, ""target_lidar_m"": null, ""target_lidar_deg"": null, ""camera_range_m"
2026-07-10T13:56:36.598,44.598,mission_20260710_135552_auto,AUTO,,1,13.329312324523926,100.99772644042969,-101.14028692757908,4,True,-1.0,1,0,0,3422,20683,0.0,0.0,0.0,0,9,13.32939624786377,100.9979019165039,21.15578530645987,92,2.0,-1.100000023841858,39.0,0,30,-,READY owner=Surnn refs=24,"{""cmd"": ""STOP"", ""status"": ""READY"", ""detector"": ""yolo"", ""state"": ""IDLE"", ""owner"": ""Surnn"", ""score"": null, ""match_max"": 0.5, ""refs"": 24, ""match_mode"": ""none"", ""steer_zones"": 41, ""people"": 0, ""track_id"": null, ""target_ex"": 0.0, ""target_cx_vel_px_s"": 0.0, ""target_age_s"": null, ""lidar_min_m"": null, ""target_lidar_m"": null, ""target_lidar_deg"": null, ""camera_range_m"
2026-07-10T13:56:37.600,45.601,mission_20260710_135552_auto,AUTO,,1,13.329312324523926,100.99772644042969,-101.0051243140937,4,True,-1.0,1,0,0,3422,20683,0.0,0.0,0.0,0,9,13.32939624786377,100.9979019165039,21.15578530645987,92,26.200000762939453,-1.2000000476837158,39.0,0,30,-,READY owner=Surnn refs=24,"{""cmd"": ""STOP"", ""status"": ""READY"", ""detector"": ""yolo"", ""state"": ""IDLE"", ""owner"": ""Surnn"", ""score"": null, ""match_max"": 0.5, ""refs"": 24, ""match_mode"": ""none"", ""steer_zones"": 41, ""people"": 0, ""track_id"": null, ""target_ex"": 0.0, ""target_cx_vel_px_s"": 0.0, ""target_age_s"": null, ""lidar_min_m"": null, ""target_lidar_m"": null, ""target_lidar_deg"": null, ""camera_range_m"
2026-07-10T13:56:38.605,46.605,mission_20260710_135552_auto,AUTO,,1,13.329312324523926,100.99772644042969,-100.88077389006445,4,True,-1.0,1,0,0,3422,20683,0.0,0.0,0.0,0,9,13.32939624786377,100.9979019165039,21.15578530645987,92,26.200000762939453,-1.2000000476837158,39.0,0,30,-,READY owner=Surnn refs=24,"{""cmd"": ""STOP"", ""status"": ""READY"", ""detector"": ""yolo"", ""state"": ""IDLE"", ""owner"": ""Surnn"", ""score"": null, ""match_max"": 0.5, ""refs"": 24, ""match_mode"": ""none"", ""steer_zones"": 41, ""people"": 0, ""track_id"": null, ""target_ex"": 0.0, ""target_cx_vel_px_s"": 0.0, ""target_age_s"": null, ""lidar_min_m"": 4.45, ""target_lidar_m"": null, ""target_lidar_deg"": null, ""camera_range_m"
2026-07-10T13:56:39.610,47.61,mission_20260710_135552_auto,AUTO,,1,13.329313278198242,100.99772644042969,-100.76770010835489,4,True,-1.0,1,0,0,3422,20683,0.0,0.0,0.0,0,9,13.32939624786377,100.9979019165039,21.109223747278886,92,26.200000762939453,-1.2999999523162842,39.0,0,30,-,READY owner=Surnn refs=24,"{""cmd"": ""STOP"", ""status"": ""READY"", ""detector"": ""yolo"", ""state"": ""IDLE"", ""owner"": ""Surnn"", ""score"": null, ""match_max"": 0.5, ""refs"": 24, ""match_mode"": ""none"", ""steer_zones"": 41, ""people"": 0, ""track_id"": null, ""target_ex"": 0.0, ""target_cx_vel_px_s"": 0.0, ""target_age_s"": null, ""lidar_min_m"": null, ""target_lidar_m"": null, ""target_lidar_deg"": null, ""camera_range_m"
2026-07-10T13:56:40.611,48.612,mission_20260710_135552_auto,AUTO,,1,13.329313278198242,100.99772644042969,-100.65906594960583,4,True,-1.0,1,0,0,3422,20683,0.0,0.0,0.0,0,9,13.32939624786377,100.9979019165039,21.109223747278886,92,26.200000762939453,-1.2000000476837158,39.0,0,30,-,READY owner=Surnn refs=24,"{""cmd"": ""STOP"", ""status"": ""READY"", ""detector"": ""yolo"", ""state"": ""IDLE"", ""owner"": ""Surnn"", ""score"": null, ""match_max"": 0.5, ""refs"": 24, ""match_mode"": ""none"", ""steer_zones"": 41, ""people"": 0, ""track_id"": null, ""target_ex"": 0.0, ""target_cx_vel_px_s"": 0.0, ""target_age_s"": null, ""lidar_min_m"": null, ""target_lidar_m"": null, ""target_lidar_deg"": null, ""camera_range_m"
2026-07-10T13:56:41.615,49.615,mission_20260710_135552_auto,AUTO,,1,13.329313278198242,100.99772644042969,-100.54187356382675,4,True,-1.0,1,0,0,3422,20683,0.0,0.0,0.0,0,9,13.32939624786377,100.9979019165039,21.109223747278886,92,26.200000762939453,-1.2999999523162842,39.0,0,30,-,READY owner=Surnn refs=24,"{""cmd"": ""STOP"", ""status"": ""READY"", ""detector"": ""yolo"", ""state"": ""IDLE"", ""owner"": ""Surnn"", ""score"": null, ""match_max"": 0.5, ""refs"": 24, ""match_mode"": ""none"", ""steer_zones"": 41, ""people"": 0, ""track_id"": null, ""target_ex"": 0.0, ""target_cx_vel_px_s"": 0.0, ""target_age_s"": null, ""lidar_min_m"": 4.41, ""target_lidar_m"": null, ""target_lidar_deg"": null, ""camera_range_m"
2026-07-10T13:56:42.615,50.615,mission_20260710_135552_auto,AUTO,,1,13.329313278198242,100.99772644042969,-100.42642287628603,4,True,-1.0,1,0,0,3422,20683,0.0,0.0,0.0,0,9,13.32939624786377,100.9979019165039,21.109223747278886,92,26.200000762939453,-1.2999999523162842,39.0,0,30,-,READY owner=Surnn refs=24,"{""cmd"": ""STOP"", ""status"": ""READY"", ""detector"": ""yolo"", ""state"": ""IDLE"", ""owner"": ""Surnn"", ""score"": null, ""match_max"": 0.5, ""refs"": 24, ""match_mode"": ""none"", ""steer_zones"": 41, ""people"": 0, ""track_id"": null, ""target_ex"": 0.0, ""target_cx_vel_px_s"": 0.0, ""target_age_s"": null, ""lidar_min_m"": null, ""target_lidar_m"": null, ""target_lidar_deg"": null, ""camera_range_m"
2026-07-10T13:56:43.620,51.62,mission_20260710_135552_auto,AUTO,,1,13.329313278198242,100.99772644042969,-100.31363596252162,4,True,-1.0,1,0,0,3422,20683,0.0,0.0,0.0,0,9,13.32939624786377,100.9979019165039,21.109223747278886,92,26.200000762939453,-1.399999976158142,39.0,0,30,-,READY owner=Surnn refs=24,"{""cmd"": ""STOP"", ""status"": ""READY"", ""detector"": ""yolo"", ""state"": ""IDLE"", ""owner"": ""Surnn"", ""score"": null, ""match_max"": 0.5, ""refs"": 24, ""match_mode"": ""none"", ""steer_zones"": 41, ""people"": 0, ""track_id"": null, ""target_ex"": 0.0, ""target_cx_vel_px_s"": 0.0, ""target_age_s"": null, ""lidar_min_m"": 7.12, ""target_lidar_m"": null, ""target_lidar_deg"": null, ""camera_range_m"
2026-07-10T13:56:44.620,52.62,mission_20260710_135552_auto,AUTO,,1,13.329313278198242,100.99772644042969,-100.20472859620575,4,True,-1.0,1,0,0,3422,20683,0.0,0.0,0.0,0,9,13.32939624786377,100.9979019165039,21.109223747278886,92,26.200000762939453,-1.2000000476837158,39.0,0,30,-,READY owner=Surnn refs=24,"{""cmd"": ""STOP"", ""status"": ""READY"", ""detector"": ""yolo"", ""state"": ""IDLE"", ""owner"": ""Surnn"", ""score"": null, ""match_max"": 0.5, ""refs"": 24, ""match_mode"": ""none"", ""steer_zones"": 41, ""people"": 0, ""track_id"": null, ""target_ex"": 0.0, ""target_cx_vel_px_s"": 0.0, ""target_age_s"": null, ""lidar_min_m"": null, ""target_lidar_m"": null, ""target_lidar_deg"": null, ""camera_range_m"
2026-07-10T13:56:45.625,53.625,mission_20260710_135552_auto,AUTO,,1,13.329313278198242,100.99772644042969,-100.10678368350777,4,True,-1.0,1,0,0,3422,20683,0.0,0.0,0.0,0,9,13.32939624786377,100.9979019165039,21.109223747278886,92,26.200000762939453,-1.2000000476837158,39.0,0,30,-,READY owner=Surnn refs=24,"{""cmd"": ""STOP"", ""status"": ""READY"", ""detector"": ""yolo"", ""state"": ""IDLE"", ""owner"": ""Surnn"", ""score"": null, ""match_max"": 0.5, ""refs"": 24, ""match_mode"": ""none"", ""steer_zones"": 41, ""people"": 0, ""track_id"": null, ""target_ex"": 0.0, ""target_cx_vel_px_s"": 0.0, ""target_age_s"": null, ""lidar_min_m"": null, ""target_lidar_m"": null, ""target_lidar_deg"": null, ""camera_range_m"
2026-07-10T13:56:46.630,54.63,mission_20260710_135552_auto,AUTO,,1,13.329313278198242,100.99772644042969,-100.01654322419357,4,True,-1.0,1,0,0,3422,20683,0.0,0.0,0.0,0,9,13.32939624786377,100.9979019165039,21.109223747278886,92,26.200000762939453,-1.2000000476837158,39.0,0,30,-,READY owner=Surnn refs=24,"{""cmd"": ""STOP"", ""status"": ""READY"", ""detector"": ""yolo"", ""state"": ""IDLE"", ""owner"": ""Surnn"", ""score"": null, ""match_max"": 0.5, ""refs"": 24, ""match_mode"": ""none"", ""steer_zones"": 41, ""people"": 0, ""track_id"": null, ""target_ex"": 0.0, ""target_cx_vel_px_s"": 0.0, ""target_age_s"": null, ""lidar_min_m"": null, ""target_lidar_m"": null, ""target_lidar_deg"": null, ""camera_range_m"
2026-07-10T13:56:47.634,55.635,mission_20260710_135552_auto,AUTO,,1,13.329313278198242,100.99772644042969,-99.9268833309588,4,True,-1.0,1,0,0,3422,20683,0.0,0.0,0.0,0,9,13.32939624786377,100.9979019165039,21.109223747278886,92,26.200000762939453,-1.2999999523162842,39.0,0,30,-,READY owner=Surnn refs=24,"{""cmd"": ""STOP"", ""status"": ""READY"", ""detector"": ""yolo"", ""state"": ""IDLE"", ""owner"": ""Surnn"", ""score"": null, ""match_max"": 0.5, ""refs"": 24, ""match_mode"": ""none"", ""steer_zones"": 41, ""people"": 0, ""track_id"": null, ""target_ex"": 0.0, ""target_cx_vel_px_s"": 0.0, ""target_age_s"": null, ""lidar_min_m"": null, ""target_lidar_m"": null, ""target_lidar_deg"": null, ""camera_range_m"
2026-07-10T13:56:48.634,56.635,mission_20260710_135552_auto,AUTO,,1,13.329313278198242,100.99772644042969,-99.84733894788484,4,True,-1.0,1,0,0,3422,20683,0.0,0.0,0.0,0,9,13.32939624786377,100.9979019165039,21.109223747278886,92,2.0,-1.2999999523162842,39.0,0,30,-,READY owner=Surnn refs=24,"{""cmd"": ""STOP"", ""status"": ""READY"", ""detector"": ""yolo"", ""state"": ""IDLE"", ""owner"": ""Surnn"", ""score"": null, ""match_max"": 0.5, ""refs"": 24, ""match_mode"": ""none"", ""steer_zones"": 41, ""people"": 0, ""track_id"": null, ""target_ex"": 0.0, ""target_cx_vel_px_s"": 0.0, ""target_age_s"": null, ""lidar_min_m"": 4.4, ""target_lidar_m"": null, ""target_lidar_deg"": null, ""camera_range_m"""
2026-07-10T13:56:49.640,57.64,mission_20260710_135552_auto,AUTO,,1,13.329313278198242,100.99772644042969,-99.77631864089504,4,True,-1.0,1,0,0,0,0,0.0,0.0,0.0,0,9,13.32939624786377,100.9979019165039,21.109223747278886,92,39.0,0.0,0.0,0,30,-,READY owner=Surnn refs=24,"{""cmd"": ""STOP"", ""status"": ""READY"", ""detector"": ""yolo"", ""state"": ""IDLE"", ""owner"": ""Surnn"", ""score"": null, ""match_max"": 0.5, ""refs"": 24, ""match_mode"": ""none"", ""steer_zones"": 41, ""people"": 0, ""track_id"": null, ""target_ex"": 0.0, ""target_cx_vel_px_s"": 0.0, ""target_age_s"": null, ""lidar_min_m"": 5.14, ""target_lidar_m"": null, ""target_lidar_deg"": null, ""camera_range_m"
2026-07-10T13:56:50.640,58.641,mission_20260710_135552_auto,AUTO,,1,13.329313278198242,100.99772644042969,-99.69949267311074,4,True,-1.0,1,0,0,3422,20683,0.0,0.0,0.0,0,9,13.32939624786377,100.9979019165039,21.109223747278886,92,26.200000762939453,-1.399999976158142,39.0,0,30,-,READY owner=Surnn refs=24,"{""cmd"": ""STOP"", ""status"": ""READY"", ""detector"": ""yolo"", ""state"": ""IDLE"", ""owner"": ""Surnn"", ""score"": null, ""match_max"": 0.5, ""refs"": 24, ""match_mode"": ""none"", ""steer_zones"": 41, ""people"": 0, ""track_id"": null, ""target_ex"": 0.0, ""target_cx_vel_px_s"": 0.0, ""target_age_s"": null, ""lidar_min_m"": 5.14, ""target_lidar_m"": null, ""target_lidar_deg"": null, ""camera_range_m"
2026-07-10T13:56:51.644,59.645,mission_20260710_135552_auto,AUTO,,1,13.329313278198242,100.99772644042969,-99.61482564815927,4,True,-1.0,1,0,0,0,0,0.0,0.0,0.0,0,9,13.32939624786377,100.9979019165039,21.109223747278886,92,26.200000762939453,-1.2000000476837158,39.0,0,30,-,READY owner=Surnn refs=24,"{""cmd"": ""STOP"", ""status"": ""READY"", ""detector"": ""yolo"", ""state"": ""IDLE"", ""owner"": ""Surnn"", ""score"": null, ""match_max"": 0.5, ""refs"": 24, ""match_mode"": ""none"", ""steer_zones"": 41, ""people"": 0, ""track_id"": null, ""target_ex"": 0.0, ""target_cx_vel_px_s"": 0.0, ""target_age_s"": null, ""lidar_min_m"": null, ""target_lidar_m"": null, ""target_lidar_deg"": null, ""camera_range_m"
2026-07-10T13:56:52.645,60.645,mission_20260710_135552_auto,AUTO,,1,13.329313278198242,100.99772644042969,-99.54612760548727,4,True,-1.0,1,0,0,0,0,0.0,0.0,0.0,0,9,13.32939624786377,100.9979019165039,21.109223747278886,92,0.0,0.0,0.0,0,29,-,READY owner=Surnn refs=24,"{""cmd"": ""STOP"", ""status"": ""READY"", ""detector"": ""yolo"", ""state"": ""IDLE"", ""owner"": ""Surnn"", ""score"": null, ""match_max"": 0.5, ""refs"": 24, ""match_mode"": ""none"", ""steer_zones"": 41, ""people"": 0, ""track_id"": null, ""target_ex"": 0.0, ""target_cx_vel_px_s"": 0.0, ""target_age_s"": null, ""lidar_min_m"": 5.93, ""target_lidar_m"": null, ""target_lidar_deg"": null, ""camera_range_m"
2026-07-10T13:56:53.650,61.651,mission_20260710_135552_auto,AUTO,,1,13.329313278198242,100.99772644042969,-99.4712072604814,4,True,-1.0,1,0,0,0,0,0.0,0.0,0.0,0,9,13.32939624786377,100.9979019165039,21.109223747278886,92,26.200000762939453,-1.2999999523162842,39.0,0,30,-,READY owner=Surnn refs=24,"{""cmd"": ""STOP"", ""status"": ""READY"", ""detector"": ""yolo"", ""state"": ""IDLE"", ""owner"": ""Surnn"", ""score"": null, ""match_max"": 0.5, ""refs"": 24, ""match_mode"": ""none"", ""steer_zones"": 41, ""people"": 0, ""track_id"": null, ""target_ex"": 0.0, ""target_cx_vel_px_s"": 0.0, ""target_age_s"": null, ""lidar_min_m"": null, ""target_lidar_m"": null, ""target_lidar_deg"": null, ""camera_range_m"
2026-07-10T13:56:54.654,62.655,mission_20260710_135552_auto,AUTO,,1,13.329313278198242,100.99772644042969,-99.39524872672169,4,True,2.064500093460083,1,0,0,3422,20683,0.0,0.0,0.0,0,9,13.32939624786377,100.9979019165039,21.109223747278886,92,26.200000762939453,-1.2000000476837158,39.0,0,30,-,READY owner=Surnn refs=24,"{""cmd"": ""STOP"", ""status"": ""READY"", ""detector"": ""yolo"", ""state"": ""IDLE"", ""owner"": ""Surnn"", ""score"": null, ""match_max"": 0.5, ""refs"": 24, ""match_mode"": ""none"", ""steer_zones"": 41, ""people"": 0, ""track_id"": null, ""target_ex"": 0.0, ""target_cx_vel_px_s"": 0.0, ""target_age_s"": null, ""lidar_min_m"": null, ""target_lidar_m"": null, ""target_lidar_deg"": null, ""camera_range_m"
2026-07-10T13:56:55.659,63.66,mission_20260710_135552_auto,AUTO,,1,13.329313278198242,100.99772644042969,-99.3207655138227,4,True,-1.0,1,0,0,3422,20683,0.0,0.0,0.0,0,9,13.32939624786377,100.9979019165039,21.109223747278886,92,26.200000762939453,-1.2999999523162842,39.0,0,30,-,READY owner=Surnn refs=24,"{""cmd"": ""STOP"", ""status"": ""READY"", ""detector"": ""yolo"", ""state"": ""IDLE"", ""owner"": ""Surnn"", ""score"": null, ""match_max"": 0.5, ""refs"": 24, ""match_mode"": ""none"", ""steer_zones"": 41, ""people"": 0, ""track_id"": null, ""target_ex"": 0.0, ""target_cx_vel_px_s"": 0.0, ""target_age_s"": null, ""lidar_min_m"": 1.92, ""target_lidar_m"": null, ""target_lidar_deg"": null, ""camera_range_m"
2026-07-10T13:56:56.660,64.66,mission_20260710_135552_auto,AUTO,,1,13.329313278198242,100.99772644042969,-99.28863630396697,4,True,-1.0,1,0,0,0,0,0.0,0.0,0.0,0,9,13.32939624786377,100.9979019165039,21.109223747278886,92,39.0,0.0,0.0,0,30,-,READY owner=Surnn refs=24,"{""cmd"": ""STOP"", ""status"": ""READY"", ""detector"": ""yolo"", ""state"": ""IDLE"", ""owner"": ""Surnn"", ""score"": null, ""match_max"": 0.5, ""refs"": 24, ""match_mode"": ""none"", ""steer_zones"": 41, ""people"": 0, ""track_id"": null, ""target_ex"": 0.0, ""target_cx_vel_px_s"": 0.0, ""target_age_s"": null, ""lidar_min_m"": null, ""target_lidar_m"": null, ""target_lidar_deg"": null, ""camera_range_m"
2026-07-10T13:56:57.665,65.665,mission_20260710_135552_auto,AUTO,,1,13.329313278198242,100.99772644042969,-99.25404139582085,4,True,-1.0,1,0,0,0,0,0.0,0.0,0.0,0,9,13.32939624786377,100.9979019165039,21.109223747278886,92,26.200000762939453,-1.2000000476837158,39.0,0,30,-,READY owner=Surnn refs=24,"{""cmd"": ""STOP"", ""status"": ""READY"", ""detector"": ""yolo"", ""state"": ""IDLE"", ""owner"": ""Surnn"", ""score"": null, ""match_max"": 0.5, ""refs"": 24, ""match_mode"": ""none"", ""steer_zones"": 41, ""people"": 0, ""track_id"": null, ""target_ex"": 0.0, ""target_cx_vel_px_s"": 0.0, ""target_age_s"": null, ""lidar_min_m"": null, ""target_lidar_m"": null, ""target_lidar_deg"": null, ""camera_range_m"
2026-07-10T13:56:58.681,66.681,mission_20260710_135552_auto,AUTO,,1,13.329313278198242,100.99771881103516,-99.22883116759434,4,True,-1.0,1,0,0,39,0,0.0,0.0,0.0,0,9,13.32939624786377,100.9979019165039,21.85468351205716,92,26.200000762939453,-1.2000000476837158,39.0,0,30,-,READY owner=Surnn refs=24,"{""cmd"": ""STOP"", ""status"": ""READY"", ""detector"": ""yolo"", ""state"": ""IDLE"", ""owner"": ""Surnn"", ""score"": null, ""match_max"": 0.5, ""refs"": 24, ""match_mode"": ""none"", ""steer_zones"": 41, ""people"": 0, ""track_id"": null, ""target_ex"": 0.0, ""target_cx_vel_px_s"": 0.0, ""target_age_s"": null, ""lidar_min_m"": null, ""target_lidar_m"": null, ""target_lidar_deg"": null, ""camera_range_m"
2026-07-10T13:56:59.682,67.683,mission_20260710_135552_auto,AUTO,,1,13.329313278198242,100.99771881103516,-99.2145355816615,4,True,-1.0,1,0,0,3422,20683,0.0,0.0,0.0,0,9,13.32939624786377,100.9979019165039,21.85468351205716,92,26.200000762939453,-1.2000000476837158,39.0,0,30,-,READY owner=Surnn refs=24,"{""cmd"": ""STOP"", ""status"": ""READY"", ""detector"": ""yolo"", ""state"": ""IDLE"", ""owner"": ""Surnn"", ""score"": null, ""match_max"": 0.5, ""refs"": 24, ""match_mode"": ""none"", ""steer_zones"": 41, ""people"": 0, ""track_id"": null, ""target_ex"": 0.0, ""target_cx_vel_px_s"": 0.0, ""target_age_s"": null, ""lidar_min_m"": 4.97, ""target_lidar_m"": null, ""target_lidar_deg"": null, ""camera_range_m"
2026-07-10T13:57:00.685,68.685,mission_20260710_135552_auto,AUTO,,1,13.329312324523926,100.99771881103516,-99.20614127917155,4,True,-1.0,1,0,0,1,0,0.0,0.0,0.0,0,9,13.32939624786377,100.9979019165039,21.899660185921388,92,0.0,0.0,0.0,0,30,-,READY owner=Surnn refs=24,"{""cmd"": ""STOP"", ""status"": ""READY"", ""detector"": ""yolo"", ""state"": ""IDLE"", ""owner"": ""Surnn"", ""score"": null, ""match_max"": 0.5, ""refs"": 24, ""match_mode"": ""none"", ""steer_zones"": 41, ""people"": 0, ""track_id"": null, ""target_ex"": 0.0, ""target_cx_vel_px_s"": 0.0, ""target_age_s"": null, ""lidar_min_m"": 5.12, ""target_lidar_m"": null, ""target_lidar_deg"": null, ""camera_range_m"
2026-07-10T13:57:01.685,69.685,mission_20260710_135552_auto,AUTO,,1,13.329312324523926,100.99771881103516,-99.198204599356,4,True,-1.0,1,0,0,1,0,0.0,0.0,0.0,0,9,13.32939624786377,100.9979019165039,21.899660185921388,92,0.0,0.0,0.0,0,30,-,READY owner=Surnn refs=24,"{""cmd"": ""STOP"", ""status"": ""READY"", ""detector"": ""yolo"", ""state"": ""IDLE"", ""owner"": ""Surnn"", ""score"": null, ""match_max"": 0.5, ""refs"": 24, ""match_mode"": ""none"", ""steer_zones"": 41, ""people"": 0, ""track_id"": null, ""target_ex"": 0.0, ""target_cx_vel_px_s"": 0.0, ""target_age_s"": null, ""lidar_min_m"": 4.44, ""target_lidar_m"": null, ""target_lidar_deg"": null, ""camera_range_m"
2026-07-10T13:57:02.690,70.691,mission_20260710_135552_auto,AUTO,,1,13.329312324523926,100.99771881103516,-99.18783637219592,4,True,-1.0,1,0,0,0,0,0.0,0.0,0.0,0,9,13.32939624786377,100.9979019165039,21.899660185921388,92,39.0,0.0,0.0,0,30,-,READY owner=Surnn refs=24,"{""cmd"": ""STOP"", ""status"": ""READY"", ""detector"": ""yolo"", ""state"": ""IDLE"", ""owner"": ""Surnn"", ""score"": null, ""match_max"": 0.5, ""refs"": 24, ""match_mode"": ""none"", ""steer_zones"": 41, ""people"": 0, ""track_id"": null, ""target_ex"": 0.0, ""target_cx_vel_px_s"": 0.0, ""target_age_s"": null, ""lidar_min_m"": null, ""target_lidar_m"": null, ""target_lidar_deg"": null, ""camera_range_m"
2026-07-10T13:57:03.691,71.691,mission_20260710_135552_auto,AUTO,,1,13.329312324523926,100.99771881103516,-99.16944267276108,4,True,-1.0,1,0,0,0,0,0.0,0.0,0.0,0,9,13.32939624786377,100.9979019165039,21.899660185921388,92,39.0,0.0,0.0,0,30,-,READY owner=Surnn refs=24,"{""cmd"": ""STOP"", ""status"": ""READY"", ""detector"": ""yolo"", ""state"": ""IDLE"", ""owner"": ""Surnn"", ""score"": null, ""match_max"": 0.5, ""refs"": 24, ""match_mode"": ""none"", ""steer_zones"": 41, ""people"": 0, ""track_id"": null, ""target_ex"": 0.0, ""target_cx_vel_px_s"": 0.0, ""target_age_s"": null, ""lidar_min_m"": 1.93, ""target_lidar_m"": null, ""target_lidar_deg"": null, ""camera_range_m"
2026-07-10T13:57:04.693,72.693,mission_20260710_135552_auto,AUTO,,1,13.329312324523926,100.99771881103516,-99.15236719983605,4,True,1.972499966621399,1,0,0,3422,20683,0.0,0.0,0.0,0,9,13.32939624786377,100.9979019165039,21.899660185921388,92,26.200000762939453,-1.100000023841858,39.0,0,30,-,READY owner=Surnn refs=24,"{""cmd"": ""STOP"", ""status"": ""READY"", ""detector"": ""yolo"", ""state"": ""IDLE"", ""owner"": ""Surnn"", ""score"": null, ""match_max"": 0.5, ""refs"": 24, ""match_mode"": ""none"", ""steer_zones"": 41, ""people"": 0, ""track_id"": null, ""target_ex"": 0.0, ""target_cx_vel_px_s"": 0.0, ""target_age_s"": null, ""lidar_min_m"": null, ""target_lidar_m"": null, ""target_lidar_deg"": null, ""camera_range_m"
2026-07-10T13:57:05.695,73.695,mission_20260710_135552_auto,AUTO,,1,13.329312324523926,100.99771881103516,-99.1354761420186,4,True,-1.0,1,0,0,20683,0,0.0,0.0,0.0,0,9,13.32939624786377,100.9979019165039,21.899660185921388,92,-1.2999999523162842,39.0,0.0,0,30,-,READY owner=Surnn refs=24,"{""cmd"": ""STOP"", ""status"": ""READY"", ""detector"": ""yolo"", ""state"": ""IDLE"", ""owner"": ""Surnn"", ""score"": null, ""match_max"": 0.5, ""refs"": 24, ""match_mode"": ""none"", ""steer_zones"": 41, ""people"": 0, ""track_id"": null, ""target_ex"": 0.0, ""target_cx_vel_px_s"": 0.0, ""target_age_s"": null, ""lidar_min_m"": null, ""target_lidar_m"": null, ""target_lidar_deg"": null, ""camera_range_m"
2026-07-10T13:57:06.696,74.696,mission_20260710_135552_auto,AUTO,,1,13.329312324523926,100.99771881103516,-99.09744564871997,4,True,2.049499988555908,1,0,0,3422,20683,0.0,0.0,0.0,0,9,13.32939624786377,100.9979019165039,21.899660185921388,92,26.200000762939453,-1.2999999523162842,39.0,0,30,-,READY owner=Surnn refs=24,"{""cmd"": ""STOP"", ""status"": ""READY"", ""detector"": ""yolo"", ""state"": ""IDLE"", ""owner"": ""Surnn"", ""score"": null, ""match_max"": 0.5, ""refs"": 24, ""match_mode"": ""none"", ""steer_zones"": 41, ""people"": 0, ""track_id"": null, ""target_ex"": 0.0, ""target_cx_vel_px_s"": 0.0, ""target_age_s"": null, ""lidar_min_m"": 4.55, ""target_lidar_m"": null, ""target_lidar_deg"": null, ""camera_range_m"
2026-07-10T13:57:07.700,75.701,mission_20260710_135552_auto,AUTO,,1,13.32931137084961,100.99771881103516,-99.05143749447076,4,True,-1.0,1,0,0,3422,20683,0.0,0.0,0.0,0,9,13.32939624786377,100.9979019165039,21.94505711219415,92,26.200000762939453,-1.2999999523162842,39.0,0,30,-,READY owner=Surnn refs=24,"{""cmd"": ""STOP"", ""status"": ""READY"", ""detector"": ""yolo"", ""state"": ""IDLE"", ""owner"": ""Surnn"", ""score"": null, ""match_max"": 0.5, ""refs"": 24, ""match_mode"": ""none"", ""steer_zones"": 41, ""people"": 0, ""track_id"": null, ""target_ex"": 0.0, ""target_cx_vel_px_s"": 0.0, ""target_age_s"": null, ""lidar_min_m"": 1.96, ""target_lidar_m"": null, ""target_lidar_deg"": null, ""camera_range_m"
2026-07-10T13:57:08.701,76.701,mission_20260710_135552_auto,AUTO,,1,13.32931137084961,100.99771881103516,-99.0063992270837,4,True,-1.0,1,0,0,0,0,0.0,0.0,0.0,0,9,13.32939624786377,100.9979019165039,21.94505711219415,92,39.0,0.0,0.0,0,30,-,READY owner=Surnn refs=24,"{""cmd"": ""STOP"", ""status"": ""READY"", ""detector"": ""yolo"", ""state"": ""IDLE"", ""owner"": ""Surnn"", ""score"": null, ""match_max"": 0.5, ""refs"": 24, ""match_mode"": ""none"", ""steer_zones"": 41, ""people"": 0, ""track_id"": null, ""target_ex"": 0.0, ""target_cx_vel_px_s"": 0.0, ""target_age_s"": null, ""lidar_min_m"": null, ""target_lidar_m"": null, ""target_lidar_deg"": null, ""camera_range_m"
2026-07-10T13:57:09.705,77.706,mission_20260710_135552_auto,AUTO,,1,13.32931137084961,100.99771881103516,-98.95819858211092,4,True,-1.0,1,0,0,39,0,0.0,0.0,0.0,0,9,13.32939624786377,100.9979019165039,21.94505711219415,92,26.200000762939453,-1.2999999523162842,39.0,0,30,-,READY owner=Surnn refs=24,"{""cmd"": ""STOP"", ""status"": ""READY"", ""detector"": ""yolo"", ""state"": ""IDLE"", ""owner"": ""Surnn"", ""score"": null, ""match_max"": 0.5, ""refs"": 24, ""match_mode"": ""none"", ""steer_zones"": 41, ""people"": 0, ""track_id"": null, ""target_ex"": 0.0, ""target_cx_vel_px_s"": 0.0, ""target_age_s"": null, ""lidar_min_m"": null, ""target_lidar_m"": null, ""target_lidar_deg"": null, ""camera_range_m"
2026-07-10T13:57:10.707,78.707,mission_20260710_135552_auto,AUTO,,1,13.32931137084961,100.99771881103516,-98.91211529578085,4,True,-1.0,1,0,0,39,0,0.0,0.0,0.0,0,9,13.32939624786377,100.9979019165039,21.94505711219415,92,26.200000762939453,-1.2000000476837158,39.0,0,30,-,READY owner=Surnn refs=24,"{""cmd"": ""STOP"", ""status"": ""READY"", ""detector"": ""yolo"", ""state"": ""IDLE"", ""owner"": ""Surnn"", ""score"": null, ""match_max"": 0.5, ""refs"": 24, ""match_mode"": ""none"", ""steer_zones"": 41, ""people"": 0, ""track_id"": null, ""target_ex"": 0.0, ""target_cx_vel_px_s"": 0.0, ""target_age_s"": null, ""lidar_min_m"": null, ""target_lidar_m"": null, ""target_lidar_deg"": null, ""camera_range_m"
2026-07-10T13:57:11.710,79.71,mission_20260710_135552_auto,AUTO,,1,13.32931137084961,100.99771881103516,-98.86877774549711,4,True,-1.0,1,0,0,20683,0,0.0,0.0,0.0,0,9,13.32939624786377,100.9979019165039,21.94505711219415,92,-1.100000023841858,39.0,0.0,0,30,-,READY owner=Surnn refs=24,"{""cmd"": ""STOP"", ""status"": ""READY"", ""detector"": ""yolo"", ""state"": ""IDLE"", ""owner"": ""Surnn"", ""score"": null, ""match_max"": 0.5, ""refs"": 24, ""match_mode"": ""none"", ""steer_zones"": 41, ""people"": 0, ""track_id"": null, ""target_ex"": 0.0, ""target_cx_vel_px_s"": 0.0, ""target_age_s"": null, ""lidar_min_m"": 1.97, ""target_lidar_m"": null, ""target_lidar_deg"": null, ""camera_range_m"
2026-07-10T13:57:12.714,80.715,mission_20260710_135552_auto,AUTO,,1,13.32931137084961,100.99771881103516,-98.82683355380406,4,True,-1.0,1,0,0,3422,20683,0.0,0.0,0.0,0,9,13.32939624786377,100.9979019165039,21.94505711219415,92,26.200000762939453,-1.100000023841858,39.0,0,30,-,READY owner=Surnn refs=24,"{""cmd"": ""STOP"", ""status"": ""READY"", ""detector"": ""yolo"", ""state"": ""IDLE"", ""owner"": ""Surnn"", ""score"": null, ""match_max"": 0.5, ""refs"": 24, ""match_mode"": ""none"", ""steer_zones"": 41, ""people"": 0, ""track_id"": null, ""target_ex"": 0.0, ""target_cx_vel_px_s"": 0.0, ""target_age_s"": null, ""lidar_min_m"": 4.45, ""target_lidar_m"": null, ""target_lidar_deg"": null, ""camera_range_m"
2026-07-10T13:57:13.714,81.715,mission_20260710_135552_auto,AUTO,,1,13.32931137084961,100.99772644042969,-98.78485521116517,4,True,-1.0,1,0,0,3422,20683,0.0,0.0,0.0,0,9,13.32939624786377,100.9979019165039,21.202774988320492,92,2.0,-1.2999999523162842,39.0,0,30,-,READY owner=Surnn refs=24,"{""cmd"": ""STOP"", ""status"": ""READY"", ""detector"": ""yolo"", ""state"": ""IDLE"", ""owner"": ""Surnn"", ""score"": null, ""match_max"": 0.5, ""refs"": 24, ""match_mode"": ""none"", ""steer_zones"": 41, ""people"": 0, ""track_id"": null, ""target_ex"": 0.0, ""target_cx_vel_px_s"": 0.0, ""target_age_s"": null, ""lidar_min_m"": null, ""target_lidar_m"": null, ""target_lidar_deg"": null, ""camera_range_m"
2026-07-10T13:57:14.715,82.715,mission_20260710_135552_auto,AUTO,,1,13.32931137084961,100.99772644042969,-98.75028762377573,4,True,1.9565000534057617,1,0,0,0,0,0.0,0.0,0.0,0,9,13.32939624786377,100.9979019165039,21.202774988320492,92,39.0,0.0,0.0,0,30,-,READY owner=Surnn refs=24,"{""cmd"": ""STOP"", ""status"": ""READY"", ""detector"": ""yolo"", ""state"": ""IDLE"", ""owner"": ""Surnn"", ""score"": null, ""match_max"": 0.5, ""refs"": 24, ""match_mode"": ""none"", ""steer_zones"": 41, ""people"": 0, ""track_id"": null, ""target_ex"": 0.0, ""target_cx_vel_px_s"": 0.0, ""target_age_s"": null, ""lidar_min_m"": null, ""target_lidar_m"": null, ""target_lidar_deg"": null, ""camera_range_m"
2026-07-10T13:57:15.720,83.72,mission_20260710_135552_auto,AUTO,,1,13.32931137084961,100.99772644042969,-98.72446267852392,4,True,-1.0,1,0,0,0,0,0.0,0.0,0.0,0,9,13.32939624786377,100.9979019165039,21.202774988320492,92,26.200000762939453,-1.2999999523162842,39.0,0,30,-,READY owner=Surnn refs=24,"{""cmd"": ""STOP"", ""status"": ""READY"", ""detector"": ""yolo"", ""state"": ""IDLE"", ""owner"": ""Surnn"", ""score"": null, ""match_max"": 0.5, ""refs"": 24, ""match_mode"": ""none"", ""steer_zones"": 41, ""people"": 0, ""track_id"": null, ""target_ex"": 0.0, ""target_cx_vel_px_s"": 0.0, ""target_age_s"": null, ""lidar_min_m"": null, ""target_lidar_m"": null, ""target_lidar_deg"": null, ""camera_range_m"
2026-07-10T13:57:16.721,84.721,mission_20260710_135552_auto,AUTO,,1,13.32931137084961,100.99772644042969,-98.70760577165233,4,True,-1.0,1,0,0,3422,20683,0.0,0.0,0.0,0,9,13.32939624786377,100.9979019165039,21.202774988320492,92,26.200000762939453,-1.2000000476837158,39.0,0,30,-,READY owner=Surnn refs=24,"{""cmd"": ""STOP"", ""status"": ""READY"", ""detector"": ""yolo"", ""state"": ""IDLE"", ""owner"": ""Surnn"", ""score"": null, ""match_max"": 0.5, ""refs"": 24, ""match_mode"": ""none"", ""steer_zones"": 41, ""people"": 0, ""track_id"": null, ""target_ex"": 0.0, ""target_cx_vel_px_s"": 0.0, ""target_age_s"": null, ""lidar_min_m"": 2.04, ""target_lidar_m"": null, ""target_lidar_deg"": null, ""camera_range_m"
2026-07-10T13:57:17.724,85.725,mission_20260710_135552_auto,AUTO,,1,13.32931137084961,100.99772644042969,-98.68800995892356,4,True,-1.0,1,0,0,20683,0,0.0,0.0,0.0,0,9,13.32939624786377,100.9979019165039,21.202774988320492,92,-1.2999999523162842,39.0,0.0,0,30,-,READY owner=Surnn refs=24,"{""cmd"": ""STOP"", ""status"": ""READY"", ""detector"": ""yolo"", ""state"": ""IDLE"", ""owner"": ""Surnn"", ""score"": null, ""match_max"": 0.5, ""refs"": 24, ""match_mode"": ""none"", ""steer_zones"": 41, ""people"": 0, ""track_id"": null, ""target_ex"": 0.0, ""target_cx_vel_px_s"": 0.0, ""target_age_s"": null, ""lidar_min_m"": null, ""target_lidar_m"": null, ""target_lidar_deg"": null, ""camera_range_m"
2026-07-10T13:57:18.724,86.725,mission_20260710_135552_auto,AUTO,,1,13.32931137084961,100.99772644042969,-98.67051784445916,4,True,-1.0,1,0,0,3422,20683,0.0,0.0,0.0,0,9,13.32939624786377,100.9979019165039,21.202774988320492,92,26.200000762939453,-1.2000000476837158,39.0,0,30,-,READY owner=Surnn refs=24,"{""cmd"": ""STOP"", ""status"": ""READY"", ""detector"": ""yolo"", ""state"": ""IDLE"", ""owner"": ""Surnn"", ""score"": null, ""match_max"": 0.5, ""refs"": 24, ""match_mode"": ""none"", ""steer_zones"": 41, ""people"": 0, ""track_id"": null, ""target_ex"": 0.0, ""target_cx_vel_px_s"": 0.0, ""target_age_s"": null, ""lidar_min_m"": null, ""target_lidar_m"": null, ""target_lidar_deg"": null, ""camera_range_m"
2026-07-10T13:57:19.725,87.725,mission_20260710_135552_auto,AUTO,,1,13.32931137084961,100.99772644042969,-98.64478169166655,4,True,-1.0,1,0,0,3422,20683,0.0,0.0,0.0,0,9,13.32939624786377,100.9979019165039,21.202774988320492,92,26.200000762939453,-1.2999999523162842,39.0,0,30,-,READY owner=Surnn refs=24,"{""cmd"": ""STOP"", ""status"": ""READY"", ""detector"": ""yolo"", ""state"": ""IDLE"", ""owner"": ""Surnn"", ""score"": null, ""match_max"": 0.5, ""refs"": 24, ""match_mode"": ""none"", ""steer_zones"": 41, ""people"": 0, ""track_id"": null, ""target_ex"": 0.0, ""target_cx_vel_px_s"": 0.0, ""target_age_s"": null, ""lidar_min_m"": null, ""target_lidar_m"": null, ""target_lidar_deg"": null, ""camera_range_m"
2026-07-10T13:57:20.729,88.729,mission_20260710_135552_auto,AUTO,,1,13.329310417175293,100.99772644042969,-98.61606074620664,4,True,-1.0,1,0,0,3422,20683,0.0,0.0,0.0,0,9,13.32939624786377,100.9979019165039,21.250189952790073,92,26.200000762939453,-1.399999976158142,39.0,0,30,-,READY owner=Surnn refs=24,"{""cmd"": ""STOP"", ""status"": ""READY"", ""detector"": ""yolo"", ""state"": ""IDLE"", ""owner"": ""Surnn"", ""score"": null, ""match_max"": 0.5, ""refs"": 24, ""match_mode"": ""none"", ""steer_zones"": 41, ""people"": 0, ""track_id"": null, ""target_ex"": 0.0, ""target_cx_vel_px_s"": 0.0, ""target_age_s"": null, ""lidar_min_m"": 4.54, ""target_lidar_m"": null, ""target_lidar_deg"": null, ""camera_range_m"
2026-07-10T13:57:21.730,89.73,mission_20260710_135552_auto,AUTO,,1,13.329310417175293,100.99772644042969,-98.58753787623267,4,True,-1.0,1,0,0,3422,20683,0.0,0.0,0.0,0,9,13.32939624786377,100.9979019165039,21.250189952790073,92,26.200000762939453,-1.2999999523162842,39.0,0,30,-,READY owner=Surnn refs=24,"{""cmd"": ""STOP"", ""status"": ""READY"", ""detector"": ""yolo"", ""state"": ""IDLE"", ""owner"": ""Surnn"", ""score"": null, ""match_max"": 0.5, ""refs"": 24, ""match_mode"": ""none"", ""steer_zones"": 41, ""people"": 0, ""track_id"": null, ""target_ex"": 0.0, ""target_cx_vel_px_s"": 0.0, ""target_age_s"": null, ""lidar_min_m"": 3.93, ""target_lidar_m"": null, ""target_lidar_deg"": null, ""camera_range_m"
2026-07-10T13:57:22.735,90.735,mission_20260710_135552_auto,AUTO,,1,13.329310417175293,100.99772644042969,-98.56209542157437,4,True,-1.0,1,0,0,39,0,0.0,0.0,0.0,0,9,13.32939624786377,100.9979019165039,21.250189952790073,92,26.200000762939453,-1.2000000476837158,39.0,0,30,-,READY owner=Surnn refs=24,"{""cmd"": ""STOP"", ""status"": ""READY"", ""detector"": ""yolo"", ""state"": ""IDLE"", ""owner"": ""Surnn"", ""score"": null, ""match_max"": 0.5, ""refs"": 24, ""match_mode"": ""none"", ""steer_zones"": 41, ""people"": 0, ""track_id"": null, ""target_ex"": 0.0, ""target_cx_vel_px_s"": 0.0, ""target_age_s"": null, ""lidar_min_m"": 1.92, ""target_lidar_m"": null, ""target_lidar_deg"": null, ""camera_range_m"
2026-07-10T13:57:23.735,91.736,mission_20260710_135552_auto,AUTO,,1,13.329310417175293,100.99772644042969,-98.53734964621141,4,True,-1.0,1,0,0,0,0,0.0,0.0,0.0,0,9,13.32939624786377,100.9979019165039,21.250189952790073,92,0.0,0.0,0.0,0,30,-,READY owner=Surnn refs=24,"{""cmd"": ""STOP"", ""status"": ""READY"", ""detector"": ""yolo"", ""state"": ""IDLE"", ""owner"": ""Surnn"", ""score"": null, ""match_max"": 0.5, ""refs"": 24, ""match_mode"": ""none"", ""steer_zones"": 41, ""people"": 0, ""track_id"": null, ""target_ex"": 0.0, ""target_cx_vel_px_s"": 0.0, ""target_age_s"": null, ""lidar_min_m"": 4.92, ""target_lidar_m"": null, ""target_lidar_deg"": null, ""camera_range_m"
2026-07-10T13:57:24.740,92.74,mission_20260710_135552_auto,AUTO,,1,13.329310417175293,100.99772644042969,-98.51505590876049,4,True,-1.0,1,0,0,20683,0,0.0,0.0,0.0,0,9,13.32939624786377,100.9979019165039,21.250189952790073,92,-1.399999976158142,39.0,0.0,0,30,-,READY owner=Surnn refs=24,"{""cmd"": ""STOP"", ""status"": ""READY"", ""detector"": ""yolo"", ""state"": ""IDLE"", ""owner"": ""Surnn"", ""score"": null, ""match_max"": 0.5, ""refs"": 24, ""match_mode"": ""none"", ""steer_zones"": 41, ""people"": 0, ""track_id"": null, ""target_ex"": 0.0, ""target_cx_vel_px_s"": 0.0, ""target_age_s"": null, ""lidar_min_m"": 1.91, ""target_lidar_m"": null, ""target_lidar_deg"": null, ""camera_range_m"
2026-07-10T13:57:25.740,93.74,mission_20260710_135552_auto,AUTO,,1,13.329310417175293,100.99772644042969,-98.49274168074206,4,True,-1.0,1,0,0,3423,20683,0.0,0.0,0.0,0,9,13.32939624786377,100.9979019165039,21.250189952790073,92,26.200000762939453,-1.2000000476837158,40.0,0,30,-,READY owner=Surnn refs=24,"{""cmd"": ""STOP"", ""status"": ""READY"", ""detector"": ""yolo"", ""state"": ""IDLE"", ""owner"": ""Surnn"", ""score"": null, ""match_max"": 0.5, ""refs"": 24, ""match_mode"": ""none"", ""steer_zones"": 41, ""people"": 0, ""track_id"": null, ""target_ex"": 0.0, ""target_cx_vel_px_s"": 0.0, ""target_age_s"": null, ""lidar_min_m"": null, ""target_lidar_m"": null, ""target_lidar_deg"": null, ""camera_range_m"
2026-07-10T13:57:26.755,94.756,mission_20260710_135552_auto,AUTO,,1,13.329310417175293,100.99772644042969,-98.48285156682388,4,True,-1.0,1,0,0,0,0,0.0,0.0,0.0,0,9,13.32939624786377,100.9979019165039,21.250189952790073,92,40.0,0.0,0.0,0,30,-,READY owner=Surnn refs=24,"{""cmd"": ""STOP"", ""status"": ""READY"", ""detector"": ""yolo"", ""state"": ""IDLE"", ""owner"": ""Surnn"", ""score"": null, ""match_max"": 0.5, ""refs"": 24, ""match_mode"": ""none"", ""steer_zones"": 41, ""people"": 0, ""track_id"": null, ""target_ex"": 0.0, ""target_cx_vel_px_s"": 0.0, ""target_age_s"": null, ""lidar_min_m"": null, ""target_lidar_m"": null, ""target_lidar_deg"": null, ""camera_range_m"
2026-07-10T13:57:27.760,95.76,mission_20260710_135552_auto,AUTO,,1,13.329310417175293,100.99772644042969,-98.46458764098327,4,True,-1.0,1,0,0,3423,20683,0.0,0.0,0.0,0,9,13.32939624786377,100.9979019165039,21.250189952790073,92,26.200000762939453,-1.399999976158142,40.0,0,30,-,READY owner=Surnn refs=24,"{""cmd"": ""STOP"", ""status"": ""READY"", ""detector"": ""yolo"", ""state"": ""IDLE"", ""owner"": ""Surnn"", ""score"": null, ""match_max"": 0.5, ""refs"": 24, ""match_mode"": ""none"", ""steer_zones"": 41, ""people"": 0, ""track_id"": null, ""target_ex"": 0.0, ""target_cx_vel_px_s"": 0.0, ""target_age_s"": null, ""lidar_min_m"": 5.09, ""target_lidar_m"": null, ""target_lidar_deg"": null, ""camera_range_m"
2026-07-10T13:57:28.765,96.765,mission_20260710_135552_auto,AUTO,,1,13.329310417175293,100.99772644042969,-98.45802382919089,4,True,-1.0,1,0,0,0,0,0.0,0.0,0.0,0,9,13.32939624786377,100.9979019165039,21.250189952790073,92,26.200000762939453,-1.100000023841858,40.0,0,30,-,READY owner=Surnn refs=24,"{""cmd"": ""STOP"", ""status"": ""READY"", ""detector"": ""yolo"", ""state"": ""IDLE"", ""owner"": ""Surnn"", ""score"": null, ""match_max"": 0.5, ""refs"": 24, ""match_mode"": ""none"", ""steer_zones"": 41, ""people"": 0, ""track_id"": null, ""target_ex"": 0.0, ""target_cx_vel_px_s"": 0.0, ""target_age_s"": null, ""lidar_min_m"": null, ""target_lidar_m"": null, ""target_lidar_deg"": null, ""camera_range_m"
2026-07-10T13:57:29.772,97.773,mission_20260710_135552_auto,AUTO,,1,13.329309463500977,100.99772644042969,-98.46060564069715,4,True,1.9769999980926514,1,0,0,3423,20683,0.0,0.0,0.0,0,9,13.32939624786377,100.9979019165039,21.298027359498732,92,26.200000762939453,-1.2000000476837158,40.0,0,30,-,READY owner=Surnn refs=24,"{""cmd"": ""STOP"", ""status"": ""READY"", ""detector"": ""yolo"", ""state"": ""IDLE"", ""owner"": ""Surnn"", ""score"": null, ""match_max"": 0.5, ""refs"": 24, ""match_mode"": ""none"", ""steer_zones"": 41, ""people"": 0, ""track_id"": null, ""target_ex"": 0.0, ""target_cx_vel_px_s"": 0.0, ""target_age_s"": null, ""lidar_min_m"": null, ""target_lidar_m"": null, ""target_lidar_deg"": null, ""camera_range_m"
2026-07-10T13:57:30.775,98.775,mission_20260710_135552_auto,AUTO,,1,13.329309463500977,100.99771881103516,-98.45029205505043,4,True,-1.0,1,0,0,20683,0,0.0,0.0,0.0,0,9,13.32939624786377,100.9979019165039,22.037101309171405,92,-1.2999999523162842,40.0,0.0,0,30,-,READY owner=Surnn refs=24,"{""cmd"": ""STOP"", ""status"": ""READY"", ""detector"": ""yolo"", ""state"": ""IDLE"", ""owner"": ""Surnn"", ""score"": null, ""match_max"": 0.5, ""refs"": 24, ""match_mode"": ""none"", ""steer_zones"": 41, ""people"": 0, ""track_id"": null, ""target_ex"": 0.0, ""target_cx_vel_px_s"": 0.0, ""target_age_s"": null, ""lidar_min_m"": 3.93, ""target_lidar_m"": null, ""target_lidar_deg"": null, ""camera_range_m"
2026-07-10T13:57:31.778,99.779,mission_20260710_135552_auto,AUTO,,1,13.329309463500977,100.99771881103516,-98.44186360161464,4,True,-1.0,1,0,0,3423,20683,0.0,0.0,0.0,0,9,13.32939624786377,100.9979019165039,22.037101309171405,92,26.200000762939453,-1.2999999523162842,40.0,0,30,-,READY owner=Surnn refs=24,"{""cmd"": ""STOP"", ""status"": ""READY"", ""detector"": ""yolo"", ""state"": ""IDLE"", ""owner"": ""Surnn"", ""score"": null, ""match_max"": 0.5, ""refs"": 24, ""match_mode"": ""none"", ""steer_zones"": 41, ""people"": 0, ""track_id"": null, ""target_ex"": 0.0, ""target_cx_vel_px_s"": 0.0, ""target_age_s"": null, ""lidar_min_m"": 1.91, ""target_lidar_m"": null, ""target_lidar_deg"": null, ""camera_range_m"
2026-07-10T13:57:32.780,100.781,mission_20260710_135552_auto,AUTO,,1,13.329310417175293,100.99771881103516,-98.44566118679316,4,True,-1.0,1,0,0,3423,20683,0.0,0.0,0.0,0,9,13.32939624786377,100.9979019165039,21.99087168822739,92,26.200000762939453,-1.100000023841858,40.0,0,30,-,READY owner=Surnn refs=24,"{""cmd"": ""STOP"", ""status"": ""READY"", ""detector"": ""yolo"", ""state"": ""IDLE"", ""owner"": ""Surnn"", ""score"": null, ""match_max"": 0.5, ""refs"": 24, ""match_mode"": ""none"", ""steer_zones"": 41, ""people"": 0, ""track_id"": null, ""target_ex"": 0.0, ""target_cx_vel_px_s"": 0.0, ""target_age_s"": null, ""lidar_min_m"": 4.43, ""target_lidar_m"": null, ""target_lidar_deg"": null, ""camera_range_m"
2026-07-10T13:57:33.781,101.781,mission_20260710_135552_auto,AUTO,,1,13.329310417175293,100.99771881103516,-98.43865341270472,4,True,-1.0,1,0,0,3423,20683,0.0,0.0,0.0,0,9,13.32939624786377,100.9979019165039,21.99087168822739,92,26.200000762939453,-1.2999999523162842,40.0,0,30,-,READY owner=Surnn refs=24,"{""cmd"": ""STOP"", ""status"": ""READY"", ""detector"": ""yolo"", ""state"": ""IDLE"", ""owner"": ""Surnn"", ""score"": null, ""match_max"": 0.5, ""refs"": 24, ""match_mode"": ""none"", ""steer_zones"": 41, ""people"": 0, ""track_id"": null, ""target_ex"": 0.0, ""target_cx_vel_px_s"": 0.0, ""target_age_s"": null, ""lidar_min_m"": 4.46, ""target_lidar_m"": null, ""target_lidar_deg"": null, ""camera_range_m"
2026-07-10T13:57:34.784,102.785,mission_20260710_135552_auto,AUTO,,1,13.329310417175293,100.99771881103516,-98.4275202043576,4,True,-1.0,1,0,0,0,0,0.0,0.0,0.0,0,9,13.32939624786377,100.9979019165039,21.99087168822739,92,26.200000762939453,-1.2999999523162842,40.0,0,30,-,READY owner=Surnn refs=24,"{""cmd"": ""STOP"", ""status"": ""READY"", ""detector"": ""yolo"", ""state"": ""IDLE"", ""owner"": ""Surnn"", ""score"": null, ""match_max"": 0.5, ""refs"": 24, ""match_mode"": ""none"", ""steer_zones"": 41, ""people"": 0, ""track_id"": null, ""target_ex"": 0.0, ""target_cx_vel_px_s"": 0.0, ""target_age_s"": null, ""lidar_min_m"": null, ""target_lidar_m"": null, ""target_lidar_deg"": null, ""camera_range_m"
2026-07-10T13:57:35.786,103.787,mission_20260710_135552_auto,AUTO,,1,13.329310417175293,100.99771881103516,-98.4193922792453,4,True,-1.0,1,0,0,0,0,0.0,0.0,0.0,0,9,13.32939624786377,100.9979019165039,21.99087168822739,92,0.0,0.0,0.0,0,30,-,READY owner=Surnn refs=24,"{""cmd"": ""STOP"", ""status"": ""READY"", ""detector"": ""yolo"", ""state"": ""IDLE"", ""owner"": ""Surnn"", ""score"": null, ""match_max"": 0.5, ""refs"": 24, ""match_mode"": ""none"", ""steer_zones"": 41, ""people"": 0, ""track_id"": null, ""target_ex"": 0.0, ""target_cx_vel_px_s"": 0.0, ""target_age_s"": null, ""lidar_min_m"": null, ""target_lidar_m"": null, ""target_lidar_deg"": null, ""camera_range_m"
2026-07-10T13:57:36.794,104.794,mission_20260710_135552_auto,AUTO,,1,13.329310417175293,100.99771881103516,-98.41824480746473,4,True,-1.0,1,0,0,20683,0,0.0,0.0,0.0,0,9,13.32939624786377,100.9979019165039,21.99087168822739,92,-1.2000000476837158,40.0,0.0,0,30,-,READY owner=Surnn refs=24,"{""cmd"": ""STOP"", ""status"": ""READY"", ""detector"": ""yolo"", ""state"": ""IDLE"", ""owner"": ""Surnn"", ""score"": null, ""match_max"": 0.5, ""refs"": 24, ""match_mode"": ""none"", ""steer_zones"": 41, ""people"": 0, ""track_id"": null, ""target_ex"": 0.0, ""target_cx_vel_px_s"": 0.0, ""target_age_s"": null, ""lidar_min_m"": 1.92, ""target_lidar_m"": null, ""target_lidar_deg"": null, ""camera_range_m"
2026-07-10T13:57:37.794,105.794,mission_20260710_135552_auto,AUTO,,1,13.329310417175293,100.99771881103516,-98.43002005359384,4,True,1.9225000143051147,1,0,0,3423,20683,0.0,0.0,0.0,0,9,13.32939624786377,100.9979019165039,21.99087168822739,92,26.200000762939453,-1.2999999523162842,40.0,0,30,-,READY owner=Surnn refs=24,"{""cmd"": ""STOP"", ""status"": ""READY"", ""detector"": ""yolo"", ""state"": ""IDLE"", ""owner"": ""Surnn"", ""score"": null, ""match_max"": 0.5, ""refs"": 24, ""match_mode"": ""none"", ""steer_zones"": 41, ""people"": 0, ""track_id"": null, ""target_ex"": 0.0, ""target_cx_vel_px_s"": 0.0, ""target_age_s"": null, ""lidar_min_m"": null, ""target_lidar_m"": null, ""target_lidar_deg"": null, ""camera_range_m"
2026-07-10T13:57:38.798,106.798,mission_20260710_135552_auto,AUTO,,1,13.329310417175293,100.99771881103516,-98.43692537484472,4,True,-1.0,1,0,0,3423,20683,0.0,0.0,0.0,0,9,13.32939624786377,100.9979019165039,21.99087168822739,92,2.0,-1.2000000476837158,40.0,0,30,-,READY owner=Surnn refs=24,"{""cmd"": ""STOP"", ""status"": ""READY"", ""detector"": ""yolo"", ""state"": ""IDLE"", ""owner"": ""Surnn"", ""score"": null, ""match_max"": 0.5, ""refs"": 24, ""match_mode"": ""none"", ""steer_zones"": 41, ""people"": 0, ""track_id"": null, ""target_ex"": 0.0, ""target_cx_vel_px_s"": 0.0, ""target_age_s"": null, ""lidar_min_m"": null, ""target_lidar_m"": null, ""target_lidar_deg"": null, ""camera_range_m"
2026-07-10T13:57:39.798,107.799,mission_20260710_135552_auto,AUTO,,1,13.329310417175293,100.99771881103516,-98.43964379013438,4,True,-1.0,1,0,0,3423,20683,0.0,0.0,0.0,0,9,13.32939624786377,100.9979019165039,21.99087168822739,92,26.200000762939453,-1.2999999523162842,40.0,0,30,-,READY owner=Surnn refs=24,"{""cmd"": ""STOP"", ""status"": ""READY"", ""detector"": ""yolo"", ""state"": ""IDLE"", ""owner"": ""Surnn"", ""score"": null, ""match_max"": 0.5, ""refs"": 24, ""match_mode"": ""none"", ""steer_zones"": 41, ""people"": 0, ""track_id"": null, ""target_ex"": 0.0, ""target_cx_vel_px_s"": 0.0, ""target_age_s"": null, ""lidar_min_m"": 4.47, ""target_lidar_m"": null, ""target_lidar_deg"": null, ""camera_range_m"
2026-07-10T13:57:40.799,108.799,mission_20260710_135552_auto,AUTO,,1,13.329310417175293,100.99771881103516,-98.43605794082012,4,True,-1.0,1,0,0,3424,20683,0.0,0.0,0.0,0,9,13.32939624786377,100.9979019165039,21.99087168822739,92,26.200000762939453,-1.100000023841858,40.0,0,30,-,READY owner=Surnn refs=24,"{""cmd"": ""STOP"", ""status"": ""READY"", ""detector"": ""yolo"", ""state"": ""IDLE"", ""owner"": ""Surnn"", ""score"": null, ""match_max"": 0.5, ""refs"": 24, ""match_mode"": ""none"", ""steer_zones"": 41, ""people"": 0, ""track_id"": null, ""target_ex"": 0.0, ""target_cx_vel_px_s"": 0.0, ""target_age_s"": null, ""lidar_min_m"": 4.47, ""target_lidar_m"": null, ""target_lidar_deg"": null, ""camera_range_m"
2026-07-10T13:57:41.802,109.802,mission_20260710_135552_auto,AUTO,,1,13.329310417175293,100.99771881103516,-98.43956182786434,4,True,-1.0,1,0,0,40,0,0.0,0.0,0.0,0,9,13.32939624786377,100.9979019165039,21.99087168822739,92,0.0,0.0,0.0,0,30,-,READY owner=Surnn refs=24,"{""cmd"": ""STOP"", ""status"": ""READY"", ""detector"": ""yolo"", ""state"": ""IDLE"", ""owner"": ""Surnn"", ""score"": null, ""match_max"": 0.5, ""refs"": 24, ""match_mode"": ""none"", ""steer_zones"": 41, ""people"": 0, ""track_id"": null, ""target_ex"": 0.0, ""target_cx_vel_px_s"": 0.0, ""target_age_s"": null, ""lidar_min_m"": 4.47, ""target_lidar_m"": null, ""target_lidar_deg"": null, ""camera_range_m"
2026-07-10T13:57:42.811,110.812,mission_20260710_135552_auto,AUTO,,1,13.329310417175293,100.99771881103516,-98.4384075258946,4,True,-1.0,1,0,0,40,0,0.0,0.0,0.0,0,9,13.32939624786377,100.9979019165039,21.99087168822739,92,26.200000762939453,-1.2999999523162842,40.0,0,30,-,READY owner=Surnn refs=24,"{""cmd"": ""STOP"", ""status"": ""READY"", ""detector"": ""yolo"", ""state"": ""IDLE"", ""owner"": ""Surnn"", ""score"": null, ""match_max"": 0.5, ""refs"": 24, ""match_mode"": ""none"", ""steer_zones"": 41, ""people"": 0, ""track_id"": null, ""target_ex"": 0.0, ""target_cx_vel_px_s"": 0.0, ""target_age_s"": null, ""lidar_min_m"": null, ""target_lidar_m"": null, ""target_lidar_deg"": null, ""camera_range_m"
2026-07-10T13:57:43.816,111.817,mission_20260710_135552_auto,AUTO,,1,13.329310417175293,100.99771881103516,-98.43441186523015,4,True,-1.0,1,0,0,3424,20683,0.0,0.0,0.0,0,9,13.32939624786377,100.9979019165039,21.99087168822739,92,26.200000762939453,-1.2999999523162842,40.0,0,30,-,READY owner=Surnn refs=24,"{""cmd"": ""STOP"", ""status"": ""READY"", ""detector"": ""yolo"", ""state"": ""IDLE"", ""owner"": ""Surnn"", ""score"": null, ""match_max"": 0.5, ""refs"": 24, ""match_mode"": ""none"", ""steer_zones"": 41, ""people"": 0, ""track_id"": null, ""target_ex"": 0.0, ""target_cx_vel_px_s"": 0.0, ""target_age_s"": null, ""lidar_min_m"": null, ""target_lidar_m"": null, ""target_lidar_deg"": null, ""camera_range_m"
2026-07-10T13:57:44.817,112.817,mission_20260710_135552_auto,AUTO,,1,13.329310417175293,100.99771881103516,-98.4308943178076,4,True,-1.0,1,0,0,0,0,0.0,0.0,0.0,0,9,13.32939624786377,100.9979019165039,21.99087168822739,92,40.0,0.0,0.0,0,30,-,READY owner=Surnn refs=24,"{""cmd"": ""STOP"", ""status"": ""READY"", ""detector"": ""yolo"", ""state"": ""IDLE"", ""owner"": ""Surnn"", ""score"": null, ""match_max"": 0.5, ""refs"": 24, ""match_mode"": ""none"", ""steer_zones"": 41, ""people"": 0, ""track_id"": null, ""target_ex"": 0.0, ""target_cx_vel_px_s"": 0.0, ""target_age_s"": null, ""lidar_min_m"": null, ""target_lidar_m"": null, ""target_lidar_deg"": null, ""camera_range_m"
2026-07-10T13:57:45.820,113.821,mission_20260710_135552_auto,AUTO,,1,13.329310417175293,100.99771881103516,-98.42800514778868,4,True,-1.0,1,0,0,3425,20683,0.0,0.0,0.0,0,9,13.32939624786377,100.9979019165039,21.99087168822739,92,26.200000762939453,-1.2999999523162842,40.0,0,30,-,READY owner=Surnn refs=24,"{""cmd"": ""STOP"", ""status"": ""READY"", ""detector"": ""yolo"", ""state"": ""IDLE"", ""owner"": ""Surnn"", ""score"": null, ""match_max"": 0.5, ""refs"": 24, ""match_mode"": ""none"", ""steer_zones"": 41, ""people"": 0, ""track_id"": null, ""target_ex"": 0.0, ""target_cx_vel_px_s"": 0.0, ""target_age_s"": null, ""lidar_min_m"": null, ""target_lidar_m"": null, ""target_lidar_deg"": null, ""camera_range_m"
2026-07-10T13:57:46.828,114.828,mission_20260710_135552_auto,AUTO,,1,13.32931137084961,100.99771881103516,-98.4321715631824,4,True,-1.0,1,0,0,40,0,0.0,0.0,0.0,0,9,13.32939624786377,100.9979019165039,21.94505711219415,92,26.200000762939453,-1.2000000476837158,40.0,0,29,-,READY owner=Surnn refs=24,"{""cmd"": ""STOP"", ""status"": ""READY"", ""detector"": ""yolo"", ""state"": ""IDLE"", ""owner"": ""Surnn"", ""score"": null, ""match_max"": 0.5, ""refs"": 24, ""match_mode"": ""none"", ""steer_zones"": 41, ""people"": 0, ""track_id"": null, ""target_ex"": 0.0, ""target_cx_vel_px_s"": 0.0, ""target_age_s"": null, ""lidar_min_m"": null, ""target_lidar_m"": null, ""target_lidar_deg"": null, ""camera_range_m"
2026-07-10T13:57:47.838,115.839,mission_20260710_135552_auto,AUTO,,1,13.32931137084961,100.99771881103516,-98.43456212939189,4,True,-1.0,1,0,0,3425,20683,0.0,0.0,0.0,0,9,13.32939624786377,100.9979019165039,21.94505711219415,92,26.200000762939453,-1.2999999523162842,40.0,0,29,-,READY owner=Surnn refs=24,"{""cmd"": ""STOP"", ""status"": ""READY"", ""detector"": ""yolo"", ""state"": ""IDLE"", ""owner"": ""Surnn"", ""score"": null, ""match_max"": 0.5, ""refs"": 24, ""match_mode"": ""none"", ""steer_zones"": 41, ""people"": 0, ""track_id"": null, ""target_ex"": 0.0, ""target_cx_vel_px_s"": 0.0, ""target_age_s"": null, ""lidar_min_m"": null, ""target_lidar_m"": null, ""target_lidar_deg"": null, ""camera_range_m"
2026-07-10T13:57:48.854,116.854,mission_20260710_135552_auto,AUTO,,1,13.32931137084961,100.99771881103516,-98.44513526222707,4,True,-1.0,1,0,0,3426,20683,0.0,0.0,0.0,0,9,13.32939624786377,100.9979019165039,21.94505711219415,92,26.200000762939453,-1.2000000476837158,40.0,0,29,-,READY owner=Surnn refs=24,"{""cmd"": ""STOP"", ""status"": ""READY"", ""detector"": ""yolo"", ""state"": ""IDLE"", ""owner"": ""Surnn"", ""score"": null, ""match_max"": 0.5, ""refs"": 24, ""match_mode"": ""none"", ""steer_zones"": 41, ""people"": 0, ""track_id"": null, ""target_ex"": 0.0, ""target_cx_vel_px_s"": 0.0, ""target_age_s"": null, ""lidar_min_m"": null, ""target_lidar_m"": null, ""target_lidar_deg"": null, ""camera_range_m"
2026-07-10T13:57:49.890,117.891,mission_20260710_135552_auto,AUTO,,1,13.329310417175293,100.99771881103516,-98.45588597998068,4,True,-1.0,1,0,0,3426,20683,0.0,0.0,0.0,0,9,13.32939624786377,100.9979019165039,21.99087168822739,92,26.200000762939453,-1.2999999523162842,40.0,0,29,-,READY owner=Surnn refs=24,"{""cmd"": ""STOP"", ""status"": ""READY"", ""detector"": ""yolo"", ""state"": ""IDLE"", ""owner"": ""Surnn"", ""score"": null, ""match_max"": 0.5, ""refs"": 24, ""match_mode"": ""none"", ""steer_zones"": 41, ""people"": 0, ""track_id"": null, ""target_ex"": 0.0, ""target_cx_vel_px_s"": 0.0, ""target_age_s"": null, ""lidar_min_m"": null, ""target_lidar_m"": null, ""target_lidar_deg"": null, ""camera_range_m"
2026-07-10T13:57:50.896,118.897,mission_20260710_135552_auto,AUTO,,1,13.329310417175293,100.99771881103516,-98.46441688625401,4,True,-1.0,1,0,0,1,0,0.0,0.0,0.0,0,9,13.32939624786377,100.9979019165039,21.99087168822739,92,0.0,0.0,0.0,0,29,-,READY owner=Surnn refs=24,"{""cmd"": ""STOP"", ""status"": ""READY"", ""detector"": ""yolo"", ""state"": ""IDLE"", ""owner"": ""Surnn"", ""score"": null, ""match_max"": 0.5, ""refs"": 24, ""match_mode"": ""none"", ""steer_zones"": 41, ""people"": 0, ""track_id"": null, ""target_ex"": 0.0, ""target_cx_vel_px_s"": 0.0, ""target_age_s"": null, ""lidar_min_m"": null, ""target_lidar_m"": null, ""target_lidar_deg"": null, ""camera_range_m"
2026-07-10T13:57:51.897,119.897,mission_20260710_135552_auto,AUTO,,1,13.32931137084961,100.99771881103516,-98.47662243430084,4,True,-1.0,1,0,0,0,0,0.0,0.0,0.0,0,9,13.32939624786377,100.9979019165039,21.94505711219415,92,40.0,0.0,0.0,0,29,-,READY owner=Surnn refs=24,"{""cmd"": ""STOP"", ""status"": ""READY"", ""detector"": ""yolo"", ""state"": ""IDLE"", ""owner"": ""Surnn"", ""score"": null, ""match_max"": 0.5, ""refs"": 24, ""match_mode"": ""none"", ""steer_zones"": 41, ""people"": 0, ""track_id"": null, ""target_ex"": 0.0, ""target_cx_vel_px_s"": 0.0, ""target_age_s"": null, ""lidar_min_m"": null, ""target_lidar_m"": null, ""target_lidar_deg"": null, ""camera_range_m"
2026-07-10T13:57:52.901,120.902,mission_20260710_135552_auto,AUTO,,1,13.32931137084961,100.99771881103516,-98.47899250994283,4,True,-1.0,1,0,0,3426,20683,0.0,0.0,0.0,0,9,13.32939624786377,100.9979019165039,21.94505711219415,92,26.200000762939453,-1.2999999523162842,40.0,0,29,-,READY owner=Surnn refs=24,"{""cmd"": ""STOP"", ""status"": ""READY"", ""detector"": ""yolo"", ""state"": ""IDLE"", ""owner"": ""Surnn"", ""score"": null, ""match_max"": 0.5, ""refs"": 24, ""match_mode"": ""none"", ""steer_zones"": 41, ""people"": 0, ""track_id"": null, ""target_ex"": 0.0, ""target_cx_vel_px_s"": 0.0, ""target_age_s"": null, ""lidar_min_m"": 3.18, ""target_lidar_m"": null, ""target_lidar_deg"": null, ""camera_range_m"
2026-07-10T13:57:53.902,121.902,mission_20260710_135552_auto,AUTO,,1,13.32931137084961,100.99771881103516,-98.48311794420151,4,True,-1.0,1,0,0,3426,20683,0.0,0.0,0.0,0,9,13.32939624786377,100.9979019165039,21.94505711219415,92,26.200000762939453,-1.2999999523162842,40.0,0,29,-,READY owner=Surnn refs=24,"{""cmd"": ""STOP"", ""status"": ""READY"", ""detector"": ""yolo"", ""state"": ""IDLE"", ""owner"": ""Surnn"", ""score"": null, ""match_max"": 0.5, ""refs"": 24, ""match_mode"": ""none"", ""steer_zones"": 41, ""people"": 0, ""track_id"": null, ""target_ex"": 0.0, ""target_cx_vel_px_s"": 0.0, ""target_age_s"": null, ""lidar_min_m"": null, ""target_lidar_m"": null, ""target_lidar_deg"": null, ""camera_range_m"
2026-07-10T13:57:54.908,122.908,mission_20260710_135552_auto,AUTO,,1,13.32931137084961,100.99771881103516,-98.48268081209463,4,True,-1.0,1,0,0,3426,20683,0.0,0.0,0.0,0,9,13.32939624786377,100.9979019165039,21.94505711219415,92,26.200000762939453,-1.2999999523162842,40.0,0,29,-,READY owner=Surnn refs=24,"{""cmd"": ""STOP"", ""status"": ""READY"", ""detector"": ""yolo"", ""state"": ""IDLE"", ""owner"": ""Surnn"", ""score"": null, ""match_max"": 0.5, ""refs"": 24, ""match_mode"": ""none"", ""steer_zones"": 41, ""people"": 0, ""track_id"": null, ""target_ex"": 0.0, ""target_cx_vel_px_s"": 0.0, ""target_age_s"": null, ""lidar_min_m"": null, ""target_lidar_m"": null, ""target_lidar_deg"": null, ""camera_range_m"
2026-07-10T13:57:55.913,123.914,mission_20260710_135552_auto,AUTO,,1,13.32931137084961,100.99771881103516,-98.47727813246115,4,True,-1.0,1,0,0,3426,20683,0.0,0.0,0.0,0,9,13.32939624786377,100.9979019165039,21.94505711219415,92,26.200000762939453,-1.399999976158142,40.0,0,29,-,READY owner=Surnn refs=24,"{""cmd"": ""STOP"", ""status"": ""READY"", ""detector"": ""yolo"", ""state"": ""IDLE"", ""owner"": ""Surnn"", ""score"": null, ""match_max"": 0.5, ""refs"": 24, ""match_mode"": ""none"", ""steer_zones"": 41, ""people"": 0, ""track_id"": null, ""target_ex"": 0.0, ""target_cx_vel_px_s"": 0.0, ""target_age_s"": null, ""lidar_min_m"": 2.58, ""target_lidar_m"": null, ""target_lidar_deg"": null, ""camera_range_m"
2026-07-10T13:57:56.915,124.915,mission_20260710_135552_auto,AUTO,,1,13.32931137084961,100.99771881103516,-98.47492854738667,4,True,-1.0,1,0,0,3426,20683,0.0,0.0,0.0,0,9,13.32939624786377,100.9979019165039,21.94505711219415,92,26.200000762939453,-1.2000000476837158,40.0,0,29,-,READY owner=Surnn refs=24,"{""cmd"": ""STOP"", ""status"": ""READY"", ""detector"": ""yolo"", ""state"": ""IDLE"", ""owner"": ""Surnn"", ""score"": null, ""match_max"": 0.5, ""refs"": 24, ""match_mode"": ""none"", ""steer_zones"": 41, ""people"": 0, ""track_id"": null, ""target_ex"": 0.0, ""target_cx_vel_px_s"": 0.0, ""target_age_s"": null, ""lidar_min_m"": 1.92, ""target_lidar_m"": null, ""target_lidar_deg"": null, ""camera_range_m"
2026-07-10T13:57:57.929,125.93,mission_20260710_135552_auto,AUTO,,1,13.32931137084961,100.99771881103516,-98.47083043388466,4,True,-1.0,1,0,0,3426,20683,0.0,0.0,0.0,0,9,13.32939624786377,100.9979019165039,21.94505711219415,92,26.200000762939453,-1.2000000476837158,40.0,0,29,-,READY owner=Surnn refs=24,"{""cmd"": ""STOP"", ""status"": ""READY"", ""detector"": ""yolo"", ""state"": ""IDLE"", ""owner"": ""Surnn"", ""score"": null, ""match_max"": 0.5, ""refs"": 24, ""match_mode"": ""none"", ""steer_zones"": 41, ""people"": 0, ""track_id"": null, ""target_ex"": 0.0, ""target_cx_vel_px_s"": 0.0, ""target_age_s"": null, ""lidar_min_m"": null, ""target_lidar_m"": null, ""target_lidar_deg"": null, ""camera_range_m"
2026-07-10T13:57:58.947,126.947,mission_20260710_135552_auto,AUTO,,1,13.32931137084961,100.99771881103516,-98.47098752823557,4,True,-1.0,1,0,0,3426,20683,0.0,0.0,0.0,0,9,13.32939624786377,100.9979019165039,21.94505711219415,92,26.200000762939453,-1.2999999523162842,40.0,0,29,-,READY owner=Surnn refs=24,"{""cmd"": ""STOP"", ""status"": ""READY"", ""detector"": ""yolo"", ""state"": ""IDLE"", ""owner"": ""Surnn"", ""score"": null, ""match_max"": 0.5, ""refs"": 24, ""match_mode"": ""none"", ""steer_zones"": 41, ""people"": 0, ""track_id"": null, ""target_ex"": 0.0, ""target_cx_vel_px_s"": 0.0, ""target_age_s"": null, ""lidar_min_m"": null, ""target_lidar_m"": null, ""target_lidar_deg"": null, ""camera_range_m"
2026-07-10T13:57:59.951,127.951,mission_20260710_135552_auto,AUTO,,1,13.32931137084961,100.99771881103516,-98.48332968006578,4,True,-1.0,1,0,0,40,0,0.0,0.0,0.0,0,9,13.32939624786377,100.9979019165039,21.94505711219415,92,26.200000762939453,-1.2999999523162842,40.0,0,30,-,READY owner=Surnn refs=24,"{""cmd"": ""STOP"", ""status"": ""READY"", ""detector"": ""yolo"", ""state"": ""IDLE"", ""owner"": ""Surnn"", ""score"": null, ""match_max"": 0.5, ""refs"": 24, ""match_mode"": ""none"", ""steer_zones"": 41, ""people"": 0, ""track_id"": null, ""target_ex"": 0.0, ""target_cx_vel_px_s"": 0.0, ""target_age_s"": null, ""lidar_min_m"": 1.92, ""target_lidar_m"": null, ""target_lidar_deg"": null, ""camera_range_m"
2026-07-10T13:58:00.952,128.953,mission_20260710_135552_auto,AUTO,,1,13.32931137084961,100.99771881103516,-98.50517945522066,4,True,-1.0,1,0,0,40,0,0.0,0.0,0.0,0,9,13.32939624786377,100.9979019165039,21.94505711219415,92,26.200000762939453,-1.2000000476837158,40.0,0,30,-,READY owner=Surnn refs=24,"{""cmd"": ""STOP"", ""status"": ""READY"", ""detector"": ""yolo"", ""state"": ""IDLE"", ""owner"": ""Surnn"", ""score"": null, ""match_max"": 0.5, ""refs"": 24, ""match_mode"": ""none"", ""steer_zones"": 41, ""people"": 0, ""track_id"": null, ""target_ex"": 0.0, ""target_cx_vel_px_s"": 0.0, ""target_age_s"": null, ""lidar_min_m"": 5.94, ""target_lidar_m"": null, ""target_lidar_deg"": null, ""camera_range_m"
2026-07-10T13:58:01.957,129.957,mission_20260710_135552_auto,AUTO,,1,13.329312324523926,100.99771881103516,-98.51684541832303,4,True,-1.0,1,0,0,3426,20683,0.0,0.0,0.0,0,9,13.32939624786377,100.9979019165039,21.899660185921388,92,26.200000762939453,-1.2999999523162842,40.0,0,30,-,READY owner=Surnn refs=24,"{""cmd"": ""STOP"", ""status"": ""READY"", ""detector"": ""yolo"", ""state"": ""IDLE"", ""owner"": ""Surnn"", ""score"": null, ""match_max"": 0.5, ""refs"": 24, ""match_mode"": ""none"", ""steer_zones"": 41, ""people"": 0, ""track_id"": null, ""target_ex"": 0.0, ""target_cx_vel_px_s"": 0.0, ""target_age_s"": null, ""lidar_min_m"": null, ""target_lidar_m"": null, ""target_lidar_deg"": null, ""camera_range_m"
2026-07-10T13:58:02.961,130.961,mission_20260710_135552_auto,AUTO,,1,13.329312324523926,100.99771881103516,-98.52691311715964,4,True,-1.0,1,0,0,0,0,0.0,0.0,0.0,0,9,13.32939624786377,100.9979019165039,21.899660185921388,92,40.0,0.0,0.0,0,30,-,READY owner=Surnn refs=24,"{""cmd"": ""STOP"", ""status"": ""READY"", ""detector"": ""yolo"", ""state"": ""IDLE"", ""owner"": ""Surnn"", ""score"": null, ""match_max"": 0.5, ""refs"": 24, ""match_mode"": ""none"", ""steer_zones"": 41, ""people"": 0, ""track_id"": null, ""target_ex"": 0.0, ""target_cx_vel_px_s"": 0.0, ""target_age_s"": null, ""lidar_min_m"": null, ""target_lidar_m"": null, ""target_lidar_deg"": null, ""camera_range_m"
2026-07-10T13:58:03.968,131.968,mission_20260710_135552_auto,AUTO,,1,13.329312324523926,100.99771881103516,-98.54196685409035,4,True,-1.0,1,0,0,3426,20683,0.0,0.0,0.0,0,9,13.32939624786377,100.9979019165039,21.899660185921388,92,26.200000762939453,-1.2000000476837158,40.0,0,30,-,READY owner=Surnn refs=24,"{""cmd"": ""STOP"", ""status"": ""READY"", ""detector"": ""yolo"", ""state"": ""IDLE"", ""owner"": ""Surnn"", ""score"": null, ""match_max"": 0.5, ""refs"": 24, ""match_mode"": ""none"", ""steer_zones"": 41, ""people"": 0, ""track_id"": null, ""target_ex"": 0.0, ""target_cx_vel_px_s"": 0.0, ""target_age_s"": null, ""lidar_min_m"": 5.19, ""target_lidar_m"": null, ""target_lidar_deg"": null, ""camera_range_m"
2026-07-10T13:58:04.970,132.97,mission_20260710_135552_auto,AUTO,,1,13.329312324523926,100.99771881103516,-98.54414568443558,4,True,-1.0,1,0,0,0,0,0.0,0.0,0.0,0,9,13.32939624786377,100.9979019165039,21.899660185921388,92,40.0,0.0,0.0,0,30,-,READY owner=Surnn refs=24,"{""cmd"": ""STOP"", ""status"": ""READY"", ""detector"": ""yolo"", ""state"": ""IDLE"", ""owner"": ""Surnn"", ""score"": null, ""match_max"": 0.5, ""refs"": 24, ""match_mode"": ""none"", ""steer_zones"": 41, ""people"": 0, ""track_id"": null, ""target_ex"": 0.0, ""target_cx_vel_px_s"": 0.0, ""target_age_s"": null, ""lidar_min_m"": 4.44, ""target_lidar_m"": null, ""target_lidar_deg"": null, ""camera_range_m"
2026-07-10T13:58:05.971,133.972,mission_20260710_135552_auto,AUTO,,1,13.329312324523926,100.99771881103516,-98.55148813779334,4,True,-1.0,1,0,0,3426,20683,0.0,0.0,0.0,0,9,13.32939624786377,100.9979019165039,21.899660185921388,92,26.200000762939453,-1.2999999523162842,40.0,0,30,-,READY owner=Surnn refs=24,"{""cmd"": ""STOP"", ""status"": ""READY"", ""detector"": ""yolo"", ""state"": ""IDLE"", ""owner"": ""Surnn"", ""score"": null, ""match_max"": 0.5, ""refs"": 24, ""match_mode"": ""none"", ""steer_zones"": 41, ""people"": 0, ""track_id"": null, ""target_ex"": 0.0, ""target_cx_vel_px_s"": 0.0, ""target_age_s"": null, ""lidar_min_m"": null, ""target_lidar_m"": null, ""target_lidar_deg"": null, ""camera_range_m"
2026-07-10T13:58:06.976,134.976,mission_20260710_135552_auto,AUTO,,1,13.329313278198242,100.99771881103516,-98.55221896803454,4,True,-1.0,1,0,0,3426,20683,0.0,0.0,0.0,0,9,13.32939624786377,100.9979019165039,21.85468351205716,92,26.200000762939453,-1.399999976158142,40.0,0,30,-,READY owner=Surnn refs=24,"{""cmd"": ""STOP"", ""status"": ""READY"", ""detector"": ""yolo"", ""state"": ""IDLE"", ""owner"": ""Surnn"", ""score"": null, ""match_max"": 0.5, ""refs"": 24, ""match_mode"": ""none"", ""steer_zones"": 41, ""people"": 0, ""track_id"": null, ""target_ex"": 0.0, ""target_cx_vel_px_s"": 0.0, ""target_age_s"": null, ""lidar_min_m"": null, ""target_lidar_m"": null, ""target_lidar_deg"": null, ""camera_range_m"
2026-07-10T13:58:07.979,135.98,mission_20260710_135552_auto,AUTO,,1,13.329313278198242,100.99771881103516,-98.55757383634382,4,True,-1.0,1,0,0,20683,0,0.0,0.0,0.0,0,9,13.32939624786377,100.9979019165039,21.85468351205716,92,-1.2999999523162842,40.0,0.0,0,29,-,READY owner=Surnn refs=24,"{""cmd"": ""STOP"", ""status"": ""READY"", ""detector"": ""yolo"", ""state"": ""IDLE"", ""owner"": ""Surnn"", ""score"": null, ""match_max"": 0.5, ""refs"": 24, ""match_mode"": ""none"", ""steer_zones"": 41, ""people"": 0, ""track_id"": null, ""target_ex"": 0.0, ""target_cx_vel_px_s"": 0.0, ""target_age_s"": null, ""lidar_min_m"": 4.46, ""target_lidar_m"": null, ""target_lidar_deg"": null, ""camera_range_m"
2026-07-10T13:58:08.980,136.98,mission_20260710_135552_auto,AUTO,,1,13.329313278198242,100.99771881103516,-98.55684300610262,4,True,-1.0,1,0,0,3427,20683,0.0,0.0,0.0,0,9,13.32939624786377,100.9979019165039,21.85468351205716,92,26.200000762939453,-1.2000000476837158,40.0,0,30,-,READY owner=Surnn refs=24,"{""cmd"": ""STOP"", ""status"": ""READY"", ""detector"": ""yolo"", ""state"": ""IDLE"", ""owner"": ""Surnn"", ""score"": null, ""match_max"": 0.5, ""refs"": 24, ""match_mode"": ""none"", ""steer_zones"": 41, ""people"": 0, ""track_id"": null, ""target_ex"": 0.0, ""target_cx_vel_px_s"": 0.0, ""target_age_s"": null, ""lidar_min_m"": 3.7, ""target_lidar_m"": null, ""target_lidar_deg"": null, ""camera_range_m"""
2026-07-10T13:58:09.981,137.982,mission_20260710_135552_auto,AUTO,,1,13.329313278198242,100.99771881103516,-98.57151425243981,4,True,-1.0,1,0,0,3427,20683,0.0,0.0,0.0,0,9,13.32939624786377,100.9979019165039,21.85468351205716,92,26.200000762939453,-1.2999999523162842,40.0,0,29,-,READY owner=Surnn refs=24,"{""cmd"": ""STOP"", ""status"": ""READY"", ""detector"": ""yolo"", ""state"": ""IDLE"", ""owner"": ""Surnn"", ""score"": null, ""match_max"": 0.5, ""refs"": 24, ""match_mode"": ""none"", ""steer_zones"": 41, ""people"": 0, ""track_id"": null, ""target_ex"": 0.0, ""target_cx_vel_px_s"": 0.0, ""target_age_s"": null, ""lidar_min_m"": 2.04, ""target_lidar_m"": null, ""target_lidar_deg"": null, ""camera_range_m"
2026-07-10T13:58:10.985,138.986,mission_20260710_135552_auto,AUTO,,1,13.329313278198242,100.99771881103516,-98.58154780033057,4,True,1.9049999713897705,1,0,0,3427,20683,0.0,0.0,0.0,0,9,13.32939624786377,100.9979019165039,21.85468351205716,92,26.200000762939453,-1.2000000476837158,40.0,0,29,-,READY owner=Surnn refs=24,"{""cmd"": ""STOP"", ""status"": ""READY"", ""detector"": ""yolo"", ""state"": ""IDLE"", ""owner"": ""Surnn"", ""score"": null, ""match_max"": 0.5, ""refs"": 24, ""match_mode"": ""none"", ""steer_zones"": 41, ""people"": 0, ""track_id"": null, ""target_ex"": 0.0, ""target_cx_vel_px_s"": 0.0, ""target_age_s"": null, ""lidar_min_m"": null, ""target_lidar_m"": null, ""target_lidar_deg"": null, ""camera_range_m"
2026-07-10T13:58:11.987,139.987,mission_20260710_135552_auto,AUTO,,1,13.329313278198242,100.99771881103516,-98.59243512186757,4,True,-1.0,1,0,0,3427,206,0.0,0.0,0.0,0,9,13.32939624786377,100.9979019165039,21.85468351205716,92,40.0,0.0,0.0,0,30,-,READY owner=Surnn refs=24,"{""cmd"": ""STOP"", ""status"": ""READY"", ""detector"": ""yolo"", ""state"": ""IDLE"", ""owner"": ""Surnn"", ""score"": null, ""match_max"": 0.5, ""refs"": 24, ""match_mode"": ""none"", ""steer_zones"": 41, ""people"": 0, ""track_id"": null, ""target_ex"": 0.0, ""target_cx_vel_px_s"": 0.0, ""target_age_s"": null, ""lidar_min_m"": null, ""target_lidar_m"": null, ""target_lidar_deg"": null, ""camera_range_m"
2026-07-10T13:58:12.993,140.993,mission_20260710_135552_auto,AUTO,,1,13.329313278198242,100.99771881103516,-98.60503682088624,4,True,-1.0,1,0,0,0,0,0.0,0.0,0.0,0,9,13.32939624786377,100.9979019165039,21.85468351205716,92,40.0,0.0,0.0,0,30,-,READY owner=Surnn refs=24,"{""cmd"": ""STOP"", ""status"": ""READY"", ""detector"": ""yolo"", ""state"": ""IDLE"", ""owner"": ""Surnn"", ""score"": null, ""match_max"": 0.5, ""refs"": 24, ""match_mode"": ""none"", ""steer_zones"": 41, ""people"": 0, ""track_id"": null, ""target_ex"": 0.0, ""target_cx_vel_px_s"": 0.0, ""target_age_s"": null, ""lidar_min_m"": null, ""target_lidar_m"": null, ""target_lidar_deg"": null, ""camera_range_m"
2026-07-10T13:58:13.996,141.996,mission_20260710_135552_auto,AUTO,,1,13.329314231872559,100.99771881103516,-98.62059599181553,4,True,-1.0,1,0,0,3427,20683,0.0,0.0,0.0,0,9,13.32939624786377,100.9979019165039,21.810129690525017,92,26.200000762939453,-1.2999999523162842,40.0,0,30,-,READY owner=Surnn refs=24,"{""cmd"": ""STOP"", ""status"": ""READY"", ""detector"": ""yolo"", ""state"": ""IDLE"", ""owner"": ""Surnn"", ""score"": null, ""match_max"": 0.5, ""refs"": 24, ""match_mode"": ""none"", ""steer_zones"": 41, ""people"": 0, ""track_id"": null, ""target_ex"": 0.0, ""target_cx_vel_px_s"": 0.0, ""target_age_s"": null, ""lidar_min_m"": 1.94, ""target_lidar_m"": null, ""target_lidar_deg"": null, ""camera_range_m"
2026-07-10T13:58:14.996,142.996,mission_20260710_135552_auto,AUTO,,1,13.329314231872559,100.99771881103516,-98.63695429487771,4,True,-1.0,1,0,0,3427,20683,0.0,0.0,0.0,0,9,13.32939624786377,100.9979019165039,21.810129690525017,92,26.200000762939453,-1.2000000476837158,40.0,0,30,-,READY owner=Surnn refs=24,"{""cmd"": ""STOP"", ""status"": ""READY"", ""detector"": ""yolo"", ""state"": ""IDLE"", ""owner"": ""Surnn"", ""score"": null, ""match_max"": 0.5, ""refs"": 24, ""match_mode"": ""none"", ""steer_zones"": 41, ""people"": 0, ""track_id"": null, ""target_ex"": 0.0, ""target_cx_vel_px_s"": 0.0, ""target_age_s"": null, ""lidar_min_m"": 1.98, ""target_lidar_m"": null, ""target_lidar_deg"": null, ""camera_range_m"
2026-07-10T13:58:16.009,144.009,mission_20260710_135552_auto,AUTO,,1,13.329314231872559,100.99771881103516,-98.64556033323193,4,True,-1.0,1,0,0,3427,20683,0.0,0.0,0.0,0,9,13.32939624786377,100.9979019165039,21.810129690525017,92,26.200000762939453,-1.2000000476837158,40.0,0,30,-,READY owner=Surnn refs=24,"{""cmd"": ""STOP"", ""status"": ""READY"", ""detector"": ""yolo"", ""state"": ""IDLE"", ""owner"": ""Surnn"", ""score"": null, ""match_max"": 0.5, ""refs"": 24, ""match_mode"": ""none"", ""steer_zones"": 41, ""people"": 0, ""track_id"": null, ""target_ex"": 0.0, ""target_cx_vel_px_s"": 0.0, ""target_age_s"": null, ""lidar_min_m"": 4.49, ""target_lidar_m"": null, ""target_lidar_deg"": null, ""camera_range_m"
2026-07-10T13:58:17.025,145.026,mission_20260710_135552_auto,AUTO,,1,13.329314231872559,100.99771881103516,-98.65719897557763,4,True,-1.0,1,0,0,3427,20683,0.0,0.0,0.0,0,9,13.32939624786377,100.9979019165039,21.810129690525017,92,26.200000762939453,-1.100000023841858,40.0,0,30,-,READY owner=Surnn refs=24,"{""cmd"": ""STOP"", ""status"": ""READY"", ""detector"": ""yolo"", ""state"": ""IDLE"", ""owner"": ""Surnn"", ""score"": null, ""match_max"": 0.5, ""refs"": 24, ""match_mode"": ""none"", ""steer_zones"": 41, ""people"": 0, ""track_id"": null, ""target_ex"": 0.0, ""target_cx_vel_px_s"": 0.0, ""target_age_s"": null, ""lidar_min_m"": 4.89, ""target_lidar_m"": null, ""target_lidar_deg"": null, ""camera_range_m"
2026-07-10T13:58:18.032,146.032,mission_20260710_135552_auto,AUTO,,1,13.329314231872559,100.99771881103516,-98.67392610885499,4,True,-1.0,1,0,0,0,0,0.0,0.0,0.0,0,9,13.32939624786377,100.9979019165039,21.810129690525017,92,40.0,0.0,0.0,0,30,-,READY owner=Surnn refs=24,"{""cmd"": ""STOP"", ""status"": ""READY"", ""detector"": ""yolo"", ""state"": ""IDLE"", ""owner"": ""Surnn"", ""score"": null, ""match_max"": 0.5, ""refs"": 24, ""match_mode"": ""none"", ""steer_zones"": 41, ""people"": 0, ""track_id"": null, ""target_ex"": 0.0, ""target_cx_vel_px_s"": 0.0, ""target_age_s"": null, ""lidar_min_m"": 4.49, ""target_lidar_m"": null, ""target_lidar_deg"": null, ""camera_range_m"
2026-07-10T13:58:19.035,147.035,mission_20260710_135552_auto,AUTO,,1,13.329314231872559,100.99771881103516,-98.67391244847666,4,True,-1.0,1,0,0,0,0,0.0,0.0,0.0,0,9,13.32939624786377,100.9979019165039,21.810129690525017,92,26.200000762939453,-1.2000000476837158,40.0,0,30,-,READY owner=Surnn refs=24,"{""cmd"": ""STOP"", ""status"": ""READY"", ""detector"": ""yolo"", ""state"": ""IDLE"", ""owner"": ""Surnn"", ""score"": null, ""match_max"": 0.5, ""refs"": 24, ""match_mode"": ""none"", ""steer_zones"": 41, ""people"": 0, ""track_id"": null, ""target_ex"": 0.0, ""target_cx_vel_px_s"": 0.0, ""target_age_s"": null, ""lidar_min_m"": 1.99, ""target_lidar_m"": null, ""target_lidar_deg"": null, ""camera_range_m"
2026-07-10T13:58:20.037,148.037,mission_20260710_135552_auto,AUTO,,1,13.329314231872559,100.99771881103516,-98.6711462218628,4,True,-1.0,1,0,0,3427,20683,0.0,0.0,0.0,0,9,13.32939624786377,100.9979019165039,21.810129690525017,92,26.200000762939453,-1.399999976158142,40.0,0,30,-,READY owner=Surnn refs=24,"{""cmd"": ""STOP"", ""status"": ""READY"", ""detector"": ""yolo"", ""state"": ""IDLE"", ""owner"": ""Surnn"", ""score"": null, ""match_max"": 0.5, ""refs"": 24, ""match_mode"": ""none"", ""steer_zones"": 41, ""people"": 0, ""track_id"": null, ""target_ex"": 0.0, ""target_cx_vel_px_s"": 0.0, ""target_age_s"": null, ""lidar_min_m"": 1.99, ""target_lidar_m"": null, ""target_lidar_deg"": null, ""camera_range_m"
2026-07-10T13:58:21.041,149.041,mission_20260710_135552_auto,AUTO,,1,13.329314231872559,100.99771881103516,-98.67714995814323,4,True,-1.0,1,0,0,3427,20683,0.0,0.0,0.0,0,9,13.32939624786377,100.9979019165039,21.810129690525017,92,26.200000762939453,-1.2999999523162842,40.0,0,30,-,READY owner=Surnn refs=24,"{""cmd"": ""STOP"", ""status"": ""READY"", ""detector"": ""yolo"", ""state"": ""IDLE"", ""owner"": ""Surnn"", ""score"": null, ""match_max"": 0.5, ""refs"": 24, ""match_mode"": ""none"", ""steer_zones"": 41, ""people"": 0, ""track_id"": null, ""target_ex"": 0.0, ""target_cx_vel_px_s"": 0.0, ""target_age_s"": null, ""lidar_min_m"": 1.92, ""target_lidar_m"": null, ""target_lidar_deg"": null, ""camera_range_m"
2026-07-10T13:58:22.044,150.045,mission_20260710_135552_auto,AUTO,,1,13.329314231872559,100.99771881103516,-98.67758026006095,4,True,-1.0,1,0,0,3427,20683,0.0,0.0,0.0,0,9,13.32939624786377,100.9979019165039,21.810129690525017,92,26.200000762939453,-1.100000023841858,40.0,0,30,-,READY owner=Surnn refs=24,"{""cmd"": ""STOP"", ""status"": ""READY"", ""detector"": ""yolo"", ""state"": ""IDLE"", ""owner"": ""Surnn"", ""score"": null, ""match_max"": 0.5, ""refs"": 24, ""match_mode"": ""none"", ""steer_zones"": 41, ""people"": 0, ""track_id"": null, ""target_ex"": 0.0, ""target_cx_vel_px_s"": 0.0, ""target_age_s"": null, ""lidar_min_m"": 1.92, ""target_lidar_m"": null, ""target_lidar_deg"": null, ""camera_range_m"
2026-07-10T13:58:23.045,151.045,mission_20260710_135552_auto,AUTO,,1,13.329314231872559,100.99771881103516,-98.68219746793987,4,True,-1.0,1,0,0,0,0,0.0,0.0,0.0,0,9,13.32939624786377,100.9979019165039,21.810129690525017,92,26.200000762939453,-1.2999999523162842,40.0,0,30,-,READY owner=Surnn refs=24,"{""cmd"": ""STOP"", ""status"": ""READY"", ""detector"": ""yolo"", ""state"": ""IDLE"", ""owner"": ""Surnn"", ""score"": null, ""match_max"": 0.5, ""refs"": 24, ""match_mode"": ""none"", ""steer_zones"": 41, ""people"": 0, ""track_id"": null, ""target_ex"": 0.0, ""target_cx_vel_px_s"": 0.0, ""target_age_s"": null, ""lidar_min_m"": 7.17, ""target_lidar_m"": null, ""target_lidar_deg"": null, ""camera_range_m"
2026-07-10T13:58:24.045,152.046,mission_20260710_135552_auto,AUTO,,1,13.329314231872559,100.99771881103516,-98.68453339263601,4,True,-1.0,1,0,0,0,0,0.0,0.0,0.0,0,9,13.32939624786377,100.9979019165039,21.810129690525017,92,26.200000762939453,-1.399999976158142,40.0,0,30,-,READY owner=Surnn refs=24,"{""cmd"": ""STOP"", ""status"": ""READY"", ""detector"": ""yolo"", ""state"": ""IDLE"", ""owner"": ""Surnn"", ""score"": null, ""match_max"": 0.5, ""refs"": 24, ""match_mode"": ""none"", ""steer_zones"": 41, ""people"": 0, ""track_id"": null, ""target_ex"": 0.0, ""target_cx_vel_px_s"": 0.0, ""target_age_s"": null, ""lidar_min_m"": 1.95, ""target_lidar_m"": null, ""target_lidar_deg"": null, ""camera_range_m"
2026-07-10T13:58:25.050,153.05,mission_20260710_135552_auto,AUTO,,1,13.329314231872559,100.99771881103516,-98.68862467594886,4,True,-1.0,1,0,0,3427,2068,0.0,0.0,0.0,0,9,13.32939624786377,100.9979019165039,21.810129690525017,92,26.200000762939453,-1.100000023841858,40.0,0,30,-,READY owner=Surnn refs=24,"{""cmd"": ""STOP"", ""status"": ""READY"", ""detector"": ""yolo"", ""state"": ""IDLE"", ""owner"": ""Surnn"", ""score"": null, ""match_max"": 0.5, ""refs"": 24, ""match_mode"": ""none"", ""steer_zones"": 41, ""people"": 0, ""track_id"": null, ""target_ex"": 0.0, ""target_cx_vel_px_s"": 0.0, ""target_age_s"": null, ""lidar_min_m"": null, ""target_lidar_m"": null, ""target_lidar_deg"": null, ""camera_range_m"
2026-07-10T13:58:26.058,154.058,mission_20260710_135552_auto,AUTO,,1,13.329314231872559,100.99771881103516,-98.70552939414463,4,True,-1.0,1,0,0,0,0,0.0,0.0,0.0,0,9,13.32939624786377,100.9979019165039,21.810129690525017,92,26.200000762939453,-1.100000023841858,40.0,0,30,-,READY owner=Surnn refs=24,"{""cmd"": ""STOP"", ""status"": ""READY"", ""detector"": ""yolo"", ""state"": ""IDLE"", ""owner"": ""Surnn"", ""score"": null, ""match_max"": 0.5, ""refs"": 24, ""match_mode"": ""none"", ""steer_zones"": 41, ""people"": 0, ""track_id"": null, ""target_ex"": 0.0, ""target_cx_vel_px_s"": 0.0, ""target_age_s"": null, ""lidar_min_m"": null, ""target_lidar_m"": null, ""target_lidar_deg"": null, ""camera_range_m"
2026-07-10T13:58:27.060,155.06,mission_20260710_135552_auto,AUTO,,1,13.329314231872559,100.99771881103516,-98.7105495831846,4,True,-1.0,1,0,0,3427,20683,0.0,0.0,0.0,0,9,13.32939624786377,100.9979019165039,21.810129690525017,92,26.200000762939453,-1.2999999523162842,40.0,0,30,-,READY owner=Surnn refs=24,"{""cmd"": ""STOP"", ""status"": ""READY"", ""detector"": ""yolo"", ""state"": ""IDLE"", ""owner"": ""Surnn"", ""score"": null, ""match_max"": 0.5, ""refs"": 24, ""match_mode"": ""none"", ""steer_zones"": 41, ""people"": 0, ""track_id"": null, ""target_ex"": 0.0, ""target_cx_vel_px_s"": 0.0, ""target_age_s"": null, ""lidar_min_m"": null, ""target_lidar_m"": null, ""target_lidar_deg"": null, ""camera_range_m"
2026-07-10T13:58:28.062,156.062,mission_20260710_135552_auto,AUTO,,1,13.329314231872559,100.99771881103516,-98.72179890474762,4,True,-1.0,1,0,0,3427,20683,0.0,0.0,0.0,0,9,13.32939624786377,100.9979019165039,21.810129690525017,92,26.200000762939453,-1.2999999523162842,40.0,0,30,-,READY owner=Surnn refs=24,"{""cmd"": ""STOP"", ""status"": ""READY"", ""detector"": ""yolo"", ""state"": ""IDLE"", ""owner"": ""Surnn"", ""score"": null, ""match_max"": 0.5, ""refs"": 24, ""match_mode"": ""none"", ""steer_zones"": 41, ""people"": 0, ""track_id"": null, ""target_ex"": 0.0, ""target_cx_vel_px_s"": 0.0, ""target_age_s"": null, ""lidar_min_m"": null, ""target_lidar_m"": null, ""target_lidar_deg"": null, ""camera_range_m"
2026-07-10T13:58:29.063,157.064,mission_20260710_135552_auto,AUTO,,1,13.329314231872559,100.99771881103516,-98.73659309448986,4,True,-1.0,1,0,0,3427,20683,0.0,0.0,0.0,0,9,13.32939624786377,100.9979019165039,21.810129690525017,92,26.200000762939453,-1.2999999523162842,40.0,0,30,-,READY owner=Surnn refs=24,"{""cmd"": ""STOP"", ""status"": ""READY"", ""detector"": ""yolo"", ""state"": ""IDLE"", ""owner"": ""Surnn"", ""score"": null, ""match_max"": 0.5, ""refs"": 24, ""match_mode"": ""none"", ""steer_zones"": 41, ""people"": 0, ""track_id"": null, ""target_ex"": 0.0, ""target_cx_vel_px_s"": 0.0, ""target_age_s"": null, ""lidar_min_m"": 2.01, ""target_lidar_m"": null, ""target_lidar_deg"": null, ""camera_range_m"
2026-07-10T13:58:30.066,158.066,mission_20260710_135552_auto,AUTO,,1,13.329314231872559,100.99771881103516,-98.7444409818462,4,True,-1.0,1,0,0,3427,20683,0.0,0.0,0.0,0,9,13.32939624786377,100.9979019165039,21.810129690525017,92,26.200000762939453,-1.100000023841858,40.0,0,30,-,READY owner=Surnn refs=24,"{""cmd"": ""STOP"", ""status"": ""READY"", ""detector"": ""yolo"", ""state"": ""IDLE"", ""owner"": ""Surnn"", ""score"": null, ""match_max"": 0.5, ""refs"": 24, ""match_mode"": ""none"", ""steer_zones"": 41, ""people"": 0, ""track_id"": null, ""target_ex"": 0.0, ""target_cx_vel_px_s"": 0.0, ""target_age_s"": null, ""lidar_min_m"": 4.42, ""target_lidar_m"": null, ""target_lidar_deg"": null, ""camera_range_m"
2026-07-10T13:58:31.069,159.07,mission_20260710_135552_auto,AUTO,,1,13.329314231872559,100.99771881103516,-98.7432798496873,4,True,-1.0,1,0,0,3427,20683,0.0,0.0,0.0,0,9,13.32939624786377,100.9979019165039,21.810129690525017,92,26.200000762939453,-1.2000000476837158,40.0,0,30,-,READY owner=Surnn refs=24,"{""cmd"": ""STOP"", ""status"": ""READY"", ""detector"": ""yolo"", ""state"": ""IDLE"", ""owner"": ""Surnn"", ""score"": null, ""match_max"": 0.5, ""refs"": 24, ""match_mode"": ""none"", ""steer_zones"": 41, ""people"": 0, ""track_id"": null, ""target_ex"": 0.0, ""target_cx_vel_px_s"": 0.0, ""target_age_s"": null, ""lidar_min_m"": null, ""target_lidar_m"": null, ""target_lidar_deg"": null, ""camera_range_m"
2026-07-10T13:58:32.071,160.071,mission_20260710_135552_auto,AUTO,,1,13.329314231872559,100.99772644042969,-98.75004173696561,4,True,-1.0,1,0,0,3427,20683,0.0,0.0,0.0,0,9,13.32939624786377,100.9979019165039,21.063093149970342,92,26.200000762939453,-1.2999999523162842,40.0,0,30,-,READY owner=Surnn refs=24,"{""cmd"": ""STOP"", ""status"": ""READY"", ""detector"": ""yolo"", ""state"": ""IDLE"", ""owner"": ""Surnn"", ""score"": null, ""match_max"": 0.5, ""refs"": 24, ""match_mode"": ""none"", ""steer_zones"": 41, ""people"": 0, ""track_id"": null, ""target_ex"": 0.0, ""target_cx_vel_px_s"": 0.0, ""target_age_s"": null, ""lidar_min_m"": 1.94, ""target_lidar_m"": null, ""target_lidar_deg"": null, ""camera_range_m"
2026-07-10T13:58:33.075,161.075,mission_20260710_135552_auto,AUTO,,1,13.329314231872559,100.99772644042969,-98.74982317091217,4,True,-1.0,1,0,0,3427,20683,0.0,0.0,0.0,0,9,13.32939624786377,100.9979019165039,21.063093149970342,92,26.200000762939453,-1.2000000476837158,40.0,0,30,-,READY owner=Surnn refs=24,"{""cmd"": ""STOP"", ""status"": ""READY"", ""detector"": ""yolo"", ""state"": ""IDLE"", ""owner"": ""Surnn"", ""score"": null, ""match_max"": 0.5, ""refs"": 24, ""match_mode"": ""none"", ""steer_zones"": 41, ""people"": 0, ""track_id"": null, ""target_ex"": 0.0, ""target_cx_vel_px_s"": 0.0, ""target_age_s"": null, ""lidar_min_m"": null, ""target_lidar_m"": null, ""target_lidar_deg"": null, ""camera_range_m"
2026-07-10T13:58:34.076,162.076,mission_20260710_135552_auto,AUTO,,1,13.329314231872559,100.99772644042969,-98.75122335969202,4,True,-1.0,1,0,0,3427,20683,0.0,0.0,0.0,0,9,13.32939624786377,100.9979019165039,21.063093149970342,92,26.200000762939453,-1.2000000476837158,40.0,0,30,-,READY owner=Surnn refs=24,"{""cmd"": ""STOP"", ""status"": ""READY"", ""detector"": ""yolo"", ""state"": ""IDLE"", ""owner"": ""Surnn"", ""score"": null, ""match_max"": 0.5, ""refs"": 24, ""match_mode"": ""none"", ""steer_zones"": 41, ""people"": 0, ""track_id"": null, ""target_ex"": 0.0, ""target_cx_vel_px_s"": 0.0, ""target_age_s"": null, ""lidar_min_m"": 1.99, ""target_lidar_m"": null, ""target_lidar_deg"": null, ""camera_range_m"
2026-07-10T13:58:35.082,163.082,mission_20260710_135552_auto,AUTO,,1,13.329313278198242,100.99772644042969,-98.77052547428649,4,True,-1.0,1,0,0,3427,20683,0.0,0.0,0.0,0,9,13.32939624786377,100.9979019165039,21.109223747278886,92,26.200000762939453,-1.100000023841858,40.0,0,30,-,READY owner=Surnn refs=24,"{""cmd"": ""STOP"", ""status"": ""READY"", ""detector"": ""yolo"", ""state"": ""IDLE"", ""owner"": ""Surnn"", ""score"": null, ""match_max"": 0.5, ""refs"": 24, ""match_mode"": ""none"", ""steer_zones"": 41, ""people"": 0, ""track_id"": null, ""target_ex"": 0.0, ""target_cx_vel_px_s"": 0.0, ""target_age_s"": null, ""lidar_min_m"": 1.91, ""target_lidar_m"": null, ""target_lidar_deg"": null, ""camera_range_m"
2026-07-10T13:58:36.086,164.087,mission_20260710_135552_auto,AUTO,,1,13.329313278198242,100.99772644042969,-98.78342087143946,4,True,-1.0,1,0,0,3427,20683,0.0,0.0,0.0,0,9,13.32939624786377,100.9979019165039,21.109223747278886,92,26.200000762939453,-1.2000000476837158,40.0,0,30,-,READY owner=Surnn refs=24,"{""cmd"": ""STOP"", ""status"": ""READY"", ""detector"": ""yolo"", ""state"": ""IDLE"", ""owner"": ""Surnn"", ""score"": null, ""match_max"": 0.5, ""refs"": 24, ""match_mode"": ""none"", ""steer_zones"": 41, ""people"": 0, ""track_id"": null, ""target_ex"": 0.0, ""target_cx_vel_px_s"": 0.0, ""target_age_s"": null, ""lidar_min_m"": null, ""target_lidar_m"": null, ""target_lidar_deg"": null, ""camera_range_m"
2026-07-10T13:58:37.095,165.095,mission_20260710_135552_auto,AUTO,,1,13.329313278198242,100.99772644042969,-98.79870000461278,4,True,-1.0,1,0,0,3427,20683,0.0,0.0,0.0,0,9,13.32939624786377,100.9979019165039,21.109223747278886,92,26.200000762939453,-1.2000000476837158,40.0,0,30,-,READY owner=Surnn refs=24,"{""cmd"": ""STOP"", ""status"": ""READY"", ""detector"": ""yolo"", ""state"": ""IDLE"", ""owner"": ""Surnn"", ""score"": null, ""match_max"": 0.5, ""refs"": 24, ""match_mode"": ""none"", ""steer_zones"": 41, ""people"": 0, ""track_id"": null, ""target_ex"": 0.0, ""target_cx_vel_px_s"": 0.0, ""target_age_s"": null, ""lidar_min_m"": 0.48, ""target_lidar_m"": null, ""target_lidar_deg"": null, ""camera_range_m"
2026-07-10T13:58:38.095,166.096,mission_20260710_135552_auto,AUTO,,1,13.329313278198242,100.99772644042969,-98.81231257162862,4,True,-1.0,1,0,0,0,0,0.0,0.0,0.0,0,9,13.32939624786377,100.9979019165039,21.109223747278886,92,26.200000762939453,-1.100000023841858,40.0,0,30,-,READY owner=Surnn refs=24,"{""cmd"": ""STOP"", ""status"": ""READY"", ""detector"": ""yolo"", ""state"": ""IDLE"", ""owner"": ""Surnn"", ""score"": null, ""match_max"": 0.5, ""refs"": 24, ""match_mode"": ""none"", ""steer_zones"": 41, ""people"": 0, ""track_id"": null, ""target_ex"": 0.0, ""target_cx_vel_px_s"": 0.0, ""target_age_s"": null, ""lidar_min_m"": null, ""target_lidar_m"": null, ""target_lidar_deg"": null, ""camera_range_m"
2026-07-10T13:58:39.102,167.103,mission_20260710_135552_auto,AUTO,,1,13.329313278198242,100.99772644042969,-98.82219585535762,4,True,-1.0,1,0,0,0,0,0.0,0.0,0.0,0,9,13.32939624786377,100.9979019165039,21.109223747278886,92,0.0,0.0,0.0,0,30,-,READY owner=Surnn refs=24,"{""cmd"": ""STOP"", ""status"": ""READY"", ""detector"": ""yolo"", ""state"": ""IDLE"", ""owner"": ""Surnn"", ""score"": null, ""match_max"": 0.5, ""refs"": 24, ""match_mode"": ""none"", ""steer_zones"": 41, ""people"": 0, ""track_id"": null, ""target_ex"": 0.0, ""target_cx_vel_px_s"": 0.0, ""target_age_s"": null, ""lidar_min_m"": null, ""target_lidar_m"": null, ""target_lidar_deg"": null, ""camera_range_m"
2026-07-10T13:58:40.108,168.108,mission_20260710_135552_auto,AUTO,,1,13.329313278198242,100.99772644042969,-98.82556313861845,4,True,-1.0,1,0,0,3427,20683,0.0,0.0,0.0,0,9,13.32939624786377,100.9979019165039,21.109223747278886,92,26.200000762939453,-1.399999976158142,40.0,0,30,-,READY owner=Surnn refs=24,"{""cmd"": ""STOP"", ""status"": ""READY"", ""detector"": ""yolo"", ""state"": ""IDLE"", ""owner"": ""Surnn"", ""score"": null, ""match_max"": 0.5, ""refs"": 24, ""match_mode"": ""none"", ""steer_zones"": 41, ""people"": 0, ""track_id"": null, ""target_ex"": 0.0, ""target_cx_vel_px_s"": 0.0, ""target_age_s"": null, ""lidar_min_m"": 5.03, ""target_lidar_m"": null, ""target_lidar_deg"": null, ""camera_range_m"
2026-07-10T13:58:41.112,169.113,mission_20260710_135552_auto,AUTO,,1,13.329313278198242,100.99772644042969,-98.82993445968725,4,True,-1.0,1,0,0,3427,20683,0.0,0.0,0.0,0,9,13.32939624786377,100.9979019165039,21.109223747278886,92,26.200000762939453,-1.399999976158142,40.0,0,30,-,READY owner=Surnn refs=24,"{""cmd"": ""STOP"", ""status"": ""READY"", ""detector"": ""yolo"", ""state"": ""IDLE"", ""owner"": ""Surnn"", ""score"": null, ""match_max"": 0.5, ""refs"": 24, ""match_mode"": ""none"", ""steer_zones"": 41, ""people"": 0, ""track_id"": null, ""target_ex"": 0.0, ""target_cx_vel_px_s"": 0.0, ""target_age_s"": null, ""lidar_min_m"": 4.52, ""target_lidar_m"": null, ""target_lidar_deg"": null, ""camera_range_m"
2026-07-10T13:58:42.114,170.115,mission_20260710_135552_auto,AUTO,,1,13.329312324523926,100.99772644042969,-98.82341162902989,4,True,-1.0,1,0,0,3427,20683,0.0,0.0,0.0,0,9,13.32939624786377,100.9979019165039,21.15578530645987,92,2.0,-1.399999976158142,40.0,0,30,-,READY owner=Surnn refs=24,"{""cmd"": ""STOP"", ""status"": ""READY"", ""detector"": ""yolo"", ""state"": ""IDLE"", ""owner"": ""Surnn"", ""score"": null, ""match_max"": 0.5, ""refs"": 24, ""match_mode"": ""none"", ""steer_zones"": 41, ""people"": 0, ""track_id"": null, ""target_ex"": 0.0, ""target_cx_vel_px_s"": 0.0, ""target_age_s"": null, ""lidar_min_m"": 4.52, ""target_lidar_m"": null, ""target_lidar_deg"": null, ""camera_range_m"
2026-07-10T13:58:43.119,171.12,mission_20260710_135552_auto,AUTO,,1,13.329312324523926,100.99772644042969,-98.82893725206843,4,True,-1.0,1,0,0,3427,20683,0.0,0.0,0.0,0,9,13.32939624786377,100.9979019165039,21.15578530645987,92,26.200000762939453,-1.399999976158142,40.0,0,30,-,READY owner=Surnn refs=24,"{""cmd"": ""STOP"", ""status"": ""READY"", ""detector"": ""yolo"", ""state"": ""IDLE"", ""owner"": ""Surnn"", ""score"": null, ""match_max"": 0.5, ""refs"": 24, ""match_mode"": ""none"", ""steer_zones"": 41, ""people"": 0, ""track_id"": null, ""target_ex"": 0.0, ""target_cx_vel_px_s"": 0.0, ""target_age_s"": null, ""lidar_min_m"": 5.91, ""target_lidar_m"": null, ""target_lidar_deg"": null, ""camera_range_m"
2026-07-10T13:58:44.120,172.12,mission_20260710_135552_auto,AUTO,,1,13.329312324523926,100.99772644042969,-98.8356171770767,4,True,-1.0,1,0,0,3427,206,0.0,0.0,0.0,0,9,13.32939624786377,100.9979019165039,21.15578530645987,92,26.200000762939453,-1.399999976158142,40.0,0,30,-,READY owner=Surnn refs=24,"{""cmd"": ""STOP"", ""status"": ""READY"", ""detector"": ""yolo"", ""state"": ""IDLE"", ""owner"": ""Surnn"", ""score"": null, ""match_max"": 0.5, ""refs"": 24, ""match_mode"": ""none"", ""steer_zones"": 41, ""people"": 0, ""track_id"": null, ""target_ex"": 0.0, ""target_cx_vel_px_s"": 0.0, ""target_age_s"": null, ""lidar_min_m"": 2.74, ""target_lidar_m"": null, ""target_lidar_deg"": null, ""camera_range_m"
2026-07-10T13:58:45.120,173.12,mission_20260710_135552_auto,AUTO,,1,13.329312324523926,100.99772644042969,-98.8455482721299,4,True,-1.0,1,0,0,0,0,0.0,0.0,0.0,0,9,13.32939624786377,100.9979019165039,21.15578530645987,92,26.200000762939453,-1.2999999523162842,40.0,0,30,-,READY owner=Surnn refs=24,"{""cmd"": ""STOP"", ""status"": ""READY"", ""detector"": ""yolo"", ""state"": ""IDLE"", ""owner"": ""Surnn"", ""score"": null, ""match_max"": 0.5, ""refs"": 24, ""match_mode"": ""none"", ""steer_zones"": 41, ""people"": 0, ""track_id"": null, ""target_ex"": 0.0, ""target_cx_vel_px_s"": 0.0, ""target_age_s"": null, ""lidar_min_m"": null, ""target_lidar_m"": null, ""target_lidar_deg"": null, ""camera_range_m"
2026-07-10T13:58:46.125,174.125,mission_20260710_135552_auto,AUTO,,1,13.329312324523926,100.99772644042969,-98.85843683909371,4,True,-1.0,1,0,0,20683,0,0.0,0.0,0.0,0,9,13.32939624786377,100.9979019165039,21.15578530645987,92,-1.2000000476837158,40.0,0.0,0,30,-,READY owner=Surnn refs=24,"{""cmd"": ""STOP"", ""status"": ""READY"", ""detector"": ""yolo"", ""state"": ""IDLE"", ""owner"": ""Surnn"", ""score"": null, ""match_max"": 0.5, ""refs"": 24, ""match_mode"": ""none"", ""steer_zones"": 41, ""people"": 0, ""track_id"": null, ""target_ex"": 0.0, ""target_cx_vel_px_s"": 0.0, ""target_age_s"": null, ""lidar_min_m"": null, ""target_lidar_m"": null, ""target_lidar_deg"": null, ""camera_range_m"
2026-07-10T13:58:47.126,175.127,mission_20260710_135552_auto,AUTO,,1,13.329312324523926,100.99772644042969,-98.86694042461038,4,True,-1.0,1,0,0,3427,20683,0.0,0.0,0.0,0,9,13.32939624786377,100.9979019165039,21.15578530645987,92,26.200000762939453,-1.100000023841858,40.0,0,30,-,READY owner=Surnn refs=24,"{""cmd"": ""STOP"", ""status"": ""READY"", ""detector"": ""yolo"", ""state"": ""IDLE"", ""owner"": ""Surnn"", ""score"": null, ""match_max"": 0.5, ""refs"": 24, ""match_mode"": ""none"", ""steer_zones"": 41, ""people"": 0, ""track_id"": null, ""target_ex"": 0.0, ""target_cx_vel_px_s"": 0.0, ""target_age_s"": null, ""lidar_min_m"": null, ""target_lidar_m"": null, ""target_lidar_deg"": null, ""camera_range_m"
2026-07-10T13:58:48.130,176.13,mission_20260710_135552_auto,AUTO,,1,13.329312324523926,100.99772644042969,-98.88050518030202,4,True,-1.0,1,0,0,3427,20683,0.0,0.0,0.0,0,9,13.32939624786377,100.9979019165039,21.15578530645987,92,2.0,-1.2000000476837158,40.0,0,30,-,READY owner=Surnn refs=24,"{""cmd"": ""STOP"", ""status"": ""READY"", ""detector"": ""yolo"", ""state"": ""IDLE"", ""owner"": ""Surnn"", ""score"": null, ""match_max"": 0.5, ""refs"": 24, ""match_mode"": ""none"", ""steer_zones"": 41, ""people"": 0, ""track_id"": null, ""target_ex"": 0.0, ""target_cx_vel_px_s"": 0.0, ""target_age_s"": null, ""lidar_min_m"": 1.99, ""target_lidar_m"": null, ""target_lidar_deg"": null, ""camera_range_m"
2026-07-10T13:58:49.130,177.131,mission_20260710_135552_auto,AUTO,,1,13.329312324523926,100.99772644042969,-98.8816253313259,4,True,-1.0,1,0,0,0,0,0.0,0.0,0.0,0,9,13.32939624786377,100.9979019165039,21.15578530645987,92,40.0,0.0,0.0,0,30,-,READY owner=Surnn refs=24,"{""cmd"": ""STOP"", ""status"": ""READY"", ""detector"": ""yolo"", ""state"": ""IDLE"", ""owner"": ""Surnn"", ""score"": null, ""match_max"": 0.5, ""refs"": 24, ""match_mode"": ""none"", ""steer_zones"": 41, ""people"": 0, ""track_id"": null, ""target_ex"": 0.0, ""target_cx_vel_px_s"": 0.0, ""target_age_s"": null, ""lidar_min_m"": 4.47, ""target_lidar_m"": null, ""target_lidar_deg"": null, ""camera_range_m"
2026-07-10T13:58:50.135,178.135,mission_20260710_135552_auto,AUTO,,1,13.329312324523926,100.99772644042969,-98.88370853902276,4,True,-1.0,1,0,0,3427,20683,0.0,0.0,0.0,0,9,13.32939624786377,100.9979019165039,21.15578530645987,92,26.200000762939453,-1.100000023841858,40.0,0,30,-,READY owner=Surnn refs=24,"{""cmd"": ""STOP"", ""status"": ""READY"", ""detector"": ""yolo"", ""state"": ""IDLE"", ""owner"": ""Surnn"", ""score"": null, ""match_max"": 0.5, ""refs"": 24, ""match_mode"": ""none"", ""steer_zones"": 41, ""people"": 0, ""track_id"": null, ""target_ex"": 0.0, ""target_cx_vel_px_s"": 0.0, ""target_age_s"": null, ""lidar_min_m"": 1.93, ""target_lidar_m"": null, ""target_lidar_deg"": null, ""camera_range_m"
2026-07-10T13:58:51.140,179.141,mission_20260710_135552_auto,AUTO,,1,13.32931137084961,100.99772644042969,-98.89525155872008,4,True,-1.0,1,0,0,3427,20683,0.0,0.0,0.0,0,9,13.32939624786377,100.9979019165039,21.202774988320492,92,26.200000762939453,-1.2000000476837158,40.0,0,30,-,READY owner=Surnn refs=24,"{""cmd"": ""STOP"", ""status"": ""READY"", ""detector"": ""yolo"", ""state"": ""IDLE"", ""owner"": ""Surnn"", ""score"": null, ""match_max"": 0.5, ""refs"": 24, ""match_mode"": ""none"", ""steer_zones"": 41, ""people"": 0, ""track_id"": null, ""target_ex"": 0.0, ""target_cx_vel_px_s"": 0.0, ""target_age_s"": null, ""lidar_min_m"": 2.05, ""target_lidar_m"": null, ""target_lidar_deg"": null, ""camera_range_m"
2026-07-10T13:58:52.141,180.142,mission_20260710_135552_auto,AUTO,,1,13.32931137084961,100.99772644042969,-98.90585884250112,4,True,-1.0,1,0,0,3427,20683,0.0,0.0,0.0,0,9,13.32939624786377,100.9979019165039,21.202774988320492,92,26.200000762939453,-1.2999999523162842,40.0,0,30,-,READY owner=Surnn refs=24,"{""cmd"": ""STOP"", ""status"": ""READY"", ""detector"": ""yolo"", ""state"": ""IDLE"", ""owner"": ""Surnn"", ""score"": null, ""match_max"": 0.5, ""refs"": 24, ""match_mode"": ""none"", ""steer_zones"": 41, ""people"": 0, ""track_id"": null, ""target_ex"": 0.0, ""target_cx_vel_px_s"": 0.0, ""target_age_s"": null, ""lidar_min_m"": 1.91, ""target_lidar_m"": null, ""target_lidar_deg"": null, ""camera_range_m"
2026-07-10T13:58:53.145,181.145,mission_20260710_135552_auto,AUTO,,1,13.32931137084961,100.99772644042969,-98.91472442804378,4,True,-1.0,1,0,0,3427,20683,0.0,0.0,0.0,0,9,13.32939624786377,100.9979019165039,21.202774988320492,92,26.0,-1.399999976158142,40.0,0,30,-,READY owner=Surnn refs=24,"{""cmd"": ""STOP"", ""status"": ""READY"", ""detector"": ""yolo"", ""state"": ""IDLE"", ""owner"": ""Surnn"", ""score"": null, ""match_max"": 0.5, ""refs"": 24, ""match_mode"": ""none"", ""steer_zones"": 41, ""people"": 0, ""track_id"": null, ""target_ex"": 0.0, ""target_cx_vel_px_s"": 0.0, ""target_age_s"": null, ""lidar_min_m"": null, ""target_lidar_m"": null, ""target_lidar_deg"": null, ""camera_range_m"
2026-07-10T13:58:54.150,182.15,mission_20260710_135552_auto,AUTO,,1,13.32931137084961,100.99772644042969,-98.91304420150797,4,True,-1.0,1,0,0,0,0,0.0,0.0,0.0,0,9,13.32939624786377,100.9979019165039,21.202774988320492,92,26.200000762939453,-1.2000000476837158,40.0,0,30,-,READY owner=Surnn refs=24,"{""cmd"": ""STOP"", ""status"": ""READY"", ""detector"": ""yolo"", ""state"": ""IDLE"", ""owner"": ""Surnn"", ""score"": null, ""match_max"": 0.5, ""refs"": 24, ""match_mode"": ""none"", ""steer_zones"": 41, ""people"": 0, ""track_id"": null, ""target_ex"": 0.0, ""target_cx_vel_px_s"": 0.0, ""target_age_s"": null, ""lidar_min_m"": 2.96, ""target_lidar_m"": null, ""target_lidar_deg"": null, ""camera_range_m"
2026-07-10T13:58:55.150,183.15,mission_20260710_135552_auto,AUTO,,1,13.32931137084961,100.99772644042969,-98.9203729944874,4,True,-1.0,1,0,0,3427,20683,0.0,0.0,0.0,0,9,13.32939624786377,100.9979019165039,21.202774988320492,92,26.200000762939453,-1.2999999523162842,40.0,0,30,-,READY owner=Surnn refs=24,"{""cmd"": ""STOP"", ""status"": ""READY"", ""detector"": ""yolo"", ""state"": ""IDLE"", ""owner"": ""Surnn"", ""score"": null, ""match_max"": 0.5, ""refs"": 24, ""match_mode"": ""none"", ""steer_zones"": 41, ""people"": 0, ""track_id"": null, ""target_ex"": 0.0, ""target_cx_vel_px_s"": 0.0, ""target_age_s"": null, ""lidar_min_m"": 3.2, ""target_lidar_m"": null, ""target_lidar_deg"": null, ""camera_range_m"""
2026-07-10T13:58:56.150,184.151,mission_20260710_135552_auto,AUTO,,1,13.32931137084961,100.99771881103516,-98.93490763704118,4,True,-1.0,1,0,0,3427,20683,0.0,0.0,0.0,0,9,13.32939624786377,100.9979019165039,21.94505711219415,92,26.200000762939453,-1.2000000476837158,40.0,0,30,-,READY owner=Surnn refs=24,"{""cmd"": ""STOP"", ""status"": ""READY"", ""detector"": ""yolo"", ""state"": ""IDLE"", ""owner"": ""Surnn"", ""score"": null, ""match_max"": 0.5, ""refs"": 24, ""match_mode"": ""none"", ""steer_zones"": 41, ""people"": 0, ""track_id"": null, ""target_ex"": 0.0, ""target_cx_vel_px_s"": 0.0, ""target_age_s"": null, ""lidar_min_m"": 4.47, ""target_lidar_m"": null, ""target_lidar_deg"": null, ""camera_range_m"
2026-07-10T13:58:57.155,185.155,mission_20260710_135552_auto,AUTO,,1,13.32931137084961,100.99771881103516,-98.95174405334525,4,True,-1.0,1,0,0,0,0,0.0,0.0,0.0,0,9,13.32939624786377,100.9979019165039,21.94505711219415,92,26.200000762939453,-1.2000000476837158,40.0,0,30,-,READY owner=Surnn refs=24,"{""cmd"": ""STOP"", ""status"": ""READY"", ""detector"": ""yolo"", ""state"": ""IDLE"", ""owner"": ""Surnn"", ""score"": null, ""match_max"": 0.5, ""refs"": 24, ""match_mode"": ""none"", ""steer_zones"": 41, ""people"": 0, ""track_id"": null, ""target_ex"": 0.0, ""target_cx_vel_px_s"": 0.0, ""target_age_s"": null, ""lidar_min_m"": null, ""target_lidar_m"": null, ""target_lidar_deg"": null, ""camera_range_m"
2026-07-10T13:58:58.156,186.156,mission_20260710_135552_auto,AUTO,,1,13.32931137084961,100.99771881103516,-98.96834141302838,4,True,-1.0,1,0,0,0,0,0.0,0.0,0.0,0,9,13.32939624786377,100.9979019165039,21.94505711219415,92,26.200000762939453,-1.2999999523162842,40.0,0,30,-,READY owner=Surnn refs=24,"{""cmd"": ""STOP"", ""status"": ""READY"", ""detector"": ""yolo"", ""state"": ""IDLE"", ""owner"": ""Surnn"", ""score"": null, ""match_max"": 0.5, ""refs"": 24, ""match_mode"": ""none"", ""steer_zones"": 41, ""people"": 0, ""track_id"": null, ""target_ex"": 0.0, ""target_cx_vel_px_s"": 0.0, ""target_age_s"": null, ""lidar_min_m"": null, ""target_lidar_m"": null, ""target_lidar_deg"": null, ""camera_range_m"
2026-07-10T13:58:59.157,187.157,mission_20260710_135552_auto,AUTO,,1,13.32931137084961,100.99771881103516,-98.98914616924024,4,True,-1.0,1,0,0,20683,0,0.0,0.0,0.0,0,9,13.32939624786377,100.9979019165039,21.94505711219415,92,-1.2999999523162842,40.0,0.0,0,30,-,READY owner=Surnn refs=24,"{""cmd"": ""STOP"", ""status"": ""READY"", ""detector"": ""yolo"", ""state"": ""IDLE"", ""owner"": ""Surnn"", ""score"": null, ""match_max"": 0.5, ""refs"": 24, ""match_mode"": ""none"", ""steer_zones"": 41, ""people"": 0, ""track_id"": null, ""target_ex"": 0.0, ""target_cx_vel_px_s"": 0.0, ""target_age_s"": null, ""lidar_min_m"": null, ""target_lidar_m"": null, ""target_lidar_deg"": null, ""camera_range_m"
2026-07-10T13:59:00.165,188.166,mission_20260710_135552_auto,AUTO,,1,13.32931137084961,100.99771881103516,-98.98499341422487,4,True,-1.0,1,0,0,3427,20683,0.0,0.0,0.0,0,9,13.32939624786377,100.9979019165039,21.94505711219415,92,26.200000762939453,-1.100000023841858,40.0,0,30,-,READY owner=Surnn refs=24,"{""cmd"": ""STOP"", ""status"": ""READY"", ""detector"": ""yolo"", ""state"": ""IDLE"", ""owner"": ""Surnn"", ""score"": null, ""match_max"": 0.5, ""refs"": 24, ""match_mode"": ""none"", ""steer_zones"": 41, ""people"": 0, ""track_id"": null, ""target_ex"": 0.0, ""target_cx_vel_px_s"": 0.0, ""target_age_s"": null, ""lidar_min_m"": 4.45, ""target_lidar_m"": null, ""target_lidar_deg"": null, ""camera_range_m"
2026-07-10T13:59:01.169,189.17,mission_20260710_135552_auto,AUTO,,1,13.32931137084961,100.99771881103516,-98.98603160297873,4,True,-1.0,1,0,0,3427,206,0.0,0.0,0.0,0,9,13.32939624786377,100.9979019165039,21.94505711219415,92,26.200000762939453,-1.2999999523162842,40.0,0,30,-,READY owner=Surnn refs=24,"{""cmd"": ""STOP"", ""status"": ""READY"", ""detector"": ""yolo"", ""state"": ""IDLE"", ""owner"": ""Surnn"", ""score"": null, ""match_max"": 0.5, ""refs"": 24, ""match_mode"": ""none"", ""steer_zones"": 41, ""people"": 0, ""track_id"": null, ""target_ex"": 0.0, ""target_cx_vel_px_s"": 0.0, ""target_age_s"": null, ""lidar_min_m"": null, ""target_lidar_m"": null, ""target_lidar_deg"": null, ""camera_range_m"
2026-07-10T13:59:02.174,190.175,mission_20260710_135552_auto,AUTO,,1,13.32931137084961,100.99771881103516,-98.98794405594633,4,True,-1.0,1,0,0,3427,20683,0.0,0.0,0.0,0,9,13.32939624786377,100.9979019165039,21.94505711219415,92,26.200000762939453,-1.2000000476837158,40.0,0,30,-,READY owner=Surnn refs=24,"{""cmd"": ""STOP"", ""status"": ""READY"", ""detector"": ""yolo"", ""state"": ""IDLE"", ""owner"": ""Surnn"", ""score"": null, ""match_max"": 0.5, ""refs"": 24, ""match_mode"": ""none"", ""steer_zones"": 41, ""people"": 0, ""track_id"": null, ""target_ex"": 0.0, ""target_cx_vel_px_s"": 0.0, ""target_age_s"": null, ""lidar_min_m"": 1.94, ""target_lidar_m"": null, ""target_lidar_deg"": null, ""camera_range_m"
2026-07-10T13:59:03.175,191.175,mission_20260710_135552_auto,AUTO,,1,13.32931137084961,100.99771881103516,-99.00111949085527,4,True,-1.0,1,0,0,3427,20683,0.0,0.0,0.0,0,9,13.32939624786377,100.9979019165039,21.94505711219415,92,26.200000762939453,-1.399999976158142,40.0,0,30,-,READY owner=Surnn refs=24,"{""cmd"": ""STOP"", ""status"": ""READY"", ""detector"": ""yolo"", ""state"": ""IDLE"", ""owner"": ""Surnn"", ""score"": null, ""match_max"": 0.5, ""refs"": 24, ""match_mode"": ""none"", ""steer_zones"": 41, ""people"": 0, ""track_id"": null, ""target_ex"": 0.0, ""target_cx_vel_px_s"": 0.0, ""target_age_s"": null, ""lidar_min_m"": 3.21, ""target_lidar_m"": null, ""target_lidar_deg"": null, ""camera_range_m"
2026-07-10T13:59:04.175,192.175,mission_20260710_135552_auto,AUTO,,1,13.32931137084961,100.99771881103516,-99.00905617067083,4,True,-1.0,1,0,0,40,0,0.0,0.0,0.0,0,9,13.32939624786377,100.9979019165039,21.94505711219415,92,26.200000762939453,-1.2999999523162842,40.0,0,30,-,READY owner=Surnn refs=24,"{""cmd"": ""STOP"", ""status"": ""READY"", ""detector"": ""yolo"", ""state"": ""IDLE"", ""owner"": ""Surnn"", ""score"": null, ""match_max"": 0.5, ""refs"": 24, ""match_mode"": ""none"", ""steer_zones"": 41, ""people"": 0, ""track_id"": null, ""target_ex"": 0.0, ""target_cx_vel_px_s"": 0.0, ""target_age_s"": null, ""lidar_min_m"": null, ""target_lidar_m"": null, ""target_lidar_deg"": null, ""camera_range_m"
2026-07-10T13:59:05.180,193.18,mission_20260710_135552_auto,AUTO,,1,13.32931137084961,100.99771881103516,-99.00577084968006,4,True,-1.0,1,0,0,3427,20683,0.0,0.0,0.0,0,9,13.32939624786377,100.9979019165039,21.94505711219415,92,26.200000762939453,-1.2000000476837158,40.0,0,30,-,READY owner=Surnn refs=24,"{""cmd"": ""STOP"", ""status"": ""READY"", ""detector"": ""yolo"", ""state"": ""IDLE"", ""owner"": ""Surnn"", ""score"": null, ""match_max"": 0.5, ""refs"": 24, ""match_mode"": ""none"", ""steer_zones"": 41, ""people"": 0, ""track_id"": null, ""target_ex"": 0.0, ""target_cx_vel_px_s"": 0.0, ""target_age_s"": null, ""lidar_min_m"": null, ""target_lidar_m"": null, ""target_lidar_deg"": null, ""camera_range_m"
2026-07-10T13:59:06.187,194.187,mission_20260710_135552_auto,AUTO,,1,13.32931137084961,100.99771881103516,-99.00351688725395,4,True,-1.0,1,0,0,3427,20683,0.0,0.0,0.0,0,9,13.32939624786377,100.9979019165039,21.94505711219415,92,26.200000762939453,-1.2999999523162842,40.0,0,30,-,READY owner=Surnn refs=24,"{""cmd"": ""STOP"", ""status"": ""READY"", ""detector"": ""yolo"", ""state"": ""IDLE"", ""owner"": ""Surnn"", ""score"": null, ""match_max"": 0.5, ""refs"": 24, ""match_mode"": ""none"", ""steer_zones"": 41, ""people"": 0, ""track_id"": null, ""target_ex"": 0.0, ""target_cx_vel_px_s"": 0.0, ""target_age_s"": null, ""lidar_min_m"": null, ""target_lidar_m"": null, ""target_lidar_deg"": null, ""camera_range_m"
2026-07-10T13:59:07.191,195.192,mission_20260710_135552_auto,AUTO,,1,13.329312324523926,100.99771881103516,-99.01038805755898,4,True,-1.0,1,0,0,3427,20683,0.0,0.0,0.0,0,9,13.32939624786377,100.9979019165039,21.899660185921388,92,26.0,-1.2999999523162842,40.0,0,30,-,READY owner=Surnn refs=24,"{""cmd"": ""STOP"", ""status"": ""READY"", ""detector"": ""yolo"", ""state"": ""IDLE"", ""owner"": ""Surnn"", ""score"": null, ""match_max"": 0.5, ""refs"": 24, ""match_mode"": ""none"", ""steer_zones"": 41, ""people"": 0, ""track_id"": null, ""target_ex"": 0.0, ""target_cx_vel_px_s"": 0.0, ""target_age_s"": null, ""lidar_min_m"": null, ""target_lidar_m"": null, ""target_lidar_deg"": null, ""camera_range_m"
2026-07-10T13:59:08.195,196.195,mission_20260710_135552_auto,AUTO,,1,13.329312324523926,100.99771881103516,-99.0205445488548,4,True,-1.0,1,0,0,3427,20683,0.0,0.0,0.0,0,9,13.32939624786377,100.9979019165039,21.899660185921388,92,26.200000762939453,-1.2000000476837158,40.0,0,30,-,READY owner=Surnn refs=24,"{""cmd"": ""STOP"", ""status"": ""READY"", ""detector"": ""yolo"", ""state"": ""IDLE"", ""owner"": ""Surnn"", ""score"": null, ""match_max"": 0.5, ""refs"": 24, ""match_mode"": ""none"", ""steer_zones"": 41, ""people"": 0, ""track_id"": null, ""target_ex"": 0.0, ""target_cx_vel_px_s"": 0.0, ""target_age_s"": null, ""lidar_min_m"": null, ""target_lidar_m"": null, ""target_lidar_deg"": null, ""camera_range_m"
2026-07-10T13:59:09.200,197.2,mission_20260710_135552_auto,AUTO,,1,13.329312324523926,100.99771881103516,-99.02310586979355,4,True,-1.0,1,0,0,3427,206,0.0,0.0,0.0,0,9,13.32939624786377,100.9979019165039,21.899660185921388,92,26.200000762939453,-1.100000023841858,40.0,0,30,-,READY owner=Surnn refs=24,"{""cmd"": ""STOP"", ""status"": ""READY"", ""detector"": ""yolo"", ""state"": ""IDLE"", ""owner"": ""Surnn"", ""score"": null, ""match_max"": 0.5, ""refs"": 24, ""match_mode"": ""none"", ""steer_zones"": 41, ""people"": 0, ""track_id"": null, ""target_ex"": 0.0, ""target_cx_vel_px_s"": 0.0, ""target_age_s"": null, ""lidar_min_m"": 7.14, ""target_lidar_m"": null, ""target_lidar_deg"": null, ""camera_range_m"
2026-07-10T13:59:10.201,198.201,mission_20260710_135552_auto,AUTO,,1,13.329312324523926,100.99771881103516,-99.02485439822108,4,True,-1.0,1,0,0,3427,20683,0.0,0.0,0.0,0,9,13.32939624786377,100.9979019165039,21.899660185921388,92,26.200000762939453,-1.100000023841858,40.0,0,30,-,READY owner=Surnn refs=24,"{""cmd"": ""STOP"", ""status"": ""READY"", ""detector"": ""yolo"", ""state"": ""IDLE"", ""owner"": ""Surnn"", ""score"": null, ""match_max"": 0.5, ""refs"": 24, ""match_mode"": ""none"", ""steer_zones"": 41, ""people"": 0, ""track_id"": null, ""target_ex"": 0.0, ""target_cx_vel_px_s"": 0.0, ""target_age_s"": null, ""lidar_min_m"": 4.96, ""target_lidar_m"": null, ""target_lidar_deg"": null, ""camera_range_m"
2026-07-10T13:59:11.205,199.206,mission_20260710_135552_auto,AUTO,,1,13.329312324523926,100.99771881103516,-99.02795530410427,4,True,-1.0,1,0,0,3427,20683,0.0,0.0,0.0,0,9,13.32939624786377,100.9979019165039,21.899660185921388,92,26.200000762939453,-1.399999976158142,40.0,0,30,-,READY owner=Surnn refs=24,"{""cmd"": ""STOP"", ""status"": ""READY"", ""detector"": ""yolo"", ""state"": ""IDLE"", ""owner"": ""Surnn"", ""score"": null, ""match_max"": 0.5, ""refs"": 24, ""match_mode"": ""none"", ""steer_zones"": 41, ""people"": 0, ""track_id"": null, ""target_ex"": 0.0, ""target_cx_vel_px_s"": 0.0, ""target_age_s"": null, ""lidar_min_m"": 1.25, ""target_lidar_m"": null, ""target_lidar_deg"": null, ""camera_range_m"
2026-07-10T13:59:12.205,200.206,mission_20260710_135552_auto,AUTO,,1,13.329312324523926,100.99771881103516,-99.03806398407588,4,True,-1.0,1,0,0,3427,20683,0.0,0.0,0.0,0,9,13.32939624786377,100.9979019165039,21.899660185921388,92,26.200000762939453,-1.2999999523162842,40.0,0,30,-,READY owner=Surnn refs=24,"{""cmd"": ""STOP"", ""status"": ""READY"", ""detector"": ""yolo"", ""state"": ""IDLE"", ""owner"": ""Surnn"", ""score"": null, ""match_max"": 0.5, ""refs"": 24, ""match_mode"": ""none"", ""steer_zones"": 41, ""people"": 0, ""track_id"": null, ""target_ex"": 0.0, ""target_cx_vel_px_s"": 0.0, ""target_age_s"": null, ""lidar_min_m"": null, ""target_lidar_m"": null, ""target_lidar_deg"": null, ""camera_range_m"
2026-07-10T13:59:13.207,201.207,mission_20260710_135552_auto,AUTO,,1,13.329312324523926,100.99771881103516,-99.03549583294796,4,True,-1.0,1,0,0,3427,20683,0.0,0.0,0.0,0,9,13.32939624786377,100.9979019165039,21.899660185921388,92,2.0,-1.2000000476837158,40.0,0,30,-,READY owner=Surnn refs=24,"{""cmd"": ""STOP"", ""status"": ""READY"", ""detector"": ""yolo"", ""state"": ""IDLE"", ""owner"": ""Surnn"", ""score"": null, ""match_max"": 0.5, ""refs"": 24, ""match_mode"": ""none"", ""steer_zones"": 41, ""people"": 0, ""track_id"": null, ""target_ex"": 0.0, ""target_cx_vel_px_s"": 0.0, ""target_age_s"": null, ""lidar_min_m"": 4.43, ""target_lidar_m"": null, ""target_lidar_deg"": null, ""camera_range_m"
2026-07-10T13:59:14.211,202.211,mission_20260710_135552_auto,AUTO,,1,13.329312324523926,100.99771881103516,-99.02917790796569,4,True,-1.0,1,0,0,0,0,0.0,0.0,0.0,0,9,13.32939624786377,100.9979019165039,21.899660185921388,92,26.200000762939453,-1.2999999523162842,40.0,0,30,-,READY owner=Surnn refs=24,"{""cmd"": ""STOP"", ""status"": ""READY"", ""detector"": ""yolo"", ""state"": ""IDLE"", ""owner"": ""Surnn"", ""score"": null, ""match_max"": 0.5, ""refs"": 24, ""match_mode"": ""none"", ""steer_zones"": 41, ""people"": 0, ""track_id"": null, ""target_ex"": 0.0, ""target_cx_vel_px_s"": 0.0, ""target_age_s"": null, ""lidar_min_m"": 2.58, ""target_lidar_m"": null, ""target_lidar_deg"": null, ""camera_range_m"
2026-07-10T13:59:15.215,203.215,mission_20260710_135552_auto,AUTO,,1,13.329312324523926,100.99771881103516,-99.02102949228586,4,True,-1.0,1,0,0,3427,20,0.0,0.0,0.0,0,9,13.32939624786377,100.9979019165039,21.899660185921388,92,26.200000762939453,-1.2999999523162842,40.0,0,30,-,READY owner=Surnn refs=24,"{""cmd"": ""STOP"", ""status"": ""READY"", ""detector"": ""yolo"", ""state"": ""IDLE"", ""owner"": ""Surnn"", ""score"": null, ""match_max"": 0.5, ""refs"": 24, ""match_mode"": ""none"", ""steer_zones"": 41, ""people"": 0, ""track_id"": null, ""target_ex"": 0.0, ""target_cx_vel_px_s"": 0.0, ""target_age_s"": null, ""lidar_min_m"": 1.94, ""target_lidar_m"": null, ""target_lidar_deg"": null, ""camera_range_m"
2026-07-10T13:59:16.220,204.22,mission_20260710_135552_auto,AUTO,,1,13.329312324523926,100.99771881103516,-99.01964979407353,4,True,-1.0,1,0,0,3427,2068,0.0,0.0,0.0,0,9,13.32939624786377,100.9979019165039,21.899660185921388,92,26.200000762939453,-1.2000000476837158,40.0,0,30,-,READY owner=Surnn refs=24,"{""cmd"": ""STOP"", ""status"": ""READY"", ""detector"": ""yolo"", ""state"": ""IDLE"", ""owner"": ""Surnn"", ""score"": null, ""match_max"": 0.5, ""refs"": 24, ""match_mode"": ""none"", ""steer_zones"": 41, ""people"": 0, ""track_id"": null, ""target_ex"": 0.0, ""target_cx_vel_px_s"": 0.0, ""target_age_s"": null, ""lidar_min_m"": null, ""target_lidar_m"": null, ""target_lidar_deg"": null, ""camera_range_m"
2026-07-10T13:59:17.220,205.221,mission_20260710_135552_auto,AUTO,,1,13.329312324523926,100.99771881103516,-99.02016888845044,4,True,-1.0,1,0,0,3427,20683,0.0,0.0,0.0,0,9,13.32939624786377,100.9979019165039,21.899660185921388,92,26.200000762939453,-1.2000000476837158,40.0,0,30,-,READY owner=Surnn refs=24,"{""cmd"": ""STOP"", ""status"": ""READY"", ""detector"": ""yolo"", ""state"": ""IDLE"", ""owner"": ""Surnn"", ""score"": null, ""match_max"": 0.5, ""refs"": 24, ""match_mode"": ""none"", ""steer_zones"": 41, ""people"": 0, ""track_id"": null, ""target_ex"": 0.0, ""target_cx_vel_px_s"": 0.0, ""target_age_s"": null, ""lidar_min_m"": 1.93, ""target_lidar_m"": null, ""target_lidar_deg"": null, ""camera_range_m"
2026-07-10T13:59:18.222,206.223,mission_20260710_135552_auto,AUTO,,1,13.329312324523926,100.99771881103516,-99.02822851167106,4,True,-1.0,1,0,0,3427,20683,0.0,0.0,0.0,0,9,13.32939624786377,100.9979019165039,21.899660185921388,92,26.200000762939453,-1.2000000476837158,40.0,0,30,-,READY owner=Surnn refs=24,"{""cmd"": ""STOP"", ""status"": ""READY"", ""detector"": ""yolo"", ""state"": ""IDLE"", ""owner"": ""Surnn"", ""score"": null, ""match_max"": 0.5, ""refs"": 24, ""match_mode"": ""none"", ""steer_zones"": 41, ""people"": 0, ""track_id"": null, ""target_ex"": 0.0, ""target_cx_vel_px_s"": 0.0, ""target_age_s"": null, ""lidar_min_m"": 4.96, ""target_lidar_m"": null, ""target_lidar_deg"": null, ""camera_range_m"
2026-07-10T13:59:19.226,207.226,mission_20260710_135552_auto,AUTO,,1,13.329312324523926,100.99771881103516,-99.03046198352966,4,True,-1.0,1,0,0,3427,20683,0.0,0.0,0.0,0,9,13.32939624786377,100.9979019165039,21.899660185921388,92,26.200000762939453,-1.399999976158142,40.0,0,30,-,READY owner=Surnn refs=24,"{""cmd"": ""STOP"", ""status"": ""READY"", ""detector"": ""yolo"", ""state"": ""IDLE"", ""owner"": ""Surnn"", ""score"": null, ""match_max"": 0.5, ""refs"": 24, ""match_mode"": ""none"", ""steer_zones"": 41, ""people"": 0, ""track_id"": null, ""target_ex"": 0.0, ""target_cx_vel_px_s"": 0.0, ""target_age_s"": null, ""lidar_min_m"": 4.96, ""target_lidar_m"": null, ""target_lidar_deg"": null, ""camera_range_m"
2026-07-10T13:59:20.230,208.23,mission_20260710_135552_auto,AUTO,,1,13.329312324523926,100.99771881103516,-99.02542130392219,4,True,-1.0,1,0,0,0,0,0.0,0.0,0.0,0,9,13.32939624786377,100.9979019165039,21.899660185921388,92,0.0,0.0,0.0,0,30,-,READY owner=Surnn refs=24,"{""cmd"": ""STOP"", ""status"": ""READY"", ""detector"": ""yolo"", ""state"": ""IDLE"", ""owner"": ""Surnn"", ""score"": null, ""match_max"": 0.5, ""refs"": 24, ""match_mode"": ""none"", ""steer_zones"": 41, ""people"": 0, ""track_id"": null, ""target_ex"": 0.0, ""target_cx_vel_px_s"": 0.0, ""target_age_s"": null, ""lidar_min_m"": null, ""target_lidar_m"": null, ""target_lidar_deg"": null, ""camera_range_m"
2026-07-10T13:59:21.230,209.23,mission_20260710_135552_auto,AUTO,,1,13.329312324523926,100.99771881103516,-99.03047564390799,4,True,-1.0,1,0,0,3427,20683,0.0,0.0,0.0,0,9,13.32939624786377,100.9979019165039,21.899660185921388,92,26.200000762939453,-1.2999999523162842,40.0,0,30,-,READY owner=Surnn refs=24,"{""cmd"": ""STOP"", ""status"": ""READY"", ""detector"": ""yolo"", ""state"": ""IDLE"", ""owner"": ""Surnn"", ""score"": null, ""match_max"": 0.5, ""refs"": 24, ""match_mode"": ""none"", ""steer_zones"": 41, ""people"": 0, ""track_id"": null, ""target_ex"": 0.0, ""target_cx_vel_px_s"": 0.0, ""target_age_s"": null, ""lidar_min_m"": null, ""target_lidar_m"": null, ""target_lidar_deg"": null, ""camera_range_m"
2026-07-10T13:59:22.238,210.238,mission_20260710_135552_auto,AUTO,,1,13.329312324523926,100.99771881103516,-99.03285254973916,4,True,-1.0,1,0,0,3427,20683,0.0,0.0,0.0,0,9,13.32939624786377,100.9979019165039,21.899660185921388,92,26.200000762939453,-1.100000023841858,40.0,0,30,-,READY owner=Surnn refs=24,"{""cmd"": ""STOP"", ""status"": ""READY"", ""detector"": ""yolo"", ""state"": ""IDLE"", ""owner"": ""Surnn"", ""score"": null, ""match_max"": 0.5, ""refs"": 24, ""match_mode"": ""none"", ""steer_zones"": 41, ""people"": 0, ""track_id"": null, ""target_ex"": 0.0, ""target_cx_vel_px_s"": 0.0, ""target_age_s"": null, ""lidar_min_m"": 5.21, ""target_lidar_m"": null, ""target_lidar_deg"": null, ""camera_range_m"
2026-07-10T13:59:23.243,211.244,mission_20260710_135552_auto,AUTO,,1,13.329312324523926,100.99771881103516,-99.0428656070624,4,True,-1.0,1,0,0,0,0,0.0,0.0,0.0,0,9,13.32939624786377,100.9979019165039,21.899660185921388,92,26.200000762939453,-1.100000023841858,40.0,0,30,-,READY owner=Surnn refs=24,"{""cmd"": ""STOP"", ""status"": ""READY"", ""detector"": ""yolo"", ""state"": ""IDLE"", ""owner"": ""Surnn"", ""score"": null, ""match_max"": 0.5, ""refs"": 24, ""match_mode"": ""none"", ""steer_zones"": 41, ""people"": 0, ""track_id"": null, ""target_ex"": 0.0, ""target_cx_vel_px_s"": 0.0, ""target_age_s"": null, ""lidar_min_m"": null, ""target_lidar_m"": null, ""target_lidar_deg"": null, ""camera_range_m"
2026-07-10T13:59:24.245,212.245,mission_20260710_135552_auto,AUTO,,1,13.329312324523926,100.99772644042969,-99.04118538052657,4,True,-1.0,1,0,0,3427,20683,0.0,0.0,0.0,0,9,13.32939624786377,100.9979019165039,21.15578530645987,92,26.200000762939453,-1.2000000476837158,40.0,0,30,-,READY owner=Surnn refs=24,"{""cmd"": ""STOP"", ""status"": ""READY"", ""detector"": ""yolo"", ""state"": ""IDLE"", ""owner"": ""Surnn"", ""score"": null, ""match_max"": 0.5, ""refs"": 24, ""match_mode"": ""none"", ""steer_zones"": 41, ""people"": 0, ""track_id"": null, ""target_ex"": 0.0, ""target_cx_vel_px_s"": 0.0, ""target_age_s"": null, ""lidar_min_m"": null, ""target_lidar_m"": null, ""target_lidar_deg"": null, ""camera_range_m"
2026-07-10T13:59:25.245,213.246,mission_20260710_135552_auto,AUTO,,1,13.329312324523926,100.99772644042969,-99.05078862649961,4,True,-1.0,1,0,0,3427,20683,0.0,0.0,0.0,0,9,13.32939624786377,100.9979019165039,21.15578530645987,92,26.200000762939453,-1.2000000476837158,40.0,0,30,-,READY owner=Surnn refs=24,"{""cmd"": ""STOP"", ""status"": ""READY"", ""detector"": ""yolo"", ""state"": ""IDLE"", ""owner"": ""Surnn"", ""score"": null, ""match_max"": 0.5, ""refs"": 24, ""match_mode"": ""none"", ""steer_zones"": 41, ""people"": 0, ""track_id"": null, ""target_ex"": 0.0, ""target_cx_vel_px_s"": 0.0, ""target_age_s"": null, ""lidar_min_m"": 2.01, ""target_lidar_m"": null, ""target_lidar_deg"": null, ""camera_range_m"
2026-07-10T13:59:26.250,214.251,mission_20260710_135552_auto,AUTO,,1,13.329312324523926,100.99772644042969,-99.05044028685194,4,True,-1.0,1,0,0,3427,20683,0.0,0.0,0.0,0,9,13.32939624786377,100.9979019165039,21.15578530645987,92,26.0,-1.2000000476837158,40.0,0,30,-,READY owner=Surnn refs=24,"{""cmd"": ""STOP"", ""status"": ""READY"", ""detector"": ""yolo"", ""state"": ""IDLE"", ""owner"": ""Surnn"", ""score"": null, ""match_max"": 0.5, ""refs"": 24, ""match_mode"": ""none"", ""steer_zones"": 41, ""people"": 0, ""track_id"": null, ""target_ex"": 0.0, ""target_cx_vel_px_s"": 0.0, ""target_age_s"": null, ""lidar_min_m"": null, ""target_lidar_m"": null, ""target_lidar_deg"": null, ""camera_range_m"
2026-07-10T13:59:27.255,215.255,mission_20260710_135552_auto,AUTO,,1,13.329312324523926,100.99772644042969,-99.04923817355802,4,True,-1.0,1,0,0,3427,206,0.0,0.0,0.0,0,9,13.32939624786377,100.9979019165039,21.15578530645987,92,2.0,-1.2999999523162842,40.0,0,30,-,READY owner=Surnn refs=24,"{""cmd"": ""STOP"", ""status"": ""READY"", ""detector"": ""yolo"", ""state"": ""IDLE"", ""owner"": ""Surnn"", ""score"": null, ""match_max"": 0.5, ""refs"": 24, ""match_mode"": ""none"", ""steer_zones"": 41, ""people"": 0, ""track_id"": null, ""target_ex"": 0.0, ""target_cx_vel_px_s"": 0.0, ""target_age_s"": null, ""lidar_min_m"": 3.7, ""target_lidar_m"": null, ""target_lidar_deg"": null, ""camera_range_m"""
2026-07-10T13:59:28.255,216.255,mission_20260710_135552_auto,AUTO,,1,13.329313278198242,100.99772644042969,-99.04664953186258,4,True,-1.0,1,0,0,3427,20,0.0,0.0,0.0,0,9,13.32939624786377,100.9979019165039,21.109223747278886,92,26.200000762939453,-1.2000000476837158,40.0,0,30,-,READY owner=Surnn refs=24,"{""cmd"": ""STOP"", ""status"": ""READY"", ""detector"": ""yolo"", ""state"": ""IDLE"", ""owner"": ""Surnn"", ""score"": null, ""match_max"": 0.5, ""refs"": 24, ""match_mode"": ""none"", ""steer_zones"": 41, ""people"": 0, ""track_id"": null, ""target_ex"": 0.0, ""target_cx_vel_px_s"": 0.0, ""target_age_s"": null, ""lidar_min_m"": null, ""target_lidar_m"": null, ""target_lidar_deg"": null, ""camera_range_m"
2026-07-10T13:59:29.260,217.26,mission_20260710_135552_auto,AUTO,,1,13.329313278198242,100.99772644042969,-99.04524934308273,4,True,-1.0,1,0,0,3427,20683,0.0,0.0,0.0,0,9,13.32939624786377,100.9979019165039,21.109223747278886,92,26.200000762939453,-1.2999999523162842,40.0,0,30,-,READY owner=Surnn refs=24,"{""cmd"": ""STOP"", ""status"": ""READY"", ""detector"": ""yolo"", ""state"": ""IDLE"", ""owner"": ""Surnn"", ""score"": null, ""match_max"": 0.5, ""refs"": 24, ""match_mode"": ""none"", ""steer_zones"": 41, ""people"": 0, ""track_id"": null, ""target_ex"": 0.0, ""target_cx_vel_px_s"": 0.0, ""target_age_s"": null, ""lidar_min_m"": null, ""target_lidar_m"": null, ""target_lidar_deg"": null, ""camera_range_m"
2026-07-10T13:59:30.265,218.265,mission_20260710_135552_auto,AUTO,,1,13.329313278198242,100.99772644042969,-99.06167594803661,4,True,-1.0,1,0,0,3427,20683,0.0,0.0,0.0,0,9,13.32939624786377,100.9979019165039,21.109223747278886,92,26.200000762939453,-1.2999999523162842,40.0,0,30,-,READY owner=Surnn refs=24,"{""cmd"": ""STOP"", ""status"": ""READY"", ""detector"": ""yolo"", ""state"": ""IDLE"", ""owner"": ""Surnn"", ""score"": null, ""match_max"": 0.5, ""refs"": 24, ""match_mode"": ""none"", ""steer_zones"": 41, ""people"": 0, ""track_id"": null, ""target_ex"": 0.0, ""target_cx_vel_px_s"": 0.0, ""target_age_s"": null, ""lidar_min_m"": null, ""target_lidar_m"": null, ""target_lidar_deg"": null, ""camera_range_m"
2026-07-10T13:59:31.270,219.271,mission_20260710_135552_auto,AUTO,,1,13.329313278198242,100.99772644042969,-99.07869677944828,4,True,-1.0,1,0,0,3427,20683,0.0,0.0,0.0,0,9,13.32939624786377,100.9979019165039,21.109223747278886,92,26.200000762939453,-1.2999999523162842,40.0,0,30,-,READY owner=Surnn refs=24,"{""cmd"": ""STOP"", ""status"": ""READY"", ""detector"": ""yolo"", ""state"": ""IDLE"", ""owner"": ""Surnn"", ""score"": null, ""match_max"": 0.5, ""refs"": 24, ""match_mode"": ""none"", ""steer_zones"": 41, ""people"": 0, ""track_id"": null, ""target_ex"": 0.0, ""target_cx_vel_px_s"": 0.0, ""target_age_s"": null, ""lidar_min_m"": 1.93, ""target_lidar_m"": null, ""target_lidar_deg"": null, ""camera_range_m"
2026-07-10T13:59:32.270,220.271,mission_20260710_135552_auto,AUTO,,1,13.329314231872559,100.99772644042969,-99.08401066662256,4,True,-1.0,1,0,0,3427,20683,0.0,0.0,0.0,0,9,13.32939624786377,100.9979019165039,21.063093149970342,92,26.200000762939453,-1.2999999523162842,40.0,0,30,-,READY owner=Surnn refs=24,"{""cmd"": ""STOP"", ""status"": ""READY"", ""detector"": ""yolo"", ""state"": ""IDLE"", ""owner"": ""Surnn"", ""score"": null, ""match_max"": 0.5, ""refs"": 24, ""match_mode"": ""none"", ""steer_zones"": 41, ""people"": 0, ""track_id"": null, ""target_ex"": 0.0, ""target_cx_vel_px_s"": 0.0, ""target_age_s"": null, ""lidar_min_m"": 1.9, ""target_lidar_m"": null, ""target_lidar_deg"": null, ""camera_range_m"""
2026-07-10T13:59:33.274,221.275,mission_20260710_135552_auto,AUTO,,1,13.329314231872559,100.99772644042969,-99.0798305908505,4,True,-1.0,1,0,0,3427,20683,0.0,0.0,0.0,0,9,13.32939624786377,100.9979019165039,21.063093149970342,92,26.200000762939453,-1.2999999523162842,40.0,0,30,-,READY owner=Surnn refs=24,"{""cmd"": ""STOP"", ""status"": ""READY"", ""detector"": ""yolo"", ""state"": ""IDLE"", ""owner"": ""Surnn"", ""score"": null, ""match_max"": 0.5, ""refs"": 24, ""match_mode"": ""none"", ""steer_zones"": 41, ""people"": 0, ""track_id"": null, ""target_ex"": 0.0, ""target_cx_vel_px_s"": 0.0, ""target_age_s"": null, ""lidar_min_m"": 4.96, ""target_lidar_m"": null, ""target_lidar_deg"": null, ""camera_range_m"
2026-07-10T13:59:34.275,222.276,mission_20260710_135552_auto,AUTO,,1,13.329314231872559,100.99772644042969,-99.08085511922602,4,True,-1.0,1,0,0,0,0,0.0,0.0,0.0,0,9,13.32939624786377,100.9979019165039,21.063093149970342,92,40.0,0.0,0.0,0,30,-,READY owner=Surnn refs=24,"{""cmd"": ""STOP"", ""status"": ""READY"", ""detector"": ""yolo"", ""state"": ""IDLE"", ""owner"": ""Surnn"", ""score"": null, ""match_max"": 0.5, ""refs"": 24, ""match_mode"": ""none"", ""steer_zones"": 41, ""people"": 0, ""track_id"": null, ""target_ex"": 0.0, ""target_cx_vel_px_s"": 0.0, ""target_age_s"": null, ""lidar_min_m"": null, ""target_lidar_m"": null, ""target_lidar_deg"": null, ""camera_range_m"
2026-07-10T13:59:35.280,223.281,mission_20260710_135552_auto,AUTO,,1,13.329314231872559,100.99772644042969,-99.08710474231657,4,True,-1.0,1,0,0,3427,20683,0.0,0.0,0.0,0,9,13.32939624786377,100.9979019165039,21.063093149970342,92,26.200000762939453,-1.2000000476837158,40.0,0,30,-,READY owner=Surnn refs=24,"{""cmd"": ""STOP"", ""status"": ""READY"", ""detector"": ""yolo"", ""state"": ""IDLE"", ""owner"": ""Surnn"", ""score"": null, ""match_max"": 0.5, ""refs"": 24, ""match_mode"": ""none"", ""steer_zones"": 41, ""people"": 0, ""track_id"": null, ""target_ex"": 0.0, ""target_cx_vel_px_s"": 0.0, ""target_age_s"": null, ""lidar_min_m"": null, ""target_lidar_m"": null, ""target_lidar_deg"": null, ""camera_range_m"
2026-07-10T13:59:36.281,224.282,mission_20260710_135552_auto,AUTO,,1,13.329314231872559,100.99772644042969,-99.08674957247973,4,True,-1.0,1,0,0,3427,20683,0.0,0.0,0.0,0,9,13.32939624786377,100.9979019165039,21.063093149970342,92,26.200000762939453,-1.2999999523162842,40.0,0,30,-,READY owner=Surnn refs=24,"{""cmd"": ""STOP"", ""status"": ""READY"", ""detector"": ""yolo"", ""state"": ""IDLE"", ""owner"": ""Surnn"", ""score"": null, ""match_max"": 0.5, ""refs"": 24, ""match_mode"": ""none"", ""steer_zones"": 41, ""people"": 0, ""track_id"": null, ""target_ex"": 0.0, ""target_cx_vel_px_s"": 0.0, ""target_age_s"": null, ""lidar_min_m"": 4.45, ""target_lidar_m"": null, ""target_lidar_deg"": null, ""camera_range_m"
2026-07-10T13:59:37.288,225.289,mission_20260710_135552_auto,AUTO,,1,13.329314231872559,100.99772644042969,-99.08108734565779,4,True,-1.0,1,0,0,20683,0,0.0,0.0,0.0,0,9,13.32939624786377,100.9979019165039,21.063093149970342,92,-1.100000023841858,40.0,0.0,0,30,-,READY owner=Surnn refs=24,"{""cmd"": ""STOP"", ""status"": ""READY"", ""detector"": ""yolo"", ""state"": ""IDLE"", ""owner"": ""Surnn"", ""score"": null, ""match_max"": 0.5, ""refs"": 24, ""match_mode"": ""none"", ""steer_zones"": 41, ""people"": 0, ""track_id"": null, ""target_ex"": 0.0, ""target_cx_vel_px_s"": 0.0, ""target_age_s"": null, ""lidar_min_m"": 4.45, ""target_lidar_m"": null, ""target_lidar_deg"": null, ""camera_range_m"
2026-07-10T13:59:38.290,226.291,mission_20260710_135552_auto,AUTO,,1,13.329314231872559,100.99772644042969,-99.07661357175144,4,True,-1.0,1,0,0,3427,20683,0.0,0.0,0.0,0,9,13.32939624786377,100.9979019165039,21.063093149970342,92,26.200000762939453,-1.2999999523162842,40.0,0,30,-,READY owner=Surnn refs=24,"{""cmd"": ""STOP"", ""status"": ""READY"", ""detector"": ""yolo"", ""state"": ""IDLE"", ""owner"": ""Surnn"", ""score"": null, ""match_max"": 0.5, ""refs"": 24, ""match_mode"": ""none"", ""steer_zones"": 41, ""people"": 0, ""track_id"": null, ""target_ex"": 0.0, ""target_cx_vel_px_s"": 0.0, ""target_age_s"": null, ""lidar_min_m"": null, ""target_lidar_m"": null, ""target_lidar_deg"": null, ""camera_range_m"
2026-07-10T13:59:39.293,227.293,mission_20260710_135552_auto,AUTO,,1,13.329314231872559,100.99772644042969,-99.07363560927331,4,True,-1.0,1,0,0,3427,20683,0.0,0.0,0.0,0,9,13.32939624786377,100.9979019165039,21.063093149970342,92,2.0,-1.2000000476837158,40.0,0,30,-,READY owner=Surnn refs=24,"{""cmd"": ""STOP"", ""status"": ""READY"", ""detector"": ""yolo"", ""state"": ""IDLE"", ""owner"": ""Surnn"", ""score"": null, ""match_max"": 0.5, ""refs"": 24, ""match_mode"": ""none"", ""steer_zones"": 41, ""people"": 0, ""track_id"": null, ""target_ex"": 0.0, ""target_cx_vel_px_s"": 0.0, ""target_age_s"": null, ""lidar_min_m"": null, ""target_lidar_m"": null, ""target_lidar_deg"": null, ""camera_range_m"
2026-07-10T13:59:40.295,228.296,mission_20260710_135552_auto,AUTO,,1,13.329314231872559,100.99772644042969,-99.07698240196662,4,True,-1.0,1,0,0,0,0,0.0,0.0,0.0,0,9,13.32939624786377,100.9979019165039,21.063093149970342,92,40.0,0.0,0.0,0,30,-,READY owner=Surnn refs=24,"{""cmd"": ""STOP"", ""status"": ""READY"", ""detector"": ""yolo"", ""state"": ""IDLE"", ""owner"": ""Surnn"", ""score"": null, ""match_max"": 0.5, ""refs"": 24, ""match_mode"": ""none"", ""steer_zones"": 41, ""people"": 0, ""track_id"": null, ""target_ex"": 0.0, ""target_cx_vel_px_s"": 0.0, ""target_age_s"": null, ""lidar_min_m"": 0.58, ""target_lidar_m"": null, ""target_lidar_deg"": null, ""camera_range_m"
2026-07-10T13:59:41.309,229.309,mission_20260710_135552_auto,AUTO,,1,13.329314231872559,100.99772644042969,-99.07912025117683,4,True,-1.0,1,0,0,3427,20683,0.0,0.0,0.0,0,9,13.32939624786377,100.9979019165039,21.063093149970342,92,26.200000762939453,-1.2000000476837158,40.0,0,30,-,READY owner=Surnn refs=24,"{""cmd"": ""STOP"", ""status"": ""READY"", ""detector"": ""yolo"", ""state"": ""IDLE"", ""owner"": ""Surnn"", ""score"": null, ""match_max"": 0.5, ""refs"": 24, ""match_mode"": ""none"", ""steer_zones"": 41, ""people"": 0, ""track_id"": null, ""target_ex"": 0.0, ""target_cx_vel_px_s"": 0.0, ""target_age_s"": null, ""lidar_min_m"": 1.9, ""target_lidar_m"": null, ""target_lidar_deg"": null, ""camera_range_m"""
2026-07-10T13:59:42.310,230.31,mission_20260710_135552_auto,AUTO,,1,13.329314231872559,100.99772644042969,-99.07539096789,4,True,-1.0,1,0,0,3427,20683,0.0,0.0,0.0,0,9,13.32939624786377,100.9979019165039,21.063093149970342,92,26.200000762939453,-1.100000023841858,40.0,0,30,-,READY owner=Surnn refs=24,"{""cmd"": ""STOP"", ""status"": ""READY"", ""detector"": ""yolo"", ""state"": ""IDLE"", ""owner"": ""Surnn"", ""score"": null, ""match_max"": 0.5, ""refs"": 24, ""match_mode"": ""none"", ""steer_zones"": 41, ""people"": 0, ""track_id"": null, ""target_ex"": 0.0, ""target_cx_vel_px_s"": 0.0, ""target_age_s"": null, ""lidar_min_m"": null, ""target_lidar_m"": null, ""target_lidar_deg"": null, ""camera_range_m"
2026-07-10T13:59:43.316,231.317,mission_20260710_135552_auto,AUTO,,1,13.329315185546875,100.99772644042969,-99.07038443922838,4,True,-1.0,1,0,0,0,0,0.0,0.0,0.0,0,9,13.32939624786377,100.9979019165039,21.01739635225918,92,0.0,0.0,0.0,0,30,-,READY owner=Surnn refs=24,"{""cmd"": ""STOP"", ""status"": ""READY"", ""detector"": ""yolo"", ""state"": ""IDLE"", ""owner"": ""Surnn"", ""score"": null, ""match_max"": 0.5, ""refs"": 24, ""match_mode"": ""none"", ""steer_zones"": 41, ""people"": 0, ""track_id"": null, ""target_ex"": 0.0, ""target_cx_vel_px_s"": 0.0, ""target_age_s"": null, ""lidar_min_m"": null, ""target_lidar_m"": null, ""target_lidar_deg"": null, ""camera_range_m"
2026-07-10T13:59:44.328,232.328,mission_20260710_135552_auto,AUTO,,1,13.329315185546875,100.99772644042969,-99.05966787242063,4,True,-1.0,1,0,0,3427,20683,0.0,0.0,0.0,0,9,13.32939624786377,100.9979019165039,21.01739635225918,92,26.200000762939453,-1.100000023841858,40.0,0,30,-,READY owner=Surnn refs=24,"{""cmd"": ""STOP"", ""status"": ""READY"", ""detector"": ""yolo"", ""state"": ""IDLE"", ""owner"": ""Surnn"", ""score"": null, ""match_max"": 0.5, ""refs"": 24, ""match_mode"": ""none"", ""steer_zones"": 41, ""people"": 0, ""track_id"": null, ""target_ex"": 0.0, ""target_cx_vel_px_s"": 0.0, ""target_age_s"": null, ""lidar_min_m"": 4.47, ""target_lidar_m"": null, ""target_lidar_deg"": null, ""camera_range_m"
2026-07-10T13:59:45.328,233.328,mission_20260710_135552_auto,AUTO,,1,13.329315185546875,100.99772644042969,-99.06787092961382,4,True,-1.0,1,0,0,3427,20683,0.0,0.0,0.0,0,9,13.32939624786377,100.9979019165039,21.01739635225918,92,26.200000762939453,-1.100000023841858,40.0,0,30,-,READY owner=Surnn refs=24,"{""cmd"": ""STOP"", ""status"": ""READY"", ""detector"": ""yolo"", ""state"": ""IDLE"", ""owner"": ""Surnn"", ""score"": null, ""match_max"": 0.5, ""refs"": 24, ""match_mode"": ""none"", ""steer_zones"": 41, ""people"": 0, ""track_id"": null, ""target_ex"": 0.0, ""target_cx_vel_px_s"": 0.0, ""target_age_s"": null, ""lidar_min_m"": 4.6, ""target_lidar_m"": null, ""target_lidar_deg"": null, ""camera_range_m"""
2026-07-10T13:59:46.330,234.33,mission_20260710_135552_auto,AUTO,,1,13.329315185546875,100.99772644042969,-99.06188768390088,4,True,-1.0,1,0,0,3427,20683,0.0,0.0,0.0,0,9,13.32939624786377,100.9979019165039,21.01739635225918,92,26.0,-1.100000023841858,40.0,0,30,-,READY owner=Surnn refs=24,"{""cmd"": ""STOP"", ""status"": ""READY"", ""detector"": ""yolo"", ""state"": ""IDLE"", ""owner"": ""Surnn"", ""score"": null, ""match_max"": 0.5, ""refs"": 24, ""match_mode"": ""none"", ""steer_zones"": 41, ""people"": 0, ""track_id"": null, ""target_ex"": 0.0, ""target_cx_vel_px_s"": 0.0, ""target_age_s"": null, ""lidar_min_m"": 4.07, ""target_lidar_m"": null, ""target_lidar_deg"": null, ""camera_range_m"
2026-07-10T13:59:47.332,235.333,mission_20260710_135552_auto,AUTO,,1,13.329315185546875,100.99772644042969,-99.05127356993069,4,True,-1.0,1,0,0,0,0,0.0,0.0,0.0,0,9,13.32939624786377,100.9979019165039,21.01739635225918,92,40.0,0.0,0.0,0,30,-,READY owner=Surnn refs=24,"{""cmd"": ""STOP"", ""status"": ""READY"", ""detector"": ""yolo"", ""state"": ""IDLE"", ""owner"": ""Surnn"", ""score"": null, ""match_max"": 0.5, ""refs"": 24, ""match_mode"": ""none"", ""steer_zones"": 41, ""people"": 0, ""track_id"": null, ""target_ex"": 0.0, ""target_cx_vel_px_s"": 0.0, ""target_age_s"": null, ""lidar_min_m"": null, ""target_lidar_m"": null, ""target_lidar_deg"": null, ""camera_range_m"
2026-07-10T13:59:48.334,236.335,mission_20260710_135552_auto,AUTO,,1,13.329315185546875,100.99772644042969,-99.0442316448964,4,True,-1.0,1,0,0,3427,20683,0.0,0.0,0.0,0,9,13.32939624786377,100.9979019165039,21.01739635225918,92,26.200000762939453,-1.399999976158142,40.0,0,30,-,READY owner=Surnn refs=24,"{""cmd"": ""STOP"", ""status"": ""READY"", ""detector"": ""yolo"", ""state"": ""IDLE"", ""owner"": ""Surnn"", ""score"": null, ""match_max"": 0.5, ""refs"": 24, ""match_mode"": ""none"", ""steer_zones"": 41, ""people"": 0, ""track_id"": null, ""target_ex"": 0.0, ""target_cx_vel_px_s"": 0.0, ""target_age_s"": null, ""lidar_min_m"": 3.71, ""target_lidar_m"": null, ""target_lidar_deg"": null, ""camera_range_m"
2026-07-10T13:59:49.336,237.336,mission_20260710_135552_auto,AUTO,,1,13.329315185546875,100.99772644042969,-99.03904070112719,4,True,-1.0,1,0,0,40,0,0.0,0.0,0.0,0,9,13.32939624786377,100.9979019165039,21.01739635225918,92,0.0,0.0,0.0,0,30,-,READY owner=Surnn refs=24,"{""cmd"": ""STOP"", ""status"": ""READY"", ""detector"": ""yolo"", ""state"": ""IDLE"", ""owner"": ""Surnn"", ""score"": null, ""match_max"": 0.5, ""refs"": 24, ""match_mode"": ""none"", ""steer_zones"": 41, ""people"": 0, ""track_id"": null, ""target_ex"": 0.0, ""target_cx_vel_px_s"": 0.0, ""target_age_s"": null, ""lidar_min_m"": 1.96, ""target_lidar_m"": null, ""target_lidar_deg"": null, ""camera_range_m"
2026-07-10T13:59:50.338,238.338,mission_20260710_135552_auto,AUTO,,1,13.329316139221191,100.99772644042969,-99.03762002177983,4,True,-1.0,1,0,0,3427,20683,0.0,0.0,0.0,0,9,13.32939624786377,100.9979019165039,20.972136189801287,92,26.200000762939453,-1.2999999523162842,40.0,0,30,-,READY owner=Surnn refs=24,"{""cmd"": ""STOP"", ""status"": ""READY"", ""detector"": ""yolo"", ""state"": ""IDLE"", ""owner"": ""Surnn"", ""score"": null, ""match_max"": 0.5, ""refs"": 24, ""match_mode"": ""none"", ""steer_zones"": 41, ""people"": 0, ""track_id"": null, ""target_ex"": 0.0, ""target_cx_vel_px_s"": 0.0, ""target_age_s"": null, ""lidar_min_m"": 5.07, ""target_lidar_m"": null, ""target_lidar_deg"": null, ""camera_range_m"
2026-07-10T13:59:51.342,239.342,mission_20260710_135552_auto,AUTO,,1,13.329316139221191,100.99772644042969,-99.02972432309929,4,True,-1.0,1,0,0,3427,20683,0.0,0.0,0.0,0,9,13.32939624786377,100.9979019165039,20.972136189801287,92,26.200000762939453,-1.2999999523162842,40.0,0,30,-,READY owner=Surnn refs=24,"{""cmd"": ""STOP"", ""status"": ""READY"", ""detector"": ""yolo"", ""state"": ""IDLE"", ""owner"": ""Surnn"", ""score"": null, ""match_max"": 0.5, ""refs"": 24, ""match_mode"": ""none"", ""steer_zones"": 41, ""people"": 0, ""track_id"": null, ""target_ex"": 0.0, ""target_cx_vel_px_s"": 0.0, ""target_age_s"": null, ""lidar_min_m"": null, ""target_lidar_m"": null, ""target_lidar_deg"": null, ""camera_range_m"
2026-07-10T13:59:52.349,240.349,mission_20260710_135552_auto,AUTO,,1,13.329316139221191,100.99772644042969,-99.03134990812175,4,True,-1.0,1,0,0,3427,20683,0.0,0.0,0.0,0,9,13.32939624786377,100.9979019165039,20.972136189801287,92,26.200000762939453,-1.2000000476837158,40.0,0,30,-,READY owner=Surnn refs=24,"{""cmd"": ""STOP"", ""status"": ""READY"", ""detector"": ""yolo"", ""state"": ""IDLE"", ""owner"": ""Surnn"", ""score"": null, ""match_max"": 0.5, ""refs"": 24, ""match_mode"": ""none"", ""steer_zones"": 41, ""people"": 0, ""track_id"": null, ""target_ex"": 0.0, ""target_cx_vel_px_s"": 0.0, ""target_age_s"": null, ""lidar_min_m"": null, ""target_lidar_m"": null, ""target_lidar_deg"": null, ""camera_range_m"
2026-07-10T13:59:53.352,241.353,mission_20260710_135552_auto,AUTO,,1,13.329316139221191,100.99772644042969,-99.03472402157175,4,True,-1.0,1,0,0,3427,20683,0.0,0.0,0.0,0,9,13.32939624786377,100.9979019165039,20.972136189801287,92,26.200000762939453,-1.2999999523162842,40.0,0,30,-,READY owner=Surnn refs=24,"{""cmd"": ""STOP"", ""status"": ""READY"", ""detector"": ""yolo"", ""state"": ""IDLE"", ""owner"": ""Surnn"", ""score"": null, ""match_max"": 0.5, ""refs"": 24, ""match_mode"": ""none"", ""steer_zones"": 41, ""people"": 0, ""track_id"": null, ""target_ex"": 0.0, ""target_cx_vel_px_s"": 0.0, ""target_age_s"": null, ""lidar_min_m"": null, ""target_lidar_m"": null, ""target_lidar_deg"": null, ""camera_range_m"
2026-07-10T13:59:54.354,242.354,mission_20260710_135552_auto,AUTO,,1,13.329316139221191,100.99772644042969,-99.02867930415628,4,True,-1.0,1,0,0,3427,20,0.0,0.0,0.0,0,9,13.32939624786377,100.9979019165039,20.972136189801287,92,26.200000762939453,-1.2999999523162842,40.0,0,30,-,READY owner=Surnn refs=24,"{""cmd"": ""STOP"", ""status"": ""READY"", ""detector"": ""yolo"", ""state"": ""IDLE"", ""owner"": ""Surnn"", ""score"": null, ""match_max"": 0.5, ""refs"": 24, ""match_mode"": ""none"", ""steer_zones"": 41, ""people"": 0, ""track_id"": null, ""target_ex"": 0.0, ""target_cx_vel_px_s"": 0.0, ""target_age_s"": null, ""lidar_min_m"": 3.93, ""target_lidar_m"": null, ""target_lidar_deg"": null, ""camera_range_m"
2026-07-10T13:59:55.356,243.356,mission_20260710_135552_auto,AUTO,,1,13.329316139221191,100.99772644042969,-99.02670537948615,4,True,-1.0,1,0,0,40,0,0.0,0.0,0.0,0,9,13.32939624786377,100.9979019165039,20.972136189801287,92,26.200000762939453,-1.2000000476837158,40.0,0,30,-,READY owner=Surnn refs=24,"{""cmd"": ""STOP"", ""status"": ""READY"", ""detector"": ""yolo"", ""state"": ""IDLE"", ""owner"": ""Surnn"", ""score"": null, ""match_max"": 0.5, ""refs"": 24, ""match_mode"": ""none"", ""steer_zones"": 41, ""people"": 0, ""track_id"": null, ""target_ex"": 0.0, ""target_cx_vel_px_s"": 0.0, ""target_age_s"": null, ""lidar_min_m"": null, ""target_lidar_m"": null, ""target_lidar_deg"": null, ""camera_range_m"
2026-07-10T13:59:56.361,244.361,mission_20260710_135552_auto,AUTO,,1,13.329316139221191,100.99772644042969,-99.02746353048401,4,True,-1.0,1,0,0,3427,20683,0.0,0.0,0.0,0,9,13.32939624786377,100.9979019165039,20.972136189801287,92,26.200000762939453,-1.2000000476837158,40.0,0,30,-,READY owner=Surnn refs=24,"{""cmd"": ""STOP"", ""status"": ""READY"", ""detector"": ""yolo"", ""state"": ""IDLE"", ""owner"": ""Surnn"", ""score"": null, ""match_max"": 0.5, ""refs"": 24, ""match_mode"": ""none"", ""steer_zones"": 41, ""people"": 0, ""track_id"": null, ""target_ex"": 0.0, ""target_cx_vel_px_s"": 0.0, ""target_age_s"": null, ""lidar_min_m"": null, ""target_lidar_m"": null, ""target_lidar_deg"": null, ""camera_range_m"
2026-07-10T13:59:57.363,245.364,mission_20260710_135552_auto,AUTO,,1,13.329316139221191,100.99772644042969,-99.0334126252511,4,True,-1.0,1,0,0,3427,20683,0.0,0.0,0.0,0,9,13.32939624786377,100.9979019165039,20.972136189801287,92,26.200000762939453,-1.100000023841858,40.0,0,30,-,READY owner=Surnn refs=24,"{""cmd"": ""STOP"", ""status"": ""READY"", ""detector"": ""yolo"", ""state"": ""IDLE"", ""owner"": ""Surnn"", ""score"": null, ""match_max"": 0.5, ""refs"": 24, ""match_mode"": ""none"", ""steer_zones"": 41, ""people"": 0, ""track_id"": null, ""target_ex"": 0.0, ""target_cx_vel_px_s"": 0.0, ""target_age_s"": null, ""lidar_min_m"": null, ""target_lidar_m"": null, ""target_lidar_deg"": null, ""camera_range_m"
2026-07-10T13:59:58.365,246.366,mission_20260710_135552_auto,AUTO,,1,13.329316139221191,100.99772644042969,-99.04046138047455,4,True,-1.0,1,0,0,1,0,0.0,0.0,0.0,0,9,13.32939624786377,100.9979019165039,20.972136189801287,92,26.200000762939453,-1.2999999523162842,40.0,0,30,-,READY owner=Surnn refs=24,"{""cmd"": ""STOP"", ""status"": ""READY"", ""detector"": ""yolo"", ""state"": ""IDLE"", ""owner"": ""Surnn"", ""score"": null, ""match_max"": 0.5, ""refs"": 24, ""match_mode"": ""none"", ""steer_zones"": 41, ""people"": 0, ""track_id"": null, ""target_ex"": 0.0, ""target_cx_vel_px_s"": 0.0, ""target_age_s"": null, ""lidar_min_m"": null, ""target_lidar_m"": null, ""target_lidar_deg"": null, ""camera_range_m"
2026-07-10T13:59:59.366,247.366,mission_20260710_135552_auto,AUTO,,1,13.329316139221191,100.99772644042969,-99.05947662712387,4,True,-1.0,1,0,0,3427,20683,0.0,0.0,0.0,0,9,13.32939624786377,100.9979019165039,20.972136189801287,92,26.200000762939453,-1.2000000476837158,40.0,0,30,-,READY owner=Surnn refs=24,"{""cmd"": ""STOP"", ""status"": ""READY"", ""detector"": ""yolo"", ""state"": ""IDLE"", ""owner"": ""Surnn"", ""score"": null, ""match_max"": 0.5, ""refs"": 24, ""match_mode"": ""none"", ""steer_zones"": 41, ""people"": 0, ""track_id"": null, ""target_ex"": 0.0, ""target_cx_vel_px_s"": 0.0, ""target_age_s"": null, ""lidar_min_m"": 4.46, ""target_lidar_m"": null, ""target_lidar_deg"": null, ""camera_range_m"
2026-07-10T14:00:00.368,248.369,mission_20260710_135552_auto,AUTO,,1,13.329315185546875,100.99772644042969,-99.09030127084814,4,True,-1.0,1,0,0,0,0,0.0,0.0,0.0,0,9,13.32939624786377,100.9979019165039,21.01739635225918,92,40.0,0.0,0.0,0,30,-,READY owner=Surnn refs=24,"{""cmd"": ""STOP"", ""status"": ""READY"", ""detector"": ""yolo"", ""state"": ""IDLE"", ""owner"": ""Surnn"", ""score"": null, ""match_max"": 0.5, ""refs"": 24, ""match_mode"": ""none"", ""steer_zones"": 41, ""people"": 0, ""track_id"": null, ""target_ex"": 0.0, ""target_cx_vel_px_s"": 0.0, ""target_age_s"": null, ""lidar_min_m"": 4.46, ""target_lidar_m"": null, ""target_lidar_deg"": null, ""camera_range_m"
2026-07-10T14:00:01.372,249.372,mission_20260710_135552_auto,AUTO,,1,13.329315185546875,100.99772644042969,-99.1145894235367,4,True,-1.0,1,0,0,0,0,0.0,0.0,0.0,0,9,13.32939624786377,100.9979019165039,21.01739635225918,92,40.0,0.0,0.0,0,30,-,READY owner=Surnn refs=24,"{""cmd"": ""STOP"", ""status"": ""READY"", ""detector"": ""yolo"", ""state"": ""IDLE"", ""owner"": ""Surnn"", ""score"": null, ""match_max"": 0.5, ""refs"": 24, ""match_mode"": ""none"", ""steer_zones"": 41, ""people"": 0, ""track_id"": null, ""target_ex"": 0.0, ""target_cx_vel_px_s"": 0.0, ""target_age_s"": null, ""lidar_min_m"": 4.7, ""target_lidar_m"": null, ""target_lidar_deg"": null, ""camera_range_m"""
2026-07-10T14:00:02.376,250.376,mission_20260710_135552_auto,AUTO,,1,13.329315185546875,100.99772644042969,-99.16541969133993,4,True,-1.0,1,0,0,3427,20683,0.0,0.0,0.0,0,9,13.32939624786377,100.9979019165039,21.01739635225918,92,26.200000762939453,-1.2000000476837158,40.0,0,30,-,READY owner=Surnn refs=24,"{""cmd"": ""STOP"", ""status"": ""READY"", ""detector"": ""yolo"", ""state"": ""IDLE"", ""owner"": ""Surnn"", ""score"": null, ""match_max"": 0.5, ""refs"": 24, ""match_mode"": ""none"", ""steer_zones"": 41, ""people"": 0, ""track_id"": null, ""target_ex"": 0.0, ""target_cx_vel_px_s"": 0.0, ""target_age_s"": null, ""lidar_min_m"": 3.7, ""target_lidar_m"": null, ""target_lidar_deg"": null, ""camera_range_m"""
2026-07-10T14:00:03.376,251.376,mission_20260710_135552_auto,AUTO,,1,13.329315185546875,100.99772644042969,-99.22023878961846,4,True,-1.0,1,0,0,3427,20683,0.0,0.0,0.0,0,9,13.32939624786377,100.9979019165039,21.01739635225918,92,26.200000762939453,-1.100000023841858,40.0,0,30,-,READY owner=Surnn refs=24,"{""cmd"": ""STOP"", ""status"": ""READY"", ""detector"": ""yolo"", ""state"": ""IDLE"", ""owner"": ""Surnn"", ""score"": null, ""match_max"": 0.5, ""refs"": 24, ""match_mode"": ""none"", ""steer_zones"": 41, ""people"": 0, ""track_id"": null, ""target_ex"": 0.0, ""target_cx_vel_px_s"": 0.0, ""target_age_s"": null, ""lidar_min_m"": 3.14, ""target_lidar_m"": null, ""target_lidar_deg"": null, ""camera_range_m"
2026-07-10T14:00:04.378,252.378,mission_20260710_135552_auto,AUTO,,1,13.329315185546875,100.99772644042969,-99.26005879247964,4,True,-1.0,1,0,0,3427,20683,0.0,0.0,0.0,0,9,13.32939624786377,100.9979019165039,21.01739635225918,92,26.200000762939453,-1.100000023841858,40.0,0,30,-,READY owner=Surnn refs=24,"{""cmd"": ""STOP"", ""status"": ""READY"", ""detector"": ""yolo"", ""state"": ""IDLE"", ""owner"": ""Surnn"", ""score"": null, ""match_max"": 0.5, ""refs"": 24, ""match_mode"": ""none"", ""steer_zones"": 41, ""people"": 0, ""track_id"": null, ""target_ex"": 0.0, ""target_cx_vel_px_s"": 0.0, ""target_age_s"": null, ""lidar_min_m"": 5.72, ""target_lidar_m"": null, ""target_lidar_deg"": null, ""camera_range_m"
2026-07-10T14:00:05.378,253.378,mission_20260710_135552_auto,AUTO,,1,13.329315185546875,100.99772644042969,-99.27968192596508,4,True,-1.0,1,0,0,3427,20683,0.0,0.0,0.0,0,9,13.32939624786377,100.9979019165039,21.01739635225918,92,26.200000762939453,-1.2999999523162842,40.0,0,30,-,READY owner=Surnn refs=24,"{""cmd"": ""STOP"", ""status"": ""READY"", ""detector"": ""yolo"", ""state"": ""IDLE"", ""owner"": ""Surnn"", ""score"": null, ""match_max"": 0.5, ""refs"": 24, ""match_mode"": ""none"", ""steer_zones"": 41, ""people"": 0, ""track_id"": null, ""target_ex"": 0.0, ""target_cx_vel_px_s"": 0.0, ""target_age_s"": null, ""lidar_min_m"": null, ""target_lidar_m"": null, ""target_lidar_deg"": null, ""camera_range_m"
2026-07-10T14:00:06.378,254.379,mission_20260710_135552_auto,AUTO,,1,13.329314231872559,100.99772644042969,-99.3023854747662,4,True,-1.0,1,0,0,0,0,0.0,0.0,0.0,0,9,13.32939624786377,100.9979019165039,21.063093149970342,92,40.0,0.0,0.0,0,30,-,READY owner=Surnn refs=24,"{""cmd"": ""STOP"", ""status"": ""READY"", ""detector"": ""yolo"", ""state"": ""IDLE"", ""owner"": ""Surnn"", ""score"": null, ""match_max"": 0.5, ""refs"": 24, ""match_mode"": ""none"", ""steer_zones"": 41, ""people"": 0, ""track_id"": null, ""target_ex"": 0.0, ""target_cx_vel_px_s"": 0.0, ""target_age_s"": null, ""lidar_min_m"": null, ""target_lidar_m"": null, ""target_lidar_deg"": null, ""camera_range_m"
2026-07-10T14:00:07.383,255.384,mission_20260710_135552_auto,AUTO,,1,13.329314231872559,100.99772644042969,-99.33145475987378,4,True,-1.0,1,0,0,3427,20683,0.0,0.0,0.0,0,9,13.32939624786377,100.9979019165039,21.063093149970342,92,26.200000762939453,-1.2000000476837158,40.0,0,30,-,READY owner=Surnn refs=24,"{""cmd"": ""STOP"", ""status"": ""READY"", ""detector"": ""yolo"", ""state"": ""IDLE"", ""owner"": ""Surnn"", ""score"": null, ""match_max"": 0.5, ""refs"": 24, ""match_mode"": ""none"", ""steer_zones"": 41, ""people"": 0, ""track_id"": null, ""target_ex"": 0.0, ""target_cx_vel_px_s"": 0.0, ""target_age_s"": null, ""lidar_min_m"": null, ""target_lidar_m"": null, ""target_lidar_deg"": null, ""camera_range_m"
2026-07-10T14:00:08.387,256.388,mission_20260710_135552_auto,AUTO,,1,13.329314231872559,100.99772644042969,-99.36412355467395,4,True,-1.0,1,0,0,0,0,0.0,0.0,0.0,0,9,13.32939624786377,100.9979019165039,21.063093149970342,92,26.299999237060547,-1.2999999523162842,40.0,0,30,-,READY owner=Surnn refs=24,"{""cmd"": ""STOP"", ""status"": ""READY"", ""detector"": ""yolo"", ""state"": ""IDLE"", ""owner"": ""Surnn"", ""score"": null, ""match_max"": 0.5, ""refs"": 24, ""match_mode"": ""none"", ""steer_zones"": 41, ""people"": 0, ""track_id"": null, ""target_ex"": 0.0, ""target_cx_vel_px_s"": 0.0, ""target_age_s"": null, ""lidar_min_m"": 1.93, ""target_lidar_m"": null, ""target_lidar_deg"": null, ""camera_range_m"
2026-07-10T14:00:09.390,257.391,mission_20260710_135552_auto,AUTO,,1,13.329314231872559,100.99772644042969,-99.3885961224701,4,True,1.968000054359436,1,0,0,0,0,0.0,0.0,0.0,0,9,13.32939624786377,100.9979019165039,21.063093149970342,92,0.0,0.0,0.0,0,30,-,READY owner=Surnn refs=24,"{""cmd"": ""STOP"", ""status"": ""READY"", ""detector"": ""yolo"", ""state"": ""IDLE"", ""owner"": ""Surnn"", ""score"": null, ""match_max"": 0.5, ""refs"": 24, ""match_mode"": ""none"", ""steer_zones"": 41, ""people"": 0, ""track_id"": null, ""target_ex"": 0.0, ""target_cx_vel_px_s"": 0.0, ""target_age_s"": null, ""lidar_min_m"": null, ""target_lidar_m"": null, ""target_lidar_deg"": null, ""camera_range_m"
2026-07-10T14:00:10.403,258.403,mission_20260710_135552_auto,AUTO,,1,13.329314231872559,100.99772644042969,-99.39304257561979,4,True,-1.0,1,0,0,3427,20683,0.0,0.0,0.0,0,9,13.32939624786377,100.9979019165039,21.063093149970342,92,26.200000762939453,-1.2000000476837158,40.0,0,30,-,READY owner=Surnn refs=24,"{""cmd"": ""STOP"", ""status"": ""READY"", ""detector"": ""yolo"", ""state"": ""IDLE"", ""owner"": ""Surnn"", ""score"": null, ""match_max"": 0.5, ""refs"": 24, ""match_mode"": ""none"", ""steer_zones"": 41, ""people"": 0, ""track_id"": null, ""target_ex"": 0.0, ""target_cx_vel_px_s"": 0.0, ""target_age_s"": null, ""lidar_min_m"": null, ""target_lidar_m"": null, ""target_lidar_deg"": null, ""camera_range_m"
2026-07-10T14:00:11.404,259.405,mission_20260710_135552_auto,AUTO,,1,13.329314231872559,100.99772644042969,-99.41397710542587,4,True,-1.0,1,0,0,3427,20683,0.0,0.0,0.0,0,9,13.32939624786377,100.9979019165039,21.063093149970342,92,26.200000762939453,-1.399999976158142,40.0,0,30,-,READY owner=Surnn refs=24,"{""cmd"": ""STOP"", ""status"": ""READY"", ""detector"": ""yolo"", ""state"": ""IDLE"", ""owner"": ""Surnn"", ""score"": null, ""match_max"": 0.5, ""refs"": 24, ""match_mode"": ""none"", ""steer_zones"": 41, ""people"": 0, ""track_id"": null, ""target_ex"": 0.0, ""target_cx_vel_px_s"": 0.0, ""target_age_s"": null, ""lidar_min_m"": null, ""target_lidar_m"": null, ""target_lidar_deg"": null, ""camera_range_m"
2026-07-10T14:00:12.405,260.405,mission_20260710_135552_auto,AUTO,,1,13.329314231872559,100.99772644042969,-99.42131955878364,4,True,-1.0,1,0,0,3427,20683,0.0,0.0,0.0,0,9,13.32939624786377,100.9979019165039,21.063093149970342,92,26.200000762939453,-1.2000000476837158,40.0,0,30,-,READY owner=Surnn refs=24,"{""cmd"": ""STOP"", ""status"": ""READY"", ""detector"": ""yolo"", ""state"": ""IDLE"", ""owner"": ""Surnn"", ""score"": null, ""match_max"": 0.5, ""refs"": 24, ""match_mode"": ""none"", ""steer_zones"": 41, ""people"": 0, ""track_id"": null, ""target_ex"": 0.0, ""target_cx_vel_px_s"": 0.0, ""target_age_s"": null, ""lidar_min_m"": 3.44, ""target_lidar_m"": null, ""target_lidar_deg"": null, ""camera_range_m"
2026-07-10T14:00:13.405,261.405,mission_20260710_135552_auto,AUTO,,1,13.329314231872559,100.99772644042969,-99.42515812509718,4,True,-1.0,1,0,0,3427,20683,0.0,0.0,0.0,0,9,13.32939624786377,100.9979019165039,21.063093149970342,92,26.200000762939453,-1.2000000476837158,40.0,0,30,-,READY owner=Surnn refs=24,"{""cmd"": ""STOP"", ""status"": ""READY"", ""detector"": ""yolo"", ""state"": ""IDLE"", ""owner"": ""Surnn"", ""score"": null, ""match_max"": 0.5, ""refs"": 24, ""match_mode"": ""none"", ""steer_zones"": 41, ""people"": 0, ""track_id"": null, ""target_ex"": 0.0, ""target_cx_vel_px_s"": 0.0, ""target_age_s"": null, ""lidar_min_m"": null, ""target_lidar_m"": null, ""target_lidar_deg"": null, ""camera_range_m"
2026-07-10T14:00:14.406,262.406,mission_20260710_135552_auto,AUTO,,1,13.329313278198242,100.99772644042969,-99.42290416267107,4,True,-1.0,1,0,0,3427,20683,0.0,0.0,0.0,0,9,13.32939624786377,100.9979019165039,21.109223747278886,92,26.200000762939453,-1.2000000476837158,40.0,0,30,-,READY owner=Surnn refs=24,"{""cmd"": ""STOP"", ""status"": ""READY"", ""detector"": ""yolo"", ""state"": ""IDLE"", ""owner"": ""Surnn"", ""score"": null, ""match_max"": 0.5, ""refs"": 24, ""match_mode"": ""none"", ""steer_zones"": 41, ""people"": 0, ""track_id"": null, ""target_ex"": 0.0, ""target_cx_vel_px_s"": 0.0, ""target_age_s"": null, ""lidar_min_m"": 4.44, ""target_lidar_m"": null, ""target_lidar_deg"": null, ""camera_range_m"
2026-07-10T14:00:15.412,263.412,mission_20260710_135552_auto,AUTO,,1,13.329313278198242,100.99772644042969,-99.42589578552754,4,True,-1.0,1,0,0,0,0,0.0,0.0,0.0,0,9,13.32939624786377,100.9979019165039,21.109223747278886,92,0.0,0.0,0.0,0,30,-,READY owner=Surnn refs=24,"{""cmd"": ""STOP"", ""status"": ""READY"", ""detector"": ""yolo"", ""state"": ""IDLE"", ""owner"": ""Surnn"", ""score"": null, ""match_max"": 0.5, ""refs"": 24, ""match_mode"": ""none"", ""steer_zones"": 41, ""people"": 0, ""track_id"": null, ""target_ex"": 0.0, ""target_cx_vel_px_s"": 0.0, ""target_age_s"": null, ""lidar_min_m"": 1.48, ""target_lidar_m"": null, ""target_lidar_deg"": null, ""camera_range_m"
2026-07-10T14:00:16.413,264.413,mission_20260710_135552_auto,AUTO,,1,13.329313278198242,100.99772644042969,-99.42336861553464,4,True,-1.0,1,0,0,0,0,0.0,0.0,0.0,0,9,13.32939624786377,100.9979019165039,21.109223747278886,92,26.200000762939453,0.0,0.0,0,30,-,READY owner=Surnn refs=24,"{""cmd"": ""STOP"", ""status"": ""READY"", ""detector"": ""yolo"", ""state"": ""IDLE"", ""owner"": ""Surnn"", ""score"": null, ""match_max"": 0.5, ""refs"": 24, ""match_mode"": ""none"", ""steer_zones"": 41, ""people"": 0, ""track_id"": null, ""target_ex"": 0.0, ""target_cx_vel_px_s"": 0.0, ""target_age_s"": null, ""lidar_min_m"": 3.92, ""target_lidar_m"": null, ""target_lidar_deg"": null, ""camera_range_m"
2026-07-10T14:00:17.415,265.416,mission_20260710_135552_auto,AUTO,,1,13.329313278198242,100.99772644042969,-99.42683152144383,4,True,-1.0,1,0,0,3427,20683,0.0,0.0,0.0,0,9,13.32939624786377,100.9979019165039,21.109223747278886,92,26.200000762939453,-1.100000023841858,40.0,0,30,-,READY owner=Surnn refs=24,"{""cmd"": ""STOP"", ""status"": ""READY"", ""detector"": ""yolo"", ""state"": ""IDLE"", ""owner"": ""Surnn"", ""score"": null, ""match_max"": 0.5, ""refs"": 24, ""match_mode"": ""none"", ""steer_zones"": 41, ""people"": 0, ""track_id"": null, ""target_ex"": 0.0, ""target_cx_vel_px_s"": 0.0, ""target_age_s"": null, ""lidar_min_m"": null, ""target_lidar_m"": null, ""target_lidar_deg"": null, ""camera_range_m"
2026-07-10T14:00:18.421,266.422,mission_20260710_135552_auto,AUTO,,1,13.329313278198242,100.99772644042969,-99.42147665313455,4,True,-1.0,1,0,0,3427,20683,0.0,0.0,0.0,0,9,13.32939624786377,100.9979019165039,21.109223747278886,92,26.200000762939453,-1.2999999523162842,40.0,0,30,-,READY owner=Surnn refs=24,"{""cmd"": ""STOP"", ""status"": ""READY"", ""detector"": ""yolo"", ""state"": ""IDLE"", ""owner"": ""Surnn"", ""score"": null, ""match_max"": 0.5, ""refs"": 24, ""match_mode"": ""none"", ""steer_zones"": 41, ""people"": 0, ""track_id"": null, ""target_ex"": 0.0, ""target_cx_vel_px_s"": 0.0, ""target_age_s"": null, ""lidar_min_m"": null, ""target_lidar_m"": null, ""target_lidar_deg"": null, ""camera_range_m"
2026-07-10T14:00:19.423,267.423,mission_20260710_135552_auto,AUTO,,1,13.329313278198242,100.99772644042969,-99.43077254059493,4,True,-1.0,1,0,0,3427,20683,0.0,0.0,0.0,0,9,13.32939624786377,100.9979019165039,21.109223747278886,92,26.200000762939453,-1.2999999523162842,40.0,0,30,-,READY owner=Surnn refs=24,"{""cmd"": ""STOP"", ""status"": ""READY"", ""detector"": ""yolo"", ""state"": ""IDLE"", ""owner"": ""Surnn"", ""score"": null, ""match_max"": 0.5, ""refs"": 24, ""match_mode"": ""none"", ""steer_zones"": 41, ""people"": 0, ""track_id"": null, ""target_ex"": 0.0, ""target_cx_vel_px_s"": 0.0, ""target_age_s"": null, ""lidar_min_m"": null, ""target_lidar_m"": null, ""target_lidar_deg"": null, ""camera_range_m"
2026-07-10T14:00:20.424,268.425,mission_20260710_135552_auto,AUTO,,1,13.329313278198242,100.99772644042969,-99.46983439245824,4,True,-1.0,1,0,0,3427,206,0.0,0.0,0.0,0,9,13.32939624786377,100.9979019165039,21.109223747278886,92,26.200000762939453,-1.2000000476837158,40.0,0,30,-,READY owner=Surnn refs=24,"{""cmd"": ""STOP"", ""status"": ""READY"", ""detector"": ""yolo"", ""state"": ""IDLE"", ""owner"": ""Surnn"", ""score"": null, ""match_max"": 0.5, ""refs"": 24, ""match_mode"": ""none"", ""steer_zones"": 41, ""people"": 0, ""track_id"": null, ""target_ex"": 0.0, ""target_cx_vel_px_s"": 0.0, ""target_age_s"": null, ""lidar_min_m"": 3.74, ""target_lidar_m"": null, ""target_lidar_deg"": null, ""camera_range_m"
2026-07-10T14:00:21.434,269.434,mission_20260710_135552_auto,AUTO,,1,13.329313278198242,100.99772644042969,-99.5101803198855,4,True,-1.0,1,0,0,40,0,0.0,0.0,0.0,0,9,13.32939624786377,100.9979019165039,21.109223747278886,92,26.200000762939453,-1.100000023841858,40.0,0,30,-,READY owner=Surnn refs=24,"{""cmd"": ""STOP"", ""status"": ""READY"", ""detector"": ""yolo"", ""state"": ""IDLE"", ""owner"": ""Surnn"", ""score"": null, ""match_max"": 0.5, ""refs"": 24, ""match_mode"": ""none"", ""steer_zones"": 41, ""people"": 0, ""track_id"": null, ""target_ex"": 0.0, ""target_cx_vel_px_s"": 0.0, ""target_age_s"": null, ""lidar_min_m"": null, ""target_lidar_m"": null, ""target_lidar_deg"": null, ""camera_range_m"
2026-07-10T14:00:22.435,270.436,mission_20260710_135552_auto,AUTO,,1,13.329313278198242,100.99772644042969,-99.55141417190487,4,True,-1.0,1,0,0,0,0,0.0,0.0,0.0,0,9,13.32939624786377,100.9979019165039,21.109223747278886,92,26.200000762939453,-1.2000000476837158,4.0,0,30,-,READY owner=Surnn refs=24,"{""cmd"": ""STOP"", ""status"": ""READY"", ""detector"": ""yolo"", ""state"": ""IDLE"", ""owner"": ""Surnn"", ""score"": null, ""match_max"": 0.5, ""refs"": 24, ""match_mode"": ""none"", ""steer_zones"": 41, ""people"": 0, ""track_id"": null, ""target_ex"": 0.0, ""target_cx_vel_px_s"": 0.0, ""target_age_s"": null, ""lidar_min_m"": null, ""target_lidar_m"": null, ""target_lidar_deg"": null, ""camera_range_m"
2026-07-10T14:00:23.437,271.437,mission_20260710_135552_auto,AUTO,,1,13.329313278198242,100.99772644042969,-99.57783334361447,4,True,-1.0,1,0,0,3427,20683,0.0,0.0,0.0,0,9,13.32939624786377,100.9979019165039,21.109223747278886,92,26.200000762939453,-1.2999999523162842,40.0,0,30,-,READY owner=Surnn refs=24,"{""cmd"": ""STOP"", ""status"": ""READY"", ""detector"": ""yolo"", ""state"": ""IDLE"", ""owner"": ""Surnn"", ""score"": null, ""match_max"": 0.5, ""refs"": 24, ""match_mode"": ""none"", ""steer_zones"": 41, ""people"": 0, ""track_id"": null, ""target_ex"": 0.0, ""target_cx_vel_px_s"": 0.0, ""target_age_s"": null, ""lidar_min_m"": null, ""target_lidar_m"": null, ""target_lidar_deg"": null, ""camera_range_m"
2026-07-10T14:00:24.439,272.44,mission_20260710_135552_auto,AUTO,,1,13.329313278198242,100.99772644042969,-99.59895228852815,4,True,-1.0,1,0,0,3427,20683,0.0,0.0,0.0,0,9,13.32939624786377,100.9979019165039,21.109223747278886,92,2.0,-1.2000000476837158,40.0,0,30,-,READY owner=Surnn refs=24,"{""cmd"": ""STOP"", ""status"": ""READY"", ""detector"": ""yolo"", ""state"": ""IDLE"", ""owner"": ""Surnn"", ""score"": null, ""match_max"": 0.5, ""refs"": 24, ""match_mode"": ""none"", ""steer_zones"": 41, ""people"": 0, ""track_id"": null, ""target_ex"": 0.0, ""target_cx_vel_px_s"": 0.0, ""target_age_s"": null, ""lidar_min_m"": 1.94, ""target_lidar_m"": null, ""target_lidar_deg"": null, ""camera_range_m"
2026-07-10T14:00:25.439,273.44,mission_20260710_135552_auto,AUTO,,1,13.329314231872559,100.99772644042969,-99.63573968739784,4,True,-1.0,1,0,0,3427,20683,0.0,0.0,0.0,0,9,13.32939624786377,100.9979019165039,21.063093149970342,92,26.200000762939453,-1.2000000476837158,40.0,0,30,-,READY owner=Surnn refs=24,"{""cmd"": ""STOP"", ""status"": ""READY"", ""detector"": ""yolo"", ""state"": ""IDLE"", ""owner"": ""Surnn"", ""score"": null, ""match_max"": 0.5, ""refs"": 24, ""match_mode"": ""none"", ""steer_zones"": 41, ""people"": 0, ""track_id"": null, ""target_ex"": 0.0, ""target_cx_vel_px_s"": 0.0, ""target_age_s"": null, ""lidar_min_m"": null, ""target_lidar_m"": null, ""target_lidar_deg"": null, ""camera_range_m"
2026-07-10T14:00:26.440,274.44,mission_20260710_135552_auto,AUTO,,1,13.329314231872559,100.99772644042969,-99.66518463290977,4,True,-1.0,1,0,0,0,0,0.0,0.0,0.0,0,9,13.32939624786377,100.9979019165039,21.063093149970342,92,40.0,0.0,0.0,0,30,-,READY owner=Surnn refs=24,"{""cmd"": ""STOP"", ""status"": ""READY"", ""detector"": ""yolo"", ""state"": ""IDLE"", ""owner"": ""Surnn"", ""score"": null, ""match_max"": 0.5, ""refs"": 24, ""match_mode"": ""none"", ""steer_zones"": 41, ""people"": 0, ""track_id"": null, ""target_ex"": 0.0, ""target_cx_vel_px_s"": 0.0, ""target_age_s"": null, ""lidar_min_m"": null, ""target_lidar_m"": null, ""target_lidar_deg"": null, ""camera_range_m"
2026-07-10T14:00:27.445,275.445,mission_20260710_135552_auto,AUTO,,1,13.329314231872559,100.99772644042969,-99.6888444081947,4,True,-1.0,1,0,0,0,0,0.0,0.0,0.0,0,9,13.32939624786377,100.9979019165039,21.063093149970342,92,40.0,0.0,0.0,0,30,-,READY owner=Surnn refs=24,"{""cmd"": ""STOP"", ""status"": ""READY"", ""detector"": ""yolo"", ""state"": ""IDLE"", ""owner"": ""Surnn"", ""score"": null, ""match_max"": 0.5, ""refs"": 24, ""match_mode"": ""none"", ""steer_zones"": 41, ""people"": 0, ""track_id"": null, ""target_ex"": 0.0, ""target_cx_vel_px_s"": 0.0, ""target_age_s"": null, ""lidar_min_m"": null, ""target_lidar_m"": null, ""target_lidar_deg"": null, ""camera_range_m"
2026-07-10T14:00:28.450,276.45,mission_20260710_135552_auto,AUTO,,1,13.329314231872559,100.99772644042969,-99.70826946619421,4,True,-1.0,1,0,0,3427,20683,0.0,0.0,0.0,0,9,13.32939624786377,100.9979019165039,21.063093149970342,92,26.200000762939453,-1.2999999523162842,40.0,0,30,-,READY owner=Surnn refs=24,"{""cmd"": ""STOP"", ""status"": ""READY"", ""detector"": ""yolo"", ""state"": ""IDLE"", ""owner"": ""Surnn"", ""score"": null, ""match_max"": 0.5, ""refs"": 24, ""match_mode"": ""none"", ""steer_zones"": 41, ""people"": 0, ""track_id"": null, ""target_ex"": 0.0, ""target_cx_vel_px_s"": 0.0, ""target_age_s"": null, ""lidar_min_m"": 4.45, ""target_lidar_m"": null, ""target_lidar_deg"": null, ""camera_range_m"
2026-07-10T14:00:29.451,277.451,mission_20260710_135552_auto,AUTO,,1,13.329314231872559,100.99772644042969,-99.72156101431905,4,True,-1.0,1,0,0,3427,20683,0.0,0.0,0.0,0,9,13.32939624786377,100.9979019165039,21.063093149970342,92,26.200000762939453,-1.399999976158142,40.0,0,30,-,READY owner=Surnn refs=24,"{""cmd"": ""STOP"", ""status"": ""READY"", ""detector"": ""yolo"", ""state"": ""IDLE"", ""owner"": ""Surnn"", ""score"": null, ""match_max"": 0.5, ""refs"": 24, ""match_mode"": ""none"", ""steer_zones"": 41, ""people"": 0, ""track_id"": null, ""target_ex"": 0.0, ""target_cx_vel_px_s"": 0.0, ""target_age_s"": null, ""lidar_min_m"": null, ""target_lidar_m"": null, ""target_lidar_deg"": null, ""camera_range_m"
2026-07-10T14:00:30.455,278.455,mission_20260710_135552_auto,AUTO,,1,13.329314231872559,100.99772644042969,-99.69238927637393,4,True,-1.0,1,0,0,3427,20683,0.0,0.0,0.0,0,9,13.32939624786377,100.9979019165039,21.063093149970342,92,26.200000762939453,-1.2000000476837158,40.0,0,30,-,READY owner=Surnn refs=24,"{""cmd"": ""STOP"", ""status"": ""READY"", ""detector"": ""yolo"", ""state"": ""IDLE"", ""owner"": ""Surnn"", ""score"": null, ""match_max"": 0.5, ""refs"": 24, ""match_mode"": ""none"", ""steer_zones"": 41, ""people"": 0, ""track_id"": null, ""target_ex"": 0.0, ""target_cx_vel_px_s"": 0.0, ""target_age_s"": null, ""lidar_min_m"": 4.7, ""target_lidar_m"": null, ""target_lidar_deg"": null, ""camera_range_m"""
2026-07-10T14:00:31.455,279.456,mission_20260710_135552_auto,AUTO,,1,13.329314231872559,100.99772644042969,-99.6660862178802,4,True,-1.0,1,0,0,1,0,0.0,0.0,0.0,0,9,13.32939624786377,100.9979019165039,21.063093149970342,92,0.0,0.0,0.0,0,30,-,READY owner=Surnn refs=24,"{""cmd"": ""STOP"", ""status"": ""READY"", ""detector"": ""yolo"", ""state"": ""IDLE"", ""owner"": ""Surnn"", ""score"": null, ""match_max"": 0.5, ""refs"": 24, ""match_mode"": ""none"", ""steer_zones"": 41, ""people"": 0, ""track_id"": null, ""target_ex"": 0.0, ""target_cx_vel_px_s"": 0.0, ""target_age_s"": null, ""lidar_min_m"": 4.55, ""target_lidar_m"": null, ""target_lidar_deg"": null, ""camera_range_m"
2026-07-10T14:00:32.460,280.46,mission_20260710_135552_auto,AUTO,,1,13.329314231872559,100.99772644042969,-99.6427406312971,4,True,-1.0,1,0,0,0,0,0.0,0.0,0.0,0,9,13.32939624786377,100.9979019165039,21.063093149970342,92,40.0,0.0,0.0,0,30,-,READY owner=Surnn refs=24,"{""cmd"": ""STOP"", ""status"": ""READY"", ""detector"": ""yolo"", ""state"": ""IDLE"", ""owner"": ""Surnn"", ""score"": null, ""match_max"": 0.5, ""refs"": 24, ""match_mode"": ""none"", ""steer_zones"": 41, ""people"": 0, ""track_id"": null, ""target_ex"": 0.0, ""target_cx_vel_px_s"": 0.0, ""target_age_s"": null, ""lidar_min_m"": 4.53, ""target_lidar_m"": null, ""target_lidar_deg"": null, ""camera_range_m"
2026-07-10T14:00:33.463,281.464,mission_20260710_135552_auto,AUTO,,1,13.329314231872559,100.99772644042969,-99.62566515837207,4,True,-1.0,1,0,0,0,0,0.0,0.0,0.0,0,9,13.32939624786377,100.9979019165039,21.063093149970342,92,40.0,0.0,0.0,0,30,-,READY owner=Surnn refs=24,"{""cmd"": ""STOP"", ""status"": ""READY"", ""detector"": ""yolo"", ""state"": ""IDLE"", ""owner"": ""Surnn"", ""score"": null, ""match_max"": 0.5, ""refs"": 24, ""match_mode"": ""none"", ""steer_zones"": 41, ""people"": 0, ""track_id"": null, ""target_ex"": 0.0, ""target_cx_vel_px_s"": 0.0, ""target_age_s"": null, ""lidar_min_m"": 1.96, ""target_lidar_m"": null, ""target_lidar_deg"": null, ""camera_range_m"
2026-07-10T14:00:34.464,282.465,mission_20260710_135552_auto,AUTO,,1,13.329314231872559,100.99772644042969,-99.59494296748537,4,True,-1.0,1,0,0,40,0,0.0,0.0,0.0,0,9,13.32939624786377,100.9979019165039,21.063093149970342,92,40.0,0.0,0.0,0,30,-,READY owner=Surnn refs=24,"{""cmd"": ""STOP"", ""status"": ""READY"", ""detector"": ""yolo"", ""state"": ""IDLE"", ""owner"": ""Surnn"", ""score"": null, ""match_max"": 0.5, ""refs"": 24, ""match_mode"": ""none"", ""steer_zones"": 41, ""people"": 0, ""track_id"": null, ""target_ex"": 0.0, ""target_cx_vel_px_s"": 0.0, ""target_age_s"": null, ""lidar_min_m"": 1.98, ""target_lidar_m"": null, ""target_lidar_deg"": null, ""camera_range_m"
2026-07-10T14:00:35.465,283.466,mission_20260710_135552_auto,AUTO,,1,13.329314231872559,100.99772644042969,-99.56275228592709,4,True,-1.0,1,0,0,40,0,0.0,0.0,0.0,0,9,13.32939624786377,100.9979019165039,21.063093149970342,92,40.0,0.0,0.0,0,30,-,READY owner=Surnn refs=24,"{""cmd"": ""STOP"", ""status"": ""READY"", ""detector"": ""yolo"", ""state"": ""IDLE"", ""owner"": ""Surnn"", ""score"": null, ""match_max"": 0.5, ""refs"": 24, ""match_mode"": ""none"", ""steer_zones"": 41, ""people"": 0, ""track_id"": null, ""target_ex"": 0.0, ""target_cx_vel_px_s"": 0.0, ""target_age_s"": null, ""lidar_min_m"": 4.93, ""target_lidar_m"": null, ""target_lidar_deg"": null, ""camera_range_m"
2026-07-10T14:00:36.474,284.474,mission_20260710_135552_auto,AUTO,,1,13.329314231872559,100.99772644042969,-99.53599160475898,4,True,-1.0,1,0,0,3427,20683,0.0,0.0,0.0,0,9,13.32939624786377,100.9979019165039,21.063093149970342,92,26.200000762939453,-1.2999999523162842,40.0,0,30,-,READY owner=Surnn refs=24,"{""cmd"": ""STOP"", ""status"": ""READY"", ""detector"": ""yolo"", ""state"": ""IDLE"", ""owner"": ""Surnn"", ""score"": null, ""match_max"": 0.5, ""refs"": 24, ""match_mode"": ""none"", ""steer_zones"": 41, ""people"": 0, ""track_id"": null, ""target_ex"": 0.0, ""target_cx_vel_px_s"": 0.0, ""target_age_s"": null, ""lidar_min_m"": null, ""target_lidar_m"": null, ""target_lidar_deg"": null, ""camera_range_m"
2026-07-10T14:00:37.475,285.475,mission_20260710_135552_auto,AUTO,,1,13.329314231872559,100.99772644042969,-99.51730420718982,4,True,-1.0,1,0,0,3427,20683,0.0,0.0,0.0,0,9,13.32939624786377,100.9979019165039,21.063093149970342,92,26.200000762939453,-1.2999999523162842,40.0,0,30,-,READY owner=Surnn refs=24,"{""cmd"": ""STOP"", ""status"": ""READY"", ""detector"": ""yolo"", ""state"": ""IDLE"", ""owner"": ""Surnn"", ""score"": null, ""match_max"": 0.5, ""refs"": 24, ""match_mode"": ""none"", ""steer_zones"": 41, ""people"": 0, ""track_id"": null, ""target_ex"": 0.0, ""target_cx_vel_px_s"": 0.0, ""target_age_s"": null, ""lidar_min_m"": null, ""target_lidar_m"": null, ""target_lidar_deg"": null, ""camera_range_m"
2026-07-10T14:00:38.476,286.476,mission_20260710_135552_auto,AUTO,,1,13.329314231872559,100.99771881103516,-99.48921846932274,4,True,-1.0,1,0,0,3427,20683,0.0,0.0,0.0,0,9,13.32939624786377,100.9979019165039,21.810129690525017,92,26.200000762939453,-1.2999999523162842,40.0,0,30,-,READY owner=Surnn refs=24,"{""cmd"": ""STOP"", ""status"": ""READY"", ""detector"": ""yolo"", ""state"": ""IDLE"", ""owner"": ""Surnn"", ""score"": null, ""match_max"": 0.5, ""refs"": 24, ""match_mode"": ""none"", ""steer_zones"": 41, ""people"": 0, ""track_id"": null, ""target_ex"": 0.0, ""target_cx_vel_px_s"": 0.0, ""target_age_s"": null, ""lidar_min_m"": 4.64, ""target_lidar_m"": null, ""target_lidar_deg"": null, ""camera_range_m"
2026-07-10T14:00:39.476,287.477,mission_20260710_135552_auto,AUTO,,1,13.329314231872559,100.99771881103516,-99.46094148615887,4,True,-1.0,1,0,0,3427,20683,0.0,0.0,0.0,0,9,13.32939624786377,100.9979019165039,21.810129690525017,92,26.299999237060547,-1.2000000476837158,40.0,0,30,-,READY owner=Surnn refs=24,"{""cmd"": ""STOP"", ""status"": ""READY"", ""detector"": ""yolo"", ""state"": ""IDLE"", ""owner"": ""Surnn"", ""score"": null, ""match_max"": 0.5, ""refs"": 24, ""match_mode"": ""none"", ""steer_zones"": 41, ""people"": 0, ""track_id"": null, ""target_ex"": 0.0, ""target_cx_vel_px_s"": 0.0, ""target_age_s"": null, ""lidar_min_m"": null, ""target_lidar_m"": null, ""target_lidar_deg"": null, ""camera_range_m"
2026-07-10T14:00:40.480,288.481,mission_20260710_135552_auto,AUTO,,1,13.329314231872559,100.99771881103516,-99.42812242719697,4,True,-1.0,1,0,0,3427,20683,0.0,0.0,0.0,0,9,13.32939624786377,100.9979019165039,21.810129690525017,92,40.0,0.0,0.0,0,30,-,READY owner=Surnn refs=24,"{""cmd"": ""STOP"", ""status"": ""READY"", ""detector"": ""yolo"", ""state"": ""IDLE"", ""owner"": ""Surnn"", ""score"": null, ""match_max"": 0.5, ""refs"": 24, ""match_mode"": ""none"", ""steer_zones"": 41, ""people"": 0, ""track_id"": null, ""target_ex"": 0.0, ""target_cx_vel_px_s"": 0.0, ""target_age_s"": null, ""lidar_min_m"": null, ""target_lidar_m"": null, ""target_lidar_deg"": null, ""camera_range_m"
2026-07-10T14:00:41.485,289.486,mission_20260710_135552_auto,AUTO,,1,13.329314231872559,100.99771881103516,-99.39164238683993,4,True,-1.0,1,0,0,0,0,0.0,0.0,0.0,0,9,13.32939624786377,100.9979019165039,21.810129690525017,92,26.200000762939453,-1.2999999523162842,40.0,0,30,-,READY owner=Surnn refs=24,"{""cmd"": ""STOP"", ""status"": ""READY"", ""detector"": ""yolo"", ""state"": ""IDLE"", ""owner"": ""Surnn"", ""score"": null, ""match_max"": 0.5, ""refs"": 24, ""match_mode"": ""none"", ""steer_zones"": 41, ""people"": 0, ""track_id"": null, ""target_ex"": 0.0, ""target_cx_vel_px_s"": 0.0, ""target_age_s"": null, ""lidar_min_m"": 4.5, ""target_lidar_m"": null, ""target_lidar_deg"": null, ""camera_range_m"""
2026-07-10T14:00:42.485,290.486,mission_20260710_135552_auto,AUTO,,1,13.329314231872559,100.99771881103516,-99.37630178196409,4,True,-1.0,1,0,0,20683,0,0.0,0.0,0.0,0,9,13.32939624786377,100.9979019165039,21.810129690525017,92,-1.2000000476837158,40.0,0.0,0,30,-,READY owner=Surnn refs=24,"{""cmd"": ""STOP"", ""status"": ""READY"", ""detector"": ""yolo"", ""state"": ""IDLE"", ""owner"": ""Surnn"", ""score"": null, ""match_max"": 0.5, ""refs"": 24, ""match_mode"": ""none"", ""steer_zones"": 41, ""people"": 0, ""track_id"": null, ""target_ex"": 0.0, ""target_cx_vel_px_s"": 0.0, ""target_age_s"": null, ""lidar_min_m"": null, ""target_lidar_m"": null, ""target_lidar_deg"": null, ""camera_range_m"
2026-07-10T14:00:43.487,291.487,mission_20260710_135552_auto,AUTO,,1,13.329314231872559,100.99771881103516,-99.36103630916911,4,True,-1.0,1,0,0,3427,20683,0.0,0.0,0.0,0,9,13.32939624786377,100.9979019165039,21.810129690525017,92,26.200000762939453,-1.2000000476837158,40.0,0,30,-,READY owner=Surnn refs=24,"{""cmd"": ""STOP"", ""status"": ""READY"", ""detector"": ""yolo"", ""state"": ""IDLE"", ""owner"": ""Surnn"", ""score"": null, ""match_max"": 0.5, ""refs"": 24, ""match_mode"": ""none"", ""steer_zones"": 41, ""people"": 0, ""track_id"": null, ""target_ex"": 0.0, ""target_cx_vel_px_s"": 0.0, ""target_age_s"": null, ""lidar_min_m"": null, ""target_lidar_m"": null, ""target_lidar_deg"": null, ""camera_range_m"
2026-07-10T14:00:44.497,292.497,mission_20260710_135552_auto,AUTO,,1,13.329314231872559,100.99771881103516,-99.33372238267822,4,True,-1.0,1,0,0,3427,20683,0.0,0.0,0.0,0,9,13.32939624786377,100.9979019165039,21.810129690525017,92,2.0,-1.2000000476837158,40.0,0,30,-,READY owner=Surnn refs=24,"{""cmd"": ""STOP"", ""status"": ""READY"", ""detector"": ""yolo"", ""state"": ""IDLE"", ""owner"": ""Surnn"", ""score"": null, ""match_max"": 0.5, ""refs"": 24, ""match_mode"": ""none"", ""steer_zones"": 41, ""people"": 0, ""track_id"": null, ""target_ex"": 0.0, ""target_cx_vel_px_s"": 0.0, ""target_age_s"": null, ""lidar_min_m"": null, ""target_lidar_m"": null, ""target_lidar_deg"": null, ""camera_range_m"
2026-07-10T14:00:45.499,293.5,mission_20260710_135552_auto,AUTO,,1,13.329314231872559,100.99771881103516,-99.30631283353895,4,True,-1.0,1,0,0,0,0,0.0,0.0,0.0,0,9,13.32939624786377,100.9979019165039,21.810129690525017,92,40.0,0.0,0.0,0,30,-,READY owner=Surnn refs=24,"{""cmd"": ""STOP"", ""status"": ""READY"", ""detector"": ""yolo"", ""state"": ""IDLE"", ""owner"": ""Surnn"", ""score"": null, ""match_max"": 0.5, ""refs"": 24, ""match_mode"": ""none"", ""steer_zones"": 41, ""people"": 0, ""track_id"": null, ""target_ex"": 0.0, ""target_cx_vel_px_s"": 0.0, ""target_age_s"": null, ""lidar_min_m"": null, ""target_lidar_m"": null, ""target_lidar_deg"": null, ""camera_range_m"
2026-07-10T14:00:46.500,294.5,mission_20260710_135552_auto,AUTO,,1,13.329314231872559,100.99771881103516,-99.29596509694639,4,True,-1.0,1,0,0,3427,20683,0.0,0.0,0.0,0,9,13.32939624786377,100.9979019165039,21.810129690525017,92,26.200000762939453,-1.399999976158142,40.0,0,30,-,READY owner=Surnn refs=24,"{""cmd"": ""STOP"", ""status"": ""READY"", ""detector"": ""yolo"", ""state"": ""IDLE"", ""owner"": ""Surnn"", ""score"": null, ""match_max"": 0.5, ""refs"": 24, ""match_mode"": ""none"", ""steer_zones"": 41, ""people"": 0, ""track_id"": null, ""target_ex"": 0.0, ""target_cx_vel_px_s"": 0.0, ""target_age_s"": null, ""lidar_min_m"": null, ""target_lidar_m"": null, ""target_lidar_deg"": null, ""camera_range_m"
2026-07-10T14:00:47.500,295.5,mission_20260710_135552_auto,AUTO,,1,13.329314231872559,100.99772644042969,-99.30295238046732,4,True,-1.0,1,0,0,3427,20683,0.0,0.0,0.0,0,9,13.32939624786377,100.9979019165039,21.063093149970342,92,26.200000762939453,-1.2999999523162842,40.0,0,30,-,READY owner=Surnn refs=24,"{""cmd"": ""STOP"", ""status"": ""READY"", ""detector"": ""yolo"", ""state"": ""IDLE"", ""owner"": ""Surnn"", ""score"": null, ""match_max"": 0.5, ""refs"": 24, ""match_mode"": ""none"", ""steer_zones"": 41, ""people"": 0, ""track_id"": null, ""target_ex"": 0.0, ""target_cx_vel_px_s"": 0.0, ""target_age_s"": null, ""lidar_min_m"": null, ""target_lidar_m"": null, ""target_lidar_deg"": null, ""camera_range_m"
2026-07-10T14:00:48.504,296.505,mission_20260710_135552_auto,AUTO,,1,13.329314231872559,100.99772644042969,-99.3182383438298,4,True,-1.0,1,0,0,3427,20683,0.0,0.0,0.0,0,9,13.32939624786377,100.9979019165039,21.063093149970342,92,26.200000762939453,-1.2999999523162842,40.0,0,30,-,READY owner=Surnn refs=24,"{""cmd"": ""STOP"", ""status"": ""READY"", ""detector"": ""yolo"", ""state"": ""IDLE"", ""owner"": ""Surnn"", ""score"": null, ""match_max"": 0.5, ""refs"": 24, ""match_mode"": ""none"", ""steer_zones"": 41, ""people"": 0, ""track_id"": null, ""target_ex"": 0.0, ""target_cx_vel_px_s"": 0.0, ""target_age_s"": null, ""lidar_min_m"": null, ""target_lidar_m"": null, ""target_lidar_deg"": null, ""camera_range_m"
2026-07-10T14:00:49.505,297.506,mission_20260710_135552_auto,AUTO,,1,13.329314231872559,100.99772644042969,-99.33966464725613,4,True,-1.0,1,0,0,20683,0,0.0,0.0,0.0,0,9,13.32939624786377,100.9979019165039,21.063093149970342,92,-1.2999999523162842,40.0,0.0,0,30,-,READY owner=Surnn refs=24,"{""cmd"": ""STOP"", ""status"": ""READY"", ""detector"": ""yolo"", ""state"": ""IDLE"", ""owner"": ""Surnn"", ""score"": null, ""match_max"": 0.5, ""refs"": 24, ""match_mode"": ""none"", ""steer_zones"": 41, ""people"": 0, ""track_id"": null, ""target_ex"": 0.0, ""target_cx_vel_px_s"": 0.0, ""target_age_s"": null, ""lidar_min_m"": null, ""target_lidar_m"": null, ""target_lidar_deg"": null, ""camera_range_m"
2026-07-10T14:00:50.514,298.514,mission_20260710_135552_auto,AUTO,,1,13.329314231872559,100.99772644042969,-99.34342808148881,4,True,-1.0,1,0,0,3427,20683,0.0,0.0,0.0,0,9,13.32939624786377,100.9979019165039,21.063093149970342,92,26.299999237060547,-1.399999976158142,40.0,0,30,-,READY owner=Surnn refs=24,"{""cmd"": ""STOP"", ""status"": ""READY"", ""detector"": ""yolo"", ""state"": ""IDLE"", ""owner"": ""Surnn"", ""score"": null, ""match_max"": 0.5, ""refs"": 24, ""match_mode"": ""none"", ""steer_zones"": 41, ""people"": 0, ""track_id"": null, ""target_ex"": 0.0, ""target_cx_vel_px_s"": 0.0, ""target_age_s"": null, ""lidar_min_m"": null, ""target_lidar_m"": null, ""target_lidar_deg"": null, ""camera_range_m"
2026-07-10T14:00:51.517,299.518,mission_20260710_135552_auto,AUTO,,1,13.329314231872559,100.99772644042969,-99.35740264853065,4,True,-1.0,1,0,0,3427,20683,0.0,0.0,0.0,0,9,13.32939624786377,100.9979019165039,21.063093149970342,92,26.299999237060547,-1.399999976158142,40.0,0,30,-,READY owner=Surnn refs=24,"{""cmd"": ""STOP"", ""status"": ""READY"", ""detector"": ""yolo"", ""state"": ""IDLE"", ""owner"": ""Surnn"", ""score"": null, ""match_max"": 0.5, ""refs"": 24, ""match_mode"": ""none"", ""steer_zones"": 41, ""people"": 0, ""track_id"": null, ""target_ex"": 0.0, ""target_cx_vel_px_s"": 0.0, ""target_age_s"": null, ""lidar_min_m"": 1.97, ""target_lidar_m"": null, ""target_lidar_deg"": null, ""camera_range_m"
2026-07-10T14:00:52.521,300.521,mission_20260710_135552_auto,AUTO,,1,13.329313278198242,100.99772644042969,-99.37773612168978,4,True,-1.0,1,0,0,3427,20683,0.0,0.0,0.0,0,9,13.32939624786377,100.9979019165039,21.109223747278886,92,26.299999237060547,-1.399999976158142,40.0,0,30,-,READY owner=Surnn refs=24,"{""cmd"": ""STOP"", ""status"": ""READY"", ""detector"": ""yolo"", ""state"": ""IDLE"", ""owner"": ""Surnn"", ""score"": null, ""match_max"": 0.5, ""refs"": 24, ""match_mode"": ""none"", ""steer_zones"": 41, ""people"": 0, ""track_id"": null, ""target_ex"": 0.0, ""target_cx_vel_px_s"": 0.0, ""target_age_s"": null, ""lidar_min_m"": null, ""target_lidar_m"": null, ""target_lidar_deg"": null, ""camera_range_m"
2026-07-10T14:00:53.527,301.527,mission_20260710_135552_auto,AUTO,,1,13.329313278198242,100.99772644042969,-99.40890910506172,4,True,-1.0,1,0,0,0,0,0.0,0.0,0.0,0,9,13.32939624786377,100.9979019165039,21.109223747278886,92,40.0,0.0,0.0,0,30,-,READY owner=Surnn refs=24,"{""cmd"": ""STOP"", ""status"": ""READY"", ""detector"": ""yolo"", ""state"": ""IDLE"", ""owner"": ""Surnn"", ""score"": null, ""match_max"": 0.5, ""refs"": 24, ""match_mode"": ""none"", ""steer_zones"": 41, ""people"": 0, ""track_id"": null, ""target_ex"": 0.0, ""target_cx_vel_px_s"": 0.0, ""target_age_s"": null, ""lidar_min_m"": 1.98, ""target_lidar_m"": null, ""target_lidar_deg"": null, ""camera_range_m"
2026-07-10T14:00:54.537,302.538,mission_20260710_135552_auto,AUTO,,1,13.329313278198242,100.99772644042969,-99.4233549551563,4,True,-1.0,1,0,0,3427,20683,0.0,0.0,0.0,0,9,13.32939624786377,100.9979019165039,21.109223747278886,92,26.299999237060547,-1.2999999523162842,40.0,0,30,-,READY owner=Surnn refs=24,"{""cmd"": ""STOP"", ""status"": ""READY"", ""detector"": ""yolo"", ""state"": ""IDLE"", ""owner"": ""Surnn"", ""score"": null, ""match_max"": 0.5, ""refs"": 24, ""match_mode"": ""none"", ""steer_zones"": 41, ""people"": 0, ""track_id"": null, ""target_ex"": 0.0, ""target_cx_vel_px_s"": 0.0, ""target_age_s"": null, ""lidar_min_m"": 1.94, ""target_lidar_m"": null, ""target_lidar_deg"": null, ""camera_range_m"
2026-07-10T14:00:55.541,303.541,mission_20260710_135552_auto,AUTO,,1,13.329313278198242,100.99772644042969,-99.42935186124757,4,True,-1.0,1,0,0,0,0,0.0,0.0,0.0,0,9,13.32939624786377,100.9979019165039,21.109223747278886,92,0.0,0.0,0.0,0,30,-,READY owner=Surnn refs=24,"{""cmd"": ""STOP"", ""status"": ""READY"", ""detector"": ""yolo"", ""state"": ""IDLE"", ""owner"": ""Surnn"", ""score"": null, ""match_max"": 0.5, ""refs"": 24, ""match_mode"": ""none"", ""steer_zones"": 41, ""people"": 0, ""track_id"": null, ""target_ex"": 0.0, ""target_cx_vel_px_s"": 0.0, ""target_age_s"": null, ""lidar_min_m"": null, ""target_lidar_m"": null, ""target_lidar_deg"": null, ""camera_range_m"
2026-07-10T14:00:56.542,304.543,mission_20260710_135552_auto,AUTO,,1,13.329313278198242,100.99772644042969,-99.44020503183872,4,True,-1.0,1,0,0,3427,20683,0.0,0.0,0.0,0,9,13.32939624786377,100.9979019165039,21.109223747278886,92,26.200000762939453,-1.2000000476837158,40.0,0,30,-,READY owner=Surnn refs=24,"{""cmd"": ""STOP"", ""status"": ""READY"", ""detector"": ""yolo"", ""state"": ""IDLE"", ""owner"": ""Surnn"", ""score"": null, ""match_max"": 0.5, ""refs"": 24, ""match_mode"": ""none"", ""steer_zones"": 41, ""people"": 0, ""track_id"": null, ""target_ex"": 0.0, ""target_cx_vel_px_s"": 0.0, ""target_age_s"": null, ""lidar_min_m"": 1.9, ""target_lidar_m"": null, ""target_lidar_deg"": null, ""camera_range_m"""
2026-07-10T14:00:57.544,305.545,mission_20260710_135552_auto,AUTO,,1,13.329313278198242,100.99772644042969,-99.42819755927783,4,True,-1.0,1,0,0,3427,20683,0.0,0.0,0.0,0,9,13.32939624786377,100.9979019165039,21.109223747278886,92,26.200000762939453,-1.2999999523162842,40.0,0,30,-,READY owner=Surnn refs=24,"{""cmd"": ""STOP"", ""status"": ""READY"", ""detector"": ""yolo"", ""state"": ""IDLE"", ""owner"": ""Surnn"", ""score"": null, ""match_max"": 0.5, ""refs"": 24, ""match_mode"": ""none"", ""steer_zones"": 41, ""people"": 0, ""track_id"": null, ""target_ex"": 0.0, ""target_cx_vel_px_s"": 0.0, ""target_age_s"": null, ""lidar_min_m"": 4.46, ""target_lidar_m"": null, ""target_lidar_deg"": null, ""camera_range_m"
2026-07-10T14:00:58.547,306.547,mission_20260710_135552_auto,AUTO,,1,13.329313278198242,100.99772644042969,-99.40923695414189,4,True,-1.0,1,0,0,3427,20683,0.0,0.0,0.0,0,9,13.32939624786377,100.9979019165039,21.109223747278886,92,26.299999237060547,-1.399999976158142,40.0,0,30,-,READY owner=Surnn refs=24,"{""cmd"": ""STOP"", ""status"": ""READY"", ""detector"": ""yolo"", ""state"": ""IDLE"", ""owner"": ""Surnn"", ""score"": null, ""match_max"": 0.5, ""refs"": 24, ""match_mode"": ""none"", ""steer_zones"": 41, ""people"": 0, ""track_id"": null, ""target_ex"": 0.0, ""target_cx_vel_px_s"": 0.0, ""target_age_s"": null, ""lidar_min_m"": 1.97, ""target_lidar_m"": null, ""target_lidar_deg"": null, ""camera_range_m"
2026-07-10T14:00:59.568,307.569,mission_20260710_135552_auto,AUTO,,1,13.329313278198242,100.99772644042969,-99.3980491042814,4,True,-1.0,1,0,0,3427,20,0.0,0.0,0.0,0,9,13.32939624786377,100.9979019165039,21.109223747278886,92,40.0,0.0,0.0,0,30,-,READY owner=Surnn refs=24,"{""cmd"": ""STOP"", ""status"": ""READY"", ""detector"": ""yolo"", ""state"": ""IDLE"", ""owner"": ""Surnn"", ""score"": null, ""match_max"": 0.5, ""refs"": 24, ""match_mode"": ""none"", ""steer_zones"": 41, ""people"": 0, ""track_id"": null, ""target_ex"": 0.0, ""target_cx_vel_px_s"": 0.0, ""target_age_s"": null, ""lidar_min_m"": 1.98, ""target_lidar_m"": null, ""target_lidar_deg"": null, ""camera_range_m"
2026-07-10T14:01:00.571,308.571,mission_20260710_135552_auto,AUTO,,1,13.329313278198242,100.99772644042969,-99.37434151767229,4,True,-1.0,1,0,0,3427,20683,0.0,0.0,0.0,0,9,13.32939624786377,100.9979019165039,21.109223747278886,92,26.200000762939453,-1.2999999523162842,40.0,0,30,-,READY owner=Surnn refs=24,"{""cmd"": ""STOP"", ""status"": ""READY"", ""detector"": ""yolo"", ""state"": ""IDLE"", ""owner"": ""Surnn"", ""score"": null, ""match_max"": 0.5, ""refs"": 24, ""match_mode"": ""none"", ""steer_zones"": 41, ""people"": 0, ""track_id"": null, ""target_ex"": 0.0, ""target_cx_vel_px_s"": 0.0, ""target_age_s"": null, ""lidar_min_m"": 2.02, ""target_lidar_m"": null, ""target_lidar_deg"": null, ""camera_range_m"
2026-07-10T14:01:01.572,309.572,mission_20260710_135552_auto,AUTO,,1,13.329313278198242,100.99772644042969,-99.34017008125471,4,True,-1.0,1,0,0,0,0,0.0,0.0,0.0,0,9,13.32939624786377,100.9979019165039,21.109223747278886,92,26.299999237060547,-1.2000000476837158,40.0,0,30,-,READY owner=Surnn refs=24,"{""cmd"": ""STOP"", ""status"": ""READY"", ""detector"": ""yolo"", ""state"": ""IDLE"", ""owner"": ""Surnn"", ""score"": null, ""match_max"": 0.5, ""refs"": 24, ""match_mode"": ""none"", ""steer_zones"": 41, ""people"": 0, ""track_id"": null, ""target_ex"": 0.0, ""target_cx_vel_px_s"": 0.0, ""target_age_s"": null, ""lidar_min_m"": 1.97, ""target_lidar_m"": null, ""target_lidar_deg"": null, ""camera_range_m"
2026-07-10T14:01:02.572,310.573,mission_20260710_135552_auto,AUTO,,1,13.329313278198242,100.99772644042969,-99.3166674003207,4,True,-1.0,1,0,0,3427,20683,0.0,0.0,0.0,0,9,13.32939624786377,100.9979019165039,21.109223747278886,92,26.200000762939453,-1.2000000476837158,40.0,0,30,-,READY owner=Surnn refs=24,"{""cmd"": ""STOP"", ""status"": ""READY"", ""detector"": ""yolo"", ""state"": ""IDLE"", ""owner"": ""Surnn"", ""score"": null, ""match_max"": 0.5, ""refs"": 24, ""match_mode"": ""none"", ""steer_zones"": 41, ""people"": 0, ""track_id"": null, ""target_ex"": 0.0, ""target_cx_vel_px_s"": 0.0, ""target_age_s"": null, ""lidar_min_m"": null, ""target_lidar_m"": null, ""target_lidar_deg"": null, ""camera_range_m"
2026-07-10T14:01:03.573,311.574,mission_20260710_135552_auto,AUTO,,1,13.329312324523926,100.99772644042969,-99.30212592757775,4,True,-1.0,1,0,0,3427,20683,0.0,0.0,0.0,0,9,13.32939624786377,100.9979019165039,21.15578530645987,92,26.200000762939453,-1.2000000476837158,40.0,0,30,-,READY owner=Surnn refs=24,"{""cmd"": ""STOP"", ""status"": ""READY"", ""detector"": ""yolo"", ""state"": ""IDLE"", ""owner"": ""Surnn"", ""score"": null, ""match_max"": 0.5, ""refs"": 24, ""match_mode"": ""none"", ""steer_zones"": 41, ""people"": 0, ""track_id"": null, ""target_ex"": 0.0, ""target_cx_vel_px_s"": 0.0, ""target_age_s"": null, ""lidar_min_m"": null, ""target_lidar_m"": null, ""target_lidar_deg"": null, ""camera_range_m"
2026-07-10T14:01:04.584,312.585,mission_20260710_135552_auto,AUTO,,1,13.329312324523926,100.99772644042969,-99.28832894545431,4,True,-1.0,1,0,0,3427,20683,0.0,0.0,0.0,0,9,13.32939624786377,100.9979019165039,21.15578530645987,92,26.200000762939453,-1.2000000476837158,40.0,0,30,-,READY owner=Surnn refs=24,"{""cmd"": ""STOP"", ""status"": ""READY"", ""detector"": ""yolo"", ""state"": ""IDLE"", ""owner"": ""Surnn"", ""score"": null, ""match_max"": 0.5, ""refs"": 24, ""match_mode"": ""none"", ""steer_zones"": 41, ""people"": 0, ""track_id"": null, ""target_ex"": 0.0, ""target_cx_vel_px_s"": 0.0, ""target_age_s"": null, ""lidar_min_m"": 5.22, ""target_lidar_m"": null, ""target_lidar_deg"": null, ""camera_range_m"
2026-07-10T14:01:05.586,313.586,mission_20260710_135552_auto,AUTO,,1,13.329312324523926,100.99772644042969,-99.26135652842194,4,True,-1.0,1,0,0,3427,20683,0.0,0.0,0.0,0,9,13.32939624786377,100.9979019165039,21.15578530645987,92,26.0,-1.2999999523162842,40.0,0,30,-,READY owner=Surnn refs=24,"{""cmd"": ""STOP"", ""status"": ""READY"", ""detector"": ""yolo"", ""state"": ""IDLE"", ""owner"": ""Surnn"", ""score"": null, ""match_max"": 0.5, ""refs"": 24, ""match_mode"": ""none"", ""steer_zones"": 41, ""people"": 0, ""track_id"": null, ""target_ex"": 0.0, ""target_cx_vel_px_s"": 0.0, ""target_age_s"": null, ""lidar_min_m"": null, ""target_lidar_m"": null, ""target_lidar_deg"": null, ""camera_range_m"
2026-07-10T14:01:06.590,314.591,mission_20260710_135552_auto,AUTO,,1,13.32931137084961,100.99772644042969,-99.229500526133,4,True,-1.0,1,0,0,3427,20683,0.0,0.0,0.0,0,9,13.32939624786377,100.9979019165039,21.202774988320492,92,26.200000762939453,-1.100000023841858,40.0,0,30,-,READY owner=Surnn refs=24,"{""cmd"": ""STOP"", ""status"": ""READY"", ""detector"": ""yolo"", ""state"": ""IDLE"", ""owner"": ""Surnn"", ""score"": null, ""match_max"": 0.5, ""refs"": 24, ""match_mode"": ""none"", ""steer_zones"": 41, ""people"": 0, ""track_id"": null, ""target_ex"": 0.0, ""target_cx_vel_px_s"": 0.0, ""target_age_s"": null, ""lidar_min_m"": 4.47, ""target_lidar_m"": null, ""target_lidar_deg"": null, ""camera_range_m"
2026-07-10T14:01:07.596,315.597,mission_20260710_135552_auto,AUTO,,1,13.32931137084961,100.99772644042969,-99.20409905260972,4,True,-1.0,1,0,0,0,0,0.0,0.0,0.0,0,9,13.32939624786377,100.9979019165039,21.202774988320492,92,26.200000762939453,-1.2999999523162842,40.0,0,30,-,READY owner=Surnn refs=24,"{""cmd"": ""STOP"", ""status"": ""READY"", ""detector"": ""yolo"", ""state"": ""IDLE"", ""owner"": ""Surnn"", ""score"": null, ""match_max"": 0.5, ""refs"": 24, ""match_mode"": ""none"", ""steer_zones"": 41, ""people"": 0, ""track_id"": null, ""target_ex"": 0.0, ""target_cx_vel_px_s"": 0.0, ""target_age_s"": null, ""lidar_min_m"": 4.47, ""target_lidar_m"": null, ""target_lidar_deg"": null, ""camera_range_m"
2026-07-10T14:01:08.596,316.597,mission_20260710_135552_auto,AUTO,,1,13.32931137084961,100.99772644042969,-99.18948244778589,4,True,-1.0,1,0,0,20683,0,0.0,0.0,0.0,0,9,13.32939624786377,100.9979019165039,21.202774988320492,92,-1.2999999523162842,40.0,0.0,0,30,-,READY owner=Surnn refs=24,"{""cmd"": ""STOP"", ""status"": ""READY"", ""detector"": ""yolo"", ""state"": ""IDLE"", ""owner"": ""Surnn"", ""score"": null, ""match_max"": 0.5, ""refs"": 24, ""match_mode"": ""none"", ""steer_zones"": 41, ""people"": 0, ""track_id"": null, ""target_ex"": 0.0, ""target_cx_vel_px_s"": 0.0, ""target_age_s"": null, ""lidar_min_m"": null, ""target_lidar_m"": null, ""target_lidar_deg"": null, ""camera_range_m"
2026-07-10T14:01:09.620,317.62,mission_20260710_135552_auto,AUTO,,1,13.329310417175293,100.99772644042969,-99.17231818240165,4,True,-1.0,1,0,0,3427,20683,0.0,0.0,0.0,0,9,13.32939624786377,100.9979019165039,21.250189952790073,92,26.299999237060547,-1.2999999523162842,40.0,0,30,-,READY owner=Surnn refs=24,"{""cmd"": ""STOP"", ""status"": ""READY"", ""detector"": ""yolo"", ""state"": ""IDLE"", ""owner"": ""Surnn"", ""score"": null, ""match_max"": 0.5, ""refs"": 24, ""match_mode"": ""none"", ""steer_zones"": 41, ""people"": 0, ""track_id"": null, ""target_ex"": 0.0, ""target_cx_vel_px_s"": 0.0, ""target_age_s"": null, ""lidar_min_m"": 2.44, ""target_lidar_m"": null, ""target_lidar_deg"": null, ""camera_range_m"
2026-07-10T14:01:10.624,318.625,mission_20260710_135552_auto,AUTO,,1,13.329310417175293,100.99772644042969,-99.159757464518,4,True,-1.0,1,0,0,3427,20683,0.0,0.0,0.0,0,9,13.32939624786377,100.9979019165039,21.250189952790073,92,26.299999237060547,-1.2000000476837158,40.0,0,30,-,READY owner=Surnn refs=24,"{""cmd"": ""STOP"", ""status"": ""READY"", ""detector"": ""yolo"", ""state"": ""IDLE"", ""owner"": ""Surnn"", ""score"": null, ""match_max"": 0.5, ""refs"": 24, ""match_mode"": ""none"", ""steer_zones"": 41, ""people"": 0, ""track_id"": null, ""target_ex"": 0.0, ""target_cx_vel_px_s"": 0.0, ""target_age_s"": null, ""lidar_min_m"": 1.96, ""target_lidar_m"": null, ""target_lidar_deg"": null, ""camera_range_m"
2026-07-10T14:01:11.629,319.629,mission_20260710_135552_auto,AUTO,,1,13.329310417175293,100.99772644042969,-99.14781146365965,4,True,-1.0,1,0,0,3427,20683,0.0,0.0,0.0,0,9,13.32939624786377,100.9979019165039,21.250189952790073,92,26.299999237060547,-1.2999999523162842,40.0,0,30,-,READY owner=Surnn refs=24,"{""cmd"": ""STOP"", ""status"": ""READY"", ""detector"": ""yolo"", ""state"": ""IDLE"", ""owner"": ""Surnn"", ""score"": null, ""match_max"": 0.5, ""refs"": 24, ""match_mode"": ""none"", ""steer_zones"": 41, ""people"": 0, ""track_id"": null, ""target_ex"": 0.0, ""target_cx_vel_px_s"": 0.0, ""target_age_s"": null, ""lidar_min_m"": 4.41, ""target_lidar_m"": null, ""target_lidar_deg"": null, ""camera_range_m"
2026-07-10T14:01:12.635,320.635,mission_20260710_135552_auto,AUTO,,1,13.329309463500977,100.99772644042969,-99.11799768793254,4,True,-1.0,1,0,0,3427,20,0.0,0.0,0.0,0,9,13.32939624786377,100.9979019165039,21.298027359498732,92,26.0,-1.2000000476837158,40.0,0,30,-,READY owner=Surnn refs=24,"{""cmd"": ""STOP"", ""status"": ""READY"", ""detector"": ""yolo"", ""state"": ""IDLE"", ""owner"": ""Surnn"", ""score"": null, ""match_max"": 0.5, ""refs"": 24, ""match_mode"": ""none"", ""steer_zones"": 41, ""people"": 0, ""track_id"": null, ""target_ex"": 0.0, ""target_cx_vel_px_s"": 0.0, ""target_age_s"": null, ""lidar_min_m"": 4.45, ""target_lidar_m"": null, ""target_lidar_deg"": null, ""camera_range_m"
2026-07-10T14:01:13.641,321.641,mission_20260710_135552_auto,AUTO,,1,13.329309463500977,100.99772644042969,-99.10007527155042,4,True,-1.0,1,0,0,3427,20683,0.0,0.0,0.0,0,9,13.32939624786377,100.9979019165039,21.298027359498732,92,26.299999237060547,-1.2000000476837158,40.0,0,30,-,READY owner=Surnn refs=24,"{""cmd"": ""STOP"", ""status"": ""READY"", ""detector"": ""yolo"", ""state"": ""IDLE"", ""owner"": ""Surnn"", ""score"": null, ""match_max"": 0.5, ""refs"": 24, ""match_mode"": ""none"", ""steer_zones"": 41, ""people"": 0, ""track_id"": null, ""target_ex"": 0.0, ""target_cx_vel_px_s"": 0.0, ""target_age_s"": null, ""lidar_min_m"": 4.45, ""target_lidar_m"": null, ""target_lidar_deg"": null, ""camera_range_m"
2026-07-10T14:01:14.641,322.642,mission_20260710_135552_auto,AUTO,,1,13.329309463500977,100.99772644042969,-99.08549281767245,4,True,-1.0,1,0,0,3427,20683,0.0,0.0,0.0,0,9,13.32939624786377,100.9979019165039,21.298027359498732,92,26.299999237060547,-1.2999999523162842,40.0,0,30,-,READY owner=Surnn refs=24,"{""cmd"": ""STOP"", ""status"": ""READY"", ""detector"": ""yolo"", ""state"": ""IDLE"", ""owner"": ""Surnn"", ""score"": null, ""match_max"": 0.5, ""refs"": 24, ""match_mode"": ""none"", ""steer_zones"": 41, ""people"": 0, ""track_id"": null, ""target_ex"": 0.0, ""target_cx_vel_px_s"": 0.0, ""target_age_s"": null, ""lidar_min_m"": 3.2, ""target_lidar_m"": null, ""target_lidar_deg"": null, ""camera_range_m"""
2026-07-10T14:01:15.645,323.646,mission_20260710_135552_auto,AUTO,,1,13.329309463500977,100.99772644042969,-99.07250862806025,4,True,-1.0,1,0,0,3427,20683,0.0,0.0,0.0,0,9,13.32939624786377,100.9979019165039,21.298027359498732,92,26.200000762939453,-1.2000000476837158,40.0,0,30,-,READY owner=Surnn refs=24,"{""cmd"": ""STOP"", ""status"": ""READY"", ""detector"": ""yolo"", ""state"": ""IDLE"", ""owner"": ""Surnn"", ""score"": null, ""match_max"": 0.5, ""refs"": 24, ""match_mode"": ""none"", ""steer_zones"": 41, ""people"": 0, ""track_id"": null, ""target_ex"": 0.0, ""target_cx_vel_px_s"": 0.0, ""target_age_s"": null, ""lidar_min_m"": null, ""target_lidar_m"": null, ""target_lidar_deg"": null, ""camera_range_m"
2026-07-10T14:01:16.645,324.646,mission_20260710_135552_auto,AUTO,,1,13.329309463500977,100.99772644042969,-99.05309040024991,4,True,-1.0,1,0,0,3427,20683,0.0,0.0,0.0,0,9,13.32939624786377,100.9979019165039,21.298027359498732,92,26.200000762939453,-1.2000000476837158,40.0,0,30,-,READY owner=Surnn refs=24,"{""cmd"": ""STOP"", ""status"": ""READY"", ""detector"": ""yolo"", ""state"": ""IDLE"", ""owner"": ""Surnn"", ""score"": null, ""match_max"": 0.5, ""refs"": 24, ""match_mode"": ""none"", ""steer_zones"": 41, ""people"": 0, ""track_id"": null, ""target_ex"": 0.0, ""target_cx_vel_px_s"": 0.0, ""target_age_s"": null, ""lidar_min_m"": 1.94, ""target_lidar_m"": null, ""target_lidar_deg"": null, ""camera_range_m"
2026-07-10T14:01:17.650,325.65,mission_20260710_135552_auto,AUTO,,1,13.329309463500977,100.99772644042969,-99.02647998324353,4,True,-1.0,1,0,0,3427,20683,0.0,0.0,0.0,0,9,13.32939624786377,100.9979019165039,21.298027359498732,92,26.200000762939453,-1.2000000476837158,40.0,0,30,-,READY owner=Surnn refs=24,"{""cmd"": ""STOP"", ""status"": ""READY"", ""detector"": ""yolo"", ""state"": ""IDLE"", ""owner"": ""Surnn"", ""score"": null, ""match_max"": 0.5, ""refs"": 24, ""match_mode"": ""none"", ""steer_zones"": 41, ""people"": 0, ""track_id"": null, ""target_ex"": 0.0, ""target_cx_vel_px_s"": 0.0, ""target_age_s"": null, ""lidar_min_m"": 8.73, ""target_lidar_m"": null, ""target_lidar_deg"": null, ""camera_range_m"
2026-07-10T14:01:18.652,326.653,mission_20260710_135552_auto,AUTO,,1,13.32930850982666,100.99772644042969,-99.02338590754952,4,True,-1.0,1,0,0,0,0,0.0,0.0,0.0,0,9,13.32939624786377,100.9979019165039,21.34628436834472,92,40.0,0.0,0.0,0,30,-,READY owner=Surnn refs=24,"{""cmd"": ""STOP"", ""status"": ""READY"", ""detector"": ""yolo"", ""state"": ""IDLE"", ""owner"": ""Surnn"", ""score"": null, ""match_max"": 0.5, ""refs"": 24, ""match_mode"": ""none"", ""steer_zones"": 41, ""people"": 0, ""track_id"": null, ""target_ex"": 0.0, ""target_cx_vel_px_s"": 0.0, ""target_age_s"": null, ""lidar_min_m"": null, ""target_lidar_m"": null, ""target_lidar_deg"": null, ""camera_range_m"
2026-07-10T14:01:19.657,327.657,mission_20260710_135552_auto,AUTO,,1,13.32930850982666,100.99772644042969,-99.04386281468122,4,True,-1.0,1,0,0,3427,20683,0.0,0.0,0.0,0,9,13.32939624786377,100.9979019165039,21.34628436834472,92,26.200000762939453,-1.2999999523162842,40.0,0,30,-,READY owner=Surnn refs=24,"{""cmd"": ""STOP"", ""status"": ""READY"", ""detector"": ""yolo"", ""state"": ""IDLE"", ""owner"": ""Surnn"", ""score"": null, ""match_max"": 0.5, ""refs"": 24, ""match_mode"": ""none"", ""steer_zones"": 41, ""people"": 0, ""track_id"": null, ""target_ex"": 0.0, ""target_cx_vel_px_s"": 0.0, ""target_age_s"": null, ""lidar_min_m"": null, ""target_lidar_m"": null, ""target_lidar_deg"": null, ""camera_range_m"
2026-07-10T14:01:20.660,328.66,mission_20260710_135552_auto,AUTO,,1,13.32930850982666,100.99772644042969,-99.05604787216052,4,True,-1.0,1,0,0,3427,2068,0.0,0.0,0.0,0,9,13.32939624786377,100.9979019165039,21.34628436834472,92,26.200000762939453,-1.2000000476837158,40.0,0,30,-,READY owner=Surnn refs=24,"{""cmd"": ""STOP"", ""status"": ""READY"", ""detector"": ""yolo"", ""state"": ""IDLE"", ""owner"": ""Surnn"", ""score"": null, ""match_max"": 0.5, ""refs"": 24, ""match_mode"": ""none"", ""steer_zones"": 41, ""people"": 0, ""track_id"": null, ""target_ex"": 0.0, ""target_cx_vel_px_s"": 0.0, ""target_age_s"": null, ""lidar_min_m"": 5.22, ""target_lidar_m"": null, ""target_lidar_deg"": null, ""camera_range_m"
2026-07-10T14:01:21.669,329.669,mission_20260710_135552_auto,AUTO,,1,13.32930850982666,100.99772644042969,-99.06918232593446,4,True,-1.0,1,0,0,40,0,0.0,0.0,0.0,0,9,13.32939624786377,100.9979019165039,21.34628436834472,92,26.200000762939453,-1.2999999523162842,40.0,0,30,-,READY owner=Surnn refs=24,"{""cmd"": ""STOP"", ""status"": ""READY"", ""detector"": ""yolo"", ""state"": ""IDLE"", ""owner"": ""Surnn"", ""score"": null, ""match_max"": 0.5, ""refs"": 24, ""match_mode"": ""none"", ""steer_zones"": 41, ""people"": 0, ""track_id"": null, ""target_ex"": 0.0, ""target_cx_vel_px_s"": 0.0, ""target_age_s"": null, ""lidar_min_m"": 3.94, ""target_lidar_m"": null, ""target_lidar_deg"": null, ""camera_range_m"
2026-07-10T14:01:22.671,330.671,mission_20260710_135552_auto,AUTO,,1,13.32930850982666,100.99772644042969,-99.08914696887841,4,True,-1.0,1,0,0,3427,20683,0.0,0.0,0.0,0,9,13.32939624786377,100.9979019165039,21.34628436834472,92,26.299999237060547,-1.2000000476837158,40.0,0,30,-,READY owner=Surnn refs=24,"{""cmd"": ""STOP"", ""status"": ""READY"", ""detector"": ""yolo"", ""state"": ""IDLE"", ""owner"": ""Surnn"", ""score"": null, ""match_max"": 0.5, ""refs"": 24, ""match_mode"": ""none"", ""steer_zones"": 41, ""people"": 0, ""track_id"": null, ""target_ex"": 0.0, ""target_cx_vel_px_s"": 0.0, ""target_age_s"": null, ""lidar_min_m"": null, ""target_lidar_m"": null, ""target_lidar_deg"": null, ""camera_range_m"
2026-07-10T14:01:23.672,331.673,mission_20260710_135552_auto,AUTO,,1,13.32930850982666,100.99772644042969,-99.12439074499567,4,True,-1.0,1,0,0,3427,20683,0.0,0.0,0.0,0,9,13.32939624786377,100.9979019165039,21.34628436834472,92,26.299999237060547,-1.2000000476837158,40.0,0,30,-,READY owner=Surnn refs=24,"{""cmd"": ""STOP"", ""status"": ""READY"", ""detector"": ""yolo"", ""state"": ""IDLE"", ""owner"": ""Surnn"", ""score"": null, ""match_max"": 0.5, ""refs"": 24, ""match_mode"": ""none"", ""steer_zones"": 41, ""people"": 0, ""track_id"": null, ""target_ex"": 0.0, ""target_cx_vel_px_s"": 0.0, ""target_age_s"": null, ""lidar_min_m"": 4.47, ""target_lidar_m"": null, ""target_lidar_deg"": null, ""camera_range_m"
2026-07-10T14:01:24.673,332.673,mission_20260710_135552_auto,AUTO,,1,13.32930850982666,100.99772644042969,-99.15252429418695,4,True,-1.0,1,0,0,3427,20683,0.0,0.0,0.0,0,9,13.32939624786377,100.9979019165039,21.34628436834472,92,26.299999237060547,-1.2999999523162842,40.0,0,30,-,READY owner=Surnn refs=24,"{""cmd"": ""STOP"", ""status"": ""READY"", ""detector"": ""yolo"", ""state"": ""IDLE"", ""owner"": ""Surnn"", ""score"": null, ""match_max"": 0.5, ""refs"": 24, ""match_mode"": ""none"", ""steer_zones"": 41, ""people"": 0, ""track_id"": null, ""target_ex"": 0.0, ""target_cx_vel_px_s"": 0.0, ""target_age_s"": null, ""lidar_min_m"": 4.49, ""target_lidar_m"": null, ""target_lidar_deg"": null, ""camera_range_m"
2026-07-10T14:01:25.676,333.676,mission_20260710_135552_auto,AUTO,,1,13.32930850982666,100.99772644042969,-99.17024180489396,4,True,-1.0,1,0,0,3427,20683,0.0,0.0,0.0,0,9,13.32939624786377,100.9979019165039,21.34628436834472,92,26.200000762939453,-1.2000000476837158,40.0,0,30,-,READY owner=Surnn refs=24,"{""cmd"": ""STOP"", ""status"": ""READY"", ""detector"": ""yolo"", ""state"": ""IDLE"", ""owner"": ""Surnn"", ""score"": null, ""match_max"": 0.5, ""refs"": 24, ""match_mode"": ""none"", ""steer_zones"": 41, ""people"": 0, ""track_id"": null, ""target_ex"": 0.0, ""target_cx_vel_px_s"": 0.0, ""target_age_s"": null, ""lidar_min_m"": 1.92, ""target_lidar_m"": null, ""target_lidar_deg"": null, ""camera_range_m"
2026-07-10T14:01:26.681,334.682,mission_20260710_135552_auto,AUTO,,1,13.32930850982666,100.99772644042969,-99.17612259776935,4,True,-1.0,1,0,0,3427,20683,0.0,0.0,0.0,0,9,13.32939624786377,100.9979019165039,21.34628436834472,92,26.200000762939453,-1.100000023841858,40.0,0,30,-,READY owner=Surnn refs=24,"{""cmd"": ""STOP"", ""status"": ""READY"", ""detector"": ""yolo"", ""state"": ""IDLE"", ""owner"": ""Surnn"", ""score"": null, ""match_max"": 0.5, ""refs"": 24, ""match_mode"": ""none"", ""steer_zones"": 41, ""people"": 0, ""track_id"": null, ""target_ex"": 0.0, ""target_cx_vel_px_s"": 0.0, ""target_age_s"": null, ""lidar_min_m"": null, ""target_lidar_m"": null, ""target_lidar_deg"": null, ""camera_range_m"
2026-07-10T14:01:27.686,335.686,mission_20260710_135552_auto,AUTO,,1,13.32930850982666,100.99772644042969,-99.18612199471424,4,True,-1.0,1,0,0,40,0,0.0,0.0,0.0,0,9,13.32939624786377,100.9979019165039,21.34628436834472,92,26.200000762939453,-1.2999999523162842,40.0,0,30,-,READY owner=Surnn refs=24,"{""cmd"": ""STOP"", ""status"": ""READY"", ""detector"": ""yolo"", ""state"": ""IDLE"", ""owner"": ""Surnn"", ""score"": null, ""match_max"": 0.5, ""refs"": 24, ""match_mode"": ""none"", ""steer_zones"": 41, ""people"": 0, ""track_id"": null, ""target_ex"": 0.0, ""target_cx_vel_px_s"": 0.0, ""target_age_s"": null, ""lidar_min_m"": null, ""target_lidar_m"": null, ""target_lidar_deg"": null, ""camera_range_m"
2026-07-10T14:01:28.686,336.687,mission_20260710_135552_auto,AUTO,,1,13.32930850982666,100.99772644042969,-99.20512358098522,4,True,-1.0,1,0,0,3427,20683,0.0,0.0,0.0,0,9,13.32939624786377,100.9979019165039,21.34628436834472,92,0.0,0.0,0.0,0,30,-,READY owner=Surnn refs=24,"{""cmd"": ""STOP"", ""status"": ""READY"", ""detector"": ""yolo"", ""state"": ""IDLE"", ""owner"": ""Surnn"", ""score"": null, ""match_max"": 0.5, ""refs"": 24, ""match_mode"": ""none"", ""steer_zones"": 41, ""people"": 0, ""track_id"": null, ""target_ex"": 0.0, ""target_cx_vel_px_s"": 0.0, ""target_age_s"": null, ""lidar_min_m"": 5.73, ""target_lidar_m"": null, ""target_lidar_deg"": null, ""camera_range_m"
2026-07-10T14:01:29.690,337.691,mission_20260710_135552_auto,AUTO,,1,13.32930850982666,100.99772644042969,-99.18932535343498,4,True,-1.0,1,0,0,3427,206,0.0,0.0,0.0,0,9,13.32939624786377,100.9979019165039,21.34628436834472,92,0.0,0.0,0.0,0,30,-,READY owner=Surnn refs=24,"{""cmd"": ""STOP"", ""status"": ""READY"", ""detector"": ""yolo"", ""state"": ""IDLE"", ""owner"": ""Surnn"", ""score"": null, ""match_max"": 0.5, ""refs"": 24, ""match_mode"": ""none"", ""steer_zones"": 41, ""people"": 0, ""track_id"": null, ""target_ex"": 0.0, ""target_cx_vel_px_s"": 0.0, ""target_age_s"": null, ""lidar_min_m"": 4.46, ""target_lidar_m"": null, ""target_lidar_deg"": null, ""camera_range_m"
2026-07-10T14:01:30.690,338.691,mission_20260710_135552_auto,AUTO,,1,13.32930850982666,100.99772644042969,-99.17144391818789,4,True,-1.0,1,0,0,3427,206,0.0,0.0,0.0,0,9,13.32939624786377,100.9979019165039,21.34628436834472,92,0.0,0.0,0.0,0,30,-,READY owner=Surnn refs=24,"{""cmd"": ""STOP"", ""status"": ""READY"", ""detector"": ""yolo"", ""state"": ""IDLE"", ""owner"": ""Surnn"", ""score"": null, ""match_max"": 0.5, ""refs"": 24, ""match_mode"": ""none"", ""steer_zones"": 41, ""people"": 0, ""track_id"": null, ""target_ex"": 0.0, ""target_cx_vel_px_s"": 0.0, ""target_age_s"": null, ""lidar_min_m"": null, ""target_lidar_m"": null, ""target_lidar_deg"": null, ""camera_range_m"
2026-07-10T14:01:31.695,339.695,mission_20260710_135552_auto,AUTO,,1,13.32930850982666,100.99772644042969,-99.14528429366673,4,True,-1.0,1,0,0,3427,206,0.0,0.0,0.0,0,9,13.32939624786377,100.9979019165039,21.34628436834472,92,26.299999237060547,-1.2000000476837158,40.0,0,30,-,READY owner=Surnn refs=24,"{""cmd"": ""STOP"", ""status"": ""READY"", ""detector"": ""yolo"", ""state"": ""IDLE"", ""owner"": ""Surnn"", ""score"": null, ""match_max"": 0.5, ""refs"": 24, ""match_mode"": ""none"", ""steer_zones"": 41, ""people"": 0, ""track_id"": null, ""target_ex"": 0.0, ""target_cx_vel_px_s"": 0.0, ""target_age_s"": null, ""lidar_min_m"": null, ""target_lidar_m"": null, ""target_lidar_deg"": null, ""camera_range_m"
2026-07-10T14:01:32.695,340.696,mission_20260710_135552_auto,AUTO,,1,13.32930850982666,100.99772644042969,-99.12893282079374,4,True,-1.0,1,0,0,0,0,0.0,0.0,0.0,0,9,13.32939624786377,100.9979019165039,21.34628436834472,92,40.0,0.0,0.0,0,30,-,READY owner=Surnn refs=24,"{""cmd"": ""STOP"", ""status"": ""READY"", ""detector"": ""yolo"", ""state"": ""IDLE"", ""owner"": ""Surnn"", ""score"": null, ""match_max"": 0.5, ""refs"": 24, ""match_mode"": ""none"", ""steer_zones"": 41, ""people"": 0, ""track_id"": null, ""target_ex"": 0.0, ""target_cx_vel_px_s"": 0.0, ""target_age_s"": null, ""lidar_min_m"": null, ""target_lidar_m"": null, ""target_lidar_deg"": null, ""camera_range_m"
2026-07-10T14:01:33.696,341.696,mission_20260710_135552_auto,AUTO,,1,13.329309463500977,100.99772644042969,-99.12269685808151,4,True,-1.0,1,0,0,3427,206,0.0,0.0,0.0,0,9,13.32939624786377,100.9979019165039,21.298027359498732,92,40.0,0.0,0.0,0,30,-,READY owner=Surnn refs=24,"{""cmd"": ""STOP"", ""status"": ""READY"", ""detector"": ""yolo"", ""state"": ""IDLE"", ""owner"": ""Surnn"", ""score"": null, ""match_max"": 0.5, ""refs"": 24, ""match_mode"": ""none"", ""steer_zones"": 41, ""people"": 0, ""track_id"": null, ""target_ex"": 0.0, ""target_cx_vel_px_s"": 0.0, ""target_age_s"": null, ""lidar_min_m"": null, ""target_lidar_m"": null, ""target_lidar_deg"": null, ""camera_range_m"
2026-07-10T14:01:34.701,342.702,mission_20260710_135552_auto,AUTO,,1,13.329309463500977,100.99772644042969,-99.10782753625838,4,True,-1.0,1,0,0,3427,20683,0.0,0.0,0.0,0,9,13.32939624786377,100.9979019165039,21.298027359498732,92,26.200000762939453,-1.2999999523162842,40.0,0,30,-,READY owner=Surnn refs=24,"{""cmd"": ""STOP"", ""status"": ""READY"", ""detector"": ""yolo"", ""state"": ""IDLE"", ""owner"": ""Surnn"", ""score"": null, ""match_max"": 0.5, ""refs"": 24, ""match_mode"": ""none"", ""steer_zones"": 41, ""people"": 0, ""track_id"": null, ""target_ex"": 0.0, ""target_cx_vel_px_s"": 0.0, ""target_age_s"": null, ""lidar_min_m"": null, ""target_lidar_m"": null, ""target_lidar_deg"": null, ""camera_range_m"
2026-07-10T14:01:35.704,343.705,mission_20260710_135552_auto,AUTO,,1,13.329309463500977,100.99772644042969,-99.10116810181762,4,True,-1.0,1,0,0,3427,20683,0.0,0.0,0.0,0,9,13.32939624786377,100.9979019165039,21.298027359498732,92,26.299999237060547,-1.2999999523162842,40.0,0,30,-,READY owner=Surnn refs=24,"{""cmd"": ""STOP"", ""status"": ""READY"", ""detector"": ""yolo"", ""state"": ""IDLE"", ""owner"": ""Surnn"", ""score"": null, ""match_max"": 0.5, ""refs"": 24, ""match_mode"": ""none"", ""steer_zones"": 41, ""people"": 0, ""track_id"": null, ""target_ex"": 0.0, ""target_cx_vel_px_s"": 0.0, ""target_age_s"": null, ""lidar_min_m"": 1.92, ""target_lidar_m"": null, ""target_lidar_deg"": null, ""camera_range_m"
2026-07-10T14:01:36.705,344.705,mission_20260710_135552_auto,AUTO,,1,13.32930850982666,100.99772644042969,-99.10344255481124,4,True,-1.0,1,0,0,0,0,0.0,0.0,0.0,0,9,13.32939624786377,100.9979019165039,21.34628436834472,92,0.0,0.0,0.0,0,30,-,READY owner=Surnn refs=24,"{""cmd"": ""STOP"", ""status"": ""READY"", ""detector"": ""yolo"", ""state"": ""IDLE"", ""owner"": ""Surnn"", ""score"": null, ""match_max"": 0.5, ""refs"": 24, ""match_mode"": ""none"", ""steer_zones"": 41, ""people"": 0, ""track_id"": null, ""target_ex"": 0.0, ""target_cx_vel_px_s"": 0.0, ""target_age_s"": null, ""lidar_min_m"": null, ""target_lidar_m"": null, ""target_lidar_deg"": null, ""camera_range_m"
2026-07-10T14:01:37.710,345.71,mission_20260710_135552_auto,AUTO,,1,13.32930850982666,100.99772644042969,-99.09604545994011,4,True,-1.0,1,0,0,3427,20683,0.0,0.0,0.0,0,9,13.32939624786377,100.9979019165039,21.34628436834472,92,26.200000762939453,-1.100000023841858,40.0,0,30,-,READY owner=Surnn refs=24,"{""cmd"": ""STOP"", ""status"": ""READY"", ""detector"": ""yolo"", ""state"": ""IDLE"", ""owner"": ""Surnn"", ""score"": null, ""match_max"": 0.5, ""refs"": 24, ""match_mode"": ""none"", ""steer_zones"": 41, ""people"": 0, ""track_id"": null, ""target_ex"": 0.0, ""target_cx_vel_px_s"": 0.0, ""target_age_s"": null, ""lidar_min_m"": null, ""target_lidar_m"": null, ""target_lidar_deg"": null, ""camera_range_m"
2026-07-10T14:01:38.711,346.711,mission_20260710_135552_auto,AUTO,,1,13.32930850982666,100.99772644042969,-99.08253534576183,4,True,-1.0,1,0,0,3427,20683,0.0,0.0,0.0,0,9,13.32939624786377,100.9979019165039,21.34628436834472,92,26.200000762939453,-1.399999976158142,40.0,0,30,-,READY owner=Surnn refs=24,"{""cmd"": ""STOP"", ""status"": ""READY"", ""detector"": ""yolo"", ""state"": ""IDLE"", ""owner"": ""Surnn"", ""score"": null, ""match_max"": 0.5, ""refs"": 24, ""match_mode"": ""none"", ""steer_zones"": 41, ""people"": 0, ""track_id"": null, ""target_ex"": 0.0, ""target_cx_vel_px_s"": 0.0, ""target_age_s"": null, ""lidar_min_m"": null, ""target_lidar_m"": null, ""target_lidar_deg"": null, ""camera_range_m"
2026-07-10T14:01:39.711,347.711,mission_20260710_135552_auto,AUTO,,1,13.32930850982666,100.99772644042969,-99.07580760942938,4,True,-1.0,1,0,0,3427,20683,0.0,0.0,0.0,0,9,13.32939624786377,100.9979019165039,21.34628436834472,92,26.299999237060547,-1.2000000476837158,40.0,0,30,-,READY owner=Surnn refs=24,"{""cmd"": ""STOP"", ""status"": ""READY"", ""detector"": ""yolo"", ""state"": ""IDLE"", ""owner"": ""Surnn"", ""score"": null, ""match_max"": 0.5, ""refs"": 24, ""match_mode"": ""none"", ""steer_zones"": 41, ""people"": 0, ""track_id"": null, ""target_ex"": 0.0, ""target_cx_vel_px_s"": 0.0, ""target_age_s"": null, ""lidar_min_m"": 4.48, ""target_lidar_m"": null, ""target_lidar_deg"": null, ""camera_range_m"
2026-07-10T14:01:40.718,348.718,mission_20260710_135552_auto,AUTO,,1,13.32930850982666,100.99772644042969,-99.08754870461262,4,True,-1.0,1,0,0,0,0,0.0,0.0,0.0,0,9,13.32939624786377,100.9979019165039,21.34628436834472,92,26.200000762939453,-1.2999999523162842,40.0,0,30,-,READY owner=Surnn refs=24,"{""cmd"": ""STOP"", ""status"": ""READY"", ""detector"": ""yolo"", ""state"": ""IDLE"", ""owner"": ""Surnn"", ""score"": null, ""match_max"": 0.5, ""refs"": 24, ""match_mode"": ""none"", ""steer_zones"": 41, ""people"": 0, ""track_id"": null, ""target_ex"": 0.0, ""target_cx_vel_px_s"": 0.0, ""target_age_s"": null, ""lidar_min_m"": 1.95, ""target_lidar_m"": null, ""target_lidar_deg"": null, ""camera_range_m"
2026-07-10T14:01:41.721,349.722,mission_20260710_135552_auto,AUTO,,1,13.32930850982666,100.99772644042969,-99.10678934750455,4,True,-1.0,1,0,0,3427,20683,0.0,0.0,0.0,0,9,13.32939624786377,100.9979019165039,21.34628436834472,92,26.200000762939453,-1.100000023841858,40.0,0,30,-,READY owner=Surnn refs=24,"{""cmd"": ""STOP"", ""status"": ""READY"", ""detector"": ""yolo"", ""state"": ""IDLE"", ""owner"": ""Surnn"", ""score"": null, ""match_max"": 0.5, ""refs"": 24, ""match_mode"": ""none"", ""steer_zones"": 41, ""people"": 0, ""track_id"": null, ""target_ex"": 0.0, ""target_cx_vel_px_s"": 0.0, ""target_age_s"": null, ""lidar_min_m"": 3.5, ""target_lidar_m"": null, ""target_lidar_deg"": null, ""camera_range_m"""
