iso_time,elapsed_s,mission_id,run_mode,event,hw_mode,lat,lng,yaw_deg,gps_fix,gps_ready,lidar_min_front_m,lidar_obstacle,pwm_l,pwm_r,enc_l,enc_r,wheel_speed_l_kph,wheel_speed_r_kph,wheel_speed_avg_kph,wp_idx,path_len,target_lat,target_lng,dist_to_target_m,battery_soc_pct,battery_voltage_v,battery_current_a,battery_temp_c,battery_status,num_sats,segment,follow_status,follow_debug
2026-07-09T14:20:48.574,0.575,mission_20260709_142048_manual,MANUAL,MISSION_START,0,13.330307006835938,100.9979476928711,148.52622010597076,4,True,0.6575000286102295,1,0,0,0,0,0.0,0.0,0.0,0,0,nan,nan,nan,,nan,nan,nan,2,27,-,SELECT OWNER FIRST,
2026-07-09T14:20:50.645,2.646,mission_20260709_142048_manual,MANUAL,,0,13.330307960510254,100.9979476928711,148.4574537614071,4,True,0.6572499871253967,1,0,0,0,0,0.0,0.0,0.0,0,0,nan,nan,nan,,nan,nan,nan,2,26,-,SELECT OWNER FIRST,
2026-07-09T14:20:52.673,4.674,mission_20260709_142048_manual,MANUAL,,0,13.330307960510254,100.9979476928711,148.3878951148997,4,True,0.6577500104904175,1,0,0,0,0,0.0,0.0,0.0,0,0,nan,nan,nan,,nan,nan,nan,2,27,-,SELECT OWNER FIRST,
2026-07-09T14:20:54.717,6.718,mission_20260709_142048_manual,MANUAL,,0,13.33030891418457,100.9979476928711,148.32717473317825,4,True,0.6579999923706055,1,0,0,0,0,0.0,0.0,0.0,0,0,nan,nan,nan,,nan,nan,nan,2,27,-,SELECT OWNER FIRST,
2026-07-09T14:20:56.835,8.836,mission_20260709_142048_manual,MANUAL,,0,13.33030891418457,100.9979476928711,148.268790276153,4,True,0.6572499871253967,1,0,0,0,0,0.0,0.0,0.0,0,0,nan,nan,nan,,nan,nan,nan,2,27,-,SELECT OWNER FIRST,
2026-07-09T14:20:58.883,10.883,mission_20260709_142048_manual,MANUAL,,0,13.33030891418457,100.9979476928711,148.2233285370374,4,True,0.6575000286102295,1,0,0,0,0,0.0,0.0,0.0,0,0,nan,nan,nan,,nan,nan,nan,2,26,-,SELECT OWNER FIRST,
2026-07-09T14:21:01.035,13.035,mission_20260709_142048_manual,MANUAL,,0,13.330307960510254,100.9979476928711,148.16855041989388,4,True,0.6577500104904175,1,0,0,0,0,0.0,0.0,0.0,0,0,nan,nan,nan,,nan,nan,nan,2,26,-,SELECT OWNER FIRST,
2026-07-09T14:21:03.146,15.146,mission_20260709_142048_manual,MANUAL,,0,13.330307006835938,100.9979476928711,148.11703713317365,4,True,0.6572499871253967,1,0,0,0,0,0.0,0.0,0.0,0,0,nan,nan,nan,,nan,nan,nan,2,26,-,SELECT OWNER FIRST,
2026-07-09T14:21:05.236,17.236,mission_20260709_142048_manual,MANUAL,,0,13.330306053161621,100.9979476928711,148.06380263878256,4,True,0.6585000157356262,1,0,0,0,0,0.0,0.0,0.0,0,0,nan,nan,nan,,nan,nan,nan,2,26,-,SELECT OWNER FIRST,
2026-07-09T14:21:07.385,19.385,mission_20260709_142048_manual,MANUAL,,0,13.330306053161621,100.9979476928711,148.00310957781784,4,True,0.6575000286102295,1,0,0,0,0,0.0,0.0,0.0,0,0,nan,nan,nan,,nan,nan,nan,2,26,-,SELECT OWNER FIRST,
2026-07-09T14:21:09.496,21.497,mission_20260709_142048_manual,MANUAL,,0,13.330305099487305,100.9979476928711,147.96490149960078,4,True,0.6582499742507935,1,0,0,0,0,0.0,0.0,0.0,0,0,nan,nan,nan,,nan,nan,nan,2,26,-,SELECT OWNER FIRST,
2026-07-09T14:21:11.570,23.57,mission_20260709_142048_manual,MANUAL,,0,13.330304145812988,100.9979476928711,147.930600289589,4,True,0.6582499742507935,1,0,0,0,0,0.0,0.0,0.0,0,0,nan,nan,nan,,nan,nan,nan,2,26,-,SELECT OWNER FIRST,
2026-07-09T14:21:13.645,25.645,mission_20260709_142048_manual,MANUAL,,0,13.330304145812988,100.9979476928711,147.89509696628326,4,True,0.6572499871253967,1,0,0,0,0,0.0,0.0,0.0,0,0,nan,nan,nan,,nan,nan,nan,2,26,-,SELECT OWNER FIRST,
2026-07-09T14:21:15.769,27.77,mission_20260709_142048_manual,MANUAL,,0,13.330304145812988,100.9979476928711,147.85895160519556,4,True,0.6572499871253967,1,0,0,0,0,0.0,0.0,0.0,0,0,nan,nan,nan,,nan,nan,nan,2,26,-,SELECT OWNER FIRST,
2026-07-09T14:21:18.194,30.195,mission_20260709_142048_manual,MANUAL,,0,13.330303192138672,100.9979476928711,147.83837907541547,4,True,0.6585000157356262,1,0,0,0,0,0.0,0.0,0.0,0,0,nan,nan,nan,,nan,nan,nan,2,26,-,SELECT OWNER FIRST,
2026-07-09T14:21:20.299,32.299,mission_20260709_142048_manual,MANUAL,,0,13.330303192138672,100.9979476928711,147.8196506967113,4,True,0.6579999923706055,1,0,0,0,0,0.0,0.0,0.0,0,0,nan,nan,nan,,nan,nan,nan,2,26,-,SELECT OWNER FIRST,
2026-07-09T14:21:22.399,34.399,mission_20260709_142048_manual,MANUAL,,0,13.330303192138672,100.9979476928711,147.79558111007617,4,True,0.6582499742507935,1,0,0,0,0,0.0,0.0,0.0,0,0,nan,nan,nan,,nan,nan,nan,2,26,-,SELECT OWNER FIRST,
2026-07-09T14:21:24.513,36.514,mission_20260709_142048_manual,MANUAL,,0,13.330303192138672,100.9979476928711,147.77593748602322,4,True,0.6575000286102295,1,0,0,0,0,0.0,0.0,0.0,0,0,nan,nan,nan,,nan,nan,nan,2,25,-,SELECT OWNER FIRST,
2026-07-09T14:21:26.515,38.516,mission_20260709_142048_manual,MANUAL,,0,13.330303192138672,100.9979476928711,147.7712519762526,4,True,0.6577500104904175,1,0,0,0,0,0.0,0.0,0.0,0,0,nan,nan,nan,,nan,nan,nan,2,26,-,SELECT OWNER FIRST,
2026-07-09T14:21:28.553,40.554,mission_20260709_142048_manual,MANUAL,,0,13.330302238464355,100.9979476928711,147.75199084279316,4,True,0.6582499742507935,1,0,0,0,0,0.0,0.0,0.0,0,0,nan,nan,nan,,nan,nan,nan,2,26,-,SELECT OWNER FIRST,
2026-07-09T14:21:30.674,42.674,mission_20260709_142048_manual,MANUAL,,0,13.330302238464355,100.9979476928711,147.74406782335595,4,True,0.6577500104904175,1,0,0,0,0,0.0,0.0,0.0,0,0,nan,nan,nan,,nan,nan,nan,2,26,-,SELECT OWNER FIRST,
2026-07-09T14:21:32.698,44.699,mission_20260709_142048_manual,MANUAL,,0,13.330304145812988,100.9979476928711,147.73721031342924,4,True,0.6585000157356262,1,0,0,0,0,0.0,0.0,0.0,0,0,nan,nan,nan,,nan,nan,nan,2,26,-,SELECT OWNER FIRST,
2026-07-09T14:21:34.852,46.853,mission_20260709_142048_manual,MANUAL,,0,13.330304145812988,100.9979476928711,147.74087129482436,4,True,0.6577500104904175,1,0,0,0,0,0.0,0.0,0.0,0,0,nan,nan,nan,,nan,nan,nan,2,25,-,SELECT OWNER FIRST,
2026-07-09T14:21:36.958,48.958,mission_20260709_142048_manual,MANUAL,,0,13.330305099487305,100.9979476928711,147.73737423796933,4,True,0.6577500104904175,1,0,0,0,0,0.0,0.0,0.0,0,0,nan,nan,nan,,nan,nan,nan,2,24,-,SELECT OWNER FIRST,
2026-07-09T14:21:39.047,51.047,mission_20260709_142048_manual,MANUAL,,0,13.330306053161621,100.9979476928711,147.73591257748694,4,True,0.6579999923706055,1,0,0,0,0,0.0,0.0,0.0,0,0,nan,nan,nan,,nan,nan,nan,2,25,-,SELECT OWNER FIRST,
2026-07-09T14:21:41.119,53.119,mission_20260709_142048_manual,MANUAL,,0,13.330307006835938,100.9979476928711,147.727197256106,4,True,0.6575000286102295,1,0,0,0,0,0.0,0.0,0.0,0,0,nan,nan,nan,,nan,nan,nan,2,25,-,SELECT OWNER FIRST,
2026-07-09T14:21:43.267,55.267,mission_20260709_142048_manual,MANUAL,,0,13.330307006835938,100.9979476928711,147.71841363283338,4,True,0.6575000286102295,1,0,0,0,0,0.0,0.0,0.0,0,0,nan,nan,nan,,nan,nan,nan,2,25,-,SELECT OWNER FIRST,
2026-07-09T14:21:45.396,57.396,mission_20260709_142048_manual,MANUAL,,0,13.330307006835938,100.9979476928711,147.71135121723157,4,True,0.6575000286102295,1,0,0,0,0,0.0,0.0,0.0,0,0,nan,nan,nan,,nan,nan,nan,2,25,-,SELECT OWNER FIRST,
2026-07-09T14:21:47.487,59.488,mission_20260709_142048_manual,MANUAL,,0,13.330307006835938,100.99794006347656,147.70868744345526,4,True,0.6577500104904175,1,0,0,0,0,0.0,0.0,0.0,0,0,nan,nan,nan,,nan,nan,nan,2,25,-,SELECT OWNER FIRST,
2026-07-09T14:21:49.559,61.56,mission_20260709_142048_manual,MANUAL,,0,13.330307960510254,100.99794006347656,147.69937106542739,4,True,0.6579999923706055,1,0,0,0,0,0.0,0.0,0.0,0,0,nan,nan,nan,,nan,nan,nan,2,24,-,SELECT OWNER FIRST,
2026-07-09T14:21:51.642,63.642,mission_20260709_142048_manual,MANUAL,,0,13.33030891418457,100.99794006347656,147.69024593269623,4,True,0.6577500104904175,1,0,0,0,0,0.0,0.0,0.0,0,0,nan,nan,nan,,nan,nan,nan,2,24,-,SELECT OWNER FIRST,
2026-07-09T14:21:53.767,65.767,mission_20260709_142048_manual,MANUAL,,0,13.33030891418457,100.99794006347656,147.69687121619114,4,True,0.6582499742507935,1,0,0,0,0,0.0,0.0,0.0,0,0,nan,nan,nan,,nan,nan,nan,2,25,-,SELECT OWNER FIRST,
2026-07-09T14:21:55.909,67.91,mission_20260709_142048_manual,MANUAL,,0,13.33030891418457,100.99794006347656,147.7065837451909,4,True,0.6577500104904175,1,0,0,0,0,0.0,0.0,0.0,0,0,nan,nan,nan,,nan,nan,nan,2,25,-,SELECT OWNER FIRST,
2026-07-09T14:21:58.005,70.005,mission_20260709_142048_manual,MANUAL,,0,13.330309867858887,100.99793243408203,147.72061295374613,4,True,0.6579999923706055,1,0,0,0,0,0.0,0.0,0.0,0,0,nan,nan,nan,,nan,nan,nan,2,25,-,SELECT OWNER FIRST,
2026-07-09T14:22:00.068,72.069,mission_20260709_142048_manual,MANUAL,,0,13.330309867858887,100.99793243408203,147.72553068994853,4,True,0.6582499742507935,1,0,0,0,0,0.0,0.0,0.0,0,0,nan,nan,nan,,nan,nan,nan,2,25,-,SELECT OWNER FIRST,
2026-07-09T14:22:02.169,74.17,mission_20260709_142048_manual,MANUAL,,0,13.330310821533203,100.99793243408203,147.73135001112138,4,True,0.6585000157356262,1,0,0,0,0,0.0,0.0,0.0,0,0,nan,nan,nan,,nan,nan,nan,2,25,-,SELECT OWNER FIRST,
2026-07-09T14:22:04.275,76.275,mission_20260709_142048_manual,MANUAL,,0,13.33031177520752,100.99793243408203,147.73383619997927,4,True,0.6579999923706055,1,0,0,0,0,0.0,0.0,0.0,0,0,nan,nan,nan,,nan,nan,nan,2,25,-,SELECT OWNER FIRST,
2026-07-09T14:22:06.363,78.363,mission_20260709_142048_manual,MANUAL,,0,13.330312728881836,100.99793243408203,147.72792125615803,4,True,0.6577500104904175,1,0,0,0,0,0.0,0.0,0.0,0,0,nan,nan,nan,,nan,nan,nan,2,24,-,SELECT OWNER FIRST,
2026-07-09T14:22:08.502,80.502,mission_20260709_142048_manual,MANUAL,,0,13.330313682556152,100.99793243408203,147.72950586004546,4,True,0.6579999923706055,1,0,0,0,0,0.0,0.0,0.0,0,0,nan,nan,nan,,nan,nan,nan,2,24,-,SELECT OWNER FIRST,
2026-07-09T14:22:10.584,82.585,mission_20260709_142048_manual,MANUAL,,0,13.330313682556152,100.99793243408203,147.73465582267966,4,True,0.6579999923706055,1,0,0,0,0,0.0,0.0,0.0,0,0,nan,nan,nan,,nan,nan,nan,2,24,-,SELECT OWNER FIRST,
2026-07-09T14:22:12.680,84.681,mission_20260709_142048_manual,MANUAL,,0,13.330313682556152,100.9979248046875,147.74292035157538,4,True,0.6587499976158142,1,0,0,0,0,0.0,0.0,0.0,0,0,nan,nan,nan,,nan,nan,nan,2,24,-,SELECT OWNER FIRST,
2026-07-09T14:22:14.778,86.779,mission_20260709_142048_manual,MANUAL,,0,13.330314636230469,100.9979248046875,147.74208706849663,4,True,0.6582499742507935,1,0,0,0,0,0.0,0.0,0.0,0,0,nan,nan,nan,,nan,nan,nan,2,25,-,SELECT OWNER FIRST,
2026-07-09T14:22:16.851,88.852,mission_20260709_142048_manual,MANUAL,,0,13.330315589904785,100.9979248046875,147.75287876738525,4,True,0.6577500104904175,1,0,0,0,0,0.0,0.0,0.0,0,0,nan,nan,nan,,nan,nan,nan,2,25,-,SELECT OWNER FIRST,
2026-07-09T14:22:18.950,90.95,mission_20260709_142048_manual,MANUAL,,0,13.330315589904785,100.9979248046875,147.74237393644177,4,True,0.6577500104904175,1,0,0,0,0,0.0,0.0,0.0,0,0,nan,nan,nan,,nan,nan,nan,2,25,-,SELECT OWNER FIRST,
2026-07-09T14:22:21.093,93.093,mission_20260709_142048_manual,MANUAL,,0,13.330316543579102,100.9979248046875,147.75259189944012,4,True,0.6579999923706055,1,0,0,0,0,0.0,0.0,0.0,0,0,nan,nan,nan,,nan,nan,nan,2,25,-,SELECT OWNER FIRST,
2026-07-09T14:22:23.180,95.181,mission_20260709_142048_manual,MANUAL,,0,13.330317497253418,100.99791717529297,147.75647144688867,4,True,0.6579999923706055,1,0,0,0,0,0.0,0.0,0.0,0,0,nan,nan,nan,,nan,nan,nan,2,25,-,SELECT OWNER FIRST,
2026-07-09T14:22:25.287,97.287,mission_20260709_142048_manual,MANUAL,,0,13.330318450927734,100.99791717529297,147.76447642859594,4,True,0.6579999923706055,1,0,0,0,0,0.0,0.0,0.0,0,0,nan,nan,nan,,nan,nan,nan,2,25,-,SELECT OWNER FIRST,
2026-07-09T14:22:27.402,99.402,mission_20260709_142048_manual,MANUAL,,0,13.33031940460205,100.99791717529297,147.79564941196787,4,True,0.6585000157356262,1,0,0,0,0,0.0,0.0,0.0,0,0,nan,nan,nan,,nan,nan,nan,2,25,-,SELECT OWNER FIRST,
2026-07-09T14:22:29.480,101.481,mission_20260709_142048_manual,MANUAL,,0,13.330320358276367,100.99791717529297,147.79798533666403,4,True,0.6577500104904175,1,0,0,0,0,0.0,0.0,0.0,0,0,nan,nan,nan,,nan,nan,nan,2,25,-,SELECT OWNER FIRST,
2026-07-09T14:22:31.580,103.58,mission_20260709_142048_manual,MANUAL,,0,13.330321311950684,100.99791717529297,147.81523839450747,4,True,0.6585000157356262,1,0,0,0,0,0.0,0.0,0.0,0,0,nan,nan,nan,,nan,nan,nan,2,25,-,SELECT OWNER FIRST,
2026-07-09T14:22:33.686,105.687,mission_20260709_142048_manual,MANUAL,,0,13.330322265625,100.99791717529297,147.81486956429228,4,True,0.6577500104904175,1,0,0,0,0,0.0,0.0,0.0,0,0,nan,nan,nan,,nan,nan,nan,2,25,-,SELECT OWNER FIRST,
2026-07-09T14:22:35.752,107.753,mission_20260709_142048_manual,MANUAL,,0,13.330323219299316,100.99791717529297,147.81660443234148,4,True,0.6570000052452087,1,0,0,0,0,0.0,0.0,0.0,0,0,nan,nan,nan,,nan,nan,nan,2,25,-,SELECT OWNER FIRST,
2026-07-09T14:22:37.855,109.855,mission_20260709_142048_manual,MANUAL,,0,13.330324172973633,100.99790954589844,147.82055228168173,4,True,0.6582499742507935,1,0,0,0,0,0.0,0.0,0.0,0,0,nan,nan,nan,,nan,nan,nan,2,25,-,SELECT OWNER FIRST,
2026-07-09T14:22:39.968,111.969,mission_20260709_142048_manual,MANUAL,,0,13.330324172973633,100.99790954589844,147.82959545214283,4,True,0.6579999923706055,1,0,0,0,0,0.0,0.0,0.0,0,0,nan,nan,nan,,nan,nan,nan,2,25,-,SELECT OWNER FIRST,
2026-07-09T14:22:42.079,114.08,mission_20260709_142048_manual,MANUAL,,0,13.33032512664795,100.99790954589844,147.84082428313835,4,True,0.6575000286102295,1,0,0,0,0,0.0,0.0,0.0,0,0,nan,nan,nan,,nan,nan,nan,2,25,-,SELECT OWNER FIRST,
2026-07-09T14:22:44.169,116.17,mission_20260709_142048_manual,MANUAL,,0,13.330326080322266,100.99790954589844,147.85205311413384,4,True,0.6579999923706055,1,0,0,0,0,0.0,0.0,0.0,0,0,nan,nan,nan,,nan,nan,nan,2,25,-,SELECT OWNER FIRST,
2026-07-09T14:22:46.273,118.273,mission_20260709_142048_manual,MANUAL,,0,13.330326080322266,100.99790954589844,147.84865167992717,4,True,0.6582499742507935,1,0,0,0,0,0.0,0.0,0.0,0,0,nan,nan,nan,,nan,nan,nan,2,24,-,SELECT OWNER FIRST,
2026-07-09T14:22:48.353,120.353,mission_20260709_142048_manual,MANUAL,,0,13.330327987670898,100.99790954589844,147.84974451019437,4,True,0.6577500104904175,1,0,0,0,0,0.0,0.0,0.0,0,0,nan,nan,nan,,nan,nan,nan,2,25,-,SELECT OWNER FIRST,
2026-07-09T14:22:50.425,122.426,mission_20260709_142048_manual,MANUAL,,0,13.330327987670898,100.9979019165039,147.85503107661197,4,True,0.656499981880188,1,0,0,0,0,0.0,0.0,0.0,0,0,nan,nan,nan,,nan,nan,nan,2,25,-,SELECT OWNER FIRST,
2026-07-09T14:22:52.432,124.433,mission_20260709_142048_manual,MANUAL,,0,13.330328941345215,100.9979019165039,147.87263930429225,4,True,0.6582499742507935,1,0,0,0,0,0.0,0.0,0.0,0,0,nan,nan,nan,,nan,nan,nan,2,27,-,SELECT OWNER FIRST,
2026-07-09T14:22:54.433,126.434,mission_20260709_142048_manual,MANUAL,,0,13.330328941345215,100.9979019165039,147.88576692787703,4,True,0.6579999923706055,1,0,0,0,0,0.0,0.0,0.0,0,0,nan,nan,nan,,nan,nan,nan,2,27,-,SELECT OWNER FIRST,
2026-07-09T14:22:56.502,128.503,mission_20260709_142048_manual,MANUAL,,0,13.330329895019531,100.9979019165039,147.9054242123083,4,True,0.6579999923706055,1,0,0,0,0,0.0,0.0,0.0,0,0,nan,nan,nan,,nan,nan,nan,2,27,-,SELECT OWNER FIRST,
2026-07-09T14:22:58.590,130.591,mission_20260709_142048_manual,MANUAL,,0,13.330330848693848,100.9979019165039,147.91004142018724,4,True,0.6587499976158142,1,0,0,0,0,0.0,0.0,0.0,0,0,nan,nan,nan,,nan,nan,nan,2,26,-,SELECT OWNER FIRST,
2026-07-09T14:23:00.737,132.738,mission_20260709_142048_manual,MANUAL,,0,13.330329895019531,100.9979019165039,147.91450836390445,4,True,0.6575000286102295,1,0,0,0,0,0.0,0.0,0.0,0,0,nan,nan,nan,,nan,nan,nan,2,26,-,SELECT OWNER FIRST,
2026-07-09T14:23:02.822,134.822,mission_20260709_142048_manual,MANUAL,,0,13.330328941345215,100.9979019165039,147.9157924394684,4,True,0.6582499742507935,1,0,0,0,0,0.0,0.0,0.0,0,0,nan,nan,nan,,nan,nan,nan,2,26,-,SELECT OWNER FIRST,
2026-07-09T14:23:04.927,136.927,mission_20260709_142048_manual,MANUAL,,0,13.330328941345215,100.9979019165039,147.92967138386186,4,True,0.6577500104904175,1,0,0,0,0,0.0,0.0,0.0,0,0,nan,nan,nan,,nan,nan,nan,2,25,-,SELECT OWNER FIRST,
2026-07-09T14:23:06.985,138.986,mission_20260709_142048_manual,MANUAL,,0,13.330328941345215,100.9979019165039,147.9443562905774,4,True,0.6575000286102295,1,0,0,0,0,0.0,0.0,0.0,0,0,nan,nan,nan,,nan,nan,nan,2,25,-,SELECT OWNER FIRST,
2026-07-09T14:23:09.092,141.093,mission_20260709_142048_manual,MANUAL,,0,13.330328941345215,100.9979019165039,147.94717032851543,4,True,0.6582499742507935,1,0,0,0,0,0.0,0.0,0.0,0,0,nan,nan,nan,,nan,nan,nan,2,25,-,SELECT OWNER FIRST,
2026-07-09T14:23:11.229,143.23,mission_20260709_142048_manual,MANUAL,,0,13.330328941345215,100.9979019165039,147.94740255494722,4,True,0.6582499742507935,1,0,0,0,0,0.0,0.0,0.0,0,0,nan,nan,nan,,nan,nan,nan,2,25,-,SELECT OWNER FIRST,
2026-07-09T14:23:13.313,145.313,mission_20260709_142048_manual,MANUAL,,0,13.330328941345215,100.9979019165039,147.9472932719205,4,True,0.6579999923706055,1,0,0,0,0,0.0,0.0,0.0,0,0,nan,nan,nan,,nan,nan,nan,2,24,-,SELECT OWNER FIRST,
2026-07-09T14:23:15.388,147.389,mission_20260709_142048_manual,MANUAL,,0,13.330328941345215,100.99789428710938,147.94447923398246,4,True,0.6570000052452087,1,0,0,0,0,0.0,0.0,0.0,0,0,nan,nan,nan,,nan,nan,nan,2,25,-,SELECT OWNER FIRST,
2026-07-09T14:23:17.459,149.459,mission_20260709_142048_manual,MANUAL,,0,13.330328941345215,100.99789428710938,147.9590275369146,4,True,0.6567500233650208,1,0,0,0,0,0.0,0.0,0.0,0,0,nan,nan,nan,,nan,nan,nan,2,24,-,SELECT OWNER FIRST,
2026-07-09T14:23:19.545,151.546,mission_20260709_142048_manual,MANUAL,,0,13.330328941345215,100.99789428710938,147.9729201416864,4,True,0.6570000052452087,1,0,0,0,0,0.0,0.0,0.0,0,0,nan,nan,nan,,nan,nan,nan,2,24,-,SELECT OWNER FIRST,
2026-07-09T14:23:21.621,153.622,mission_20260709_142048_manual,MANUAL,,0,13.330328941345215,100.99789428710938,147.97532436827422,4,True,0.656499981880188,1,0,0,0,0,0.0,0.0,0.0,0,0,nan,nan,nan,,nan,nan,nan,2,24,-,SELECT OWNER FIRST,
2026-07-09T14:23:23.755,155.756,mission_20260709_142048_manual,MANUAL,,0,13.330328941345215,100.99789428710938,147.96574844305786,4,True,0.6577500104904175,1,0,0,0,0,0.0,0.0,0.0,0,0,nan,nan,nan,,nan,nan,nan,2,25,-,SELECT OWNER FIRST,
2026-07-09T14:23:25.834,157.834,mission_20260709_142048_manual,MANUAL,,0,13.330327987670898,100.99789428710938,147.96313931079493,4,True,0.6572499871253967,1,0,0,0,0,0.0,0.0,0.0,0,0,nan,nan,nan,,nan,nan,nan,2,24,-,SELECT OWNER FIRST,
2026-07-09T14:23:27.920,159.92,mission_20260709_142048_manual,MANUAL,,0,13.330327987670898,100.99789428710938,147.97107599061047,4,True,0.6579999923706055,1,0,0,0,0,0.0,0.0,0.0,0,0,nan,nan,nan,,nan,nan,nan,2,24,-,SELECT OWNER FIRST,
2026-07-09T14:23:30.029,162.03,mission_20260709_142048_manual,MANUAL,,0,13.330327987670898,100.99789428710938,147.98718157667338,4,True,0.6577500104904175,1,0,0,0,0,0.0,0.0,0.0,0,0,nan,nan,nan,,nan,nan,nan,2,24,-,SELECT OWNER FIRST,
2026-07-09T14:23:32.094,164.094,mission_20260709_142048_manual,MANUAL,,0,13.330327987670898,100.99789428710938,148.01030859720302,4,True,0.6585000157356262,1,0,0,0,0,0.0,0.0,0.0,0,0,nan,nan,nan,,nan,nan,nan,2,24,-,SELECT OWNER FIRST,
2026-07-09T14:23:34.161,166.161,mission_20260709_142048_manual,MANUAL,,0,13.330327987670898,100.99789428710938,148.02648248515763,4,True,0.6589999794960022,1,0,0,0,0,0.0,0.0,0.0,0,0,nan,nan,nan,,nan,nan,nan,2,24,-,SELECT OWNER FIRST,
2026-07-09T14:23:36.230,168.23,mission_20260709_142048_manual,MANUAL,,0,13.330327033996582,100.99789428710938,148.0348016555667,4,True,0.6575000286102295,1,0,0,0,0,0.0,0.0,0.0,0,0,nan,nan,nan,,nan,nan,nan,2,25,-,SELECT OWNER FIRST,
2026-07-09T14:23:38.333,170.333,mission_20260709_142048_manual,MANUAL,,0,13.33032512664795,100.9979019165039,148.0356895801588,3,True,0.6582499742507935,1,0,0,0,0,0.0,0.0,0.0,0,0,nan,nan,nan,,nan,nan,nan,2,25,-,SELECT OWNER FIRST,
2026-07-09T14:23:40.356,172.357,mission_20260709_142048_manual,MANUAL,,0,13.330323219299316,100.9979019165039,148.0399242974442,3,True,0.6577500104904175,1,0,0,0,0,0.0,0.0,0.0,0,0,nan,nan,nan,,nan,nan,nan,2,26,-,SELECT OWNER FIRST,
2026-07-09T14:23:42.475,174.476,mission_20260709_142048_manual,MANUAL,,0,13.330321311950684,100.9979019165039,148.0429842221924,3,True,0.6577500104904175,1,0,0,0,0,0.0,0.0,0.0,0,0,nan,nan,nan,,nan,nan,nan,2,26,-,SELECT OWNER FIRST,
2026-07-09T14:23:44.504,176.505,mission_20260709_142048_manual,MANUAL,,0,13.33031940460205,100.9979019165039,148.04392678829782,3,True,0.6585000157356262,1,0,0,0,0,0.0,0.0,0.0,0,0,nan,nan,nan,,nan,nan,nan,2,26,-,SELECT OWNER FIRST,
2026-07-09T14:23:46.624,178.625,mission_20260709_142048_manual,MANUAL,,0,13.330318450927734,100.99790954589844,148.04601682618386,3,True,0.6589999794960022,1,0,0,0,0,0.0,0.0,0.0,0,0,nan,nan,nan,,nan,nan,nan,2,26,-,SELECT OWNER FIRST,
2026-07-09T14:23:48.731,180.732,mission_20260709_142048_manual,MANUAL,,0,13.330316543579102,100.99790954589844,148.03581252356386,3,True,0.6575000286102295,1,0,0,0,0,0.0,0.0,0.0,0,0,nan,nan,nan,,nan,nan,nan,2,25,-,SELECT OWNER FIRST,
2026-07-09T14:23:50.760,182.761,mission_20260709_142048_manual,MANUAL,,0,13.330315589904785,100.99790954589844,148.04709599607273,3,True,0.6585000157356262,1,0,0,0,0,0.0,0.0,0.0,0,0,nan,nan,nan,,nan,nan,nan,2,25,-,SELECT OWNER FIRST,
2026-07-09T14:23:52.898,184.899,mission_20260709_142048_manual,MANUAL,,0,13.330313682556152,100.99790954589844,148.05235524173364,3,True,0.6585000157356262,1,0,0,0,0,0.0,0.0,0.0,0,0,nan,nan,nan,,nan,nan,nan,2,25,-,SELECT OWNER FIRST,
2026-07-09T14:23:54.936,186.937,mission_20260709_142048_manual,MANUAL,,0,13.330312728881836,100.99790954589844,148.05381690221603,3,True,0.6570000052452087,1,0,0,0,0,0.0,0.0,0.0,0,0,nan,nan,nan,,nan,nan,nan,2,26,-,SELECT OWNER FIRST,
2026-07-09T14:23:57.034,189.034,mission_20260709_142048_manual,MANUAL,,0,13.330310821533203,100.99790954589844,148.05656263826236,3,True,0.6582499742507935,1,0,0,0,0,0.0,0.0,0.0,0,0,nan,nan,nan,,nan,nan,nan,2,26,-,SELECT OWNER FIRST,
2026-07-09T14:23:59.077,191.077,mission_20260709_142048_manual,MANUAL,,0,13.33030891418457,100.99790954589844,148.06581071439857,3,True,0.6579999923706055,1,0,0,0,0,0.0,0.0,0.0,0,0,nan,nan,nan,,nan,nan,nan,2,26,-,SELECT OWNER FIRST,
2026-07-09T14:24:01.171,193.172,mission_20260709_142048_manual,MANUAL,,0,13.330307960510254,100.99790954589844,148.07900663987502,3,True,0.6577500104904175,1,0,0,0,0,0.0,0.0,0.0,0,0,nan,nan,nan,,nan,nan,nan,2,26,-,SELECT OWNER FIRST,
2026-07-09T14:24:03.317,195.317,mission_20260709_142048_manual,MANUAL,,0,13.330306053161621,100.99790954589844,148.0788563757133,3,True,0.6575000286102295,1,0,0,0,0,0.0,0.0,0.0,0,0,nan,nan,nan,,nan,nan,nan,2,26,-,SELECT OWNER FIRST,
2026-07-09T14:24:05.385,197.385,mission_20260709_142048_manual,MANUAL,,0,13.330304145812988,100.99790954589844,148.08303645148533,3,True,0.6570000052452087,1,0,0,0,0,0.0,0.0,0.0,0,0,nan,nan,nan,,nan,nan,nan,2,26,-,SELECT OWNER FIRST,
2026-07-09T14:24:07.435,199.436,mission_20260709_142048_manual,MANUAL,,0,13.330302238464355,100.99791717529297,148.0838150930507,3,True,0.6587499976158142,1,0,0,0,0,0.0,0.0,0.0,0,0,nan,nan,nan,,nan,nan,nan,2,26,-,SELECT OWNER FIRST,
2026-07-09T14:24:09.581,201.581,mission_20260709_142048_manual,MANUAL,,0,13.330301284790039,100.99791717529297,148.06590633704693,3,True,0.6582499742507935,1,0,0,0,0,0.0,0.0,0.0,0,0,nan,nan,nan,,nan,nan,nan,2,26,-,SELECT OWNER FIRST,
2026-07-09T14:24:11.712,203.713,mission_20260709_142048_manual,MANUAL,,0,13.330299377441406,100.99791717529297,148.05895320447186,3,True,0.6582499742507935,1,0,0,0,0,0.0,0.0,0.0,0,0,nan,nan,nan,,nan,nan,nan,2,26,-,SELECT OWNER FIRST,
2026-07-09T14:24:13.747,205.747,mission_20260709_142048_manual,MANUAL,,0,13.33029842376709,100.99791717529297,148.0403614295511,3,True,0.6587499976158142,1,0,0,0,0,0.0,0.0,0.0,0,0,nan,nan,nan,,nan,nan,nan,2,27,-,SELECT OWNER FIRST,
2026-07-09T14:24:15.750,207.751,mission_20260709_142048_manual,MANUAL,,0,13.330297470092773,100.99791717529297,148.0261956172125,3,True,0.6585000157356262,1,0,0,0,0,0.0,0.0,0.0,0,0,nan,nan,nan,,nan,nan,nan,2,27,-,SELECT OWNER FIRST,
2026-07-09T14:24:17.779,209.78,mission_20260709_142048_manual,MANUAL,,0,13.33029556274414,100.99791717529297,148.02194723954872,3,True,0.6579999923706055,1,0,0,0,0,0.0,0.0,0.0,0,0,nan,nan,nan,,nan,nan,nan,2,27,-,SELECT OWNER FIRST,
2026-07-09T14:24:19.784,211.784,mission_20260709_142048_manual,MANUAL,,0,13.330293655395508,100.99791717529297,148.01866874874713,3,True,0.659250020980835,1,0,0,0,0,0.0,0.0,0.0,0,0,nan,nan,nan,,nan,nan,nan,2,27,-,SELECT OWNER FIRST,
2026-07-09T14:24:21.913,213.914,mission_20260709_142048_manual,MANUAL,,0,13.330291748046875,100.9979248046875,148.01758957885826,3,True,0.6579999923706055,1,0,0,0,0,0.0,0.0,0.0,0,0,nan,nan,nan,,nan,nan,nan,2,27,-,SELECT OWNER FIRST,
2026-07-09T14:24:23.923,215.924,mission_20260709_142048_manual,MANUAL,,0,13.330289840698242,100.9979248046875,148.01447501259673,3,True,0.6577500104904175,1,0,0,0,0,0.0,0.0,0.0,0,0,nan,nan,nan,,nan,nan,nan,2,27,-,SELECT OWNER FIRST,
2026-07-09T14:24:26.011,218.011,mission_20260709_142048_manual,MANUAL,,0,13.330288887023926,100.9979248046875,148.0140925220032,3,True,0.6585000157356262,1,0,0,0,0,0.0,0.0,0.0,0,0,nan,nan,nan,,nan,nan,nan,2,27,-,SELECT OWNER FIRST,
2026-07-09T14:24:28.141,220.142,mission_20260709_142048_manual,MANUAL,,0,13.330288887023926,100.9979248046875,148.01483018243357,3,True,0.6579999923706055,1,0,0,0,0,0.0,0.0,0.0,0,0,nan,nan,nan,,nan,nan,nan,2,26,-,SELECT OWNER FIRST,
2026-07-09T14:24:30.250,222.251,mission_20260709_142048_manual,MANUAL,,0,13.330286979675293,100.99793243408203,148.01556784286393,3,True,0.6582499742507935,1,0,0,0,0,0.0,0.0,0.0,0,0,nan,nan,nan,,nan,nan,nan,2,27,-,SELECT OWNER FIRST,
2026-07-09T14:24:32.260,224.26,mission_20260709_142048_manual,MANUAL,,0,13.330286979675293,100.99793243408203,148.00663395542958,3,True,0.6579999923706055,1,0,0,0,0,0.0,0.0,0.0,0,0,nan,nan,nan,,nan,nan,nan,2,26,-,SELECT OWNER FIRST,
2026-07-09T14:24:34.330,226.331,mission_20260709_142048_manual,MANUAL,,0,13.330286979675293,100.99793243408203,148.01716610712973,3,True,0.6579999923706055,1,0,0,0,0,0.0,0.0,0.0,0,0,nan,nan,nan,,nan,nan,nan,2,26,-,SELECT OWNER FIRST,
2026-07-09T14:24:36.431,228.432,mission_20260709_142048_manual,MANUAL,,0,13.330286979675293,100.99793243408203,148.0244334284066,3,True,0.6582499742507935,1,0,0,0,0,0.0,0.0,0.0,0,0,nan,nan,nan,,nan,nan,nan,2,26,-,SELECT OWNER FIRST,
2026-07-09T14:24:38.564,230.564,mission_20260709_142048_manual,MANUAL,,0,13.330286026000977,100.99793243408203,148.02182429614368,3,True,0.6577500104904175,1,0,0,0,0,0.0,0.0,0.0,0,0,nan,nan,nan,,nan,nan,nan,2,25,-,SELECT OWNER FIRST,
2026-07-09T14:24:40.674,232.675,mission_20260709_142048_manual,MANUAL,,0,13.330286026000977,100.99793243408203,148.0273977305064,3,True,0.6582499742507935,1,0,0,0,0,0.0,0.0,0.0,0,0,nan,nan,nan,,nan,nan,nan,2,26,-,SELECT OWNER FIRST,
2026-07-09T14:24:42.760,234.76,mission_20260709_142048_manual,MANUAL,,0,13.330286026000977,100.99793243408203,148.01773984302,3,True,0.6582499742507935,1,0,0,0,0,0.0,0.0,0.0,0,0,nan,nan,nan,,nan,nan,nan,2,27,-,SELECT OWNER FIRST,
2026-07-09T14:24:44.843,236.844,mission_20260709_142048_manual,MANUAL,,0,13.33028507232666,100.99793243408203,148.00857372915385,3,True,0.6589999794960022,1,0,0,0,0,0.0,0.0,0.0,0,0,nan,nan,nan,,nan,nan,nan,2,27,-,SELECT OWNER FIRST,
2026-07-09T14:24:46.936,238.936,mission_20260709_142048_manual,MANUAL,,0,13.33028507232666,100.99793243408203,148.00916112542248,3,True,0.6585000157356262,1,0,0,0,0,0.0,0.0,0.0,0,0,nan,nan,nan,,nan,nan,nan,2,27,-,SELECT OWNER FIRST,
2026-07-09T14:24:49.024,241.024,mission_20260709_142048_manual,MANUAL,,0,13.33028507232666,100.99793243408203,148.0139559182198,3,True,0.6582499742507935,1,0,0,0,0,0.0,0.0,0.0,0,0,nan,nan,nan,,nan,nan,nan,2,27,-,SELECT OWNER FIRST,
2026-07-09T14:24:51.164,243.164,mission_20260709_142048_manual,MANUAL,,0,13.330284118652344,100.99793243408203,148.02301274905926,3,True,0.6575000286102295,1,0,0,0,0,0.0,0.0,0.0,0,0,nan,nan,nan,,nan,nan,nan,2,27,-,SELECT OWNER FIRST,
2026-07-09T14:24:53.246,245.247,mission_20260709_142048_manual,MANUAL,,0,13.330284118652344,100.99793243408203,148.03078550433474,3,True,0.6582499742507935,1,0,0,0,0,0.0,0.0,0.0,0,0,nan,nan,nan,,nan,nan,nan,2,27,-,SELECT OWNER FIRST,
2026-07-09T14:24:55.323,247.324,mission_20260709_142048_manual,MANUAL,,0,13.330284118652344,100.99793243408203,148.034009353623,3,True,0.6587499976158142,1,0,0,0,0,0.0,0.0,0.0,0,0,nan,nan,nan,,nan,nan,nan,2,27,-,SELECT OWNER FIRST,
2026-07-09T14:24:57.388,249.389,mission_20260709_142048_manual,MANUAL,,0,13.330283164978027,100.99793243408203,148.03812112750333,3,True,0.6587499976158142,1,0,0,0,0,0.0,0.0,0.0,0,0,nan,nan,nan,,nan,nan,nan,2,27,-,SELECT OWNER FIRST,
2026-07-09T14:24:59.467,251.467,mission_20260709_142048_manual,MANUAL,,0,13.330283164978027,100.99793243408203,148.03019810806612,3,True,0.6582499742507935,1,0,0,0,0,0.0,0.0,0.0,0,0,nan,nan,nan,,nan,nan,nan,2,27,-,SELECT OWNER FIRST,
2026-07-09T14:25:01.545,253.545,mission_20260709_142048_manual,MANUAL,,0,13.330282211303711,100.99793243408203,148.03156414590012,3,True,0.6579999923706055,1,0,0,0,0,0.0,0.0,0.0,0,0,nan,nan,nan,,nan,nan,nan,2,27,-,SELECT OWNER FIRST,
2026-07-09T14:25:03.676,255.676,mission_20260709_142048_manual,MANUAL,,0,13.330282211303711,100.99793243408203,148.027220145588,3,True,0.6585000157356262,1,0,0,0,0,0.0,0.0,0.0,0,0,nan,nan,nan,,nan,nan,nan,2,27,-,SELECT OWNER FIRST,
2026-07-09T14:25:05.750,257.75,mission_20260709_142048_manual,MANUAL,,0,13.330282211303711,100.99793243408203,148.01784912604674,3,True,0.6577500104904175,1,0,0,0,0,0.0,0.0,0.0,0,0,nan,nan,nan,,nan,nan,nan,2,27,-,SELECT OWNER FIRST,
2026-07-09T14:25:07.805,259.805,mission_20260709_142048_manual,MANUAL,,0,13.330282211303711,100.99794006347656,148.0146252767585,3,True,0.6587499976158142,1,0,0,0,0,0.0,0.0,0.0,0,0,nan,nan,nan,,nan,nan,nan,2,27,-,SELECT OWNER FIRST,
2026-07-09T14:25:09.897,261.898,mission_20260709_142048_manual,MANUAL,,0,13.330281257629395,100.99794006347656,148.00269976646763,3,True,0.6577500104904175,1,0,0,0,0,0.0,0.0,0.0,0,0,nan,nan,nan,,nan,nan,nan,2,27,-,SELECT OWNER FIRST,
2026-07-09T14:25:12.004,264.004,mission_20260709_142048_manual,MANUAL,,0,13.330280303955078,100.99794006347656,147.9936429356282,3,True,0.6577500104904175,1,0,0,0,0,0.0,0.0,0.0,0,0,nan,nan,nan,,nan,nan,nan,2,27,-,SELECT OWNER FIRST,
2026-07-09T14:25:14.098,266.099,mission_20260709_142048_manual,MANUAL,,0,13.330279350280762,100.99794006347656,147.99317848276465,3,True,0.6587499976158142,1,0,0,0,0,0.0,0.0,0.0,0,0,nan,nan,nan,,nan,nan,nan,2,27,-,SELECT OWNER FIRST,
2026-07-09T14:25:16.179,268.179,mission_20260709_142048_manual,MANUAL,,0,13.330278396606445,100.99794006347656,147.9963067094045,3,True,0.6585000157356262,1,0,0,0,0,0.0,0.0,0.0,0,0,nan,nan,nan,,nan,nan,nan,2,27,-,SELECT OWNER FIRST,
2026-07-09T14:25:18.331,270.332,mission_20260709_142048_manual,MANUAL,,0,13.330276489257812,100.99794006347656,147.9927550110361,3,True,0.6582499742507935,1,0,0,0,0,0.0,0.0,0.0,0,0,nan,nan,nan,,nan,nan,nan,2,27,-,SELECT OWNER FIRST,
2026-07-09T14:25:20.454,272.455,mission_20260709_142048_manual,MANUAL,,0,13.330276489257812,100.99793243408203,147.98365719906164,3,True,0.6577500104904175,1,0,0,0,0,0.0,0.0,0.0,0,0,nan,nan,nan,,nan,nan,nan,2,27,-,SELECT OWNER FIRST,
2026-07-09T14:25:22.500,274.501,mission_20260709_142048_manual,MANUAL,,0,13.330276489257812,100.99793243408203,147.98148519890557,3,True,0.6579999923706055,1,0,0,0,0,0.0,0.0,0.0,0,0,nan,nan,nan,,nan,nan,nan,2,27,-,SELECT OWNER FIRST,
2026-07-09T14:25:24.582,276.583,mission_20260709_142048_manual,MANUAL,,0,13.330276489257812,100.99793243408203,147.9886295767774,3,True,0.6582499742507935,1,0,0,0,0,0.0,0.0,0.0,0,0,nan,nan,nan,,nan,nan,nan,2,27,-,SELECT OWNER FIRST,
2026-07-09T14:25:27.026,279.026,mission_20260709_142048_manual,MANUAL,,0,13.330275535583496,100.99793243408203,147.99491335081382,3,True,0.6585000157356262,1,0,0,0,0,0.0,0.0,0.0,0,0,nan,nan,nan,,nan,nan,nan,2,27,-,SELECT OWNER FIRST,
2026-07-09T14:25:29.113,281.114,mission_20260709_142048_manual,MANUAL,,0,13.330275535583496,100.99793243408203,147.99607448297272,3,True,0.6582499742507935,1,0,0,0,0,0.0,0.0,0.0,0,0,nan,nan,nan,,nan,nan,nan,2,27,-,SELECT OWNER FIRST,
2026-07-09T14:25:31.234,283.234,mission_20260709_142048_manual,MANUAL,,0,13.330276489257812,100.9979248046875,148.00782240834516,3,True,0.6582499742507935,1,0,0,0,0,0.0,0.0,0.0,0,0,nan,nan,nan,,nan,nan,nan,2,27,-,SELECT OWNER FIRST,
2026-07-09T14:25:33.295,285.296,mission_20260709_142048_manual,MANUAL,,0,13.330276489257812,100.9979248046875,148.0069481441314,3,True,0.6582499742507935,1,0,0,0,0,0.0,0.0,0.0,0,0,nan,nan,nan,,nan,nan,nan,2,28,-,SELECT OWNER FIRST,
2026-07-09T14:25:35.300,287.3,mission_20260709_142048_manual,MANUAL,,0,13.330277442932129,100.9979248046875,147.99588323767597,3,True,0.6585000157356262,1,0,0,0,0,0.0,0.0,0.0,0,0,nan,nan,nan,,nan,nan,nan,2,28,-,SELECT OWNER FIRST,
2026-07-09T14:25:37.347,289.347,mission_20260709_142048_manual,MANUAL,,0,13.330278396606445,100.9979248046875,147.9924408223343,3,True,0.6579999923706055,1,0,0,0,0,0.0,0.0,0.0,0,0,nan,nan,nan,,nan,nan,nan,2,28,-,SELECT OWNER FIRST,
2026-07-09T14:25:39.434,291.435,mission_20260709_142048_manual,MANUAL,,0,13.330279350280762,100.9979248046875,147.99130701093205,3,True,0.6587499976158142,1,0,0,0,0,0.0,0.0,0.0,0,0,nan,nan,nan,,nan,nan,nan,2,28,-,SELECT OWNER FIRST,
2026-07-09T14:25:41.495,293.495,mission_20260709_142048_manual,MANUAL,,0,13.330280303955078,100.9979248046875,147.9908425580685,3,True,0.6589999794960022,1,0,0,0,0,0.0,0.0,0.0,0,0,nan,nan,nan,,nan,nan,nan,2,28,-,SELECT OWNER FIRST,
2026-07-09T14:25:43.586,295.586,mission_20260709_142048_manual,MANUAL,,0,13.330280303955078,100.9979248046875,147.97894436853434,3,True,0.6575000286102295,1,0,0,0,0,0.0,0.0,0.0,0,0,nan,nan,nan,,nan,nan,nan,2,28,-,SELECT OWNER FIRST,
2026-07-09T14:25:45.615,297.615,mission_20260709_142048_manual,MANUAL,,0,13.330280303955078,100.9979248046875,147.96550255624774,3,True,0.6587499976158142,1,0,0,0,0,0.0,0.0,0.0,0,0,nan,nan,nan,,nan,nan,nan,2,28,-,SELECT OWNER FIRST,
2026-07-09T14:25:47.774,299.775,mission_20260709_142048_manual,MANUAL,,0,13.330280303955078,100.9979248046875,147.9548338007642,3,True,0.6589999794960022,1,0,0,0,0,0.0,0.0,0.0,0,0,nan,nan,nan,,nan,nan,nan,2,28,-,SELECT OWNER FIRST,
2026-07-09T14:25:49.870,301.87,mission_20260709_142048_manual,MANUAL,,0,13.330280303955078,100.9979248046875,147.9586587066994,3,True,0.6585000157356262,1,0,0,0,0,0.0,0.0,0.0,0,0,nan,nan,nan,,nan,nan,nan,2,28,-,SELECT OWNER FIRST,
2026-07-09T14:25:51.938,303.938,mission_20260709_142048_manual,MANUAL,,0,13.330280303955078,100.9979248046875,147.9654479147344,3,True,0.6582499742507935,1,0,0,0,0,0.0,0.0,0.0,0,0,nan,nan,nan,,nan,nan,nan,2,28,-,SELECT OWNER FIRST,
2026-07-09T14:25:54.097,306.097,mission_20260709_142048_manual,MANUAL,,0,13.330280303955078,100.9979248046875,147.96842587721252,3,True,0.6585000157356262,1,0,0,0,0,0.0,0.0,0.0,0,0,nan,nan,nan,,nan,nan,nan,2,28,-,SELECT OWNER FIRST,
2026-07-09T14:25:56.155,308.155,mission_20260709_142048_manual,MANUAL,,0,13.330281257629395,100.9979248046875,147.98506421803066,3,True,0.6570000052452087,1,0,0,0,0,0.0,0.0,0.0,0,0,nan,nan,nan,,nan,nan,nan,2,28,-,SELECT OWNER FIRST,
2026-07-09T14:25:58.216,310.217,mission_20260709_142048_manual,MANUAL,,0,13.330281257629395,100.9979248046875,147.99838308691218,3,True,0.6570000052452087,1,0,0,0,0,0.0,0.0,0.0,0,0,nan,nan,nan,,nan,nan,nan,2,28,-,SELECT OWNER FIRST,
2026-07-09T14:26:00.328,312.328,mission_20260709_142048_manual,MANUAL,,0,13.330281257629395,100.9979248046875,148.00297297403444,3,True,0.659500002861023,1,0,0,0,0,0.0,0.0,0.0,0,0,nan,nan,nan,,nan,nan,nan,2,28,-,SELECT OWNER FIRST,
2026-07-09T14:26:02.386,314.386,mission_20260709_142048_manual,MANUAL,,0,13.330281257629395,100.9979248046875,147.98674444456648,3,True,0.6579999923706055,1,0,0,0,0,0.0,0.0,0.0,0,0,nan,nan,nan,,nan,nan,nan,2,28,-,SELECT OWNER FIRST,
2026-07-09T14:26:04.437,316.437,mission_20260709_142048_manual,MANUAL,,0,13.330281257629395,100.9979248046875,147.9844631613837,3,True,0.6589999794960022,1,0,0,0,0,0.0,0.0,0.0,0,0,nan,nan,nan,,nan,nan,nan,2,28,-,SELECT OWNER FIRST,
2026-07-09T14:26:06.581,318.581,mission_20260709_142048_manual,MANUAL,,0,13.330281257629395,100.9979248046875,147.99298723746787,3,True,0.6582499742507935,1,0,0,0,0,0.0,0.0,0.0,0,0,nan,nan,nan,,nan,nan,nan,2,28,-,SELECT OWNER FIRST,
2026-07-09T14:26:08.662,320.663,mission_20260709_142048_manual,MANUAL,,0,13.330280303955078,100.9979248046875,148.0021396909557,3,True,0.6585000157356262,1,0,0,0,0,0.0,0.0,0.0,0,0,nan,nan,nan,,nan,nan,nan,2,28,-,SELECT OWNER FIRST,
2026-07-09T14:26:10.763,322.764,mission_20260709_142048_manual,MANUAL,,0,13.330280303955078,100.9979248046875,148.00399750240993,3,True,0.6579999923706055,1,0,0,0,0,0.0,0.0,0.0,0,0,nan,nan,nan,,nan,nan,nan,2,27,-,SELECT OWNER FIRST,
2026-07-09T14:26:12.836,324.837,mission_20260709_142048_manual,MANUAL,,0,13.330279350280762,100.9979248046875,147.99850603031726,3,True,0.6587499976158142,1,0,0,0,0,0.0,0.0,0.0,0,0,nan,nan,nan,,nan,nan,nan,2,27,-,SELECT OWNER FIRST,
2026-07-09T14:26:14.912,326.912,mission_20260709_142048_manual,MANUAL,,0,13.330279350280762,100.9979248046875,147.99570565275755,3,True,0.6577500104904175,1,0,0,0,0,0.0,0.0,0.0,0,0,nan,nan,nan,,nan,nan,nan,2,27,-,SELECT OWNER FIRST,
2026-07-09T14:26:17.060,329.061,mission_20260709_142048_manual,MANUAL,,0,13.330278396606445,100.9979248046875,147.9872635389434,3,True,0.6587499976158142,1,0,0,0,0,0.0,0.0,0.0,0,0,nan,nan,nan,,nan,nan,nan,2,27,-,SELECT OWNER FIRST,
2026-07-09T14:26:19.113,331.113,mission_20260709_142048_manual,MANUAL,,0,13.330277442932129,100.9979248046875,147.9860614256495,3,True,0.6579999923706055,1,0,0,0,0,0.0,0.0,0.0,0,0,nan,nan,nan,,nan,nan,nan,2,27,-,SELECT OWNER FIRST,
2026-07-09T14:26:21.190,333.191,mission_20260709_142048_manual,MANUAL,,0,13.330277442932129,100.9979248046875,147.99627938864782,3,True,0.6587499976158142,1,0,0,0,0,0.0,0.0,0.0,0,0,nan,nan,nan,,nan,nan,nan,2,27,-,SELECT OWNER FIRST,
2026-07-09T14:26:23.251,335.251,mission_20260709_142048_manual,MANUAL,,0,13.330276489257812,100.9979248046875,148.00194844565894,3,True,0.659250020980835,1,0,0,0,0,0.0,0.0,0.0,0,0,nan,nan,nan,,nan,nan,nan,2,27,-,SELECT OWNER FIRST,
2026-07-09T14:26:25.375,337.375,mission_20260709_142048_manual,MANUAL,,0,13.330275535583496,100.99793243408203,148.00506301192047,3,True,0.6579999923706055,1,0,0,0,0,0.0,0.0,0.0,0,0,nan,nan,nan,,nan,nan,nan,2,27,-,SELECT OWNER FIRST,
2026-07-09T14:26:27.441,339.441,mission_20260709_142048_manual,MANUAL,,0,13.330275535583496,100.99793243408203,148.0100627103929,3,True,0.6587499976158142,1,0,0,0,0,0.0,0.0,0.0,0,0,nan,nan,nan,,nan,nan,nan,2,27,-,SELECT OWNER FIRST,
2026-07-09T14:26:29.576,341.577,mission_20260709_142048_manual,MANUAL,,0,13.33027458190918,100.99793243408203,148.00510399305549,3,True,0.6589999794960022,1,0,0,0,0,0.0,0.0,0.0,0,0,nan,nan,nan,,nan,nan,nan,2,27,-,SELECT OWNER FIRST,
2026-07-09T14:26:31.624,343.624,mission_20260709_142048_manual,MANUAL,,0,13.33027458190918,100.99793243408203,148.0158956919441,3,True,0.6575000286102295,1,0,0,0,0,0.0,0.0,0.0,0,0,nan,nan,nan,,nan,nan,nan,2,26,-,SELECT OWNER FIRST,
2026-07-09T14:26:33.668,345.668,mission_20260709_142048_manual,MANUAL,,0,13.330273628234863,100.99793243408203,148.03133191946833,3,True,0.6587499976158142,1,0,0,0,0,0.0,0.0,0.0,0,0,nan,nan,nan,,nan,nan,nan,2,26,-,SELECT OWNER FIRST,
2026-07-09T14:26:35.672,347.672,mission_20260709_142048_manual,MANUAL,,0,13.330272674560547,100.99793243408203,148.02319033397768,3,True,0.6577500104904175,1,0,0,0,0,0.0,0.0,0.0,0,0,nan,nan,nan,,nan,nan,nan,2,26,-,SELECT OWNER FIRST,
2026-07-09T14:26:37.731,349.732,mission_20260709_142048_manual,MANUAL,,0,13.33027172088623,100.99793243408203,148.02114127722666,3,True,0.6582499742507935,1,0,0,0,0,0.0,0.0,0.0,0,0,nan,nan,nan,,nan,nan,nan,2,25,-,SELECT OWNER FIRST,
2026-07-09T14:26:39.751,351.751,mission_20260709_142048_manual,MANUAL,,0,13.33027172088623,100.99794006347656,148.01612791837587,3,True,0.6579999923706055,1,0,0,0,0,0.0,0.0,0.0,0,0,nan,nan,nan,,nan,nan,nan,2,26,-,SELECT OWNER FIRST,
2026-07-09T14:26:41.878,353.879,mission_20260709_142048_manual,MANUAL,,0,13.330270767211914,100.99794006347656,148.02470663597342,3,True,0.6579999923706055,1,0,0,0,0,0.0,0.0,0.0,0,0,nan,nan,nan,,nan,nan,nan,2,27,-,SELECT OWNER FIRST,
2026-07-09T14:26:43.991,355.992,mission_20260709_142048_manual,MANUAL,,0,13.330269813537598,100.99794006347656,148.0362633160491,3,True,0.6587499976158142,1,0,0,0,0,0.0,0.0,0.0,0,0,nan,nan,nan,,nan,nan,nan,2,27,-,SELECT OWNER FIRST,
2026-07-09T14:26:46.064,358.065,mission_20260709_142048_manual,MANUAL,,0,13.330268859863281,100.99794006347656,148.0322061836821,3,True,0.6582499742507935,1,0,0,0,0,0.0,0.0,0.0,0,0,nan,nan,nan,,nan,nan,nan,2,28,-,SELECT OWNER FIRST,
2026-07-09T14:26:48.116,360.117,mission_20260709_142048_manual,MANUAL,,0,13.330268859863281,100.99794006347656,148.03181003271024,3,True,0.6582499742507935,1,0,0,0,0,0.0,0.0,0.0,0,0,nan,nan,nan,,nan,nan,nan,2,28,-,SELECT OWNER FIRST,
2026-07-09T14:26:50.220,362.221,mission_20260709_142048_manual,MANUAL,,0,13.330267906188965,100.99794006347656,148.03958278798572,3,True,0.6587499976158142,1,0,0,0,0,0.0,0.0,0.0,0,0,nan,nan,nan,,nan,nan,nan,2,28,-,SELECT OWNER FIRST,
2026-07-09T14:26:52.293,364.294,mission_20260709_142048_manual,MANUAL,,0,13.330267906188965,100.99794006347656,148.05202739265349,3,True,0.6585000157356262,1,0,0,0,0,0.0,0.0,0.0,0,0,nan,nan,nan,,nan,nan,nan,2,28,-,SELECT OWNER FIRST,
2026-07-09T14:26:54.385,366.385,mission_20260709_142048_manual,MANUAL,,0,13.330267906188965,100.99794006347656,148.05710905339595,3,True,0.6589999794960022,1,0,0,0,0,0.0,0.0,0.0,0,0,nan,nan,nan,,nan,nan,nan,2,28,-,SELECT OWNER FIRST,
2026-07-09T14:26:56.490,368.491,mission_20260709_142048_manual,MANUAL,,0,13.330267906188965,100.99794006347656,148.06120716689796,3,True,0.6582499742507935,1,0,0,0,0,0.0,0.0,0.0,0,0,nan,nan,nan,,nan,nan,nan,2,28,-,SELECT OWNER FIRST,
2026-07-09T14:26:58.568,370.569,mission_20260709_142048_manual,MANUAL,,0,13.330267906188965,100.9979476928711,148.05825652517652,3,True,0.6585000157356262,1,0,0,0,0,0.0,0.0,0.0,0,0,nan,nan,nan,,nan,nan,nan,2,28,-,SELECT OWNER FIRST,
2026-07-09T14:27:00.614,372.614,mission_20260709_142048_manual,MANUAL,,0,13.330267906188965,100.9979476928711,148.05783305344798,3,True,0.6585000157356262,1,0,0,0,0,0.0,0.0,0.0,0,0,nan,nan,nan,,nan,nan,nan,2,28,-,SELECT OWNER FIRST,
2026-07-09T14:27:02.670,374.671,mission_20260709_142048_manual,MANUAL,,0,13.330266952514648,100.9979476928711,148.0661932049921,3,True,0.6579999923706055,1,0,0,0,0,0.0,0.0,0.0,0,0,nan,nan,nan,,nan,nan,nan,2,29,-,SELECT OWNER FIRST,
2026-07-09T14:27:04.750,376.751,mission_20260709_142048_manual,MANUAL,,0,13.330266952514648,100.9979476928711,148.08048196073574,3,True,0.6582499742507935,1,0,0,0,0,0.0,0.0,0.0,0,0,nan,nan,nan,,nan,nan,nan,2,29,-,SELECT OWNER FIRST,
2026-07-09T14:27:06.884,378.884,mission_20260709_142048_manual,MANUAL,,0,13.330266952514648,100.9979476928711,148.08727116877074,3,True,0.6572499871253967,1,0,0,0,0,0.0,0.0,0.0,0,0,nan,nan,nan,,nan,nan,nan,2,29,-,SELECT OWNER FIRST,
2026-07-09T14:27:08.954,380.954,mission_20260709_142048_manual,MANUAL,,0,13.330267906188965,100.9979476928711,148.08997592368206,3,True,0.6577500104904175,1,0,0,0,0,0.0,0.0,0.0,0,0,nan,nan,nan,,nan,nan,nan,2,29,-,SELECT OWNER FIRST,
2026-07-09T14:27:11.053,383.053,mission_20260709_142048_manual,MANUAL,,0,13.330267906188965,100.9979476928711,148.0906726029774,3,True,0.6579999923706055,1,0,0,0,0,0.0,0.0,0.0,0,0,nan,nan,nan,,nan,nan,nan,2,28,-,SELECT OWNER FIRST,
2026-07-09T14:27:13.128,385.128,mission_20260709_142048_manual,MANUAL,,0,13.330268859863281,100.9979476928711,148.1005763772739,3,True,0.6582499742507935,1,0,0,0,0,0.0,0.0,0.0,0,0,nan,nan,nan,,nan,nan,nan,2,28,-,SELECT OWNER FIRST,
2026-07-09T14:27:15.227,387.227,mission_20260709_142048_manual,MANUAL,,0,13.330269813537598,100.9979476928711,148.1087589438996,3,True,0.6577500104904175,1,0,0,0,0,0.0,0.0,0.0,0,0,nan,nan,nan,,nan,nan,nan,2,28,-,SELECT OWNER FIRST,
2026-07-09T14:27:17.298,389.299,mission_20260709_142048_manual,MANUAL,,0,13.330269813537598,100.9979476928711,148.11948234089652,3,True,0.6587499976158142,1,0,0,0,0,0.0,0.0,0.0,0,0,nan,nan,nan,,nan,nan,nan,2,28,-,SELECT OWNER FIRST,
2026-07-09T14:27:19.432,391.433,mission_20260709_142048_manual,MANUAL,,0,13.330269813537598,100.9979476928711,148.11688686901192,3,True,0.6585000157356262,1,0,0,0,0,0.0,0.0,0.0,0,0,nan,nan,nan,,nan,nan,nan,2,28,-,SELECT OWNER FIRST,
2026-07-09T14:27:21.488,393.488,mission_20260709_142048_manual,MANUAL,,0,13.330270767211914,100.9979476928711,148.1060951701233,3,True,0.6579999923706055,1,0,0,0,0,0.0,0.0,0.0,0,0,nan,nan,nan,,nan,nan,nan,2,28,-,SELECT OWNER FIRST,
2026-07-09T14:27:23.519,395.519,mission_20260709_142048_manual,MANUAL,,0,13.330270767211914,100.9979476928711,148.09919667906158,3,True,0.6577500104904175,1,0,0,0,0,0.0,0.0,0.0,0,0,nan,nan,nan,,nan,nan,nan,2,29,-,SELECT OWNER FIRST,
2026-07-09T14:27:25.583,397.583,mission_20260709_142048_manual,MANUAL,,0,13.330270767211914,100.9979476928711,148.0919293577847,3,True,0.6587499976158142,1,0,0,0,0,0.0,0.0,0.0,0,0,nan,nan,nan,,nan,nan,nan,2,29,-,SELECT OWNER FIRST,
2026-07-09T14:27:27.661,399.661,mission_20260709_142048_manual,MANUAL,,0,13.330270767211914,100.9979476928711,148.086437885692,3,True,0.6585000157356262,1,0,0,0,0,0.0,0.0,0.0,0,0,nan,nan,nan,,nan,nan,nan,2,29,-,SELECT OWNER FIRST,
2026-07-09T14:27:29.737,401.737,mission_20260709_142048_manual,MANUAL,,0,13.33027172088623,100.9979476928711,148.0845937346161,3,True,0.6587499976158142,1,0,0,0,0,0.0,0.0,0.0,0,0,nan,nan,nan,,nan,nan,nan,2,29,-,SELECT OWNER FIRST,
2026-07-09T14:27:31.864,403.864,mission_20260709_142048_manual,MANUAL,,0,13.33027172088623,100.9979476928711,148.08427954591428,3,True,0.6589999794960022,1,0,0,0,0,0.0,0.0,0.0,0,0,nan,nan,nan,,nan,nan,nan,2,29,-,SELECT OWNER FIRST,
2026-07-09T14:27:33.903,405.904,mission_20260709_142048_manual,MANUAL,,0,13.330272674560547,100.9979476928711,148.10209267926967,3,True,0.6585000157356262,1,0,0,0,0,0.0,0.0,0.0,0,0,nan,nan,nan,,nan,nan,nan,2,29,-,SELECT OWNER FIRST,
2026-07-09T14:27:36.003,408.003,mission_20260709_142048_manual,MANUAL,,0,13.330272674560547,100.9979476928711,148.11069871762388,3,True,0.6589999794960022,1,0,0,0,0,0.0,0.0,0.0,0,0,nan,nan,nan,,nan,nan,nan,2,28,-,SELECT OWNER FIRST,
2026-07-09T14:27:38.071,410.072,mission_20260709_142048_manual,MANUAL,,0,13.330272674560547,100.9979476928711,148.1154115481512,3,True,0.6572499871253967,1,0,0,0,0,0.0,0.0,0.0,0,0,nan,nan,nan,,nan,nan,nan,2,28,-,SELECT OWNER FIRST,
2026-07-09T14:27:40.172,412.173,mission_20260709_142048_manual,MANUAL,,0,13.330272674560547,100.9979476928711,148.09885516960307,3,True,0.6575000286102295,1,0,0,0,0,0.0,0.0,0.0,0,0,nan,nan,nan,,nan,nan,nan,2,28,-,SELECT OWNER FIRST,
2026-07-09T14:27:42.272,414.272,mission_20260709_142048_manual,MANUAL,,0,13.330273628234863,100.9979476928711,148.1008769055974,3,True,0.6589999794960022,1,0,0,0,0,0.0,0.0,0.0,0,0,nan,nan,nan,,nan,nan,nan,2,29,-,SELECT OWNER FIRST,
2026-07-09T14:27:44.286,416.287,mission_20260709_142048_manual,MANUAL,,0,13.330273628234863,100.9979476928711,148.10822618914435,3,True,0.6585000157356262,1,0,0,0,0,0.0,0.0,0.0,0,0,nan,nan,nan,,nan,nan,nan,2,29,-,SELECT OWNER FIRST,
2026-07-09T14:27:46.393,418.394,mission_20260709_142048_manual,MANUAL,,0,13.330273628234863,100.9979476928711,148.10873162314292,3,True,0.6585000157356262,1,0,0,0,0,0.0,0.0,0.0,0,0,nan,nan,nan,,nan,nan,nan,2,28,-,SELECT OWNER FIRST,
2026-07-09T14:27:48.407,420.407,mission_20260709_142048_manual,MANUAL,,0,13.33027458190918,100.9979476928711,148.11366301972367,3,True,0.659250020980835,1,0,0,0,0,0.0,0.0,0.0,0,0,nan,nan,nan,,nan,nan,nan,2,29,-,SELECT OWNER FIRST,
2026-07-09T14:27:50.494,422.494,mission_20260709_142048_manual,MANUAL,,0,13.33027458190918,100.9979476928711,148.11216037810627,3,True,0.6585000157356262,1,0,0,0,0,0.0,0.0,0.0,0,0,nan,nan,nan,,nan,nan,nan,2,28,-,SELECT OWNER FIRST,
2026-07-09T14:27:52.552,424.553,mission_20260709_142048_manual,MANUAL,,0,13.330275535583496,100.9979476928711,148.11737864263216,3,True,0.6587499976158142,1,0,0,0,0,0.0,0.0,0.0,0,0,nan,nan,nan,,nan,nan,nan,2,28,-,SELECT OWNER FIRST,
2026-07-09T14:27:54.644,426.644,mission_20260709_142048_manual,MANUAL,,0,13.330275535583496,100.9979476928711,148.11942769938315,3,True,0.6589999794960022,1,0,0,0,0,0.0,0.0,0.0,0,0,nan,nan,nan,,nan,nan,nan,2,28,-,SELECT OWNER FIRST,
2026-07-09T14:27:56.745,428.746,mission_20260709_142048_manual,MANUAL,,0,13.330276489257812,100.9979476928711,148.12127185045907,3,True,0.6577500104904175,1,0,0,0,0,0.0,0.0,0.0,0,0,nan,nan,nan,,nan,nan,nan,2,28,-,SELECT OWNER FIRST,
2026-07-09T14:27:58.809,430.809,mission_20260709_142048_manual,MANUAL,,0,13.330277442932129,100.9979476928711,148.1289353227078,3,True,0.6577500104904175,1,0,0,0,0,0.0,0.0,0.0,0,0,nan,nan,nan,,nan,nan,nan,2,27,-,SELECT OWNER FIRST,
2026-07-09T14:28:00.889,432.89,mission_20260709_142048_manual,MANUAL,,0,13.330279350280762,100.9979476928711,148.12595736022968,3,True,0.6585000157356262,1,0,0,0,0,0.0,0.0,0.0,0,0,nan,nan,nan,,nan,nan,nan,2,26,-,SELECT OWNER FIRST,
2026-07-09T14:28:02.991,434.991,mission_20260709_142048_manual,MANUAL,,0,13.330280303955078,100.9979476928711,148.12603932249974,3,True,0.6582499742507935,1,0,0,0,0,0.0,0.0,0.0,0,0,nan,nan,nan,,nan,nan,nan,2,26,-,SELECT OWNER FIRST,
2026-07-09T14:28:05.085,437.086,mission_20260709_142048_manual,MANUAL,,0,13.330281257629395,100.9979476928711,148.13332030415495,3,True,0.6579999923706055,1,0,0,0,0,0.0,0.0,0.0,0,0,nan,nan,nan,,nan,nan,nan,2,26,-,SELECT OWNER FIRST,
2026-07-09T14:28:07.181,439.182,mission_20260709_142048_manual,MANUAL,,0,13.330282211303711,100.9979476928711,148.13072483227035,3,True,0.6579999923706055,1,0,0,0,0,0.0,0.0,0.0,0,0,nan,nan,nan,,nan,nan,nan,2,27,-,SELECT OWNER FIRST,
2026-07-09T14:28:09.332,441.332,mission_20260709_142048_manual,MANUAL,,0,13.330282211303711,100.99795532226562,148.12726875655034,3,True,0.6585000157356262,1,0,0,0,0,0.0,0.0,0.0,0,0,nan,nan,nan,,nan,nan,nan,2,28,-,SELECT OWNER FIRST,
2026-07-09T14:28:11.419,443.42,mission_20260709_142048_manual,MANUAL,,0,13.330282211303711,100.99795532226562,148.1205615107854,3,True,0.6579999923706055,1,0,0,0,0,0.0,0.0,0.0,0,0,nan,nan,nan,,nan,nan,nan,2,28,-,SELECT OWNER FIRST,
2026-07-09T14:28:13.528,445.528,mission_20260709_142048_manual,MANUAL,,0,13.330282211303711,100.99795532226562,148.11598528404147,3,True,0.6579999923706055,1,0,0,0,0,0.0,0.0,0.0,0,0,nan,nan,nan,,nan,nan,nan,2,28,-,SELECT OWNER FIRST,
2026-07-09T14:28:15.624,447.624,mission_20260709_142048_manual,MANUAL,,0,13.330282211303711,100.99795532226562,148.10791200044252,3,True,0.6582499742507935,1,0,0,0,0,0.0,0.0,0.0,0,0,nan,nan,nan,,nan,nan,nan,2,28,-,SELECT OWNER FIRST,
2026-07-09T14:28:17.757,449.757,mission_20260709_142048_manual,MANUAL,,0,13.330283164978027,100.99795532226562,148.09788528274095,3,True,0.6585000157356262,1,0,0,0,0,0.0,0.0,0.0,0,0,nan,nan,nan,,nan,nan,nan,2,29,-,SELECT OWNER FIRST,
2026-07-09T14:28:19.831,451.831,mission_20260709_142048_manual,MANUAL,,0,13.330283164978027,100.99795532226562,148.08844596130797,3,True,0.6587499976158142,1,0,0,0,0,0.0,0.0,0.0,0,0,nan,nan,nan,,nan,nan,nan,2,29,-,SELECT OWNER FIRST,
2026-07-09T14:28:21.955,453.955,mission_20260709_142048_manual,MANUAL,,0,13.330284118652344,100.99795532226562,148.08325501753876,3,True,0.6579999923706055,1,0,0,0,0,0.0,0.0,0.0,0,0,nan,nan,nan,,nan,nan,nan,2,29,-,SELECT OWNER FIRST,
2026-07-09T14:28:24.031,456.032,mission_20260709_142048_manual,MANUAL,,0,13.330284118652344,100.99795532226562,148.09451116929094,3,True,0.6579999923706055,1,0,0,0,0,0.0,0.0,0.0,0,0,nan,nan,nan,,nan,nan,nan,2,29,-,SELECT OWNER FIRST,
2026-07-09T14:28:26.092,458.093,mission_20260709_142048_manual,MANUAL,,0,13.33028507232666,100.99795532226562,148.0998796979786,3,True,0.6585000157356262,1,0,0,0,0,0.0,0.0,0.0,0,0,nan,nan,nan,,nan,nan,nan,2,29,-,SELECT OWNER FIRST,
2026-07-09T14:28:28.150,460.15,mission_20260709_142048_manual,MANUAL,,0,13.330286026000977,100.99795532226562,148.10184679245955,3,True,0.6582499742507935,1,0,0,0,0,0.0,0.0,0.0,0,0,nan,nan,nan,,nan,nan,nan,2,29,-,SELECT OWNER FIRST,
2026-07-09T14:28:30.212,462.213,mission_20260709_142048_manual,MANUAL,,0,13.330286979675293,100.99795532226562,148.1148651330176,3,True,0.659250020980835,1,0,0,0,0,0.0,0.0,0.0,0,0,nan,nan,nan,,nan,nan,nan,2,29,-,SELECT OWNER FIRST,
2026-07-09T14:28:32.287,464.288,mission_20260709_142048_manual,MANUAL,,0,13.33028793334961,100.99795532226562,148.10934634016823,3,True,0.6575000286102295,1,0,0,0,0,0.0,0.0,0.0,0,0,nan,nan,nan,,nan,nan,nan,2,29,-,SELECT OWNER FIRST,
2026-07-09T14:28:34.388,466.388,mission_20260709_142048_manual,MANUAL,,0,13.33028793334961,100.99795532226562,148.11213305734958,3,True,0.6570000052452087,1,0,0,0,0,0.0,0.0,0.0,0,0,nan,nan,nan,,nan,nan,nan,2,29,-,SELECT OWNER FIRST,
2026-07-09T14:28:36.437,468.437,mission_20260709_142048_manual,MANUAL,,0,13.330288887023926,100.99795532226562,148.11778845398234,3,True,0.6575000286102295,1,0,0,0,0,0.0,0.0,0.0,0,0,nan,nan,nan,,nan,nan,nan,2,29,-,SELECT OWNER FIRST,
2026-07-09T14:28:38.476,470.476,mission_20260709_142048_manual,MANUAL,,0,13.330289840698242,100.99795532226562,148.12276083169812,3,True,0.6589999794960022,1,0,0,0,0,0.0,0.0,0.0,0,0,nan,nan,nan,,nan,nan,nan,2,29,-,SELECT OWNER FIRST,
2026-07-09T14:28:40.530,472.531,mission_20260709_142048_manual,MANUAL,,0,13.330289840698242,100.99795532226562,148.12218709580785,3,True,0.6585000157356262,1,0,0,0,0,0.0,0.0,0.0,0,0,nan,nan,nan,,nan,nan,nan,2,29,-,SELECT OWNER FIRST,
2026-07-09T14:28:42.593,474.593,mission_20260709_142048_manual,MANUAL,,0,13.330288887023926,100.99795532226562,148.12233735996958,3,True,0.6570000052452087,1,0,0,0,0,0.0,0.0,0.0,0,0,nan,nan,nan,,nan,nan,nan,2,29,-,SELECT OWNER FIRST,
2026-07-09T14:28:44.660,476.66,mission_20260709_142048_manual,MANUAL,,0,13.330288887023926,100.99795532226562,148.1189359257629,3,True,0.6575000286102295,1,0,0,0,0,0.0,0.0,0.0,0,0,nan,nan,nan,,nan,nan,nan,2,29,-,SELECT OWNER FIRST,
2026-07-09T14:28:46.778,478.779,mission_20260709_142048_manual,MANUAL,,0,13.33028793334961,100.99795532226562,148.11997411451676,3,True,0.6572499871253967,1,0,0,0,0,0.0,0.0,0.0,0,0,nan,nan,nan,,nan,nan,nan,2,29,-,SELECT OWNER FIRST,
2026-07-09T14:28:48.851,480.851,mission_20260709_142048_manual,MANUAL,,0,13.33028793334961,100.99795532226562,148.11187351016113,3,True,0.6579999923706055,1,0,0,0,0,0.0,0.0,0.0,0,0,nan,nan,nan,,nan,nan,nan,2,29,-,SELECT OWNER FIRST,
2026-07-09T14:28:50.923,482.923,mission_20260709_142048_manual,MANUAL,,0,13.33028793334961,100.99795532226562,148.1149744160443,3,True,0.6577500104904175,1,0,0,0,0,0.0,0.0,0.0,0,0,nan,nan,nan,,nan,nan,nan,2,29,-,SELECT OWNER FIRST,
2026-07-09T14:28:53.002,485.002,mission_20260709_142048_manual,MANUAL,,0,13.33028793334961,100.99795532226562,148.117733812469,3,True,0.659500002861023,1,0,0,0,0,0.0,0.0,0.0,0,0,nan,nan,nan,,nan,nan,nan,2,29,-,SELECT OWNER FIRST,
2026-07-09T14:28:55.098,487.098,mission_20260709_142048_manual,MANUAL,,0,13.330286979675293,100.99795532226562,148.11359471783197,3,True,0.65625,1,0,0,0,0,0.0,0.0,0.0,0,0,nan,nan,nan,,nan,nan,nan,2,28,-,SELECT OWNER FIRST,
2026-07-09T14:28:57.104,489.105,mission_20260709_142048_manual,MANUAL,,0,13.330286979675293,100.99795532226562,148.1033357736986,3,True,0.6577500104904175,1,0,0,0,0,0.0,0.0,0.0,0,0,nan,nan,nan,,nan,nan,nan,2,28,-,SELECT OWNER FIRST,
2026-07-09T14:28:59.161,491.161,mission_20260709_142048_manual,MANUAL,,0,13.330286026000977,100.99795532226562,148.09363690507718,3,True,0.6579999923706055,1,0,0,0,0,0.0,0.0,0.0,0,0,nan,nan,nan,,nan,nan,nan,2,28,-,SELECT OWNER FIRST,
2026-07-09T14:29:01.244,493.245,mission_20260709_142048_manual,MANUAL,,0,13.33028507232666,100.99795532226562,148.08378777229404,3,True,0.6579999923706055,1,0,0,0,0,0.0,0.0,0.0,0,0,nan,nan,nan,,nan,nan,nan,2,29,-,SELECT OWNER FIRST,
2026-07-09T14:29:03.258,495.258,mission_20260709_142048_manual,MANUAL,,0,13.33028507232666,100.99795532226562,148.08184799856974,3,True,0.6582499742507935,1,0,0,0,0,0.0,0.0,0.0,0,0,nan,nan,nan,,nan,nan,nan,2,29,-,SELECT OWNER FIRST,
2026-07-09T14:29:05.356,497.356,mission_20260709_142048_manual,MANUAL,,0,13.33028507232666,100.99795532226562,148.08993494254705,3,True,0.6582499742507935,1,0,0,0,0,0.0,0.0,0.0,0,0,nan,nan,nan,,nan,nan,nan,2,29,-,SELECT OWNER FIRST,
2026-07-09T14:29:07.493,499.493,mission_20260709_142048_manual,MANUAL,,0,13.330284118652344,100.99795532226562,148.08195728159646,3,True,0.6579999923706055,1,0,0,0,0,0.0,0.0,0.0,0,0,nan,nan,nan,,nan,nan,nan,2,29,-,SELECT OWNER FIRST,
2026-07-09T14:29:09.495,501.495,mission_20260709_142048_manual,MANUAL,,0,13.330283164978027,100.99795532226562,148.07273652621694,3,True,0.6579999923706055,1,0,0,0,0,0.0,0.0,0.0,0,0,nan,nan,nan,,nan,nan,nan,2,29,-,SELECT OWNER FIRST,
2026-07-09T14:29:11.597,503.597,mission_20260709_142048_manual,MANUAL,,0,13.330283164978027,100.99795532226562,148.06030558192754,4,True,0.6575000286102295,1,0,0,0,0,0.0,0.0,0.0,0,0,nan,nan,nan,,nan,nan,nan,2,29,-,SELECT OWNER FIRST,
2026-07-09T14:29:13.645,505.646,mission_20260709_142048_manual,MANUAL,,0,13.330282211303711,100.99795532226562,148.04902210941867,4,True,0.6585000157356262,1,0,0,0,0,0.0,0.0,0.0,0,0,nan,nan,nan,,nan,nan,nan,2,29,-,SELECT OWNER FIRST,
2026-07-09T14:29:15.772,507.772,mission_20260709_142048_manual,MANUAL,,0,13.330281257629395,100.9979476928711,148.03437818383816,4,True,0.6582499742507935,1,0,0,0,0,0.0,0.0,0.0,0,0,nan,nan,nan,,nan,nan,nan,2,29,-,SELECT OWNER FIRST,
2026-07-09T14:29:17.862,509.862,mission_20260709_142048_manual,MANUAL,,0,13.330280303955078,100.9979476928711,148.03573056129383,4,True,0.6587499976158142,1,0,0,0,0,0.0,0.0,0.0,0,0,nan,nan,nan,,nan,nan,nan,2,30,-,SELECT OWNER FIRST,
2026-07-09T14:29:19.946,511.946,mission_20260709_142048_manual,MANUAL,,0,13.330279350280762,100.9979476928711,148.040156523876,4,True,0.6572499871253967,1,0,0,0,0,0.0,0.0,0.0,0,0,nan,nan,nan,,nan,nan,nan,2,29,-,SELECT OWNER FIRST,
2026-07-09T14:29:21.998,513.998,mission_20260709_142048_manual,MANUAL,,0,13.330278396606445,100.9979476928711,148.0309084477398,4,True,0.6579999923706055,1,0,0,0,0,0.0,0.0,0.0,0,0,nan,nan,nan,,nan,nan,nan,2,29,-,SELECT OWNER FIRST,
2026-07-09T14:29:24.135,516.136,mission_20260709_142048_manual,MANUAL,,0,13.330277442932129,100.9979476928711,148.01791742793841,4,True,0.6585000157356262,1,0,0,0,0,0.0,0.0,0.0,0,0,nan,nan,nan,,nan,nan,nan,2,29,-,SELECT OWNER FIRST,
2026-07-09T14:29:26.230,518.23,mission_20260709_142048_manual,MANUAL,,0,13.330277442932129,100.9979476928711,148.01935176766412,4,True,0.659250020980835,1,0,0,0,0,0.0,0.0,0.0,0,0,nan,nan,nan,,nan,nan,nan,2,29,-,SELECT OWNER FIRST,
2026-07-09T14:29:28.330,520.331,mission_20260709_142048_manual,MANUAL,,0,13.330277442932129,100.9979476928711,148.02577214548396,4,True,0.6587499976158142,1,0,0,0,0,0.0,0.0,0.0,0,0,nan,nan,nan,,nan,nan,nan,2,29,-,SELECT OWNER FIRST,
2026-07-09T14:29:30.361,522.362,mission_20260709_142048_manual,MANUAL,,0,13.330276489257812,100.9979476928711,148.03429622156813,4,True,0.6577500104904175,1,0,0,0,0,0.0,0.0,0.0,0,0,nan,nan,nan,,nan,nan,nan,2,29,-,SELECT OWNER FIRST,
2026-07-09T14:29:32.459,524.459,mission_20260709_142048_manual,MANUAL,,0,13.330276489257812,100.9979476928711,148.04495131667335,4,True,0.6579999923706055,1,0,0,0,0,0.0,0.0,0.0,0,0,nan,nan,nan,,nan,nan,nan,2,29,-,SELECT OWNER FIRST,
2026-07-09T14:29:34.561,526.562,mission_20260709_142048_manual,MANUAL,,0,13.330275535583496,100.9979476928711,148.0442819581347,4,True,0.6582499742507935,1,0,0,0,0,0.0,0.0,0.0,0,0,nan,nan,nan,,nan,nan,nan,2,29,-,SELECT OWNER FIRST,
2026-07-09T14:29:36.563,528.564,mission_20260709_142048_manual,MANUAL,,0,13.33027458190918,100.9979476928711,148.040156523876,4,True,0.6579999923706055,1,0,0,0,0,0.0,0.0,0.0,0,0,nan,nan,nan,,nan,nan,nan,2,29,-,SELECT OWNER FIRST,
2026-07-09T14:29:38.643,530.644,mission_20260709_142048_manual,MANUAL,,0,13.33027458190918,100.9979476928711,148.04506059970007,4,True,0.6589999794960022,1,0,0,0,0,0.0,0.0,0.0,0,0,nan,nan,nan,,nan,nan,nan,2,29,-,SELECT OWNER FIRST,
2026-07-09T14:29:40.770,532.771,mission_20260709_142048_manual,MANUAL,,0,13.33027458190918,100.9979476928711,148.03980135403916,4,True,0.6582499742507935,1,0,0,0,0,0.0,0.0,0.0,0,0,nan,nan,nan,,nan,nan,nan,2,29,-,SELECT OWNER FIRST,
2026-07-09T14:29:42.876,534.876,mission_20260709_142048_manual,MANUAL,,0,13.330273628234863,100.9979476928711,148.03075818357806,4,True,0.6582499742507935,1,0,0,0,0,0.0,0.0,0.0,0,0,nan,nan,nan,,nan,nan,nan,2,29,-,SELECT OWNER FIRST,
2026-07-09T14:29:44.933,536.934,mission_20260709_142048_manual,MANUAL,,0,13.330273628234863,100.9979476928711,148.02552625867384,4,True,0.6579999923706055,1,0,0,0,0,0.0,0.0,0.0,0,0,nan,nan,nan,,nan,nan,nan,2,30,-,SELECT OWNER FIRST,
2026-07-09T14:29:47.022,539.023,mission_20260709_142048_manual,MANUAL,,0,13.330272674560547,100.9979476928711,148.0257994662406,4,True,0.6579999923706055,1,0,0,0,0,0.0,0.0,0.0,0,0,nan,nan,nan,,nan,nan,nan,2,30,-,SELECT OWNER FIRST,
2026-07-09T14:29:49.166,541.167,mission_20260709_142048_manual,MANUAL,,0,13.33027172088623,100.9979476928711,148.0299249004993,4,True,0.6585000157356262,1,0,0,0,0,0.0,0.0,0.0,0,0,nan,nan,nan,,nan,nan,nan,2,30,-,SELECT OWNER FIRST,
2026-07-09T14:29:51.226,543.226,mission_20260709_142048_manual,MANUAL,,0,13.330270767211914,100.9979476928711,148.02713818331796,4,True,0.6582499742507935,1,0,0,0,0,0.0,0.0,0.0,0,0,nan,nan,nan,,nan,nan,nan,2,30,-,SELECT OWNER FIRST,
2026-07-09T14:29:53.289,545.29,mission_20260709_142048_manual,MANUAL,,0,13.330269813537598,100.9979476928711,148.02461101332503,4,True,0.6589999794960022,1,0,0,0,0,0.0,0.0,0.0,0,0,nan,nan,nan,,nan,nan,nan,2,29,-,SELECT OWNER FIRST,
2026-07-09T14:29:55.317,547.317,mission_20260709_142048_manual,MANUAL,,0,13.330268859863281,100.9979476928711,148.034009353623,4,True,0.6589999794960022,1,0,0,0,0,0.0,0.0,0.0,0,0,nan,nan,nan,,nan,nan,nan,2,29,-,SELECT OWNER FIRST,
2026-07-09T14:29:57.319,549.319,mission_20260709_142048_manual,MANUAL,,0,13.330267906188965,100.99794006347656,148.03713758026285,4,True,0.6587499976158142,1,0,0,0,0,0.0,0.0,0.0,0,0,nan,nan,nan,,nan,nan,nan,2,29,-,SELECT OWNER FIRST,
2026-07-09T14:29:59.355,551.356,mission_20260709_142048_manual,MANUAL,,0,13.330266952514648,100.99794006347656,148.0481478452049,4,True,0.6587499976158142,1,0,0,0,0,0.0,0.0,0.0,0,0,nan,nan,nan,,nan,nan,nan,2,29,-,SELECT OWNER FIRST,
2026-07-09T14:30:01.357,553.358,mission_20260709_142048_manual,MANUAL,,0,13.330265998840332,100.99794006347656,148.05889856295852,4,True,0.6585000157356262,1,0,0,0,0,0.0,0.0,0.0,0,0,nan,nan,nan,,nan,nan,nan,2,29,-,SELECT OWNER FIRST,
2026-07-09T14:30:03.432,555.433,mission_20260709_142048_manual,MANUAL,,0,13.330265045166016,100.99794006347656,148.06941705428034,4,True,0.6587499976158142,1,0,0,0,0,0.0,0.0,0.0,0,0,nan,nan,nan,,nan,nan,nan,2,29,-,SELECT OWNER FIRST,
2026-07-09T14:30:05.560,557.56,mission_20260709_142048_manual,MANUAL,,0,13.3302640914917,100.99794006347656,148.07830996057967,4,True,0.6585000157356262,1,0,0,0,0,0.0,0.0,0.0,0,0,nan,nan,nan,,nan,nan,nan,2,29,-,SELECT OWNER FIRST,
2026-07-09T14:30:07.628,559.628,mission_20260709_142048_manual,MANUAL,,0,13.3302640914917,100.99794006347656,148.086478866827,4,True,0.6585000157356262,1,0,0,0,0,0.0,0.0,0.0,0,0,nan,nan,nan,,nan,nan,nan,2,29,-,SELECT OWNER FIRST,
2026-07-09T14:30:09.715,561.716,mission_20260709_142048_manual,MANUAL,,0,13.330263137817383,100.99794006347656,148.10188777359457,4,True,0.6579999923706055,1,0,0,0,0,0.0,0.0,0.0,0,0,nan,nan,nan,,nan,nan,nan,2,29,-,SELECT OWNER FIRST,
2026-07-09T14:30:11.810,563.81,mission_20260709_142048_manual,MANUAL,,0,13.330262184143066,100.99794006347656,148.12057517116372,4,True,0.6589999794960022,1,0,0,0,0,0.0,0.0,0.0,0,0,nan,nan,nan,,nan,nan,nan,2,29,-,SELECT OWNER FIRST,
2026-07-09T14:30:13.949,565.95,mission_20260709_142048_manual,MANUAL,,0,13.330262184143066,100.99794006347656,148.11788407663073,4,True,0.6585000157356262,1,0,0,0,0,0.0,0.0,0.0,0,0,nan,nan,nan,,nan,nan,nan,2,29,-,SELECT OWNER FIRST,
2026-07-09T14:30:15.984,567.985,mission_20260709_142048_manual,MANUAL,,0,13.33026123046875,100.99794006347656,148.1042920001824,4,True,0.6577500104904175,1,0,0,0,0,0.0,0.0,0.0,0,0,nan,nan,nan,,nan,nan,nan,2,29,-,SELECT OWNER FIRST,
2026-07-09T14:30:18.060,570.061,mission_20260709_142048_manual,MANUAL,,0,13.330262184143066,100.99794006347656,148.09430626361586,4,True,0.6577500104904175,1,0,0,0,0,0.0,0.0,0.0,0,0,nan,nan,nan,,nan,nan,nan,2,29,-,SELECT OWNER FIRST,
2026-07-09T14:30:20.172,572.172,mission_20260709_142048_manual,MANUAL,,0,13.330263137817383,100.99794006347656,148.09593184863832,4,True,0.6577500104904175,1,0,0,0,0,0.0,0.0,0.0,0,0,nan,nan,nan,,nan,nan,nan,2,29,-,SELECT OWNER FIRST,
2026-07-09T14:30:22.267,574.268,mission_20260709_142048_manual,MANUAL,,0,13.330263137817383,100.99794006347656,148.09136928227275,4,True,0.6575000286102295,1,0,0,0,0,0.0,0.0,0.0,0,0,nan,nan,nan,,nan,nan,nan,2,29,-,SELECT OWNER FIRST,
2026-07-09T14:30:24.367,576.368,mission_20260709_142048_manual,MANUAL,,0,13.330263137817383,100.99794006347656,148.08815909336283,4,True,0.6579999923706055,1,0,0,0,0,0.0,0.0,0.0,0,0,nan,nan,nan,,nan,nan,nan,2,29,-,SELECT OWNER FIRST,
2026-07-09T14:30:26.376,578.377,mission_20260709_142048_manual,MANUAL,,0,13.3302640914917,100.99794006347656,148.08985298027702,4,True,0.6579999923706055,1,0,0,0,0,0.0,0.0,0.0,0,0,nan,nan,nan,,nan,nan,nan,2,29,-,SELECT OWNER FIRST,
2026-07-09T14:30:28.452,580.452,mission_20260709_142048_manual,MANUAL,,0,13.3302640914917,100.99794006347656,148.09847267900955,4,True,0.6589999794960022,1,0,0,0,0,0.0,0.0,0.0,0,0,nan,nan,nan,,nan,nan,nan,2,29,-,SELECT OWNER FIRST,
2026-07-09T14:30:30.532,582.533,mission_20260709_142048_manual,MANUAL,,0,13.330265045166016,100.99794006347656,148.10808958536094,4,True,0.6582499742507935,1,0,0,0,0,0.0,0.0,0.0,0,0,nan,nan,nan,,nan,nan,nan,2,29,-,SELECT OWNER FIRST,
2026-07-09T14:30:32.602,584.602,mission_20260709_142048_manual,MANUAL,,0,13.330265998840332,100.99794006347656,148.1141821141006,4,True,0.6575000286102295,1,0,0,0,0,0.0,0.0,0.0,0,0,nan,nan,nan,,nan,nan,nan,2,29,-,SELECT OWNER FIRST,
2026-07-09T14:30:34.675,586.676,mission_20260709_142048_manual,MANUAL,,0,13.330265998840332,100.99794006347656,148.1214904165125,4,True,0.6575000286102295,1,0,0,0,0,0.0,0.0,0.0,0,0,nan,nan,nan,,nan,nan,nan,2,29,-,SELECT OWNER FIRST,
2026-07-09T14:30:36.780,588.78,mission_20260709_142048_manual,MANUAL,,0,13.330266952514648,100.99794006347656,148.1175015860372,4,True,0.6579999923706055,1,0,0,0,0,0.0,0.0,0.0,0,0,nan,nan,nan,,nan,nan,nan,2,29,-,SELECT OWNER FIRST,
2026-07-09T14:30:38.846,590.847,mission_20260709_142048_manual,MANUAL,,0,13.330267906188965,100.99794006347656,148.10793932119918,4,True,0.6570000052452087,1,0,0,0,0,0.0,0.0,0.0,0,0,nan,nan,nan,,nan,nan,nan,2,30,-,SELECT OWNER FIRST,
2026-07-09T14:30:40.865,592.865,mission_20260709_142048_manual,MANUAL,,0,13.330269813537598,100.99794006347656,148.12095766175725,4,True,0.6585000157356262,1,0,0,0,0,0.0,0.0,0.0,0,0,nan,nan,nan,,nan,nan,nan,2,31,-,SELECT OWNER FIRST,
2026-07-09T14:30:42.935,594.935,mission_20260709_142048_manual,MANUAL,,0,13.330270767211914,100.99794006347656,148.12776053017058,4,True,0.6575000286102295,1,0,0,0,0,0.0,0.0,0.0,0,0,nan,nan,nan,,nan,nan,nan,2,31,-,SELECT OWNER FIRST,
2026-07-09T14:30:45.016,597.016,mission_20260709_142048_manual,MANUAL,,0,13.33027172088623,100.99794006347656,148.11974188808497,4,True,0.6579999923706055,1,0,0,0,0,0.0,0.0,0.0,0,0,nan,nan,nan,,nan,nan,nan,2,31,-,SELECT OWNER FIRST,
2026-07-09T14:30:47.123,599.123,mission_20260709_142048_manual,MANUAL,,0,13.330272674560547,100.99794006347656,148.10405977375063,4,True,0.6579999923706055,1,0,0,0,0,0.0,0.0,0.0,0,0,nan,nan,nan,,nan,nan,nan,2,31,-,SELECT OWNER FIRST,
2026-07-09T14:30:49.224,601.224,mission_20260709_142048_manual,MANUAL,,0,13.330272674560547,100.99794006347656,148.0984863393879,4,True,0.6575000286102295,1,0,0,0,0,0.0,0.0,0.0,0,0,nan,nan,nan,,nan,nan,nan,2,31,-,SELECT OWNER FIRST,
2026-07-09T14:30:51.352,603.353,mission_20260709_142048_manual,MANUAL,,0,13.330273628234863,100.99793243408203,148.0954537353964,4,True,0.6589999794960022,1,0,0,0,0,0.0,0.0,0.0,0,0,nan,nan,nan,,nan,nan,nan,2,31,-,SELECT OWNER FIRST,
2026-07-09T14:30:53.405,605.406,mission_20260709_142048_manual,MANUAL,,0,13.330275535583496,100.99793243408203,148.08908799908997,4,True,0.6582499742507935,1,0,0,0,0,0.0,0.0,0.0,0,0,nan,nan,nan,,nan,nan,nan,2,31,-,SELECT OWNER FIRST,
2026-07-09T14:30:55.469,607.47,mission_20260709_142048_manual,MANUAL,,0,13.330275535583496,100.99793243408203,148.09314513145694,4,True,0.6582499742507935,1,0,0,0,0,0.0,0.0,0.0,0,0,nan,nan,nan,,nan,nan,nan,2,31,-,SELECT OWNER FIRST,
2026-07-09T14:30:57.547,609.547,mission_20260709_142048_manual,MANUAL,,0,13.330276489257812,100.99793243408203,148.1200560767868,4,True,0.6589999794960022,1,0,0,0,0,0.0,0.0,0.0,0,0,nan,nan,nan,,nan,nan,nan,2,31,-,SELECT OWNER FIRST,
2026-07-09T14:30:59.670,611.671,mission_20260709_142048_manual,MANUAL,,0,13.330277442932129,100.99793243408203,148.1343584929088,4,True,0.6575000286102295,1,0,0,0,0,0.0,0.0,0.0,0,0,nan,nan,nan,,nan,nan,nan,2,31,-,SELECT OWNER FIRST,
2026-07-09T14:31:01.750,613.75,mission_20260709_142048_manual,MANUAL,,0,13.330277442932129,100.99793243408203,148.1442212860703,4,True,0.6577500104904175,1,0,0,0,0,0.0,0.0,0.0,0,0,nan,nan,nan,,nan,nan,nan,2,31,-,SELECT OWNER FIRST,
2026-07-09T14:31:03.892,615.892,mission_20260709_142048_manual,MANUAL,,0,13.330278396606445,100.99793243408203,148.15844173992227,4,True,0.6585000157356262,1,0,0,0,0,0.0,0.0,0.0,0,0,nan,nan,nan,,nan,nan,nan,2,31,-,SELECT OWNER FIRST,
2026-07-09T14:31:05.981,617.981,mission_20260709_142048_manual,MANUAL,,0,13.330278396606445,100.99793243408203,148.17756626959832,4,True,0.6575000286102295,1,0,0,0,0,0.0,0.0,0.0,0,0,nan,nan,nan,,nan,nan,nan,2,31,-,SELECT OWNER FIRST,
2026-07-09T14:31:08.054,620.055,mission_20260709_142048_manual,MANUAL,,0,13.330279350280762,100.99793243408203,148.19475102555006,4,True,0.6587499976158142,1,0,0,0,0,0.0,0.0,0.0,0,0,nan,nan,nan,,nan,nan,nan,2,31,-,SELECT OWNER FIRST,
2026-07-09T14:31:10.149,622.149,mission_20260709_142048_manual,MANUAL,,0,13.330279350280762,100.99793243408203,148.2092310265905,4,True,0.6587499976158142,1,0,0,0,0,0.0,0.0,0.0,0,0,nan,nan,nan,,nan,nan,nan,2,31,-,SELECT OWNER FIRST,
2026-07-09T14:31:12.226,624.227,mission_20260709_142048_manual,MANUAL,,0,13.330279350280762,100.99793243408203,148.23212582068837,4,True,0.6589999794960022,1,0,0,0,0,0.0,0.0,0.0,0,0,nan,nan,nan,,nan,nan,nan,2,31,-,SELECT OWNER FIRST,
2026-07-09T14:31:14.291,626.292,mission_20260709_142048_manual,MANUAL,,0,13.330278396606445,100.99793243408203,148.2390652928851,4,True,0.6579999923706055,1,0,0,0,0,0.0,0.0,0.0,0,0,nan,nan,nan,,nan,nan,nan,2,30,-,SELECT OWNER FIRST,
2026-07-09T14:31:16.419,628.419,mission_20260709_142048_manual,MANUAL,,0,13.330278396606445,100.99793243408203,148.24929691626178,4,True,0.6587499976158142,1,0,0,0,0,0.0,0.0,0.0,0,0,nan,nan,nan,,nan,nan,nan,2,31,-,SELECT OWNER FIRST,
2026-07-09T14:31:18.420,630.421,mission_20260709_142048_manual,MANUAL,,0,13.330278396606445,100.9979248046875,148.24881880301987,4,True,0.6575000286102295,1,0,0,0,0,0.0,0.0,0.0,0,0,nan,nan,nan,,nan,nan,nan,2,30,-,SELECT OWNER FIRST,
2026-07-09T14:31:20.423,632.423,mission_20260709_142048_manual,MANUAL,,0,13.330279350280762,100.9979248046875,148.24996627480044,4,True,0.6585000157356262,1,0,0,0,0,0.0,0.0,0.0,0,0,nan,nan,nan,,nan,nan,nan,2,30,-,SELECT OWNER FIRST,
2026-07-09T14:31:22.485,634.485,mission_20260709_142048_manual,MANUAL,,0,13.330279350280762,100.9979248046875,148.24749374632088,4,True,0.6589999794960022,1,0,0,0,0,0.0,0.0,0.0,0,0,nan,nan,nan,,nan,nan,nan,2,31,-,SELECT OWNER FIRST,
2026-07-09T14:31:24.546,636.547,mission_20260709_142048_manual,MANUAL,,0,13.330280303955078,100.9979248046875,148.24812212372453,4,True,0.6587499976158142,1,0,0,0,0,0.0,0.0,0.0,0,0,nan,nan,nan,,nan,nan,nan,2,31,-,SELECT OWNER FIRST,
2026-07-09T14:31:26.620,638.621,mission_20260709_142048_manual,MANUAL,,0,13.330280303955078,100.99793243408203,148.2611131435259,4,True,0.6579999923706055,1,0,0,0,0,0.0,0.0,0.0,0,0,nan,nan,nan,,nan,nan,nan,2,31,-,SELECT OWNER FIRST,
2026-07-09T14:31:28.732,640.733,mission_20260709_142048_manual,MANUAL,,0,13.330281257629395,100.99793243408203,148.26758816285908,4,True,0.6587499976158142,1,0,0,0,0,0.0,0.0,0.0,0,0,nan,nan,nan,,nan,nan,nan,2,31,-,SELECT OWNER FIRST,
2026-07-09T14:31:30.777,642.777,mission_20260709_142048_manual,MANUAL,,0,13.330282211303711,100.99793243408203,148.2740495218139,4,True,0.6575000286102295,1,0,0,0,0,0.0,0.0,0.0,0,0,nan,nan,nan,,nan,nan,nan,2,31,-,SELECT OWNER FIRST,
2026-07-09T14:31:32.826,644.826,mission_20260709_142048_manual,MANUAL,,0,13.330282211303711,100.99793243408203,148.28941744744643,4,True,0.6582499742507935,1,0,0,0,0,0.0,0.0,0.0,0,0,nan,nan,nan,,nan,nan,nan,2,31,-,SELECT OWNER FIRST,
2026-07-09T14:31:34.891,646.892,mission_20260709_142048_manual,MANUAL,,0,13.330283164978027,100.99793243408203,148.2962339762381,4,True,0.6579999923706055,1,0,0,0,0,0.0,0.0,0.0,0,0,nan,nan,nan,,nan,nan,nan,2,29,-,SELECT OWNER FIRST,
2026-07-09T14:31:36.982,648.982,mission_20260709_142048_manual,MANUAL,,0,13.330283164978027,100.99793243408203,148.3123122415443,4,True,0.6589999794960022,1,0,0,0,0,0.0,0.0,0.0,0,0,nan,nan,nan,,nan,nan,nan,2,31,-,SELECT OWNER FIRST,
2026-07-09T14:31:39.061,651.061,mission_20260709_142048_manual,MANUAL,,0,13.330284118652344,100.99793243408203,148.32985216733292,4,True,0.6587499976158142,1,0,0,0,0,0.0,0.0,0.0,0,0,nan,nan,nan,,nan,nan,nan,2,30,-,SELECT OWNER FIRST,
2026-07-09T14:31:41.196,653.196,mission_20260709_142048_manual,MANUAL,,0,13.33028507232666,100.99793243408203,148.34143616816525,4,True,0.6589999794960022,1,0,0,0,0,0.0,0.0,0.0,0,0,nan,nan,nan,,nan,nan,nan,2,31,-,SELECT OWNER FIRST,
2026-07-09T14:31:43.261,655.262,mission_20260709_142048_manual,MANUAL,,0,13.330286026000977,100.99793243408203,148.34737843274317,4,True,0.6579999923706055,1,0,0,0,0,0.0,0.0,0.0,0,0,nan,nan,nan,,nan,nan,nan,2,31,-,SELECT OWNER FIRST,
2026-07-09T14:31:45.365,657.365,mission_20260709_142048_manual,MANUAL,,0,13.330286026000977,100.99793243408203,148.33191488446226,4,True,0.6587499976158142,1,0,0,0,0,0.0,0.0,0.0,0,0,nan,nan,nan,,nan,nan,nan,2,31,-,SELECT OWNER FIRST,
2026-07-09T14:31:47.408,659.408,mission_20260709_142048_manual,MANUAL,,0,13.330286026000977,100.99793243408203,148.30122001433222,4,True,0.6579999923706055,1,0,0,0,0,0.0,0.0,0.0,0,0,nan,nan,nan,,nan,nan,nan,2,30,-,SELECT OWNER FIRST,
2026-07-09T14:31:49.464,661.464,mission_20260709_142048_manual,MANUAL,,0,13.330286026000977,100.99793243408203,148.28393963573208,4,True,0.6587499976158142,1,0,0,0,0,0.0,0.0,0.0,0,0,nan,nan,nan,,nan,nan,nan,2,30,-,SELECT OWNER FIRST,
2026-07-09T14:31:51.565,663.565,mission_20260709_142048_manual,MANUAL,,0,13.330286026000977,100.99793243408203,148.26780672891252,4,True,0.6585000157356262,1,0,0,0,0,0.0,0.0,0.0,0,0,nan,nan,nan,,nan,nan,nan,2,30,-,SELECT OWNER FIRST,
2026-07-09T14:31:53.652,665.653,mission_20260709_142048_manual,MANUAL,,0,13.33028507232666,100.99793243408203,148.2401308023956,4,True,0.6579999923706055,1,0,0,0,0,0.0,0.0,0.0,0,0,nan,nan,nan,,nan,nan,nan,2,31,-,SELECT OWNER FIRST,
2026-07-09T14:31:55.749,667.749,mission_20260709_142048_manual,MANUAL,,0,13.33028507232666,100.99793243408203,148.20823381897165,4,True,0.6589999794960022,1,0,0,0,0,0.0,0.0,0.0,0,0,nan,nan,nan,,nan,nan,nan,2,31,-,SELECT OWNER FIRST,
2026-07-09T14:31:57.827,669.827,mission_20260709_142048_manual,MANUAL,,0,13.33028507232666,100.99793243408203,148.20067962974963,4,True,0.6582499742507935,1,0,0,0,0,0.0,0.0,0.0,0,0,nan,nan,nan,,nan,nan,nan,2,31,-,SELECT OWNER FIRST,
2026-07-09T14:31:59.895,671.895,mission_20260709_142048_manual,MANUAL,,0,13.330284118652344,100.99793243408203,148.19834370505347,4,True,0.6582499742507935,1,0,0,0,0,0.0,0.0,0.0,0,0,nan,nan,nan,,nan,nan,nan,2,31,-,SELECT OWNER FIRST,
2026-07-09T14:32:01.936,673.937,mission_20260709_142048_manual,MANUAL,,0,13.330284118652344,100.99793243408203,148.19618536527577,4,True,0.6582499742507935,1,0,0,0,0,0.0,0.0,0.0,0,0,nan,nan,nan,,nan,nan,nan,2,31,-,SELECT OWNER FIRST,
2026-07-09T14:32:04.018,676.018,mission_20260709_142048_manual,MANUAL,,0,13.330284118652344,100.99793243408203,148.20201834682695,4,True,0.6579999923706055,1,0,0,0,0,0.0,0.0,0.0,0,0,nan,nan,nan,,nan,nan,nan,2,31,-,SELECT OWNER FIRST,
2026-07-09T14:32:06.104,678.104,mission_20260709_142048_manual,MANUAL,,0,13.330283164978027,100.99794006347656,148.19449147836158,4,True,0.6577500104904175,1,0,0,0,0,0.0,0.0,0.0,0,0,nan,nan,nan,,nan,nan,nan,2,30,-,SELECT OWNER FIRST,
2026-07-09T14:32:08.163,680.163,mission_20260709_142048_manual,MANUAL,,0,13.330284118652344,100.99794006347656,148.17604996760255,4,True,0.6587499976158142,1,0,0,0,0,0.0,0.0,0.0,0,0,nan,nan,nan,,nan,nan,nan,2,30,-,SELECT OWNER FIRST,
2026-07-09T14:32:10.213,682.213,mission_20260709_142048_manual,MANUAL,,0,13.330284118652344,100.99794006347656,148.16758053303175,4,True,0.6579999923706055,1,0,0,0,0,0.0,0.0,0.0,0,0,nan,nan,nan,,nan,nan,nan,2,30,-,SELECT OWNER FIRST,
2026-07-09T14:32:12.290,684.291,mission_20260709_142048_manual,MANUAL,,0,13.330284118652344,100.99794006347656,148.15566868311925,4,True,0.6582499742507935,1,0,0,0,0,0.0,0.0,0.0,0,0,nan,nan,nan,,nan,nan,nan,2,30,-,SELECT OWNER FIRST,
2026-07-09T14:32:14.358,686.358,mission_20260709_142048_manual,MANUAL,,0,13.330284118652344,100.99794006347656,148.15113343751037,4,True,0.6579999923706055,1,0,0,0,0,0.0,0.0,0.0,0,0,nan,nan,nan,,nan,nan,nan,2,30,-,SELECT OWNER FIRST,
2026-07-09T14:32:16.421,688.421,mission_20260709_142048_manual,MANUAL,,0,13.330284118652344,100.99794006347656,148.13665343646994,4,True,0.6589999794960022,1,0,0,0,0,0.0,0.0,0.0,0,0,nan,nan,nan,,nan,nan,nan,2,30,-,SELECT OWNER FIRST,
2026-07-09T14:32:18.519,690.519,mission_20260709_142048_manual,MANUAL,,0,13.330284118652344,100.99794006347656,148.12881237930276,4,True,0.6587499976158142,1,0,0,0,0,0.0,0.0,0.0,0,0,nan,nan,nan,,nan,nan,nan,2,31,-,SELECT OWNER FIRST,
2026-07-09T14:32:20.555,692.555,mission_20260709_142048_manual,MANUAL,,0,13.330284118652344,100.99794006347656,148.12384000158698,4,True,0.6579999923706055,1,0,0,0,0,0.0,0.0,0.0,0,0,nan,nan,nan,,nan,nan,nan,2,31,-,SELECT OWNER FIRST,
2026-07-09T14:32:22.613,694.614,mission_20260709_142048_manual,MANUAL,,0,13.330284118652344,100.99794006347656,148.1243590959639,4,True,0.6585000157356262,1,0,0,0,0,0.0,0.0,0.0,0,0,nan,nan,nan,,nan,nan,nan,2,31,-,SELECT OWNER FIRST,
2026-07-09T14:32:24.664,696.664,mission_20260709_142048_manual,MANUAL,,0,13.330283164978027,100.99794006347656,148.11403184993884,4,True,0.6582499742507935,1,0,0,0,0,0.0,0.0,0.0,0,0,nan,nan,nan,,nan,nan,nan,2,31,-,SELECT OWNER FIRST,
2026-07-09T14:32:26.690,698.69,mission_20260709_142048_manual,MANUAL,,0,13.330283164978027,100.99794006347656,148.1110538874607,4,True,0.6579999923706055,1,0,0,0,0,0.0,0.0,0.0,0,0,nan,nan,nan,,nan,nan,nan,2,31,-,SELECT OWNER FIRST,
2026-07-09T14:32:28.753,700.753,mission_20260709_142048_manual,MANUAL,,0,13.330283164978027,100.99794006347656,148.10250249061986,4,True,0.6575000286102295,1,0,0,0,0,0.0,0.0,0.0,0,0,nan,nan,nan,,nan,nan,nan,2,31,-,SELECT OWNER FIRST,
2026-07-09T14:32:30.851,702.852,mission_20260709_142048_manual,MANUAL,,0,13.330283164978027,100.99794006347656,148.1111495101091,4,True,0.6582499742507935,1,0,0,0,0,0.0,0.0,0.0,0,0,nan,nan,nan,,nan,nan,nan,2,31,-,SELECT OWNER FIRST,
2026-07-09T14:32:32.911,704.912,mission_20260709_142048_manual,MANUAL,,0,13.330283164978027,100.99794006347656,148.115001736801,4,True,0.6577500104904175,1,0,0,0,0,0.0,0.0,0.0,0,0,nan,nan,nan,,nan,nan,nan,2,31,-,SELECT OWNER FIRST,
2026-07-09T14:32:34.949,706.949,mission_20260709_142048_manual,MANUAL,,0,13.330282211303711,100.9979476928711,148.0957542637199,4,True,0.6585000157356262,1,0,0,0,0,0.0,0.0,0.0,0,0,nan,nan,nan,,nan,nan,nan,2,31,-,SELECT OWNER FIRST,
2026-07-09T14:32:36.991,708.992,mission_20260709_142048_manual,MANUAL,,0,13.330281257629395,100.9979476928711,148.0788973568483,4,True,0.6579999923706055,1,0,0,0,0,0.0,0.0,0.0,0,0,nan,nan,nan,,nan,nan,nan,2,31,-,SELECT OWNER FIRST,
2026-07-09T14:32:39.037,711.038,mission_20260709_142048_manual,MANUAL,,0,13.330281257629395,100.9979476928711,148.0635704123508,4,True,0.6570000052452087,1,0,0,0,0,0.0,0.0,0.0,0,0,nan,nan,nan,,nan,nan,nan,2,31,-,SELECT OWNER FIRST,
2026-07-09T14:32:41.120,713.12,mission_20260709_142048_manual,MANUAL,,0,13.330280303955078,100.9979476928711,148.05523758156338,4,True,0.6585000157356262,1,0,0,0,0,0.0,0.0,0.0,0,0,nan,nan,nan,,nan,nan,nan,2,31,-,SELECT OWNER FIRST,
2026-07-09T14:32:43.267,715.268,mission_20260709_142048_manual,MANUAL,,0,13.330279350280762,100.9979476928711,148.05221863795023,4,True,0.6582499742507935,1,0,0,0,0,0.0,0.0,0.0,0,0,nan,nan,nan,,nan,nan,nan,2,31,-,SELECT OWNER FIRST,
2026-07-09T14:32:45.318,717.318,mission_20260709_142048_manual,MANUAL,,0,13.330278396606445,100.9979476928711,148.0328209007074,4,True,0.6577500104904175,1,0,0,0,0,0.0,0.0,0.0,0,0,nan,nan,nan,,nan,nan,nan,2,31,-,SELECT OWNER FIRST,
2026-07-09T14:32:47.422,719.423,mission_20260709_142048_manual,MANUAL,,0,13.330278396606445,100.9979476928711,148.02066316398478,4,True,0.6577500104904175,1,0,0,0,0,0.0,0.0,0.0,0,0,nan,nan,nan,,nan,nan,nan,2,31,-,SELECT OWNER FIRST,
2026-07-09T14:32:49.497,721.498,mission_20260709_142048_manual,MANUAL,,0,13.330278396606445,100.9979476928711,148.0141881446516,4,True,0.6577500104904175,1,0,0,0,0,0.0,0.0,0.0,0,0,nan,nan,nan,,nan,nan,nan,2,31,-,SELECT OWNER FIRST,
2026-07-09T14:32:51.584,723.585,mission_20260709_142048_manual,MANUAL,,0,13.330277442932129,100.9979476928711,148.02025335263457,4,True,0.6575000286102295,1,0,0,0,0,0.0,0.0,0.0,0,0,nan,nan,nan,,nan,nan,nan,2,31,-,SELECT OWNER FIRST,
2026-07-09T14:32:53.625,725.626,mission_20260709_142048_manual,MANUAL,,0,13.330277442932129,100.9979476928711,148.01782180529005,4,True,0.6582499742507935,1,0,0,0,0,0.0,0.0,0.0,0,0,nan,nan,nan,,nan,nan,nan,2,31,-,SELECT OWNER FIRST,
2026-07-09T14:32:55.733,727.733,mission_20260709_142048_manual,MANUAL,,0,13.330277442932129,100.9979476928711,148.00119712485025,4,True,0.6567500233650208,1,0,0,0,0,0.0,0.0,0.0,0,0,nan,nan,nan,,nan,nan,nan,2,30,-,SELECT OWNER FIRST,
2026-07-09T14:32:57.776,729.776,mission_20260709_142048_manual,MANUAL,,0,13.330277442932129,100.9979476928711,148.00720769131985,4,True,0.6579999923706055,1,0,0,0,0,0.0,0.0,0.0,0,0,nan,nan,nan,,nan,nan,nan,2,30,-,SELECT OWNER FIRST,
2026-07-09T14:32:59.817,731.818,mission_20260709_142048_manual,MANUAL,,0,13.330277442932129,100.9979476928711,148.0192698053941,4,True,0.6577500104904175,1,0,0,0,0,0.0,0.0,0.0,0,0,nan,nan,nan,,nan,nan,nan,2,31,-,SELECT OWNER FIRST,
2026-07-09T14:33:01.864,733.864,mission_20260709_142048_manual,MANUAL,,0,13.330276489257812,100.9979476928711,148.02017139036454,4,True,0.6572499871253967,1,0,0,0,0,0.0,0.0,0.0,0,0,nan,nan,nan,,nan,nan,nan,2,31,-,SELECT OWNER FIRST,
2026-07-09T14:33:03.911,735.911,mission_20260709_142048_manual,MANUAL,,0,13.330276489257812,100.9979476928711,148.01985720166272,4,True,0.6587499976158142,1,0,0,0,0,0.0,0.0,0.0,0,0,nan,nan,nan,,nan,nan,nan,2,31,-,SELECT OWNER FIRST,
2026-07-09T14:33:06.010,738.01,mission_20260709_142048_manual,MANUAL,,0,13.330276489257812,100.9979476928711,148.0115243708753,4,True,0.6575000286102295,1,0,0,0,0,0.0,0.0,0.0,0,0,nan,nan,nan,,nan,nan,nan,2,30,-,SELECT OWNER FIRST,
2026-07-09T14:33:08.076,740.077,mission_20260709_142048_manual,MANUAL,,0,13.330276489257812,100.9979476928711,148.00672957807794,4,True,0.6587499976158142,1,0,0,0,0,0.0,0.0,0.0,0,0,nan,nan,nan,,nan,nan,nan,2,31,-,SELECT OWNER FIRST,
2026-07-09T14:33:10.106,742.106,mission_20260709_142048_manual,MANUAL,,0,13.330276489257812,100.9979476928711,147.99839674729054,4,True,0.6572499871253967,1,0,0,0,0,0.0,0.0,0.0,0,0,nan,nan,nan,,nan,nan,nan,2,31,-,SELECT OWNER FIRST,
2026-07-09T14:33:12.146,744.147,mission_20260709_142048_manual,MANUAL,,0,13.330276489257812,100.9979476928711,147.99685312453812,4,True,0.6572499871253967,1,0,0,0,0,0.0,0.0,0.0,0,0,nan,nan,nan,,nan,nan,nan,2,31,-,SELECT OWNER FIRST,
2026-07-09T14:33:14.193,746.194,mission_20260709_142048_manual,MANUAL,,0,13.330276489257812,100.9979476928711,147.9949406715705,4,True,0.6577500104904175,1,0,0,0,0,0.0,0.0,0.0,0,0,nan,nan,nan,,nan,nan,nan,2,31,-,SELECT OWNER FIRST,
2026-07-09T14:33:16.266,748.266,mission_20260709_142048_manual,MANUAL,,0,13.330276489257812,100.99794006347656,147.99216761476748,4,True,0.6579999923706055,1,0,0,0,0,0.0,0.0,0.0,0,0,nan,nan,nan,,nan,nan,nan,2,31,-,SELECT OWNER FIRST,
2026-07-09T14:33:18.327,750.327,mission_20260709_142048_manual,MANUAL,,0,13.330276489257812,100.99794006347656,147.99526852065065,4,True,0.6577500104904175,1,0,0,0,0,0.0,0.0,0.0,0,0,nan,nan,nan,,nan,nan,nan,2,31,-,SELECT OWNER FIRST,
2026-07-09T14:33:20.434,752.435,mission_20260709_142048_manual,MANUAL,,0,13.330275535583496,100.99794006347656,147.98386210473674,4,True,0.6585000157356262,1,0,0,0,0,0.0,0.0,0.0,0,0,nan,nan,nan,,nan,nan,nan,2,31,-,SELECT OWNER FIRST,
2026-07-09T14:33:22.488,754.488,mission_20260709_142048_manual,MANUAL,,0,13.33027458190918,100.99794006347656,147.9800235384232,4,True,0.6582499742507935,1,0,0,0,0,0.0,0.0,0.0,0,0,nan,nan,nan,,nan,nan,nan,2,31,-,SELECT OWNER FIRST,
2026-07-09T14:33:24.551,756.552,mission_20260709_142048_manual,MANUAL,,0,13.33027458190918,100.99794006347656,147.98707229364666,4,True,0.6579999923706055,1,0,0,0,0,0.0,0.0,0.0,0,0,nan,nan,nan,,nan,nan,nan,2,29,-,SELECT OWNER FIRST,
2026-07-09T14:33:26.586,758.586,mission_20260709_142048_manual,MANUAL,,0,13.33027458190918,100.99794006347656,147.98686738797156,4,True,0.6582499742507935,1,0,0,0,0,0.0,0.0,0.0,0,0,nan,nan,nan,,nan,nan,nan,2,29,-,SELECT OWNER FIRST,
2026-07-09T14:33:28.637,760.637,mission_20260709_142048_manual,MANUAL,,0,13.33027458190918,100.99794006347656,147.9730294247131,4,True,0.6587499976158142,1,0,0,0,0,0.0,0.0,0.0,0,0,nan,nan,nan,,nan,nan,nan,2,29,-,SELECT OWNER FIRST,
2026-07-09T14:33:30.681,762.682,mission_20260709_142048_manual,MANUAL,,0,13.330273628234863,100.99794006347656,147.96196451825767,4,True,0.6579999923706055,1,0,0,0,0,0.0,0.0,0.0,0,0,nan,nan,nan,,nan,nan,nan,2,30,-,SELECT OWNER FIRST,
2026-07-09T14:33:32.783,764.784,mission_20260709_142048_manual,MANUAL,,0,13.330273628234863,100.99794006347656,147.95685553675852,4,True,0.6582499742507935,1,0,0,0,0,0.0,0.0,0.0,0,0,nan,nan,nan,,nan,nan,nan,2,30,-,SELECT OWNER FIRST,
2026-07-09T14:33:34.930,766.931,mission_20260709_142048_manual,MANUAL,,0,13.330272674560547,100.99794006347656,147.9479079889458,4,True,0.6587499976158142,1,0,0,0,0,0.0,0.0,0.0,0,0,nan,nan,nan,,nan,nan,nan,2,30,-,SELECT OWNER FIRST,
2026-07-09T14:33:36.985,768.986,mission_20260709_142048_manual,MANUAL,,0,13.330272674560547,100.99794006347656,147.94206134701628,4,True,0.6582499742507935,1,0,0,0,0,0.0,0.0,0.0,0,0,nan,nan,nan,,nan,nan,nan,2,30,-,SELECT OWNER FIRST,
2026-07-09T14:33:39.050,771.051,mission_20260709_142048_manual,MANUAL,,0,13.330272674560547,100.99794006347656,147.9458316114381,4,True,0.6587499976158142,1,0,0,0,0,0.0,0.0,0.0,0,0,nan,nan,nan,,nan,nan,nan,2,30,-,SELECT OWNER FIRST,
2026-07-09T14:33:41.164,773.165,mission_20260709_142048_manual,MANUAL,,0,13.330273628234863,100.99794006347656,147.94046308275048,4,True,0.6585000157356262,1,0,0,0,0,0.0,0.0,0.0,0,0,nan,nan,nan,,nan,nan,nan,2,30,-,SELECT OWNER FIRST,
2026-07-09T14:33:43.227,775.228,mission_20260709_142048_manual,MANUAL,,0,13.330273628234863,100.99794006347656,147.93732119573227,4,True,0.6579999923706055,1,0,0,0,0,0.0,0.0,0.0,0,0,nan,nan,nan,,nan,nan,nan,2,29,-,SELECT OWNER FIRST,
2026-07-09T14:33:45.245,777.245,mission_20260709_142048_manual,MANUAL,,0,13.330272674560547,100.99794006347656,147.93752610140737,4,True,0.6585000157356262,1,0,0,0,0,0.0,0.0,0.0,0,0,nan,nan,nan,,nan,nan,nan,2,30,-,SELECT OWNER FIRST,
2026-07-09T14:33:47.253,779.253,mission_20260709_142048_manual,MANUAL,,0,13.330273628234863,100.99794006347656,147.92971236499687,4,True,0.6585000157356262,1,0,0,0,0,0.0,0.0,0.0,0,0,nan,nan,nan,,nan,nan,nan,2,29,-,SELECT OWNER FIRST,
2026-07-09T14:33:49.291,781.291,mission_20260709_142048_manual,MANUAL,,0,13.330273628234863,100.99794006347656,147.9320346293147,4,True,0.6589999794960022,1,0,0,0,0,0.0,0.0,0.0,0,0,nan,nan,nan,,nan,nan,nan,2,29,-,SELECT OWNER FIRST,
2026-07-09T14:33:51.347,783.348,mission_20260709_142048_manual,MANUAL,,0,13.330272674560547,100.99794006347656,147.93244444066488,4,True,0.6579999923706055,1,0,0,0,0,0.0,0.0,0.0,0,0,nan,nan,nan,,nan,nan,nan,2,29,-,SELECT OWNER FIRST,
2026-07-09T14:33:53.522,785.522,mission_20260709_142048_manual,MANUAL,,0,13.330273628234863,100.99794006347656,147.9440557622539,4,True,0.6589999794960022,1,0,0,0,0,0.0,0.0,0.0,0,0,nan,nan,nan,,nan,nan,nan,2,29,-,SELECT OWNER FIRST,
2026-07-09T14:33:55.573,787.573,mission_20260709_142048_manual,MANUAL,,0,13.330273628234863,100.99794006347656,147.9557627064913,4,True,0.6582499742507935,1,0,0,0,0,0.0,0.0,0.0,0,0,nan,nan,nan,,nan,nan,nan,2,29,-,SELECT OWNER FIRST,
2026-07-09T14:33:57.740,789.74,mission_20260709_142048_manual,MANUAL,,0,13.330273628234863,100.99794006347656,147.9596832350749,4,True,0.6582499742507935,1,0,0,0,0,0.0,0.0,0.0,0,0,nan,nan,nan,,nan,nan,nan,2,29,-,SELECT OWNER FIRST,
2026-07-09T14:33:59.943,791.944,mission_20260709_142048_manual,MANUAL,,0,13.330273628234863,100.99794006347656,147.94987508342675,4,True,0.6589999794960022,1,0,0,0,0,0.0,0.0,0.0,0,0,nan,nan,nan,,nan,nan,nan,2,29,-,SELECT OWNER FIRST,
2026-07-09T14:34:02.000,794.0,mission_20260709_142048_manual,MANUAL,,0,13.33027458190918,100.99794006347656,147.95867236707772,4,True,0.6577500104904175,1,0,0,0,0,0.0,0.0,0.0,0,0,nan,nan,nan,,nan,nan,nan,2,29,-,SELECT OWNER FIRST,
2026-07-09T14:34:04.041,796.042,mission_20260709_142048_manual,MANUAL,,0,13.33027458190918,100.99794006347656,147.9600247445334,4,True,0.6579999923706055,1,0,0,0,0,0.0,0.0,0.0,0,0,nan,nan,nan,,nan,nan,nan,2,29,-,SELECT OWNER FIRST,
2026-07-09T14:34:06.119,798.12,mission_20260709_142048_manual,MANUAL,,0,13.33027458190918,100.99794006347656,147.96458731089896,4,True,0.6582499742507935,1,0,0,0,0,0.0,0.0,0.0,0,0,nan,nan,nan,,nan,nan,nan,2,29,-,SELECT OWNER FIRST,
2026-07-09T14:34:08.153,800.153,mission_20260709_142048_manual,MANUAL,,0,13.330275535583496,100.9979476928711,147.96953236785805,4,True,0.6575000286102295,1,0,0,0,0,0.0,0.0,0.0,0,0,nan,nan,nan,,nan,nan,nan,2,30,-,SELECT OWNER FIRST,
2026-07-09T14:34:10.156,802.157,mission_20260709_142048_manual,MANUAL,,0,13.330276489257812,100.9979476928711,147.99173048266059,4,True,0.6587499976158142,1,0,0,0,0,0.0,0.0,0.0,0,0,nan,nan,nan,,nan,nan,nan,2,30,-,SELECT OWNER FIRST,
2026-07-09T14:34:12.270,804.27,mission_20260709_142048_manual,MANUAL,,0,13.330276489257812,100.9979476928711,148.00304127592614,4,True,0.6577500104904175,1,0,0,0,0,0.0,0.0,0.0,0,0,nan,nan,nan,,nan,nan,nan,2,29,-,SELECT OWNER FIRST,
2026-07-09T14:34:14.331,806.332,mission_20260709_142048_manual,MANUAL,,0,13.330276489257812,100.9979476928711,148.01640112594268,4,True,0.6579999923706055,1,0,0,0,0,0.0,0.0,0.0,0,0,nan,nan,nan,,nan,nan,nan,2,29,-,SELECT OWNER FIRST,
2026-07-09T14:34:16.511,808.511,mission_20260709_142048_manual,MANUAL,,0,13.330277442932129,100.9979476928711,148.01702950334632,4,True,0.6582499742507935,1,0,0,0,0,0.0,0.0,0.0,0,0,nan,nan,nan,,nan,nan,nan,2,29,-,SELECT OWNER FIRST,
2026-07-09T14:34:18.535,810.536,mission_20260709_142048_manual,MANUAL,,0,13.330277442932129,100.9979476928711,148.01320459741112,4,True,0.6579999923706055,1,0,0,0,0,0.0,0.0,0.0,0,0,nan,nan,nan,,nan,nan,nan,2,29,-,SELECT OWNER FIRST,
2026-07-09T14:34:20.616,812.617,mission_20260709_142048_manual,MANUAL,,0,13.330276489257812,100.9979476928711,148.00308225706115,4,True,0.6587499976158142,1,0,0,0,0,0.0,0.0,0.0,0,0,nan,nan,nan,,nan,nan,nan,2,29,-,SELECT OWNER FIRST,
2026-07-09T14:34:22.706,814.707,mission_20260709_142048_manual,MANUAL,,0,13.330276489257812,100.99795532226562,148.00183916263222,3,True,0.6582499742507935,1,0,0,0,0,0.0,0.0,0.0,0,0,nan,nan,nan,,nan,nan,nan,2,29,-,SELECT OWNER FIRST,
2026-07-09T14:34:24.765,816.766,mission_20260709_142048_manual,MANUAL,,0,13.330277442932129,100.99795532226562,148.00379259673485,3,True,0.6577500104904175,1,0,0,0,0,0.0,0.0,0.0,0,0,nan,nan,nan,,nan,nan,nan,2,29,-,SELECT OWNER FIRST,
2026-07-09T14:34:26.773,818.773,mission_20260709_142048_manual,MANUAL,,0,13.330277442932129,100.99795532226562,148.005486483649,4,True,0.6582499742507935,1,0,0,0,0,0.0,0.0,0.0,0,0,nan,nan,nan,,nan,nan,nan,2,29,-,SELECT OWNER FIRST,
2026-07-09T14:34:28.885,820.886,mission_20260709_142048_manual,MANUAL,,0,13.330278396606445,100.99795532226562,148.00477614397533,4,True,0.6582499742507935,1,0,0,0,0,0.0,0.0,0.0,0,0,nan,nan,nan,,nan,nan,nan,2,30,-,SELECT OWNER FIRST,
2026-07-09T14:34:30.980,822.981,mission_20260709_142048_manual,MANUAL,,0,13.330279350280762,100.99795532226562,148.01258988038583,4,True,0.6587499976158142,1,0,0,0,0,0.0,0.0,0.0,0,0,nan,nan,nan,,nan,nan,nan,2,30,-,SELECT OWNER FIRST,
2026-07-09T14:34:33.012,825.013,mission_20260709_142048_manual,MANUAL,,0,13.330280303955078,100.9979476928711,148.02007576771615,4,True,0.6579999923706055,1,0,0,0,0,0.0,0.0,0.0,0,0,nan,nan,nan,,nan,nan,nan,2,30,-,SELECT OWNER FIRST,
2026-07-09T14:34:35.129,827.13,mission_20260709_142048_manual,MANUAL,,0,13.330282211303711,100.9979476928711,148.0560298835071,4,True,0.6572499871253967,1,0,0,0,0,0.0,0.0,0.0,0,0,nan,nan,nan,,nan,nan,nan,2,30,-,SELECT OWNER FIRST,
2026-07-09T14:34:37.351,829.351,mission_20260709_142048_manual,MANUAL,,0,13.330283164978027,100.99794006347656,148.08455275348106,4,True,0.6570000052452087,1,0,0,0,0,0.0,0.0,0.0,0,0,nan,nan,nan,,nan,nan,nan,2,30,-,SELECT OWNER FIRST,
2026-07-09T14:34:39.361,831.361,mission_20260709_142048_manual,MANUAL,,0,13.330284118652344,100.99794006347656,148.09141026340777,4,True,0.6577500104904175,1,0,0,0,0,0.0,0.0,0.0,0,0,nan,nan,nan,,nan,nan,nan,2,30,-,SELECT OWNER FIRST,
2026-07-09T14:34:41.455,833.456,mission_20260709_142048_manual,MANUAL,,0,13.33028507232666,100.99794006347656,148.10778905703745,4,True,0.6579999923706055,1,0,0,0,0,0.0,0.0,0.0,0,0,nan,nan,nan,,nan,nan,nan,2,30,-,SELECT OWNER FIRST,
2026-07-09T14:34:43.461,835.462,mission_20260709_142048_manual,MANUAL,,0,13.330286026000977,100.99794006347656,148.10940098168157,4,True,0.6585000157356262,1,0,0,0,0,0.0,0.0,0.0,0,0,nan,nan,nan,,nan,nan,nan,2,30,-,SELECT OWNER FIRST,
2026-07-09T14:34:45.581,837.581,mission_20260709_142048_manual,MANUAL,,0,13.330286979675293,100.99794006347656,148.11931841635644,4,True,0.6575000286102295,1,0,0,0,0,0.0,0.0,0.0,0,0,nan,nan,nan,,nan,nan,nan,2,31,-,SELECT OWNER FIRST,
2026-07-09T14:34:47.735,839.736,mission_20260709_142048_manual,MANUAL,,0,13.330286979675293,100.99794006347656,148.12878505854607,4,True,0.6579999923706055,1,0,0,0,0,0.0,0.0,0.0,0,0,nan,nan,nan,,nan,nan,nan,2,31,-,SELECT OWNER FIRST,
2026-07-09T14:34:49.836,841.836,mission_20260709_142048_manual,MANUAL,,0,13.33028793334961,100.99794006347656,148.14724022968346,4,True,0.6585000157356262,1,0,0,0,0,0.0,0.0,0.0,0,0,nan,nan,nan,,nan,nan,nan,2,31,-,SELECT OWNER FIRST,
2026-07-09T14:34:51.879,843.88,mission_20260709_142048_manual,MANUAL,,0,13.330288887023926,100.99794006347656,148.16405615542,4,True,0.6575000286102295,1,0,0,0,0,0.0,0.0,0.0,0,0,nan,nan,nan,,nan,nan,nan,2,31,-,SELECT OWNER FIRST,
2026-07-09T14:34:54.034,846.034,mission_20260709_142048_manual,MANUAL,,0,13.330288887023926,100.99794006347656,148.1684821180022,4,True,0.6582499742507935,1,0,0,0,0,0.0,0.0,0.0,0,0,nan,nan,nan,,nan,nan,nan,2,31,-,SELECT OWNER FIRST,
2026-07-09T14:34:56.087,848.088,mission_20260709_142048_manual,MANUAL,,0,13.330288887023926,100.99794006347656,148.18471064747013,4,True,0.6587499976158142,1,0,0,0,0,0.0,0.0,0.0,0,0,nan,nan,nan,,nan,nan,nan,2,30,-,SELECT OWNER FIRST,
2026-07-09T14:34:58.162,850.162,mission_20260709_142048_manual,MANUAL,,0,13.33028793334961,100.99794006347656,148.1811452887234,4,True,0.6582499742507935,1,0,0,0,0,0.0,0.0,0.0,0,0,nan,nan,nan,,nan,nan,nan,2,31,-,SELECT OWNER FIRST,
2026-07-09T14:35:00.163,852.163,mission_20260709_142048_manual,MANUAL,,0,13.33028793334961,100.99794006347656,148.19117200642498,4,True,0.6589999794960022,1,0,0,0,0,0.0,0.0,0.0,0,0,nan,nan,nan,,nan,nan,nan,2,31,-,SELECT OWNER FIRST,
2026-07-09T14:35:02.280,854.28,mission_20260709_142048_manual,MANUAL,,0,13.33028793334961,100.99794006347656,148.20238717704214,4,True,0.6587499976158142,1,0,0,0,0,0.0,0.0,0.0,0,0,nan,nan,nan,,nan,nan,nan,2,31,-,SELECT OWNER FIRST,
2026-07-09T14:35:04.375,856.376,mission_20260709_142048_manual,MANUAL,,0,13.33028793334961,100.99794006347656,148.21491374397993,4,True,0.6585000157356262,1,0,0,0,0,0.0,0.0,0.0,0,0,nan,nan,nan,,nan,nan,nan,2,31,-,SELECT OWNER FIRST,
2026-07-09T14:35:06.490,858.49,mission_20260709_142048_manual,MANUAL,,0,13.33028793334961,100.99794006347656,148.23543163224664,4,True,0.6570000052452087,1,0,0,0,0,0.0,0.0,0.0,0,0,nan,nan,nan,,nan,nan,nan,2,31,-,SELECT OWNER FIRST,
2026-07-09T14:35:08.653,860.654,mission_20260709_142048_manual,MANUAL,,0,13.33028793334961,100.99794006347656,148.27262884246653,4,True,0.6579999923706055,1,0,0,0,0,0.0,0.0,0.0,0,0,nan,nan,nan,,nan,nan,nan,2,31,-,SELECT OWNER FIRST,
2026-07-09T14:35:10.689,862.69,mission_20260709_142048_manual,MANUAL,,0,13.33028793334961,100.99794006347656,148.29512748559256,4,True,0.6577500104904175,1,0,0,0,0,0.0,0.0,0.0,0,0,nan,nan,nan,,nan,nan,nan,2,31,-,SELECT OWNER FIRST,
2026-07-09T14:35:12.750,864.751,mission_20260709_142048_manual,MANUAL,,0,13.330288887023926,100.99794006347656,148.31093254333197,4,True,0.6582499742507935,1,0,0,0,0,0.0,0.0,0.0,0,0,nan,nan,nan,,nan,nan,nan,2,31,-,SELECT OWNER FIRST,
2026-07-09T14:35:14.872,866.873,mission_20260709_142048_manual,MANUAL,,0,13.330288887023926,100.99794006347656,148.32049480817,4,True,0.6579999923706055,1,0,0,0,0,0.0,0.0,0.0,0,0,nan,nan,nan,,nan,nan,nan,2,30,-,SELECT OWNER FIRST,
2026-07-09T14:35:16.966,868.966,mission_20260709_142048_manual,MANUAL,,0,13.330288887023926,100.99794006347656,148.33011171452137,4,True,0.6585000157356262,1,0,0,0,0,0.0,0.0,0.0,0,0,nan,nan,nan,,nan,nan,nan,2,30,-,SELECT OWNER FIRST,
2026-07-09T14:35:19.094,871.094,mission_20260709_142048_manual,MANUAL,,0,13.330288887023926,100.99794006347656,148.33441473369848,4,True,0.6582499742507935,1,0,0,0,0,0.0,0.0,0.0,0,0,nan,nan,nan,,nan,nan,nan,2,30,-,SELECT OWNER FIRST,
2026-07-09T14:35:21.207,873.208,mission_20260709_142048_manual,MANUAL,,0,13.330289840698242,100.99794006347656,148.33362243175475,4,True,0.6575000286102295,1,0,0,0,0,0.0,0.0,0.0,0,0,nan,nan,nan,,nan,nan,nan,2,31,-,SELECT OWNER FIRST,
2026-07-09T14:35:23.299,875.299,mission_20260709_142048_manual,MANUAL,,0,13.330289840698242,100.99794006347656,148.33720145087983,4,True,0.6577500104904175,1,0,0,0,0,0.0,0.0,0.0,0,0,nan,nan,nan,,nan,nan,nan,2,31,-,SELECT OWNER FIRST,
2026-07-09T14:35:25.443,877.444,mission_20260709_142048_manual,MANUAL,,0,13.330290794372559,100.99794006347656,148.33538462056063,4,True,0.6587499976158142,1,0,0,0,0,0.0,0.0,0.0,0,0,nan,nan,nan,,nan,nan,nan,2,31,-,SELECT OWNER FIRST,
2026-07-09T14:35:27.534,879.534,mission_20260709_142048_manual,MANUAL,,0,13.330290794372559,100.99794006347656,148.3246612235637,4,True,0.6589999794960022,1,0,0,0,0,0.0,0.0,0.0,0,0,nan,nan,nan,,nan,nan,nan,2,30,-,SELECT OWNER FIRST,
2026-07-09T14:35:29.623,881.624,mission_20260709_142048_manual,MANUAL,,0,13.330290794372559,100.99794006347656,148.30844635447409,4,True,0.6579999923706055,1,0,0,0,0,0.0,0.0,0.0,0,0,nan,nan,nan,,nan,nan,nan,2,29,-,SELECT OWNER FIRST,
2026-07-09T14:35:31.658,883.658,mission_20260709_142048_manual,MANUAL,,0,13.330289840698242,100.99794006347656,148.29702627818182,4,True,0.6582499742507935,1,0,0,0,0,0.0,0.0,0.0,0,0,nan,nan,nan,,nan,nan,nan,2,29,-,SELECT OWNER FIRST,
2026-07-09T14:35:33.768,885.769,mission_20260709_142048_manual,MANUAL,,0,13.330289840698242,100.99794006347656,148.2788989561246,4,True,0.6577500104904175,1,0,0,0,0,0.0,0.0,0.0,0,0,nan,nan,nan,,nan,nan,nan,2,29,-,SELECT OWNER FIRST,
2026-07-09T14:35:35.838,887.839,mission_20260709_142048_manual,MANUAL,,0,13.330289840698242,100.99794006347656,148.25778001121094,4,True,0.6577500104904175,1,0,0,0,0,0.0,0.0,0.0,0,0,nan,nan,nan,,nan,nan,nan,2,29,-,SELECT OWNER FIRST,
2026-07-09T14:35:37.960,889.96,mission_20260709_142048_manual,MANUAL,,0,13.330289840698242,100.99794006347656,148.23185261312156,4,True,0.6587499976158142,1,0,0,0,0,0.0,0.0,0.0,0,0,nan,nan,nan,,nan,nan,nan,2,29,-,SELECT OWNER FIRST,
2026-07-09T14:35:40.044,892.045,mission_20260709_142048_manual,MANUAL,,0,13.330289840698242,100.99794006347656,148.21498204587164,4,True,0.6572499871253967,1,0,0,0,0,0.0,0.0,0.0,0,0,nan,nan,nan,,nan,nan,nan,2,30,-,SELECT OWNER FIRST,
2026-07-09T14:35:42.168,894.168,mission_20260709_142048_manual,MANUAL,,0,13.330288887023926,100.9979476928711,148.206198422599,4,True,0.6585000157356262,1,0,0,0,0,0.0,0.0,0.0,0,0,nan,nan,nan,,nan,nan,nan,2,31,-,SELECT OWNER FIRST,
2026-07-09T14:35:44.282,896.283,mission_20260709_142048_manual,MANUAL,,0,13.330288887023926,100.9979476928711,148.2013489882883,4,True,0.6579999923706055,1,0,0,0,0,0.0,0.0,0.0,0,0,nan,nan,nan,,nan,nan,nan,2,30,-,SELECT OWNER FIRST,
2026-07-09T14:35:46.314,898.315,mission_20260709_142048_manual,MANUAL,,0,13.33028793334961,100.9979476928711,148.19147253474844,4,True,0.6579999923706055,1,0,0,0,0,0.0,0.0,0.0,0,0,nan,nan,nan,,nan,nan,nan,2,31,-,SELECT OWNER FIRST,
2026-07-09T14:35:48.456,900.457,mission_20260709_142048_manual,MANUAL,,0,13.33028793334961,100.9979476928711,148.18550294941386,4,True,0.6585000157356262,1,0,0,0,0,0.0,0.0,0.0,0,0,nan,nan,nan,,nan,nan,nan,2,31,-,SELECT OWNER FIRST,
2026-07-09T14:35:50.502,902.503,mission_20260709_142048_manual,MANUAL,,0,13.33028793334961,100.9979476928711,148.18062619434647,4,True,0.6577500104904175,1,0,0,0,0,0.0,0.0,0.0,0,0,nan,nan,nan,,nan,nan,nan,2,30,-,SELECT OWNER FIRST,
2026-07-09T14:35:52.568,904.569,mission_20260709_142048_manual,MANUAL,,0,13.330286979675293,100.9979476928711,148.17314030701613,4,True,0.6587499976158142,1,0,0,0,0,0.0,0.0,0.0,0,0,nan,nan,nan,,nan,nan,nan,2,30,-,SELECT OWNER FIRST,
2026-07-09T14:35:54.661,906.661,mission_20260709_142048_manual,MANUAL,,0,13.330286979675293,100.9979476928711,148.15808657008543,4,True,0.6577500104904175,1,0,0,0,0,0.0,0.0,0.0,0,0,nan,nan,nan,,nan,nan,nan,2,30,-,SELECT OWNER FIRST,
2026-07-09T14:35:56.668,908.668,mission_20260709_142048_manual,MANUAL,,0,13.330286026000977,100.9979476928711,148.1330607569665,4,True,0.6577500104904175,1,0,0,0,0,0.0,0.0,0.0,0,0,nan,nan,nan,,nan,nan,nan,2,31,-,SELECT OWNER FIRST,
2026-07-09T14:35:58.760,910.761,mission_20260709_142048_manual,MANUAL,,0,13.330286026000977,100.9979476928711,148.1161628689599,4,True,0.6575000286102295,1,0,0,0,0,0.0,0.0,0.0,0,0,nan,nan,nan,,nan,nan,nan,2,30,-,SELECT OWNER FIRST,
2026-07-09T14:36:00.867,912.867,mission_20260709_142048_manual,MANUAL,,0,13.33028507232666,100.9979476928711,148.11082166102895,4,True,0.6585000157356262,1,0,0,0,0,0.0,0.0,0.0,0,0,nan,nan,nan,,nan,nan,nan,2,30,-,SELECT OWNER FIRST,
2026-07-09T14:36:02.979,914.98,mission_20260709_142048_manual,MANUAL,,0,13.33028507232666,100.9979476928711,148.1047701134243,4,True,0.6572499871253967,1,0,0,0,0,0.0,0.0,0.0,0,0,nan,nan,nan,,nan,nan,nan,2,29,-,SELECT OWNER FIRST,
2026-07-09T14:36:05.024,917.024,mission_20260709_142048_manual,MANUAL,,0,13.330284118652344,100.9979476928711,148.09744815063405,4,True,0.6577500104904175,1,0,0,0,0,0.0,0.0,0.0,0,0,nan,nan,nan,,nan,nan,nan,2,29,-,SELECT OWNER FIRST,
2026-07-09T14:36:07.142,919.142,mission_20260709_142048_manual,MANUAL,,0,13.330283164978027,100.9979476928711,148.08225780991995,4,True,0.6582499742507935,1,0,0,0,0,0.0,0.0,0.0,0,0,nan,nan,nan,,nan,nan,nan,2,28,-,SELECT OWNER FIRST,
2026-07-09T14:36:09.147,921.147,mission_20260709_142048_manual,MANUAL,,0,13.330283164978027,100.9979476928711,148.0745670169145,4,True,0.659500002861023,1,0,0,0,0,0.0,0.0,0.0,0,0,nan,nan,nan,,nan,nan,nan,2,27,-,SELECT OWNER FIRST,
2026-07-09T14:36:11.166,923.167,mission_20260709_142048_manual,MANUAL,,0,13.330283164978027,100.9979476928711,148.05396716637776,4,True,0.6582499742507935,1,0,0,0,0,0.0,0.0,0.0,0,0,nan,nan,nan,,nan,nan,nan,2,27,-,SELECT OWNER FIRST,
2026-07-09T14:36:13.273,925.273,mission_20260709_142048_manual,MANUAL,,0,13.330283164978027,100.9979476928711,148.05465018529475,4,True,0.6582499742507935,1,0,0,0,0,0.0,0.0,0.0,0,0,nan,nan,nan,,nan,nan,nan,2,28,-,SELECT OWNER FIRST,
2026-07-09T14:36:15.302,927.302,mission_20260709_142048_manual,MANUAL,,0,13.330283164978027,100.9979476928711,148.03775229728814,4,True,0.6582499742507935,1,0,0,0,0,0.0,0.0,0.0,0,0,nan,nan,nan,,nan,nan,nan,2,28,-,SELECT OWNER FIRST,
2026-07-09T14:36:17.426,929.427,mission_20260709_142048_manual,MANUAL,,0,13.330284118652344,100.9979476928711,148.0230947113293,4,True,0.6577500104904175,1,0,0,0,0,0.0,0.0,0.0,0,0,nan,nan,nan,,nan,nan,nan,2,28,-,SELECT OWNER FIRST,
2026-07-09T14:36:19.430,931.431,mission_20260709_142048_manual,MANUAL,,0,13.330283164978027,100.9979476928711,148.02010308847284,4,True,0.6577500104904175,1,0,0,0,0,0.0,0.0,0.0,0,0,nan,nan,nan,,nan,nan,nan,2,28,-,SELECT OWNER FIRST,
2026-07-09T14:36:21.531,933.532,mission_20260709_142048_manual,MANUAL,,0,13.330284118652344,100.9979476928711,148.01799939020847,4,True,0.6579999923706055,1,0,0,0,0,0.0,0.0,0.0,0,0,nan,nan,nan,,nan,nan,nan,2,28,-,SELECT OWNER FIRST,
2026-07-09T14:36:23.621,935.622,mission_20260709_142048_manual,MANUAL,,0,13.33028507232666,100.9979476928711,148.01861410723376,4,True,0.6577500104904175,1,0,0,0,0,0.0,0.0,0.0,0,0,nan,nan,nan,,nan,nan,nan,2,28,-,SELECT OWNER FIRST,
2026-07-09T14:36:25.680,937.681,mission_20260709_142048_manual,MANUAL,,0,13.330286026000977,100.9979476928711,148.02263025846574,4,True,0.6589999794960022,1,0,0,0,0,0.0,0.0,0.0,0,0,nan,nan,nan,,nan,nan,nan,2,28,-,SELECT OWNER FIRST,
2026-07-09T14:36:27.805,939.806,mission_20260709_142048_manual,MANUAL,,0,13.330286979675293,100.9979476928711,148.01761689961495,4,True,0.6589999794960022,1,0,0,0,0,0.0,0.0,0.0,0,0,nan,nan,nan,,nan,nan,nan,2,28,-,SELECT OWNER FIRST,
2026-07-09T14:36:29.898,941.898,mission_20260709_142048_manual,MANUAL,,0,13.33028793334961,100.9979476928711,148.00914746504412,4,True,0.6582499742507935,1,0,0,0,0,0.0,0.0,0.0,0,0,nan,nan,nan,,nan,nan,nan,2,28,-,SELECT OWNER FIRST,
2026-07-09T14:36:45.414,957.415,mission_20260709_142048_manual,MANUAL,,0,13.330307006835938,100.99794006347656,148.001388370147,4,False,-1.0,0,0,0,0,0,0.0,0.0,0.0,0,0,nan,nan,nan,,nan,nan,nan,2,28,-,SELECT OWNER FIRST,
2026-07-09T14:36:47.430,959.43,mission_20260709_142048_manual,MANUAL,,0,13.330290794372559,100.99794006347656,148.0078087479668,4,False,0.6579999923706055,1,0,0,0,0,0.0,0.0,0.0,0,0,nan,nan,nan,,nan,nan,nan,2,28,-,SELECT OWNER FIRST,
2026-07-09T14:36:49.494,961.494,mission_20260709_142048_manual,MANUAL,,0,13.330291748046875,100.99794006347656,148.0074672385083,4,True,0.6587499976158142,1,0,0,0,0,0.0,0.0,0.0,0,0,nan,nan,nan,,nan,nan,nan,2,28,-,SELECT OWNER FIRST,
2026-07-09T14:36:51.509,963.51,mission_20260709_142048_manual,MANUAL,,0,13.330292701721191,100.99794006347656,148.0126581822775,4,True,0.659250020980835,1,0,0,0,0,0.0,0.0,0.0,0,0,nan,nan,nan,,nan,nan,nan,2,28,-,SELECT OWNER FIRST,
2026-07-09T14:36:53.564,965.565,mission_20260709_142048_manual,MANUAL,,0,13.330292701721191,100.99794006347656,147.9998584077729,4,True,0.6585000157356262,1,0,0,0,0,0.0,0.0,0.0,0,0,nan,nan,nan,,nan,nan,nan,2,28,-,SELECT OWNER FIRST,
2026-07-09T14:36:55.600,967.6,mission_20260709_142048_manual,MANUAL,,0,13.330293655395508,100.99794006347656,148.00666127618624,4,True,0.6587499976158142,1,0,0,0,0,0.0,0.0,0.0,0,0,nan,nan,nan,,nan,nan,nan,2,28,-,SELECT OWNER FIRST,
2026-07-09T14:36:57.647,969.648,mission_20260709_142048_manual,MANUAL,,0,13.330293655395508,100.99793243408203,148.01485750319026,4,True,0.6579999923706055,1,0,0,0,0,0.0,0.0,0.0,0,0,nan,nan,nan,,nan,nan,nan,2,29,-,SELECT OWNER FIRST,
2026-07-09T14:36:59.776,971.776,mission_20260709_142048_manual,MANUAL,,0,13.330294609069824,100.99793243408203,148.0065110120245,4,True,0.6589999794960022,1,0,0,0,0,0.0,0.0,0.0,0,0,nan,nan,nan,,nan,nan,nan,2,29,-,SELECT OWNER FIRST,
2026-07-09T14:37:01.863,973.864,mission_20260709_142048_manual,MANUAL,,0,13.33029556274414,100.99793243408203,147.99365659600653,4,True,0.6585000157356262,1,0,0,0,0,0.0,0.0,0.0,0,0,nan,nan,nan,,nan,nan,nan,2,29,-,SELECT OWNER FIRST,
2026-07-09T14:37:03.888,975.889,mission_20260709_142048_manual,MANUAL,,0,13.33029556274414,100.99793243408203,148.00622414407937,4,True,0.659250020980835,1,0,0,0,0,0.0,0.0,0.0,0,0,nan,nan,nan,,nan,nan,nan,2,29,-,SELECT OWNER FIRST,
2026-07-09T14:37:05.894,977.895,mission_20260709_142048_manual,MANUAL,,0,13.33029556274414,100.99793243408203,148.01280844643927,4,True,0.6585000157356262,1,0,0,0,0,0.0,0.0,0.0,0,0,nan,nan,nan,,nan,nan,nan,2,29,-,SELECT OWNER FIRST,
2026-07-09T14:37:08.011,980.012,mission_20260709_142048_manual,MANUAL,,0,13.330294609069824,100.99793243408203,148.01743931469653,4,True,0.6589999794960022,1,0,0,0,0,0.0,0.0,0.0,0,0,nan,nan,nan,,nan,nan,nan,2,29,-,SELECT OWNER FIRST,
2026-07-09T14:37:10.050,982.051,mission_20260709_142048_manual,MANUAL,,0,13.330294609069824,100.99793243408203,148.01280844643927,4,True,0.6589999794960022,1,0,0,0,0,0.0,0.0,0.0,0,0,nan,nan,nan,,nan,nan,nan,2,28,-,SELECT OWNER FIRST,
2026-07-09T14:37:12.061,984.061,mission_20260709_142048_manual,MANUAL,,0,13.330293655395508,100.99793243408203,148.00980316320445,4,True,0.659500002861023,1,0,0,0,0,0.0,0.0,0.0,0,0,nan,nan,nan,,nan,nan,nan,2,28,-,SELECT OWNER FIRST,
2026-07-09T14:37:14.184,986.185,mission_20260709_142048_manual,MANUAL,,0,13.330293655395508,100.99793243408203,147.99895682280248,4,True,0.6582499742507935,1,0,0,0,0,0.0,0.0,0.0,0,0,nan,nan,nan,,nan,nan,nan,2,28,-,SELECT OWNER FIRST,
2026-07-09T14:37:16.212,988.213,mission_20260709_142048_manual,MANUAL,,0,13.330292701721191,100.99793243408203,147.99011855801646,4,True,0.6577500104904175,1,0,0,0,0,0.0,0.0,0.0,0,0,nan,nan,nan,,nan,nan,nan,2,28,-,SELECT OWNER FIRST,
2026-07-09T14:37:18.347,990.348,mission_20260709_142048_manual,MANUAL,,0,13.330291748046875,100.99793243408203,147.9859658030011,4,True,0.659250020980835,1,0,0,0,0,0.0,0.0,0.0,0,0,nan,nan,nan,,nan,nan,nan,2,29,-,SELECT OWNER FIRST,
2026-07-09T14:37:20.385,992.386,mission_20260709_142048_manual,MANUAL,,0,13.330290794372559,100.99793243408203,147.98734550121344,4,True,0.6589999794960022,1,0,0,0,0,0.0,0.0,0.0,0,0,nan,nan,nan,,nan,nan,nan,2,29,-,SELECT OWNER FIRST,
2026-07-09T14:37:22.390,994.39,mission_20260709_142048_manual,MANUAL,,0,13.330290794372559,100.99793243408203,147.9898863315847,4,True,0.659250020980835,1,0,0,0,0,0.0,0.0,0.0,0,0,nan,nan,nan,,nan,nan,nan,2,31,-,SELECT OWNER FIRST,
2026-07-09T14:37:24.413,996.413,mission_20260709_142048_manual,MANUAL,,0,13.330290794372559,100.99793243408203,147.98673078418815,4,True,0.6589999794960022,1,0,0,0,0,0.0,0.0,0.0,0,0,nan,nan,nan,,nan,nan,nan,2,31,-,SELECT OWNER FIRST,
2026-07-09T14:37:26.533,998.534,mission_20260709_142048_manual,MANUAL,,0,13.330289840698242,100.99793243408203,147.9818403687424,4,True,0.6585000157356262,1,0,0,0,0,0.0,0.0,0.0,0,0,nan,nan,nan,,nan,nan,nan,2,31,-,SELECT OWNER FIRST,
2026-07-09T14:37:28.562,1000.563,mission_20260709_142048_manual,MANUAL,,0,13.330289840698242,100.99793243408203,147.9842582557086,4,True,0.6579999923706055,1,0,0,0,0,0.0,0.0,0.0,0,0,nan,nan,nan,,nan,nan,nan,2,31,-,SELECT OWNER FIRST,
2026-07-09T14:37:30.565,1002.565,mission_20260709_142048_manual,MANUAL,,0,13.330288887023926,100.99793243408203,147.98464074630212,4,True,0.6579999923706055,1,0,0,0,0,0.0,0.0,0.0,0,0,nan,nan,nan,,nan,nan,nan,2,31,-,SELECT OWNER FIRST,
2026-07-09T14:37:32.632,1004.633,mission_20260709_142048_manual,MANUAL,,0,13.330286979675293,100.99793243408203,147.98950384099118,4,True,0.6589999794960022,1,0,0,0,0,0.0,0.0,0.0,0,0,nan,nan,nan,,nan,nan,nan,2,31,-,SELECT OWNER FIRST,
2026-07-09T14:37:34.694,1006.694,mission_20260709_142048_manual,MANUAL,,0,13.330286026000977,100.9979248046875,147.98584285959606,4,True,0.6585000157356262,1,0,0,0,0,0.0,0.0,0.0,0,0,nan,nan,nan,,nan,nan,nan,2,31,-,SELECT OWNER FIRST,
2026-07-09T14:37:36.725,1008.725,mission_20260709_142048_manual,MANUAL,,0,13.33028507232666,100.9979248046875,148.0010468606885,4,True,0.6579999923706055,1,0,0,0,0,0.0,0.0,0.0,0,0,nan,nan,nan,,nan,nan,nan,2,30,-,SELECT OWNER FIRST,
2026-07-09T14:37:38.833,1010.833,mission_20260709_142048_manual,MANUAL,,0,13.330284118652344,100.9979248046875,147.9912796901754,4,True,0.6585000157356262,1,0,0,0,0,0.0,0.0,0.0,0,0,nan,nan,nan,,nan,nan,nan,2,30,-,SELECT OWNER FIRST,
2026-07-09T14:37:40.892,1012.893,mission_20260709_142048_manual,MANUAL,,0,13.330283164978027,100.9979248046875,147.9828239159829,4,True,0.6585000157356262,1,0,0,0,0,0.0,0.0,0.0,0,0,nan,nan,nan,,nan,nan,nan,2,30,-,SELECT OWNER FIRST,
2026-07-09T14:37:43.010,1015.01,mission_20260709_142048_manual,MANUAL,,0,13.330282211303711,100.9979248046875,147.985036897274,4,True,0.659250020980835,1,0,0,0,0,0.0,0.0,0.0,0,0,nan,nan,nan,,nan,nan,nan,2,30,-,SELECT OWNER FIRST,
2026-07-09T14:37:45.063,1017.064,mission_20260709_142048_manual,MANUAL,,0,13.330281257629395,100.9979248046875,147.97640353816308,4,True,0.6577500104904175,1,0,0,0,0,0.0,0.0,0.0,0,0,nan,nan,nan,,nan,nan,nan,2,30,-,SELECT OWNER FIRST,
2026-07-09T14:37:47.149,1019.15,mission_20260709_142048_manual,MANUAL,,0,13.330281257629395,100.9979248046875,147.9805699535568,4,True,0.6585000157356262,1,0,0,0,0,0.0,0.0,0.0,0,0,nan,nan,nan,,nan,nan,nan,2,30,-,SELECT OWNER FIRST,
2026-07-09T14:37:49.208,1021.209,mission_20260709_142048_manual,MANUAL,,0,13.330280303955078,100.9979248046875,147.9876323691586,4,True,0.659250020980835,1,0,0,0,0,0.0,0.0,0.0,0,0,nan,nan,nan,,nan,nan,nan,2,30,-,SELECT OWNER FIRST,
2026-07-09T14:37:51.254,1023.255,mission_20260709_142048_manual,MANUAL,,0,13.330280303955078,100.9979248046875,147.97857553831915,4,True,0.6572499871253967,1,0,0,0,0,0.0,0.0,0.0,0,0,nan,nan,nan,,nan,nan,nan,2,30,-,SELECT OWNER FIRST,
2026-07-09T14:37:53.255,1025.255,mission_20260709_142048_manual,MANUAL,,0,13.330280303955078,100.9979248046875,147.97613033059628,4,True,0.6577500104904175,1,0,0,0,0,0.0,0.0,0.0,0,0,nan,nan,nan,,nan,nan,nan,2,30,-,SELECT OWNER FIRST,
2026-07-09T14:37:55.321,1027.321,mission_20260709_142048_manual,MANUAL,,0,13.330280303955078,100.9979248046875,147.97147214158235,4,True,0.6589999794960022,1,0,0,0,0,0.0,0.0,0.0,0,0,nan,nan,nan,,nan,nan,nan,2,30,-,SELECT OWNER FIRST,
2026-07-09T14:37:57.385,1029.386,mission_20260709_142048_manual,MANUAL,,0,13.330281257629395,100.9979248046875,147.97716851935013,4,True,0.6579999923706055,1,0,0,0,0,0.0,0.0,0.0,0,0,nan,nan,nan,,nan,nan,nan,2,30,-,SELECT OWNER FIRST,
2026-07-09T14:37:59.400,1031.401,mission_20260709_142048_manual,MANUAL,,0,13.330282211303711,100.9979248046875,147.99133433168873,4,True,0.659250020980835,1,0,0,0,0,0.0,0.0,0.0,0,0,nan,nan,nan,,nan,nan,nan,2,30,-,SELECT OWNER FIRST,
2026-07-09T14:38:01.551,1033.552,mission_20260709_142048_manual,MANUAL,,0,13.330282211303711,100.9979248046875,147.99291893557617,4,True,0.6579999923706055,1,0,0,0,0,0.0,0.0,0.0,0,0,nan,nan,nan,,nan,nan,nan,2,30,-,SELECT OWNER FIRST,
2026-07-09T14:38:03.653,1035.654,mission_20260709_142048_manual,MANUAL,,0,13.330282211303711,100.9979248046875,147.99748150194176,4,True,0.6585000157356262,1,0,0,0,0,0.0,0.0,0.0,0,0,nan,nan,nan,,nan,nan,nan,2,29,-,SELECT OWNER FIRST,
2026-07-09T14:38:05.724,1037.725,mission_20260709_142048_manual,MANUAL,,0,13.330282211303711,100.9979248046875,147.99607448297272,4,True,0.659250020980835,1,0,0,0,0,0.0,0.0,0.0,0,0,nan,nan,nan,,nan,nan,nan,2,29,-,SELECT OWNER FIRST,
2026-07-09T14:38:07.823,1039.823,mission_20260709_142048_manual,MANUAL,,0,13.330282211303711,100.9979248046875,148.00230361549578,4,True,0.6585000157356262,1,0,0,0,0,0.0,0.0,0.0,0,0,nan,nan,nan,,nan,nan,nan,2,29,-,SELECT OWNER FIRST,
2026-07-09T14:38:09.898,1041.899,mission_20260709_142048_manual,MANUAL,,0,13.330283164978027,100.9979248046875,148.00677055921298,4,True,0.6585000157356262,1,0,0,0,0,0.0,0.0,0.0,0,0,nan,nan,nan,,nan,nan,nan,2,29,-,SELECT OWNER FIRST,
2026-07-09T14:38:12.040,1044.041,mission_20260709_142048_manual,MANUAL,,0,13.330283164978027,100.99793243408203,147.99785033215693,4,True,0.6582499742507935,1,0,0,0,0,0.0,0.0,0.0,0,0,nan,nan,nan,,nan,nan,nan,2,29,-,SELECT OWNER FIRST,
2026-07-09T14:38:14.169,1046.17,mission_20260709_142048_manual,MANUAL,,0,13.330283164978027,100.99793243408203,148.0024128985225,4,True,0.6587499976158142,1,0,0,0,0,0.0,0.0,0.0,0,0,nan,nan,nan,,nan,nan,nan,2,29,-,SELECT OWNER FIRST,
2026-07-09T14:38:16.308,1048.309,mission_20260709_142048_manual,MANUAL,,0,13.330284118652344,100.99793243408203,148.01290406908763,4,True,0.6587499976158142,1,0,0,0,0,0.0,0.0,0.0,0,0,nan,nan,nan,,nan,nan,nan,2,29,-,SELECT OWNER FIRST,
2026-07-09T14:38:18.442,1050.443,mission_20260709_142048_manual,MANUAL,,0,13.33028507232666,100.99793243408203,148.020430937553,4,True,0.6579999923706055,1,0,0,0,0,0.0,0.0,0.0,0,0,nan,nan,nan,,nan,nan,nan,2,29,-,SELECT OWNER FIRST,
2026-07-09T14:38:20.537,1052.537,mission_20260709_142048_manual,MANUAL,,0,13.33028507232666,100.99793243408203,148.032042259142,4,True,0.659250020980835,1,0,0,0,0,0.0,0.0,0.0,0,0,nan,nan,nan,,nan,nan,nan,2,29,-,SELECT OWNER FIRST,
2026-07-09T14:38:22.628,1054.628,mission_20260709_142048_manual,MANUAL,,0,13.33028507232666,100.99793243408203,148.0249661831619,4,True,0.6582499742507935,1,0,0,0,0,0.0,0.0,0.0,0,0,nan,nan,nan,,nan,nan,nan,2,29,-,SELECT OWNER FIRST,
2026-07-09T14:38:24.772,1056.773,mission_20260709_142048_manual,MANUAL,,0,13.33028507232666,100.99793243408203,148.02932384385235,4,True,0.6587499976158142,1,0,0,0,0,0.0,0.0,0.0,0,0,nan,nan,nan,,nan,nan,nan,2,28,-,SELECT OWNER FIRST,
2026-07-09T14:38:26.917,1058.918,mission_20260709_142048_manual,MANUAL,,0,13.33028507232666,100.99793243408203,148.02902331552886,4,True,0.659250020980835,1,0,0,0,0,0.0,0.0,0.0,0,0,nan,nan,nan,,nan,nan,nan,2,28,-,SELECT OWNER FIRST,
2026-07-09T14:38:29.043,1061.044,mission_20260709_142048_manual,MANUAL,,0,13.33028507232666,100.99793243408203,148.04068927863125,4,True,0.659500002861023,1,0,0,0,0,0.0,0.0,0.0,0,0,nan,nan,nan,,nan,nan,nan,2,30,-,SELECT OWNER FIRST,
2026-07-09T14:38:31.159,1063.16,mission_20260709_142048_manual,MANUAL,,0,13.33028507232666,100.99793243408203,148.04560701483365,4,True,0.6587499976158142,1,0,0,0,0,0.0,0.0,0.0,0,0,nan,nan,nan,,nan,nan,nan,2,29,-,SELECT OWNER FIRST,
2026-07-09T14:38:33.165,1065.165,mission_20260709_142048_manual,MANUAL,,0,13.33028507232666,100.99793243408203,148.03560761788876,4,True,0.6589999794960022,1,0,0,0,0,0.0,0.0,0.0,0,0,nan,nan,nan,,nan,nan,nan,2,28,-,SELECT OWNER FIRST,
2026-07-09T14:38:35.293,1067.294,mission_20260709_142048_manual,MANUAL,,0,13.330286026000977,100.99793243408203,148.0309767496315,4,True,0.6585000157356262,1,0,0,0,0,0.0,0.0,0.0,0,0,nan,nan,nan,,nan,nan,nan,2,29,-,SELECT OWNER FIRST,
2026-07-09T14:38:37.420,1069.421,mission_20260709_142048_manual,MANUAL,,0,13.330286026000977,100.99793243408203,148.0283812777469,4,True,0.6597499847412109,1,0,0,0,0,0.0,0.0,0.0,0,0,nan,nan,nan,,nan,nan,nan,2,29,-,SELECT OWNER FIRST,
2026-07-09T14:38:39.550,1071.551,mission_20260709_142048_manual,MANUAL,,0,13.33028793334961,100.99793243408203,148.03858558036688,4,True,0.6585000157356262,1,0,0,0,0,0.0,0.0,0.0,0,0,nan,nan,nan,,nan,nan,nan,2,30,-,SELECT OWNER FIRST,
2026-07-09T14:38:41.671,1073.671,mission_20260709_142048_manual,MANUAL,,0,13.330289840698242,100.99793243408203,148.06474520488803,4,True,0.659500002861023,1,0,0,0,0,0.0,0.0,0.0,0,0,nan,nan,nan,,nan,nan,nan,2,29,-,SELECT OWNER FIRST,
2026-07-09T14:38:43.771,1075.771,mission_20260709_142048_manual,MANUAL,,0,13.330290794372559,100.99793243408203,148.09207962194643,4,True,0.6589999794960022,1,0,0,0,0,0.0,0.0,0.0,0,0,nan,nan,nan,,nan,nan,nan,2,29,-,SELECT OWNER FIRST,
2026-07-09T14:38:45.907,1077.907,mission_20260709_142048_manual,MANUAL,,0,13.330290794372559,100.99793243408203,148.12965932275984,4,True,0.659250020980835,1,0,0,0,0,0.0,0.0,0.0,0,0,nan,nan,nan,,nan,nan,nan,2,29,-,SELECT OWNER FIRST,
2026-07-09T14:38:48.015,1080.015,mission_20260709_142048_manual,MANUAL,,0,13.330291748046875,100.99793243408203,148.15229456966927,4,True,0.6589999794960022,1,0,0,0,0,0.0,0.0,0.0,0,0,nan,nan,nan,,nan,nan,nan,2,29,-,SELECT OWNER FIRST,
2026-07-09T14:38:50.018,1082.018,mission_20260709_142048_manual,MANUAL,,0,13.330292701721191,100.99793243408203,148.15435728679861,4,True,0.6582499742507935,1,0,0,0,0,0.0,0.0,0.0,0,0,nan,nan,nan,,nan,nan,nan,2,29,-,SELECT OWNER FIRST,
2026-07-09T14:38:52.149,1084.15,mission_20260709_142048_manual,MANUAL,,0,13.330293655395508,100.99793243408203,148.17997049618614,4,True,0.6585000157356262,1,0,0,0,0,0.0,0.0,0.0,0,0,nan,nan,nan,,nan,nan,nan,2,29,-,SELECT OWNER FIRST,
2026-07-09T14:38:54.236,1086.237,mission_20260709_142048_manual,MANUAL,,0,13.330293655395508,100.99793243408203,148.20017419575106,4,True,0.6589999794960022,1,0,0,0,0,0.0,0.0,0.0,0,0,nan,nan,nan,,nan,nan,nan,2,29,-,SELECT OWNER FIRST,
2026-07-09T14:38:56.366,1088.367,mission_20260709_142048_manual,MANUAL,,0,13.33029556274414,100.99793243408203,148.2162661214356,4,True,0.659500002861023,1,0,0,0,0,0.0,0.0,0.0,0,0,nan,nan,nan,,nan,nan,nan,2,30,-,SELECT OWNER FIRST,
2026-07-09T14:38:58.455,1090.455,mission_20260709_142048_manual,MANUAL,,0,13.330296516418457,100.99793243408203,148.22785012226794,4,True,0.6585000157356262,1,0,0,0,0,0.0,0.0,0.0,0,0,nan,nan,nan,,nan,nan,nan,2,30,-,SELECT OWNER FIRST,
2026-07-09T14:39:00.550,1092.551,mission_20260709_142048_manual,MANUAL,,0,13.330297470092773,100.99793243408203,148.22558249946348,4,True,0.6589999794960022,1,0,0,0,0,0.0,0.0,0.0,0,0,nan,nan,nan,,nan,nan,nan,2,30,-,SELECT OWNER FIRST,
2026-07-09T14:39:02.681,1094.682,mission_20260709_142048_manual,MANUAL,,0,13.33029842376709,100.99793243408203,148.23720748143086,4,True,0.6575000286102295,1,0,0,0,0,0.0,0.0,0.0,0,0,nan,nan,nan,,nan,nan,nan,2,30,-,SELECT OWNER FIRST,
2026-07-09T14:39:04.766,1096.766,mission_20260709_142048_manual,MANUAL,,0,13.33029842376709,100.99793243408203,148.24157880249967,4,True,0.659250020980835,1,0,0,0,0,0.0,0.0,0.0,0,0,nan,nan,nan,,nan,nan,nan,2,29,-,SELECT OWNER FIRST,
2026-07-09T14:39:06.893,1098.893,mission_20260709_142048_manual,MANUAL,,0,13.330299377441406,100.99793243408203,148.2573838602391,4,True,0.659500002861023,1,0,0,0,0,0.0,0.0,0.0,0,0,nan,nan,nan,,nan,nan,nan,2,28,-,SELECT OWNER FIRST,
2026-07-09T14:39:08.987,1100.988,mission_20260709_142048_manual,MANUAL,,0,13.330299377441406,100.99793243408203,148.26187812471295,4,True,0.6572499871253967,1,0,0,0,0,0.0,0.0,0.0,0,0,nan,nan,nan,,nan,nan,nan,2,28,-,SELECT OWNER FIRST,
2026-07-09T14:39:10.994,1102.994,mission_20260709_142048_manual,MANUAL,,0,13.330300331115723,100.99793243408203,148.24566325562333,4,True,0.6582499742507935,1,0,0,0,0,0.0,0.0,0.0,0,0,nan,nan,nan,,nan,nan,nan,2,29,-,SELECT OWNER FIRST,
2026-07-09T14:39:13.065,1105.065,mission_20260709_142048_manual,MANUAL,,0,13.330299377441406,100.99793243408203,148.2287517072384,4,True,0.6587499976158142,1,0,0,0,0,0.0,0.0,0.0,0,0,nan,nan,nan,,nan,nan,nan,2,29,-,SELECT OWNER FIRST,
2026-07-09T14:39:15.184,1107.185,mission_20260709_142048_manual,MANUAL,,0,13.330299377441406,100.99793243408203,148.20439525265812,4,True,0.6577500104904175,1,0,0,0,0,0.0,0.0,0.0,0,0,nan,nan,nan,,nan,nan,nan,2,29,-,SELECT OWNER FIRST,
2026-07-09T14:39:17.322,1109.323,mission_20260709_142048_manual,MANUAL,,0,13.330300331115723,100.99793243408203,148.20779668686478,4,True,0.6589999794960022,1,0,0,0,0,0.0,0.0,0.0,0,0,nan,nan,nan,,nan,nan,nan,2,29,-,SELECT OWNER FIRST,
2026-07-09T14:39:19.384,1111.385,mission_20260709_142048_manual,MANUAL,,0,13.330300331115723,100.99793243408203,148.20404008282128,4,True,0.6579999923706055,1,0,0,0,0,0.0,0.0,0.0,0,0,nan,nan,nan,,nan,nan,nan,2,28,-,SELECT OWNER FIRST,
2026-07-09T14:39:21.423,1113.423,mission_20260709_142048_manual,MANUAL,,0,13.330301284790039,100.99793243408203,148.19304347825755,4,True,0.6577500104904175,1,0,0,0,0,0.0,0.0,0.0,0,0,nan,nan,nan,,nan,nan,nan,2,29,-,SELECT OWNER FIRST,
2026-07-09T14:39:23.530,1115.531,mission_20260709_142048_manual,MANUAL,,0,13.330301284790039,100.99793243408203,148.17752528846327,4,True,0.6597499847412109,1,0,0,0,0,0.0,0.0,0.0,0,0,nan,nan,nan,,nan,nan,nan,2,28,-,SELECT OWNER FIRST,
2026-07-09T14:39:25.563,1117.564,mission_20260709_142048_manual,MANUAL,,0,13.330302238464355,100.99793243408203,148.175626495874,4,True,0.659500002861023,1,0,0,0,0,0.0,0.0,0.0,0,0,nan,nan,nan,,nan,nan,nan,2,28,-,SELECT OWNER FIRST,
2026-07-09T14:39:27.596,1119.596,mission_20260709_142048_manual,MANUAL,,0,13.330303192138672,100.99793243408203,148.17721109976148,4,True,0.6582499742507935,1,0,0,0,0,0.0,0.0,0.0,0,0,nan,nan,nan,,nan,nan,nan,2,27,-,SELECT OWNER FIRST,
2026-07-09T14:39:29.705,1121.705,mission_20260709_142048_manual,MANUAL,,0,13.330304145812988,100.99793243408203,148.17464294863353,4,True,0.6587499976158142,1,0,0,0,0,0.0,0.0,0.0,0,0,nan,nan,nan,,nan,nan,nan,2,27,-,SELECT OWNER FIRST,
2026-07-09T14:39:31.803,1123.803,mission_20260709_142048_manual,MANUAL,,0,13.330304145812988,100.99793243408203,148.15452121133868,4,True,0.6589999794960022,1,0,0,0,0,0.0,0.0,0.0,0,0,nan,nan,nan,,nan,nan,nan,2,27,-,SELECT OWNER FIRST,
2026-07-09T14:39:33.865,1125.866,mission_20260709_142048_manual,MANUAL,,0,13.330304145812988,100.99794006347656,148.13730913463024,4,True,0.659250020980835,1,0,0,0,0,0.0,0.0,0.0,0,0,nan,nan,nan,,nan,nan,nan,2,27,-,SELECT OWNER FIRST,
2026-07-09T14:39:35.965,1127.965,mission_20260709_142048_manual,MANUAL,,0,13.330304145812988,100.99794006347656,148.13077947378372,4,True,0.659500002861023,1,0,0,0,0,0.0,0.0,0.0,0,0,nan,nan,nan,,nan,nan,nan,2,27,-,SELECT OWNER FIRST,
2026-07-09T14:39:37.989,1129.99,mission_20260709_142048_manual,MANUAL,,0,13.330304145812988,100.99794006347656,148.12580709606794,4,True,0.659500002861023,1,0,0,0,0,0.0,0.0,0.0,0,0,nan,nan,nan,,nan,nan,nan,2,28,-,SELECT OWNER FIRST,
